Time,Open,High,Low,Close,Volume
2012-03-26,73.199997,73.800003,73.019997,73.199997,176897.0
2012-03-27,73.779999,73.779999,73.199997,73.779999,289559.0
2012-03-28,73.220001,74.099998,73.040001,73.220001,83358.0
2012-03-29,73.0,73.5,73.0,73.0,63822.0
2012-03-30,73.0,76.0,73.0,73.0,772466.0
2012-04-02,72.860001,73.0,72.199997,72.860001,3271.0
2012-04-03,68.5,73.0,68.5,68.5,500453.0
2012-04-04,67.639999,69.879997,66.5,67.639999,314888.0
2012-04-05,67.459999,68.0,67.300003,67.459999,146345.0
2012-04-06,66.980003,68.279999,66.980003,66.980003,167767.0
2012-04-09,67.5,68.360001,67.040001,67.5,48617.0
2012-04-13,62.98,65.0,62.040001,62.98,209200.0
2012-04-16,62.139999,63.0,62.139999,62.139999,20343.0
2012-04-17,63.700001,64.800003,62.5,63.700001,208264.0
2012-04-18,65.5,65.5,64.019997,65.5,149378.0
2012-04-19,63.98,65.879997,63.98,63.98,24662.0
2012-04-20,63.0,65.199997,63.0,63.0,42315.0
2012-04-23,64.199997,64.199997,63.0,64.199997,54736.0
2012-04-24,63.5,64.059998,63.200001,63.5,29199.0
2012-04-25,63.5,64.0,63.5,63.5,14608.0
2012-04-26,64.0,64.0,63.5,64.0,9183.0
2012-04-27,62.34,64.0,62.34,62.34,43055.0
2012-04-30,62.400002,62.900002,61.040001,62.400002,69665.0
2012-05-02,63.0,63.0,61.799999,63.0,100802.0
2012-05-03,64.0,64.379997,62.400002,64.0,110776.0
2012-05-04,64.5,64.5,63.599998,64.5,94613.0
2012-05-07,65.0,65.0,63.82,65.0,38191.0
2012-05-08,65.099998,65.480003,64.5,65.099998,54137.0
2012-05-09,64.480003,65.0,64.059998,64.480003,23342.0
2012-05-10,63.5,64.5,63.5,63.5,14565.0
2012-05-11,64.800003,64.800003,62.540001,64.800003,33254.0
2012-05-14,63.099998,64.800003,63.099998,63.099998,58837.0
2012-05-15,63.900002,63.900002,62.0,63.900002,168207.0
2012-05-16,63.0,63.299999,62.02,63.0,67355.0
2012-05-17,62.0,62.400002,61.799999,62.0,129249.0
2012-05-18,63.0,63.0,62.02,63.0,27287.0
2012-05-21,62.200001,63.48,62.040001,62.200001,18146.0
2012-05-22,62.200001,63.0,62.0,62.200001,37794.0
2012-05-23,65.0,65.400002,62.200001,65.0,133815.0
2012-05-24,64.980003,65.839996,64.199997,64.980003,132348.0
2012-05-25,65.419998,65.900002,63.200001,65.419998,93230.0
2012-05-28,65.959999,65.959999,65.0,65.959999,104346.0
2012-05-29,67.019997,67.5,65.599998,67.019997,128865.0
2012-05-30,66.959999,67.0,65.0,66.959999,104244.0
2012-05-31,68.980003,68.980003,66.360001,68.980003,361926.0
2012-06-01,67.0,68.5,67.0,67.0,57078.0
2012-06-04,64.860001,67.5,64.660004,64.860001,41158.0
2012-06-05,64.099998,66.0,64.059998,64.099998,99694.0
2012-06-06,64.5,65.940002,64.0,64.5,69707.0
2012-06-07,65.5,65.5,64.5,65.5,88404.0
2012-06-08,66.5,66.5,64.519997,66.5,91379.0
2012-06-11,66.639999,66.639999,65.0,66.639999,17869.0
2012-06-12,69.0,69.0,66.0,69.0,266462.0
2012-06-13,67.5,69.0,67.0,67.5,202758.0
2012-06-14,68.900002,68.900002,67.019997,68.900002,55296.0
2012-06-15,67.199997,68.959999,67.199997,67.199997,92988.0
2012-06-18,68.879997,68.879997,66.68,68.879997,45693.0
2012-06-19,68.0,69.0,68.0,68.0,171355.0
2012-06-20,68.480003,68.480003,67.220001,68.480003,37509.0
2012-06-21,68.800003,68.800003,68.440002,68.800003,88016.0
2012-06-22,68.480003,68.5,67.620003,68.480003,24318.0
2012-06-25,66.5,67.599998,66.5,66.5,44978.0
2012-06-26,63.740002,66.519997,63.740002,63.740002,117167.0
2012-06-27,66.699997,66.699997,64.620003,66.699997,59289.0
2012-06-28,68.5,68.5,66.0,68.5,97087.0
2012-06-29,67.0,68.199997,66.599998,67.0,502672.0
2012-07-02,67.900002,67.900002,66.199997,67.900002,20573.0
2012-07-03,68.5,68.5,67.300003,68.5,57218.0
2012-07-04,67.0,68.5,66.720001,67.0,107443.0
2012-07-05,68.0,68.5,67.040001,68.0,56474.0
2012-07-06,68.5,68.5,64.5,68.5,54612.0
2012-07-09,67.0,68.279999,67.0,67.0,41934.0
2012-07-10,68.0,68.0,67.0,68.0,54391.0
2012-07-11,68.139999,68.279999,67.599998,68.139999,19758.0
2012-07-12,68.0,68.0,66.699997,68.0,40299.0
2012-07-13,66.800003,68.0,66.800003,66.800003,51223.0
2012-07-16,68.0,68.0,66.699997,68.0,25096.0
2012-07-17,68.599998,69.0,67.0,68.599998,278564.0
2012-07-18,68.599998,68.599998,67.220001,68.599998,76891.0
2012-07-19,68.5,68.800003,67.279999,68.5,41973.0
2012-07-20,68.699997,68.699997,67.300003,68.699997,60427.0
2012-07-23,68.5,68.879997,67.5,68.5,38228.0
2012-07-24,68.0,68.199997,67.639999,68.0,122338.0
2012-07-25,68.0,68.0,67.599998,68.0,63501.0
2012-07-26,68.0,68.0,67.699997,68.0,26410.0
2012-07-27,68.120003,68.120003,67.5,68.120003,23570.0
2012-07-31,69.0,69.0,68.0,69.0,109949.0
2012-08-01,69.0,69.0,68.239998,69.0,86468.0
2012-08-02,69.400002,69.5,68.519997,69.400002,77360.0
2012-08-03,69.0,69.360001,68.5,69.0,76560.0
2012-08-06,69.480003,69.5,68.5,69.480003,48400.0
2012-08-07,69.339996,69.879997,69.0,69.339996,152401.0
2012-08-08,69.5,69.5,69.160004,69.5,124195.0
2012-08-09,69.0,69.5,68.5,69.0,58522.0
2012-08-10,69.5,69.5,68.0,69.5,140289.0
2012-08-13,68.5,68.5,67.620003,68.5,84018.0
2012-08-15,68.5,68.5,68.0,68.5,64818.0
2012-08-16,68.480003,68.480003,67.699997,68.480003,28373.0
2012-08-17,68.5,68.5,67.199997,68.5,35864.0
2012-08-22,68.5,68.68,68.099998,68.5,30288.0
2012-08-23,68.879997,68.959999,68.5,68.879997,30058.0
2012-08-24,70.0,70.0,68.5,70.0,36778.0
2012-08-27,70.0,70.5,69.160004,70.0,78862.0
2012-08-28,70.419998,70.480003,69.720001,70.419998,19033.0
2012-08-29,70.459999,70.5,70.019997,70.459999,32127.0
2012-08-30,71.0,71.0,70.32,71.0,200624.0
2012-08-31,71.980003,71.980003,71.160004,71.980003,90685.0
2012-09-03,72.919998,73.0,71.0,72.919998,86657.0
2012-09-04,72.900002,72.959999,71.800003,72.900002,42001.0
2012-09-05,72.0,72.800003,71.5,72.0,48749.0
2012-09-06,72.0,72.400002,71.5,72.0,40588.0
2012-09-07,71.099998,72.0,70.32,71.099998,26186.0
2012-09-10,70.0,71.400002,68.5,70.0,101773.0
2012-09-11,69.5,70.480003,68.720001,69.5,76680.0
2012-09-12,70.0,70.0,68.519997,70.0,16369.0
2012-09-13,69.900002,70.400002,68.620003,69.900002,5980.0
2012-09-14,70.800003,70.800003,69.900002,70.800003,47586.0
2012-09-17,68.0,70.940002,68.0,68.0,13453.0
2012-09-18,68.199997,70.480003,68.199997,68.199997,119704.0
2012-09-19,68.300003,69.0,65.18,68.300003,241031.0
2012-09-20,67.480003,68.199997,67.019997,67.480003,87165.0
2012-09-21,65.040001,68.199997,63.68,65.040001,1121563.0
2012-09-24,65.5,65.5,63.68,65.5,283181.0
2012-09-25,65.019997,65.900002,64.519997,65.019997,441171.0
2012-09-26,65.980003,66.800003,65.0,65.980003,5502.0
2012-09-27,66.099998,66.5,65.5,66.099998,69892.0
2012-09-28,64.0,66.800003,64.0,64.0,235423.0
2012-10-01,64.0,65.0,62.599998,64.0,50789.0
2012-10-02,62.040001,63.48,62.040001,62.040001,378641.0
2012-10-03,63.0,63.48,62.119999,63.0,374457.0
2012-10-04,63.48,63.48,62.52,63.48,86760.0
2012-10-05,60.0,64.0,60.0,60.0,248612.0
2012-10-08,61.959999,62.0,60.5,61.959999,93733.0
2012-10-09,61.200001,61.959999,61.139999,61.200001,59871.0
2012-10-10,61.0,61.299999,60.740002,61.0,19451.0
2012-10-11,60.099998,61.099998,60.099998,60.099998,102601.0
2012-10-12,60.0,60.880001,58.599998,60.0,135622.0
2012-10-15,59.0,60.98,59.0,59.0,91294.0
2012-10-16,59.099998,60.0,59.099998,59.099998,54175.0
2012-10-17,59.0,59.900002,58.5,59.0,163693.0
2012-10-18,59.0,59.0,58.279999,59.0,42560.0
2012-10-19,59.0,60.880001,58.400002,59.0,71138.0
2012-10-22,60.0,61.98,59.02,60.0,200460.0
2012-10-23,60.139999,60.98,59.200001,60.139999,60695.0
2012-10-24,61.0,61.400002,60.16,61.0,101595.0
2012-10-25,62.0,63.5,61.400002,62.0,152982.0
2012-10-29,61.5,63.5,60.98,61.5,64854.0
2012-10-30,61.299999,61.779999,60.439999,61.299999,188362.0
2012-10-31,62.0,63.0,61.299999,62.0,161509.0
2012-11-01,62.0,62.900002,61.119999,62.0,424490.0
2012-11-02,63.0,63.0,61.0,63.0,26690.0
2012-11-05,63.700001,64.0,62.099998,63.700001,31065.0
2012-11-07,64.900002,65.699997,64.400002,64.900002,98015.0
2012-11-08,64.900002,65.860001,63.639999,64.900002,160152.0
2012-11-09,64.800003,65.199997,64.220001,64.800003,48408.0
2012-11-12,64.980003,65.0,64.0,64.980003,51792.0
2012-11-13,65.0,65.0,64.160004,65.0,85665.0
2012-11-14,65.0,65.260002,64.120003,65.0,3707.0
2012-11-15,66.0,66.0,65.0,66.0,73864.0
2012-11-19,66.5,67.419998,66.0,66.5,110559.0
2012-11-20,64.919998,67.0,64.199997,64.919998,99354.0
2012-11-21,65.0,65.0,64.019997,65.0,144871.0
2012-11-22,64.599998,65.959999,64.300003,64.599998,40231.0
2012-11-23,66.5,66.5,64.239998,66.5,26601.0
2012-11-26,65.5,65.800003,64.5,65.5,101859.0
2012-11-27,65.699997,65.699997,64.559998,65.699997,79762.0
2012-11-28,66.0,66.0,64.800003,66.0,83907.0
2012-11-29,64.32,65.099998,64.220001,64.32,107437.0
2012-11-30,64.940002,64.940002,64.099998,64.940002,351133.0
2012-12-03,64.0,64.160004,64.0,64.0,32863.0
2012-12-04,65.0,65.0,64.0,65.0,31350.0
2012-12-05,65.919998,65.919998,64.5,65.919998,12216.0
2012-12-06,66.0,66.239998,64.32,66.0,31765.0
2012-12-07,65.900002,65.900002,64.900002,65.900002,11360.0
2012-12-10,66.0,66.0,65.099998,66.0,194346.0
2012-12-11,66.0,66.0,65.199997,66.0,69591.0
2012-12-12,64.099998,65.120003,64.099998,64.099998,160627.0
2012-12-13,63.0,64.0,63.0,63.0,254229.0
2012-12-14,63.0,64.0,62.700001,63.0,52178.0
2012-12-17,65.0,65.0,63.0,65.0,93901.0
2012-12-18,65.0,65.699997,65.0,65.0,63722.0
2012-12-19,65.400002,65.400002,64.599998,65.400002,226830.0
2012-12-20,65.639999,65.639999,64.639999,65.639999,121984.0
2012-12-21,65.0,65.5,64.0,65.0,151048.0
2012-12-24,64.0,65.0,64.0,64.0,213526.0
2012-12-25,64.5,64.5,62.139999,64.5,15003.0
2012-12-26,62.299999,64.0,62.299999,62.299999,374451.0
2012-12-27,64.0,64.0,62.220001,64.0,742729.0
2012-12-28,63.900002,63.98,63.0,63.900002,64616.0
2012-12-31,63.0,64.5,62.560001,63.0,531177.0
2013-01-02,62.5,64.0,62.5,62.5,41971.0
2013-01-03,61.0,62.5,61.0,61.0,57533.0
2013-01-04,60.0,62.0,60.0,60.0,118288.0
2013-01-07,59.5,60.98,58.880001,59.5,105302.0
2013-01-08,61.5,61.5,59.5,61.5,75547.0
2013-01-09,62.0,62.779999,61.200001,62.0,97608.0
2013-01-10,60.900002,62.98,59.5,60.900002,241986.0
2013-01-14,60.040001,60.84,60.0,60.040001,281603.0
2013-01-15,59.959999,60.0,59.5,59.959999,242730.0
2013-01-16,58.799999,60.599998,58.02,58.799999,137406.0
2013-01-17,59.220001,60.0,58.900002,59.220001,72268.0
2013-01-18,60.0,60.0,59.0,60.0,154184.0
2013-01-21,60.0,60.439999,59.52,60.0,113941.0
2013-01-22,59.5,59.98,59.119999,59.5,64162.0
2013-01-23,59.0,59.759998,59.0,59.0,118824.0
2013-01-28,60.0,60.0,59.0,60.0,210805.0
2013-01-29,62.0,63.0,59.5,62.0,261294.0
2013-01-30,62.0,62.5,60.34,62.0,35982.0
2013-01-31,61.0,62.5,60.360001,61.0,28251.0
2013-02-01,59.0,61.0,59.0,59.0,22198.0
2013-02-04,60.0,60.5,59.02,60.0,44509.0
2013-02-05,61.299999,61.299999,60.0,61.299999,72678.0
2013-02-06,61.400002,61.799999,61.099998,61.400002,139693.0
2013-02-07,61.299999,61.5,61.099998,61.299999,40148.0
2013-02-08,61.439999,61.459999,61.0,61.439999,67453.0
2013-02-11,61.439999,61.439999,59.700001,61.439999,9780.0
2013-02-12,61.0,61.0,59.599998,61.0,278657.0
2013-02-13,61.0,61.0,59.880001,61.0,306239.0
2013-02-14,60.5,61.0,60.029999,60.5,58566.0
2013-02-15,60.0,60.799999,60.0,60.0,83843.0
2013-02-18,60.0,60.0,59.799999,60.0,43827.0
2013-02-19,59.98,60.599998,59.5,59.98,86895.0
2013-02-20,60.0,60.59,59.599998,60.0,170713.0
2013-02-21,60.0,60.5,59.5,60.0,87276.0
2013-02-22,59.599998,60.25,59.599998,60.119999,54309.0
2013-02-25,60.099998,60.490002,59.900002,60.389999,18527.0
2013-02-26,60.400002,60.400002,59.02,59.02,43974.0
2013-02-27,59.5,60.380001,59.5,60.200001,49812.0
2013-02-28,59.73,60.5,59.529999,60.5,99513.0
2013-03-01,60.0,60.099998,59.619999,60.02,94344.0
2013-03-04,59.5,60.5,59.5,60.5,23234.0
2013-03-05,60.040001,61.0,60.040001,60.990002,225650.0
2013-03-06,60.990002,61.490002,60.990002,61.490002,29181.0
2013-03-07,61.490002,61.490002,60.330002,61.0,7755.0
2013-03-08,61.0,61.0,60.349998,61.0,96570.0
2013-03-11,60.349998,60.5,59.799999,59.799999,24775.0
2013-03-12,60.349998,61.0,60.0,60.0,172071.0
2013-03-13,60.0,60.950001,60.0,60.799999,33245.0
2013-03-14,59.52,60.0,59.099998,59.099998,36483.0
2013-03-15,59.119999,62.0,59.099998,62.0,313163.0
2013-03-18,60.599998,60.599998,59.220001,59.93,10391.0
2013-03-19,59.5,60.0,59.5,60.0,97781.0
2013-03-20,59.709999,60.0,59.709999,59.98,109092.0
2013-03-21,60.0,60.0,59.610001,59.75,59725.0
2013-03-22,59.75,59.98,59.700001,59.98,37557.0
2013-03-25,59.990002,59.990002,59.639999,59.98,27386.0
2013-03-26,60.0,60.0,59.68,59.720001,325314.0
2013-03-27,59.0,59.0,58.0,59.0,142057.0
2013-03-28,58.599998,59.099998,58.02,59.099998,79740.0
2013-03-29,58.700001,59.18,58.700001,59.18,18007.0
2013-04-01,59.18,59.18,58.5,59.0,28766.0
2013-04-02,59.169998,59.18,58.509998,59.18,35654.0
2013-04-03,59.299999,59.299999,58.650002,59.0,43468.0
2013-04-04,58.700001,59.0,58.610001,58.610001,62352.0
2013-04-05,58.610001,59.299999,58.5,59.0,26539.0
2013-04-08,59.299999,59.849998,59.009998,59.799999,105083.0
2013-04-09,59.889999,60.200001,59.119999,60.0,222800.0
2013-04-10,60.200001,60.599998,59.700001,60.490002,97855.0
2013-04-11,60.0,60.470001,60.0,60.470001,30934.0
2013-04-12,59.700001,60.02,59.700001,60.0,45629.0
2013-04-15,59.610001,60.0,59.099998,59.419998,123361.0
2013-04-16,59.400002,59.52,59.16,59.16,43322.0
2013-04-17,59.200001,59.5,59.200001,59.220001,69802.0
2013-04-18,59.049999,59.189999,58.77,59.0,60640.0
2013-04-19,58.82,58.82,58.450001,58.5,19273.0
2013-04-22,58.5,59.689999,58.099998,59.689999,359216.0
2013-04-23,59.5,59.5,58.0,58.0,8993.0
2013-04-24,58.099998,58.970001,58.0,58.900002,20288.0
2013-04-25,58.099998,58.950001,58.099998,58.950001,62104.0
2013-04-26,58.099998,58.310001,57.200001,57.200001,40310.0
2013-04-29,57.200001,57.5,55.049999,56.0,122328.0
2013-04-30,57.0,57.0,54.02,55.040001,163027.0
2013-05-02,55.0,57.0,55.0,56.0,82763.0
2013-05-03,56.900002,56.900002,56.0,56.080002,96548.0
2013-05-06,57.349998,57.349998,57.200001,57.200001,15506.0
2013-05-07,56.150002,57.18,56.150002,57.0,14588.0
2013-05-08,57.0,57.0,56.099998,56.959999,2590.0
2013-05-09,56.900002,56.900002,55.400002,55.880001,18581.0
2013-05-10,55.299999,55.799999,54.720001,54.799999,100306.0
2013-05-13,55.799999,55.900002,54.5,54.5,38262.0
2013-05-14,55.5,55.5,53.5,53.5,50528.0
2013-05-15,53.5,54.0,53.060001,53.060001,38849.0
2013-05-16,53.990002,54.25,53.5,53.900002,91054.0
2013-05-17,53.900002,54.25,50.669998,50.669998,535216.0
2013-05-20,52.0,52.5,50.830002,52.0,36481.0
2013-05-21,52.360001,52.360001,51.279999,52.0,84469.0
2013-05-22,51.009998,52.0,50.0,50.0,374597.0
2013-05-23,51.0,51.0,48.099998,50.099998,696236.0
2013-05-24,50.200001,50.200001,49.02,49.200001,296423.0
2013-05-27,48.150002,48.900002,48.0,48.799999,58461.0
2013-05-28,48.299999,49.689999,48.200001,48.810001,583412.0
2013-05-29,49.5,51.0,49.5,51.0,66178.0
2013-05-30,50.099998,50.799999,50.0,50.32,33625.0
2013-05-31,50.860001,53.0,50.860001,53.0,582209.0
2013-06-03,53.189999,53.189999,50.34,50.34,26988.0
2013-06-04,50.380001,52.700001,50.380001,52.0,56827.0
2013-06-05,51.02,52.799999,51.02,52.799999,132543.0
2013-06-06,51.700001,52.0,51.700001,52.0,96966.0
2013-06-07,51.82,52.0,51.720001,52.0,260550.0
2013-06-10,52.290001,52.290001,49.009998,49.009998,152097.0
2013-06-11,51.400002,51.400002,48.0,48.48,329803.0
2013-06-12,49.5,49.5,48.130001,48.5,55428.0
2013-06-13,48.75,49.900002,48.75,49.200001,83815.0
2013-06-14,49.099998,49.900002,48.400002,48.400002,244465.0
2013-06-17,49.5,49.5,47.5,48.099998,18893.0
2013-06-18,48.650002,48.650002,47.740002,47.950001,51158.0
2013-06-19,48.98,48.98,47.02,48.0,72623.0
2013-06-20,48.0,48.959999,48.0,48.959999,23516.0
2013-06-21,48.41,49.75,47.5,47.5,259312.0
2013-06-24,47.849998,48.669998,47.799999,47.799999,104647.0
2013-06-25,47.619999,48.0,47.200001,47.200001,56772.0
2013-06-26,47.400002,48.700001,47.099998,47.400002,74073.0
2013-06-27,47.900002,48.099998,47.400002,47.5,4092684.0
2013-06-28,47.400002,48.169998,47.0,47.900002,251762.0
2013-07-01,47.5,48.0,47.5,47.509998,8997.0
2013-07-02,47.900002,47.900002,47.0,47.0,108470.0
2013-07-03,47.25,47.25,46.75,46.799999,43136.0
2013-07-04,46.799999,46.799999,46.009998,46.009998,32214.0
2013-07-05,46.5,46.5,45.099998,45.549999,73008.0
2013-07-08,45.040001,45.450001,44.52,44.52,65582.0
2013-07-09,44.52,44.98,44.52,44.799999,50276.0
2013-07-10,44.990002,44.990002,44.720001,44.990002,22409.0
2013-07-11,44.740002,45.5,44.700001,45.02,117630.0
2013-07-12,45.209999,45.75,45.209999,45.5,89238.0
2013-07-15,45.5,45.98,45.5,45.5,2584.0
2013-07-16,45.5,45.599998,45.200001,45.32,66044.0
2013-07-17,45.490002,45.5,45.32,45.450001,44156.0
2013-07-18,45.299999,45.450001,45.0,45.0,39572.0
2013-07-19,45.299999,45.299999,45.0,45.0,23531.0
2013-07-22,44.700001,45.0,44.299999,44.5,228666.0
2013-07-23,44.5,44.5,43.400002,43.599998,108013.0
2013-07-24,44.400002,44.400002,43.599998,44.400002,7687.0
2013-07-25,44.400002,44.400002,43.400002,43.650002,9613.0
2013-07-26,43.66,45.299999,43.66,44.98,28088.0
2013-07-29,45.0,45.0,42.799999,42.799999,120987.0
2013-07-31,44.48,44.48,43.060001,44.0,78798.0
2013-08-01,44.0,44.0,43.509998,43.599998,3706.0
2013-08-02,44.0,44.200001,43.650002,44.0,7959.0
2013-08-05,43.650002,44.200001,43.650002,44.200001,10455.0
2013-08-06,44.0,44.5,43.650002,44.5,67509.0
2013-08-07,44.200001,44.5,44.200001,44.5,17860.0
2013-08-08,44.98,44.98,44.5,44.52,3858.0
2013-08-12,45.0,45.0,43.799999,43.799999,11506.0
2013-08-13,45.299999,45.299999,43.799999,44.5,19133.0
2013-08-15,46.0,46.0,44.0,45.0,122948.0
2013-08-16,44.240002,45.0,44.209999,45.0,6416.0
2013-08-19,43.0,44.860001,42.799999,44.0,1817.0
2013-08-22,43.900002,43.900002,42.810001,43.790001,42413.0
2013-08-23,43.0,43.0,42.799999,42.799999,20507.0
2013-08-26,42.360001,43.0,42.360001,42.400002,990.0
2013-08-27,43.0,43.0,42.0,42.0,91414.0
2013-08-28,41.009998,41.799999,40.849998,41.009998,5585.0
2013-08-29,41.009998,41.5,40.5,41.5,8760.0
2013-08-30,41.759998,41.759998,41.0,41.200001,130729.0
2013-09-02,41.759998,41.759998,41.5,41.5,26806.0
2013-09-03,41.700001,41.759998,40.650002,40.650002,34604.0
2013-09-04,40.709999,41.0,40.200001,40.650002,48759.0
2013-09-05,40.529999,41.5,40.209999,40.75,564421.0
2013-09-06,41.75,42.0,40.799999,41.5,33706.0
2013-09-09,42.0,42.0,41.48,41.48,21007.0
2013-09-10,41.98,41.98,41.349998,41.48,17452.0
2013-09-11,41.959999,41.959999,40.720001,41.470001,29222.0
2013-09-12,41.5,41.5,40.970001,40.970001,45550.0
2013-09-13,41.0,41.5,41.0,41.400002,38886.0
2013-09-16,41.799999,41.799999,41.0,41.389999,57068.0
2013-09-17,41.0,41.02,40.0,40.990002,704087.0
2013-09-18,40.200001,41.0,39.799999,40.0,92481.0
2013-09-19,39.799999,40.400002,39.799999,40.0,131828.0
2013-09-20,40.0,40.5,40.0,40.5,71433.0
2013-09-23,40.5,41.799999,40.5,41.799999,74360.0
2013-09-24,41.099998,42.900002,41.099998,42.630001,321057.0
2013-09-25,42.299999,44.0,42.299999,44.0,188356.0
2013-09-26,44.950001,46.639999,44.950001,46.639999,637325.0
2013-09-27,47.950001,50.68,47.0,47.0,885546.0
2013-09-30,47.16,49.299999,47.0,47.0,201767.0
2013-10-01,45.25,46.900002,45.119999,45.200001,31331.0
2013-10-02,44.900002,44.900002,44.240002,44.700001,44687.0
2013-10-03,45.0,45.0,44.5,44.5,26800.0
2013-10-04,44.540001,46.599998,44.540001,45.5,35503.0
2013-10-07,45.5,47.48,45.5,47.48,317620.0
2013-10-08,47.5,52.150002,47.5,51.700001,644106.0
2013-10-09,52.5,54.5,50.200001,50.619999,172065.0
2013-10-10,50.049999,50.990002,49.029999,49.98,65949.0
2013-10-11,52.0,52.0,49.700001,49.700001,109854.0
2013-10-14,51.66,51.66,49.799999,50.0,4783.0
2013-10-15,50.860001,51.400002,49.860001,51.400002,84912.0
2013-10-21,51.799999,51.799999,50.0,51.0,234177.0
2013-10-22,51.349998,53.5,51.0,53.5,213454.0
2013-10-23,54.0,54.75,53.639999,54.07,376618.0
2013-10-24,54.200001,56.5,54.200001,56.0,223715.0
2013-10-25,55.98,56.0,54.5,56.0,96692.0
2013-10-28,55.860001,59.360001,55.799999,58.099998,341543.0
2013-10-29,58.880001,59.740002,58.009998,58.299999,396093.0
2013-10-30,59.5,59.5,58.099998,58.299999,146069.0
2013-10-31,58.900002,59.0,58.200001,58.799999,262872.0
2013-11-01,59.0,59.400002,58.919998,59.0,119941.0
2013-11-04,59.380001,59.380001,58.200001,59.0,29752.0
2013-11-07,58.799999,58.799999,57.419998,58.0,67608.0
2013-11-08,58.0,58.299999,56.240002,56.599998,231632.0
2013-11-11,56.099998,57.5,55.0,55.0,330396.0
2013-11-12,56.0,56.0,52.84,53.709999,753324.0
2013-11-13,53.93,55.459999,53.93,55.0,224067.0
2013-11-14,55.48,56.459999,55.0,55.099998,88750.0
2013-11-15,55.299999,56.0,54.599998,54.630001,156730.0
2013-11-19,55.0,55.0,54.060001,54.619999,185876.0
2013-11-20,54.299999,54.5,54.0,54.41,545707.0
2013-11-21,54.099998,54.630001,54.099998,54.209999,356175.0
2013-11-22,54.110001,54.110001,52.049999,53.200001,728095.0
2013-11-25,52.599998,56.389999,52.5,56.389999,1029164.0
2013-11-26,56.0,56.0,53.299999,53.299999,4579805.0
2013-11-27,53.5,55.860001,53.299999,55.830002,6337126.0
2013-11-28,55.830002,55.830002,53.540001,54.0,1273110.0
2013-11-29,54.959999,54.970001,54.0,54.110001,25125.0
2013-12-02,54.299999,54.700001,54.200001,54.5,122264.0
2013-12-03,54.75,57.700001,54.75,57.700001,406383.0
2013-12-04,57.0,59.0,57.0,58.330002,208009.0
2013-12-05,59.0,59.400002,59.0,59.0,856215.0
2013-12-06,59.0,59.599998,58.5,59.200001,241051.0
2013-12-09,58.599998,59.02,57.5,58.0,334733.0
2013-12-10,57.599998,58.400002,57.5,57.5,159852.0
2013-12-11,57.5,57.5,56.5,56.709999,199502.0
2013-12-12,56.400002,57.880001,56.400002,57.880001,24750.0
2013-12-13,57.009998,58.5,57.009998,58.02,91803.0
2013-12-16,58.0,58.5,58.0,58.5,24579.0
2013-12-17,58.490002,58.799999,58.029999,58.799999,79708.0
2013-12-18,58.799999,59.009998,58.400002,58.799999,113180.0
2013-12-19,58.98,59.200001,58.970001,59.200001,179094.0
2013-12-20,58.650002,59.200001,58.5,58.799999,66650.0
2013-12-23,58.799999,59.0,58.0,58.5,41216.0
2013-12-24,57.549999,58.0,57.380001,57.900002,43179.0
2013-12-25,57.849998,57.849998,57.0,57.799999,36581.0
2013-12-26,57.5,57.799999,55.700001,56.549999,303446.0
2013-12-27,57.5,57.790001,57.0,57.790001,119163.0
2013-12-30,57.779999,58.0,56.040001,58.0,275775.0
2013-12-31,58.48,58.48,55.900002,55.900002,239109.0
2014-01-02,55.900002,57.150002,55.52,56.5,8186.0
2014-01-03,56.099998,56.5,55.509998,56.5,12396.0
2014-01-06,56.98,57.0,55.799999,57.0,10610.0
2014-01-07,57.900002,58.299999,57.5,58.299999,306223.0
2014-01-08,58.400002,58.400002,57.509998,57.990002,88482.0
2014-01-09,57.299999,58.189999,57.299999,57.900002,318386.0
2014-01-10,57.900002,58.799999,57.0,58.799999,315855.0
2014-01-13,58.700001,58.700001,57.5,57.52,16145.0
2014-01-16,57.52,58.200001,57.52,58.0,282698.0
2014-01-17,57.599998,58.0,57.5,58.0,160719.0
2014-01-20,58.0,58.0,57.98,58.0,119748.0
2014-01-21,58.0,58.0,57.0,58.0,92321.0
2014-01-22,57.099998,58.0,57.099998,57.900002,163277.0
2014-01-23,57.25,57.990002,57.25,57.849998,17843.0
2014-01-24,57.349998,57.790001,57.0,57.0,157308.0
2014-01-27,57.349998,58.0,56.799999,58.0,137189.0
2014-01-28,57.939999,57.939999,57.259998,57.5,64602.0
2014-01-29,57.009998,57.060001,56.82,57.0,90974.0
2014-01-30,57.0,57.0,56.040001,56.5,186928.0
2014-01-31,56.299999,57.0,55.5,57.0,193776.0
2014-02-03,57.0,57.790001,57.0,57.790001,23817.0
2014-02-04,57.0,57.5,56.799999,57.5,111454.0
2014-02-05,57.5,57.5,57.0,57.0,984.0
2014-02-06,57.0,57.0,56.5,56.5,78436.0
2014-02-07,56.5,57.0,56.5,57.0,9068.0
2014-02-10,56.599998,57.5,56.599998,57.5,37304.0
2014-02-11,57.0,57.43,57.0,57.0,15712.0
2014-02-12,57.0,57.389999,57.0,57.389999,158814.0
2014-02-13,57.0,57.27,57.0,57.049999,49896.0
2014-02-14,57.0,57.049999,56.599998,56.919998,82801.0
2014-02-17,57.189999,57.290001,56.599998,57.0,38831.0
2014-02-18,57.0,57.0,56.599998,57.0,44480.0
2014-02-19,57.0,57.290001,56.720001,57.290001,101409.0
2014-02-20,57.0,57.18,56.66,57.18,69402.0
2014-02-21,57.18,57.200001,56.68,57.0,65923.0
2014-02-24,57.0,57.0,56.720001,56.900002,46705.0
2014-02-25,57.099998,57.099998,56.700001,56.990002,73508.0
2014-02-26,57.0,57.099998,56.900002,57.0,53529.0
2014-02-27,56.830002,57.5,56.830002,57.400002,292692.0
2014-02-28,57.400002,59.0,57.349998,59.0,805258.0
2014-03-03,60.0,62.0,60.0,61.099998,245481.0
2014-03-04,60.610001,61.580002,60.610001,61.099998,33678.0
2014-03-05,60.75,63.0,60.75,62.77,471393.0
2014-03-06,62.799999,64.699997,62.549999,63.299999,1376525.0
2014-03-07,64.290001,64.290001,63.310001,63.900002,105237.0
2014-03-10,63.880001,64.0,63.5,64.0,46548.0
2014-03-11,64.0,65.790001,64.0,65.699997,241092.0
2014-03-12,65.980003,66.480003,65.5,66.0,149199.0
2014-03-13,65.050003,65.889999,64.0,65.889999,63658.0
2014-03-14,65.879997,66.0,65.0,66.0,121499.0
2014-03-17,66.0,66.0,65.099998,66.0,26978.0
2014-03-18,65.5,65.900002,65.410004,65.510002,99556.0
2014-03-19,65.5,66.0,65.5,65.980003,19705.0
2014-03-20,65.599998,66.0,65.550003,65.629997,241020.0
2014-03-21,65.559998,65.879997,65.300003,65.510002,314406.0
2014-03-24,65.5,66.0,65.5,65.610001,230576.0
2014-03-25,66.0,68.0,66.0,67.0,143523.0
2014-03-26,67.699997,68.480003,67.0,67.0,151818.0
2014-03-27,67.849998,67.849998,67.099998,67.699997,77526.0
2014-03-28,67.300003,67.459999,65.199997,66.0,103997.0
2014-03-31,64.599998,64.599998,60.0,61.0,1077267.0
2014-04-01,61.5,63.48,61.099998,63.0,265349.0
2014-04-02,63.0,63.889999,63.0,63.5,41097.0
2014-04-03,63.5,64.800003,63.299999,64.800003,85026.0
2014-04-04,64.0,64.989998,64.0,64.199997,58055.0
2014-04-07,64.199997,64.199997,62.549999,63.0,46458.0
2014-04-08,63.0,63.580002,62.990002,63.0,235197.0
2014-04-09,63.0,63.0,62.0,63.0,105097.0
2014-04-10,62.799999,63.0,62.5,62.599998,149246.0
2014-04-11,62.110001,62.950001,62.110001,62.889999,34375.0
2014-04-14,62.599998,62.599998,62.5,62.5,9365.0
2014-04-15,62.099998,62.119999,60.0,61.049999,490330.0
2014-04-16,61.099998,62.25,61.0,62.25,55658.0
2014-04-17,61.5,62.25,61.32,61.5,424085.0
2014-04-18,61.0,62.200001,60.299999,61.400002,20537.0
2014-04-21,62.0,62.0,60.959999,60.990002,64841.0
2014-04-22,60.700001,61.0,58.799999,58.799999,377535.0
2014-04-23,58.799999,59.0,58.060001,58.41,119010.0
2014-04-24,59.0,59.880001,59.0,59.880001,36939.0
2014-04-25,59.98,60.5,58.02,58.5,365625.0
2014-04-28,59.400002,60.389999,58.5,60.389999,9623.0
2014-04-29,60.0,61.0,59.98,60.0,658342.0
2014-04-30,60.099998,60.150002,59.599998,59.990002,174915.0
2014-05-02,60.099998,60.599998,60.0,60.0,83901.0
2014-05-05,60.02,60.389999,59.900002,59.98,26544.0
2014-05-06,59.599998,59.970001,59.099998,59.970001,36251.0
2014-05-07,59.5,59.5,59.0,59.5,54708.0
2014-05-08,59.900002,60.240002,59.099998,59.099998,103070.0
2014-05-09,59.68,59.68,59.0,59.0,139747.0
2014-05-12,59.0,59.950001,59.0,59.950001,82859.0
2014-05-13,59.900002,59.900002,59.150002,59.790001,30619.0
2014-05-14,59.110001,59.799999,59.110001,59.299999,28287.0
2014-05-15,59.5,60.0,59.5,59.849998,179303.0
2014-05-16,59.5,60.299999,59.5,60.299999,60062.0
2014-05-19,60.5,60.5,59.700001,60.0,109978.0
2014-05-20,59.700001,60.5,59.700001,59.990002,94419.0
2014-05-21,59.66,59.740002,59.529999,59.529999,45262.0
2014-05-22,59.509998,59.689999,59.509998,59.689999,45897.0
2014-05-23,59.689999,60.0,59.509998,59.509998,49806.0
2014-05-26,59.5,59.700001,59.5,59.700001,30990.0
2014-05-27,59.200001,59.700001,59.200001,59.700001,36896.0
2014-05-28,59.799999,59.970001,59.32,59.970001,131753.0
2014-05-29,59.310001,59.950001,59.310001,59.950001,292230.0
2014-05-30,59.599998,59.950001,59.48,59.950001,180435.0
2014-06-02,59.619999,59.900002,59.52,59.700001,105062.0
2014-06-03,59.700001,59.700001,59.099998,59.200001,96332.0
2014-06-04,59.200001,59.5,59.02,59.5,578498.0
2014-06-05,59.5,59.5,59.07,59.200001,28367.0
2014-06-06,59.049999,59.049999,58.049999,58.049999,67169.0
2014-06-09,58.060001,58.299999,58.049999,58.049999,40555.0
2014-06-10,58.060001,58.25,58.049999,58.060001,15177.0
2014-06-11,58.060001,59.380001,58.049999,58.849998,36271.0
2014-06-12,58.849998,59.450001,58.110001,59.450001,39266.0
2014-06-13,59.0,59.490002,58.16,59.400002,62977.0
2014-06-16,59.0,59.0,58.349998,59.0,7897.0
2014-06-17,58.52,58.52,57.400002,57.400002,88158.0
2014-06-18,57.400002,58.849998,57.400002,58.0,6901.0
2014-06-19,58.700001,58.700001,57.5,57.5,64890.0
2014-06-20,57.299999,58.0,57.299999,58.0,53097.0
2014-06-23,57.34,58.139999,57.34,58.0,13509.0
2014-06-24,58.0,58.0,57.439999,57.700001,15708.0
2014-06-25,57.900002,57.900002,56.099998,56.5,126643.0
2014-06-26,56.200001,58.900002,56.200001,58.900002,440635.0
2014-06-27,57.200001,58.799999,57.0,57.700001,113088.0
2014-06-30,57.220001,57.939999,56.32,57.0,145602.0
2014-07-01,56.310001,57.599998,56.310001,57.599998,24778.0
2014-07-02,56.509998,57.599998,56.509998,57.599998,6437.0
2014-07-03,57.59,57.59,56.799999,56.799999,1122.0
2014-07-04,56.5,57.0,56.5,57.0,4209.0
2014-07-07,57.0,58.299999,57.0,58.299999,122439.0
2014-07-08,57.299999,58.0,57.0,57.0,14247.0
2014-07-09,56.5,56.650002,56.5,56.650002,13826.0
2014-07-10,56.5,57.5,56.5,57.5,7001.0
2014-07-11,57.0,57.900002,57.0,57.900002,4253.0
2014-07-14,57.98,58.0,57.599998,57.799999,73757.0
2014-07-15,57.040001,57.98,57.040001,57.799999,2119.0
2014-07-16,57.98,57.98,57.599998,57.98,28915.0
2014-07-17,57.32,57.900002,57.32,57.400002,41515.0
2014-07-18,57.880001,57.900002,57.880001,57.900002,2040.0
2014-07-21,57.900002,57.990002,57.41,57.939999,7289.0
2014-07-22,57.950001,58.200001,57.5,57.700001,668452.0
2014-07-23,57.700001,57.709999,57.700001,57.700001,5413.0
2014-07-24,57.799999,58.0,56.900002,56.900002,693640.0
2014-07-25,57.02,57.77,56.540001,56.599998,109009.0
2014-07-31,56.599998,57.900002,56.599998,56.799999,26603.0
2014-08-01,56.900002,57.349998,56.900002,57.349998,109848.0
2014-08-04,57.0,57.0,56.73,56.740002,106667.0
2014-08-05,56.709999,56.709999,56.0,56.0,267809.0
2014-08-06,56.009998,56.880001,56.009998,56.880001,102956.0
2014-08-07,56.110001,57.0,56.110001,56.799999,136958.0
2014-08-08,56.5,57.189999,56.5,56.799999,52875.0
2014-08-11,56.799999,56.799999,55.0,56.0,113278.0
2014-08-12,56.0,56.0,55.009998,55.009998,75257.0
2014-08-13,55.880001,55.880001,54.0,54.0,213169.0
2014-08-15,54.950001,54.950001,52.5,53.0,187960.0
2014-08-18,53.0,53.009998,52.700001,52.990002,132719.0
2014-08-19,53.0,53.0,51.349998,52.0,71083.0
2014-08-22,53.439999,53.439999,51.970001,51.970001,486005.0
2014-08-25,52.009998,52.200001,51.970001,52.0,100565.0
2014-08-26,52.950001,52.950001,51.200001,52.0,70457.0
2014-08-27,53.0,53.0,51.990002,51.990002,28754.0
2014-08-28,52.799999,52.799999,51.900002,51.970001,52582.0
2014-08-29,51.549999,52.0,51.009998,51.009998,494686.0
2014-09-01,51.990002,52.459999,51.25,52.25,127399.0
2014-09-02,53.0,53.900002,52.990002,53.880001,259042.0
2014-09-03,53.880001,54.0,53.599998,53.66,75432.0
2014-09-04,53.0,53.650002,52.509998,52.509998,21501.0
2014-09-05,53.0,53.650002,52.52,53.0,6639.0
2014-09-08,53.0,53.490002,53.0,53.0,92612.0
2014-09-09,53.0,53.490002,53.0,53.400002,285571.0
2014-09-10,53.41,53.98,53.400002,53.75,97544.0
2014-09-11,53.98,54.700001,53.98,54.150002,178763.0
2014-09-12,54.099998,54.689999,53.799999,54.0,61668.0
2014-09-15,53.900002,54.0,53.599998,53.900002,27296.0
2014-09-16,51.700001,53.0,51.700001,51.91,8841.0
2014-09-17,52.0,52.900002,52.0,52.900002,94785.0
2014-09-18,53.0,53.5,53.0,53.299999,80580.0
2014-09-19,53.349998,53.990002,53.349998,53.799999,102181.0
2014-09-22,53.990002,53.990002,53.540001,53.98,90524.0
2014-09-23,53.700001,53.98,53.099998,53.209999,27639.0
2014-09-24,53.150002,53.150002,52.48,52.48,38808.0
2014-09-25,52.099998,52.099998,51.0,51.98,32043.0
2014-09-26,51.0,51.0,49.0,50.0,396492.0
2014-09-29,51.5,51.939999,50.509998,51.0,183791.0
2014-09-30,50.650002,51.0,50.529999,50.939999,162811.0
2014-10-01,50.509998,50.98,50.060001,50.060001,76592.0
2014-10-02,50.919998,50.919998,50.450001,50.450001,83482.0
2014-10-03,50.860001,50.860001,50.400002,50.450001,117165.0
2014-10-07,51.150002,51.150002,50.360001,50.459999,31561.0
2014-10-08,51.0,51.07,50.400002,50.400002,77054.0
2014-10-09,50.0,50.279999,49.700001,50.0,35046.0
2014-10-10,50.490002,50.490002,49.849998,49.950001,28695.0
2014-10-13,50.0,50.0,49.16,49.299999,22287.0
2014-10-14,49.849998,49.849998,49.259998,49.299999,78352.0
2014-10-15,49.490002,49.490002,49.0,49.0,101872.0
2014-10-16,49.189999,49.189999,47.009998,47.009998,188262.0
2014-10-17,47.009998,47.959999,46.299999,47.0,226232.0
2014-10-20,47.0,47.0,44.18,46.700001,417679.0
2014-10-21,46.0,47.790001,46.0,47.400002,80709.0
2014-10-22,47.400002,49.400002,47.0,48.799999,256668.0
2014-10-23,49.799999,49.799999,47.5,48.0,147319.0
2014-10-24,48.700001,48.700001,47.200001,47.650002,100210.0
2014-10-27,47.799999,48.099998,47.5,48.099998,106206.0
2014-10-28,48.470001,48.470001,47.700001,48.0,174091.0
2014-10-29,48.0,48.959999,48.0,48.599998,19903.0
2014-10-30,48.959999,49.650002,48.799999,49.650002,141161.0
2014-10-31,48.700001,49.599998,48.509998,49.0,412855.0
2014-11-03,49.02,49.450001,48.799999,48.799999,468321.0
2014-11-04,49.0,49.0,48.049999,48.049999,269371.0
2014-11-05,48.950001,48.950001,46.5,47.0,290106.0
2014-11-07,47.200001,47.200001,45.5,45.98,252292.0
2014-11-10,46.5,46.700001,46.0,46.0,245479.0
2014-11-11,46.0,47.0,46.0,46.25,237310.0
2014-11-12,46.25,47.0,46.110001,46.119999,60934.0
2014-11-13,46.130001,46.700001,45.599998,45.599998,300888.0
2014-11-14,46.0,46.779999,45.700001,46.400002,15700.0
2014-11-17,46.0,46.0,45.990002,45.990002,18261.0
2014-11-19,46.490002,46.959999,44.509998,45.0,128750.0
2014-11-20,45.0,45.790001,45.0,45.099998,102443.0
2014-11-21,45.150002,45.5,44.720001,45.0,51492.0
2014-11-24,45.0,45.380001,44.82,44.900002,38885.0
2014-11-25,44.900002,45.5,44.0,44.099998,363530.0
2014-11-26,44.5,44.5,43.5,43.950001,264324.0
2014-11-27,43.830002,45.5,43.310001,43.700001,50876.0
2014-11-28,44.0,44.400002,42.52,42.799999,275380.0
2014-12-01,43.799999,43.799999,42.02,42.200001,51172.0
2014-12-02,42.099998,43.279999,41.900002,42.0,113750.0
2014-12-03,42.5,43.0,42.0,42.0,229120.0
2014-12-04,42.5,42.5,40.720001,41.0,305874.0
2014-12-05,41.5,41.5,40.5,40.5,216320.0
2014-12-08,41.0,41.299999,40.099998,40.099998,346548.0
2014-12-09,40.07,41.099998,40.02,41.099998,89346.0
2014-12-10,43.0,43.5,41.700001,42.169998,148255.0
2014-12-11,42.110001,42.110001,40.599998,40.599998,197125.0
2014-12-12,41.400002,41.400002,40.799999,41.400002,50299.0
2014-12-15,41.400002,42.5,41.400002,42.0,92241.0
2014-12-16,42.0,44.099998,41.900002,44.099998,140258.0
2014-12-17,44.5,44.799999,42.5,42.5,459415.0
2014-12-18,43.0,43.0,41.5,41.5,212552.0
2014-12-19,42.0,42.0,40.029999,40.029999,717707.0
2014-12-22,40.779999,41.490002,40.400002,40.959999,25391.0
2014-12-23,40.5,40.849998,38.509998,39.900002,20474160.0
2014-12-24,38.650002,40.880001,38.650002,40.0,136810.0
2014-12-25,40.0,40.369999,39.5,39.5,6714549.0
2014-12-26,39.900002,39.900002,39.0,39.0,2057023.0
2014-12-29,39.959999,39.959999,38.849998,38.849998,63932.0
2014-12-30,39.0,39.0,37.25,38.450001,157466.0
2014-12-31,38.0,38.400002,37.599998,37.599998,54958.0
2015-01-02,37.400002,38.459999,37.0,37.5,22135.0
2015-01-06,37.950001,38.959999,37.650002,38.0,190919.0
2015-01-07,38.790001,39.0,38.009998,39.0,71818.0
2015-01-08,39.59,40.400002,39.0,40.0,76390.0
2015-01-09,40.470001,40.799999,39.650002,39.650002,152475.0
2015-01-12,39.400002,40.0,37.700001,39.049999,104921.0
2015-01-13,39.0,39.900002,38.209999,39.900002,59694.0
2015-01-14,40.490002,40.490002,35.91,35.91,329487.0
2015-01-15,36.5,36.950001,32.32,32.32,535146.0
2015-01-16,31.98,32.5,30.42,31.299999,457849.0
2015-01-19,32.0,34.0,31.35,33.700001,583906.0
2015-01-20,34.0,34.970001,32.799999,33.400002,479522.0
2015-01-21,33.799999,34.75,31.51,31.51,570212.0
2015-01-22,31.51,31.51,30.0,30.26,1267073.0
2015-01-23,30.5,31.58,30.5,31.0,315580.0
2015-01-26,31.700001,31.950001,31.299999,31.75,20007.0
2015-01-27,31.9,32.5,31.0,31.0,444886.0
2015-01-28,31.780001,31.780001,31.0,31.4,853709.0
2015-01-29,31.1,31.49,31.02,31.4,372342.0
2015-01-30,31.5,31.790001,31.0,31.4,1301240.0
2015-02-02,31.4,31.48,31.0,31.299999,819755.0
2015-02-03,31.299999,31.370001,31.139999,31.299999,24948.0
2015-02-04,31.370001,32.400002,31.299999,32.0,166497.0
2015-02-05,32.0,32.380001,32.0,32.32,1169716.0
2015-02-06,32.400002,32.900002,32.400002,32.84,69853.0
2015-02-09,32.799999,32.98,31.5,32.5,231235.0
2015-02-10,32.490002,32.700001,32.0,32.5,366374.0
2015-02-11,32.299999,32.299999,30.799999,30.9,1174772.0
2015-02-12,30.799999,30.99,29.52,30.99,309619.0
2015-02-13,30.99,31.290001,30.99,30.99,45484.0
2015-02-16,30.0,30.799999,29.139999,30.799999,392164.0
2015-02-17,30.700001,30.879999,30.0,30.4,283916.0
2015-02-18,30.799999,30.799999,30.0,30.440001,178875.0
2015-02-19,30.299999,30.889999,30.25,30.889999,520878.0
2015-02-20,31.0,31.9,30.549999,31.5,117624.0
2015-02-23,31.01,31.889999,31.01,31.700001,126974.0
2015-02-24,31.85,32.900002,31.67,31.709999,278446.0
2015-02-25,31.719999,32.200001,31.719999,32.049999,129804.0
2015-02-26,32.389999,32.389999,31.700001,31.700001,227293.0
2015-02-27,31.9,31.9,31.559999,31.559999,278610.0
2015-03-02,31.799999,32.200001,31.780001,32.049999,29568.0
2015-03-03,31.629999,32.049999,31.610001,32.049999,88084.0
2015-03-04,32.0,32.099998,31.799999,32.099998,24088.0
2015-03-05,32.0,32.299999,31.75,32.25,69252.0
2015-03-06,32.25,32.389999,31.860001,32.299999,64471.0
2015-03-09,32.299999,33.459999,32.029999,33.029999,109192.0
2015-03-10,32.200001,33.380001,32.200001,33.290001,58845.0
2015-03-11,33.290001,34.5,33.290001,34.0,98190.0
2015-03-12,34.0,34.0,33.709999,33.900002,64137.0
2015-03-13,33.98,34.0,33.200001,34.0,59852.0
2015-03-16,33.889999,33.889999,33.34,33.799999,26626.0
2015-03-17,33.810001,33.889999,33.389999,33.779999,19943.0
2015-03-18,33.5,33.700001,32.540001,33.0,23565.0
2015-03-19,33.0,33.0,32.150002,32.799999,112135.0
2015-03-20,32.200001,32.849998,32.200001,32.799999,308962.0
2015-03-23,32.799999,33.0,32.5,32.740002,239620.0
2015-03-24,32.779999,32.779999,32.049999,32.450001,73460.0
2015-03-25,32.150002,32.150002,31.540001,31.98,80755.0
2015-03-26,31.629999,31.74,30.07,30.799999,339652.0
2015-03-27,32.0,32.0,30.9,31.5,117751.0
2015-03-30,31.549999,32.099998,31.549999,31.799999,392826.0
2015-03-31,31.52,31.9,30.799999,31.799999,470554.0
2015-04-01,31.280001,31.74,31.0,31.0,348710.0
2015-04-02,31.059999,31.299999,30.209999,30.209999,83465.0
2015-04-03,30.879999,30.879999,30.1,30.1,241381.0
2015-04-06,30.25,30.879999,30.1,30.299999,106039.0
2015-04-07,30.4,30.4,30.0,30.0,194676.0
2015-04-08,30.41,30.41,30.0,30.0,150763.0
2015-04-09,30.0,30.49,30.0,30.25,19343.0
2015-04-10,30.440001,30.5,29.799999,30.0,75059.0
2015-04-13,30.4,30.4,29.940001,30.0,53320.0
2015-04-14,30.200001,30.200001,29.200001,29.99,80657.0
2015-04-15,30.08,30.08,29.200001,29.33,80501.0
2015-04-16,29.299999,29.879999,29.299999,29.51,57633.0
2015-04-17,29.610001,30.48,29.610001,29.9,97581.0
2015-04-20,30.049999,30.24,29.92,30.1,79549.0
2015-04-21,30.049999,30.450001,30.049999,30.299999,96390.0
2015-04-22,30.299999,30.43,30.200001,30.200001,17668.0
2015-04-23,30.15,30.389999,30.01,30.01,306751.0
2015-04-24,30.1,30.299999,29.93,30.299999,378714.0
2015-04-27,30.42,30.42,30.15,30.299999,7968.0
2015-04-28,30.290001,30.35,30.0,30.299999,192356.0
2015-04-29,30.299999,30.799999,30.299999,30.799999,53427.0
2015-04-30,30.790001,31.0,30.5,31.0,34742.0
2015-05-04,30.98,31.0,30.6,31.0,204483.0
2015-05-05,30.76,31.389999,30.709999,31.389999,8007.0
2015-05-06,31.379999,31.4,31.0,31.4,35923.0
2015-05-07,31.4,31.4,31.0,31.299999,61181.0
2015-05-08,31.16,31.4,31.110001,31.4,36185.0
2015-05-11,31.040001,31.85,31.040001,31.5,12682.0
2015-05-12,31.18,31.700001,31.1,31.5,66026.0
2015-05-13,31.4,31.5,31.0,31.389999,41145.0
2015-05-14,31.040001,31.24,31.0,31.200001,23767.0
2015-05-15,31.0,31.299999,30.84,31.299999,65357.0
2015-05-18,31.49,31.49,31.0,31.299999,39680.0
2015-05-19,31.0,31.379999,31.0,31.1,56364.0
2015-05-20,31.26,31.4,30.74,30.950001,39444.0
2015-05-21,30.950001,30.98,29.799999,29.92,255142.0
2015-05-22,30.290001,30.690001,30.0,30.01,4334.0
2015-05-25,30.1,30.950001,30.0,30.48,8169.0
2015-05-26,30.01,30.48,30.01,30.48,15141.0
2015-05-27,30.48,30.48,30.040001,30.4,16966.0
2015-05-28,30.049999,30.4,30.0,30.0,19170.0
2015-05-29,30.25,30.25,29.799999,30.0,135886.0
2015-06-01,30.0,30.299999,29.809999,30.299999,5980.0
2015-06-02,30.32,30.34,30.049999,30.200001,5754.0
2015-06-03,29.950001,30.4,29.950001,30.299999,15298.0
2015-06-04,30.299999,30.9,30.030001,30.299999,38496.0
2015-06-05,30.030001,30.35,30.0,30.35,33306.0
2015-06-08,30.370001,30.370001,30.1,30.15,1984.0
2015-06-09,30.27,30.27,29.99,30.0,184143.0
2015-06-10,30.15,30.200001,29.799999,30.0,3403.0
2015-06-11,30.200001,30.200001,29.82,30.0,5775.0
2015-06-12,29.9,30.0,29.620001,29.799999,52898.0
2015-06-15,29.84,29.84,29.0,29.290001,38411.0
2015-06-16,29.450001,29.459999,28.9,28.9,13441.0
2015-06-17,28.799999,28.799999,26.08,26.959999,308519.0
2015-06-18,28.5,28.5,27.41,28.0,619223.0
2015-06-19,28.059999,28.51,27.65,28.51,763353.0
2015-06-22,28.790001,28.950001,28.530001,28.950001,61741.0
2015-06-23,29.200001,29.440001,28.549999,29.299999,147470.0
2015-06-24,29.0,29.5,28.639999,29.5,150019.0
2015-06-25,29.799999,29.99,29.049999,29.799999,178186.0
2015-06-26,29.5,29.799999,29.25,29.700001,5394618.0
2015-06-29,29.5,29.5,28.91,29.190001,1760730.0
2015-06-30,29.0,29.0,28.450001,28.450001,122582.0
2015-07-01,28.6,29.0,28.51,28.9,125350.0
2015-07-02,28.5,29.1,28.5,29.1,105830.0
2015-07-03,30.0,30.77,30.0,30.299999,504534.0
2015-07-06,30.1,30.25,29.709999,30.0,86321.0
2015-07-07,29.9,30.0,29.200001,30.0,144681.0
2015-07-08,29.389999,29.99,29.389999,29.75,57798.0
2015-07-09,29.67,29.799999,28.6,29.6,159479.0
2015-07-10,29.549999,29.549999,28.67,29.0,119733.0
2015-07-13,29.0,29.0,28.5,28.5,152898.0
2015-07-14,28.299999,28.299999,28.049999,28.110001,44963.0
2015-07-15,27.52,28.5,27.52,28.1,75244.0
2015-07-16,28.0,28.9,27.91,28.9,340097.0
2015-07-20,28.4,29.0,28.4,28.940001,36540.0
2015-07-21,28.940001,29.0,28.889999,29.0,9729.0
2015-07-22,28.9,29.0,28.809999,29.0,16859.0
2015-07-23,28.99,29.290001,28.91,29.0,18523.0
2015-07-24,28.98,29.0,28.860001,29.0,18889.0
2015-07-27,29.0,29.290001,28.549999,28.709999,6540.0
2015-07-28,29.200001,29.200001,28.549999,28.799999,34598.0
2015-07-29,28.99,29.190001,28.65,29.0,147761.0
2015-07-31,29.0,29.0,28.709999,28.799999,19908.0
2015-08-03,28.5,29.0,28.5,29.0,93516.0
2015-08-04,28.66,28.99,28.66,28.99,10278.0
2015-08-05,28.799999,29.0,28.799999,29.0,38960.0
2015-08-06,28.719999,28.99,28.719999,28.9,108805.0
2015-08-07,28.940001,28.940001,28.799999,28.9,47465.0
2015-08-10,28.99,28.99,28.719999,28.950001,1705.0
2015-08-11,28.719999,28.9,28.719999,28.799999,10285.0
2015-08-12,28.82,28.98,28.799999,28.98,23194.0
2015-08-13,28.85,29.0,28.76,29.0,81722.0
2015-08-17,29.0,29.49,29.0,29.0,34858.0
2015-08-18,29.0,29.1,28.66,28.66,16316.0
2015-08-19,29.0,29.1,28.700001,29.1,5529.0
2015-08-24,28.719999,28.889999,28.1,28.1,221758.0
2015-08-25,28.799999,28.799999,27.85,28.0,74587.0
2015-08-26,27.66,28.0,27.66,28.0,137544.0
2015-08-27,27.83,28.5,27.83,28.5,21626.0
2015-08-28,28.700001,28.700001,27.200001,28.0,50621.0
2015-08-31,28.0,28.48,27.5,28.1,25947.0
2015-09-01,27.6,28.0,27.32,27.32,75055.0
2015-09-02,27.700001,28.190001,27.700001,28.0,137994.0
2015-09-03,27.99,28.0,27.75,28.0,71411.0
2015-09-04,27.9,28.0,27.889999,28.0,67724.0
2015-09-07,27.969999,28.5,27.809999,28.0,210441.0
2015-09-08,28.459999,28.690001,28.040001,28.65,5055.0
2015-09-09,28.35,29.0,28.35,29.0,43419.0
2015-09-10,29.49,29.49,28.719999,29.0,8327.0
2015-09-11,29.0,29.389999,29.0,29.25,29380.0
2015-09-14,29.4,29.629999,28.9,29.200001,51693.0
2015-09-15,29.040001,29.040001,28.66,29.0,89622.0
2015-09-16,29.0,29.02,28.68,28.99,55732.0
2015-09-17,27.0,27.6,26.5,26.5,96983.0
2015-09-18,27.0,27.0,24.91,24.91,442765.0
2015-09-21,25.16,25.99,25.16,25.200001,12147.0
2015-09-22,25.200001,26.0,25.200001,25.5,2956.0
2015-09-23,25.5,26.200001,25.32,26.15,157849.0
2015-09-28,26.35,26.35,25.6,26.0,459282.0
2015-09-29,26.0,26.0,25.0,25.1,147666.0
2015-09-30,25.85,26.200001,24.940001,25.1,442436.0
2015-10-01,25.129999,25.700001,25.1,25.290001,89841.0
2015-10-02,25.280001,25.4,25.0,25.0,478942.0
2015-10-05,24.540001,25.200001,24.540001,24.700001,20239.0
2015-10-06,25.0,25.0,24.200001,24.200001,117827.0
2015-10-07,24.200001,24.200001,23.01,23.5,564947.0
2015-10-08,23.33,23.5,23.0,23.0,71793.0
2015-10-09,22.33,24.200001,22.33,24.0,384713.0
2015-10-12,24.01,24.9,23.99,23.99,106795.0
2015-10-13,24.5,24.6,23.85,24.6,426052.0
2015-10-14,25.0,25.4,24.98,25.25,220174.0
2015-10-16,25.219999,26.0,25.0,25.030001,285679.0
2015-10-19,25.43,25.43,25.0,25.200001,195516.0
2015-10-20,25.15,25.9,25.15,25.65,34862.0
2015-10-21,25.65,25.950001,25.620001,25.84,60463.0
2015-10-22,25.85,25.85,25.35,25.83,47436.0
2015-10-23,25.6,25.9,25.15,25.9,626795.0
2015-10-26,25.65,26.74,25.65,26.5,297184.0
2015-10-27,26.5,26.700001,26.219999,26.700001,298451.0
2015-10-28,27.0,27.790001,26.9,26.9,321839.0
2015-10-29,27.0,27.370001,27.0,27.0,61202.0
2015-10-30,27.0,27.0,26.049999,27.0,123140.0
2015-11-02,27.190001,27.48,26.9,27.0,90646.0
2015-11-03,26.950001,27.280001,26.950001,27.0,118705.0
2015-11-04,27.17,27.17,26.809999,27.0,322816.0
2015-11-05,27.0,28.299999,27.0,28.01,527274.0
2015-11-09,28.700001,28.9,28.309999,28.9,362496.0
2015-11-10,29.299999,29.299999,28.82,29.16,581741.0
2015-11-11,29.4,29.65,29.4,29.4,464704.0
2015-11-12,29.4,29.4,28.0,28.65,419676.0
2015-11-13,28.559999,28.950001,27.209999,28.950001,367245.0
2015-11-16,28.93,28.93,28.0,28.75,83595.0
2015-11-17,28.16,28.700001,28.16,28.4,77423.0
2015-11-19,28.040001,28.49,28.040001,28.49,43193.0
2015-11-20,28.5,28.799999,28.110001,28.5,119227.0
2015-11-23,28.48,28.5,28.09,28.5,129209.0
2015-11-24,28.51,28.879999,28.5,28.5,185456.0
2015-11-25,28.790001,28.799999,28.5,28.5,132560.0
2015-11-26,28.309999,28.700001,28.0,28.0,57391.0
2015-11-27,28.0,28.35,27.51,28.0,104051.0
2015-11-30,27.610001,28.0,27.219999,27.799999,145730.0
2015-12-01,27.790001,28.0,27.35,27.5,61442.0
2015-12-02,27.43,27.889999,27.43,27.459999,26746.0
2015-12-03,27.469999,27.77,27.129999,27.67,81163.0
2015-12-04,27.5,27.700001,27.0,27.07,116291.0
2015-12-07,27.1,27.110001,26.9,26.9,22336.0
2015-12-08,26.67,27.0,26.0,26.0,120303.0
2015-12-09,25.200001,26.6,25.030001,25.030001,101441.0
2015-12-10,25.459999,25.75,25.040001,25.049999,20088870.0
2015-12-11,25.15,25.790001,25.07,25.5,26232.0
2015-12-14,25.5,25.5,25.23,25.23,13732.0
2015-12-15,25.219999,25.6,25.219999,25.25,51700.0
2015-12-16,25.25,25.51,25.25,25.25,105772.0
2015-12-17,25.25,25.459999,24.549999,25.0,88314.0
2015-12-18,25.0,25.200001,23.799999,23.799999,191649.0
2015-12-21,23.83,24.799999,23.83,24.0,11077.0
2015-12-22,24.73,24.950001,23.9,23.9,17620.0
2015-12-23,24.299999,24.299999,23.809999,23.84,220405.0
2015-12-28,24.0,24.99,23.610001,23.610001,446781.0
2015-12-29,23.639999,24.450001,23.639999,24.0,46432.0
2015-12-30,24.0,24.4,24.0,24.01,7489.0
2015-12-31,24.35,24.370001,23.67,23.719999,56787.0
2016-01-04,23.67,24.370001,23.67,23.68,27042.0
2016-01-05,24.219999,24.219999,23.5,23.5,273571.0
2016-01-06,23.549999,23.9,23.51,23.780001,7503.0
2016-01-07,23.860001,23.9,23.6,23.700001,52648.0
2016-01-08,23.51,23.889999,23.200001,23.200001,69878.0
2016-01-12,23.68,23.700001,23.27,23.27,19249.0
2016-01-13,23.700001,24.66,23.700001,24.01,375800.0
2016-01-14,24.0,25.18,24.0,25.15,1583144.0
2016-01-15,25.68,26.49,25.52,25.799999,434892.0
2016-01-18,27.049999,28.0,27.049999,28.0,1629052.0
2016-01-19,28.27,28.9,27.299999,27.790001,383448.0
2016-01-20,27.200001,27.5,26.57,27.450001,227107.0
2016-01-21,27.049999,27.4,26.85,26.85,26845.0
2016-01-22,26.6,26.950001,26.57,26.950001,354475.0
2016-01-25,27.0,27.43,27.0,27.0,38975.0
2016-01-26,27.25,27.25,26.1,26.1,204437.0
2016-01-27,26.0,26.0,25.4,25.4,105420.0
2016-01-28,25.200001,26.0,25.200001,26.0,12726.0
2016-01-29,25.799999,26.5,25.700001,26.389999,124687.0
2016-02-01,26.4,26.4,25.950001,25.950001,11717.0
2016-02-02,25.85,27.0,25.700001,26.5,391942.0
2016-02-03,26.690001,27.5,26.309999,27.5,1076819.0
2016-02-04,27.879999,28.5,27.6,28.0,560054.0
2016-02-05,28.299999,29.0,28.299999,29.0,903441.0
2016-02-08,29.120001,29.959999,28.6,28.6,164677.0
2016-02-09,28.5,29.200001,28.299999,29.0,805420.0
2016-02-10,28.98,30.74,28.799999,30.74,935163.0
2016-02-11,31.1,32.299999,31.0,32.099998,1148131.0
2016-02-12,32.200001,32.400002,31.1,31.25,919979.0
2016-02-15,31.0,32.0,30.799999,31.309999,144655.0
2016-02-16,31.5,32.970001,31.5,32.639999,545082.0
2016-02-17,33.0,33.27,32.5,32.639999,446825.0
2016-02-18,32.990002,33.189999,32.619999,33.169998,313344.0
2016-02-19,33.049999,33.939999,33.049999,33.25,170356.0
2016-02-22,33.599998,33.650002,32.5,32.599998,150646.0
2016-02-23,32.540001,32.540001,31.68,32.299999,212341.0
2016-02-24,31.5,32.299999,31.5,31.98,118896.0
2016-02-25,31.950001,31.950001,31.299999,31.450001,216258.0
2016-02-26,31.5,32.0,31.4,32.0,206237.0
2016-02-29,31.620001,31.799999,30.26,30.799999,670905.0
2016-03-01,30.73,32.0,30.700001,32.0,486536.0
2016-03-02,32.099998,33.34,32.099998,33.0,421448.0
2016-03-03,33.0,33.34,32.619999,33.0,186089.0
2016-03-04,32.75,33.299999,32.700001,32.939999,40538.0
2016-03-07,33.0,33.0,32.029999,32.59,61539.0
2016-03-08,32.380001,32.889999,32.380001,32.490002,42972.0
2016-03-09,32.700001,32.700001,32.419998,32.68,37977.0
2016-03-10,32.860001,34.299999,32.540001,34.299999,1394522.0
2016-03-11,35.0,35.490002,34.619999,35.299999,803420.0
2016-03-14,35.599998,36.200001,35.299999,35.98,471630.0
2016-03-15,36.0,37.299999,35.509998,37.299999,900552.0
2016-03-16,38.0,38.779999,37.02,37.799999,724764.0
2016-03-17,37.799999,38.299999,37.099998,38.299999,437119.0
2016-03-18,38.849998,40.59,38.5,40.0,1359795.0
2016-03-21,40.099998,40.099998,39.110001,39.599998,143473.0
2016-03-22,39.0,40.59,37.599998,39.52,930086.0
2016-03-23,39.720001,40.400002,39.720001,40.009998,831420.0
2016-03-24,40.0,40.299999,39.220001,39.5,191266.0
2016-03-25,39.799999,40.299999,39.310001,39.450001,269528.0
2016-03-28,39.98,39.98,38.16,38.5,195005.0
2016-03-29,38.990002,39.0,36.599998,38.25,333862.0
2016-03-30,37.599998,37.599998,36.869999,36.869999,214020.0
2016-03-31,34.66,35.889999,33.25,34.0,2563520.0
2016-04-01,34.0,34.919998,33.540001,34.48,197960.0
2016-04-04,34.619999,36.400002,34.619999,35.950001,745521.0
2016-04-05,36.5,37.0,36.450001,36.900002,189696.0
2016-04-06,36.900002,38.389999,36.900002,38.200001,1235567.0
2016-04-07,38.950001,39.200001,37.5,37.5,368587.0
2016-04-08,36.509998,38.0,36.509998,38.0,508238.0
2016-04-11,38.0,38.490002,37.049999,37.950001,53861.0
2016-04-12,37.419998,38.299999,37.07,38.0,63125.0
2016-04-13,38.0,38.0,37.110001,37.900002,60227.0
2016-04-14,37.950001,39.400002,37.799999,38.900002,748846.0
2016-04-15,39.02,39.490002,38.5,38.5,249773.0
2016-04-18,38.5,39.360001,38.5,39.200001,564335.0
2016-04-19,39.200001,39.200001,39.0,39.200001,153033.0
2016-04-20,38.810001,39.150002,38.75,38.990002,78373.0
2016-04-21,38.740002,38.740002,37.810001,37.810001,152708.0
2016-04-22,37.52,38.400002,37.52,38.400002,54043.0
2016-04-25,37.91,38.400002,37.91,38.0,87759.0
2016-04-26,38.0,38.75,37.82,38.75,122726.0
2016-04-27,38.200001,38.959999,38.02,38.75,96757.0
2016-04-28,38.75,39.0,38.299999,38.98,171246.0
2016-04-29,38.400002,39.18,38.400002,39.0,618145.0
2016-05-02,38.700001,39.290001,38.700001,39.0,1096424.0
2016-05-03,38.990002,39.099998,38.759998,38.950001,193562.0
2016-05-04,38.939999,39.200001,38.5,39.200001,104473.0
2016-05-05,39.200001,39.990002,39.200001,39.98,294414.0
2016-05-06,39.98,41.700001,39.98,41.509998,1131913.0
2016-05-09,41.5,42.880001,41.5,42.5,717509.0
2016-05-10,42.400002,42.5,40.52,41.889999,270131.0
2016-05-11,41.439999,41.889999,40.540001,41.25,562622.0
2016-05-12,40.990002,41.459999,40.799999,40.990002,146614.0
2016-05-13,40.900002,40.900002,40.610001,40.900002,84864.0
2016-05-16,40.650002,41.0,40.529999,40.860001,82191.0
2016-05-17,40.860001,40.860001,39.099998,39.099998,257255.0
2016-05-18,39.0,39.0,37.939999,38.900002,422856.0
2016-05-19,39.049999,40.189999,39.049999,40.0,513886.0
2016-05-20,40.0,40.450001,40.0,40.060001,425273.0
2016-05-23,40.400002,40.5,40.060001,40.060001,221174.0
2016-05-24,40.060001,40.060001,39.5,39.5,314198.0
2016-05-25,39.450001,39.450001,38.0,39.150002,320131.0
2016-05-26,39.0,39.0,38.5,38.900002,585229.0
2016-05-27,38.889999,39.34,38.5,39.200001,481232.0
2016-05-30,39.34,39.34,38.900002,39.299999,46716.0
2016-05-31,39.310001,39.310001,38.599998,38.599998,333207.0
2016-06-01,39.0,39.0,38.619999,38.990002,442598.0
2016-06-02,38.630001,39.139999,38.630001,39.099998,172797.0
2016-06-03,39.009998,39.450001,39.009998,39.450001,126059.0
2016-06-06,39.450001,39.599998,39.0,39.0,131032.0
2016-06-07,39.0,39.400002,39.0,39.0,93410.0
2016-06-08,39.0,39.0,38.5,38.5,132134.0
2016-06-09,38.900002,38.900002,38.5,38.799999,51049.0
2016-06-10,38.700001,38.75,38.599998,38.599998,36346.0
2016-06-13,38.549999,38.549999,37.150002,37.150002,398563.0
2016-06-14,38.099998,38.400002,36.610001,37.5,142461.0
2016-06-15,37.0,37.599998,37.0,37.009998,16748.0
2016-06-16,37.389999,37.389999,37.02,37.02,164229.0
2016-06-17,37.0,37.369999,36.700001,37.0,151001.0
2016-06-20,37.0,37.200001,36.75,37.0,3538.0
2016-06-21,36.849998,36.990002,36.740002,36.75,6229.0
2016-06-22,36.990002,37.400002,36.990002,37.009998,68028.0
2016-06-23,37.110001,37.5,37.099998,37.48,109742.0
2016-06-24,37.150002,37.98,37.150002,37.5,44621.0
2016-06-27,37.48,37.48,36.720001,37.0,55464.0
2016-06-28,36.759998,37.700001,36.759998,37.689999,17943.0
2016-06-29,37.0,37.68,37.0,37.0,4339595.0
2016-06-30,37.490002,37.490002,36.349998,36.349998,40602.0
2016-07-01,37.400002,37.400002,36.459999,36.509998,19934.0
2016-07-04,36.529999,37.5,36.529999,37.5,110344.0
2016-07-05,37.799999,38.0,37.0,38.0,48633.0
2016-07-11,38.0,38.0,37.0,37.0,29935.0
2016-07-12,37.700001,37.700001,36.0,36.0,62229.0
2016-07-13,36.25,37.889999,36.200001,37.889999,868890.0
2016-07-14,37.400002,38.5,37.400002,38.5,405276.0
2016-07-15,38.509998,38.900002,38.0,38.18,150960.0
2016-07-18,38.150002,38.490002,38.0,38.299999,39306.0
2016-07-19,38.009998,38.330002,37.869999,38.0,152769.0
2016-07-20,38.32,38.32,37.849998,37.849998,117324.0
2016-07-21,37.799999,38.0,37.490002,37.490002,203509.0
2016-07-22,37.66,37.66,37.330002,37.439999,55893.0
2016-07-25,37.779999,37.779999,37.41,37.599998,65661.0
2016-07-26,37.599998,37.599998,37.0,37.110001,162740.0
2016-07-27,37.599998,37.599998,37.0,37.0,91785.0
2016-07-28,37.099998,37.400002,37.0,37.299999,9273.0
2016-07-29,37.099998,37.290001,36.799999,36.799999,139462.0
2016-08-01,36.900002,37.200001,36.900002,36.939999,2622.0
2016-08-02,36.98,38.0,36.5,36.5,88766.0
2016-08-03,36.360001,36.939999,36.360001,36.900002,92346.0
2016-08-04,36.950001,36.950001,36.610001,36.650002,28041.0
2016-08-05,36.990002,36.990002,36.490002,36.490002,207809.0
2016-08-08,36.900002,36.900002,36.299999,36.400002,304020.0
2016-08-09,36.790001,36.790001,36.450001,36.5,29214.0
2016-08-10,36.5,36.5,36.400002,36.450001,73849.0
2016-08-11,36.610001,36.900002,36.610001,36.700001,122691.0
2016-08-12,36.509998,37.0,36.509998,37.0,131132.0
2016-08-15,36.950001,37.5,36.599998,37.0,70676.0
2016-08-16,36.990002,37.5,36.990002,37.5,23224.0
2016-08-17,37.599998,37.799999,37.080002,37.799999,19381.0
2016-08-18,37.700001,38.400002,37.5,37.5,133991.0
2016-08-19,37.200001,37.599998,36.68,37.279999,160076.0
2016-08-22,37.790001,37.790001,36.099998,36.200001,305277.0
2016-08-23,36.990002,36.990002,36.200001,36.799999,31451.0
2016-08-24,36.900002,36.900002,36.259998,36.799999,34629.0
2016-08-25,36.32,36.799999,36.32,36.5,9149.0
2016-08-26,36.5,36.799999,36.419998,36.799999,73444.0
2016-08-29,36.970001,36.970001,36.52,36.610001,43059.0
2016-08-30,36.5,36.759998,36.5,36.5,380861.0
2016-08-31,36.5,36.709999,35.700001,35.700001,103045.0
2016-09-01,36.0,36.0,35.599998,36.0,24038.0
2016-09-02,35.799999,36.25,35.619999,35.799999,67547.0
2016-09-05,36.0,36.0,35.799999,35.900002,66347.0
2016-09-06,35.610001,36.400002,35.610001,36.200001,32130.0
2016-09-07,35.759998,36.400002,35.759998,36.0,194492.0
2016-09-08,35.799999,36.5,35.799999,36.400002,353901.0
2016-09-09,36.299999,36.779999,36.299999,36.400002,169793.0
2016-09-14,36.959999,36.959999,36.150002,36.900002,210240.0
2016-09-15,36.900002,37.0,36.5,36.98,48881.0
2016-09-16,36.98,37.099998,36.900002,36.950001,344256.0
2016-09-19,35.900002,35.900002,35.0,35.349998,30980.0
2016-09-20,35.450001,36.939999,35.25,36.0,174495.0
2016-09-21,35.68,36.0,35.52,35.959999,189222.0
2016-09-22,36.0,36.0,35.700001,35.799999,103125.0
2016-09-23,35.990002,36.169998,35.41,35.900002,94884.0
2016-09-26,35.650002,35.900002,35.650002,35.73,55069.0
2016-09-27,35.709999,35.720001,35.0,35.200001,35605.0
2016-09-28,35.5,35.5,35.099998,35.299999,79973.0
2016-09-29,35.310001,35.68,35.0,35.0,133244.0
2016-09-30,37.0,37.0,36.549999,36.689999,662821.0
2016-10-04,36.950001,36.950001,36.5,36.900002,150206.0
2016-10-05,36.939999,36.939999,36.5,36.650002,75911.0
2016-10-06,36.650002,37.400002,36.650002,37.099998,271389.0
2016-10-07,37.5,38.369999,37.0,38.0,883016.0
2016-10-10,39.0,39.5,38.720001,38.950001,269075.0
2016-10-11,39.009998,39.5,38.5,38.5,469735.0
2016-10-12,39.0,39.0,38.310001,38.400002,210386.0
2016-10-13,38.5,38.5,37.5,37.950001,122742.0
2016-10-14,38.0,38.389999,37.799999,37.799999,58676.0
2016-10-17,38.349998,38.740002,38.200001,38.689999,33446.0
2016-10-18,38.700001,38.799999,38.25,38.799999,422918.0
2016-10-19,38.5,39.0,38.5,38.990002,112273.0
2016-10-20,38.650002,38.970001,38.419998,38.68,62922.0
2016-10-21,38.599998,38.950001,38.220001,38.950001,98110.0
2016-10-24,38.400002,38.900002,38.400002,38.689999,27298.0
2016-10-25,38.889999,38.889999,38.0,38.099998,167494.0
2016-10-26,38.049999,38.380001,38.0,38.0,27294.0
2016-10-27,38.0,38.0,37.549999,38.0,35553.0
2016-10-28,38.0,38.0,37.299999,37.98,48517.0
2016-10-31,37.939999,37.939999,37.349998,37.779999,65841.0
2016-11-01,37.360001,37.759998,37.299999,37.299999,40413.0
2016-11-02,37.209999,37.700001,37.209999,37.700001,21462.0
2016-11-03,37.5,37.700001,37.5,37.599998,165112.0
2016-11-04,37.740002,37.740002,37.599998,37.599998,92758.0
2016-11-07,37.5,37.5,37.41,37.5,3406.0
2016-11-08,37.360001,37.5,37.0,37.5,173489.0
2016-11-09,37.5,37.700001,37.32,37.32,29183.0
2016-11-10,37.400002,37.400002,37.0,37.049999,98926.0
2016-11-11,36.849998,37.200001,36.0,36.0,264468.0
2016-11-14,36.029999,36.5,36.029999,36.490002,219357.0
2016-11-15,36.5,36.779999,36.299999,36.779999,61867.0
2016-11-16,36.529999,37.400002,36.529999,37.389999,75946.0
2016-11-17,37.400002,37.450001,37.0,37.34,113275.0
2016-11-21,37.0,37.049999,36.549999,36.549999,41074.0
2016-11-22,36.25,36.950001,36.25,36.299999,397985.0
2016-11-23,36.110001,36.799999,36.110001,36.400002,46352.0
2016-11-24,36.380001,36.380001,36.0,36.299999,88936.0
2016-11-25,36.5,37.0,36.0,37.0,164301.0
2016-11-28,36.5,37.400002,36.5,36.889999,43527.0
2016-11-29,36.889999,37.299999,36.5,36.549999,17949.0
2016-11-30,36.549999,36.700001,36.0,36.0,218029.0
2016-12-01,36.049999,36.57,35.900002,36.049999,135614.0
2016-12-02,35.919998,36.139999,35.919998,36.0,28913.0
2016-12-05,35.950001,36.700001,35.950001,36.650002,5727551.0
2016-12-06,36.650002,36.880001,36.200001,36.830002,23636.0
2016-12-07,36.799999,36.950001,36.110001,36.950001,33466.0
2016-12-08,36.700001,37.0,36.5,36.950001,15091.0
2016-12-09,36.799999,37.009998,36.700001,37.009998,1479098.0
2016-12-14,37.200001,38.349998,37.200001,38.349998,315651.0
2016-12-15,39.549999,42.0,39.549999,40.5,1042315.0
2016-12-16,40.799999,42.0,40.799999,42.0,726679.0
2016-12-19,43.98,45.0,43.0,43.490002,974077.0
2016-12-20,43.5,43.849998,41.599998,42.5,340436.0
2016-12-21,42.029999,42.5,40.32,41.950001,226906.0
2016-12-22,41.799999,43.459999,41.009998,43.200001,777280.0
2016-12-23,44.200001,44.700001,43.52,44.0,868790.0
2016-12-26,43.849998,44.900002,43.5,43.900002,434197.0
2016-12-27,43.900002,43.900002,42.810001,43.0,153812.0
2016-12-28,43.380001,43.380001,42.610001,42.889999,181953.0
2016-12-29,42.5,42.790001,42.0,42.049999,142213.0
2016-12-30,41.900002,42.98,41.099998,42.98,423532.0
2017-01-02,42.849998,43.0,42.0,42.150002,18634.0
2017-01-03,42.150002,43.450001,42.150002,43.049999,73839.0
2017-01-04,43.0,45.0,43.0,45.0,1138992.0
2017-01-05,47.5,49.490002,47.5,49.490002,1215073.0
2017-01-06,54.43,54.43,52.0,54.43,1438587.0
2017-01-09,54.0,54.990002,53.0,53.380001,1869080.0
2017-01-10,53.150002,53.400002,52.0,52.5,494829.0
2017-01-12,52.0,55.5,51.700001,55.0,1443247.0
2017-01-13,56.0,57.0,52.0,53.900002,1189641.0
2017-01-16,52.119999,55.0,52.119999,54.869999,1133945.0
2017-01-17,55.5,56.5,51.5,51.5,1614262.0
2017-01-18,52.0,52.0,48.049999,52.0,1129210.0
2017-01-19,52.990002,52.990002,50.150002,52.0,401134.0
2017-01-20,52.25,53.0,51.110001,53.0,384333.0
2017-01-23,52.200001,53.0,51.599998,52.700001,53797.0
2017-01-24,51.84,52.5,51.099998,51.099998,244507.0
2017-01-25,51.220001,51.900002,51.0,51.0,233499.0
2017-01-26,52.0,52.0,49.509998,50.5,327509.0
2017-01-27,50.799999,50.849998,50.209999,50.560001,179959.0
2017-01-30,50.950001,50.950001,49.0,49.0,169862.0
2017-01-31,48.700001,49.779999,47.599998,48.0,562177.0
2017-02-01,48.0,48.0,46.060001,46.060001,189676.0
2017-02-02,46.060001,48.0,46.0,47.0,432623.0
2017-02-03,47.380001,48.5,47.110001,48.0,199291.0
2017-02-06,48.099998,48.98,47.349998,48.0,129837.0
2017-02-07,48.0,49.0,48.0,49.0,132317.0
2017-02-08,49.0,50.400002,49.0,49.950001,614158.0
2017-02-09,50.0,50.400002,49.700001,49.700001,185875.0
2017-02-10,50.349998,50.389999,49.009998,50.0,112079.0
2017-02-13,49.549999,52.0,49.119999,51.650002,687433.0
2017-02-14,51.799999,52.400002,50.990002,51.0,340434.0
2017-02-15,50.110001,51.450001,50.110001,51.150002,69777.0
2017-02-16,51.200001,51.200001,50.150002,50.599998,188155.0
2017-02-17,50.849998,50.849998,50.0,50.0,76554.0
2017-02-20,50.0,50.799999,49.799999,49.98,100334.0
2017-02-21,49.5,50.0,49.5,49.950001,62331.0
2017-02-22,50.0,50.400002,49.700001,49.700001,337029.0
2017-02-23,49.0,49.0,46.810001,47.889999,599799.0
2017-02-24,47.0,48.0,46.599998,48.0,99712.0
2017-02-27,48.400002,49.0,48.290001,48.5,63802.0
2017-02-28,49.0,49.0,48.5,48.5,460824.0
2017-03-01,49.09,49.09,48.5,48.5,19117.0
2017-03-02,48.150002,49.790001,48.150002,48.52,149415.0
2017-03-03,48.599998,49.0,48.509998,49.0,66611.0
2017-03-06,49.759998,49.759998,48.599998,48.959999,134577.0
2017-03-07,48.700001,49.5,48.700001,49.5,15915.0
2017-03-08,48.849998,49.900002,48.849998,49.0,129364.0
2017-03-09,48.799999,49.200001,48.799999,49.0,14666.0
2017-03-10,48.82,49.200001,47.52,48.990002,136043.0
2017-03-13,49.0,49.389999,48.200001,48.98,15556.0
2017-03-14,48.990002,49.439999,48.650002,48.650002,62835.0
2017-03-15,49.0,49.0,48.5,48.5,40026.0
2017-03-16,48.400002,49.0,48.400002,48.509998,208520.0
2017-03-17,48.299999,49.349998,48.299999,48.799999,42573.0
2017-03-20,48.98,48.98,47.0,47.0,73553.0
2017-03-21,47.119999,48.599998,47.119999,47.990002,93312.0
2017-03-22,47.799999,47.84,47.009998,47.009998,34747.0
2017-03-23,47.900002,47.900002,45.0,45.0,251615.0
2017-03-24,45.0,45.799999,44.400002,44.599998,473189.0
2017-03-27,45.799999,45.799999,44.5,44.700001,14347.0
2017-03-28,45.0,47.68,45.0,46.599998,309239.0
2017-03-29,46.119999,46.889999,46.0,46.0,74581.0
2017-03-30,46.799999,47.0,43.349998,43.349998,972395.0
2017-03-31,44.450001,44.450001,42.509998,43.0,290095.0
2017-04-03,42.599998,43.740002,41.700001,43.200001,39225.0
2017-04-04,43.34,43.360001,42.349998,43.009998,110757.0
2017-04-05,42.75,44.200001,42.75,43.049999,514926.0
2017-04-06,43.900002,43.93,43.049999,43.349998,2766.0
2017-04-07,43.950001,44.0,43.299999,43.799999,27340.0
2017-04-10,44.0,44.959999,43.610001,44.509998,457676.0
2017-04-11,44.790001,45.299999,44.150002,45.099998,63741.0
2017-04-12,45.049999,46.0,45.049999,45.5,21964.0
2017-04-13,45.200001,45.880001,44.599998,45.5,94989.0
2017-04-14,45.049999,45.73,45.049999,45.490002,25906.0
2017-04-17,45.5,45.5,45.150002,45.200001,23032.0
2017-04-18,45.139999,45.139999,44.099998,44.099998,72189.0
2017-04-19,45.0,45.5,44.299999,45.0,14631.0
2017-04-20,45.400002,45.400002,44.009998,44.5,30985.0
2017-04-21,44.259998,45.0,44.259998,45.0,131019.0
2017-04-24,45.0,45.0,44.130001,45.0,2514.0
2017-04-25,44.990002,45.5,44.98,45.5,68983.0
2017-04-26,45.490002,46.099998,45.25,46.0,149158.0
2017-04-27,46.419998,46.5,45.5,46.5,547257.0
2017-04-28,47.0,47.790001,47.0,47.299999,256858.0
2017-05-02,46.75,47.5,46.75,47.5,100453.0
2017-05-03,47.799999,48.400002,47.799999,48.400002,247478.0
2017-05-04,48.299999,48.5,47.849998,48.5,138184.0
2017-05-05,48.150002,48.700001,48.150002,48.700001,39764.0
2017-05-08,48.799999,48.799999,48.099998,48.450001,61195.0
2017-05-09,48.450001,48.450001,48.049999,48.049999,153795.0
2017-05-10,48.0,48.25,47.599998,48.0,179032.0
2017-05-11,48.0,48.23,48.0,48.0,217922.0
2017-05-12,48.25,48.25,47.919998,48.150002,65426.0
2017-05-15,48.0,48.02,47.5,47.900002,15857.0
2017-05-16,47.0,47.119999,46.009998,46.470001,151414.0
2017-05-17,46.25,46.470001,45.599998,46.470001,105076.0
2017-05-18,46.970001,46.990002,46.259998,46.900002,270647.0
2017-05-19,47.299999,47.299999,46.400002,46.849998,24693.0
2017-05-22,47.0,47.200001,46.43,47.0,40053.0
2017-05-23,47.0,47.200001,47.0,47.0,34309.0
2017-05-24,47.0,47.200001,46.700001,47.200001,88339.0
2017-05-25,47.939999,47.939999,47.009998,47.299999,28567.0
2017-05-26,47.060001,47.200001,46.82,47.200001,197115.0
2017-05-29,47.02,47.27,47.02,47.099998,1844210.0
2017-05-30,47.099998,47.400002,47.0,47.0,126513.0
2017-05-31,47.049999,47.5,47.009998,47.200001,289159.0
2017-06-01,47.900002,47.900002,46.799999,47.0,81299.0
2017-06-02,47.0,47.400002,46.860001,47.400002,69840.0
2017-06-05,47.0,47.5,47.0,47.5,108887.0
2017-06-06,47.110001,47.869999,47.110001,47.5,11687.0
2017-06-07,47.27,47.84,47.0,47.700001,112037.0
2017-06-08,47.799999,47.799999,47.5,47.5,165176.0
2017-06-09,47.869999,48.189999,47.310001,48.0,129934.0
2017-06-12,47.990002,47.990002,47.400002,47.57,44109.0
2017-06-13,47.799999,47.799999,47.0,47.0,114468.0
2017-06-14,47.669998,47.799999,47.299999,47.799999,92379.0
2017-06-15,47.849998,47.849998,47.02,47.150002,29717.0
2017-06-16,47.5,47.5,47.02,47.5,45429.0
2017-06-19,47.5,47.849998,47.299999,47.849998,17244.0
2017-06-20,47.599998,48.200001,47.5,47.709999,2918639.0
2017-06-21,47.799999,47.810001,47.5,47.5,376214.0
2017-06-22,47.5,47.900002,47.5,47.799999,173210.0
2017-06-23,47.950001,48.0,47.599998,47.900002,1070922.0
2017-06-28,48.220001,49.279999,48.0,48.0,368414.0
2017-06-29,49.0,49.0,48.349998,48.369999,71339.0
2017-06-30,48.400002,48.700001,48.150002,48.700001,190491.0
2017-07-03,48.5,48.700001,48.5,48.700001,58074.0
2017-07-04,48.509998,48.650002,48.349998,48.5,255489.0
2017-07-05,48.950001,48.950001,48.369999,48.5,82918.0
2017-07-06,48.5,48.689999,48.5,48.509998,116241.0
2017-07-07,48.5,48.990002,48.5,48.990002,129007.0
2017-07-10,48.5,49.900002,48.5,48.5,261687.0
2017-07-11,49.209999,49.209999,48.560001,49.18,97693.0
2017-07-12,48.799999,49.299999,48.799999,49.0,269148.0
2017-07-13,48.869999,49.0,48.5,49.0,593757.0
2017-07-14,48.57,49.279999,48.099998,48.549999,241766.0
2017-07-17,48.5,49.400002,48.5,48.700001,209453.0
2017-07-18,49.0,49.389999,48.700001,48.790001,141274.0
2017-07-19,49.0,49.0,48.650002,48.75,43743.0
2017-07-20,49.5,49.5,48.5,48.5,305463.0
2017-07-21,48.5,48.990002,48.099998,48.259998,127566.0
2017-07-24,48.049999,48.98,48.049999,48.880001,29435.0
2017-07-25,48.5,48.849998,48.220001,48.700001,52665.0
2017-07-26,48.509998,48.799999,48.360001,48.360001,94012.0
2017-07-27,48.700001,48.700001,48.209999,48.209999,27999.0
2017-07-28,48.220001,48.549999,47.0,48.200001,256288.0
2017-07-31,48.200001,48.200001,47.009998,47.009998,457107.0
2017-08-01,47.049999,47.490002,46.5,47.450001,72199.0
2017-08-02,47.0,47.450001,47.0,47.0,79251.0
2017-08-03,47.0,47.450001,47.0,47.040001,139401.0
2017-08-04,47.450001,47.450001,47.040001,47.400002,13902.0
2017-08-07,47.040001,47.439999,47.040001,47.400002,1236.0
2017-08-08,47.200001,48.0,47.150002,47.5,8808.0
2017-08-09,47.310001,47.990002,47.310001,47.880001,23027.0
2017-08-10,47.599998,47.799999,47.299999,47.299999,99157.0
2017-08-11,47.77,47.77,47.060001,47.060001,208719.0
2017-08-15,47.779999,48.5,47.380001,47.400002,81142.0
2017-08-16,47.5,47.5,47.029999,47.110001,174585.0
2017-08-17,47.099998,47.48,47.049999,47.09,117075.0
2017-08-18,47.240002,47.400002,47.099998,47.220001,263504.0
2017-08-22,47.400002,47.400002,47.049999,47.369999,16959.0
2017-08-23,47.360001,48.5,47.16,47.5,103924.0
2017-08-24,48.0,48.200001,47.200001,47.200001,23357.0
2017-08-25,47.200001,48.0,47.16,48.0,59460.0
2017-08-28,47.23,47.98,47.23,47.970001,11353.0
2017-08-29,47.900002,48.0,47.52,47.709999,283198.0
2017-08-30,48.0,48.700001,47.740002,48.700001,163057.0
2017-08-31,48.849998,50.0,48.700001,49.150002,725774.0
2017-09-04,49.790001,49.799999,49.150002,49.400002,120548.0
2017-09-05,49.5,49.790001,49.5,49.540001,54938.0
2017-09-06,49.5,49.889999,49.0,49.25,131116.0
2017-09-07,49.119999,49.5,49.119999,49.349998,254091.0
2017-09-08,49.82,49.82,49.0,49.450001,252634.0
2017-09-11,49.080002,49.5,49.080002,49.5,1820139.0
2017-09-12,47.5,47.900002,46.810001,47.450001,1455432.0
2017-09-13,47.400002,48.5,47.400002,48.0,375452.0
2017-09-14,48.0,48.490002,47.700001,47.75,121732.0
2017-09-15,47.799999,47.950001,47.639999,47.799999,108735.0
2017-09-18,47.799999,47.799999,47.630001,47.799999,41550.0
2017-09-19,47.630001,47.799999,47.0,47.0,108776.0
2017-09-20,47.790001,47.790001,46.049999,46.900002,41164.0
2017-09-21,46.990002,46.990002,46.400002,46.900002,230835.0
2017-09-25,47.0,47.0,46.599998,46.599998,47538.0
2017-09-26,46.5,46.5,45.5,46.0,89343.0
2017-09-27,46.0,46.0,45.049999,45.049999,181473.0
2017-09-28,44.98,44.98,43.700001,44.5,517678.0
2017-09-29,44.0,44.5,43.200001,43.25,515908.0
2017-10-02,43.259998,46.689999,43.259998,44.400002,165188.0
2017-10-03,46.439999,46.439999,44.200001,44.509998,73290.0
2017-10-04,45.799999,46.27,45.009998,45.599998,31984.0
2017-10-05,45.98,46.5,45.610001,45.889999,84220.0
2017-10-06,46.0,46.5,45.299999,45.549999,74316.0
2017-10-09,45.080002,45.950001,45.080002,45.900002,6234.0
2017-10-10,45.509998,45.990002,45.099998,45.849998,87164.0
2017-10-11,45.5,45.599998,45.0,45.0,68770.0
2017-10-12,45.5,45.5,44.799999,45.0,74464.0
2017-10-13,45.0,45.189999,44.650002,45.189999,14673.0
2017-10-16,45.099998,45.099998,44.259998,44.259998,74902.0
2017-10-17,45.290001,45.290001,44.220001,44.220001,59039.0
2017-10-18,44.490002,44.490002,42.650002,43.049999,266029.0
2017-10-19,43.0,43.990002,43.0,43.299999,109911.0
2017-10-20,43.98,44.0,42.900002,42.900002,374093.0
2017-10-23,42.75,43.689999,42.75,43.25,218367.0
2017-10-24,43.25,43.599998,43.040001,43.48,1149.0
2017-10-25,43.5,43.549999,43.009998,43.110001,11571.0
2017-10-26,43.099998,43.5,43.0,43.009998,40287.0
2017-10-27,43.900002,44.400002,43.0,43.0,277559.0
2017-10-30,43.0,44.0,43.0,43.5,217210.0
2017-10-31,43.689999,43.689999,43.150002,43.150002,274513.0
2017-11-01,43.150002,43.700001,43.07,43.150002,63081.0
2017-11-02,43.259998,43.75,43.169998,43.169998,13550.0
2017-11-03,43.209999,43.5,43.110001,43.110001,97660.0
2017-11-07,43.299999,43.299999,43.110001,43.150002,11647.0
2017-11-08,43.299999,43.299999,43.080002,43.09,27114.0
2017-11-09,43.09,43.099998,42.82,42.82,189827.0
2017-11-10,42.84,43.099998,42.709999,42.950001,173450.0
2017-11-13,43.099998,43.099998,42.849998,42.849998,49614.0
2017-11-14,42.950001,42.950001,42.0,42.0,850052.0
2017-11-15,42.549999,42.549999,41.0,41.110001,45645.0
2017-11-16,41.130001,41.299999,39.200001,39.5,626091.0
2017-11-17,40.0,40.0,38.400002,39.0,817822.0
2017-11-20,39.209999,39.25,38.529999,39.110001,63819.0
2017-11-21,39.119999,40.990002,39.119999,40.0,331346.0
2017-11-22,40.470001,40.5,39.150002,39.299999,221472.0
2017-11-23,39.990002,40.0,39.299999,39.5,521327.0
2017-11-24,39.599998,39.98,39.009998,39.5,102606.0
2017-11-27,39.200001,39.860001,39.0,39.0,22939.0
2017-11-28,39.439999,39.439999,39.0,39.0,9814.0
2017-11-29,39.0,39.200001,38.900002,38.900002,36721.0
2017-11-30,38.900002,38.900002,37.650002,37.720001,627092.0
2017-12-04,37.799999,38.0,37.099998,37.099998,158786.0
2017-12-05,37.150002,37.990002,36.599998,36.599998,311293.0
2017-12-06,37.0,37.0,34.099998,34.5,721591.0
2017-12-07,34.02,35.5,34.02,35.299999,415736.0
2017-12-08,35.900002,36.900002,35.799999,36.119999,322503.0
2017-12-11,36.16,36.939999,36.0,36.0,112998.0
2017-12-12,36.200001,36.599998,36.0,36.59,14648.0
2017-12-13,36.59,36.77,36.200001,36.209999,65735.0
2017-12-14,36.299999,36.400002,35.73,36.0,46485.0
2017-12-15,36.490002,36.490002,35.849998,35.919998,379256.0
2017-12-18,36.57,36.57,34.509998,34.509998,271120.0
2017-12-19,34.5,34.990002,34.400002,34.400002,69432.0
2017-12-20,34.299999,34.5,33.009998,33.23,216582.0
2017-12-21,33.200001,33.220001,31.65,31.690001,741566.0
2017-12-22,31.99,33.799999,30.620001,33.200001,958790.0
2017-12-25,34.200001,35.900002,34.200001,34.5,163526.0
2017-12-26,35.290001,35.299999,34.299999,34.34,207219.0
2017-12-27,34.389999,34.59,33.509998,33.700001,116784.0
2017-12-28,34.790001,34.790001,33.5,33.700001,177834.0
2017-12-29,33.599998,33.599998,32.57,33.0,258986.0
2018-01-02,34.0,36.23,33.990002,35.049999,1010716.0
2018-01-03,36.5,37.720001,36.5,37.049999,652803.0
2018-01-04,37.720001,37.720001,37.110001,37.110001,700407.0
2018-01-05,37.130001,37.130001,35.150002,36.5,245828.0
2018-01-08,36.599998,37.5,36.0,36.0,232565.0
2018-01-09,35.990002,36.400002,34.93,35.610001,265998.0
2018-01-10,36.34,36.400002,35.700001,36.009998,16582.0
2018-01-12,36.900002,36.900002,35.610001,35.610001,64081.0
2018-01-15,35.610001,37.0,35.509998,36.5,449704.0
2018-01-16,36.68,37.200001,36.52,36.799999,120539.0
2018-01-17,36.799999,36.799999,36.0,36.0,59502.0
2018-01-18,36.099998,36.119999,35.799999,36.0,41438.0
2018-01-19,35.799999,36.0,35.650002,35.990002,47207.0
2018-01-22,36.0,36.0,35.5,35.950001,43952.0
2018-01-23,35.700001,35.950001,35.400002,35.459999,25229.0
2018-01-24,35.380001,35.380001,34.0,34.900002,199698.0
2018-01-25,34.599998,34.599998,33.5,33.5,326124.0
2018-01-26,33.490002,33.599998,31.940001,32.900002,497954.0
2018-01-29,33.0,33.299999,32.959999,33.209999,48348.0
2018-01-30,33.189999,33.709999,33.0,33.0,248805.0
2018-01-31,33.220001,33.599998,33.220001,33.5,439593.0
2018-02-01,33.400002,34.799999,33.400002,34.310001,216850.0
2018-02-02,34.990002,37.720001,34.970001,37.720001,2028881.0
2018-02-05,38.759998,39.900002,36.049999,36.5,323308.0
2018-02-06,36.5,36.5,35.5,35.5,138554.0
2018-02-07,35.5,36.48,35.490002,35.799999,586441.0
2018-02-08,36.0,36.389999,35.279999,35.360001,211862.0
2018-02-09,36.099998,36.099998,35.099998,35.990002,358628.0
2018-02-12,35.509998,36.200001,35.509998,35.700001,12515.0
2018-02-13,35.700001,36.0,35.0,35.0,169313.0
2018-02-14,35.220001,35.799999,34.799999,35.400002,240906.0
2018-02-15,35.5,35.5,35.0,35.400002,87006.0
2018-02-16,35.450001,35.950001,35.200001,35.400002,119392.0
2018-02-19,35.939999,35.990002,35.400002,35.599998,35573.0
2018-02-20,35.700001,35.84,35.150002,35.150002,464349.0
2018-02-21,35.849998,35.860001,35.0,35.200001,61787.0
2018-02-22,35.740002,35.740002,35.200001,35.200001,210230.0
2018-02-23,35.189999,35.27,34.099998,34.25,428401.0
2018-02-26,34.860001,34.869999,34.049999,34.07,53417.0
2018-02-27,34.099998,34.279999,32.799999,33.0,651886.0
2018-02-28,33.099998,34.040001,33.099998,33.990002,339893.0
2018-03-01,34.029999,34.599998,34.0,34.5,27709.0
2018-03-02,34.0,34.619999,33.5,33.5,127812.0
2018-03-05,33.5,34.0,33.5,33.939999,21731.0
2018-03-06,34.0,34.490002,33.0,33.009998,421406.0
2018-03-07,33.299999,33.599998,33.099998,33.150002,180896.0
2018-03-08,33.380001,33.580002,33.110001,33.57,18402.0
2018-03-09,33.790001,34.48,33.790001,34.0,54222.0
2018-03-12,34.34,34.34,33.400002,33.779999,24198.0
2018-03-13,34.0,34.200001,33.549999,33.599998,40243.0
2018-03-14,33.599998,34.0,33.5,33.529999,71702.0
2018-03-15,33.52,33.970001,33.5,33.880001,82602.0
2018-03-16,33.880001,33.98,33.639999,33.75,63831.0
2018-03-19,33.950001,34.0,33.5,33.5,204299.0
2018-03-20,33.849998,33.849998,33.299999,33.41,275590.0
2018-03-21,33.509998,33.509998,33.099998,33.099998,187604.0
2018-03-22,33.110001,33.389999,32.790001,32.860001,97338.0
2018-03-23,32.98,33.25,32.830002,32.900002,73203.0
2018-03-26,33.360001,33.360001,32.869999,33.0,58357.0
2018-03-27,33.279999,33.279999,32.900002,32.950001,110689.0
2018-03-28,33.290001,33.290001,32.919998,32.939999,77657.0
2018-03-29,33.0,34.400002,32.939999,34.150002,347374.0
2018-03-30,30.74,30.74,30.74,30.74,13359.0
2018-04-02,27.67,27.67,27.67,27.67,302888.0
2018-04-03,25.209999,28.0,25.209999,26.610001,2152973.0
2018-04-04,27.139999,27.209999,26.5,26.6,619597.0
2018-04-05,27.0,27.0,25.65,26.200001,772299.0
2018-04-06,26.0,26.200001,25.65,25.98,351387.0
2018-04-09,25.950001,25.950001,25.200001,25.200001,151910.0
2018-04-10,25.49,25.5,25.1,25.139999,363482.0
2018-04-11,25.370001,25.370001,25.0,25.0,405769.0
2018-04-12,24.799999,24.799999,23.26,23.700001,442977.0
2018-04-13,23.049999,24.389999,22.76,23.950001,774481.0
2018-04-16,24.110001,24.6,23.5,23.75,149818.0
2018-04-17,23.75,23.75,23.0,23.040001,281884.0
2018-04-18,23.0,24.0,23.0,24.0,611609.0
2018-04-19,24.049999,25.280001,24.049999,25.0,177382.0
2018-04-20,25.4,25.74,25.1,25.290001,152026.0
2018-04-23,25.290001,25.540001,24.549999,24.549999,132116.0
2018-04-24,24.9,24.9,24.559999,24.559999,73090.0
2018-04-25,24.879999,24.98,24.559999,24.6,69314.0
2018-04-26,24.9,25.190001,24.610001,24.639999,238117.0
2018-04-27,25.0,25.0,24.700001,24.799999,125930.0
2018-04-30,24.799999,25.0,24.73,24.85,85637.0
2018-05-02,25.0,25.0,24.690001,24.780001,352361.0
2018-05-03,25.0,25.0,24.0,24.0,335314.0
2018-05-04,24.0,24.0,23.0,23.129999,406313.0
2018-05-07,23.4,24.0,23.299999,23.6,179220.0
2018-05-08,23.700001,23.700001,23.360001,23.360001,53726.0
2018-05-09,23.51,23.780001,23.51,23.559999,3270.0
2018-05-10,23.73,23.9,23.620001,23.620001,44167.0
2018-05-11,23.83,23.83,23.620001,23.780001,56712.0
2018-05-14,23.5,23.75,22.85,22.85,210687.0
2018-05-15,23.0,23.200001,22.4,22.41,490701.0
2018-05-16,22.4,22.450001,21.299999,22.0,790206.0
2018-05-17,22.85,23.299999,22.4,22.4,65636.0
2018-05-18,23.0,23.0,22.41,22.5,86955.0
2018-05-21,23.0,23.0,22.1,22.1,43919.0
2018-05-22,22.59,22.59,22.1,22.1,44577.0
2018-05-23,22.120001,22.4,22.0,22.0,91665.0
2018-05-24,22.0,22.0,21.6,21.6,46010.0
2018-05-28,21.1,21.4,21.01,21.299999,834345.0
2018-05-29,21.280001,21.5,21.1,21.26,105095.0
2018-05-30,21.200001,22.48,21.200001,21.700001,257013.0
2018-05-31,21.76,22.15,21.5,21.5,707068.0
2018-06-01,22.0,22.889999,22.0,22.15,162181.0
2018-06-04,22.190001,22.209999,21.469999,21.5,201147.0
2018-06-05,21.5,21.690001,21.0,21.41,1173895.0
2018-06-06,21.41,21.58,21.190001,21.299999,302035.0
2018-06-07,21.41,21.41,21.33,21.41,168000.0
2018-06-08,21.6,21.700001,21.379999,21.700001,68771.0
2018-06-11,21.700001,21.790001,21.4,21.42,629213.0
2018-06-12,21.549999,21.549999,21.4,21.4,110400.0
2018-06-13,21.389999,21.389999,20.9,20.99,809585.0
2018-06-14,21.25,21.25,20.049999,20.110001,704636.0
2018-06-18,20.120001,20.49,20.120001,20.200001,118635.0
2018-06-19,20.219999,21.17,20.01,20.01,246555.0
2018-06-20,20.9,20.9,20.200001,20.200001,11749.0
2018-06-21,20.77,21.0,20.5,20.6,79590.0
2018-06-22,20.620001,21.0,20.5,20.5,157148.0
2018-06-25,20.85,20.85,20.299999,20.299999,12975.0
2018-06-26,20.5,20.5,20.01,20.01,102676.0
2018-06-27,20.1,20.1,19.0,19.01,5020739.0
2018-06-28,18.790001,19.0,17.700001,18.049999,1721252.0
2018-06-29,18.450001,18.6,17.709999,17.709999,3434820.0
2018-07-02,18.200001,18.870001,18.1,18.299999,425625.0
2018-07-03,18.299999,18.299999,17.700001,17.889999,299802.0
2018-07-04,17.889999,17.99,17.700001,17.799999,584442.0
2018-07-05,17.950001,18.65,17.9,18.5,349845.0
2018-07-06,18.690001,19.48,18.299999,18.799999,571546.0
2018-07-09,18.75,18.75,18.120001,18.120001,147749.0
2018-07-10,18.67,18.67,18.17,18.209999,30749.0
2018-07-11,18.120001,18.120001,17.709999,17.799999,258022.0
2018-07-12,18.24,18.24,17.73,18.0,11222.0
2018-07-13,17.92,18.0,17.6,17.85,238235.0
2018-07-16,17.700001,18.219999,17.700001,18.0,21825.0
2018-07-17,17.99,17.99,17.85,17.98,90646.0
2018-07-18,18.0,18.0,17.860001,17.9,501046.0
2018-07-19,17.9,18.0,17.879999,17.879999,168574.0
2018-07-20,18.0,18.35,18.0,18.129999,360949.0
2018-07-23,18.389999,18.73,18.139999,18.290001,64181.0
2018-07-24,18.290001,18.6,18.0,18.059999,207084.0
2018-07-25,18.200001,18.290001,18.0,18.290001,371710.0
2018-07-26,18.209999,18.299999,18.040001,18.049999,109819.0
2018-07-27,18.049999,18.190001,17.93,18.02,226645.0
2018-07-31,18.01,18.24,18.01,18.129999,282324.0
2018-08-01,18.139999,18.700001,18.129999,18.459999,79118.0
2018-08-02,18.549999,18.74,18.5,18.530001,47533.0
2018-08-03,18.719999,18.75,18.25,18.25,128439.0
2018-08-06,18.299999,18.5,18.299999,18.299999,20902.0
2018-08-07,18.48,18.49,18.16,18.16,29989.0
2018-08-08,18.209999,18.4,18.200001,18.280001,11705.0
2018-08-09,18.17,18.389999,18.17,18.25,16931.0
2018-08-10,18.299999,18.299999,17.950001,18.129999,186183.0
2018-08-13,18.200001,18.290001,18.030001,18.040001,35696.0
2018-08-15,18.1,18.370001,17.950001,18.0,178697.0
2018-08-16,18.0,18.290001,17.700001,17.700001,266014.0
2018-08-17,17.700001,17.940001,17.6,17.799999,189033.0
2018-08-24,17.85,17.91,17.719999,17.799999,42689.0
2018-08-27,17.85,17.98,17.77,17.780001,44625.0
2018-08-28,17.950001,17.950001,17.75,17.76,27123.0
2018-08-29,17.950001,17.959999,17.4,17.4,51875.0
2018-08-30,17.299999,17.299999,16.92,17.0,548931.0
2018-08-31,17.0,17.49,16.950001,16.959999,94898.0
2018-09-03,15.55,16.200001,15.55,16.1,469065.0
2018-09-04,16.17,16.17,15.91,16.0,63125.0
2018-09-05,16.0,16.040001,15.79,15.79,91452.0
2018-09-06,15.53,15.87,15.0,15.0,219510.0
2018-09-07,14.9,14.9,14.01,14.01,365517.0
2018-09-10,14.05,15.0,14.05,14.9,124620.0
2018-09-12,14.99,15.7,14.91,15.32,456284.0
2018-09-13,15.6,16.799999,15.6,16.15,545220.0
2018-09-14,16.5,16.5,16.200001,16.35,191155.0
2018-09-17,16.370001,16.75,15.7,16.0,109885.0
2018-09-18,16.02,16.450001,16.0,16.18,301862.0
2018-09-19,15.4,15.49,14.7,14.7,273877.0
2018-09-20,15.2,15.2,14.51,14.6,41881.0
2018-09-21,14.99,15.0,14.7,14.7,214646.0
2018-09-24,15.0,15.0,14.72,14.85,9852.0
2018-09-25,15.24,15.24,14.86,15.0,58413.0
2018-09-26,15.23,15.23,14.95,15.0,35465.0
2018-09-27,15.19,15.19,14.91,14.99,36597.0
2018-09-28,15.0,15.13,14.6,14.75,126646.0
2018-10-01,14.84,14.84,13.28,13.99,574103.0
2018-10-02,14.0,14.63,14.0,14.63,119858.0
2018-10-03,14.95,15.44,14.7,14.7,220630.0
2018-10-04,14.89,14.9,14.7,14.7,100069.0
2018-10-05,14.7,14.88,14.53,14.7,36655.0
2018-10-08,14.7,14.84,14.27,14.3,53121.0
2018-10-09,14.3,14.31,13.8,14.15,964754.0
2018-10-10,14.26,14.37,14.03,14.26,34199.0
2018-10-11,14.37,14.37,14.07,14.2,76861.0
2018-10-12,14.37,14.37,14.0,14.0,148632.0
2018-10-15,14.2,14.26,14.0,14.1,34501.0
2018-10-16,14.28,14.28,14.03,14.26,18854.0
2018-10-17,14.2,14.28,14.1,14.15,76365.0
2018-10-18,14.28,14.28,13.9,13.96,90589.0
2018-10-19,14.15,14.19,13.97,13.98,147337.0
2018-10-22,14.2,14.2,13.7,13.7,122921.0
2018-10-23,13.72,13.87,13.42,13.49,838002.0
2018-10-24,13.6,13.85,13.5,13.5,223591.0
2018-10-25,13.5,13.73,13.22,13.22,59266.0
2018-10-26,13.5,13.5,13.1,13.2,633162.0
2018-10-29,13.45,13.45,13.1,13.2,4609.0
2018-10-30,13.2,13.2,13.02,13.07,456631.0
2018-10-31,13.08,13.08,12.55,12.55,703911.0
2018-11-01,12.8,12.93,12.46,12.53,261420.0
2018-11-02,12.53,12.89,12.42,12.6,261462.0
2018-11-05,12.6,13.35,12.6,13.0,652117.0
2018-11-07,13.2,13.6,13.05,13.08,658091.0
2018-11-08,13.25,13.53,13.08,13.28,356151.0
2018-11-09,13.35,13.49,13.3,13.3,45881.0
2018-11-12,13.33,13.82,13.33,13.62,512151.0
2018-11-13,13.82,13.84,13.5,13.68,181534.0
2018-11-14,13.79,13.82,13.5,13.7,123659.0
2018-11-15,13.78,14.35,13.78,14.11,470679.0
2018-11-16,14.35,14.86,14.3,14.86,705673.0
2018-11-19,15.0,16.34,15.0,16.200001,1166376.0
2018-11-22,16.33,16.33,14.59,14.59,1372076.0
2018-11-23,14.5,14.5,13.45,13.45,765888.0
2018-11-26,13.8,14.19,13.45,14.02,133842.0
2018-11-27,13.9,14.38,13.9,14.01,212127.0
2018-11-28,14.0,14.8,13.95,14.8,50261.0
2018-11-29,14.69,14.8,14.5,14.7,693023.0
2018-11-30,14.7,15.17,14.7,15.14,700550.0
2018-12-03,15.2,15.46,15.14,15.38,441202.0
2018-12-04,15.41,15.9,15.01,15.22,442607.0
2018-12-05,15.45,15.45,14.6,14.7,253771.0
2018-12-06,14.61,14.85,14.51,14.64,99242.0
2018-12-07,14.93,14.93,14.15,14.15,232531.0
2018-12-10,14.44,14.78,14.27,14.29,89422.0
2018-12-11,14.5,14.5,14.29,14.32,156511.0
2018-12-12,14.3,14.68,14.0,14.5,168663.0
2018-12-13,14.65,14.65,14.4,14.5,20360.0
2018-12-14,14.5,14.56,14.24,14.24,47467.0
2018-12-17,14.4,14.49,14.06,14.23,114145.0
2018-12-18,14.24,14.67,14.24,14.51,458191.0
2018-12-19,14.77,14.85,14.62,14.76,252191.0
2018-12-20,14.8,14.9,14.51,14.55,110528.0
2018-12-21,14.79,14.79,14.5,14.55,900868.0
2018-12-24,14.55,14.8,14.55,14.8,161914.0
2018-12-25,14.87,15.24,14.87,14.96,402460.0
2018-12-26,15.23,15.24,14.73,14.9,182577.0
2018-12-27,15.0,15.8,14.9,15.8,876490.0
2018-12-28,15.99,16.42,15.85,16.200001,2311439.0
2018-12-31,16.1,17.0,16.0,17.0,2169781.0
2019-01-02,17.25,17.25,16.51,16.700001,64938.0
2019-01-03,16.620001,16.620001,15.6,15.7,174170.0
2019-01-04,14.14,14.14,14.14,14.14,63763.0
2019-01-07,12.96,14.09,12.96,13.81,777132.0
2019-01-08,14.1,14.46,14.1,14.34,320602.0
2019-01-09,14.33,14.4,14.01,14.15,186800.0
2019-01-10,14.3,14.3,13.7,14.0,175759.0
2019-01-14,14.0,14.2,13.86,13.93,100048.0
2019-01-15,13.89,13.98,13.65,13.8,85573.0
2019-01-16,13.68,14.2,13.68,13.98,187889.0
2019-01-17,13.99,14.12,13.9,14.0,112849.0
2019-01-18,14.0,14.0,13.81,13.9,108267.0
2019-01-21,14.14,14.14,13.8,14.0,53578.0
2019-01-22,14.01,14.01,13.91,13.98,72315.0
2019-01-23,14.0,14.0,13.83,13.85,125415.0
2019-01-24,13.85,13.94,13.5,13.61,144234.0
2019-01-25,13.56,13.78,13.56,13.6,165012.0
2019-01-28,13.78,13.99,13.7,13.99,88012.0
2019-01-29,14.0,14.2,13.9,14.1,100565.0
2019-01-30,14.19,14.26,13.9,14.09,11122.0
2019-01-31,14.16,14.18,13.8,14.0,103282.0
2019-02-01,14.0,14.0,13.6,13.6,98089.0
2019-02-04,13.86,13.9,13.64,13.65,24988.0
2019-02-05,13.9,13.9,13.61,13.65,117190.0
2019-02-06,13.75,13.75,13.62,13.65,36561.0
2019-02-07,13.75,13.76,13.62,13.65,33412.0
2019-02-08,13.74,13.75,13.63,13.66,56157.0
2019-02-11,13.65,13.74,13.21,13.4,258548.0
2019-02-12,13.49,13.49,13.2,13.48,42121.0
2019-02-13,13.29,13.46,13.29,13.35,3820.0
2019-02-14,13.32,13.45,12.96,13.0,326859.0
2019-02-15,13.0,13.19,12.97,13.0,104026.0
2019-02-18,13.23,13.38,13.01,13.25,13700.0
2019-02-19,13.1,13.37,13.0,13.13,35895.0
2019-02-20,13.22,13.29,13.05,13.19,16905.0
2019-02-21,13.28,13.28,13.05,13.15,10704.0
2019-02-22,13.05,13.1,13.05,13.1,26068.0
2019-02-25,13.28,13.28,13.0,13.0,155248.0
2019-02-26,13.27,13.27,12.8,12.8,128426.0
2019-02-27,13.0,13.0,12.8,12.8,41262.0
2019-02-28,12.61,12.95,12.6,12.8,129733.0
2019-03-01,12.95,12.95,12.7,12.7,6899.0
2019-03-04,12.8,12.93,12.71,12.91,8728.0
2019-03-05,12.9,13.08,12.9,13.0,30625.0
2019-03-06,12.9,12.9,12.76,12.8,15503.0
2019-03-07,13.0,13.0,12.72,12.75,22903.0
2019-03-08,12.6,12.88,12.6,12.7,72313.0
2019-03-11,12.7,12.78,12.12,12.45,59196.0
2019-03-12,12.45,12.5,12.42,12.5,47188.0
2019-03-13,12.41,12.47,12.3,12.37,28070.0
2019-03-14,12.32,12.48,12.28,12.28,39450.0
2019-03-15,12.3,12.35,12.21,12.24,31393.0
2019-03-18,12.3,12.3,12.12,12.12,40821.0
2019-03-19,12.28,12.28,12.15,12.15,20667.0
2019-03-20,12.28,12.29,12.11,12.18,22384.0
2019-03-21,12.27,12.27,12.18,12.18,24721.0
2019-03-22,12.2,12.25,12.18,12.2,16282.0
2019-03-25,12.16,12.22,12.15,12.2,18655.0
2019-03-26,12.16,12.3,12.15,12.3,28197.0
2019-03-27,12.3,12.99,12.2,12.6,284566.0
2019-03-28,12.99,13.25,12.9,12.9,302215.0
2019-03-29,11.62,11.62,11.62,11.62,87621.0
2019-04-01,11.3,11.45,10.71,10.76,468518.0
2019-04-02,10.8,11.0,10.74,10.8,84943.0
2019-04-03,10.9,10.9,10.1,10.59,296829.0
2019-04-04,10.75,11.09,10.6,11.0,326799.0
2019-04-05,11.15,11.38,11.0,11.12,112063.0
2019-04-08,11.3,11.67,11.17,11.46,56370.0
2019-04-09,11.5,11.93,11.5,11.7,261581.0
2019-04-10,11.92,11.92,11.76,11.81,48226.0
2019-04-11,11.83,12.48,11.83,12.39,321615.0
2019-04-12,11.9,12.38,11.5,11.5,229260.0
2019-04-15,11.46,12.0,11.46,11.8,6065.0
2019-04-16,11.8,11.9,11.45,11.7,65026.0
2019-04-17,11.9,11.9,11.63,11.7,11770.0
2019-04-18,11.88,11.88,11.2,11.7,210039.0
2019-04-19,11.58,11.8,11.25,11.7,35410.0
2019-04-22,11.7,11.78,11.62,11.74,21384.0
2019-04-23,11.7,11.8,11.5,11.79,38821.0
2019-04-24,11.52,11.69,11.5,11.6,81382.0
2019-04-25,11.51,11.51,11.35,11.35,20456.0
2019-04-26,11.49,11.67,11.32,11.32,18506.0
2019-04-29,11.5,11.59,11.5,11.54,14746.0
2019-04-30,11.54,11.7,11.54,11.59,17581.0
2019-05-02,11.7,11.7,11.56,11.65,5434.0
2019-05-03,11.57,11.65,11.5,11.5,15560.0
2019-05-06,11.4,11.6,11.4,11.55,11580.0
2019-05-07,11.53,11.53,11.4,11.45,73553.0
2019-05-08,11.51,11.51,11.45,11.5,13918.0
2019-05-09,11.45,11.45,11.4,11.45,27775.0
2019-05-10,11.42,11.45,11.38,11.38,7066.0
2019-05-13,11.34,11.45,11.31,11.4,126169.0
2019-05-14,11.33,11.4,11.25,11.29,50379.0
2019-05-15,11.4,11.4,11.0,11.0,66235.0
2019-05-16,10.81,11.2,10.8,10.9,67889.0
2019-05-17,10.84,10.94,10.83,10.85,71741.0
2019-05-20,10.95,10.97,10.85,10.85,170018.0
2019-05-21,10.85,10.99,10.8,10.8,61401.0
2019-05-22,10.65,10.9,10.61,10.65,26973.0
2019-05-23,10.85,10.86,10.6,10.6,104547.0
2019-05-24,10.46,10.72,10.46,10.49,89842.0
2019-05-27,10.6,10.76,10.22,10.24,14029.0
2019-05-28,10.47,10.48,10.3,10.4,82101.0
2019-05-29,10.45,10.45,10.35,10.38,24898.0
2019-05-30,10.45,10.45,10.3,10.39,55844.0
2019-05-31,10.4,10.79,10.25,10.25,194202.0
2019-06-03,10.26,10.45,10.26,10.29,59700.0
2019-06-04,10.3,10.58,10.3,10.36,29726.0
2019-06-10,10.49,10.49,10.37,10.45,70285.0
2019-06-11,10.56,10.56,10.48,10.5,29368.0
2019-06-12,10.55,10.66,10.48,10.55,10560.0
2019-06-13,10.52,10.66,10.38,10.5,40920.0
2019-06-14,10.41,10.5,10.38,10.4,50638.0
2019-06-17,10.4,10.48,10.35,10.36,43573.0
2019-06-18,10.38,10.4,9.96,10.1,962171.0
2019-06-19,10.0,10.1,10.0,10.01,105453.0
2019-06-20,10.0,10.18,10.0,10.15,63458.0
2019-06-21,10.19,10.2,10.04,10.1,89682.0
2019-06-24,10.04,10.09,9.96,10.0,80923.0
2019-06-25,10.0,10.05,9.95,10.0,55256.0
2019-06-26,9.94,10.0,9.85,9.9,137107.0
2019-06-27,9.97,9.97,9.87,9.95,113948.0
2019-06-28,9.98,9.98,9.85,9.85,962999.0
2019-07-01,9.85,9.9,9.82,9.84,20678.0
2019-07-02,9.92,9.92,9.21,9.21,125289.0
2019-07-03,9.13,9.8,9.13,9.8,125894.0
2019-07-04,9.8,10.2,9.55,10.2,61142.0
2019-07-05,10.2,10.4,10.04,10.2,102125.0
2019-07-08,10.3,10.3,10.07,10.2,20945.0
2019-07-09,10.29,10.35,10.1,10.29,15281.0
2019-07-10,10.28,10.4,10.2,10.4,14514.0
2019-07-11,10.31,10.43,10.27,10.35,34842.0
2019-07-12,10.38,10.38,10.1,10.1,79621.0
2019-07-15,10.13,10.33,10.0,10.0,52135.0
2019-07-16,9.9,10.07,9.87,10.0,58288.0
2019-07-17,10.0,10.15,9.95,9.99,61246.0
2019-07-18,10.1,10.19,9.96,10.0,44434.0
2019-07-19,10.0,10.0,9.92,9.95,66745.0
2019-07-22,10.0,10.0,9.94,9.94,20786.0
2019-07-23,10.0,10.0,9.92,9.95,22028.0
2019-07-24,9.92,9.99,9.9,9.95,26669.0
2019-07-25,9.95,9.95,9.91,9.94,42335.0
2019-07-26,9.94,9.95,9.91,9.93,38314.0
2019-07-29,9.93,9.95,9.92,9.92,15453.0
2019-07-31,9.94,9.95,9.5,9.5,111072.0
2019-08-01,9.5,9.770001,9.5,9.55,34464.0
2019-08-02,9.7,9.74,9.55,9.7,31163.0
2019-08-05,9.79,9.79,9.65,9.7,4291.0
2019-08-06,9.59,9.8,9.59,9.7,25207.0
2019-08-07,9.69,9.78,9.65,9.7,18366.0
2019-08-08,9.7,9.7,9.53,9.7,16690.0
2019-08-09,9.74,9.75,9.68,9.7,5900.0
2019-08-15,9.7,9.9,9.66,9.9,8849.0
2019-08-16,9.9,10.2,9.9,9.96,41046.0
2019-08-19,10.13,10.19,10.03,10.08,16658.0
2019-08-22,10.12,10.14,9.9,9.9,67176.0
2019-08-23,10.0,10.13,9.91,9.95,7528.0
2019-08-26,10.1,10.1,9.97,10.0,69186.0
2019-08-27,10.1,10.15,9.95,10.0,84772.0
2019-08-28,10.0,10.0,9.85,9.9,44245.0
2019-08-29,9.96,10.0,9.8,10.0,23978.0
2019-08-30,9.83,9.83,9.5,9.66,157105.0
2019-09-02,9.9,9.9,9.61,9.67,15209.0
2019-09-03,9.75,9.770001,9.67,9.74,10377.0
2019-09-04,9.67,9.74,9.51,9.7,26866.0
2019-09-05,9.69,9.69,9.51,9.6,79712.0
2019-09-06,9.69,9.69,9.4,9.4,133670.0
2019-09-09,9.46,9.59,9.36,9.4,57308.0
2019-09-10,9.48,9.63,9.44,9.56,7398.0
2019-09-11,9.6,9.6,9.520001,9.6,55645.0
2019-09-12,9.55,9.72,9.55,9.6,13773.0
2019-09-13,9.65,9.71,9.55,9.6,22031.0
2019-09-16,9.56,9.6,9.43,9.43,21346.0
2019-09-17,9.48,9.59,9.48,9.520001,8524.0
2019-09-18,9.51,9.58,9.48,9.48,16305.0
2019-09-19,9.56,9.56,9.48,9.48,53345.0
2019-09-20,9.44,9.48,9.36,9.48,38770.0
2019-09-23,9.5,9.56,9.3,9.3,20501.0
2019-09-24,9.4,9.4,9.020001,9.15,56402.0
2019-09-25,9.15,9.15,8.95,9.15,117086.0
2019-09-26,9.13,9.13,8.79,9.1,66428.0
2019-09-27,9.0,9.0,8.83,8.98,104832.0
2019-09-30,9.5,9.66,9.25,9.5,776486.0
2019-10-01,9.5,10.1,9.5,9.78,209664.0
2019-10-02,9.78,9.93,9.31,9.49,68284.0
2019-10-03,9.49,9.5,9.42,9.5,10935.0
2019-10-04,9.5,9.5,9.45,9.5,21827.0
2019-10-07,9.65,9.65,9.41,9.5,5536.0
2019-10-08,9.5,9.5,9.38,9.5,22493.0
2019-10-09,9.42,9.48,9.4,9.48,8901.0
2019-10-10,9.4,9.95,9.4,9.45,84239.0
2019-10-11,9.73,9.8,9.45,9.5,77233.0
2019-10-14,9.73,9.73,9.29,9.29,63005.0
2019-10-15,9.59,9.59,9.3,9.4,3588.0
2019-10-16,9.23,9.38,9.15,9.270001,27023.0
2019-10-17,9.270001,9.35,9.2,9.32,2851.0
2019-10-18,9.32,9.32,9.0,9.0,108069.0
2019-10-21,9.23,9.23,9.05,9.14,10098.0
2019-10-22,9.18,9.2,9.11,9.15,20951.0
2019-10-23,9.17,9.2,9.12,9.2,90056.0
2019-10-24,9.2,9.28,9.07,9.1,25227.0
2019-10-25,9.1,9.1,9.0,9.0,62867.0
2019-10-28,9.0,9.15,8.92,9.0,38565.0
2019-10-29,9.0,9.0,8.97,9.0,25869.0
2019-10-30,8.98,9.0,8.97,8.98,366594.0
2019-10-31,9.0,9.0,8.95,8.95,28239.0
2019-11-01,8.96,9.0,8.8,9.0,50016.0
2019-11-04,9.0,9.0,8.9,8.9,31513.0
2019-11-05,9.0,9.08,8.76,8.76,84372.0
2019-11-07,8.86,8.95,8.76,8.88,29987.0
2019-11-08,8.9,8.92,8.8,8.8,33486.0
2019-11-12,8.88,8.94,8.8,8.8,19217.0
2019-11-13,8.91,8.91,8.75,8.8,513231.0
2019-11-14,8.8,8.88,8.7,8.8,54397.0
2019-11-15,8.8,8.84,8.7,8.82,32590.0
2019-11-19,8.82,8.89,8.6,8.7,67868.0
2019-11-20,8.79,8.79,8.4,8.45,116099.0
2019-11-21,8.45,8.45,7.99,8.0,267118.0
2019-11-22,8.14,8.4,8.07,8.1,292499.0
2019-11-25,8.28,8.5,8.0,8.0,122410.0
2019-11-26,8.0,8.09,7.44,7.5,440973.0
2019-11-27,7.52,7.85,7.52,7.85,102161.0
2019-11-28,7.86,8.19,7.86,8.0,1001419.0
2019-11-29,8.020001,8.2,8.020001,8.11,65767.0
2019-12-02,8.35,8.35,8.0,8.05,94384.0
2019-12-03,8.05,8.05,7.8,7.82,149732.0
2019-12-04,7.95,7.95,7.82,7.85,75253.0
2019-12-05,7.97,8.15,7.97,8.12,106807.0
2019-12-06,8.8,8.93,8.8,8.92,639284.0
2019-12-09,9.15,9.6,8.68,9.3,1013843.0
2019-12-10,9.65,9.79,9.5,9.55,1306604.0
2019-12-11,9.64,9.79,9.35,9.37,480067.0
2019-12-12,9.37,9.53,9.06,9.3,299935.0
2019-12-13,9.33,9.6,9.33,9.58,176330.0
2019-12-16,9.69,10.53,9.69,10.53,614280.0
2019-12-17,10.98,11.58,10.98,11.48,900017.0
2019-12-18,11.5,11.9,10.6,10.7,708604.0
2019-12-19,10.66,10.97,10.02,10.8,237682.0
2019-12-20,10.89,11.5,10.81,11.5,821911.0
2019-12-23,11.65,12.64,11.65,12.64,1890848.0
2019-12-24,13.9,13.9,13.15,13.9,2202089.0
2019-12-25,13.89,14.65,13.5,13.74,5004607.0
2019-12-26,13.0,13.45,12.37,12.37,1936686.0
2019-12-27,11.2,12.77,11.2,12.48,3519334.0
2019-12-30,12.48,12.59,11.63,12.59,1940591.0
2019-12-31,12.5,12.5,11.34,11.34,658612.0
2020-01-02,11.0,11.0,10.22,10.38,637529.0
2020-01-03,10.35,10.4,9.520001,10.4,958459.0
2020-01-06,10.5,11.19,10.5,10.5,429366.0
2020-01-07,10.41,10.6,9.49,9.49,1360724.0
2020-01-08,9.3,9.68,8.8,9.24,481871.0
2020-01-09,9.47,9.74,9.07,9.41,179511.0
2020-01-10,9.42,9.88,9.23,9.23,73111.0
2020-01-13,9.270001,9.44,9.15,9.15,47757.0
2020-01-14,9.270001,9.270001,8.91,9.18,258919.0
2020-01-15,9.14,9.68,9.14,9.34,69155.0
2020-01-16,9.5,9.68,9.41,9.55,53616.0
2020-01-17,9.45,10.1,9.45,10.0,281703.0
2020-01-20,10.4,10.4,10.04,10.18,53378.0
2020-01-21,10.23,10.34,9.76,9.8,128236.0
2020-01-22,9.8,10.0,9.7,9.8,86506.0
2020-01-23,9.99,9.99,9.25,9.5,193334.0
2020-01-24,9.5,9.5,8.91,9.08,582661.0
2020-01-27,9.15,9.5,9.15,9.18,38340.0
2020-01-28,9.47,9.47,9.13,9.15,50225.0
2020-01-29,9.2,9.38,9.2,9.36,19543.0
2020-01-30,9.34,9.38,9.22,9.270001,24537.0
2020-01-31,9.38,9.5,9.270001,9.29,22829.0
2020-02-03,9.4,9.44,9.31,9.31,12457.0
2020-02-04,9.31,9.54,9.31,9.5,140344.0
2020-02-05,9.6,9.66,9.47,9.5,17719.0
2020-02-06,9.69,9.69,9.47,9.5,32661.0
2020-02-07,9.6,9.69,9.5,9.5,82860.0
2020-02-10,9.49,9.65,9.34,9.4,26123.0
2020-02-11,9.5,9.5,9.3,9.3,40752.0
2020-02-12,9.47,9.47,9.3,9.42,112115.0
2020-02-13,9.4,9.45,9.21,9.4,20618.0
2020-02-14,9.38,9.38,8.95,9.0,328354.0
2020-02-17,9.36,9.36,8.8,8.99,63318.0
2020-02-18,9.0,9.0,8.82,8.96,57579.0
2020-02-19,9.0,9.1,8.84,9.0,89325.0
2020-02-20,9.09,9.09,8.94,9.0,119390.0
2020-02-21,9.03,9.03,8.91,9.020001,108588.0
2020-02-24,8.95,9.24,8.95,9.0,258881.0
2020-02-25,9.15,9.19,8.86,8.99,79520.0
2020-02-26,8.87,9.09,8.73,8.73,111311.0
2020-02-27,8.73,8.88,8.72,8.770001,39033.0
2020-02-28,8.95,8.99,8.35,8.4,206824.0
2020-03-02,8.4,8.7,8.4,8.5,80258.0
2020-03-03,8.49,8.49,8.25,8.34,95730.0
2020-03-04,8.3,8.45,8.2,8.24,43659.0
2020-03-05,8.4,8.54,8.16,8.16,54697.0
2020-03-06,8.2,8.37,8.1,8.1,61570.0
2020-03-09,7.45,8.1,7.3,7.51,440424.0
2020-03-10,7.6,8.26,7.6,8.26,191429.0
2020-03-11,8.41,8.42,8.0,8.23,124185.0
2020-03-12,8.06,8.17,7.7,7.7,165731.0
2020-03-13,7.75,7.98,7.5,7.8,220024.0
2020-03-16,7.5,7.65,7.03,7.03,140589.0
2020-03-17,6.75,6.75,6.75,6.75,40590.0
2020-03-18,6.49,6.49,6.49,6.49,22633.0
2020-03-19,6.24,6.74,6.24,6.74,287038.0
2020-03-20,6.77,7.0,6.77,7.0,125279.0
2020-03-23,7.27,7.27,7.27,7.27,223981.0
2020-03-24,7.53,7.53,7.3,7.3,179653.0
2020-03-25,7.3,7.3,7.01,7.01,187636.0
2020-03-26,6.73,6.97,6.73,6.77,120935.0
2020-03-27,6.71,6.94,6.58,6.7,193148.0
2020-03-30,6.77,6.84,6.76,6.76,69701.0
2020-03-31,6.61,6.68,6.49,6.64,208258.0
2020-04-01,6.63,6.63,6.45,6.45,98038.0
2020-04-02,6.54,6.54,6.38,6.46,69835.0
2020-04-03,6.66,6.71,6.5,6.55,18614.0
2020-04-06,6.54,6.54,6.38,6.39,57920.0
2020-04-07,6.54,6.54,6.4,6.44,21233.0
2020-04-08,6.49,6.54,6.44,6.51,68882.0
2020-04-09,6.67,6.67,6.53,6.62,42205.0
2020-04-10,6.64,6.78,6.64,6.65,25643.0
2020-04-13,6.65,6.77,6.61,6.7,6060.0
2020-04-14,6.6,6.74,6.6,6.61,15014.0
2020-04-15,6.74,6.74,6.51,6.51,16312.0
2020-04-16,6.65,6.65,6.5,6.52,53234.0
2020-04-17,6.65,6.65,6.52,6.64,5459.0
2020-04-20,6.62,6.65,6.39,6.39,175614.0
2020-04-21,6.38,6.38,6.14,6.14,127155.0
2020-04-22,5.95,6.1,5.9,5.9,179451.0
2020-04-23,5.92,6.02,5.67,5.67,167027.0
2020-04-24,5.61,5.8,5.6,5.78,93427.0
2020-04-27,5.88,5.91,5.66,5.7,160924.0
2020-04-28,5.8,5.92,5.8,5.92,80084.0
2020-04-29,5.99,6.1,5.9,5.93,13831091.0
2020-04-30,5.94,6.04,5.7,5.9,361869.0
2020-05-04,5.71,5.9,5.71,5.9,78804.0
2020-05-05,5.95,5.95,5.71,5.85,247033.0
2020-05-06,5.9,6.08,5.8,6.08,109498.0
2020-05-07,6.32,6.32,6.32,6.32,57757.0
2020-05-08,6.57,6.57,6.57,6.57,91957.0
2020-05-11,6.57,6.83,6.57,6.83,266994.0
2020-05-12,7.1,7.1,6.59,6.7,543539.0
2020-05-13,6.44,6.48,6.44,6.44,116990.0
2020-05-14,6.25,6.59,6.25,6.34,269610.0
2020-05-15,6.41,6.59,6.41,6.59,77552.0
2020-05-18,6.85,6.85,6.85,6.85,55128.0
2020-05-19,6.8,6.98,6.61,6.61,176004.0
2020-05-20,6.5,6.71,6.46,6.7,85219.0
2020-05-21,6.7,6.86,6.58,6.7,43098.0
2020-05-22,6.7,6.7,6.5,6.68,74391.0
2020-05-26,6.65,6.74,6.6,6.73,85097.0
2020-05-27,6.89,6.9,6.8,6.89,88147.0
2020-05-28,6.95,6.95,6.73,6.95,302550.0
2020-05-29,7.1,7.22,7.1,7.22,809172.0
2020-06-01,7.5,7.5,7.5,7.5,59476.0
2020-06-02,7.76,7.79,7.7,7.79,571096.0
2020-06-03,8.1,8.1,7.96,8.1,679771.0
2020-06-04,8.18,8.18,7.78,7.78,548802.0
2020-06-05,7.77,7.77,7.47,7.47,560083.0
2020-06-08,7.36,7.72,7.35,7.6,443757.0
2020-06-09,7.87,7.9,7.61,7.74,248660.0
2020-06-10,7.74,7.87,7.74,7.8,142869.0
2020-06-11,7.8,7.84,7.52,7.6,355811.0
2020-06-12,7.56,7.68,7.5,7.6,216946.0
2020-06-15,7.69,7.69,7.55,7.6,73026.0
2020-06-16,7.66,7.78,7.65,7.73,85015.0
2020-06-17,8.0,8.03,7.91,8.03,325135.0
2020-06-18,8.25,8.25,7.9,7.93,447424.0
2020-06-19,7.88,7.93,7.76,7.8,193333.0
2020-06-22,7.96,7.96,7.74,7.8,59908.0
2020-06-23,7.8,7.8,7.74,7.76,49176.0
2020-06-24,7.6,7.62,7.47,7.5,430155.0
2020-06-25,7.5,7.6,7.21,7.21,296610.0
2020-06-26,7.1,7.3,7.03,7.2,337156.0
2020-06-29,7.2,7.3,7.0,7.0,499805.0
2020-06-30,7.0,7.17,6.94,7.0,47932.0
2020-07-01,7.0,7.15,6.96,7.15,28278.0
2020-07-02,7.2,7.2,7.12,7.16,46918.0
2020-07-03,7.18,7.3,7.1,7.25,176796.0
2020-07-06,7.12,7.28,7.11,7.22,33680.0
2020-07-07,7.23,7.23,6.94,7.08,94185.0
2020-07-08,7.12,7.15,6.97,7.0,67545.0
2020-07-09,7.02,7.13,7.0,7.12,19919.0
2020-07-10,7.02,7.18,7.02,7.16,23534.0
2020-07-13,7.03,7.27,7.03,7.18,16205.0
2020-07-14,7.03,7.18,7.03,7.1,41431.0
2020-07-15,7.0,7.1,6.97,7.01,112245.0
2020-07-16,7.01,7.05,6.9,6.9,205703.0
2020-07-17,6.9,6.99,6.9,6.97,11796.0
2020-07-20,6.98,7.24,6.98,7.11,204416.0
2020-07-21,7.15,7.15,6.96,7.05,39906.0
2020-07-22,7.05,7.09,6.99,7.06,22482.0
2020-07-23,7.06,7.06,6.91,6.92,114613.0
2020-07-24,6.92,6.92,6.73,6.74,280142.0
2020-07-27,6.58,6.8,6.58,6.74,67547.0
2020-07-28,6.65,6.83,6.65,6.8,38203.0
2020-07-29,6.61,6.9,6.61,6.78,51306.0
2020-08-03,6.93,6.93,6.8,6.87,28707.0
2020-08-04,6.71,6.83,6.6,6.6,83556.0
2020-08-05,6.7,6.7,6.55,6.66,27160.0
2020-08-06,6.7,6.74,6.64,6.68,10285.0
2020-08-07,6.72,6.73,6.68,6.68,15849.0
2020-08-10,6.72,6.72,6.61,6.61,42505.0
2020-08-11,6.61,6.73,6.61,6.68,41481.0
2020-08-12,6.64,6.73,6.6,6.6,46429.0
2020-08-13,6.68,6.68,6.6,6.62,40761.0
2020-08-17,6.6,6.69,6.5,6.69,201673.0
2020-08-18,6.9,6.92,6.7,6.86,265560.0
2020-08-19,6.89,6.9,6.78,6.81,24674.0
2020-08-24,6.8,6.88,6.6,6.6,189237.0
2020-08-25,6.6,6.65,6.5,6.5,89405.0
2020-08-26,6.55,6.6,6.5,6.5,35449.0
2020-08-27,6.51,6.58,6.3,6.42,106509.0
2020-08-28,6.45,6.45,6.3,6.43,159248.0
2020-08-31,6.57,6.57,6.18,6.22,234285.0
2020-09-01,6.11,6.4,6.11,6.4,151651.0
2020-09-02,6.4,6.42,6.25,6.3,49706.0
2020-09-03,6.3,6.39,6.28,6.3,50328.0
2020-09-04,6.27,6.34,6.26,6.33,50318.0
2020-09-07,6.32,6.32,6.24,6.26,59789.0
2020-09-08,6.31,6.31,6.24,6.29,58292.0
2020-09-09,6.3,6.3,6.04,6.16,223924.0
2020-09-10,6.27,6.27,6.14,6.19,68656.0
2020-09-11,6.2,6.29,6.2,6.2,20617.0
2020-09-14,6.37,6.37,6.22,6.23,62820.0
2020-09-15,6.3,6.31,6.25,6.25,69417.0
2020-09-16,6.3,6.3,6.16,6.16,110824.0
2020-09-17,6.18,6.25,6.0,6.13,202349.0
2020-09-18,6.18,6.24,6.15,6.19,7331.0
2020-09-21,6.15,6.18,6.1,6.11,35148.0
2020-09-22,6.15,6.24,6.06,6.07,95398.0
2020-09-23,6.11,6.11,5.94,5.94,209702.0
2020-09-24,5.96,6.02,5.95,6.0,39025.0
2020-09-25,6.0,6.02,5.96,5.98,52275.0
2020-09-28,5.99,6.04,5.97,6.03,8553.0
2020-09-29,5.96,6.09,5.95,5.95,33092.0
2020-09-30,6.05,6.05,5.72,5.82,207306.0
2020-10-01,5.94,5.94,5.8,5.8,108071.0
2020-10-02,5.8,5.85,5.65,5.78,69300.0
2020-10-05,5.78,5.8,5.67,5.8,50580.0
2020-10-06,5.8,5.8,5.71,5.74,54306.0
2020-10-07,5.79,5.87,5.65,5.74,62594.0
2020-10-08,5.67,5.83,5.67,5.74,13983.0
2020-10-09,5.75,5.78,5.7,5.75,53711.0
2020-10-12,5.82,5.85,5.75,5.82,75755.0
2020-10-13,5.89,6.05,5.82,6.0,226439.0
2020-10-14,6.07,6.07,6.0,6.04,12743.0
2020-10-15,6.02,6.1,5.99,6.1,59470.0
2020-10-16,6.01,6.13,6.0,6.0,12514.0
2020-10-19,6.13,6.13,5.77,5.86,112898.0
2020-10-20,5.86,5.92,5.82,5.92,7803.0
2020-10-21,5.87,5.96,5.7,5.78,227133.0
2020-10-22,5.9,5.91,5.6,5.73,128967.0
2020-10-23,5.78,5.92,5.73,5.79,194468.0
2020-10-26,5.84,5.98,5.78,5.91,220292.0
2020-10-27,5.95,5.97,5.8,5.88,511225.0
2020-10-28,5.9,5.9,5.82,5.85,25194.0
2020-11-02,5.8,5.84,5.68,5.73,288813.0
2020-11-03,5.77,5.78,5.68,5.73,18131.0
2020-11-04,5.73,5.73,5.67,5.67,69684.0
2020-11-05,5.67,5.7,5.65,5.67,149316.0
2020-11-09,5.68,5.89,5.64,5.89,146498.0
2020-11-10,5.9,6.09,5.9,5.96,375253.0
2020-11-11,5.97,6.04,5.84,5.95,112959.0
2020-11-12,5.96,5.96,5.9,5.94,34468.0
2020-11-13,5.9,5.94,5.85,5.89,68532.0
2020-11-16,5.95,5.95,5.87,5.92,20703.0
2020-11-17,5.94,6.15,5.94,6.15,361222.0
2020-11-19,6.39,6.39,6.39,6.39,30992.0
2020-11-20,6.64,6.64,6.64,6.64,258000.0
2020-11-23,6.8,6.9,6.42,6.64,899647.0
2020-11-24,6.62,6.7,6.46,6.63,221019.0
2020-11-25,6.64,6.71,6.59,6.62,179955.0
2020-11-26,6.69,6.75,6.44,6.5,359467.0
2020-11-27,6.52,6.65,6.5,6.55,161667.0
2020-11-30,6.55,6.65,6.29,6.3,315362.0
2020-12-01,6.31,6.39,6.05,6.05,218867.0
2020-12-02,6.09,6.24,5.93,6.15,103717.0
2020-12-03,6.27,6.27,6.0,6.15,192885.0
2020-12-04,6.15,6.23,6.01,6.01,141552.0
2020-12-07,6.21,6.21,6.1,6.2,13869.0
2020-12-08,6.2,6.39,6.2,6.3,206223.0
2020-12-09,6.32,6.55,6.32,6.5,188402.0
2020-12-10,6.65,6.72,6.6,6.68,131011.0
2020-12-11,6.94,6.94,6.94,6.94,155046.0
2020-12-14,7.01,7.15,6.88,6.88,629778.0
2020-12-15,6.88,6.88,6.69,6.8,148737.0
2020-12-16,6.8,6.93,6.7,6.8,308902.0
2020-12-17,6.8,6.8,6.7,6.71,84838.0
2020-12-18,6.73,6.79,6.66,6.7,113475.0
2020-12-21,6.62,6.62,6.44,6.44,354886.0
2020-12-22,6.37,6.69,6.37,6.69,147921.0
2020-12-23,6.75,6.89,6.74,6.83,411493.0
2020-12-24,6.74,6.97,6.71,6.85,263740.0
2020-12-25,6.85,6.85,6.7,6.7,398241.0
2020-12-28,6.7,6.76,6.66,6.68,11110.0
2020-12-29,6.7,6.75,6.64,6.65,39835.0
2020-12-30,6.52,6.7,6.48,6.48,77254.0
2020-12-31,6.56,6.56,6.37,6.39,335871.0
2021-01-04,6.59,6.59,6.36,6.45,170676.0
2021-01-05,6.49,6.6,6.45,6.57,93815.0
2021-01-06,6.57,6.8,6.56,6.72,367629.0
2021-01-07,6.74,6.79,6.65,6.7,293189.0
2021-01-08,6.74,6.77,6.56,6.65,25197.0
2021-01-12,6.59,6.68,6.59,6.68,61325.0
2021-01-13,6.68,6.68,6.59,6.6,50941.0
2021-01-14,6.58,6.65,6.46,6.48,145613.0
2021-01-15,6.48,6.73,6.48,6.69,229110.0
2021-01-18,6.75,6.75,6.62,6.66,71847.0
2021-01-19,6.71,6.72,6.59,6.62,142733.0
2021-01-20,6.64,6.69,6.56,6.6,145054.0
2021-01-21,6.63,6.68,6.58,6.62,490211.0
2021-01-22,6.67,6.67,6.56,6.6,68292.0
2021-01-25,6.55,6.86,6.55,6.86,295944.0
2021-01-26,7.13,7.13,6.92,7.13,598752.0
2021-01-27,7.19,7.41,7.19,7.41,1004051.0
2021-01-28,7.5,7.51,7.12,7.12,271981.0
2021-01-29,7.0,7.28,7.0,7.08,152548.0
2021-02-01,7.13,7.24,6.9,7.05,168514.0
2021-02-02,7.0,7.05,6.8,6.9,326679.0
2021-02-03,6.88,6.94,6.85,6.85,24715.0
2021-02-04,6.96,6.96,6.8,6.88,114071.0
2021-02-05,6.85,7.13,6.85,7.09,180071.0
2021-02-08,7.09,7.17,7.02,7.05,59552.0
2021-02-09,7.11,7.11,7.0,7.0,95834.0
2021-02-10,6.97,7.08,6.84,6.84,171443.0
2021-02-11,6.82,6.95,6.82,6.83,25266.0
2021-02-12,6.89,6.97,6.84,6.85,31328.0
2021-02-15,6.93,6.93,6.83,6.87,13891.0
2021-02-16,6.91,7.0,6.87,6.88,92670.0
2021-02-17,6.88,6.88,6.77,6.82,314781.0
2021-02-18,6.88,6.88,6.78,6.79,16823.0
2021-02-19,6.79,6.82,6.75,6.78,57669.0
2021-02-22,6.75,6.83,6.7,6.74,24847.0
2021-02-23,6.72,6.78,6.5,6.56,218284.0
2021-02-24,6.6,6.62,6.51,6.56,101786.0
2021-02-25,6.5,6.55,6.41,6.45,95536.0
2021-02-26,6.45,6.61,6.34,6.4,115930.0
2021-03-01,6.52,6.52,6.3,6.4,54938.0
2021-03-02,6.4,6.46,6.31,6.4,61281.0
2021-03-03,6.4,6.4,6.33,6.39,44448.0
2021-03-04,6.42,6.43,6.37,6.37,32935.0
2021-03-05,6.39,6.39,6.25,6.3,222145.0
2021-03-08,6.3,6.36,6.25,6.3,101861.0
2021-03-09,6.3,6.3,6.21,6.29,20908.0
2021-03-10,6.37,6.37,6.17,6.17,57791.0
2021-03-11,6.17,6.26,6.1,6.2,33182.0
2021-03-12,6.24,6.35,6.15,6.28,11122.0
2021-03-15,6.43,6.43,6.2,6.26,7070.0
2021-03-16,6.21,6.35,6.21,6.24,6185.0
2021-03-17,6.26,6.34,6.2,6.29,27965.0
2021-03-18,6.32,6.32,6.14,6.22,24112.0
2021-03-19,6.22,6.22,6.1,6.12,49089.0
2021-03-22,6.1,6.15,6.05,6.08,61290.0
2021-03-23,6.08,6.21,6.08,6.11,12757.0
2021-03-24,6.03,6.15,6.03,6.12,18867.0
2021-03-25,6.05,6.27,6.05,6.12,37779.0
2021-03-26,6.11,6.15,6.11,6.15,29667.0
2021-03-29,6.14,6.17,6.13,6.16,72232.0
2021-03-30,6.16,6.17,6.08,6.13,45592.0
2021-03-31,6.06,6.23,6.06,6.19,91615.0
2021-04-01,6.18,6.43,6.16,6.43,475944.0
2021-04-02,6.47,6.59,6.47,6.54,22516.0
2021-04-05,6.44,6.51,6.35,6.46,50099.0
2021-04-06,6.35,6.43,6.33,6.33,109675.0
2021-04-07,6.33,6.34,6.3,6.34,863.0
2021-04-08,6.34,6.47,6.34,6.35,94063.0
2021-04-09,6.32,6.48,6.32,6.45,61966.0
2021-04-12,6.49,6.65,6.48,6.6,139231.0
2021-04-13,6.67,6.67,6.55,6.58,8080.0
2021-04-14,6.51,6.6,6.5,6.51,11526.0
2021-04-15,6.51,6.61,6.46,6.57,5032.0
2021-04-16,6.6,6.81,6.6,6.7,143880.0
2021-04-19,6.63,6.7,6.63,6.67,15332.0
2021-04-20,6.8,6.8,6.68,6.68,8371.0
2021-04-21,6.68,6.75,6.64,6.66,31841.0
2021-04-22,6.74,6.74,6.64,6.65,12844.0
2021-04-23,6.64,6.67,6.5,6.57,61130.0
2021-04-26,6.61,6.72,6.61,6.68,241698.0
2021-04-27,6.61,6.77,6.61,6.76,109586.0
2021-04-28,6.72,6.79,6.72,6.76,217268.0
2021-04-29,6.72,6.79,6.72,6.74,84175.0
2021-04-30,6.75,6.79,6.66,6.68,33139.0
2021-05-03,6.67,6.81,6.67,6.71,341392.0
2021-05-04,6.77,6.97,6.77,6.97,2106251.0
2021-05-05,7.04,7.04,6.85,6.85,389277.0
2021-05-06,6.9,6.9,6.74,6.8,369250.0
2021-05-07,6.8,6.93,6.75,6.86,210332.0
2021-05-10,6.95,6.95,6.9,6.95,136972.0
2021-05-11,6.95,6.95,6.88,6.88,159359.0
2021-05-12,6.92,6.92,6.88,6.9,171370.0
2021-05-17,6.94,6.95,6.9,6.9,217365.0
2021-05-18,6.88,6.92,6.8,6.86,117971.0
2021-05-19,6.82,6.89,6.71,6.71,195779.0
2021-05-20,6.71,6.86,6.71,6.79,47538.0
2021-05-21,7.06,7.06,6.94,7.06,479820.0
2021-05-24,7.14,7.34,7.14,7.34,435148.0
2021-05-25,7.63,7.63,7.4,7.63,1301632.0
2021-05-26,7.93,7.93,7.88,7.93,1771423.0
2021-05-27,8.2,8.24,7.92,8.04,1626372.0
2021-05-28,7.93,8.01,7.72,7.72,395173.0
2021-05-31,7.65,8.020001,7.56,8.020001,1346396.0
2021-06-01,8.21,8.32,8.05,8.11,917488.0
2021-06-02,8.23,8.43,8.23,8.43,1375407.0
2021-06-03,8.76,8.76,8.76,8.76,58116.0
2021-06-04,9.05,9.11,8.7,8.95,2296210.0
2021-06-07,9.28,9.3,9.1,9.3,757600.0
2021-06-08,9.48,9.67,9.3,9.67,1257237.0
2021-06-09,9.99,10.0,9.6,9.85,2615719.0
2021-06-10,9.8,9.98,9.51,9.82,651319.0
2021-06-11,9.9,10.21,9.88,10.21,1176232.0
2021-06-14,10.61,10.61,10.61,10.61,126289.0
2021-06-15,11.02,11.03,10.69,11.03,3023611.0
2021-06-16,10.95,11.33,10.59,10.59,1302665.0
2021-06-17,10.17,10.7,10.17,10.59,1909024.0
2021-06-18,10.69,11.01,10.69,11.01,1257323.0
2021-06-21,11.4,11.45,11.25,11.45,587949.0
2021-06-22,11.8,11.86,11.29,11.29,1573058.0
2021-06-23,11.12,11.48,10.9,11.2,554030.0
2021-06-24,11.3,11.37,11.05,11.15,408451.0
2021-06-25,11.0,11.02,10.71,10.71,1003410.0
2021-06-28,10.51,10.88,10.29,10.29,270244.0
2021-06-29,10.03,10.7,10.03,10.48,2372529.0
2021-06-30,10.72,10.75,10.3,10.48,823606.0
2021-07-01,10.55,10.68,10.45,10.6,224334.0
2021-07-02,10.6,10.63,10.18,10.18,514220.0
2021-07-05,9.8,10.15,9.78,9.78,256033.0
2021-07-06,9.5,9.69,9.39,9.39,1149341.0
2021-07-07,9.76,9.76,9.76,9.76,210037.0
2021-07-08,10.15,10.15,10.15,10.15,328482.0
2021-07-09,10.49,10.55,10.23,10.55,2136870.0
2021-07-12,10.62,10.74,10.2,10.37,470149.0
2021-07-13,10.48,10.48,10.27,10.28,123683.0
2021-07-14,10.3,10.35,10.01,10.17,421214.0
2021-07-15,10.12,10.24,10.1,10.2,304206.0
2021-07-16,10.26,10.26,10.15,10.2,155123.0
2021-07-19,10.3,10.49,10.24,10.24,61676.0
2021-07-20,10.24,10.35,10.17,10.3,55286.0
2021-07-23,10.11,10.3,10.1,10.12,84319.0
2021-07-26,10.06,10.18,9.8,9.99,159082.0
2021-07-27,9.8,9.95,9.66,9.89,317995.0
2021-07-28,9.61,9.87,9.61,9.72,107057.0
2021-07-29,9.7,9.7,9.34,9.62,404087.0
2021-08-02,9.61,9.61,9.42,9.57,307264.0
2021-08-03,9.6,9.95,9.6,9.95,79353.0
2021-08-04,10.2,10.34,10.2,10.34,790204.0
2021-08-05,10.41,10.54,10.2,10.24,159397.0
2021-08-06,10.13,10.3,10.0,10.1,235522.0
2021-08-09,10.15,10.17,9.92,10.12,116477.0
2021-08-11,10.15,10.15,9.9,10.03,153034.0
2021-08-12,10.0,10.08,9.96,10.01,71685.0
2021-08-13,10.05,10.41,10.0,10.41,1029038.0
2021-08-16,10.51,10.82,10.51,10.82,473152.0
2021-08-17,10.98,11.21,10.6,10.9,1966951.0
2021-08-18,10.94,11.33,10.79,11.33,1070463.0
2021-08-19,11.52,11.77,11.44,11.6,1121494.0
2021-08-23,11.66,11.75,11.5,11.5,297062.0
2021-08-24,11.4,11.55,11.23,11.45,226138.0
2021-08-25,11.45,11.67,11.4,11.54,135394.0
2021-08-26,11.4,11.61,11.4,11.55,169443.0
2021-08-27,11.61,11.74,11.55,11.63,447706.0
2021-08-30,12.0,12.09,11.85,12.09,682466.0
2021-08-31,12.46,12.57,12.2,12.57,1322407.0
2021-09-01,12.5,12.75,12.07,12.07,1120929.0
2021-09-02,12.0,12.51,11.62,12.44,1682068.0
2021-09-03,12.46,12.7,12.28,12.5,679978.0
2021-09-06,12.6,12.78,12.35,12.7,338859.0
2021-09-07,12.78,13.19,12.63,13.0,1496885.0
2021-09-08,13.14,13.14,12.92,12.99,630082.0
2021-09-09,13.15,13.5,13.15,13.5,793570.0
2021-09-10,13.71,13.8,13.3,13.3,1209280.0
2021-09-13,13.25,13.4,12.77,12.77,781078.0
2021-09-14,12.63,13.2,12.6,12.76,515078.0
2021-09-15,12.85,12.97,12.6,12.7,364443.0
2021-09-16,12.6,12.77,12.2,12.2,786347.0
2021-09-17,12.4,12.4,12.2,12.2,421304.0
2021-09-20,12.2,12.35,11.72,11.8,1039331.0
2021-09-21,11.84,12.17,11.84,11.98,134042.0
2021-09-22,12.0,12.2,11.79,11.9,220507.0
2021-09-23,11.8,11.99,11.72,11.97,131314.0
2021-09-24,11.82,12.0,11.75,11.95,158531.0
2021-09-27,11.8,11.9,11.53,11.6,835220.0
2021-09-28,11.8,11.8,11.35,11.5,825448.0
2021-09-29,11.6,11.95,11.38,11.95,361842.0
2021-09-30,12.0,12.0,11.73,11.76,588946.0
2021-10-01,11.29,11.29,11.29,11.29,327800.0
2021-10-04,10.84,10.84,10.84,10.84,36047.0
2021-10-05,10.5,10.8,10.41,10.6,832157.0
2021-10-06,10.81,10.9,10.62,10.83,149382.0
2021-10-07,10.99,11.26,10.78,11.26,225740.0
2021-10-08,11.6,11.6,11.28,11.4,162442.0
2021-10-11,11.55,11.59,11.31,11.31,54959.0
2021-10-12,11.32,11.44,11.2,11.38,163815.0
2021-10-13,11.35,11.37,10.94,11.15,166867.0
2021-10-14,11.14,11.14,10.77,10.92,185483.0
2021-10-15,10.92,11.27,10.92,11.24,832655.0
2021-10-18,11.3,11.74,11.2,11.47,56229.0
2021-10-21,11.5,11.6,11.32,11.4,56840.0
2021-10-22,11.34,11.47,11.25,11.47,198141.0
2021-10-25,11.38,11.5,11.3,11.4,91971.0
2021-10-26,11.3,11.48,11.06,11.3,91259.0
2021-10-27,11.29,11.42,11.02,11.34,65172.0
2021-10-28,11.38,11.53,11.34,11.5,113324.0
2021-10-29,11.48,11.48,11.21,11.21,144612.0
2021-11-01,11.21,11.37,11.15,11.15,48895.0
2021-11-02,11.2,11.39,11.05,11.19,384746.0
2021-11-03,11.29,11.29,11.09,11.09,123338.0
2021-11-04,11.11,11.21,10.53,10.53,604370.0
2021-11-05,10.76,10.76,10.07,10.25,576424.0
2021-11-08,10.25,10.5,10.15,10.27,125702.0
2021-11-09,10.27,10.27,9.91,10.09,365457.0
2021-11-10,10.09,10.24,10.0,10.0,148385.0
2021-11-11,10.01,10.15,9.9,10.0,342661.0
2021-11-12,10.16,10.35,10.16,10.35,335432.0
2021-11-15,10.45,10.8,10.38,10.6,32993.0
2021-11-16,10.65,10.8,10.48,10.5,212667.0
2021-11-17,10.61,11.12,10.61,10.8,384307.0
2021-11-19,10.91,11.18,10.85,10.98,45716.0
2021-11-22,10.96,11.0,10.65,10.79,120776.0
2021-11-23,10.83,10.84,10.7,10.7,209942.0
2021-11-24,10.6,10.8,10.6,10.67,50932.0
2021-11-25,10.75,10.75,10.61,10.68,52081.0
2021-11-26,10.58,10.66,10.24,10.27,454324.0
2021-11-29,9.94,10.2,9.9,10.0,278748.0
2021-11-30,10.02,10.59,9.95,10.45,360735.0
2021-12-01,10.82,10.99,10.58,10.7,693325.0
2021-12-02,10.7,10.75,10.33,10.4,184422.0
2021-12-03,10.39,10.4,10.2,10.36,102472.0
2021-12-06,10.26,10.6,10.26,10.51,79874.0
2021-12-07,10.57,10.94,10.51,10.8,115191.0
2021-12-08,10.77,11.15,10.72,10.92,893406.0
2021-12-09,11.09,11.2,11.0,11.2,432795.0
2021-12-10,11.25,11.49,11.18,11.22,608313.0
2021-12-13,11.45,11.45,11.16,11.2,175318.0
2021-12-14,11.16,11.24,10.87,10.99,148431.0
2021-12-15,10.98,10.98,10.6,10.73,337344.0
2021-12-16,10.61,10.97,10.61,10.69,76895.0
2021-12-17,10.67,10.84,10.6,10.7,262141.0
2021-12-20,10.75,10.79,10.6,10.7,213057.0
2021-12-21,10.64,10.7,10.5,10.55,219244.0
2021-12-22,10.51,10.88,10.43,10.7,250526.0
2021-12-23,10.7,10.85,10.51,10.72,77854.0
2021-12-24,10.6,11.05,10.6,10.9,153079.0
2021-12-27,10.99,11.09,10.95,11.0,81469.0
2021-12-28,11.1,11.14,10.89,10.9,97660.0
2021-12-29,10.81,11.0,10.72,10.85,208401.0
2021-12-30,10.98,10.98,10.73,10.76,81720.0
2021-12-31,10.76,10.91,10.6,10.61,2224602.0
2022-01-03,10.65,10.77,10.6,10.63,22912.0
2022-01-04,10.62,10.76,10.62,10.75,27029.0
2022-01-05,10.65,10.79,10.6,10.7,119018.0
2022-01-06,10.66,10.96,10.65,10.96,159325.0
2022-01-07,11.0,11.2,11.0,11.06,493421.0
2022-01-10,11.05,11.13,10.91,11.01,80062.0
2022-01-12,11.12,11.44,11.0,11.4,2922837.0
2022-01-13,11.5,11.84,11.5,11.58,462637.0
2022-01-14,11.52,11.64,11.43,11.52,190114.0
2022-01-17,11.5,11.54,11.3,11.51,110121.0
2022-01-18,11.46,11.84,11.46,11.84,571607.0
2022-01-19,11.99,12.09,11.87,11.87,871890.0
2022-01-20,11.97,11.97,11.8,11.9,330047.0
2022-01-21,11.88,11.88,11.63,11.75,493108.0
2022-01-24,11.86,11.86,11.56,11.56,244093.0
2022-01-25,11.4,11.61,11.4,11.49,104860.0
2022-01-26,11.31,11.58,11.31,11.5,129713.0
2022-01-27,11.52,11.66,11.51,11.62,34168.0
2022-01-28,11.63,11.74,11.61,11.64,188328.0
2022-01-31,11.55,11.68,11.55,11.65,42733.0
2022-02-01,11.68,11.68,11.5,11.62,90733.0
2022-02-02,11.62,11.62,11.55,11.6,29035.0
2022-02-03,11.52,11.61,11.27,11.51,238865.0
2022-02-04,11.34,11.54,11.34,11.5,144550.0
2022-02-07,11.55,11.8,11.41,11.66,512221.0
2022-02-08,11.72,11.72,11.6,11.6,215082.0
2022-02-09,11.7,12.04,11.55,11.89,1947983.0
2022-02-10,11.89,12.15,11.8,12.0,1420379.0
2022-02-11,11.88,12.1,11.79,11.79,623750.0
2022-02-14,11.64,11.7,11.4,11.5,1310451.0
2022-02-15,11.48,11.6,11.4,11.45,949964.0
2022-02-16,11.49,11.49,11.37,11.44,469155.0
2022-02-17,11.45,11.65,11.45,11.55,678634.0
2022-02-18,11.7,12.24,11.7,11.9,2572575.0
2022-02-21,11.9,12.07,11.9,11.93,188257.0
2022-02-22,11.8,11.8,11.22,11.31,943382.0
2022-02-23,11.4,11.66,11.36,11.6,662654.0
2022-02-24,11.32,11.33,10.91,10.91,941672.0
2022-02-25,10.5,11.15,10.5,10.95,858277.0
2022-02-28,11.0,11.5,10.98,11.4,389115.0
2022-03-01,10.72,10.72,10.72,10.72,31250.0
2022-03-02,10.08,10.08,10.08,10.08,45241.0
2022-03-03,9.48,9.48,9.48,9.48,154625.0
2022-03-04,8.92,8.92,8.92,8.92,446080.0
2022-03-07,8.39,8.39,8.39,8.39,131706.0
2022-03-08,8.2,8.66,8.2,8.4,2671474.0
2022-03-09,8.66,8.89,8.4,8.4,1740370.0
2022-03-10,8.8,8.8,8.3,8.4,888341.0
2022-03-11,8.24,8.42,7.91,7.97,1006581.0
2022-03-14,7.9,8.3,7.73,7.97,190772.0
2022-03-15,8.0,8.18,7.83,8.15,564123.0
2022-03-16,8.15,8.45,8.15,8.45,507668.0
2022-03-17,8.5,8.65,8.45,8.51,282104.0
2022-03-18,8.54,8.54,8.0,8.0,684946.0
2022-03-21,8.2,8.35,8.0,8.11,379175.0
2022-03-22,8.18,8.18,7.74,7.77,1496867.0
2022-03-23,7.78,7.82,7.4,7.4,170561.0
2022-03-24,7.6,7.6,6.97,7.14,654652.0
2022-03-25,7.48,7.48,7.14,7.14,79397.0
2022-03-28,7.39,7.39,7.18,7.3,166079.0
2022-03-29,7.32,7.44,7.3,7.4,160102.0
2022-03-30,7.45,7.6,7.4,7.51,136856.0
2022-03-31,7.5,7.5,7.2,7.25,374428.0
2022-04-01,7.68,7.68,7.45,7.68,303647.0
2022-04-04,8.0,8.14,7.8,8.14,170594.0
2022-04-05,8.62,8.62,8.62,8.62,54522.0
2022-04-06,9.0,9.13,8.51,8.72,791986.0
2022-04-07,8.89,8.89,8.61,8.7,213020.0
2022-04-08,8.4,8.7,8.4,8.65,172632.0
2022-04-11,8.76,8.93,8.6,8.92,127351.0
2022-04-12,9.0,9.0,8.7,8.79,266758.0
2022-04-13,8.87,8.88,8.71,8.85,234744.0
2022-04-14,8.84,8.9,8.72,8.84,159735.0
2022-04-15,8.88,8.95,8.770001,8.87,144776.0
2022-04-18,8.9,8.95,8.79,8.79,180581.0
2022-04-19,8.88,8.88,8.72,8.78,39689.0
2022-04-20,8.78,8.79,8.63,8.69,73195.0
2022-04-21,8.63,8.7,8.55,8.63,47928.0
2022-04-22,8.66,8.8,8.66,8.770001,273950.0
2022-04-25,8.64,8.73,8.51,8.65,99497.0
2022-04-26,8.64,8.64,8.31,8.41,851000.0
2022-04-27,8.35,8.5,8.34,8.41,93086.0
2022-04-28,8.42,8.48,8.3,8.3,128107.0
2022-04-29,8.39,8.39,8.1,8.1,199968.0
2022-05-04,8.14,8.14,7.98,8.09,170625.0
2022-05-05,8.01,8.3,8.01,8.23,59102.0
2022-05-06,8.25,8.25,8.12,8.14,33354.0
2022-05-09,8.1,8.25,8.0,8.05,112298.0
2022-05-10,8.17,8.17,7.9,7.9,228839.0
2022-05-11,7.87,8.09,7.87,7.96,39593.0
2022-05-12,7.97,7.97,7.78,7.78,104252.0
2022-05-13,7.87,7.87,7.72,7.75,61361.0
2022-05-16,7.76,7.99,7.75,7.87,33205.0
2022-05-17,7.94,7.94,7.78,7.84,33859.0
2022-05-18,7.9,7.9,7.76,7.8,109604.0
2022-05-19,7.84,7.84,7.75,7.8,68760.0
2022-05-20,7.75,7.79,7.66,7.73,77887.0
2022-05-23,7.8,7.8,7.51,7.51,55979.0
2022-05-24,7.7,7.7,7.46,7.48,110536.0
2022-05-25,7.51,7.64,7.4,7.4,79355.0
2022-05-26,7.4,7.84,7.4,7.8,399732.0
2022-05-27,8.26,8.26,7.95,7.95,535408.0
2022-05-30,7.95,8.19,7.85,7.95,35984.0
2022-05-31,7.9,7.9,7.75,7.8,126113.0
2022-06-01,8.26,8.26,8.26,8.26,628418.0
2022-06-02,8.31,8.33,8.15,8.25,223710.0
2022-06-03,8.26,8.5,8.2,8.5,212659.0
2022-06-06,8.5,8.85,8.5,8.85,247118.0
2022-06-07,8.86,8.9,8.7,8.8,122833.0
2022-06-08,8.75,8.75,8.58,8.65,102472.0
2022-06-09,8.53,8.65,8.35,8.6,230946.0
2022-06-10,8.36,8.55,8.36,8.49,25407.0
2022-06-13,8.41,8.47,8.14,8.15,286832.0
2022-06-14,8.0,8.11,7.67,7.67,239555.0
2022-06-15,7.63,8.0,7.52,7.55,176806.0
2022-06-16,7.6,7.88,7.58,7.6,67653.0
2022-06-17,7.6,7.76,7.58,7.7,83375.0
2022-06-20,7.88,8.12,7.88,8.0,41332.0
2022-06-21,8.03,8.13,8.020001,8.1,42189.0
2022-06-22,8.1,8.11,7.7,7.7,47650.0
2022-06-23,7.7,7.85,7.54,7.73,152306.0
2022-06-24,7.75,7.75,7.6,7.65,51751.0
2022-06-27,7.89,7.89,7.6,7.61,42032.0
2022-06-28,7.61,7.87,7.61,7.79,43517.0
2022-06-29,7.79,7.8,7.61,7.7,62015.0
2022-06-30,7.7,7.75,7.55,7.7,116166.0
2022-07-01,7.7,7.7,7.47,7.47,175280.0
2022-07-04,7.5,7.6,7.4,7.46,124856.0
2022-07-05,7.7,7.7,7.31,7.38,50106.0
2022-07-06,7.6,7.6,7.3,7.45,31933.0
2022-07-07,7.49,7.49,7.36,7.37,40640.0
2022-07-08,7.38,7.42,7.26,7.3,151667.0
2022-07-12,7.3,7.4,7.25,7.3,29824.0
2022-07-13,7.25,7.4,7.21,7.4,94567.0
2022-07-14,7.4,7.57,7.3,7.49,89633.0
2022-07-15,7.39,7.55,7.3,7.45,272770.0
2022-07-18,7.57,7.6,7.41,7.6,334786.0
2022-07-19,7.69,7.78,7.51,7.6,494830.0
2022-07-20,7.57,7.84,7.57,7.6,118123.0
2022-07-21,7.6,7.72,7.35,7.35,44891.0
2022-07-22,7.59,7.59,7.37,7.42,65427.0
2022-07-25,7.7,7.7,7.41,7.52,22910.0
2022-07-26,7.57,7.57,7.32,7.42,101746.0
2022-07-27,7.49,7.5,7.44,7.45,66082.0
2022-07-28,7.46,7.66,7.46,7.59,6817.0
2022-07-29,7.5,7.65,7.5,7.6,36832.0
2022-08-01,7.6,7.7,7.6,7.69,43574.0
2022-08-02,7.63,7.65,7.51,7.63,35688.0
2022-08-03,7.64,7.65,7.56,7.58,32040.0
2022-08-04,7.58,7.62,7.56,7.6,20288.0
2022-08-05,7.64,7.64,7.56,7.56,29639.0
2022-08-08,7.56,7.7,7.56,7.63,55602.0
2022-08-09,7.63,7.69,7.6,7.68,50196.0
2022-08-10,7.69,7.74,7.63,7.74,96086.0
2022-08-11,7.76,8.09,7.74,8.0,365408.0
2022-08-12,8.39,8.39,8.14,8.2,170991.0
2022-08-15,8.33,8.4,8.2,8.3,104167.0
2022-08-16,8.15,8.32,8.0,8.15,44724.0
2022-08-17,8.020001,8.35,8.020001,8.17,131027.0
2022-08-18,8.23,8.3,8.12,8.2,69579.0
2022-08-19,8.29,8.29,8.12,8.21,39070.0
2022-08-22,8.2,8.23,7.95,8.16,47858.0
2022-08-23,8.18,8.18,7.94,8.1,24645.0
2022-08-24,8.09,8.14,8.04,8.12,49884.0
2022-08-25,8.11,8.16,8.01,8.06,17117.0
2022-08-26,8.03,8.2,8.01,8.17,118479.0
2022-08-29,8.2,8.2,8.14,8.14,38084.0
2022-08-30,8.2,8.2,8.01,8.07,16580.0
2022-08-31,8.03,8.1,8.03,8.1,34589.0
2022-09-01,8.17,8.39,8.01,8.29,88074.0
2022-09-02,8.25,8.42,8.21,8.4,249825.0
2022-09-05,8.42,8.65,8.42,8.5,240589.0
2022-09-06,8.44,8.58,8.33,8.4,75478.0
2022-09-07,8.4,8.44,8.31,8.32,51977.0
2022-09-08,8.31,8.64,8.31,8.51,134050.0
2022-09-09,8.6,8.64,8.55,8.55,137582.0
2022-09-12,8.53,8.6,8.4,8.4,108134.0
2022-09-13,8.4,8.55,8.36,8.36,19106.0
2022-09-14,8.36,8.37,8.2,8.24,175266.0
2022-09-15,8.2,8.33,8.15,8.25,42165.0
2022-09-16,8.24,8.33,8.16,8.22,92961.0
2022-09-19,8.2,8.29,8.11,8.25,51879.0
2022-09-20,8.13,8.24,8.13,8.2,39196.0
2022-09-21,8.17,8.2,8.15,8.15,82443.0
2022-09-22,8.11,8.29,8.05,8.05,163049.0
2022-09-23,8.19,8.19,8.01,8.01,51237.0
2022-09-26,8.0,8.1,7.8,8.0,68594.0
2022-09-27,8.08,8.08,7.85,7.86,289658.0
2022-09-28,7.87,7.99,7.82,7.86,36098.0
2022-09-29,7.83,7.92,7.75,7.75,99836.0
2022-09-30,7.75,7.84,7.33,7.45,251247.0
2022-10-03,7.37,7.79,7.37,7.69,402353.0
2022-10-04,7.77,7.89,7.6,7.75,247813.0
2022-10-05,7.9,7.9,7.7,7.8,12614.0
2022-10-06,7.88,7.88,7.71,7.8,13592.0
2022-10-07,7.78,7.78,7.6,7.61,70581.0
2022-10-11,7.69,7.74,7.5,7.61,36788.0
2022-10-12,7.6,7.67,7.51,7.67,6109.0
2022-10-13,7.67,7.67,7.5,7.62,56235.0
2022-10-14,7.59,7.68,7.48,7.48,80296.0
2022-10-17,7.58,7.58,7.41,7.41,326728.0
2022-10-18,7.4,7.5,7.36,7.36,76508.0
2022-10-19,7.56,7.56,7.28,7.29,88939.0
2022-10-20,7.38,7.4,6.86,6.86,327109.0
2022-10-21,7.13,7.13,6.9,7.03,61386.0
2022-10-24,6.96,7.03,6.91,6.92,59731.0
2022-10-25,6.8,7.09,6.8,7.0,117693.0
2022-10-26,6.9,7.07,6.9,6.98,24083.0
2022-10-27,7.03,7.03,6.93,6.94,23965.0
2022-10-28,7.1,7.1,6.99,7.0,130981.0
2022-10-31,7.05,7.07,6.86,6.86,84398.0
2022-11-01,6.88,7.0,6.88,6.88,7891.0
2022-11-02,6.95,6.95,6.88,6.9,15732.0
2022-11-03,6.98,6.98,6.86,6.88,31009.0
2022-11-04,6.86,6.96,6.85,6.85,15718.0
2022-11-07,6.96,6.96,6.75,6.75,56190.0
2022-11-08,6.88,6.88,6.65,6.65,116936.0
2022-11-09,6.79,6.79,6.49,6.49,70260.0
2022-11-10,6.55,6.63,6.2,6.2,171965.0
2022-11-11,6.19,6.5,6.05,6.5,1413450.0
2022-11-14,6.56,6.56,6.38,6.51,60958.0
2022-11-15,6.55,6.72,6.5,6.55,155914.0
2022-11-16,6.73,6.78,6.5,6.5,154022.0
2022-11-17,6.64,6.64,6.46,6.49,20901.0
2022-11-21,6.67,6.67,6.47,6.51,16679.0
2022-11-22,6.85,6.85,6.55,6.59,65062.0
2022-11-23,6.6,6.74,6.6,6.63,19525.0
2022-11-24,6.69,6.69,6.6,6.67,29660.0
2022-11-25,6.58,6.7,6.58,6.6,36943.0
2022-11-28,6.7,6.98,6.68,6.79,58767.0
2022-11-29,6.7,6.76,6.66,6.7,11424.0
2022-11-30,6.55,6.74,6.54,6.61,62540.0
2022-12-01,6.4,6.56,6.36,6.5,81716.0
2022-12-02,6.54,6.54,6.3,6.46,104842.0
2022-12-05,6.64,6.64,6.4,6.4,36782.0
2022-12-06,6.4,6.44,6.3,6.4,81459.0
2022-12-07,6.47,6.49,6.25,6.45,57129.0
2022-12-08,6.45,6.46,6.4,6.41,153722.0
2022-12-09,6.47,6.47,6.4,6.4,13414.0
2022-12-12,6.5,6.5,6.4,6.41,81240.0
2022-12-13,6.49,6.5,6.4,6.5,32170.0
2022-12-14,6.51,6.57,6.43,6.46,4341.0
2022-12-15,6.45,6.57,6.43,6.51,27351.0
2022-12-16,6.53,6.54,6.45,6.5,341631.0
2022-12-19,6.45,6.55,6.45,6.45,10751.0
2022-12-20,6.58,6.58,6.4,6.5,12618.0
2022-12-21,6.4,6.5,6.4,6.4,11951.0
2022-12-22,6.41,6.49,6.25,6.27,72481.0
2022-12-23,6.39,6.5,6.26,6.3,196223.0
2022-12-26,6.44,6.44,6.3,6.32,4261.0
2022-12-27,6.28,6.4,6.28,6.3,31109.0
2022-12-28,6.28,6.3,6.26,6.3,20256.0
2022-12-29,6.3,6.3,6.28,6.3,14782.0
2022-12-30,6.3,6.3,6.27,6.28,213265.0
2023-01-02,6.25,6.42,6.25,6.27,23235.0
2023-01-03,6.2,6.2,5.9,6.08,182023.0
2023-01-04,6.05,6.14,5.91,6.12,33732.0
2023-01-05,6.1,6.2,5.76,5.76,78877.0
2023-01-06,5.94,5.94,5.78,5.8,50900.0
2023-01-09,5.86,5.96,5.6,5.75,69426.0
2023-01-10,5.7,5.81,5.64,5.75,60521.0
2023-01-12,5.71,5.84,5.65,5.83,46638.0
2023-01-13,5.91,6.1,5.8,5.95,119348.0
2023-01-16,6.13,6.13,6.0,6.02,31554.0
2023-01-17,6.14,6.14,5.86,5.99,96315.0
2023-01-18,6.05,6.05,5.85,5.99,26913.0
2023-01-19,5.97,5.99,5.85,5.86,17221.0
2023-01-20,5.85,6.02,5.8,5.9,31442.0
2023-01-23,5.82,5.9,5.78,5.83,24374.0
2023-01-24,5.8,5.9,5.75,5.79,7304.0
2023-01-25,5.8,5.98,5.75,5.82,34984.0
2023-01-26,6.16,6.16,5.93,6.0,95267.0
2023-01-27,5.9,6.0,5.9,5.98,2783.0
2023-01-30,5.92,6.1,5.92,6.09,15212.0
2023-01-31,6.08,6.19,6.07,6.09,49844.0
2023-02-01,6.18,6.18,6.05,6.05,19706.0
2023-02-02,6.11,6.11,6.06,6.1,972.0
2023-02-03,6.09,6.09,6.0,6.02,14639.0
2023-02-06,5.92,6.04,5.92,6.04,8379.0
2023-02-07,5.98,6.09,5.98,6.08,4919.0
2023-02-08,5.95,6.19,5.95,6.12,103227.0
2023-02-09,6.17,6.35,6.17,6.27,46761.0
2023-02-10,6.3,6.56,6.25,6.41,75788.0
2023-02-13,6.52,6.68,6.45,6.6,118812.0
2023-02-14,6.63,6.7,6.41,6.52,52962.0
2023-02-15,6.52,6.52,6.2,6.4,84237.0
2023-02-16,6.4,6.64,6.4,6.57,133293.0
2023-02-17,6.41,6.6,6.41,6.49,22599.0
2023-02-20,6.47,6.59,6.47,6.5,14664.0
2023-02-21,6.55,6.55,6.35,6.35,113536.0
2023-02-22,6.27,6.39,6.26,6.3,10013.0
2023-02-23,6.32,6.39,6.22,6.33,27477.0
2023-02-24,6.29,6.31,6.01,6.18,37818.0
2023-02-27,6.3,6.3,6.1,6.1,40138.0
2023-02-28,6.29,6.46,6.2,6.46,62963.0
2023-03-01,6.49,6.6,6.31,6.52,87135.0
2023-03-02,6.54,6.58,6.37,6.37,15779.0
2023-03-03,6.31,6.47,6.26,6.35,42569.0
2023-03-06,6.2,6.41,6.2,6.22,21511.0
2023-03-07,6.22,6.3,6.02,6.02,76124.0
2023-03-08,6.19,6.35,6.0,6.01,140738.0
2023-03-09,6.15,6.15,6.0,6.01,103895.0
2023-03-10,6.08,6.09,6.05,6.05,6068.0
2023-03-13,6.04,6.09,5.95,5.99,43869.0
2023-03-14,6.0,6.08,5.78,5.89,98673.0
2023-03-15,6.04,6.04,5.8,5.98,22928.0
2023-03-16,5.86,6.04,5.86,5.91,17830.0
2023-03-17,5.91,6.0,5.68,5.7,217002.0
2023-03-20,5.68,5.87,5.68,5.7,84909.0
2023-03-21,5.62,5.83,5.58,5.6,118319.0
2023-03-22,5.6,5.7,5.5,5.66,101708.0
2023-03-23,5.7,5.81,5.64,5.67,8257.0
2023-03-24,5.88,5.88,5.5,5.6,130271.0
2023-03-27,5.74,5.74,5.4,5.5,112167.0
2023-03-28,5.64,5.64,5.55,5.63,64532.0
2023-03-29,5.68,5.68,5.61,5.66,31114.0
2023-03-30,5.7,5.97,5.7,5.88,82547.0
2023-03-31,5.94,5.94,5.8,5.8,58092.0
2023-04-03,5.8,5.85,5.71,5.79,10035.0
2023-04-04,5.75,5.84,5.72,5.83,36987.0
2023-04-05,5.76,5.83,5.7,5.8,18171.0
2023-04-06,5.72,5.82,5.7,5.75,18042.0
2023-04-07,5.82,5.83,5.73,5.8,2626934.0
2023-04-10,5.83,5.86,5.76,5.85,34925.0
2023-04-11,5.8,5.85,5.8,5.81,26224.0
2023-04-12,5.81,5.84,5.76,5.76,42918.0
2023-04-13,5.72,5.8,5.72,5.73,18666.0
2023-04-14,5.73,5.75,5.65,5.7,103149.0
2023-04-17,5.78,5.78,5.64,5.67,72280.0
2023-04-18,5.7,5.75,5.64,5.75,36271.0
2023-04-19,5.74,5.74,5.65,5.65,47465.0
2023-04-20,5.94,5.94,5.72,5.75,164907.0
2023-04-21,5.73,5.8,5.68,5.75,15013.0
2023-04-25,5.7,5.83,5.68,5.82,65547.0
2023-04-26,5.76,6.16,5.72,6.16,429522.0
2023-04-27,6.25,6.52,6.2,6.52,799109.0
2023-04-28,6.6,6.77,6.42,6.45,208905.0
2023-05-02,6.56,6.67,6.41,6.55,302887.0
2023-05-03,6.5,6.6,6.41,6.6,121165.0
2023-05-04,6.5,6.99,6.5,6.99,490196.0
2023-05-05,7.02,7.35,7.02,7.17,308977.0
2023-05-08,7.17,7.29,7.03,7.29,361886.0
2023-05-09,7.29,7.54,7.29,7.45,432440.0
2023-05-10,7.45,7.73,7.3,7.58,690998.0
2023-05-11,7.67,7.8,7.5,7.8,655759.0
2023-05-12,7.81,7.88,7.48,7.79,578312.0
2023-05-15,7.8,8.1,7.77,7.9,406585.0
2023-05-16,7.85,8.0,7.85,7.95,99992.0
2023-05-17,7.64,7.9,7.48,7.56,592015.0
2023-05-18,7.52,7.55,7.28,7.5,649212.0
2023-05-19,7.52,7.65,7.51,7.56,125254.0
2023-05-22,7.58,7.65,7.29,7.29,218802.0
2023-05-23,7.29,7.44,7.19,7.2,465274.0
2023-05-24,7.2,7.29,7.18,7.2,135137.0
2023-05-25,7.11,7.19,7.0,7.02,168827.0
2023-05-26,6.8,7.34,6.8,7.32,321940.0
2023-05-29,7.36,7.43,7.3,7.35,53960.0
2023-05-30,7.31,7.4,7.2,7.28,101435.0
2023-05-31,7.71,7.71,7.71,7.71,158733.0
2023-06-01,8.17,8.17,8.17,8.17,1033812.0
2023-06-02,8.17,8.5,8.11,8.3,821939.0
2023-06-05,8.42,8.79,8.41,8.7,1223754.0
2023-06-06,8.72,9.07,8.7,8.95,1464240.0
2023-06-07,9.01,9.25,8.74,8.74,2056024.0
2023-06-08,8.69,8.7,8.22,8.22,370887.0
2023-06-09,8.48,8.71,8.34,8.71,542618.0
2023-06-12,8.95,9.23,8.8,9.23,1375851.0
2023-06-13,9.45,9.78,9.42,9.78,2515549.0
2023-06-14,9.97,10.36,9.85,10.36,1325570.0
2023-06-15,10.57,10.98,10.57,10.98,3779780.0
2023-06-16,11.0,11.0,10.33,10.33,1165175.0
2023-06-19,9.78,10.49,9.72,9.72,2502753.0
2023-06-20,9.72,10.3,9.71,10.3,1620440.0
2023-06-21,10.91,10.91,10.3,10.3,1526939.0
2023-06-22,10.2,10.48,9.82,10.1,907211.0
2023-06-23,10.19,10.19,9.9,9.99,257926.0
2023-06-26,10.0,10.14,9.82,9.85,119833.0
2023-06-27,9.83,10.0,9.47,9.9,348872.0
2023-06-28,9.99,10.0,9.75,9.8,80819.0
2023-07-03,9.81,10.0,9.81,9.86,41340.0
2023-07-04,9.88,10.45,9.88,10.45,993677.0
2023-07-05,10.7,11.06,10.56,10.86,750428.0
2023-07-06,10.95,10.95,10.53,10.78,404568.0
2023-07-07,10.57,10.77,10.51,10.61,271369.0
2023-07-10,10.71,10.71,10.21,10.21,255904.0
2023-07-11,10.15,10.38,10.05,10.1,240568.0
2023-07-12,10.0,10.1,9.95,10.05,126963.0
2023-07-13,9.98,10.45,9.83,10.07,878197.0
2023-07-14,10.27,10.39,9.99,10.0,304322.0
2023-07-17,10.1,10.35,10.01,10.06,51465.0
2023-07-18,10.24,10.37,10.1,10.34,290627.0
2023-07-20,10.35,10.4,10.2,10.29,160658.0
2023-07-21,10.29,10.35,10.2,10.21,375682.0
2023-07-24,10.2,10.25,10.07,10.1,36334.0
2023-07-25,10.1,10.2,9.89,9.89,185185.0
2023-07-26,9.9,10.19,9.87,9.95,77242.0
2023-07-27,10.0,10.1,10.0,10.0,40013.0
2023-07-28,10.05,10.15,10.0,10.0,129045.0
2023-07-31,10.1,10.15,10.02,10.1,73369.0
2023-08-01,9.91,10.31,9.91,10.25,139077.0
2023-08-02,10.19,10.3,10.11,10.3,102486.0
2023-08-03,10.25,10.48,10.2,10.22,164208.0
2023-08-04,10.28,10.3,10.2,10.23,32381.0
2023-08-07,10.21,10.28,10.11,10.22,61152.0
2023-08-08,10.22,10.22,10.1,10.15,19188.0
2023-08-09,10.19,10.19,10.04,10.06,20552.0
2023-08-10,10.15,10.15,10.03,10.09,46731.0
2023-08-11,10.14,10.61,10.02,10.45,1335593.0
2023-08-15,10.51,10.58,10.2,10.2,283116.0
2023-08-16,10.2,10.4,10.2,10.4,46080.0
2023-08-17,10.3,10.4,10.25,10.3,138266.0
2023-08-18,10.22,10.38,10.1,10.13,90474.0
2023-08-22,10.3,10.3,10.18,10.19,33729.0
2023-08-23,10.2,10.28,10.1,10.21,108183.0
2023-08-24,10.25,10.25,10.11,10.13,37596.0
2023-08-25,10.11,10.22,10.11,10.13,30474.0
2023-08-28,10.2,10.38,10.2,10.35,177714.0
2023-08-29,10.32,10.38,10.21,10.21,118595.0
2023-08-30,10.82,10.82,10.82,10.82,427522.0
2023-08-31,11.46,11.46,11.46,11.46,520587.0
2023-09-01,11.99,12.14,11.71,12.14,5052683.0
2023-09-04,12.39,12.86,12.37,12.86,841823.0
2023-09-05,13.0,13.6,12.82,13.13,3177971.0
2023-09-06,13.14,13.4,12.91,12.95,673865.0
2023-09-07,12.84,13.0,12.5,12.7,715203.0
2023-09-08,12.56,12.9,12.56,12.7,577198.0
2023-09-11,12.31,12.7,12.0,12.35,1560187.0
2023-09-12,12.54,12.75,12.27,12.71,364599.0
2023-09-13,12.78,13.3,12.78,13.17,839082.0
2023-09-14,13.3,13.96,13.24,13.96,2653507.0
2023-09-15,13.97,14.28,13.61,14.15,2445545.0
2023-09-18,14.26,14.99,14.26,14.99,1346883.0
2023-09-19,15.49,15.88,15.11,15.88,3041435.0
2023-09-20,16.129999,16.83,16.129999,16.83,835261.0
2023-09-21,17.0,17.59,15.9,15.9,6327331.0
2023-09-22,15.66,16.59,15.45,16.299999,3465511.0
2023-09-25,16.889999,17.27,16.620001,17.27,1826501.0
2023-09-26,17.5,17.700001,16.360001,16.65,2228575.0
2023-09-27,16.5,16.860001,16.01,16.33,1819379.0
2023-10-02,15.36,15.36,15.36,15.36,286091.0
2023-10-03,15.2,15.99,14.44,14.7,5105720.0
2023-10-04,14.8,14.9,13.95,14.05,1542593.0
2023-10-05,14.89,14.89,14.88,14.89,759806.0
2023-10-06,15.44,15.44,14.5,14.5,1354700.0
2023-10-09,14.2,14.65,14.0,14.1,211042.0
2023-10-10,14.19,14.8,14.12,14.6,419383.0
2023-10-11,14.6,15.09,14.5,15.0,410751.0
2023-10-12,15.18,15.29,14.65,14.72,425192.0
2023-10-13,14.7,14.86,14.48,14.5,203802.0
2023-10-16,14.51,14.7,14.3,14.3,181533.0
2023-10-17,14.11,14.48,13.7,13.79,642060.0
2023-10-18,15.16,15.16,15.16,15.16,156493.0
2023-10-19,16.299999,16.57,15.5,16.4,5321072.0
2023-10-20,16.4,16.450001,15.5,15.98,1201913.0
2023-10-23,15.6,15.84,15.2,15.45,535126.0
2023-10-24,15.33,15.7,15.33,15.45,284829.0
2023-10-25,15.5,15.55,15.36,15.4,138796.0
2023-10-26,15.4,15.4,14.79,14.85,341807.0
2023-10-27,14.5,14.9,14.38,14.8,607461.0
2023-10-30,14.89,15.45,14.89,15.24,378163.0
2023-10-31,15.24,15.59,15.24,15.42,452116.0
2023-11-01,15.5,15.52,15.19,15.2,288801.0
2023-11-02,15.2,15.29,14.81,14.96,314170.0
2023-11-03,14.91,15.2,14.91,15.0,146807.0
2023-11-07,15.0,15.3,14.95,14.95,107708.0
2023-11-08,15.0,15.3,15.0,15.18,119361.0
2023-11-09,15.18,15.39,15.1,15.3,152176.0
2023-11-10,15.45,15.47,15.3,15.39,230656.0
2023-11-13,15.41,15.91,15.41,15.86,386282.0
2023-11-14,16.07,16.280001,16.0,16.15,473847.0
2023-11-15,16.360001,16.360001,15.8,16.0,454239.0
2023-11-16,16.139999,16.379999,16.049999,16.209999,537710.0
2023-11-17,16.17,16.299999,16.07,16.209999,316533.0
2023-11-20,16.299999,16.4,16.200001,16.4,213005.0
2023-11-21,16.6,16.799999,16.4,16.5,795141.0
2023-11-22,16.5,16.549999,16.23,16.23,172397.0
2023-11-23,16.200001,16.299999,15.9,16.1,312957.0
2023-11-24,16.1,16.200001,15.96,16.01,284119.0
2023-11-27,16.110001,16.35,15.96,16.1,266225.0
2023-11-28,16.0,16.1,15.81,16.1,299823.0
2023-11-29,16.09,16.15,15.91,16.01,491048.0
2023-11-30,16.0,16.5,16.0,16.5,1694853.0
2023-12-01,15.4,15.74,14.86,14.86,1337608.0
2023-12-04,14.86,14.87,14.4,14.78,763670.0
2023-12-05,14.79,14.95,14.72,14.9,408488.0
2023-12-06,15.11,15.2,14.92,15.0,109072.0
2023-12-07,15.05,15.14,14.71,14.88,193002.0
2023-12-08,14.63,14.91,14.63,14.87,156846.0
2023-12-11,14.75,15.0,14.75,14.84,227003.0
2023-12-12,14.76,14.89,14.75,14.78,126717.0
2023-12-13,14.8,15.0,14.55,14.9,828042.0
2023-12-14,15.04,15.19,14.84,15.1,417262.0
2023-12-15,14.98,15.24,14.94,14.95,136418.0
2023-12-18,15.0,15.18,14.9,14.9,39902.0
2023-12-19,15.05,15.14,14.93,15.03,138790.0
2023-12-20,15.05,15.1,14.93,14.93,126779.0
2023-12-21,14.93,14.99,14.7,14.7,181038.0
2023-12-22,14.88,14.9,14.52,14.6,126622.0
2023-12-25,14.74,14.74,14.4,14.4,623322.0
2023-12-26,14.45,14.47,14.2,14.3,122779.0
2023-12-27,14.4,14.4,14.05,14.34,195183.0
2023-12-28,14.37,14.43,14.19,14.3,312504.0
2023-12-29,14.3,14.47,14.3,14.33,135279.0
2024-01-02,14.69,14.98,14.36,14.83,208988.0
2024-01-03,14.95,15.15,14.94,15.15,440524.0
2024-01-04,15.31,15.39,14.9,15.1,672872.0
2024-01-05,15.13,15.85,14.96,15.75,1022095.0
2024-01-08,16.190001,16.75,16.02,16.49,2064642.0
2024-01-09,16.48,16.48,16.219999,16.41,866143.0
2024-01-10,16.4,16.4,16.200001,16.200001,452994.0
2024-01-12,16.219999,16.23,15.78,16.0,519754.0
2024-01-15,15.99,15.99,15.5,15.75,213997.0
2024-01-16,15.56,15.78,15.56,15.72,95231.0
2024-01-17,15.79,16.299999,15.79,16.299999,482005.0
2024-01-18,16.49,16.799999,16.49,16.799999,1152821.0
2024-01-19,17.0,17.15,16.74,16.889999,831814.0
2024-01-22,16.790001,16.809999,16.6,16.809999,402255.0
2024-01-23,16.799999,16.870001,16.6,16.610001,385183.0
2024-01-24,16.68,16.799999,16.450001,16.639999,568642.0
2024-01-25,16.6,16.66,16.1,16.4,373953.0
2024-01-26,16.27,16.530001,16.27,16.299999,161204.0
2024-01-29,16.27,16.5,16.01,16.01,270031.0
2024-01-30,16.01,16.02,15.84,16.0,1103117.0
2024-01-31,16.15,16.4,16.049999,16.08,102669.0
2024-02-01,16.1,16.4,15.97,15.97,145732.0
2024-02-02,16.059999,16.16,15.9,15.94,134198.0
2024-02-05,16.0,16.059999,15.8,15.94,85172.0
2024-02-06,15.92,16.1,15.75,16.0,269256.0
2024-02-07,16.07,16.450001,16.07,16.299999,296980.0
2024-02-08,16.389999,16.639999,16.32,16.450001,202024.0
2024-02-09,16.450001,16.5,16.219999,16.299999,127416.0
2024-02-12,16.15,16.280001,16.129999,16.129999,98439.0
2024-02-13,16.02,16.18,15.9,16.0,167312.0
2024-02-14,16.299999,16.299999,15.9,15.92,398108.0
2024-02-15,16.0,16.0,15.9,15.95,72558.0
2024-02-16,15.86,16.950001,15.85,16.75,1122603.0
2024-02-19,16.790001,17.1,16.549999,16.65,790199.0
2024-02-20,16.5,16.51,16.200001,16.280001,458508.0
2024-02-21,16.200001,16.59,16.200001,16.469999,193859.0
2024-02-22,16.59,16.66,16.33,16.5,249640.0
2024-02-23,16.51,17.299999,16.51,17.15,1911550.0
2024-02-26,17.48,17.700001,17.299999,17.6,885935.0
2024-02-27,17.799999,17.799999,17.309999,17.530001,388874.0
2024-02-28,17.41,17.700001,17.16,17.200001,872941.0
2024-02-29,17.82,18.15,17.709999,18.0,3033766.0
2024-03-01,18.1,18.49,18.030001,18.4,513885.0
2024-03-04,18.5,19.15,18.5,18.799999,994117.0
2024-03-05,19.1,19.540001,19.1,19.5,1565982.0
2024-03-06,19.6,19.790001,19.15,19.200001,738427.0
2024-03-07,19.200001,19.25,18.809999,18.809999,319950.0
2024-03-08,18.809999,19.370001,18.559999,18.889999,922538.0
2024-03-11,19.18,19.18,18.870001,18.9,520230.0
2024-03-12,19.0,19.299999,18.92,18.92,928880.0
2024-03-13,18.950001,19.1,18.9,19.0,360355.0
2024-03-14,19.0,19.280001,19.0,19.280001,855987.0
2024-03-15,19.49,20.09,19.48,20.0,3182074.0
2024-03-18,20.200001,20.98,20.200001,20.799999,1735226.0
2024-03-19,21.120001,22.639999,21.0,21.799999,2349354.0
2024-03-20,21.799999,21.799999,20.9,21.0,2956100.0
2024-03-21,21.35,21.799999,21.0,21.23,900247.0
2024-03-22,21.969999,21.969999,21.360001,21.5,722011.0
2024-03-25,22.0,22.299999,21.719999,22.25,1297768.0
2024-03-26,22.4,22.4,21.4,21.4,921169.0
2024-03-27,21.1,21.5,21.0,21.15,796177.0
2024-03-28,21.200001,21.940001,21.200001,21.5,797795.0
2024-03-29,21.450001,21.450001,20.58,20.6,1300969.0
2024-04-01,22.200001,22.65,22.0,22.65,1214710.0
2024-04-02,23.4,23.780001,22.809999,23.780001,2258621.0
2024-04-03,24.1,26.0,24.1,24.5,2401249.0
2024-04-04,24.799999,24.99,23.799999,24.0,1221527.0
2024-04-05,23.860001,25.700001,23.52,25.68,2595219.0
2024-04-08,27.25,28.24,27.0,28.24,3361058.0
2024-04-09,31.0,31.059999,28.6,31.059999,4284232.0
2024-04-15,32.0,34.16,30.1,34.16,3390150.0
2024-04-16,35.200001,37.57,35.200001,37.5,6275540.0
2024-04-17,36.700001,37.0,33.759998,35.150002,4014130.0
2024-04-18,35.549999,37.950001,35.549999,36.200001,1913562.0
2024-04-19,37.099998,37.099998,35.299999,35.5,1556348.0
2024-04-22,35.5,35.5,31.959999,31.959999,2687493.0
2024-04-23,28.77,32.48,28.77,32.48,4563584.0
2024-04-24,34.200001,34.5,32.049999,32.049999,1037412.0
2024-04-25,31.74,33.48,31.0,33.0,757780.0
2024-04-26,33.099998,33.700001,32.200001,33.0,948882.0
2024-04-29,33.439999,34.0,33.349998,33.490002,407581.0
2024-04-30,33.200001,33.490002,32.0,32.400002,557646.0
2024-05-02,32.5,33.25,32.299999,32.299999,574743.0
2024-05-03,32.900002,32.959999,30.5,30.5,996188.0
2024-05-06,29.610001,30.940001,28.01,30.0,1585792.0
2024-05-07,30.5,31.299999,29.809999,30.0,714890.0
2024-05-08,30.299999,30.5,29.700001,29.73,333994.0
2024-05-09,29.299999,30.700001,28.01,30.6,1375931.0
2024-05-10,31.0,31.49,30.15,31.1,517831.0
2024-05-13,31.360001,31.99,31.26,31.950001,287469.0
2024-05-14,32.0,33.349998,32.0,32.610001,611051.0
2024-05-15,32.5,33.23,32.200001,32.299999,433927.0
2024-05-16,32.5,32.5,31.0,31.15,452686.0
2024-05-17,31.110001,31.5,30.5,31.5,4801344.0
2024-05-20,31.889999,31.99,31.6,31.75,70682.0
2024-05-21,31.889999,31.889999,30.25,30.780001,222195.0
2024-05-22,30.74,30.799999,29.5,29.799999,442003.0
2024-05-23,29.799999,29.99,29.1,29.309999,184565.0
2024-05-24,29.309999,29.75,28.799999,29.49,186664.0
2024-05-27,29.6,29.65,29.15,29.24,202671.0
2024-05-28,29.6,30.99,29.5,30.1,460714.0
2024-05-29,30.68,31.4,29.5,29.5,565668.0
2024-05-30,30.0,30.299999,29.530001,29.92,272547.0
2024-05-31,29.85,30.48,29.4,30.0,719174.0
2024-06-03,31.049999,32.5,30.549999,31.5,1529876.0
2024-06-04,31.1,31.969999,31.1,31.299999,360680.0
2024-06-05,31.290001,31.290001,29.0,29.0,733300.0
2024-06-06,29.200001,30.200001,28.950001,30.15,373307.0
2024-06-07,30.25,30.6,29.67,29.700001,386661.0
2024-06-10,30.0,30.0,29.02,29.700001,100077.0
2024-06-11,29.799999,29.9,29.299999,29.9,87176.0
2024-06-12,29.799999,30.0,29.4,29.4,171433.0
2024-06-13,29.43,30.0,29.4,29.700001,135011.0
2024-06-14,29.75,29.99,29.6,29.74,43761.0
2024-06-19,29.74,30.200001,29.74,29.75,96527.0
2024-06-20,29.75,30.200001,29.6,29.75,80637.0
2024-06-21,29.99,29.99,29.6,29.610001,45027.0
2024-06-24,29.6,29.9,29.35,29.360001,53620.0
2024-06-25,29.5,31.0,28.4,30.0,783086.0
2024-06-26,30.0,30.5,29.32,29.549999,90126.0
2024-06-27,29.360001,30.49,29.360001,30.0,277764.0
2024-06-28,29.799999,30.299999,29.700001,30.280001,165187.0
2024-07-01,29.700001,30.0,29.209999,29.209999,158020.0
2024-07-02,29.219999,29.5,28.799999,28.799999,138808.0
2024-07-03,28.549999,28.99,27.4,28.690001,233116.0
2024-07-04,28.5,29.4,28.5,29.0,129173.0
2024-07-05,29.16,30.0,29.16,29.700001,249378.0
2024-07-08,29.799999,29.799999,29.209999,29.209999,20032.0
2024-07-09,29.5,29.700001,29.0,29.25,82523.0
2024-07-10,29.25,29.59,28.9,29.0,39067.0
2024-07-11,28.99,29.299999,28.52,28.67,88361.0
2024-07-12,28.959999,29.0,28.620001,28.73,41696.0
2024-07-15,29.219999,29.219999,28.6,28.73,55398.0
2024-07-16,28.719999,29.290001,28.719999,29.16,41255.0
2024-07-17,29.15,29.99,29.1,29.32,534187.0
2024-07-18,29.299999,29.67,28.9,29.280001,224569.0
2024-07-19,29.299999,29.700001,28.799999,28.99,196143.0
2024-07-22,29.0,29.690001,28.99,29.5,174785.0
2024-07-23,29.68,30.99,29.68,30.15,665432.0
2024-07-24,30.299999,30.49,29.799999,29.959999,284772.0
2024-07-25,29.700001,29.9,29.5,29.59,173820.0
2024-07-26,29.700001,30.6,29.700001,30.459999,632511.0
2024-07-29,30.52,31.66,30.51,31.59,721972.0
2024-07-31,32.5,33.380001,31.91,32.0,952831.0
2024-08-01,32.209999,32.349998,31.049999,31.309999,197979.0
2024-08-02,31.5,31.940001,30.700001,31.200001,362153.0
2024-08-05,30.1,31.0,28.51,28.52,1600269.0
2024-08-06,29.620001,29.9,29.120001,29.530001,439779.0
2024-08-07,30.0,30.450001,29.860001,30.049999,163792.0
2024-08-08,29.969999,30.0,29.4,29.42,210257.0
2024-08-09,29.5,29.99,29.209999,29.9,97794.0
2024-08-12,29.889999,30.5,29.75,30.15,191765.0
2024-08-13,30.51,30.65,30.0,30.16,103481.0
2024-08-15,30.02,30.700001,29.9,30.6,129183.0
2024-08-16,30.84,30.84,30.25,30.290001,150509.0
2024-08-19,30.35,30.75,30.120001,30.690001,129872.0
2024-08-22,30.85,30.98,30.610001,30.719999,288034.0
2024-08-23,30.83,30.83,30.200001,30.450001,117211.0
2024-08-26,30.299999,30.700001,30.299999,30.379999,189213.0
2024-08-27,30.5,30.5,30.0,30.0,216925.0
2024-08-28,30.01,30.299999,29.9,30.01,281299.0
2024-08-29,30.4,30.809999,30.0,30.809999,408123.0
2024-08-30,30.9,31.15,30.5,31.0,401551.0
2024-09-02,34.09,34.09,34.09,34.09,432226.0
2024-09-03,34.99,36.23,34.1,34.22,3191336.0
2024-09-04,33.99,34.4,32.62,34.3,705788.0
2024-09-05,34.82,35.25,34.049999,35.200001,909678.0
2024-09-06,35.720001,35.93,35.099998,35.099998,826874.0
2024-09-09,35.4,37.5,35.25,37.5,1132338.0
2024-09-10,38.1,38.5,36.51,36.51,752989.0
2024-09-11,36.32,36.95,35.54,36.0,549801.0
2024-09-12,36.15,37.0,35.75,36.5,173748.0
2024-09-13,36.95,36.95,36.05,36.5,248230.0
2024-09-18,36.5,37.65,36.21,37.53,343011.0
2024-09-19,37.99,38.53,37.61,37.99,1409540.0
2024-09-20,37.99,38.44,37.7,37.7,354438.0
2024-09-23,37.7,37.7,37.21,37.6,123254.0
2024-09-24,37.7,38.35,36.61,36.87,530010.0
2024-09-25,36.97,37.85,36.8,37.85,376553.0
2024-09-26,38.0,38.5,38.0,38.4,463760.0
2024-09-27,38.48,39.39,38.11,39.3,1108353.0
2024-09-30,40.45,40.45,39.25,39.25,813523.0
2024-10-01,39.5,39.6,37.3,37.8,941587.0
2024-10-02,36.68,37.4,36.1,36.49,949020.0
2024-10-03,36.49,37.25,36.12,36.12,227256.0
2024-10-04,36.5,37.0,36.12,36.3,241406.0
2024-10-07,36.83,36.95,35.96,36.0,186568.0
2024-10-08,35.3,35.85,34.0,34.51,619736.0
2024-10-09,34.99,35.48,34.7,35.48,173883.0
2024-10-10,35.7,35.94,34.6,34.8,319204.0
2024-10-11,34.65,34.99,33.3,33.3,549104.0
2024-10-14,33.99,33.99,32.0,32.1,849653.0
2024-10-15,32.85,33.5,32.3,32.5,460122.0
2024-10-16,32.26,32.26,31.27,31.7,548007.0
2024-10-17,32.1,34.86,32.1,34.86,814099.0
2024-10-18,35.05,35.7,33.5,33.5,632758.0
2024-10-21,33.5,34.5,33.49,33.49,180992.0
2024-10-22,33.3,33.96,33.0,33.42,171148.0
2024-10-23,33.56,34.5,33.31,34.5,338755.0
2024-10-24,34.75,35.45,34.12,34.89,316547.0
2024-10-25,34.56,35.25,34.45,35.0,349167.0
2024-10-28,35.15,36.19,34.9,35.0,584351.0
2024-10-29,35.05,35.6,34.26,34.5,382688.0
2024-10-30,34.85,34.85,33.8,33.9,241795.0
2024-10-31,34.0,34.49,33.5,34.0,325503.0
2024-11-01,34.49,35.19,34.0,34.5,495867.0
2024-11-04,35.08,35.08,34.22,34.5,55160.0
2024-11-05,34.4,34.87,34.2,34.21,74849.0
2024-11-07,34.7,35.1,34.32,34.85,143204.0
2024-11-08,35.0,37.1,35.0,37.0,1143110.0
2024-11-11,37.0,37.15,36.35,36.75,199037.0
2024-11-12,36.94,37.0,35.8,36.0,356325.0
2024-11-13,35.9,36.4,35.35,35.35,172017.0
2024-11-14,35.8,35.8,35.0,35.49,110527.0
2024-11-15,35.5,36.2,35.3,36.2,399616.0
2024-11-19,36.51,37.15,36.51,37.0,520539.0
2024-11-20,37.0,38.35,37.0,38.0,1202790.0
2024-11-21,38.06,39.15,37.8,37.98,2568565.0
2024-11-22,37.9,37.99,37.01,37.6,375597.0
2024-11-25,37.5,37.67,36.65,37.35,465481.0
2024-11-26,37.5,38.6,37.5,38.4,332401.0
2024-11-27,38.4,39.94,38.4,39.28,1414985.0
2024-11-28,39.49,40.21,39.0,40.21,1472236.0
2024-11-29,40.56,40.89,40.31,40.61,1681266.0
2024-12-02,38.1,38.4,37.53,38.0,1633478.0
2024-12-03,38.0,38.0,37.2,37.2,910502.0
2024-12-04,37.0,38.25,36.6,37.8,605887.0
2024-12-05,38.0,39.05,38.0,38.66,389931.0
2024-12-06,39.9,40.0,39.0,39.0,638951.0
2024-12-09,39.59,39.8,38.52,38.8,313597.0
2024-12-10,39.18,39.19,38.26,38.5,164345.0
2024-12-11,38.4,38.5,37.7,37.99,390760.0
2024-12-12,38.24,38.25,37.92,38.05,101343.0
2024-12-13,37.93,38.2,37.9,37.9,335224.0
2024-12-16,37.91,38.05,37.5,37.86,149616.0
2024-12-17,37.65,39.3,37.51,38.0,688425.0
2024-12-18,37.95,38.16,37.58,37.58,139497.0
2024-12-19,37.05,37.5,36.66,36.9,493262.0
2024-12-20,37.0,37.2,36.68,36.7,184604.0
2024-12-23,36.92,36.92,36.41,36.7,297979.0
2024-12-24,36.5,37.0,35.51,36.0,438167.0
2024-12-25,35.98,36.0,35.4,36.0,178789.0
2024-12-26,35.54,38.0,35.52,38.0,848951.0
2024-12-27,38.0,38.5,38.0,38.5,4543620.0
2024-12-30,38.45,38.95,38.02,38.95,437769.0
2024-12-31,39.0,39.79,38.8,39.3,1122568.0
2025-01-02,39.69,43.0,39.5,42.5,2625076.0
2025-01-03,43.15,45.0,42.8,44.31,3115285.0
2025-01-06,44.61,45.0,43.0,43.9,957996.0
2025-01-07,43.5,45.33,43.28,45.33,857235.0
2025-01-08,45.99,47.5,45.99,46.25,1799142.0
2025-01-09,47.26,48.0,46.3,46.3,1324528.0
2025-01-10,46.95,47.0,45.11,45.51,1198984.0
2025-01-13,46.0,46.0,45.0,45.0,173191.0
2025-01-15,45.4,46.0,45.4,45.99,106693.0
2025-01-16,46.05,47.3,46.05,46.5,449131.0
2025-01-17,46.89,47.6,46.56,46.56,742245.0
2025-01-20,47.25,47.25,46.21,46.22,347852.0
2025-01-21,46.0,46.1,45.0,45.0,614110.0
2025-01-22,44.6,45.0,42.8,44.2,621386.0
2025-01-23,45.1,45.9,45.0,45.9,546337.0
2025-01-24,45.9,46.29,45.0,46.1,270551.0
2025-01-27,46.05,46.05,44.81,45.0,232048.0
2025-01-28,45.0,45.0,44.83,44.9,179990.0
2025-01-29,45.0,46.8,45.0,45.98,281079.0
2025-01-30,46.0,46.15,45.8,45.95,207742.0
2025-01-31,45.6,45.9,44.75,44.8,407907.0
2025-02-03,45.0,45.0,44.8,44.8,31975.0
2025-02-04,44.95,45.49,44.8,45.0,183914.0
2025-02-05,45.7,45.7,44.76,44.8,97005.0
2025-02-06,45.0,45.0,44.5,44.5,116856.0
2025-02-07,44.5,44.8,43.81,44.45,280297.0
2025-02-10,44.11,44.8,44.0,44.6,194762.0
2025-02-11,44.5,44.55,43.9,44.0,537331.0
2025-02-12,44.0,44.1,43.7,44.0,146802.0
2025-02-13,44.46,44.46,42.8,43.0,581700.0
2025-02-14,43.02,44.0,42.97,44.0,295157.0
2025-02-17,44.6,45.49,44.5,45.35,340526.0
2025-02-18,45.35,45.8,44.99,44.99,184045.0
2025-02-19,45.4,45.53,43.8,44.9,394478.0
2025-02-20,44.99,45.0,43.82,44.99,267854.0
2025-02-21,44.99,44.99,44.0,44.0,335895.0
2025-02-24,44.0,44.5,43.2,43.47,191872.0
2025-02-25,43.31,44.49,43.21,44.0,156119.0
2025-02-26,44.0,44.8,43.51,44.3,242841.0
2025-02-27,45.45,45.49,43.5,43.5,714791.0
2025-02-28,44.0,44.0,41.1,41.77,486546.0
2025-03-03,42.0,42.5,41.8,42.5,117726.0
2025-03-04,43.09,43.09,41.8,41.8,76183.0
2025-03-05,42.0,42.0,40.81,40.86,148252.0
2025-03-06,40.86,41.79,40.86,41.0,96346.0
2025-03-07,41.0,41.5,40.01,41.0,208668.0
2025-03-10,41.8,41.9,41.0,41.0,109436.0
2025-03-11,41.11,41.9,41.0,41.57,48953.0
2025-03-12,41.88,41.88,39.5,40.0,516616.0
2025-03-13,40.1,41.4,40.1,41.0,160852.0
2025-03-14,41.0,41.3,40.1,41.0,486260.0
2025-03-17,41.0,41.8,40.8,41.0,143154.0
2025-03-18,41.0,41.45,40.75,40.9,151875.0
2025-03-19,42.0,42.0,40.9,41.16,679011.0
2025-03-20,41.3,45.27,41.02,45.27,1922639.0
2025-03-21,46.15,47.25,45.95,45.95,1139884.0
2025-03-24,45.05,46.7,45.05,46.51,545133.0
2025-03-25,47.11,47.2,46.0,46.0,488225.0
2025-03-26,46.01,46.7,45.55,46.56,969559.0
2025-03-27,46.56,47.0,45.26,46.45,1047948.0
2025-03-28,47.5,47.55,45.52,45.58,598785.0
2025-04-02,45.57,45.8,43.75,44.15,593881.0
2025-04-03,44.21,44.5,41.5,42.9,470467.0
2025-04-04,43.0,43.78,41.5,43.0,398303.0
2025-04-07,40.1,41.4,38.71,39.3,1343582.0
2025-04-08,40.9,41.1,39.8,39.9,912304.0
2025-04-09,38.0,40.0,37.61,37.71,792939.0
2025-04-10,40.96,40.96,38.75,38.75,593581.0
2025-04-11,39.01,39.7,37.81,37.81,443753.0
2025-04-14,39.0,39.73,39.0,39.25,542885.0
2025-04-15,39.55,41.84,39.31,41.84,875763.0
2025-04-16,42.1,42.6,41.6,41.6,201461.0
2025-04-17,41.41,41.7,41.15,41.21,539584.0
2025-04-18,41.0,41.2,40.02,40.02,269504.0
2025-04-21,41.0,41.0,40.0,40.0,108921.0
2025-04-22,39.41,39.98,38.05,38.05,680924.0
2025-04-23,40.0,40.0,37.85,38.95,544451.0
2025-04-24,38.99,39.49,38.05,38.05,385468.0
2025-04-25,38.75,38.98,38.1,38.1,214292.0
2025-04-28,38.95,39.0,38.09,38.1,174337.0
2025-04-29,38.17,38.87,38.05,38.1,129732.0
2025-04-30,38.39,38.39,37.92,38.1,429500.0
2025-05-02,38.1,38.6,38.1,38.48,43530.0
2025-05-05,39.0,39.2,38.56,38.56,106726.0
2025-05-06,38.96,40.15,38.95,40.15,1146677.0
2025-05-07,40.5,40.5,39.21,39.5,82160.0
2025-05-08,39.89,39.89,39.02,39.02,43177.0
2025-05-09,39.38,39.48,39.02,39.48,19081.0
2025-05-12,39.8,40.49,39.0,39.8,392316.0
2025-05-13,39.5,39.8,38.6,38.7,218456.0
2025-05-14,39.1,39.25,38.2,38.2,803157.0
2025-05-15,38.22,39.0,38.1,38.13,85990.0
2025-05-16,38.3,38.3,37.0,37.0,620531.0
2025-05-19,36.79,36.79,35.0,36.29,484465.0
2025-05-20,35.8,37.7,35.4,36.99,421488.0
2025-05-21,38.4,38.4,36.0,36.5,281129.0
2025-05-22,37.0,37.24,36.2,37.12,145376.0
2025-05-23,36.6,37.0,35.6,35.62,343891.0
2025-05-26,35.62,35.99,35.0,35.0,179336.0
2025-05-27,35.0,35.48,34.4,34.77,272328.0
2025-05-28,34.89,35.2,34.0,34.0,330647.0
2025-05-29,34.01,36.6,34.01,36.53,736746.0
2025-05-30,35.9,37.44,35.9,36.0,573962.0
2025-06-02,36.9,37.1,36.12,36.52,419234.0
2025-06-03,37.5,37.5,36.22,36.22,378380.0
2025-06-04,36.5,37.19,36.12,37.0,708145.0
2025-06-05,37.41,38.2,37.41,38.2,575683.0
2025-06-06,38.33,38.66,38.2,38.5,302778.0
2025-06-10,38.6,39.25,37.96,39.01,227812.0
2025-06-11,39.06,39.34,38.5,39.05,337669.0
2025-06-12,38.52,38.98,37.77,38.2,72543.0
2025-06-13,37.65,37.99,35.35,37.03,1275776.0
2025-06-16,36.45,36.5,35.6,35.6,905995.0
2025-06-17,36.0,36.49,35.0,35.0,438783.0
2025-06-18,35.0,35.58,34.5,34.6,140823.0
2025-06-19,34.4,34.6,32.5,34.0,587049.0
2025-06-20,34.6,36.28,34.5,35.0,742061.0
2025-06-23,35.6,35.6,34.01,34.8,111060.0
2025-06-24,36.44,37.0,36.0,36.7,842872.0
2025-06-25,36.98,36.98,36.5,36.9,155035.0
2025-06-26,36.96,37.05,36.7,36.87,316295.0
2025-06-30,36.02,36.99,35.83,36.99,197280.0
2025-07-01,36.68,36.7,35.01,36.5,112968.0
2025-07-02,36.1,36.5,35.8,36.01,108059.0
2025-07-03,36.29,36.29,35.86,36.11,68808.0
2025-07-04,36.0,36.28,35.8,36.01,117321.0
2025-07-07,36.01,36.3,35.9,36.18,58460.0
2025-07-08,36.0,36.33,35.6,36.17,28630.0
2025-07-09,36.1,36.23,35.8,35.92,86201.0
2025-07-10,35.95,36.0,35.5,35.9,167631.0
2025-07-11,36.0,36.1,35.6,35.82,358623.0
2025-07-14,35.55,36.0,35.5,35.86,529374.0
2025-07-15,35.66,35.97,35.5,35.8,208829.0
2025-07-16,35.6,35.8,35.53,35.6,84957.0
2025-07-17,35.6,37.0,35.5,36.0,259202.0
2025-07-18,36.51,36.95,36.0,36.9,148878.0
2025-07-21,36.5,36.9,36.0,36.55,107264.0
2025-07-22,36.49,36.59,36.02,36.58,194446.0
2025-07-23,36.4,36.5,35.5,36.0,188092.0
2025-07-24,36.0,36.2,35.51,35.85,131800.0
2025-07-25,35.9,37.9,35.9,37.87,874089.0
2025-07-28,38.0,38.3,37.13,37.2,139388.0
2025-07-29,37.2,37.5,36.5,37.18,505997.0
2025-07-31,37.18,37.2,36.52,37.0,479147.0
2025-08-01,37.0,37.1,36.7,36.7,496789.0
2025-08-04,37.0,37.15,36.01,37.15,452396.0
2025-08-05,37.2,38.2,37.15,38.2,724356.0
2025-08-06,38.51,38.76,38.23,38.76,498343.0
2025-08-07,39.01,40.22,39.01,40.0,885684.0
2025-08-08,40.85,41.75,40.85,41.75,1109934.0
2025-08-11,42.0,42.47,40.6,40.72,490036.0
2025-08-12,40.72,41.0,39.92,40.05,361676.0
2025-08-13,40.15,40.7,40.0,40.7,135341.0
2025-08-15,40.3,40.7,40.03,40.4,135952.0
2025-08-18,39.7,40.0,39.0,39.35,115978.0
2025-08-19,39.11,39.2,38.15,38.61,714009.0
2025-08-22,39.1,39.2,38.63,39.05,76012.0
2025-08-25,39.2,39.98,39.0,39.98,101773.0
2025-08-26,40.02,40.95,39.9,39.9,495007.0
2025-08-27,39.8,40.24,39.8,39.92,112702.0
2025-08-28,40.0,40.0,38.91,39.0,151320.0
2025-08-29,38.75,39.0,38.5,38.5,203348.0
2025-09-01,41.97,42.34,40.0,42.34,3454820.0
2025-09-02,42.0,44.3,40.8,43.6,1728099.0
2025-09-03,43.5,43.5,42.6,42.99,414529.0
2025-09-04,42.99,42.99,41.2,41.7,1460681.0
2025-09-08,41.6,41.88,41.2,41.35,210575.0
2025-09-09,41.35,41.35,40.0,40.0,262346.0
2025-09-10,40.02,41.38,40.02,41.0,70899.0
2025-09-11,41.1,41.7,40.61,40.61,579483.0
2025-09-12,41.44,41.7,40.8,40.8,94588.0
2025-09-15,41.48,41.5,40.51,40.59,68933.0
2025-09-16,40.99,40.99,40.0,40.5,183808.0
2025-09-17,40.22,40.52,40.11,40.11,47205.0
2025-09-18,40.03,40.35,40.0,40.09,122476.0
2025-09-19,40.0,40.05,39.2,39.2,63406.0
2025-09-22,39.85,39.85,39.25,39.7,30850.0
2025-09-23,39.99,40.98,39.3,39.3,122715.0
2025-09-24,39.5,40.3,39.21,40.3,109124.0
2025-09-25,40.24,40.24,39.24,39.5,77624.0
2025-09-26,39.23,40.0,38.64,40.0,271488.0
2025-09-29,38.87,39.5,38.11,38.11,222926.0
2025-09-30,38.69,39.25,36.5,38.7,383702.0
2025-10-01,38.1,38.11,37.0,37.0,186702.0
2025-10-02,36.0,37.5,34.5,37.0,338841.0
2025-10-03,37.28,38.99,37.28,38.38,265956.0
2025-10-06,39.0,39.25,38.24,38.24,160856.0
2025-10-07,38.48,38.48,37.5,37.5,122677.0
2025-10-08,37.54,37.89,37.05,37.05,116219.0
2025-10-09,37.06,37.4,36.79,36.79,99597.0
2025-10-10,36.79,37.0,36.15,36.15,201144.0
2025-10-13,36.99,37.0,35.5,36.0,68609.0
2025-10-14,36.88,36.88,35.03,35.03,278576.0
2025-10-15,35.1,35.9,34.03,34.91,314751.0
2025-10-16,35.26,36.19,35.26,36.0,172942.0
2025-10-17,36.49,36.79,36.0,36.79,141120.0
2025-10-20,37.0,38.3,37.0,37.61,185356.0
2025-10-21,37.99,39.45,37.71,39.45,1109569.0
2025-10-22,39.52,40.8,39.52,40.5,667870.0
2025-10-23,40.94,40.94,39.51,40.25,155679.0
2025-10-24,39.95,40.9,39.3,40.9,84735.0
2025-10-27,40.6,40.89,39.8,40.0,63872.0
2025-10-28,39.39,41.2,39.39,40.89,649402.0
2025-10-29,40.6,42.2,40.6,41.4,711818.0
2025-10-30,41.4,41.5,40.55,41.44,439624.0
2025-10-31,41.37,41.4,40.71,40.91,144450.0
2025-11-03,42.1,42.78,41.1,41.1,372763.0
2025-11-04,41.0,41.25,39.05,40.01,103243.0
2025-11-05,39.8,40.6,39.8,40.14,54324.0
2025-11-07,40.24,40.24,39.71,39.71,181550.0
2025-11-10,39.8,40.25,39.05,39.22,32225.0
2025-11-11,39.22,39.4,37.6,37.6,230045.0
2025-11-12,37.8,38.6,37.16,37.35,88281.0
2025-11-13,37.91,38.1,37.51,37.69,45501.0
2025-11-14,38.69,38.69,37.69,37.81,72148.0
2025-11-17,38.48,38.48,37.21,37.5,203024.0
2025-11-19,37.11,37.98,36.6,36.71,234931.0
2025-11-20,37.3,37.3,36.01,36.01,221661.0
2025-11-21,36.15,36.68,36.1,36.21,212629.0
2025-11-24,37.2,37.5,36.3,37.5,176041.0
2025-11-25,37.65,37.8,37.11,37.64,76015.0
2025-11-26,37.15,37.8,37.15,37.79,66420.0
2025-11-27,37.7,37.9,37.0,37.72,334782.0
2025-11-28,37.5,37.95,37.12,37.6,370802.0
2025-12-01,36.9,36.9,36.0,36.0,327087.0
2025-12-02,36.53,36.53,35.53,36.11,183938.0
2025-12-03,36.23,36.9,36.23,36.7,30032.0
2025-12-04,36.6,36.79,36.33,36.4,52713.0
2025-12-05,36.7,36.7,36.21,36.55,73280.0
2025-12-08,36.4,37.4,35.61,35.61,100707.0
2025-12-09,36.4,36.4,35.9,36.0,126708.0
2025-12-10,36.55,36.7,35.8,35.9,99552.0
2025-12-11,36.0,36.0,34.8,35.0,224320.0
2025-12-12,35.5,35.8,35.01,35.4,119904.0
2025-12-15,35.4,35.9,34.8,34.8,199644.0
2025-12-16,34.61,35.38,34.52,34.8,100175.0
2025-12-17,35.0,35.3,34.5,34.52,207065.0
2025-12-18,35.0,35.8,34.7,34.86,107377.0
2025-12-19,35.1,35.15,34.9,35.0,209356.0
2025-12-22,35.1,35.1,34.83,35.04,68642.0
2025-12-23,35.0,35.48,34.77,34.99,85197.0
2025-12-24,34.99,34.99,34.67,34.77,101406.0
2025-12-25,34.85,36.0,34.7,35.3,343667.0
2025-12-26,35.5,36.0,34.0,36.0,523300.0
2025-12-29,35.01,35.79,34.41,35.0,525372.0
2025-12-30,35.1,35.1,34.0,34.95,595269.0
2025-12-31,34.61,35.98,34.6,35.98,247050.0
2026-01-02,36.0,36.2,35.15,35.89,35508.0
2026-01-05,35.97,35.99,35.51,35.94,157981.0
2026-01-06,35.7,36.48,35.7,36.2,209516.0
2026-01-07,36.2,36.4,35.8,35.8,193253.0
2026-01-08,35.8,36.0,35.04,35.04,136388.0
2026-01-09,35.5,35.5,34.73,35.17,388168.0
2026-01-12,35.04,35.75,35.04,35.6,38408.0
2026-01-13,35.02,35.48,34.65,34.65,155964.0
2026-01-15,34.7,35.5,34.11,34.5,119888.0
2026-01-16,34.5,34.89,34.31,34.45,769994.0
2026-01-19,34.32,34.7,34.15,34.5,54070.0
2026-01-20,34.2,34.5,33.9,34.2,219658.0
2026-01-21,34.35,34.44,33.92,34.0,152663.0
2026-01-22,34.43,34.45,33.67,33.67,91367.0
2026-01-23,33.65,33.99,32.0,32.0,1042344.0
2026-01-26,32.05,32.49,30.52,31.0,503762.0
2026-01-27,31.01,31.99,31.0,31.85,221780.0
2026-01-28,32.01,33.99,32.01,32.99,147848.0
2026-01-29,33.6,33.67,32.11,32.15,40666.0
2026-01-30,32.5,32.5,31.15,31.15,195752.0
2026-02-02,32.45,32.45,30.65,30.65,150282.0
2026-02-03,30.95,31.79,30.61,30.61,76420.0
2026-02-04,30.5,30.74,30.2,30.2,256457.0
2026-02-05,30.3,30.65,29.8,29.8,1067359.0
2026-02-06,30.0,30.0,28.4,29.9,422158.0
2026-02-09,30.33,30.8,30.06,30.15,76776.0
2026-02-10,30.6,30.66,30.0,30.0,48036.0
2026-02-11,30.29,30.29,30.02,30.26,15979.0
2026-02-12,30.46,30.6,30.2,30.4,95877.0
2026-02-13,30.0,30.0,28.2,28.2,1208056.0
2026-02-16,30.01,30.8,29.8,30.0,1778187.0
2026-02-17,29.58,30.6,29.5,29.99,282851.0
2026-02-18,30.3,31.19,29.51,31.0,346466.0
2026-02-19,31.5,31.5,30.3,30.4,127488.0
2026-02-20,30.4,30.5,30.1,30.5,181263.0
2026-02-23,31.09,31.17,30.5,30.5,85501.0
2026-02-24,30.6,30.6,30.15,30.21,162342.0
2026-02-25,30.45,30.45,29.22,29.5,140257.0
2026-02-26,29.35,29.49,28.86,28.99,175552.0
2026-02-27,28.5,29.28,28.42,28.49,625637.0
2026-03-02,26.24,27.9,26.21,27.5,499925.0
2026-03-03,27.0,27.5,25.01,26.0,594418.0
2026-03-04,26.3,28.58,26.3,28.5,454209.0
2026-03-05,29.5,30.55,29.3,30.55,765038.0
2026-03-06,31.2,31.6,29.1,30.0,839892.0
2026-03-09,28.98,29.1,27.91,28.0,331657.0
2026-03-10,29.9,29.9,29.0,29.0,271070.0
2026-03-11,29.28,29.5,29.0,29.29,86938.0
2026-03-12,29.8,29.8,28.51,29.0,87203.0
2026-03-13,29.0,29.2,28.05,28.79,141720.0
2026-03-16,28.45,28.7,28.0,28.7,69916.0
2026-03-17,29.0,29.38,29.0,29.38,38226.0
2026-03-18,29.2,30.98,29.2,29.95,137640.0
2026-03-19,29.9,30.0,29.0,29.06,122998.0
2026-03-24,29.79,29.79,28.83,29.5,355789.0
2026-03-25,29.62,30.0,29.0,30.0,299741.0
2026-03-26,29.96,29.96,29.1,29.1,101513.0
2026-03-27,29.6,29.99,29.16,29.99,906780.0
