Time,Open,High,Low,Close,Volume
2012-03-26,713.0,713.0,710.0,713.0,13263.0
2012-03-27,715.0,715.0,710.0,715.0,12337.0
2012-03-28,715.0,715.0,712.0,715.0,2680.0
2012-03-29,700.0,715.0,700.0,700.0,24318.0
2012-03-30,710.0,714.0,706.0,710.0,102595.0
2012-04-02,719.0,720.0,708.0,719.0,3832.0
2012-04-03,710.0,719.0,709.0,710.0,9071.0
2012-04-04,709.0,710.0,707.0,709.0,14268.0
2012-04-05,710.0,714.0,706.0,710.0,51303.0
2012-04-06,707.0,710.0,703.0,707.0,61747.0
2012-04-09,713.0,714.0,703.0,713.0,6700.0
2012-04-13,715.0,715.0,714.0,715.0,20279.0
2012-04-16,720.0,720.0,715.0,720.0,160.0
2012-04-17,720.0,720.0,710.0,720.0,6172.0
2012-04-18,724.0,724.0,715.0,724.0,39484.0
2012-04-19,724.0,725.0,715.0,724.0,5541.0
2012-04-20,724.0,724.0,715.0,724.0,73490.0
2012-04-23,720.0,724.0,720.0,720.0,336.0
2012-04-24,715.0,717.0,715.0,715.0,37150.0
2012-04-25,719.0,719.0,710.0,719.0,601.0
2012-04-26,714.0,715.0,712.0,714.0,876.0
2012-04-27,710.0,715.0,710.0,710.0,5089.0
2012-04-30,717.0,717.0,710.0,717.0,2400.0
2012-05-02,716.0,717.0,712.0,716.0,3200.0
2012-05-03,715.0,716.0,706.0,715.0,1140.0
2012-05-04,717.0,719.0,710.0,717.0,9420.0
2012-05-07,716.0,716.0,710.0,716.0,593.0
2012-05-08,719.0,723.0,719.0,719.0,2492.0
2012-05-09,716.0,716.0,716.0,716.0,27.0
2012-05-10,716.0,716.0,710.0,716.0,1613.0
2012-05-11,715.0,719.0,710.0,715.0,2078.0
2012-05-14,714.0,715.0,709.0,714.0,73.0
2012-05-15,714.0,714.0,705.0,714.0,1105.0
2012-05-16,709.0,709.0,700.0,709.0,3927.0
2012-05-17,699.0,699.0,691.0,699.0,1762.0
2012-05-18,690.0,694.0,690.0,690.0,2920.0
2012-05-21,688.0,690.0,688.0,688.0,371.0
2012-05-22,687.0,689.0,682.0,687.0,435.0
2012-05-23,687.0,687.0,677.0,687.0,2529.0
2012-05-24,701.0,705.0,681.0,701.0,6933.0
2012-05-25,704.0,708.0,682.0,704.0,631.0
2012-05-28,704.0,704.0,691.0,704.0,390.0
2012-05-29,700.0,704.0,696.0,700.0,805.0
2012-05-30,708.0,710.0,700.0,708.0,474.0
2012-05-31,709.0,709.0,698.0,709.0,10561.0
2012-06-01,710.0,710.0,700.0,710.0,14889.0
2012-06-04,709.0,710.0,685.0,709.0,340.0
2012-06-05,708.0,709.0,700.0,708.0,5926.0
2012-06-06,705.0,708.0,695.0,705.0,165.0
2012-06-07,709.0,709.0,696.0,709.0,1458.0
2012-06-08,708.0,709.0,698.0,708.0,923.0
2012-06-11,706.0,706.0,706.0,706.0,400.0
2012-06-12,705.0,708.0,699.0,705.0,4185.0
2012-06-13,708.0,708.0,692.0,708.0,250.0
2012-06-14,709.0,709.0,703.0,709.0,6709.0
2012-06-15,710.0,710.0,703.0,710.0,718.0
2012-06-18,712.0,712.0,701.0,712.0,269.0
2012-06-19,713.0,714.0,703.0,713.0,135.0
2012-06-20,714.0,714.0,703.0,714.0,1752.0
2012-06-21,712.0,713.0,703.0,712.0,508.0
2012-06-22,710.0,710.0,701.0,710.0,5539.0
2012-06-25,715.0,715.0,701.0,715.0,7556.0
2012-06-26,719.0,719.0,704.0,719.0,12575.0
2012-06-27,715.0,718.0,705.0,715.0,560.0
2012-06-28,715.0,718.0,709.0,715.0,610.0
2012-06-29,710.0,710.0,703.0,710.0,9100.0
2012-07-02,714.0,715.0,703.0,714.0,145.0
2012-07-03,714.0,714.0,703.0,714.0,45.0
2012-07-04,712.0,714.0,704.0,712.0,1670.0
2012-07-05,714.0,714.0,703.0,714.0,150.0
2012-07-06,714.0,714.0,685.0,714.0,724.0
2012-07-09,714.0,714.0,710.0,714.0,597.0
2012-07-10,714.0,714.0,701.0,714.0,90.0
2012-07-11,714.0,714.0,700.0,714.0,175.0
2012-07-12,712.0,712.0,692.0,712.0,300.0
2012-07-13,691.0,712.0,691.0,691.0,12936.0
2012-07-16,708.0,709.0,700.0,708.0,1740.0
2012-07-17,709.0,709.0,699.0,709.0,89.0
2012-07-18,713.0,716.0,709.0,713.0,2325.0
2012-07-19,714.0,715.0,705.0,714.0,117.0
2012-07-20,714.0,715.0,714.0,714.0,750.0
2012-07-23,714.0,714.0,708.0,714.0,130.0
2012-07-24,712.0,712.0,698.0,712.0,304.0
2012-07-25,711.0,711.0,699.0,711.0,638.0
2012-07-26,711.0,711.0,702.0,711.0,150.0
2012-07-27,708.0,708.0,700.0,708.0,1289.0
2012-07-31,707.0,707.0,698.0,707.0,210.0
2012-08-01,700.0,700.0,697.0,700.0,5585.0
2012-08-02,705.0,705.0,691.0,705.0,254.0
2012-08-03,705.0,705.0,692.0,705.0,910.0
2012-08-06,705.0,709.0,693.0,705.0,456.0
2012-08-07,695.0,695.0,693.0,695.0,1165.0
2012-08-08,696.0,696.0,695.0,696.0,40.0
2012-08-09,705.0,705.0,695.0,705.0,124.0
2012-08-10,705.0,705.0,690.0,705.0,814.0
2012-08-13,705.0,705.0,691.0,705.0,35.0
2012-08-15,700.0,700.0,691.0,700.0,270.0
2012-08-16,700.0,704.0,692.0,700.0,146.0
2012-08-17,702.0,704.0,692.0,702.0,876.0
2012-08-22,699.0,699.0,690.0,699.0,10468.0
2012-08-23,686.0,690.0,686.0,686.0,1245.0
2012-08-24,695.0,699.0,685.0,695.0,1034.0
2012-08-27,686.0,698.0,685.0,686.0,218.0
2012-08-28,686.0,686.0,685.0,686.0,3334.0
2012-08-29,690.0,690.0,680.0,690.0,525.0
2012-08-30,689.0,690.0,676.0,689.0,3131.0
2012-08-31,689.0,689.0,681.0,689.0,1165.0
2012-09-03,689.0,689.0,678.0,689.0,536.0
2012-09-04,686.0,689.0,686.0,686.0,540.0
2012-09-05,688.0,689.0,679.0,688.0,78.0
2012-09-06,678.0,683.0,661.0,678.0,1162.0
2012-09-07,677.0,680.0,660.0,677.0,850.0
2012-09-10,677.0,677.0,663.0,677.0,460.0
2012-09-11,675.0,676.0,675.0,675.0,468.0
2012-09-12,675.0,675.0,660.0,675.0,360.0
2012-09-13,672.0,672.0,661.0,672.0,580.0
2012-09-14,675.0,675.0,663.0,675.0,1348.0
2012-09-17,677.0,679.0,666.0,677.0,486.0
2012-09-18,677.0,677.0,674.0,677.0,100.0
2012-09-19,679.0,679.0,669.0,679.0,4437.0
2012-09-20,667.0,678.0,665.0,667.0,1363.0
2012-09-21,635.0,675.0,630.0,635.0,33032.0
2012-09-24,620.0,640.0,598.0,620.0,23899.0
2012-09-25,590.0,618.0,590.0,590.0,25917.0
2012-09-26,625.0,625.0,590.0,625.0,10398.0
2012-09-27,655.0,655.0,612.0,655.0,19686.0
2012-09-28,630.0,660.0,630.0,630.0,9247.0
2012-10-01,635.0,635.0,615.0,635.0,150.0
2012-10-02,635.0,645.0,620.0,635.0,368.0
2012-10-03,634.0,635.0,620.0,634.0,1580.0
2012-10-04,630.0,630.0,620.0,630.0,320.0
2012-10-05,625.0,630.0,625.0,625.0,3920.0
2012-10-08,620.0,625.0,620.0,620.0,285.0
2012-10-09,606.0,616.0,606.0,606.0,294.0
2012-10-10,600.0,606.0,590.0,600.0,9185.0
2012-10-11,591.0,599.0,591.0,591.0,3261.0
2012-10-12,585.0,597.0,571.0,585.0,2550.0
2012-10-15,575.0,579.0,567.0,575.0,538.0
2012-10-16,575.0,589.0,575.0,575.0,2862.0
2012-10-17,555.0,575.0,555.0,555.0,4862.0
2012-10-18,560.0,569.0,535.0,560.0,574.0
2012-10-19,565.0,579.0,545.0,565.0,63802.0
2012-10-22,565.0,578.0,553.0,565.0,708.0
2012-10-23,571.0,582.0,567.0,571.0,18942.0
2012-10-24,572.0,580.0,570.0,572.0,4505.0
2012-10-25,580.0,589.0,579.0,580.0,627.0
2012-10-29,578.0,580.0,567.0,578.0,3791.0
2012-10-30,577.0,578.0,577.0,577.0,1199.0
2012-10-31,577.0,577.0,571.0,577.0,110.0
2012-11-01,577.0,577.0,570.0,577.0,150.0
2012-11-05,578.0,578.0,570.0,578.0,130.0
2012-11-07,583.0,595.0,578.0,583.0,4718.0
2012-11-08,595.0,595.0,581.0,595.0,541.0
2012-11-09,595.0,606.0,591.0,595.0,14444.0
2012-11-12,605.0,606.0,586.0,605.0,166.0
2012-11-13,588.0,605.0,587.0,588.0,2139.0
2012-11-14,600.0,602.0,582.0,600.0,4080.0
2012-11-15,594.0,600.0,584.0,594.0,555.0
2012-11-19,597.0,597.0,578.0,597.0,1510.0
2012-11-20,580.0,594.0,580.0,580.0,2517.0
2012-11-21,575.0,591.0,575.0,575.0,1262.0
2012-11-22,572.0,589.0,572.0,572.0,2757.0
2012-11-23,585.0,585.0,566.0,585.0,1385.0
2012-11-26,572.0,584.0,568.0,572.0,875.0
2012-11-27,566.0,579.0,566.0,566.0,686.0
2012-11-28,551.0,582.0,551.0,551.0,2934.0
2012-11-29,568.0,568.0,552.0,568.0,477.0
2012-11-30,567.0,568.0,567.0,567.0,340.0
2012-12-03,574.0,574.0,560.0,574.0,687.0
2012-12-04,574.0,576.0,556.0,574.0,331.0
2012-12-05,573.0,573.0,556.0,573.0,157.0
2012-12-06,563.0,563.0,562.0,563.0,427.0
2012-12-07,562.0,563.0,558.0,562.0,2138.0
2012-12-10,568.0,568.0,557.0,568.0,82.0
2012-12-11,567.0,567.0,556.0,567.0,127.0
2012-12-12,570.0,570.0,556.0,570.0,160.0
2012-12-13,570.0,570.0,562.0,570.0,97.0
2012-12-14,569.0,570.0,556.0,569.0,294.0
2012-12-17,566.0,568.0,556.0,566.0,210.0
2012-12-18,566.0,566.0,555.0,566.0,104.0
2012-12-19,557.0,560.0,551.0,557.0,1097.0
2012-12-20,541.0,552.0,541.0,541.0,2424.0
2012-12-21,540.0,542.0,537.0,540.0,1096.0
2012-12-24,550.0,559.0,534.0,550.0,675.0
2012-12-25,529.0,557.0,529.0,529.0,819.0
2012-12-26,558.0,558.0,522.0,558.0,52699.0
2012-12-27,566.0,566.0,532.0,566.0,24919.0
2012-12-28,547.0,569.0,547.0,547.0,12025.0
2012-12-31,545.0,561.0,540.0,545.0,88612.0
2013-01-02,548.0,548.0,542.0,548.0,65060.0
2013-01-03,549.0,550.0,532.0,549.0,93.0
2013-01-04,545.0,557.0,535.0,545.0,169.0
2013-01-07,540.0,540.0,530.0,540.0,15511.0
2013-01-08,540.0,540.0,520.0,540.0,575.0
2013-01-09,558.0,558.0,530.0,558.0,529.0
2013-01-10,525.0,537.0,525.0,525.0,36617.0
2013-01-14,540.0,555.0,520.0,540.0,1382.0
2013-01-15,520.0,540.0,520.0,520.0,67154.0
2013-01-16,538.0,545.0,510.0,538.0,3349.0
2013-01-17,536.0,536.0,510.0,536.0,9430.0
2013-01-18,534.0,534.0,534.0,534.0,1570.0
2013-01-21,512.0,520.0,510.0,512.0,7081.0
2013-01-22,514.0,514.0,512.0,514.0,634.0
2013-01-23,505.0,518.0,505.0,505.0,3193.0
2013-01-28,510.0,510.0,502.0,510.0,573.0
2013-01-29,518.0,518.0,510.0,518.0,820.0
2013-01-30,523.0,523.0,509.0,523.0,732.0
2013-01-31,522.0,522.0,507.0,522.0,72.0
2013-02-01,500.0,509.0,500.0,500.0,3139.0
2013-02-04,518.0,519.0,500.10001,518.0,345.0
2013-02-05,515.0,515.0,500.0,515.0,1622.0
2013-02-06,514.0,514.0,502.10001,514.0,210.0
2013-02-07,514.0,514.0,504.0,514.0,120.0
2013-02-08,500.0,506.20001,500.0,500.0,3234.0
2013-02-11,508.0,508.79999,500.0,508.0,1371.0
2013-02-12,499.0,504.0,490.0,499.0,13844.0
2013-02-13,500.0,500.0,493.0,500.0,280.0
2013-02-14,500.0,500.0,490.5,500.0,10192.0
2013-02-15,485.0,500.0,485.0,485.0,1672.0
2013-02-18,489.85001,495.0,480.0,489.85001,34074.0
2013-02-19,485.0,489.5,480.04999,485.0,2745.0
2013-02-20,485.0,486.0,480.20001,485.0,5538.0
2013-02-21,495.0,495.0,481.0,495.0,8246.0
2013-02-22,486.0,490.0,486.0,490.0,5182.0
2013-02-25,490.0,519.40002,490.0,519.40002,1734.0
2013-02-26,505.0,525.0,505.0,525.0,4787.0
2013-02-27,508.39999,538.0,508.39999,538.0,4141.0
2013-02-28,522.0,538.0,516.20001,538.0,12698.0
2013-03-01,526.09998,533.0,523.09998,530.0,8171.0
2013-03-04,518.0,547.0,518.0,520.0,1068.0
2013-03-05,502.0,530.0,502.0,527.0,1201.0
2013-03-06,511.29999,527.29999,511.29999,527.29999,80.0
2013-03-07,528.20001,528.20001,528.20001,528.20001,1.0
2013-03-08,510.0,520.0,500.0,500.0,1623.0
2013-03-11,491.0,500.0,485.0,500.0,3640.0
2013-03-12,490.0,505.0,480.0,505.0,17440.0
2013-03-13,500.0,524.0,489.0,524.0,1104.0
2013-03-14,524.0,524.0,502.0,524.0,3563.0
2013-03-15,506.0,521.0,506.0,521.0,5022.0
2013-03-18,514.0,524.0,514.0,524.0,30.0
2013-03-19,523.0,524.0,510.10001,524.0,145.0
2013-03-20,508.20001,524.0,508.20001,523.79999,2502.0
2013-03-21,523.5,523.5,510.10001,519.0,1226.0
2013-03-22,522.0,522.0,490.0,519.0,14383.0
2013-03-25,519.0,520.0,506.0,519.0,3383.0
2013-03-26,519.90002,519.90002,506.0,519.0,5601.0
2013-03-27,510.0,519.0,506.0,519.0,8020.0
2013-03-28,520.0,520.0,500.0,513.0,16646.0
2013-03-29,510.0,514.5,490.10001,490.10001,6065.0
2013-04-01,509.70001,512.0,480.0,500.0,29898.0
2013-04-02,500.0,505.0,480.0,505.0,31906.0
2013-04-03,500.0,502.0,498.0,498.0,5390.0
2013-04-04,508.5,508.5,495.0,497.0,5522.0
2013-04-05,507.89999,507.89999,490.0,490.0,6800.0
2013-04-08,503.0,503.0,503.0,503.0,105.0
2013-04-09,502.0,502.0,490.0,500.0,99.0
2013-04-10,500.0,504.70001,480.0,480.10001,113616.0
2013-04-11,483.5,493.0,482.0,490.0,1502.0
2013-04-12,482.20001,494.89999,482.20001,492.5,1045.0
2013-04-15,492.0,492.0,483.0,492.0,1074.0
2013-04-16,492.0,492.0,481.10001,481.10001,2245.0
2013-04-17,484.0,484.0,479.89999,479.89999,5724.0
2013-04-18,480.0,480.0,478.0,478.0,545.0
2013-04-19,479.85001,479.85001,479.85001,479.85001,1068.0
2013-04-22,480.0,480.0,478.5,478.5,418.0
2013-04-23,480.0,485.0,476.0,485.0,162.0
2013-04-24,478.0,482.5,474.0,478.0,3048.0
2013-04-25,485.0,485.0,485.0,485.0,13078.0
2013-04-29,485.0,487.0,475.0,487.0,225.0
2013-04-30,480.0,480.0,480.0,480.0,10749.0
2013-05-02,480.0,480.0,475.10001,480.0,87.0
2013-05-03,480.0,480.0,479.0,479.0,163.0
2013-05-06,479.0,486.89999,479.0,486.35001,8648.0
2013-05-07,480.04999,485.0,480.0,484.54999,6132.0
2013-05-08,484.0,484.0,475.5,483.89999,200.0
2013-05-09,480.0,482.0,480.0,482.0,232.0
2013-05-10,484.0,484.0,484.0,484.0,20.0
2013-05-13,483.89999,484.29999,476.35001,484.0,1071.0
2013-05-14,482.95001,482.95001,476.39999,479.89999,13745.0
2013-05-15,480.0,480.0,480.0,480.0,300.0
2013-05-16,475.5,479.0,472.25,474.0,1680.0
2013-05-17,474.0,474.0,460.0,474.0,1060.0
2013-05-20,470.0,474.0,470.0,474.0,19.0
2013-05-21,467.0,473.0,449.0,449.0,9378.0
2013-05-22,459.85001,459.95001,423.0,423.0,30892.0
2013-05-23,444.95001,444.95001,400.0,400.0,14675.0
2013-05-24,414.0,414.0,390.0,396.0,7897.0
2013-05-27,412.0,412.0,390.04999,409.0,1211.0
2013-05-28,409.89999,409.89999,400.0,400.0,6774.0
2013-05-29,398.0,400.0,392.14999,395.0,782.0
2013-05-30,385.0,394.79999,381.25,385.0,6841.0
2013-05-31,389.0,389.85001,379.0,379.0,5805.0
2013-06-03,389.5,389.5,380.04999,385.0,793.0
2013-06-04,389.0,400.0,381.10001,400.0,2135.0
2013-06-05,400.0,408.0,390.04999,403.85001,3129.0
2013-06-06,395.0,400.0,395.0,398.0,1039.0
2013-06-07,399.85001,399.85001,390.0,390.0,4146.0
2013-06-10,395.0,398.85001,383.04999,398.85001,318.0
2013-06-11,398.85001,398.85001,383.25,397.5,647.0
2013-06-12,395.5,395.5,384.10001,395.0,335.0
2013-06-13,394.0,397.0,386.0,397.0,728.0
2013-06-14,393.0,398.0,393.0,396.95001,876.0
2013-06-17,395.0,398.79999,395.0,398.79999,11435.0
2013-06-18,398.79999,398.79999,390.5,398.79999,150.0
2013-06-19,395.20001,397.95001,395.20001,397.0,388.0
2013-06-20,396.89999,396.89999,392.0,396.89999,112.0
2013-06-21,396.0,400.0,396.0,400.0,7618.0
2013-06-24,400.0,409.0,400.0,407.0,23168.0
2013-06-25,407.0,431.0,407.0,431.0,33843.0
2013-06-26,440.0,456.85001,434.0,456.85001,39265.0
2013-06-27,470.0,479.89999,429.45001,430.0,250165.0
2013-06-28,429.0,439.0,420.0,430.0,677366.0
2013-07-01,449.0,449.0,412.10001,446.0,65.0
2013-07-02,420.10001,447.89999,420.0,440.0,295.0
2013-07-03,439.89999,445.0,439.89999,445.0,150.0
2013-07-04,444.5,445.0,422.0,445.0,452.0
2013-07-05,427.0,440.0,420.0,420.0,677.0
2013-07-08,418.29999,427.0,402.0,402.0,1235.0
2013-07-09,401.5,420.0,401.5,420.0,130.0
2013-07-10,430.0,430.0,430.0,430.0,400.0
2013-07-11,429.95001,429.95001,411.04999,429.0,907.0
2013-07-16,423.95001,429.0,407.0,429.0,2330.0
2013-07-17,429.0,429.0,411.0,426.89999,562.0
2013-07-18,420.0,427.0,420.0,427.0,25.0
2013-07-19,414.0,427.0,414.0,427.0,650.0
2013-07-22,429.0,429.0,417.20001,427.0,2075.0
2013-07-23,426.95001,427.0,407.0,424.5,835.0
2013-07-24,424.0,424.0,415.0,423.95001,441.0
2013-07-25,424.0,424.0,415.04999,423.89999,85.0
2013-07-26,424.0,424.0,416.25,424.0,730.0
2013-07-29,420.0,420.0,410.0,411.0,2562.0
2013-07-31,415.0,420.0,412.04999,420.0,719.0
2013-08-02,409.20001,423.79999,409.20001,423.79999,20.0
2013-08-05,423.95001,423.95001,400.04999,423.89999,435.0
2013-08-06,423.0,423.0,406.14999,421.95001,830.0
2013-08-07,421.89999,421.89999,421.89999,421.89999,90.0
2013-08-08,421.0,421.0,421.0,421.0,15.0
2013-08-12,420.0,420.0,420.0,420.0,10.0
2013-08-13,420.0,425.0,420.0,425.0,5971.0
2013-08-16,425.0,425.0,413.0,425.0,771.0
2013-08-19,413.10001,424.0,413.10001,424.0,47.0
2013-08-23,425.0,425.0,415.0,420.0,91.0
2013-08-26,420.0,420.0,420.0,420.0,45.0
2013-08-27,413.10001,420.0,413.10001,420.0,85.0
2013-08-28,420.0,420.0,420.0,420.0,25.0
2013-08-29,420.0,420.0,413.10001,420.0,114.0
2013-08-30,420.0,420.0,420.0,420.0,30.0
2013-09-03,420.0,420.0,413.10001,420.0,122.0
2013-09-04,425.0,425.0,420.0,420.0,715.0
2013-09-05,425.0,425.0,413.10001,420.0,324.0
2013-09-06,413.10001,420.0,409.0,420.0,41.0
2013-09-09,409.0,425.0,409.0,425.0,40.0
2013-09-10,425.0,425.0,420.0,425.0,100.0
2013-09-11,425.0,425.0,412.20001,420.0,110.0
2013-09-12,420.0,424.95001,412.20001,424.89999,70.0
2013-09-13,424.89999,427.0,424.89999,427.0,65.0
2013-09-16,425.0,425.0,412.5,424.89999,1517.0
2013-09-17,412.64999,423.89999,412.14999,423.89999,740.0
2013-09-18,415.0,424.79999,412.39999,422.89999,219.0
2013-09-19,410.0,413.0,410.0,410.0,2624.0
2013-09-20,406.0,413.0,406.0,410.0,68.0
2013-09-23,406.0,415.0,406.0,415.0,20.0
2013-09-24,406.0,410.0,406.0,410.0,30.0
2013-09-25,410.0,410.0,410.0,410.0,1003.0
2013-09-26,410.0,417.0,406.0,410.0,2197.0
2013-09-27,414.0,426.95001,411.10001,412.0,6584.0
2013-09-30,411.25,414.0,400.0,412.0,1383.0
2013-10-01,412.0,412.0,410.0,412.0,36.0
2013-10-02,412.0,414.0,403.0,414.0,339.0
2013-10-03,414.0,414.0,410.0,410.0,200.0
2013-10-04,410.0,415.0,403.10001,410.0,279.0
2013-10-07,413.0,413.0,406.0,406.0,1511.0
2013-10-08,414.0,420.0,410.0,420.0,947.0
2013-10-09,419.0,427.0,416.0,418.0,4514.0
2013-10-10,413.04999,425.0,412.04999,424.89999,4910.0
2013-10-11,420.0,426.0,411.0,424.95001,48057.0
2013-10-14,424.89999,425.0,420.0,425.0,990.0
2013-10-15,424.89999,425.0,418.0,424.85001,3878.0
2013-10-21,424.79999,429.0,414.0,425.0,56405.0
2013-10-22,420.0,435.0,420.0,433.5,21189.0
2013-10-23,435.20001,457.0,435.0,455.0,15698.0
2013-10-24,462.5,472.89999,455.0,466.5,23618.0
2013-10-25,471.0,471.0,450.0,470.0,19139.0
2013-10-28,470.0,484.0,461.0,480.0,16645.0
2013-10-29,488.0,489.85001,475.0,480.0,15477.0
2013-10-30,479.95001,484.5,474.0,478.0,3540.0
2013-10-31,477.89999,479.0,474.20001,479.0,6262.0
2013-11-01,481.0,481.0,475.5,478.0,3870.0
2013-11-04,479.89999,479.89999,471.0,479.0,1323.0
2013-11-07,475.10001,479.0,464.0,478.89999,7458.0
2013-11-08,471.0,480.0,471.0,479.0,16864.0
2013-11-11,478.0,478.0,472.20001,474.95001,7205.0
2013-11-12,474.95001,475.0,466.14999,475.0,5324.0
2013-11-13,475.0,490.0,471.39999,490.0,22670.0
2013-11-14,490.0,499.0,488.0,499.0,21825.0
2013-11-15,500.0,514.0,480.0,514.0,54953.0
2013-11-19,520.0,524.0,515.0,520.0,9823.0
2013-11-20,520.0,525.0,508.0,520.0,67247.0
2013-11-21,525.0,528.0,518.0,525.0,9150.0
2013-11-22,522.0,528.0,520.0,522.0,14816.0
2013-11-25,527.5,534.90002,527.5,534.90002,300.0
2013-11-26,529.90002,530.0,522.0,530.0,4032.0
2013-11-27,530.0,530.0,515.0,530.0,9340.0
2013-11-28,528.5,530.0,522.0,529.0,3444.0
2013-11-29,528.0,529.0,521.0,529.0,5238.0
2013-12-02,534.90002,534.90002,534.90002,534.90002,30.0
2013-12-03,530.90002,535.0,515.0,520.0,9349.0
2013-12-04,528.0,528.0,506.10001,514.0,28421.0
2013-12-05,514.0,523.90002,514.0,520.0,4084.0
2013-12-06,520.0,525.0,517.0,520.0,13747.0
2013-12-09,524.90002,524.90002,515.29999,524.0,11104.0
2013-12-10,520.0,523.70001,516.20001,523.70001,3965.0
2013-12-11,516.5,523.0,516.5,519.0,11160.0
2013-12-12,519.90002,519.90002,516.59998,518.90002,5075.0
2013-12-13,515.70001,517.90002,500.0,514.0,43239.0
2013-12-16,517.0,517.79999,510.0,517.0,4434.0
2013-12-17,516.90002,517.79999,511.0,517.40002,1512.0
2013-12-18,510.0,516.90002,510.0,516.0,640.0
2013-12-19,516.70001,516.70001,513.0,513.0,3110.0
2013-12-20,512.0,513.0,506.0,509.89999,2470.0
2013-12-23,519.90002,519.90002,510.0,510.0,2288.0
2013-12-24,518.0,518.0,505.0,514.5,5270.0
2013-12-25,514.20001,514.20001,504.89999,504.89999,7208.0
2013-12-26,504.79999,504.79999,500.0,500.0,982.0
2013-12-27,500.0,504.0,492.0,499.0,1670.0
2013-12-30,499.0,499.0,485.10001,495.0,2886.0
2013-12-31,496.0,496.0,485.10001,490.0,18130.0
2014-01-02,485.10001,495.0,485.10001,495.0,40.0
2014-01-03,485.29999,493.89999,485.29999,493.89999,120.0
2014-01-07,492.5,495.0,486.04999,495.0,3578.0
2014-01-08,490.10001,493.0,470.0,490.0,718.0
2014-01-09,492.0,495.0,490.0,490.0,3030.0
2014-01-10,494.89999,494.89999,480.0,490.0,5734.0
2014-01-13,483.0,494.29999,482.04999,494.29999,28.0
2014-01-16,480.10001,494.95001,477.20001,494.95001,85.0
2014-01-17,494.0,495.0,494.0,495.0,2072.0
2014-01-20,495.0,495.0,483.0,495.0,2605.0
2014-01-21,495.0,495.0,487.0,495.0,280.0
2014-01-22,495.0,495.0,486.14999,495.0,109.0
2014-01-23,494.0,494.0,475.0,492.75,24201.0
2014-01-24,493.0,493.0,491.0,491.0,1109.0
2014-01-27,490.0,493.89999,490.0,491.0,5050.0
2014-01-28,493.0,493.0,482.10001,485.0,3699.0
2014-01-29,492.89999,492.89999,485.0,485.0,980.0
2014-01-30,482.10001,489.0,475.10001,485.0,10427.0
2014-01-31,481.0,484.0,475.0,484.0,3976.0
2014-02-03,484.95001,484.95001,475.10001,484.89999,42.0
2014-02-04,484.85001,492.0,477.0,489.85001,140.0
2014-02-05,489.79999,490.0,489.79999,490.0,127.0
2014-02-06,477.39999,488.0,477.39999,488.0,334.0
2014-02-07,487.79999,487.79999,477.10001,487.79999,110.0
2014-02-10,485.0,487.89999,477.0,487.5,1178.0
2014-02-11,487.5,487.5,480.0,480.0,2598.0
2014-02-12,485.0,485.0,479.0,484.89999,8075.0
2014-02-13,481.0,484.89999,481.0,484.89999,80.0
2014-02-14,484.89999,484.89999,478.0,484.85001,453.0
2014-02-17,484.85001,484.85001,477.04999,484.85001,124.0
2014-02-18,484.0,484.85001,484.0,484.85001,60.0
2014-02-19,484.85001,484.85001,472.0,480.0,22558.0
2014-02-20,480.0,484.39999,476.10001,484.39999,10730.0
2014-02-21,484.39999,484.39999,472.0,473.0,26706.0
2014-02-24,480.79999,480.95001,477.0,479.95001,158.0
2014-02-25,480.0,485.0,477.0,480.0,1693.0
2014-02-26,480.0,483.5,480.0,483.5,120.0
2014-02-27,477.04999,482.70001,476.20001,481.5,7525.0
2014-02-28,481.45001,484.0,477.20001,484.0,13692.0
2014-03-03,487.89999,503.0,487.89999,500.0,28782.0
2014-03-04,505.0,510.0,496.10001,500.0,24932.0
2014-03-05,508.0,510.0,503.0,507.0,24400.0
2014-03-06,509.0,517.0,505.0,514.0,36502.0
2014-03-07,515.0,518.0,510.0,511.0,20452.0
2014-03-10,513.70001,513.70001,505.0,513.0,464.0
2014-03-11,512.0,514.0,510.0,510.0,5729.0
2014-03-12,514.0,514.90002,509.20001,511.89999,2764.0
2014-03-13,513.70001,513.70001,508.5,512.0,117.0
2014-03-14,510.0,513.40002,509.5,509.5,1095.0
2014-03-17,513.90002,513.90002,508.0,509.5,1033.0
2014-03-18,509.39999,509.39999,500.0,500.0,2541.0
2014-03-19,500.0,503.0,496.0,503.0,144.0
2014-03-20,503.0,503.0,495.0,499.89999,2941.0
2014-03-21,502.0,502.0,491.0,491.0,487.0
2014-03-24,499.0,499.0,494.0,494.0,3925.0
2014-03-25,480.0,496.5,480.0,490.0,2403.0
2014-03-26,489.95001,490.0,483.0,490.0,3147.0
2014-03-27,483.54999,490.0,472.0,489.79999,14566.0
2014-03-28,494.0,494.0,475.14999,487.20001,3211.0
2014-03-31,496.79999,496.79999,480.10001,489.79999,715.0
2014-04-01,476.20001,498.79999,476.20001,491.0,1430.0
2014-04-02,494.5,494.5,482.10001,494.0,4602.0
2014-04-03,493.89999,495.0,493.89999,495.0,250.0
2014-04-04,494.5,495.0,490.0,495.0,698.0
2014-04-07,498.0,498.0,493.0,497.0,59.0
2014-04-08,497.0,497.39999,496.0,497.0,235.0
2014-04-09,490.0,496.89999,482.0,482.0,12321.0
2014-04-10,482.04999,494.0,482.04999,485.0,1810.0
2014-04-11,492.5,493.89999,483.0,483.0,5017.0
2014-04-14,492.85001,492.85001,492.70001,492.70001,110.0
2014-04-15,492.95001,492.95001,485.0,490.0,1437.0
2014-04-16,486.0,489.0,481.0,481.29999,1490.0
2014-04-17,488.0,488.0,480.0,480.0,6345.0
2014-04-18,487.89999,487.89999,480.0,480.0,2490.0
2014-04-21,487.5,487.5,480.0,480.0,427.0
2014-04-22,487.79999,487.79999,479.0,487.45001,51.0
2014-04-23,480.0,487.75,475.14999,487.0,516.0
2014-04-24,487.0,487.5,477.20001,487.5,146.0
2014-04-25,487.70001,487.70001,480.0,487.5,92.0
2014-04-28,487.5,487.5,480.35001,487.5,859.0
2014-04-29,487.5,487.5,480.39999,486.0,3300.0
2014-04-30,486.5,486.5,482.0,486.0,1170.0
2014-05-02,486.20001,486.20001,482.0,482.0,1870.0
2014-05-05,488.0,488.0,486.0,486.0,36.0
2014-05-06,487.95001,487.95001,482.0,486.85001,455.0
2014-05-07,487.85001,487.85001,480.45001,486.5,204.0
2014-05-08,486.5,486.5,486.5,486.5,69.0
2014-05-09,486.5,486.5,475.04999,486.0,5847.0
2014-05-12,485.85001,485.85001,485.85001,485.85001,35.0
2014-05-13,480.04999,485.70001,480.04999,485.60001,2641.0
2014-05-14,485.70001,485.70001,480.04999,485.5,80.0
2014-05-15,485.5,490.0,485.5,490.0,11530.0
2014-05-16,484.0,490.0,484.0,489.0,1305.0
2014-05-19,489.89999,490.0,485.0,490.0,150.0
2014-05-20,485.0,490.0,483.64999,489.0,1079.0
2014-05-21,483.70001,490.0,483.70001,489.0,927.0
2014-05-22,483.70001,485.0,477.10001,485.0,3237.0
2014-05-23,484.95001,485.0,477.5,485.0,620.0
2014-05-26,485.0,485.0,477.5,485.0,210.0
2014-05-27,480.0,485.0,478.04999,485.0,5950.0
2014-05-28,480.0,484.95001,478.39999,484.95001,2070.0
2014-05-29,482.0,490.0,480.0,490.0,1461.0
2014-05-30,490.0,490.0,481.0,489.0,160.0
2014-06-02,489.0,489.0,477.04999,489.0,4345.0
2014-06-03,489.0,489.0,477.0,488.0,852.0
2014-06-04,488.0,488.0,477.85001,486.95001,640.0
2014-06-05,486.95001,486.95001,477.0,486.95001,2215.0
2014-06-06,485.95001,485.95001,484.0,484.0,189.0
2014-06-09,484.0,485.0,480.0,485.0,80.0
2014-06-10,485.0,485.0,479.0,483.79999,445.0
2014-06-11,480.0,485.0,477.0,485.0,5388.0
2014-06-12,484.89999,484.89999,484.89999,484.89999,30.0
2014-06-13,477.0,483.39999,477.0,482.95001,2757.0
2014-06-16,485.0,485.0,478.25,485.0,50.0
2014-06-17,479.04999,484.95001,479.04999,484.95001,128.0
2014-06-18,484.95001,484.95001,484.89999,484.95001,50.0
2014-06-19,484.95001,484.95001,484.95001,484.95001,10.0
2014-06-20,480.0,484.0,480.0,484.0,2376.0
2014-06-23,483.95001,484.0,478.0,483.95001,190.0
2014-06-24,477.04999,483.89999,477.04999,483.89999,145.0
2014-06-25,483.75,483.75,475.0,480.0,1102.0
2014-06-26,475.0,483.0,472.04999,480.0,4131.0
2014-06-27,479.89999,479.89999,472.20001,479.85001,3194.0
2014-06-30,479.89999,485.0,475.0,485.0,842.0
2014-07-01,482.89999,482.89999,475.0,482.89999,1513.0
2014-07-02,482.89999,482.89999,475.0,482.0,348.0
2014-07-03,472.60001,482.89999,472.60001,479.79999,1430.0
2014-07-04,482.0,482.0,482.0,482.0,20.0
2014-07-07,480.0,482.89999,474.04999,482.0,2509.0
2014-07-08,482.85001,484.0,474.20001,482.45001,4298.0
2014-07-09,479.79999,482.5,475.0,480.0,2100.0
2014-07-10,481.89999,481.89999,481.89999,481.89999,20.0
2014-07-11,480.0,484.0,470.0,471.0,6350.0
2014-07-14,480.0,480.0,468.0,468.0,5170.0
2014-07-15,476.95001,480.0,476.95001,479.95001,700.0
2014-07-16,479.79999,479.79999,479.79999,479.79999,40.0
2014-07-17,477.85001,477.85001,468.0,468.0,4991.0
2014-07-18,477.0,477.0,470.0,476.64999,1200.0
2014-07-21,478.89999,478.89999,472.0,472.0,344.0
2014-07-22,475.0,475.0,468.04999,475.0,4450.0
2014-07-23,477.95001,477.95001,465.0,465.0,5320.0
2014-07-24,473.89999,473.89999,465.20001,465.20001,1383.0
2014-07-25,472.89999,472.89999,450.0,450.0,9059.0
2014-07-31,452.0,453.0,440.0,440.0,2249.0
2014-08-01,426.0,441.0,426.0,441.0,354.0
2014-08-04,443.0,445.0,440.0,441.04999,182.0
2014-08-05,441.04999,455.0,431.0,440.0,370.0
2014-08-06,434.04999,445.0,434.04999,440.0,76.0
2014-08-07,435.04999,440.0,435.04999,440.0,68.0
2014-08-08,437.14999,445.0,437.14999,440.0,1640.0
2014-08-11,438.0,453.5,435.0,435.0,2664.0
2014-08-12,435.0,449.5,435.0,435.0,1046189.0
2014-08-13,448.5,448.5,438.0,438.0,2070.0
2014-08-15,447.25,447.25,431.20001,435.0,465.0
2014-08-18,435.0,435.0,431.29999,434.95001,2532.0
2014-08-19,434.95001,434.95001,420.0,425.0,4303.0
2014-08-22,433.85001,433.85001,433.25,433.25,58.0
2014-08-25,430.0,435.0,430.0,432.95001,15479.0
2014-08-26,433.0,433.0,433.0,433.0,63.0
2014-08-27,423.10001,433.0,423.10001,433.0,2485.0
2014-08-28,433.0,434.70001,430.0,434.70001,700.0
2014-08-29,433.0,434.89999,428.04999,428.20001,974.0
2014-09-01,428.20001,434.75,420.0,420.0,1634.0
2014-09-02,434.0,434.0,419.89999,419.89999,2331.0
2014-09-03,429.5,429.5,410.0,416.79999,4256.0
2014-09-04,416.79999,420.0,410.0,416.0,2157.0
2014-09-05,416.0,418.89999,410.0,415.89999,2146.0
2014-09-08,417.0,422.0,416.0,421.45001,469.0
2014-09-09,420.0,430.0,415.0,415.0,5360.0
2014-09-10,427.95001,427.95001,416.54999,427.95001,140.0
2014-09-11,429.0,434.0,420.0,420.0,2048.0
2014-09-12,424.89999,433.0,420.0,420.0,3126.0
2014-09-15,423.0,431.0,417.0,417.0,2346.0
2014-09-16,417.0,426.0,417.0,424.79999,75.0
2014-09-17,424.79999,427.5,424.79999,426.0,874.0
2014-09-18,425.0,429.0,420.0,420.0,4511.0
2014-09-19,430.0,430.0,410.0,410.0,1603.0
2014-09-22,418.89999,418.89999,409.20001,410.0,3047.0
2014-09-23,410.0,414.0,406.0,410.0,5310.0
2014-09-24,413.0,413.0,400.5,400.5,3227.0
2014-09-25,401.0,405.0,395.10001,405.0,4746.0
2014-09-26,400.0,405.0,395.0,395.0,3368.0
2014-09-29,390.20001,398.0,379.0,379.0,15434.0
2014-09-30,379.0,390.0,379.0,380.0,12504.0
2014-10-01,389.75,389.95001,381.95001,389.95001,1996.0
2014-10-02,394.95001,403.0,392.04999,393.04999,2763.0
2014-10-03,399.39999,400.0,395.0,395.0,2657.0
2014-10-07,408.45001,408.45001,393.14999,400.0,3839.0
2014-10-08,406.35001,406.35001,395.04999,399.5,1843.0
2014-10-09,400.0,400.0,389.0,395.0,3151.0
2014-10-10,400.0,400.0,394.0,399.75,672.0
2014-10-13,400.0,400.0,391.0,395.0,5859.0
2014-10-14,399.79999,399.79999,391.04999,395.0,4202.0
2014-10-15,395.0,395.0,390.0,390.0,14073.0
2014-10-16,390.0,393.95001,385.0,389.95001,1485.0
2014-10-17,390.0,395.95001,385.04999,395.95001,2584.0
2014-10-20,385.0,396.95001,385.0,389.0,680.0
2014-10-21,386.5,390.0,375.60001,375.60001,3799.0
2014-10-22,376.0,380.0,360.0,368.0,17886.0
2014-10-23,367.0,374.64999,362.10001,374.0,1457.0
2014-10-24,374.0,380.0,360.0,360.0,11978.0
2014-10-27,370.0,370.0,355.0,355.0,5628.0
2014-10-28,350.0,364.25,350.0,358.0,1334.0
2014-10-29,358.5,358.5,350.04999,358.0,563.0
2014-10-30,352.35001,361.0,352.35001,358.0,6116.0
2014-10-31,357.0,374.95001,357.0,365.0,15406.0
2014-11-03,366.0,386.89999,366.0,386.89999,9114.0
2014-11-04,390.0,403.0,380.0,380.0,17683.0
2014-11-05,383.0,389.0,378.0,380.0,3368.0
2014-11-07,385.0,385.0,375.0,377.95001,853.0
2014-11-10,370.0,380.0,366.04999,366.04999,2795.0
2014-11-11,366.20001,380.0,366.20001,370.0,3931.0
2014-11-12,368.10001,379.95001,368.10001,370.0,57.0
2014-11-13,379.89999,379.89999,366.0,370.0,1253.0
2014-11-14,370.0,370.0,368.0,368.0,3030.0
2014-11-17,378.0,378.0,366.5,370.0,128.0
2014-11-19,366.54999,369.5,362.20001,369.5,2256.0
2014-11-20,369.0,371.95001,369.0,371.95001,14.0
2014-11-21,364.29999,376.0,364.29999,375.70001,16061.0
2014-11-24,378.89999,378.89999,367.0,377.89999,572.0
2014-11-25,370.0,377.85001,370.0,377.85001,2663.0
2014-11-26,375.45001,375.45001,366.45001,374.0,4035.0
2014-11-27,373.95001,373.95001,365.89999,365.89999,393.0
2014-11-28,365.89999,370.0,360.0,360.0,8432.0
2014-12-01,352.0,364.45001,352.0,359.95001,1517.0
2014-12-02,355.10001,360.95001,353.79999,359.0,271.0
2014-12-03,355.25,359.0,350.0,358.70001,8614.0
2014-12-04,351.10001,355.0,350.0,355.0,1953.0
2014-12-05,354.95001,354.95001,346.20001,350.0,10813.0
2014-12-08,346.64999,351.10001,346.45001,351.10001,328.0
2014-12-09,346.54999,349.89999,346.54999,349.89999,774.0
2014-12-10,350.0,352.0,350.0,350.0,4122.0
2014-12-11,347.20001,349.95001,345.0,349.95001,715.0
2014-12-12,351.10001,351.64999,340.0,340.0,1026343.0
2014-12-15,339.0,345.0,339.0,342.0,92253.0
2014-12-16,343.0,343.04999,336.14999,340.0,1080.0
2014-12-17,340.0,340.0,332.0,332.0,5228.0
2014-12-18,335.0,335.5,330.0,330.0,6323.0
2014-12-19,329.0,329.0,310.20001,310.20001,13384.0
2014-12-22,318.75,318.75,291.60001,291.60001,1060793.0
2014-12-23,280.0,280.10001,262.45001,280.10001,72730.0
2014-12-24,290.0,296.89999,280.0,280.0,38238.0
2014-12-25,281.0,288.89999,275.0,280.0,10516.0
2014-12-26,289.89999,289.89999,272.0,272.0,388202.0
2014-12-29,273.0,280.0,265.04999,280.0,4700.0
2014-12-30,278.95001,280.0,270.0,280.0,1431.0
2014-12-31,277.95001,280.0,277.89999,277.89999,14568.0
2015-01-02,273.0,288.75,273.0,283.0,117.0
2015-01-06,275.0,280.0,275.0,275.0,3956.0
2015-01-07,275.0,279.85001,275.0,279.85001,49.0
2015-01-08,279.85001,279.89999,277.10001,279.0,429.0
2015-01-09,279.5,279.5,274.0,274.10001,2339.0
2015-01-12,274.10001,274.10001,258.5,259.0,5163.0
2015-01-13,259.0,259.0,235.0,236.05,7614.0
2015-01-14,238.89999,238.89999,235.0,235.2,22578.0
2015-01-15,239.7,239.7,221.10001,221.10001,9334.0
2015-01-16,215.0,216.0,207.85001,207.85001,21926.0
2015-01-19,215.0,220.0,200.0,201.8,19059.0
2015-01-20,209.8,213.5,206.0,208.0,14563.0
2015-01-21,210.0,220.45,210.0,215.0,31023.0
2015-01-22,212.25,214.89999,208.0,214.0,14563.0
2015-01-23,213.89999,220.0,213.89999,217.0,23177.0
2015-01-26,218.0,229.5,217.05,224.5,10388.0
2015-01-27,232.0,233.8,220.05,223.89999,8470.0
2015-01-28,225.0,228.0,221.2,226.0,1280.0
2015-01-29,226.0,228.64999,223.60001,226.0,3199.0
2015-01-30,225.0,226.0,218.0,218.0,6988.0
2015-02-02,224.0,226.0,218.0,219.95,7069.0
2015-02-03,220.0,227.0,218.0,218.0,8207.0
2015-02-04,226.0,226.0,218.0,218.0,4022.0
2015-02-05,217.0,218.0,215.0,217.95,2037.0
2015-02-06,216.0,217.0,215.0,215.0,456.0
2015-02-09,215.0,215.0,210.0,210.0,8685.0
2015-02-10,210.0,211.0,209.0,210.0,8138.0
2015-02-11,208.0,210.0,197.39999,197.39999,17912.0
2015-02-12,197.0,198.0,185.0,185.14999,12063.0
2015-02-13,185.0,187.0,166.64999,166.64999,24278.0
2015-02-17,135.0,147.89999,135.0,146.89999,17486.0
2015-02-18,150.0,155.8,138.0,139.25,21339.0
2015-02-19,139.0,147.39999,125.35,125.35,36932.0
2015-02-20,132.0,132.0,121.0,132.0,1936.0
2015-02-23,139.39999,139.39999,125.1,130.0,12599.0
2015-02-24,142.5,142.5,132.10001,139.8,7909.0
2015-02-25,142.0,153.0,142.0,149.5,25321.0
2015-02-26,153.7,157.0,147.0,147.5,18712.0
2015-02-27,149.45,149.85001,140.3,141.0,8899.0
2015-03-02,143.95,148.5,142.0,142.0,5778.0
2015-03-03,144.5,144.5,133.5,136.0,16009.0
2015-03-04,135.0,138.89999,128.10001,129.0,3130.0
2015-03-05,133.0,135.95,123.0,126.1,20362.0
2015-03-06,127.5,132.0,127.5,129.5,3376.0
2015-03-09,135.0,135.0,130.0,132.60001,1401.0
2015-03-10,135.0,135.0,132.0,134.5,2604.0
2015-03-11,134.8,136.0,133.55,134.89999,4586.0
2015-03-12,135.0,135.0,132.0,132.0,3230.0
2015-03-13,132.5,133.5,130.0,130.0,3750.0
2015-03-16,133.0,133.2,125.0,125.0,4855.0
2015-03-17,125.05,131.0,122.5,126.95,2864.0
2015-03-18,128.0,128.75,124.0,126.5,6200.0
2015-03-19,124.25,127.0,123.5,123.5,7483.0
2015-03-20,126.75,126.75,123.0,126.0,1614.0
2015-03-23,132.5,132.5,126.1,129.0,4523.0
2015-03-24,129.89999,130.5,126.8,129.89999,1314.0
2015-03-25,129.0,129.0,125.5,128.89999,452.0
2015-03-26,128.95,131.0,127.2,129.0,1375.0
2015-03-27,126.1,130.95,125.0,125.0,3925.0
2015-03-30,125.0,125.0,123.0,123.0,5215.0
2015-03-31,123.0,123.0,110.7,110.7,6202.0
2015-04-01,100.0,101.0,99.629997,99.629997,11589.0
2015-04-02,89.669998,89.669998,89.669998,89.669998,14584.0
2015-04-03,84.290001,95.0,84.290001,90.050003,18142.0
2015-04-06,95.0,99.050003,94.0,99.050003,4953.0
2015-04-09,99.050003,108.95,96.0,103.0,31144.0
2015-04-10,100.0,103.0,97.0,100.0,12663.0
2015-04-13,102.4,110.0,102.4,110.0,14436.0
2015-04-17,121.0,121.0,121.0,121.0,3424.0
2015-04-21,138.89999,146.39999,134.0,146.39999,11521.0
2015-04-22,161.0,161.0,147.0,160.0,14213.0
2015-04-23,155.0,155.0,144.0,144.0,27607.0
2015-04-24,135.39999,139.95,132.5,134.0,7241.0
2015-04-27,139.95,142.0,134.0,138.0,1978.0
2015-04-28,138.0,138.0,138.0,138.0,63.0
2015-04-29,140.0,140.0,129.85001,138.0,11609.0
2015-04-30,132.0,138.5,124.2,124.2,24151.0
2015-05-04,122.0,122.0,111.8,111.8,8792.0
2015-05-05,110.0,115.0,110.0,111.95,3562.0
2015-05-06,120.0,120.0,108.05,113.0,1098.0
2015-05-07,118.0,118.0,113.0,113.0,17549.0
2015-05-08,115.0,119.5,109.5,110.2,47276.0
2015-05-11,110.55,116.8,110.55,111.2,8724.0
2015-05-12,115.75,116.9,110.0,114.85,1941.0
2015-05-13,111.5,113.95,110.1,113.85,4371.0
2015-05-14,110.6,114.5,110.0,110.0,18042.0
2015-05-15,113.2,113.95,112.0,112.0,3580.0
2015-05-18,113.0,113.6,110.15,112.45,660.0
2015-05-19,113.0,113.0,110.0,111.9,621.0
2015-05-20,110.4,112.8,105.2,105.2,5904.0
2015-05-21,105.0,105.2,98.889999,99.0,12490.0
2015-05-22,90.0,99.0,86.099998,99.0,28230.0
2015-05-25,98.0,102.0,96.099998,100.7,1754.0
2015-05-26,100.6,100.6,94.980003,94.980003,9052.0
2015-05-27,94.75,99.150002,90.25,97.0,19558.0
2015-05-28,91.18,96.989998,91.18,92.110001,22322.0
2015-05-29,93.099998,97.0,92.199997,94.900002,1684.0
2015-06-01,96.739998,96.739998,93.019997,95.25,4791.0
2015-06-02,94.010002,100.7,94.010002,98.0,6816.0
2015-06-03,96.050003,98.699997,96.050003,98.0,2758.0
2015-06-04,97.0,99.0,96.550003,97.0,2969.0
2015-06-05,98.949997,98.949997,97.0,97.0,4214.0
2015-06-08,98.980003,98.980003,96.0,96.0,727.0
2015-06-09,95.550003,98.0,94.57,95.0,2653.0
2015-06-10,96.599998,96.970001,95.0,96.0,4259.0
2015-06-11,98.0,98.0,95.010002,97.949997,4072.0
2015-06-12,95.25,97.0,95.199997,96.949997,274.0
2015-06-15,96.0,99.0,96.0,98.389999,311.0
2015-06-16,95.300003,97.0,93.620003,94.0,2022.0
2015-06-17,96.900002,96.900002,91.800003,93.0,2220.0
2015-06-18,90.050003,94.0,89.0,89.0,5686.0
2015-06-19,86.0,86.0,81.110001,84.0,82150.0
2015-06-22,88.0,88.5,83.5,86.099998,1216.0
2015-06-23,86.099998,86.5,83.5,86.489998,3086.0
2015-06-24,87.449997,87.449997,84.0,84.0,2739.0
2015-06-25,87.0,87.900002,82.0,84.879997,3882.0
2015-06-26,85.300003,85.300003,79.790001,79.790001,18046.0
2015-06-29,77.620003,77.620003,75.010002,75.010002,4377.0
2015-06-30,74.0,74.0,70.5,70.5,11491.0
2015-07-01,70.0,70.0,63.450001,63.450001,6555.0
2015-07-02,60.0,61.900002,57.110001,57.110001,26080.0
2015-07-03,52.5,56.5,51.400002,51.400002,36290.0
2015-07-06,48.5,49.5,48.32,48.32,7603.0
2015-07-07,45.799999,49.029999,45.0,49.0,137699.0
2015-07-08,51.0,53.900002,51.0,53.900002,184189.0
2015-07-09,59.290001,59.290001,59.290001,59.290001,106100.0
2015-07-10,65.209999,65.209999,63.0,65.209999,205005.0
2015-07-13,66.199997,66.199997,61.299999,61.299999,18542.0
2015-07-14,53.540001,54.0,52.830002,52.830002,49668.0
2015-07-15,53.0,54.0,49.669998,52.0,211687.0
2015-07-16,51.900002,54.5,51.900002,52.0,32431.0
2015-07-20,50.200001,54.0,50.200001,53.400002,20227.0
2015-07-21,53.549999,56.599998,53.5,56.0,22933.0
2015-07-22,59.0,59.0,54.0,55.0,12469.0
2015-07-23,53.150002,58.299999,53.150002,58.299999,21356.0
2015-07-24,60.009998,61.290001,55.299999,55.299999,43652.0
2015-07-27,55.299999,57.0,54.5,56.849998,6794.0
2015-07-28,56.0,57.77,54.799999,54.849998,6119.0
2015-07-29,55.0,55.0,54.0,54.900002,5870.0
2015-07-31,54.900002,56.5,53.459999,55.0,6277.0
2015-08-03,55.0,55.25,54.0,54.990002,1499.0
2015-08-04,54.0,55.0,53.200001,54.900002,4296.0
2015-08-05,55.299999,55.5,52.639999,52.639999,13235.0
2015-08-06,54.0,54.0,51.0,53.0,9940.0
2015-08-07,53.700001,53.700001,52.5,53.599998,604.0
2015-08-10,53.0,53.0,51.0,51.0,12799.0
2015-08-11,49.0,52.889999,49.0,51.0,17263.0
2015-08-12,50.02,52.0,50.02,50.799999,6184.0
2015-08-13,50.5,53.0,50.5,53.0,922.0
2015-08-17,52.950001,52.950001,51.0,51.23,280.0
2015-08-18,51.0,51.0,49.599998,50.0,17388.0
2015-08-19,50.0,52.5,49.619999,51.0,29319.0
2015-08-24,51.299999,53.5,51.299999,52.400002,4411.0
2015-08-25,52.400002,55.189999,52.400002,54.98,18430.0
2015-08-26,56.0,56.889999,52.599998,52.599998,8647.0
2015-08-27,54.900002,54.900002,52.099998,53.0,27328.0
2015-08-28,52.650002,53.939999,52.5,53.889999,773.0
2015-08-31,53.900002,53.950001,53.0,53.939999,1982.0
2015-09-01,52.509998,52.990002,51.900002,51.900002,8133.0
2015-09-02,50.169998,50.5,49.0,49.669998,28762.0
2015-09-03,48.0,50.0,48.0,49.900002,22827.0
2015-09-04,49.200001,51.0,49.200001,50.0,17422.0
2015-09-07,51.0,51.0,50.0,50.0,23148.0
2015-09-08,50.029999,50.029999,49.0,50.0,10292.0
2015-09-09,50.5,50.5,48.25,50.150002,271.0
2015-09-10,49.0,49.0,48.150002,48.700001,1750.0
2015-09-11,48.18,50.400002,48.18,49.0,8480.0
2015-09-14,49.009998,49.970001,49.009998,49.490002,680.0
2015-09-15,49.099998,49.700001,48.099998,48.139999,2677.0
2015-09-16,48.990002,48.990002,48.029999,48.400002,1509.0
2015-09-17,48.150002,48.990002,48.150002,48.349998,912.0
2015-09-18,48.200001,48.200001,45.450001,45.450001,9435.0
2015-09-21,47.0,47.0,47.0,47.0,200.0
2015-09-22,45.259998,49.82,45.259998,49.82,11389.0
2015-09-23,49.82,49.98,48.099998,49.599998,10437.0
2015-09-28,49.0,49.59,46.630001,49.59,12602.0
2015-09-29,49.0,49.0,46.799999,49.0,283.0
2015-09-30,47.049999,47.049999,46.060001,46.060001,3636.0
2015-10-01,43.349998,46.0,41.459999,42.900002,12347.0
2015-10-02,43.049999,45.09,38.610001,38.610001,15775.0
2015-10-05,39.970001,39.970001,36.299999,36.299999,7732.0
2015-10-06,36.279999,36.279999,32.669998,32.689999,31918.0
2015-10-07,32.5,32.5,29.52,29.98,12425.0
2015-10-08,28.99,28.99,26.99,27.0,81668.0
2015-10-09,25.379999,28.620001,25.379999,28.620001,25885.0
2015-10-13,30.709999,33.400002,29.41,30.209999,62756.0
2015-10-14,31.49,32.02,30.700001,32.02,6204.0
2015-10-16,32.060001,33.900002,31.51,31.51,14361.0
2015-10-19,31.02,32.389999,30.02,31.440001,6061.0
2015-10-20,31.459999,33.0,31.459999,32.380001,1664.0
2015-10-21,31.75,32.0,31.120001,31.309999,1365.0
2015-10-22,31.84,32.299999,31.110001,31.940001,1485.0
2015-10-23,32.299999,32.299999,31.16,32.0,4509.0
2015-10-26,31.27,32.0,31.15,31.98,1678.0
2015-10-27,31.870001,31.870001,30.1,30.799999,5105.0
2015-10-28,31.870001,31.870001,30.709999,31.030001,6580.0
2015-10-29,31.700001,32.889999,31.0,32.889999,5662.0
2015-10-30,33.049999,36.0,33.049999,35.59,27012.0
2015-11-02,37.709999,37.720001,37.099998,37.709999,1345.0
2015-11-03,41.400002,41.48,40.0,41.48,15887.0
2015-11-04,47.349998,47.349998,41.0,41.0,41506.0
2015-11-05,40.900002,44.790001,38.599998,44.0,24751.0
2015-11-09,46.5,48.400002,45.509998,48.400002,14520.0
2015-11-10,48.0,51.299999,45.5,49.18,52080.0
2015-11-11,49.0,49.98,47.509998,48.080002,15798.0
2015-11-12,48.299999,48.849998,45.200001,45.200001,41696.0
2015-11-13,45.0,45.0,41.0,43.400002,19949.0
2015-11-16,43.0,43.470001,41.009998,42.98,9279.0
2015-11-17,43.0,45.0,42.509998,44.5,9426.0
2015-11-19,42.799999,46.700001,42.799999,46.0,27602.0
2015-11-20,45.799999,48.689999,44.560001,44.560001,12047.0
2015-11-23,44.200001,46.0,42.900002,44.799999,8245.0
2015-11-24,43.0,44.490002,42.650002,43.0,6894.0
2015-11-25,42.799999,44.799999,42.799999,44.380001,7844.0
2015-11-26,44.5,45.25,44.0,45.0,30797.0
2015-11-27,45.0,45.450001,44.549999,45.0,1740.0
2015-11-30,44.700001,45.450001,43.509998,44.0,4513.0
2015-12-01,45.27,45.27,44.0,44.0,1789.0
2015-12-02,45.349998,45.349998,43.799999,44.5,478.0
2015-12-03,45.400002,45.5,43.25,43.25,2695.0
2015-12-04,44.700001,44.700001,42.0,42.599998,5420.0
2015-12-07,42.400002,43.439999,40.810001,42.400002,4998.0
2015-12-08,42.41,44.900002,42.34,42.5,4696.0
2015-12-09,41.0,43.5,38.25,40.0,34599.0
2015-12-10,41.0,41.0,39.009998,39.009998,480.0
2015-12-11,38.0,40.889999,37.5,39.0,1048227.0
2015-12-14,39.900002,39.900002,38.0,39.799999,5329.0
2015-12-15,39.860001,39.860001,37.419998,37.419998,9020.0
2015-12-16,37.009998,38.48,35.189999,37.900002,30426.0
2015-12-17,36.25,37.0,36.080002,36.5,2964.0
2015-12-18,35.759998,36.400002,35.0,35.0,3500.0
2015-12-21,33.200001,36.279999,33.150002,36.18,3084.0
2015-12-22,35.009998,38.09,35.0,36.0,22491.0
2015-12-23,37.799999,37.799999,35.0,35.0,12027.0
2015-12-28,35.0,36.48,35.0,35.5,2729.0
2015-12-29,36.48,36.900002,36.299999,36.799999,4389.0
2015-12-30,37.799999,39.0,37.799999,39.0,42640.0
2015-12-31,42.799999,43.990002,39.209999,41.0,44810.0
2016-01-04,42.68,43.0,38.610001,41.849998,9685.0
2016-01-05,42.400002,43.799999,41.0,43.799999,16101.0
2016-01-06,45.0,46.0,43.0,44.700001,26369.0
2016-01-07,43.099998,44.799999,42.5,42.77,2824.0
2016-01-08,43.0,44.75,41.5,43.099998,37401.0
2016-01-12,44.27,47.389999,43.0,46.200001,126556.0
2016-01-13,48.0,48.0,46.0,46.0,3503.0
2016-01-14,46.0,46.5,45.0,46.490002,1456.0
2016-01-15,46.0,47.880001,44.509998,46.0,32315.0
2016-01-18,47.389999,47.75,46.02,47.0,7588.0
2016-01-19,47.700001,47.700001,46.02,46.02,4458.0
2016-01-20,46.0,46.900002,44.299999,44.299999,7834.0
2016-01-21,44.299999,45.900002,42.119999,45.299999,19540.0
2016-01-22,45.990002,47.959999,45.0,45.0,41164.0
2016-01-25,46.0,46.0,44.900002,45.990002,1013.0
2016-01-26,46.0,46.799999,41.400002,41.400002,29013.0
2016-01-27,39.900002,43.5,39.0,42.0,57995.0
2016-01-28,41.009998,43.0,40.610001,42.599998,3173.0
2016-01-29,42.990002,43.799999,40.049999,40.049999,17228.0
2016-02-01,40.200001,40.650002,39.0,40.650002,3531.0
2016-02-02,39.509998,41.0,39.0,39.900002,11676.0
2016-02-04,44.970001,45.0,42.009998,44.349998,36178.0
2016-02-05,44.34,47.0,44.130001,46.740002,52743.0
2016-02-08,47.0,47.950001,46.0,46.099998,29747.0
2016-02-09,46.200001,46.200001,43.5,45.900002,11690.0
2016-02-10,46.900002,48.5,45.549999,48.150002,82084.0
2016-02-11,48.259998,49.700001,48.259998,48.299999,173322.0
2016-02-12,49.700001,53.130001,49.5,53.130001,74803.0
2016-02-15,54.049999,58.439999,54.049999,58.439999,92424.0
2016-02-16,63.0,64.279999,60.02,64.279999,54841.0
2016-02-17,68.5,70.699997,68.5,70.699997,42069.0
2016-02-19,85.540001,85.540001,77.0,77.949997,157078.0
2016-02-22,78.349998,78.349998,73.279999,73.279999,11974.0
2016-02-23,63.150002,76.5,63.150002,73.199997,178979.0
2016-02-24,74.699997,79.800003,73.5,73.5,53149.0
2016-02-25,70.160004,71.0,66.209999,66.699997,47712.0
2016-02-26,66.010002,69.0,63.200001,67.949997,36852.0
2016-02-29,69.849998,71.860001,67.400002,70.0,17788.0
2016-03-01,70.0,73.0,67.010002,73.0,39439.0
2016-03-02,77.0,78.599998,75.0,75.0,65485.0
2016-03-03,75.0,76.0,72.0,75.5,10925.0
2016-03-04,75.949997,76.0,74.0,75.0,5736.0
2016-03-07,67.620003,73.0,67.5,69.0,143108.0
2016-03-08,68.989998,68.989998,65.209999,67.0,13203.0
2016-03-09,67.099998,72.949997,67.0,70.980003,18619.0
2016-03-10,71.389999,73.5,70.75,71.720001,10362.0
2016-03-11,72.0,72.5,70.5,70.650002,6220.0
2016-03-14,69.019997,70.989998,67.139999,68.199997,13577.0
2016-03-15,67.25,69.5,64.110001,65.0,63264.0
2016-03-16,64.0,64.0,58.5,58.5,77128.0
2016-03-17,55.400002,60.400002,54.0,57.0,26971.0
2016-03-18,58.110001,60.419998,58.110001,60.25,12068.0
2016-03-21,62.5,62.5,58.099998,59.5,10796.0
2016-03-22,59.0,59.959999,58.5,59.900002,7150.0
2016-03-23,61.0,62.25,58.0,59.900002,6190.0
2016-03-24,59.889999,59.889999,58.5,58.98,4541.0
2016-03-25,58.619999,59.889999,58.02,59.799999,4931.0
2016-03-28,60.0,60.400002,58.5,58.5,9164.0
2016-03-29,58.310001,58.310001,54.990002,57.0,26685.0
2016-03-30,57.099998,57.5,53.709999,53.990002,13612.0
2016-04-04,55.0,57.220001,51.189999,54.009998,8599.0
2016-04-05,50.77,53.43,48.610001,48.610001,51016.0
2016-04-06,50.990002,51.52,46.099998,50.049999,28982.0
2016-04-07,50.490002,52.200001,50.0,51.200001,27712.0
2016-04-08,52.389999,52.959999,51.299999,52.900002,7979.0
2016-04-12,61.0,64.0,61.0,64.0,69489.0
2016-04-13,67.0,68.949997,64.0,65.300003,78287.0
2016-04-14,66.5,67.989998,64.800003,67.0,19090.0
2016-04-15,67.879997,70.0,66.510002,68.75,38079.0
2016-04-18,69.330002,71.980003,69.0,71.199997,23037.0
2016-04-19,71.900002,71.900002,68.300003,68.5,11299.0
2016-04-20,68.0,68.790001,65.040001,65.040001,23240.0
2016-04-21,64.5,65.949997,62.049999,65.0,50687.0
2016-04-22,65.0,66.0,62.150002,63.900002,12602.0
2016-04-25,64.0,65.099998,62.5,65.0,351.0
2016-04-26,62.400002,70.800003,62.400002,68.989998,52174.0
2016-04-27,70.0,70.949997,67.300003,67.839996,15994.0
2016-04-28,67.550003,67.980003,65.0,66.970001,12772.0
2016-04-29,65.5,68.5,65.5,67.989998,5241.0
2016-05-02,66.050003,69.480003,66.050003,67.489998,14626.0
2016-05-03,67.5,68.0,67.059998,67.150002,6775.0
2016-05-04,67.25,68.400002,66.110001,67.75,13935.0
2016-05-05,67.410004,68.849998,67.0,67.25,21267.0
2016-05-06,67.300003,68.489998,67.300003,67.400002,12194.0
2016-05-09,67.160004,67.199997,65.900002,66.010002,21936.0
2016-05-12,56.0,65.349998,56.0,65.339996,116665.0
2016-05-13,65.0,69.260002,65.0,66.0,101464.0
2016-05-16,66.0,67.699997,66.0,66.099998,29599.0
2016-05-17,66.0,66.0,63.5,63.5,15971.0
2016-05-18,65.0,65.0,62.220001,64.0,2156.0
2016-05-19,65.5,66.889999,64.129997,65.949997,3685.0
2016-05-20,66.389999,67.900002,64.5,67.0,38250.0
2016-05-23,67.0,67.5,65.0,66.5,3556.0
2016-05-24,67.199997,67.199997,65.220001,65.220001,6306.0
2016-05-25,65.150002,66.379997,63.5,65.0,7303.0
2016-05-26,63.599998,64.989998,62.599998,63.0,14745.0
2016-05-27,62.650002,64.989998,62.650002,64.970001,283.0
2016-05-30,66.379997,66.379997,63.509998,63.689999,1445.0
2016-05-31,63.93,65.0,63.75,64.989998,331.0
2016-06-01,64.989998,64.989998,63.509998,63.75,165.0
2016-06-02,63.57,64.489998,62.759998,63.0,5903.0
2016-06-03,62.799999,62.990002,61.240002,62.939999,3206.0
2016-06-06,63.5,63.98,61.82,62.0,1039.0
2016-06-07,63.990002,64.690002,61.799999,64.690002,1006.0
2016-06-08,64.400002,64.400002,61.599998,61.599998,2976.0
2016-06-09,63.0,63.0,61.700001,61.700001,520.0
2016-06-10,62.25,63.380001,59.419998,61.790001,4783.0
2016-06-13,58.27,60.970001,58.209999,59.970001,5430.0
2016-06-14,58.52,62.799999,58.52,60.0,1799.0
2016-06-15,59.540001,61.900002,59.099998,59.119999,4460.0
2016-06-16,59.099998,60.950001,59.099998,60.0,819.0
2016-06-17,60.0,60.900002,59.099998,59.099998,3839.0
2016-06-20,59.119999,60.0,59.099998,59.189999,12507.0
2016-06-21,60.869999,60.880001,59.610001,59.610001,486.0
2016-06-22,59.610001,62.5,59.549999,61.0,1480.0
2016-06-23,61.099998,62.450001,61.0,61.0,2941.0
2016-06-24,62.400002,63.0,61.099998,61.18,3459.0
2016-06-27,62.799999,62.799999,61.18,61.18,169.0
2016-06-28,61.18,62.5,61.18,61.299999,197.0
2016-06-29,62.5,62.5,61.049999,61.18,1897.0
2016-06-30,61.049999,62.349998,61.049999,62.0,179.0
2016-07-01,61.0,65.220001,61.0,64.5,34822.0
2016-07-04,64.989998,65.5,64.800003,65.290001,11834.0
2016-07-05,64.889999,64.889999,62.599998,62.599998,6052.0
2016-07-11,64.290001,64.290001,62.5,62.5,205.0
2016-07-12,62.099998,63.98,62.0,62.0,1867.0
2016-07-13,61.400002,63.5,61.400002,62.900002,3.0
2016-07-14,62.25,63.450001,62.099998,63.450001,1430.0
2016-07-15,63.5,64.0,61.560001,63.5,927.0
2016-07-18,64.290001,64.300003,61.599998,62.02,2099.0
2016-07-19,62.02,64.279999,62.0,63.98,437.0
2016-07-20,63.98,64.0,61.52,62.0,1552.0
2016-07-21,62.0,63.0,61.849998,62.970001,4764.0
2016-07-22,62.0,63.0,62.0,62.099998,2617.0
2016-07-25,62.0,62.849998,62.0,62.75,1612.0
2016-07-26,62.400002,62.84,60.0,60.060001,11211.0
2016-07-27,60.080002,62.349998,60.080002,61.990002,5307.0
2016-07-28,60.799999,62.240002,60.5,62.0,701.0
2016-07-29,62.0,62.0,61.0,62.0,47.0
2016-08-01,65.0,65.0,60.119999,62.0,679.0
2016-08-02,61.32,62.0,61.310001,62.0,2042.0
2016-08-03,62.0,62.0,61.5,62.0,604.0
2016-08-04,62.0,62.900002,61.5,62.84,3744.0
2016-08-05,61.549999,63.650002,61.52,62.5,7968.0
2016-08-08,63.650002,64.5,62.0,64.0,15778.0
2016-08-09,62.009998,64.879997,62.009998,64.0,8745.0
2016-08-10,64.0,64.5,62.650002,64.5,1210.0
2016-08-11,64.400002,64.5,63.200001,64.0,3557.0
2016-08-12,64.0,64.0,63.900002,64.0,4691.0
2016-08-15,64.0,64.5,64.0,64.5,6323.0
2016-08-16,64.889999,67.5,64.889999,66.989998,11273.0
2016-08-17,67.0,67.0,64.739998,65.93,6436.0
2016-08-18,65.0,65.0,64.300003,64.300003,8173.0
2016-08-19,64.300003,64.400002,64.0,64.400002,1293.0
2016-08-22,64.900002,64.900002,64.0,64.5,2649.0
2016-08-23,64.889999,64.889999,64.889999,64.889999,20.0
2016-08-24,64.0,64.400002,64.0,64.400002,795.0
2016-08-25,64.0,64.010002,63.0,63.0,5894.0
2016-08-26,63.5,64.800003,62.700001,64.5,1364.0
2016-08-29,63.5,64.459999,63.5,64.459999,41.0
2016-08-30,64.099998,64.400002,62.810001,64.400002,1470.0
2016-08-31,63.0,63.0,62.810001,62.810001,1074.0
2016-09-01,62.900002,63.0,62.84,63.0,320.0
2016-09-02,63.0,64.5,62.849998,64.5,1972.0
2016-09-05,63.02,63.02,63.0,63.02,310.0
2016-09-06,64.900002,64.900002,63.049999,63.049999,3124.0
2016-09-07,63.049999,63.200001,63.0,63.200001,5270.0
2016-09-08,63.150002,63.200001,62.0,62.0,12276.0
2016-09-09,62.0,63.0,61.0,63.0,4326.0
2016-09-14,61.130001,63.0,61.130001,61.310001,1914.0
2016-09-15,61.25,61.5,61.0,61.0,3444.0
2016-09-16,61.549999,63.5,61.299999,63.5,1231.0
2016-09-19,61.07,61.200001,60.52,60.799999,2553.0
2016-09-20,61.0,61.98,60.799999,61.98,693.0
2016-09-21,62.84,62.84,60.900002,61.009998,3646.0
2016-09-22,62.790001,62.790001,61.0,62.02,1194.0
2016-09-23,62.5,66.25,62.5,65.900002,28795.0
2016-09-26,66.599998,68.800003,64.5,65.400002,25980.0
2016-09-27,65.800003,65.800003,64.0,64.5,13186.0
2016-09-28,64.0,64.0,62.150002,63.98,18015.0
2016-09-29,63.98,65.400002,62.5,65.199997,17126.0
2016-09-30,71.0,71.709999,71.0,71.709999,31099.0
2016-10-04,71.699997,75.900002,70.010002,71.550003,96765.0
2016-10-05,73.949997,73.949997,72.0,72.900002,11118.0
2016-10-06,72.0,73.900002,71.0,73.800003,32406.0
2016-10-07,73.0,81.0,73.0,81.0,63293.0
2016-10-10,85.0,89.089996,85.0,89.089996,113908.0
2016-10-11,94.0,94.0,86.5,90.0,128460.0
2016-10-12,90.199997,91.0,87.050003,88.0,44950.0
2016-10-13,87.050003,91.989998,86.099998,91.0,123601.0
2016-10-14,90.010002,91.589996,90.0,91.0,46455.0
2016-10-17,92.0,95.0,92.0,93.300003,80055.0
2016-10-18,93.5,93.800003,92.099998,93.300003,10140.0
2016-10-19,93.889999,93.889999,91.599998,91.599998,76212.0
2016-10-20,91.989998,91.989998,89.059998,89.900002,17814.0
2016-10-21,90.0,91.0,87.0,90.0,68097.0
2016-10-24,90.0,90.0,89.019997,90.0,2052.0
2016-10-25,88.309998,90.400002,88.309998,88.800003,503.0
2016-10-26,89.0,89.800003,86.5,86.5,7229.0
2016-10-27,86.550003,88.0,85.599998,87.0,6860.0
2016-10-28,87.0,87.300003,85.0,85.0,19685.0
2016-10-31,85.0,87.449997,85.0,87.449997,3213.0
2016-11-01,87.199997,96.190002,87.0,90.0,49674.0
2016-11-02,91.480003,93.0,90.0,90.0,30915.0
2016-11-03,91.800003,91.800003,88.0,88.0,11630.0
2016-11-04,88.050003,90.0,88.0,88.0,5148.0
2016-11-07,89.0,90.400002,88.099998,90.0,728.0
2016-11-08,90.0,92.0,90.0,90.010002,38195.0
2016-11-09,90.099998,91.879997,90.099998,90.5,30088.0
2016-11-10,90.0,91.989998,89.110001,90.269997,29915.0
2016-11-11,90.239998,90.5,89.0,90.0,7044.0
2016-11-14,90.199997,92.0,90.0,90.0,20058.0
2016-11-15,90.0,90.0,88.0,89.099998,10578.0
2016-11-16,88.419998,89.0,86.5,87.5,21709.0
2016-11-17,87.5,88.980003,87.110001,87.5,15527.0
2016-11-21,87.010002,89.68,86.68,88.989998,7527.0
2016-11-22,88.0,89.599998,88.0,88.220001,4849.0
2016-11-23,88.0,91.209999,88.0,90.0,37429.0
2016-11-24,90.0,90.0,89.110001,89.900002,255.0
2016-11-25,89.989998,91.489998,89.0,90.019997,4232.0
2016-11-28,91.370003,91.370003,89.5,89.5,5426.0
2016-11-29,88.82,90.989998,88.599998,89.099998,4233.0
2016-11-30,89.050003,90.75,89.029999,90.75,3134.0
2016-12-01,89.5,94.0,89.0,92.5,162054.0
2016-12-02,93.900002,98.0,93.099998,96.5,228529.0
2016-12-05,97.400002,98.989998,96.510002,97.0,14522.0
2016-12-06,98.0,98.0,95.099998,95.099998,4970.0
2016-12-07,96.300003,96.300003,93.599998,96.0,8954.0
2016-12-08,95.150002,96.400002,95.0,95.0,7619.0
2016-12-09,96.0,96.0,95.0,95.949997,6360.0
2016-12-14,95.599998,97.0,95.0,96.0,37378.0
2016-12-15,95.349998,97.0,95.260002,95.980003,22310.0
2016-12-16,95.75,96.0,95.620003,95.989998,18965.0
2016-12-19,97.0,97.989998,95.900002,96.0,70579.0
2016-12-20,96.0,96.0,95.0,95.0,14481.0
2016-12-21,95.599998,95.599998,90.0,93.949997,30289.0
2016-12-22,92.510002,94.0,92.510002,93.849998,5499.0
2016-12-23,94.0,96.599998,94.0,95.0,78750.0
2016-12-26,95.900002,95.900002,94.5,94.5,18356.0
2016-12-27,94.699997,95.0,92.0,93.0,15566.0
2016-12-28,92.0,94.0,91.550003,92.0,23725.0
2016-12-29,92.0,94.5,91.220001,93.0,125014.0
2016-12-30,93.0,93.0,92.0,92.400002,58676.0
2017-01-02,92.900002,94.480003,91.199997,93.199997,4250.0
2017-01-03,93.0,97.0,93.0,96.0,24480.0
2017-01-04,96.900002,105.55,96.900002,105.55,169734.0
2017-01-05,116.1,116.1,116.1,116.1,13127.0
2017-01-06,120.0,127.0,112.5,116.0,256741.0
2017-01-09,117.0,121.95,113.0,119.0,66336.0
2017-01-10,119.15,120.3,116.1,116.1,26876.0
2017-01-12,117.0,127.7,117.0,127.7,53364.0
2017-01-13,135.0,137.7,117.1,119.0,99090.0
2017-01-16,117.05,128.89999,114.5,128.0,141232.0
2017-01-17,131.0,135.0,125.0,128.55,93469.0
2017-01-18,130.0,133.0,121.0,130.0,46281.0
2017-01-19,131.95,134.95,130.3,131.45,81156.0
2017-01-20,132.0,133.0,128.05,131.0,59322.0
2017-01-23,132.0,132.75,129.10001,129.5,14328.0
2017-01-24,129.5,129.5,127.05,128.0,17812.0
2017-01-25,128.89999,128.89999,124.9,124.9,18037.0
2017-01-26,124.4,124.9,118.1,119.15,28821.0
2017-01-27,124.0,125.4,122.0,124.0,7652.0
2017-01-30,125.0,125.0,119.0,121.0,3585.0
2017-01-31,120.05,123.5,119.1,122.8,47371.0
2017-02-01,120.5,121.0,113.65,115.0,28413.0
2017-02-02,114.0,119.8,108.05,116.05,63844.0
2017-02-03,118.8,119.75,116.0,116.0,8781.0
2017-02-06,118.5,121.95,116.25,120.0,2675.0
2017-02-07,120.0,129.8,120.0,128.0,39244.0
2017-02-08,132.10001,137.5,132.05,133.2,110503.0
2017-02-09,136.5,140.0,135.5,140.0,92919.0
2017-02-10,147.89999,153.95,143.5,153.95,134800.0
2017-02-13,160.0,167.85001,157.5,163.5,154742.0
2017-02-14,168.0,168.0,150.0,150.14999,92936.0
2017-02-15,152.0,165.14999,151.0,165.14999,128970.0
2017-02-16,174.89999,180.85001,174.10001,174.10001,135910.0
2017-02-17,174.89999,179.0,165.2,179.0,104012.0
2017-02-20,186.0,193.0,185.60001,188.95,133652.0
2017-02-21,193.0,195.0,185.3,185.7,75410.0
2017-02-22,187.0,189.55,179.0,179.0,54810.0
2017-02-23,175.10001,176.39999,161.14999,162.0,77585.0
2017-02-24,162.0,164.5,150.0,151.05,155769.0
2017-02-27,157.8,166.14999,157.8,166.14999,14790.0
2017-02-28,173.0,179.8,172.3,175.0,61892.0
2017-03-01,175.0,180.0,169.0,171.0,37330.0
2017-03-02,176.0,177.0,165.35001,168.0,21612.0
2017-03-03,165.0,169.14999,161.60001,165.8,10705.0
2017-03-06,165.8,170.95,163.0,166.35001,10432.0
2017-03-07,166.95,166.95,162.0,162.0,9420.0
2017-03-08,161.5,168.0,157.14999,159.10001,49970.0
2017-03-09,160.0,162.0,150.0,150.0,49295.0
2017-03-10,149.89999,157.0,149.0,151.60001,34666.0
2017-03-13,156.89999,156.89999,152.0,152.5,17433.0
2017-03-14,156.95,164.95,153.0,164.3,83822.0
2017-03-15,167.60001,169.89999,163.0,163.0,12811.0
2017-03-16,165.75,165.75,160.0,160.0,6545.0
2017-03-17,158.5,162.85001,158.5,159.0,9973.0
2017-03-20,161.8,163.95,160.0,160.0,7296.0
2017-03-21,158.0,163.0,158.0,160.0,5508.0
2017-03-22,162.85001,162.85001,157.0,159.0,572.0
2017-03-23,150.0,153.8,145.7,146.5,33072.0
2017-03-24,146.60001,150.0,146.5,150.0,2486.0
2017-03-27,151.0,159.0,150.0,156.10001,10000.0
2017-03-28,160.10001,162.0,155.0,159.0,43530.0
2017-03-29,160.89999,167.0,159.0,166.2,37233.0
2017-03-30,169.0,169.5,158.2,159.89999,32710.0
2017-03-31,159.0,163.8,153.0,154.0,52986.0
2017-04-03,159.64999,159.89999,153.39999,153.39999,4754.0
2017-04-04,155.95,157.8,152.0,157.75,3200.0
2017-04-05,157.5,167.0,157.5,160.0,54127.0
2017-04-06,159.14999,163.8,155.39999,155.39999,4405.0
2017-04-07,158.0,158.0,150.0,152.75,14656.0
2017-04-10,156.0,160.0,154.5,155.0,7558.0
2017-04-11,157.0,157.0,155.0,157.0,226.0
2017-04-12,155.05,156.8,152.0,155.0,2812.0
2017-04-13,156.75,156.85001,154.2,154.5,1382.0
2017-04-14,156.0,156.8,152.75,154.89999,1860.0
2017-04-17,153.05,156.39999,153.0,154.60001,1055.0
2017-04-18,154.7,159.95,150.75,155.0,18384.0
2017-04-19,155.5,157.7,152.5,155.0,7808.0
2017-04-20,154.0,157.8,154.0,154.0,219.0
2017-04-21,156.0,156.39999,152.7,154.10001,737.0
2017-04-24,155.0,155.85001,154.0,155.0,355.0
2017-04-25,155.0,156.0,154.2,155.0,2195.0
2017-04-26,155.0,165.0,155.0,159.95,53881.0
2017-04-27,159.95,165.0,156.0,165.0,24898.0
2017-04-28,169.0,170.0,165.0,165.2,28603.0
2017-05-02,162.8,171.5,162.0,167.2,23160.0
2017-05-03,166.89999,173.0,166.89999,169.0,29117.0
2017-05-04,167.2,172.0,167.2,169.05,17010.0
2017-05-05,168.39999,169.5,165.0,167.0,46358.0
2017-05-08,165.2,165.2,162.10001,165.0,6679.0
2017-05-09,165.0,170.0,165.0,166.0,2941.0
2017-05-10,168.0,169.5,166.0,167.95,10212.0
2017-05-11,166.8,168.89999,166.25,168.0,1866.0
2017-05-12,168.0,170.0,167.0,169.7,11173.0
2017-05-15,169.85001,169.85001,167.0,167.2,4624.0
2017-05-16,167.05,169.0,165.35001,169.0,17794.0
2017-05-17,166.2,168.8,162.2,166.39999,9123.0
2017-05-18,165.5,166.0,165.5,166.0,707.0
2017-05-19,166.0,166.0,164.5,165.60001,3156.0
2017-05-22,165.85001,165.85001,163.95,165.0,1794.0
2017-05-23,165.0,166.5,164.0,164.0,11896.0
2017-05-24,166.5,167.0,164.0,167.0,5853.0
2017-05-25,165.0,168.0,165.0,167.0,6532.0
2017-05-26,163.8,167.0,160.10001,165.0,10453.0
2017-05-29,162.39999,164.45,160.0,163.0,7345.0
2017-05-30,163.0,163.0,161.0,162.0,5026.0
2017-05-31,163.7,163.7,159.05,160.0,949.0
2017-06-01,162.8,163.0,160.10001,162.89999,1299.0
2017-06-02,162.0,164.0,160.45,164.0,6890.0
2017-06-05,164.2,166.0,163.0,163.0,1459.0
2017-06-06,163.0,165.0,162.60001,163.0,1726.0
2017-06-07,164.5,166.0,163.05,163.5,4615.0
2017-06-08,163.5,166.64999,163.39999,165.10001,1523.0
2017-06-09,166.0,166.10001,163.05,163.05,2202.0
2017-06-12,163.10001,163.2,163.05,163.2,1640.0
2017-06-13,164.0,165.0,163.0,164.89999,1402.0
2017-06-14,164.89999,169.89999,164.89999,166.0,24724.0
2017-06-15,167.10001,169.45,167.0,167.0,4133.0
2017-06-16,167.5,168.85001,166.3,168.85001,2044.0
2017-06-19,169.7,169.89999,169.0,169.0,18064.0
2017-06-20,167.5,168.95,166.95,166.95,2538.0
2017-06-21,166.85001,166.85001,166.0,166.05,2080.0
2017-06-22,168.7,169.25,166.39999,168.95,5136.0
2017-06-23,166.60001,168.89999,166.60001,168.0,3342.0
2017-06-28,167.0,174.7,167.0,172.0,34766.0
2017-06-29,171.55,173.85001,170.0,170.95,15687.0
2017-06-30,170.10001,172.85001,170.10001,171.0,4539.0
2017-07-03,171.0,172.89999,171.0,171.89999,5584.0
2017-07-04,172.60001,183.89999,171.10001,183.5,76222.0
2017-07-05,185.0,187.0,180.0,180.0,32397.0
2017-07-06,180.0,182.5,178.0,179.5,28023.0
2017-07-07,179.5,181.0,176.0,178.35001,12853.0
2017-07-10,178.0,182.0,178.0,178.89999,22468.0
2017-07-11,180.0,181.39999,178.5,179.0,7202.0
2017-07-12,180.8,180.89999,178.0,180.89999,16421.0
2017-07-13,180.0,190.0,180.0,190.0,71724.0
2017-07-14,196.0,208.95,195.0,208.95,155271.0
2017-07-17,209.0,223.0,209.0,220.0,150301.0
2017-07-18,221.05,227.89999,215.05,218.0,80863.0
2017-07-19,213.5,221.89999,208.95,215.0,62934.0
2017-07-20,215.0,219.0,215.0,217.89999,5810.0
2017-07-21,218.95,218.95,214.0,215.0,3713.0
2017-07-24,216.89999,235.8,213.39999,230.14999,123889.0
2017-07-25,235.0,238.89999,232.14999,236.0,70287.0
2017-07-26,235.0,242.5,235.0,239.89999,74063.0
2017-07-27,243.0,244.0,230.0,232.0,37557.0
2017-07-28,236.0,236.0,226.5,229.0,42386.0
2017-07-31,227.10001,233.0,225.60001,225.7,5155.0
2017-08-01,226.0,229.0,217.0,229.0,27818.0
2017-08-02,226.0,233.0,223.0,223.0,11019.0
2017-08-03,229.89999,231.5,224.5,224.5,8855.0
2017-08-04,229.95,229.95,225.2,226.0,2927.0
2017-08-07,229.75,232.60001,226.0,232.60001,15444.0
2017-08-08,236.0,244.5,235.0,244.5,60519.0
2017-08-09,246.0,253.0,246.0,247.0,56280.0
2017-08-10,250.0,271.64999,249.0,271.64999,160225.0
2017-08-11,278.0,288.79999,275.0,277.0,112801.0
2017-08-15,282.0,282.0,270.10001,270.64999,32955.0
2017-08-16,271.20001,292.20001,271.20001,292.20001,85563.0
2017-08-17,295.10001,309.54999,287.0,290.04999,157091.0
2017-08-18,287.70001,298.0,281.04999,284.04999,65098.0
2017-08-22,290.0,290.89999,280.5,280.5,28339.0
2017-08-23,278.14999,286.85001,276.75,285.0,24744.0
2017-08-24,290.0,295.0,282.0,285.0,37394.0
2017-08-25,285.0,290.0,285.0,285.0,16759.0
2017-08-28,288.89999,288.89999,283.0,283.0,17670.0
2017-08-29,280.0,284.89999,277.60001,280.0,26505.0
2017-08-30,280.0,282.0,277.0,277.0,12968.0
2017-08-31,277.0,280.60001,272.10001,272.10001,25732.0
2017-09-04,272.10001,283.45001,272.10001,281.89999,13089.0
2017-09-05,281.89999,283.5,280.0,280.10001,2494.0
2017-09-06,281.20001,294.0,281.20001,291.0,39228.0
2017-09-07,295.04999,298.5,292.10001,294.0,41779.0
2017-09-08,294.0,295.0,291.29999,294.39999,7858.0
2017-09-11,294.45001,309.0,292.20001,305.0,100689.0
2017-09-12,309.0,315.0,309.0,310.0,53919.0
2017-09-13,312.89999,312.89999,301.60001,305.0,19608.0
2017-09-14,308.0,308.0,295.0,300.04999,27093.0
2017-09-15,301.0,303.10001,290.5,301.79999,46957.0
2017-09-18,302.0,302.0,295.0,298.79999,22519.0
2017-09-19,298.64999,298.64999,291.04999,291.79999,9846.0
2017-09-20,290.20001,290.20001,267.10001,270.0,79730.0
2017-09-21,270.0,279.0,263.5,275.0,17947.0
2017-09-25,270.0,270.25,260.0,260.0,28299.0
2017-09-26,258.20001,259.0,234.05,246.0,210161.0
2017-09-27,250.0,253.0,230.05,230.10001,45322.0
2017-09-28,207.10001,219.0,207.10001,207.10001,143502.0
2017-09-29,204.0,215.0,198.0,202.0,143511.0
2017-10-02,209.0,222.14999,208.89999,222.14999,32248.0
2017-10-03,235.0,244.35001,226.0,244.35001,114685.0
2017-10-04,256.89999,268.75,251.25,268.75,163300.0
2017-10-05,278.89999,284.95001,260.0,260.0,109026.0
2017-10-06,260.0,260.0,235.5,247.0,122983.0
2017-10-09,256.0,264.0,251.2,257.0,47372.0
2017-10-10,261.0,266.0,258.20001,263.0,22792.0
2017-10-11,262.5,263.85001,253.0,253.0,24561.0
2017-10-12,252.8,252.8,246.0,250.0,13856.0
2017-10-13,247.10001,251.0,247.10001,249.95,6757.0
2017-10-16,251.0,257.85001,250.0,255.0,9428.0
2017-10-17,255.0,258.0,248.25,251.89999,9949.0
2017-10-18,250.0,250.0,240.0,245.0,19689.0
2017-10-19,247.0,255.95,239.5,254.0,24217.0
2017-10-20,254.0,261.89999,251.3,254.0,31781.0
2017-10-23,250.05,258.0,250.05,257.0,17009.0
2017-10-24,252.0,255.89999,250.5,253.0,4248.0
2017-10-25,252.0,253.95,250.0,253.7,619.0
2017-10-26,251.10001,258.0,251.0,258.0,31648.0
2017-10-27,265.0,273.5,263.10001,264.0,70656.0
2017-10-30,266.79999,266.79999,258.0,261.0,8752.0
2017-10-31,263.0,263.0,258.0,262.89999,21210.0
2017-11-01,263.79999,269.95001,260.0,269.0,54441.0
2017-11-02,271.0,273.0,265.0,265.0,46594.0
2017-11-03,269.0,269.0,260.0,260.0,21420.0
2017-11-07,263.5,265.0,258.60001,261.95001,7405.0
2017-11-08,264.89999,264.89999,259.20001,259.20001,5630.0
2017-11-09,259.0,261.0,258.75,261.0,3188.0
2017-11-10,258.70001,265.0,258.10001,263.20001,3408.0
2017-11-13,262.54999,264.29999,261.29999,261.60001,1872.0
2017-11-14,269.0,272.0,264.95001,270.0,79581.0
2017-11-15,272.95001,272.95001,267.0,270.0,10160.0
2017-11-16,268.04999,269.89999,263.0,263.0,9390.0
2017-11-17,267.75,267.75,261.10001,267.0,5745.0
2017-11-20,262.54999,265.95001,260.0,260.0,12728.0
2017-11-21,260.0,264.95001,260.0,260.0,4407.0
2017-11-22,260.0,262.79999,258.54999,258.60001,1859.0
2017-11-23,260.0,260.0,258.14999,259.89999,1569.0
2017-11-24,258.5,260.0,258.5,259.89999,4385.0
2017-11-27,260.0,262.0,260.0,260.0,3367.0
2017-11-28,260.0,266.0,258.10001,260.0,17200.0
2017-11-29,260.0,263.5,258.25,260.0,5627.0
2017-11-30,260.0,260.0,257.10001,257.10001,14299.0
2017-12-04,257.0,260.0,246.05,249.0,10858.0
2017-12-05,249.0,251.0,242.0,245.0,7416.0
2017-12-06,250.0,251.0,230.0,235.0,18825.0
2017-12-07,230.0,245.0,230.0,240.89999,8947.0
2017-12-08,241.0,247.39999,240.0,240.0,3673.0
2017-12-11,246.89999,246.89999,240.0,244.05,3026.0
2017-12-12,244.0,256.89999,244.0,254.0,13266.0
2017-12-13,256.95001,263.70001,251.10001,251.10001,27257.0
2017-12-14,255.0,260.0,251.0,251.5,7511.0
2017-12-15,255.0,257.95001,252.05,252.39999,6054.0
2017-12-18,252.55,254.8,237.0,242.95,32864.0
2017-12-19,239.0,242.0,238.0,241.85001,12241.0
2017-12-20,242.0,246.8,238.10001,240.0,14835.0
2017-12-21,240.0,244.89999,219.95,219.95,36930.0
2017-12-22,215.0,219.0,198.0,219.0,149387.0
2017-12-25,225.14999,239.0,225.10001,239.0,34512.0
2017-12-26,237.0,238.3,230.2,234.39999,13836.0
2017-12-27,236.0,236.0,222.55,229.0,15444.0
2017-12-28,230.0,230.0,219.7,219.7,59046.0
2017-12-29,206.0,218.0,204.0,204.0,76736.0
2018-01-02,214.0,222.5,210.0,218.5,17427.0
2018-01-03,221.0,234.5,221.0,230.0,31211.0
2018-01-04,238.0,238.0,223.0,223.0,11752.0
2018-01-05,223.0,223.0,214.10001,219.0,16514.0
2018-01-08,226.95,226.95,219.0,219.0,2852.0
2018-01-09,221.89999,221.89999,214.95,214.95,5123.0
2018-01-10,216.0,221.0,216.0,218.39999,3002.0
2018-01-12,216.7,223.89999,216.0,217.0,5423.0
2018-01-15,220.0,223.7,217.3,217.5,8654.0
2018-01-16,220.0,220.0,216.14999,216.14999,3405.0
2018-01-17,216.0,217.25,211.05,217.25,6464.0
2018-01-18,217.75,217.75,213.0,213.0,2452.0
2018-01-19,213.0,214.89999,210.0,210.0,9580.0
2018-01-22,210.14999,213.85001,205.3,208.0,12489.0
2018-01-23,207.0,213.95,206.89999,210.89999,6546.0
2018-01-24,213.5,213.5,205.89999,208.0,7255.0
2018-01-25,210.0,210.0,203.10001,208.0,18462.0
2018-01-26,203.3,209.39999,200.0,207.60001,26856.0
2018-01-29,207.5,209.89999,207.2,207.2,512.0
2018-01-30,207.2,212.0,207.2,208.0,58347.0
2018-01-31,208.0,211.0,206.14999,210.0,12446.0
2018-02-01,210.0,211.0,207.0,211.0,4435.0
2018-02-02,211.0,222.0,211.0,217.0,19705.0
2018-02-05,216.05,220.0,214.0,215.0,7543.0
2018-02-06,216.0,228.5,215.10001,223.0,19897.0
2018-02-07,226.95,227.0,217.5,217.5,4775.0
2018-02-08,218.0,222.0,217.60001,218.2,465.0
2018-02-09,222.0,225.0,221.0,222.0,5623.0
2018-02-12,222.0,225.0,221.05,224.95,2290.0
2018-02-13,225.89999,231.39999,224.3,231.39999,22432.0
2018-02-14,232.0,237.0,225.0,225.0,13204.0
2018-02-15,226.95,230.0,222.0,227.0,5766.0
2018-02-16,227.0,227.0,223.0,223.0,4784.0
2018-02-19,222.85001,226.85001,222.0,223.0,393.0
2018-02-20,222.8,225.0,220.0,220.89999,6622.0
2018-02-21,220.0,225.5,218.64999,224.85001,2297.0
2018-02-22,225.75,225.89999,221.2,221.2,5571.0
2018-02-23,224.0,224.0,215.0,216.3,4528.0
2018-02-26,219.0,219.0,215.0,219.0,1033.0
2018-02-27,215.5,215.89999,210.05,215.0,21478.0
2018-02-28,217.0,218.89999,210.05,215.8,7118.0
2018-03-01,216.89999,218.0,215.0,216.8,2426.0
2018-03-02,214.89999,215.0,206.0,215.0,12708.0
2018-03-05,215.0,217.60001,212.05,216.0,1380.0
2018-03-06,216.0,217.0,207.0,211.14999,8381.0
2018-03-07,209.5,212.5,207.2,212.0,1849.0
2018-03-08,208.0,212.0,208.0,211.89999,2765.0
2018-03-09,233.05,233.05,233.05,233.05,12131.0
2018-03-12,240.0,243.0,225.05,232.89999,55634.0
2018-03-13,229.2,235.95,226.35001,228.10001,13542.0
2018-03-14,228.2,230.0,220.0,220.0,11226.0
2018-03-15,218.05,219.0,207.0,208.2,29500.0
2018-03-16,215.95,215.95,210.05,210.05,4385.0
2018-03-19,210.10001,213.0,207.05,211.39999,3661.0
2018-03-20,210.0,227.0,210.0,215.0,11421.0
2018-03-21,215.0,217.85001,213.05,213.10001,3894.0
2018-03-22,221.0,221.0,209.0,210.0,11112.0
2018-03-23,210.05,213.95,209.0,209.0,5714.0
2018-03-26,218.14999,218.14999,203.60001,204.8,13044.0
2018-03-27,206.0,209.0,202.7,203.25,41205.0
2018-03-28,205.0,207.95,205.0,205.0,17929.0
2018-03-29,205.0,208.0,204.0,204.0,11626.0
2018-03-30,203.25,208.0,203.0,203.0,60159.0
2018-04-02,202.0,204.95,190.0,190.60001,9036.0
2018-04-03,188.0,189.0,171.55,171.55,35793.0
2018-04-04,154.39999,154.39999,154.39999,154.39999,5324.0
2018-04-05,156.0,169.8,156.0,169.8,151302.0
2018-04-06,173.89999,182.0,170.0,174.0,34898.0
2018-04-09,175.0,179.0,162.0,162.0,16460.0
2018-04-10,162.75,167.45,162.75,165.0,218.0
2018-04-11,165.0,165.0,158.0,158.0,3337.0
2018-04-12,159.0,159.95,150.0,157.0,4173.0
2018-04-13,153.0,154.0,145.55,147.0,13987.0
2018-04-16,150.0,154.64999,145.05,145.05,7088.0
2018-04-17,148.0,151.89999,147.0,147.0,4149.0
2018-04-18,146.0,156.0,144.0,152.0,13601.0
2018-04-19,155.5,162.0,155.5,159.95,4331.0
2018-04-20,161.95,169.8,161.95,167.60001,16557.0
2018-04-23,169.10001,173.0,164.0,166.0,7322.0
2018-04-24,164.0,166.75,160.14999,160.39999,4874.0
2018-04-25,161.0,162.5,154.0,157.85001,14875.0
2018-04-26,158.0,162.5,153.0,156.0,7608.0
2018-04-27,156.10001,162.0,155.0,155.0,77233.0
2018-04-30,156.2,160.0,153.0,160.0,7188.0
2018-05-02,161.95,165.89999,159.0,160.0,3998.0
2018-05-03,153.0,154.0,148.10001,150.0,17305.0
2018-05-04,143.0,152.8,143.0,145.60001,9993.0
2018-05-07,150.95,150.95,145.60001,148.95,679.0
2018-05-08,148.95,149.5,143.5,144.0,4682.0
2018-05-09,144.95,149.0,144.0,144.0,3699.0
2018-05-10,144.0,147.85001,144.0,144.0,3317.0
2018-05-11,145.0,145.5,142.14999,144.0,1477.0
2018-05-14,145.0,148.0,143.2,146.0,742.0
2018-05-15,145.0,146.5,141.14999,143.95,2394.0
2018-05-16,144.0,144.0,136.10001,140.39999,5383.0
2018-05-17,141.39999,141.95,139.0,139.0,228.0
2018-05-18,139.0,139.0,131.64999,138.89999,4689.0
2018-05-21,136.0,138.5,136.0,138.39999,435.0
2018-05-22,138.2,141.5,137.39999,141.5,878.0
2018-05-23,141.45,141.45,137.25,141.0,5836.0
2018-05-24,140.5,140.95,135.0,135.10001,4276.0
2018-05-28,130.89999,130.89999,122.5,126.0,82208.0
2018-05-29,123.1,127.0,114.0,117.0,23802.0
2018-05-30,116.9,123.0,112.5,122.75,34919.0
2018-05-31,123.0,127.0,121.05,123.0,12944.0
2018-06-01,122.0,125.0,122.0,122.0,4087.0
2018-06-04,122.0,122.0,115.0,116.0,12828.0
2018-06-05,118.9,118.9,115.0,118.35,318.0
2018-06-06,118.95,120.95,115.0,115.35,5596.0
2018-06-07,117.0,117.5,115.3,116.7,5319.0
2018-06-08,117.9,118.5,116.05,118.4,2960.0
2018-06-11,118.5,118.5,117.0,118.3,1789.0
2018-06-12,118.35,118.35,116.0,118.0,3103.0
2018-06-13,118.4,118.4,113.8,113.8,10051.0
2018-06-14,115.9,116.0,104.3,105.0,16553.0
2018-06-18,110.9,110.9,102.1,109.0,12788.0
2018-06-19,109.4,116.0,106.2,113.1,14079.0
2018-06-20,115.8,115.8,114.8,114.9,550.0
2018-06-21,115.2,115.7,114.0,114.0,367.0
2018-06-22,115.0,115.0,110.0,113.9,20874.0
2018-06-25,110.5,112.9,107.0,108.0,72.0
2018-06-26,105.55,109.8,102.0,109.35,132016.0
2018-06-27,107.0,109.5,103.5,105.0,2450.0
2018-06-28,105.0,106.9,102.0,106.9,30285.0
2018-06-29,106.9,115.0,104.0,115.0,14405.0
2018-07-02,117.9,126.3,116.5,121.0,9798.0
2018-07-03,122.25,122.25,108.95,108.95,9743.0
2018-07-04,108.1,117.0,105.0,110.0,395.0
2018-07-05,110.0,114.95,106.2,114.95,651.0
2018-07-06,111.8,117.85,110.1,112.4,201155.0
2018-07-09,117.8,117.8,109.25,109.25,2267.0
2018-07-10,112.4,112.4,110.0,111.0,712.0
2018-07-11,110.0,113.95,106.25,109.05,2891.0
2018-07-12,113.5,113.5,109.05,109.05,179.0
2018-07-13,109.0,112.0,109.0,109.05,807.0
2018-07-16,108.2,111.9,108.05,110.5,200.0
2018-07-17,111.0,111.0,108.05,110.0,4642.0
2018-07-18,110.0,110.0,109.0,109.05,1557.0
2018-07-19,109.8,109.9,106.7,107.0,3578.0
2018-07-20,106.5,109.05,104.0,109.05,5137.0
2018-07-23,105.0,106.15,104.0,104.0,1086.0
2018-07-24,104.3,105.15,93.610001,94.0,30893.0
2018-07-25,96.0,100.9,91.0,100.9,11217.0
2018-07-26,102.1,107.85,99.0,99.0,13173.0
2018-07-27,97.110001,100.0,95.059998,100.0,4825.0
2018-07-31,102.95,109.95,102.85,109.95,54125.0
2018-08-01,112.9,116.9,109.0,111.45,23227.0
2018-08-02,114.0,114.0,105.0,107.5,13011.0
2018-08-03,109.8,109.8,101.05,101.05,20194.0
2018-08-06,101.2,105.0,100.1,102.0,2306.0
2018-08-07,101.0,103.65,99.0,101.0,18845.0
2018-08-08,101.0,103.35,100.0,101.0,5846.0
2018-08-09,101.6,106.9,101.5,102.5,21788.0
2018-08-10,104.0,104.0,102.6,103.65,4008.0
2018-08-13,102.3,105.0,102.3,104.7,515.0
2018-08-15,103.5,104.0,102.15,102.85,2193.0
2018-08-16,102.0,102.8,98.550003,98.550003,31091.0
2018-08-17,100.0,102.05,98.0,98.010002,2802.0
2018-08-24,98.099998,100.8,98.0,98.110001,666.0
2018-08-27,99.970001,99.980003,99.0,99.980003,190.0
2018-08-28,100.0,100.5,100.0,100.5,194.0
2018-08-29,100.5,100.5,98.5,100.05,1541.0
2018-08-30,98.660004,98.660004,91.150002,94.019997,8249.0
2018-08-31,97.0,97.050003,93.559998,97.050003,5320.0
2018-09-03,92.25,96.0,87.349998,92.099998,21796.0
2018-09-04,94.010002,96.510002,92.5,92.599998,1411.0
2018-09-05,94.099998,96.980003,88.599998,92.800003,6228.0
2018-09-06,89.059998,92.699997,86.019997,88.0,12630.0
2018-09-07,88.0,89.5,86.349998,89.5,22651.0
2018-09-10,90.5,92.419998,89.050003,92.300003,9829.0
2018-09-12,92.989998,95.970001,92.959999,95.0,28021.0
2018-09-13,95.400002,102.0,95.400002,98.5,25311.0
2018-09-14,101.6,102.0,96.0,98.839996,7491.0
2018-09-17,99.0,99.0,97.0,97.019997,7684.0
2018-09-18,95.599998,96.989998,92.0,93.0,6343.0
2018-09-19,91.269997,96.379997,91.269997,94.110001,2055.0
2018-09-20,93.519997,97.0,93.519997,94.5,1486.0
2018-09-21,94.300003,103.0,94.300003,100.2,63397.0
2018-09-24,102.85,104.0,100.15,100.2,15283.0
2018-09-25,100.35,102.8,97.0,97.0,13538.0
2018-09-26,97.099998,101.95,97.050003,101.95,2012.0
2018-09-27,98.019997,101.9,98.019997,101.3,146339.0
2018-09-28,100.0,102.0,99.0,102.0,6944.0
2018-10-01,104.0,109.0,102.0,103.0,27610.0
2018-10-02,103.0,106.65,100.0,100.0,14059.0
2018-10-03,99.0,101.45,95.0,100.5,7108.0
2018-10-04,100.75,100.85,98.010002,98.510002,3254.0
2018-10-05,99.989998,100.9,98.010002,98.510002,11375.0
2018-10-08,101.7,101.7,98.540001,98.639999,444.0
2018-10-09,100.25,102.85,98.599998,101.85,7486.0
2018-10-10,102.8,102.8,99.510002,100.0,6487.0
2018-10-11,100.0,101.4,99.540001,99.599998,1413.0
2018-10-12,101.4,101.5,99.650002,100.0,8969.0
2018-10-15,100.95,100.95,98.0,98.010002,1259.0
2018-10-16,98.199997,99.0,97.599998,98.0,1907.0
2018-10-17,100.0,100.0,98.010002,99.279999,4143.0
2018-10-18,99.849998,99.849998,97.029999,97.099998,486.0
2018-10-19,97.099998,98.949997,97.099998,98.470001,191.0
2018-10-22,97.099998,98.5,96.019997,98.0,4263.0
2018-10-23,97.0,97.0,96.5,96.5,3279.0
2018-10-24,97.0,99.849998,97.0,97.0,2038.0
2018-10-25,96.019997,97.0,95.25,95.5,2732.0
2018-10-26,95.099998,96.0,95.0,95.099998,7045.0
2018-10-29,95.0,95.5,94.809998,94.809998,231.0
2018-10-30,94.800003,94.800003,90.050003,91.019997,3650.0
2018-10-31,91.029999,93.800003,90.5,90.5,2350.0
2018-11-01,91.0,91.0,88.989998,88.989998,1395.0
2018-11-02,95.0,96.0,84.5,86.0,15418.0
2018-11-05,84.610001,88.800003,81.0,88.239998,908.0
2018-11-07,88.0,89.0,86.370003,88.599998,5192.0
2018-11-08,87.0,90.0,85.0,87.0,2964.0
2018-11-09,87.099998,87.099998,84.019997,84.019997,4328.0
2018-11-12,85.989998,88.400002,85.0,85.0,5915.0
2018-11-13,85.010002,86.489998,85.0,85.0,6204.0
2018-11-14,85.0,88.980003,85.0,87.5,12456.0
2018-11-15,88.959999,93.400002,88.959999,91.0,21944.0
2018-11-16,92.099998,96.470001,89.0,91.949997,22843.0
2018-11-19,90.110001,93.5,90.110001,92.0,5558.0
2018-11-22,91.699997,92.959999,89.5,91.0,1708.0
2018-11-23,89.5,89.5,85.5,85.5,7663.0
2018-11-26,86.010002,87.989998,84.0,87.5,4358.0
2018-11-27,87.489998,89.940002,87.0,87.0,1478.0
2018-11-28,88.970001,89.0,86.0,87.959999,2035.0
2018-11-29,88.010002,88.889999,87.099998,87.099998,3753.0
2018-11-30,88.489998,88.5,86.010002,86.010002,76609.0
2018-12-03,87.5,88.769997,87.0,88.0,27519.0
2018-12-04,87.0,88.0,79.209999,79.209999,22362.0
2018-12-05,72.099998,73.400002,72.099998,73.400002,202505.0
2018-12-06,75.0,78.800003,74.5,78.800003,64944.0
2018-12-07,81.889999,83.25,78.0,83.25,30290.0
2018-12-10,82.800003,82.800003,79.0,80.489998,13078.0
2018-12-11,79.209999,79.800003,78.610001,78.620003,4306.0
2018-12-12,79.889999,79.889999,75.0,76.0,27272.0
2018-12-13,76.989998,78.300003,76.010002,77.800003,1439.0
2018-12-14,77.0,77.0,76.010002,76.260002,3537.0
2018-12-17,74.599998,78.760002,74.599998,76.199997,7092.0
2018-12-18,77.989998,78.690002,76.0,78.010002,4497.0
2018-12-19,78.860001,78.970001,77.669998,78.0,2670.0
2018-12-20,74.0,76.0,73.0,74.5,25026.0
2018-12-21,75.0,76.75,74.599998,74.699997,4329.0
2018-12-24,74.599998,75.879997,74.599998,75.010002,5965.0
2018-12-25,75.400002,75.5,74.669998,75.099998,21772.0
2018-12-26,75.25,75.949997,75.239998,75.510002,4450.0
2018-12-27,76.0,80.0,75.559998,80.0,13485.0
2018-12-28,81.25,85.0,79.010002,85.0,41299.0
2018-12-31,84.5,86.0,81.519997,85.0,23948.0
2019-01-02,86.050003,88.800003,84.050003,86.5,12380.0
2019-01-03,87.900002,87.900002,82.540001,84.0,10013.0
2019-01-04,80.0,83.0,75.610001,76.510002,12075.0
2019-01-07,77.0,79.900002,77.0,77.239998,2183.0
2019-01-08,80.0,81.940002,78.099998,78.099998,3765.0
2019-01-09,77.699997,78.949997,77.510002,78.400002,1195.0
2019-01-10,78.0,78.849998,77.5,77.5,2254.0
2019-01-14,77.5,78.889999,77.5,78.0,376.0
2019-01-15,77.599998,79.900002,77.599998,79.489998,889.0
2019-01-16,79.5,79.5,77.809998,77.809998,550.0
2019-01-17,77.800003,79.389999,77.650002,78.0,2873.0
2019-01-18,78.0,79.0,77.699997,77.699997,1942.0
2019-01-21,78.980003,78.989998,77.099998,77.099998,3203.0
2019-01-22,77.480003,77.480003,76.040001,77.470001,1250.0
2019-01-23,76.800003,76.900002,75.5,75.5,4282.0
2019-01-24,75.5,75.5,74.0,75.0,9336.0
2019-01-25,75.0,76.739998,74.0,74.550003,352.0
2019-01-28,76.720001,76.720001,74.150002,74.150002,722.0
2019-01-29,75.019997,79.029999,75.0,78.440002,5179.0
2019-01-30,78.940002,79.0,76.0,77.5,1460.0
2019-01-31,78.949997,78.949997,75.800003,76.970001,22988.0
2019-02-01,78.400002,78.400002,76.059998,78.0,9573.0
2019-02-04,77.010002,79.0,77.010002,78.0,565.0
2019-02-05,77.099998,78.0,76.0,76.099998,2782.0
2019-02-06,76.0,77.0,76.0,76.0,245.0
2019-02-07,77.0,78.370003,76.0,77.989998,2943.0
2019-02-08,77.989998,78.389999,76.040001,77.949997,830.0
2019-02-11,77.0,77.0,75.0,75.0,3233.0
2019-02-12,75.010002,75.25,75.0,75.010002,8056.0
2019-02-13,75.150002,77.440002,75.150002,77.440002,3087.0
2019-02-14,76.5,77.400002,75.0,76.949997,3217.0
2019-02-15,75.089996,76.889999,75.019997,76.889999,115.0
2019-02-18,77.0,77.0,75.809998,75.809998,570.0
2019-02-19,75.5,76.900002,75.5,76.900002,164.0
2019-02-20,76.989998,77.0,76.25,77.0,684.0
2019-02-21,76.0,76.870003,75.5,76.870003,439.0
2019-02-22,75.5,76.5,75.150002,75.160004,1220.0
2019-02-25,75.5,76.849998,75.5,75.510002,551.0
2019-02-26,75.510002,75.510002,75.099998,75.150002,5700.0
2019-02-27,75.5,75.5,75.25,75.349998,559.0
2019-02-28,75.349998,76.800003,75.129997,76.800003,4223.0
2019-03-01,76.790001,76.790001,76.0,76.0,672.0
2019-03-04,76.5,78.5,76.0,77.5,7805.0
2019-03-05,79.099998,81.980003,77.650002,77.650002,2933.0
2019-03-06,76.599998,80.0,76.599998,80.0,5615.0
2019-03-07,81.699997,81.970001,79.0,81.970001,7101.0
2019-03-08,82.300003,83.290001,79.5,81.0,1928.0
2019-03-11,83.169998,83.169998,77.0,80.0,3918.0
2019-03-12,78.0,79.699997,78.0,79.699997,829.0
2019-03-13,76.699997,78.900002,76.699997,78.75,933.0
2019-03-14,77.0,77.0,76.199997,76.230003,1025.0
2019-03-15,76.5,78.0,76.5,78.0,2654.0
2019-03-18,80.300003,82.5,80.0,81.0,9976.0
2019-03-19,81.5,82.550003,80.0,81.940002,3210.0
2019-03-20,79.510002,81.0,79.5,79.529999,327.0
2019-03-21,79.519997,79.599998,79.199997,79.199997,1850.0
2019-03-22,80.0,81.449997,80.0,80.5,4315.0
2019-03-25,80.800003,84.900002,80.800003,83.800003,3900.0
2019-03-26,83.900002,84.550003,82.110001,82.620003,11499.0
2019-03-27,84.0,84.5,83.5,84.0,6433.0
2019-03-28,84.5,88.800003,84.5,88.449997,19160.0
2019-03-29,87.989998,93.989998,80.0,85.0,34523.0
2019-04-01,87.0,88.379997,85.0,85.0,1351.0
2019-04-02,88.330002,88.330002,82.800003,85.0,9617.0
2019-04-03,85.0,85.0,82.0,82.019997,5060.0
2019-04-04,83.480003,84.0,81.800003,82.0,1949.0
2019-04-05,82.0,82.0,81.0,82.0,3328.0
2019-04-08,81.0,81.0,80.300003,81.0,880.0
2019-04-09,81.0,84.800003,81.0,83.800003,4904.0
2019-04-10,84.790001,84.790001,82.400002,83.0,109.0
2019-04-11,84.650002,87.889999,83.010002,86.989998,25095.0
2019-04-12,85.209999,87.779999,85.209999,86.980003,5419.0
2019-04-15,84.910004,86.0,84.910004,86.0,9283.0
2019-04-16,86.0,87.75,85.209999,86.0,18793.0
2019-04-17,87.470001,87.709999,85.660004,86.0,2869.0
2019-04-18,87.470001,87.75,85.150002,85.150002,8003.0
2019-04-19,87.0,87.0,85.169998,86.0,6721.0
2019-04-22,85.260002,86.440002,85.199997,86.440002,114.0
2019-04-23,85.239998,86.400002,84.199997,85.900002,7540.0
2019-04-24,85.010002,85.010002,84.209999,84.260002,3448.0
2019-04-25,84.300003,84.300003,83.5,83.5,3759.0
2019-04-26,86.489998,86.489998,83.5,84.050003,2901.0
2019-04-29,83.010002,84.5,83.010002,84.0,113.0
2019-04-30,86.0,86.0,83.0,83.0,5387.0
2019-05-02,83.0,83.0,82.199997,82.199997,1402.0
2019-05-03,82.400002,83.0,81.099998,81.5,2602.0
2019-05-06,83.650002,86.0,82.0,82.0,8476.0
2019-05-07,81.599998,83.0,81.599998,83.0,3043.0
2019-05-08,82.0,82.0,81.5,81.5,353.0
2019-05-09,81.349998,81.349998,81.199997,81.199997,585.0
2019-05-10,81.260002,83.5,81.260002,83.5,70.0
2019-05-13,83.0,83.25,81.32,83.25,31.0
2019-05-14,81.5,81.699997,81.5,81.699997,472.0
2019-05-15,81.889999,82.0,80.0,80.0,2979.0
2019-05-16,79.199997,81.970001,79.199997,81.970001,580.0
2019-05-17,80.0,81.0,79.0,79.0,1897.0
2019-05-20,80.0,80.0,78.610001,79.0,2092.0
2019-05-21,79.0,79.0,77.5,78.5,1532.0
2019-05-22,78.0,81.75,77.0,81.75,1111.0
2019-05-23,81.0,81.18,81.0,81.18,45.0
2019-05-24,77.309998,80.0,77.309998,77.699997,558.0
2019-05-27,78.0,79.0,77.199997,79.0,452.0
2019-05-28,79.849998,80.0,79.849998,80.0,245.0
2019-05-29,79.0,80.0,77.5,77.650002,3330.0
2019-05-30,77.5,78.879997,77.199997,78.879997,754.0
2019-05-31,76.209999,79.599998,76.0,79.0,3197.0
2019-06-03,77.0,77.0,76.0,76.0,1609.0
2019-06-04,78.989998,78.989998,76.0,76.0,20.0
2019-06-10,76.0,77.0,73.199997,76.5,2678.0
2019-06-11,77.0,77.989998,74.199997,74.199997,1525.0
2019-06-12,76.0,76.889999,75.0,76.699997,1181.0
2019-06-13,77.0,77.0,75.199997,75.199997,1941.0
2019-06-14,75.510002,76.459999,75.5,76.459999,220.0
2019-06-17,75.099998,77.699997,74.199997,74.199997,1064.0
2019-06-18,74.199997,76.400002,74.0,76.400002,197.0
2019-06-19,74.0,76.0,72.599998,72.599998,2792.0
2019-06-20,74.0,75.0,72.0,74.389999,2313.0
2019-06-21,72.0,73.989998,72.0,73.769997,653.0
2019-06-24,72.110001,73.699997,69.900002,73.389999,3850.0
2019-06-25,73.0,73.089996,69.900002,73.080002,681.0
2019-06-26,70.199997,71.5,70.0,70.019997,3340.0
2019-06-27,70.0,70.0,70.0,70.0,40.0
2019-06-28,70.0,71.900002,68.739998,69.0,433.0
2019-07-01,68.730003,70.0,67.919998,69.870003,2730.0
2019-07-02,69.830002,69.830002,66.599998,66.599998,1444.0
2019-07-03,66.599998,66.599998,65.0,65.0,74696.0
2019-07-04,65.900002,65.900002,65.0,65.589996,2630.0
2019-07-05,65.68,69.5,65.68,67.5,5102.0
2019-07-08,66.029999,66.040001,63.099998,63.5,5116.0
2019-07-09,63.5,64.879997,63.5,63.509998,814.0
2019-07-10,63.529999,67.440002,63.529999,65.050003,2819.0
2019-07-11,65.0,69.5,65.0,68.980003,7070.0
2019-07-12,68.699997,70.5,68.5,68.5,3440.0
2019-07-15,70.440002,70.5,68.0,68.0,4840.0
2019-07-16,69.989998,71.989998,69.970001,70.0,3811.0
2019-07-17,71.489998,71.489998,68.650002,69.989998,2322.0
2019-07-18,69.0,69.0,68.099998,68.099998,1614.0
2019-07-19,68.0,69.0,68.0,69.0,465.0
2019-07-22,67.68,67.699997,67.559998,67.559998,341.0
2019-07-23,67.559998,67.989998,67.050003,67.050003,1004.0
2019-07-24,67.0,67.379997,66.019997,67.379997,2248.0
2019-07-25,66.199997,67.5,66.099998,66.099998,2920.0
2019-07-26,67.93,67.93,66.099998,67.0,2082.0
2019-07-29,67.0,67.870003,66.309998,67.870003,2478.0
2019-07-31,67.870003,67.919998,67.0,67.0,1751.0
2019-08-01,69.0,69.699997,67.0,68.5,1444.0
2019-08-02,68.0,68.870003,67.0,67.0,2305.0
2019-08-05,66.5,67.790001,66.5,66.599998,1295.0
2019-08-06,67.0,67.779999,66.5,67.779999,925.0
2019-08-07,67.779999,70.0,67.699997,69.019997,5315.0
2019-08-08,71.0,72.0,69.5,69.800003,2526.0
2019-08-09,69.0,70.989998,68.510002,69.93,1005.0
2019-08-15,69.940002,69.949997,68.5,69.0,887.0
2019-08-16,70.889999,70.900002,67.0,67.0,975.0
2019-08-19,70.970001,70.970001,70.970001,70.970001,200.0
2019-08-22,70.980003,73.0,70.980003,72.900002,6500.0
2019-08-23,73.110001,78.849998,73.099998,76.349998,6617.0
2019-08-26,77.300003,81.0,77.0,80.0,6606.0
2019-08-27,79.599998,82.5,77.0,79.0,12284.0
2019-08-28,78.220001,79.489998,78.0,78.0,3987.0
2019-08-29,79.879997,80.0,77.0,77.400002,11215.0
2019-08-30,77.900002,77.900002,75.0,77.0,8840.0
2019-09-02,78.900002,78.900002,74.900002,77.0,7495.0
2019-09-03,77.0,78.0,74.0,76.0,2716.0
2019-09-04,74.18,76.970001,73.010002,75.0,1298.0
2019-09-05,77.0,77.0,74.0,74.989998,6553.0
2019-09-06,76.199997,76.300003,76.199997,76.300003,10.0
2019-09-09,74.099998,75.0,73.139999,75.0,845.0
2019-09-10,75.989998,76.0,74.989998,75.0,1150.0
2019-09-11,74.0,74.900002,73.129997,74.489998,2902.0
2019-09-12,74.0,74.0,72.510002,72.599998,619.0
2019-09-13,72.699997,73.849998,72.699997,73.849998,882.0
2019-09-16,73.879997,73.879997,73.010002,73.019997,245.0
2019-09-17,72.800003,73.870003,72.800003,72.980003,489.0
2019-09-18,72.949997,74.720001,72.099998,74.720001,9796.0
2019-09-19,74.720001,74.720001,73.0,73.980003,3055.0
2019-09-20,70.0,71.010002,66.599998,66.610001,18340.0
2019-09-23,66.010002,67.0,60.0,64.300003,9065.0
2019-09-24,64.400002,67.0,61.509998,63.0,4500.0
2019-09-25,65.949997,65.949997,57.130001,59.0,42019.0
2019-09-26,59.990002,60.970001,59.0,59.009998,10918.0
2019-09-27,58.200001,59.5,57.02,57.5,18343.0
2019-09-30,57.5,59.990002,57.0,59.990002,11248.0
2019-10-01,60.799999,63.939999,60.799999,63.0,10489.0
2019-10-02,63.0,64.389999,62.0,62.0,3194.0
2019-10-03,62.0,63.0,61.799999,62.990002,924.0
2019-10-04,63.0,63.700001,61.400002,61.799999,7140.0
2019-10-07,61.0,62.0,60.0,62.0,584.0
2019-10-08,61.900002,62.0,60.200001,61.0,1126.0
2019-10-09,60.369999,60.5,60.0,60.0,1120.0
2019-10-10,61.279999,61.279999,60.0,60.009998,152.0
2019-10-11,60.0,60.77,60.0,60.599998,1483.0
2019-10-14,60.990002,60.990002,59.0,59.009998,4754.0
2019-10-15,59.02,60.0,59.02,60.0,4.0
2019-10-16,59.099998,60.84,59.0,59.0,2680.0
2019-10-17,59.0,60.490002,59.0,60.299999,750.0
2019-10-18,59.98,61.0,59.98,60.939999,1700.0
2019-10-21,59.02,60.009998,59.02,60.009998,1131.0
2019-10-22,60.919998,62.599998,60.919998,61.0,1661.0
2019-10-23,60.0,62.0,60.0,62.0,1838.0
2019-10-24,61.990002,61.990002,61.889999,61.889999,135.0
2019-10-25,60.52,61.889999,60.509998,61.889999,697.0
2019-10-28,60.27,60.599998,59.990002,59.990002,4479.0
2019-10-29,59.400002,60.0,59.0,59.029999,630.0
2019-10-30,59.110001,59.970001,59.0,59.049999,4408.0
2019-10-31,59.82,59.82,58.220001,58.349998,1892.0
2019-11-01,58.990002,59.599998,58.32,59.599998,1011.0
2019-11-04,59.799999,59.869999,58.529999,58.529999,190.0
2019-11-05,59.0,60.0,59.0,59.939999,1234.0
2019-11-07,58.529999,59.0,58.5,59.0,378.0
2019-11-08,58.599998,58.990002,57.200001,58.900002,3249.0
2019-11-12,58.0,58.0,57.400002,58.0,1194.0
2019-11-13,58.200001,58.490002,57.110001,57.110001,4347.0
2019-11-14,58.0,58.0,57.110001,57.939999,325.0
2019-11-15,58.43,58.43,58.0,58.0,906.0
2019-11-19,57.119999,57.970001,55.0,56.0,3249.0
2019-11-20,54.02,55.369999,54.0,55.349998,2781.0
2019-11-21,55.330002,55.330002,51.5,52.200001,6978.0
2019-11-22,53.700001,54.0,51.5,52.959999,3932.0
2019-11-25,52.959999,54.0,52.959999,53.900002,1280.0
2019-11-26,53.25,54.0,51.900002,51.98,3923.0
2019-11-27,51.52,53.0,51.52,53.0,7262.0
2019-11-28,53.0,55.700001,52.0,53.700001,16259.0
2019-11-29,50.130001,53.0,50.130001,51.599998,8731.0
2019-12-02,52.98,52.98,51.650002,51.700001,737.0
2019-12-03,52.0,52.450001,51.0,51.259998,3398.0
2019-12-04,52.299999,52.389999,52.23,52.23,268.0
2019-12-05,51.5,52.400002,51.5,52.0,426.0
2019-12-06,51.360001,57.189999,51.360001,56.5,18805.0
2019-12-09,56.599998,58.0,55.009998,57.360001,1935.0
2019-12-10,59.900002,63.09,59.900002,63.09,14384.0
2019-12-11,64.5,67.0,63.0,64.0,14546.0
2019-12-12,64.989998,64.989998,62.0,63.0,5826.0
2019-12-13,62.5,63.099998,61.0,62.5,3728.0
2019-12-16,63.0,64.0,61.5,63.0,13953.0
2019-12-17,63.0,69.199997,62.299999,65.0,32241.0
2019-12-18,66.900002,66.900002,63.299999,63.549999,8776.0
2019-12-19,63.150002,63.990002,61.0,62.5,10865.0
2019-12-20,62.5,64.5,62.5,64.0,326.0
2019-12-23,64.0,64.599998,62.0,64.0,23529.0
2019-12-24,64.0,66.790001,64.0,65.0,40041.0
2019-12-25,64.0,66.0,62.5,65.0,16246.0
2019-12-26,66.0,68.0,63.0,63.0,104232.0
2019-12-27,62.900002,63.950001,58.650002,58.650002,41012.0
2019-12-30,59.009998,60.0,55.599998,55.599998,19181.0
2019-12-31,55.759998,59.599998,55.0,56.0,27821.0
2020-01-02,56.200001,57.509998,55.0,56.0,3157.0
2020-01-03,56.0,56.779999,54.02,56.639999,2543.0
2020-01-06,57.490002,57.490002,56.849998,56.849998,181.0
2020-01-07,54.810001,56.950001,54.509998,56.0,1541.0
2020-01-08,54.099998,54.099998,53.0,53.490002,10877.0
2020-01-09,53.490002,54.290001,52.07,53.689999,3397.0
2020-01-10,53.400002,53.799999,52.549999,53.799999,3411.0
2020-01-13,52.099998,53.259998,52.099998,52.099998,5927.0
2020-01-14,52.220001,52.220001,52.0,52.0,2573.0
2020-01-15,51.82,53.189999,50.200001,50.200001,15872.0
2020-01-16,50.200001,51.889999,48.0,48.52,24835.0
2020-01-17,46.5,51.889999,46.5,51.759998,12201.0
2020-01-20,54.5,54.5,51.91,53.0,10290.0
2020-01-21,52.02,53.389999,50.299999,51.990002,7690.0
2020-01-22,50.5,51.439999,48.02,49.110001,12028.0
2020-01-23,51.5,51.5,48.700001,48.700001,62958.0
2020-01-24,49.0,49.900002,48.5,48.630001,7084.0
2020-01-27,50.0,50.07,48.5,49.900002,158.0
2020-01-28,49.959999,49.959999,47.5,47.650002,12805.0
2020-01-29,47.669998,48.959999,47.310001,47.310001,3823.0
2020-01-30,48.0,48.799999,47.349998,47.900002,3628.0
2020-01-31,47.990002,48.369999,47.5,47.5,6312.0
2020-02-03,48.439999,52.0,48.419998,49.130001,10174.0
2020-02-04,49.509998,51.849998,49.509998,49.990002,17348.0
2020-02-05,51.48,51.48,49.240002,49.900002,7838.0
2020-02-06,50.25,51.0,50.0,50.0,8400.0
2020-02-07,49.5,50.5,49.5,50.5,831.0
2020-02-10,49.5,50.889999,48.700001,49.59,2316.0
2020-02-11,49.5,50.389999,48.549999,48.66,12428.0
2020-02-12,49.0,49.400002,48.73,49.400002,6310.0
2020-02-13,49.0,49.0,48.75,48.799999,3494.0
2020-02-14,49.0,49.0,48.049999,48.5,3836.0
2020-02-17,48.5,49.950001,48.099998,49.919998,2927.0
2020-02-18,49.5,49.700001,48.439999,49.5,5430.0
2020-02-19,48.450001,49.389999,48.400002,49.389999,1852.0
2020-02-20,48.400002,48.599998,48.0,48.040001,10654.0
2020-02-21,47.849998,49.32,47.200001,47.200001,1122.0
2020-02-24,47.200001,47.310001,47.0,47.0,11717.0
2020-02-25,47.009998,48.68,46.900002,48.68,5014.0
2020-02-26,46.919998,47.0,46.240002,46.27,5760.0
2020-02-27,46.950001,46.950001,46.240002,46.349998,5334.0
2020-02-28,46.27,46.5,46.0,46.349998,10831.0
2020-03-02,45.52,46.290001,45.0,46.0,5022.0
2020-03-03,45.209999,46.0,41.799999,42.5,7996.0
2020-03-04,42.75,43.970001,42.0,42.0,2604.0
2020-03-05,42.400002,43.700001,42.400002,43.650002,376.0
2020-03-06,43.619999,43.700001,43.0,43.0,1068.0
2020-03-09,41.900002,41.900002,38.709999,38.709999,14603.0
2020-03-10,36.5,42.529999,36.5,42.48,4005.0
2020-03-11,44.93,44.93,40.220001,42.790001,1274.0
2020-03-12,40.509998,40.849998,39.25,39.450001,21168.0
2020-03-13,39.009998,39.009998,36.009998,38.0,15702.0
2020-03-16,34.209999,34.209999,34.209999,34.209999,7898.0
2020-03-17,32.849998,32.849998,32.849998,32.849998,323.0
2020-03-18,31.540001,31.540001,31.540001,31.540001,406.0
2020-03-19,30.280001,32.799999,30.280001,32.799999,47939.0
2020-03-20,33.240002,34.110001,33.240002,34.110001,9610.0
2020-03-23,35.470001,35.470001,35.470001,35.470001,5696.0
2020-03-24,36.880001,36.880001,36.880001,36.880001,9256.0
2020-03-25,38.0,38.0,35.529999,35.529999,11209.0
2020-03-26,35.5,35.5,34.25,34.5,9989.0
2020-03-27,34.419998,35.790001,34.419998,35.790001,1546.0
2020-03-30,35.689999,35.689999,34.799999,34.799999,2162.0
2020-03-31,33.41,33.41,33.41,33.41,473.0
2020-04-01,32.080002,32.990002,32.080002,32.080002,8703.0
2020-04-02,30.799999,30.799999,30.799999,30.799999,1811.0
2020-04-03,30.200001,30.799999,29.57,29.57,29508.0
2020-04-06,29.1,29.1,28.389999,28.389999,5060.0
2020-04-07,28.41,29.52,28.41,29.48,6155.0
2020-04-08,30.0,30.4,29.799999,29.799999,5196.0
2020-04-09,29.99,30.58,29.0,29.0,7119.0
2020-04-10,29.780001,29.889999,29.200001,29.889999,7585.0
2020-04-13,29.6,30.0,29.5,29.879999,6991.0
2020-04-14,29.85,29.85,28.690001,28.690001,6588.0
2020-04-15,28.700001,29.0,28.01,29.0,20312.0
2020-04-16,28.129999,29.27,28.129999,29.26,246.0
2020-04-17,29.0,29.0,28.299999,28.299999,382.0
2020-04-20,29.280001,29.43,28.0,28.0,4052.0
2020-04-21,28.049999,28.049999,27.200001,28.0,4098.0
2020-04-22,28.0,28.0,26.889999,26.889999,4854.0
2020-04-23,26.5,26.5,26.200001,26.5,4312.0
2020-04-24,26.299999,26.959999,26.27,26.27,345.0
2020-04-27,27.309999,27.32,27.0,27.0,2106.0
2020-04-28,27.5,28.0,27.0,27.0,361.0
2020-04-29,26.98,28.07,26.98,28.07,1210.0
2020-04-30,28.74,29.190001,28.0,29.190001,1887.0
2020-05-04,29.190001,30.35,29.190001,30.35,3103.0
2020-05-05,31.559999,31.559999,31.559999,31.559999,495.0
2020-05-06,32.82,32.82,32.82,32.82,9805.0
2020-05-07,34.0,34.130001,34.0,34.130001,27760.0
2020-05-08,35.490002,35.490002,35.490002,35.490002,348.0
2020-05-11,35.450001,36.900002,35.450001,36.900002,9685.0
2020-05-12,38.040001,38.369999,35.43,35.43,32890.0
2020-05-13,34.02,34.5,34.02,34.02,10731.0
2020-05-14,32.66,34.5,32.66,33.099998,16300.0
2020-05-15,33.029999,34.419998,33.029999,34.419998,12195.0
2020-05-18,35.790001,35.790001,35.790001,35.790001,5321.0
2020-05-19,35.790001,35.790001,34.400002,34.5,13036.0
2020-05-20,34.5,35.490002,34.349998,35.490002,2825.0
2020-05-21,35.849998,35.849998,34.080002,34.5,2619.0
2020-05-22,35.84,35.849998,35.740002,35.740002,619.0
2020-05-26,35.700001,35.700001,34.509998,35.650002,7814.0
2020-05-27,35.009998,35.650002,34.639999,35.0,8481.0
2020-05-28,35.189999,35.700001,34.549999,35.0,19474.0
2020-05-29,35.200001,36.389999,35.200001,36.389999,17032.0
2020-06-01,37.84,37.84,37.84,37.84,1307.0
2020-06-02,39.349998,39.349998,39.349998,39.349998,4159.0
2020-06-03,40.919998,40.919998,40.919998,40.919998,2075.0
2020-06-04,42.490002,42.490002,39.509998,42.299999,19626.0
2020-06-05,41.77,42.0,40.700001,40.700001,8648.0
2020-06-08,40.900002,41.799999,40.900002,41.799999,1137.0
2020-06-09,43.0,43.470001,43.0,43.439999,5897.0
2020-06-10,44.0,44.849998,43.599998,44.009998,4194.0
2020-06-11,44.0,44.869999,42.25,42.25,6057.0
2020-06-12,41.700001,41.950001,41.0,41.950001,2212.0
2020-06-15,41.049999,42.0,41.049999,42.0,1403.0
2020-06-16,42.0,42.900002,42.0,42.900002,1813.0
2020-06-17,44.5,44.610001,44.5,44.610001,21354.0
2020-06-18,46.0,46.0,43.400002,43.490002,5364.0
2020-06-19,43.889999,43.889999,41.759998,43.880001,15091.0
2020-06-22,44.48,44.490002,42.130001,42.310001,2872.0
2020-06-23,42.150002,43.790001,42.0,43.0,2599.0
2020-06-24,43.48,43.48,41.299999,41.5,906122.0
2020-06-25,40.849998,41.5,39.849998,39.849998,79507.0
2020-06-26,39.509998,40.549999,38.279999,39.900002,12387.0
2020-06-29,39.900002,39.900002,38.330002,39.689999,20617.0
2020-06-30,39.689999,41.259998,39.650002,41.259998,1188.0
2020-07-01,39.700001,41.939999,39.700001,41.799999,310.0
2020-07-02,41.009998,42.0,41.009998,41.5,496.0
2020-07-03,41.099998,41.939999,41.049999,41.939999,370.0
2020-07-06,41.0,41.5,41.0,41.0,207.0
2020-07-07,41.810001,41.810001,39.5,40.490002,3478.0
2020-07-08,40.919998,40.919998,39.5,39.5,114.0
2020-07-09,40.5,40.5,39.049999,39.900002,453.0
2020-07-10,38.700001,39.900002,38.700001,39.5,5431.0
2020-07-13,38.5,39.5,38.5,38.52,1013.0
2020-07-14,38.5,39.0,36.98,36.98,9180.0
2020-07-15,37.900002,37.900002,35.549999,36.0,6131.0
2020-07-16,36.98,36.98,35.549999,35.549999,1433.0
2020-07-17,35.549999,36.0,35.060001,36.0,1341.0
2020-07-20,36.990002,37.43,36.0,37.419998,3654.0
2020-07-21,38.900002,38.900002,37.720001,38.400002,2825.0
2020-07-22,37.599998,38.5,37.5,38.43,4585.0
2020-07-23,37.150002,37.799999,36.950001,36.950001,1868.0
2020-07-24,38.32,38.32,35.599998,36.0,4932.0
2020-07-27,35.880001,35.880001,35.400002,35.400002,3646.0
2020-07-28,36.0,36.0,35.400002,35.400002,4595.0
2020-07-29,35.200001,35.5,34.5,35.5,1248.0
2020-08-03,34.119999,35.0,34.099998,34.099998,3851.0
2020-08-04,35.389999,35.389999,32.799999,33.0,1601.0
2020-08-05,32.0,32.599998,32.0,32.599998,650.0
2020-08-06,33.900002,33.900002,33.880001,33.880001,349.0
2020-08-07,33.880001,34.880001,32.799999,34.669998,6473.0
2020-08-10,33.990002,33.990002,33.290001,33.290001,3122.0
2020-08-11,33.0,33.0,32.009998,32.009998,6888.0
2020-08-12,32.5,32.5,32.25,32.25,868.0
2020-08-13,32.25,32.799999,32.200001,32.669998,2274.0
2020-08-17,32.790001,32.790001,31.370001,31.5,1444.0
2020-08-18,31.200001,32.380001,31.200001,32.380001,241.0
2020-08-19,32.0,32.200001,31.09,31.09,7166.0
2020-08-24,30.5,30.6,29.85,29.85,9055.0
2020-08-25,29.9,30.0,29.0,29.0,5941.0
2020-08-26,28.99,29.0,28.99,29.0,1845.0
2020-08-27,28.51,29.0,28.51,28.52,734.0
2020-08-28,28.99,29.57,28.120001,29.0,3297.0
2020-08-31,29.99,29.99,28.0,28.0,3291.0
2020-09-01,28.0,29.110001,27.98,29.110001,15372.0
2020-09-02,30.200001,30.27,29.0,29.0,18276.0
2020-09-03,30.110001,30.139999,29.030001,30.0,1966.0
2020-09-04,31.18,31.18,30.0,30.950001,3245.0
2020-09-07,30.1,31.950001,30.1,30.35,1607.0
2020-09-08,31.389999,31.559999,30.200001,31.559999,18974.0
2020-09-09,31.57,32.82,31.559999,32.689999,3899.0
2020-09-10,32.799999,33.990002,32.799999,33.990002,12497.0
2020-09-11,34.200001,35.0,34.200001,34.52,12275.0
2020-09-14,34.880001,35.0,33.549999,34.860001,4969.0
2020-09-15,34.0,35.0,33.470001,33.66,7198.0
2020-09-16,34.700001,34.700001,32.599998,33.450001,974.0
2020-09-17,32.139999,33.900002,32.119999,32.119999,1311.0
2020-09-18,32.0,33.279999,31.01,32.84,3185.0
2020-09-21,31.84,31.950001,31.59,31.9,6269.0
2020-09-22,31.9,33.169998,31.9,33.169998,4087.0
2020-09-23,33.950001,34.380001,33.150002,33.799999,4731.0
2020-09-24,33.900002,33.900002,32.450001,32.450001,1554.0
2020-09-25,32.400002,33.740002,31.9,33.599998,6620.0
2020-09-28,33.650002,33.650002,32.5,32.5,3122.0
2020-09-29,31.209999,31.209999,31.209999,31.209999,2379.0
2020-09-30,31.0,32.360001,31.0,31.200001,3438.0
2020-10-01,32.0,32.0,31.219999,31.950001,465.0
2020-10-02,31.940001,31.98,31.1,31.1,584.0
2020-10-05,31.5,31.5,31.0,31.4,3911.0
2020-10-06,31.780001,31.780001,31.0,31.690001,365.0
2020-10-07,31.549999,31.98,30.51,31.9,3085.0
2020-10-08,31.02,31.98,31.02,31.98,35.0
2020-10-09,31.99,32.349998,31.98,31.98,3032.0
2020-10-12,31.969999,31.969999,31.200001,31.200001,1211.0
2020-10-13,32.290001,32.290001,32.0,32.18,3506.0
2020-10-14,32.0,32.169998,32.0,32.049999,265.0
2020-10-15,32.169998,32.169998,31.379999,32.16,2191.0
2020-10-16,31.379999,32.099998,31.379999,32.099998,510.0
2020-10-19,32.099998,32.290001,31.559999,32.09,1579.0
2020-10-20,32.200001,32.200001,32.0,32.0,323.0
2020-10-21,31.57,32.200001,31.57,32.200001,473.0
2020-10-22,32.240002,32.25,31.700001,31.75,1279.0
2020-10-23,32.0,32.200001,31.389999,32.0,2071.0
2020-10-26,31.709999,32.490002,31.709999,32.0,1156.0
2020-10-27,32.380001,32.799999,32.0,32.310001,10155.0
2020-10-28,32.310001,32.310001,31.9,32.200001,1416.0
2020-11-02,32.0,32.080002,31.5,31.5,4414.0
2020-11-03,31.52,32.0,31.5,32.0,680.0
2020-11-04,31.51,32.0,31.51,32.0,15.0
2020-11-05,31.51,31.99,31.389999,31.99,1810.0
2020-11-09,31.5,33.0,31.4,32.990002,10532.0
2020-11-10,34.0,34.18,32.830002,32.830002,10696.0
2020-11-11,33.0,33.98,32.830002,33.0,3485.0
2020-11-12,33.0,34.09,32.84,33.0,2866.0
2020-11-13,33.0,33.689999,33.0,33.580002,2204.0
2020-11-16,33.689999,33.689999,33.0,33.23,353.0
2020-11-17,33.029999,34.549999,33.0,34.549999,19524.0
2020-11-19,35.93,35.93,35.93,35.93,462.0
2020-11-20,37.349998,37.360001,37.0,37.360001,47670.0
2020-11-23,38.849998,38.849998,37.5,37.939999,34639.0
2020-11-24,37.5,38.0,37.200001,37.200001,4558.0
2020-11-25,37.869999,37.869999,36.5,37.490002,4056.0
2020-11-26,37.48,37.889999,36.099998,37.700001,18086.0
2020-11-27,37.68,37.68,36.720001,37.5,2611.0
2020-11-30,37.490002,37.700001,36.110001,36.490002,5540.0
2020-12-01,36.099998,36.200001,35.040001,35.040001,4669.0
2020-12-02,34.099998,36.43,34.099998,36.43,7197.0
2020-12-03,35.599998,37.880001,35.599998,37.240002,11011.0
2020-12-04,37.880001,37.880001,36.799999,37.48,7767.0
2020-12-07,36.290001,38.610001,36.290001,37.490002,720.0
2020-12-08,36.349998,38.529999,36.349998,38.5,12456.0
2020-12-09,38.5,39.369999,38.5,39.290001,8293.0
2020-12-10,39.299999,39.48,38.860001,39.310001,4806.0
2020-12-11,39.400002,40.490002,39.0,40.0,82817.0
2020-12-14,40.029999,40.990002,39.07,39.82,6289.0
2020-12-15,38.639999,39.450001,38.560001,39.369999,3186.0
2020-12-16,39.0,39.0,37.799999,37.799999,24684.0
2020-12-17,38.669998,38.669998,36.860001,38.0,142057.0
2020-12-18,38.389999,38.389999,37.299999,37.310001,3688.0
2020-12-21,37.150002,37.200001,35.82,35.82,13495.0
2020-12-22,35.610001,37.0,35.610001,36.779999,10813.0
2020-12-23,37.0,37.799999,36.790001,37.400002,3818.0
2020-12-24,36.799999,37.5,36.799999,37.0,2452.0
2020-12-25,37.0,37.360001,36.799999,36.799999,4026.0
2020-12-28,36.799999,36.889999,36.310001,36.799999,615.0
2020-12-29,36.07,36.799999,36.0,36.0,9287.0
2020-12-30,35.709999,36.580002,35.709999,36.0,1594.0
2020-12-31,35.200001,35.950001,35.200001,35.950001,4703.0
2021-01-04,35.900002,37.25,35.900002,37.18,993.0
2021-01-05,37.130001,37.130001,36.169998,36.599998,128528.0
2021-01-06,36.099998,37.48,36.099998,37.470001,4003.0
2021-01-07,36.27,37.400002,36.27,37.400002,641.0
2021-01-08,37.400002,37.400002,36.009998,36.040001,9829.0
2021-01-12,37.0,37.0,36.299999,36.959999,3765.0
2021-01-13,37.0,37.299999,36.400002,36.799999,10447.0
2021-01-14,36.830002,37.25,36.509998,36.889999,3508.0
2021-01-15,36.41,37.400002,36.41,37.0,8969.0
2021-01-18,37.0,37.299999,36.599998,36.720001,7723.0
2021-01-19,36.720001,37.0,36.200001,36.950001,5401.0
2021-01-20,36.73,37.099998,36.68,36.68,10620.0
2021-01-21,36.700001,36.900002,36.16,36.700001,3560.0
2021-01-22,36.110001,37.0,36.110001,36.700001,6095.0
2021-01-25,36.810001,38.16,36.700001,38.16,19675.0
2021-01-26,38.98,39.5,38.400002,39.299999,63192.0
2021-01-27,39.299999,40.5,39.290001,39.599998,57279.0
2021-01-28,39.0,39.0,38.02,38.080002,23267.0
2021-01-29,36.939999,38.240002,36.599998,36.75,33277.0
2021-02-01,36.75,37.720001,36.73,37.549999,1741.0
2021-02-02,37.560001,37.59,36.099998,36.98,7977.0
2021-02-03,36.98,37.459999,36.049999,37.459999,9449.0
2021-02-04,37.0,37.439999,36.5,37.189999,702.0
2021-02-05,36.650002,38.0,36.650002,38.0,11252.0
2021-02-08,37.049999,38.5,37.049999,37.209999,6931.0
2021-02-09,37.950001,37.950001,36.950001,37.349998,5851.0
2021-02-10,36.720001,37.349998,36.650002,37.0,2219.0
2021-02-11,36.349998,36.900002,36.27,36.900002,2821.0
2021-02-12,36.900002,37.450001,36.900002,37.290001,1338.0
2021-02-15,37.0,37.25,37.0,37.0,2097.0
2021-02-16,37.0,37.0,36.27,36.990002,3660.0
2021-02-17,36.549999,37.0,36.360001,37.0,2896.0
2021-02-18,37.0,37.0,36.470001,36.470001,245.0
2021-02-19,37.209999,37.209999,36.349998,36.599998,4710.0
2021-02-22,36.34,37.0,36.209999,36.880001,18084.0
2021-02-23,36.299999,36.400002,35.700001,36.0,5062.0
2021-02-24,35.700001,35.990002,35.0,35.0,5772.0
2021-02-25,33.700001,35.299999,33.700001,35.150002,1511.0
2021-02-26,35.380001,35.380001,34.099998,34.099998,1873.0
2021-03-01,34.25,35.299999,34.099998,35.299999,419.0
2021-03-02,35.0,35.299999,35.0,35.299999,5446.0
2021-03-03,35.5,36.0,35.099998,35.990002,270.0
2021-03-04,35.950001,36.0,35.75,35.950001,3447.0
2021-03-08,35.599998,35.849998,35.0,35.5,3193.0
2021-03-09,35.5,35.5,35.009998,35.5,600.0
2021-03-10,35.400002,35.5,34.099998,34.990002,10231.0
2021-03-11,34.419998,34.98,33.75,34.0,15684.0
2021-03-12,34.0,34.0,34.0,34.0,4250.0
2021-03-15,34.0,34.0,33.5,33.5,10812.0
2021-03-16,33.259998,34.0,33.259998,33.990002,8262.0
2021-03-17,33.98,33.990002,33.5,33.98,220.0
2021-03-18,33.299999,33.599998,32.630001,33.299999,14686.0
2021-03-19,33.0,33.279999,32.599998,32.599998,2171.0
2021-03-22,32.110001,32.68,32.0,32.490002,1801.0
2021-03-23,31.92,32.290001,31.299999,32.200001,1950.0
2021-03-24,31.4,32.200001,31.32,32.200001,6327.0
2021-03-25,31.5,32.200001,31.5,32.0,20319.0
2021-03-26,31.870001,32.0,31.4,31.93,8700.0
2021-03-29,31.58,31.969999,31.58,31.889999,1125.0
2021-03-30,30.620001,30.799999,30.620001,30.620001,52169.0
2021-03-31,30.65,31.4,30.549999,31.049999,21228.0
2021-04-01,31.51,32.290001,31.5,32.279999,69320.0
2021-04-02,32.41,32.990002,32.41,32.700001,11403.0
2021-04-05,32.799999,33.299999,31.5,31.5,17356.0
2021-04-06,31.43,32.459999,31.049999,32.32,6964.0
2021-04-07,32.099998,32.099998,32.099998,32.099998,4.0
2021-04-08,32.060001,32.099998,31.66,31.66,562.0
2021-04-09,31.799999,31.98,31.0,31.0,6311.0
2021-04-12,30.610001,31.02,30.07,30.450001,12613.0
2021-04-13,30.49,30.940001,29.9,30.0,48870.0
2021-04-14,30.5,30.5,30.49,30.49,106.0
2021-04-15,30.48,30.48,29.92,30.0,4081.0
2021-04-16,30.0,30.879999,30.0,30.879999,3537.0
2021-04-19,30.790001,30.790001,30.0,30.0,12524.0
2021-04-20,29.99,30.0,29.25,29.879999,7448.0
2021-04-21,29.99,30.0,29.91,30.0,3036.0
2021-04-22,29.950001,30.389999,29.91,30.389999,8007.0
2021-04-23,30.15,30.379999,30.01,30.1,18705.0
2021-04-26,30.34,30.690001,30.01,30.49,20179.0
2021-04-27,30.48,31.0,30.48,31.0,31902.0
2021-04-28,31.0,31.610001,30.809999,31.0,28314.0
2021-04-29,30.99,31.33,30.75,31.33,11161.0
2021-04-30,31.0,31.299999,30.9,31.0,81528.0
2021-05-03,31.0,31.4,30.809999,31.280001,39693.0
2021-05-04,31.25,32.5,30.799999,31.969999,133150.0
2021-05-05,31.969999,32.0,31.5,31.5,30796.0
2021-05-06,31.4,31.5,30.700001,30.9,33875.0
2021-05-07,31.0,31.0,30.719999,30.719999,11204.0
2021-05-10,30.99,30.99,30.77,30.799999,6408.0
2021-05-11,30.799999,30.799999,30.6,30.690001,11985.0
2021-05-12,30.700001,30.700001,30.299999,30.4,13161.0
2021-05-17,30.41,30.690001,30.0,30.0,53118.0
2021-05-18,30.0,30.4,29.700001,30.0,23545.0
2021-05-19,30.0,30.0,29.83,29.969999,13063.0
2021-05-20,29.969999,30.0,29.9,30.0,12186.0
2021-05-21,30.110001,30.700001,30.1,30.58,46757.0
2021-05-24,30.08,31.0,30.08,30.950001,78684.0
2021-05-25,30.200001,31.0,30.0,30.459999,138551.0
2021-05-26,30.459999,31.67,30.459999,31.67,66104.0
2021-05-27,32.93,32.93,32.93,32.93,47998.0
2021-05-28,33.5,33.5,31.620001,31.620001,110655.0
2021-05-31,31.6,31.940001,30.700001,31.889999,74130.0
2021-06-01,32.240002,32.5,31.91,32.23,32958.0
2021-06-02,32.0,33.509998,32.0,33.509998,124789.0
2021-06-03,34.849998,34.849998,34.849998,34.849998,7123.0
2021-06-04,33.5,35.990002,33.5,35.119999,122379.0
2021-06-07,35.950001,36.52,35.689999,36.52,39799.0
2021-06-08,37.650002,37.98,37.0,37.98,133522.0
2021-06-09,39.0,39.490002,38.790001,39.490002,215240.0
2021-06-10,39.939999,39.939999,38.200001,39.09,51343.0
2021-06-11,38.549999,40.650002,38.509998,40.650002,67284.0
2021-06-14,42.27,42.27,42.27,42.27,15659.0
2021-06-15,43.68,43.959999,42.75,43.959999,133254.0
2021-06-16,45.599998,45.709999,42.209999,42.209999,137022.0
2021-06-17,40.529999,42.599998,40.529999,41.599998,127882.0
2021-06-18,42.299999,43.259998,41.66,43.259998,68146.0
2021-06-21,44.860001,44.990002,44.130001,44.990002,70572.0
2021-06-22,46.490002,46.700001,45.200001,45.5,86075.0
2021-06-23,43.740002,45.889999,43.689999,44.0,114060.0
2021-06-24,43.75,44.490002,42.900002,42.900002,37858.0
2021-06-25,42.0,42.0,41.189999,41.189999,36753.0
2021-06-28,41.0,42.380001,39.759998,40.099998,71683.0
2021-06-29,40.099998,41.700001,40.099998,41.700001,12387.0
2021-06-30,43.360001,43.360001,41.849998,42.330002,78244.0
2021-07-01,42.32,43.099998,42.32,43.040001,7640.0
2021-07-02,43.400002,43.43,41.599998,42.389999,48275.0
2021-07-05,40.759998,41.790001,40.700001,40.700001,11330.0
2021-07-06,39.200001,39.900002,39.080002,39.080002,65113.0
2021-07-07,40.639999,40.639999,40.639999,40.639999,1687.0
2021-07-08,42.259998,42.259998,42.259998,42.259998,3050.0
2021-07-09,43.700001,43.900002,42.5,42.790001,135196.0
2021-07-12,43.299999,43.299999,41.099998,41.099998,19137.0
2021-07-13,42.279999,42.279999,41.459999,42.200001,744.0
2021-07-14,41.16,41.5,40.599998,41.400002,29361.0
2021-07-15,41.439999,42.849998,40.900002,42.200001,32084.0
2021-07-16,41.990002,42.25,41.700001,41.700001,28944.0
2021-07-19,42.59,42.59,41.369999,41.369999,7591.0
2021-07-20,41.369999,41.799999,41.099998,41.330002,11286.0
2021-07-23,41.0,41.400002,40.150002,40.82,11963.0
2021-07-26,42.0,42.0,39.200001,39.990002,24128.0
2021-07-27,38.650002,39.799999,38.400002,38.400002,30298.0
2021-07-28,38.0,39.139999,38.0,39.099998,2877.0
2021-07-29,39.130001,39.450001,38.0,38.0,8752.0
2021-08-02,38.0,38.0,36.900002,37.02,22916.0
2021-08-03,38.389999,38.5,38.0,38.5,2851.0
2021-08-04,39.0,40.029999,39.0,40.029999,17609.0
2021-08-05,40.98,40.98,39.240002,40.200001,10618.0
2021-08-06,39.349998,39.98,38.599998,38.599998,30752.0
2021-08-09,39.0,39.220001,38.009998,38.369999,3492.0
2021-08-11,38.990002,38.990002,37.299999,38.299999,5486.0
2021-08-12,37.560001,38.310001,37.349998,38.27,8914.0
2021-08-13,37.599998,39.5,37.599998,38.98,24757.0
2021-08-16,39.200001,40.529999,39.200001,40.529999,109171.0
2021-08-17,41.299999,41.66,40.639999,41.450001,67622.0
2021-08-18,40.73,43.099998,40.720001,42.990002,69804.0
2021-08-19,43.990002,43.990002,42.150002,42.5,45422.0
2021-08-23,42.110001,42.869999,42.0,42.5,10169.0
2021-08-24,42.5,42.880001,41.599998,42.880001,11564.0
2021-08-25,42.900002,43.200001,42.700001,42.950001,20088.0
2021-08-26,42.009998,43.25,42.009998,43.0,51263.0
2021-08-27,42.400002,43.880001,42.400002,43.279999,64482.0
2021-08-30,43.400002,45.009998,43.400002,45.009998,72237.0
2021-08-31,45.779999,46.400002,45.029999,45.790001,67204.0
2021-09-01,45.5,45.700001,43.959999,43.959999,77447.0
2021-09-02,44.0,45.0,42.509998,45.0,25547.0
2021-09-03,45.490002,45.599998,44.5,44.950001,14864.0
2021-09-06,45.450001,45.450001,44.610001,45.25,11586.0
2021-09-07,45.490002,46.349998,45.0,46.25,32416.0
2021-09-08,46.25,46.299999,45.66,45.700001,9908.0
2021-09-09,45.799999,47.52,45.799999,47.52,75984.0
2021-09-10,47.849998,48.200001,46.799999,47.189999,50121.0
2021-09-13,47.0,47.900002,45.310001,45.310001,22483.0
2021-09-14,44.66,46.0,44.599998,45.0,5046.0
2021-09-15,45.099998,45.099998,44.099998,44.700001,122371.0
2021-09-16,44.5,44.93,43.200001,43.5,82707.0
2021-09-17,44.360001,44.360001,43.200001,43.459999,26325.0
2021-09-20,43.119999,43.990002,41.73,42.299999,68758.0
2021-09-21,42.400002,43.400002,42.400002,43.099998,17235.0
2021-09-22,43.700001,43.75,42.5,43.0,104132.0
2021-09-23,43.0,43.349998,42.75,42.759998,10324.0
2021-09-24,42.759998,43.0,42.099998,42.759998,17903.0
2021-09-27,42.700001,42.740002,41.259998,41.759998,13321.0
2021-09-28,42.0,42.009998,41.279999,41.279999,28001.0
2021-09-29,41.200001,42.93,41.200001,42.93,158097.0
2021-09-30,44.639999,44.639999,42.299999,42.299999,168654.0
2021-10-01,42.990002,42.990002,40.610001,40.900002,76555.0
2021-10-04,41.0,41.0,39.27,40.0,46146.0
2021-10-05,40.0,41.48,40.0,40.830002,64467.0
2021-10-06,41.560001,42.200001,41.009998,41.82,97291.0
2021-10-07,43.189999,43.189999,42.400002,42.599998,78606.0
2021-10-08,43.099998,43.099998,42.599998,42.889999,18704.0
2021-10-11,43.799999,43.799999,42.5,42.849998,11653.0
2021-10-12,43.0,43.0,41.299999,41.599998,51504.0
2021-10-13,41.610001,42.0,41.099998,41.5,23323.0
2021-10-14,41.490002,41.98,41.110001,41.110001,11533.0
2021-10-15,41.150002,42.5,41.150002,41.5,39381.0
2021-10-18,41.610001,42.93,41.599998,42.0,50209.0
2021-10-21,42.049999,42.439999,41.66,42.200001,5160.0
2021-10-22,42.470001,42.900002,42.0,42.48,15206.0
2021-10-25,42.459999,42.849998,41.810001,42.0,20407.0
2021-10-26,41.700001,42.419998,41.0,41.220001,44218.0
2021-10-27,41.5,42.240002,41.0,41.0,35349.0
2021-10-28,41.0,41.889999,41.0,41.099998,22072.0
2021-10-29,41.189999,41.400002,40.799999,41.0,81861.0
2021-11-01,40.549999,41.189999,40.549999,40.669998,13052.0
2021-11-02,41.0,41.189999,40.68,40.75,10165.0
2021-11-03,40.990002,41.23,40.0,40.799999,19985.0
2021-11-04,40.869999,41.0,38.720001,39.169998,35511.0
2021-11-05,39.5,39.900002,38.41,38.41,34366.0
2021-11-08,38.509998,39.630001,38.509998,39.5,2265.0
2021-11-09,39.950001,40.419998,39.080002,40.0,2561.0
2021-11-10,39.419998,40.380001,39.41,40.380001,1974.0
2021-11-11,40.299999,40.299999,39.0,39.91,2456.0
2021-11-12,39.91,40.48,39.209999,40.369999,3196.0
2021-11-15,40.02,41.23,40.0,40.84,2883.0
2021-11-16,40.799999,40.950001,40.009998,40.950001,3877.0
2021-11-17,40.5,41.599998,40.5,41.299999,62809.0
2021-11-19,41.400002,41.400002,40.75,41.290001,1820.0
2021-11-22,41.0,41.290001,40.009998,40.900002,6661.0
2021-11-23,40.900002,41.900002,40.560001,41.0,43671.0
2021-11-24,41.240002,41.450001,40.5,40.5,23570.0
2021-11-25,41.0,41.279999,40.700001,40.700001,33017.0
2021-11-26,40.5,40.5,39.02,40.299999,37152.0
2021-11-29,39.599998,39.599998,38.02,39.389999,28172.0
2021-11-30,39.689999,40.900002,39.689999,40.0,9250.0
2021-12-01,40.490002,40.599998,39.5,39.509998,11190.0
2021-12-02,39.619999,40.389999,38.619999,38.75,15146.0
2021-12-03,39.0,39.740002,38.799999,38.799999,4387.0
2021-12-06,39.349998,39.779999,38.02,39.73,1849.0
2021-12-07,39.049999,39.799999,39.049999,39.740002,1418.0
2021-12-08,39.720001,40.75,39.720001,40.5,16535.0
2021-12-09,40.740002,40.75,40.200001,40.200001,11295.0
2021-12-10,40.200001,40.73,40.0,40.0,19133.0
2021-12-13,40.049999,40.580002,39.830002,40.0,18087.0
2021-12-14,40.0,40.5,39.82,40.0,25552.0
2021-12-15,39.82,39.950001,39.75,39.799999,1630.0
2021-12-16,40.0,40.0,39.0,39.0,5241.0
2021-12-17,39.0,39.5,38.900002,39.0,9031.0
2021-12-20,39.0,39.900002,38.529999,39.099998,7253.0
2021-12-21,39.009998,39.799999,38.650002,39.0,1416.0
2021-12-22,39.790001,39.790001,38.73,39.0,2682.0
2021-12-23,38.77,39.400002,38.77,39.349998,4209.0
2021-12-24,39.490002,39.490002,38.84,39.450001,7402.0
2021-12-27,39.779999,39.779999,39.450001,39.450001,177.0
2021-12-28,38.919998,39.0,38.0,38.0,30615.0
2021-12-29,38.970001,38.970001,38.0,38.799999,59483.0
2021-12-30,38.099998,38.470001,37.0,37.0,110987.0
2021-12-31,37.0,37.790001,36.5,36.970001,72157.0
2022-01-03,37.0,37.970001,36.5,36.5,24283.0
2022-01-04,36.529999,37.400002,36.529999,37.189999,4279.0
2022-01-05,37.759998,38.200001,37.299999,38.099998,181253.0
2022-01-06,38.099998,38.779999,38.0,38.0,37345.0
2022-01-07,38.0,38.639999,38.0,38.400002,8870.0
2022-01-10,39.0,39.970001,38.41,38.990002,10112.0
2022-01-12,39.0,39.75,38.619999,39.0,23886.0
2022-01-13,39.0,40.0,38.869999,39.0,26896.0
2022-01-14,39.0,39.400002,38.009998,38.900002,20503.0
2022-01-17,38.810001,39.0,38.02,38.380001,11189.0
2022-01-18,38.330002,39.5,37.900002,38.98,33186.0
2022-01-19,38.98,41.200001,38.98,41.200001,297879.0
2022-01-20,42.0,42.5,41.799999,41.970001,69375.0
2022-01-21,41.990002,41.990002,40.610001,41.0,26460.0
2022-01-24,40.509998,40.849998,40.049999,40.209999,7037.0
2022-01-25,40.299999,40.5,38.849998,38.849998,61739.0
2022-01-26,39.849998,39.900002,39.02,39.740002,4614.0
2022-01-27,39.299999,39.740002,39.0,39.0,24590.0
2022-01-28,39.669998,39.790001,39.0,39.48,121116.0
2022-01-31,39.299999,39.970001,39.299999,39.790001,3656.0
2022-02-01,39.790001,39.799999,39.400002,39.400002,1632.0
2022-02-02,39.400002,39.5,39.0,39.0,13691.0
2022-02-03,39.0,39.57,39.0,39.470001,14178.0
2022-02-04,39.200001,39.639999,39.200001,39.200001,5685.0
2022-02-07,39.59,41.549999,39.59,41.549999,167645.0
2022-02-08,42.5,42.5,40.349998,41.0,185171.0
2022-02-09,41.450001,43.450001,41.009998,43.450001,939924.0
2022-02-10,44.0,46.049999,44.0,46.049999,439972.0
2022-02-11,48.0,48.400002,46.099998,47.0,177070.0
2022-02-14,46.889999,46.889999,44.68,45.700001,95485.0
2022-02-15,45.490002,46.459999,44.299999,46.0,51183.0
2022-02-16,46.099998,48.200001,46.099998,47.0,117421.0
2022-02-17,47.009998,49.810001,47.0,49.810001,140104.0
2022-02-18,51.98,52.790001,51.5,52.790001,77266.0
2022-02-21,55.290001,55.950001,52.900002,55.950001,204524.0
2022-02-22,59.200001,59.299999,53.349998,59.299999,624375.0
2022-02-23,58.009998,62.849998,58.009998,62.849998,165414.0
2022-02-24,62.099998,65.0,59.080002,59.080002,397630.0
2022-02-25,58.0,62.0,58.0,59.880001,594223.0
2022-02-28,59.799999,59.880001,56.290001,56.290001,207312.0
2022-03-01,55.099998,55.700001,52.919998,52.919998,170382.0
2022-03-02,53.810001,55.400002,52.0,53.0,176893.0
2022-03-03,53.5,54.950001,50.0,50.950001,183728.0
2022-03-04,50.0,51.450001,47.900002,47.900002,116747.0
2022-03-07,45.299999,48.98,45.029999,46.009998,166714.0
2022-03-08,46.34,48.77,46.34,48.77,62903.0
2022-03-09,51.689999,51.689999,51.689999,51.689999,4030.0
2022-03-10,54.790001,54.790001,54.790001,54.790001,14724.0
2022-03-11,55.799999,58.07,54.799999,58.07,232118.0
2022-03-14,59.990002,61.549999,58.080002,61.549999,277455.0
2022-03-15,62.0,63.900002,60.009998,63.0,202155.0
2022-03-16,64.449997,64.449997,61.540001,63.150002,54447.0
2022-03-17,62.990002,62.990002,59.369999,59.619999,121043.0
2022-03-18,59.5,59.98,57.82,59.509998,69521.0
2022-03-21,57.93,62.099998,57.93,59.009998,79751.0
2022-03-22,58.900002,59.0,56.0,56.0,114400.0
2022-03-23,55.900002,56.299999,53.0,53.0,141845.0
2022-03-24,51.5,53.200001,50.0,52.060001,155192.0
2022-03-25,54.490002,55.18,52.540001,55.18,27417.0
2022-03-28,58.490002,58.490002,58.490002,58.490002,978.0
2022-03-29,61.990002,61.990002,61.990002,61.990002,20735.0
2022-03-30,61.98,65.699997,60.0,61.5,299133.0
2022-03-31,61.5,65.18,61.0,63.990002,325988.0
2022-04-01,64.5,64.800003,62.709999,63.25,44303.0
2022-04-04,62.759998,63.900002,59.459999,59.459999,75824.0
2022-04-05,60.900002,63.02,56.5,63.02,171423.0
2022-04-06,64.0,66.800003,63.200001,66.800003,215350.0
2022-04-07,70.800003,70.800003,68.010002,70.0,387390.0
2022-04-08,69.110001,71.0,69.0,69.949997,64043.0
2022-04-11,70.080002,74.139999,70.0,74.139999,263242.0
2022-04-12,76.300003,78.5,74.5,74.5,371518.0
2022-04-13,75.0,77.0,71.559998,73.0,223611.0
2022-04-14,72.25,74.989998,70.699997,74.0,144557.0
2022-04-15,75.0,75.5,73.5,74.230003,57870.0
2022-04-18,74.5,75.0,73.029999,74.199997,60989.0
2022-04-19,74.0,74.389999,72.0,72.0,39093.0
2022-04-20,71.0,71.959999,68.68,69.150002,127506.0
2022-04-21,70.5,71.75,69.0,71.089996,54119.0
2022-04-22,72.0,74.5,72.0,72.900002,178574.0
2022-04-25,71.300003,71.300003,68.529999,69.0,115226.0
2022-04-26,67.599998,69.650002,67.599998,68.790001,154062.0
2022-04-27,68.139999,72.910004,68.139999,72.910004,139565.0
2022-04-28,74.449997,76.949997,73.5,74.709999,341108.0
2022-04-29,75.0,76.300003,74.0,74.949997,94901.0
2022-05-04,74.5,76.980003,74.5,76.550003,52258.0
2022-05-05,76.800003,76.800003,75.610001,76.0,30956.0
2022-05-06,76.0,76.0,73.529999,74.0,28011.0
2022-05-09,74.0,74.0,72.629997,72.629997,11397.0
2022-05-10,72.639999,73.970001,69.57,70.400002,38698.0
2022-05-11,70.0,73.5,70.0,71.5,25491.0
2022-05-12,71.199997,72.0,69.260002,70.0,59430.0
2022-05-13,69.800003,71.190002,69.029999,71.150002,32366.0
2022-05-16,72.0,72.0,70.0,70.449997,18963.0
2022-05-17,70.32,70.32,68.5,68.5,44635.0
2022-05-18,68.550003,70.0,68.5,69.980003,6243.0
2022-05-19,70.900002,70.900002,69.0,70.400002,11922.0
2022-05-20,70.0,70.900002,67.699997,69.370003,43400.0
2022-05-23,68.5,69.489998,67.550003,68.099998,23154.0
2022-05-24,67.529999,68.75,65.599998,66.900002,49377.0
2022-05-25,67.900002,69.5,66.599998,69.5,21342.0
2022-05-26,71.290001,71.970001,67.599998,67.800003,49890.0
2022-05-27,69.0,70.0,67.519997,68.449997,18724.0
2022-05-30,69.220001,69.900002,67.800003,68.989998,6708.0
2022-05-31,68.970001,68.970001,67.800003,68.849998,1755.0
2022-06-01,69.949997,72.0,69.0,70.0,40696.0
2022-06-02,70.0,70.5,69.0,69.5,8729.0
2022-06-03,70.400002,70.400002,68.459999,70.0,2222.0
2022-06-06,71.0,71.0,69.029999,69.550003,1856.0
2022-06-07,68.120003,70.82,68.120003,69.099998,935.0
2022-06-08,70.199997,70.68,69.0,69.0,7141.0
2022-06-09,68.519997,69.800003,68.32,69.449997,2309.0
2022-06-10,69.0,69.389999,68.0,69.0,13740.0
2022-06-13,68.099998,68.5,67.0,67.959999,14905.0
2022-06-14,67.0,67.889999,63.889999,63.889999,19257.0
2022-06-15,62.110001,63.0,60.060001,61.0,165556.0
2022-06-16,61.799999,61.799999,60.0,60.0,28237.0
2022-06-17,60.48,61.0,60.0,60.0,50945.0
2022-06-20,61.889999,61.889999,60.5,61.0,27489.0
2022-06-21,62.450001,64.650002,61.400002,64.650002,58145.0
2022-06-22,63.0,64.0,60.779999,60.779999,93721.0
2022-06-23,60.599998,61.490002,58.200001,58.200001,46204.0
2022-06-24,59.98,61.200001,58.0,58.0,34793.0
2022-06-27,57.110001,58.639999,54.529999,54.529999,69259.0
2022-06-28,54.5,56.049999,53.799999,53.799999,21723.0
2022-06-29,53.400002,57.02,52.509998,57.02,87223.0
2022-06-30,58.189999,59.970001,57.099998,59.0,75671.0
2022-07-01,59.880001,59.880001,55.470001,55.470001,41690.0
2022-07-04,54.470001,55.880001,52.5,53.0,90171.0
2022-07-05,54.0,56.099998,52.5,53.0,67241.0
2022-07-06,54.0,54.5,52.599998,53.990002,47873.0
2022-07-07,54.700001,55.950001,53.400002,55.869999,7934.0
2022-07-08,55.849998,55.849998,53.75,54.099998,7935.0
2022-07-12,54.959999,55.400002,54.0,55.0,9758.0
2022-07-13,54.07,55.599998,54.0,55.5,28256.0
2022-07-14,56.0,58.189999,56.0,56.299999,29332.0
2022-07-15,57.490002,57.490002,55.23,55.23,13354.0
2022-07-18,56.0,57.0,55.900002,56.0,46480.0
2022-07-19,56.099998,57.599998,56.0,57.5,39143.0
2022-07-20,57.950001,59.0,54.060001,54.060001,59470.0
2022-07-21,55.099998,56.200001,54.349998,54.509998,9712.0
2022-07-22,55.0,55.639999,54.5,55.639999,1289.0
2022-07-25,55.639999,55.700001,54.5,54.5,7501.0
2022-07-26,55.799999,55.799999,53.119999,54.0,9246.0
2022-07-27,54.0,54.970001,53.5,54.0,1700.0
2022-07-28,54.099998,54.490002,52.450001,54.0,5299.0
2022-07-29,54.470001,54.490002,54.470001,54.470001,464.0
2022-08-01,54.5,56.099998,54.0,55.799999,2673.0
2022-08-02,56.049999,57.0,55.060001,55.060001,4909.0
2022-08-03,55.099998,56.290001,55.099998,56.16,192.0
2022-08-04,56.0,56.0,55.200001,55.200001,351.0
2022-08-05,55.5,56.0,55.0,55.799999,2135.0
2022-08-08,56.0,56.5,55.509998,55.509998,7959.0
2022-08-09,55.549999,56.0,55.549999,56.0,1733.0
2022-08-10,56.5,57.990002,55.849998,57.990002,13227.0
2022-08-11,58.02,60.0,57.099998,59.490002,56183.0
2022-08-12,60.0,62.150002,60.0,61.209999,20874.0
2022-08-15,61.75,62.639999,61.23,62.380001,7605.0
2022-08-16,62.0,62.299999,61.110001,62.09,7519.0
2022-08-17,61.799999,62.0,61.32,61.889999,10127.0
2022-08-18,62.490002,65.0,62.0,63.790001,44976.0
2022-08-19,64.010002,65.300003,64.0,64.800003,51803.0
2022-08-22,64.589996,64.989998,62.080002,62.84,34935.0
2022-08-23,62.23,63.400002,62.220001,63.0,17049.0
2022-08-24,63.200001,64.440002,62.619999,63.799999,3969.0
2022-08-25,62.200001,64.440002,62.200001,64.0,9849.0
2022-08-26,64.199997,65.0,63.5,65.0,15275.0
2022-08-29,64.220001,65.5,64.220001,65.0,14586.0
2022-08-30,65.0,65.0,63.299999,63.299999,18589.0
2022-08-31,62.5,64.0,62.5,63.799999,7315.0
2022-09-01,63.799999,66.75,62.52,64.830002,55200.0
2022-09-02,65.0,66.480003,64.510002,66.0,45764.0
2022-09-05,66.75,67.879997,66.75,67.550003,26823.0
2022-09-06,67.099998,67.989998,65.300003,66.790001,14965.0
2022-09-07,67.0,67.0,65.110001,66.5,8795.0
2022-09-08,66.68,68.0,66.0,67.839996,48328.0
2022-09-09,67.099998,68.489998,67.0,68.0,34691.0
2022-09-12,68.489998,68.489998,67.400002,67.75,10820.0
2022-09-13,67.690002,67.75,66.699997,66.699997,6138.0
2022-09-14,66.309998,67.300003,65.599998,66.940002,608302.0
2022-09-15,66.5,66.900002,65.510002,66.5,3851.0
2022-09-16,66.5,66.860001,66.0,66.209999,11943.0
2022-09-19,66.800003,67.0,64.599998,65.019997,32712.0
2022-09-20,65.019997,65.940002,64.599998,65.769997,1247.0
2022-09-21,65.019997,65.019997,62.099998,63.400002,44741.0
2022-09-22,64.150002,64.5,63.040001,63.310001,13781.0
2022-09-23,64.400002,64.400002,62.0,62.0,23504.0
2022-09-26,61.0,62.5,60.0,62.299999,33853.0
2022-09-27,62.0,62.990002,60.299999,60.299999,15088.0
2022-09-28,59.0,63.790001,59.0,63.790001,59869.0
2022-09-29,65.0,67.5,63.0,63.0,69473.0
2022-09-30,63.0,64.949997,61.950001,63.990002,19405.0
2022-10-03,66.0,67.82,64.199997,67.07,172656.0
2022-10-04,66.5,67.400002,65.110001,66.849998,6801.0
2022-10-05,66.0,66.980003,65.139999,65.989998,5396.0
2022-10-06,65.980003,66.0,64.989998,64.989998,13338.0
2022-10-07,64.900002,65.75,64.0,64.949997,16381.0
2022-10-11,64.889999,64.889999,62.099998,63.689999,23458.0
2022-10-12,63.450001,63.970001,62.5,63.0,7899.0
2022-10-13,62.349998,62.450001,60.5,60.5,35167.0
2022-10-14,61.0,62.5,60.02,60.02,30218.0
2022-10-17,60.0,61.0,59.0,59.0,18039.0
2022-10-18,59.0,60.799999,58.310001,59.880001,6746.0
2022-10-19,59.099998,60.0,58.5,59.0,6875.0
2022-10-20,59.990002,59.990002,55.470001,55.470001,18638.0
2022-10-21,53.130001,56.5,53.119999,54.5,26029.0
2022-10-24,54.0,55.5,54.0,54.299999,12017.0
2022-10-25,54.049999,57.549999,54.049999,57.0,12840.0
2022-10-26,58.049999,59.5,57.0,58.0,17319.0
2022-10-27,59.5,59.77,59.0,59.700001,5252.0
2022-10-28,60.0,60.189999,57.330002,57.330002,11232.0
2022-10-31,57.330002,58.169998,56.540001,57.5,4316.0
2022-11-01,57.990002,57.990002,55.099998,57.799999,8089.0
2022-11-02,56.0,57.790001,56.0,57.490002,10110.0
2022-11-03,56.509998,57.950001,55.700001,57.900002,17874.0
2022-11-04,57.009998,57.900002,56.099998,57.0,1016.0
2022-11-07,57.0,57.0,56.0,56.5,1241.0
2022-11-08,56.5,56.5,55.0,55.0,4893.0
2022-11-09,55.98,55.98,54.02,55.0,3618.0
2022-11-10,55.5,55.5,53.619999,54.990002,9691.0
2022-11-11,54.990002,54.990002,52.5,54.0,44953.0
2022-11-14,54.049999,56.0,54.0,55.400002,7140.0
2022-11-15,55.689999,55.990002,54.029999,55.400002,4995.0
2022-11-16,55.549999,55.889999,54.200001,54.200001,13711.0
2022-11-17,55.0,55.59,54.209999,55.0,14988.0
2022-11-21,55.580002,55.98,54.200001,55.0,6178.0
2022-11-22,55.900002,57.5,55.310001,56.5,9678.0
2022-11-23,55.099998,58.0,55.099998,57.900002,7328.0
2022-11-24,58.0,58.0,57.0,58.0,4748.0
2022-11-25,58.0,58.0,56.5,57.0,13371.0
2022-11-28,58.0,58.0,57.0,57.0,2177.0
2022-11-29,57.5,58.990002,57.0,57.0,43302.0
2022-11-30,57.0,58.599998,56.650002,57.0,5803.0
2022-12-01,56.970001,57.900002,55.799999,57.299999,2858.0
2022-12-02,57.900002,57.900002,56.900002,57.5,5593.0
2022-12-05,57.5,57.5,55.560001,56.0,4756.0
2022-12-06,55.549999,57.5,55.549999,56.0,60146.0
2022-12-07,56.0,57.0,55.299999,57.0,16017.0
2022-12-08,57.490002,57.560001,55.400002,57.439999,23687.0
2022-12-09,57.0,57.0,56.990002,56.990002,1132.0
2022-12-12,56.98,56.990002,55.68,55.68,10346.0
2022-12-13,56.5,56.5,55.009998,56.0,5861.0
2022-12-14,56.0,56.0,55.029999,56.0,32569.0
2022-12-15,55.099998,56.0,54.200001,55.669998,37023.0
2022-12-16,55.790001,55.790001,52.330002,52.330002,34577.0
2022-12-19,52.400002,53.5,52.330002,52.91,10508.0
2022-12-20,53.490002,54.5,52.049999,52.5,8505.0
2022-12-21,52.400002,53.5,52.400002,53.0,3643.0
2022-12-22,53.98,53.98,52.52,53.73,873.0
2022-12-23,52.560001,54.490002,52.560001,54.0,583.0
2022-12-26,53.5,54.0,53.5,54.0,497.0
2022-12-27,52.689999,54.93,52.099998,52.509998,10887.0
2022-12-28,52.009998,53.0,52.0,52.0,14299.0
2022-12-29,52.0,53.5,51.869999,52.5,2027.0
2022-12-30,53.490002,53.490002,52.0,52.0,4824.0
2023-01-02,53.470001,53.470001,50.369999,50.369999,11313.0
2023-01-03,50.0,50.0,47.349998,48.98,60993.0
2023-01-04,48.5,49.959999,47.0,47.0,18826.0
2023-01-05,46.02,46.02,44.189999,44.189999,60808.0
2023-01-06,44.189999,45.389999,43.599998,45.0,10008.0
2023-01-09,45.0,45.240002,43.110001,44.0,5707.0
2023-01-10,43.900002,43.900002,41.610001,42.98,28285.0
2023-01-12,43.200001,45.5,42.299999,45.5,16156.0
2023-01-13,46.599998,48.220001,45.549999,48.220001,92248.0
2023-01-16,50.0,51.110001,48.52,51.099998,41370.0
2023-01-17,52.0,52.0,49.150002,50.0,32709.0
2023-01-18,49.849998,51.0,48.91,49.099998,6620.0
2023-01-19,50.389999,50.389999,49.029999,49.950001,4826.0
2023-01-20,50.18,50.18,48.099998,48.900002,9565.0
2023-01-23,48.110001,48.990002,46.009998,48.0,31344.0
2023-01-24,48.0,48.990002,46.650002,47.209999,687.0
2023-01-25,46.0,49.990002,46.0,49.799999,12437.0
2023-01-26,50.209999,51.790001,50.209999,51.0,14139.0
2023-01-27,50.110001,52.0,49.599998,51.48,4153.0
2023-01-30,50.0,52.0,50.0,51.830002,2540.0
2023-01-31,51.84,54.0,51.84,52.200001,57360.0
2023-02-01,52.0,53.5,51.009998,52.0,5697.0
2023-02-02,51.599998,52.889999,51.5,51.5,5728.0
2023-02-03,52.549999,52.549999,51.5,51.5,1357.0
2023-02-06,51.200001,53.0,51.200001,52.939999,9702.0
2023-02-07,52.099998,52.900002,51.900002,52.799999,3523.0
2023-02-08,52.900002,52.900002,51.509998,52.0,1162.0
2023-02-09,51.509998,53.0,51.509998,52.990002,8104.0
2023-02-10,53.0,54.5,53.0,54.419998,30337.0
2023-02-13,54.5,55.900002,54.0,54.0,17183.0
2023-02-14,53.549999,54.880001,53.029999,53.040001,5741.0
2023-02-15,53.060001,54.0,51.5,52.799999,17006.0
2023-02-16,53.599998,54.799999,52.0,54.490002,6899.0
2023-02-17,54.990002,55.0,53.5,54.869999,6578.0
2023-02-20,54.970001,55.849998,53.0,54.0,12612.0
2023-02-21,54.5,54.5,52.610001,53.0,4510.0
2023-02-22,52.0,53.0,50.599998,52.0,44484.0
2023-02-23,51.0,52.0,50.650002,51.990002,1397.0
2023-02-24,51.0,52.990002,50.099998,52.779999,12039.0
2023-02-27,52.779999,53.0,51.0,53.0,7459.0
2023-02-28,53.5,56.0,51.91,56.0,54130.0
2023-03-01,56.5,56.5,55.0,55.0,14108.0
2023-03-02,55.299999,55.700001,53.599998,54.700001,5844.0
2023-03-03,55.400002,55.400002,52.099998,52.650002,20530.0
2023-03-06,54.599998,54.599998,52.099998,53.0,10262.0
2023-03-07,54.0,55.0,53.889999,54.990002,12651.0
2023-03-08,54.799999,55.0,53.099998,54.799999,46971.0
2023-03-09,55.0,55.0,54.0,54.0,24200.0
2023-03-10,54.0,55.0,53.0,53.0,9190.0
2023-03-13,52.799999,53.799999,51.5,52.099998,8781.0
2023-03-14,51.150002,53.0,51.049999,53.0,10374.0
2023-03-15,53.200001,53.52,52.0,52.0,18637.0
2023-03-16,52.0,52.900002,52.0,52.0,1528.0
2023-03-17,52.5,53.0,51.0,51.0,25733.0
2023-03-20,50.509998,51.5,50.5,51.5,4299.0
2023-03-21,49.5,50.98,49.5,50.099998,14795.0
2023-03-22,51.52,52.5,50.099998,52.48,4518.0
2023-03-23,52.5,53.950001,52.5,53.950001,12928.0
2023-03-24,53.950001,55.0,53.610001,55.0,15708.0
2023-03-27,54.0,55.0,54.0,54.82,9216.0
2023-03-28,54.82,55.900002,54.82,55.599998,5263.0
2023-03-29,55.900002,57.900002,55.049999,57.48,49955.0
2023-03-30,58.029999,60.919998,58.029999,60.919998,69445.0
2023-03-31,62.0,63.400002,61.900002,62.119999,67703.0
2023-04-03,61.200001,62.0,60.0,60.400002,35461.0
2023-04-04,60.5,61.48,60.099998,61.400002,23888.0
2023-04-05,61.0,61.48,60.52,61.0,3504.0
2023-04-06,60.700001,62.5,60.700001,61.369999,16185.0
2023-04-07,62.299999,62.299999,60.419998,61.299999,22370.0
2023-04-10,60.549999,62.0,60.040001,61.0,12853.0
2023-04-11,61.0,61.299999,59.200001,60.0,21275.0
2023-04-12,60.0,60.0,58.5,59.5,6878.0
2023-04-13,58.5,60.0,58.200001,60.0,17576.0
2023-04-14,60.360001,60.799999,59.200001,59.259998,4240.0
2023-04-17,60.939999,60.939999,59.200001,59.25,1460.0
2023-04-18,59.099998,60.169998,59.0,59.0,668.0
2023-04-19,59.5,60.5,59.049999,59.950001,13465.0
2023-04-20,59.900002,60.490002,59.049999,60.400002,4213.0
2023-04-21,60.0,60.0,59.02,59.5,699.0
2023-04-25,60.360001,60.360001,58.549999,59.970001,1670.0
2023-04-26,60.349998,60.360001,58.0,59.5,25474.0
2023-04-27,59.099998,61.98,59.099998,61.5,45006.0
2023-04-28,62.0,65.0,61.599998,64.5,67926.0
2023-05-02,65.5,65.5,63.009998,64.0,5689.0
2023-05-03,63.900002,63.900002,62.0,62.209999,9981.0
2023-05-04,61.310001,64.0,61.310001,63.869999,71591.0
2023-05-05,64.0,64.779999,63.299999,63.990002,17800.0
2023-05-08,63.509998,64.0,62.099998,63.5,5435.0
2023-05-09,63.5,64.0,62.450001,62.66,20006.0
2023-05-10,63.0,64.5,63.0,64.339996,24329.0
2023-05-11,64.389999,64.940002,64.0,64.489998,19196.0
2023-05-12,64.0,65.400002,64.0,64.900002,27602.0
2023-05-15,65.400002,67.800003,65.349998,66.0,32109.0
2023-05-16,65.989998,67.0,64.300003,67.0,25367.0
2023-05-17,67.0,67.0,65.0,65.699997,11727.0
2023-05-18,65.5,66.900002,64.25,64.510002,7837.0
2023-05-19,65.949997,65.949997,64.550003,65.010002,9203.0
2023-05-22,65.989998,65.989998,64.599998,64.599998,4532.0
2023-05-23,64.559998,65.650002,64.0,65.199997,14062.0
2023-05-24,64.150002,65.790001,64.150002,64.5,9744.0
2023-05-25,65.699997,65.699997,63.599998,63.599998,9334.0
2023-05-26,65.0,65.989998,63.200001,65.5,9728.0
2023-05-29,66.0,67.900002,66.0,67.0,18527.0
2023-05-30,66.980003,66.980003,65.709999,66.599998,19292.0
2023-05-31,67.989998,70.589996,67.5,69.800003,229840.0
2023-06-01,69.599998,71.900002,69.010002,69.5,49586.0
2023-06-02,69.029999,70.5,67.25,69.970001,29181.0
2023-06-05,71.0,72.879997,70.349998,72.199997,40596.0
2023-06-06,72.300003,72.879997,71.059998,71.059998,69021.0
2023-06-07,71.980003,71.980003,69.5,69.5,55032.0
2023-06-08,69.900002,69.900002,67.699997,67.699997,33094.0
2023-06-09,68.550003,69.300003,68.5,68.5,12777.0
2023-06-12,69.489998,70.800003,69.010002,70.0,29459.0
2023-06-13,70.989998,73.0,70.989998,73.0,127089.0
2023-06-14,73.0,73.900002,72.510002,73.900002,143965.0
2023-06-15,74.25,78.0,74.25,78.0,353459.0
2023-06-16,79.0,79.879997,74.0,75.449997,155482.0
2023-06-19,74.0,76.0,72.800003,75.199997,40646.0
2023-06-20,76.400002,79.709999,76.300003,79.709999,116704.0
2023-06-21,82.599998,82.599998,79.980003,79.980003,95119.0
2023-06-22,80.0,80.5,78.199997,79.269997,25281.0
2023-06-23,80.0,81.0,78.910004,80.300003,41305.0
2023-06-26,81.0,81.0,79.5,79.5,47704.0
2023-06-27,79.709999,82.0,78.199997,80.800003,51597.0
2023-06-28,80.849998,82.790001,80.849998,81.199997,49087.0
2023-07-03,81.050003,82.5,81.0,81.309998,3339.0
2023-07-04,81.309998,86.18,81.199997,86.0,112953.0
2023-07-05,87.400002,88.800003,86.150002,87.5,127728.0
2023-07-06,87.989998,89.5,86.650002,88.0,64677.0
2023-07-07,88.0,89.0,87.599998,88.599998,19212.0
2023-07-10,88.989998,88.989998,87.0,87.0,10223.0
2023-07-11,86.0,86.5,84.5,86.0,32671.0
2023-07-12,85.5,85.5,84.0,84.0,28971.0
2023-07-13,83.0,87.989998,82.550003,86.0,80643.0
2023-07-14,87.300003,87.300003,83.0,84.25,33176.0
2023-07-17,84.120003,86.120003,84.0,84.900002,9656.0
2023-07-18,86.0,87.489998,86.0,87.400002,56713.0
2023-07-20,87.400002,87.400002,85.400002,85.599998,13115.0
2023-07-21,85.5,86.010002,85.0,86.0,5775.0
2023-07-24,86.0,86.0,83.209999,84.0,24063.0
2023-07-25,83.849998,84.0,82.0,82.0,89234.0
2023-07-26,82.0,83.0,80.809998,82.010002,50281.0
2023-07-27,82.150002,84.300003,82.150002,84.0,51745.0
2023-07-28,84.449997,86.0,83.400002,85.980003,178134.0
2023-07-31,86.400002,88.0,86.0,88.0,54324.0
2023-08-01,88.0,89.0,86.599998,87.0,24675.0
2023-08-02,86.889999,89.0,86.599998,87.080002,63726.0
2023-08-03,87.5,87.5,85.0,85.699997,18242.0
2023-08-04,85.150002,86.949997,85.0,85.75,26132.0
2023-08-07,86.0,86.0,85.0,85.800003,8843.0
2023-08-08,85.120003,85.900002,84.5,84.599998,6893.0
2023-08-09,85.599998,85.599998,84.5,84.5,2572.0
2023-08-10,84.300003,87.5,83.699997,86.900002,29054.0
2023-08-11,86.0,87.489998,85.0,86.0,12117.0
2023-08-15,86.0,86.0,85.0,86.0,20158.0
2023-08-16,85.040001,85.989998,85.010002,85.5,3025.0
2023-08-17,86.849998,88.0,85.629997,86.5,4255.0
2023-08-18,86.0,86.0,84.800003,85.0,15546.0
2023-08-22,86.790001,87.300003,85.32,86.480003,35496.0
2023-08-23,86.599998,88.0,86.0,86.989998,78518.0
2023-08-24,86.0,87.0,85.800003,86.489998,2442.0
2023-08-25,85.900002,86.489998,85.760002,86.449997,7913.0
2023-08-28,85.849998,87.0,85.849998,87.0,5516.0
2023-08-29,87.300003,87.300003,85.599998,86.900002,22531.0
2023-08-30,92.0,92.110001,92.0,92.110001,171299.0
2023-08-31,92.099998,97.629997,88.099998,96.0,326575.0
2023-09-01,95.989998,97.599998,93.410004,95.0,192369.0
2023-09-04,95.0,100.0,94.0,98.5,166250.0
2023-09-05,99.0,99.980003,97.029999,98.599998,112129.0
2023-09-06,98.0,99.0,97.010002,97.800003,46639.0
2023-09-07,97.0,97.5,95.0,95.889999,40107.0
2023-09-08,96.0,98.0,96.0,97.5,61061.0
2023-09-11,94.199997,97.0,92.099998,93.010002,87633.0
2023-09-12,93.050003,95.0,93.050003,94.0,38598.0
2023-09-13,94.150002,96.599998,94.150002,96.0,10507.0
2023-09-14,97.0,101.75,96.199997,101.75,159430.0
2023-09-15,102.0,103.5,99.0,100.0,63178.0
2023-09-18,101.0,105.8,99.800003,105.6,105484.0
2023-09-19,106.9,109.2,105.05,109.05,121348.0
2023-09-20,109.5,115.55,109.5,115.55,175454.0
2023-09-21,117.0,118.0,108.65,108.65,186901.0
2023-09-22,108.6,114.5,107.0,114.0,71706.0
2023-09-25,114.1,118.95,114.1,117.5,102139.0
2023-09-26,117.5,117.9,112.95,112.95,98799.0
2023-09-27,115.0,119.25,112.0,114.9,177774.0
2023-10-02,109.5,113.5,108.6,110.0,102038.0
2023-10-03,111.85,113.3,103.45,107.0,122920.0
2023-10-04,106.0,109.5,101.75,104.0,105537.0
2023-10-05,110.2,110.2,110.2,110.2,19803.0
2023-10-06,114.0,114.0,107.8,110.7,69475.0
2023-10-09,109.2,110.0,107.0,107.0,31874.0
2023-10-10,109.0,112.0,107.05,108.5,35013.0
2023-10-11,110.0,111.0,107.05,109.6,24557.0
2023-10-12,109.05,113.0,108.6,110.5,11253.0
2023-10-13,109.1,110.4,107.3,107.65,18651.0
2023-10-16,108.0,108.0,106.0,107.0,8254.0
2023-10-17,104.05,106.95,101.0,104.0,23760.0
2023-10-18,114.35,114.35,114.35,114.35,2810.0
2023-10-19,123.0,123.0,116.05,118.0,197484.0
2023-10-20,118.1,118.1,114.1,114.3,57355.0
2023-10-23,114.5,114.5,109.1,110.25,39480.0
2023-10-24,110.0,114.0,110.0,111.7,82510.0
2023-10-25,111.15,113.0,111.0,112.0,3920.0
2023-10-26,112.2,112.2,108.15,109.0,11936.0
2023-10-27,108.0,111.95,105.0,108.0,42809.0
2023-10-30,108.2,111.0,107.75,109.5,39129.0
2023-10-31,110.95,110.95,109.5,109.85,8140.0
2023-11-01,110.0,110.95,109.0,109.0,4181.0
2023-11-02,110.7,110.7,106.5,107.1,30374.0
2023-11-03,109.0,109.0,106.6,107.35,9144.0
2023-11-07,107.0,109.0,107.0,108.5,3685.0
2023-11-08,107.5,108.95,107.0,107.9,12275.0
2023-11-09,107.6,108.15,107.0,108.15,19076.0
2023-11-10,108.0,108.95,107.2,108.95,30668.0
2023-11-13,108.1,112.9,108.1,111.0,47464.0
2023-11-14,112.5,113.0,111.7,112.0,29687.0
2023-11-15,112.5,113.0,110.0,111.6,36451.0
2023-11-16,110.2,112.0,110.2,111.0,20002.0
2023-11-17,111.0,112.0,110.2,110.5,17965.0
2023-11-20,110.05,113.0,110.05,113.0,35183.0
2023-11-21,114.8,114.8,112.0,112.0,46120.0
2023-11-22,111.5,112.0,109.1,109.1,15519.0
2023-11-23,109.5,110.0,107.5,109.0,17008.0
2023-11-24,108.4,110.0,108.4,109.9,2876.0
2023-11-27,108.55,109.9,108.3,109.8,3499.0
2023-11-28,108.4,109.8,107.7,108.05,6081.0
2023-11-29,108.0,108.4,107.2,107.5,5974.0
2023-11-30,108.5,109.8,107.2,109.55,6978.0
2023-12-01,107.85,109.0,100.3,104.95,70819.0
2023-12-04,106.5,109.0,105.5,105.5,13737.0
2023-12-05,107.0,108.5,105.2,108.5,4430.0
2023-12-06,106.15,108.9,106.1,106.5,6555.0
2023-12-07,108.0,108.5,106.9,106.9,1483.0
2023-12-08,106.6,108.7,106.6,108.7,7687.0
2023-12-11,107.0,108.3,106.8,107.3,419343.0
2023-12-12,107.3,108.0,107.3,107.6,43026.0
2023-12-13,107.3,109.0,107.3,108.0,73132.0
2023-12-14,109.0,114.5,108.25,112.95,56732.0
2023-12-15,112.0,115.0,112.0,114.4,92815.0
2023-12-18,114.9,115.0,113.5,114.4,17809.0
2023-12-19,115.95,117.5,115.15,117.0,108548.0
2023-12-20,117.8,117.9,115.95,116.0,22664.0
2023-12-21,115.5,116.8,114.6,114.9,10124.0
2023-12-22,114.9,116.65,113.1,115.0,38560.0
2023-12-25,115.45,115.45,113.6,113.8,23390.0
2023-12-26,113.9,113.95,112.0,113.6,24164.0
2023-12-27,112.5,114.5,111.8,113.9,9717.0
2023-12-28,112.95,115.0,112.9,115.0,46400.0
2023-12-29,115.8,115.8,114.4,115.5,15955.0
2024-01-02,115.75,124.0,115.75,123.5,154715.0
2024-01-03,126.1,130.85001,126.1,130.0,238964.0
2024-01-04,133.0,140.0,130.14999,139.25,258014.0
2024-01-05,139.89999,145.0,136.55,141.0,356418.0
2024-01-08,144.5,148.95,143.0,143.64999,111007.0
2024-01-09,145.0,145.05,140.10001,142.0,67801.0
2024-01-10,141.14999,142.95,141.0,141.0,88066.0
2024-01-12,140.0,141.0,137.0,137.0,67414.0
2024-01-15,139.5,139.5,135.2,135.25,23039.0
2024-01-16,137.0,139.7,136.60001,139.5,25297.0
2024-01-17,141.5,148.0,140.5,147.0,197130.0
2024-01-18,154.0,157.89999,152.0,155.0,123738.0
2024-01-19,157.0,157.0,152.3,152.89999,37221.0
2024-01-22,152.0,155.45,152.0,152.10001,37388.0
2024-01-23,152.8,158.45,150.5,156.0,113234.0
2024-01-24,157.3,160.0,155.60001,156.0,85341.0
2024-01-25,155.89999,156.25,154.0,155.0,55838.0
2024-01-26,155.0,155.89999,153.0,153.0,41816.0
2024-01-29,153.10001,155.89999,150.5,150.60001,48924.0
2024-01-30,151.0,155.0,150.60001,154.5,36427.0
2024-01-31,154.2,162.85001,154.2,160.25,107091.0
2024-02-01,161.10001,162.0,155.60001,156.0,85390.0
2024-02-02,156.0,156.5,152.05,153.8,34442.0
2024-02-05,154.89999,155.35001,151.10001,151.10001,23913.0
2024-02-06,152.0,155.5,151.5,154.0,21942.0
2024-02-07,156.0,157.0,155.0,156.5,11340.0
2024-02-08,156.0,161.45,156.0,158.0,36414.0
2024-02-09,158.0,159.89999,156.64999,157.0,12232.0
2024-02-12,158.0,158.0,156.0,156.0,18361.0
2024-02-13,156.0,156.0,154.10001,155.0,19641.0
2024-02-14,156.0,156.0,154.0,155.0,9253.0
2024-02-15,154.89999,154.89999,152.10001,154.85001,13357.0
2024-02-16,155.0,161.35001,152.60001,160.0,97519.0
2024-02-19,160.0,161.95,158.95,160.0,66649.0
2024-02-20,158.10001,158.10001,154.0,157.0,32760.0
2024-02-21,156.2,157.95,155.10001,157.95,20676.0
2024-02-22,157.95,159.89999,156.60001,158.0,21336.0
2024-02-23,159.89999,164.0,159.5,163.5,99057.0
2024-02-26,166.85001,167.0,165.0,166.7,37961.0
2024-02-27,166.89999,173.5,166.2,172.89999,125147.0
2024-02-28,172.75,172.75,167.89999,170.0,33533.0
2024-02-29,170.0,174.0,169.0,170.39999,29981.0
2024-03-01,170.45,170.45,168.0,169.64999,20578.0
2024-03-04,168.8,172.95,167.0,172.0,29887.0
2024-03-05,172.89999,177.5,172.45,177.5,49865.0
2024-03-06,180.0,180.0,175.0,178.0,37082.0
2024-03-07,178.0,178.0,175.0,175.05,8747.0
2024-03-08,178.0,178.0,175.14999,176.0,19138.0
2024-03-11,177.5,177.5,173.0,176.95,32822.0
2024-03-12,176.7,176.7,175.0,176.3,1982.0
2024-03-13,176.7,176.7,175.05,176.45,3106.0
2024-03-14,176.0,178.5,175.5,178.5,69129.0
2024-03-15,180.0,185.0,179.0,184.0,86964.0
2024-03-18,185.3,191.0,185.3,189.0,76327.0
2024-03-19,189.25,193.5,189.25,191.0,65065.0
2024-03-20,192.0,192.0,185.0,185.0,62062.0
2024-03-21,187.0,192.0,186.0,189.0,28247.0
2024-03-22,189.0,191.0,189.0,191.0,33720.0
2024-03-25,191.2,192.0,188.10001,191.0,45256.0
2024-03-26,190.2,193.0,188.55,190.0,40671.0
2024-03-27,191.89999,191.89999,187.14999,190.0,17769.0
2024-03-28,190.0,198.8,189.10001,196.0,57500.0
2024-03-29,197.7,203.5,197.5,202.0,127777.0
2024-04-01,220.0,222.14999,219.0,222.10001,246873.0
2024-04-02,227.0,234.95,222.60001,234.95,73928.0
2024-04-03,237.95,249.89999,237.10001,238.0,129672.0
2024-04-04,239.89999,239.89999,227.3,231.0,111224.0
2024-04-05,229.8,239.75,223.0,238.0,108077.0
2024-04-08,242.05,261.75,242.05,261.75,201181.0
2024-04-09,275.10001,279.5,259.0,270.0,302289.0
2024-04-15,265.20001,284.89999,262.35001,280.0,214377.0
2024-04-16,280.0,284.0,254.25,261.85001,364940.0
2024-04-17,260.0,260.0,235.7,245.0,329665.0
2024-04-18,241.0,260.0,241.0,251.8,178391.0
2024-04-19,250.0,252.0,240.0,240.0,124024.0
2024-04-22,243.5,243.5,216.05,216.05,304964.0
2024-04-23,216.0,236.0,213.0,236.0,185479.0
2024-04-24,245.0,249.0,233.0,233.0,90990.0
2024-04-25,233.14999,238.0,228.0,235.0,66398.0
2024-04-26,235.0,238.0,227.35001,237.0,133244.0
2024-04-29,239.0,243.55,235.35001,235.35001,24538.0
2024-04-30,237.64999,237.64999,231.0,233.10001,42277.0
2024-05-02,235.0,239.0,234.14999,236.10001,21653.0
2024-05-03,237.0,237.0,226.05,229.39999,33551.0
2024-05-06,225.5,227.95,215.0,224.95,84735.0
2024-05-07,225.0,232.0,224.0,226.8,32290.0
2024-05-08,228.95,233.45,226.0,229.5,20275.0
2024-05-09,226.8,240.0,226.8,238.5,81435.0
2024-05-10,242.0,251.0,241.14999,249.0,92828.0
2024-05-13,248.2,254.8,241.10001,252.0,42128.0
2024-05-14,255.0,259.0,252.0,252.0,49479.0
2024-05-15,262.04999,265.0,255.14999,255.14999,108014.0
2024-05-16,256.89999,256.89999,247.05,247.05,38471.0
2024-05-17,249.95,250.0,243.0,250.0,23978.0
2024-05-20,250.0,252.0,245.5,247.10001,3740.0
2024-05-21,249.95,249.95,241.2,245.89999,16798.0
2024-05-22,244.10001,245.0,230.0,242.0,39074.0
2024-05-23,243.0,245.0,235.05,240.0,30396.0
2024-05-24,240.5,241.0,237.0,240.5,27203.0
2024-05-27,240.05,252.89999,240.05,250.0,44595.0
2024-05-28,254.0,259.0,251.60001,255.7,47750.0
2024-05-29,258.75,259.85001,250.0,250.0,18842.0
2024-05-30,250.0,253.0,248.0,249.95,18505.0
2024-05-31,250.0,250.0,244.0,245.0,38712.0
2024-06-03,255.0,256.0,246.10001,246.10001,60921.0
2024-06-04,248.0,254.0,248.0,251.0,31296.0
2024-06-05,250.05,252.5,239.5,239.5,38078.0
2024-06-06,240.0,246.0,236.2,244.0,24475.0
2024-06-07,246.89999,246.89999,240.0,240.0,13071.0
2024-06-10,239.60001,245.0,236.2,245.0,24813.0
2024-06-11,245.0,248.39999,241.14999,243.0,1565.0
2024-06-12,244.75,247.7,240.0,245.0,14543.0
2024-06-13,245.0,247.0,243.7,247.0,17555.0
2024-06-14,248.45,252.0,247.0,250.0,27313.0
2024-06-19,250.05,253.8,250.05,252.0,15990.0
2024-06-20,251.0,253.89999,250.14999,252.89999,5481.0
2024-06-21,251.0,252.95,247.0,248.0,4030.0
2024-06-24,247.10001,250.0,243.2,244.55,17828.0
2024-06-25,247.0,252.0,241.10001,250.0,35373.0
2024-06-26,250.85001,251.5,246.0,249.85001,6125.0
2024-06-27,246.55,249.0,246.0,247.0,6404.0
2024-06-28,247.0,248.45,245.0,246.0,15158.0
2024-07-01,246.25,248.0,242.2,244.89999,3340.0
2024-07-02,246.0,246.0,240.0,240.0,12143.0
2024-07-03,237.0,239.0,231.0,236.0,24731.0
2024-07-04,237.5,240.0,237.0,240.0,5878.0
2024-07-05,243.89999,249.5,243.89999,245.0,13990.0
2024-07-08,247.0,247.10001,240.0,244.8,11227.0
2024-07-09,244.75,244.75,241.35001,242.2,4193.0
2024-07-10,244.0,247.89999,242.5,244.95,10609.0
2024-07-11,241.0,244.5,240.0,240.3,14214.0
2024-07-12,240.05,242.0,235.0,239.0,43717.0
2024-07-15,242.0,242.0,235.0,240.0,23470.0
2024-07-16,242.0,242.89999,238.5,240.0,23735.0
2024-07-17,240.0,249.89999,240.0,246.7,22602.0
2024-07-18,247.0,250.0,245.0,250.0,37365.0
2024-07-19,252.0,255.0,248.0,251.0,47716.0
2024-07-22,254.0,259.70001,250.5,259.0,37610.0
2024-07-23,260.0,264.0,259.0,259.0,42501.0
2024-07-24,259.0,262.0,255.0,255.0,51110.0
2024-07-25,257.89999,257.89999,250.0,253.89999,54148.0
2024-07-26,254.89999,259.0,254.89999,258.0,38589.0
2024-07-29,258.89999,267.0,258.0,263.0,51254.0
2024-07-31,271.0,273.5,263.0,263.0,53603.0
2024-08-01,265.0,265.0,258.0,259.5,18825.0
2024-08-02,260.0,260.0,255.0,259.75,13033.0
2024-08-05,250.0,250.5,239.0,239.0,102250.0
2024-08-06,248.0,255.0,243.0,248.0,25077.0
2024-08-07,250.0,252.0,247.89999,249.0,14949.0
2024-08-08,248.60001,248.8,245.0,246.7,11017.0
2024-08-09,246.0,248.95,244.0,248.39999,5032.0
2024-08-12,245.60001,251.89999,245.60001,250.0,26407.0
2024-08-13,252.0,252.0,245.10001,245.10001,25019.0
2024-08-15,247.0,249.5,245.10001,249.45,5776.0
2024-08-16,249.89999,250.0,247.60001,248.5,13512.0
2024-08-19,249.95,252.0,248.39999,250.0,24303.0
2024-08-22,251.75,253.5,251.0,253.0,23683.0
2024-08-23,251.3,252.85001,249.0,250.0,28395.0
2024-08-26,250.0,254.0,248.10001,250.10001,3686.0
2024-08-27,252.39999,252.39999,249.14999,250.0,28158.0
2024-08-28,249.2,255.8,249.14999,253.0,26927.0
2024-08-29,253.0,269.5,253.0,266.89999,126728.0
2024-08-30,267.0,273.39999,261.0,266.5,111662.0
2024-09-02,293.10001,293.10001,293.10001,293.10001,71024.0
2024-09-03,294.0,299.75,281.3,283.0,193679.0
2024-09-04,280.0,283.75,277.4,280.0,46553.0
2024-09-05,282.70001,289.79999,281.14999,287.0,122229.0
2024-09-06,290.5,293.5,290.0,290.0,66932.0
2024-09-09,293.0,312.0,293.0,310.0,156449.0
2024-09-10,315.0,317.0,303.0,305.0,114232.0
2024-09-11,300.0,308.0,297.0,302.0,72204.0
2024-09-12,303.1,309.0,303.0,303.0,44817.0
2024-09-13,303.3,303.5,300.1,302.5,34929.0
2024-09-18,302.55,314.0,302.55,311.15,55188.0
2024-09-19,316.0,326.0,316.0,317.0,111509.0
2024-09-20,318.9,325.0,318.9,320.0,28540.0
2024-09-23,320.0,323.1,319.0,322.0,19356.0
2024-09-24,324.0,325.0,300.0,313.9,69143.0
2024-09-25,314.0,320.0,310.0,318.0,10348.0
2024-09-26,319.5,322.9,318.0,320.0,17822.0
2024-09-27,320.25,326.0,315.0,325.0,50012.0
2024-09-30,331.9,332.9,323.0,323.0,69172.0
2024-10-01,323.0,323.0,304.0,306.0,79328.0
2024-10-02,300.0,305.0,290.0,301.0,118047.0
2024-10-03,301.0,307.45,298.0,300.0,9980.0
2024-10-04,300.0,303.0,295.0,297.0,41598.0
2024-10-07,299.9,299.9,292.2,296.0,46902.0
2024-10-08,293.65,295.0,285.1,292.0,80806.0
2024-10-09,292.4,307.0,289.0,300.0,38419.0
2024-10-10,305.0,306.2,300.0,301.0,17049.0
2024-10-11,301.5,303.35,296.0,300.0,57432.0
2024-10-14,300.0,300.0,292.0,293.0,7593.0
2024-10-15,293.0,296.0,288.5,291.05,16300.0
2024-10-16,290.0,290.0,280.0,288.0,68413.0
2024-10-17,289.0,315.0,289.0,310.0,40725.0
2024-10-18,313.5,315.0,299.0,300.0,41230.0
2024-10-21,297.0,306.65,297.0,300.0,8289.0
2024-10-22,298.1,305.0,298.1,305.0,24483.0
2024-10-23,306.1,325.0,306.1,325.0,142709.0
2024-10-24,330.0,333.0,321.5,328.0,60614.0
2024-10-25,328.0,328.0,323.0,323.0,10561.0
2024-10-28,324.95,336.0,324.95,335.0,162221.0
2024-10-29,336.05,338.0,332.05,333.1,17238.0
2024-10-30,330.25,333.45,326.0,326.6,20570.0
2024-10-31,325.25,329.0,322.7,325.0,14536.0
2024-11-01,322.15,327.0,322.15,325.0,48197.0
2024-11-04,329.25,329.25,324.05,324.15,6497.0
2024-11-05,326.0,327.95,324.5,325.0,9663.0
2024-11-07,330.0,342.0,329.0,335.0,59477.0
2024-11-08,335.1,348.0,335.1,346.0,66383.0
2024-11-11,346.3,350.0,340.5,350.0,31958.0
2024-11-12,349.0,365.0,345.0,350.0,82363.0
2024-11-13,350.05,358.8,345.0,348.1,22409.0
2024-11-14,346.25,353.0,346.25,348.4,50117.0
2024-11-15,348.8,366.0,348.8,366.0,204051.0
2024-11-19,370.0,375.0,368.05,372.0,73177.0
2024-11-20,374.0,384.5,373.0,383.9,56090.0
2024-11-21,386.95,394.9,375.5,375.5,158058.0
2024-11-22,380.0,385.5,367.0,380.0,32803.0
2024-11-25,383.1,389.0,373.15,384.8,93526.0
2024-11-26,384.8,392.8,381.05,392.5,37870.0
2024-11-27,393.0,405.0,393.0,404.0,76470.0
2024-11-28,408.0,409.95,400.0,406.0,37327.0
2024-11-29,405.1,413.0,405.1,411.0,145128.0
2024-12-02,405.0,417.0,405.0,412.0,70103.0
2024-12-03,412.0,414.5,412.0,413.0,32244.0
2024-12-04,413.1,422.9,412.0,422.9,27521.0
2024-12-05,425.5,446.5,425.5,440.0,33561.0
2024-12-06,449.0,455.0,448.5,454.0,44605.0
2024-12-09,456.0,456.95,437.0,450.0,59898.0
2024-12-10,450.0,450.0,438.0,443.85,31147.0
2024-12-11,440.0,441.0,434.5,438.9,52052.0
2024-12-12,438.9,446.25,438.0,439.0,26594.0
2024-12-13,442.0,442.0,438.3,441.0,23693.0
2024-12-16,442.0,446.0,440.1,441.7,15346.0
2024-12-17,443.0,463.0,440.45,447.9,92584.0
2024-12-18,447.9,454.8,447.9,449.15,14051.0
2024-12-19,448.1,452.0,444.0,444.5,30270.0
2024-12-20,444.0,445.0,440.0,443.0,20450.0
2024-12-23,443.9,443.9,440.0,441.3,32081.0
2024-12-24,443.0,443.0,436.0,438.0,23009.0
2024-12-25,438.0,440.0,435.0,438.9,8790.0
2024-12-26,439.0,443.0,437.35,441.0,32843.0
2024-12-27,442.0,444.75,441.55,444.0,51265.0
2024-12-30,447.0,460.0,445.1,460.0,99775.0
2024-12-31,470.0,483.0,469.1,480.0,133289.0
2025-01-02,487.0,520.0,487.0,520.0,99070.0
2025-01-03,530.0,539.2,514.0,525.0,170065.0
2025-01-06,525.0,529.5,510.2,520.5,89417.0
2025-01-07,516.0,535.0,513.0,530.0,74665.0
2025-01-08,539.9,562.0,535.0,545.0,114361.0
2025-01-09,554.9,556.5,530.0,532.0,154696.0
2025-01-10,535.0,535.0,516.0,518.0,135383.0
2025-01-13,530.0,530.0,519.0,519.0,17402.0
2025-01-15,519.0,528.0,519.0,520.0,32054.0
2025-01-16,522.9,536.0,519.6,527.0,119447.0
2025-01-17,532.0,533.0,527.0,527.0,61296.0
2025-01-20,528.1,530.0,525.5,525.5,39735.0
2025-01-21,525.0,525.0,506.0,506.0,95616.0
2025-01-22,510.1,514.0,496.0,509.0,68496.0
2025-01-23,515.0,518.0,509.0,515.0,53469.0
2025-01-24,517.0,522.0,510.1,518.0,28162.0
2025-01-27,518.0,520.0,512.0,514.0,12746.0
2025-01-28,514.0,518.8,513.0,518.0,43550.0
2025-01-29,523.0,532.9,522.0,529.5,79015.0
2025-01-30,530.0,545.0,527.2,540.0,78190.0
2025-01-31,545.2,546.9,530.0,542.0,71018.0
2025-02-03,533.3,541.9,532.0,532.5,14469.0
2025-02-04,532.4,542.0,530.0,538.7,41962.0
2025-02-05,542.0,542.0,534.0,538.0,22981.0
2025-02-06,533.0,538.0,532.0,534.3,25988.0
2025-02-07,537.8,550.0,533.0,540.0,62442.0
2025-02-10,546.9,546.9,532.3,532.3,25627.0
2025-02-11,535.0,540.0,531.0,532.2,71781.0
2025-02-12,535.0,541.0,532.0,541.0,32298.0
2025-02-13,541.0,550.0,537.1,550.0,41228.0
2025-02-14,556.0,580.0,556.0,569.4,83633.0
2025-02-17,570.0,579.8,566.0,579.8,28227.0
2025-02-18,581.0,593.0,581.0,589.0,65189.0
2025-02-19,591.5,614.9,591.5,610.5,116339.0
2025-02-20,619.9,629.0,600.0,600.0,110748.0
2025-02-21,607.0,607.0,581.0,581.0,55081.0
2025-02-24,584.0,593.5,575.0,575.0,41169.0
2025-02-25,575.0,582.9,570.4,576.1,48225.0
2025-02-26,585.0,605.0,579.1,605.0,60221.0
2025-02-27,607.1,610.0,582.2,590.0,56591.0
2025-02-28,586.0,600.0,570.0,570.0,83724.0
2025-03-03,569.2,580.0,569.2,575.0,8565.0
2025-03-04,570.0,577.9,561.0,567.0,12368.0
2025-03-05,569.5,569.5,550.0,559.0,23272.0
2025-03-06,562.0,567.9,550.0,550.0,14408.0
2025-03-07,550.0,559.9,542.0,558.0,26617.0
2025-03-10,565.0,567.0,558.0,560.0,5099.0
2025-03-11,558.1,558.1,545.0,545.0,31482.0
2025-03-12,544.0,554.0,532.0,534.1,61921.0
2025-03-13,535.0,555.0,535.0,547.1,21719.0
2025-03-14,547.2,550.0,530.0,546.2,44403.0
2025-03-17,550.0,552.0,547.0,548.0,29350.0
2025-03-18,550.0,550.0,532.0,550.0,54649.0
2025-03-19,570.0,570.0,554.0,559.0,71324.0
2025-03-20,560.0,570.0,548.0,551.0,78530.0
2025-03-21,556.0,556.0,546.0,550.0,90640.0
2025-03-24,552.0,556.0,548.0,550.0,40018.0
2025-03-25,550.1,570.0,550.1,559.5,88487.0
2025-03-26,554.3,563.0,550.0,550.0,20641.0
2025-03-27,550.0,550.5,540.2,541.0,28078.0
2025-03-28,554.0,562.0,546.1,555.0,50162.0
2025-04-02,570.0,570.0,545.0,554.9,21684.0
2025-04-03,554.0,554.0,530.0,530.0,25697.0
2025-04-04,525.0,540.5,511.0,533.0,44718.0
2025-04-07,483.0,510.0,479.75,479.75,211039.0
2025-04-08,480.1,498.0,479.8,480.0,63807.0
2025-04-09,456.0,479.0,445.0,454.0,114418.0
2025-04-10,485.0,494.0,465.2,470.45,124172.0
2025-04-11,475.0,479.0,453.0,458.0,37913.0
2025-04-14,475.0,475.0,462.0,465.5,20416.0
2025-04-15,479.0,510.0,475.0,510.0,80780.0
2025-04-16,518.0,533.9,506.1,509.0,24543.0
2025-04-17,507.5,516.0,503.5,507.1,11784.0
2025-04-18,503.1,510.0,502.0,506.5,21607.0
2025-04-21,506.5,517.0,506.5,506.5,8044.0
2025-04-22,506.5,507.0,496.0,502.8,17562.0
2025-04-23,501.0,510.0,493.9,493.9,32960.0
2025-04-24,500.0,500.0,485.5,489.8,29638.0
2025-04-25,497.95,499.9,483.0,483.0,30163.0
2025-04-28,482.0,499.0,482.0,492.95,7492.0
2025-04-29,487.0,494.8,478.5,485.1,10614.0
2025-04-30,481.0,487.95,475.0,480.0,20825.0
2025-05-02,480.0,493.0,480.0,488.0,17801.0
2025-05-05,490.0,493.95,488.0,493.95,8800.0
2025-05-06,498.3,515.0,498.0,514.0,48317.0
2025-05-07,515.0,516.8,506.5,510.8,6559.0
2025-05-08,514.0,514.0,505.3,506.0,15662.0
2025-05-09,506.0,520.0,506.0,508.0,32720.0
2025-05-12,508.0,518.0,506.0,509.0,40153.0
2025-05-13,513.9,513.9,500.0,500.0,44307.0
2025-05-14,500.0,506.9,494.0,494.1,17608.0
2025-05-15,497.0,498.9,492.1,495.0,8654.0
2025-05-16,493.0,495.0,480.0,483.0,23047.0
2025-05-19,483.5,484.0,461.4,474.0,58431.0
2025-05-20,474.0,484.0,460.0,481.7,22790.0
2025-05-21,489.0,489.0,466.0,467.5,18608.0
2025-05-22,470.0,475.0,463.05,470.0,19693.0
2025-05-23,474.0,474.0,450.1,470.0,47091.0
2025-05-26,470.0,470.0,459.0,459.0,9609.0
2025-05-27,458.0,468.0,445.05,457.0,132692.0
2025-05-28,457.0,470.0,457.0,470.0,42709.0
2025-05-29,480.1,490.0,470.0,474.95,66859.0
2025-05-30,476.0,478.7,465.0,474.0,46632.0
2025-06-02,499.0,509.5,490.0,503.0,354293.0
2025-06-03,507.0,516.5,507.0,510.0,110628.0
2025-06-04,510.2,520.0,510.2,520.0,73490.0
2025-06-05,524.9,528.5,520.0,520.0,48609.0
2025-06-06,519.0,527.0,510.0,513.2,8531.0
2025-06-10,518.0,518.0,512.0,512.0,2511.0
2025-06-11,514.0,515.8,508.0,508.5,6789.0
2025-06-12,507.0,507.9,497.0,502.0,11705.0
2025-06-13,495.0,500.0,476.0,500.0,64205.0
2025-06-16,490.0,490.0,483.0,485.0,21525.0
2025-06-17,490.0,490.0,473.0,473.0,38202.0
2025-06-18,479.0,479.8,453.2,460.0,28152.0
2025-06-19,453.0,459.95,435.0,450.0,63642.0
2025-06-20,458.9,477.5,458.9,463.0,24451.0
2025-06-23,460.0,464.95,451.15,460.5,7755.0
2025-06-24,481.55,489.9,479.9,481.0,32737.0
2025-06-25,483.0,491.0,476.5,485.0,12600.0
2025-06-26,481.0,493.0,481.0,486.0,34956.0
2025-06-30,486.0,489.0,475.0,475.0,21737.0
2025-07-01,475.5,486.0,471.0,486.0,21836.0
2025-07-02,485.0,490.1,482.0,490.0,13039.0
2025-07-03,495.0,500.0,490.0,492.0,12460.0
2025-07-04,494.25,497.0,483.0,490.0,17443.0
2025-07-07,490.0,496.0,485.0,491.5,6433.0
2025-07-08,485.0,495.0,485.0,494.0,8679.0
2025-07-09,496.0,509.0,496.0,500.0,41125.0
2025-07-10,496.15,505.0,489.0,493.1,13906.0
2025-07-11,489.0,499.0,488.0,499.0,70369.0
2025-07-14,495.0,497.0,490.0,494.45,15013.0
2025-07-15,490.0,492.0,485.0,490.0,9637.0
2025-07-16,485.1,489.9,484.0,484.0,18451.0
2025-07-17,483.0,490.0,480.0,490.0,8936.0
2025-07-18,483.0,493.0,480.0,480.0,17353.0
2025-07-21,484.9,489.5,481.0,482.1,5518.0
2025-07-22,482.5,486.0,475.0,479.0,14753.0
2025-07-23,479.0,482.0,465.0,474.0,18749.0
2025-07-24,471.0,479.9,471.0,473.1,50013.0
2025-07-25,477.9,490.0,475.0,482.2,22034.0
2025-07-28,486.95,490.0,480.1,482.05,10076.0
2025-07-29,483.0,483.0,472.0,475.0,28499.0
2025-07-31,475.0,484.3,472.0,480.0,42233.0
2025-08-01,482.0,493.0,478.0,478.0,33968.0
2025-08-04,475.05,490.0,474.0,490.0,26756.0
2025-08-05,494.0,505.0,490.0,500.0,63875.0
2025-08-06,501.0,514.2,491.1,508.0,73211.0
2025-08-07,520.0,540.0,520.0,528.1,115362.0
2025-08-08,535.0,550.0,530.0,550.0,183562.0
2025-08-11,565.0,565.0,546.5,550.0,55220.0
2025-08-12,545.0,557.9,540.1,548.5,20086.0
2025-08-13,550.1,555.0,545.3,545.3,18380.0
2025-08-15,544.0,550.0,535.6,540.1,14603.0
2025-08-18,539.0,539.0,526.7,535.0,39412.0
2025-08-19,535.0,536.0,530.0,534.9,12064.0
2025-08-22,534.0,550.0,529.9,545.0,35801.0
2025-08-25,549.0,568.9,545.1,560.4,93549.0
2025-08-26,565.0,568.9,552.0,552.0,95137.0
2025-08-27,556.2,563.0,552.0,553.0,15270.0
2025-08-28,555.0,558.0,543.0,545.0,16432.0
2025-08-29,542.0,550.0,535.0,535.0,22967.0
2025-09-01,567.0,567.0,540.0,558.0,123244.0
2025-09-02,556.5,562.0,550.0,556.0,38774.0
2025-09-03,559.0,570.0,555.3,567.0,86486.0
2025-09-04,563.0,568.0,553.2,554.0,21696.0
2025-09-08,554.0,555.0,540.0,540.0,23071.0
2025-09-09,540.0,547.0,520.0,520.0,54929.0
2025-09-10,528.0,540.0,528.0,535.0,10831.0
2025-09-11,540.0,543.0,532.1,539.9,46168.0
2025-09-12,536.1,540.0,535.1,537.0,51348.0
2025-09-15,539.0,539.0,530.0,530.0,8045.0
2025-09-16,530.0,533.9,525.2,530.0,3913.0
2025-09-17,525.5,530.0,524.0,525.0,12677.0
2025-09-18,522.1,529.9,522.1,525.0,3508.0
2025-09-19,530.1,532.5,516.0,523.0,13901.0
2025-09-22,530.0,530.0,518.0,523.0,4794.0
2025-09-23,529.0,539.0,520.1,520.1,12035.0
2025-09-24,531.0,531.0,519.0,523.0,3849.0
2025-09-25,523.0,526.9,517.0,518.0,12076.0
2025-09-26,518.0,525.0,512.2,519.0,33575.0
2025-09-29,515.0,525.0,510.0,510.0,13609.0
2025-09-30,510.0,525.0,480.0,525.0,40403.0
2025-10-01,505.0,510.0,482.5,495.0,25776.0
2025-10-02,486.0,499.0,455.2,490.0,31200.0
2025-10-03,500.0,510.0,500.0,510.0,13773.0
2025-10-06,529.5,539.0,523.2,530.0,17044.0
2025-10-07,533.0,533.0,523.2,525.0,7533.0
2025-10-08,525.0,528.0,520.0,527.0,18241.0
2025-10-09,525.9,525.9,520.0,525.0,4424.0
2025-10-10,515.6,523.0,515.0,515.0,23591.0
2025-10-13,520.0,520.0,515.0,520.0,7737.0
2025-10-14,515.0,517.9,503.0,509.9,10437.0
2025-10-15,502.5,506.0,486.4,502.1,16690.0
2025-10-16,500.0,504.9,496.0,504.9,26180.0
2025-10-17,509.9,519.0,500.0,519.0,16158.0
2025-10-20,528.0,531.0,526.5,531.0,33264.0
2025-10-21,533.0,543.0,533.0,543.0,25087.0
2025-10-22,545.0,555.0,541.0,554.0,35424.0
2025-10-23,554.0,554.0,540.0,550.0,22551.0
2025-10-24,546.1,560.0,540.0,560.0,58864.0
2025-10-27,565.1,570.0,560.3,570.0,48171.0
2025-10-28,586.0,612.0,586.0,608.7,218167.0
2025-10-29,613.0,618.2,610.0,618.2,111688.0
2025-10-30,615.0,615.0,590.2,615.0,50393.0
2025-10-31,615.0,625.0,602.0,617.9,44467.0
2025-11-03,629.0,639.0,610.5,610.5,32857.0
2025-11-04,613.0,622.0,600.2,620.1,27745.0
2025-11-05,607.1,620.0,600.3,603.2,34269.0
2025-11-07,610.0,627.5,605.0,618.1,78488.0
2025-11-10,617.0,617.0,607.0,610.7,4989.0
2025-11-11,610.0,610.0,590.0,595.0,28393.0
2025-11-12,593.0,599.0,590.0,593.0,13907.0
2025-11-13,590.2,595.0,590.1,590.1,17102.0
2025-11-14,594.9,595.0,590.5,595.0,9125.0
2025-11-17,600.0,600.0,580.0,590.0,13919.0
2025-11-19,574.0,578.0,562.0,566.6,20543.0
2025-11-20,565.0,574.0,563.0,565.0,26999.0
2025-11-21,570.0,573.0,566.1,570.0,24867.0
2025-11-24,566.0,579.0,566.0,570.0,20688.0
2025-11-25,581.0,581.0,571.0,571.0,5994.0
2025-11-26,570.0,577.0,570.0,574.0,17242.0
2025-11-27,579.0,592.0,579.0,591.0,20329.0
2025-11-28,595.0,595.0,585.6,590.0,14888.0
2025-12-01,580.0,585.0,572.2,575.0,11583.0
2025-12-02,571.1,573.0,566.4,568.0,7394.0
2025-12-03,567.0,570.0,561.0,563.5,8802.0
2025-12-04,579.9,579.9,561.0,561.5,3715.0
2025-12-05,561.1,574.9,561.0,570.0,247023.0
2025-12-08,570.0,579.0,561.5,561.5,2722.0
2025-12-09,576.8,576.8,560.0,570.0,6231.0
2025-12-10,579.9,579.9,568.0,570.0,2829.0
2025-12-11,570.0,570.0,560.0,560.0,4065.0
2025-12-12,560.2,580.0,560.0,560.0,34081.0
2025-12-15,560.5,570.0,549.0,549.0,23952.0
2025-12-16,555.0,555.0,535.0,535.0,6830.0
2025-12-17,540.0,549.0,536.0,549.0,31713.0
2025-12-18,559.0,562.0,552.2,553.0,24558.0
2025-12-19,559.0,559.0,551.1,558.0,28405.0
2025-12-22,560.0,560.0,546.0,550.0,5281.0
2025-12-23,550.0,550.0,540.0,540.0,11438.0
2025-12-24,546.0,546.0,539.0,539.0,7439.0
2025-12-25,540.0,550.0,532.2,541.1,16963.0
2025-12-26,560.0,565.0,541.3,545.0,41152.0
2025-12-29,533.0,545.0,530.0,535.0,12528.0
2025-12-30,540.0,545.0,526.3,540.0,34023.0
2025-12-31,545.0,545.0,530.0,530.0,128651.0
2026-01-02,543.7,544.0,533.0,544.0,25390.0
2026-01-05,544.0,565.0,535.0,560.0,19845.0
2026-01-06,560.1,569.0,560.0,564.0,20989.0
2026-01-07,568.9,571.0,560.0,570.0,12174.0
2026-01-08,567.9,567.9,546.0,565.0,32696.0
2026-01-09,550.1,567.0,550.1,565.0,69987.0
2026-01-12,560.0,560.0,551.1,560.0,13929.0
2026-01-13,554.0,558.8,554.0,554.0,11719.0
2026-01-15,551.0,553.0,542.2,546.9,6328.0
2026-01-16,541.0,550.0,540.9,545.0,3225.0
2026-01-19,541.0,542.9,535.0,538.9,3351.0
2026-01-20,533.0,538.9,521.2,535.0,5918.0
2026-01-21,522.0,534.9,522.0,523.5,2620.0
2026-01-22,525.0,553.0,525.0,525.6,8281.0
2026-01-23,527.0,529.7,517.0,529.7,15505.0
2026-01-26,515.5,528.9,491.0,505.1,41489.0
2026-01-27,505.1,517.0,505.0,512.0,19831.0
2026-01-28,515.5,524.9,510.0,520.0,16111.0
2026-01-29,520.1,529.0,506.3,510.0,9512.0
2026-01-30,510.0,513.8,500.0,507.0,14134.0
2026-02-02,500.0,510.0,495.0,504.9,15603.0
2026-02-03,505.0,505.0,495.0,500.0,15570.0
2026-02-04,496.1,500.0,495.0,500.0,21967.0
2026-02-05,497.0,505.0,485.0,493.9,20201.0
2026-02-06,481.0,498.0,473.0,498.0,26402.0
2026-02-09,500.0,500.0,485.0,485.0,2554.0
2026-02-10,490.0,490.0,480.0,486.9,9371.0
2026-02-11,486.0,494.5,484.5,492.0,5964.0
2026-02-12,493.8,499.0,490.0,498.5,15031.0
2026-02-13,515.0,523.6,507.0,515.0,110953.0
2026-02-16,521.0,542.5,518.0,525.0,59223.0
2026-02-17,530.0,530.0,510.0,516.0,3962.0
2026-02-18,520.0,533.0,507.0,521.0,17651.0
2026-02-19,520.0,533.7,513.0,513.0,23320.0
2026-02-20,525.0,525.0,510.0,520.0,17980.0
2026-02-23,515.0,522.0,511.0,512.4,8304.0
2026-02-24,511.6,511.6,506.6,506.6,5610.0
2026-02-25,506.0,530.0,500.0,509.0,15288.0
2026-02-26,509.0,509.0,500.0,500.0,5135.0
2026-02-27,501.0,510.0,489.0,489.0,20406.0
2026-03-02,441.15,455.0,440.15,440.15,69518.0
2026-03-03,409.0,420.0,396.15,396.15,168304.0
2026-03-04,410.05,429.0,400.0,401.0,73262.0
2026-03-05,410.0,432.0,408.0,432.0,31780.0
2026-03-06,444.0,450.0,410.0,419.0,46591.0
2026-03-09,385.0,395.0,378.05,391.5,69524.0
2026-03-10,420.0,423.0,415.1,416.0,45242.0
2026-03-11,416.0,416.0,406.0,416.0,4973.0
2026-03-12,415.8,415.8,402.0,415.5,7273.0
2026-03-13,411.0,411.0,393.0,393.0,25957.0
2026-03-16,393.0,393.0,390.0,392.0,5444.0
2026-03-17,399.3,400.0,392.0,400.0,3565.0
2026-03-18,408.9,415.5,400.0,415.5,38467.0
2026-03-19,406.1,409.7,400.0,400.0,9527.0
2026-03-24,410.0,414.0,405.0,406.0,4983.0
2026-03-25,410.0,423.0,408.95,423.0,34228.0
2026-03-26,424.0,430.0,418.0,429.9,30484.0
2026-03-27,429.0,436.9,410.0,410.0,13739.0
