Time,Open,High,Low,Close,Volume
2015-12-15,730.0,780.0,725.0,756.0,107892.0
2015-12-16,756.0,757.0,730.5,732.0,2351.0
2015-12-17,728.0,739.0,728.0,739.0,5303.0
2015-12-18,730.0,749.0,730.0,730.29999,1861.0
2015-12-21,730.0,740.0,730.0,739.0,1449.0
2015-12-22,730.09998,731.5,730.0,730.0,2121.0
2015-12-23,730.0,750.0,730.0,750.0,11128.0
2015-12-28,730.09998,740.0,730.0,740.0,1406.0
2015-12-29,727.0,727.0,726.09998,726.09998,34.0
2015-12-30,726.29999,730.0,706.20001,730.0,936.0
2015-12-31,730.0,738.0,716.09998,734.79999,1728.0
2016-01-04,730.0,730.0,730.0,730.0,21.0
2016-01-05,708.0,730.0,708.0,730.0,862.0
2016-01-06,717.5,730.0,717.5,730.0,677.0
2016-01-07,721.0,721.0,720.0,720.09998,328.0
2016-01-08,711.20001,728.0,711.09998,728.0,78.0
2016-01-12,720.0,720.0,720.0,720.0,218.0
2016-01-13,720.0,720.0,711.09998,720.0,105.0
2016-01-14,711.09998,712.0,711.09998,712.0,35.0
2016-01-15,714.0,714.0,712.0,712.0,41.0
2016-01-18,724.90002,724.90002,712.0,712.0,330.0
2016-01-19,712.09998,713.0,712.0,712.0,245.0
2016-01-20,712.09998,712.20001,712.09998,712.20001,46.0
2016-01-21,713.0,713.0,712.0,712.0,60.0
2016-01-22,712.0,712.0,712.0,712.0,57.0
2016-01-25,712.40002,712.40002,712.40002,712.40002,1.0
2016-01-26,712.5,712.5,712.5,712.5,1.0
2016-01-27,712.09998,720.0,712.09998,720.0,1089.0
2016-01-28,720.0,720.0,720.0,720.0,1010.0
2016-01-29,712.70001,720.0,712.70001,720.0,14.0
2016-02-01,720.0,720.0,720.0,720.0,1.0
2016-02-02,712.20001,715.0,712.09998,715.0,29.0
2016-02-03,715.0,724.90002,715.0,724.90002,21.0
2016-02-04,720.0,720.0,715.09998,715.29999,42.0
2016-02-05,715.29999,720.09998,715.29999,720.0,3276.0
2016-02-08,714.0,714.0,712.09998,712.20001,82.0
2016-02-09,712.20001,712.20001,712.20001,712.20001,64.0
2016-02-10,714.0,720.0,714.0,720.0,85.0
2016-02-11,713.0,713.20001,713.0,713.20001,224.0
2016-02-12,713.09998,728.0,713.09998,727.70001,138.0
2016-02-15,726.0,730.0,714.09998,714.09998,190.0
2016-02-16,714.0,720.0,714.0,720.0,16.0
2016-02-17,715.0,720.0,715.0,720.0,123.0
2016-02-18,718.0,720.0,718.0,720.0,38.0
2016-02-19,725.0,725.0,720.0,720.0,487.0
2016-02-22,720.0,720.0,720.0,720.0,1.0
2016-02-23,720.0,726.0,720.0,720.0,31.0
2016-02-24,720.0,725.90002,720.0,725.90002,20.0
2016-02-25,725.90002,726.0,725.90002,726.0,20.0
2016-02-26,727.0,729.90002,726.0,726.0,32.0
2016-02-29,712.09998,726.0,712.09998,726.0,4396.0
2016-03-01,726.0,726.0,726.0,726.0,2.0
2016-03-02,726.0,726.0,726.0,726.0,1.0
2016-03-03,726.0,726.0,726.0,726.0,1.0
2016-03-04,726.0,729.5,720.20001,729.5,21.0
2016-03-07,721.0,729.5,721.0,729.5,52.0
2016-03-08,728.0,729.5,728.0,729.5,22.0
2016-03-09,729.90002,729.90002,729.90002,729.90002,1.0
2016-03-10,729.79999,729.79999,729.79999,729.79999,1.0
2016-03-11,729.79999,729.79999,729.79999,729.79999,1.0
2016-03-14,729.79999,729.79999,729.79999,729.79999,1.0
2016-03-15,720.0,730.0,720.0,730.0,235.0
2016-03-16,729.90002,733.0,729.90002,733.0,265.0
2016-03-17,730.5,744.0,730.5,731.0,41.0
2016-03-18,730.0,744.0,730.0,744.0,101.0
2016-03-21,744.90002,744.90002,728.0,728.0,13.0
2016-03-22,735.0,742.0,735.0,742.0,136.0
2016-03-23,735.0,740.0,728.0,740.0,36.0
2016-03-24,740.0,740.0,736.0,736.0,11.0
2016-03-25,738.0,739.79999,732.0,739.79999,60.0
2016-03-28,739.90002,739.90002,736.0,736.0,54.0
2016-03-29,736.0,749.0,736.0,749.0,158.0
2016-03-30,745.0,745.0,745.0,745.0,34.0
2016-03-31,741.0,750.0,741.0,741.0,3834.0
2016-04-01,737.0,744.0,737.0,744.0,44.0
2016-04-04,740.0,740.0,740.0,740.0,34.0
2016-04-05,736.0,743.0,736.0,743.0,56.0
2016-04-06,739.0,745.0,698.5,743.0,758.0
2016-04-07,739.0,739.0,739.0,739.0,2.0
2016-04-08,735.0,742.0,735.0,742.0,209.0
2016-04-11,737.0,739.90002,737.0,739.90002,116.0
2016-04-12,743.0,750.0,743.0,745.0,4144.0
2016-04-13,741.0,741.0,741.0,741.0,21.0
2016-04-14,737.0,750.0,737.0,750.0,1579.0
2016-04-15,746.09998,773.0,746.09998,765.0,958.0
2016-04-18,760.0,768.0,760.0,760.0,2108.0
2016-04-19,760.0,760.0,760.0,760.0,1.0
2016-04-20,764.0,800.0,764.0,792.0,1256.0
2016-04-21,786.0,786.0,786.0,786.0,32.0
2016-04-22,786.0,786.0,782.0,782.0,3.0
2016-04-25,783.0,785.0,783.0,785.0,4010.0
2016-04-26,784.0,784.0,784.0,784.0,1.0
2016-04-27,780.0,785.0,751.0,785.0,4077.0
2016-04-28,784.0,784.0,784.0,784.0,1.0
2016-04-29,780.0,785.0,780.0,785.0,125.0
2016-05-02,784.0,784.0,784.0,784.0,1.0
2016-05-03,784.0,784.0,784.0,784.0,1.0
2016-05-04,785.0,785.0,785.0,785.0,3.0
2016-05-05,785.0,815.0,785.0,815.0,2278.0
2016-05-06,810.0,810.0,770.0,770.0,833.0
2016-05-09,774.0,774.0,767.0,773.0,1062.0
2016-05-10,776.0,812.0,776.0,812.0,568.0
2016-05-11,800.0,800.0,800.0,800.0,5.0
2016-05-12,800.0,804.0,800.0,804.0,178.0
2016-05-13,804.0,804.0,804.0,804.0,57.0
2016-05-16,800.0,800.0,800.0,800.0,1.0
2016-05-17,797.0,797.0,797.0,797.0,11.0
2016-05-18,800.0,800.0,800.0,800.0,5.0
2016-05-19,799.0,799.0,799.0,799.0,1.0
2016-05-20,797.0,804.0,785.0,804.0,3350.0
2016-05-23,800.0,800.0,800.0,800.0,32.0
2016-05-24,800.0,802.0,785.0,785.0,4760.0
2016-05-25,785.0,785.0,785.0,785.0,1.0
2016-05-26,785.0,800.0,785.0,800.0,46.0
2016-05-27,796.0,796.0,785.0,785.0,445.0
2016-05-30,785.0,785.0,785.0,785.0,1.0
2016-05-31,785.0,785.0,785.0,785.0,1.0
2016-06-01,785.0,785.0,785.0,785.0,1.0
2016-06-02,785.0,800.0,785.0,800.0,72.0
2016-06-03,800.0,805.0,790.0,805.0,4958.0
2016-06-06,796.0,796.0,796.0,796.0,32.0
2016-06-07,796.0,796.0,796.0,796.0,1.0
2016-06-08,796.0,796.0,796.0,796.0,1.0
2016-06-09,796.0,796.0,796.0,796.0,1.0
2016-06-10,796.0,800.0,792.0,800.0,131.0
2016-06-13,796.0,800.0,796.0,800.0,907.0
2016-06-14,796.0,800.0,796.0,800.0,6972.0
2016-06-15,800.0,800.0,796.0,796.0,25.0
2016-06-16,795.0,800.0,795.0,800.0,94.0
2016-06-17,804.0,810.0,804.0,810.0,4427.0
2016-06-20,806.0,806.0,806.0,806.0,14.0
2016-06-21,802.0,802.0,790.0,790.0,373.0
2016-06-22,790.0,805.0,790.0,805.0,51.0
2016-06-23,800.0,800.0,800.0,800.0,11.0
2016-06-24,796.0,810.0,796.0,810.0,92.0
2016-06-27,814.0,814.0,806.0,806.0,22.0
2016-06-28,802.0,802.0,802.0,802.0,12.0
2016-06-29,802.0,802.0,802.0,802.0,1.0
2016-06-30,802.0,806.0,802.0,806.0,2.0
2016-07-01,806.0,806.0,805.0,805.0,3079.0
2016-07-04,758.0,758.0,755.0,757.0,1015.0
2016-07-05,752.0,757.0,752.0,757.0,19.0
2016-07-11,757.0,757.0,757.0,757.0,2.0
2016-07-12,757.0,757.0,752.0,752.0,3.0
2016-07-13,756.0,756.0,756.0,756.0,1.0
2016-07-14,757.0,757.0,757.0,757.0,7.0
2016-07-15,757.0,757.0,757.0,757.0,14.0
2016-07-18,752.0,752.0,752.0,752.0,35.0
2016-07-19,751.0,751.0,748.0,748.0,37.0
2016-07-20,744.09998,744.09998,744.0,744.0,65.0
2016-07-21,740.0,740.0,740.0,740.0,35.0
2016-07-22,736.0,739.0,736.0,739.0,68.0
2016-07-25,736.0,736.0,735.0,735.0,36.0
2016-07-26,735.0,735.0,691.09998,691.09998,147.0
2016-07-27,704.0,704.0,704.0,704.0,37.0
2016-07-28,708.0,708.0,704.0,704.0,47.0
2016-07-29,708.0,729.0,708.0,729.0,161.0
2016-08-01,725.0,727.0,725.0,727.0,34.0
2016-08-02,727.0,727.0,723.0,723.0,19.0
2016-08-03,727.0,727.0,727.0,727.0,3.0
2016-08-04,727.0,727.0,727.0,727.0,7.0
2016-08-05,727.0,731.0,727.0,731.0,305.0
2016-08-08,731.0,731.0,727.0,728.0,141.0
2016-08-09,732.0,732.0,732.0,732.0,31.0
2016-08-10,730.0,730.0,730.0,730.0,8.0
2016-08-11,730.0,730.0,730.0,730.0,2.0
2016-08-12,730.0,730.0,710.0,730.0,129.0
2016-08-15,730.0,730.0,710.59998,710.59998,40.0
2016-08-16,714.0,715.0,714.0,715.0,43.0
2016-08-17,712.0,712.0,712.0,712.0,21.0
2016-08-18,716.0,716.0,716.0,716.0,36.0
2016-08-19,713.0,713.0,712.70001,712.70001,30.0
2016-08-22,713.09998,716.0,713.09998,716.0,9.0
2016-08-23,718.0,720.0,718.0,720.0,11.0
2016-08-24,720.0,720.0,720.0,720.0,1.0
2016-08-25,724.0,724.0,724.0,724.0,2.0
2016-08-26,724.0,724.0,724.0,724.0,1.0
2016-08-29,720.0,720.0,720.0,720.0,10.0
2016-08-30,716.5,724.0,716.0,724.0,16.0
2016-08-31,720.0,720.0,720.0,720.0,10.0
2016-09-01,724.0,724.0,724.0,724.0,3.0
2016-09-02,720.0,720.0,720.0,720.0,36.0
2016-09-05,720.0,720.0,720.0,720.0,1.0
2016-09-06,724.0,724.0,724.0,724.0,1.0
2016-09-07,720.0,723.0,720.0,723.0,11.0
2016-09-08,723.0,723.0,723.0,723.0,1.0
2016-09-09,723.0,723.0,720.0,720.0,30.0
2016-09-14,720.0,720.0,720.0,720.0,1.0
2016-09-15,716.0,716.0,710.0,710.0,110.0
2016-09-16,710.0,710.0,710.0,710.0,87.0
2016-09-19,710.0,710.0,710.0,710.0,18.0
2016-09-20,714.0,714.0,710.0,710.0,11.0
2016-09-21,714.0,714.0,714.0,714.0,14.0
2016-09-22,718.0,718.0,718.0,718.0,31.0
2016-09-23,722.0,722.0,722.0,722.0,8.0
2016-09-26,725.0,725.0,725.0,725.0,20.0
2016-09-27,725.0,730.0,725.0,728.0,158.0
2016-09-28,725.0,725.0,725.0,725.0,27.0
2016-09-29,720.0,720.0,720.0,720.0,36.0
2016-09-30,724.0,724.0,724.0,724.0,2.0
2016-10-04,720.0,720.0,720.0,720.0,33.0
2016-10-05,720.0,720.0,720.0,720.0,1.0
2016-10-06,717.0,724.0,717.0,724.0,88.0
2016-10-07,724.0,724.0,724.0,724.0,2.0
2016-10-10,720.0,720.0,720.0,720.0,15.0
2016-10-11,724.0,735.0,724.0,735.0,120.0
2016-10-12,735.0,735.0,735.0,735.0,1.0
2016-10-13,732.0,732.0,731.0,732.0,97.0
2016-10-14,736.0,736.0,736.0,736.0,36.0
2016-10-17,740.0,740.0,732.0,732.0,76.0
2016-10-18,736.0,736.0,736.0,736.0,36.0
2016-10-19,740.0,740.0,720.0,740.0,109.0
2016-10-20,736.0,736.0,721.0,721.0,37.0
2016-10-21,725.0,725.0,725.0,725.0,36.0
2016-10-24,729.0,729.0,729.0,729.0,36.0
2016-10-25,725.09998,733.0,725.09998,725.09998,37.0
2016-10-26,729.0,729.0,725.20001,725.20001,53.0
2016-10-27,729.0,729.0,729.0,729.0,36.0
2016-10-28,733.0,733.0,733.0,733.0,36.0
2016-10-31,733.09998,733.09998,733.09998,733.09998,1.0
2016-11-01,737.0,737.0,735.0,735.0,50.0
2016-11-02,735.0,735.0,735.0,735.0,1.0
2016-11-03,731.0,755.0,731.0,755.0,3127.0
2016-11-04,755.0,755.0,751.0,751.0,5.0
2016-11-07,754.0,754.0,754.0,754.0,35.0
2016-11-08,758.0,758.0,758.0,758.0,45.0
2016-11-09,755.0,791.09998,755.0,791.09998,2675.0
2016-11-10,794.0,794.0,790.0,790.0,983.0
2016-11-11,790.0,790.0,786.0,786.0,6.0
2016-11-14,786.0,786.0,786.0,786.0,1.0
2016-11-15,830.0,830.0,830.0,830.0,216.0
2016-11-16,824.0,826.0,824.0,826.0,41.0
2016-11-17,822.0,822.0,822.0,822.0,32.0
2016-11-21,818.0,818.0,818.0,818.0,32.0
2016-11-22,814.0,814.0,760.0,760.0,45.0
2016-11-23,764.0,764.0,764.0,764.0,34.0
2016-11-24,774.0,774.0,774.0,774.0,34.0
2016-11-25,774.0,774.0,774.0,774.0,1.0
2016-11-28,778.0,778.0,778.0,778.0,34.0
2016-11-29,778.0,778.0,778.0,778.0,1.0
2016-11-30,775.0,775.0,770.0,770.0,220.0
2016-12-01,770.0,770.0,770.0,770.0,1.0
2016-12-02,770.0,770.0,770.0,770.0,352.0
2016-12-05,770.0,770.0,770.0,770.0,1.0
2016-12-06,773.90002,773.90002,773.90002,773.90002,4.0
2016-12-07,773.0,773.90002,773.0,773.90002,424.0
2016-12-08,775.0,775.0,775.0,775.0,1.0
2016-12-09,775.0,775.0,775.0,775.0,1.0
2016-12-14,779.0,779.0,779.0,779.0,34.0
2016-12-16,816.0,820.0,816.0,820.0,278.0
2016-12-19,830.0,830.0,829.0,830.0,121.0
2016-12-20,840.0,859.0,840.0,859.0,20.0
2016-12-27,781.0,800.0,781.0,800.0,3897.0
2016-12-28,849.0,849.0,849.0,849.0,5.0
2016-12-29,849.0,849.0,849.0,849.0,8.0
2016-12-30,821.0,821.0,820.0,820.0,1003.0
2017-01-02,840.0,840.0,840.0,840.0,10.0
2017-01-04,839.0,850.0,839.0,850.0,2141.0
2017-01-05,850.09998,870.0,850.09998,870.0,592.0
2017-01-06,877.0,877.0,877.0,877.0,4.0
2017-01-13,830.0,830.0,830.0,830.0,802.0
2017-01-16,831.09998,831.09998,822.5,822.5,156.0
2017-01-18,825.0,825.0,823.0,823.0,63.0
2017-01-19,824.0,824.0,805.09998,805.09998,286.0
2017-01-20,830.0,830.0,830.0,830.0,28.0
2017-01-24,835.09998,860.0,835.09998,840.0,427.0
2017-01-26,840.0,840.0,840.0,840.0,824.0
2017-01-31,832.0,832.0,832.0,832.0,11.0
2017-02-03,858.90002,858.90002,858.90002,858.90002,1400.0
2017-02-06,861.0,866.0,861.0,866.0,302.0
2017-02-07,850.0,850.0,850.0,850.0,2.0
2017-02-13,840.0,840.0,828.0,840.0,33.0
2017-02-14,834.0,864.79999,834.0,864.79999,28.0
2017-02-16,890.70001,890.70001,890.70001,890.70001,2.0
2017-02-17,899.0,900.0,899.0,900.0,34.0
2017-02-22,899.90002,900.0,899.90002,900.0,14.0
2017-02-24,899.90002,899.90002,899.90002,899.90002,4.0
2017-02-28,840.0,841.0,840.0,841.0,279.0
2017-03-01,843.0,843.0,842.5,842.5,14.0
2017-03-02,850.0,865.0,828.0,865.0,1220.0
2017-03-06,850.0,887.0,850.0,887.0,59.0
2017-03-08,865.0,865.0,865.0,865.0,10.0
2017-03-09,851.0,897.0,850.0,897.0,115.0
2017-03-10,895.0,896.0,895.0,896.0,64.0
2017-03-13,900.0,900.0,882.0,900.0,155.0
2017-03-14,882.0,882.0,882.0,882.0,8.0
2017-03-15,885.0,885.0,885.0,885.0,13.0
2017-03-16,885.09998,890.0,885.09998,890.0,1299.0
2017-03-20,883.5,883.5,883.5,883.5,5.0
2017-03-21,902.0,902.0,902.0,902.0,3000.0
2017-03-22,900.0,900.0,900.0,900.0,141.0
2017-03-23,900.0,930.0,900.0,930.0,1882.0
2017-03-24,930.0,978.0,930.0,978.0,200.0
2017-03-27,900.0,900.0,900.0,900.0,20.0
2017-03-28,926.0,985.0,926.0,985.0,20.0
2017-04-03,900.0,900.0,900.0,900.0,20.0
2017-04-04,989.0,989.0,989.0,989.0,20.0
2017-04-10,995.0,995.0,995.0,995.0,1.0
2017-04-11,980.0,980.0,980.0,980.0,10000.0
2017-04-18,974.0,980.0,974.0,980.0,3200.0
2017-04-19,980.0,995.0,980.0,995.0,40.0
2017-04-20,980.0,980.0,980.0,980.0,3.0
2017-04-25,934.0,934.0,934.0,934.0,10.0
2017-04-26,945.0,980.0,936.0,980.0,23.0
2017-04-27,980.0,980.0,980.0,980.0,1500.0
2017-05-02,970.0,970.0,970.0,970.0,6.0
2017-05-03,970.0,970.0,970.0,970.0,29.0
2017-05-04,970.0,980.0,941.09998,980.0,181.0
2017-05-05,970.0,970.0,970.0,970.0,3.0
2017-05-08,970.0,970.0,970.0,970.0,1.0
2017-05-09,980.0,980.0,960.0,960.0,2.0
2017-05-10,970.0,970.0,970.0,970.0,35.0
2017-05-11,960.0,960.0,941.0,941.0,97.0
2017-05-12,950.0,950.0,950.0,950.0,30.0
2017-05-15,950.29999,950.29999,950.0,950.0,62.0
2017-05-16,960.0,960.0,960.0,960.0,30.0
2017-05-17,960.0,960.0,960.0,960.0,1.0
2017-05-18,960.0,960.0,960.0,960.0,1.0
2017-05-19,960.0,970.0,950.0,970.0,33.0
2017-05-22,960.0,960.0,960.0,960.0,1.0
2017-05-23,970.0,970.0,970.0,970.0,30.0
2017-05-24,960.0,960.0,935.0,935.0,59.0
2017-05-25,950.0,950.0,950.0,950.0,30.0
2017-05-26,940.0,940.0,940.0,940.0,2.0
2017-05-29,940.0,940.0,940.0,940.0,3730.0
2017-05-30,932.0,950.0,931.0,950.0,58.0
2017-05-31,950.0,950.0,950.0,950.0,1.0
2017-06-01,950.0,950.0,950.0,950.0,1.0
2017-06-02,950.0,950.0,950.0,950.0,1.0
2017-06-05,950.0,960.0,950.0,960.0,1031.0
2017-06-06,960.0,960.0,960.0,960.0,1.0
2017-06-07,960.0,960.0,960.0,960.0,1.0
2017-06-08,951.0,951.0,951.0,951.0,214.0
2017-06-09,960.0,960.0,960.0,960.0,30.0
2017-06-12,993.0,993.0,993.0,993.0,85.0
2017-06-13,990.0,1000.0,990.0,1000.0,81.0
2017-06-14,990.0,990.0,990.0,990.0,30.0
2017-06-15,999.0,1005.0,999.0,1005.0,61.0
2017-06-16,995.0,1000.0,990.09998,1000.0,992.0
2017-06-19,1008.0,1024.0,1008.0,1024.0,1084.0
2017-06-20,1000.0,1000.0,1000.0,1000.0,1.0
2017-06-21,1000.0,1000.0,1000.0,1000.0,1.0
2017-06-22,1000.0,1000.0,1000.0,1000.0,1.0
2017-06-23,1000.0,1000.0,1000.0,1000.0,1.0
2017-06-28,1009.0,1009.0,1009.0,1009.0,2.0
2017-06-29,1000.0,1000.0,985.0,985.0,3.0
2017-06-30,985.0,985.0,985.0,985.0,2.0
2017-07-03,985.0,985.0,985.0,985.0,1.0
2017-07-04,986.0,986.0,980.0,980.0,6.0
2017-07-05,985.0,985.0,985.0,985.0,7.0
2017-07-06,985.0,985.0,985.0,985.0,1.0
2017-07-07,985.0,985.0,985.0,985.0,1.0
2017-07-10,985.0,985.0,985.0,985.0,6.0
2017-07-11,985.0,985.0,985.0,985.0,1.0
2017-07-12,990.0,990.0,950.0,990.0,348.0
2017-07-13,980.09998,980.09998,980.09998,980.09998,17.0
2017-07-14,989.0,989.0,989.0,989.0,2.0
2017-07-17,985.0,985.0,985.0,985.0,1.0
2017-07-18,985.0,985.0,985.0,985.0,1.0
2017-07-19,985.0,985.0,985.0,985.0,1.0
2017-07-20,971.0,971.0,970.20001,970.20001,11.0
2017-07-21,970.20001,970.20001,950.0,950.0,38.0
2017-07-24,968.0,990.0,968.0,990.0,10134.0
2017-07-25,999.0,999.0,999.0,999.0,5.0
2017-07-26,999.0,1000.0,999.0,1000.0,41.0
2017-07-27,990.0,990.0,990.0,990.0,600.0
2017-07-28,990.0,990.0,990.0,990.0,2001.0
2017-07-31,990.0,990.0,990.0,990.0,1.0
2017-08-01,990.0,990.0,990.0,990.0,1.0
2017-08-02,990.0,990.0,990.0,990.0,1.0
2017-08-03,980.40002,980.40002,980.29999,980.29999,62.0
2017-08-04,981.0,981.0,981.0,981.0,1.0
2017-08-07,981.0,981.0,981.0,981.0,1.0
2017-08-08,981.0,981.0,981.0,981.0,1.0
2017-08-09,981.0,981.0,981.0,981.0,1.0
2017-08-10,981.0,981.0,981.0,981.0,1.0
2017-08-11,980.29999,980.29999,980.29999,980.29999,8.0
2017-08-15,995.0,995.0,995.0,995.0,1.0
2017-08-16,985.0,985.0,985.0,985.0,1.0
2017-08-17,985.0,985.0,985.0,985.0,1.0
2017-08-18,994.0,994.0,985.0,994.0,101.0
2017-08-22,985.0,985.0,985.0,985.0,1.0
2017-08-23,985.0,985.0,985.0,985.0,1.0
2017-08-24,974.0,974.0,973.0,973.0,2.0
2017-08-25,985.0,985.0,985.0,985.0,1.0
2017-08-28,985.0,985.0,985.0,985.0,1.0
2017-08-29,985.0,985.0,985.0,985.0,1.0
2017-08-30,990.0,990.0,990.0,990.0,1000.0
2017-08-31,990.0,990.0,990.0,990.0,1.0
2017-09-04,985.0,985.0,985.0,985.0,1.0
2017-09-05,985.0,985.0,985.0,985.0,1.0
2017-09-06,985.0,985.0,985.0,985.0,1.0
2017-09-07,985.0,985.0,985.0,985.0,14.0
2017-09-08,985.0,985.0,985.0,985.0,1.0
2017-09-11,985.0,985.0,985.0,985.0,1.0
2017-09-12,985.0,985.0,985.0,985.0,1.0
2017-09-13,985.0,994.0,985.0,994.0,201.0
2017-09-14,994.5,994.5,994.5,994.5,1.0
2017-09-15,990.0,990.0,990.0,990.0,15.0
2017-09-18,990.0,990.0,990.0,990.0,1.0
2017-09-19,980.0,980.0,980.0,980.0,3.0
2017-09-20,990.0,990.0,990.0,990.0,2000.0
2017-09-21,990.0,990.0,990.0,990.0,1.0
2017-09-25,975.0,975.0,975.0,975.0,11.0
2017-09-27,885.0,994.5,885.0,994.5,127.0
2017-09-28,970.0,970.0,970.0,970.0,3.0
2017-09-29,971.0,985.0,971.0,985.0,31.0
2017-10-02,971.0,971.0,970.0,970.0,50.0
2017-10-03,970.0,970.0,970.0,970.0,1.0
2017-10-04,970.0,970.0,970.0,970.0,1.0
2017-10-05,970.0,970.0,970.0,970.0,1.0
2017-10-06,970.0,970.0,970.0,970.0,1.0
2017-10-09,980.0,980.0,980.0,980.0,1.0
2017-10-10,980.0,980.0,980.0,980.0,14.0
2017-10-11,980.0,980.0,980.0,980.0,1.0
2017-10-12,980.0,980.0,980.0,980.0,1.0
2017-10-13,971.0,971.0,971.0,971.0,184.0
2017-10-16,971.0,971.0,971.0,971.0,1.0
2017-10-17,970.0,970.0,970.0,970.0,1.0
2017-10-18,970.0,990.0,970.0,990.0,2240.0
2017-10-19,990.0,990.0,990.0,990.0,858.0
2017-10-20,990.0,990.0,990.0,990.0,1.0
2017-10-23,990.0,990.0,990.0,990.0,1.0
2017-10-24,985.0,985.0,985.0,985.0,1.0
2017-10-25,985.0,985.0,985.0,985.0,1.0
2017-10-26,985.0,985.0,985.0,985.0,1.0
2017-10-27,985.0,990.0,985.0,990.0,201.0
2017-10-30,976.0,976.0,976.0,976.0,1.0
2017-10-31,975.0,975.0,975.0,975.0,1.0
2017-11-01,980.0,980.0,980.0,980.0,31.0
2017-11-02,976.0,976.0,976.0,976.0,78.0
2017-11-03,975.0,990.0,975.0,990.0,66.0
2017-11-07,990.0,990.0,990.0,990.0,1.0
2017-11-08,989.0,989.0,989.0,989.0,1.0
2017-11-09,989.90002,989.90002,989.90002,989.90002,1.0
2017-11-10,989.90002,990.0,989.90002,990.0,635.0
2017-11-13,994.5,994.5,971.0,972.0,22.0
2017-11-14,975.0,975.0,975.0,975.0,1.0
2017-11-15,978.0,978.0,978.0,978.0,1.0
2017-11-16,978.0,978.0,978.0,978.0,1.0
2017-11-17,978.0,978.0,978.0,978.0,1.0
2017-11-20,980.0,980.0,980.0,980.0,11.0
2017-11-21,980.0,980.0,980.0,980.0,1.0
2017-11-22,980.0,980.0,980.0,980.0,1.0
2017-11-23,980.0,980.0,980.0,980.0,1.0
2017-11-24,980.0,980.0,980.0,980.0,1.0
2017-11-27,980.0,980.0,980.0,980.0,1.0
2017-11-28,980.0,980.0,980.0,980.0,1.0
2017-11-29,980.0,980.0,980.0,980.0,1.0
2017-11-30,980.0,980.0,980.0,980.0,1.0
2017-12-04,980.0,980.0,980.0,980.0,1.0
2017-12-05,980.0,980.0,980.0,980.0,1.0
2017-12-06,980.0,980.0,980.0,980.0,1.0
2017-12-07,980.0,980.0,980.0,980.0,1.0
2017-12-08,980.0,980.0,980.0,980.0,6.0
2017-12-11,980.0,980.0,980.0,980.0,1.0
2017-12-12,980.0,980.0,980.0,980.0,1.0
2017-12-13,993.0,994.0,993.0,994.0,39.0
2017-12-14,995.0,995.0,995.0,995.0,1.0
2017-12-15,995.0,995.0,995.0,995.0,1.0
2017-12-18,981.0,981.0,980.0,980.0,32.0
2017-12-19,980.0,980.0,980.0,980.0,1.0
2017-12-20,980.0,980.0,980.0,980.0,1.0
2017-12-21,980.0,980.0,980.0,980.0,1.0
2017-12-22,975.0,975.0,975.0,975.0,690.0
2017-12-25,975.0,975.0,975.0,975.0,1.0
2017-12-27,972.0,975.0,972.0,975.0,2.0
2017-12-29,1000.0,1000.0,1000.0,1000.0,65.0
2018-01-02,995.0,995.0,995.0,995.0,1.0
2018-01-03,995.0,995.0,995.0,995.0,9.0
2018-01-04,997.0,997.0,997.0,997.0,1.0
2018-01-05,983.0,983.0,983.0,983.0,42.0
2018-01-08,1004.0,1004.0,1004.0,1004.0,1.0
2018-01-09,991.0,991.0,991.0,991.0,1.0
2018-01-10,989.0,989.0,989.0,989.0,1.0
2018-01-12,971.0,1007.0,970.0,1007.0,79.0
2018-01-15,955.0,1000.0,955.0,1000.0,60.0
2018-01-16,998.0,998.0,998.0,998.0,1.0
2018-01-17,1000.0,1000.0,1000.0,1000.0,500.0
2018-01-18,998.0,998.0,998.0,998.0,1.0
2018-01-19,1000.0,1005.0,1000.0,1005.0,9.0
2018-01-22,1000.0,1000.0,1000.0,1000.0,1.0
2018-01-23,1000.0,1005.0,1000.0,1000.0,32.0
2018-01-24,1000.0,1000.0,1000.0,1000.0,422.0
2018-01-25,1001.0,1001.0,1001.0,1001.0,1.0
2018-01-26,1005.0,1005.0,1005.0,1005.0,20.0
2018-01-29,999.0,999.0,999.0,999.0,1.0
2018-01-30,1008.0,1008.0,1008.0,1008.0,10.0
2018-01-31,1008.0,1020.0,1008.0,1020.0,231.0
2018-02-01,1018.0,1018.0,1018.0,1018.0,1.0
2018-02-02,1018.0,1018.0,1018.0,1018.0,1.0
2018-02-05,1018.0,1018.0,1018.0,1018.0,1.0
2018-02-06,1018.0,1018.0,1018.0,1018.0,2001.0
2018-02-07,1018.0,1018.0,1018.0,1018.0,1.0
2018-02-08,1006.0,1006.0,1006.0,1006.0,1.0
2018-02-09,1008.0,1008.0,1008.0,1008.0,1.0
2018-02-12,1008.0,1008.0,1008.0,1008.0,1.0
2018-02-13,1008.0,1008.0,1008.0,1008.0,1.0
2018-02-14,1018.0,1018.0,1018.0,1018.0,1805.0
2018-02-15,1018.0,1018.0,1018.0,1018.0,1064.0
2018-02-16,1010.0,1010.0,1010.0,1010.0,20.0
2018-02-19,1010.0,1010.0,1010.0,1010.0,1.0
2018-02-20,1010.0,1010.0,1010.0,1010.0,2.0
2018-02-21,1010.0,1010.0,1010.0,1010.0,36.0
2018-02-22,1010.0,1010.0,1010.0,1010.0,34.0
2018-02-23,1010.0,1049.0,1010.0,1049.0,5029.0
2018-02-26,1038.0,1038.0,1038.0,1038.0,1.0
2018-02-27,1036.0,1036.0,1036.0,1036.0,1.0
2018-02-28,1036.0,1036.0,1036.0,1036.0,1.0
2018-03-01,1024.0,1024.0,1024.0,1024.0,1.0
2018-03-02,1036.0,1036.0,1036.0,1036.0,1.0
2018-03-05,1036.0,1036.0,1036.0,1036.0,1.0
2018-03-06,1023.0,1023.0,1023.0,1023.0,1.0
2018-03-07,1010.0,1010.0,1010.0,1010.0,1.0
2018-03-08,1021.0,1021.0,1021.0,1021.0,1.0
2018-03-09,1021.0,1021.0,1021.0,1021.0,1.0
2018-03-12,1021.0,1021.0,1021.0,1021.0,1.0
2018-03-13,1021.0,1021.0,1021.0,1021.0,1.0
2018-03-14,1011.0,1011.0,1011.0,1011.0,1.0
2018-03-15,1010.0,1020.0,1010.0,1020.0,2.0
2018-03-16,1020.0,1020.0,1020.0,1020.0,14.0
2018-03-19,1020.0,1020.0,1020.0,1020.0,26.0
2018-03-20,1026.0,1026.0,1026.0,1026.0,166.0
2018-03-21,1011.0,1011.0,1011.0,1011.0,1.0
2018-03-22,1025.0,1025.0,1025.0,1025.0,1.0
2018-03-23,1025.0,1025.0,1025.0,1025.0,1.0
2018-03-26,1025.0,1025.0,1025.0,1025.0,27.0
2018-03-27,1025.0,1025.0,1025.0,1025.0,1.0
2018-03-28,1025.0,1025.0,1025.0,1025.0,1.0
2018-03-29,1013.0,1013.0,1013.0,1013.0,2.0
2018-03-30,1013.0,1013.0,1013.0,1013.0,1.0
2018-04-02,1026.0,1026.0,1026.0,1026.0,20.0
2018-04-03,1023.0,1023.0,1023.0,1023.0,1.0
2018-04-04,1023.0,1023.0,1023.0,1023.0,1.0
2018-04-05,1036.0,1036.0,1036.0,1036.0,100.0
2018-04-06,1018.0,1018.0,1018.0,1018.0,18.0
2018-04-09,1020.0,1020.0,1020.0,1020.0,360.0
2018-04-10,1031.0,1050.0,1031.0,1050.0,1618.0
2018-04-11,1057.0,1057.0,1030.0,1030.0,21.0
2018-04-12,1023.0,1023.0,1023.0,1023.0,1.0
2018-04-13,1122.0,1122.0,1122.0,1122.0,100.0
2018-04-16,1090.0,1090.0,1090.0,1090.0,23.0
2018-04-17,1084.0,1084.0,1084.0,1084.0,1.0
2018-04-18,1080.0,1080.0,1080.0,1080.0,1.0
2018-04-19,1080.0,1080.0,1080.0,1080.0,1.0
2018-04-20,1080.0,1080.0,1080.0,1080.0,39.0
2018-04-23,1066.0,1066.0,1066.0,1066.0,1.0
2018-04-24,1067.0,1067.0,1067.0,1067.0,1.0
2018-04-25,1067.0,1067.0,1067.0,1067.0,1.0
2018-04-26,1080.0,1080.0,1080.0,1080.0,28.0
2018-04-27,1082.0,1177.0,1082.0,1177.0,50.0
2018-04-30,1135.0,1135.0,1135.0,1135.0,1.0
2018-05-02,1120.0,1120.0,1120.0,1120.0,23.0
2018-05-03,1104.0,1104.0,1104.0,1104.0,1.0
2018-05-04,1170.0,1170.0,1170.0,1170.0,150.0
2018-05-07,1151.0,1151.0,1151.0,1151.0,1.0
2018-05-08,1151.0,1151.0,1151.0,1151.0,5.0
2018-05-09,1150.0,1150.0,1150.0,1150.0,1.0
2018-05-10,1150.0,1150.0,1150.0,1150.0,66.0
2018-05-11,1135.0,1150.0,1135.0,1150.0,87.0
2018-05-14,1139.0,1139.0,1139.0,1139.0,1.0
2018-05-15,1139.0,1139.0,1139.0,1139.0,1.0
2018-05-16,1126.0,1126.0,1126.0,1126.0,2.0
2018-05-17,1111.0,1111.0,1111.0,1111.0,223.0
2018-05-18,1000.0,1000.0,1000.0,1000.0,41.0
2018-05-21,1026.0,1026.0,1026.0,1026.0,25.0
2018-05-22,1046.0,1046.0,1046.0,1046.0,4.0
2018-05-23,1049.0,1049.0,1049.0,1049.0,1.0
2018-05-24,1071.0,1071.0,950.0,950.0,88.0
2018-05-28,1044.0,1044.0,1044.0,1044.0,1.0
2018-05-29,1044.0,1044.0,1044.0,1044.0,1.0
2018-05-30,1055.0,1055.0,1055.0,1055.0,1.0
2018-05-31,1055.0,1055.0,1055.0,1055.0,1.0
2018-06-01,1060.0,1060.0,1060.0,1060.0,1.0
2018-06-04,1055.0,1074.0,1050.0,1074.0,56.0
2018-06-05,1064.0,1064.0,1064.0,1064.0,1.0
2018-06-06,1064.0,1064.0,1064.0,1064.0,1.0
2018-06-07,1064.0,1064.0,1064.0,1064.0,1.0
2018-06-08,1064.0,1064.0,1064.0,1064.0,1.0
2018-06-11,1064.0,1064.0,1064.0,1064.0,1.0
2018-06-12,1064.0,1064.0,1064.0,1064.0,1.0
2018-06-13,1064.0,1064.0,1064.0,1064.0,1.0
2018-06-14,1065.0,1065.0,1065.0,1065.0,1.0
2018-06-18,1064.0,1064.0,1064.0,1064.0,1.0
2018-06-19,1050.0,1050.0,1050.0,1050.0,20.0
2018-06-20,1064.0,1064.0,1064.0,1064.0,1.0
2018-06-21,1064.0,1064.0,1064.0,1064.0,1.0
2018-06-22,1076.0,1109.0,1064.0,1064.0,75348.0
2018-06-26,1077.0,1077.0,1077.0,1077.0,1.0
2018-06-27,1077.0,1077.0,1077.0,1077.0,1.0
2018-06-28,1077.0,1077.0,1077.0,1077.0,1.0
2018-06-29,1077.0,1077.0,1077.0,1077.0,1.0
2018-07-02,1077.0,1077.0,1077.0,1077.0,1.0
2018-07-03,1020.0,1020.0,1020.0,1020.0,1.0
2018-07-04,1020.0,1020.0,1020.0,1020.0,1.0
2018-07-05,1020.0,1020.0,1020.0,1020.0,1.0
2018-07-06,1033.0,1033.0,1033.0,1033.0,1.0
2018-07-09,1033.0,1033.0,1033.0,1033.0,1.0
2018-07-10,1033.0,1033.0,1033.0,1033.0,1.0
2018-07-11,1033.0,1033.0,1033.0,1033.0,7.0
2018-07-12,1040.0,1040.0,1040.0,1040.0,894.0
2018-07-13,1040.0,1040.0,1040.0,1040.0,1.0
2018-07-16,1030.0,1030.0,1028.0,1028.0,15.0
2018-07-17,1029.0,1029.0,1029.0,1029.0,1.0
2018-07-18,1020.0,1020.0,1020.0,1020.0,500.0
2018-07-19,1030.0,1030.0,1030.0,1030.0,240.0
2018-07-20,1005.0,1005.0,980.0,1005.0,380.0
2018-07-23,1003.0,1003.0,1003.0,1003.0,1.0
2018-07-24,1008.0,1008.0,1008.0,1008.0,1.0
2018-07-25,1000.0,1000.0,1000.0,1000.0,17.0
2018-07-26,1000.0,1000.0,1000.0,1000.0,1000.0
2018-07-27,1000.0,1000.0,1000.0,1000.0,700.0
2018-07-31,1000.0,1000.0,1000.0,1000.0,1.0
2018-08-01,1000.0,1000.0,1000.0,1000.0,738.0
2018-08-02,1000.0,1000.0,1000.0,1000.0,16.0
2018-08-03,1000.0,1000.0,1000.0,1000.0,9.0
2018-08-06,1003.0,1003.0,1003.0,1003.0,1.0
2018-08-07,1003.0,1003.0,1003.0,1003.0,1.0
2018-08-08,1003.0,1003.0,1003.0,1003.0,1.0
2018-08-09,1003.0,1003.0,1003.0,1003.0,1.0
2018-08-10,995.0,995.0,995.0,995.0,2.0
2018-08-13,999.0,999.0,999.0,999.0,1.0
2018-08-15,1003.0,1003.0,1003.0,1003.0,1.0
2018-08-16,1002.0,1002.0,1002.0,1002.0,1.0
2018-08-17,1000.0,1000.0,996.0,996.0,5677.0
2018-08-24,1000.0,1000.0,1000.0,1000.0,1.0
2018-08-27,1000.0,1000.0,1000.0,1000.0,1.0
2018-08-28,997.0,997.0,997.0,997.0,20.0
2018-08-29,998.0,998.0,998.0,998.0,1.0
2018-08-30,1010.0,1010.0,1010.0,1010.0,5.0
2018-08-31,1009.0,1009.0,1009.0,1009.0,1.0
2018-09-03,1008.0,1008.0,1008.0,1008.0,1.0
2018-09-04,1000.0,1000.0,1000.0,1000.0,1.0
2018-09-05,1000.0,1000.0,1000.0,1000.0,1.0
2018-09-06,1000.0,1000.0,1000.0,1000.0,1.0
2018-09-07,1000.0,1000.0,1000.0,1000.0,41.0
2018-09-10,1000.0,1000.0,1000.0,1000.0,1.0
2018-09-12,1000.0,1000.0,1000.0,1000.0,2.0
2018-09-13,987.0,1000.0,987.0,1000.0,1801.0
2018-09-17,1000.0,1000.0,1000.0,1000.0,1.0
2018-09-18,1000.0,1000.0,1000.0,1000.0,1.0
2018-09-19,1000.0,1000.0,1000.0,1000.0,1.0
2018-09-20,1000.0,1000.0,1000.0,1000.0,1.0
2018-09-21,1000.0,1000.0,1000.0,1000.0,1.0
2018-09-24,1000.0,1000.0,1000.0,1000.0,1.0
2018-09-25,1000.0,1000.0,1000.0,1000.0,1.0
2018-09-26,990.0,990.0,987.0,987.0,20.0
2018-09-27,1003.0,1003.0,1003.0,1003.0,2.0
2018-09-28,1000.0,1000.0,1000.0,1000.0,3.0
2018-10-01,1000.0,1000.0,1000.0,1000.0,1.0
2018-10-02,1000.0,1000.0,1000.0,1000.0,1.0
2018-10-03,1000.0,1000.0,1000.0,1000.0,1.0
2018-10-04,1000.0,1000.0,1000.0,1000.0,1.0
2018-10-05,1000.0,1000.0,1000.0,1000.0,1.0
2018-10-08,1000.0,1000.0,1000.0,1000.0,1.0
2018-10-09,1000.0,1000.0,1000.0,1000.0,1.0
2018-10-10,1000.0,1000.0,1000.0,1000.0,1.0
2018-10-11,1000.0,1000.0,1000.0,1000.0,1.0
2018-10-12,1000.0,1000.0,1000.0,1000.0,1450.0
2018-10-15,998.0,998.0,998.0,998.0,1.0
2018-10-16,998.0,998.0,998.0,998.0,1.0
2018-10-17,998.0,998.0,998.0,998.0,1.0
2018-10-18,998.0,998.0,998.0,998.0,1.0
2018-10-19,998.0,998.0,998.0,998.0,1.0
2018-10-22,998.0,998.0,998.0,998.0,1.0
2018-10-23,998.0,998.0,998.0,998.0,1.0
2018-10-24,998.0,998.0,998.0,998.0,1.0
2018-10-25,998.0,998.0,998.0,998.0,1.0
2018-10-26,990.0,990.0,990.0,990.0,20.0
2018-10-29,997.0,997.0,997.0,997.0,1.0
2018-10-30,985.0,990.0,985.0,990.0,1082.0
2018-10-31,995.0,995.0,995.0,995.0,1.0
2018-11-01,983.0,983.0,983.0,983.0,10.0
2018-11-02,990.0,990.0,990.0,990.0,1.0
2018-11-05,980.0,980.0,980.0,980.0,11.0
2018-11-07,978.0,978.0,978.0,978.0,10.0
2018-11-08,985.0,985.0,985.0,985.0,1.0
2018-11-09,1083.0,1083.0,1083.0,1083.0,100.0
2018-11-12,1037.0,1037.0,1037.0,1037.0,24.0
2018-11-13,1010.0,1010.0,1010.0,1010.0,1.0
2018-11-14,1000.0,1000.0,1000.0,1000.0,1.0
2018-11-15,1000.0,1000.0,1000.0,1000.0,1.0
2018-11-16,995.0,995.0,995.0,995.0,44.0
2018-11-19,997.0,997.0,997.0,997.0,1.0
2018-11-22,997.0,997.0,997.0,997.0,1.0
2018-11-23,997.0,997.0,997.0,997.0,1.0
2018-11-26,997.0,997.0,997.0,997.0,1.0
2018-11-27,997.0,997.0,997.0,997.0,1.0
2018-11-28,997.0,997.0,997.0,997.0,1.0
2018-11-29,997.0,997.0,997.0,997.0,1.0
2018-11-30,997.0,997.0,997.0,997.0,44.0
2018-12-03,997.0,997.0,997.0,997.0,1.0
2018-12-04,985.0,986.0,985.0,986.0,495.0
2018-12-05,986.0,986.0,986.0,986.0,20.0
2018-12-06,990.0,990.0,990.0,990.0,1.0
2018-12-07,992.0,992.0,992.0,992.0,1.0
2018-12-10,992.0,992.0,992.0,992.0,1.0
2018-12-11,1000.0,1000.0,992.0,992.0,9.0
2018-12-12,992.0,992.0,992.0,992.0,1.0
2018-12-13,990.0,990.0,990.0,990.0,2000.0
2018-12-14,980.0,980.0,980.0,980.0,43.0
2018-12-17,990.0,990.0,990.0,990.0,1.0
2018-12-18,990.0,990.0,990.0,990.0,1.0
2018-12-19,984.0,984.0,984.0,984.0,4500.0
2018-12-20,990.0,990.0,990.0,990.0,1.0
2018-12-21,980.0,980.0,980.0,980.0,50.0
2018-12-24,982.0,982.0,982.0,982.0,876.0
2018-12-25,990.0,990.0,990.0,990.0,1.0
2018-12-26,990.0,990.0,990.0,990.0,1.0
2018-12-27,990.0,990.0,990.0,990.0,1.0
2018-12-28,980.0,980.0,980.0,980.0,59.0
2018-12-31,990.0,990.0,990.0,990.0,1.0
2019-01-02,990.0,990.0,990.0,990.0,1.0
2019-01-04,980.0,980.0,980.0,980.0,392.0
2019-01-18,1039.0,1039.0,883.0,883.0,115.0
2019-01-21,960.0,960.0,960.0,960.0,1.0
2019-01-22,900.20001,900.20001,895.0,895.0,50.0
2019-01-23,930.0,930.0,900.0,900.0,955.0
2019-01-24,942.5,942.5,942.5,942.5,1.0
2019-01-25,942.5,950.0,942.5,950.0,27.0
2019-01-28,957.0,957.0,957.0,957.0,1.0
2019-01-29,957.0,957.0,957.0,957.0,1.0
2019-01-30,943.0,943.0,943.0,943.0,120.0
2019-01-31,957.0,957.0,957.0,957.0,1.0
2019-02-01,942.0,942.0,942.0,942.0,2.0
2019-02-04,952.0,952.0,952.0,952.0,1.0
2019-02-05,978.0,979.0,978.0,979.0,33.0
2019-02-06,990.0,990.0,990.0,990.0,1.0
2019-02-07,990.0,990.0,990.0,990.0,1.0
2019-02-08,1020.0,1020.0,1020.0,1020.0,26.0
2019-02-11,1030.0,1030.0,1030.0,1030.0,1.0
2019-02-12,1030.0,1030.0,1030.0,1030.0,1.0
2019-02-13,1030.0,1030.0,1030.0,1030.0,1.0
2019-02-14,1030.0,1030.0,1030.0,1030.0,1.0
2019-02-15,1030.0,1030.0,1030.0,1030.0,1.0
2019-02-18,1030.0,1030.0,1030.0,1030.0,1.0
2019-02-19,1030.0,1030.0,1030.0,1030.0,1.0
2019-02-20,1030.0,1030.0,1030.0,1030.0,1.0
2019-02-21,1030.0,1030.0,1030.0,1030.0,1.0
2019-02-22,1040.0,1040.0,1040.0,1040.0,1.0
2019-02-25,1030.0,1030.0,1030.0,1030.0,1.0
2019-02-26,1035.0,1035.0,1035.0,1035.0,2.0
2019-02-27,1035.0,1035.0,1035.0,1035.0,1.0
2019-02-28,1030.0,1030.0,1030.0,1030.0,1.0
2019-03-01,1030.0,1030.0,1030.0,1030.0,1.0
2019-03-04,1030.0,1030.0,1030.0,1030.0,1.0
2019-03-05,1030.0,1030.0,1030.0,1030.0,1.0
2019-03-06,1030.0,1030.0,1030.0,1030.0,1.0
2019-03-07,1025.0,1025.0,1025.0,1025.0,1.0
2019-03-08,1025.0,1025.0,1025.0,1025.0,1.0
2019-03-11,1025.0,1025.0,1025.0,1025.0,1.0
2019-03-12,1006.0,1006.0,1006.0,1006.0,20.0
2019-03-13,1006.0,1006.0,1001.0,1001.0,999.0
2019-03-14,1000.0,1000.0,991.0,991.0,10.0
2019-03-15,1030.0,1030.0,1030.0,1030.0,29.0
2019-03-18,1030.0,1030.0,1030.0,1030.0,1.0
2019-03-19,1030.0,1030.0,1030.0,1030.0,1.0
2019-03-20,1030.0,1030.0,1030.0,1030.0,1.0
2019-03-21,1030.0,1030.0,1030.0,1030.0,1.0
2019-03-22,1030.0,1030.0,1030.0,1030.0,1.0
2019-03-25,1029.0,1029.0,1029.0,1029.0,1.0
2019-03-26,1029.0,1030.0,1029.0,1030.0,323.0
2019-03-27,1024.0,1024.0,1024.0,1024.0,1.0
2019-03-28,1019.0,1019.0,1019.0,1019.0,1.0
2019-03-29,1019.0,1019.0,1019.0,1019.0,1.0
2019-04-01,1019.0,1019.0,1019.0,1019.0,1.0
2019-04-02,1015.0,1015.0,1015.0,1015.0,1.0
2019-04-03,1017.0,1017.0,1017.0,1017.0,1.0
2019-04-04,1017.0,1017.0,1017.0,1017.0,1.0
2019-04-08,1020.0,1020.0,1020.0,1020.0,1.0
2019-04-09,1020.0,1020.0,1020.0,1020.0,1.0
2019-04-10,1019.0,1019.0,1019.0,1019.0,1.0
2019-04-11,1019.0,1019.0,1019.0,1019.0,1.0
2019-04-12,1001.0,1001.0,1000.0,1000.0,75.0
2019-04-16,992.0,992.0,990.0,990.0,482.0
2019-04-17,1001.0,1001.0,1001.0,1001.0,1.0
2019-04-18,988.0,988.0,988.0,988.0,448.0
2019-04-19,1000.0,1000.0,1000.0,1000.0,343.0
2019-04-22,1000.0,1000.0,1000.0,1000.0,1.0
2019-04-23,1004.0,1004.0,1004.0,1004.0,1.0
2019-04-24,1003.0,1003.0,1003.0,1003.0,1.0
2019-04-25,988.0,988.0,988.0,988.0,452.0
2019-04-26,994.0,994.0,994.0,994.0,1.0
2019-04-29,999.0,999.0,999.0,999.0,1.0
2019-04-30,995.0,995.0,995.0,995.0,1.0
2019-05-02,998.0,998.0,998.0,998.0,1.0
2019-05-03,995.0,995.0,995.0,995.0,1.0
2019-05-06,995.0,995.0,995.0,995.0,1.0
2019-05-07,995.0,995.0,995.0,995.0,1.0
2019-05-08,995.0,995.0,995.0,995.0,1.0
2019-05-09,995.0,995.0,995.0,995.0,1.0
2019-05-10,995.0,995.0,995.0,995.0,1.0
2019-05-13,995.0,995.0,995.0,995.0,1.0
2019-05-14,995.0,995.0,995.0,995.0,1.0
2019-05-15,990.0,990.0,990.0,990.0,733.0
2019-05-16,994.0,994.0,994.0,994.0,1.0
2019-05-17,995.0,995.0,995.0,995.0,4.0
2019-05-20,1014.0,1014.0,1014.0,1014.0,8.0
2019-05-21,1010.0,1010.0,1010.0,1010.0,1.0
2019-05-22,1010.0,1010.0,1010.0,1010.0,1.0
2019-05-23,1010.0,1010.0,1010.0,1010.0,1.0
2019-05-24,1000.0,1000.0,1000.0,1000.0,8.0
2019-05-27,990.0,990.0,920.0,920.0,445.0
2019-05-28,965.0,965.0,965.0,965.0,28.0
2019-05-29,975.0,975.0,975.0,975.0,1.0
2019-05-30,980.0,980.0,980.0,980.0,1.0
2019-05-31,981.0,981.0,981.0,981.0,1.0
2019-06-03,985.0,985.0,985.0,985.0,1.0
2019-06-04,985.0,985.0,985.0,985.0,1.0
2019-06-10,985.0,985.0,985.0,985.0,1.0
2019-06-11,985.0,985.0,985.0,985.0,1.0
2019-06-12,985.0,985.0,985.0,985.0,1.0
2019-06-13,985.0,985.0,985.0,985.0,1.0
2019-06-14,970.0,970.0,970.0,970.0,8.0
2019-06-17,970.0,970.0,970.0,970.0,1.0
2019-06-18,970.0,970.0,970.0,970.0,1.0
2019-06-19,981.0,989.0,981.0,989.0,16321.0
2019-06-20,1000.0,1000.0,1000.0,1000.0,1.0
2019-06-21,1000.0,1000.0,1000.0,1000.0,1.0
2019-06-24,1000.0,1000.0,1000.0,1000.0,1.0
2019-06-25,999.0,999.0,999.0,999.0,3.0
2019-06-26,1000.0,1000.0,1000.0,1000.0,1.0
2019-06-27,995.0,995.0,995.0,995.0,1.0
2019-06-28,981.0,981.0,981.0,981.0,4.0
2019-07-01,1000.0,1000.0,971.09998,971.09998,266.0
2019-07-02,915.5,915.5,915.5,915.5,1.0
2019-07-03,916.5,916.5,916.5,916.5,1.0
2019-07-04,918.0,918.0,918.0,918.0,1.0
2019-07-05,918.0,918.0,918.0,918.0,1.0
2019-07-08,919.0,919.0,919.0,919.0,1.0
2019-07-10,925.0,925.0,925.0,925.0,1.0
2019-07-11,920.0,920.0,900.0,900.0,499.0
2019-07-12,910.5,910.5,910.5,910.5,1.0
2019-07-15,913.0,913.0,913.0,913.0,1.0
2019-07-16,918.0,918.0,918.0,918.0,1.0
2019-07-17,936.0,936.0,936.0,936.0,28.0
2019-07-18,925.0,925.0,925.0,925.0,800.0
2019-07-19,930.0,930.0,930.0,930.0,11.0
2019-07-22,933.5,933.5,933.5,933.5,1.0
2019-07-23,938.5,938.5,938.5,938.5,1.0
2019-07-24,944.0,944.0,944.0,944.0,1.0
2019-07-25,950.0,950.0,950.0,950.0,1.0
2019-07-26,955.0,955.0,950.0,955.0,1.0
2019-07-29,961.0,961.0,961.0,961.0,1.0
2019-07-31,961.0,961.0,946.0,946.0,30.0
2019-08-01,970.0,970.0,970.0,970.0,1.0
2019-08-02,970.0,970.0,970.0,970.0,3.0
2019-08-05,969.0,969.0,969.0,969.0,1.0
2019-08-06,970.0,970.0,970.0,970.0,1.0
2019-08-07,969.0,969.0,969.0,969.0,2.0
2019-08-08,969.0,969.0,969.0,969.0,1.0
2019-08-09,969.0,969.0,969.0,969.0,1.0
2019-08-15,969.0,969.0,969.0,969.0,1.0
2019-08-16,969.0,969.0,969.0,969.0,1.0
2019-08-19,975.0,975.0,975.0,975.0,1.0
2019-08-22,975.0,975.0,975.0,975.0,1.0
2019-08-23,975.0,975.0,975.0,975.0,1.0
2019-08-26,975.0,975.0,975.0,975.0,1.0
2019-08-27,978.0,978.0,978.0,978.0,1.0
2019-08-28,978.0,978.0,978.0,978.0,2.0
2019-08-29,978.0,978.0,978.0,978.0,1.0
2019-08-30,978.0,978.0,978.0,978.0,1.0
2019-09-02,980.0,980.0,980.0,980.0,1.0
2019-09-03,980.0,980.0,980.0,980.0,5.0
2019-09-04,979.0,979.0,979.0,979.0,1.0
2019-09-05,979.0,979.0,979.0,979.0,1.0
2019-09-06,961.0,961.0,961.0,961.0,17.0
2019-09-09,970.0,970.0,970.0,970.0,1.0
2019-09-10,962.0,962.0,961.0,961.0,30.0
2019-09-11,970.0,970.0,970.0,970.0,1.0
2019-09-12,974.0,974.0,974.0,974.0,1.0
2019-09-13,974.0,974.0,974.0,974.0,1.0
2019-09-16,974.0,974.0,974.0,974.0,1.0
2019-09-17,974.0,974.0,974.0,974.0,1.0
2019-09-18,974.0,974.0,974.0,974.0,1.0
2019-09-19,974.0,974.0,974.0,974.0,1.0
2019-09-20,974.0,975.0,955.0,955.0,420.0
2019-09-23,963.0,963.0,963.0,963.0,1.0
2019-09-24,963.0,963.0,963.0,963.0,97.0
2019-09-25,964.0,964.0,963.0,963.0,68.0
2019-09-26,969.0,969.0,969.0,969.0,1.0
2019-09-27,980.0,980.0,980.0,980.0,455.0
2019-09-30,970.0,970.0,970.0,970.0,27.0
2019-10-01,980.0,980.0,980.0,980.0,1.0
2019-10-02,980.0,980.0,980.0,980.0,1.0
2019-10-03,980.0,980.0,980.0,980.0,1.0
2019-10-04,1020.0,1020.0,1020.0,1020.0,260.0
2019-10-07,995.0,995.0,995.0,995.0,9.0
2019-10-08,994.5,994.5,994.5,994.5,1.0
2019-10-09,994.5,994.5,994.5,994.5,1.0
2019-10-10,994.5,1000.0,994.5,1000.0,2197.0
2019-10-11,1000.0,1000.0,1000.0,1000.0,1426.0
2019-10-14,1000.0,1000.0,1000.0,1000.0,1.0
2019-10-15,1000.0,1000.0,1000.0,1000.0,1.0
2019-10-16,1000.0,1000.0,1000.0,1000.0,1.0
2019-10-17,1000.0,1000.0,1000.0,1000.0,1.0
2019-10-18,1000.0,1000.0,1000.0,1000.0,1.0
2019-10-21,981.0,981.0,962.0,962.0,33.0
2019-10-22,1000.0,1000.0,1000.0,1000.0,1027.0
2019-10-23,1002.0,1002.0,1002.0,1002.0,1.0
2019-10-24,1002.0,1002.0,1002.0,1002.0,1.0
2019-10-25,1000.0,1000.0,1000.0,1000.0,1.0
2019-10-28,1000.0,1000.0,1000.0,1000.0,1.0
2019-10-29,1000.0,1000.0,1000.0,1000.0,1.0
2019-10-30,1000.0,1000.0,1000.0,1000.0,1.0
2019-10-31,1000.0,1000.0,1000.0,1000.0,1.0
2019-11-01,1019.0,1020.0,1019.0,1020.0,10.0
2019-11-04,1020.0,1020.0,1020.0,1020.0,1.0
2019-11-05,1000.0,1000.0,995.0,995.0,153.0
2019-11-07,1005.0,1005.0,1005.0,1005.0,1.0
2019-11-08,1000.0,1000.0,1000.0,1000.0,273.0
2019-11-12,1005.0,1005.0,1005.0,1005.0,1.0
2019-11-13,1005.0,1005.0,1005.0,1005.0,1.0
2019-11-14,1005.0,1005.0,1005.0,1005.0,1.0
2019-11-15,1005.0,1005.0,1005.0,1005.0,1.0
2019-11-19,1005.0,1005.0,1005.0,1005.0,70.0
2019-11-20,1005.0,1005.0,1005.0,1005.0,1.0
2019-11-21,1005.0,1005.0,1005.0,1005.0,1.0
2019-11-22,1005.0,1005.0,1005.0,1005.0,1.0
2019-11-25,1005.0,1005.0,1005.0,1005.0,1.0
2019-11-26,1005.0,1005.0,1005.0,1005.0,1.0
2019-11-27,1005.0,1005.0,1005.0,1005.0,1.0
2019-11-28,1002.0,1002.0,1001.0,1001.0,30.0
2019-11-29,1005.0,1005.0,1005.0,1005.0,1.0
2019-12-02,1005.0,1005.0,1005.0,1005.0,1.0
2019-12-03,1005.0,1005.0,1005.0,1005.0,1.0
2019-12-04,1005.0,1005.0,1005.0,1005.0,1.0
2019-12-05,1005.0,1005.0,1005.0,1005.0,1.0
2019-12-06,1025.0,1025.0,1025.0,1025.0,2.0
2019-12-09,1025.0,1025.0,1025.0,1025.0,1.0
2019-12-10,1025.0,1025.0,1025.0,1025.0,1.0
2019-12-11,1025.0,1025.0,1025.0,1025.0,1.0
2019-12-12,1025.0,1025.0,1025.0,1025.0,1.0
2019-12-13,1025.0,1025.0,1025.0,1025.0,1.0
2019-12-16,1025.0,1025.0,1025.0,1025.0,1.0
2019-12-17,1025.0,1025.0,1025.0,1025.0,1.0
2019-12-18,1025.0,1025.0,1025.0,1025.0,1.0
2019-12-19,1025.0,1025.0,1025.0,1025.0,1.0
2019-12-20,1045.0,1045.0,1045.0,1045.0,41.0
2019-12-23,1045.0,1045.0,1025.0,1025.0,134.0
2019-12-24,1025.0,1025.0,1025.0,1025.0,1.0
2019-12-25,1025.0,1025.0,1025.0,1025.0,2071.0
2019-12-26,1025.0,1025.0,1025.0,1025.0,1.0
2019-12-27,1025.0,1025.0,1025.0,1025.0,1.0
2019-12-30,1025.0,1025.0,1025.0,1025.0,1.0
2019-12-31,1025.0,1025.0,1025.0,1025.0,1.0
2020-01-02,1025.0,1025.0,1025.0,1025.0,1.0
2020-01-03,1025.0,1025.0,1025.0,1025.0,1.0
2020-01-06,1011.0,1011.0,1011.0,1011.0,1.0
2020-01-07,1020.0,1020.0,1020.0,1020.0,1.0
2020-01-08,1020.0,1020.0,1020.0,1020.0,1.0
2020-01-09,1020.0,1020.0,1020.0,1020.0,1.0
2020-01-10,1022.0,1022.0,1022.0,1022.0,1.0
2020-01-13,1025.0,1025.0,1025.0,1025.0,1.0
2020-01-14,1025.0,1025.0,1025.0,1025.0,1.0
2020-01-15,1025.0,1025.0,1025.0,1025.0,1.0
2020-01-16,1025.0,1025.0,1025.0,1025.0,1.0
2020-01-17,1005.0,1050.0,990.0,1050.0,10761.0
2020-01-20,1050.0,1050.0,1050.0,1050.0,1.0
2020-01-21,1070.0,1071.0,1070.0,1071.0,144.0
2020-01-22,1071.0,1071.0,1071.0,1071.0,1.0
2020-01-23,1050.0,1050.0,1050.0,1050.0,1.0
2020-01-24,1052.0,1052.0,1052.0,1052.0,1.0
2020-01-27,1052.0,1052.0,1052.0,1052.0,1.0
2020-01-28,1052.0,1052.0,1052.0,1052.0,1.0
2020-01-29,1052.0,1052.0,1052.0,1052.0,1.0
2020-01-30,1052.0,1052.0,1052.0,1052.0,1.0
2020-01-31,1032.0,1032.0,1032.0,1032.0,10.0
2020-02-03,1032.0,1032.0,1032.0,1032.0,1.0
2020-02-04,1032.0,1032.0,1032.0,1032.0,1.0
2020-02-05,1032.0,1032.0,1032.0,1032.0,1.0
2020-02-06,1032.0,1032.0,1032.0,1032.0,1.0
2020-02-07,1032.0,1032.0,1032.0,1032.0,1.0
2020-02-10,1025.0,1025.0,1025.0,1025.0,1.0
2020-02-11,1030.0,1030.0,1030.0,1030.0,1.0
2020-02-12,1030.0,1030.0,1030.0,1030.0,1.0
2020-02-13,1030.0,1030.0,1030.0,1030.0,1.0
2020-02-14,1030.0,1030.0,1030.0,1030.0,1.0
2020-02-17,1016.0,1016.0,1016.0,1016.0,6.0
2020-02-18,1020.0,1020.0,1020.0,1020.0,1.0
2020-02-19,1040.0,1040.0,1040.0,1040.0,50.0
2020-02-20,1040.0,1040.0,1040.0,1040.0,1.0
2020-02-21,1040.0,1040.0,1040.0,1040.0,1.0
2020-02-24,1060.0,1060.0,1060.0,1060.0,40.0
2020-02-25,1065.0,1065.0,1065.0,1065.0,1.0
2020-02-26,1067.0,1067.0,1067.0,1067.0,1.0
2020-02-27,1067.0,1067.0,1067.0,1067.0,1.0
2020-02-28,1066.0,1066.0,1066.0,1066.0,1.0
2020-03-02,1070.0,1070.0,1070.0,1070.0,36.0
2020-03-03,1070.0,1070.0,1070.0,1070.0,48.0
2020-03-04,1066.0,1066.0,1066.0,1066.0,1.0
2020-03-05,1066.0,1066.0,1066.0,1066.0,1.0
2020-03-06,1070.0,1070.0,1070.0,1070.0,1.0
2020-03-09,1050.0,1050.0,1050.0,1050.0,40.0
2020-03-10,1046.0,1046.0,1046.0,1046.0,1.0
2020-03-11,1046.0,1046.0,1046.0,1046.0,1.0
2020-03-12,1050.0,1050.0,1025.0,1025.0,16.0
2020-03-13,1010.0,1010.0,1010.0,1010.0,207.0
2020-03-16,991.0,991.0,990.0,990.0,52.0
2020-03-17,990.0,990.0,990.0,990.0,1.0
2020-03-18,990.0,990.0,974.0,974.0,21.0
2020-03-19,960.0,960.0,960.0,960.0,43.0
2020-03-20,941.0,941.0,941.0,941.0,1214.0
2020-03-23,943.0,943.0,943.0,943.0,1.0
2020-03-24,943.0,943.0,943.0,943.0,1.0
2020-03-25,943.0,943.0,943.0,943.0,1.0
2020-03-26,960.0,960.0,960.0,960.0,1.0
2020-03-27,963.0,963.0,963.0,963.0,1.0
2020-03-30,963.0,963.0,963.0,963.0,1.0
2020-03-31,982.0,982.0,982.0,982.0,25.0
2020-04-01,979.0,979.0,979.0,979.0,1.0
2020-04-02,979.0,979.0,979.0,979.0,1.0
2020-04-03,979.0,979.0,979.0,979.0,1.0
2020-04-06,979.0,979.0,979.0,979.0,1.0
2020-04-07,985.0,985.0,985.0,985.0,1.0
2020-04-08,990.0,990.0,990.0,990.0,1.0
2020-04-09,990.0,990.0,990.0,990.0,1.0
2020-04-10,990.0,990.0,990.0,990.0,1.0
2020-04-13,990.0,990.0,990.0,990.0,1.0
2020-04-14,990.0,990.0,990.0,990.0,1.0
2020-04-15,990.0,990.0,990.0,990.0,1.0
2020-04-16,994.0,994.0,994.0,994.0,1.0
2020-04-17,994.0,994.0,994.0,994.0,1.0
2020-04-20,994.0,994.0,994.0,994.0,1.0
2020-04-21,998.0,998.0,998.0,998.0,1.0
2020-04-22,998.0,998.0,998.0,998.0,1.0
2020-04-23,959.0,959.0,959.0,959.0,50.0
2020-04-24,948.0,948.0,948.0,948.0,5.0
2020-04-27,941.0,941.0,941.0,941.0,2.0
2020-04-28,940.0,940.0,940.0,940.0,2.0
2020-04-29,952.0,952.0,952.0,952.0,1.0
2020-04-30,970.0,970.0,970.0,970.0,301.0
2020-05-04,979.0,979.0,979.0,979.0,1.0
2020-05-05,989.0,989.0,989.0,989.0,1.0
2020-05-06,999.0,999.0,999.0,999.0,1.0
2020-05-07,1000.0,1000.0,1000.0,1000.0,1.0
2020-05-08,1001.0,1001.0,1001.0,1001.0,1.0
2020-05-11,1001.0,1001.0,1001.0,1001.0,1.0
2020-05-12,1001.0,1001.0,1001.0,1001.0,1.0
2020-05-13,1001.0,1001.0,1001.0,1001.0,1.0
2020-05-14,1001.0,1001.0,1001.0,1001.0,1.0
2020-05-15,1001.0,1001.0,1001.0,1001.0,1.0
2020-05-18,1001.0,1001.0,1001.0,1001.0,1.0
2020-05-19,1001.0,1001.0,1001.0,1001.0,1.0
2020-05-20,1001.0,1001.0,1001.0,1001.0,1.0
2020-05-21,1001.0,1001.0,1001.0,1001.0,1.0
2020-05-22,1001.0,1001.0,1001.0,1001.0,1.0
2020-05-26,1001.0,1001.0,1001.0,1001.0,1.0
2020-05-27,1019.0,1020.0,1019.0,1020.0,45.0
2020-05-28,1020.0,1020.0,1020.0,1020.0,1.0
2020-05-29,1000.0,1000.0,1000.0,1000.0,46.0
2020-06-01,1004.0,1004.0,1004.0,1004.0,1.0
2020-06-02,1004.0,1004.0,1004.0,1004.0,1.0
2020-06-03,1005.0,1005.0,1005.0,1005.0,1.0
2020-06-04,1005.0,1005.0,1005.0,1005.0,1.0
2020-06-05,1005.0,1005.0,1005.0,1005.0,1.0
2020-06-08,1005.0,1005.0,1005.0,1005.0,1.0
2020-06-09,1005.0,1005.0,1005.0,1005.0,1.0
2020-06-10,985.0,985.0,985.0,985.0,26.0
2020-06-11,989.0,989.0,989.0,989.0,1.0
2020-06-12,995.0,995.0,995.0,995.0,1.0
2020-06-15,1000.0,1000.0,1000.0,1000.0,1.0
2020-06-16,1002.0,1002.0,1002.0,1002.0,1.0
2020-06-17,1022.0,1022.0,1022.0,1022.0,40.0
2020-06-18,1025.0,1025.0,1025.0,1025.0,1.0
2020-06-19,1025.0,1025.0,1025.0,1025.0,1.0
2020-06-22,1044.0,1044.0,1005.0,1005.0,41.0
2020-06-23,1005.0,1005.0,1005.0,1005.0,1.0
2020-06-24,1005.0,1005.0,1005.0,1005.0,1.0
2020-06-25,1005.0,1005.0,1005.0,1005.0,1.0
2020-06-26,1005.0,1005.0,1005.0,1005.0,1.0
2020-06-29,1005.0,1005.0,1005.0,1005.0,1.0
2020-06-30,1005.0,1005.0,1005.0,1005.0,1.0
2020-07-01,986.0,986.0,986.0,986.0,8.0
2020-07-02,994.0,994.0,994.0,994.0,1.0
2020-07-03,1000.0,1000.0,1000.0,1000.0,1.0
2020-07-06,1004.0,1004.0,1004.0,1004.0,1.0
2020-07-07,1004.0,1004.0,1004.0,1004.0,1.0
2020-07-08,1004.0,1004.0,1004.0,1004.0,1.0
2020-07-09,1004.0,1004.0,1004.0,1004.0,1.0
2020-07-10,1004.0,1004.0,1004.0,1004.0,1.0
2020-07-13,1004.0,1004.0,1004.0,1004.0,1.0
2020-07-14,1004.0,1004.0,1004.0,1004.0,1.0
2020-07-15,1010.0,1010.0,1010.0,1010.0,2.0
2020-07-16,1009.0,1009.0,1009.0,1009.0,1.0
2020-07-17,1000.0,1000.0,1000.0,1000.0,2870.0
2020-07-20,1000.0,1000.0,1000.0,1000.0,1.0
2020-07-21,1004.0,1004.0,1004.0,1004.0,1.0
2020-07-22,1005.0,1005.0,1005.0,1005.0,1.0
2020-07-23,1001.0,1001.0,1001.0,1001.0,2.0
2020-07-24,1005.0,1005.0,1005.0,1005.0,1.0
2020-07-27,1009.0,1009.0,1009.0,1009.0,1.0
2020-07-28,1009.0,1009.0,1009.0,1009.0,1.0
2020-07-29,1009.0,1009.0,1009.0,1009.0,1.0
2020-08-03,1028.0,1029.0,1028.0,1029.0,48.0
2020-08-04,1028.0,1028.0,1028.0,1028.0,1.0
2020-08-05,1017.0,1017.0,1017.0,1017.0,5.0
2020-08-06,990.0,990.0,990.0,990.0,10.0
2020-08-07,1001.0,1001.0,1001.0,1001.0,1.0
2020-08-10,1004.0,1004.0,1004.0,1004.0,1.0
2020-08-11,1005.0,1005.0,1005.0,1005.0,1.0
2020-08-12,1005.0,1005.0,1005.0,1005.0,1.0
2020-08-13,1005.0,1005.0,1005.0,1005.0,1.0
2020-08-17,1005.0,1005.0,1005.0,1005.0,1.0
2020-08-18,1004.0,1004.0,1004.0,1004.0,1.0
2020-08-19,1005.0,1005.0,1005.0,1005.0,1.0
2020-08-24,1005.0,1005.0,1005.0,1005.0,1.0
2020-08-25,1005.0,1005.0,1005.0,1005.0,1.0
2020-08-26,1005.0,1005.0,1005.0,1005.0,1.0
2020-08-27,1005.0,1005.0,1005.0,1005.0,1.0
2020-08-28,1005.0,1005.0,1005.0,1005.0,1.0
2020-08-31,1005.0,1005.0,1005.0,1005.0,1.0
2020-09-01,1005.0,1005.0,1005.0,1005.0,1.0
2020-09-02,987.0,987.0,986.0,986.0,18.0
2020-09-03,995.0,995.0,995.0,995.0,1.0
2020-09-04,1000.0,1000.0,1000.0,1000.0,1.0
2020-09-07,1005.0,1005.0,1005.0,1005.0,1.0
2020-09-08,1005.0,1005.0,1005.0,1005.0,1.0
2020-09-09,1005.0,1005.0,1005.0,1005.0,1.0
2020-09-10,1005.0,1005.0,1005.0,1005.0,1.0
2020-09-11,1005.0,1005.0,1005.0,1005.0,127.0
2020-09-14,1005.0,1005.0,1005.0,1005.0,1.0
2020-09-15,1005.0,1005.0,1005.0,1005.0,1.0
2020-09-16,1005.0,1005.0,1005.0,1005.0,1.0
2020-09-17,1005.0,1005.0,1005.0,1005.0,1.0
2020-09-18,1005.0,1005.0,1005.0,1005.0,1.0
2020-09-21,1005.0,1005.0,1005.0,1005.0,1.0
2020-09-22,1005.0,1005.0,1005.0,1005.0,1.0
2020-09-23,987.0,987.0,986.0,986.0,6.0
2020-09-24,994.0,994.0,994.0,994.0,1.0
2020-09-25,999.0,999.0,999.0,999.0,1.0
2020-09-28,1005.0,1005.0,1005.0,1005.0,1.0
2020-09-29,1005.0,1005.0,1005.0,1005.0,1.0
2020-09-30,1005.0,1005.0,1005.0,1005.0,1.0
2020-10-01,1005.0,1005.0,1005.0,1005.0,1.0
2020-10-02,1005.0,1005.0,1005.0,1005.0,1.0
2020-10-05,1010.0,1045.0,1010.0,1045.0,130.0
2020-10-06,1045.0,1045.0,1045.0,1045.0,1.0
2020-10-07,1045.0,1045.0,1045.0,1045.0,1.0
2020-10-08,1045.0,1045.0,1045.0,1045.0,1.0
2020-10-09,1045.0,1045.0,1045.0,1045.0,1.0
2020-10-12,1045.0,1045.0,1045.0,1045.0,1.0
2020-10-13,1045.0,1045.0,1045.0,1045.0,1.0
2020-10-14,1045.0,1045.0,1045.0,1045.0,1.0
2020-10-15,1045.0,1045.0,1045.0,1045.0,1.0
2020-10-16,1040.0,1040.0,1040.0,1040.0,1.0
2020-10-19,1040.0,1040.0,1040.0,1040.0,1.0
2020-10-20,1040.0,1040.0,1040.0,1040.0,1.0
2020-10-21,1040.0,1040.0,1040.0,1040.0,1.0
2020-10-22,1020.0,1020.0,1020.0,1020.0,11.0
2020-10-23,1020.0,1020.0,1020.0,1020.0,1.0
2020-10-26,1020.0,1020.0,1020.0,1020.0,1.0
2020-10-27,1020.0,1020.0,1020.0,1020.0,1.0
2020-10-28,1020.0,1020.0,1020.0,1020.0,1.0
2020-11-02,1019.0,1019.0,1019.0,1019.0,1.0
2020-11-03,1020.0,1020.0,1020.0,1020.0,1.0
2020-11-04,1019.0,1019.0,1019.0,1019.0,1.0
2020-11-05,1018.0,1018.0,1018.0,1018.0,1.0
2020-11-09,1018.0,1018.0,1018.0,1018.0,1.0
2020-11-10,1019.0,1019.0,1019.0,1019.0,9.0
2020-11-11,1020.0,1020.0,1020.0,1020.0,1.0
2020-11-12,1020.0,1020.0,1020.0,1020.0,1.0
2020-11-13,1020.0,1020.0,1020.0,1020.0,1.0
2020-11-16,1020.0,1020.0,1020.0,1020.0,1.0
2020-11-17,1020.0,1020.0,1020.0,1020.0,1.0
2020-11-19,1020.0,1020.0,1020.0,1020.0,1.0
2020-11-20,1020.0,1020.0,1020.0,1020.0,1.0
2020-11-23,1020.0,1020.0,1020.0,1020.0,1.0
2020-11-24,1001.0,1001.0,1001.0,1001.0,11.0
2020-11-25,1002.0,1002.0,1002.0,1002.0,1.0
2020-11-26,1030.0,1030.0,1030.0,1030.0,45.0
2020-11-27,1039.0,1039.0,1039.0,1039.0,1.0
2020-11-30,1040.0,1040.0,1040.0,1040.0,1.0
2020-12-01,1040.0,1040.0,1040.0,1040.0,1.0
2020-12-02,1040.0,1040.0,1040.0,1040.0,1.0
2020-12-03,1040.0,1040.0,1040.0,1040.0,1.0
2020-12-04,1039.0,1039.0,1039.0,1039.0,1.0
2020-12-07,1039.0,1039.0,1039.0,1039.0,1.0
2020-12-08,1039.0,1039.0,1039.0,1039.0,1.0
2020-12-09,1040.0,1040.0,1040.0,1040.0,1.0
2020-12-10,1040.0,1040.0,1040.0,1040.0,1.0
2020-12-11,1040.0,1040.0,1040.0,1040.0,55.0
2020-12-14,1050.0,1050.0,1050.0,1050.0,1.0
2020-12-15,1050.0,1050.0,1050.0,1050.0,3.0
2020-12-16,1060.0,1060.0,1060.0,1060.0,1.0
2020-12-17,1072.0,1072.0,1072.0,1072.0,1.0
2020-12-18,1110.0,1110.0,1110.0,1110.0,81.0
2020-12-21,1100.0,1100.0,1100.0,1100.0,45.0
2020-12-22,1101.0,1101.0,1101.0,1101.0,1.0
2020-12-23,1101.0,1101.0,1101.0,1101.0,1.0
2020-12-24,1101.0,1101.0,1101.0,1101.0,1.0
2020-12-25,1057.0,1057.0,1057.0,1057.0,63.0
2020-12-28,1078.0,1078.0,1078.0,1078.0,15.0
2020-12-29,1100.0,1100.0,1100.0,1100.0,26.0
2020-12-30,1100.0,1100.0,1100.0,1100.0,40.0
2020-12-31,1116.0,1116.0,1116.0,1116.0,1.0
2021-01-04,1116.0,1116.0,1116.0,1116.0,1.0
2021-01-05,1111.0,1111.0,1111.0,1111.0,1.0
2021-01-06,1111.0,1111.0,1111.0,1111.0,1.0
2021-01-07,1111.0,1111.0,1111.0,1111.0,1.0
2021-01-08,1090.0,1090.0,1090.0,1090.0,13.0
2021-01-12,1091.0,1091.0,1091.0,1091.0,1.0
2021-01-13,1112.0,1112.0,1112.0,1112.0,40.0
2021-01-14,1122.0,1122.0,1122.0,1122.0,1.0
2021-01-15,1122.0,1122.0,1122.0,1122.0,160.0
2021-01-18,1132.0,1132.0,1132.0,1132.0,1.0
2021-01-19,1133.0,1133.0,1133.0,1133.0,1.0
2021-01-20,1133.0,1133.0,1133.0,1133.0,1.0
2021-01-21,1133.0,1133.0,1133.0,1133.0,1.0
2021-01-22,1133.0,1133.0,1133.0,1133.0,1.0
2021-01-25,1133.0,1133.0,1133.0,1133.0,1.0
2021-01-26,1133.0,1133.0,1133.0,1133.0,1.0
2021-01-27,1154.0,1154.0,1154.0,1154.0,4.0
2021-01-28,1152.0,1152.0,1152.0,1152.0,1.0
2021-01-29,1152.0,1152.0,1152.0,1152.0,464.0
2021-02-01,1152.0,1152.0,1152.0,1152.0,1.0
2021-02-02,1152.0,1152.0,1152.0,1152.0,1.0
2021-02-03,1152.0,1152.0,1152.0,1152.0,1.0
2021-02-04,1152.0,1152.0,1152.0,1152.0,1.0
2021-02-05,1131.0,1131.0,1131.0,1131.0,1.0
2021-02-08,1138.0,1138.0,1138.0,1138.0,1.0
2021-02-09,1141.0,1141.0,1141.0,1141.0,1.0
2021-02-10,1141.0,1141.0,1141.0,1141.0,1.0
2021-02-11,1163.0,1163.0,1163.0,1163.0,10.0
2021-02-12,1172.0,1172.0,1172.0,1172.0,1.0
2021-02-15,1171.0,1171.0,1171.0,1171.0,1.0
2021-02-16,1192.0,1192.0,1192.0,1192.0,1.0
2021-02-17,1192.0,1192.0,1192.0,1192.0,1.0
2021-02-18,1192.0,1192.0,1192.0,1192.0,1.0
2021-02-19,1192.0,1192.0,1192.0,1192.0,1.0
2021-02-22,1192.0,1192.0,1192.0,1192.0,1.0
2021-02-23,1171.0,1171.0,1170.0,1170.0,11.0
2021-02-24,1172.0,1172.0,1172.0,1172.0,1.0
2021-02-25,1172.0,1172.0,1172.0,1172.0,1.0
2021-02-26,1187.0,1187.0,1187.0,1187.0,1.0
2021-03-01,1187.0,1187.0,1187.0,1187.0,1.0
2021-03-02,1187.0,1187.0,1187.0,1187.0,1.0
2021-03-03,1187.0,1187.0,1187.0,1187.0,1.0
2021-03-04,1187.0,1187.0,1187.0,1187.0,1.0
2021-03-05,1165.0,1165.0,1165.0,1165.0,10.0
2021-03-08,1165.0,1165.0,1165.0,1165.0,1.0
2021-03-09,1143.0,1143.0,1143.0,1143.0,4.0
2021-03-10,1148.0,1148.0,1148.0,1148.0,1.0
2021-03-11,1148.0,1148.0,1148.0,1148.0,1.0
2021-03-12,1148.0,1148.0,1148.0,1148.0,123.0
2021-03-15,1148.0,1148.0,1148.0,1148.0,1.0
2021-03-16,1148.0,1148.0,1148.0,1148.0,1.0
2021-03-17,1148.0,1148.0,1148.0,1148.0,1.0
2021-03-18,1148.0,1148.0,1148.0,1148.0,1.0
2021-03-19,1129.0,1129.0,1129.0,1129.0,8.0
2021-03-22,1133.0,1133.0,1133.0,1133.0,1.0
2021-03-23,1141.0,1141.0,1141.0,1141.0,1.0
2021-03-24,1141.0,1141.0,1141.0,1141.0,1.0
2021-03-25,1146.0,1146.0,1146.0,1146.0,1.0
2021-03-26,1146.0,1146.0,1146.0,1146.0,1.0
2021-03-29,1132.0,1132.0,1130.0,1130.0,39.0
2021-03-30,1136.0,1136.0,1136.0,1136.0,1.0
2021-03-31,1141.0,1141.0,1141.0,1141.0,1.0
2021-04-01,1162.0,1162.0,1162.0,1162.0,1.0
2021-04-02,1162.0,1162.0,1162.0,1162.0,1.0
2021-04-05,1162.0,1162.0,1162.0,1162.0,1.0
2021-04-06,1162.0,1162.0,1162.0,1162.0,1.0
2021-04-07,1162.0,1162.0,1162.0,1162.0,1.0
2021-04-08,1162.0,1162.0,1162.0,1162.0,1.0
2021-04-09,1162.0,1162.0,1162.0,1162.0,1.0
2021-04-12,1162.0,1162.0,1162.0,1162.0,1.0
2021-04-13,1162.0,1162.0,1162.0,1162.0,1.0
2021-04-14,1162.0,1162.0,1162.0,1162.0,1.0
2021-04-15,1162.0,1162.0,1162.0,1162.0,1.0
2021-04-16,1162.0,1162.0,1162.0,1162.0,1.0
2021-04-19,1162.0,1162.0,1162.0,1162.0,1.0
2021-04-20,1162.0,1162.0,1162.0,1162.0,1.0
2021-04-21,1162.0,1162.0,1162.0,1162.0,1.0
2021-04-22,1162.0,1162.0,1162.0,1162.0,1.0
2021-04-23,1162.0,1162.0,1162.0,1162.0,1.0
2021-04-26,1162.0,1162.0,1162.0,1162.0,1.0
2021-04-27,1162.0,1162.0,1162.0,1162.0,1.0
2021-04-28,1162.0,1162.0,1162.0,1162.0,1.0
2021-04-29,1162.0,1162.0,1162.0,1162.0,1.0
2021-04-30,1142.0,1142.0,1142.0,1142.0,23.0
2021-05-03,1151.0,1151.0,1151.0,1151.0,1.0
2021-05-04,1163.0,1163.0,1163.0,1163.0,1.0
2021-05-05,1167.0,1167.0,1167.0,1167.0,1.0
2021-05-06,1189.0,1189.0,1189.0,1189.0,7.0
2021-05-07,1189.0,1189.0,1189.0,1189.0,1.0
2021-05-10,1190.0,1190.0,1190.0,1190.0,1.0
2021-05-11,1190.0,1190.0,1190.0,1190.0,1.0
2021-05-12,1200.0,1200.0,1200.0,1200.0,1.0
2021-05-18,1208.0,1222.0,1208.0,1222.0,2.0
2021-05-19,1201.0,1201.0,1201.0,1201.0,1.0
2021-05-20,1201.0,1201.0,1201.0,1201.0,1.0
2021-05-21,1201.0,1201.0,1201.0,1201.0,1.0
2021-05-24,1202.0,1202.0,1202.0,1202.0,23.0
2021-05-25,1202.0,1202.0,1202.0,1202.0,1.0
2021-05-26,1202.0,1202.0,1202.0,1202.0,1.0
2021-05-27,1202.0,1202.0,1202.0,1202.0,1.0
2021-05-28,1202.0,1202.0,1202.0,1202.0,1.0
2021-05-31,1202.0,1202.0,1202.0,1202.0,1.0
2021-06-01,1200.0,1200.0,1200.0,1200.0,2495.0
2021-06-02,1202.0,1202.0,1202.0,1202.0,1.0
2021-06-03,1212.0,1212.0,1212.0,1212.0,1.0
2021-06-04,1212.0,1212.0,1212.0,1212.0,1.0
2021-06-07,1212.0,1212.0,1212.0,1212.0,1.0
2021-06-08,1215.0,1215.0,1215.0,1215.0,2500.0
2021-06-09,1220.0,1220.0,1200.0,1200.0,4502.0
2021-06-10,1190.0,1190.0,1190.0,1190.0,1.0
2021-06-11,1220.0,1220.0,1220.0,1220.0,1.0
2021-06-14,1221.0,1221.0,1221.0,1221.0,186.0
2021-06-15,1221.0,1221.0,1221.0,1221.0,1171.0
2021-06-16,1225.0,1225.0,1225.0,1225.0,1.0
2021-06-17,1225.0,1225.0,1225.0,1225.0,1.0
2021-06-18,1204.0,1204.0,1204.0,1204.0,100.0
2021-06-21,1212.0,1212.0,1212.0,1212.0,1.0
2021-06-22,1212.0,1212.0,1212.0,1212.0,1.0
2021-06-23,1212.0,1212.0,1212.0,1212.0,1.0
2021-06-24,1212.0,1212.0,1212.0,1212.0,1.0
2021-06-25,1225.0,1225.0,1225.0,1225.0,21.0
2021-06-28,1225.0,1225.0,1225.0,1225.0,1.0
2021-06-29,1225.0,1225.0,1225.0,1225.0,1.0
2021-06-30,1225.0,1225.0,1225.0,1225.0,1.0
2021-07-01,1225.0,1225.0,1225.0,1225.0,1.0
2021-07-02,1225.0,1225.0,1225.0,1225.0,1.0
2021-07-05,1225.0,1225.0,1225.0,1225.0,1.0
2021-07-06,1225.0,1225.0,1225.0,1225.0,1.0
2021-07-07,1225.0,1225.0,1225.0,1225.0,1.0
2021-07-08,1225.0,1225.0,1225.0,1225.0,1.0
2021-07-09,1225.0,1225.0,1225.0,1225.0,1.0
2021-07-12,1225.0,1225.0,1225.0,1225.0,1.0
2021-07-13,1225.0,1225.0,1225.0,1225.0,1.0
2021-07-14,1225.0,1225.0,1225.0,1225.0,1.0
2021-07-15,1225.0,1225.0,1225.0,1225.0,1.0
2021-07-16,1225.0,1225.0,1225.0,1225.0,1.0
2021-07-19,1225.0,1225.0,1225.0,1225.0,1.0
2021-07-20,1225.0,1225.0,1225.0,1225.0,1.0
2021-07-23,1225.0,1225.0,1225.0,1225.0,1.0
2021-07-26,1225.0,1225.0,1225.0,1225.0,1.0
2021-07-27,1225.0,1225.0,1225.0,1225.0,1.0
2021-07-28,1225.0,1225.0,1225.0,1225.0,1.0
2021-07-29,1225.0,1225.0,1225.0,1225.0,1.0
2021-08-02,1233.0,1233.0,1233.0,1233.0,1.0
2021-08-03,1233.0,1233.0,1233.0,1233.0,1.0
2021-08-04,1233.0,1233.0,1233.0,1233.0,1.0
2021-08-05,1248.0,1248.0,1248.0,1248.0,1.0
2021-08-06,1246.0,1246.0,1246.0,1246.0,1.0
2021-08-09,1246.0,1246.0,1246.0,1246.0,1.0
2021-08-11,1246.0,1246.0,1246.0,1246.0,1.0
2021-08-12,1246.0,1246.0,1246.0,1246.0,1.0
2021-08-13,1246.0,1246.0,1246.0,1246.0,1.0
2021-08-16,1203.0,1203.0,1203.0,1203.0,1.0
2021-08-17,1203.0,1203.0,1203.0,1203.0,1.0
2021-08-18,1205.0,1205.0,1205.0,1205.0,1.0
2021-08-19,1225.0,1225.0,1225.0,1225.0,50.0
2021-08-23,1228.0,1228.0,1228.0,1228.0,1.0
2021-08-24,1225.0,1225.0,1225.0,1225.0,1.0
2021-08-25,1202.0,1202.0,1202.0,1202.0,4.0
2021-08-26,1212.0,1212.0,1212.0,1212.0,1.0
2021-08-27,1212.0,1212.0,1212.0,1212.0,1.0
2021-08-30,1231.0,1235.0,1231.0,1235.0,10.0
2021-08-31,1212.0,1212.0,1212.0,1212.0,10.0
2021-09-01,1212.0,1212.0,1212.0,1212.0,1.0
2021-09-02,1220.0,1220.0,1220.0,1220.0,1000.0
2021-09-03,1220.0,1220.0,1220.0,1220.0,97.0
2021-09-06,1220.0,1220.0,1220.0,1220.0,1.0
2021-09-07,1220.0,1220.0,1220.0,1220.0,1.0
2021-09-08,1220.0,1220.0,1220.0,1220.0,1.0
2021-09-09,1220.0,1220.0,1220.0,1220.0,1.0
2021-09-10,1220.0,1220.0,1220.0,1220.0,1.0
2021-09-13,1220.0,1220.0,1220.0,1220.0,1.0
2021-09-14,1220.0,1220.0,1220.0,1220.0,1.0
2021-09-15,1220.0,1220.0,1220.0,1220.0,2819.0
2021-09-16,1220.0,1220.0,1220.0,1220.0,1500.0
2021-09-17,1220.0,1220.0,1220.0,1220.0,1.0
2021-09-20,1220.0,1220.0,1220.0,1220.0,1.0
2021-09-21,1220.0,1220.0,1220.0,1220.0,1.0
2021-09-22,1220.0,1220.0,1220.0,1220.0,1.0
2021-09-23,1220.0,1220.0,1220.0,1220.0,1.0
2021-09-24,1220.0,1220.0,1220.0,1220.0,1.0
2021-09-27,1220.0,1220.0,1220.0,1220.0,1.0
2021-09-28,1243.0,1243.0,1243.0,1243.0,21.0
2021-09-29,1234.0,1234.0,1234.0,1234.0,1.0
2021-09-30,1234.0,1234.0,1234.0,1234.0,1.0
2021-10-01,1234.0,1234.0,1234.0,1234.0,1.0
2021-10-04,1234.0,1234.0,1234.0,1234.0,1.0
2021-10-05,1236.0,1236.0,1236.0,1236.0,1.0
2021-10-06,1250.0,1250.0,1250.0,1250.0,1.0
2021-10-07,1254.0,1254.0,1254.0,1254.0,1.0
2021-10-08,1260.0,1260.0,1260.0,1260.0,1.0
2021-10-11,1260.0,1260.0,1260.0,1260.0,1.0
2021-10-12,1260.0,1260.0,1260.0,1260.0,1.0
2021-10-13,1287.0,1329.0,1287.0,1329.0,85.0
2021-10-14,1335.0,1335.0,1335.0,1335.0,1.0
2021-10-15,1335.0,1335.0,1335.0,1335.0,1.0
2021-10-18,1335.0,1362.0,1335.0,1362.0,12.0
2021-10-21,1387.0,1387.0,1387.0,1387.0,1.0
2021-10-22,1362.0,1362.0,1361.0,1361.0,4.0
2021-10-25,1361.0,1361.0,1361.0,1361.0,41.0
2021-10-26,1361.0,1361.0,1361.0,1361.0,9.0
2021-10-27,1365.0,1365.0,1365.0,1365.0,41.0
2021-10-28,1361.0,1361.0,1361.0,1361.0,1.0
2021-10-29,1361.0,1361.0,1361.0,1361.0,1.0
2021-11-01,1361.0,1361.0,1361.0,1361.0,1.0
2021-11-02,1335.0,1335.0,1335.0,1335.0,2.0
2021-11-03,1360.0,1360.0,1360.0,1360.0,1.0
2021-11-04,1360.0,1360.0,1360.0,1360.0,1.0
2021-11-05,1360.0,1360.0,1360.0,1360.0,1.0
2021-11-08,1360.0,1360.0,1360.0,1360.0,1.0
2021-11-09,1360.0,1360.0,1360.0,1360.0,1.0
2021-11-10,1360.0,1360.0,1360.0,1360.0,1.0
2021-11-11,1360.0,1360.0,1360.0,1360.0,1.0
2021-11-12,1336.0,1336.0,1300.0,1300.0,3032.0
2021-11-15,1304.0,1304.0,1304.0,1304.0,1.0
2021-11-16,1300.0,1300.0,1300.0,1300.0,1.0
2021-11-17,1280.0,1280.0,1280.0,1280.0,1000.0
2021-11-19,1299.0,1299.0,1299.0,1299.0,1.0
2021-11-22,1324.0,1324.0,1324.0,1324.0,3.0
2021-11-23,1325.0,1325.0,1325.0,1325.0,1.0
2021-11-24,1325.0,1325.0,1325.0,1325.0,1.0
2021-11-25,1325.0,1325.0,1325.0,1325.0,1.0
2021-11-26,1325.0,1325.0,1325.0,1325.0,1.0
2021-11-29,1325.0,1325.0,1325.0,1325.0,1.0
2021-11-30,1325.0,1325.0,1325.0,1325.0,1.0
2021-12-01,1300.0,1300.0,1300.0,1300.0,2025.0
2021-12-02,1300.0,1300.0,1300.0,1300.0,1.0
2021-12-03,1300.0,1300.0,1300.0,1300.0,1.0
2021-12-06,1295.0,1295.0,1295.0,1295.0,1.0
2021-12-07,1295.0,1295.0,1295.0,1295.0,1.0
2021-12-08,1297.0,1297.0,1297.0,1297.0,1.0
2021-12-09,1295.0,1295.0,1295.0,1295.0,1.0
2021-12-10,1319.0,1319.0,1319.0,1319.0,39.0
2021-12-13,1319.0,1319.0,1319.0,1319.0,1.0
2021-12-14,1319.0,1319.0,1319.0,1319.0,1.0
2021-12-15,1319.0,1319.0,1319.0,1319.0,1.0
2021-12-16,1319.0,1319.0,1319.0,1319.0,1.0
2021-12-17,1319.0,1319.0,1319.0,1319.0,1.0
2021-12-20,1319.0,1319.0,1319.0,1319.0,1.0
2021-12-21,1319.0,1319.0,1319.0,1319.0,1.0
2021-12-22,1319.0,1319.0,1319.0,1319.0,1.0
2021-12-23,1319.0,1319.0,1319.0,1319.0,1.0
2021-12-24,1319.0,1319.0,1319.0,1319.0,1.0
2021-12-27,1319.0,1319.0,1319.0,1319.0,1.0
2021-12-28,1344.0,1344.0,1344.0,1344.0,19.0
2021-12-29,1370.0,1370.0,1370.0,1370.0,20.0
2021-12-30,1398.0,1398.0,1290.0,1290.0,104.0
2021-12-31,1325.0,1360.0,1325.0,1360.0,20.0
2022-01-03,1360.0,1360.0,1360.0,1360.0,1.0
2022-01-04,1360.0,1360.0,1360.0,1360.0,1.0
2022-01-05,1360.0,1360.0,1360.0,1360.0,1.0
2022-01-06,1360.0,1360.0,1360.0,1360.0,1.0
2022-01-07,1336.0,1368.0,1336.0,1368.0,30.0
2022-01-10,1361.0,1361.0,1361.0,1361.0,1.0
2022-01-12,1350.0,1350.0,1350.0,1350.0,203.0
2022-01-13,1350.0,1350.0,1350.0,1350.0,1.0
2022-01-14,1350.0,1350.0,1350.0,1350.0,1.0
2022-01-17,1350.0,1350.0,1350.0,1350.0,1.0
2022-01-18,1350.0,1350.0,1350.0,1350.0,1.0
2022-01-19,1350.0,1375.0,1350.0,1375.0,27.0
2022-01-20,1404.0,1404.0,1404.0,1404.0,1.0
2022-01-21,1397.0,1397.0,1397.0,1397.0,1.0
2022-01-24,1397.0,1397.0,1397.0,1397.0,1.0
2022-01-25,1397.0,1397.0,1397.0,1397.0,1.0
2022-01-26,1397.0,1397.0,1397.0,1397.0,1.0
2022-01-27,1397.0,1397.0,1397.0,1397.0,1.0
2022-01-28,1397.0,1397.0,1397.0,1397.0,1.0
2022-01-31,1397.0,1397.0,1397.0,1397.0,1.0
2022-02-01,1396.0,1396.0,1396.0,1396.0,1.0
2022-02-02,1395.0,1395.0,1395.0,1395.0,1.0
2022-02-03,1395.0,1395.0,1395.0,1395.0,1.0
2022-02-04,1395.0,1395.0,1395.0,1395.0,1.0
2022-02-07,1395.0,1395.0,1395.0,1395.0,2.0
2022-02-08,1395.0,1395.0,1395.0,1395.0,1.0
2022-02-09,1395.0,1395.0,1395.0,1395.0,1.0
2022-02-10,1395.0,1395.0,1395.0,1395.0,1.0
2022-02-11,1390.0,1390.0,1390.0,1390.0,7.0
2022-02-14,1389.0,1389.0,1389.0,1389.0,1.0
2022-02-15,1389.0,1389.0,1389.0,1389.0,1.0
2022-02-16,1389.0,1389.0,1389.0,1389.0,1.0
2022-02-17,1389.0,1389.0,1389.0,1389.0,1.0
2022-02-18,1389.0,1389.0,1389.0,1389.0,1.0
2022-02-21,1389.0,1389.0,1389.0,1389.0,1.0
2022-02-22,1389.0,1389.0,1389.0,1389.0,1.0
2022-02-23,1389.0,1389.0,1389.0,1389.0,1.0
2022-02-24,1389.0,1389.0,1389.0,1389.0,1.0
2022-02-25,1389.0,1389.0,1389.0,1389.0,1.0
2022-02-28,1389.0,1389.0,1389.0,1389.0,1.0
2022-03-01,1389.0,1389.0,1389.0,1389.0,1.0
2022-03-02,1409.0,1409.0,1409.0,1409.0,1.0
2022-03-03,1389.0,1389.0,1389.0,1389.0,1.0
2022-03-04,1389.0,1389.0,1389.0,1389.0,1.0
2022-03-07,1389.0,1389.0,1389.0,1389.0,1.0
2022-03-08,1387.0,1387.0,1387.0,1387.0,1.0
2022-03-09,1387.0,1387.0,1387.0,1387.0,1.0
2022-03-10,1380.0,1380.0,1380.0,1380.0,1.0
2022-03-11,1387.0,1387.0,1387.0,1387.0,1.0
2022-03-14,1387.0,1387.0,1387.0,1387.0,1.0
2022-03-15,1387.0,1387.0,1387.0,1387.0,1.0
2022-03-16,1387.0,1387.0,1387.0,1387.0,1.0
2022-03-17,1387.0,1387.0,1387.0,1387.0,1.0
2022-03-18,1387.0,1387.0,1387.0,1387.0,1.0
2022-03-21,1387.0,1387.0,1387.0,1387.0,1.0
2022-03-22,1387.0,1387.0,1387.0,1387.0,1.0
2022-03-23,1387.0,1387.0,1387.0,1387.0,1.0
2022-03-24,1387.0,1387.0,1387.0,1387.0,1.0
2022-03-25,1387.0,1387.0,1387.0,1387.0,1.0
2022-03-28,1387.0,1387.0,1387.0,1387.0,1.0
2022-03-29,1387.0,1387.0,1387.0,1387.0,1.0
2022-03-30,1387.0,1387.0,1387.0,1387.0,1.0
2022-03-31,1388.0,1388.0,1388.0,1388.0,1.0
2022-04-01,1390.0,1390.0,1390.0,1390.0,1.0
2022-04-04,1394.0,1394.0,1394.0,1394.0,1.0
2022-04-05,1396.0,1396.0,1396.0,1396.0,1.0
2022-04-06,1399.0,1399.0,1399.0,1399.0,1.0
2022-04-07,1400.0,1400.0,1400.0,1400.0,19.0
2022-04-08,1399.0,1399.0,1399.0,1399.0,1.0
2022-04-11,1399.0,1399.0,1399.0,1399.0,1.0
2022-04-12,1399.0,1399.0,1399.0,1399.0,1.0
2022-04-13,1372.0,1372.0,1372.0,1372.0,14.0
2022-04-14,1372.0,1372.0,1372.0,1372.0,150.0
2022-04-15,1308.0,1308.0,1308.0,1308.0,150.0
2022-04-18,1335.0,1335.0,1335.0,1335.0,1.0
2022-04-19,1355.0,1355.0,1355.0,1355.0,1.0
2022-04-20,1355.0,1355.0,1355.0,1355.0,1.0
2022-04-21,1350.0,1350.0,1350.0,1350.0,1.0
2022-04-22,1359.0,1359.0,1359.0,1359.0,2.0
2022-04-25,1355.0,1355.0,1355.0,1355.0,8.0
2022-04-26,1360.0,1360.0,1360.0,1360.0,5.0
2022-04-27,1359.0,1359.0,1359.0,1359.0,1.0
2022-04-28,1359.0,1359.0,1359.0,1359.0,1.0
2022-04-29,1359.0,1359.0,1359.0,1359.0,1.0
2022-05-04,1359.0,1359.0,1359.0,1359.0,1.0
2022-05-05,1359.0,1359.0,1359.0,1359.0,1.0
2022-05-06,1359.0,1359.0,1359.0,1359.0,8.0
2022-05-09,1359.0,1359.0,1359.0,1359.0,1.0
2022-05-10,1359.0,1359.0,1359.0,1359.0,1.0
2022-05-11,1359.0,1359.0,1359.0,1359.0,1.0
2022-05-12,1359.0,1359.0,1359.0,1359.0,1.0
2022-05-13,1359.0,1359.0,1359.0,1359.0,1.0
2022-05-16,1359.0,1359.0,1359.0,1359.0,1.0
2022-05-17,1359.0,1359.0,1359.0,1359.0,1.0
2022-05-18,1359.0,1359.0,1359.0,1359.0,1.0
2022-05-19,1359.0,1359.0,1359.0,1359.0,1.0
2022-05-20,1359.0,1359.0,1359.0,1359.0,1.0
2022-05-23,1359.0,1359.0,1359.0,1359.0,1.0
2022-05-24,1359.0,1359.0,1359.0,1359.0,1.0
2022-05-25,1359.0,1359.0,1359.0,1359.0,1.0
2022-05-26,1359.0,1359.0,1359.0,1359.0,1.0
2022-05-27,1332.0,1332.0,1332.0,1332.0,20.0
2022-05-30,1333.0,1333.0,1333.0,1333.0,1.0
2022-05-31,1332.0,1332.0,1332.0,1332.0,1.0
2022-06-01,1333.0,1333.0,1333.0,1333.0,1.0
2022-06-02,1335.0,1335.0,1335.0,1335.0,1.0
2022-06-03,1361.0,1361.0,1361.0,1361.0,20.0
2022-06-06,1337.0,1337.0,1337.0,1337.0,800.0
2022-06-07,1340.0,1340.0,1340.0,1340.0,1.0
2022-06-08,1341.0,1341.0,1341.0,1341.0,1.0
2022-06-09,1344.0,1344.0,1344.0,1344.0,1.0
2022-06-10,1350.0,1370.0,1350.0,1370.0,25.0
2022-06-13,1370.0,1370.0,1370.0,1370.0,1.0
2022-06-14,1344.0,1344.0,1344.0,1344.0,1.0
2022-06-15,1360.0,1360.0,1360.0,1360.0,1.0
2022-06-16,1360.0,1360.0,1360.0,1360.0,1.0
2022-06-17,1334.0,1337.0,1330.0,1337.0,3069.0
2022-06-20,1344.0,1344.0,1344.0,1344.0,1.0
2022-06-21,1345.0,1345.0,1345.0,1345.0,1.0
2022-06-22,1346.0,1346.0,1346.0,1346.0,1.0
2022-06-23,1346.0,1346.0,1346.0,1346.0,1.0
2022-06-24,1372.0,1372.0,1372.0,1372.0,21.0
2022-06-27,1372.0,1372.0,1372.0,1372.0,1.0
2022-06-28,1372.0,1372.0,1372.0,1372.0,1.0
2022-06-29,1372.0,1372.0,1372.0,1372.0,1.0
2022-06-30,1372.0,1372.0,1372.0,1372.0,1.0
2022-07-01,1399.0,1399.0,1399.0,1399.0,19.0
2022-07-04,1399.0,1399.0,1399.0,1399.0,1.0
2022-07-05,1399.0,1399.0,1399.0,1399.0,1.0
2022-07-06,1399.0,1399.0,1399.0,1399.0,1.0
2022-07-07,1399.0,1399.0,1399.0,1399.0,1.0
2022-07-08,1399.0,1399.0,1399.0,1399.0,1.0
2022-07-12,1345.0,1345.0,1345.0,1345.0,1.0
2022-07-13,1345.0,1345.0,1345.0,1345.0,1.0
2022-07-14,1371.0,1371.0,1371.0,1371.0,20.0
2022-07-15,1400.0,1400.0,1400.0,1400.0,70.0
2022-07-18,1424.0,1424.0,1424.0,1424.0,1.0
2022-07-19,1451.0,1451.0,1451.0,1451.0,1.0
2022-07-20,1450.0,1450.0,1450.0,1450.0,1.0
2022-07-21,1449.0,1449.0,1449.0,1449.0,1.0
2022-07-22,1440.0,1440.0,1440.0,1440.0,1.0
2022-07-25,1440.0,1440.0,1440.0,1440.0,1.0
2022-07-26,1412.0,1412.0,1412.0,1412.0,10.0
2022-07-27,1429.0,1429.0,1429.0,1429.0,1.0
2022-07-28,1429.0,1429.0,1429.0,1429.0,1.0
2022-07-29,1429.0,1429.0,1429.0,1429.0,1.0
2022-08-01,1429.0,1429.0,1429.0,1429.0,1.0
2022-08-02,1429.0,1429.0,1429.0,1429.0,1.0
2022-08-03,1429.0,1429.0,1429.0,1429.0,1.0
2022-08-04,1429.0,1429.0,1429.0,1429.0,1.0
2022-08-05,1457.0,1457.0,1457.0,1457.0,20.0
2022-08-08,1458.0,1458.0,1458.0,1458.0,1.0
2022-08-09,1457.0,1457.0,1457.0,1457.0,1.0
2022-08-10,1457.0,1457.0,1457.0,1457.0,1.0
2022-08-11,1458.0,1458.0,1458.0,1458.0,1.0
2022-08-12,1486.0,1486.0,1486.0,1486.0,31.0
2022-08-15,1479.0,1479.0,1479.0,1479.0,1.0
2022-08-16,1479.0,1479.0,1479.0,1479.0,1.0
2022-08-17,1479.0,1479.0,1479.0,1479.0,1.0
2022-08-18,1479.0,1479.0,1479.0,1479.0,1.0
2022-08-19,1500.0,1500.0,1500.0,1500.0,1.0
2022-08-22,1500.0,1500.0,1500.0,1500.0,1.0
2022-08-23,1500.0,1500.0,1500.0,1500.0,2.0
2022-08-24,1508.0,1508.0,1508.0,1508.0,3.0
2022-08-25,1479.0,1479.0,1479.0,1479.0,1.0
2022-08-26,1478.0,1478.0,1478.0,1478.0,18.0
2022-08-29,1481.0,1481.0,1481.0,1481.0,1.0
2022-08-30,1481.0,1481.0,1481.0,1481.0,1.0
2022-08-31,1481.0,1481.0,1481.0,1481.0,1.0
2022-09-01,1451.0,1451.0,1451.0,1451.0,180.0
2022-09-02,1477.0,1477.0,1477.0,1477.0,30.0
2022-09-05,1433.0,1433.0,1433.0,1433.0,29.0
2022-09-06,1426.0,1426.0,1425.0,1425.0,31.0
2022-09-07,1425.0,1425.0,1425.0,1425.0,1.0
2022-09-08,1425.0,1425.0,1425.0,1425.0,1.0
2022-09-09,1448.0,1448.0,1425.0,1425.0,115.0
2022-09-12,1411.0,1411.0,1411.0,1411.0,1.0
2022-09-13,1411.0,1411.0,1411.0,1411.0,1.0
2022-09-14,1411.0,1411.0,1411.0,1411.0,1.0
2022-09-15,1411.0,1411.0,1411.0,1411.0,1.0
2022-09-16,1450.0,1450.0,1450.0,1450.0,242.0
2022-09-19,1421.0,1421.0,1421.0,1421.0,2.0
2022-09-20,1422.0,1422.0,1422.0,1422.0,1.0
2022-09-21,1423.0,1423.0,1423.0,1423.0,1.0
2022-09-22,1423.0,1423.0,1403.0,1403.0,32.0
2022-09-23,1400.0,1400.0,1400.0,1400.0,1.0
2022-09-26,1401.0,1401.0,1401.0,1401.0,1.0
2022-09-27,1405.0,1405.0,1405.0,1405.0,1.0
2022-09-28,1381.0,1381.0,1381.0,1381.0,1.0
2022-09-29,1354.0,1354.0,1315.0,1315.0,32.0
2022-09-30,1290.0,1290.0,1290.0,1290.0,92.0
2022-10-03,1296.0,1296.0,1296.0,1296.0,1.0
2022-10-04,1301.0,1301.0,1301.0,1301.0,1.0
2022-10-05,1311.0,1311.0,1311.0,1311.0,1.0
2022-10-06,1315.0,1315.0,1315.0,1315.0,31.0
2022-10-07,1320.0,1320.0,1320.0,1320.0,1.0
2022-10-11,1330.0,1330.0,1330.0,1330.0,1.0
2022-10-12,1336.0,1336.0,1336.0,1336.0,1.0
2022-10-13,1336.0,1336.0,1336.0,1336.0,1.0
2022-10-14,1300.0,1300.0,1300.0,1300.0,300.0
2022-10-17,1305.0,1305.0,1305.0,1305.0,1.0
2022-10-18,1305.0,1305.0,1305.0,1305.0,1.0
2022-10-19,1305.0,1305.0,1305.0,1305.0,1.0
2022-10-20,1280.0,1280.0,1270.0,1280.0,124.0
2022-10-21,1300.0,1300.0,1300.0,1300.0,10.0
2022-10-24,1300.0,1300.0,1300.0,1300.0,1.0
2022-10-25,1305.0,1305.0,1305.0,1305.0,1.0
2022-10-26,1310.0,1310.0,1310.0,1310.0,1.0
2022-10-27,1305.0,1305.0,1305.0,1305.0,1.0
2022-10-28,1282.0,1320.0,1266.0,1320.0,79.0
2022-10-31,1341.0,1341.0,1341.0,1341.0,7.0
2022-11-01,1321.0,1321.0,1321.0,1321.0,1.0
2022-11-02,1321.0,1321.0,1321.0,1321.0,1.0
2022-11-03,1300.0,1300.0,1300.0,1300.0,32.0
2022-11-04,1326.0,1326.0,1326.0,1326.0,21.0
2022-11-07,1326.0,1326.0,1326.0,1326.0,1.0
2022-11-08,1326.0,1326.0,1326.0,1326.0,1.0
2022-11-09,1326.0,1326.0,1326.0,1326.0,1.0
2022-11-10,1300.0,1300.0,1300.0,1300.0,22.0
2022-11-11,1326.0,1326.0,1326.0,1326.0,10.0
2022-11-14,1315.0,1315.0,1315.0,1315.0,1.0
2022-11-15,1315.0,1315.0,1315.0,1315.0,1.0
2022-11-16,1315.0,1315.0,1315.0,1315.0,1.0
2022-11-17,1290.0,1290.0,1290.0,1290.0,22.0
2022-11-21,1320.0,1320.0,1320.0,1320.0,10.0
2022-11-22,1326.0,1326.0,1326.0,1326.0,1.0
2022-11-23,1326.0,1326.0,1326.0,1326.0,1.0
2022-11-24,1300.0,1300.0,1300.0,1300.0,26.0
2022-11-25,1326.0,1326.0,1326.0,1326.0,10.0
2022-11-28,1326.0,1326.0,1326.0,1326.0,1.0
2022-11-29,1300.0,1300.0,1300.0,1300.0,22.0
2022-11-30,1300.0,1300.0,1300.0,1300.0,1.0
2022-12-01,1275.0,1275.0,1275.0,1275.0,23.0
2022-12-02,1300.0,1300.0,1300.0,1300.0,11.0
2022-12-05,1315.0,1315.0,1315.0,1315.0,1.0
2022-12-06,1300.0,1300.0,1300.0,1300.0,25.0
2022-12-07,1300.0,1300.0,1300.0,1300.0,1.0
2022-12-08,1300.0,1300.0,1300.0,1300.0,1.0
2022-12-09,1300.0,1300.0,1300.0,1300.0,1.0
2022-12-12,1300.0,1300.0,1300.0,1300.0,1.0
2022-12-13,1315.0,1315.0,1315.0,1315.0,1.0
2022-12-14,1315.0,1315.0,1315.0,1315.0,1.0
2022-12-15,1315.0,1315.0,1315.0,1315.0,1.0
2022-12-16,1315.0,1315.0,1315.0,1315.0,1.0
2022-12-19,1326.0,1326.0,1326.0,1326.0,1.0
2022-12-20,1326.0,1326.0,1326.0,1326.0,1.0
2022-12-21,1300.0,1300.0,1300.0,1300.0,20.0
2022-12-22,1300.0,1300.0,1300.0,1300.0,1.0
2022-12-23,1290.0,1290.0,1290.0,1290.0,20.0
2022-12-26,1300.0,1300.0,1300.0,1300.0,1.0
2022-12-27,1315.0,1315.0,1315.0,1315.0,1.0
2022-12-28,1315.0,1315.0,1315.0,1315.0,1.0
2022-12-29,1290.0,1320.0,1290.0,1320.0,856.0
2022-12-30,1300.0,1300.0,1300.0,1300.0,20.0
2023-01-02,1300.0,1300.0,1300.0,1300.0,1.0
2023-01-03,1275.0,1275.0,1237.0,1237.0,22.0
2023-01-04,1250.0,1250.0,1250.0,1250.0,1.0
2023-01-05,1226.0,1226.0,1226.0,1226.0,20.0
2023-01-06,1250.0,1250.0,1250.0,1250.0,1.0
2023-01-09,1250.0,1250.0,1250.0,1250.0,1.0
2023-01-10,1260.0,1260.0,1260.0,1260.0,1.0
2023-01-12,1260.0,1260.0,1260.0,1260.0,1.0
2023-01-13,1260.0,1260.0,1260.0,1260.0,1.0
2023-01-16,1270.0,1270.0,1270.0,1270.0,1.0
2023-01-17,1270.0,1270.0,1270.0,1270.0,1.0
2023-01-18,1256.0,1256.0,1256.0,1256.0,20.0
2023-01-19,1260.0,1260.0,1260.0,1260.0,1.0
2023-01-20,1236.0,1236.0,1236.0,1236.0,9.0
2023-01-23,1260.0,1260.0,1260.0,1260.0,1.0
2023-01-24,1270.0,1270.0,1270.0,1270.0,1.0
2023-01-25,1281.0,1281.0,1281.0,1281.0,1.0
2023-01-26,1260.0,1260.0,1260.0,1260.0,21.0
2023-01-27,1260.0,1260.0,1260.0,1260.0,1.0
2023-01-30,1260.0,1260.0,1260.0,1260.0,1.0
2023-01-31,1260.0,1260.0,1260.0,1260.0,1.0
2023-02-01,1260.0,1260.0,1260.0,1260.0,1.0
2023-02-02,1261.0,1261.0,1261.0,1261.0,1.0
2023-02-03,1260.0,1260.0,1260.0,1260.0,1.0
2023-02-06,1260.0,1260.0,1260.0,1260.0,9.0
2023-02-07,1260.0,1260.0,1260.0,1260.0,20.0
2023-02-08,1261.0,1261.0,1261.0,1261.0,1.0
2023-02-09,1261.0,1261.0,1261.0,1261.0,1.0
2023-02-10,1261.0,1261.0,1261.0,1261.0,1.0
2023-02-13,1250.0,1250.0,1250.0,1250.0,5.0
2023-02-14,1275.0,1275.0,1275.0,1275.0,1.0
2023-02-15,1275.0,1275.0,1275.0,1275.0,1.0
2023-02-16,1275.0,1275.0,1275.0,1275.0,1.0
2023-02-17,1275.0,1275.0,1275.0,1275.0,1.0
2023-02-20,1250.0,1250.0,1250.0,1250.0,20.0
2023-02-21,1251.0,1251.0,1250.0,1250.0,40.0
2023-02-22,1224.0,1224.0,1224.0,1224.0,1.0
2023-02-23,1248.0,1248.0,1248.0,1248.0,1.0
2023-02-24,1264.0,1264.0,1264.0,1264.0,1.0
2023-02-27,1264.0,1264.0,1264.0,1264.0,1.0
2023-02-28,1270.0,1270.0,1270.0,1270.0,1.0
2023-03-01,1271.0,1271.0,1271.0,1271.0,1.0
2023-03-02,1271.0,1271.0,1271.0,1271.0,20.0
2023-03-03,1271.0,1271.0,1271.0,1271.0,20.0
2023-03-06,1296.0,1296.0,1296.0,1296.0,1.0
2023-03-07,1305.0,1305.0,1305.0,1305.0,1.0
2023-03-08,1305.0,1305.0,1305.0,1305.0,1.0
2023-03-09,1305.0,1305.0,1305.0,1305.0,1.0
2023-03-10,1305.0,1305.0,1305.0,1305.0,1.0
2023-03-13,1305.0,1305.0,1305.0,1305.0,1.0
2023-03-14,1305.0,1305.0,1305.0,1305.0,1.0
2023-03-15,1300.0,1300.0,1300.0,1300.0,20.0
2023-03-16,1315.0,1315.0,1315.0,1315.0,1.0
2023-03-17,1310.0,1310.0,1310.0,1310.0,1.0
2023-03-20,1310.0,1310.0,1310.0,1310.0,1.0
2023-03-21,1306.0,1306.0,1306.0,1306.0,1.0
2023-03-22,1306.0,1306.0,1306.0,1306.0,1.0
2023-03-23,1285.0,1285.0,1285.0,1285.0,20.0
2023-03-24,1310.0,1310.0,1310.0,1310.0,1.0
2023-03-27,1300.0,1300.0,1300.0,1300.0,1.0
2023-03-28,1300.0,1300.0,1300.0,1300.0,1.0
2023-03-29,1300.0,1300.0,1300.0,1300.0,1.0
2023-03-30,1280.0,1280.0,1275.0,1275.0,4090.0
2023-03-31,1275.0,1275.0,1275.0,1275.0,1570.0
2023-04-03,1275.0,1275.0,1275.0,1275.0,28253.0
2023-04-04,1295.0,1295.0,1295.0,1295.0,1.0
2023-04-05,1295.0,1295.0,1295.0,1295.0,1.0
2023-04-06,1295.0,1295.0,1295.0,1295.0,1.0
2023-04-07,1295.0,1295.0,1295.0,1295.0,1.0
2023-04-10,1295.0,1295.0,1295.0,1295.0,1.0
2023-04-11,1295.0,1295.0,1295.0,1295.0,1.0
2023-04-12,1275.0,1275.0,1275.0,1275.0,38201.0
2023-04-13,1275.0,1275.0,1275.0,1275.0,1.0
2023-04-14,1275.0,1275.0,1275.0,1275.0,1.0
2023-04-17,1275.0,1275.0,1275.0,1275.0,1.0
2023-04-18,1285.0,1285.0,1285.0,1285.0,1.0
2023-04-19,1285.0,1285.0,1285.0,1285.0,1.0
2023-04-20,1295.0,1295.0,1295.0,1295.0,1.0
2023-04-21,1295.0,1295.0,1295.0,1295.0,1.0
2023-04-25,1295.0,1295.0,1295.0,1295.0,1.0
2023-04-26,1295.0,1295.0,1295.0,1295.0,1.0
2023-04-27,1295.0,1295.0,1295.0,1295.0,1.0
2023-04-28,1295.0,1295.0,1295.0,1295.0,1.0
2023-05-02,1285.0,1285.0,1285.0,1285.0,1.0
2023-05-03,1285.0,1285.0,1285.0,1285.0,1.0
2023-05-04,1285.0,1285.0,1285.0,1285.0,1.0
2023-05-05,1260.0,1260.0,1260.0,1260.0,10.0
2023-05-08,1275.0,1275.0,1275.0,1275.0,1.0
2023-05-09,1275.0,1275.0,1275.0,1275.0,1.0
2023-05-10,1275.0,1275.0,1275.0,1275.0,1.0
2023-05-11,1275.0,1275.0,1275.0,1275.0,1.0
2023-05-12,1275.0,1275.0,1275.0,1275.0,1.0
2023-05-15,1275.0,1275.0,1275.0,1275.0,1.0
2023-05-16,1275.0,1275.0,1275.0,1275.0,1.0
2023-05-17,1275.0,1275.0,1275.0,1275.0,1.0
2023-05-18,1275.0,1275.0,1275.0,1275.0,1.0
2023-05-19,1275.0,1275.0,1275.0,1275.0,1.0
2023-05-22,1275.0,1275.0,1275.0,1275.0,1.0
2023-05-23,1275.0,1275.0,1275.0,1275.0,1.0
2023-05-24,1275.0,1275.0,1275.0,1275.0,1.0
2023-05-25,1275.0,1275.0,1275.0,1275.0,1.0
2023-05-26,1275.0,1275.0,1275.0,1275.0,1.0
2023-05-29,1275.0,1275.0,1275.0,1275.0,1.0
2023-05-30,1275.0,1275.0,1275.0,1275.0,1.0
2023-05-31,1275.0,1275.0,1275.0,1275.0,1.0
2023-06-01,1285.0,1285.0,1285.0,1285.0,1.0
2023-06-02,1300.0,1300.0,1300.0,1300.0,1.0
2023-06-05,1275.0,1275.0,1275.0,1275.0,20.0
2023-06-06,1275.0,1275.0,1275.0,1275.0,1.0
2023-06-07,1275.0,1275.0,1275.0,1275.0,1.0
2023-06-08,1275.0,1275.0,1275.0,1275.0,1.0
2023-06-09,1251.0,1251.0,1250.0,1250.0,20.0
2023-06-12,1250.0,1250.0,1250.0,1250.0,1.0
2023-06-13,1250.0,1250.0,1250.0,1250.0,1.0
2023-06-14,1250.0,1250.0,1250.0,1250.0,22.0
2023-06-15,1254.0,1254.0,1254.0,1254.0,1.0
2023-06-16,1250.0,1250.0,1250.0,1250.0,1.0
2023-06-19,1254.0,1254.0,1254.0,1254.0,1.0
2023-06-20,1254.0,1254.0,1254.0,1254.0,1.0
2023-06-21,1254.0,1254.0,1254.0,1254.0,1.0
2023-06-22,1254.0,1254.0,1254.0,1254.0,1.0
2023-06-23,1255.0,1255.0,1255.0,1255.0,1.0
2023-06-26,1255.0,1255.0,1255.0,1255.0,1.0
2023-06-27,1230.0,1230.0,1230.0,1230.0,20.0
2023-06-28,1221.0,1221.0,1200.0,1200.0,874.0
2023-07-03,1224.0,1224.0,1224.0,1224.0,1.0
2023-07-04,1248.0,1248.0,1248.0,1248.0,1.0
2023-07-05,1254.0,1254.0,1254.0,1254.0,1.0
2023-07-06,1236.0,1236.0,1236.0,1236.0,44.0
2023-07-07,1254.0,1254.0,1254.0,1254.0,1.0
2023-07-10,1279.0,1279.0,1279.0,1279.0,3.0
2023-07-11,1275.0,1275.0,1275.0,1275.0,1.0
2023-07-12,1275.0,1275.0,1275.0,1275.0,1.0
2023-07-13,1275.0,1275.0,1275.0,1275.0,1.0
2023-07-14,1250.0,1250.0,1250.0,1250.0,1.0
2023-07-17,1220.0,1220.0,1220.0,1220.0,3.0
2023-07-18,1239.0,1239.0,1239.0,1239.0,1.0
2023-07-20,1254.0,1254.0,1254.0,1254.0,1.0
2023-07-21,1254.0,1254.0,1254.0,1254.0,1.0
2023-07-24,1254.0,1254.0,1254.0,1254.0,1.0
2023-07-25,1254.0,1254.0,1254.0,1254.0,1.0
2023-07-26,1254.0,1254.0,1254.0,1254.0,1.0
2023-07-27,1261.0,1278.0,1261.0,1261.0,6.0
2023-07-28,1261.0,1261.0,1261.0,1261.0,1.0
2023-07-31,1264.0,1264.0,1264.0,1264.0,5.0
2023-08-01,1264.0,1264.0,1264.0,1264.0,1.0
2023-08-02,1270.0,1300.0,1270.0,1300.0,30.0
2023-08-03,1293.0,1293.0,1293.0,1293.0,1.0
2023-08-04,1300.0,1300.0,1300.0,1300.0,1.0
2023-08-07,1305.0,1305.0,1305.0,1305.0,1.0
2023-08-08,1315.0,1315.0,1315.0,1315.0,1.0
2023-08-09,1314.0,1314.0,1314.0,1314.0,1.0
2023-08-10,1315.0,1315.0,1315.0,1315.0,1.0
2023-08-11,1315.0,1315.0,1315.0,1315.0,1.0
2023-08-15,1341.0,1341.0,1341.0,1341.0,3.0
2023-08-16,1327.0,1327.0,1327.0,1327.0,10.0
2023-08-17,1327.0,1327.0,1327.0,1327.0,7.0
2023-08-18,1301.0,1301.0,1301.0,1301.0,19.0
2023-08-22,1315.0,1315.0,1315.0,1315.0,1.0
2023-08-23,1315.0,1315.0,1315.0,1315.0,1.0
2023-08-24,1294.0,1294.0,1290.0,1290.0,23.0
2023-08-25,1310.0,1310.0,1310.0,1310.0,1.0
2023-08-28,1263.0,1263.0,1263.0,1263.0,1.0
2023-08-29,1260.0,1260.0,1260.0,1260.0,22.0
2023-08-30,1259.0,1259.0,1259.0,1259.0,1.0
2023-08-31,1259.0,1259.0,1259.0,1259.0,1.0
2023-09-01,1259.0,1259.0,1259.0,1259.0,1.0
2023-09-04,1259.0,1259.0,1259.0,1259.0,1.0
2023-09-05,1234.0,1234.0,1234.0,1234.0,20.0
2023-09-06,1230.0,1230.0,1230.0,1230.0,18.0
2023-09-07,1249.0,1249.0,1249.0,1249.0,1.0
2023-09-08,1249.0,1249.0,1249.0,1249.0,1.0
2023-09-11,1235.0,1235.0,1235.0,1235.0,5.0
2023-09-12,1254.0,1254.0,1254.0,1254.0,1.0
2023-09-13,1230.0,1230.0,1230.0,1230.0,30.0
2023-09-14,1248.0,1248.0,1248.0,1248.0,1.0
2023-09-15,1230.0,1230.0,1230.0,1230.0,21.0
2023-09-18,1225.0,1225.0,1220.0,1220.0,25.0
2023-09-19,1239.0,1239.0,1239.0,1239.0,1.0
2023-09-20,1244.0,1244.0,1244.0,1244.0,1.0
2023-09-21,1250.0,1250.0,1225.0,1225.0,25.0
2023-09-22,1225.0,1225.0,1225.0,1225.0,350.0
2023-09-25,1220.0,1220.0,1220.0,1220.0,22.0
2023-09-26,1239.0,1239.0,1239.0,1239.0,1.0
2023-09-27,1247.0,1247.0,1247.0,1247.0,1.0
2023-10-02,1248.0,1248.0,1248.0,1248.0,1951.0
2023-10-03,1248.0,1248.0,1248.0,1248.0,1.0
2023-10-04,1230.0,1230.0,1230.0,1230.0,21.0
2023-10-05,1225.0,1230.0,1225.0,1230.0,33.0
2023-10-06,1249.0,1249.0,1249.0,1249.0,181.0
2023-10-09,1264.0,1264.0,1264.0,1264.0,1.0
2023-10-10,1264.0,1264.0,1264.0,1264.0,1.0
2023-10-11,1264.0,1264.0,1264.0,1264.0,1.0
2023-10-12,1264.0,1264.0,1264.0,1264.0,1.0
2023-10-13,1263.0,1263.0,1263.0,1263.0,1.0
2023-10-16,1264.0,1264.0,1264.0,1264.0,1.0
2023-10-17,1250.0,1250.0,1250.0,1250.0,20.0
2023-10-18,1250.0,1250.0,1250.0,1250.0,1.0
2023-10-19,1240.0,1240.0,1240.0,1240.0,29.0
2023-10-20,1240.0,1240.0,1240.0,1240.0,1.0
2023-10-23,1230.0,1230.0,1230.0,1230.0,20.0
2023-10-24,1230.0,1230.0,1230.0,1230.0,21.0
2023-10-25,1224.0,1224.0,1224.0,1224.0,1.0
2023-10-26,1234.0,1234.0,1234.0,1234.0,1.0
2023-10-27,1240.0,1240.0,1240.0,1240.0,1.0
2023-10-30,1235.0,1235.0,1235.0,1235.0,21.0
2023-10-31,1220.0,1220.0,1220.0,1220.0,21.0
2023-11-01,1210.0,1210.0,1210.0,1210.0,13.0
2023-11-02,1224.0,1224.0,1224.0,1224.0,1.0
2023-11-03,1224.0,1224.0,1224.0,1224.0,1.0
2023-11-07,1249.0,1249.0,1248.0,1249.0,22.0
2023-11-08,1224.0,1224.0,1224.0,1224.0,1.0
2023-11-09,1249.0,1249.0,1249.0,1249.0,2.0
2023-11-10,1220.0,1220.0,1220.0,1220.0,2.0
2023-11-13,1200.0,1200.0,1200.0,1200.0,6.0
2023-11-14,1224.0,1224.0,1224.0,1224.0,1.0
2023-11-15,1224.0,1224.0,1224.0,1224.0,1.0
2023-11-16,1224.0,1224.0,1224.0,1224.0,1.0
2023-11-17,1224.0,1224.0,1224.0,1224.0,1.0
2023-11-20,1200.0,1200.0,1200.0,1200.0,10.0
2023-11-21,1224.0,1224.0,1224.0,1224.0,1.0
2023-11-22,1205.0,1205.0,1205.0,1205.0,300.0
2023-11-23,1224.0,1224.0,1224.0,1224.0,1.0
2023-11-24,1224.0,1224.0,1224.0,1224.0,1.0
2023-11-27,1223.0,1223.0,1223.0,1223.0,1.0
2023-11-28,1200.0,1200.0,1200.0,1200.0,7.0
2023-11-29,1210.0,1210.0,1210.0,1210.0,1.0
2023-11-30,1224.0,1224.0,1224.0,1224.0,1.0
2023-12-01,1224.0,1224.0,1224.0,1224.0,1.0
2023-12-04,1224.0,1224.0,1224.0,1224.0,1.0
2023-12-05,1248.0,1248.0,1248.0,1248.0,10.0
2023-12-06,1234.0,1234.0,1234.0,1234.0,1.0
2023-12-07,1244.0,1244.0,1244.0,1244.0,1.0
2023-12-08,1230.0,1230.0,1230.0,1230.0,1.0
2023-12-11,1243.0,1243.0,1243.0,1243.0,1.0
2023-12-12,1230.0,1230.0,1230.0,1230.0,21.0
2023-12-13,1200.0,1200.0,1200.0,1200.0,569.0
2023-12-14,1200.0,1200.0,1200.0,1200.0,11.0
2023-12-15,1218.0,1218.0,1218.0,1218.0,1.0
2023-12-18,1217.0,1217.0,1217.0,1217.0,1.0
2023-12-19,1200.0,1200.0,1185.0,1185.0,900.0
2023-12-20,1188.0,1188.0,1188.0,1188.0,1.0
2023-12-21,1188.0,1193.0,1186.0,1193.0,133.0
2023-12-22,1200.0,1200.0,1200.0,1200.0,561.0
2023-12-25,1200.0,1200.0,1186.0,1200.0,43.0
2023-12-26,1180.0,1200.0,1180.0,1200.0,84.0
2023-12-27,1200.0,1200.0,1200.0,1200.0,1.0
2023-12-28,1200.0,1200.0,1180.0,1200.0,1622.0
2023-12-29,1200.0,1200.0,1200.0,1200.0,35.0
2024-01-02,1200.0,1200.0,1200.0,1200.0,1.0
2024-01-03,1200.0,1200.0,1200.0,1200.0,1.0
2024-01-04,1200.0,1200.0,1200.0,1200.0,4.0
2024-01-05,1200.0,1200.0,1200.0,1200.0,194.0
2024-01-08,1200.0,1200.0,1200.0,1200.0,35.0
2024-01-09,1224.0,1224.0,1224.0,1224.0,1.0
2024-01-10,1201.0,1201.0,1200.0,1200.0,1588.0
2024-01-12,1200.0,1200.0,1200.0,1200.0,31.0
2024-01-15,1203.0,1203.0,1203.0,1203.0,1.0
2024-01-16,1208.0,1208.0,1208.0,1208.0,1.0
2024-01-17,1185.0,1210.0,1185.0,1210.0,17.0
2024-01-18,1210.0,1210.0,1210.0,1210.0,2.0
2024-01-19,1208.0,1208.0,1208.0,1208.0,469.0
2024-01-22,1208.0,1208.0,1208.0,1208.0,1.0
2024-01-23,1208.0,1208.0,1208.0,1208.0,1.0
2024-01-24,1210.0,1210.0,1210.0,1210.0,1.0
2024-01-25,1210.0,1210.0,1210.0,1210.0,1.0
2024-01-26,1208.0,1208.0,1208.0,1208.0,1.0
2024-01-29,1210.0,1210.0,1210.0,1210.0,1.0
2024-01-30,1208.0,1208.0,1208.0,1208.0,1.0
2024-01-31,1220.0,1220.0,1220.0,1220.0,20.0
2024-02-01,1200.0,1200.0,1200.0,1200.0,24.0
2024-02-02,1200.0,1200.0,1200.0,1200.0,9.0
2024-02-05,1200.0,1200.0,1200.0,1200.0,38.0
2024-02-06,1198.0,1198.0,1198.0,1198.0,1.0
2024-02-07,1175.0,1200.0,1175.0,1200.0,4.0
2024-02-08,1200.0,1200.0,1200.0,1200.0,7.0
2024-02-09,1200.0,1200.0,1200.0,1200.0,3.0
2024-02-12,1200.0,1200.0,1200.0,1200.0,8.0
2024-02-13,1200.0,1200.0,1200.0,1200.0,12.0
2024-02-14,1208.0,1208.0,1208.0,1208.0,1.0
2024-02-15,1220.0,1220.0,1220.0,1220.0,3.0
2024-02-16,1215.0,1215.0,1215.0,1215.0,2.0
2024-02-19,1200.0,1200.0,1200.0,1200.0,125.0
2024-02-20,1220.0,1220.0,1220.0,1220.0,143.0
2024-02-21,1214.0,1214.0,1214.0,1214.0,1.0
2024-02-22,1200.0,1200.0,1189.0,1189.0,24.0
2024-02-23,1230.0,1230.0,1230.0,1230.0,100.0
2024-02-26,1211.0,1211.0,1211.0,1211.0,30.0
2024-02-27,1227.0,1227.0,1227.0,1227.0,1.0
2024-02-28,1227.0,1228.0,1227.0,1228.0,78.0
2024-02-29,1252.0,1252.0,1252.0,1252.0,1.0
2024-03-01,1252.0,1252.0,1252.0,1252.0,1.0
2024-03-04,1245.0,1245.0,1245.0,1245.0,1.0
2024-03-05,1228.0,1228.0,1228.0,1228.0,20.0
2024-03-06,1228.0,1228.0,1201.0,1201.0,508.0
2024-03-07,1237.0,1237.0,1237.0,1237.0,10.0
2024-03-08,1224.0,1224.0,1224.0,1224.0,626.0
2024-03-11,1224.0,1224.0,1224.0,1224.0,1.0
2024-03-12,1204.0,1204.0,1204.0,1204.0,1.0
2024-03-13,1207.0,1207.0,1207.0,1207.0,1.0
2024-03-14,1204.0,1204.0,1204.0,1204.0,1.0
2024-03-15,1204.0,1204.0,1204.0,1204.0,1.0
2024-03-18,1229.0,1229.0,1229.0,1229.0,1.0
2024-03-19,1203.0,1203.0,1203.0,1203.0,1.0
2024-03-20,1204.0,1204.0,1204.0,1204.0,1.0
2024-03-21,1205.0,1205.0,1205.0,1205.0,1.0
2024-03-22,1204.0,1204.0,1204.0,1204.0,1.0
2024-03-25,1204.0,1204.0,1204.0,1204.0,1.0
2024-03-26,1203.0,1203.0,1203.0,1203.0,30.0
2024-03-27,1204.0,1204.0,1204.0,1204.0,25.0
2024-03-28,1205.0,1205.0,1205.0,1205.0,1.0
2024-03-29,1204.0,1204.0,1183.0,1183.0,35.0
2024-04-01,1203.0,1203.0,1203.0,1203.0,1.0
2024-04-02,1187.0,1187.0,1187.0,1187.0,1.0
2024-04-03,1203.0,1203.0,1203.0,1203.0,1.0
2024-04-04,1203.0,1203.0,1203.0,1203.0,1.0
2024-04-05,1203.0,1205.0,1203.0,1205.0,30.0
2024-04-08,1205.0,1205.0,1205.0,1205.0,7.0
2024-04-09,1190.0,1190.0,1190.0,1190.0,1.0
2024-04-15,1190.0,1190.0,1190.0,1190.0,8.0
2024-04-16,1203.0,1203.0,1203.0,1203.0,1.0
2024-04-17,1227.0,1227.0,1227.0,1227.0,17.0
2024-04-18,1235.0,1235.0,1235.0,1235.0,1.0
2024-04-19,1233.0,1233.0,1233.0,1233.0,4.0
2024-04-22,1204.0,1204.0,1204.0,1204.0,1.0
2024-04-23,1212.0,1212.0,1212.0,1212.0,1.0
2024-04-24,1213.0,1213.0,1213.0,1213.0,224.0
2024-04-25,1237.0,1237.0,1237.0,1237.0,1.0
2024-04-26,1208.0,1244.0,1208.0,1244.0,51.0
2024-04-29,1214.0,1214.0,1214.0,1214.0,1.0
2024-04-30,1190.0,1190.0,1190.0,1190.0,135.0
2024-05-02,1208.0,1208.0,1208.0,1208.0,1.0
2024-05-03,1230.0,1230.0,1230.0,1230.0,97.0
2024-05-06,1220.0,1220.0,1220.0,1220.0,111.0
2024-05-07,1210.0,1210.0,1210.0,1210.0,90.0
2024-05-08,1224.0,1224.0,1224.0,1224.0,1.0
2024-05-09,1224.0,1224.0,1224.0,1224.0,1.0
2024-05-10,1225.0,1225.0,1225.0,1225.0,110.0
2024-05-13,1238.0,1238.0,1238.0,1238.0,1.0
2024-05-14,1227.0,1227.0,1227.0,1227.0,1.0
2024-05-15,1228.0,1228.0,1228.0,1228.0,100.0
2024-05-16,1228.0,1228.0,1228.0,1228.0,20.0
2024-05-17,1236.0,1236.0,1236.0,1236.0,1.0
2024-05-20,1235.0,1235.0,1235.0,1235.0,1.0
2024-05-21,1232.0,1232.0,1232.0,1232.0,1.0
2024-05-22,1236.0,1236.0,1236.0,1236.0,1.0
2024-05-23,1236.0,1236.0,1236.0,1236.0,1.0
2024-05-24,1237.0,1237.0,1237.0,1237.0,1.0
2024-05-27,1229.0,1229.0,1227.0,1227.0,75.0
2024-05-28,1235.0,1235.0,1235.0,1235.0,1.0
2024-05-29,1237.0,1237.0,1237.0,1237.0,3.0
2024-05-30,1237.0,1237.0,1237.0,1237.0,3.0
2024-05-31,1238.0,1238.0,1238.0,1238.0,1.0
2024-06-03,1238.0,1238.0,1238.0,1238.0,1.0
2024-06-04,1238.0,1238.0,1238.0,1238.0,1.0
2024-06-05,1238.0,1238.0,1238.0,1238.0,1.0
2024-06-06,1239.0,1239.0,1239.0,1239.0,1.0
2024-06-07,1224.0,1240.0,1224.0,1240.0,107.0
2024-06-10,1224.0,1224.0,1224.0,1224.0,1.0
2024-06-11,1205.0,1205.0,1200.0,1200.0,16.0
2024-06-12,1213.0,1213.0,1213.0,1213.0,1.0
2024-06-14,1200.0,1240.0,1200.0,1240.0,1397.0
2024-06-19,1224.0,1224.0,1224.0,1224.0,1.0
2024-06-20,1224.0,1224.0,1224.0,1224.0,1.0
2024-06-21,1224.0,1224.0,1224.0,1224.0,1.0
2024-06-24,1224.0,1224.0,1224.0,1224.0,1.0
2024-06-25,1224.0,1224.0,1224.0,1224.0,1.0
2024-06-26,1224.0,1224.0,1224.0,1224.0,1.0
2024-06-28,1248.0,1248.0,1248.0,1248.0,101.0
2024-07-01,1224.0,1224.0,1224.0,1224.0,1.0
2024-07-02,1224.0,1224.0,1224.0,1224.0,1.0
2024-07-03,1222.0,1222.0,1222.0,1222.0,12.0
2024-07-04,1221.0,1221.0,1221.0,1221.0,1.0
2024-07-05,1248.0,1248.0,1248.0,1248.0,31.0
2024-07-08,1224.0,1224.0,1224.0,1224.0,1.0
2024-07-09,1225.0,1225.0,1225.0,1225.0,1.0
2024-07-10,1224.0,1224.0,1224.0,1224.0,1.0
2024-07-11,1224.0,1224.0,1224.0,1224.0,1.0
2024-07-12,1225.0,1225.0,1225.0,1225.0,1.0
2024-07-15,1224.0,1224.0,1224.0,1224.0,1.0
2024-07-16,1248.0,1248.0,1248.0,1248.0,100.0
2024-07-17,1248.0,1248.0,1248.0,1248.0,1.0
2024-07-18,1244.0,1244.0,1244.0,1244.0,1.0
2024-07-19,1248.0,1248.0,1248.0,1248.0,1.0
2024-07-22,1245.0,1245.0,1244.0,1244.0,6.0
2024-07-23,1240.0,1240.0,1240.0,1240.0,85.0
2024-07-24,1225.0,1225.0,1200.0,1200.0,2100.0
2024-07-25,1224.0,1224.0,1224.0,1224.0,1.0
2024-07-26,1240.0,1240.0,1240.0,1240.0,100.0
2024-07-29,1224.0,1224.0,1224.0,1224.0,1.0
2024-07-31,1224.0,1224.0,1224.0,1224.0,1.0
2024-08-01,1224.0,1224.0,1224.0,1224.0,1.0
2024-08-02,1248.0,1248.0,1248.0,1248.0,76.0
2024-08-05,1279.0,1279.0,1279.0,1279.0,50.0
2024-08-06,1255.0,1255.0,1255.0,1255.0,1.0
2024-08-07,1255.0,1255.0,1255.0,1255.0,1.0
2024-08-08,1255.0,1255.0,1255.0,1255.0,1.0
2024-08-09,1255.0,1255.0,1255.0,1255.0,1.0
2024-08-12,1255.0,1255.0,1255.0,1255.0,1.0
2024-08-13,1255.0,1255.0,1255.0,1255.0,1.0
2024-08-15,1255.0,1255.0,1255.0,1255.0,1.0
2024-08-16,1272.0,1272.0,1272.0,1272.0,10.0
2024-08-19,1248.0,1248.0,1248.0,1248.0,2.0
2024-08-22,1246.0,1246.0,1246.0,1246.0,22.0
2024-08-23,1269.0,1269.0,1269.0,1269.0,1.0
2024-08-26,1246.0,1246.0,1246.0,1246.0,1.0
2024-08-27,1244.0,1244.0,1244.0,1244.0,1.0
2024-08-28,1255.0,1255.0,1255.0,1255.0,1.0
2024-08-29,1234.0,1234.0,1234.0,1234.0,4.0
2024-08-30,1270.0,1270.0,1270.0,1270.0,2.0
2024-09-02,1245.0,1274.0,1245.0,1274.0,361.0
2024-09-03,1230.0,1230.0,1200.0,1230.0,21.0
2024-09-04,1200.0,1230.0,1200.0,1230.0,37.0
2024-09-05,1236.0,1250.0,1200.0,1200.0,254.0
2024-09-06,1201.0,1201.0,1201.0,1201.0,1.0
2024-09-09,1201.0,1201.0,1201.0,1201.0,2.0
2024-09-10,1205.0,1205.0,1205.0,1205.0,1.0
2024-09-11,1205.0,1205.0,1181.0,1181.0,57.0
2024-09-12,1203.0,1203.0,1203.0,1203.0,5.0
2024-09-13,1203.0,1203.0,1203.0,1203.0,1.0
2024-09-18,1203.0,1203.0,1203.0,1203.0,1.0
2024-09-19,1203.0,1203.0,1203.0,1203.0,1.0
2024-09-20,1203.0,1203.0,1180.0,1180.0,230.0
2024-09-23,1202.0,1202.0,1200.0,1200.0,113.0
2024-09-24,1200.0,1200.0,1200.0,1200.0,1.0
2024-09-25,1201.0,1201.0,1201.0,1201.0,1.0
2024-09-26,1201.0,1201.0,1200.0,1200.0,2.0
2024-09-27,1181.0,1181.0,1181.0,1181.0,4.0
2024-09-30,1181.0,1181.0,1160.0,1160.0,866.0
2024-10-01,1161.0,1161.0,1161.0,1161.0,1.0
2024-10-02,1183.0,1184.0,1183.0,1184.0,23.0
2024-10-03,1184.0,1184.0,1184.0,1184.0,1.0
2024-10-04,1207.0,1207.0,1207.0,1207.0,2.0
2024-10-07,1184.0,1184.0,1180.0,1180.0,54.0
2024-10-08,1161.0,1161.0,1161.0,1161.0,4.0
2024-10-09,1185.0,1185.0,1185.0,1185.0,8.0
2024-10-10,1184.0,1184.0,1184.0,1184.0,2.0
2024-10-11,1183.0,1183.0,1183.0,1183.0,1.0
2024-10-14,1185.0,1185.0,1185.0,1185.0,1.0
2024-10-15,1185.0,1185.0,1185.0,1185.0,1.0
2024-10-16,1185.0,1185.0,1185.0,1185.0,1.0
2024-10-17,1185.0,1185.0,1185.0,1185.0,1.0
2024-10-18,1185.0,1185.0,1163.0,1163.0,66.0
2024-10-21,1187.0,1187.0,1187.0,1187.0,13.0
2024-10-22,1187.0,1187.0,1187.0,1187.0,1.0
2024-10-23,1187.0,1187.0,1187.0,1187.0,1.0
2024-10-24,1164.0,1165.0,1164.0,1165.0,415.0
2024-10-25,1187.0,1187.0,1187.0,1187.0,1.0
2024-10-28,1164.0,1187.0,1164.0,1187.0,7.0
2024-10-29,1189.0,1189.0,1189.0,1189.0,1.0
2024-10-30,1188.0,1188.0,1188.0,1188.0,1.0
2024-10-31,1188.0,1188.0,1188.0,1188.0,1.0
2024-11-01,1189.0,1189.0,1189.0,1189.0,1.0
2024-11-04,1189.0,1189.0,1189.0,1189.0,1.0
2024-11-05,1189.0,1189.0,1189.0,1189.0,1.0
2024-11-07,1190.0,1190.0,1190.0,1190.0,1.0
2024-11-08,1190.0,1190.0,1190.0,1190.0,1.0
2024-11-11,1167.0,1167.0,1167.0,1167.0,4.0
2024-11-12,1190.0,1190.0,1190.0,1190.0,1.0
2024-11-13,1190.0,1190.0,1190.0,1190.0,1.0
2024-11-14,1190.0,1190.0,1190.0,1190.0,1.0
2024-11-15,1190.0,1190.0,1190.0,1190.0,1.0
2024-11-19,1189.0,1189.0,1189.0,1189.0,1.0
2024-11-20,1189.0,1189.0,1189.0,1189.0,1.0
2024-11-21,1170.0,1170.0,1116.0,1117.0,1028.0
2024-11-22,1138.0,1138.0,1120.0,1138.0,49.0
2024-11-25,1138.0,1138.0,1138.0,1138.0,1.0
2024-11-26,1163.0,1205.0,1090.0,1090.0,2288.0
2024-11-27,1123.0,1123.0,1123.0,1123.0,2.0
2024-11-28,1123.0,1123.0,1123.0,1123.0,1.0
2024-11-29,1123.0,1123.0,1123.0,1123.0,1.0
2024-12-02,1123.0,1123.0,1123.0,1123.0,1.0
2024-12-03,1126.0,1126.0,1126.0,1126.0,1.0
2024-12-04,1125.0,1125.0,1125.0,1125.0,1.0
2024-12-05,1125.0,1125.0,1125.0,1125.0,1.0
2024-12-06,1122.0,1122.0,1122.0,1122.0,1.0
2024-12-09,1127.0,1127.0,1127.0,1127.0,1.0
2024-12-10,1128.0,1128.0,1128.0,1128.0,1.0
2024-12-11,1122.0,1122.0,1122.0,1122.0,1.0
2024-12-12,1124.0,1124.0,1124.0,1124.0,1.0
2024-12-13,1148.0,1148.0,1105.0,1146.0,58.0
2024-12-16,1142.0,1142.0,1142.0,1142.0,1.0
2024-12-17,1130.0,1130.0,1130.0,1130.0,1.0
2024-12-18,1130.0,1130.0,1130.0,1130.0,4.0
2024-12-19,1129.0,1129.0,1129.0,1129.0,1.0
2024-12-20,1130.0,1130.0,1130.0,1130.0,3.0
2024-12-23,1130.0,1130.0,1130.0,1130.0,18.0
2024-12-24,1130.0,1130.0,1130.0,1130.0,20.0
2024-12-25,1108.0,1125.0,1075.0,1075.0,64.0
2024-12-26,1097.0,1124.0,1097.0,1124.0,27.0
2024-12-27,1095.0,1115.0,1093.0,1115.0,235.0
2024-12-30,1116.0,1116.0,1116.0,1116.0,150.0
2024-12-31,1101.0,1116.0,1100.0,1101.0,606.0
2025-01-02,1101.0,1101.0,1080.0,1080.0,84.0
2025-01-03,1106.0,1106.0,1106.0,1106.0,24.0
2025-01-06,1116.0,1116.0,1090.0,1115.0,100.0
2025-01-07,1128.0,1128.0,1105.0,1105.0,8.0
2025-01-08,1105.0,1105.0,1105.0,1105.0,109.0
2025-01-09,1107.0,1107.0,1107.0,1107.0,1.0
2025-01-10,1119.0,1119.0,1091.0,1091.0,1434.0
2025-01-13,1111.0,1112.0,1080.0,1111.0,168.0
2025-01-15,1112.0,1112.0,1112.0,1112.0,5.0
2025-01-16,1112.0,1112.0,1112.0,1112.0,83.0
2025-01-17,1113.0,1113.0,1113.0,1113.0,1.0
2025-01-20,1113.0,1113.0,1113.0,1113.0,1.0
2025-01-21,1113.0,1113.0,1113.0,1113.0,1.0
2025-01-22,1113.0,1113.0,1113.0,1113.0,1.0
2025-01-23,1113.0,1113.0,1113.0,1113.0,1.0
2025-01-24,1113.0,1113.0,1113.0,1113.0,1.0
2025-01-27,1115.0,1115.0,1110.0,1110.0,100.0
2025-01-28,1111.0,1111.0,1111.0,1111.0,1.0
2025-01-29,1120.0,1120.0,1120.0,1120.0,9.0
2025-01-30,1119.0,1119.0,1119.0,1119.0,61.0
2025-01-31,1117.0,1117.0,1117.0,1117.0,1.0
2025-02-03,1119.0,1120.0,1119.0,1119.0,34.0
2025-02-04,1120.0,1120.0,1120.0,1120.0,1.0
2025-02-05,1125.0,1125.0,1125.0,1125.0,15.0
2025-02-06,1125.0,1125.0,1125.0,1125.0,1.0
2025-02-07,1125.0,1125.0,1125.0,1125.0,9.0
2025-02-10,1125.0,1139.0,1125.0,1139.0,624.0
2025-02-11,1135.0,1135.0,1135.0,1135.0,80.0
2025-02-12,1135.0,1135.0,1135.0,1135.0,15.0
2025-02-13,1135.0,1135.0,1135.0,1135.0,39.0
2025-02-14,1135.0,1135.0,1135.0,1135.0,1.0
2025-02-17,1135.0,1135.0,1135.0,1135.0,15.0
2025-02-18,1135.0,1135.0,1135.0,1135.0,1.0
2025-02-19,1135.0,1135.0,1135.0,1135.0,720.0
2025-02-20,1121.0,1135.0,1121.0,1125.0,8.0
2025-02-21,1135.0,1135.0,1135.0,1135.0,9.0
2025-02-24,1135.0,1135.0,1135.0,1135.0,2.0
2025-02-25,1134.0,1134.0,1134.0,1134.0,1.0
2025-02-26,1134.0,1134.0,1134.0,1134.0,1.0
2025-02-27,1135.0,1135.0,1135.0,1135.0,1.0
2025-02-28,1122.0,1140.0,1120.0,1140.0,479.0
2025-03-03,1121.0,1121.0,1121.0,1121.0,2.0
2025-03-04,1135.0,1135.0,1135.0,1135.0,1.0
2025-03-05,1116.0,1116.0,1116.0,1116.0,43.0
2025-03-06,1134.0,1134.0,1134.0,1134.0,1.0
2025-03-07,1144.0,1155.0,1144.0,1155.0,684.0
2025-03-10,1160.0,1160.0,1160.0,1160.0,1.0
2025-03-11,1161.0,1161.0,1160.0,1160.0,45.0
2025-03-12,1145.0,1175.0,1145.0,1175.0,254.0
2025-03-13,1170.0,1170.0,1170.0,1170.0,1.0
2025-03-14,1170.0,1170.0,1170.0,1170.0,20.0
2025-03-17,1165.0,1175.0,1165.0,1175.0,219.0
2025-03-18,1196.0,1196.0,1196.0,1196.0,3.0
2025-03-19,1200.0,1200.0,1190.0,1190.0,23.0
2025-03-20,1200.0,1200.0,1200.0,1200.0,83.0
2025-03-21,1221.0,1250.0,1221.0,1250.0,151.0
2025-03-24,1235.0,1235.0,1235.0,1235.0,3.0
2025-03-25,1236.0,1236.0,1236.0,1236.0,1.0
2025-03-26,1235.0,1235.0,1235.0,1235.0,1.0
2025-03-27,1214.0,1214.0,1213.0,1213.0,22.0
2025-03-28,1202.0,1334.0,1202.0,1334.0,45.0
2025-04-02,1326.0,1326.0,1310.0,1310.0,132.0
2025-04-03,1309.0,1309.0,1286.0,1286.0,31.0
2025-04-04,1263.0,1350.0,1261.0,1350.0,427.0
2025-04-07,1230.0,1298.0,1230.0,1298.0,220.0
2025-04-08,1297.0,1297.0,1297.0,1297.0,2.0
2025-04-09,1275.0,1275.0,1274.0,1274.0,116.0
2025-04-10,1297.0,1297.0,1297.0,1297.0,1.0
2025-04-11,1309.0,1309.0,1274.0,1300.0,227.0
2025-04-14,1300.0,1300.0,1300.0,1300.0,1.0
2025-04-15,1300.0,1300.0,1300.0,1300.0,27.0
2025-04-16,1300.0,1300.0,1300.0,1300.0,96.0
2025-04-17,1300.0,1300.0,1300.0,1300.0,1.0
2025-04-18,1322.0,1347.0,1322.0,1347.0,60.0
2025-04-21,1323.0,1323.0,1323.0,1323.0,14.0
2025-04-22,1300.0,1300.0,1299.0,1299.0,26.0
2025-04-23,1276.0,1276.0,1276.0,1276.0,1.0
2025-04-24,1299.0,1299.0,1299.0,1299.0,1.0
2025-04-25,1299.0,1299.0,1299.0,1299.0,1.0
2025-04-28,1299.0,1299.0,1299.0,1299.0,1.0
2025-04-29,1220.0,1300.0,1220.0,1300.0,149.0
2025-04-30,1300.0,1300.0,1300.0,1300.0,1.0
2025-05-02,1305.0,1305.0,1305.0,1305.0,4.0
2025-05-05,1281.0,1281.0,1281.0,1281.0,1.0
2025-05-06,1295.0,1299.0,1295.0,1299.0,3.0
2025-05-07,1322.0,1335.0,1322.0,1335.0,90.0
2025-05-08,1334.0,1334.0,1334.0,1334.0,1.0
2025-05-09,1310.0,1350.0,1310.0,1350.0,265.0
2025-05-12,1374.0,1400.0,1374.0,1400.0,83.0
2025-05-13,1400.0,1400.0,1400.0,1400.0,16.0
2025-05-14,1400.0,1400.0,1375.0,1375.0,21.0
2025-05-15,1350.0,1350.0,1330.0,1330.0,21.0
2025-05-16,1350.0,1350.0,1350.0,1350.0,399.0
2025-05-19,1350.0,1350.0,1350.0,1350.0,3.0
2025-05-20,1326.0,1326.0,1326.0,1326.0,19.0
2025-05-21,1326.0,1326.0,1326.0,1326.0,1.0
2025-05-22,1302.0,1302.0,1302.0,1302.0,3.0
2025-05-23,1180.0,1348.0,1180.0,1348.0,241.0
2025-05-26,1324.0,1324.0,1324.0,1324.0,19.0
2025-05-27,1324.0,1324.0,1324.0,1324.0,1.0
2025-05-29,1325.0,1325.0,1325.0,1325.0,1.0
2025-05-30,1346.0,1346.0,1346.0,1346.0,2.0
2025-06-02,1349.0,1349.0,1349.0,1349.0,1.0
2025-06-05,1349.0,1349.0,1349.0,1349.0,5.0
2025-06-06,1347.0,1347.0,1330.0,1330.0,290.0
2025-06-10,1330.0,1330.0,1330.0,1330.0,1.0
2025-06-11,1345.0,1345.0,1345.0,1345.0,2.0
2025-06-13,1349.0,1349.0,1349.0,1349.0,181.0
2025-06-17,1340.0,1340.0,1340.0,1340.0,4.0
2025-06-19,1252.0,1340.0,1252.0,1340.0,46.0
2025-06-20,1340.0,1340.0,1340.0,1340.0,100.0
2025-06-26,1300.0,1303.0,1300.0,1302.0,4.0
2025-06-30,1340.0,1340.0,1300.0,1300.0,38.0
2025-07-04,1255.0,1301.0,1255.0,1301.0,18.0
2025-07-07,1340.0,1341.0,1340.0,1341.0,16.0
2025-07-08,1301.0,1301.0,1301.0,1301.0,4.0
2025-07-10,1341.0,1380.0,1341.0,1380.0,60.0
2025-07-11,1380.0,1380.0,1380.0,1380.0,34.0
2025-07-14,1381.0,1381.0,1381.0,1381.0,1.0
2025-07-16,1341.0,1341.0,1341.0,1341.0,1.0
2025-07-18,1305.0,1390.0,1300.0,1390.0,93.0
2025-07-31,1374.0,1374.0,1374.0,1374.0,3.0
2025-08-05,1374.0,1374.0,1374.0,1374.0,12.0
2025-08-07,1374.0,1374.0,1374.0,1374.0,1.0
2025-08-11,1374.0,1374.0,1307.0,1307.0,216.0
2025-08-13,1310.0,1310.0,1307.0,1307.0,86.0
2025-08-15,1325.0,1370.0,1325.0,1370.0,110.0
2025-08-19,1331.0,1331.0,1331.0,1331.0,5.0
2025-08-22,1331.0,1370.0,1310.0,1370.0,160.0
2025-08-25,1373.0,1373.0,1373.0,1373.0,7.0
2025-08-27,1373.0,1390.0,1373.0,1390.0,139.0
2025-08-28,1390.0,1390.0,1390.0,1390.0,11.0
2025-08-29,1435.0,1435.0,1435.0,1435.0,2.0
2025-09-03,1409.0,1409.0,1409.0,1409.0,26.0
2025-09-04,1410.0,1410.0,1410.0,1410.0,3.0
2025-09-09,1380.0,1380.0,1370.0,1378.0,37.0
2025-09-10,1301.0,1301.0,1301.0,1301.0,1.0
2025-09-11,1367.0,1367.0,1320.0,1320.0,70.0
2025-09-12,1360.0,1360.0,1360.0,1360.0,36.0
2025-09-15,1360.0,1360.0,1360.0,1360.0,1.0
2025-09-18,1354.0,1354.0,1354.0,1354.0,10.0
2025-09-22,1251.0,1339.0,1251.0,1339.0,113.0
2025-09-23,1300.0,1300.0,1300.0,1300.0,150.0
2025-09-24,1262.0,1262.0,1262.0,1262.0,518.0
2025-09-25,1347.0,1347.0,1347.0,1347.0,2.0
2025-09-29,1268.0,1268.0,1268.0,1268.0,3.0
2025-10-01,1335.0,1335.0,1335.0,1335.0,1.0
2025-10-09,1270.0,1270.0,1260.0,1260.0,204.0
2025-10-10,1260.0,1260.0,1260.0,1260.0,209.0
2025-10-14,1255.0,1255.0,1255.0,1255.0,4.0
2025-10-15,1255.0,1255.0,1255.0,1255.0,5.0
2025-10-21,1258.0,1258.0,1258.0,1258.0,1.0
2025-10-24,1320.0,1320.0,1320.0,1320.0,25.0
2025-11-05,1290.0,1290.0,1290.0,1290.0,6.0
2025-11-07,1335.0,1335.0,1335.0,1335.0,50.0
2025-11-12,1330.0,1332.0,1330.0,1332.0,4.0
2025-11-28,1330.0,1330.0,1330.0,1330.0,5.0
2025-12-03,1232.0,1319.0,1232.0,1319.0,55.0
2025-12-10,1207.0,1309.0,1207.0,1309.0,6.0
2025-12-11,1306.0,1306.0,1305.0,1305.0,4.0
2025-12-12,1285.0,1300.0,1285.0,1300.0,102.0
2025-12-16,1285.0,1285.0,1285.0,1285.0,2.0
2025-12-17,1299.0,1300.0,1299.0,1300.0,2.0
2025-12-18,1300.0,1300.0,1300.0,1300.0,2.0
2025-12-19,1300.0,1300.0,1300.0,1300.0,4.0
2025-12-22,1267.0,1267.0,1267.0,1267.0,58.0
2025-12-25,1250.0,1250.0,1250.0,1250.0,394.0
2025-12-26,1240.0,1240.0,1240.0,1240.0,1101.0
2025-12-29,1240.0,1240.0,1221.0,1221.0,7.0
2025-12-30,1220.0,1225.0,1220.0,1225.0,6.0
2025-12-31,1225.0,1225.0,1220.0,1225.0,46.0
2026-01-02,1239.0,1239.0,1239.0,1239.0,1.0
2026-01-05,1239.0,1239.0,1226.0,1239.0,16.0
2026-01-07,1239.0,1239.0,1230.0,1235.0,13.0
2026-01-08,1235.0,1235.0,1235.0,1235.0,6.0
2026-01-12,1235.0,1235.0,1235.0,1235.0,5.0
2026-01-13,1235.0,1235.0,1233.0,1233.0,136.0
2026-01-16,1239.0,1239.0,1239.0,1239.0,1.0
2026-01-20,1239.0,1239.0,1239.0,1239.0,15.0
2026-01-21,1238.0,1238.0,1238.0,1238.0,15.0
2026-01-22,1238.0,1238.0,1238.0,1238.0,2.0
2026-01-23,1226.0,1226.0,1226.0,1226.0,3.0
2026-01-26,1226.0,1226.0,1226.0,1226.0,5.0
2026-01-29,1226.0,1226.0,1226.0,1226.0,5.0
2026-02-11,1245.0,1245.0,1245.0,1245.0,2.0
2026-02-12,1245.0,1245.0,1245.0,1245.0,1.0
2026-02-23,1246.0,1246.0,1246.0,1246.0,1.0
2026-02-26,1246.0,1246.0,1246.0,1246.0,2.0
2026-03-05,1172.0,1172.0,1172.0,1172.0,2.0
2026-03-06,1242.0,1242.0,1242.0,1242.0,10.0
2026-03-10,1260.0,1260.0,1260.0,1260.0,21.0
2026-03-19,1289.0,1289.0,1289.0,1289.0,1.0
2026-03-24,1260.0,1260.0,1260.0,1260.0,2.0
2026-03-25,1185.0,1185.0,1185.0,1185.0,63.0
2026-03-26,1114.0,1114.0,1114.0,1114.0,7393.0
2026-03-27,1180.0,1180.0,1180.0,1180.0,2.0
