Time,Open,High,Low,Close,Volume
2012-03-26,68.32,68.32,68.239998,68.32,400.0
2012-03-27,68.419998,68.419998,68.419998,68.419998,60.0
2012-03-28,68.419998,68.440002,68.419998,68.419998,2410.0
2012-03-29,68.199997,68.220001,68.199997,68.199997,507.0
2012-03-30,68.0,69.0,68.0,68.0,4662.0
2012-04-02,68.019997,68.019997,68.019997,68.019997,103.0
2012-04-03,68.0,68.5,68.0,68.0,885.0
2012-04-04,66.519997,68.839996,66.519997,66.519997,32.0
2012-04-05,65.0,67.0,65.0,65.0,15388.0
2012-04-06,65.0,66.0,65.0,65.0,4050.0
2012-04-09,64.0,65.0,64.0,64.0,263.0
2012-04-13,60.5,63.0,60.5,60.5,3558.0
2012-04-16,62.900002,62.98,62.900002,62.900002,371.0
2012-04-17,63.380001,63.380001,62.799999,63.380001,872.0
2012-04-18,63.0,66.620003,61.459999,63.0,1555.0
2012-04-19,64.480003,64.480003,61.139999,64.480003,80.0
2012-04-20,64.0,64.0,61.220001,64.0,3373.0
2012-04-23,63.900002,63.900002,61.599998,63.900002,303.0
2012-04-24,62.02,62.02,61.599998,62.02,3363.0
2012-04-27,58.419998,59.880001,58.299999,58.419998,81272.0
2012-04-30,60.0,60.0,59.779999,60.0,604.0
2012-05-02,58.5,60.0,58.5,58.5,1500.0
2012-05-03,60.860001,60.860001,60.860001,60.860001,1.0
2012-05-04,59.0,59.880001,59.0,59.0,51.0
2012-05-07,59.799999,59.799999,58.759998,59.799999,178.0
2012-05-08,58.599998,59.779999,58.599998,58.599998,1964.0
2012-05-09,58.0,59.400002,57.02,58.0,1514.0
2012-05-10,57.5,57.5,57.099998,57.5,45.0
2012-05-11,57.52,59.0,57.52,57.52,1527.0
2012-05-15,58.0,58.0,57.619999,58.0,5091.0
2012-05-16,56.220001,58.400002,56.220001,56.220001,1800.0
2012-05-17,55.720001,56.220001,55.720001,55.720001,192.0
2012-05-18,56.0,57.900002,55.700001,56.0,428.0
2012-05-22,56.5,56.919998,54.02,56.5,1226.0
2012-05-23,56.5,56.900002,54.619999,56.5,180.0
2012-05-24,57.98,57.98,56.0,57.98,748.0
2012-05-25,57.880001,58.0,56.380001,57.880001,2718.0
2012-05-28,57.860001,57.880001,56.639999,57.860001,814.0
2012-05-29,56.5,57.860001,56.099998,56.5,27968.0
2012-05-30,56.599998,56.599998,56.599998,56.599998,10.0
2012-05-31,56.900002,56.900002,56.880001,56.900002,2300.0
2012-06-01,56.200001,56.900002,56.200001,56.200001,4474.0
2012-06-04,57.0,57.0,56.200001,57.0,43.0
2012-06-06,57.5,57.5,57.5,57.5,6.0
2012-06-07,56.5,57.5,56.0,56.5,3525.0
2012-06-08,56.939999,56.939999,56.0,56.939999,6252.0
2012-06-11,56.939999,56.939999,56.939999,56.939999,44.0
2012-06-12,56.240002,57.98,56.200001,56.240002,615.0
2012-06-13,57.919998,57.919998,57.919998,57.919998,1.0
2012-06-14,56.360001,57.900002,56.299999,56.360001,1780.0
2012-06-15,56.5,57.900002,56.439999,56.5,1133.0
2012-06-19,57.880001,57.880001,57.5,57.880001,129.0
2012-06-20,57.0,57.0,56.5,57.0,5350.0
2012-06-21,58.0,59.0,58.0,58.0,709.0
2012-06-22,57.5,57.5,57.5,57.5,309.0
2012-06-25,58.0,59.0,57.5,58.0,1215.0
2012-06-26,59.18,59.18,59.18,59.18,966.0
2012-06-27,58.200001,59.299999,58.200001,58.200001,964.0
2012-06-28,58.200001,59.0,58.200001,58.200001,1262.0
2012-06-29,58.099998,58.5,58.099998,58.099998,27525.0
2012-07-02,59.0,61.0,58.5,59.0,6226.0
2012-07-03,58.5,61.0,58.419998,58.5,2208.0
2012-07-04,59.200001,59.880001,59.0,59.200001,14296.0
2012-07-05,60.419998,60.439999,59.860001,60.419998,196.0
2012-07-06,59.200001,60.400002,59.200001,59.200001,920.0
2012-07-09,58.5,60.380001,58.099998,58.5,978.0
2012-07-10,59.700001,59.700001,59.200001,59.700001,71.0
2012-07-11,59.0,59.419998,58.0,59.0,14484.0
2012-07-12,57.5,58.0,52.84,57.5,524.0
2012-07-13,56.98,57.0,55.0,56.98,232.0
2012-07-16,56.0,56.939999,54.52,56.0,659.0
2012-07-17,55.98,55.98,55.040001,55.98,195.0
2012-07-18,56.0,56.0,56.0,56.0,178.0
2012-07-19,57.5,57.5,56.0,57.5,6470.0
2012-07-20,55.220001,57.82,55.220001,55.220001,2543.0
2012-07-23,57.0,57.0,56.0,57.0,66.0
2012-07-24,57.82,57.82,57.0,57.82,23.0
2012-07-25,58.919998,58.98,57.740002,58.919998,5690.0
2012-07-26,58.919998,58.919998,58.900002,58.919998,103.0
2012-07-27,58.860001,58.860001,58.860001,58.860001,5.0
2012-07-31,57.880001,57.880001,56.700001,57.880001,8.0
2012-08-01,58.0,58.0,57.880001,58.0,50.0
2012-08-02,58.0,58.0,56.700001,58.0,3446.0
2012-08-06,58.0,58.0,58.0,58.0,10.0
2012-08-07,56.5,56.900002,56.5,56.5,756.0
2012-08-09,59.380001,59.380001,56.400002,59.380001,482.0
2012-08-13,58.380001,58.380001,58.380001,58.380001,5.0
2012-08-16,57.580002,57.580002,55.5,57.580002,513.0
2012-08-29,57.580002,57.580002,56.0,57.580002,300.0
2012-08-30,57.580002,57.580002,57.400002,57.580002,290.0
2012-08-31,56.040001,56.040001,56.040001,56.040001,1083.0
2012-09-03,56.02,56.080002,56.0,56.02,1902.0
2012-09-05,56.0,56.0,56.0,56.0,172.0
2012-09-06,56.98,56.98,56.98,56.98,23.0
2012-09-07,53.580002,57.0,53.580002,53.580002,1132.0
2012-09-10,55.959999,55.959999,55.959999,55.959999,30.0
2012-09-11,55.0,55.900002,54.5,55.0,5320.0
2012-09-12,54.0,54.52,54.0,54.0,733.0
2012-09-13,54.0,54.0,54.0,54.0,1932.0
2012-09-14,53.0,53.0,53.0,53.0,809.0
2012-09-18,55.5,55.5,53.0,55.5,11.0
2012-09-19,53.0,55.299999,53.0,53.0,24175.0
2012-09-20,55.0,55.0,53.0,55.0,10286.0
2012-09-21,53.119999,55.32,53.119999,53.119999,53.0
2012-09-24,53.060001,53.060001,53.060001,53.060001,48.0
2012-09-25,54.740002,54.740002,53.060001,54.740002,14.0
2012-09-26,53.040001,53.16,53.040001,53.040001,758.0
2012-09-27,54.5,54.5,53.040001,54.5,10339.0
2012-09-28,54.5,54.5,54.5,54.5,2164.0
2012-10-02,54.0,54.0,54.0,54.0,200.0
2012-10-03,54.700001,54.700001,54.700001,54.700001,50.0
2012-10-04,53.119999,53.119999,53.119999,53.119999,2.0
2012-10-05,53.02,53.139999,53.02,53.02,923.0
2012-10-08,52.5,53.119999,52.5,52.5,905.0
2012-10-09,52.5,52.5,52.5,52.5,400.0
2012-10-10,53.0,54.700001,52.5,53.0,1268.0
2012-10-11,54.0,54.0,53.0,54.0,541.0
2012-10-12,53.299999,53.299999,53.299999,53.299999,562.0
2012-10-15,53.299999,53.299999,53.299999,53.299999,138.0
2012-10-16,53.299999,53.299999,53.299999,53.299999,479.0
2012-10-17,53.0,53.700001,53.0,53.0,4881.0
2012-10-18,53.0,53.0,53.0,53.0,505.0
2012-10-19,54.0,54.0,52.5,54.0,6732.0
2012-10-22,54.66,54.66,52.52,54.66,222.0
2012-10-24,53.200001,54.619999,53.200001,53.200001,600.0
2012-10-25,53.0,54.599998,52.0,53.0,12889.0
2012-10-29,54.5,54.5,53.5,54.5,1770.0
2012-10-30,53.099998,53.099998,53.099998,53.099998,170.0
2012-10-31,54.48,54.48,54.48,54.48,9.0
2012-11-01,54.5,54.5,54.48,54.5,4223.0
2012-11-02,54.619999,54.619999,54.48,54.619999,1482.0
2012-11-05,55.0,55.0,54.459999,55.0,834.0
2012-11-07,55.099998,57.720001,55.099998,55.099998,1810.0
2012-11-08,57.0,57.700001,57.0,57.0,310.0
2012-11-09,56.02,57.0,56.02,56.02,164.0
2012-11-13,56.900002,56.900002,56.119999,56.900002,594.0
2012-11-19,60.299999,60.299999,56.880001,60.299999,31560.0
2012-11-20,60.34,63.0,60.32,60.34,7761.0
2012-11-21,60.0,61.799999,60.0,60.0,1218.0
2012-11-22,60.599998,60.799999,58.200001,60.599998,1214.0
2012-11-23,60.48,60.560001,60.48,60.48,15.0
2012-11-26,60.799999,60.799999,60.0,60.799999,20.0
2012-11-28,60.959999,60.959999,60.599998,60.959999,161.0
2012-11-29,60.700001,61.0,60.5,60.700001,592.0
2012-11-30,60.0,60.0,58.900002,60.0,50914.0
2012-12-03,62.900002,62.900002,62.900002,62.900002,500.0
2012-12-04,61.400002,61.400002,60.0,61.400002,411.0
2012-12-05,61.900002,61.900002,60.5,61.900002,5347.0
2012-12-06,62.299999,62.400002,60.5,62.299999,18675.0
2012-12-07,60.360001,62.299999,60.360001,60.360001,741.0
2012-12-10,61.380001,61.380001,60.5,61.380001,35.0
2012-12-11,60.599998,61.380001,60.599998,60.599998,135.0
2012-12-12,60.400002,61.380001,60.400002,60.400002,264.0
2012-12-14,61.299999,61.299999,61.299999,61.299999,3.0
2012-12-18,60.0,60.0,60.0,60.0,120.0
2012-12-19,58.400002,58.5,58.400002,58.400002,56.0
2012-12-20,60.0,60.0,60.0,60.0,1771186.0
2012-12-21,58.52,61.380001,58.52,58.52,41932.0
2012-12-24,60.5,61.0,56.220001,60.5,24052.0
2012-12-26,58.34,58.34,58.34,58.34,500.0
2012-12-27,60.0,60.0,60.0,60.0,177082.0
2012-12-28,57.5,59.98,57.5,57.5,56259.0
2012-12-31,58.799999,58.799999,57.220001,58.799999,17540.0
2013-01-02,59.98,60.439999,58.799999,59.98,2003.0
2013-01-03,59.880001,59.880001,59.599998,59.880001,315.0
2013-01-04,57.32,59.880001,57.32,57.32,218.0
2013-01-07,59.880001,59.880001,59.880001,59.880001,4.0
2013-01-08,58.98,59.799999,58.98,58.98,1534.0
2013-01-09,58.0,58.0,58.0,58.0,4560.0
2013-01-10,59.400002,59.400002,57.32,59.400002,102.0
2013-01-14,56.119999,59.18,56.119999,56.119999,402.0
2013-01-15,58.0,58.0,58.0,58.0,1114.0
2013-01-16,58.0,58.959999,54.52,58.0,49842.0
2013-01-17,58.5,58.5,58.0,58.5,6293.0
2013-01-18,58.400002,58.400002,58.400002,58.400002,120.0
2013-01-21,58.0,58.0,58.0,58.0,1000.0
2013-01-22,58.0,58.0,56.200001,58.0,7735.0
2013-01-23,57.099998,60.0,57.099998,57.099998,8245.0
2013-01-28,59.98,59.98,57.080002,59.98,3516.0
2013-01-29,58.0,62.0,57.52,58.0,8149.0
2013-01-30,61.0,61.0,60.0,61.0,11037.0
2013-01-31,58.02,59.880001,58.0,58.02,665.0
2013-02-01,58.02,58.02,58.02,58.02,5303.0
2013-02-04,59.0,59.0,57.619999,59.0,103.0
2013-02-06,57.900002,58.900002,57.900002,57.900002,7294.0
2013-02-07,58.799999,58.799999,57.619999,58.799999,5.0
2013-02-08,59.5,59.5,58.400002,59.5,1394.0
2013-02-11,59.0,59.0,58.0,59.0,42465.0
2013-02-12,59.0,59.0,59.0,59.0,5643.0
2013-02-13,59.0,60.0,59.0,59.0,2835.0
2013-02-14,60.0,60.0,60.0,60.0,60.0
2013-02-15,59.5,60.5,57.619999,59.5,20196.0
2013-02-18,60.0,60.0,59.139999,60.0,4796.0
2013-02-19,60.0,60.0,60.0,60.0,3010.0
2013-02-20,60.0,60.0,60.0,60.0,10.0
2013-02-21,60.0,60.0,60.0,60.0,6900.0
2013-02-22,60.0,60.900002,60.0,60.0,2323.0
2013-02-25,60.900002,61.48,60.900002,61.48,1719.0
2013-02-26,62.0,62.0,62.0,62.0,400.0
2013-02-27,61.0,62.0,61.0,62.0,1002.0
2013-02-28,62.299999,62.619999,60.0,60.0,2999.0
2013-03-01,58.099998,61.970001,57.150002,57.150002,1664.0
2013-03-04,60.57,60.57,60.57,60.57,119.0
2013-03-05,60.57,60.57,60.57,60.57,50.0
2013-03-06,58.599998,61.0,58.599998,61.0,25.0
2013-03-07,60.5,62.0,60.5,62.0,168.0
2013-03-13,61.799999,61.799999,59.0,59.0,52.0
2013-03-14,58.5,61.5,58.279999,61.5,41.0
2013-03-15,61.700001,61.700001,57.810001,57.810001,2397.0
2013-03-18,60.0,60.0,60.0,60.0,1.0
2013-03-21,60.0,61.150002,58.200001,61.150002,53373.0
2013-03-22,61.5,61.5,61.5,61.5,11.0
2013-03-25,60.0,61.0,58.5,58.5,242.0
2013-03-26,60.5,60.5,60.5,60.5,4.0
2013-03-27,59.950001,60.0,58.360001,58.360001,1318.0
2013-03-28,58.400002,58.400002,58.400002,58.400002,86.0
2013-03-29,58.400002,60.400002,58.400002,60.400002,1615.0
2013-04-01,59.02,59.02,59.02,59.02,150.0
2013-04-02,59.099998,60.0,59.099998,60.0,38936.0
2013-04-04,60.0,60.0,60.0,60.0,2520.0
2013-04-08,60.0,60.0,60.0,60.0,10.0
2013-04-09,60.099998,60.299999,60.099998,60.099998,11.0
2013-04-10,60.02,61.0,60.02,60.5,183.0
2013-04-11,60.099998,60.099998,60.099998,60.099998,157.0
2013-04-12,60.099998,60.099998,60.099998,60.099998,5.0
2013-04-15,60.099998,61.400002,60.099998,61.400002,37.0
2013-04-17,61.700001,61.700001,61.700001,61.700001,2.0
2013-04-18,60.099998,60.099998,60.099998,60.099998,624.0
2013-04-22,61.0,61.0,61.0,61.0,10.0
2013-04-23,61.900002,61.900002,60.02,61.5,136.0
2013-04-24,61.0,61.0,60.0,61.0,29828.0
2013-04-25,60.5,62.0,60.5,62.0,475.0
2013-04-26,61.5,61.5,61.009998,61.009998,802.0
2013-04-29,62.5,62.5,62.5,62.5,13.0
2013-04-30,61.0,62.5,61.0,61.209999,23318.0
2013-05-03,62.5,62.5,62.0,62.0,9.0
2013-05-06,62.900002,62.900002,62.0,62.0,11.0
2013-05-08,61.130001,62.400002,61.130001,62.400002,1165.0
2013-05-09,61.200001,62.48,61.200001,62.0,138295.0
2013-05-10,62.900002,62.900002,62.099998,62.099998,139.0
2013-05-13,62.900002,65.699997,62.900002,63.84,18185.0
2013-05-14,63.900002,65.199997,63.900002,65.199997,200.0
2013-05-15,65.099998,65.099998,65.0,65.0,6298.0
2013-05-16,65.199997,67.5,65.0,65.0,11751.0
2013-05-17,65.5,65.5,65.0,65.0,2937.0
2013-05-20,64.059998,65.0,64.059998,65.0,557.0
2013-05-21,64.099998,64.099998,64.099998,64.099998,1404.0
2013-05-22,64.099998,64.199997,64.099998,64.199997,837.0
2013-05-23,64.199997,64.540001,64.199997,64.540001,1940.0
2013-05-24,65.0,65.019997,64.529999,65.019997,5270.0
2013-05-27,64.510002,66.0,64.510002,66.0,530.0
2013-05-28,64.599998,64.599998,64.599998,64.599998,3.0
2013-05-29,65.0,65.849998,65.0,65.849998,10174.0
2013-05-30,65.5,66.480003,65.0,65.510002,18630.0
2013-05-31,66.199997,67.0,66.199997,67.0,5239.0
2013-06-04,65.800003,69.5,65.0,69.5,36277.0
2013-06-05,69.5,71.199997,68.0,68.099998,29816.0
2013-06-06,68.300003,70.010002,68.300003,70.0,72271.0
2013-06-07,69.949997,69.949997,65.0,65.139999,814.0
2013-06-10,65.139999,65.139999,65.0,65.0,1316.0
2013-06-11,65.099998,65.099998,65.099998,65.099998,10.0
2013-06-12,65.110001,67.5,65.0,67.5,620.0
2013-06-14,65.019997,65.110001,65.0,65.099998,1480.0
2013-06-19,65.099998,67.349998,65.099998,67.349998,7836.0
2013-06-21,64.599998,67.0,64.599998,65.099998,1974.0
2013-06-26,64.199997,64.199997,64.199997,64.199997,511.0
2013-06-28,64.199997,64.199997,63.52,63.52,3049.0
2013-07-01,63.5,63.5,63.5,63.5,20.0
2013-07-05,62.610001,62.610001,62.610001,62.610001,294.0
2013-07-08,66.0,66.0,66.0,66.0,1.0
2013-07-09,62.700001,66.400002,62.700001,66.400002,550.0
2013-07-10,65.5,65.5,65.5,65.5,100.0
2013-07-11,64.0,64.0,64.0,64.0,800.0
2013-07-12,63.119999,63.119999,63.119999,63.119999,595.0
2013-07-15,65.980003,65.980003,65.980003,65.980003,20.0
2013-07-16,65.800003,69.5,65.800003,69.489998,31125.0
2013-07-17,67.199997,69.0,67.199997,69.0,3600.0
2013-07-18,69.0,73.139999,69.0,73.139999,42897.0
2013-07-19,71.199997,73.0,70.5,70.519997,1190.0
2013-07-22,69.300003,70.0,67.0,67.120003,3200.0
2013-07-23,70.440002,71.139999,70.440002,71.139999,7462.0
2013-07-24,71.5,75.0,71.5,75.0,11679.0
2013-07-25,75.410004,75.5,75.0,75.0,6390.0
2013-07-26,75.0,75.0,75.0,75.0,266.0
2013-07-31,75.0,75.199997,75.0,75.199997,1489.0
2013-08-01,73.510002,73.510002,73.5,73.5,41.0
2013-08-02,73.550003,73.550003,71.0,71.0,441.0
2013-08-05,74.800003,75.260002,74.800003,75.260002,6317.0
2013-08-06,74.0,75.400002,74.0,75.400002,250.0
2013-08-12,75.0,75.0,73.0,73.0,1068.0
2013-08-13,75.0,75.0,75.0,75.0,1451.0
2013-08-16,75.0,75.0,75.0,75.0,1249.0
2013-08-26,76.400002,76.400002,75.5,75.5,14169.0
2013-09-05,74.0,75.0,70.519997,75.0,1594.0
2013-09-11,72.25,74.440002,71.300003,74.440002,210.0
2013-09-13,72.199997,72.199997,72.199997,72.199997,83.0
2013-09-16,73.900002,73.900002,73.900002,73.900002,10.0
2013-09-19,73.699997,76.0,73.699997,76.0,1093.0
2013-09-20,76.0,76.900002,75.0,75.0,4867.0
2013-09-23,75.0,75.099998,75.0,75.0,473.0
2013-09-25,75.0,75.0,74.0,74.5,32490.0
2013-09-26,74.5,77.5,74.099998,74.150002,2034.0
2013-09-27,76.0,77.5,75.5,75.5,55.0
2013-09-30,72.559998,74.0,72.559998,74.0,216.0
2013-10-01,74.0,74.5,74.0,74.5,1356.0
2013-10-02,73.040001,75.0,73.0,75.0,3514.0
2013-10-03,75.0,75.0,75.0,75.0,266.0
2013-10-04,75.0,75.0,75.0,75.0,134.0
2013-10-07,74.0,74.5,74.0,74.5,1975.0
2013-10-08,75.0,75.0,75.0,75.0,800.0
2013-10-09,74.0,74.0,74.0,74.0,981.0
2013-10-10,75.0,77.0,75.0,77.0,231.0
2013-10-11,75.0,75.0,75.0,75.0,15900.0
2013-10-14,75.0,75.0,75.0,75.0,150.0
2013-10-15,74.220001,74.220001,74.220001,74.220001,5.0
2013-10-21,76.800003,76.800003,76.800003,76.800003,21.0
2013-10-22,75.5,75.5,75.5,75.5,5000.0
2013-10-23,76.5,76.5,76.5,76.5,1.0
2013-10-25,76.0,78.0,76.0,78.0,5500.0
2013-10-28,78.0,78.0,76.0,77.900002,31.0
2013-10-30,78.0,80.0,78.0,80.0,1216.0
2013-10-31,80.0,84.0,80.0,83.0,30730.0
2013-11-01,81.900002,84.0,81.900002,84.0,616.0
2013-11-04,83.0,83.0,83.0,83.0,48.0
2013-11-07,79.0,83.0,79.0,83.0,1274.0
2013-11-08,79.0,79.0,79.0,79.0,1932.0
2013-11-12,81.0,81.150002,81.0,81.150002,22462.0
2013-11-13,81.050003,81.050003,81.050003,81.050003,513.0
2013-11-14,81.0,81.0,81.0,81.0,2088.0
2013-11-15,81.0,81.0,80.050003,80.050003,228.0
2013-11-20,81.0,82.0,81.0,82.0,14010.0
2013-11-22,82.0,82.0,82.0,82.0,1400.0
2013-11-25,82.0,82.010002,82.0,82.010002,2510.0
2013-11-26,80.050003,82.0,80.050003,82.0,1106.0
2013-11-27,82.0,82.0,82.0,82.0,10.0
2013-11-28,80.099998,80.099998,80.0,80.010002,5025.0
2013-11-29,81.0,81.0,81.0,81.0,2000.0
2013-12-03,81.0,81.0,81.0,81.0,107.0
2013-12-04,81.0,82.0,81.0,82.0,47802.0
2013-12-05,80.019997,80.019997,80.019997,80.019997,1000.0
2013-12-06,80.0,80.0,79.0,79.0,7473.0
2013-12-09,80.0,80.75,80.0,80.75,156.0
2013-12-10,81.0,81.0,81.0,81.0,100.0
2013-12-12,81.900002,81.900002,81.900002,81.900002,52.0
2013-12-13,79.800003,82.75,79.800003,82.68,10071.0
2013-12-16,82.099998,82.849998,82.099998,82.400002,4121.0
2013-12-17,82.400002,82.400002,80.220001,82.300003,1723982.0
2013-12-18,81.699997,81.800003,80.5,81.800003,2029.0
2013-12-19,81.0,81.900002,81.0,81.699997,5085.0
2013-12-20,81.959999,81.959999,79.599998,79.599998,758.0
2013-12-24,81.400002,81.400002,79.0,80.0,22104.0
2013-12-25,80.0,81.0,80.0,80.0,23784.0
2013-12-26,79.699997,80.800003,79.599998,80.400002,28255.0
2013-12-27,80.449997,80.449997,79.0,79.0,18678.0
2013-12-30,80.5,80.5,80.5,80.5,2000.0
2013-12-31,79.099998,79.099998,79.099998,79.099998,60.0
2014-01-02,79.0,79.0,79.0,79.0,1.0
2014-01-03,79.0,79.0,76.32,76.32,738.0
2014-01-07,80.379997,80.379997,80.379997,80.379997,3.0
2014-01-08,80.900002,80.900002,80.0,80.879997,24071.0
2014-01-09,80.0,80.0,80.0,80.0,15117.0
2014-01-10,80.699997,80.699997,79.0,79.0,8579.0
2014-01-20,76.199997,80.0,76.199997,80.0,101.0
2014-01-21,76.599998,80.0,76.599998,80.0,13.0
2014-01-22,79.75,80.0,79.5,80.0,3564.0
2014-01-23,80.5,82.0,80.139999,82.0,8147.0
2014-01-24,81.099998,82.0,81.099998,82.0,7945.0
2014-01-27,82.0,82.550003,82.0,82.550003,2225.0
2014-01-28,82.5,82.5,81.0,82.0,2055.0
2014-01-29,82.379997,82.379997,80.599998,82.0,2370.0
2014-01-30,82.989998,83.0,82.989998,83.0,10.0
2014-01-31,83.0,83.0,80.160004,80.160004,180.0
2014-02-04,82.0,82.949997,82.0,82.949997,612.0
2014-02-05,82.959999,83.940002,82.959999,83.0,1280.0
2014-02-07,83.75,83.75,83.75,83.75,23.0
2014-02-10,83.940002,83.959999,83.940002,83.959999,118.0
2014-02-12,82.0,83.949997,82.0,83.949997,13.0
2014-02-13,83.0,83.949997,83.0,83.949997,853.0
2014-02-17,82.199997,82.199997,82.199997,82.199997,200.0
2014-02-18,83.900002,83.970001,83.900002,83.970001,2784.0
2014-02-21,83.949997,84.0,83.949997,84.0,335.0
2014-02-24,84.900002,84.900002,84.900002,84.900002,22.0
2014-02-26,84.900002,86.0,84.900002,86.0,350.0
2014-02-27,85.849998,85.849998,85.849998,85.849998,61.0
2014-02-28,83.25,86.0,83.25,86.0,137.0
2014-03-03,86.0,90.0,86.0,90.0,26884.0
2014-03-05,86.0,89.949997,86.0,89.949997,31.0
2014-03-06,87.0,88.0,87.0,87.0,83452.0
2014-03-07,86.010002,87.0,86.010002,86.010002,1459.0
2014-03-10,86.010002,86.010002,85.0,86.0,61269.0
2014-03-11,86.0,86.0,86.0,86.0,7216.0
2014-03-12,85.199997,85.199997,85.129997,85.199997,1340.0
2014-03-14,88.480003,88.480003,85.0,85.0,31008.0
2014-03-17,88.260002,88.260002,84.5,84.5,246.0
2014-03-18,86.0,87.949997,86.0,86.0,68557.0
2014-03-19,85.0,86.5,85.0,86.5,246.0
2014-03-20,86.0,87.769997,86.0,87.769997,122.0
2014-03-21,86.0,86.980003,85.800003,85.800003,1482.0
2014-03-24,86.0,86.0,86.0,86.0,40.0
2014-03-25,86.900002,86.900002,85.0,85.0,2973.0
2014-03-26,86.889999,87.639999,86.889999,87.639999,15212.0
2014-03-28,84.199997,85.0,84.199997,85.0,19.0
2014-03-31,87.400002,87.400002,87.400002,87.400002,10.0
2014-04-02,86.5,86.5,86.5,86.5,32.0
2014-04-03,86.989998,86.989998,84.0,84.0,2.0
2014-04-04,86.919998,87.0,86.919998,87.0,8736.0
2014-04-07,86.989998,86.989998,85.0,85.0,1582.0
2014-04-09,84.0,84.0,84.0,84.0,73.0
2014-04-14,82.559998,82.559998,82.559998,82.559998,50.0
2014-04-15,85.650002,85.650002,85.650002,85.650002,14.0
2014-04-17,85.0,85.0,84.0,84.0,15122.0
2014-04-23,83.199997,87.0,83.0,87.0,30246.0
2014-04-29,86.0,86.0,85.0,85.0,5164.0
2014-04-30,86.900002,86.900002,86.900002,86.900002,1.0
2014-05-05,83.620003,86.900002,83.620003,86.900002,116.0
2014-05-06,84.0,86.889999,84.0,86.889999,451.0
2014-05-09,85.0,85.0,85.0,85.0,799.0
2014-05-12,85.0,86.5,85.0,86.5,40.0
2014-05-13,86.870003,86.870003,86.870003,86.870003,16.0
2014-05-14,85.0,85.050003,85.0,85.0,35.0
2014-05-15,86.480003,86.480003,86.480003,86.480003,14.0
2014-05-16,87.0,87.0,87.0,87.0,500.0
2014-05-19,86.5,90.0,86.5,89.980003,1979.0
2014-05-20,89.0,89.879997,89.0,89.879997,106.0
2014-05-21,89.779999,90.440002,89.5,90.0,379432.0
2014-05-22,90.900002,90.900002,90.0,90.0,1400.0
2014-05-27,87.040001,87.040001,86.5,86.5,800.0
2014-05-28,89.0,89.900002,89.0,89.900002,277.0
2014-05-29,89.900002,89.900002,87.199997,89.0,59.0
2014-05-30,89.0,89.0,89.0,89.0,1185.0
2014-06-02,89.879997,89.879997,89.879997,89.879997,20.0
2014-06-03,89.0,89.0,88.5,89.0,220.0
2014-06-04,89.0,89.879997,89.0,89.879997,515.0
2014-06-05,88.0,88.0,88.0,88.0,100.0
2014-06-06,88.0,88.0,88.0,88.0,93.0
2014-06-09,89.900002,89.900002,88.0,89.879997,212.0
2014-06-10,89.889999,90.0,89.889999,90.0,2572.0
2014-06-12,88.879997,88.879997,88.879997,88.879997,1.0
2014-06-13,86.5,86.5,86.5,86.5,50000.0
2014-06-17,86.199997,86.199997,83.099998,83.099998,8023.0
2014-06-18,84.0,84.0,84.0,84.0,5000.0
2014-06-19,84.050003,84.050003,84.0,84.0,6500.0
2014-06-20,84.5,84.550003,84.0,84.050003,13089.0
2014-06-23,84.050003,84.050003,84.050003,84.050003,3500.0
2014-06-24,83.5,84.0,83.5,84.0,270.0
2014-06-26,84.0,84.0,84.0,84.0,7282.0
2014-06-27,84.0,84.0,84.0,84.0,735.0
2014-06-30,84.0,84.0,84.0,84.0,337.0
2014-07-02,84.0,84.0,84.0,84.0,50.0
2014-07-03,84.0,84.0,84.0,84.0,290.0
2014-07-04,84.0,84.0,84.0,84.0,50.0
2014-07-07,84.0,85.0,84.0,85.0,2866.0
2014-07-08,85.0,88.459999,85.0,85.010002,1204.0
2014-07-09,88.0,88.0,88.0,88.0,5.0
2014-07-10,84.099998,87.980003,84.099998,87.980003,7924.0
2014-07-16,88.470001,88.470001,88.470001,88.470001,45.0
2014-07-17,88.449997,88.449997,83.550003,87.959999,523.0
2014-07-18,84.0,87.949997,84.0,87.949997,15.0
2014-07-22,84.0,87.25,84.0,87.25,114.0
2014-07-23,88.360001,88.360001,88.360001,88.360001,24.0
2014-07-25,87.839996,87.839996,87.839996,87.839996,8.0
2014-07-31,84.25,87.480003,84.0,87.480003,2130.0
2014-08-01,84.139999,87.599998,84.099998,87.599998,220.0
2014-08-04,87.199997,87.400002,87.199997,87.400002,40.0
2014-08-05,84.050003,84.5,84.050003,84.5,150.0
2014-08-06,84.050003,86.900002,84.0,86.900002,2051.0
2014-08-08,84.099998,86.779999,84.099998,86.779999,20.0
2014-08-11,84.25,84.25,84.25,84.25,100.0
2014-08-15,85.300003,85.300003,85.300003,85.300003,100.0
2014-08-18,85.300003,87.0,85.300003,87.0,63320.0
2014-08-19,87.0,87.0,87.0,87.0,10000.0
2014-08-28,87.0,90.0,85.0,90.0,36537.0
2014-09-01,87.0,87.0,86.0,86.0,300.0
2014-09-02,89.449997,89.449997,86.5,86.5,115.0
2014-09-03,88.0,88.0,88.0,88.0,1.0
2014-09-04,86.5,86.5,86.5,86.5,339.0
2014-09-05,86.550003,86.550003,86.5,86.5,300.0
2014-09-08,88.0,89.0,88.0,89.0,9786.0
2014-09-09,87.900002,93.0,87.900002,90.0,39217.0
2014-09-10,90.0,91.0,90.0,90.0,43304.0
2014-09-11,90.5,90.5,90.0,90.0,36361.0
2014-09-12,90.0,91.0,90.0,91.0,4198.0
2014-09-15,90.0,90.099998,90.0,90.099998,6380.0
2014-09-16,90.0,90.0,90.0,90.0,195.0
2014-09-17,90.25,90.25,90.25,90.25,6200.0
2014-09-18,90.75,90.75,90.75,90.75,25.0
2014-09-19,91.0,91.0,91.0,91.0,136.0
2014-09-22,91.75,91.75,91.75,91.75,20.0
2014-09-23,90.0,90.199997,90.0,90.099998,68391.0
2014-09-24,91.900002,91.900002,91.900002,91.900002,10.0
2014-09-25,90.0,90.0,90.0,90.0,123240.0
2014-09-26,90.0,90.599998,90.0,90.199997,29037.0
2014-09-30,90.0,92.0,90.0,92.0,37651.0
2014-10-02,92.0,92.0,92.0,92.0,50.0
2014-10-07,92.0,92.0,92.0,92.0,2.0
2014-10-08,89.019997,91.900002,89.019997,91.900002,25.0
2014-10-09,89.0,91.800003,89.0,91.800003,75.0
2014-10-14,90.0,90.0,90.0,90.0,39359.0
2014-10-15,90.0,90.0,90.0,90.0,20000.0
2014-10-16,89.0,90.900002,89.0,90.900002,65.0
2014-10-17,90.0,90.0,90.0,90.0,13257.0
2014-10-20,91.900002,91.900002,91.900002,91.900002,50.0
2014-10-21,90.0,90.0,90.0,90.0,14652.0
2014-10-22,90.0,91.07,90.0,91.07,5451.0
2014-10-23,90.0,90.0,90.0,90.0,10370.0
2014-10-24,90.0,90.0,87.0,88.949997,21076.0
2014-10-27,88.949997,88.949997,87.0,87.0,2100.0
2014-10-28,87.0,88.449997,87.0,88.449997,21.0
2014-10-30,87.5,88.949997,87.5,88.949997,5796.0
2014-10-31,88.949997,91.07,88.949997,89.0,13711.0
2014-11-03,91.0,91.0,91.0,91.0,1.0
2014-11-04,90.0,90.0,90.0,90.0,25002.0
2014-11-05,88.970001,88.970001,88.970001,88.970001,2500.0
2014-11-07,91.0,91.0,85.099998,85.099998,1369.0
2014-11-10,89.0,89.0,89.0,89.0,1.0
2014-11-12,85.199997,88.900002,85.199997,88.900002,102.0
2014-11-14,85.099998,88.849998,85.0,88.849998,2625.0
2014-11-17,88.5,88.5,87.0,87.0,20040.0
2014-11-19,85.0,86.0,85.0,86.0,439.0
2014-11-20,85.0,85.0,85.0,85.0,11400.0
2014-11-21,84.0,86.949997,84.0,86.949997,29.0
2014-11-24,85.0,85.0,85.0,85.0,17.0
2014-11-25,83.620003,86.900002,83.599998,86.900002,7407.0
2014-11-26,83.709999,86.900002,83.610001,86.900002,21.0
2014-11-28,86.5,86.5,86.5,86.5,117.0
2014-12-04,86.0,86.0,86.0,86.0,80.0
2014-12-05,81.0,81.0,81.0,81.0,572.0
2014-12-08,85.0,85.0,85.0,85.0,1.0
2014-12-09,86.5,86.5,83.0,83.0,4010.0
2014-12-11,83.0,85.980003,83.0,85.980003,2001.0
2014-12-12,85.0,85.0,82.099998,82.550003,2757342.0
2014-12-15,82.599998,82.599998,82.599998,82.599998,40.0
2014-12-16,83.099998,84.400002,83.099998,84.400002,18105.0
2014-12-19,79.339996,79.339996,79.339996,79.339996,15702.0
2014-12-22,84.0,84.0,84.0,84.0,11506.0
2014-12-26,86.900002,86.900002,86.900002,86.900002,3500.0
2014-12-31,81.690002,81.690002,81.690002,81.690002,620.0
2015-01-02,85.0,85.0,85.0,85.0,20.0
2015-01-07,84.949997,84.949997,84.949997,84.949997,5.0
2015-01-09,86.040001,86.040001,86.040001,86.040001,1522.0
2015-01-12,80.879997,86.300003,80.879997,86.290001,156.0
2015-01-13,84.0,84.0,84.0,84.0,100.0
2015-01-15,86.0,86.0,80.0,81.0,10849.0
2015-01-16,83.0,85.0,83.0,85.0,1428.0
2015-01-19,86.0,86.0,86.0,86.0,1.0
2015-01-20,82.0,86.0,82.0,86.0,4830.0
2015-01-21,82.0,86.0,82.0,86.0,20337.0
2015-01-22,85.0,85.0,85.0,85.0,11311.0
2015-01-23,85.0,85.0,83.699997,83.699997,4467.0
2015-01-26,86.0,86.0,86.0,86.0,1.0
2015-01-28,83.199997,83.199997,83.150002,83.150002,3478.0
2015-01-29,84.0,84.0,84.0,84.0,1.0
2015-01-30,83.120003,86.0,83.120003,86.0,3915.0
2015-02-03,83.120003,83.120003,83.120003,83.120003,2.0
2015-02-04,86.199997,86.199997,86.199997,86.199997,30.0
2015-02-05,86.199997,86.199997,86.199997,86.199997,1406.0
2015-02-06,86.0,88.800003,86.0,88.800003,1094.0
2015-02-09,88.800003,88.800003,88.800003,88.800003,582.0
2015-02-11,88.699997,88.699997,85.199997,85.199997,64.0
2015-02-12,85.099998,85.099998,84.0,84.0,4000.0
2015-02-13,82.209999,84.199997,82.209999,84.199997,4365.0
2015-02-16,87.480003,87.480003,87.480003,87.480003,3.0
2015-02-18,87.480003,87.480003,87.480003,87.480003,78.0
2015-02-19,87.480003,90.0,87.480003,90.0,159910.0
2015-02-20,90.0,95.0,90.0,95.0,4015.0
2015-02-23,91.0,91.0,91.0,91.0,20.0
2015-02-24,92.0,93.0,92.0,93.0,31.0
2015-02-25,92.0,94.900002,92.0,94.5,2118.0
2015-02-26,90.25,94.699997,90.010002,94.699997,6537.0
2015-02-27,90.400002,94.0,90.400002,94.0,27935.0
2015-03-02,90.510002,93.900002,90.510002,93.900002,802.0
2015-03-03,94.0,94.0,91.099998,94.0,1673.0
2015-03-06,93.900002,93.900002,92.5,92.5,1230.0
2015-03-09,91.120003,93.919998,91.120003,93.919998,236.0
2015-03-10,93.5,93.5,93.5,93.5,19.0
2015-03-11,91.160004,93.5,91.160004,93.5,792.0
2015-03-12,91.160004,91.160004,91.160004,91.160004,1.0
2015-03-13,91.599998,91.599998,91.599998,91.599998,142.0
2015-03-16,91.900002,93.919998,91.5,93.919998,2700.0
2015-03-17,92.0,92.0,92.0,92.0,100.0
2015-03-18,93.800003,93.800003,92.0,92.0,287.0
2015-03-19,93.75,93.75,93.0,93.0,774.0
2015-03-26,92.0,92.0,91.800003,91.800003,1000.0
2015-03-30,94.0,94.0,91.849998,91.849998,1154.0
2015-03-31,91.849998,93.0,91.849998,93.0,349.0
2015-04-01,93.0,93.0,93.0,93.0,1090.0
2015-04-02,92.099998,93.0,92.0,93.0,1251.0
2015-04-03,92.0,92.0,92.0,92.0,200.0
2015-04-06,92.050003,92.050003,92.050003,92.050003,3000.0
2015-04-07,92.050003,92.050003,91.0,91.0,2345.0
2015-04-08,90.0,90.0,90.0,90.0,1160.0
2015-04-10,88.5,88.5,88.5,88.5,1415.0
2015-04-13,88.489998,88.489998,88.489998,88.489998,1330.0
2015-04-14,88.0,88.5,88.0,88.5,81.0
2015-04-15,92.489998,92.489998,92.489998,92.489998,1.0
2015-04-17,88.5,88.5,88.5,88.5,4576.0
2015-04-20,88.5,88.5,88.5,88.5,1600.0
2015-04-23,88.550003,88.550003,88.5,88.5,50.0
2015-04-28,90.0,90.0,90.0,90.0,5025.0
2015-05-05,90.0,93.0,90.0,93.0,8700.0
2015-05-06,88.150002,92.75,88.010002,92.75,28501.0
2015-05-11,90.0,90.0,90.0,90.0,2600.0
2015-05-12,88.5,89.0,88.300003,89.0,1044.0
2015-05-15,92.68,92.68,92.68,92.68,21.0
2015-05-20,90.0,90.0,89.0,89.0,4220.0
2015-05-21,89.0,89.0,89.0,89.0,180.0
2015-05-22,89.099998,89.099998,89.099998,89.099998,513.0
2015-05-26,90.0,92.650002,90.0,92.650002,674.0
2015-05-27,90.0,90.0,90.0,90.0,40.0
2015-05-28,90.300003,90.300003,90.300003,90.300003,30.0
2015-05-29,90.0,90.0,90.0,90.0,20.0
2015-06-03,90.199997,90.199997,90.199997,90.199997,500.0
2015-06-08,90.5,90.5,90.5,90.5,47.0
2015-06-09,90.5,90.5,90.5,90.5,40.0
2015-06-10,87.0,87.0,87.0,87.0,70.0
2015-06-15,90.300003,90.300003,89.5,89.5,50.0
2015-06-18,90.0,90.0,89.5,89.5,89.0
2015-06-24,91.0,91.5,91.0,91.5,20002.0
2015-06-25,91.5,91.5,91.5,91.5,6700.0
2015-06-26,90.0,96.0,90.0,96.0,624.0
2015-06-29,91.599998,91.699997,91.5,91.699997,6365.0
2015-07-09,91.010002,91.010002,91.010002,91.010002,2800.0
2015-07-10,92.959999,92.959999,92.959999,92.959999,35.0
2015-07-14,92.199997,92.199997,92.199997,92.199997,100.0
2015-07-15,93.900002,93.900002,92.050003,92.050003,3215.0
2015-07-16,92.110001,92.110001,92.110001,92.110001,2351.0
2015-07-20,95.25,95.25,95.25,95.25,3306.0
2015-07-21,95.0,95.0,95.0,95.0,500.0
2015-07-22,93.0,95.0,93.0,95.0,5500.0
2015-07-23,92.099998,92.099998,92.099998,92.099998,431.0
2015-07-24,93.099998,96.800003,93.099998,93.269997,7760.0
2015-07-27,96.790001,97.800003,96.0,97.0,20618.0
2015-07-28,97.949997,99.0,96.050003,98.879997,2801.0
2015-07-29,96.0,96.0,96.0,96.0,1265.0
2015-08-03,95.0,95.989998,95.0,95.989998,4363.0
2015-08-04,95.800003,95.800003,95.800003,95.800003,125.0
2015-08-06,95.800003,96.0,95.800003,96.0,51.0
2015-08-11,97.0,97.0,94.099998,94.099998,1132.0
2015-08-12,95.0,96.5,94.300003,96.5,99.0
2015-08-17,96.550003,98.0,96.0,96.0,1533.0
2015-08-18,95.699997,95.699997,95.699997,95.699997,10.0
2015-08-19,95.550003,98.0,95.550003,98.0,3933.0
2015-08-24,98.0,100.0,97.699997,97.699997,11887.0
2015-08-25,97.699997,97.699997,97.699997,97.699997,2305.0
2015-08-26,97.699997,97.699997,97.699997,97.699997,3100.0
2015-08-27,98.0,99.0,96.510002,99.0,278.0
2015-08-28,99.0,99.0,99.0,99.0,17.0
2015-09-01,99.0,99.0,99.0,99.0,10.0
2015-09-02,95.550003,99.0,95.5,99.0,331.0
2015-09-03,98.800003,98.800003,98.800003,98.800003,60.0
2015-09-07,96.5,99.5,96.5,99.5,450.0
2015-09-08,97.0,99.0,96.5,99.0,176.0
2015-09-09,98.0,98.0,98.0,98.0,38.0
2015-09-11,98.949997,100.0,97.099998,97.099998,3389.0
2015-09-14,100.0,100.0,100.0,100.0,13.0
2015-09-15,99.800003,100.0,99.800003,100.0,3210.0
2015-09-16,102.0,105.7,102.0,105.7,40.0
2015-09-17,100.0,105.65,100.0,105.65,4059.0
2015-09-18,100.0,105.0,100.0,105.0,1359.0
2015-09-21,100.5,104.95,100.0,104.95,5013.0
2015-09-22,105.0,105.0,105.0,105.0,5.0
2015-09-23,100.0,100.0,100.0,100.0,12700.0
2015-09-28,102.0,105.0,102.0,105.0,1153.0
2015-09-29,102.5,104.0,98.699997,98.699997,15675.0
2015-09-30,102.5,102.5,102.45,102.45,20010.0
2015-10-01,104.6,104.6,102.5,104.5,4506.0
2015-10-06,104.5,105.0,102.5,102.5,45100.0
2015-10-08,100.0,102.5,100.0,100.05,3753.0
2015-10-09,102.0,102.0,102.0,102.0,100.0
2015-10-13,100.0,100.0,100.0,100.0,190.0
2015-10-14,100.0,102.0,100.0,102.0,148.0
2015-10-16,102.0,102.0,100.0,102.0,311.0
2015-10-19,99.0,99.0,95.879997,95.879997,1000.0
2015-10-20,96.0,97.25,96.0,97.0,5510.0
2015-10-21,96.010002,98.0,96.010002,98.0,5000.0
2015-10-22,96.5,96.5,96.5,96.5,345.0
2015-10-23,101.0,102.0,101.0,102.0,100.0
2015-11-03,96.300003,96.300003,96.199997,96.199997,160.0
2015-11-04,96.199997,99.949997,96.0,99.949997,8806.0
2015-11-05,96.199997,96.199997,94.199997,94.199997,67.0
2015-11-09,95.0,99.849998,93.5,99.849998,543.0
2015-11-10,94.050003,94.629997,94.0,94.629997,220.0
2015-11-11,96.5,96.5,96.5,96.5,50.0
2015-11-12,95.199997,98.0,95.199997,98.0,75.0
2015-11-13,97.0,97.050003,97.0,97.050003,18398.0
2015-11-19,94.5,94.5,94.5,94.5,30.0
2015-11-20,98.0,98.0,98.0,98.0,248.0
2015-11-24,97.5,97.5,97.5,97.5,1000.0
2015-11-27,97.0,98.0,97.0,98.0,22997.0
2015-12-01,95.5,95.5,95.5,95.5,2.0
2015-12-02,98.0,98.0,97.5,98.0,9802.0
2015-12-07,98.199997,99.900002,98.0,99.900002,700.0
2015-12-09,96.0,96.0,96.0,96.0,941.0
2015-12-10,96.0,96.5,96.0,96.5,9500.0
2015-12-11,96.050003,96.5,96.0,96.0,4705.0
2015-12-14,96.050003,96.050003,96.050003,96.050003,8000.0
2015-12-21,96.0,96.0,96.0,96.0,656.0
2015-12-28,94.099998,95.900002,94.0,95.900002,2600.0
2015-12-29,95.800003,95.800003,95.800003,95.800003,7000.0
2015-12-30,95.900002,95.900002,95.900002,95.900002,30013.0
2016-01-04,90.5,90.5,90.5,90.5,1.0
2016-01-06,95.0,95.0,95.0,95.0,70000.0
2016-01-07,97.0,97.0,95.0,95.0,220.0
2016-01-08,95.0,96.0,95.0,96.0,44100.0
2016-01-12,96.5,96.5,96.5,96.5,27600.0
2016-01-13,96.0,96.0,96.0,96.0,100.0
2016-01-14,95.050003,96.5,95.050003,96.5,7100.0
2016-01-15,96.5,96.5,96.5,96.5,2500.0
2016-01-18,97.0,97.5,95.150002,95.150002,15089.0
2016-01-19,96.5,97.0,96.5,97.0,1700.0
2016-01-20,97.0,98.0,97.0,97.0,15080.0
2016-01-21,97.0,97.0,97.0,97.0,12101.0
2016-01-22,99.0,99.0,99.0,99.0,100.0
2016-01-25,97.5,97.5,97.5,97.5,20.0
2016-01-26,97.0,98.5,97.0,98.5,18026.0
2016-01-27,98.199997,98.199997,98.199997,98.199997,20.0
2016-01-29,98.5,99.900002,98.5,99.900002,4126.0
2016-02-02,99.900002,100.0,99.900002,100.0,1100.0
2016-02-03,99.989998,101.0,99.989998,101.0,5182.0
2016-02-04,100.0,100.0,100.0,100.0,5.0
2016-02-05,98.199997,102.0,98.199997,102.0,338589.0
2016-02-08,102.0,102.0,101.9,101.9,440.0
2016-02-09,101.9,101.9,101.9,101.9,2060.0
2016-02-10,101.95,102.0,101.9,102.0,293114.0
2016-02-12,102.0,102.0,98.800003,100.1,367.0
2016-02-15,99.0,99.0,99.0,99.0,198.0
2016-02-16,100.0,100.0,100.0,100.0,20.0
2016-02-17,99.0,102.5,99.0,102.5,20070.0
2016-02-19,100.05,100.05,100.05,100.05,2.0
2016-02-22,100.05,102.5,100.05,102.5,2649.0
2016-02-24,102.45,102.45,102.45,102.45,5550.0
2016-02-26,102.45,102.45,101.0,101.0,23373.0
2016-02-29,99.400002,99.400002,95.0,98.0,5760.0
2016-03-02,99.599998,99.599998,99.599998,99.599998,8000.0
2016-03-03,97.099998,97.099998,97.0,97.0,350.0
2016-03-04,97.5,97.5,97.5,97.5,397.0
2016-03-08,101.9,101.9,101.9,101.9,1.0
2016-03-09,102.0,102.3,102.0,102.0,6281.0
2016-03-10,100.0,100.0,97.110001,100.0,20608.0
2016-03-11,100.0,100.0,100.0,100.0,9701.0
2016-03-16,100.0,100.0,99.75,99.75,40209.0
2016-03-17,98.599998,98.699997,98.599998,98.699997,3.0
2016-03-18,99.099998,102.0,99.099998,102.0,51.0
2016-03-22,102.0,102.0,100.0,100.0,27.0
2016-03-24,102.0,102.0,102.0,102.0,225085.0
2016-03-25,101.95,101.95,101.95,101.95,300.0
2016-03-29,101.9,101.9,101.9,101.9,300.0
2016-03-30,98.550003,98.550003,98.550003,98.550003,100.0
2016-03-31,102.0,102.0,102.0,102.0,100.0
2016-04-01,98.5,98.5,97.0,97.099998,25030.0
2016-04-04,97.169998,97.169998,97.169998,97.169998,500.0
2016-04-05,97.199997,97.199997,97.199997,97.199997,9.0
2016-04-06,98.0,98.0,98.0,98.0,22.0
2016-04-07,98.0,98.0,98.0,98.0,9.0
2016-04-08,101.9,102.95,101.85,102.0,55294.0
2016-04-12,100.1,100.1,99.0,99.0,300.0
2016-04-13,99.0,102.0,99.0,102.0,25942.0
2016-04-14,102.0,102.0,102.0,102.0,81.0
2016-04-15,98.0,98.0,98.0,98.0,1900.0
2016-04-19,98.0,98.0,98.0,98.0,100.0
2016-04-20,98.0,98.0,98.0,98.0,10000.0
2016-04-22,98.0,98.0,98.0,98.0,3861.0
2016-04-27,98.0,98.0,98.0,98.0,4000.0
2016-04-29,99.989998,102.95,99.989998,102.9,14019.0
2016-05-02,102.0,102.0,102.0,102.0,100.0
2016-05-03,100.55,100.55,100.55,100.55,1250.0
2016-05-04,100.15,102.85,100.15,102.85,16.0
2016-05-05,102.8,105.0,101.5,103.0,1147.0
2016-05-06,103.9,104.0,103.9,104.0,5033.0
2016-05-10,105.0,105.0,105.0,105.0,15.0
2016-05-11,105.0,105.0,105.0,105.0,48629.0
2016-05-12,106.0,107.6,106.0,107.5,1401.0
2016-05-13,107.6,107.6,106.0,107.5,1235.0
2016-05-17,105.0,105.0,105.0,105.0,5954.0
2016-05-18,103.0,105.0,103.0,105.0,1086.0
2016-05-19,103.5,103.5,103.3,103.3,37.0
2016-05-20,103.3,104.0,103.3,104.0,4276.0
2016-05-23,104.0,104.0,104.0,104.0,185129.0
2016-05-25,105.1,105.1,105.0,105.0,68915.0
2016-05-26,105.5,105.5,105.5,105.5,61067.0
2016-05-27,104.2,104.2,104.2,104.2,1500.0
2016-06-06,102.5,102.5,102.5,102.5,50.0
2016-06-07,103.0,103.0,102.3,102.7,2531.0
2016-06-09,105.0,105.3,105.0,105.3,18500.0
2016-06-20,101.85,101.85,101.85,101.85,1.0
2016-06-21,101.85,101.85,96.699997,100.05,2515.0
2016-06-22,101.45,101.45,98.010002,101.45,9.0
2016-06-23,99.199997,99.199997,99.199997,99.199997,150.0
2016-06-24,98.0,104.9,98.0,104.9,1100.0
2016-07-05,104.0,104.0,104.0,104.0,10.0
2016-07-12,104.0,105.0,104.0,105.0,35302.0
2016-07-19,102.0,106.0,102.0,106.0,8117.0
2016-07-20,105.1,107.9,105.1,107.9,40005.0
2016-07-21,106.0,106.0,106.0,106.0,1001.0
2016-07-25,105.1,107.9,105.1,107.9,1243.0
2016-07-26,107.9,107.9,107.9,107.9,40.0
2016-07-27,106.0,106.0,106.0,106.0,103.0
2016-07-28,105.65,107.5,105.65,107.5,25060.0
2016-07-29,107.9,108.0,107.9,108.0,3067.0
2016-08-03,107.0,108.0,107.0,108.0,60000.0
2016-08-04,108.0,108.0,108.0,108.0,14.0
2016-08-05,110.0,110.0,110.0,110.0,359.0
2016-08-08,105.0,111.0,105.0,111.0,15739.0
2016-08-11,110.0,110.0,110.0,110.0,195.0
2016-08-15,107.5,107.5,107.5,107.5,79.0
2016-08-16,109.95,109.95,109.95,109.95,7001.0
2016-08-17,109.95,109.95,109.95,109.95,8600.0
2016-08-19,108.0,109.0,108.0,109.0,2800.0
2016-08-22,109.0,109.0,108.5,108.5,3634.0
2016-08-23,108.0,108.0,108.0,108.0,30.0
2016-08-24,109.0,110.0,109.0,110.0,1924.0
2016-08-25,108.0,110.0,108.0,110.0,1480.0
2016-08-29,108.65,110.0,108.65,110.0,28449.0
2016-08-31,110.0,110.0,110.0,110.0,3500.0
2016-09-01,109.25,109.25,109.25,109.25,70.0
2016-09-02,109.4,109.4,109.4,109.4,30.0
2016-09-05,110.0,110.0,110.0,110.0,1.0
2016-09-06,110.0,110.0,110.0,110.0,49.0
2016-09-07,110.8,111.0,110.8,111.0,765.0
2016-09-08,113.0,113.0,112.0,112.0,190.0
2016-09-09,112.0,112.0,111.9,111.9,1770.0
2016-09-15,111.0,111.0,111.0,111.0,7000.0
2016-09-16,111.0,111.0,111.0,111.0,396.0
2016-09-21,112.0,112.0,112.0,112.0,445.0
2016-09-22,113.0,114.95,113.0,114.95,2160.0
2016-09-23,114.0,115.0,114.0,115.0,6310.0
2016-09-26,112.0,115.0,111.6,115.0,39475.0
2016-09-27,115.0,115.0,115.0,115.0,5300.0
2016-09-28,117.0,119.75,117.0,119.75,138.0
2016-09-29,119.0,119.0,119.0,119.0,2.0
2016-09-30,115.0,115.0,115.0,115.0,2344.0
2016-10-05,112.0,113.0,112.0,113.0,68.0
2016-10-07,110.5,112.0,110.0,110.0,7110.0
2016-10-12,110.0,110.0,110.0,110.0,96.0
2016-10-13,109.0,109.0,109.0,109.0,503.0
2016-10-18,109.5,109.5,109.5,109.5,200000.0
2016-10-19,109.95,109.95,109.95,109.95,1000.0
2016-10-21,109.0,109.0,109.0,109.0,50.0
2016-10-25,106.0,106.0,106.0,106.0,17754.0
2016-10-26,104.5,104.55,104.25,104.25,8000.0
2016-10-27,103.0,103.0,103.0,103.0,120.0
2016-10-28,104.0,109.7,104.0,109.7,400.0
2016-11-03,106.0,106.0,106.0,106.0,200.0
2016-11-04,109.0,109.0,109.0,109.0,472.0
2016-11-09,105.3,108.9,105.3,106.1,102.0
2016-11-10,106.0,108.9,106.0,108.9,2501.0
2016-11-11,104.0,104.0,104.0,104.0,2300.0
2016-11-14,108.8,109.0,108.75,109.0,501.0
2016-11-15,106.0,106.1,106.0,106.1,131304.0
2016-11-16,108.85,108.85,106.05,106.05,2615.0
2016-11-21,106.0,106.0,106.0,106.0,800.0
2016-11-22,106.1,106.1,106.1,106.1,423.0
2016-11-23,106.05,108.9,96.0,108.9,1489.0
2016-11-25,111.9,111.9,107.0,107.0,26616.0
2016-11-28,111.7,111.7,111.7,111.7,1.0
2016-11-29,108.35,111.5,108.0,111.5,20701.0
2016-11-30,108.2,111.5,108.2,108.2,5044.0
2016-12-02,108.2,108.2,108.0,108.0,8960.0
2016-12-05,106.0,106.0,106.0,106.0,200.0
2016-12-07,107.0,107.0,107.0,107.0,93.0
2016-12-08,110.0,111.5,110.0,110.0,3898.0
2016-12-09,109.1,113.0,109.1,113.0,5493.0
2016-12-14,113.0,113.0,113.0,113.0,1095.0
2016-12-15,113.1,113.1,113.0,113.0,580.0
2016-12-16,114.0,115.0,113.0,115.0,5602.0
2016-12-19,113.05,113.25,113.0,113.0,6350.0
2016-12-20,113.7,116.5,113.0,116.5,8830.0
2016-12-21,113.1,113.55,113.1,113.55,3810.0
2016-12-22,113.2,118.5,113.2,118.5,50500.0
2016-12-23,118.9,118.9,118.0,118.0,33814.0
2016-12-26,118.0,118.0,115.0,115.0,2310.0
2016-12-27,115.2,115.2,114.95,115.0,37444.0
2016-12-29,115.0,117.0,110.2,110.2,22880.0
2016-12-30,116.95,116.95,110.0,110.0,22351.0
2017-01-02,116.85,116.85,116.55,116.55,453.0
2017-01-04,116.0,116.55,116.0,116.55,1563.0
2017-01-05,116.0,117.0,116.0,117.0,5184.0
2017-01-06,117.0,118.0,117.0,118.0,67859.0
2017-01-10,118.85,118.85,116.0,116.0,1012.0
2017-01-12,116.0,118.65,113.15,118.65,2210.0
2017-01-13,114.1,117.9,114.1,117.9,8868.0
2017-01-16,115.15,115.15,115.15,115.15,6073.0
2017-01-17,115.0,115.25,115.0,115.0,802.0
2017-01-18,115.0,117.0,115.0,115.0,1358.0
2017-01-19,115.0,115.0,115.0,115.0,700.0
2017-01-20,115.0,115.9,112.0,115.9,1202.0
2017-01-24,116.1,116.1,110.75,116.0,38.0
2017-01-26,114.0,114.0,114.0,114.0,200.0
2017-01-27,108.0,116.0,108.0,116.0,2864.0
2017-02-01,114.9,114.9,109.05,114.9,103.0
2017-02-02,114.9,114.9,114.9,114.9,20.0
2017-02-03,115.9,115.9,111.0,114.9,16212.0
2017-02-07,111.05,114.85,111.05,112.0,3450.0
2017-02-08,117.0,117.0,115.4,115.5,1936.0
2017-02-10,115.5,115.5,113.0,115.0,15085.0
2017-02-13,115.0,115.0,115.0,115.0,6.0
2017-02-14,112.15,114.8,112.1,114.8,584.0
2017-02-15,114.8,114.8,114.8,114.8,4264.0
2017-02-16,112.3,114.8,112.0,114.8,650.0
2017-02-17,114.85,115.0,112.2,115.0,2052.0
2017-02-21,112.2,116.3,110.5,114.9,2037.0
2017-02-22,110.0,110.0,110.0,110.0,6662.0
2017-02-23,110.1,110.1,110.0,110.0,4117.0
2017-02-24,109.0,109.0,106.0,106.0,654.0
2017-02-28,114.0,114.0,114.0,114.0,50.0
2017-03-01,113.8,113.8,109.0,109.0,1834.0
2017-03-02,113.4,113.4,113.4,113.4,8.0
2017-03-03,109.8,109.8,109.8,109.8,2624.0
2017-03-06,113.0,113.0,109.0,109.0,103.0
2017-03-09,110.0,110.0,109.1,109.1,2003.0
2017-03-10,110.0,110.0,109.0,109.9,13956.0
2017-03-14,108.2,110.0,108.2,109.9,10226.0
2017-03-15,111.75,115.0,111.6,112.0,192018.0
2017-03-16,110.0,113.95,110.0,113.95,301.0
2017-03-17,112.35,112.35,112.35,112.35,538.0
2017-03-20,111.0,111.0,107.35,108.1,178.0
2017-03-21,108.7,112.0,108.0,110.0,70476.0
2017-03-22,113.0,113.0,107.4,110.0,10047.0
2017-03-23,113.0,113.0,113.0,113.0,2.0
2017-03-27,110.0,110.0,110.0,110.0,36000.0
2017-03-28,110.0,110.0,110.0,110.0,14000.0
2017-03-29,108.0,111.95,108.0,111.95,33.0
2017-03-30,109.05,111.25,109.0,109.0,107.0
2017-03-31,108.0,108.0,108.0,108.0,95.0
2017-04-04,108.0,108.0,108.0,108.0,3118.0
2017-04-05,108.0,108.0,107.25,107.25,41.0
2017-04-06,113.9,113.9,113.9,113.9,8.0
2017-04-07,112.65,112.65,112.65,112.65,667.0
2017-04-10,112.5,112.5,108.0,108.0,13.0
2017-04-11,112.0,112.0,112.0,112.0,1.0
2017-04-12,112.0,114.0,112.0,114.0,90.0
2017-04-13,115.0,115.0,115.0,115.0,300.0
2017-04-14,114.0,114.3,108.5,108.5,830.0
2017-04-17,112.9,112.9,112.5,112.5,20.0
2017-04-19,109.1,109.1,109.1,109.1,3.0
2017-04-20,111.8,112.5,109.5,109.5,36.0
2017-04-21,110.0,111.0,110.0,111.0,10100.0
2017-04-24,113.0,113.5,113.0,113.5,20.0
2017-04-25,113.0,113.0,113.0,113.0,4.0
2017-04-27,110.2,111.9,110.2,110.35,54807.0
2017-04-28,110.5,112.95,110.5,112.95,148.0
2017-05-02,111.1,113.9,111.1,113.9,101.0
2017-05-03,111.0,111.5,111.0,111.15,21066.0
2017-05-04,112.0,112.0,112.0,112.0,482.0
2017-05-05,113.0,113.0,111.0,112.0,30591.0
2017-05-08,110.95,111.25,110.95,111.25,2520.0
2017-05-09,113.0,114.0,111.5,114.0,30709.0
2017-05-10,114.0,114.0,113.5,113.5,9813.0
2017-05-11,111.7,114.45,111.7,114.45,6.0
2017-05-12,112.55,114.25,112.55,114.25,13.0
2017-05-16,112.5,112.55,112.5,112.55,6681.0
2017-05-17,113.1,113.1,112.55,112.55,281.0
2017-05-19,112.25,112.25,112.0,112.0,600.0
2017-05-23,111.15,111.15,111.15,111.15,1.0
2017-05-24,113.9,113.9,113.9,113.9,1.0
2017-05-25,114.0,114.0,113.95,113.95,8.0
2017-05-26,112.0,113.95,111.0,111.1,1052.0
2017-05-29,111.25,111.5,111.25,111.5,40520.0
2017-05-30,111.2,111.2,111.2,111.2,20.0
2017-05-31,112.0,112.0,111.9,111.9,893.0
2017-06-01,112.5,112.55,112.5,112.55,5476.0
2017-06-02,112.65,113.2,112.6,113.0,11704.0
2017-06-05,114.0,114.0,113.0,113.7,15720.0
2017-06-06,113.6,114.5,113.6,114.5,7650.0
2017-06-07,113.0,113.0,112.0,112.4,221.0
2017-06-08,112.8,112.8,112.8,112.8,10.0
2017-06-12,112.6,112.6,112.6,112.6,3.0
2017-06-13,111.2,112.55,111.2,112.55,29.0
2017-06-15,112.5,112.5,112.5,112.5,3.0
2017-06-16,111.0,111.0,111.0,111.0,5000.0
2017-06-19,111.0,111.0,111.0,111.0,851.0
2017-06-20,111.0,111.05,111.0,111.0,960.0
2017-06-21,112.0,112.0,112.0,112.0,1.0
2017-06-22,112.0,112.0,111.0,111.0,21130.0
2017-06-23,110.95,111.0,110.6,110.6,1995.0
2017-06-28,110.6,110.6,110.2,110.2,3142.0
2017-06-29,109.1,109.15,109.1,109.1,1647.0
2017-06-30,109.1,112.0,109.0,109.0,19180.0
2017-07-03,110.95,110.95,110.95,110.95,36.0
2017-07-04,111.95,111.95,111.95,111.95,2.0
2017-07-05,110.95,111.9,109.2,111.9,545.0
2017-07-07,110.0,111.9,109.6,111.9,19532.0
2017-07-10,111.8,111.8,111.5,111.5,2044.0
2017-07-11,111.8,111.8,111.6,111.6,115.0
2017-07-13,111.0,111.0,110.5,111.0,284.0
2017-07-14,111.0,111.0,107.6,107.6,6017.0
2017-07-18,110.0,110.0,110.0,110.0,500.0
2017-07-19,109.0,109.95,109.0,109.0,505.0
2017-07-20,109.0,109.0,109.0,109.0,625.0
2017-07-21,109.9,109.9,108.0,108.0,4096.0
2017-07-26,109.9,109.95,107.4,108.0,26530.0
2017-07-27,108.0,108.0,107.5,107.5,11949.0
2017-07-28,107.5,108.0,107.0,107.0,13579.0
2017-08-01,107.0,107.0,107.0,107.0,25.0
2017-08-02,107.5,107.5,106.5,107.5,224.0
2017-08-03,107.0,107.0,106.55,106.55,100.0
2017-08-04,106.95,107.0,106.95,107.0,3405.0
2017-08-07,106.5,109.95,106.5,109.95,5475.0
2017-08-08,108.5,108.5,106.65,106.65,501.0
2017-08-09,107.0,107.0,106.7,106.7,31.0
2017-08-10,107.5,109.75,106.15,106.15,347.0
2017-08-11,106.25,109.95,106.25,109.95,7439.0
2017-08-15,109.8,109.8,109.8,109.8,63.0
2017-08-16,109.8,109.8,109.8,109.8,10.0
2017-08-17,106.75,106.75,106.6,106.6,200.0
2017-08-18,108.0,108.95,108.0,108.95,13751.0
2017-08-24,106.6,108.0,106.6,108.0,14.0
2017-08-25,106.7,106.7,106.6,106.6,34.0
2017-08-28,106.7,108.0,106.7,108.0,323.0
2017-08-30,107.0,107.0,106.7,106.7,141.0
2017-08-31,107.5,107.5,107.5,107.5,5.0
2017-09-04,109.0,109.0,109.0,109.0,2471.0
2017-09-07,108.85,108.85,108.85,108.85,25.0
2017-09-08,106.7,108.75,105.6,106.65,5651.0
2017-09-11,108.0,108.0,106.6,107.5,54300.0
2017-09-12,107.5,107.5,107.0,107.0,1970.0
2017-09-13,106.7,107.0,106.7,107.0,511.0
2017-09-14,106.0,106.0,103.0,105.0,1781.0
2017-09-15,103.85,105.0,100.2,100.2,12580.0
2017-09-18,100.0,103.0,96.0,103.0,2690.0
2017-09-19,101.0,101.0,100.35,100.35,29.0
2017-09-20,100.5,100.5,98.599998,100.0,541.0
2017-09-21,99.0,100.0,96.050003,100.0,1258.0
2017-09-25,100.0,103.0,100.0,103.0,1009.0
2017-09-26,99.919998,104.0,99.919998,99.93,63483.0
2017-09-27,100.5,100.5,98.5,98.5,490.0
2017-09-28,100.0,100.0,100.0,100.0,65.0
2017-09-29,100.0,100.0,100.0,100.0,145.0
2017-10-02,100.0,100.0,100.0,100.0,7.0
2017-10-03,98.519997,100.0,98.5,100.0,95.0
2017-10-04,99.0,101.9,98.900002,101.0,31850.0
2017-10-05,99.510002,101.0,99.510002,99.650002,2111.0
2017-10-06,99.209999,101.0,96.650002,96.650002,10160.0
2017-10-09,99.989998,99.989998,96.510002,98.900002,933.0
2017-10-10,99.889999,99.889999,96.540001,96.699997,221.0
2017-10-11,97.0,99.0,97.0,97.510002,3909.0
2017-10-12,97.510002,98.0,97.510002,98.0,7848.0
2017-10-13,98.199997,99.489998,97.550003,97.900002,1422.0
2017-10-16,97.550003,98.400002,97.550003,98.400002,184.0
2017-10-17,97.510002,98.0,97.5,98.0,3052.0
2017-10-18,98.339996,98.400002,98.339996,98.400002,4.0
2017-10-20,97.139999,97.900002,95.0,95.0,9267.0
2017-10-23,98.400002,98.400002,95.75,96.599998,183.0
2017-10-24,96.699997,97.0,96.5,97.0,297.0
2017-10-25,97.0,97.0,95.849998,95.849998,22.0
2017-10-26,96.5,96.900002,96.0,96.300003,384.0
2017-10-27,96.300003,96.300003,95.510002,96.0,5111.0
2017-10-30,97.0,97.0,95.599998,97.0,4065.0
2017-10-31,97.0,98.0,97.0,98.0,117.0
2017-11-01,95.769997,98.400002,95.769997,98.400002,248.0
2017-11-02,96.050003,96.099998,96.050003,96.099998,120.0
2017-11-03,97.0,97.0,96.0,96.0,62666.0
2017-11-07,96.0,96.0,96.0,96.0,21.0
2017-11-08,96.0,96.0,96.0,96.0,5.0
2017-11-09,97.5,97.5,96.099998,96.099998,156.0
2017-11-10,98.400002,98.400002,98.0,98.0,2692.0
2017-11-13,97.949997,98.0,97.949997,98.0,250.0
2017-11-14,98.0,98.0,98.0,98.0,164.0
2017-11-15,98.0,98.0,98.0,98.0,1375.0
2017-11-16,98.0,98.0,98.0,98.0,180.0
2017-11-17,97.25,97.25,97.0,97.0,83.0
2017-11-20,97.339996,97.5,97.339996,97.5,42.0
2017-11-21,97.0,98.0,97.0,98.0,30.0
2017-11-22,98.0,98.0,98.0,98.0,775.0
2017-11-23,96.5,96.5,95.769997,95.769997,50.0
2017-11-27,97.989998,97.989998,97.260002,97.989998,22.0
2017-11-28,97.989998,97.989998,97.989998,97.989998,10.0
2017-11-29,97.0,97.0,97.0,97.0,25000.0
2017-11-30,96.900002,96.900002,96.199997,96.199997,100.0
2017-12-04,96.199997,96.199997,92.0,92.0,777.0
2017-12-07,95.0,95.0,95.0,95.0,75.0
2017-12-11,96.0,96.0,94.25,96.0,1470.0
2017-12-12,96.0,96.0,95.0,95.5,9043.0
2017-12-13,96.0,96.0,94.660004,96.0,1281.0
2017-12-14,96.0,96.0,95.5,95.900002,1170.0
2017-12-15,96.0,96.5,90.099998,90.099998,4223.0
2017-12-18,94.0,94.0,93.0,94.0,416.0
2017-12-19,94.0,94.0,92.110001,92.110001,725.0
2017-12-20,92.220001,93.699997,92.220001,93.699997,165.0
2017-12-21,94.0,94.0,92.0,92.0,3202.0
2017-12-22,92.099998,94.0,84.0,84.0,16835.0
2017-12-25,84.5,92.0,84.5,91.800003,22878.0
2017-12-26,91.800003,91.800003,90.800003,91.0,7728.0
2017-12-27,91.0,91.0,90.0,91.0,22003.0
2017-12-28,89.0,92.989998,89.0,90.0,1851.0
2017-12-29,90.0,90.0,90.0,90.0,10605.0
2018-01-02,90.0,91.0,90.0,91.0,105.0
2018-01-03,93.0,93.0,90.0,90.0,1464.0
2018-01-04,92.900002,92.900002,90.129997,92.0,620.0
2018-01-05,91.900002,91.900002,91.900002,91.900002,7566.0
2018-01-08,91.900002,92.5,91.900002,92.5,967.0
2018-01-09,92.400002,92.400002,92.400002,92.400002,11.0
2018-01-12,91.900002,92.0,89.0,92.0,101532.0
2018-01-15,93.5,101.0,93.5,98.0,36113.0
2018-01-16,99.5,100.0,98.0,98.0,14460.0
2018-01-17,98.5,98.5,97.0,97.0,325.0
2018-01-18,96.300003,96.309998,95.5,95.5,3723.0
2018-01-19,95.989998,96.0,95.0,96.0,10294.0
2018-01-22,97.690002,97.690002,94.599998,94.599998,7.0
2018-01-23,92.519997,97.0,92.519997,96.889999,1000.0
2018-01-24,96.0,96.0,95.0,96.0,1005.0
2018-01-25,96.0,96.0,94.5,94.519997,350.0
2018-01-26,95.0,95.900002,94.5,94.800003,42387.0
2018-01-29,95.290001,95.290001,95.290001,95.290001,200.0
2018-01-30,95.699997,95.800003,94.099998,94.120003,1857.0
2018-01-31,95.0,95.0,94.0,94.5,15260.0
2018-02-01,94.800003,95.0,94.0,94.099998,2850.0
2018-02-02,95.0,95.099998,93.050003,94.900002,6282.0
2018-02-05,95.0,96.989998,94.199997,94.5,1051.0
2018-02-06,95.0,95.0,93.160004,94.989998,3649.0
2018-02-07,94.0,94.199997,94.0,94.0,6145.0
2018-02-08,93.800003,94.0,93.800003,94.0,20914.0
2018-02-09,95.0,95.0,93.199997,93.989998,34264.0
2018-02-12,94.0,94.5,94.0,94.5,10300.0
2018-02-13,94.5,94.599998,94.0,94.0,9925.0
2018-02-14,95.0,95.0,94.0,94.0,56.0
2018-02-15,94.5,95.0,94.5,94.5,52695.0
2018-02-16,95.959999,96.0,95.0,95.900002,39166.0
2018-02-19,95.900002,97.849998,95.050003,95.099998,439.0
2018-02-20,97.839996,97.839996,95.699997,97.75,82.0
2018-02-21,97.800003,97.800003,96.0,96.0,80.0
2018-02-22,97.199997,98.800003,96.099998,98.800003,32688.0
2018-02-23,96.900002,98.790001,96.900002,98.699997,3056.0
2018-02-27,96.199997,96.199997,95.650002,96.099998,605.0
2018-02-28,96.050003,98.0,96.050003,96.25,2490.0
2018-03-01,98.400002,98.400002,97.0,97.0,10.0
2018-03-02,98.800003,98.800003,98.800003,98.800003,2713.0
2018-03-05,98.790001,98.790001,97.0,97.0,5050.0
2018-03-06,96.300003,96.300003,96.199997,96.300003,13001.0
2018-03-07,96.110001,96.110001,96.0,96.0,14714.0
2018-03-08,96.050003,96.050003,96.0,96.0,20230.0
2018-03-09,96.0,96.0,95.800003,96.0,2200.0
2018-03-12,95.800003,97.0,95.800003,97.0,327.0
2018-03-14,96.0,96.0,96.0,96.0,10.0
2018-03-15,96.0,96.0,95.5,95.5,22714.0
2018-03-16,95.5,95.5,95.0,95.400002,16227.0
2018-03-19,95.0,96.800003,95.0,95.0,2372.0
2018-03-20,94.0,95.0,94.0,95.0,24027.0
2018-03-21,93.129997,93.129997,91.199997,92.0,520.0
2018-03-22,92.099998,93.0,90.300003,92.0,2230.0
2018-03-23,92.900002,97.0,92.900002,97.0,16908.0
2018-03-27,92.050003,93.0,92.050003,93.0,26.0
2018-03-29,93.0,95.0,92.25,95.0,81.0
2018-03-30,95.0,96.900002,93.010002,96.900002,34665.0
2018-04-02,96.900002,96.900002,96.0,96.0,607.0
2018-04-03,93.050003,93.050003,93.050003,93.050003,800.0
2018-04-05,93.150002,94.5,93.050003,94.5,33023.0
2018-04-06,93.110001,96.0,93.110001,96.0,5585.0
2018-04-09,96.860001,96.860001,95.0,95.0,10020.0
2018-04-10,96.550003,96.550003,96.550003,96.550003,1.0
2018-04-11,94.0,94.0,94.0,94.0,3.0
2018-04-12,94.099998,94.099998,94.099998,94.099998,24.0
2018-04-13,94.900002,96.559998,94.5,96.559998,18317.0
2018-04-17,96.400002,96.400002,94.5,94.5,55.0
2018-04-19,94.0,94.0,94.0,94.0,290.0
2018-04-20,94.5,95.0,94.0,94.0,15558.0
2018-04-23,95.0,95.0,95.0,95.0,10173.0
2018-04-25,94.300003,95.0,94.0,95.0,4800.0
2018-04-26,93.519997,93.519997,93.5,93.5,43.0
2018-04-30,95.0,95.0,95.0,95.0,10000.0
2018-05-02,95.0,95.050003,95.0,95.0,5339.0
2018-05-04,93.540001,93.540001,93.540001,93.540001,500.0
2018-05-09,93.5,93.5,93.0,93.0,1050.0
2018-05-10,93.050003,94.5,93.050003,94.5,18.0
2018-05-11,93.5,94.489998,93.0,94.480003,4605.0
2018-05-14,93.0,93.0,93.0,93.0,200.0
2018-05-16,93.099998,93.099998,92.989998,93.0,63236.0
2018-05-17,93.0,93.0,93.0,93.0,558.0
2018-05-18,93.0,96.0,93.0,96.0,20383.0
2018-05-21,93.010002,93.050003,93.010002,93.050003,2602.0
2018-05-23,93.650002,93.650002,93.050003,93.050003,5002.0
2018-05-24,93.099998,93.099998,93.099998,93.099998,3450.0
2018-05-29,93.129997,93.129997,93.129997,93.129997,55.0
2018-05-30,95.5,95.5,95.5,95.5,1.0
2018-05-31,93.010002,95.5,93.0,95.5,305.0
2018-06-01,93.0,93.25,93.0,93.0,4191.0
2018-06-04,93.0,93.0,93.0,93.0,87362.0
2018-06-07,89.25,89.25,89.0,89.25,79309.0
2018-06-08,91.949997,91.949997,89.0,89.0,9444.0
2018-06-11,90.0,90.0,90.0,90.0,2.0
2018-06-12,89.5,89.5,89.5,89.5,352.0
2018-06-13,90.0,90.0,90.0,90.0,25.0
2018-06-14,90.0,90.0,90.0,90.0,493.0
2018-06-18,92.650002,92.900002,92.650002,92.900002,4389.0
2018-06-19,93.0,93.0,93.0,93.0,31.0
2018-06-22,89.75,89.75,89.75,89.75,700.0
2018-06-25,88.199997,88.199997,88.199997,88.199997,1.0
2018-06-29,88.0,90.0,88.0,90.0,1793.0
2018-07-03,88.099998,88.099998,88.099998,88.099998,1.0
2018-07-04,88.099998,88.099998,88.099998,88.099998,10.0
2018-07-06,88.0,88.0,88.0,88.0,65.0
2018-07-09,90.0,90.0,90.0,90.0,1.0
2018-07-10,90.0,91.980003,90.0,91.980003,151.0
2018-07-12,90.0,91.949997,90.0,91.949997,261.0
2018-07-13,88.050003,88.050003,88.050003,88.050003,38.0
2018-07-16,90.0,90.0,90.0,90.0,550.0
2018-07-17,88.099998,90.0,88.099998,88.150002,45.0
2018-07-18,91.800003,91.800003,91.800003,91.800003,1.0
2018-07-19,91.800003,91.800003,91.800003,91.800003,8.0
2018-07-20,91.93,91.93,91.93,91.93,715.0
2018-07-24,88.620003,88.620003,88.620003,88.620003,60.0
2018-07-25,91.800003,91.800003,91.800003,91.800003,3.0
2018-08-01,89.0,90.0,89.0,90.0,14.0
2018-08-02,89.0,89.0,88.300003,88.300003,25.0
2018-08-03,88.400002,88.400002,88.0,88.0,44.0
2018-08-06,91.800003,91.800003,91.800003,91.800003,1.0
2018-08-09,91.5,91.5,91.5,91.5,65.0
2018-08-10,91.5,91.5,91.5,91.5,464.0
2018-08-13,91.790001,91.800003,91.790001,91.800003,1100.0
2018-08-17,91.599998,91.779999,91.599998,91.779999,186.0
2018-08-28,88.010002,88.010002,88.010002,88.010002,150.0
2018-08-30,89.0,89.0,89.0,89.0,900.0
2018-08-31,91.0,91.0,91.0,91.0,617.0
2018-09-05,90.949997,90.949997,89.0,90.5,117.0
2018-09-06,89.0,89.0,89.0,89.0,30.0
2018-09-07,89.0,89.0,83.949997,83.949997,6999.0
2018-09-13,84.099998,86.0,84.099998,85.0,261.0
2018-09-14,84.099998,84.099998,83.5,84.0,2908.0
2018-09-17,83.0,83.0,82.5,82.5,54.0
2018-09-18,82.400002,82.5,80.0,80.0,826.0
2018-09-19,78.0,78.0,76.0,76.0,1432.0
2018-09-20,82.5,82.5,75.900002,75.900002,1490.0
2018-09-21,75.949997,75.949997,72.0,72.0,472.0
2018-09-24,72.0,72.0,69.0,70.0,9832.0
2018-09-25,70.099998,71.0,70.050003,71.0,908.0
2018-09-26,71.199997,71.199997,70.050003,70.150002,27403.0
2018-09-27,72.0,75.989998,71.199997,71.300003,205.0
2018-09-28,72.0,76.0,72.0,76.0,14010.0
2018-10-01,76.0,76.0,76.0,76.0,2120.0
2018-10-02,80.0,80.0,80.0,80.0,35.0
2018-10-03,78.0,80.010002,78.0,78.510002,2813.0
2018-10-04,78.5,82.989998,78.5,82.989998,1087.0
2018-10-05,82.0,82.989998,76.0,76.0,4229.0
2018-10-09,80.0,80.0,77.5,80.0,52.0
2018-10-10,82.0,82.0,82.0,82.0,10.0
2018-10-12,80.0,81.199997,80.0,81.199997,6200.0
2018-10-16,81.199997,81.199997,81.199997,81.199997,70.0
2018-10-17,81.199997,81.199997,81.199997,81.199997,155.0
2018-10-19,77.0,77.0,77.0,77.0,1759.0
2018-10-22,80.0,80.0,80.0,80.0,11.0
2018-10-23,80.0,80.0,80.0,80.0,4652.0
2018-10-25,81.0,81.0,80.0,81.0,125.0
2018-10-26,81.099998,81.099998,80.0,81.099998,574.0
2018-10-29,81.5,81.5,81.5,81.5,573.0
2018-10-30,80.0,81.949997,80.0,81.949997,283.0
2018-11-01,79.5,80.0,79.449997,80.0,1603.0
2018-11-02,82.0,82.5,80.0,82.5,16820.0
2018-11-07,81.0,81.0,81.0,81.0,19.0
2018-11-08,82.0,82.0,81.0,81.0,11.0
2018-11-09,82.0,82.0,82.0,82.0,2052.0
2018-11-13,84.449997,84.449997,80.0,80.0,51.0
2018-11-14,81.0,81.0,80.0,80.0,250.0
2018-11-15,83.949997,83.949997,80.0,80.0,151.0
2018-11-16,82.0,82.0,80.0,80.0,3501.0
2018-11-19,82.0,82.0,82.0,82.0,300.0
2018-11-22,83.400002,83.400002,83.400002,83.400002,2.0
2018-11-26,78.0,78.0,78.0,78.0,10.0
2018-11-27,83.949997,83.949997,83.949997,83.949997,1.0
2018-11-30,78.0,78.0,78.0,78.0,1039.0
2018-12-05,82.5,82.5,82.5,82.5,34.0
2018-12-06,81.0,81.0,81.0,81.0,16.0
2018-12-07,80.0,80.0,80.0,80.0,3001.0
2018-12-10,81.0,81.0,81.0,81.0,1.0
2018-12-11,75.360001,77.620003,75.360001,77.620003,419.0
2018-12-12,80.900002,80.900002,80.0,80.0,11.0
2018-12-14,79.0,79.0,74.5,74.5,5317.0
2018-12-17,76.730003,76.730003,76.730003,76.730003,90.0
2018-12-18,78.949997,78.949997,75.0,75.0,61.0
2018-12-19,78.949997,78.949997,78.949997,78.949997,1.0
2018-12-20,75.0,75.0,75.0,75.0,200.0
2018-12-21,78.900002,78.900002,70.5,70.5,4234.0
2018-12-24,75.989998,76.0,75.989998,76.0,1273.0
2018-12-26,77.169998,77.169998,75.0,75.0,510.0
2018-12-27,76.970001,76.970001,75.0,76.0,6035.0
2018-12-28,76.970001,76.970001,73.0,73.0,54683.0
2018-12-31,75.989998,80.290001,75.989998,80.290001,52329.0
2019-01-02,80.199997,80.199997,80.199997,80.199997,36.0
2019-01-03,79.699997,79.699997,79.699997,79.699997,1.0
2019-01-04,75.0,75.0,75.0,75.0,4525.0
2019-01-08,77.0,78.0,77.0,78.0,237.0
2019-01-09,78.0,78.0,78.0,78.0,6.0
2019-01-10,76.199997,76.199997,75.0,75.0,4853.0
2019-01-15,77.0,77.0,75.0,75.0,646.0
2019-01-16,75.0,75.0,75.0,75.0,180.0
2019-01-17,75.0,75.0,75.0,75.0,1345.0
2019-01-18,77.900002,77.900002,73.199997,73.199997,16020.0
2019-01-21,75.989998,75.989998,75.989998,75.989998,1.0
2019-01-22,73.209999,73.209999,73.199997,73.199997,95.0
2019-01-24,75.989998,75.989998,75.989998,75.989998,1.0
2019-01-25,73.309998,73.309998,72.0,72.0,32578.0
2019-01-28,71.260002,71.260002,70.5,70.5,20.0
2019-01-29,71.050003,71.099998,71.0,71.0,3185.0
2019-01-30,70.699997,71.0,70.0,71.0,69524.0
2019-02-01,74.970001,74.970001,71.0,71.0,5004.0
2019-02-04,70.050003,70.050003,70.050003,70.050003,160.0
2019-02-05,70.099998,70.099998,70.099998,70.099998,2.0
2019-02-06,73.889999,73.889999,73.889999,73.889999,1.0
2019-02-08,73.790001,73.790001,70.0,73.5,7330.0
2019-02-12,72.989998,72.989998,72.989998,72.989998,1.0
2019-02-13,72.949997,72.949997,72.949997,72.949997,6000.0
2019-02-14,72.900002,72.900002,72.900002,72.900002,2.0
2019-02-15,70.0,70.0,70.0,70.0,350.0
2019-02-18,72.459999,72.459999,72.459999,72.459999,1.0
2019-02-19,72.0,72.800003,72.0,72.800003,186.0
2019-02-20,72.239998,72.800003,72.0,72.0,508.0
2019-02-21,72.800003,72.800003,72.800003,72.800003,11.0
2019-02-22,72.800003,72.800003,70.0,70.0,978.0
2019-02-25,72.699997,72.699997,70.010002,72.0,223.0
2019-02-26,72.699997,72.699997,72.699997,72.699997,1.0
2019-03-01,71.0,72.0,71.0,72.0,6885.0
2019-03-04,71.0,71.0,71.0,71.0,1700.0
2019-03-08,72.690002,72.690002,71.0,71.0,1651.0
2019-03-11,71.0,71.0,71.0,71.0,40.0
2019-03-12,72.690002,72.690002,71.0,71.019997,77.0
2019-03-13,72.690002,72.690002,71.0,71.0,603.0
2019-03-14,72.690002,72.690002,71.0,71.0,2.0
2019-03-15,72.690002,72.690002,72.690002,72.690002,1.0
2019-03-18,71.0,71.0,71.0,71.0,1.0
2019-03-19,73.690002,73.690002,71.0,71.0,2.0
2019-03-20,73.690002,73.690002,73.690002,73.690002,1.0
2019-03-21,66.529999,69.0,66.529999,68.800003,6264.0
2019-03-22,71.980003,71.980003,66.0,66.0,8873.0
2019-03-25,67.940002,67.970001,67.5,67.650002,168.0
2019-03-26,65.639999,65.709999,65.639999,65.709999,8007.0
2019-03-27,65.75,68.0,65.0,68.0,638.0
2019-03-28,67.0,68.0,66.5,66.5,1290.0
2019-03-29,68.0,68.0,66.0,66.0,2551.0
2019-04-02,68.0,68.0,66.0,66.0,2687.0
2019-04-03,66.0,66.0,66.0,66.0,641.0
2019-04-04,66.0,67.0,65.010002,66.900002,10174.0
2019-04-05,66.0,66.099998,66.0,66.099998,101.0
2019-04-08,66.110001,66.110001,66.099998,66.099998,300.0
2019-04-10,67.989998,68.0,67.989998,68.0,969.0
2019-04-11,68.650002,68.650002,67.080002,67.080002,60.0
2019-04-12,68.0,68.800003,67.0,67.0,2364.0
2019-04-15,68.0,68.0,67.0,67.0,80.0
2019-04-16,67.199997,68.0,67.199997,68.0,36.0
2019-04-17,68.0,68.0,68.0,68.0,40.0
2019-04-18,69.349998,69.349998,67.199997,67.199997,6.0
2019-04-19,69.300003,69.300003,67.199997,67.199997,103.0
2019-04-22,68.889999,68.889999,67.0,67.0,269.0
2019-04-23,67.0,67.0,67.0,67.0,198.0
2019-04-24,68.849998,68.849998,68.0,68.0,61.0
2019-04-26,65.099998,68.0,65.099998,68.0,51.0
2019-04-29,65.099998,68.0,65.099998,68.0,46.0
2019-04-30,65.239998,65.239998,65.239998,65.239998,15.0
2019-05-02,65.349998,65.349998,65.349998,65.349998,50.0
2019-05-03,66.099998,67.989998,66.0,67.989998,169.0
2019-05-06,65.699997,67.0,65.699997,67.0,83.0
2019-05-07,67.0,67.0,67.0,67.0,62.0
2019-05-08,68.949997,68.949997,68.949997,68.949997,1.0
2019-05-10,68.0,68.0,68.0,68.0,21.0
2019-05-13,67.0,68.900002,67.0,68.900002,316.0
2019-05-14,68.900002,68.900002,68.900002,68.900002,101.0
2019-05-15,68.040001,68.059998,68.029999,68.029999,265.0
2019-05-16,70.0,70.0,68.519997,68.519997,263.0
2019-05-17,70.0,70.0,68.099998,68.099998,31875.0
2019-05-20,68.099998,68.099998,68.0,68.0,200100.0
2019-05-21,69.0,69.0,69.0,69.0,1.0
2019-05-23,68.099998,68.099998,68.099998,68.099998,200000.0
2019-05-24,68.099998,68.099998,68.099998,68.099998,40.0
2019-05-27,68.900002,68.900002,67.650002,67.650002,3643.0
2019-05-29,68.989998,68.989998,68.989998,68.989998,914.0
2019-05-31,68.0,68.0,68.0,68.0,245.0
2019-06-03,68.900002,68.900002,68.900002,68.900002,1.0
2019-06-04,68.900002,68.900002,68.900002,68.900002,10.0
2019-06-11,68.900002,68.900002,68.900002,68.900002,7.0
2019-06-14,68.849998,70.0,68.849998,68.989998,18520.0
2019-06-17,65.099998,70.400002,65.099998,70.400002,28.0
2019-06-18,70.400002,70.400002,70.400002,70.400002,20.0
2019-06-19,69.0,72.0,69.0,71.0,10751.0
2019-06-20,74.900002,74.900002,71.5,71.519997,49690.0
2019-06-21,71.099998,73.889999,71.099998,72.0,249.0
2019-06-24,73.900002,73.900002,71.0,73.0,153.0
2019-06-25,72.0,73.900002,71.0,72.0,159.0
2019-06-26,72.199997,75.0,72.050003,74.0,108535.0
2019-06-27,72.0,73.889999,70.0,71.989998,30339.0
2019-06-28,72.400002,72.400002,64.800003,64.800003,5189.0
2019-07-01,66.970001,67.550003,66.970001,67.5,175.0
2019-07-02,70.989998,70.989998,70.989998,70.989998,1.0
2019-07-08,69.0,70.0,69.0,70.0,140000.0
2019-07-09,70.900002,70.900002,70.0,70.0,11.0
2019-07-10,71.989998,71.989998,71.989998,71.989998,1.0
2019-07-11,67.510002,71.900002,67.510002,71.900002,23.0
2019-07-12,71.800003,71.800003,71.800003,71.800003,7.0
2019-07-15,68.050003,68.050003,68.050003,68.050003,52.0
2019-07-16,71.449997,71.449997,71.449997,71.449997,17.0
2019-07-17,69.0,69.989998,69.0,69.989998,169.0
2019-07-18,69.989998,70.949997,69.989998,70.949997,841.0
2019-07-23,70.800003,70.949997,70.800003,70.949997,280.0
2019-07-24,70.900002,70.900002,70.900002,70.900002,7.0
2019-07-25,70.0,70.0,70.0,70.0,14.0
2019-07-26,68.949997,70.0,68.949997,70.0,704.0
2019-07-29,70.900002,70.900002,70.900002,70.900002,2.0
2019-07-31,70.769997,70.769997,69.059998,69.059998,131.0
2019-08-01,70.75,70.75,69.099998,70.5,219.0
2019-08-02,66.0,70.790001,66.0,70.790001,2601.0
2019-08-05,67.650002,70.690002,67.650002,70.690002,11.0
2019-08-07,68.510002,68.510002,64.919998,64.919998,71827.0
2019-08-08,68.0,68.0,64.5,64.650002,2081.0
2019-08-09,65.019997,66.400002,64.699997,65.25,164.0
2019-08-15,65.25,66.0,65.0,65.25,799.0
2019-08-16,65.25,66.0,65.25,66.0,386.0
2019-08-19,65.5,65.989998,65.5,65.989998,700.0
2019-08-22,65.989998,65.989998,65.989998,65.989998,5.0
2019-08-23,65.989998,66.0,65.989998,66.0,1801.0
2019-08-26,65.5,65.599998,65.5,65.599998,430.0
2019-08-27,68.949997,68.949997,65.800003,65.800003,8.0
2019-08-28,67.0,67.0,65.699997,65.699997,63.0
2019-08-29,65.800003,66.0,65.699997,66.0,378.0
2019-08-30,67.0,67.0,66.0,66.0,4826.0
2019-09-02,65.699997,67.0,65.239998,67.0,943.0
2019-09-04,67.800003,67.800003,66.0,66.0,259.0
2019-09-05,67.0,67.0,67.0,67.0,8.0
2019-09-06,65.300003,65.400002,65.239998,65.400002,1166.0
2019-09-10,66.0,66.0,65.400002,66.0,1157.0
2019-09-11,66.0,66.0,66.0,66.0,50.0
2019-09-12,65.900002,65.900002,65.900002,65.900002,5.0
2019-09-16,65.699997,65.699997,65.699997,65.699997,100.0
2019-09-17,65.699997,65.699997,65.599998,65.599998,554.0
2019-09-18,66.0,66.0,65.239998,65.5,913.0
2019-09-19,66.0,67.0,65.5,67.0,1447.0
2019-09-20,67.0,67.0,66.0,66.0,1623.0
2019-09-23,66.0,66.0,65.300003,65.300003,30512.0
2019-09-24,67.5,67.5,67.5,67.5,1.0
2019-09-25,65.300003,66.900002,65.300003,66.900002,193.0
2019-09-26,65.599998,65.599998,65.599998,65.599998,32.0
2019-09-27,65.5,65.5,65.5,65.5,70.0
2019-10-01,66.900002,66.900002,65.0,65.849998,1231.0
2019-10-02,65.849998,66.849998,65.849998,65.849998,30952.0
2019-10-03,66.849998,66.849998,66.849998,66.849998,1.0
2019-10-04,66.790001,66.790001,66.790001,66.790001,50.0
2019-10-07,65.879997,66.849998,65.849998,66.849998,17131.0
2019-10-08,66.849998,66.849998,65.849998,65.849998,20801.0
2019-10-09,65.860001,65.860001,65.849998,65.849998,581.0
2019-10-10,66.800003,66.800003,66.800003,66.800003,5.0
2019-10-11,66.5,70.0,65.900002,67.099998,32795.0
2019-10-14,70.0,70.0,70.0,70.0,200.0
2019-10-16,68.309998,68.309998,68.25,68.25,232.0
2019-10-17,70.0,70.0,70.0,70.0,1.0
2019-10-18,69.5,70.0,68.059998,70.0,770.0
2019-10-21,70.0,70.0,70.0,70.0,2785.0
2019-10-22,70.0,70.0,70.0,70.0,2.0
2019-10-23,70.0,71.0,70.0,71.0,89141.0
2019-10-24,71.510002,71.980003,71.0,71.0,52129.0
2019-10-25,71.0,71.0,71.0,71.0,52703.0
2019-10-28,71.980003,74.900002,71.0,72.0,15210.0
2019-10-29,71.0,72.0,71.0,71.989998,8196.0
2019-10-31,71.989998,74.800003,71.199997,71.199997,5643.0
2019-11-01,71.0,71.0,71.0,71.0,656.0
2019-11-04,71.0,72.0,71.0,72.0,105.0
2019-11-05,73.699997,73.699997,71.0,71.0,75660.0
2019-11-07,73.0,73.0,71.0,73.0,16109.0
2019-11-08,72.0,73.300003,72.0,73.300003,23.0
2019-11-12,72.0,72.0,72.0,72.0,2005.0
2019-11-13,73.0,73.0,71.900002,71.900002,101414.0
2019-11-14,71.260002,72.900002,70.550003,71.0,84210.0
2019-11-15,72.800003,72.800003,70.650002,72.0,5581.0
2019-11-19,73.0,73.0,73.0,73.0,1.0
2019-11-20,70.720001,71.0,70.720001,71.0,2688.0
2019-11-21,70.739998,72.0,70.739998,72.0,2753.0
2019-11-22,72.099998,72.099998,72.099998,72.099998,13.0
2019-11-25,72.099998,72.099998,72.0,72.0,1451.0
2019-11-26,71.0,72.0,71.0,72.0,13068.0
2019-11-27,72.800003,72.800003,72.800003,72.800003,1.0
2019-11-28,72.760002,72.760002,72.760002,72.760002,1.0
2019-12-02,71.0,71.0,71.0,71.0,2.0
2019-12-04,72.5,72.5,72.0,72.0,2370.0
2019-12-05,72.550003,72.550003,72.550003,72.550003,2.0
2019-12-06,72.550003,72.550003,70.300003,72.099998,2478.0
2019-12-10,72.470001,72.470001,71.0,72.440002,35.0
2019-12-11,72.400002,74.25,72.400002,74.25,61123.0
2019-12-12,74.25,76.190002,74.25,76.190002,1449.0
2019-12-13,76.089996,76.199997,75.900002,76.099998,619.0
2019-12-16,76.099998,78.480003,76.099998,78.480003,258.0
2019-12-17,79.0,79.0,79.0,79.0,10.0
2019-12-18,79.0,79.0,79.0,79.0,11.0
2019-12-19,79.0,79.0,79.0,79.0,2.0
2019-12-20,78.5,78.5,78.5,78.5,60.0
2019-12-23,78.449997,79.0,77.989998,79.0,24176.0
2019-12-24,80.0,81.0,80.0,80.0,86750.0
2019-12-25,80.0,81.0,80.0,81.0,964.0
2019-12-26,80.0,82.0,80.0,81.0,23635.0
2019-12-27,81.0,81.0,80.0,80.0,15423.0
2019-12-30,81.300003,81.300003,80.0,80.0,108236.0
2019-12-31,80.0,80.0,79.900002,80.0,275000.0
2020-01-02,81.839996,81.839996,80.0,80.0,2.0
2020-01-03,80.0,80.0,80.0,80.0,11.0
2020-01-09,79.849998,81.5,79.849998,81.0,112653.0
2020-01-10,80.080002,81.5,80.0,81.0,114301.0
2020-01-13,81.0,81.050003,81.0,81.050003,10359.0
2020-01-15,79.0,81.5,79.0,81.5,116.0
2020-01-16,81.0,81.0,81.0,81.0,11582.0
2020-01-17,81.0,82.0,81.0,82.0,9125.0
2020-01-20,82.75,82.75,82.75,82.75,2.0
2020-01-23,82.0,82.699997,82.0,82.650002,76.0
2020-01-30,81.0,81.0,81.0,81.0,2000.0
2020-01-31,81.0,83.0,81.0,83.0,3000.0
2020-02-03,83.0,83.0,83.0,83.0,18.0
2020-02-05,83.900002,83.900002,83.879997,83.879997,885.0
2020-02-06,83.849998,83.879997,81.0,83.879997,2300.0
2020-02-10,81.0,81.0,77.599998,77.599998,10209.0
2020-02-11,81.989998,81.989998,81.989998,81.989998,1.0
2020-02-12,81.940002,81.940002,81.940002,81.940002,7.0
2020-02-13,80.0,82.0,80.0,82.0,1085.0
2020-02-14,79.050003,83.0,77.660004,83.0,3020.0
2020-02-17,82.800003,82.800003,82.800003,82.800003,538.0
2020-02-20,81.0,81.0,81.0,81.0,150.0
2020-02-21,82.800003,87.0,82.800003,87.0,17989.0
2020-02-24,87.0,87.0,87.0,87.0,12.0
2020-02-28,82.0,82.0,79.0,79.0,15467.0
2020-03-02,84.900002,84.900002,79.099998,79.099998,241.0
2020-03-03,79.199997,80.0,79.199997,80.0,866.0
2020-03-04,81.989998,83.980003,81.989998,83.5,450.0
2020-03-06,81.949997,81.949997,76.099998,76.099998,2106.0
2020-03-09,74.0,74.099998,74.0,74.0,698.0
2020-03-10,77.900002,80.0,74.010002,74.010002,684.0
2020-03-11,80.949997,80.949997,80.0,80.0,15.0
2020-03-12,72.010002,72.010002,72.010002,72.010002,293.0
2020-03-13,72.099998,72.099998,70.0,70.0,3193.0
2020-03-16,66.0,67.0,66.0,66.0,55.0
2020-03-19,63.369999,64.989998,63.369999,64.989998,3548.0
2020-03-20,65.0,65.980003,65.0,65.099998,2411.0
2020-03-23,66.0,67.699997,66.0,67.699997,2385.0
2020-03-24,69.050003,70.339996,67.699997,67.699997,598.0
2020-03-25,65.0,65.0,65.0,65.0,2410.0
2020-03-26,62.41,62.41,62.41,62.41,545.0
2020-03-27,60.049999,60.099998,59.950001,60.0,379033.0
2020-03-30,60.02,60.02,60.02,60.02,500.0
2020-03-31,61.0,61.0,61.0,61.0,1.0
2020-04-01,63.400002,63.400002,63.400002,63.400002,15.0
2020-04-03,62.0,62.0,62.0,62.0,200.0
2020-04-06,60.5,61.0,60.5,61.0,50855.0
2020-04-07,61.0,62.0,60.509998,60.509998,1446.0
2020-04-08,61.0,61.0,60.509998,60.509998,1360.0
2020-04-09,61.0,62.0,61.0,62.0,185.0
2020-04-10,62.0,62.0,60.509998,60.509998,1577.0
2020-04-13,61.0,61.0,61.0,61.0,14.0
2020-04-14,60.509998,61.0,60.509998,60.509998,182.0
2020-04-15,60.509998,61.650002,60.5,61.650002,4500.0
2020-04-16,61.0,62.0,61.0,62.0,5005.0
2020-04-17,61.0,61.0,61.0,61.0,6666.0
2020-04-21,60.009998,60.009998,60.009998,60.009998,250.0
2020-04-23,60.990002,61.0,60.990002,61.0,557.0
2020-04-24,61.0,61.0,61.0,61.0,79366.0
2020-04-27,61.0,61.0,61.0,61.0,300.0
2020-04-28,62.0,62.0,62.0,62.0,1.0
2020-04-29,61.0,62.0,61.0,62.0,102.0
2020-04-30,61.5,63.299999,61.5,62.0,50274.0
2020-05-05,62.02,62.02,62.02,62.02,48.0
2020-05-07,62.5,62.5,62.0,62.0,1000.0
2020-05-08,63.0,63.0,63.0,63.0,68.0
2020-05-11,63.0,65.0,63.0,65.0,5087.0
2020-05-12,63.009998,63.009998,63.009998,63.009998,6.0
2020-05-13,64.989998,64.989998,63.0,63.0,45.0
2020-05-15,63.0,63.0,61.5,61.5,6485.0
2020-05-21,63.0,63.0,61.5,61.5,649.0
2020-05-22,63.75,63.75,63.75,63.75,21.0
2020-05-28,64.849998,64.959999,62.5,64.900002,674.0
2020-05-29,64.970001,64.970001,64.970001,64.970001,151.0
2020-06-01,64.900002,64.970001,64.900002,64.970001,153.0
2020-06-02,64.970001,65.900002,64.970001,65.900002,5475.0
2020-06-03,66.599998,68.529999,66.599998,68.529999,17925.0
2020-06-04,70.0,71.269997,69.0,71.269997,22892.0
2020-06-05,74.0,74.0,71.0,73.400002,31067.0
2020-06-08,70.059998,71.449997,70.0,70.5,20784.0
2020-06-09,70.949997,71.0,70.5,70.5,20145.0
2020-06-10,70.0,71.0,68.5,70.949997,25130.0
2020-06-11,70.0,71.199997,70.0,71.199997,20120.0
2020-06-12,71.050003,71.900002,70.099998,70.099998,11655.0
2020-06-15,71.900002,71.900002,71.900002,71.900002,44.0
2020-06-16,71.5,71.989998,69.099998,71.989998,2515.0
2020-06-17,71.0,72.599998,69.120003,69.120003,32495.0
2020-06-18,69.0,69.199997,68.989998,69.0,14179.0
2020-06-19,69.0,69.0,67.629997,68.980003,972.0
2020-06-22,66.099998,68.089996,66.099998,66.5,1634.0
2020-06-23,66.5,66.550003,66.5,66.550003,1954.0
2020-06-24,66.800003,66.800003,65.5,65.5,155.0
2020-06-25,65.5,67.0,65.0,65.5,1916.0
2020-06-26,65.0,65.0,62.889999,62.889999,4329.0
2020-06-29,63.009998,64.900002,62.009998,64.900002,28080.0
2020-06-30,63.0,63.02,63.0,63.0,21391.0
2020-07-01,63.099998,64.0,63.0,63.0,2962.0
2020-07-03,64.0,64.0,64.0,64.0,57.0
2020-07-06,66.550003,66.550003,66.550003,66.550003,2.0
2020-07-09,65.0,67.5,65.0,67.5,63.0
2020-07-10,66.849998,66.849998,66.849998,66.849998,10.0
2020-07-13,66.849998,66.849998,66.849998,66.849998,2.0
2020-07-14,64.449997,64.449997,64.18,64.18,80.0
2020-07-16,65.0,65.0,64.800003,64.800003,7.0
2020-07-17,63.0,63.0,63.0,63.0,22.0
2020-07-20,62.0,62.099998,62.0,62.0,120.0
2020-07-22,62.099998,62.099998,62.0,62.0,100.0
2020-07-23,62.099998,64.0,62.099998,62.200001,50.0
2020-07-24,62.099998,62.099998,62.0,62.0,585.0
2020-07-28,62.0,62.0,62.0,62.0,10.0
2020-07-29,64.470001,64.470001,64.470001,64.470001,15.0
2020-08-03,64.5,64.5,64.470001,64.470001,232.0
2020-08-04,64.5,64.5,64.470001,64.470001,36.0
2020-08-06,64.5,65.690002,61.900002,65.690002,193.0
2020-08-07,64.900002,64.900002,64.900002,64.900002,2420.0
2020-08-11,63.5,63.5,63.5,63.5,50.0
2020-08-12,62.0,63.990002,62.0,63.990002,609.0
2020-08-17,63.900002,63.900002,63.900002,63.900002,2.0
2020-08-19,63.900002,63.900002,62.0,62.0,9458.0
2020-08-24,62.0,62.0,61.099998,61.150002,266.0
2020-08-25,61.5,62.0,61.099998,62.0,376.0
2020-08-26,61.950001,62.0,61.950001,62.0,63.0
2020-08-27,62.0,62.0,62.0,62.0,1025.0
2020-08-28,61.990002,62.0,61.990002,62.0,10070.0
2020-08-31,64.470001,64.470001,62.0,62.0,12249.0
2020-09-01,62.0,62.0,62.0,62.0,725.0
2020-09-02,62.0,63.0,62.0,63.0,232.0
2020-09-03,62.0,63.200001,62.0,62.0,23049.0
2020-09-04,62.0,62.0,62.0,62.0,15000.0
2020-09-07,63.0,64.0,63.0,64.0,424.0
2020-09-08,63.0,66.0,63.0,66.0,523.0
2020-09-09,63.369999,68.099998,63.369999,67.900002,137.0
2020-09-10,66.550003,68.0,66.550003,67.0,98873.0
2020-09-11,68.0,68.0,67.0,67.0,1012.0
2020-09-14,68.089996,68.089996,67.0,68.0,37.0
2020-09-15,65.5,67.489998,65.5,67.489998,14.0
2020-09-16,67.989998,67.989998,66.0,66.0,12.0
2020-09-17,66.0,67.949997,66.0,67.949997,30.0
2020-09-18,66.019997,67.300003,66.019997,67.300003,258.0
2020-09-21,67.0,67.5,67.0,67.5,7.0
2020-09-23,65.550003,67.480003,65.0,67.480003,21294.0
2020-09-24,65.0,66.980003,65.0,66.900002,609.0
2020-09-25,66.0,66.75,65.860001,66.75,33.0
2020-09-30,66.699997,66.699997,66.699997,66.699997,50.0
2020-10-01,66.75,66.75,66.75,66.75,1.0
2020-10-02,65.0,66.489998,64.5,66.480003,2751.0
2020-10-05,64.099998,66.489998,64.099998,66.489998,6.0
2020-10-09,65.0,66.0,65.0,65.0,14472.0
2020-10-12,66.0,66.400002,65.199997,66.400002,3107.0
2020-10-13,65.0,65.0,65.0,65.0,600.0
2020-10-14,65.099998,65.099998,65.0,65.0,20010.0
2020-10-15,65.019997,65.019997,65.0,65.0,828.0
2020-10-16,64.699997,64.699997,64.699997,64.699997,64.0
2020-10-19,65.989998,65.989998,65.989998,65.989998,10.0
2020-10-21,65.0,65.0,65.0,65.0,100.0
2020-10-22,65.0,65.849998,65.0,65.0,265.0
2020-10-23,65.0,66.470001,65.0,66.470001,13837.0
2020-10-26,67.0,67.0,65.099998,65.099998,81.0
2020-10-27,66.5,66.5,64.510002,65.0,1315.0
2020-10-28,66.0,66.0,65.0,65.0,9.0
2020-11-02,66.5,66.5,66.5,66.5,5.0
2020-11-03,64.099998,66.400002,64.099998,66.0,38.0
2020-11-04,66.0,66.0,64.0,64.0,1004.0
2020-11-05,65.0,65.0,64.0,64.0,1017.0
2020-11-09,65.449997,66.540001,65.449997,66.540001,544.0
2020-11-10,66.540001,66.540001,66.540001,66.540001,100.0
2020-11-11,66.0,66.540001,65.0,66.540001,1918.0
2020-11-12,67.0,68.0,66.900002,68.0,4535.0
2020-11-13,68.0,68.0,67.0,68.0,1692.0
2020-11-16,68.900002,69.0,68.900002,69.0,590.0
2020-11-17,69.900002,71.0,69.900002,71.0,3390.0
2020-11-20,70.790001,71.0,70.0,71.0,12019.0
2020-11-23,71.0,71.199997,71.0,71.199997,363.0
2020-11-24,70.5,71.099998,70.5,70.900002,4857.0
2020-11-25,70.900002,70.900002,70.900002,70.900002,60.0
2020-11-26,71.0,71.0,71.0,71.0,240.0
2020-11-27,70.75,70.75,68.199997,68.199997,1666.0
2020-12-01,70.730003,70.730003,70.639999,70.639999,6.0
2020-12-02,70.0,70.0,70.0,70.0,589.0
2020-12-03,70.0,70.650002,70.0,70.650002,968.0
2020-12-04,70.0,70.199997,70.0,70.0,3452.0
2020-12-07,70.699997,70.75,70.699997,70.75,148.0
2020-12-08,68.510002,70.449997,68.510002,70.449997,208.0
2020-12-10,72.0,72.0,70.599998,70.599998,1265.0
2020-12-11,71.949997,71.949997,71.900002,71.900002,142.0
2020-12-14,70.0,70.050003,69.220001,69.5,3340.0
2020-12-15,69.5,69.5,69.5,69.5,3145.0
2020-12-16,69.230003,69.230003,69.199997,69.199997,290.0
2020-12-17,68.5,68.879997,66.5,68.879997,6778.0
2020-12-18,68.949997,71.300003,68.949997,70.199997,14697.0
2020-12-21,68.099998,68.550003,68.0,68.5,16959.0
2020-12-22,68.5,71.0,68.5,70.5,16275.0
2020-12-23,70.5,70.5,70.5,70.5,2970.0
2020-12-24,71.900002,71.900002,71.900002,71.900002,100.0
2020-12-25,70.0,70.0,70.0,70.0,3937.0
2020-12-29,70.0,71.300003,68.110001,71.300003,95.0
2020-12-30,71.349998,71.389999,70.0,70.5,10099.0
2020-12-31,71.389999,71.389999,70.5,70.5,1338.0
2021-01-05,69.510002,69.510002,69.510002,69.510002,43.0
2021-01-06,70.5,70.5,70.5,70.5,250.0
2021-01-07,70.050003,71.400002,70.050003,71.400002,40.0
2021-01-08,71.050003,71.050003,71.050003,71.050003,3.0
2021-01-12,70.5,70.5,70.099998,70.099998,3.0
2021-01-14,70.050003,70.050003,70.050003,70.050003,27.0
2021-01-15,70.099998,70.099998,70.050003,70.050003,49.0
2021-01-18,71.199997,71.800003,70.699997,71.800003,846.0
2021-01-19,72.0,72.489998,72.0,72.489998,744.0
2021-01-21,72.489998,72.889999,72.489998,72.889999,200.0
2021-01-22,72.0,72.900002,72.0,72.0,31364.0
2021-01-25,72.0,72.0,72.0,72.0,369.0
2021-01-26,72.0,74.0,72.0,74.0,6048.0
2021-01-27,73.300003,73.300003,72.0,72.0,170.0
2021-01-28,74.0,74.0,74.0,74.0,50.0
2021-01-29,73.0,74.0,73.0,74.0,4336.0
2021-02-01,72.209999,73.989998,72.099998,73.989998,299.0
2021-02-02,73.989998,74.129997,73.989998,74.129997,1077.0
2021-02-03,74.160004,77.089996,74.160004,77.089996,4918.0
2021-02-04,80.0,80.169998,79.099998,80.0,6179.0
2021-02-05,78.050003,78.050003,78.050003,78.050003,6064.0
2021-02-08,79.400002,79.900002,79.400002,79.900002,50.0
2021-02-09,78.5,79.400002,78.5,79.0,30752.0
2021-02-10,77.099998,78.949997,77.099998,78.949997,62.0
2021-02-11,78.5,78.5,78.5,78.5,3553.0
2021-02-12,78.5,78.599998,78.489998,78.5,3117.0
2021-02-15,77.0,77.099998,77.0,77.099998,78.0
2021-02-16,77.010002,77.010002,77.010002,77.010002,84.0
2021-02-17,77.029999,77.029999,76.300003,76.300003,3820.0
2021-02-18,76.099998,76.099998,76.0,76.0,476.0
2021-02-19,77.949997,77.949997,77.949997,77.949997,1.0
2021-02-26,77.5,77.5,77.5,77.5,40.0
2021-03-02,77.449997,77.449997,77.449997,77.449997,20.0
2021-03-04,77.400002,77.400002,77.400002,77.400002,2.0
2021-03-08,76.5,77.800003,76.5,77.800003,171.0
2021-03-09,77.800003,78.900002,77.800003,78.0,4119.0
2021-03-10,78.400002,78.400002,78.400002,78.400002,10.0
2021-03-12,78.190002,78.190002,78.190002,78.190002,6685.0
2021-03-15,75.5,78.489998,75.5,78.489998,6.0
2021-03-16,78.400002,80.0,78.400002,80.0,7026.0
2021-03-17,80.0,80.5,80.0,80.5,416.0
2021-03-18,80.0,80.050003,80.0,80.050003,1615.0
2021-03-19,80.449997,82.989998,80.449997,82.989998,160.0
2021-03-22,81.099998,82.900002,81.099998,82.900002,205.0
2021-03-23,82.900002,82.949997,82.900002,82.949997,12.0
2021-03-24,82.0,83.0,82.0,83.0,235.0
2021-03-25,81.0,81.0,80.0,81.0,5820.0
2021-03-26,79.400002,81.0,79.400002,81.0,2805.0
2021-03-29,80.989998,82.0,80.989998,82.0,500.0
2021-03-30,80.400002,81.0,80.400002,81.0,555.0
2021-03-31,80.0,81.5,80.0,80.599998,315.0
2021-04-01,81.0,81.0,80.099998,80.099998,175.0
2021-04-02,81.0,83.300003,81.0,83.25,14710.0
2021-04-05,82.0,83.0,81.75,83.0,405.0
2021-04-06,86.0,86.0,81.110001,84.900002,898.0
2021-04-07,84.849998,84.849998,84.0,84.0,104.0
2021-04-08,82.0,82.650002,82.0,82.650002,105.0
2021-04-09,84.949997,84.949997,84.949997,84.949997,2.0
2021-04-13,82.099998,82.099998,82.099998,82.099998,50.0
2021-04-19,82.400002,82.400002,82.400002,82.400002,65.0
2021-04-20,83.989998,83.989998,82.410004,82.410004,103.0
2021-04-21,83.949997,84.779999,83.949997,84.779999,93.0
2021-04-22,84.5,84.5,84.5,84.5,21.0
2021-04-23,83.0,84.0,82.610001,84.0,3300.0
2021-04-26,84.800003,84.800003,84.800003,84.800003,3.0
2021-04-27,84.669998,84.699997,84.669998,84.699997,6248.0
2021-04-28,84.699997,88.0,84.599998,88.0,41938.0
2021-04-29,88.0,88.0,87.0,87.5,240.0
2021-04-30,86.0,89.900002,86.0,89.900002,6387.0
2021-05-03,90.0,90.0,87.0,87.0,838.0
2021-05-04,88.0,88.199997,88.0,88.010002,12645.0
2021-05-05,87.050003,90.0,87.050003,90.0,4358.0
2021-05-06,89.099998,91.900002,89.099998,91.0,41284.0
2021-05-07,90.0,92.0,90.0,91.0,20364.0
2021-05-10,91.0,91.0,91.0,91.0,602.0
2021-05-11,91.0,91.0,90.050003,90.099998,165.0
2021-05-12,91.489998,91.489998,90.0,91.25,645.0
2021-05-17,90.900002,91.0,89.5,89.5,133.0
2021-05-18,90.980003,91.0,90.980003,91.0,5074.0
2021-05-19,91.0,92.0,91.0,92.0,115838.0
2021-05-20,92.0,92.0,90.0,90.0,1538.0
2021-05-21,90.099998,90.099998,89.099998,89.099998,1300.0
2021-05-25,90.0,90.0,90.0,90.0,150.0
2021-05-26,93.589996,93.589996,93.589996,93.589996,104.0
2021-05-27,95.0,95.0,93.0,94.900002,19920.0
2021-05-28,94.099998,95.0,94.099998,94.150002,509.0
2021-05-31,94.150002,94.150002,94.150002,94.150002,5.0
2021-06-01,94.099998,94.5,94.0,94.0,6805.0
2021-06-02,94.5,95.0,94.0,94.800003,4472.0
2021-06-03,93.150002,95.0,93.150002,94.900002,60220.0
2021-06-04,93.5,95.0,93.5,95.0,1972.0
2021-06-07,94.0,95.0,93.650002,93.650002,1290.0
2021-06-08,93.699997,94.0,93.550003,93.599998,19320.0
2021-06-09,93.989998,93.989998,93.099998,93.099998,1469.0
2021-06-10,93.099998,94.0,93.0,94.0,670.0
2021-06-11,93.5,94.300003,92.050003,94.300003,3350.0
2021-06-14,94.290001,94.300003,92.419998,92.419998,318.0
2021-06-15,93.900002,94.0,93.599998,94.0,5797.0
2021-06-16,94.0,94.0,93.0,93.059998,7312.0
2021-06-17,91.900002,92.900002,91.900002,92.900002,90.0
2021-06-18,92.68,94.0,92.0,94.0,1995.0
2021-06-21,92.5,92.5,92.5,92.5,4.0
2021-06-22,92.0,92.0,90.68,92.0,278.0
2021-06-23,92.0,93.989998,92.0,93.989998,233.0
2021-06-24,93.900002,93.900002,93.900002,93.900002,2.0
2021-06-25,93.0,93.0,90.199997,90.199997,9176.0
2021-06-29,93.400002,93.400002,93.300003,93.300003,510.0
2021-06-30,93.0,93.0,90.629997,90.650002,29.0
2021-07-01,91.0,91.0,90.629997,90.989998,145700.0
2021-07-02,91.0,91.0,90.0,90.900002,2029.0
2021-07-05,90.900002,91.0,90.900002,90.900002,4608.0
2021-07-06,90.900002,90.900002,90.0,90.900002,20.0
2021-07-07,90.0,91.0,90.0,90.0,433.0
2021-07-08,89.099998,89.989998,89.099998,89.989998,5541.0
2021-07-09,89.900002,89.900002,89.900002,89.900002,238.0
2021-07-12,89.900002,89.900002,88.220001,88.220001,113.0
2021-07-13,89.800003,89.800003,86.900002,86.900002,5857.0
2021-07-15,87.0,87.0,86.0,86.0,1253.0
2021-07-16,88.699997,88.699997,87.0,88.690002,58.0
2021-07-19,89.0,89.879997,86.5,86.550003,159.0
2021-07-20,89.870003,89.870003,88.010002,88.900002,35.0
2021-07-23,89.800003,89.800003,88.010002,88.010002,22.0
2021-07-26,89.760002,89.800003,88.010002,88.010002,187.0
2021-07-27,88.050003,89.879997,88.050003,89.879997,119.0
2021-07-28,88.080002,90.800003,88.080002,90.800003,69.0
2021-07-29,90.879997,90.900002,90.879997,90.900002,156.0
2021-08-02,90.900002,90.900002,89.0,90.0,3201.0
2021-08-03,89.980003,90.0,89.199997,89.199997,1020.0
2021-08-04,90.900002,90.900002,89.0,90.889999,230.0
2021-08-05,90.889999,90.900002,90.889999,90.900002,105.0
2021-08-06,93.449997,94.510002,93.449997,93.620003,25664.0
2021-08-09,94.0,95.800003,94.0,94.0,3509.0
2021-08-11,94.0,95.5,94.0,95.0,461.0
2021-08-12,95.0,95.0,95.0,95.0,1.0
2021-08-13,94.900002,95.0,94.5,94.5,50169.0
2021-08-16,94.5,94.5,94.5,94.5,1031.0
2021-08-17,94.800003,94.800003,94.800003,94.800003,100.0
2021-08-19,93.5,94.480003,93.5,94.0,15692.0
2021-08-23,93.599998,94.980003,93.599998,94.980003,19758.0
2021-08-25,94.019997,94.099998,94.019997,94.099998,26.0
2021-08-26,94.989998,94.989998,94.599998,94.900002,10304.0
2021-08-30,94.699997,94.699997,94.099998,94.5,60435.0
2021-08-31,94.699997,94.699997,94.699997,94.699997,110.0
2021-09-01,94.75,95.0,94.75,95.0,50750.0
2021-09-02,94.75,95.300003,94.5,95.300003,524.0
2021-09-03,94.5,95.0,94.25,95.0,44208.0
2021-09-06,94.699997,94.699997,94.699997,94.699997,100.0
2021-09-07,94.900002,95.5,94.519997,94.559998,7775.0
2021-09-08,94.5,94.510002,94.110001,94.5,42851.0
2021-09-09,95.489998,95.800003,95.0,95.5,917.0
2021-09-10,95.230003,95.230003,95.0,95.0,10184.0
2021-09-13,95.0,95.599998,95.0,95.599998,250280.0
2021-09-14,95.010002,96.040001,95.0,96.040001,679920.0
2021-09-15,96.400002,96.400002,96.0,96.0,70029.0
2021-09-16,96.410004,96.900002,95.5,96.5,40995.0
2021-09-17,96.989998,100.2,96.989998,100.0,38865.0
2021-09-20,101.0,101.0,99.099998,101.0,147.0
2021-09-21,101.0,103.0,97.0,101.0,6940.0
2021-09-22,102.95,102.95,98.5,98.5,339.0
2021-09-23,102.4,102.4,102.4,102.4,7105.0
2021-09-24,104.95,104.95,100.95,104.6,51674.0
2021-09-27,104.95,104.95,101.0,103.5,11304.0
2021-09-28,104.0,104.0,102.0,102.3,1912.0
2021-09-29,103.0,103.0,100.6,102.25,271.0
2021-09-30,101.0,101.1,100.15,100.15,1355.0
2021-10-01,100.15,102.0,100.15,100.5,5759.0
2021-10-04,100.15,102.8,100.15,100.8,90.0
2021-10-05,100.8,101.9,100.0,100.3,7706.0
2021-10-06,100.3,100.3,100.0,100.3,519.0
2021-10-07,100.4,102.95,100.4,102.95,5184.0
2021-10-08,101.7,101.7,101.5,101.6,5722.0
2021-10-11,103.0,103.5,101.55,103.5,28792.0
2021-10-12,104.0,104.2,103.0,104.0,130.0
2021-10-13,104.2,104.2,103.95,104.0,5767.0
2021-10-14,103.1,104.2,103.0,103.55,3721.0
2021-10-15,104.8,107.0,104.5,105.0,35120.0
2021-10-18,104.0,106.0,104.0,105.5,1589.0
2021-10-21,105.8,106.1,105.0,106.0,1352.0
2021-10-22,108.9,108.9,106.0,106.1,14157.0
2021-10-25,108.8,109.4,106.5,109.0,490.0
2021-10-26,108.0,109.65,108.0,109.6,24926.0
2021-10-27,109.45,109.45,108.0,109.3,53192.0
2021-10-28,110.0,110.0,109.5,109.5,2220.0
2021-10-29,107.5,111.95,107.1,111.0,104663.0
2021-11-01,113.95,113.95,112.0,112.0,159.0
2021-11-02,114.4,114.95,112.0,112.0,2786.0
2021-11-03,113.0,113.0,110.15,110.15,1410.0
2021-11-04,110.0,110.0,108.0,108.5,3891.0
2021-11-05,108.5,108.5,107.0,107.0,3126.0
2021-11-08,105.0,107.0,105.0,105.0,552.0
2021-11-09,107.0,107.0,106.8,106.8,728.0
2021-11-10,107.0,107.0,105.0,105.0,6397.0
2021-11-11,105.0,105.0,102.7,105.0,449.0
2021-11-12,105.0,105.0,102.25,103.5,7197.0
2021-11-15,105.9,105.9,105.9,105.9,100.0
2021-11-16,106.0,106.0,106.0,106.0,40.0
2021-11-17,106.0,107.0,106.0,107.0,33.0
2021-11-19,107.0,111.9,107.0,111.9,2105.0
2021-11-22,110.0,110.0,106.5,109.9,406.0
2021-11-23,109.9,109.9,109.9,109.9,16.0
2021-11-24,109.0,109.45,109.0,109.45,5.0
2021-11-25,106.05,106.05,106.05,106.05,23.0
2021-11-26,106.1,108.9,105.0,105.0,3954.0
2021-11-29,103.0,104.0,103.0,104.0,2562.0
2021-11-30,101.0,105.0,101.0,105.0,3680.0
2021-12-01,107.5,107.5,105.0,105.0,50028.0
2021-12-02,105.0,107.8,105.0,107.8,57093.0
2021-12-03,105.0,106.9,105.0,106.9,27017.0
2021-12-06,105.0,105.0,105.0,105.0,791.0
2021-12-07,103.05,105.0,103.0,105.0,670.0
2021-12-08,104.5,105.8,104.5,105.0,18526.0
2021-12-09,105.4,105.5,104.8,105.5,26572.0
2021-12-10,105.0,105.7,105.0,105.0,15109.0
2021-12-13,105.0,105.7,105.0,105.7,543.0
2021-12-14,105.0,105.8,105.0,105.8,1120.0
2021-12-15,103.0,105.75,102.9,105.0,1844.0
2021-12-16,105.95,106.2,105.7,105.8,200.0
2021-12-17,105.0,105.0,105.0,105.0,25.0
2021-12-20,105.5,105.5,105.5,105.5,300.0
2021-12-21,105.0,105.0,105.0,105.0,10.0
2021-12-22,103.0,105.0,103.0,105.0,15.0
2021-12-23,104.0,105.0,104.0,105.0,108.0
2021-12-24,105.5,106.4,103.5,105.8,2539.0
2021-12-27,104.0,106.0,104.0,105.0,401.0
2021-12-28,105.0,105.9,104.55,105.0,7895.0
2021-12-29,105.0,105.0,104.6,105.0,896.0
2021-12-30,107.5,107.5,105.0,105.0,171.0
2021-12-31,107.5,107.5,103.0,103.0,6769.0
2022-01-04,105.0,105.0,105.0,105.0,10000.0
2022-01-05,103.4,105.5,103.4,105.5,42.0
2022-01-06,105.6,105.6,104.0,105.0,480.0
2022-01-07,105.0,110.0,105.0,109.0,81936.0
2022-01-10,107.5,111.0,107.5,110.55,4672.0
2022-01-12,112.0,112.15,111.0,112.0,8623.0
2022-01-13,111.9,114.0,111.0,114.0,13586.0
2022-01-14,114.8,114.8,112.55,113.0,5962.0
2022-01-17,113.0,113.0,112.9,112.9,40.0
2022-01-18,113.0,113.9,112.0,113.9,1305.0
2022-01-19,113.0,113.0,110.0,112.3,2211.0
2022-01-20,112.0,113.5,110.5,111.9,11457.0
2022-01-21,112.9,112.9,112.0,112.0,12937.0
2022-01-24,110.05,110.05,110.0,110.0,350.0
2022-01-25,109.0,109.5,109.0,109.1,423.0
2022-01-26,109.95,109.95,109.95,109.95,20.0
2022-01-27,109.95,111.0,109.95,111.0,720.0
2022-01-28,111.0,111.0,110.0,110.9,1651.0
2022-02-01,109.35,110.4,109.15,110.0,1090.0
2022-02-02,109.15,110.35,109.1,110.0,2158.0
2022-02-03,109.15,109.95,109.15,109.95,315.0
2022-02-04,109.5,110.0,109.5,110.0,5509.0
2022-02-07,109.0,109.95,107.0,109.95,2721.0
2022-02-08,109.95,109.95,109.55,109.55,115.0
2022-02-09,109.55,110.35,109.0,110.35,1401.0
2022-02-10,110.35,111.95,109.0,111.95,1570.0
2022-02-11,109.0,112.0,109.0,111.8,1915.0
2022-02-14,111.0,111.0,111.0,111.0,27.0
2022-02-15,110.0,111.0,110.0,111.0,11.0
2022-02-17,110.0,110.0,110.0,110.0,50.0
2022-02-18,110.5,110.5,110.0,110.0,11246.0
2022-02-21,110.0,111.5,110.0,111.5,50.0
2022-02-22,109.0,109.0,105.9,109.0,10559.0
2022-02-23,110.0,110.0,107.0,110.0,52.0
2022-02-24,106.8,110.0,103.6,103.6,3786.0
2022-02-25,97.5,108.0,97.5,100.0,33145.0
2022-02-28,104.0,104.0,100.0,103.0,1762.0
2022-03-01,103.2,103.2,102.0,102.0,323.0
2022-03-03,100.1,101.1,96.5,100.0,14380.0
2022-03-04,100.0,100.0,94.5,94.5,24838.0
2022-03-07,94.5,94.5,90.0,90.050003,5269.0
2022-03-08,91.0,95.0,91.0,95.0,435.0
2022-03-09,99.900002,100.0,98.0,99.980003,1213.0
2022-03-10,104.75,104.75,97.0,97.0,8900.0
2022-03-11,101.95,101.95,96.099998,96.099998,4212.0
2022-03-14,96.199997,96.199997,96.0,96.0,839.0
2022-03-15,96.0,99.989998,94.5,99.980003,130.0
2022-03-16,99.0,99.0,96.099998,96.099998,6810.0
2022-03-17,99.839996,99.839996,97.0,97.0,418.0
2022-03-18,96.900002,97.0,96.900002,97.0,2404.0
2022-03-21,99.989998,99.989998,96.449997,96.449997,159.0
2022-03-22,96.599998,97.0,94.5,94.5,7143.0
2022-03-23,95.099998,95.099998,93.5,93.5,927.0
2022-03-24,94.599998,95.099998,92.300003,92.5,411.0
2022-03-25,94.0,94.0,90.0,90.0,3627.0
2022-03-28,93.989998,93.989998,93.989998,93.989998,5.0
2022-03-29,94.0,94.900002,94.0,94.900002,212.0
2022-03-30,92.5,92.5,92.099998,92.099998,10111.0
2022-03-31,90.019997,92.0,90.0,90.029999,9460.0
2022-04-01,94.540001,94.540001,94.540001,94.540001,14.0
2022-04-04,94.0,94.0,92.0,93.5,167.0
2022-04-05,94.0,94.0,92.5,93.099998,335.0
2022-04-06,93.0,93.0,92.5,92.5,46.0
2022-04-07,93.0,93.0,91.0,91.099998,622.0
2022-04-11,92.5,93.0,92.0,92.0,566.0
2022-04-12,93.0,93.0,91.5,91.5,2572.0
2022-04-13,91.5,91.510002,91.5,91.5,682.0
2022-04-14,91.5,92.599998,90.120003,92.599998,767.0
2022-04-15,92.599998,92.599998,92.599998,92.599998,136.0
2022-04-18,91.5,91.5,91.5,91.5,1.0
2022-04-19,92.0,92.0,91.5,91.5,21571.0
2022-04-20,92.0,92.5,91.5,92.5,116.0
2022-04-21,92.510002,92.989998,92.5,92.989998,54.0
2022-04-22,92.989998,92.989998,92.989998,92.989998,10.0
2022-04-25,92.800003,92.800003,92.800003,92.800003,3.0
2022-04-26,92.800003,92.800003,91.5,91.5,115.0
2022-04-27,92.800003,92.800003,91.0,91.0,2208.0
2022-04-28,90.620003,90.620003,87.5,87.5,2148.0
2022-04-29,89.5,90.0,89.0,89.0,31047.0
2022-05-04,92.889999,93.300003,90.0,93.300003,408.0
2022-05-05,93.279999,93.279999,89.0,89.0,50333.0
2022-05-06,91.989998,91.989998,87.989998,87.989998,33991.0
2022-05-09,87.550003,88.099998,87.0,87.0,19713.0
2022-05-10,91.790001,91.790001,81.800003,81.800003,52666.0
2022-05-11,86.0,86.650002,86.0,86.650002,180.0
2022-05-12,89.25,89.25,85.510002,87.989998,650.0
2022-05-13,85.0,85.0,85.0,85.0,955.0
2022-05-16,83.25,86.650002,83.25,84.099998,3504.0
2022-05-17,89.089996,89.089996,84.099998,84.099998,862.0
2022-05-18,86.0,86.0,84.150002,84.150002,607.0
2022-05-19,84.099998,84.099998,84.099998,84.099998,1812.0
2022-05-20,87.879997,87.879997,83.400002,83.400002,1816.0
2022-05-23,84.150002,84.150002,83.400002,83.400002,275.0
2022-05-25,83.400002,85.0,82.019997,82.199997,6083.0
2022-05-26,84.949997,84.949997,82.300003,82.300003,12069.0
2022-05-27,82.5,85.980003,82.300003,82.300003,5329.0
2022-05-30,85.5,85.5,82.019997,82.110001,5100.0
2022-05-31,84.5,85.400002,84.0,84.0,1310.0
2022-06-01,85.389999,85.389999,83.0,83.0,106.0
2022-06-02,85.800003,87.449997,85.800003,87.449997,1769.0
2022-06-03,87.5,87.5,85.5,87.5,6378.0
2022-06-06,86.110001,86.110001,86.099998,86.099998,92.0
2022-06-07,87.980003,87.980003,86.25,86.25,8072.0
2022-06-08,87.5,89.0,87.5,89.0,97257.0
2022-06-09,86.0,87.5,85.0,85.150002,47107.0
2022-06-10,86.5,86.5,81.800003,81.800003,2647.0
2022-06-13,86.389999,86.389999,82.940002,82.940002,810.0
2022-06-14,83.099998,83.099998,81.849998,81.849998,1960.0
2022-06-15,81.800003,81.800003,81.800003,81.800003,170.0
2022-06-16,86.0,86.0,82.5,85.970001,147.0
2022-06-17,82.0,82.940002,81.0,81.0,10914.0
2022-06-20,84.75,84.75,84.699997,84.699997,12.0
2022-06-22,82.160004,82.160004,82.0,82.0,89.0
2022-06-23,81.199997,81.199997,79.099998,79.199997,330.0
2022-06-24,83.940002,83.940002,82.0,82.0,625.0
2022-06-27,79.0,79.150002,79.0,79.150002,82.0
2022-06-28,82.440002,82.449997,79.160004,79.160004,89.0
2022-06-29,81.839996,81.839996,80.0,81.5,321.0
2022-06-30,81.949997,82.0,81.949997,82.0,92.0
2022-07-01,82.0,82.0,77.099998,77.099998,1720.0
2022-07-04,79.0,79.0,79.0,79.0,7.0
2022-07-05,79.050003,80.0,77.0,77.0,415.0
2022-07-06,77.5,77.5,77.5,77.5,20.0
2022-07-07,77.5,79.5,77.0,77.0,756.0
2022-07-08,77.0,77.0,77.0,77.0,50.0
2022-07-12,79.5,79.5,79.5,79.5,1.0
2022-07-13,79.5,79.5,75.050003,79.489998,5019.0
2022-07-14,79.480003,79.480003,79.480003,79.480003,2.0
2022-07-15,79.5,81.0,77.5,77.5,4212.0
2022-07-18,80.989998,80.989998,79.099998,79.099998,1079.0
2022-07-19,79.110001,80.970001,79.099998,80.970001,51.0
2022-07-20,80.989998,80.989998,79.5,79.5,298.0
2022-07-21,80.989998,84.190002,79.099998,79.099998,12409.0
2022-07-25,82.989998,82.989998,82.989998,82.989998,13.0
2022-07-26,83.199997,83.199997,83.199997,83.199997,3.0
2022-07-27,82.989998,82.989998,79.300003,79.599998,314.0
2022-07-28,79.599998,79.599998,79.599998,79.599998,5.0
2022-07-29,80.099998,80.989998,79.099998,79.099998,7251.0
2022-08-01,80.0,80.0,80.0,80.0,1400.0
2022-08-03,81.790001,81.790001,79.0,79.0,1124.0
2022-08-04,81.489998,81.489998,79.0,79.0,63.0
2022-08-05,80.0,80.849998,79.5,80.0,4526.0
2022-08-08,80.0,80.0,80.0,80.0,109.0
2022-08-09,79.0,80.0,79.0,80.0,41.0
2022-08-10,79.050003,80.0,79.050003,80.0,620.0
2022-08-11,80.0,80.0,80.0,80.0,1001.0
2022-08-12,80.0,81.0,80.0,80.0,7101.0
2022-08-15,80.099998,81.0,80.0,80.010002,1100.0
2022-08-16,82.459999,82.459999,80.199997,81.0,12454.0
2022-08-17,81.0,81.0,80.75,81.0,455.0
2022-08-18,80.5,81.0,80.5,81.0,3434.0
2022-08-19,82.300003,82.300003,82.0,82.0,14.0
2022-08-22,81.0,81.300003,80.120003,80.120003,301.0
2022-08-23,80.5,80.5,80.0,80.0,1167.0
2022-08-24,80.0,80.0,79.5,80.0,4241.0
2022-08-25,81.0,81.0,81.0,81.0,496.0
2022-08-26,80.989998,81.0,80.010002,80.029999,2392.0
2022-08-29,80.050003,81.0,80.029999,81.0,115.0
2022-08-30,81.0,81.970001,79.0,79.120003,2606.0
2022-08-31,81.940002,81.940002,81.900002,81.900002,11.0
2022-09-02,81.889999,81.889999,81.889999,81.889999,10.0
2022-09-05,80.0,80.0,80.0,80.0,102.0
2022-09-06,81.099998,83.489998,80.0,80.0,2723.0
2022-09-07,83.449997,83.449997,80.029999,80.029999,10702.0
2022-09-08,83.160004,83.160004,80.040001,80.040001,503.0
2022-09-09,82.190002,82.190002,80.059998,81.0,16685.0
2022-09-12,80.209999,82.199997,80.129997,80.129997,568.0
2022-09-13,82.190002,82.190002,80.160004,80.510002,169.0
2022-09-14,82.089996,82.089996,82.089996,82.089996,63.0
2022-09-15,81.989998,81.989998,80.480003,80.480003,66.0
2022-09-16,82.0,82.0,80.040001,80.040001,2648.0
2022-09-19,81.989998,82.0,80.050003,80.050003,393.0
2022-09-20,81.989998,81.989998,81.989998,81.989998,10.0
2022-09-21,82.0,82.0,82.0,82.0,7.0
2022-09-22,81.980003,81.980003,80.300003,81.980003,72.0
2022-09-23,81.989998,81.989998,80.0,80.0,5002.0
2022-09-26,80.0,81.5,76.0,76.0,16544.0
2022-09-27,80.5,80.5,78.0,78.0,442.0
2022-09-28,80.5,80.5,77.0,77.0,1793.0
2022-09-29,77.0,78.989998,76.0,76.0,7794.0
2022-09-30,76.099998,76.099998,73.5,73.5,10300.0
2022-10-03,74.0,75.0,74.0,75.0,190.0
2022-10-04,73.599998,77.989998,73.599998,77.5,122.0
2022-10-05,77.0,77.5,75.5,75.5,171.0
2022-10-06,77.900002,77.900002,75.0,75.0,779.0
2022-10-07,74.5,77.900002,74.5,75.0,1722.0
2022-10-11,77.690002,77.699997,77.690002,77.699997,37.0
2022-10-12,76.0,77.400002,74.099998,74.099998,284.0
2022-10-13,75.0,76.400002,74.199997,76.400002,21.0
2022-10-14,76.970001,76.970001,74.519997,76.940002,166.0
2022-10-17,76.0,76.0,75.0,75.0,133.0
2022-10-18,75.0,75.0,74.0,74.099998,780.0
2022-10-19,74.099998,74.099998,74.0,74.0,320.0
2022-10-20,74.099998,74.099998,73.0,73.0,781.0
2022-10-21,74.0,74.0,70.019997,70.019997,3030.0
2022-10-24,74.0,74.0,74.0,74.0,30.0
2022-10-25,74.0,75.0,72.0,75.0,252.0
2022-10-26,77.5,79.0,77.5,79.0,11.0
2022-10-27,78.879997,78.879997,74.269997,74.269997,1271.0
2022-10-28,74.269997,78.550003,70.0,70.0,2162.0
2022-10-31,70.550003,73.980003,70.5,73.980003,105.0
2022-11-01,73.980003,73.989998,73.980003,73.989998,31.0
2022-11-02,73.980003,74.0,73.010002,73.989998,138.0
2022-11-03,74.0,74.0,70.019997,70.019997,524.0
2022-11-04,72.0,72.0,71.0,71.0,2001.0
2022-11-07,73.980003,73.989998,73.959999,73.970001,19.0
2022-11-08,73.970001,73.970001,73.959999,73.959999,14.0
2022-11-09,70.550003,72.989998,70.550003,72.989998,440.0
2022-11-10,73.949997,73.949997,69.989998,70.0,77190.0
2022-11-11,73.190002,73.190002,69.989998,72.080002,25604.0
2022-11-14,70.110001,70.300003,70.099998,70.099998,103.0
2022-11-15,73.199997,73.199997,73.199997,73.199997,56.0
2022-11-16,70.099998,70.099998,70.099998,70.099998,2000.0
2022-11-17,70.209999,71.5,70.209999,71.5,16617.0
2022-11-21,73.440002,73.5,71.0,71.0,2099.0
2022-11-22,71.199997,71.199997,70.360001,70.400002,46.0
2022-11-23,71.800003,72.0,71.800003,72.0,123.0
2022-11-24,71.800003,73.5,71.199997,71.199997,2092.0
2022-11-25,71.300003,73.5,71.0,71.0,5618.0
2022-11-28,73.0,73.0,73.0,73.0,1.0
2022-11-29,71.0,73.25,70.300003,73.25,1119.0
2022-11-30,73.25,73.5,70.300003,70.300003,1021.0
2022-12-01,71.0,73.449997,70.510002,73.449997,9.0
2022-12-02,73.489998,73.489998,70.599998,70.599998,3001.0
2022-12-05,73.5,73.5,72.0,72.0,34.0
2022-12-06,74.699997,74.699997,71.099998,71.099998,183.0
2022-12-07,74.489998,74.489998,71.199997,71.199997,3015.0
2022-12-08,74.0,74.330002,71.199997,71.199997,5081.0
2022-12-09,71.5,72.0,71.5,72.0,29.0
2022-12-12,73.949997,73.959999,72.099998,72.099998,202.0
2022-12-13,72.199997,73.489998,72.099998,73.489998,847.0
2022-12-14,72.099998,73.959999,72.099998,73.959999,92.0
2022-12-15,73.980003,77.970001,73.980003,74.5,2701.0
2022-12-16,77.879997,77.879997,73.050003,73.050003,4005.0
2022-12-19,74.550003,74.599998,74.550003,74.599998,24.0
2022-12-20,74.0,76.690002,74.0,74.0,142337.0
2022-12-21,76.199997,76.199997,73.720001,73.720001,551.0
2022-12-22,73.720001,74.0,72.019997,72.019997,9632.0
2022-12-23,74.0,74.0,71.5,71.5,9650.0
2022-12-26,74.389999,74.389999,71.5,71.5,1797.0
2022-12-27,72.0,72.0,72.0,72.0,200.0
2022-12-28,71.300003,73.43,70.0,70.0,9021.0
2022-12-29,73.489998,73.5,68.5,68.5,1776.0
2022-12-30,72.0,72.0,65.0,65.0,60230.0
2023-01-02,68.889999,68.889999,66.010002,66.010002,11325.0
2023-01-03,67.0,67.949997,65.010002,67.0,3301.0
2023-01-04,67.900002,69.900002,66.0,66.099998,1560.0
2023-01-05,67.449997,67.5,64.099998,66.800003,9735.0
2023-01-06,66.970001,66.970001,63.0,63.0,2645.0
2023-01-09,63.0,65.940002,63.0,65.940002,132.0
2023-01-10,63.0,65.830002,63.0,65.0,387.0
2023-01-12,65.830002,66.0,65.0,66.0,109.0
2023-01-13,65.25,68.0,65.0,65.0,4075.0
2023-01-16,67.980003,67.980003,67.5,67.5,43.0
2023-01-17,67.5,67.5,67.5,67.5,54.0
2023-01-18,67.5,67.5,67.5,67.5,240.0
2023-01-19,67.5,67.989998,67.0,67.0,2437.0
2023-01-20,67.0,67.0,66.0,66.0,2771.0
2023-01-23,65.510002,66.0,65.510002,65.650002,23829.0
2023-01-24,66.980003,66.980003,66.980003,66.980003,15.0
2023-01-26,66.0,66.980003,66.0,66.5,5466.0
2023-01-27,65.300003,65.620003,65.300003,65.620003,3010.0
2023-01-30,67.900002,67.900002,66.0,66.0,37.0
2023-01-31,67.5,68.0,66.150002,68.0,1077.0
2023-02-01,67.900002,68.0,67.900002,68.0,3500.0
2023-02-02,67.989998,69.379997,66.199997,66.199997,12685.0
2023-02-03,69.0,69.0,66.550003,66.550003,2009.0
2023-02-06,66.599998,66.699997,66.599998,66.599998,49.0
2023-02-08,68.980003,68.980003,67.099998,67.099998,257.0
2023-02-09,68.779999,68.800003,68.779999,68.779999,210.0
2023-02-10,68.849998,70.0,68.0,70.0,11835.0
2023-02-13,70.0,70.0,70.0,70.0,3.0
2023-02-14,70.0,70.5,69.0,69.0,318.0
2023-02-15,68.699997,71.0,68.699997,71.0,920.0
2023-02-16,69.110001,72.0,69.110001,72.0,211.0
2023-02-17,71.989998,72.5,70.199997,72.5,2495.0
2023-02-20,72.449997,72.449997,72.449997,72.449997,10.0
2023-02-21,70.260002,71.0,70.209999,71.0,706.0
2023-02-22,71.0,71.849998,69.010002,71.849998,288.0
2023-02-23,70.5,73.0,70.0,73.0,1886.0
2023-02-24,73.400002,75.099998,73.0,75.099998,2055.0
2023-02-27,75.0,75.5,74.0,74.0,162.0
2023-02-28,74.849998,74.849998,74.0,74.839996,123.0
2023-03-01,74.900002,74.900002,74.5,74.5,14.0
2023-03-02,74.5,74.5,74.0,74.0,49.0
2023-03-03,74.0,74.0,71.209999,72.0,2120.0
2023-03-06,71.510002,72.0,70.07,72.0,106.0
2023-03-07,73.5,73.5,72.0,72.0,152.0
2023-03-08,72.989998,72.989998,72.0,72.0,21.0
2023-03-09,72.980003,72.980003,70.5,72.0,21.0
2023-03-10,71.0,72.0,71.0,71.5,1939.0
2023-03-13,72.0,72.0,72.0,72.0,3.0
2023-03-14,71.5,72.900002,71.5,72.900002,2.0
2023-03-15,72.690002,72.690002,71.0,71.0,2760.0
2023-03-16,70.5,70.599998,70.029999,70.029999,2030.0
2023-03-17,70.029999,70.029999,70.019997,70.019997,289.0
2023-03-21,71.980003,71.980003,71.889999,71.889999,7.0
2023-03-23,71.199997,73.0,71.150002,73.0,353.0
2023-03-24,73.0,73.0,70.0,70.0,6430.0
2023-03-27,73.370003,73.370003,73.370003,73.370003,2.0
2023-03-28,72.0,72.0,71.900002,71.900002,83.0
2023-03-29,71.699997,72.0,71.690002,72.0,2063.0
2023-03-30,72.0,72.0,70.0,70.0,3052.0
2023-03-31,70.0,71.949997,68.0,68.0,6620.0
2023-04-03,70.489998,70.5,69.0,69.0,81.0
2023-04-04,71.489998,71.489998,71.489998,71.489998,2.0
2023-04-05,69.199997,70.5,69.0,70.0,146396.0
2023-04-06,70.110001,71.459999,70.110001,70.110001,249.0
2023-04-07,70.300003,70.300003,70.199997,70.199997,10200.0
2023-04-10,71.75,71.75,70.0,71.0,2024.0
2023-04-11,71.739998,71.739998,70.300003,70.300003,156.0
2023-04-12,72.010002,73.300003,72.010002,72.5,6499.0
2023-04-13,73.25,73.25,71.010002,72.0,82.0
2023-04-14,72.0,72.0,72.0,72.0,500.0
2023-04-17,71.019997,71.019997,71.019997,71.019997,5.0
2023-04-18,72.300003,72.300003,72.300003,72.300003,7.0
2023-04-19,72.0,72.279999,72.0,72.010002,499.0
2023-04-20,71.0,71.0,70.5,70.5,983.0
2023-04-21,71.0,74.0,71.0,72.5,3829.0
2023-04-25,71.25,72.25,71.25,72.25,22.0
2023-04-26,72.25,72.25,72.25,72.25,42.0
2023-04-27,73.0,73.790001,72.5,72.5,150.0
2023-04-28,72.25,73.75,70.099998,70.099998,2083.0
2023-05-02,70.519997,71.0,70.510002,70.510002,150.0
2023-05-03,73.699997,73.699997,73.489998,73.5,25.0
2023-05-04,73.480003,73.480003,70.699997,70.699997,116.0
2023-05-05,70.529999,73.440002,70.529999,70.599998,211.0
2023-05-08,70.699997,73.0,70.699997,73.0,131495.0
2023-05-09,73.300003,73.300003,72.0,72.0,460.0
2023-05-10,72.0,73.0,72.0,72.0,17.0
2023-05-11,73.0,74.900002,73.0,73.599998,678.0
2023-05-12,73.599998,73.599998,73.599998,73.599998,30.0
2023-05-15,73.050003,73.110001,73.050003,73.110001,63.0
2023-05-16,74.900002,74.900002,74.900002,74.900002,1.0
2023-05-17,74.699997,74.699997,74.080002,74.690002,112.0
2023-05-18,74.199997,74.199997,74.099998,74.099998,163.0
2023-05-19,74.199997,74.199997,73.199997,73.199997,70.0
2023-05-22,74.199997,74.940002,74.0,74.940002,269.0
2023-05-23,74.650002,74.980003,74.0,74.980003,180.0
2023-05-24,74.989998,76.739998,74.0,76.739998,1639.0
2023-05-25,76.900002,76.900002,76.0,76.0,195.0
2023-05-26,75.0,76.699997,75.0,76.699997,3352.0
2023-05-29,76.900002,80.519997,76.900002,80.0,3101.0
2023-05-30,77.199997,79.989998,77.199997,79.989998,660.0
2023-05-31,77.5,79.25,75.25,75.25,34399.0
2023-06-01,75.5,76.0,75.489998,75.489998,1430.0
2023-06-02,75.5,75.5,74.209999,75.5,606.0
2023-06-05,76.0,76.099998,75.050003,75.199997,5546.0
2023-06-06,75.199997,78.0,75.199997,76.0,13467.0
2023-06-07,76.0,76.0,76.0,76.0,2631.0
2023-06-08,76.0,76.0,75.510002,76.0,2952.0
2023-06-09,75.599998,75.599998,75.599998,75.599998,10.0
2023-06-12,76.0,76.0,75.650002,75.650002,877.0
2023-06-13,76.949997,76.949997,75.800003,76.949997,423.0
2023-06-14,75.599998,77.0,75.599998,76.0,1709.0
2023-06-15,76.900002,78.0,76.0,78.0,2140.0
2023-06-16,79.800003,79.800003,75.550003,77.5,5094.0
2023-06-19,75.800003,79.0,75.0,76.0,9203.0
2023-06-20,75.0,75.0,74.949997,74.989998,3375.0
2023-06-21,77.099998,77.099998,74.099998,76.800003,8563.0
2023-06-22,76.839996,76.839996,76.760002,76.800003,308.0
2023-06-23,72.199997,72.199997,72.199997,72.199997,12653.0
2023-06-26,76.529999,76.529999,73.400002,75.400002,181.0
2023-06-27,75.279999,75.5,75.139999,75.5,5080.0
2023-06-28,73.309998,75.400002,73.300003,75.400002,5448.0
2023-07-04,75.989998,76.0,74.0,76.0,469.0
2023-07-05,76.449997,76.449997,75.0,75.0,558.0
2023-07-06,76.0,76.0,74.099998,75.0,116493.0
2023-07-07,76.199997,77.0,75.099998,75.099998,27613.0
2023-07-10,77.0,77.0,75.129997,75.129997,22.0
2023-07-11,77.0,77.0,77.0,77.0,11.0
2023-07-12,76.910004,76.910004,75.330002,75.330002,64.0
2023-07-13,76.849998,76.849998,76.0,76.0,1115.0
2023-07-14,75.330002,79.0,75.330002,78.0,21411.0
2023-07-17,79.0,79.0,78.0,78.0,256.0
2023-07-18,78.0,78.800003,77.0,78.800003,2281.0
2023-07-20,78.800003,80.0,77.0,80.0,16390.0
2023-07-21,79.050003,82.5,79.050003,82.5,4035.0
2023-07-24,82.989998,82.989998,80.510002,81.949997,55.0
2023-07-25,81.0,81.900002,80.199997,80.199997,1348.0
2023-07-26,80.0,81.400002,79.050003,80.0,5294.0
2023-07-27,80.0,80.0,79.510002,80.0,2295.0
2023-07-28,79.5,80.0,79.010002,80.0,764.0
2023-07-31,79.989998,80.0,79.5,79.550003,178.0
2023-08-01,79.550003,79.550003,77.5,79.0,10570.0
2023-08-02,79.550003,79.550003,78.099998,78.169998,45375.0
2023-08-03,79.0,79.0,79.0,79.0,30709.0
2023-08-04,79.279999,81.360001,78.510002,80.349998,12171.0
2023-08-07,80.900002,80.900002,79.010002,80.0,1356.0
2023-08-08,80.0,80.0,78.75,79.489998,1880.0
2023-08-09,79.489998,79.889999,79.489998,79.889999,384.0
2023-08-10,79.790001,79.790001,79.010002,79.010002,48.0
2023-08-11,79.800003,79.800003,79.0,79.790001,13071.0
2023-08-15,79.800003,79.800003,79.0,79.0,9.0
2023-08-16,79.699997,79.699997,77.760002,79.5,1003.0
2023-08-17,79.650002,79.650002,79.650002,79.650002,1.0
2023-08-18,78.0,79.699997,78.0,79.699997,2720.0
2023-08-22,79.690002,79.690002,79.0,79.5,18031.0
2023-08-23,78.349998,79.0,78.349998,79.0,2148.0
2023-08-24,79.0,79.0,78.349998,79.0,11175.0
2023-08-25,79.5,79.5,79.5,79.5,110.0
2023-08-28,78.360001,79.889999,78.349998,79.889999,32118.0
2023-08-29,79.669998,79.669998,79.669998,79.669998,8.0
2023-08-30,79.0,79.5,78.349998,79.0,695.0
2023-08-31,77.5,78.0,74.559998,75.0,34383.0
2023-09-01,75.050003,77.970001,73.0,73.010002,17504.0
2023-09-04,77.279999,77.279999,73.0,73.0,52.0
2023-09-05,73.800003,76.599998,73.800003,76.5,652.0
2023-09-06,75.0,77.0,72.5,72.5,50937.0
2023-09-07,72.5,74.989998,71.5,74.989998,50156.0
2023-09-08,73.0,73.0,73.0,73.0,250.0
2023-09-11,74.970001,74.970001,72.230003,72.230003,110887.0
2023-09-12,72.25,73.0,72.099998,73.0,1473.0
2023-09-13,73.0,74.900002,73.0,73.0,45.0
2023-09-14,74.980003,74.980003,74.980003,74.980003,1.0
2023-09-15,73.260002,73.260002,73.0,73.0,1129.0
2023-09-18,74.889999,74.889999,72.300003,72.5,3066.0
2023-09-19,72.309998,73.989998,72.300003,73.989998,1429.0
2023-09-20,73.5,73.989998,71.699997,72.0,5747.0
2023-09-21,71.699997,71.699997,67.690002,67.690002,55081.0
2023-09-22,69.0,69.0,68.0,68.0,11028.0
2023-09-25,68.0,69.0,67.800003,68.0,10849.0
2023-09-26,68.0,69.0,67.5,68.0,3313.0
2023-09-27,69.0,69.0,67.0,68.970001,1624.0
2023-10-02,69.0,69.900002,68.5,69.0,5242.0
2023-10-03,69.980003,69.980003,67.099998,67.099998,17906.0
2023-10-04,67.800003,67.889999,67.0,67.849998,7040.0
2023-10-05,67.980003,70.900002,66.669998,70.400002,6036.0
2023-10-06,70.0,70.790001,68.0,68.5,6291.0
2023-10-09,69.989998,69.989998,68.019997,69.75,509.0
2023-10-10,69.75,69.75,68.75,68.75,200.0
2023-10-11,69.989998,69.989998,69.839996,69.839996,95.0
2023-10-12,69.830002,69.830002,69.0,69.599998,223.0
2023-10-13,67.800003,70.0,67.800003,68.550003,15563.0
2023-10-16,68.300003,69.5,68.300003,69.489998,263.0
2023-10-17,69.489998,69.489998,68.5,69.0,332.0
2023-10-18,69.400002,69.400002,67.5,69.349998,594.0
2023-10-19,69.0,69.0,67.0,67.0,25533.0
2023-10-20,68.389999,68.389999,67.0,67.0,3587.0
2023-10-23,67.5,68.25,67.5,68.239998,1189.0
2023-10-24,68.550003,69.900002,68.5,68.5,1977.0
2023-10-25,69.639999,69.879997,67.779999,69.790001,2225.0
2023-10-26,69.699997,69.800003,67.5,69.449997,297.0
2023-10-27,67.300003,69.0,67.0,67.0,11744.0
2023-10-30,68.989998,68.989998,68.0,68.0,871.0
2023-10-31,68.980003,69.0,68.5,68.5,120.0
2023-11-01,69.0,69.0,68.800003,69.0,154.0
2023-11-02,69.0,69.0,69.0,69.0,4903.0
2023-11-03,69.440002,69.440002,68.0,68.0,117.0
2023-11-07,67.349998,69.0,67.349998,67.5,424.0
2023-11-08,68.800003,68.980003,67.300003,67.300003,978.0
2023-11-09,67.300003,69.0,67.300003,68.989998,111.0
2023-11-10,68.989998,68.989998,67.5,68.989998,55.0
2023-11-13,68.0,68.0,68.0,68.0,127.0
2023-11-14,68.0,68.800003,68.0,68.0,120.0
2023-11-15,68.010002,68.019997,66.0,66.5,3042.0
2023-11-16,66.610001,67.0,66.129997,67.0,2311.0
2023-11-17,68.800003,68.800003,68.489998,68.489998,104.0
2023-11-20,68.93,68.93,68.489998,68.489998,115.0
2023-11-21,68.830002,68.830002,68.5,68.5,2.0
2023-11-22,68.790001,68.790001,68.300003,68.300003,47.0
2023-11-23,67.040001,68.449997,67.040001,68.449997,3345.0
2023-11-24,68.699997,68.699997,67.150002,68.550003,67.0
2023-11-27,68.699997,68.699997,67.199997,67.199997,395.0
2023-11-28,67.300003,67.699997,67.300003,67.699997,287.0
2023-11-29,68.0,69.010002,67.150002,67.150002,4249.0
2023-11-30,67.139999,69.0,67.0,67.0,5560.0
2023-12-01,68.0,68.0,67.199997,67.199997,35.0
2023-12-04,68.0,68.0,67.099998,68.0,68.0
2023-12-05,68.0,68.0,67.0,67.0,471.0
2023-12-06,67.860001,67.860001,67.050003,67.050003,47.0
2023-12-07,67.839996,67.860001,67.050003,67.860001,55.0
2023-12-08,67.150002,67.150002,67.0,67.0,4145.0
2023-12-11,68.129997,68.129997,66.730003,66.730003,625.0
2023-12-12,67.0,67.5,66.800003,67.5,816.0
2023-12-13,67.900002,67.900002,67.0,67.0,1124.0
2023-12-14,67.900002,68.0,67.900002,68.0,344.0
2023-12-15,68.150002,68.150002,67.0,67.0,10143.0
2023-12-18,67.0,67.800003,67.0,67.0,3763.0
2023-12-19,67.010002,67.199997,67.010002,67.099998,1356.0
2023-12-20,67.980003,67.980003,67.0,67.0,10012.0
2023-12-21,67.900002,68.0,67.0,67.0,12479.0
2023-12-22,67.019997,67.900002,66.839996,66.839996,17822.0
2023-12-25,66.82,68.0,66.82,67.0,1626.0
2023-12-26,67.900002,67.900002,67.199997,67.199997,215.0
2023-12-27,67.059998,67.059998,66.849998,67.0,10997.0
2023-12-28,67.0,67.0,66.900002,67.0,15419.0
2023-12-29,67.0,67.75,66.889999,67.75,10389.0
2024-01-02,67.699997,67.75,67.0,67.0,7733.0
2024-01-03,67.75,67.75,66.93,66.93,2350.0
2024-01-04,67.68,67.900002,67.010002,67.010002,3258.0
2024-01-05,67.870003,67.870003,66.900002,67.0,2270.0
2024-01-08,67.0,67.199997,67.0,67.099998,15865.0
2024-01-09,67.870003,67.870003,67.0,67.300003,10455.0
2024-01-10,67.5,68.5,67.5,68.449997,6474.0
2024-01-12,69.0,69.0,68.489998,68.489998,2230.0
2024-01-15,68.610001,68.980003,68.510002,68.510002,510.0
2024-01-16,68.510002,68.900002,68.0,68.900002,1711.0
2024-01-17,68.0,69.150002,68.0,68.900002,16291.0
2024-01-18,69.0,69.0,68.0,68.0,5007.0
2024-01-19,68.0,68.199997,67.949997,68.199997,945.0
2024-01-22,68.5,68.5,68.0,68.489998,11182.0
2024-01-23,68.5,68.599998,67.5,67.5,4737.0
2024-01-24,68.349998,68.349998,67.5,67.5,2125.0
2024-01-25,68.349998,68.349998,67.5,68.0,3478.0
2024-01-26,68.0,68.0,67.25,67.25,6201.0
2024-01-29,68.0,68.0,67.370003,68.0,2035.0
2024-01-30,67.5,68.0,67.050003,67.120003,6496.0
2024-01-31,67.0,68.0,67.0,67.550003,13202.0
2024-02-01,68.0,68.0,68.0,68.0,35.0
2024-02-02,68.0,68.0,68.0,68.0,2527.0
2024-02-05,68.099998,68.25,68.0,68.0,7960.0
2024-02-06,68.0,68.25,67.900002,68.0,11597.0
2024-02-07,68.25,68.25,68.0,68.0,10861.0
2024-02-08,68.0,68.199997,67.830002,68.0,15324.0
2024-02-09,68.0,68.0,67.400002,67.650002,10640.0
2024-02-12,68.25,68.25,67.610001,68.0,5728.0
2024-02-13,68.199997,68.25,67.720001,68.199997,10543.0
2024-02-14,68.0,68.199997,67.800003,68.199997,1053.0
2024-02-15,68.199997,68.199997,67.5,67.5,5861.0
2024-02-16,68.0,68.0,67.849998,67.849998,77.0
2024-02-19,67.5,68.0,67.099998,67.5,2687.0
2024-02-20,67.5,67.800003,67.110001,67.150002,5112.0
2024-02-21,67.5,67.5,67.0,67.0,20934.0
2024-02-22,67.5,67.5,67.0,67.400002,15687.0
2024-02-23,67.349998,67.349998,67.0,67.300003,11682.0
2024-02-26,67.300003,67.400002,66.900002,67.300003,13656.0
2024-02-27,67.300003,67.300003,66.559998,67.25,3130.0
2024-02-28,67.25,67.25,67.0,67.0,7902.0
2024-02-29,67.0,67.300003,67.0,67.0,10694.0
2024-03-01,67.199997,67.199997,67.0,67.0,989.0
2024-03-04,67.199997,67.199997,66.599998,66.669998,1464.0
2024-03-05,66.699997,67.199997,66.669998,67.0,62914.0
2024-03-06,67.199997,67.199997,66.669998,67.0,451.0
2024-03-07,66.949997,67.199997,66.849998,67.199997,11389.0
2024-03-08,67.010002,68.0,67.0,68.0,4478.0
2024-03-11,67.25,67.25,65.0,65.0,22616.0
2024-03-12,66.599998,66.599998,64.519997,65.0,10930.0
2024-03-13,64.5,66.699997,64.5,64.699997,6248.0
2024-03-14,64.720001,66.199997,64.5,64.5,25856.0
2024-03-15,64.540001,65.989998,64.540001,65.989998,601.0
2024-03-18,65.989998,66.0,64.559998,65.889999,9183.0
2024-03-19,64.699997,64.699997,63.990002,64.0,46204.0
2024-03-20,64.0,64.0,63.5,63.5,5447.0
2024-03-21,64.0,64.0,63.599998,63.599998,2544.0
2024-03-22,63.650002,63.990002,62.0,63.0,96114.0
2024-03-25,63.009998,63.150002,63.009998,63.150002,621.0
2024-03-26,64.900002,64.980003,62.049999,64.940002,29724.0
2024-03-27,64.0,64.959999,64.0,64.940002,945.0
2024-03-28,64.5,64.910004,64.0,64.910004,693.0
2024-03-29,64.5,64.800003,64.0,64.0,44645.0
2024-04-01,64.629997,64.629997,63.0,63.0,36299.0
2024-04-02,64.93,64.93,63.200001,63.400002,2002.0
2024-04-03,63.400002,64.800003,63.400002,63.700001,2966.0
2024-04-04,64.0,65.0,64.0,65.0,4772.0
2024-04-05,65.949997,66.790001,65.949997,66.599998,7194.0
2024-04-08,66.699997,66.900002,66.349998,66.519997,63690.0
2024-04-09,66.900002,72.0,66.0,71.0,43719.0
2024-04-15,71.0,78.089996,70.0,78.0,75414.0
2024-04-16,82.0,83.0,81.050003,81.5,138578.0
2024-04-17,77.5,80.0,73.360001,80.0,32126.0
2024-04-18,80.0,80.0,78.0,78.0,29598.0
2024-04-19,77.0,79.980003,75.830002,78.0,12258.0
2024-04-22,78.800003,78.800003,74.0,74.900002,7647.0
2024-04-23,73.0,75.0,72.0,73.5,536.0
2024-04-24,74.900002,74.900002,73.0,73.0,342.0
2024-04-25,73.0,78.0,73.0,78.0,5173.0
2024-04-26,77.989998,77.989998,75.010002,77.0,132285.0
2024-04-29,77.879997,77.879997,75.510002,75.510002,40.0
2024-04-30,75.510002,77.699997,75.5,76.099998,54659.0
2024-05-02,76.0,77.139999,74.849998,77.0,2895.0
2024-05-03,76.940002,76.940002,76.940002,76.940002,1.0
2024-05-06,75.900002,76.0,74.0,76.0,20341.0
2024-05-07,76.0,76.0,74.199997,75.980003,618.0
2024-05-08,75.980003,75.980003,75.5,75.980003,2723.0
2024-05-09,73.599998,78.0,73.599998,78.0,15006.0
2024-05-10,76.059998,77.0,76.059998,77.0,140.0
2024-05-13,76.010002,77.0,76.010002,77.0,20688.0
2024-05-14,77.5,80.0,77.5,78.989998,18191.0
2024-05-15,78.989998,78.989998,78.699997,78.699997,23.0
2024-05-16,79.5,79.5,76.029999,78.5,2673.0
2024-05-17,78.5,78.5,78.5,78.5,131.0
2024-05-20,78.199997,78.199997,78.0,78.0,204.0
2024-05-21,76.300003,78.0,76.300003,77.989998,977.0
2024-05-22,77.839996,77.839996,74.0,74.5,6929.0
2024-05-23,74.379997,76.0,74.379997,76.0,357.0
2024-05-24,76.650002,76.800003,75.300003,75.300003,1201.0
2024-05-27,76.199997,76.199997,75.0,75.0,101.0
2024-05-28,75.010002,75.010002,73.0,74.980003,23315.0
2024-05-29,75.0,75.0,73.0,74.0,22260.0
2024-05-30,74.0,74.0,73.900002,74.0,404.0
2024-05-31,73.599998,74.0,73.0,73.0,5724.0
2024-06-03,73.800003,75.989998,73.0,75.989998,1338.0
2024-06-04,75.980003,75.980003,73.0,73.0,1771.0
2024-06-05,73.0,73.900002,71.029999,73.0,10696.0
2024-06-06,71.199997,71.300003,71.199997,71.300003,122.0
2024-06-07,72.0,72.0,71.279999,71.279999,5626.0
2024-06-10,72.0,72.0,72.0,72.0,402.0
2024-06-11,72.0,74.57,72.0,74.379997,1090.0
2024-06-12,74.290001,74.290001,72.989998,72.989998,516.0
2024-06-13,73.0,73.0,73.0,73.0,23.0
2024-06-14,73.0,73.0,72.599998,72.599998,127.0
2024-06-19,73.650002,74.230003,72.599998,72.599998,1557.0
2024-06-20,72.0,73.5,72.0,73.5,19.0
2024-06-21,73.5,73.5,73.5,73.5,9.0
2024-06-24,71.220001,74.900002,71.220001,74.900002,5750.0
2024-06-25,74.870003,74.889999,72.989998,72.989998,48.0
2024-06-26,72.989998,74.699997,72.989998,74.699997,10.0
2024-06-27,74.5,74.5,74.300003,74.5,616.0
2024-06-28,74.0,74.0,73.0,73.0,20139.0
2024-07-01,73.0,74.0,73.0,74.0,2.0
2024-07-02,73.0,73.5,73.0,73.0,151.0
2024-07-03,72.75,72.75,70.0,72.0,2430.0
2024-07-04,72.0,72.0,71.0,71.510002,205.0
2024-07-05,71.519997,72.889999,70.209999,72.889999,600.0
2024-07-08,72.989998,72.989998,71.0,72.300003,885.0
2024-07-09,71.029999,72.0,71.029999,71.040001,682.0
2024-07-10,72.839996,72.839996,72.0,72.0,37.0
2024-07-11,72.0,72.0,70.0,71.959999,1320.0
2024-07-12,69.010002,71.989998,69.010002,71.0,142.0
2024-07-15,70.0,71.0,69.75,70.0,5659.0
2024-07-16,72.0,72.0,69.809998,69.849998,18479.0
2024-07-17,71.970001,71.970001,69.0,69.0,14331.0
2024-07-18,69.150002,69.5,68.5,68.5,3699.0
2024-07-19,68.5,68.5,68.0,68.0,21191.0
2024-07-22,68.099998,71.879997,68.099998,70.699997,104.0
2024-07-23,70.949997,70.949997,68.0,68.5,9323.0
2024-07-24,68.5,70.0,68.0,68.0,4205.0
2024-07-25,68.0,68.0,68.0,68.0,10524.0
2024-07-26,68.0,68.199997,67.669998,67.989998,9446.0
2024-07-29,68.0,69.989998,67.900002,67.970001,7957.0
2024-07-31,69.919998,69.919998,68.0,68.0,84012.0
2024-08-01,68.0,68.050003,67.900002,68.0,2248.0
2024-08-02,68.0,68.0,67.900002,67.949997,2754.0
2024-08-05,68.199997,69.800003,66.0,69.800003,9387.0
2024-08-06,66.720001,69.150002,66.720001,68.5,655.0
2024-08-07,68.199997,69.050003,68.199997,68.599998,207.0
2024-08-08,68.0,68.0,67.0,67.75,10310.0
2024-08-09,67.699997,67.699997,67.0,67.0,2714.0
2024-08-12,67.019997,68.050003,67.0,67.0,3139.0
2024-08-13,67.949997,67.949997,67.510002,67.510002,7.0
2024-08-15,67.480003,67.980003,67.0,67.0,5407.0
2024-08-16,68.0,68.0,67.5,67.5,126.0
2024-08-19,67.0,67.5,67.0,67.099998,1148.0
2024-08-22,67.400002,68.0,67.400002,67.599998,9481.0
2024-08-23,68.0,71.0,68.0,71.0,139184.0
2024-08-26,71.0,71.0,70.010002,70.800003,5891.0
2024-08-27,70.019997,70.019997,68.099998,69.989998,34440.0
2024-08-28,69.0,69.68,68.610001,68.699997,3060.0
2024-08-29,69.0,69.0,67.860001,69.0,6663.0
2024-08-30,68.989998,68.989998,68.199997,68.980003,61676.0
2024-09-02,67.900002,68.980003,67.800003,68.949997,2729.0
2024-09-03,68.94,68.98,68.0,68.0,8707.0
2024-09-04,68.0,68.0,67.77,68.0,10495.0
2024-09-05,68.800003,68.800003,67.769997,68.0,22175.0
2024-09-06,67.800003,68.0,67.800003,67.949997,7250.0
2024-09-09,69.5,69.5,67.0,68.7,146967.0
2024-09-10,69.9,75.0,69.9,75.0,538677.0
2024-09-11,75.0,76.9,74.9,76.01,109316.0
2024-09-12,77.0,78.2,77.0,77.14,23934.0
2024-09-13,76.35,76.4,76.0,76.01,18036.0
2024-09-18,76.01,76.39,74.5,75.99,5055.0
2024-09-19,75.75,75.75,73.0,73.5,2826.0
2024-09-20,73.51,75.0,72.0,75.0,47234.0
2024-09-23,74.99,75.1,74.0,74.0,1284.0
2024-09-24,74.0,74.5,72.7,74.0,2882.0
2024-09-25,73.0,74.5,73.0,74.0,10496.0
2024-09-26,75.1,75.6,74.0,74.0,9714.0
2024-09-27,73.12,74.85,71.68,73.0,15503.0
2024-09-30,74.77,74.77,72.5,72.5,297.0
2024-10-01,72.1,72.99,70.7,72.99,10350.0
2024-10-02,70.6,72.5,70.5,71.45,4289.0
2024-10-03,71.45,72.1,70.01,72.1,103.0
2024-10-04,70.71,71.75,70.01,70.01,4884.0
2024-10-07,71.69,72.0,70.71,70.71,632.0
2024-10-08,70.55,70.99,70.5,70.7,1784.0
2024-10-09,71.49,71.49,70.7,70.7,1711.0
2024-10-10,70.01,71.0,70.01,70.2,415516.0
2024-10-11,70.0,70.1,68.0,68.03,10221.0
2024-10-14,68.51,70.99,68.51,70.99,100.0
2024-10-15,70.0,70.0,70.0,70.0,1031.0
2024-10-16,70.0,70.0,68.0,68.0,20537.0
2024-10-17,69.32,70.0,68.04,68.5,3650.0
2024-10-18,72.0,72.0,68.0,68.0,16408.0
2024-10-21,71.38,71.38,70.5,70.5,10064.0
2024-10-22,70.99,70.99,70.5,70.5,116.0
2024-10-23,70.99,70.99,67.0,70.5,7531.0
2024-10-24,70.44,70.44,68.15,69.9,997.0
2024-10-25,69.88,69.88,68.0,68.0,12071.0
2024-10-28,68.01,69.75,68.0,68.01,45215.0
2024-10-29,68.01,68.99,68.0,68.0,36108.0
2024-10-30,68.0,68.01,68.0,68.0,9058.0
2024-10-31,67.99,68.0,67.5,67.5,47052.0
2024-11-01,67.99,68.0,67.5,67.99,1253.0
2024-11-04,69.8,69.8,67.6,67.95,5896.0
2024-11-05,69.95,69.95,68.0,68.0,631.0
2024-11-07,69.81,69.81,68.0,69.5,68.0
2024-11-08,68.5,69.7,68.0,68.0,19701.0
2024-11-11,68.0,69.0,67.65,67.65,14109.0
2024-11-12,68.0,68.0,67.49,67.49,11343.0
2024-11-13,67.95,67.95,67.0,67.0,15556.0
2024-11-14,67.94,67.94,66.5,67.0,13161.0
2024-11-15,67.0,67.4,66.61,67.4,16687.0
2024-11-19,66.8,68.5,66.8,67.22,1195.0
2024-11-20,68.0,68.0,67.2,67.21,5722.0
2024-11-21,67.01,67.23,67.01,67.03,1013.0
2024-11-22,68.0,68.0,66.86,66.86,6598.0
2024-11-25,66.86,67.0,65.9,65.9,18842.0
2024-11-26,66.0,66.0,65.0,65.0,22043.0
2024-11-27,65.0,65.51,64.15,64.5,16644.0
2024-11-28,65.45,65.45,64.0,65.02,28999.0
2024-11-29,64.0,64.0,60.0,62.0,110303.0
2024-12-02,63.4,63.4,62.0,62.11,126409.0
2024-12-03,63.36,64.0,63.27,64.0,5546.0
2024-12-04,64.0,65.99,64.0,65.99,5296.0
2024-12-05,65.89,65.89,64.0,64.5,6702.0
2024-12-06,65.79,65.79,63.53,65.75,7653.0
2024-12-09,65.5,65.5,64.0,65.0,4313.0
2024-12-10,64.11,65.49,64.11,65.0,2391.0
2024-12-11,65.0,66.2,65.0,66.2,4698.0
2024-12-12,66.1,66.19,65.51,66.15,357.0
2024-12-13,64.51,65.99,64.51,65.98,4055.0
2024-12-16,64.57,65.98,64.57,65.5,726.0
2024-12-17,65.01,66.0,65.0,66.0,6652.0
2024-12-18,66.2,66.5,66.0,66.0,2869.0
2024-12-19,65.2,66.5,64.5,64.74,5281.0
2024-12-20,66.0,66.3,64.53,66.25,5888.0
2024-12-23,66.0,66.0,64.11,64.25,15366.0
2024-12-24,64.35,65.99,64.2,65.98,3585.0
2024-12-25,66.15,66.15,64.3,64.35,424.0
2024-12-26,65.98,65.98,64.38,65.8,12560.0
2024-12-27,66.0,66.0,64.0,64.0,19209.0
2024-12-30,64.98,65.88,64.0,65.5,1904.0
2024-12-31,65.0,66.0,64.2,66.0,15760.0
2025-01-02,64.2,65.8,64.0,64.21,18768.0
2025-01-03,65.79,65.79,64.2,64.99,6173.0
2025-01-06,65.0,65.79,64.4,64.99,8212.0
2025-01-07,64.99,64.99,63.64,64.2,7331.0
2025-01-08,65.0,65.0,64.0,64.9,27750.0
2025-01-09,65.02,70.97,65.02,68.0,252791.0
2025-01-10,68.12,69.5,67.0,67.0,39182.0
2025-01-13,67.0,68.49,66.51,67.0,1936.0
2025-01-15,66.52,68.37,66.52,67.0,41130.0
2025-01-16,67.0,70.0,67.0,67.0,24463.0
2025-01-17,69.05,69.05,66.0,66.8,21385.0
2025-01-20,66.5,68.9,66.0,67.0,7318.0
2025-01-21,66.06,67.88,66.06,67.0,1947.0
2025-01-22,67.5,67.5,66.31,66.51,11345.0
2025-01-23,66.99,67.89,66.0,67.39,3515.0
2025-01-24,67.6,67.6,67.0,67.0,11845.0
2025-01-27,67.0,67.6,67.0,67.55,4737.0
2025-01-28,67.5,67.5,66.51,66.99,2085.0
2025-01-29,66.52,67.48,66.52,67.0,46044.0
2025-01-30,68.0,71.94,68.0,69.99,126568.0
2025-01-31,70.0,70.0,67.0,67.9,114635.0
2025-02-03,67.9,69.5,67.7,67.7,22459.0
2025-02-04,68.0,73.7,67.77,73.01,113659.0
2025-02-05,73.69,74.55,73.0,73.5,60563.0
2025-02-06,73.54,79.0,73.54,79.0,476443.0
2025-02-07,79.79,80.84,76.0,76.99,48826.0
2025-02-10,77.0,77.5,75.11,76.2,19287.0
2025-02-11,75.12,76.0,73.5,73.5,21502.0
2025-02-12,74.0,75.6,74.0,75.0,6242.0
2025-02-13,74.54,76.0,74.54,75.25,11182.0
2025-02-14,75.9,76.0,74.15,75.0,64547.0
2025-02-17,75.79,75.79,73.71,75.0,8056.0
2025-02-18,74.8,74.8,73.52,73.52,7149.0
2025-02-19,74.45,74.45,73.3,73.92,2336.0
2025-02-20,73.92,73.95,71.8,72.9,8125.0
2025-02-21,72.13,72.79,71.85,72.0,7760.0
2025-02-24,72.47,72.5,71.2,72.4,35717.0
2025-02-25,71.5,75.0,71.5,74.0,9935.0
2025-02-26,74.0,74.0,72.81,73.0,7728.0
2025-02-27,72.81,74.0,72.0,73.69,11734.0
2025-02-28,74.0,74.0,72.22,73.88,5402.0
2025-03-03,72.0,73.7,71.65,73.55,1581.0
2025-03-04,71.73,73.54,71.73,72.9,5081.0
2025-03-05,73.51,76.0,73.51,75.0,84325.0
2025-03-06,73.7,77.8,73.7,77.8,23310.0
2025-03-07,76.5,76.5,75.0,75.1,29101.0
2025-03-10,74.85,76.6,74.45,76.33,5322.0
2025-03-11,75.0,76.25,74.5,75.5,31906.0
2025-03-12,75.0,75.0,73.05,74.0,7884.0
2025-03-13,73.85,74.0,72.51,74.0,1707.0
2025-03-14,74.0,74.84,73.03,74.84,4865.0
2025-03-17,75.5,75.5,73.1,73.1,5345.0
2025-03-18,74.49,75.0,74.0,74.0,51215.0
2025-03-19,74.05,77.0,73.6,76.06,6310.0
2025-03-20,75.99,76.4,74.05,76.4,6244.0
2025-03-21,76.0,77.0,75.1,76.0,18311.0
2025-03-24,74.5,76.38,74.5,76.38,27949.0
2025-03-25,75.0,75.0,74.2,74.3,12326.0
2025-03-26,74.5,75.0,73.88,75.0,19496.0
2025-03-27,74.98,74.98,73.0,74.5,787.0
2025-03-28,72.4,75.0,72.4,75.0,48990.0
2025-04-02,74.9,75.0,73.02,74.89,2868.0
2025-04-03,74.86,74.89,72.25,74.44,11484.0
2025-04-04,76.99,81.0,75.5,77.0,231650.0
2025-04-07,75.9,75.9,70.22,73.99,36530.0
2025-04-08,75.0,75.5,74.0,74.35,14622.0
2025-04-09,74.0,74.99,70.5,74.99,17103.0
2025-04-10,76.0,78.0,74.0,75.78,26695.0
2025-04-11,73.11,75.0,73.11,74.5,8566.0
2025-04-14,74.0,76.9,74.0,76.9,6235.0
2025-04-15,76.7,78.95,75.0,77.0,15826.0
2025-04-16,77.0,77.0,75.0,77.0,167.0
2025-04-17,75.01,77.0,75.0,76.95,688.0
2025-04-18,75.01,77.0,75.0,77.0,10926.0
2025-04-21,75.02,78.0,75.02,77.0,8230.0
2025-04-22,76.0,77.45,76.0,77.39,1712.0
2025-04-23,77.39,77.4,75.6,76.5,5198.0
2025-04-24,77.0,77.49,76.0,77.48,4270.0
2025-04-25,77.49,77.49,76.0,77.0,3360.0
2025-04-28,77.0,77.47,76.02,77.0,40068.0
2025-04-29,77.48,77.48,76.0,76.95,20819.0
2025-04-30,77.3,77.3,76.0,76.5,10836.0
2025-05-02,77.49,77.49,76.0,77.0,1002.0
2025-05-05,77.0,80.0,76.0,80.0,120746.0
2025-05-06,79.2,81.0,79.2,79.5,69069.0
2025-05-07,79.9,82.0,78.03,81.0,101243.0
2025-05-08,81.47,82.4,81.47,82.0,40143.0
2025-05-09,82.0,82.0,81.0,82.0,9732.0
2025-05-12,81.1,82.9,81.1,82.78,9763.0
2025-05-13,82.5,82.5,81.5,82.4,7350.0
2025-05-14,82.3,82.3,80.0,81.75,3172.0
2025-05-15,80.0,82.0,80.0,80.1,8212.0
2025-05-16,81.9,81.9,79.6,79.99,16674.0
2025-05-19,80.0,81.5,78.0,79.5,1529.0
2025-05-20,80.0,80.0,77.0,77.0,15899.0
2025-05-21,77.1,79.41,75.0,76.0,15380.0
2025-05-22,76.0,78.0,76.0,77.93,6243.0
2025-05-23,76.02,79.5,75.51,78.69,23087.0
2025-05-26,78.01,79.4,78.0,78.0,168.0
2025-05-27,77.2,78.77,77.2,78.77,8207.0
2025-05-28,78.0,78.0,75.7,77.9,1727.0
2025-05-29,78.0,78.6,76.1,78.6,14001.0
2025-05-30,78.77,78.77,76.5,77.99,6519.0
2025-06-02,78.4,78.4,76.7,77.99,2812.0
2025-06-03,77.01,78.0,77.0,77.0,6415.0
2025-06-04,77.5,80.0,77.0,77.9,17940.0
2025-06-05,78.99,78.99,75.03,77.94,11230.0
2025-06-06,78.0,79.99,76.7,79.99,26699.0
2025-06-10,78.99,79.0,77.0,78.5,3687.0
2025-06-11,78.45,78.45,76.2,78.0,574.0
2025-06-12,77.7,77.9,76.0,77.8,3063.0
2025-06-13,75.1,76.9,74.0,76.9,8974.0
2025-06-16,76.9,77.0,76.0,77.0,2037.0
2025-06-17,75.11,76.98,75.11,76.98,3100.0
2025-06-18,75.0,76.0,74.6,74.65,5679.0
2025-06-19,75.5,75.5,72.2,74.95,4138.0
2025-06-20,76.0,76.93,76.0,76.78,11229.0
2025-06-23,73.1,75.0,73.1,73.6,542.0
2025-06-24,73.6,76.0,73.6,75.0,4914.0
2025-06-25,74.0,79.99,74.0,77.0,25782.0
2025-06-26,78.05,84.0,77.01,84.0,53271.0
2025-06-30,83.0,83.0,78.5,81.0,75966.0
2025-07-01,82.85,82.85,79.5,79.5,753.0
2025-07-02,80.9,80.9,78.5,78.5,3453.0
2025-07-03,80.9,80.98,79.0,80.8,3211.0
2025-07-04,79.0,80.97,78.6,80.97,10594.0
2025-07-07,80.8,80.8,80.0,80.0,2130.0
2025-07-08,80.7,80.7,78.05,80.5,6726.0
2025-07-09,80.0,80.0,79.0,80.0,1102.0
2025-07-10,79.0,80.0,79.0,80.0,2421.0
2025-07-11,80.0,81.0,78.7,81.0,11342.0
2025-07-14,80.9,80.9,78.4,80.0,3540.0
2025-07-15,78.4,80.0,78.4,80.0,1231.0
2025-07-16,78.3,78.8,78.0,78.5,11015.0
2025-07-17,79.0,80.0,77.5,80.0,3211.0
2025-07-18,80.5,80.65,78.5,80.0,9139.0
2025-07-21,80.5,84.0,78.1,80.0,42793.0
2025-07-22,80.0,82.0,78.81,82.0,20393.0
2025-07-23,82.0,84.0,79.2,84.0,7576.0
2025-07-24,83.5,83.99,81.25,83.99,5028.0
2025-07-25,82.5,83.99,82.5,83.99,5598.0
2025-07-28,83.99,83.99,83.9,83.9,1914.0
2025-07-29,83.9,83.9,82.5,83.5,2304.0
2025-07-31,83.5,83.5,82.5,83.5,2379.0
2025-08-01,82.52,83.45,80.0,80.0,23138.0
2025-08-04,80.0,83.8,80.0,83.8,29563.0
2025-08-05,84.0,89.0,84.0,87.0,47411.0
2025-08-06,87.0,95.69,85.3,95.69,116661.0
2025-08-07,99.9,105.25,99.8,105.25,383715.0
2025-08-08,109.95,114.0,106.7,107.0,153071.0
2025-08-11,104.5,104.5,99.05,100.0,49377.0
2025-08-12,101.0,101.1,96.26,99.9,23725.0
2025-08-13,100.0,100.0,97.01,98.0,8969.0
2025-08-15,97.0,98.0,95.3,95.3,61754.0
2025-08-18,95.0,97.3,94.0,94.99,7707.0
2025-08-19,93.01,94.95,91.62,94.95,19007.0
2025-08-22,93.1,97.0,93.1,97.0,13020.0
2025-08-25,97.0,104.0,94.02,101.0,46497.0
2025-08-26,101.1,102.0,97.51,101.0,5976.0
2025-08-27,100.0,100.0,98.5,98.66,11725.0
2025-08-28,99.8,99.8,97.51,98.0,5211.0
2025-08-29,99.0,99.0,95.0,95.0,40715.0
2025-09-01,97.69,100.0,94.0,99.0,24454.0
2025-09-02,98.9,99.95,97.0,99.95,5977.0
2025-09-03,97.2,99.94,97.0,97.0,12498.0
2025-09-04,96.5,103.0,96.5,101.0,108983.0
2025-09-08,102.65,104.95,100.0,104.5,83089.0
2025-09-09,104.55,106.8,98.1,98.1,33981.0
2025-09-10,98.5,103.2,98.5,101.9,24784.0
2025-09-11,102.0,104.95,100.4,102.0,20460.0
2025-09-12,103.95,103.95,100.0,102.0,5404.0
2025-09-15,101.0,102.0,99.0,99.0,2388.0
2025-09-16,103.0,103.0,99.5,99.6,212.0
2025-09-17,101.9,101.9,99.0,100.0,4189.0
2025-09-18,100.0,100.0,96.6,100.0,2671.0
2025-09-19,97.46,99.0,97.46,97.64,316.0
2025-09-22,97.64,98.5,96.0,98.5,15440.0
2025-09-23,97.0,99.0,96.0,96.0,40549.0
2025-09-24,97.98,99.99,96.05,99.99,8701.0
2025-09-25,99.89,99.98,97.0,98.0,16685.0
2025-09-26,96.15,99.35,96.15,99.0,56784.0
2025-09-29,96.3,98.9,96.0,96.0,47908.0
2025-09-30,96.0,99.0,91.0,99.0,40938.0
2025-10-01,94.0,96.0,94.0,94.0,2601.0
2025-10-02,92.99,94.99,90.0,93.8,30201.0
2025-10-03,93.8,96.5,93.8,95.0,18000.0
2025-10-06,96.5,97.7,95.0,95.32,23067.0
2025-10-07,95.4,97.73,95.33,96.99,4109.0
2025-10-08,96.8,96.8,95.0,95.0,3392.0
2025-10-09,94.0,95.0,94.0,95.0,2096.0
2025-10-10,95.0,96.38,95.0,96.38,7218.0
2025-10-13,94.0,96.4,94.0,95.0,1415.0
2025-10-14,94.99,95.0,92.0,95.0,7095.0
2025-10-15,92.0,95.0,91.5,94.95,3218.0
2025-10-16,94.0,97.3,94.0,94.99,7027.0
2025-10-17,95.99,97.2,95.0,95.0,13334.0
2025-10-20,95.0,97.8,95.0,97.5,16449.0
2025-10-21,97.1,98.5,96.0,98.5,5216.0
2025-10-22,99.0,99.0,97.0,98.99,551.0
2025-10-23,98.94,98.94,97.5,97.5,9933.0
2025-10-24,97.5,98.9,96.6,98.9,1357.0
2025-10-27,96.21,98.8,96.2,98.8,802.0
2025-10-28,96.0,98.8,95.1,98.8,2419.0
2025-10-29,98.7,98.7,98.0,98.0,6.0
2025-10-30,97.99,98.0,95.55,97.9,753.0
2025-10-31,97.89,97.89,96.0,96.0,8911.0
2025-11-03,98.6,98.98,96.05,96.2,748.0
2025-11-04,96.0,97.99,95.0,97.99,6430.0
2025-11-05,97.5,97.5,95.5,95.5,68.0
2025-11-07,96.95,96.96,95.5,95.99,920.0
2025-11-10,95.98,96.95,95.5,95.52,466.0
2025-11-11,95.5,95.89,93.2,95.0,641.0
2025-11-12,95.98,95.98,92.26,95.9,119.0
2025-11-13,92.6,95.78,92.6,95.0,571.0
2025-11-14,94.95,94.95,92.0,94.49,3286.0
2025-11-17,95.0,96.0,91.55,96.0,1558.0
2025-11-19,92.0,94.5,89.0,92.9,4421.0
2025-11-20,92.0,93.0,89.5,92.95,1456.0
2025-11-21,90.52,94.0,90.11,94.0,5018.0
2025-11-24,90.5,93.0,90.5,93.0,33.0
2025-11-25,93.0,93.9,91.6,93.9,1616.0
2025-11-26,93.21,94.99,91.0,94.99,2059.0
2025-11-27,94.99,94.99,94.0,94.99,2976.0
2025-11-28,95.0,96.0,92.14,95.0,6383.0
2025-12-01,95.95,95.95,92.17,95.0,626.0
2025-12-02,92.0,95.0,92.0,94.94,1436.0
2025-12-03,92.52,94.94,92.5,93.99,1934.0
2025-12-04,92.1,94.38,91.0,94.34,7506.0
2025-12-05,91.02,94.0,91.02,93.99,3440.0
2025-12-08,94.0,94.0,91.36,93.98,131.0
2025-12-09,93.98,94.99,93.0,94.99,1137.0
2025-12-10,94.99,94.99,92.03,94.99,1058.0
2025-12-11,95.0,95.0,92.01,94.79,3134.0
2025-12-12,92.21,94.7,92.21,94.69,18020.0
2025-12-15,94.78,94.78,92.27,92.4,802.0
2025-12-16,94.49,94.49,92.01,93.99,804.0
2025-12-17,94.49,94.49,92.41,94.49,3842.0
2025-12-18,94.5,94.5,92.11,93.0,5473.0
2025-12-19,93.0,94.9,90.0,90.0,20983.0
2025-12-22,93.0,93.5,91.0,93.5,4187.0
2025-12-23,93.95,93.95,91.01,93.94,10127.0
2025-12-24,93.5,95.0,92.0,92.0,23328.0
2025-12-25,93.0,94.49,92.0,92.99,35363.0
2025-12-26,94.93,97.0,92.02,97.0,30547.0
2025-12-29,94.0,96.5,91.15,93.2,2620.0
2025-12-30,95.9,95.9,92.21,95.89,1139.0
2025-12-31,95.6,95.6,92.41,93.9,9384.0
2026-01-02,95.95,96.0,92.33,95.7,3138.0
2026-01-05,95.0,95.49,94.0,95.49,785.0
2026-01-06,95.0,95.49,94.0,95.3,4660.0
2026-01-07,94.0,94.5,93.57,93.6,477.0
2026-01-08,93.05,95.48,93.05,95.0,1609.0
2026-01-09,94.0,95.98,93.11,95.98,11489.0
2026-01-12,95.94,97.0,93.2,96.7,2054.0
2026-01-13,94.04,95.99,93.5,95.9,1520.0
2026-01-15,95.1,95.9,93.61,95.9,81.0
2026-01-16,93.72,95.0,93.5,95.0,2473.0
2026-01-19,95.75,95.75,92.1,95.75,468.0
2026-01-20,92.1,95.0,92.1,94.7,353.0
2026-01-21,92.0,94.65,92.0,94.64,53.0
2026-01-22,93.0,94.77,92.03,94.55,63.0
2026-01-23,93.0,94.9,92.01,94.9,2183.0
2026-01-26,92.01,94.0,91.0,91.0,1086.0
2026-01-27,92.0,92.0,91.0,91.0,1176.0
2026-01-28,92.0,94.7,90.35,94.7,1869.0
2026-01-29,94.65,94.65,91.5,93.5,627.0
2026-01-30,92.0,94.45,90.6,94.45,1345.0
2026-02-02,94.0,94.0,92.0,92.0,42.0
2026-02-03,92.0,94.0,92.0,92.0,549.0
2026-02-04,93.99,93.99,92.0,92.0,135.0
2026-02-05,93.99,94.5,90.15,90.15,216062.0
2026-02-06,92.49,92.49,90.16,90.21,612.0
2026-02-09,90.21,91.75,90.0,90.26,175.0
2026-02-10,91.75,91.75,91.0,91.0,103.0
2026-02-11,93.99,93.99,93.0,93.34,32.0
2026-02-12,90.2,92.99,90.2,92.99,174.0
2026-02-13,93.99,93.99,91.0,91.0,286.0
2026-02-16,90.51,93.22,90.51,91.5,759.0
2026-02-17,92.98,92.99,91.1,92.99,92.0
2026-02-18,92.0,93.0,90.55,93.0,60.0
2026-02-19,93.91,93.91,92.0,92.0,189.0
2026-02-20,93.0,94.99,91.5,94.99,3113.0
2026-02-23,91.6,94.7,91.6,94.7,21.0
2026-02-24,91.95,93.0,91.95,93.0,6392.0
2026-02-25,91.8,92.0,91.8,92.0,523.0
2026-02-26,92.0,92.0,91.98,92.0,57.0
2026-02-27,91.5,91.5,88.0,90.0,10232.0
2026-03-02,81.01,81.01,81.01,81.01,1667.0
2026-03-03,82.0,83.55,75.0,75.0,2434.0
2026-03-04,75.1,82.49,75.1,82.4,4659.0
2026-03-05,82.4,86.5,82.0,85.99,3287.0
2026-03-06,88.0,88.0,79.0,79.0,28141.0
2026-03-09,79.1,80.6,78.01,78.2,2624.0
2026-03-10,81.79,81.79,80.0,80.0,6927.0
2026-03-11,83.9,83.9,81.0,83.7,1309.0
2026-03-12,83.9,83.9,81.03,81.03,574.0
2026-03-13,83.0,83.0,79.0,80.8,11196.0
2026-03-16,80.99,80.99,77.0,79.0,1213.0
2026-03-17,79.99,79.99,78.0,78.0,6825.0
2026-03-18,79.0,80.49,78.2,80.35,10891.0
2026-03-19,79.0,80.68,78.0,80.68,125478.0
2026-03-24,80.8,80.8,78.1,78.1,2670.0
2026-03-25,80.0,80.0,79.0,79.0,448.0
2026-03-26,79.0,79.0,78.5,79.0,20779.0
2026-03-27,80.0,80.0,79.0,79.0,15132.0
