Time,Open,High,Low,Close,Volume
2012-03-26,63.779999,63.779999,62.02,63.779999,344.0
2012-03-27,62.5,63.0,62.299999,62.5,21260.0
2012-03-28,62.5,62.52,62.299999,62.5,912.0
2012-03-29,62.0,63.0,61.040001,62.0,5466.0
2012-03-30,61.099998,61.099998,61.040001,61.099998,198.0
2012-04-02,62.0,62.0,61.139999,62.0,972.0
2012-04-03,61.060001,61.220001,61.040001,61.060001,3300.0
2012-04-04,60.200001,60.200001,60.02,60.200001,247.0
2012-04-05,61.799999,61.799999,60.240002,61.799999,250.0
2012-04-06,60.0,60.220001,60.0,60.0,6961.0
2012-04-09,60.0,61.48,59.02,60.0,5307.0
2012-04-13,60.0,60.0,58.119999,60.0,755.0
2012-04-16,60.0,60.0,60.0,60.0,40.0
2012-04-17,61.0,61.0,58.599998,61.0,271.0
2012-04-18,61.0,61.0,58.919998,61.0,28.0
2012-04-19,60.98,60.98,59.119999,60.98,290.0
2012-04-20,61.84,61.900002,59.299999,61.84,580.0
2012-04-23,61.400002,61.400002,59.599998,61.400002,223.0
2012-04-24,61.599998,61.599998,59.060001,61.599998,121.0
2012-04-25,60.900002,60.900002,58.220001,60.900002,4495.0
2012-04-26,59.400002,59.5,59.0,59.400002,460.0
2012-04-27,59.0,59.880001,58.400002,59.0,1604.0
2012-04-30,59.959999,59.959999,58.5,59.959999,329.0
2012-05-02,58.16,58.16,58.099998,58.16,330.0
2012-05-03,56.5,58.5,56.5,56.5,7972.0
2012-05-04,58.060001,58.060001,55.619999,58.060001,653.0
2012-05-07,57.700001,57.700001,56.0,57.700001,389.0
2012-05-08,55.419998,56.040001,55.099998,55.419998,1192.0
2012-05-09,57.0,57.0,55.099998,57.0,500.0
2012-05-10,57.68,57.700001,55.299999,57.68,812.0
2012-05-11,54.299999,55.360001,54.220001,54.299999,2236.0
2012-05-14,54.900002,54.900002,54.299999,54.900002,93.0
2012-05-15,54.299999,54.34,54.220001,54.299999,932.0
2012-05-16,54.0,55.0,52.040001,54.0,3201.0
2012-05-17,52.259998,53.759998,52.200001,52.259998,1078.0
2012-05-18,52.779999,53.0,50.0,52.779999,7164.0
2012-05-21,53.68,53.799999,50.200001,53.68,1306.0
2012-05-22,53.599998,53.68,51.5,53.599998,131.0
2012-05-23,53.52,53.52,51.200001,53.52,343.0
2012-05-24,51.580002,53.52,51.259998,51.580002,946.0
2012-05-25,53.599998,53.779999,51.48,53.599998,376.0
2012-05-28,55.799999,55.799999,52.400002,55.799999,1354.0
2012-05-29,55.599998,57.0,53.299999,55.599998,2436.0
2012-05-30,55.0,57.0,54.240002,55.0,756.0
2012-05-31,56.700001,56.700001,54.5,56.700001,2422.0
2012-06-01,56.959999,57.0,55.0,56.959999,2168.0
2012-06-04,56.919998,56.919998,54.259998,56.919998,259.0
2012-06-05,57.5,57.5,53.599998,57.5,5536.0
2012-06-06,55.32,55.32,55.200001,55.32,165.0
2012-06-07,55.299999,57.400002,55.299999,55.299999,291.0
2012-06-08,57.119999,57.119999,54.099998,57.119999,120.0
2012-06-11,56.0,57.0,54.200001,56.0,3797.0
2012-06-12,55.959999,56.279999,54.380001,55.959999,513.0
2012-06-13,55.599998,55.98,54.5,55.599998,1412.0
2012-06-14,54.639999,54.639999,54.599998,54.639999,900.0
2012-06-15,55.900002,55.900002,54.720001,55.900002,311.0
2012-06-18,55.880001,55.880001,54.799999,55.880001,130.0
2012-06-19,55.0,55.0,54.720001,55.0,300.0
2012-06-20,55.880001,55.880001,54.700001,55.880001,1880.0
2012-06-21,54.700001,55.0,54.619999,54.700001,360.0
2012-06-22,55.66,55.66,54.720001,55.66,90.0
2012-06-25,54.720001,54.720001,54.700001,54.720001,190.0
2012-06-26,57.5,57.5,54.400002,57.5,30365.0
2012-06-27,60.939999,60.939999,55.119999,60.939999,14933.0
2012-06-28,64.0,64.0,57.700001,64.0,76429.0
2012-06-29,66.0,66.0,60.16,66.0,304134.0
2012-07-02,63.0,65.739998,63.0,63.0,13358.0
2012-07-03,59.220001,62.82,59.220001,59.220001,2760.0
2012-07-04,57.119999,60.400002,57.040001,57.119999,7272.0
2012-07-05,56.200001,56.259998,56.099998,56.200001,438.0
2012-07-06,58.98,58.98,55.0,58.98,372.0
2012-07-09,58.48,58.48,55.599998,58.48,100.0
2012-07-10,58.98,59.0,55.82,58.98,6113.0
2012-07-11,58.0,58.0,55.52,58.0,1939.0
2012-07-12,58.0,58.139999,57.0,58.0,1844.0
2012-07-13,56.799999,56.799999,56.66,56.799999,242.0
2012-07-16,57.900002,58.0,55.5,57.900002,314.0
2012-07-17,58.0,58.0,55.66,58.0,4921.0
2012-07-18,56.98,57.900002,53.240002,56.98,141.0
2012-07-19,57.0,57.0,54.419998,57.0,61.0
2012-07-20,57.0,57.0,55.919998,57.0,3860.0
2012-07-23,56.060001,57.02,56.060001,56.060001,1540.0
2012-07-24,56.200001,56.200001,56.040001,56.200001,60.0
2012-07-25,56.0,56.02,56.0,56.0,210.0
2012-07-26,56.0,56.0,55.599998,56.0,60.0
2012-07-27,57.5,57.5,55.5,57.5,1116.0
2012-07-31,56.5,58.0,55.259998,56.5,19621.0
2012-08-01,58.0,59.0,56.5,58.0,17082.0
2012-08-02,58.0,59.299999,56.759998,58.0,3579.0
2012-08-03,58.0,58.799999,57.299999,58.0,5570.0
2012-08-06,58.0,58.040001,57.52,58.0,300.0
2012-08-07,58.0,58.0,58.0,58.0,799.0
2012-08-08,57.119999,57.139999,57.0,57.119999,180.0
2012-08-09,57.220001,58.5,57.200001,57.220001,310.0
2012-08-10,58.0,58.0,57.0,58.0,2081.0
2012-08-13,56.099998,56.400002,56.099998,56.099998,489.0
2012-08-15,58.0,58.0,56.200001,58.0,1560.0
2012-08-16,56.540001,56.540001,56.540001,56.540001,40.0
2012-08-17,58.0,58.0,56.700001,58.0,505.0
2012-08-22,57.0,57.0,56.700001,57.0,210.0
2012-08-23,57.0,57.0,56.700001,57.0,285.0
2012-08-24,57.5,57.5,56.700001,57.5,300.0
2012-08-27,56.700001,58.0,56.0,56.700001,213.0
2012-08-28,58.5,58.5,57.060001,58.5,2797.0
2012-08-29,58.5,58.5,56.900002,58.5,220.0
2012-08-30,59.5,59.5,57.099998,59.5,2597.0
2012-08-31,60.0,60.0,59.0,60.0,2655.0
2012-09-03,59.5,60.799999,58.799999,59.5,145.0
2012-09-04,59.099998,59.099998,59.0,59.099998,3925.0
2012-09-05,59.080002,60.48,59.0,59.080002,557.0
2012-09-06,60.0,60.0,59.0,60.0,595.0
2012-09-07,59.099998,59.099998,59.0,59.099998,3700.0
2012-09-10,58.0,59.040001,58.0,58.0,6434.0
2012-09-11,57.220001,57.220001,57.02,57.220001,220.0
2012-09-12,57.099998,57.139999,57.099998,57.099998,900.0
2012-09-13,58.0,58.0,57.040001,58.0,190.0
2012-09-14,57.099998,57.099998,57.099998,57.099998,367.0
2012-09-17,57.0,57.139999,57.0,57.0,540.0
2012-09-18,57.0,57.0,57.0,57.0,80.0
2012-09-19,56.0,57.0,53.599998,56.0,1984.0
2012-09-20,57.98,57.98,56.0,57.98,224.0
2012-09-21,56.98,57.0,55.0,56.98,9193.0
2012-09-24,56.48,56.48,53.700001,56.48,1084.0
2012-09-25,54.599998,54.700001,54.5,54.599998,150.0
2012-09-26,53.220001,53.220001,53.220001,53.220001,10.0
2012-09-27,54.099998,54.099998,54.0,54.099998,40.0
2012-09-28,55.0,55.0,54.0,55.0,1701.0
2012-10-01,54.959999,54.959999,52.240002,54.959999,120.0
2012-10-02,53.52,53.700001,53.5,53.52,1620.0
2012-10-03,54.400002,54.400002,52.259998,54.400002,1290.0
2012-10-04,54.400002,54.400002,52.700001,54.400002,1628.0
2012-10-05,54.5,54.5,54.5,54.5,1114.0
2012-10-08,53.200001,53.400002,53.200001,53.200001,1082.0
2012-10-09,53.099998,53.119999,53.099998,53.099998,148.0
2012-10-10,53.5,53.5,52.099998,53.5,2020.0
2012-10-11,53.5,53.5,52.700001,53.5,620.0
2012-10-12,53.0,54.299999,52.299999,53.0,7353.0
2012-10-15,53.040001,54.279999,53.0,53.040001,2192.0
2012-10-16,54.0,54.0,52.299999,54.0,1120.0
2012-10-17,53.0,53.060001,53.0,53.0,2632.0
2012-10-18,53.0,53.0,52.200001,53.0,233.0
2012-10-19,52.5,54.080002,51.5,52.5,926.0
2012-10-22,55.0,55.0,52.52,55.0,23644.0
2012-10-23,55.759998,56.0,53.119999,55.759998,18215.0
2012-10-24,55.639999,55.639999,54.32,55.639999,202.0
2012-10-25,56.0,58.799999,56.0,56.0,5936.0
2012-10-29,56.0,57.939999,56.0,56.0,5258.0
2012-10-30,56.0,56.98,55.040001,56.0,5272.0
2012-10-31,56.5,56.5,56.0,56.5,7015.0
2012-11-01,56.5,56.5,55.200001,56.5,1922.0
2012-11-02,57.360001,57.360001,55.599998,57.360001,1105.0
2012-11-05,57.0,57.5,56.5,57.0,3533.0
2012-11-07,60.419998,60.419998,56.599998,60.419998,13927.0
2012-11-08,60.400002,61.32,58.5,60.400002,8774.0
2012-11-09,60.299999,62.400002,60.0,60.299999,3524.0
2012-11-12,60.0,60.0,60.0,60.0,139.0
2012-11-13,58.599998,60.5,57.240002,58.599998,221.0
2012-11-14,60.0,60.0,58.16,60.0,560.0
2012-11-15,60.0,60.0,58.240002,60.0,897.0
2012-11-19,58.939999,58.939999,58.52,58.939999,1450.0
2012-11-20,59.5,59.5,58.799999,59.5,282.0
2012-11-21,60.0,60.0,58.200001,60.0,1702.0
2012-11-22,59.5,60.599998,59.060001,59.5,1670.0
2012-11-23,59.5,60.299999,59.5,59.5,6896.0
2012-11-26,58.619999,58.619999,58.619999,58.619999,20.0
2012-11-27,58.759998,58.759998,58.68,58.759998,100.0
2012-11-28,57.34,59.639999,56.200001,57.34,273.0
2012-11-29,59.639999,59.639999,57.68,59.639999,206.0
2012-11-30,60.0,60.0,59.0,60.0,29504.0
2012-12-03,60.0,60.0,57.02,60.0,67.0
2012-12-04,58.599998,58.599998,57.599998,58.599998,296.0
2012-12-05,58.040001,58.119999,58.040001,58.040001,479.0
2012-12-06,59.0,59.0,58.119999,59.0,62.0
2012-12-07,58.5,59.0,58.200001,58.5,5112.0
2012-12-10,61.5,61.5,58.720001,61.5,22801.0
2012-12-11,61.5,61.799999,60.5,61.5,1491.0
2012-12-12,60.720001,60.720001,60.700001,60.720001,299.0
2012-12-13,59.759998,59.759998,59.599998,59.759998,130.0
2012-12-14,59.84,60.0,59.82,59.84,1986.0
2012-12-17,59.82,59.82,59.799999,59.82,1260.0
2012-12-18,60.16,61.0,59.919998,60.16,4537.0
2012-12-19,60.900002,60.900002,60.040001,60.900002,3953.0
2012-12-20,60.02,60.880001,59.099998,60.02,204.0
2012-12-21,58.439999,58.439999,58.200001,58.439999,70.0
2012-12-24,59.599998,60.5,59.599998,59.599998,289.0
2012-12-25,56.040001,59.599998,56.040001,56.040001,2886.0
2012-12-26,59.0,59.0,54.0,59.0,23089.0
2012-12-27,62.540001,62.540001,57.299999,62.540001,119459.0
2012-12-28,66.279999,66.279999,60.16,66.279999,366262.0
2012-12-31,69.940002,69.940002,65.0,69.940002,633904.0
2013-01-02,68.0,68.0,65.760002,68.0,730.0
2013-01-03,63.919998,67.980003,63.919998,63.919998,660.0
2013-01-04,66.480003,66.480003,64.0,66.480003,1070.0
2013-01-07,66.5,66.5,63.0,66.5,452.0
2013-01-08,63.119999,66.900002,63.119999,63.119999,216.0
2013-01-09,63.119999,65.980003,63.119999,63.119999,203.0
2013-01-14,63.0,63.119999,63.0,63.0,323.0
2013-01-15,62.0,63.0,62.0,62.0,312.0
2013-01-16,60.0,62.0,60.0,60.0,513.0
2013-01-17,60.0,60.0,57.220001,60.0,95.0
2013-01-18,57.540001,57.599998,57.540001,57.540001,510.0
2013-01-21,57.540001,57.560001,57.5,57.540001,133.0
2013-01-22,57.119999,59.560001,57.0,57.119999,77.0
2013-01-23,56.0,57.599998,56.0,56.0,1680.0
2013-01-28,55.099998,56.040001,55.099998,55.099998,1002.0
2013-01-29,58.400002,58.400002,58.400002,58.400002,100.0
2013-01-30,56.0,56.040001,56.0,56.0,70.0
2013-01-31,56.040001,56.060001,56.02,56.040001,60.0
2013-02-01,57.0,57.0,56.040001,57.0,90.0
2013-02-04,53.580002,57.900002,53.580002,53.580002,19542.0
2013-02-05,54.0,54.0,53.599998,54.0,889.0
2013-02-06,54.110001,55.759998,54.110001,54.110001,235.0
2013-02-07,54.099998,54.18,54.099998,54.099998,360.0
2013-02-08,54.0,54.0,53.650002,54.0,2711.0
2013-02-11,53.509998,55.0,53.509998,53.509998,230.0
2013-02-12,54.0,54.0,53.52,54.0,688.0
2013-02-13,55.41,55.41,53.52,55.41,3566.0
2013-02-14,54.009998,54.060001,54.009998,54.009998,681.0
2013-02-15,54.02,54.02,54.009998,54.02,60.0
2013-02-18,55.400002,55.400002,55.400002,55.400002,25.0
2013-02-19,54.599998,55.299999,54.02,54.599998,187.0
2013-02-20,54.700001,54.700001,54.599998,54.700001,185.0
2013-02-21,55.41,55.41,54.610001,55.41,9536.0
2013-02-22,54.779999,55.439999,54.610001,55.0,337.0
2013-02-25,54.610001,54.720001,54.610001,54.720001,100.0
2013-02-26,55.400002,55.400002,55.400002,55.400002,230.0
2013-02-27,54.720001,54.740002,54.700001,54.740002,340.0
2013-02-28,54.740002,55.779999,54.740002,55.779999,749.0
2013-03-01,56.0,56.0,55.029999,55.029999,639.0
2013-03-04,55.0,56.5,55.0,56.5,5113.0
2013-03-05,55.0,55.040001,55.0,55.040001,202.0
2013-03-06,55.5,55.580002,55.5,55.560001,431.0
2013-03-07,55.5,56.299999,55.5,56.299999,1140.0
2013-03-08,55.040001,55.5,55.040001,55.5,226.0
2013-03-11,55.5,55.5,55.5,55.5,60.0
2013-03-12,55.5,56.0,55.5,56.0,405.0
2013-03-13,55.5,56.439999,55.5,56.439999,103.0
2013-03-14,55.5,56.400002,55.5,55.549999,265.0
2013-03-15,55.299999,56.439999,55.299999,55.5,640.0
2013-03-18,56.439999,56.439999,55.540001,55.540001,84.0
2013-03-19,55.32,56.200001,55.32,55.52,130.0
2013-03-20,55.32,56.200001,55.32,56.200001,856.0
2013-03-21,55.549999,56.439999,55.549999,55.599998,206.0
2013-03-22,55.599998,56.0,55.599998,56.0,281.0
2013-03-25,55.299999,56.48,55.299999,55.599998,1635.0
2013-03-26,56.360001,56.360001,55.32,56.0,860.0
2013-03-27,55.610001,56.5,55.610001,56.5,1371.0
2013-03-28,55.610001,56.0,55.610001,56.0,90.0
2013-03-29,55.700001,56.0,55.700001,56.0,4180.0
2013-04-01,55.619999,57.0,55.619999,57.0,1357.0
2013-04-02,56.02,57.299999,56.02,57.0,1835.0
2013-04-03,57.900002,57.98,57.029999,57.5,214.0
2013-04-04,57.0,58.0,57.0,58.0,1905.0
2013-04-05,57.0,57.02,57.0,57.02,98.0
2013-04-08,57.0,59.0,57.0,59.0,197.0
2013-04-09,57.060001,59.0,57.060001,58.0,993.0
2013-04-10,57.099998,59.900002,57.099998,59.900002,1081.0
2013-04-11,59.0,60.0,59.0,59.599998,13504.0
2013-04-12,60.889999,61.900002,60.889999,61.900002,30.0
2013-04-15,59.0,61.860001,59.0,61.860001,49.0
2013-04-16,60.0,61.799999,60.0,61.799999,667.0
2013-04-17,60.5,61.799999,60.029999,60.029999,211.0
2013-04-18,61.48,62.0,61.48,62.0,518.0
2013-04-19,60.139999,62.0,60.139999,62.0,5672.0
2013-04-22,62.0,62.0,60.259998,60.259998,240.0
2013-04-23,60.360001,62.0,60.360001,61.900002,4242.0
2013-04-24,61.0,61.02,61.0,61.0,4930.0
2013-04-25,60.52,62.400002,60.52,62.400002,1245.0
2013-04-26,61.0,62.400002,61.0,62.400002,351.0
2013-04-29,62.400002,63.0,62.0,62.02,310.0
2013-04-30,62.0,62.0,62.0,62.0,1100.0
2013-05-02,62.0,62.5,62.0,62.5,1270.0
2013-05-03,62.009998,63.0,62.009998,62.98,226.0
2013-05-06,62.009998,62.009998,62.009998,62.009998,435.0
2013-05-07,62.0,62.0,62.0,62.0,420.0
2013-05-08,62.200001,62.75,62.099998,62.099998,1946.0
2013-05-09,62.119999,62.400002,62.099998,62.099998,3540.0
2013-05-10,62.099998,62.099998,62.099998,62.099998,1410.0
2013-05-13,62.099998,64.0,62.099998,64.0,1997.0
2013-05-14,62.41,62.52,62.41,62.5,1240.0
2013-05-15,62.509998,64.0,62.509998,63.099998,802.0
2013-05-16,62.209999,64.0,62.209999,62.52,2084.0
2013-05-17,62.509998,64.0,62.509998,63.52,3255.0
2013-05-20,63.02,64.0,62.73,62.73,590.0
2013-05-21,64.0,64.0,63.029999,63.029999,319.0
2013-05-22,63.029999,64.0,63.029999,64.0,2174.0
2013-05-23,63.32,63.360001,63.32,63.360001,776.0
2013-05-24,64.959999,64.959999,63.310001,63.310001,609.0
2013-05-27,62.0,62.09,62.0,62.09,50.0
2013-05-28,62.400002,64.5,62.400002,64.5,4585.0
2013-05-29,64.900002,64.900002,63.110001,63.209999,2177.0
2013-05-30,63.5,64.0,63.5,64.0,2961.0
2013-05-31,63.009998,64.699997,63.009998,64.699997,158.0
2013-06-03,62.310001,64.5,62.310001,62.57,680.0
2013-06-04,63.060001,63.060001,63.060001,63.060001,40.0
2013-06-05,63.630001,64.959999,63.630001,63.73,1580.0
2013-06-06,63.810001,64.0,63.810001,64.0,700.0
2013-06-07,64.0,65.5,63.700001,64.010002,80549.0
2013-06-10,63.639999,64.0,63.630001,64.0,1860.0
2013-06-11,63.639999,64.0,63.639999,64.0,1800.0
2013-06-12,63.110001,64.010002,63.110001,64.010002,8085.0
2013-06-13,64.0,64.5,64.0,64.019997,1085.0
2013-06-14,64.599998,65.0,64.199997,65.0,3426.0
2013-06-17,64.5,64.510002,64.099998,64.510002,163922.0
2013-06-18,64.0,64.010002,64.0,64.010002,915.0
2013-06-19,64.220001,66.0,64.220001,65.300003,4079.0
2013-06-20,65.010002,67.449997,65.010002,67.449997,1506.0
2013-06-21,65.5,67.0,65.5,67.0,576.0
2013-06-24,65.0,67.0,65.0,67.0,81125.0
2013-06-25,65.5,69.0,65.5,69.0,368987.0
2013-06-26,67.0,67.040001,67.0,67.0,2539.0
2013-06-27,67.0,67.019997,67.0,67.0,2123.0
2013-06-28,66.120003,66.5,66.099998,66.5,86489.0
2013-07-01,63.099998,63.200001,63.02,63.02,190.0
2013-07-02,60.0,65.0,60.0,61.98,172.0
2013-07-03,60.060001,60.060001,59.900002,59.919998,587.0
2013-07-04,60.049999,61.98,60.049999,61.98,40.0
2013-07-05,60.049999,60.099998,60.049999,60.099998,56.0
2013-07-08,59.959999,61.939999,59.959999,61.939999,3.0
2013-07-10,58.799999,61.939999,58.799999,61.939999,1050.0
2013-07-11,61.919998,61.919998,59.0,60.0,290.0
2013-07-12,59.02,61.919998,59.02,61.919998,70.0
2013-07-15,61.919998,61.919998,61.919998,61.919998,100.0
2013-07-16,59.0,59.0,59.0,59.0,40.0
2013-07-17,58.299999,61.93,58.299999,61.5,650.0
2013-07-18,58.099998,58.099998,58.099998,58.099998,80.0
2013-07-19,56.099998,60.889999,56.099998,60.889999,171.0
2013-07-22,58.099998,58.169998,58.099998,58.099998,300.0
2013-07-23,57.299999,60.849998,55.099998,55.700001,1610.0
2013-07-24,56.5,57.799999,52.5,56.900002,1840.0
2013-07-25,54.0,54.029999,53.709999,54.0,230.0
2013-07-26,54.009998,54.040001,53.849998,54.02,180.0
2013-07-29,56.799999,56.799999,54.080002,54.400002,1771.0
2013-07-31,57.66,57.66,54.32,54.900002,1245.0
2013-08-01,57.400002,57.400002,54.73,56.900002,110.0
2013-08-02,57.400002,58.0,55.099998,55.150002,243.0
2013-08-05,55.16,58.0,55.16,55.169998,212.0
2013-08-06,55.169998,55.169998,55.169998,55.169998,60.0
2013-08-07,55.18,55.18,55.18,55.18,18.0
2013-08-08,57.98,57.98,55.5,55.52,1210.0
2013-08-12,54.799999,55.73,54.799999,55.73,840.0
2013-08-13,55.75,57.689999,55.75,55.77,120.0
2013-08-15,55.75,55.75,55.75,55.75,20.0
2013-08-16,57.599998,57.599998,57.599998,57.599998,50.0
2013-08-19,55.799999,55.849998,55.799999,55.82,290.0
2013-08-22,55.669998,56.5,55.650002,56.5,140.0
2013-08-23,56.509998,56.509998,56.509998,56.509998,270.0
2013-08-26,57.5,57.5,56.509998,56.509998,370.0
2013-08-27,57.5,59.5,57.5,58.0,92014.0
2013-08-28,58.009998,59.5,58.009998,59.5,100.0
2013-08-29,58.0,59.400002,56.599998,59.400002,1141.0
2013-09-02,56.619999,59.400002,56.610001,56.630001,150.0
2013-09-03,56.610001,58.799999,56.610001,58.799999,388.0
2013-09-04,59.18,59.18,56.669998,56.669998,111.0
2013-09-05,56.810001,56.810001,56.68,56.700001,100.0
2013-09-06,57.099998,57.099998,56.709999,57.099998,470.0
2013-09-09,56.900002,56.900002,56.799999,56.799999,260.0
2013-09-10,56.82,56.830002,56.82,56.830002,60.0
2013-09-11,57.0,57.0,57.0,57.0,42.0
2013-09-12,57.0,57.040001,57.0,57.040001,76.0
2013-09-13,57.09,57.09,57.080002,57.09,661.0
2013-09-16,57.220001,57.220001,57.0,57.0,264.0
2013-09-17,57.009998,57.200001,57.009998,57.200001,210.0
2013-09-18,57.060001,57.5,57.060001,57.060001,798.0
2013-09-19,57.009998,57.02,57.009998,57.009998,413.0
2013-09-20,57.0,57.009998,57.0,57.0,1444.0
2013-09-23,57.0,57.02,57.0,57.02,40.0
2013-09-24,57.009998,57.009998,57.009998,57.009998,220.0
2013-09-25,57.02,57.02,57.02,57.02,20.0
2013-09-26,57.5,59.0,57.5,59.0,86.0
2013-09-27,57.599998,57.599998,57.599998,57.599998,35.0
2013-09-30,57.599998,58.0,57.599998,58.0,250.0
2013-10-01,57.009998,59.0,56.799999,57.25,3132.0
2013-10-03,57.0,57.009998,57.0,57.009998,110.0
2013-10-04,57.700001,58.0,57.700001,58.0,760.0
2013-10-07,58.0,59.0,58.0,59.0,620.0
2013-10-08,58.02,62.349998,58.02,60.0,1296.0
2013-10-09,63.0,63.0,59.0,59.0,166.0
2013-10-10,60.0,60.0,59.02,59.119999,284.0
2013-10-11,59.130001,59.130001,59.130001,59.130001,20.0
2013-10-14,59.130001,59.130001,59.130001,59.130001,40.0
2013-10-15,62.5,62.5,59.139999,59.200001,111.0
2013-10-21,59.32,60.0,59.32,59.349998,81.0
2013-10-22,59.110001,62.0,59.099998,62.0,140.0
2013-10-23,59.700001,60.0,59.650002,60.0,305.0
2013-10-24,60.200001,62.799999,60.0,62.799999,1025.0
2013-10-25,62.75,65.0,60.5,65.0,2697.0
2013-10-28,62.68,66.900002,62.68,66.849998,873.0
2013-10-29,65.0,68.449997,65.0,68.0,1397.0
2013-10-30,64.099998,66.900002,64.099998,66.790001,69.0
2013-10-31,64.0,67.0,64.0,67.0,1439.0
2013-11-01,65.550003,65.550003,65.550003,65.550003,10.0
2013-11-04,64.0,65.5,63.5,65.0,184.0
2013-11-07,63.5,65.900002,63.5,65.099998,994.0
2013-11-08,67.0,67.0,64.0,64.0,18800.0
2013-11-11,64.0,64.099998,64.0,64.010002,3378.0
2013-11-12,64.019997,64.050003,63.5,63.5,1967.0
2013-11-13,63.529999,64.25,63.529999,63.919998,3501.0
2013-11-14,63.919998,64.5,63.919998,63.919998,1276.0
2013-11-15,63.5,63.5,63.139999,63.5,571.0
2013-11-19,63.119999,64.400002,63.119999,64.400002,120.0
2013-11-20,63.509998,63.66,63.509998,63.66,157.0
2013-11-21,63.799999,63.799999,63.509998,63.560001,430.0
2013-11-22,63.5,65.0,63.5,65.0,1098.0
2013-11-25,63.349998,63.349998,63.299999,63.299999,1230.0
2013-11-26,63.5,66.0,63.5,66.0,3100.0
2013-11-28,64.199997,64.199997,64.199997,64.199997,60.0
2013-11-29,64.199997,64.199997,63.599998,63.599998,1038.0
2013-12-02,63.799999,63.799999,63.549999,63.599998,143.0
2013-12-03,63.549999,63.549999,63.549999,63.549999,60.0
2013-12-04,63.630001,64.0,63.619999,64.0,680.0
2013-12-05,63.799999,64.099998,63.799999,64.019997,1549.0
2013-12-06,64.010002,64.010002,64.010002,64.010002,270.0
2013-12-09,64.099998,65.900002,64.010002,65.0,6456.0
2013-12-10,63.799999,64.0,63.799999,63.849998,370.0
2013-12-11,64.110001,65.0,64.110001,65.0,700.0
2013-12-12,64.510002,65.0,63.799999,64.0,8398.0
2013-12-13,63.849998,65.0,63.849998,64.5,804.0
2013-12-16,65.5,65.879997,65.5,65.879997,828.0
2013-12-17,65.0,67.0,65.0,66.900002,6280.0
2013-12-18,66.879997,66.879997,66.5,66.879997,119.0
2013-12-19,65.050003,66.900002,64.529999,66.900002,12250.0
2013-12-20,65.510002,66.0,65.510002,66.0,3088.0
2013-12-23,65.650002,65.650002,64.529999,64.529999,1530.0
2013-12-24,64.5,64.5,63.549999,64.0,13330.0
2013-12-25,63.549999,63.549999,62.5,62.5,360.0
2013-12-26,62.52,63.0,62.52,62.939999,1772.0
2013-12-27,62.950001,64.900002,62.950001,64.900002,16623.0
2013-12-30,62.630001,65.0,62.630001,65.0,32938.0
2013-12-31,63.700001,68.900002,63.700001,68.900002,249785.0
2014-01-02,64.019997,65.25,64.0,64.0,149.0
2014-01-03,64.0,67.75,63.099998,63.099998,92.0
2014-01-06,62.900002,63.080002,62.900002,63.060001,181.0
2014-01-07,65.889999,65.889999,65.889999,65.889999,1.0
2014-01-08,63.080002,63.220001,63.080002,63.200001,60.0
2014-01-09,63.200001,63.259998,63.200001,63.259998,100.0
2014-01-10,63.299999,65.050003,61.610001,61.610001,1492.0
2014-01-13,61.220001,63.490002,61.220001,61.5,181.0
2014-01-16,61.5,63.650002,61.5,63.599998,682.0
2014-01-17,60.599998,62.84,60.599998,62.84,1834.0
2014-01-20,60.939999,61.48,60.939999,61.48,52.0
2014-01-21,61.0,61.529999,61.0,61.0,137.0
2014-01-22,61.040001,61.540001,61.0,61.540001,558.0
2014-01-23,60.939999,60.939999,60.939999,60.939999,160.0
2014-01-24,61.200001,61.200001,61.200001,61.200001,601.0
2014-01-27,61.200001,61.200001,60.939999,60.939999,180.0
2014-01-28,60.959999,60.959999,60.959999,60.959999,80.0
2014-01-29,60.959999,61.0,60.959999,61.0,180.0
2014-01-30,61.0,61.02,61.0,61.009998,1247.0
2014-01-31,61.009998,61.009998,61.0,61.0,380.0
2014-02-03,60.919998,60.919998,60.919998,60.919998,180.0
2014-02-04,60.919998,60.950001,60.919998,60.950001,60.0
2014-02-05,61.119999,61.119999,60.959999,61.0,332.0
2014-02-06,61.0,61.0,60.919998,60.919998,220.0
2014-02-07,60.919998,61.0,60.919998,61.0,285.0
2014-02-10,60.610001,60.610001,60.049999,60.049999,100.0
2014-02-11,60.119999,61.0,60.119999,60.119999,415.0
2014-02-12,60.299999,62.0,60.25,61.0,142.0
2014-02-13,60.299999,60.799999,60.299999,60.799999,247.0
2014-02-14,61.299999,61.68,61.02,61.68,607.0
2014-02-17,61.029999,61.099998,61.029999,61.099998,262.0
2014-02-18,61.0,61.02,61.0,61.02,224.0
2014-02-19,61.009998,62.299999,61.009998,62.0,328.0
2014-02-20,61.5,62.290001,61.299999,62.25,1790.0
2014-02-21,61.009998,61.139999,61.009998,61.099998,340.0
2014-02-24,61.610001,61.610001,61.099998,61.150002,557.0
2014-02-25,61.16,62.299999,61.16,62.299999,273.0
2014-02-26,62.009998,62.459999,62.009998,62.02,724.0
2014-02-27,62.0,62.459999,62.0,62.0,2409.0
2014-02-28,62.009998,63.0,62.009998,62.040001,82.0
2014-03-03,63.900002,63.900002,63.900002,63.900002,10.0
2014-03-04,62.259998,63.900002,62.259998,62.299999,43.0
2014-03-05,62.599998,65.0,62.599998,64.959999,1354.0
2014-03-06,65.0,65.279999,63.450001,65.279999,230.0
2014-03-07,63.599998,65.199997,63.599998,64.599998,731.0
2014-03-10,64.400002,64.5,64.400002,64.5,935.0
2014-03-11,65.0,65.099998,64.300003,64.5,1035.0
2014-03-12,64.0,65.75,64.0,65.699997,286.0
2014-03-13,64.010002,65.639999,64.0,64.150002,306.0
2014-03-14,64.07,65.599998,64.07,64.07,150.0
2014-03-17,64.019997,65.580002,64.010002,65.580002,95.0
2014-03-18,65.150002,65.199997,64.25,65.199997,87.0
2014-03-19,64.5,65.099998,64.5,65.099998,170.0
2014-03-20,64.110001,65.959999,64.110001,65.959999,168.0
2014-03-21,64.209999,66.760002,64.209999,66.0,8196.0
2014-03-24,65.0,65.980003,64.510002,65.940002,645.0
2014-03-25,64.559998,65.0,64.559998,64.639999,566.0
2014-03-26,64.610001,65.980003,64.610001,65.959999,122.0
2014-03-27,65.0,65.0,64.800003,64.800003,2380.0
2014-03-28,64.599998,65.949997,64.599998,64.75,329.0
2014-03-31,64.209999,66.760002,64.209999,64.699997,160.0
2014-04-01,66.739998,66.739998,64.550003,66.32,198.0
2014-04-02,64.620003,66.480003,64.599998,66.279999,770.0
2014-04-03,64.650002,65.879997,64.650002,65.879997,55.0
2014-04-04,64.25,65.980003,64.110001,64.300003,1107.0
2014-04-07,64.0,65.0,64.0,65.0,100.0
2014-04-08,63.549999,65.980003,63.549999,65.980003,80.0
2014-04-09,62.049999,65.949997,62.049999,65.949997,262.0
2014-04-10,63.0,63.02,63.0,63.02,70.0
2014-04-11,63.040001,65.599998,63.040001,65.599998,540.0
2014-04-14,63.110001,65.599998,63.110001,65.599998,180.0
2014-04-15,63.299999,65.279999,63.299999,63.299999,140.0
2014-04-16,63.150002,65.0,63.150002,64.980003,1014.0
2014-04-17,63.299999,64.959999,63.299999,63.5,1691.0
2014-04-18,63.599998,64.379997,63.599998,63.700001,92.0
2014-04-21,63.599998,63.619999,63.5,63.619999,220.0
2014-04-22,63.5,63.52,63.5,63.5,204.0
2014-04-23,63.5,63.5,63.5,63.5,75.0
2014-04-24,64.0,64.0,64.0,64.0,10.0
2014-04-25,63.5,63.52,63.5,63.5,250.0
2014-04-28,63.150002,63.150002,63.009998,63.009998,160.0
2014-04-29,63.099998,63.200001,63.099998,63.099998,476.0
2014-04-30,63.099998,64.699997,62.0,64.699997,941.0
2014-05-02,62.080002,62.080002,62.080002,62.080002,20.0
2014-05-05,62.080002,64.68,62.080002,62.400002,138.0
2014-05-06,62.650002,64.300003,62.650002,64.300003,1146.0
2014-05-07,62.75,63.970001,62.299999,63.970001,180.0
2014-05-08,62.599998,63.959999,62.599998,63.959999,41.0
2014-05-09,62.349998,63.950001,62.349998,62.380001,163.0
2014-05-12,62.380001,63.5,62.380001,63.5,221.0
2014-05-13,62.450001,63.900002,62.200001,63.580002,1997.0
2014-05-14,62.400002,62.419998,62.400002,62.419998,69.0
2014-05-15,63.0,63.0,62.599998,62.599998,527.0
2014-05-16,63.0,63.689999,62.200001,63.689999,503.0
2014-05-19,62.099998,62.419998,62.099998,62.400002,60.0
2014-05-20,62.450001,62.450001,62.450001,62.450001,341.0
2014-05-21,62.049999,62.049999,60.0,60.099998,140.0
2014-05-22,60.139999,61.0,60.139999,61.0,67.0
2014-05-23,61.049999,63.0,61.049999,61.349998,937.0
2014-05-26,61.200001,62.880001,61.200001,62.860001,220.0
2014-05-27,60.5,62.849998,60.5,62.849998,745.0
2014-05-28,60.700001,61.049999,60.599998,61.049999,1810.0
2014-05-29,61.139999,61.16,61.139999,61.16,61.0
2014-05-30,61.16,62.779999,61.16,62.73,163.0
2014-06-02,62.869999,62.869999,61.200001,62.75,176.0
2014-06-03,61.220001,62.68,60.650002,60.68,80.0
2014-06-04,60.799999,62.450001,60.799999,62.450001,104.0
2014-06-05,60.919998,61.0,60.919998,61.0,140.0
2014-06-06,61.75,61.75,60.689999,60.900002,130.0
2014-06-09,60.900002,61.580002,60.900002,61.02,642.0
2014-06-10,60.720001,61.740002,60.720001,61.740002,130.0
2014-06-11,61.0,61.689999,60.700001,60.700001,2622.0
2014-06-12,60.709999,61.650002,60.709999,61.650002,185.0
2014-06-13,60.75,60.799999,60.75,60.75,223.0
2014-06-16,61.619999,62.0,61.619999,62.0,488.0
2014-06-17,62.0,63.5,61.099998,63.240002,2344.0
2014-06-18,62.0,63.400002,61.509998,63.400002,843.0
2014-06-19,63.0,63.48,62.200001,63.48,281.0
2014-06-20,63.0,63.0,62.0,62.099998,275.0
2014-06-23,62.099998,62.099998,62.0,62.0,47.0
2014-06-24,62.0,62.970001,61.5,62.970001,616.0
2014-06-25,63.0,63.0,61.599998,61.599998,2412.0
2014-06-26,61.599998,62.970001,61.599998,62.970001,2159.0
2014-06-27,61.32,63.0,61.299999,62.98,797.0
2014-06-30,61.200001,62.990002,61.099998,62.900002,109.0
2014-07-01,60.5,60.509998,60.5,60.5,120.0
2014-07-02,60.32,62.299999,60.0,62.299999,352.0
2014-07-04,60.119999,62.18,60.0,62.18,5255.0
2014-07-07,60.0,60.98,60.0,60.0,542.0
2014-07-08,59.049999,60.959999,59.0,60.959999,130.0
2014-07-09,57.5,58.0,57.5,58.0,760.0
2014-07-10,60.700001,60.98,57.0,57.400002,970.0
2014-07-11,60.82,60.82,60.0,60.0,570.0
2014-07-14,58.049999,63.0,58.049999,63.0,1182.0
2014-07-15,60.0,63.0,60.0,63.0,746.0
2014-07-16,60.400002,62.650002,60.349998,62.650002,941.0
2014-07-17,60.349998,61.939999,60.349998,61.900002,1527.0
2014-07-18,60.450001,61.799999,60.450001,61.799999,332.0
2014-07-21,60.5,61.880001,60.5,60.5,1081.0
2014-07-22,60.5,62.0,60.5,62.0,3220.0
2014-07-23,60.610001,61.98,60.549999,61.900002,721.0
2014-07-24,60.57,61.990002,60.57,61.990002,1470.0
2014-07-25,60.75,61.98,60.75,60.75,213.0
2014-07-31,60.799999,62.0,60.799999,62.0,21.0
2014-08-01,60.799999,64.360001,60.799999,64.18,276.0
2014-08-04,61.0,63.68,61.0,63.32,193.0
2014-08-05,61.209999,62.959999,61.200001,61.990002,169.0
2014-08-06,60.900002,61.98,60.900002,61.880001,250.0
2014-08-07,61.009998,61.990002,61.009998,61.990002,1370.0
2014-08-08,61.110001,63.279999,61.110001,61.259998,782.0
2014-08-11,61.220001,63.150002,61.220001,63.150002,482.0
2014-08-12,61.5,63.0,61.5,61.509998,185.0
2014-08-13,61.549999,62.98,61.549999,62.98,160.0
2014-08-15,61.599998,61.599998,61.549999,61.599998,1350.0
2014-08-18,61.549999,61.549999,60.849998,60.849998,240.0
2014-08-19,60.900002,61.900002,60.900002,61.900002,250.0
2014-08-22,61.0,61.0,61.0,61.0,102.0
2014-08-25,60.900002,61.0,60.849998,61.0,121.0
2014-08-26,60.849998,61.099998,60.849998,61.099998,132.0
2014-08-27,62.0,62.959999,62.0,62.900002,111.0
2014-08-28,61.75,62.98,61.75,62.98,420.0
2014-08-29,61.799999,62.959999,61.799999,62.099998,1642.0
2014-09-01,62.950001,62.970001,62.0,62.970001,74.0
2014-09-02,62.0,62.950001,62.0,62.880001,270.0
2014-09-03,62.110001,62.98,62.110001,62.98,184.0
2014-09-04,62.169998,62.169998,62.150002,62.150002,188.0
2014-09-05,62.099998,62.099998,62.060001,62.060001,280.0
2014-09-08,62.02,62.959999,62.02,62.959999,55.0
2014-09-10,62.119999,63.0,62.099998,63.0,832.0
2014-09-11,63.599998,64.660004,63.599998,64.660004,657.0
2014-09-12,62.5,63.0,62.5,63.0,150.0
2014-09-15,64.0,64.0,62.5,62.549999,740.0
2014-09-16,62.549999,64.0,62.549999,63.0,749.0
2014-09-17,63.0,63.98,63.0,63.110001,70.0
2014-09-18,63.0,63.950001,63.0,63.0,780.0
2014-09-19,63.0,64.480003,63.0,64.480003,978.0
2014-09-22,63.200001,64.849998,63.200001,64.849998,1302.0
2014-09-23,64.199997,66.0,64.050003,66.0,5197.0
2014-09-24,66.199997,66.199997,65.199997,65.599998,984.0
2014-09-25,65.099998,66.0,65.099998,65.110001,310.0
2014-09-26,65.099998,65.110001,65.099998,65.099998,1540.0
2014-09-29,65.099998,65.779999,65.099998,65.779999,124.0
2014-09-30,65.099998,65.099998,65.099998,65.099998,1270.0
2014-10-01,63.279999,65.650002,63.279999,65.599998,1220.0
2014-10-02,65.699997,65.959999,64.0,65.900002,1114.0
2014-10-03,64.519997,66.0,64.519997,66.0,770.0
2014-10-07,66.0,66.0,65.0,65.209999,1893.0
2014-10-08,65.040001,66.800003,65.040001,66.800003,134.0
2014-10-09,65.82,66.730003,65.82,66.730003,36.0
2014-10-10,65.300003,66.599998,65.300003,66.550003,1623.0
2014-10-13,65.599998,66.480003,65.599998,66.480003,60.0
2014-10-14,66.0,66.199997,65.300003,66.199997,610.0
2014-10-15,65.349998,65.75,65.349998,65.75,20040.0
2014-10-16,66.0,66.199997,66.0,66.199997,2344.0
2014-10-17,66.199997,66.25,66.07,66.099998,8661.0
2014-10-20,66.099998,66.110001,66.099998,66.099998,1171.0
2014-10-21,65.0,66.0,65.0,65.75,40.0
2014-10-22,66.0,66.25,66.0,66.0,5852.0
2014-10-23,66.0,68.0,66.0,66.5,5120.0
2014-10-24,66.5,68.300003,66.5,68.25,13665.0
2014-10-27,67.099998,70.0,67.099998,70.0,22923.0
2014-10-28,71.099998,74.199997,71.099998,74.199997,47839.0
2014-10-29,75.199997,77.5,75.0,75.0,2958.0
2014-10-30,73.0,77.800003,73.0,76.959999,17551.0
2014-10-31,75.5,77.0,75.199997,75.5,25508.0
2014-11-03,75.300003,75.599998,75.300003,75.599998,148.0
2014-11-04,75.400002,75.400002,74.0,74.5,4763.0
2014-11-05,75.5,75.5,70.050003,74.0,18483.0
2014-11-07,71.0,74.849998,71.0,71.599998,133.0
2014-11-10,70.300003,72.0,70.300003,72.0,125.0
2014-11-11,70.5,73.0,70.5,72.900002,123.0
2014-11-12,71.220001,71.220001,71.0,71.0,504.0
2014-11-13,71.400002,73.400002,71.400002,73.199997,241.0
2014-11-14,71.5,71.5,70.5,70.519997,6792.0
2014-11-17,70.410004,73.139999,70.410004,73.050003,224.0
2014-11-19,71.199997,71.199997,71.099998,71.099998,241.0
2014-11-20,70.410004,72.0,70.0,70.0,1509.0
2014-11-21,68.300003,71.900002,68.300003,68.449997,222.0
2014-11-24,68.099998,71.75,68.099998,68.5,3135.0
2014-11-25,68.510002,71.0,68.510002,71.0,31.0
2014-11-26,68.150002,68.510002,68.110001,68.110001,1829.0
2014-11-27,68.25,68.25,68.25,68.25,85.0
2014-11-28,68.099998,68.5,68.099998,68.5,480.0
2014-12-01,68.099998,68.099998,68.099998,68.099998,987.0
2014-12-02,68.110001,69.800003,68.110001,69.800003,1126.0
2014-12-03,68.110001,68.190002,68.110001,68.190002,356.0
2014-12-04,68.190002,69.0,68.099998,69.0,867.0
2014-12-05,68.110001,70.0,68.099998,68.199997,246.0
2014-12-08,68.209999,70.0,68.099998,68.120003,1525.0
2014-12-09,68.139999,68.169998,68.139999,68.169998,470.0
2014-12-10,68.25,69.900002,68.25,69.699997,1014.0
2014-12-11,68.010002,68.949997,68.010002,68.949997,1092.0
2014-12-12,68.010002,68.010002,68.010002,68.010002,405.0
2014-12-15,68.0,68.949997,66.0,68.949997,310.0
2014-12-16,66.019997,69.889999,66.019997,66.050003,173.0
2014-12-17,66.150002,66.5,66.150002,66.150002,1000.0
2014-12-18,66.160004,66.160004,66.150002,66.150002,90.0
2014-12-19,66.0,66.150002,66.0,66.099998,1760.0
2014-12-22,65.599998,66.0,65.400002,65.5,526.0
2014-12-23,65.550003,69.099998,65.5,65.5,2288.0
2014-12-24,65.5,69.300003,65.5,65.510002,322.0
2014-12-25,65.510002,65.510002,65.5,65.5,153.0
2014-12-26,65.510002,66.5,65.510002,66.5,10616.0
2014-12-29,65.599998,69.400002,65.599998,69.400002,355.0
2014-12-30,66.5,67.0,66.5,67.0,1270.0
2014-12-31,65.300003,65.300003,65.300003,65.300003,7787.0
2015-01-02,65.160004,68.800003,65.160004,68.800003,71.0
2015-01-06,65.160004,65.160004,65.160004,65.160004,200.0
2015-01-07,63.0,68.599998,63.0,68.599998,121.0
2015-01-08,68.599998,68.599998,64.5,64.5,3010193.0
2015-01-09,65.0,67.900002,64.5,64.599998,1492.0
2015-01-12,64.800003,67.400002,64.800003,64.849998,873.0
2015-01-13,64.849998,67.300003,64.849998,67.300003,775.0
2015-01-14,67.75,70.0,67.75,70.0,7839.0
2015-01-15,71.0,73.0,70.150002,72.400002,483.0
2015-01-16,72.400002,72.400002,70.699997,70.699997,7424.0
2015-01-19,70.050003,70.050003,67.150002,67.150002,387.0
2015-01-20,67.599998,67.699997,67.599998,67.699997,90.0
2015-01-21,67.699997,70.5,67.699997,67.75,461.0
2015-01-22,67.900002,68.0,67.75,68.0,2559.0
2015-01-23,67.75,68.099998,67.75,68.099998,1146.0
2015-01-27,67.849998,68.0,67.849998,68.0,270.0
2015-01-28,68.0,68.0,67.010002,67.010002,780.0
2015-01-30,67.0,68.0,65.5,68.0,450.0
2015-02-02,65.519997,65.519997,65.510002,65.510002,40.0
2015-02-03,65.550003,67.0,65.550003,67.0,520.0
2015-02-04,65.620003,68.0,65.610001,68.0,310.0
2015-02-05,65.709999,68.0,65.709999,68.0,17455.0
2015-02-06,69.900002,69.900002,66.160004,66.160004,232.0
2015-02-09,66.260002,68.989998,66.260002,67.989998,64.0
2015-02-10,66.599998,69.900002,66.599998,68.0,2270.0
2015-02-11,67.199997,68.0,67.199997,68.0,90.0
2015-02-12,67.050003,69.839996,67.050003,69.589996,183.0
2015-02-13,67.599998,69.589996,67.599998,69.589996,1894.0
2015-02-16,66.699997,68.0,66.699997,68.0,650.0
2015-02-17,66.709999,69.150002,66.709999,68.0,13427.0
2015-02-18,67.199997,70.0,67.0,70.0,56364.0
2015-02-19,67.050003,70.0,67.050003,70.0,5420.0
2015-02-20,69.300003,71.0,68.800003,71.0,5500.0
2015-02-23,68.349998,71.900002,68.349998,71.900002,44530.0
2015-02-24,69.599998,72.5,69.599998,72.199997,3340.0
2015-02-25,70.0,76.239998,70.0,76.010002,3962.0
2015-02-26,76.0,76.0,73.199997,76.0,6507.0
2015-02-27,75.989998,75.989998,72.739998,73.0,9637.0
2015-03-02,73.0,74.949997,72.809998,74.949997,24.0
2015-03-03,71.5,74.5,71.5,74.150002,11102.0
2015-03-04,71.699997,72.949997,71.699997,72.900002,255.0
2015-03-05,72.900002,72.900002,72.870003,72.870003,43.0
2015-03-06,74.0,74.0,70.0,73.0,1431.0
2015-03-09,73.0,73.0,73.0,73.0,300.0
2015-03-10,71.5,72.900002,71.5,71.5,140.0
2015-03-11,69.199997,73.0,69.199997,72.0,8208.0
2015-03-12,70.650002,72.0,70.650002,70.75,457.0
2015-03-13,70.760002,71.980003,70.019997,71.970001,3066.0
2015-03-16,72.0,72.0,70.099998,72.0,162.0
2015-03-17,72.0,72.0,70.199997,72.0,43.0
2015-03-18,70.099998,71.949997,69.0,71.449997,2573.0
2015-03-19,69.029999,71.489998,69.0,71.0,338.0
2015-03-20,69.019997,70.900002,69.0,70.900002,798.0
2015-03-23,70.989998,70.989998,69.040001,69.059998,179.0
2015-03-24,69.050003,69.050003,68.050003,68.050003,1087.0
2015-03-25,68.059998,68.059998,68.050003,68.059998,115.0
2015-03-26,68.059998,71.0,68.059998,71.0,83.0
2015-03-27,68.300003,71.0,68.050003,70.650002,2891.0
2015-03-30,68.099998,70.480003,68.099998,70.480003,3382.0
2015-03-31,68.099998,68.120003,68.099998,68.120003,112.0
2015-04-01,68.150002,70.0,68.099998,70.0,9235.0
2015-04-02,68.120003,69.0,68.099998,69.0,535.0
2015-04-03,68.099998,68.099998,68.099998,68.099998,258.0
2015-04-06,68.0,69.900002,64.019997,69.900002,797.0
2015-04-07,69.699997,69.699997,66.019997,66.019997,120.0
2015-04-08,66.099998,69.5,64.300003,64.300003,641.0
2015-04-09,64.0,66.0,64.0,64.0,4221.0
2015-04-10,64.0,66.849998,64.0,64.019997,291.0
2015-04-13,64.019997,64.019997,64.019997,64.019997,60.0
2015-04-14,64.050003,66.0,64.0,66.0,322.0
2015-04-15,66.0,66.699997,66.0,66.0,105.0
2015-04-16,64.349998,64.349998,64.300003,64.300003,251.0
2015-04-17,64.25,66.0,64.25,64.5,98.0
2015-04-20,64.550003,66.0,64.5,66.0,18257.0
2015-04-21,65.029999,66.0,65.0,66.0,12909.0
2015-04-22,65.199997,66.5,65.199997,66.0,220.0
2015-04-23,64.519997,66.900002,64.519997,66.900002,610.0
2015-04-24,65.0,65.900002,64.610001,65.900002,252.0
2015-04-27,65.849998,67.900002,65.849998,67.900002,50.0
2015-04-28,65.0,65.889999,64.660004,65.889999,180.0
2015-04-29,64.699997,65.480003,64.519997,64.519997,274.0
2015-04-30,64.519997,66.940002,64.519997,66.0,2100.0
2015-05-04,64.519997,65.989998,64.519997,65.989998,175.0
2015-05-05,64.529999,64.540001,64.529999,64.540001,109.0
2015-05-06,64.519997,65.989998,64.519997,65.989998,750.0
2015-05-07,64.519997,66.699997,64.519997,66.699997,35.0
2015-05-08,63.310001,65.980003,63.310001,63.5,5563.0
2015-05-11,63.549999,65.980003,63.400002,65.980003,290.0
2015-05-12,63.209999,65.93,63.200001,65.93,80.0
2015-05-13,63.23,65.470001,63.209999,63.209999,247.0
2015-05-14,64.900002,64.900002,63.02,63.02,290.0
2015-05-15,63.009998,64.889999,63.009998,64.889999,11278.0
2015-05-19,63.549999,65.0,63.549999,65.0,140.0
2015-05-20,63.57,64.889999,63.560001,64.889999,120.0
2015-05-21,64.0,64.489998,63.560001,64.489998,3120.0
2015-05-22,64.989998,64.989998,63.52,63.540001,800.0
2015-05-25,63.52,64.93,63.52,64.93,633.0
2015-05-26,63.52,64.93,63.52,64.889999,348.0
2015-05-27,63.52,64.889999,63.52,64.790001,434.0
2015-05-28,63.529999,64.800003,63.099998,63.099998,2746.0
2015-05-29,63.099998,64.989998,63.0,64.989998,140.0
2015-06-01,63.0,64.889999,63.0,64.889999,100.0
2015-06-02,63.099998,64.989998,63.0,64.989998,115.0
2015-06-03,63.110001,64.800003,63.110001,64.800003,161.0
2015-06-04,64.980003,64.980003,63.0,64.970001,285.0
2015-06-05,63.009998,64.699997,61.299999,64.690002,2065.0
2015-06-08,61.799999,64.669998,61.599998,64.650002,895.0
2015-06-09,61.779999,64.449997,61.779999,64.389999,62.0
2015-06-10,61.990002,64.5,61.700001,64.0,755.0
2015-06-11,61.869999,64.0,61.869999,64.0,200.0
2015-06-12,61.799999,63.869999,61.799999,62.0,1680.0
2015-06-15,61.700001,64.389999,61.700001,63.689999,571.0
2015-06-16,62.939999,62.990002,61.700001,62.200001,332.0
2015-06-17,61.700001,62.200001,61.599998,62.200001,420.0
2015-06-18,61.599998,64.0,61.599998,64.0,1210.0
2015-06-19,61.610001,63.450001,61.400002,63.450001,845.0
2015-06-22,60.700001,63.450001,60.040001,63.400002,795.0
2015-06-23,60.110001,63.400002,60.110001,63.400002,680.0
2015-06-24,60.82,63.34,60.68,63.330002,304.0
2015-06-25,60.240002,63.349998,60.240002,63.349998,495.0
2015-06-26,60.610001,63.080002,60.610001,63.07,575.0
2015-06-29,60.82,62.73,60.799999,62.599998,742.0
2015-06-30,57.619999,63.110001,57.619999,63.0,900.0
2015-07-01,59.709999,62.400002,59.709999,62.400002,816.0
2015-07-02,59.759998,63.0,59.759998,63.0,859.0
2015-07-03,60.099998,62.880001,60.099998,62.880001,170.0
2015-07-06,60.27,62.82,60.27,62.82,200.0
2015-07-07,60.450001,62.790001,59.709999,62.689999,939.0
2015-07-08,59.720001,61.689999,59.009998,61.450001,5515.0
2015-07-09,59.0,61.41,59.0,60.099998,1265.0
2015-07-10,61.450001,62.689999,59.18,60.0,105153.0
2015-07-13,59.189999,62.279999,59.189999,62.279999,1802.0
2015-07-14,59.139999,61.98,59.139999,61.98,763.0
2015-07-15,59.59,60.0,59.59,59.799999,1740.0
2015-07-16,60.0,61.0,60.0,61.0,390.0
2015-07-20,60.009998,61.900002,60.0,61.900002,150.0
2015-07-21,61.549999,61.549999,61.549999,61.549999,70.0
2015-07-22,61.900002,61.900002,60.0,61.790001,187.0
2015-07-23,60.0,61.889999,60.0,61.849998,86.0
2015-07-24,60.0,61.790001,60.0,61.779999,341.0
2015-07-27,60.009998,61.669998,60.0,61.669998,160.0
2015-07-28,60.5,61.540001,59.509998,61.529999,1340.0
2015-07-29,59.540001,61.5,59.540001,61.5,450.0
2015-07-31,60.0,61.5,60.0,61.5,51.0
2015-08-03,61.0,61.0,59.25,61.0,670.0
2015-08-04,60.959999,61.0,59.5,61.0,120.0
2015-08-06,59.27,61.0,59.200001,61.0,138.0
2015-08-07,59.200001,59.200001,59.200001,59.200001,550.0
2015-08-10,59.200001,60.990002,59.200001,60.990002,461.0
2015-08-11,59.400002,60.990002,59.400002,60.990002,40.0
2015-08-12,59.25,60.950001,59.25,60.950001,80.0
2015-08-13,59.23,60.990002,58.0,60.990002,1028.0
2015-08-17,59.0,60.990002,58.119999,60.990002,305.0
2015-08-18,58.650002,60.990002,58.650002,60.990002,286.0
2015-08-19,59.009998,60.990002,59.009998,60.990002,165.0
2015-08-24,59.349998,61.0,59.349998,61.0,526.0
2015-08-25,59.049999,61.490002,59.049999,61.490002,300.0
2015-08-26,61.389999,61.389999,59.200001,61.0,115.0
2015-08-27,58.310001,60.900002,58.310001,60.84,890.0
2015-08-28,60.799999,61.0,59.009998,60.990002,491.0
2015-08-31,61.0,61.0,61.0,61.0,20.0
2015-09-01,58.5,60.950001,58.450001,60.84,463.0
2015-09-02,60.84,60.84,60.84,60.84,20.0
2015-09-03,58.549999,60.5,58.549999,60.5,95.0
2015-09-04,58.619999,60.98,57.5,57.5,3219.0
2015-09-07,58.119999,60.889999,58.119999,60.889999,10782.0
2015-09-08,58.02,60.689999,58.02,60.09,340.0
2015-09-09,59.990002,60.0,59.0,60.0,5070.0
2015-09-10,58.599998,59.0,58.119999,59.0,401.0
2015-09-11,58.119999,59.5,58.119999,59.5,555.0
2015-09-14,58.400002,59.400002,58.32,59.400002,592.0
2015-09-15,59.5,60.0,58.330002,60.0,175.0
2015-09-16,58.400002,60.0,58.400002,60.0,100.0
2015-09-17,58.439999,58.5,58.0,58.0,3580.0
2015-09-18,57.799999,58.0,57.5,58.0,350.0
2015-09-21,58.0,58.0,58.0,58.0,1450.0
2015-09-22,57.5,57.5,57.25,57.25,250.0
2015-09-23,58.0,58.0,57.259998,58.0,800.0
2015-09-28,57.34,58.0,57.32,58.0,234.0
2015-09-29,57.32,58.0,57.310001,58.0,60.0
2015-09-30,57.310001,58.0,57.27,57.279999,256.0
2015-10-01,57.25,58.0,57.25,58.0,40.0
2015-10-02,58.0,58.0,55.099998,55.119999,3861.0
2015-10-05,58.290001,58.290001,55.700001,58.169998,410.0
2015-10-06,55.880001,58.0,54.709999,57.799999,2007.0
2015-10-07,57.970001,58.0,55.110001,58.0,314.0
2015-10-09,55.639999,57.98,55.299999,57.98,250.0
2015-10-12,57.970001,57.990002,55.5,57.970001,102.0
2015-10-13,55.41,57.0,55.41,57.0,234.0
2015-10-14,56.990002,57.950001,56.990002,57.950001,70.0
2015-10-16,57.900002,57.900002,57.900002,57.900002,1280.0
2015-10-19,55.490002,57.939999,55.490002,57.939999,40.0
2015-10-20,55.5,57.919998,54.599998,57.919998,2922.0
2015-10-21,54.650002,56.970001,54.650002,56.970001,159.0
2015-10-22,54.66,56.970001,54.66,56.970001,2083.0
2015-10-23,56.0,57.0,54.75,57.0,601.0
2015-10-26,55.060001,56.900002,55.009998,56.900002,140.0
2015-10-27,55.049999,56.950001,55.0,56.950001,1249.0
2015-10-28,55.099998,57.0,55.099998,57.0,281.0
2015-10-29,55.400002,56.98,55.400002,56.970001,398.0
2015-10-30,55.580002,57.0,55.580002,57.0,142.0
2015-11-02,55.549999,57.0,55.419998,57.0,341.0
2015-11-03,55.400002,56.950001,55.240002,56.950001,430.0
2015-11-04,55.450001,56.900002,55.299999,56.900002,130.0
2015-11-05,55.549999,56.990002,55.549999,56.990002,340.0
2015-11-09,56.0,57.0,56.0,57.0,361.0
2015-11-10,55.810001,57.0,55.810001,57.0,50.0
2015-11-11,56.009998,57.0,56.009998,57.0,158.0
2015-11-12,56.049999,57.0,56.049999,57.0,5130.0
2015-11-13,56.25,57.0,56.25,57.0,100.0
2015-11-16,56.0,57.0,55.700001,56.990002,462.0
2015-11-17,57.0,57.0,57.0,57.0,50.0
2015-11-19,55.700001,56.990002,55.5,56.990002,120.0
2015-11-23,56.849998,56.900002,55.599998,56.900002,1360.0
2015-11-25,54.150002,56.849998,54.150002,55.0,8445.0
2015-11-26,54.990002,56.810001,54.200001,56.799999,5220.0
2015-11-27,55.700001,56.790001,55.0,56.700001,351.0
2015-11-30,55.200001,56.0,54.150002,54.380001,450.0
2015-12-01,55.700001,56.0,54.700001,55.0,2232.0
2015-12-02,56.0,56.0,53.099998,56.0,715.0
2015-12-03,53.279999,56.0,53.279999,55.48,840.0
2015-12-04,55.5,55.970001,55.0,55.490002,295.0
2015-12-07,54.0,55.799999,54.0,55.799999,195.0
2015-12-08,54.0,55.990002,53.5,53.5,6611.0
2015-12-09,53.5,53.5,50.349998,53.5,1390.0
2015-12-10,50.5,53.5,50.290001,50.290001,13174.0
2015-12-11,50.0,53.299999,47.5,53.299999,8226.0
2015-12-14,55.490002,55.490002,50.110001,50.110001,4722.0
2015-12-15,50.209999,52.84,47.110001,49.830002,10839.0
2015-12-16,48.0,49.959999,46.880001,49.959999,3190.0
2015-12-17,49.98,52.389999,47.080002,51.98,515.0
2015-12-18,52.150002,52.150002,48.869999,48.869999,2391.0
2015-12-21,51.740002,51.740002,47.119999,51.0,510.0
2015-12-22,51.0,51.389999,48.5,51.389999,872.0
2015-12-23,48.470001,52.139999,48.470001,51.389999,2851.0
2015-12-28,51.59,51.59,48.310001,50.0,3291.0
2015-12-29,50.0,50.0,47.77,50.0,2346.0
2015-12-30,51.5,51.5,48.509998,51.290001,1777.0
2015-12-31,51.290001,51.290001,48.299999,50.5,5497.0
2016-01-04,51.5,51.5,51.0,51.0,141.0
2016-01-05,51.490002,51.490002,48.029999,51.0,185.0
2016-01-06,51.5,51.5,48.0,51.189999,207.0
2016-01-07,52.0,52.0,48.5,50.98,384.0
2016-01-08,50.98,50.98,48.630001,50.5,99.0
2016-01-12,50.889999,50.900002,48.529999,50.299999,280.0
2016-01-13,50.490002,50.490002,48.560001,50.0,223.0
2016-01-14,50.0,50.0,48.299999,48.299999,1096.0
2016-01-15,50.0,50.0,48.0,50.0,1564.0
2016-01-18,51.990002,51.990002,48.549999,51.889999,1213.0
2016-01-19,51.880001,51.880001,49.34,51.880001,386.0
2016-01-20,51.799999,51.799999,49.27,51.66,370.0
2016-01-21,51.599998,51.599998,48.799999,51.490002,914.0
2016-01-22,51.700001,51.700001,49.52,51.700001,370.0
2016-01-25,51.700001,51.799999,51.700001,51.799999,200.0
2016-01-26,51.799999,51.799999,48.700001,48.700001,4069.0
2016-01-27,48.689999,48.689999,45.779999,48.470001,6912.0
2016-01-28,48.439999,48.439999,48.25,48.43,2534.0
2016-01-29,51.0,51.0,46.52,49.889999,1341.0
2016-02-01,49.900002,49.900002,46.900002,49.75,826.0
2016-02-02,49.740002,49.740002,46.779999,49.529999,344.0
2016-02-03,49.580002,49.580002,47.0,49.0,1390.0
2016-02-04,47.0,49.5,47.0,49.5,599.0
2016-02-05,52.0,52.0,48.0,48.0,2210.0
2016-02-08,50.0,50.0,47.02,47.700001,4475.0
2016-02-09,49.880001,49.880001,47.779999,49.689999,4617.0
2016-02-10,49.689999,50.880001,47.790001,50.880001,730.0
2016-02-11,51.0,51.0,48.52,50.0,3386.0
2016-02-12,50.790001,50.84,49.040001,50.0,1027.0
2016-02-15,51.290001,51.290001,48.349998,50.27,357.0
2016-02-16,51.790001,51.790001,49.099998,50.0,1510.0
2016-02-17,51.84,51.84,48.439999,50.0,1962.0
2016-02-18,50.0,51.790001,48.66,50.0,1479.0
2016-02-19,50.939999,50.98,50.0,50.0,300.0
2016-02-22,50.970001,50.970001,50.0,50.0,210.0
2016-02-23,50.48,50.48,48.5,49.900002,5321.0
2016-02-24,50.470001,50.470001,48.549999,50.470001,880.0
2016-02-25,50.0,50.0,48.639999,50.0,295.0
2016-02-26,50.450001,50.450001,47.0,47.0,8859.0
2016-02-29,48.5,48.5,46.0,46.5,5838.0
2016-03-01,45.52,46.5,44.599998,46.349998,23999.0
2016-03-02,48.0,48.0,45.650002,46.349998,11090.0
2016-03-03,48.0,48.43,46.0,46.0,5968.0
2016-03-04,47.470001,47.470001,45.5,46.0,2972.0
2016-03-07,47.720001,47.720001,45.0,45.0,6370.0
2016-03-08,46.889999,46.889999,45.0,46.0,2784.0
2016-03-09,46.759998,46.759998,45.049999,46.0,823.0
2016-03-10,46.459999,47.0,45.130001,46.0,1295.0
2016-03-11,46.419998,47.0,45.540001,46.0,4661.0
2016-03-14,47.389999,47.990002,46.119999,46.990002,1271.0
2016-03-15,48.0,48.5,47.5,48.5,2015.0
2016-03-16,48.5,50.439999,47.799999,50.439999,3169.0
2016-03-17,51.0,51.0,49.049999,50.5,1390.0
2016-03-18,51.0,51.0,50.400002,50.5,3033.0
2016-03-21,49.169998,51.400002,49.150002,51.400002,615.0
2016-03-22,51.400002,51.400002,49.049999,50.900002,720.0
2016-03-23,51.0,51.0,48.330002,50.0,1801.0
2016-03-24,50.0,50.0,49.0,49.98,662.0
2016-03-25,50.0,50.0,48.630001,50.0,698.0
2016-03-28,50.0,50.0,48.75,49.950001,782.0
2016-03-29,50.0,50.0,48.509998,49.950001,787.0
2016-03-30,50.0,50.0,48.52,49.799999,1998.0
2016-03-31,49.950001,50.0,48.52,49.5,1310.0
2016-04-01,49.950001,49.950001,48.52,49.900002,597.0
2016-04-04,49.950001,49.950001,48.540001,49.900002,472.0
2016-04-05,49.900002,49.900002,47.599998,49.889999,2073.0
2016-04-06,49.799999,49.799999,47.639999,49.400002,464.0
2016-04-07,49.349998,49.93,48.25,49.93,800.0
2016-04-08,48.310001,49.91,48.310001,49.860001,735.0
2016-04-11,48.5,48.5,48.5,48.5,801.0
2016-04-12,48.5,48.5,48.330002,48.5,894.0
2016-04-13,48.5,48.5,47.84,47.84,1679.0
2016-04-14,48.5,48.5,46.700001,48.5,810.0
2016-04-15,48.470001,48.5,47.02,48.5,1723.0
2016-04-18,48.5,48.5,47.299999,48.5,340.0
2016-04-19,48.0,48.0,47.5,48.0,1611.0
2016-04-20,48.5,48.5,48.0,48.5,980.0
2016-04-21,48.5,48.5,47.0,48.490002,4659.0
2016-04-22,48.490002,48.490002,46.5,48.450001,2727.0
2016-04-25,48.439999,48.439999,46.59,48.419998,755.0
2016-04-26,48.400002,48.400002,46.400002,48.0,4189.0
2016-04-27,46.549999,47.98,46.41,47.799999,13040.0
2016-04-28,47.970001,48.200001,47.0,48.150002,930.0
2016-04-29,48.389999,49.0,46.799999,48.799999,30895.0
2016-05-02,48.900002,48.900002,47.849998,48.77,103837.0
2016-05-03,48.450001,48.450001,47.299999,48.400002,760.0
2016-05-04,46.599998,48.459999,46.599998,48.400002,560.0
2016-05-05,48.459999,50.0,48.16,49.900002,9996.0
2016-05-06,50.0,50.0,48.650002,50.0,1099.0
2016-05-09,50.0,50.0,47.099998,49.48,1927.0
2016-05-10,49.5,49.98,48.099998,49.740002,2796.0
2016-05-11,50.0,50.0,48.700001,49.779999,870.0
2016-05-12,49.950001,51.0,49.02,51.0,30770.0
2016-05-13,52.0,52.0,50.099998,50.16,3701.0
2016-05-16,51.48,51.48,51.25,51.450001,460.0
2016-05-17,51.290001,51.450001,48.689999,50.0,2430.0
2016-05-18,50.950001,50.950001,48.689999,49.990002,5952.0
2016-05-19,49.900002,49.990002,48.02,49.990002,1405.0
2016-05-20,50.0,50.0,48.220001,49.790001,2688.0
2016-05-23,49.900002,49.900002,49.0,49.0,2260.0
2016-05-24,49.790001,49.799999,48.650002,49.799999,3133.0
2016-05-25,49.700001,49.700001,48.360001,49.400002,7247.0
2016-05-26,49.25,49.25,46.619999,48.5,2116.0
2016-05-27,48.400002,48.419998,48.380001,48.380001,700.0
2016-05-30,48.349998,48.369999,47.57,48.369999,120666.0
2016-05-31,48.389999,48.43,47.709999,48.43,1172.0
2016-06-01,48.5,48.990002,47.939999,48.990002,1055.0
2016-06-02,49.0,49.0,49.0,49.0,2219.0
2016-06-03,49.0,49.0,47.799999,49.0,929.0
2016-06-06,49.0,49.0,48.009998,49.0,480.0
2016-06-07,48.990002,48.990002,47.75,48.990002,1431.0
2016-06-08,48.990002,48.990002,47.25,48.48,7018.0
2016-06-09,46.060001,47.970001,46.060001,46.119999,12650.0
2016-06-10,48.389999,48.389999,45.75,46.299999,3667.0
2016-06-13,47.0,47.950001,47.0,47.950001,115.0
2016-06-14,47.400002,47.400002,47.0,47.299999,413.0
2016-06-15,47.290001,47.490002,46.32,47.459999,1785.0
2016-06-16,47.400002,47.400002,46.150002,47.400002,551.0
2016-06-17,47.349998,47.349998,46.529999,47.0,766.0
2016-06-20,46.5,47.0,46.5,47.0,149.0
2016-06-21,47.0,47.0,47.0,47.0,1000.0
2016-06-22,47.0,47.0,46.5,47.0,310.0
2016-06-23,46.950001,47.689999,46.189999,47.689999,910.0
2016-06-24,47.68,47.68,47.0,47.470001,1722.0
2016-06-27,47.5,47.599998,47.5,47.5,470.0
2016-06-28,47.450001,49.0,46.029999,49.0,3850.0
2016-06-29,49.0,49.0,46.599998,48.900002,7637.0
2016-06-30,49.299999,49.299999,47.25,48.5,6693.0
2016-07-01,48.990002,48.990002,47.32,48.389999,750.0
2016-07-04,48.799999,48.799999,48.790001,48.790001,500.0
2016-07-05,48.889999,48.889999,46.540001,48.099998,1561.0
2016-07-11,48.48,48.490002,47.0,47.0,205.0
2016-07-12,48.400002,48.400002,48.23,48.23,2250.0
2016-07-13,48.419998,49.0,47.349998,48.990002,2871.0
2016-07-14,49.0,49.0,47.509998,48.970001,520.0
2016-07-15,48.970001,48.970001,48.75,48.75,650.0
2016-07-18,48.75,48.75,47.48,48.599998,970.0
2016-07-19,47.419998,48.689999,47.419998,48.48,575.0
2016-07-20,47.529999,48.459999,47.439999,48.150002,1830.0
2016-07-21,48.150002,48.150002,47.400002,47.400002,500.0
2016-07-22,47.970001,47.970001,47.349998,47.349998,386.0
2016-07-25,47.98,47.98,47.970001,47.970001,110.0
2016-07-26,48.439999,48.439999,47.0,48.200001,570.0
2016-07-27,47.009998,48.389999,47.0,47.990002,308.0
2016-07-28,48.0,48.0,46.099998,47.0,538.0
2016-07-29,48.0,48.0,46.279999,46.599998,659.0
2016-08-01,51.0,51.0,47.700001,47.700001,424.0
2016-08-02,48.580002,48.580002,48.0,48.0,400.0
2016-08-03,48.5,48.5,48.450001,48.450001,370.0
2016-08-04,48.450001,48.450001,46.610001,48.0,880.0
2016-08-05,48.34,48.34,48.200001,48.200001,350.0
2016-08-08,48.279999,48.279999,48.0,48.0,350.0
2016-08-09,47.990002,48.0,46.700001,47.900002,730.0
2016-08-10,48.0,48.0,46.849998,47.900002,340.0
2016-08-11,47.900002,47.900002,46.720001,47.900002,403.0
2016-08-12,47.900002,47.900002,46.720001,46.720001,458.0
2016-08-15,46.720001,47.790001,46.720001,47.790001,370.0
2016-08-16,46.709999,47.779999,46.709999,47.5,1070.0
2016-08-17,47.580002,47.580002,46.720001,47.400002,460.0
2016-08-18,46.720001,47.549999,46.720001,47.349998,400.0
2016-08-19,47.75,48.0,46.700001,48.0,1412.0
2016-08-22,48.0,48.0,46.5,48.0,2225.0
2016-08-23,46.5,47.959999,46.5,47.77,1218.0
2016-08-24,47.900002,47.900002,46.919998,47.700001,360.0
2016-08-25,47.779999,47.779999,46.110001,46.110001,7544.0
2016-08-26,47.200001,47.48,47.200001,47.48,1550.0
2016-08-29,47.459999,47.459999,46.720001,47.459999,860.0
2016-08-30,47.470001,47.470001,46.66,46.66,813.0
2016-08-31,47.18,47.18,44.0,46.5,6808.0
2016-09-01,46.900002,46.900002,46.75,46.75,1000.0
2016-09-02,47.200001,47.200001,45.790001,47.200001,3366.0
2016-09-05,47.200001,47.200001,45.900002,47.200001,907.0
2016-09-06,47.200001,47.200001,46.0,47.200001,518.0
2016-09-07,47.200001,47.200001,46.0,47.189999,1550.0
2016-09-08,47.189999,47.380001,46.0,47.380001,990.0
2016-09-09,47.380001,47.380001,47.380001,47.380001,500.0
2016-09-14,47.380001,47.400002,46.0,47.400002,340.0
2016-09-15,47.400002,47.400002,46.200001,47.400002,390.0
2016-09-16,46.200001,47.400002,46.200001,47.400002,407.0
2016-09-19,47.400002,47.400002,46.209999,47.389999,295.0
2016-09-20,47.400002,47.400002,46.299999,47.380001,675.0
2016-09-21,47.389999,47.389999,46.34,47.0,240.0
2016-09-22,47.389999,47.389999,46.450001,47.279999,735.0
2016-09-23,47.400002,49.099998,47.400002,48.540001,3485.0
2016-09-26,49.5,49.5,47.509998,49.0,625.0
2016-09-27,48.990002,49.0,47.619999,48.889999,194.0
2016-09-28,48.900002,48.900002,48.799999,48.799999,350.0
2016-09-29,48.900002,48.900002,48.0,48.48,1067.0
2016-09-30,47.860001,48.799999,47.860001,48.799999,931.0
2016-10-04,48.799999,48.799999,48.0,48.0,4635.0
2016-10-05,48.5,48.5,48.0,48.25,515.0
2016-10-06,48.5,48.5,47.849998,48.5,511.0
2016-10-07,48.5,48.5,47.860001,48.0,618.0
2016-10-10,49.200001,49.299999,47.060001,49.25,1197.0
2016-10-11,47.049999,49.240002,47.049999,48.200001,21581.0
2016-10-12,49.200001,49.200001,49.0,49.0,340.0
2016-10-13,49.18,49.200001,49.169998,49.169998,291.0
2016-10-14,50.5,51.0,48.5,49.799999,16391.0
2016-10-17,49.900002,49.900002,48.700001,49.799999,578.0
2016-10-18,49.799999,49.799999,48.5,49.700001,522.0
2016-10-19,48.860001,49.650002,48.860001,49.650002,36250.0
2016-10-20,49.5,49.5,48.75,49.5,1360.0
2016-10-21,49.5,49.5,48.700001,49.400002,5477.0
2016-10-24,48.220001,49.349998,48.220001,48.220001,3230.0
2016-10-25,49.299999,49.299999,47.77,49.0,1452.0
2016-10-26,48.0,48.599998,48.0,48.599998,360.0
2016-10-27,48.59,48.59,47.700001,47.799999,2485.0
2016-10-28,48.950001,48.990002,47.75,48.990002,248.0
2016-10-31,48.880001,48.900002,48.0,48.900002,517.0
2016-11-01,48.02,48.889999,48.02,48.889999,170.0
2016-11-02,48.889999,48.889999,48.880001,48.880001,101.0
2016-11-03,48.889999,48.889999,47.5,48.869999,420.0
2016-11-04,47.900002,48.889999,47.709999,48.889999,724.0
2016-11-07,48.900002,48.900002,47.82,47.900002,3033.0
2016-11-08,48.889999,48.889999,47.82,48.82,261.0
2016-11-09,47.599998,48.82,47.599998,48.700001,2340.0
2016-11-10,48.779999,48.779999,48.779999,48.779999,50.0
2016-11-11,47.709999,48.689999,47.709999,48.689999,230.0
2016-11-14,48.75,48.75,47.650002,48.400002,152.0
2016-11-15,47.700001,48.0,47.700001,48.0,631.0
2016-11-16,48.200001,48.200001,47.110001,48.189999,21823.0
2016-11-17,47.18,48.0,47.18,47.299999,121.0
2016-11-21,47.299999,48.0,47.299999,48.0,1698.0
2016-11-22,48.0,48.0,47.310001,47.32,53.0
2016-11-23,48.0,48.0,47.209999,48.0,552.0
2016-11-24,48.400002,48.400002,47.299999,48.299999,415.0
2016-11-25,48.0,48.0,47.799999,47.799999,1143.0
2016-11-28,48.299999,48.299999,47.220001,48.299999,493.0
2016-11-29,47.330002,48.290001,47.330002,48.200001,400.0
2016-11-30,47.650002,48.200001,47.369999,48.200001,1489.0
2016-12-01,48.400002,48.400002,47.599998,48.299999,1745.0
2016-12-02,48.0,48.0,47.240002,47.240002,6985.0
2016-12-05,47.5,48.0,47.5,48.0,1820.0
2016-12-06,47.619999,47.98,47.549999,47.549999,135.0
2016-12-07,47.560001,48.0,47.540001,48.0,756.0
2016-12-08,47.669998,48.0,47.669998,48.0,1707.0
2016-12-09,48.0,48.0,47.669998,48.0,752.0
2016-12-14,48.0,50.0,48.0,49.900002,165129.0
2016-12-15,50.009998,52.0,50.009998,52.0,28062.0
2016-12-16,53.400002,53.400002,51.009998,52.0,24940.0
2016-12-19,52.790001,52.790001,50.049999,52.0,31437.0
2016-12-20,52.900002,52.900002,50.0,50.0,127418.0
2016-12-21,51.990002,51.990002,49.0,51.0,37987.0
2016-12-22,51.790001,51.790001,50.200001,51.599998,6320.0
2016-12-23,51.700001,51.700001,49.5,50.0,23649.0
2016-12-26,51.700001,51.700001,48.799999,49.790001,32703.0
2016-12-27,49.790001,49.790001,48.900002,49.790001,17157.0
2016-12-28,49.790001,49.790001,49.0,49.0,6122.0
2016-12-29,49.0,50.0,48.959999,50.0,36736.0
2016-12-30,50.5,50.5,48.830002,48.990002,20320.0
2017-01-02,48.900002,49.900002,48.900002,49.900002,46.0
2017-01-03,50.0,50.490002,48.889999,50.349998,2074.0
2017-01-04,50.34,50.73,48.889999,50.299999,10920.0
2017-01-05,50.290001,50.990002,49.0,50.990002,17603.0
2017-01-06,50.990002,52.0,50.0,51.34,60762.0
2017-01-09,51.049999,51.049999,50.0,50.0,23180.0
2017-01-10,50.0,51.0,49.5,50.0,12576.0
2017-01-12,49.5,50.490002,49.5,50.0,24040.0
2017-01-13,50.0,50.0,49.5,49.5,6964.0
2017-01-16,49.599998,50.0,49.0,49.0,19321.0
2017-01-17,49.0,49.400002,48.869999,49.400002,1657.0
2017-01-18,48.900002,48.900002,47.860001,47.860001,12663.0
2017-01-19,48.099998,49.91,48.099998,49.900002,189.0
2017-01-20,49.799999,49.799999,48.5,49.0,7052.0
2017-01-23,49.650002,49.650002,49.049999,49.049999,2476.0
2017-01-24,48.099998,49.490002,48.080002,49.439999,131798.0
2017-01-25,49.0,49.450001,48.0,48.990002,9285.0
2017-01-26,49.0,49.0,48.0,48.0,2730.0
2017-01-27,49.349998,50.0,48.349998,48.599998,5880.0
2017-01-30,49.459999,49.599998,48.110001,48.110001,7191.0
2017-01-31,48.32,48.75,48.009998,48.740002,330.0
2017-02-01,48.5,48.5,47.0,47.150002,30365.0
2017-02-02,48.490002,48.5,47.150002,48.099998,1304.0
2017-02-03,47.200001,49.5,47.200001,49.369999,5679.0
2017-02-06,49.290001,49.299999,47.830002,49.18,278.0
2017-02-07,47.740002,49.18,47.740002,49.150002,1494.0
2017-02-08,48.130001,49.279999,48.119999,49.279999,910.0
2017-02-09,49.0,49.27,47.91,47.98,62354.0
2017-02-10,47.849998,48.470001,47.099998,48.470001,137349.0
2017-02-13,48.900002,48.900002,47.099998,48.450001,171931.0
2017-02-14,48.810001,49.0,47.599998,48.700001,25420.0
2017-02-15,49.400002,49.400002,47.400002,48.5,71082.0
2017-02-16,47.619999,48.400002,47.619999,48.009998,1093.0
2017-02-17,48.900002,48.970001,47.400002,48.099998,56208.0
2017-02-20,48.169998,52.900002,48.099998,52.900002,767608.0
2017-02-21,55.0,56.5,53.0,53.0,438840.0
2017-02-22,53.0,53.0,51.0,53.0,157992.0
2017-02-23,52.0,52.689999,49.549999,52.0,43455.0
2017-02-24,50.52,52.0,49.150002,50.0,174978.0
2017-02-27,50.889999,51.490002,50.700001,50.799999,27121.0
2017-02-28,50.099998,54.790001,50.099998,52.700001,76111.0
2017-03-01,51.599998,53.25,51.599998,52.900002,40372.0
2017-03-02,52.400002,52.599998,51.299999,52.0,4955.0
2017-03-03,52.0,52.400002,50.66,52.400002,3705.0
2017-03-06,51.0,52.799999,51.0,52.5,20213.0
2017-03-07,51.049999,52.0,51.029999,51.990002,24773.0
2017-03-08,51.900002,51.900002,50.549999,51.779999,3672.0
2017-03-09,51.099998,51.75,50.5,51.400002,20043.0
2017-03-10,50.549999,51.400002,50.23,51.400002,6730.0
2017-03-13,50.52,50.52,50.360001,50.360001,2020.0
2017-03-14,50.310001,51.490002,50.299999,50.650002,7406.0
2017-03-15,50.599998,51.43,50.509998,51.0,1715.0
2017-03-16,51.0,51.0,50.52,51.0,960.0
2017-03-17,51.119999,52.0,50.509998,51.509998,185614.0
2017-03-20,52.0,52.0,51.0,51.099998,15527.0
2017-03-21,51.5,52.439999,51.200001,52.0,35854.0
2017-03-22,52.0,52.34,51.0,52.0,24581.0
2017-03-23,52.0,52.0,51.5,52.0,3458.0
2017-03-24,52.450001,52.450001,52.450001,52.450001,15000.0
2017-03-27,51.0,52.0,51.0,52.0,1030.0
2017-03-28,50.599998,52.0,50.5,52.0,2872.0
2017-03-29,51.009998,51.799999,51.009998,51.799999,262.0
2017-03-30,51.009998,51.799999,50.610001,50.610001,61347.0
2017-03-31,51.0,51.950001,50.619999,51.0,13772.0
2017-04-03,50.02,51.5,50.02,51.0,5585.0
2017-04-04,50.990002,51.0,50.02,51.0,601.0
2017-04-05,50.060001,51.0,50.060001,51.0,1048.0
2017-04-06,50.07,51.0,50.040001,51.0,943.0
2017-04-07,50.990002,52.0,50.5,52.0,8442.0
2017-04-10,52.43,52.43,52.43,52.43,10.0
2017-04-11,52.439999,52.439999,51.0,51.0,449.0
2017-04-12,51.049999,51.049999,51.049999,51.049999,40.0
2017-04-13,51.049999,51.049999,51.049999,51.049999,11.0
2017-04-14,51.049999,52.400002,51.049999,51.099998,88517.0
2017-04-17,51.049999,52.490002,50.5,51.0,434.0
2017-04-18,51.0,52.0,51.0,52.0,2020.0
2017-04-19,52.0,52.490002,52.0,52.200001,4890.0
2017-04-20,52.0,52.18,50.52,50.619999,3399.0
2017-04-21,52.0,52.0,51.0,51.779999,3650.0
2017-04-24,50.639999,51.509998,50.639999,51.0,37771.0
2017-04-25,51.93,51.93,50.619999,51.0,4257.0
2017-04-26,50.639999,50.650002,50.619999,50.619999,1975.0
2017-04-27,51.0,52.0,51.0,52.0,5984.0
2017-04-28,52.290001,52.490002,50.990002,52.299999,159.0
2017-05-02,51.0,52.299999,51.0,51.0,56.0
2017-05-03,51.299999,52.5,51.299999,52.5,12620.0
2017-05-04,52.0,54.0,51.700001,53.48,77656.0
2017-05-05,53.450001,53.5,53.0,53.5,159056.0
2017-05-08,53.200001,53.490002,53.200001,53.200001,2029.0
2017-05-09,53.200001,53.799999,53.200001,53.25,70522.0
2017-05-10,53.200001,53.77,53.0,53.200001,3979.0
2017-05-11,53.200001,53.799999,53.200001,53.5,1210.0
2017-05-12,53.75,54.0,53.099998,54.0,16116.0
2017-05-15,53.099998,54.0,53.099998,54.0,222.0
2017-05-16,53.5,54.0,53.049999,53.099998,5091.0
2017-05-17,53.099998,54.5,53.029999,53.900002,5110.0
2017-05-18,54.48,54.5,53.099998,54.0,3945.0
2017-05-19,54.0,54.299999,53.150002,54.299999,20595.0
2017-05-22,53.0,54.299999,53.0,53.0,12840.0
2017-05-23,52.060001,53.950001,52.060001,52.299999,24913.0
2017-05-24,52.34,53.349998,52.0,52.5,3861.0
2017-05-25,53.880001,53.880001,52.549999,53.200001,966.0
2017-05-26,51.0,51.220001,51.0,51.200001,550.0
2017-05-29,51.299999,51.299999,51.0,51.0,800.0
2017-05-30,52.650002,52.650002,51.0,51.0,4697.0
2017-05-31,50.5,52.189999,50.130001,52.189999,127.0
2017-06-01,51.009998,52.0,50.119999,52.0,158.0
2017-06-02,50.560001,52.0,50.419998,52.0,3115.0
2017-06-05,50.330002,51.0,50.330002,51.0,1100.0
2017-06-06,50.5,51.0,50.5,51.0,2038.0
2017-06-07,51.0,51.0,51.0,51.0,90.0
2017-06-08,51.0,51.0,50.509998,51.0,2600.0
2017-06-09,51.5,51.799999,51.0,51.799999,430.0
2017-06-12,51.900002,51.900002,51.0,51.0,121.0
2017-06-13,51.0,51.009998,50.75,51.0,6649.0
2017-06-14,50.5,51.5,50.5,51.400002,30.0
2017-06-15,51.0,51.099998,50.5,50.98,3916.0
2017-06-16,50.709999,50.98,50.709999,50.709999,165.0
2017-06-19,50.560001,51.880001,50.560001,51.880001,74.0
2017-06-20,50.599998,51.0,50.599998,51.0,3340.0
2017-06-21,51.0,51.0,50.66,51.0,1576.0
2017-06-22,50.669998,50.700001,50.669998,50.700001,1351.0
2017-06-23,50.700001,51.5,50.700001,51.5,5993.0
2017-06-28,51.02,51.900002,50.0,50.5,5809.0
2017-06-29,50.200001,51.5,50.0,50.200001,5390.0
2017-06-30,50.509998,50.509998,49.900002,49.900002,21398.0
2017-07-03,49.900002,50.200001,49.5,50.200001,6060.0
2017-07-04,49.400002,50.740002,49.400002,49.799999,697.0
2017-07-05,50.0,50.0,49.799999,49.799999,301.0
2017-07-06,49.700001,50.0,49.700001,49.73,1081.0
2017-07-07,49.5,50.0,49.5,49.5,5075.0
2017-07-10,49.599998,50.0,49.509998,49.509998,3198.0
2017-07-11,50.5,50.5,49.509998,50.450001,363.0
2017-07-12,49.610001,50.490002,49.599998,50.470001,850.0
2017-07-13,49.630001,50.919998,49.349998,50.919998,71947.0
2017-07-14,49.849998,50.779999,49.849998,50.200001,12294.0
2017-07-17,49.900002,50.5,49.900002,50.0,4378.0
2017-07-18,50.459999,51.490002,50.400002,51.009998,83415.0
2017-07-19,50.52,50.52,50.119999,50.150002,172.0
2017-07-20,50.450001,51.400002,50.099998,50.099998,1055.0
2017-07-21,51.200001,51.200001,50.099998,50.110001,3895.0
2017-07-24,50.119999,51.09,50.009998,50.139999,2414.0
2017-07-25,50.0,50.049999,50.0,50.049999,22495.0
2017-07-26,50.02,50.990002,50.02,50.349998,1189.0
2017-07-27,50.310001,51.450001,50.310001,51.450001,3359.0
2017-07-28,50.580002,51.470001,50.580002,51.349998,1352.0
2017-07-31,50.700001,53.48,50.700001,51.599998,28413.0
2017-08-01,51.0,52.0,50.669998,51.02,2702.0
2017-08-02,51.98,51.98,50.91,51.0,20076.0
2017-08-03,50.919998,51.799999,50.919998,51.799999,1073.0
2017-08-04,51.849998,52.5,51.849998,52.5,22174.0
2017-08-07,52.400002,52.439999,51.5,51.5,2086.0
2017-08-08,51.5,53.25,51.5,53.25,2710.0
2017-08-09,52.0,54.0,52.0,54.0,2031.0
2017-08-10,54.0,54.0,52.700001,54.0,4273.0
2017-08-11,52.5,53.0,52.25,53.0,13632.0
2017-08-15,53.970001,53.970001,52.5,52.5,5068.0
2017-08-16,52.400002,53.0,52.110001,52.5,4998.0
2017-08-17,52.0,52.700001,52.0,52.0,3316.0
2017-08-18,52.259998,53.0,51.529999,52.700001,727.0
2017-08-22,53.0,53.0,52.299999,52.299999,21.0
2017-08-23,52.0,52.150002,51.400002,51.5,3727.0
2017-08-24,51.549999,52.0,51.169998,52.0,347.0
2017-08-25,51.0,52.299999,50.900002,52.299999,6522.0
2017-08-28,51.119999,52.900002,51.119999,52.900002,205.0
2017-08-29,52.98,52.98,50.950001,51.0,140.0
2017-08-30,51.0,51.049999,51.0,51.049999,308.0
2017-08-31,51.099998,51.200001,51.049999,51.200001,1884.0
2017-09-04,52.5,52.5,51.150002,52.5,6948.0
2017-09-05,51.110001,51.110001,51.099998,51.099998,2670.0
2017-09-06,51.150002,51.25,51.099998,51.099998,2042.0
2017-09-07,51.200001,51.200001,51.0,51.0,645.0
2017-09-08,51.119999,52.5,51.119999,52.5,4901.0
2017-09-12,52.599998,53.990002,52.599998,53.990002,11020.0
2017-09-13,59.380001,59.380001,56.75,58.900002,134527.0
2017-09-14,58.799999,58.799999,57.0,57.0,23738.0
2017-09-15,57.900002,58.0,57.099998,57.130001,4904.0
2017-09-18,58.0,59.5,56.700001,58.5,23577.0
2017-09-19,57.700001,58.900002,55.02,57.0,12428.0
2017-09-20,55.5,55.5,55.5,55.5,5535.0
2017-09-21,55.5,55.75,55.119999,55.75,6000.0
2017-09-25,55.73,56.0,55.0,55.799999,28494.0
2017-09-26,57.299999,57.450001,55.700001,55.700001,37723.0
2017-09-27,57.889999,57.889999,56.0,56.0,685.0
2017-09-28,56.0,56.049999,55.5,55.720001,4075.0
2017-09-29,55.709999,57.0,55.200001,57.0,20130.0
2017-10-02,56.700001,57.450001,56.700001,57.450001,2500.0
2017-10-03,57.0,57.0,55.5,56.900002,261.0
2017-10-04,56.900002,56.900002,55.0,55.299999,5273.0
2017-10-05,55.009998,56.0,54.5,55.299999,7461.0
2017-10-06,54.799999,55.849998,54.799999,54.900002,6666.0
2017-10-09,54.700001,54.700001,54.700001,54.700001,30.0
2017-10-10,54.900002,55.799999,54.849998,55.799999,3827.0
2017-10-11,56.0,56.0,54.900002,54.900002,13390.0
2017-10-12,55.5,60.380001,55.299999,60.380001,31846.0
2017-10-13,66.190002,66.190002,60.200001,61.799999,149102.0
2017-10-16,61.5,63.299999,60.5,63.0,13367.0
2017-10-17,61.700001,63.700001,61.549999,62.5,17481.0
2017-10-18,62.0,63.299999,62.0,63.299999,11353.0
2017-10-19,62.5,69.0,62.5,65.0,55139.0
2017-10-20,65.019997,67.5,64.339996,64.599998,4187.0
2017-10-23,64.699997,66.0,64.0,64.980003,2081.0
2017-10-24,63.5,64.0,63.0,63.0,4669.0
2017-10-25,63.0,64.0,62.5,64.0,113306.0
2017-10-26,63.099998,64.550003,63.049999,64.550003,15900.0
2017-10-27,64.489998,67.0,64.400002,65.5,153970.0
2017-10-30,65.0,66.0,65.0,65.550003,530.0
2017-10-31,64.699997,66.0,64.699997,65.040001,22670.0
2017-11-01,65.0,65.760002,64.75,65.0,1758.0
2017-11-02,65.0,65.300003,65.0,65.300003,2865.0
2017-11-03,67.400002,67.400002,65.0,65.099998,68.0
2017-11-07,65.400002,67.0,65.349998,65.650002,1203.0
2017-11-08,65.650002,65.650002,64.900002,65.360001,5142.0
2017-11-09,66.0,66.980003,65.199997,66.0,3158.0
2017-11-10,65.010002,66.0,64.629997,66.0,960.0
2017-11-13,64.800003,65.0,64.800003,65.0,229.0
2017-11-14,65.099998,65.349998,65.099998,65.300003,2390.0
2017-11-15,66.0,66.0,65.0,65.0,1336.0
2017-11-16,65.0,65.0,64.839996,64.849998,535.0
2017-11-17,64.839996,66.0,64.839996,64.839996,1641.0
2017-11-20,64.639999,66.400002,64.639999,65.0,6113.0
2017-11-22,65.0,65.0,63.5,64.0,6075.0
2017-11-23,63.5,64.839996,63.0,64.839996,3802.0
2017-11-24,64.900002,64.900002,64.0,64.0,1359.0
2017-11-27,64.0,64.699997,64.0,64.699997,104.0
2017-11-28,63.25,64.900002,63.25,64.699997,21361.0
2017-11-29,63.549999,64.949997,63.549999,63.599998,1913.0
2017-11-30,63.450001,64.599998,63.450001,63.599998,1011.0
2017-12-04,63.560001,64.0,63.549999,64.0,480.0
2017-12-05,63.150002,63.900002,62.5,63.900002,95.0
2017-12-06,62.599998,62.599998,60.5,60.5,35778.0
2017-12-07,62.0,63.5,61.900002,62.0,8070.0
2017-12-08,61.599998,63.5,61.599998,63.0,1850.0
2017-12-11,63.900002,63.900002,63.900002,63.900002,2.0
2017-12-12,62.099998,63.5,62.009998,63.5,19516.0
2017-12-13,62.240002,63.799999,62.200001,62.599998,1141.0
2017-12-14,62.220001,62.220001,61.200001,62.009998,1461.0
2017-12-15,62.599998,62.599998,62.0,62.0,135.0
2017-12-18,61.619999,61.619999,61.610001,61.610001,25.0
2017-12-19,62.0,62.0,60.799999,60.799999,3473.0
2017-12-20,60.799999,61.009998,60.799999,61.0,3165.0
2017-12-21,61.950001,61.950001,61.16,61.16,40.0
2017-12-22,61.0,61.099998,59.599998,61.099998,9401.0
2017-12-25,61.0,62.990002,61.0,62.990002,190.0
2017-12-26,61.299999,62.799999,61.299999,62.799999,300840.0
2017-12-27,61.299999,62.799999,61.0,62.799999,197.0
2017-12-28,61.02,65.0,61.02,64.849998,100575.0
2017-12-29,64.0,65.0,64.0,64.0,72963.0
2018-01-02,65.650002,65.650002,63.0,64.800003,3263.0
2018-01-03,64.0,65.650002,64.0,65.300003,7076.0
2018-01-04,62.599998,65.0,62.599998,64.0,520.0
2018-01-08,62.5,64.949997,62.5,64.949997,5520.0
2018-01-09,63.5,63.5,63.5,63.5,70.0
2018-01-12,63.5,64.900002,63.5,63.700001,650.0
2018-01-15,64.800003,69.0,64.800003,69.0,148597.0
2018-01-16,70.0,72.0,67.550003,68.400002,26605.0
2018-01-17,65.300003,70.0,65.300003,67.5,5694.0
2018-01-18,67.0,68.790001,66.809998,68.0,660.0
2018-01-19,66.900002,68.0,66.900002,68.0,4714.0
2018-01-22,67.0,68.0,67.0,68.0,622.0
2018-01-23,67.139999,68.0,67.139999,67.25,848.0
2018-01-24,68.660004,69.779999,68.0,68.209999,6884.0
2018-01-25,67.650002,69.980003,67.650002,69.980003,8462.0
2018-01-26,70.0,70.0,69.0,69.050003,2970.0
2018-01-29,69.099998,71.849998,69.099998,70.0,18901.0
2018-01-30,70.129997,71.5,70.0,71.0,20221.0
2018-01-31,71.699997,73.400002,70.099998,72.199997,54088.0
2018-02-01,71.0,73.589996,71.0,73.050003,12805.0
2018-02-02,73.589996,73.589996,71.400002,73.0,9255.0
2018-02-05,71.0,71.0,70.099998,70.139999,2130.0
2018-02-06,70.5,72.5,70.449997,72.0,32719.0
2018-02-07,71.010002,72.900002,71.010002,71.5,1633.0
2018-02-08,71.5,71.510002,71.5,71.510002,1950.0
2018-02-09,71.900002,72.010002,71.529999,72.010002,1929.0
2018-02-12,72.900002,75.0,72.150002,74.470001,15134.0
2018-02-13,75.019997,77.0,74.510002,76.0,23266.0
2018-02-14,76.120003,77.800003,76.120003,77.0,51550.0
2018-02-15,77.0,77.0,76.0,76.010002,31560.0
2018-02-16,76.0,76.75,74.099998,75.010002,11864.0
2018-02-19,76.0,77.0,75.099998,76.0,9021.0
2018-02-20,76.199997,82.5,76.0,80.0,204724.0
2018-02-21,82.0,83.199997,80.0,80.900002,16465.0
2018-02-22,80.050003,80.900002,78.150002,78.150002,30696.0
2018-02-23,78.150002,80.0,78.150002,79.5,2136.0
2018-02-26,80.989998,80.989998,78.510002,78.599998,2169.0
2018-02-27,78.529999,80.699997,77.5,79.779999,74290.0
2018-02-28,79.0,81.0,78.199997,78.400002,2963.0
2018-03-01,78.0,82.0,78.0,80.0,2041.0
2018-03-02,80.0,80.0,79.120003,79.220001,3801.0
2018-03-05,78.599998,78.699997,78.330002,78.330002,2740.0
2018-03-06,78.5,80.5,78.5,80.400002,11575.0
2018-03-07,79.300003,79.949997,79.139999,79.199997,2351.0
2018-03-08,79.0,80.300003,79.0,79.199997,17514.0
2018-03-09,79.0,80.199997,78.599998,80.0,56699.0
2018-03-12,79.019997,80.0,78.0,78.400002,5848.0
2018-03-13,78.550003,79.849998,78.550003,79.0,5622.0
2018-03-14,79.0,79.949997,78.400002,78.699997,5676.0
2018-03-15,80.099998,81.0,79.0,80.010002,196221.0
2018-03-16,78.5,80.0,78.0,80.0,106593.0
2018-03-19,78.699997,80.0,78.699997,80.0,2370.0
2018-03-20,78.599998,80.0,78.5,80.0,9270.0
2018-03-21,78.699997,79.589996,78.699997,78.849998,1220.0
2018-03-22,78.900002,78.900002,78.900002,78.900002,1496.0
2018-03-23,78.800003,80.0,78.199997,80.0,15721.0
2018-03-26,78.699997,78.699997,78.699997,78.699997,40.0
2018-03-27,78.709999,78.800003,78.699997,78.699997,215.0
2018-03-28,78.699997,79.0,78.699997,79.0,3789.0
2018-03-29,78.75,78.75,78.0,78.199997,1290.0
2018-03-30,78.099998,80.0,78.099998,80.0,27263.0
2018-04-02,80.0,80.0,79.0,79.0,48235.0
2018-04-03,79.0,79.989998,78.0,78.0,1569.0
2018-04-04,78.0,78.0,76.349998,78.0,1655.0
2018-04-05,76.650002,78.0,76.650002,78.0,930.0
2018-04-06,78.0,79.800003,78.0,79.800003,1666.0
2018-04-09,77.0,77.110001,77.0,77.099998,140.0
2018-04-10,78.0,78.0,78.0,78.0,20.0
2018-04-11,79.0,80.0,76.639999,80.0,5062.0
2018-04-12,77.0,80.0,77.0,80.0,2010.0
2018-04-16,78.0,78.099998,78.0,78.099998,170.0
2018-04-17,79.900002,80.0,79.900002,80.0,91382.0
2018-04-18,80.0,82.5,78.5,78.5,9518.0
2018-04-19,77.699997,77.699997,77.699997,77.699997,40.0
2018-04-20,77.699997,78.339996,77.699997,78.339996,669.0
2018-04-23,79.0,79.0,77.900002,78.0,650.0
2018-04-24,78.0,79.300003,77.400002,78.0,5016.0
2018-04-25,77.5,77.5,77.5,77.5,80.0
2018-04-26,77.610001,77.660004,77.010002,77.660004,1151.0
2018-04-27,78.0,79.5,78.0,79.5,804.0
2018-04-30,78.099998,78.099998,78.050003,78.050003,50.0
2018-05-02,78.050003,78.959999,76.029999,78.959999,814.0
2018-05-03,76.300003,78.0,76.300003,76.620003,2153.0
2018-05-04,77.0,78.0,77.0,78.0,57257.0
2018-05-08,78.0,78.0,76.800003,76.800003,2560.0
2018-05-09,76.800003,77.010002,76.510002,77.0,11000.0
2018-05-10,76.519997,76.519997,76.519997,76.519997,60.0
2018-05-11,76.5,77.0,76.5,77.0,3444.0
2018-05-14,76.5,77.900002,76.5,76.529999,6507.0
2018-05-15,78.0,78.5,76.199997,76.599998,2841.0
2018-05-16,76.0,78.0,71.0,78.0,9332.0
2018-05-17,76.0,78.0,76.0,77.800003,8395.0
2018-05-18,76.5,79.0,76.5,76.620003,2264.0
2018-05-21,75.0,79.0,75.0,79.0,3670.0
2018-05-22,78.900002,79.0,78.900002,79.0,510.0
2018-05-23,76.120003,78.699997,76.120003,77.5,5760.0
2018-05-24,78.989998,79.0,78.989998,79.0,200.0
2018-05-28,77.0,78.5,77.0,77.0,2780.0
2018-05-29,76.199997,78.400002,76.199997,76.400002,300.0
2018-05-30,79.0,79.0,79.0,79.0,1200.0
2018-05-31,79.0,79.0,79.0,79.0,2400.0
2018-06-01,77.25,79.0,77.099998,77.099998,2735.0
2018-06-04,75.099998,75.099998,74.120003,75.0,15384.0
2018-06-05,75.0,77.0,73.0,77.0,4266.0
2018-06-07,76.0,76.0,74.0,76.0,7380.0
2018-06-08,75.0,76.0,75.0,76.0,6159.0
2018-06-11,75.0,75.0,75.0,75.0,20.0
2018-06-12,73.0,75.5,73.0,75.5,360.0
2018-06-13,74.989998,74.989998,74.989998,74.989998,500.0
2018-06-14,72.75,74.989998,72.75,74.980003,886.0
2018-06-19,74.989998,75.0,74.989998,75.0,1500.0
2018-06-20,73.050003,76.0,73.050003,76.0,2580.0
2018-06-21,74.0,75.900002,74.0,75.900002,120.0
2018-06-22,74.0,74.0,70.0,70.0,88008.0
2018-06-25,70.0,71.5,68.32,70.0,6866.0
2018-06-26,69.099998,71.400002,69.099998,71.199997,1697.0
2018-06-27,72.0,74.480003,68.660004,70.0,21774.0
2018-06-28,68.5,72.989998,68.32,70.0,2384.0
2018-06-29,68.0,70.0,68.0,68.5,29596.0
2018-07-02,73.0,73.0,68.0,68.0,157.0
2018-07-03,69.989998,70.0,68.0,70.0,74676.0
2018-07-04,68.099998,71.5,68.099998,71.5,2597.0
2018-07-05,72.0,72.0,72.0,72.0,1000.0
2018-07-06,71.900002,72.0,71.900002,72.0,3100.0
2018-07-09,72.0,72.0,72.0,72.0,1000.0
2018-07-10,68.349998,72.0,68.349998,72.0,1160.0
2018-07-11,69.0,72.0,69.0,72.0,1120.0
2018-07-13,70.0,70.0,70.0,70.0,6535.0
2018-07-16,71.400002,71.400002,71.400002,71.400002,500.0
2018-07-17,69.0,71.459999,69.0,71.459999,30.0
2018-07-18,68.300003,71.0,67.5,67.5,4161.0
2018-07-19,66.5,71.349998,66.5,71.349998,970.0
2018-07-20,69.0,71.949997,69.0,71.949997,2244.0
2018-07-23,71.0,71.0,71.0,71.0,5.0
2018-07-24,71.949997,71.949997,71.900002,71.900002,312.0
2018-07-26,66.849998,71.849998,66.849998,71.849998,310.0
2018-07-27,71.0,71.800003,67.099998,70.800003,2081.0
2018-08-01,71.849998,71.949997,68.5,71.949997,1455.0
2018-08-02,71.0,71.949997,71.0,71.949997,536.0
2018-08-03,68.699997,71.800003,68.699997,70.0,1601.0
2018-08-06,69.0,71.949997,69.0,71.949997,515.0
2018-08-07,70.0,71.93,70.0,71.93,595.0
2018-08-08,70.0,70.199997,70.0,70.199997,1290.0
2018-08-09,69.150002,71.0,69.150002,69.220001,40712.0
2018-08-10,70.0,71.93,69.099998,71.93,1503.0
2018-08-15,69.010002,70.0,69.010002,70.0,540.0
2018-08-16,71.800003,71.800003,69.0,69.0,2456.0
2018-08-17,70.0,71.0,69.0,69.0,3370.0
2018-08-24,70.0,70.0,70.0,70.0,500.0
2018-08-27,70.0,70.0,65.059998,70.0,1302.0
2018-08-28,70.0,70.0,69.0,69.0,2659.0
2018-08-29,69.0,69.0,69.0,69.0,1025.0
2018-08-30,65.699997,69.0,65.699997,69.0,2485.0
2018-08-31,69.0,70.0,69.0,69.989998,2500.0
2018-09-03,65.0,65.0,65.0,65.0,7597.0
2018-09-04,69.949997,70.0,69.0,69.0,8440.0
2018-09-05,68.900002,68.900002,65.0,65.0,2122.0
2018-09-06,62.799999,67.900002,62.799999,67.900002,1638.0
2018-09-07,64.050003,67.949997,64.050003,65.0,7077.0
2018-09-10,62.700001,67.790001,62.700001,67.699997,3166.0
2018-09-12,67.0,67.0,65.0,65.0,4007.0
2018-09-13,64.050003,67.0,63.200001,67.0,1374.0
2018-09-14,63.0,63.0,63.0,63.0,12741.0
2018-09-17,63.099998,66.300003,63.099998,66.300003,49.0
2018-09-18,66.25,66.5,63.099998,63.099998,669.0
2018-09-19,63.150002,63.150002,60.5,62.0,2572.0
2018-09-20,65.0,65.0,65.0,65.0,500.0
2018-09-21,65.0,67.0,64.0,64.0,634.0
2018-09-24,64.0,64.0,62.5,62.5,2856.0
2018-09-25,62.099998,62.52,62.099998,62.52,32.0
2018-09-26,62.549999,62.799999,62.549999,62.799999,703.0
2018-09-28,63.0,64.0,63.0,64.0,1520.0
2018-10-01,63.0,63.950001,62.200001,63.950001,197.0
2018-10-02,62.25,64.0,62.200001,64.0,25.0
2018-10-04,63.900002,63.900002,63.110001,63.110001,176.0
2018-10-05,63.900002,64.0,62.0,64.0,1680.0
2018-10-08,62.09,62.110001,62.09,62.099998,501.0
2018-10-09,62.5,64.0,62.5,64.0,30.0
2018-10-10,64.0,64.949997,62.0,62.0,704.0
2018-10-11,63.0,63.0,63.0,63.0,500.0
2018-10-12,62.07,64.0,61.52,61.549999,23090.0
2018-10-15,61.549999,61.549999,61.549999,61.549999,519.0
2018-10-16,61.529999,61.529999,56.5,58.5,13380.0
2018-10-17,57.650002,61.5,57.200001,61.5,4393.0
2018-10-18,61.5,61.5,61.5,61.5,60.0
2018-10-19,59.549999,61.0,59.549999,60.0,1630.0
2018-10-23,59.25,59.25,59.099998,59.099998,50.0
2018-10-24,59.25,59.5,59.25,59.27,63.0
2018-10-25,59.25,61.889999,59.25,61.889999,23.0
2018-10-26,59.25,61.900002,59.25,61.700001,2270.0
2018-10-30,60.0,60.0,59.5,60.0,640.0
2018-10-31,59.330002,60.0,59.330002,60.0,25.0
2018-11-01,59.330002,61.700001,59.110001,61.700001,600.0
2018-11-02,61.689999,61.700001,58.560001,58.560001,7077.0
2018-11-05,57.57,61.389999,57.57,60.0,1338.0
2018-11-07,59.049999,61.490002,57.830002,61.490002,1125.0
2018-11-08,60.049999,61.450001,60.0,61.450001,610.0
2018-11-09,60.0,61.299999,60.0,61.299999,2040.0
2018-11-13,59.610001,61.139999,59.610001,61.139999,512.0
2018-11-14,58.610001,61.290001,58.610001,61.290001,95.0
2018-11-15,59.5,61.189999,59.5,61.189999,50.0
2018-11-16,60.0,61.16,58.5,58.5,2426.0
2018-11-19,61.200001,61.200001,58.5,61.0,337.0
2018-11-23,58.599998,60.0,58.599998,60.0,350.0
2018-11-26,58.560001,61.099998,58.560001,61.099998,30.0
2018-11-28,61.0,61.0,61.0,61.0,50.0
2018-11-29,60.0,60.0,60.0,60.0,557.0
2018-11-30,58.810001,61.139999,58.799999,61.139999,2580.0
2018-12-03,60.0,61.0,59.0,61.0,414.0
2018-12-04,60.0,60.0,59.009998,59.009998,515.0
2018-12-05,59.029999,61.34,59.02,61.34,260.0
2018-12-06,59.610001,59.610001,59.610001,59.610001,72.0
2018-12-07,59.099998,59.099998,59.099998,59.099998,1670.0
2018-12-10,61.240002,61.279999,61.240002,61.240002,71.0
2018-12-12,59.75,59.75,59.75,59.75,40.0
2018-12-13,60.0,60.0,59.75,60.0,380.0
2018-12-14,59.009998,60.0,59.0,60.0,7564.0
2018-12-17,59.0,60.990002,58.610001,60.990002,80.0
2018-12-19,60.5,60.5,60.5,60.5,24.0
2018-12-20,60.0,60.0,58.66,60.0,642.0
2018-12-21,59.0,59.0,58.509998,58.509998,1955.0
2018-12-24,58.509998,58.599998,58.5,58.599998,320.0
2018-12-25,58.700001,60.0,58.529999,60.0,60.0
2018-12-26,58.610001,59.0,58.610001,59.0,229.0
2018-12-28,58.0,58.0,55.599998,55.599998,15691.0
2018-12-31,58.970001,58.970001,56.5,57.0,452.0
2019-01-02,57.540001,57.540001,57.349998,57.5,161.0
2019-01-03,59.0,60.0,59.0,60.0,953.0
2019-01-04,59.970001,61.09,59.970001,61.09,1613.0
2019-01-07,61.900002,61.900002,59.200001,59.990002,1806.0
2019-01-08,61.0,61.0,59.700001,60.959999,109.0
2019-01-09,59.25,60.5,58.610001,60.5,459.0
2019-01-10,60.0,60.950001,59.0,60.950001,410.0
2019-01-14,58.0,60.0,58.0,60.0,2377.0
2019-01-15,58.240002,59.799999,58.240002,59.799999,165.0
2019-01-16,58.5,58.5,58.029999,58.029999,2897.0
2019-01-17,58.0,58.200001,55.5,58.200001,4494.0
2019-01-18,58.200001,59.900002,58.200001,58.990002,2030.0
2019-01-22,59.830002,59.830002,58.099998,58.099998,370.0
2019-01-23,58.099998,58.099998,58.099998,58.099998,60.0
2019-01-24,56.34,58.0,56.34,58.0,5854.0
2019-01-25,56.400002,58.990002,55.619999,55.619999,10562.0
2019-01-28,56.009998,58.889999,56.0,58.889999,45.0
2019-01-31,58.849998,58.849998,58.849998,58.849998,156.0
2019-02-01,58.84,58.84,56.0,58.139999,107000.0
2019-02-05,55.349998,58.139999,55.349998,58.139999,90.0
2019-02-06,57.959999,58.139999,57.959999,58.139999,120.0
2019-02-07,56.0,57.900002,55.150002,57.900002,81007.0
2019-02-08,55.189999,58.0,55.189999,58.0,2154.0
2019-02-11,56.200001,58.0,56.200001,58.0,23.0
2019-02-13,58.0,58.0,58.0,58.0,769.0
2019-02-14,56.209999,57.5,56.209999,57.5,1070.0
2019-02-15,56.799999,59.200001,56.799999,59.200001,2176.0
2019-02-18,59.150002,64.889999,56.650002,60.0,13650.0
2019-02-19,59.0,61.990002,57.700001,59.0,1802.0
2019-02-20,59.0,60.759998,59.0,60.759998,361.0
2019-02-21,57.200001,61.450001,57.200001,61.450001,712.0
2019-02-22,60.0,61.299999,59.099998,59.099998,16820.0
2019-02-25,59.099998,60.849998,59.099998,60.0,412.0
2019-02-26,59.099998,59.200001,58.5,58.5,21067.0
2019-02-27,58.490002,58.5,58.490002,58.5,166.0
2019-02-28,58.220001,58.220001,58.200001,58.200001,60.0
2019-03-01,58.200001,59.200001,58.0,59.200001,1211.0
2019-03-05,59.200001,60.700001,59.200001,60.700001,1059.0
2019-03-06,57.0,57.0,57.0,57.0,1.0
2019-03-07,60.400002,60.400002,60.400002,60.400002,1.0
2019-03-08,58.0,58.0,57.0,57.75,77311.0
2019-03-11,60.279999,60.279999,58.0,59.0,310.0
2019-03-12,58.049999,58.049999,56.509998,57.900002,569.0
2019-03-13,56.049999,57.700001,56.049999,57.700001,185.0
2019-03-14,57.700001,57.700001,56.5,57.0,420.0
2019-03-15,57.700001,60.400002,57.700001,59.5,52492.0
2019-03-18,57.599998,58.5,57.599998,58.5,596.0
2019-03-19,58.049999,59.0,57.099998,57.099998,18361.0
2019-03-20,57.0,57.099998,56.799999,57.099998,1250.0
2019-03-21,56.049999,56.5,55.720001,56.0,6059.0
2019-03-22,56.400002,57.0,56.099998,56.099998,16827.0
2019-03-25,56.990002,57.0,56.990002,57.0,1679.0
2019-03-26,56.009998,57.0,55.599998,56.0,2052.0
2019-03-27,55.419998,56.5,55.419998,55.93,816.0
2019-03-28,56.0,56.5,56.0,56.0,1028.0
2019-03-29,56.73,56.73,55.0,55.0,13427.0
2019-04-01,56.990002,56.990002,55.099998,55.099998,2579.0
2019-04-02,55.099998,56.0,55.099998,55.200001,2038.0
2019-04-03,55.200001,55.200001,55.200001,55.200001,20.0
2019-04-04,55.25,56.849998,55.200001,56.849998,20221.0
2019-04-05,56.0,56.0,55.200001,55.25,590.0
2019-04-08,55.25,55.25,55.200001,55.200001,687.0
2019-04-09,55.049999,58.700001,53.0,58.700001,1344.0
2019-04-11,56.0,56.0,56.0,56.0,420.0
2019-04-12,56.0,57.450001,55.41,56.5,278.0
2019-04-15,55.25,57.400002,55.200001,55.200001,570.0
2019-04-16,56.0,56.0,56.0,56.0,1.0
2019-04-17,55.27,57.200001,55.200001,57.200001,504.0
2019-04-18,56.0,56.0,56.0,56.0,121.0
2019-04-19,55.259998,55.259998,55.200001,55.200001,156.0
2019-04-22,55.23,56.0,55.200001,55.200001,520.0
2019-04-23,55.150002,55.200001,54.299999,54.5,2107.0
2019-04-24,54.5,56.75,53.0,55.0,1198.0
2019-04-25,54.990002,55.0,53.490002,53.490002,158.0
2019-04-26,54.98,56.290001,53.490002,53.490002,190446.0
2019-04-29,56.099998,56.099998,56.099998,56.099998,100.0
2019-04-30,54.200001,54.259998,54.200001,54.259998,190.0
2019-05-02,55.0,55.0,55.0,55.0,45.0
2019-05-03,55.0,55.0,54.299999,54.349998,49.0
2019-05-06,54.349998,54.349998,54.349998,54.349998,20.0
2019-05-07,54.25,56.0,54.25,56.0,240.0
2019-05-08,54.349998,55.990002,54.349998,55.990002,102.0
2019-05-09,55.990002,56.450001,55.98,56.450001,1050.0
2019-05-10,54.77,56.0,54.77,56.0,516.0
2019-05-13,55.099998,57.0,55.049999,57.0,540.0
2019-05-14,57.0,57.0,56.02,57.0,1863.0
2019-05-15,56.950001,57.900002,56.950001,57.0,697.0
2019-05-16,57.950001,59.450001,57.5,58.0,32755.0
2019-05-17,57.549999,58.049999,57.549999,58.049999,580.0
2019-05-20,59.950001,60.990002,58.299999,58.529999,489.0
2019-05-21,59.900002,59.900002,59.900002,59.900002,6.0
2019-05-22,58.060001,58.150002,58.009998,58.150002,164.0
2019-05-23,58.029999,58.029999,58.029999,58.029999,55.0
2019-05-24,58.029999,59.310001,57.509998,57.509998,3140.0
2019-05-27,57.900002,57.900002,57.900002,57.900002,1.0
2019-05-28,54.200001,57.900002,54.200001,57.900002,21.0
2019-05-29,54.84,56.799999,54.84,56.799999,1479.0
2019-05-30,55.259998,58.880001,55.0,58.880001,35525.0
2019-05-31,58.860001,58.860001,55.0,55.0,102461.0
2019-06-03,54.5,54.5,54.5,54.5,200.0
2019-06-04,56.950001,56.950001,55.0,55.0,79.0
2019-06-10,56.5,56.5,56.5,56.5,4.0
2019-06-11,54.549999,55.0,54.549999,55.0,24.0
2019-06-12,55.0,55.0,55.0,55.0,1025.0
2019-06-13,56.0,56.0,55.5,55.5,70.0
2019-06-14,55.98,56.0,55.98,56.0,233.0
2019-06-17,56.0,56.400002,55.099998,56.400002,91.0
2019-06-18,56.689999,56.689999,55.200001,56.299999,385.0
2019-06-19,55.5,55.5,55.5,55.5,40.0
2019-06-20,55.599998,57.0,55.599998,57.0,2404.0
2019-06-21,57.0,58.849998,57.0,58.299999,3438.0
2019-06-24,55.599998,56.049999,55.599998,56.0,410.0
2019-06-25,56.099998,56.990002,56.0,56.0,1885.0
2019-06-26,55.799999,56.0,55.75,55.799999,2066.0
2019-06-27,55.799999,57.5,54.450001,57.5,771.0
2019-06-28,55.5,57.700001,55.5,57.5,12526.0
2019-07-01,55.799999,57.799999,55.799999,57.799999,221.0
2019-07-02,56.0,57.75,55.799999,56.299999,648.0
2019-07-03,56.5,56.5,56.0,56.0,1053.0
2019-07-05,57.650002,58.860001,57.650002,58.0,60721.0
2019-07-09,58.0,58.150002,58.0,58.150002,1080.0
2019-07-10,58.0,59.0,58.0,59.0,186.0
2019-07-11,58.029999,58.07,58.029999,58.060001,61.0
2019-07-12,58.009998,59.0,58.009998,59.0,1844.0
2019-07-15,58.0,58.099998,58.0,58.099998,281.0
2019-07-16,57.599998,58.5,57.5,58.200001,50095.0
2019-07-17,58.799999,60.0,58.700001,60.0,25639.0
2019-07-18,59.049999,60.0,59.0,60.0,230.0
2019-07-19,59.049999,61.0,59.049999,61.0,6501.0
2019-07-22,60.0,62.0,60.0,62.0,2807.0
2019-07-23,63.0,64.5,63.0,64.0,11314.0
2019-07-24,62.599998,63.799999,62.0,63.0,28356.0
2019-07-25,62.07,63.5,62.0,63.5,2415.0
2019-07-26,62.349998,64.550003,62.0,64.550003,14877.0
2019-07-29,64.849998,65.050003,64.849998,65.0,853.0
2019-07-31,65.0,65.0,64.0,64.0,6264.0
2019-08-01,64.0,64.0,64.0,64.0,11400.0
2019-08-02,62.650002,64.0,62.650002,64.0,10517.0
2019-08-05,64.0,65.400002,64.0,64.300003,490.0
2019-08-06,64.099998,65.199997,64.0,65.199997,19880.0
2019-08-07,64.099998,65.0,64.099998,64.300003,1210.0
2019-08-08,65.0,66.379997,65.0,66.379997,11177.0
2019-08-09,66.0,67.0,66.0,67.0,7457.0
2019-08-16,66.059998,67.0,65.400002,67.0,3465.0
2019-08-19,65.010002,65.010002,65.0,65.0,40.0
2019-08-22,64.989998,65.0,64.989998,65.0,5168.0
2019-08-23,68.0,68.279999,66.010002,68.0,3184.0
2019-08-28,66.199997,68.099998,66.0,68.099998,1630.0
2019-08-29,67.800003,67.800003,67.800003,67.800003,40000.0
2019-08-30,66.0,67.0,66.0,67.0,4280.0
2019-09-02,67.0,67.0,65.099998,66.0,4078.0
2019-09-03,64.510002,67.0,64.510002,67.0,93.0
2019-09-04,67.0,67.0,65.209999,66.0,540.0
2019-09-06,66.0,66.0,64.610001,66.0,437.0
2019-09-09,65.0,65.0,65.0,65.0,865.0
2019-09-10,64.599998,65.0,63.099998,64.0,1590.0
2019-09-11,63.23,64.5,61.0,62.029999,10086.0
2019-09-12,62.119999,62.119999,62.0,62.0,278.0
2019-09-13,62.0,63.900002,62.0,63.900002,1120.0
2019-09-16,64.0,64.970001,64.0,64.970001,12.0
2019-09-17,61.91,64.400002,61.91,62.049999,41.0
2019-09-18,62.049999,64.400002,62.049999,64.400002,862.0
2019-09-19,64.739998,64.800003,64.739998,64.800003,100.0
2019-09-20,64.800003,64.800003,63.0,63.0,4932.0
2019-09-23,63.209999,65.0,63.209999,65.0,763.0
2019-09-24,66.0,66.900002,64.010002,65.0,232.0
2019-09-25,64.5,65.0,64.5,65.0,400.0
2019-09-26,64.510002,65.0,64.510002,64.800003,320.0
2019-09-27,64.5,64.5,64.5,64.5,40.0
2019-09-30,65.900002,66.5,65.900002,66.5,233.0
2019-10-01,64.510002,64.699997,64.510002,64.699997,501.0
2019-10-02,64.650002,66.400002,64.0,66.400002,967.0
2019-10-03,66.0,66.0,66.0,66.0,6.0
2019-10-04,65.0,65.0,65.0,65.0,4135.0
2019-10-07,65.900002,65.900002,63.119999,63.119999,31.0
2019-10-08,66.199997,66.199997,66.199997,66.199997,18.0
2019-10-11,64.0,64.0,63.209999,63.209999,9825.0
2019-10-14,63.349998,63.369999,63.349998,63.369999,40.0
2019-10-16,63.400002,65.0,63.119999,65.0,1422.0
2019-10-17,63.299999,64.0,63.25,64.0,430.0
2019-10-18,64.0,64.0,63.299999,63.299999,525.0
2019-10-21,63.299999,63.299999,63.119999,63.200001,360.0
2019-10-22,63.150002,63.5,63.150002,63.5,140.0
2019-10-23,64.989998,65.0,64.989998,65.0,507.0
2019-10-24,65.0,65.0,63.139999,65.0,600.0
2019-10-25,65.0,65.0,63.349998,64.989998,302.0
2019-10-28,63.240002,63.240002,63.139999,63.139999,909.0
2019-10-29,64.0,64.0,64.0,64.0,2200.0
2019-10-30,63.139999,64.0,63.139999,64.0,167.0
2019-10-31,63.200001,64.5,63.200001,64.5,522.0
2019-11-01,63.299999,65.0,63.299999,65.0,322.0
2019-11-04,63.5,63.5,63.5,63.5,20.0
2019-11-05,63.5,63.5,63.0,63.0,7863.0
2019-11-07,63.009998,63.5,62.5,63.5,8719.0
2019-11-08,63.5,64.0,63.5,64.0,170.0
2019-11-12,63.040001,64.690002,63.0,64.690002,788.0
2019-11-13,63.029999,65.0,63.029999,65.0,38528.0
2019-11-14,63.650002,63.650002,63.0,63.0,4620.0
2019-11-15,64.0,64.0,64.0,64.0,350.0
2019-11-19,64.75,65.0,64.75,65.0,45400.0
2019-11-20,63.209999,65.0,63.209999,63.330002,6130.0
2019-11-21,63.5,64.0,63.5,64.0,1323.0
2019-11-22,64.980003,65.889999,63.52,65.889999,1124.0
2019-11-25,64.0,64.0,64.0,64.0,20.0
2019-11-26,64.0,64.550003,64.0,64.5,663.0
2019-11-27,63.700001,64.5,63.700001,64.5,10450.0
2019-11-28,64.0,65.5,64.0,65.5,750.0
2019-11-29,64.300003,65.0,64.300003,64.5,23877.0
2019-12-02,64.519997,64.519997,64.519997,64.519997,80.0
2019-12-03,64.5,64.5,64.5,64.5,1020.0
2019-12-04,64.510002,65.0,64.5,65.0,23509.0
2019-12-05,64.550003,66.0,64.5,64.699997,1198.0
2019-12-06,65.099998,66.0,65.099998,66.0,1790.0
2019-12-09,65.0,65.010002,65.0,65.010002,40.0
2019-12-10,65.199997,66.0,65.199997,65.300003,2283.0
2019-12-11,65.300003,66.0,64.800003,66.0,1190.0
2019-12-12,65.099998,66.0,65.099998,65.110001,2040.0
2019-12-13,65.25,66.0,65.25,66.0,125520.0
2019-12-16,65.510002,67.510002,65.5,67.510002,5140.0
2019-12-17,67.889999,68.75,67.199997,68.5,1524.0
2019-12-18,68.0,68.0,67.0,67.0,85.0
2019-12-19,67.0,68.449997,67.0,68.010002,62724.0
2019-12-20,67.199997,70.0,67.199997,70.0,153721.0
2019-12-23,71.0,73.0,69.010002,71.0,2475.0
2019-12-24,72.5,74.5,71.0,71.0,10244.0
2019-12-25,71.0,71.0,68.019997,68.019997,6779.0
2019-12-26,68.019997,70.0,68.019997,70.0,81325.0
2019-12-27,68.120003,71.0,68.120003,71.0,4488.0
2019-12-31,69.199997,74.5,69.199997,74.5,5715.0
2020-01-02,74.400002,74.400002,74.400002,74.400002,4.0
2020-01-03,71.0,72.0,71.0,72.0,545.0
2020-01-06,70.0,74.0,69.949997,70.099998,120.0
2020-01-07,70.0,70.0,70.0,70.0,70.0
2020-01-08,69.0,71.5,69.0,71.0,30410.0
2020-01-09,71.099998,73.449997,71.099998,73.0,1242.0
2020-01-10,72.599998,75.0,72.599998,75.0,8945.0
2020-01-13,75.0,75.0,72.660004,73.099998,1200.0
2020-01-14,73.010002,73.300003,73.0,73.010002,1813.0
2020-01-15,73.010002,73.010002,72.68,72.68,58.0
2020-01-16,74.5,75.0,74.5,75.0,16205.0
2020-01-17,75.099998,80.0,75.0,80.0,124108.0
2020-01-20,76.410004,77.25,76.410004,77.25,50.0
2020-01-21,77.400002,77.400002,77.400002,77.400002,80.0
2020-01-22,77.400002,79.5,77.25,78.5,3630.0
2020-01-23,78.510002,80.150002,78.510002,79.949997,46366.0
2020-01-24,78.830002,79.900002,78.830002,78.910004,9806.0
2020-01-28,78.5,78.5,78.400002,78.400002,12511.0
2020-01-29,78.400002,78.400002,78.400002,78.400002,324.0
2020-01-30,77.0,77.5,77.0,77.5,4520.0
2020-01-31,77.0,79.0,76.709999,79.0,13390.0
2020-02-03,78.0,78.0,78.0,78.0,2350.0
2020-02-04,78.0,79.5,78.0,79.5,13643.0
2020-02-05,78.0,80.0,78.0,80.0,19761.0
2020-02-06,78.099998,79.0,77.610001,79.0,1680.0
2020-02-07,79.0,81.0,79.0,80.0,5289.0
2020-02-10,77.610001,78.010002,77.610001,78.0,140.0
2020-02-11,78.010002,78.010002,78.010002,78.010002,20.0
2020-02-12,78.0,78.010002,78.0,78.010002,90.0
2020-02-13,80.949997,80.949997,80.949997,80.949997,10.0
2020-02-14,79.989998,83.0,79.989998,83.0,18786.0
2020-02-17,83.0,83.0,83.0,83.0,250.0
2020-02-18,80.300003,81.900002,80.300003,81.900002,670.0
2020-02-19,80.25,80.25,79.5,79.550003,46.0
2020-02-20,79.550003,82.0,79.0,82.0,2593.0
2020-02-21,82.0,82.5,81.849998,82.5,843.0
2020-02-25,82.5,82.5,79.400002,79.400002,1480.0
2020-02-26,78.809998,81.300003,78.199997,79.0,285.0
2020-02-27,78.580002,82.400002,78.559998,82.400002,546.0
2020-02-28,83.0,83.0,79.300003,82.5,2123.0
2020-03-02,80.0,80.0,80.0,80.0,600.0
2020-03-03,80.0,80.0,77.0,77.0,462.0
2020-03-04,75.0,77.800003,73.510002,73.510002,30791.0
2020-03-05,75.0,77.0,75.0,77.0,450.0
2020-03-06,75.0,77.0,69.5,69.5,157620.0
2020-03-09,69.0,69.0,65.209999,68.0,3183.0
2020-03-10,63.0,73.5,63.0,73.300003,3775.0
2020-03-11,72.0,73.300003,72.0,73.300003,900.0
2020-03-12,68.099998,70.0,66.0,66.0,7446.0
2020-03-13,69.0,69.0,65.5,69.0,47414.0
2020-03-16,69.0,69.0,62.110001,62.110001,3595.0
2020-03-17,60.0,60.0,59.700001,59.700001,1515.0
2020-03-18,59.5,60.099998,57.32,57.32,7803.0
2020-03-19,58.299999,59.5,58.0,58.0,11905.0
2020-03-20,60.299999,60.299999,60.299999,60.299999,400.0
2020-03-23,62.200001,62.709999,62.200001,62.709999,8019.0
2020-03-24,63.5,63.5,63.5,63.5,1635.0
2020-03-25,63.5,63.5,62.709999,62.709999,1262.0
2020-03-26,63.900002,64.0,60.220001,60.220001,2230.0
2020-03-27,62.400002,62.5,62.400002,62.5,5601.0
2020-03-30,60.009998,60.009998,60.009998,60.009998,1600.0
2020-03-31,60.299999,62.400002,59.049999,62.400002,2830.0
2020-04-01,61.5,61.5,61.0,61.0,452.0
2020-04-02,61.5,61.5,61.0,61.0,389.0
2020-04-03,61.0,61.0,58.599998,58.599998,4680.0
2020-04-06,59.0,59.0,58.5,58.5,1650.0
2020-04-07,59.990002,59.990002,58.5,59.0,2422.0
2020-04-08,58.5,60.990002,58.5,60.990002,70.0
2020-04-09,61.0,61.299999,61.0,61.299999,1308.0
2020-04-10,62.0,62.0,58.869999,59.009998,3048.0
2020-04-13,59.049999,59.049999,59.0,59.0,784.0
2020-04-14,57.5,57.5,57.5,57.5,4200.0
2020-04-15,57.5,57.5,57.5,57.5,47.0
2020-04-16,57.529999,58.669998,57.529999,58.669998,19.0
2020-04-17,59.0,59.330002,56.330002,56.330002,6877.0
2020-04-20,57.5,57.5,55.880001,56.0,2043.0
2020-04-23,57.0,57.919998,57.0,57.919998,3050.0
2020-04-24,57.98,60.0,57.98,58.990002,111544.0
2020-04-27,60.16,60.16,60.0,60.16,1700.0
2020-04-29,60.200001,62.400002,60.0,60.0,200001.0
2020-04-30,60.5,62.0,60.0,62.0,80749.0
2020-05-04,62.889999,62.889999,61.0,61.0,1739.0
2020-05-05,61.0,62.5,60.0,62.5,7160.0
2020-05-06,62.849998,62.900002,62.849998,62.900002,561.0
2020-05-07,61.400002,63.740002,61.400002,63.740002,1580.0
2020-05-08,63.900002,63.900002,63.900002,63.900002,300.0
2020-05-12,64.199997,64.199997,63.970001,63.970001,53.0
2020-05-13,63.5,63.5,63.490002,63.490002,6.0
2020-05-14,63.490002,63.5,63.490002,63.5,47.0
2020-05-15,63.740002,63.740002,63.0,63.0,2688.0
2020-05-18,63.900002,63.900002,63.900002,63.900002,30.0
2020-05-19,63.889999,63.970001,63.0,63.0,5134.0
2020-05-20,64.0,64.300003,64.0,64.199997,3527.0
2020-05-21,63.200001,63.200001,63.200001,63.200001,620.0
2020-05-22,64.919998,65.379997,64.919998,65.0,7443.0
2020-05-26,65.620003,67.300003,65.620003,66.300003,6809.0
2020-05-27,65.309998,65.309998,64.0,64.0,1147.0
2020-05-28,64.599998,65.5,64.0,65.5,4358.0
2020-05-29,63.599998,65.389999,63.0,65.389999,406.0
2020-06-02,68.0,68.0,67.949997,68.0,63380.0
2020-06-03,70.709999,70.709999,70.709999,70.709999,20.0
2020-06-04,73.529999,73.529999,70.0,72.989998,17354.0
2020-06-05,71.900002,71.900002,70.080002,71.0,5537.0
2020-06-08,70.0,71.989998,70.0,71.0,1050.0
2020-06-09,70.0,71.0,68.18,68.18,4877.0
2020-06-10,68.199997,69.599998,68.199997,69.0,1415.0
2020-06-11,68.050003,68.5,67.0,68.0,611.0
2020-06-12,68.0,68.0,67.0,68.0,1620.0
2020-06-15,68.0,68.0,68.0,68.0,70.0
2020-06-16,68.0,68.5,67.0,68.5,4429.0
2020-06-17,69.779999,71.230003,69.699997,71.230003,9855.0
2020-06-18,72.949997,72.949997,70.0,70.989998,4910.0
2020-06-19,71.93,72.0,70.0,71.900002,3010.0
2020-06-22,71.900002,71.900002,71.900002,71.900002,200.0
2020-06-23,69.300003,70.699997,69.199997,70.699997,4151.0
2020-06-24,69.309998,70.800003,69.0,70.800003,821.0
2020-06-25,71.0,71.0,69.120003,71.0,2216.0
2020-06-29,70.940002,71.0,70.940002,71.0,500.0
2020-06-30,69.120003,69.849998,68.169998,69.849998,3606.0
2020-07-01,70.0,70.0,67.07,68.839996,2227.0
2020-07-02,68.0,69.0,66.150002,69.0,3185.0
2020-07-03,66.400002,69.989998,66.400002,69.989998,1561.0
2020-07-07,67.5,68.5,67.5,68.5,60.0
2020-07-08,67.300003,69.790001,67.300003,69.790001,404.0
2020-07-10,69.5,69.75,69.5,69.75,86.0
2020-07-14,69.0,69.0,69.0,69.0,70.0
2020-07-17,69.5,69.690002,69.5,69.690002,200.0
2020-07-20,69.5,69.690002,69.5,69.690002,440.0
2020-07-22,69.0,69.0,69.0,69.0,10000.0
2020-07-23,68.059998,69.5,68.059998,69.5,1870.0
2020-07-24,69.5,69.690002,68.150002,69.5,3994.0
2020-07-27,69.489998,69.489998,69.0,69.0,9946.0
2020-07-28,67.699997,69.790001,67.050003,69.790001,1085.0
2020-07-29,68.010002,69.779999,68.010002,69.779999,220.0
2020-08-03,69.75,69.75,69.75,69.75,17.0
2020-08-04,69.959999,71.360001,69.959999,71.360001,1282.0
2020-08-05,71.5,72.199997,71.099998,71.099998,393.0
2020-08-06,69.699997,70.0,69.699997,70.0,1060.0
2020-08-07,69.559998,72.0,69.550003,72.0,305.0
2020-08-10,72.099998,72.099998,69.139999,70.0,1435.0
2020-08-12,69.199997,71.0,69.0,71.0,1221.0
2020-08-13,71.0,71.0,68.199997,70.0,1725.0
2020-08-17,70.0,72.0,70.0,72.0,1300.0
2020-08-18,72.0,72.199997,71.0,72.0,1586.0
2020-08-19,72.199997,73.400002,71.0,71.0,5495.0
2020-08-24,71.0,73.0,71.0,72.989998,209.0
2020-08-25,72.989998,72.989998,71.599998,72.5,397.0
2020-08-26,73.0,73.400002,73.0,73.400002,15.0
2020-08-27,72.389999,72.389999,72.389999,72.389999,100.0
2020-08-28,72.5,72.5,71.099998,72.5,919.0
2020-08-31,73.0,73.0,71.599998,72.5,306.0
2020-09-01,71.5,73.5,71.300003,73.0,2231.0
2020-09-03,71.360001,72.0,71.360001,72.0,127.0
2020-09-04,72.099998,72.400002,70.0,70.0,5221.0
2020-09-07,71.5,71.5,71.5,71.5,1.0
2020-09-08,71.370003,71.400002,71.370003,71.400002,140.0
2020-09-09,70.099998,72.5,70.0,72.5,123232.0
2020-09-10,71.059998,72.379997,71.059998,72.379997,320.0
2020-09-11,73.0,75.0,73.0,74.0,25218.0
2020-09-14,74.0,76.5,74.0,76.5,2916.0
2020-09-15,76.900002,78.5,76.900002,77.5,1763.0
2020-09-16,77.010002,78.0,77.0,78.0,102.0
2020-09-17,77.029999,77.029999,77.029999,77.029999,149.0
2020-09-18,76.199997,76.199997,75.5,76.0,1913.0
2020-09-21,75.059998,76.900002,74.0,76.900002,991.0
2020-09-22,76.0,76.5,76.0,76.0,1787.0
2020-09-23,76.5,77.300003,76.5,77.300003,130.0
2020-09-24,77.5,77.5,77.0,77.0,1011.0
2020-09-25,77.699997,77.769997,77.5,77.5,257.0
2020-09-28,78.699997,78.699997,78.699997,78.699997,1140.0
2020-09-29,76.110001,78.0,76.110001,78.0,830.0
2020-09-30,78.0,78.5,77.5,78.5,942.0
2020-10-01,78.0,78.5,77.57,78.5,1389.0
2020-10-02,78.0,78.5,77.0,78.5,2074.0
2020-10-05,78.5,78.5,77.5,77.5,159.0
2020-10-06,78.489998,78.5,77.449997,78.5,622.0
2020-10-07,78.5,79.5,78.5,79.5,3171.0
2020-10-08,79.0,80.5,78.529999,80.5,10174.0
2020-10-09,80.5,81.0,80.5,81.0,4.0
2020-10-12,78.800003,79.0,78.599998,78.599998,1790.0
2020-10-13,79.989998,80.0,78.010002,79.5,2062.0
2020-10-14,79.5,80.5,79.0,80.5,997.0
2020-10-15,80.699997,80.699997,79.900002,79.900002,550.0
2020-10-16,79.019997,80.5,79.0,80.5,2780.0
2020-10-19,80.0,80.0,80.0,80.0,360.0
2020-10-20,78.650002,80.290001,78.650002,79.0,1915.0
2020-10-21,79.0,80.0,79.0,80.0,301.0
2020-10-22,79.0,80.0,78.5,79.949997,3086.0
2020-10-23,79.900002,80.0,79.0,80.0,3130.0
2020-10-26,80.0,80.0,78.410004,80.0,380.0
2020-10-27,78.529999,79.980003,78.529999,79.980003,640.0
2020-10-28,78.699997,79.980003,78.599998,79.980003,492.0
2020-11-02,80.989998,80.989998,80.989998,80.989998,350.0
2020-11-03,80.800003,80.800003,80.800003,80.800003,150.0
2020-11-04,80.0,80.0,80.0,80.0,592.0
2020-11-05,80.690002,82.989998,80.0,81.0,2394.0
2020-11-09,78.150002,81.900002,78.150002,81.900002,198.0
2020-11-10,80.0,80.0,80.0,80.0,70.0
2020-11-11,80.0,80.0,79.099998,80.0,10020.0
2020-11-12,81.900002,82.5,81.900002,82.5,318.0
2020-11-13,82.5,82.5,80.860001,82.5,401.0
2020-11-16,81.0,82.5,81.0,82.5,602.0
2020-11-17,82.0,82.0,80.860001,80.860001,20.0
2020-11-19,82.0,82.0,82.0,82.0,425.0
2020-11-20,82.300003,82.300003,82.0,82.290001,2373.0
2020-11-23,82.169998,82.169998,82.169998,82.169998,3.0
2020-11-24,82.169998,82.169998,82.169998,82.169998,340.0
2020-11-25,82.099998,82.099998,80.370003,81.980003,1160.0
2020-11-26,80.099998,81.970001,80.019997,81.970001,1060.0
2020-11-27,81.989998,81.989998,80.5,81.900002,3109.0
2020-11-30,81.900002,81.900002,81.0,81.0,145.0
2020-12-01,81.0,81.900002,80.5,81.900002,281.0
2020-12-02,81.0,81.5,81.0,81.5,868.0
2020-12-03,81.0,81.019997,81.0,81.0,298.0
2020-12-04,81.949997,81.949997,81.0,81.949997,870.0
2020-12-07,80.5,81.25,80.5,81.25,550.0
2020-12-08,80.099998,80.099998,80.0,80.0,1977.0
2020-12-09,80.0,80.0,78.0,80.0,463.0
2020-12-10,80.0,80.099998,80.0,80.0,450.0
2020-12-11,80.0,81.0,80.0,80.0,872.0
2020-12-14,80.0,80.5,80.0,80.0,319.0
2020-12-15,80.0,80.5,80.0,80.5,910.0
2020-12-17,80.5,83.0,80.5,83.0,16739.0
2020-12-18,82.889999,83.0,82.800003,82.900002,2200.0
2020-12-21,80.599998,80.699997,80.029999,80.400002,1855.0
2020-12-22,80.199997,80.199997,80.199997,80.199997,100.0
2020-12-23,80.330002,81.800003,80.0,81.800003,8500.0
2020-12-24,82.0,82.0,80.0,82.0,9350.0
2020-12-25,81.0,82.5,79.599998,79.599998,26337.0
2020-12-28,81.0,81.0,81.0,81.0,650.0
2020-12-29,80.110001,80.510002,80.110001,80.5,174.0
2020-12-30,80.029999,82.0,80.0,82.0,9475.0
2020-12-31,80.0,82.0,80.0,82.0,7560.0
2021-01-05,82.0,82.0,82.0,82.0,1000.0
2021-01-06,81.0,81.010002,80.599998,81.0,432.0
2021-01-07,81.0,81.010002,80.699997,80.699997,100.0
2021-01-08,81.010002,81.010002,81.0,81.0,48.0
2021-01-12,80.709999,82.0,80.709999,82.0,75.0
2021-01-13,81.110001,81.110001,81.0,81.0,220.0
2021-01-14,81.010002,81.010002,81.0,81.0,15.0
2021-01-15,82.0,82.0,80.699997,81.900002,850.0
2021-01-18,80.699997,80.699997,80.010002,80.010002,40.0
2021-01-19,80.5,80.5,80.0,80.0,44598.0
2021-01-20,80.0,80.0,79.0,80.0,1100.0
2021-01-21,79.300003,80.989998,79.0,80.989998,1425.0
2021-01-22,80.0,80.0,77.769997,77.769997,26429.0
2021-01-25,80.519997,80.519997,78.989998,79.0,157.0
2021-01-26,79.0,80.0,78.25,78.440002,73910.0
2021-01-27,78.519997,78.57,78.0,78.0,1759.0
2021-01-28,78.550003,79.970001,78.550003,79.970001,6021.0
2021-01-29,78.5,79.989998,78.5,79.099998,5742.0
2021-02-01,79.0,79.989998,79.0,79.0,235.0
2021-02-02,79.010002,79.010002,78.150002,79.0,1754.0
2021-02-03,79.0,79.0,78.150002,78.150002,183.0
2021-02-04,79.0,81.0,79.0,81.0,1600.0
2021-02-05,80.0,80.010002,80.0,80.0,3101.0
2021-02-08,80.870003,80.889999,80.870003,80.889999,63.0
2021-02-09,80.050003,80.050003,80.050003,80.050003,17093.0
2021-02-10,79.610001,81.0,79.610001,81.0,241.0
2021-02-11,80.25,80.25,80.010002,80.010002,60.0
2021-02-12,81.0,81.0,81.0,81.0,350.0
2021-02-15,79.300003,79.300003,79.300003,79.300003,40.0
2021-02-16,79.5,79.529999,79.5,79.529999,20060.0
2021-02-17,79.529999,79.550003,79.410004,79.410004,2780.0
2021-02-18,79.25,79.989998,79.25,79.800003,240.0
2021-02-19,79.800003,79.800003,79.0,79.800003,352.0
2021-02-22,78.550003,78.550003,77.0,77.0,159.0
2021-02-23,79.800003,79.800003,77.639999,77.639999,7920.0
2021-02-24,77.699997,78.5,77.699997,78.5,170.0
2021-02-26,77.550003,79.599998,77.5,79.599998,722.0
2021-03-02,77.559998,77.559998,77.559998,77.559998,20.0
2021-03-03,77.580002,79.480003,77.150002,79.480003,220.0
2021-03-04,78.0,79.5,78.0,79.5,256.0
2021-03-09,79.5,79.5,79.5,79.5,125.0
2021-03-10,79.099998,79.099998,79.099998,79.099998,60.0
2021-03-12,79.099998,79.400002,78.040001,79.400002,4521.0
2021-03-15,78.129997,78.25,78.050003,78.199997,700.0
2021-03-16,79.199997,79.199997,78.019997,78.019997,1860.0
2021-03-17,77.510002,80.0,77.510002,80.0,1645.0
2021-03-18,80.900002,80.900002,80.5,80.5,301.0
2021-03-19,83.709999,83.709999,83.709999,83.709999,2117.0
2021-03-22,87.050003,87.050003,87.050003,87.050003,152119.0
2021-03-23,90.529999,90.529999,90.529999,90.529999,27431.0
2021-03-24,90.0,93.0,88.5,90.0,115823.0
2021-03-25,89.010002,90.769997,89.0,90.0,141.0
2021-03-26,90.010002,90.989998,90.010002,90.989998,15016.0
2021-03-29,90.010002,91.0,90.0,91.0,11829.0
2021-03-30,91.389999,91.980003,91.389999,91.970001,2938.0
2021-03-31,91.900002,91.900002,91.099998,91.900002,400.0
2021-04-01,90.5,91.849998,90.199997,91.489998,2704.0
2021-04-02,91.849998,91.849998,90.220001,91.440002,22490.0
2021-04-05,91.0,91.489998,90.349998,90.5,2705.0
2021-04-06,91.800003,91.800003,90.599998,91.800003,325.0
2021-04-07,91.0,91.0,90.309998,90.309998,1624.0
2021-04-08,90.309998,90.32,90.309998,90.32,120.0
2021-04-09,91.0,91.0,91.0,91.0,500.0
2021-04-12,90.529999,91.0,90.519997,91.0,1385.0
2021-04-13,90.519997,90.879997,90.519997,90.879997,105.0
2021-04-14,90.599998,91.0,90.519997,91.0,38734.0
2021-04-15,91.0,91.0,91.0,91.0,110.0
2021-04-16,90.599998,91.389999,90.0,90.519997,955.0
2021-04-19,90.309998,90.309998,90.309998,90.309998,20.0
2021-04-20,90.400002,91.0,90.360001,91.0,755.0
2021-04-21,91.0,93.0,91.0,93.0,70660.0
2021-04-22,93.0,93.099998,92.0,93.0,31546.0
2021-04-23,92.0,93.0,92.0,92.0,4795.0
2021-04-26,91.199997,91.199997,91.150002,91.199997,639.0
2021-04-27,91.349998,92.0,91.349998,92.0,41051.0
2021-04-28,92.0,93.0,92.0,93.0,1149.0
2021-04-29,93.0,94.0,93.0,94.0,6170.0
2021-04-30,93.0,94.400002,93.0,93.5,2917.0
2021-05-03,93.099998,93.5,92.599998,93.5,250.0
2021-05-04,94.0,94.0,93.5,93.5,45781.0
2021-05-05,93.160004,94.699997,93.160004,94.699997,555.0
2021-05-06,93.900002,95.0,93.900002,95.0,6971.0
2021-05-07,94.75,94.75,94.699997,94.699997,13955.0
2021-05-10,94.0,94.949997,93.989998,93.989998,1532.0
2021-05-11,94.5,94.5,93.0,93.0,14643.0
2021-05-12,92.760002,93.5,92.75,93.5,4781.0
2021-05-17,93.599998,94.989998,93.599998,94.980003,1229.0
2021-05-18,94.0,94.699997,94.0,94.699997,430.0
2021-05-19,94.050003,94.730003,94.050003,94.730003,60148.0
2021-05-20,94.900002,94.980003,93.599998,94.300003,36164.0
2021-05-21,93.599998,93.699997,93.599998,93.599998,988.0
2021-05-24,93.550003,94.970001,93.5,94.959999,15251.0
2021-05-25,94.900002,94.900002,94.0,94.699997,415.0
2021-05-26,94.0,95.5,94.0,95.5,10357.0
2021-05-27,95.5,95.5,94.150002,94.150002,13132.0
2021-05-28,93.800003,95.0,93.800003,95.0,12558.0
2021-05-31,97.900002,97.900002,95.0,95.0,1836.0
2021-06-01,97.739998,97.900002,95.5,95.5,26022.0
2021-06-02,95.050003,96.5,95.050003,96.5,103.0
2021-06-03,96.900002,98.5,96.889999,98.5,4062.0
2021-06-04,96.099998,98.5,96.099998,98.449997,2802.0
2021-06-07,98.449997,98.5,98.0,98.0,1037.0
2021-06-08,97.5,98.0,96.5,97.0,45849.0
2021-06-09,95.0,96.0,92.5,93.010002,32790.0
2021-06-10,93.010002,94.970001,93.0,93.0,31577.0
2021-06-11,94.849998,94.849998,93.0,94.449997,7246.0
2021-06-14,94.5,94.5,93.0,94.0,24526.0
2021-06-15,94.0,94.5,93.199997,93.199997,1897.0
2021-06-16,94.449997,94.489998,93.139999,94.489998,10713.0
2021-06-17,94.300003,94.449997,93.199997,94.389999,10086.0
2021-06-18,93.199997,94.239998,92.699997,94.0,14361.0
2021-06-21,93.019997,93.940002,92.720001,93.940002,1606.0
2021-06-22,93.949997,93.989998,92.5,92.559998,1259.0
2021-06-23,93.0,94.0,92.610001,94.0,3640.0
2021-06-24,93.0,93.099998,93.0,93.099998,90.0
2021-06-25,93.599998,93.599998,90.0,90.0,29262.0
2021-06-28,90.150002,92.0,90.150002,92.0,220.0
2021-06-29,91.199997,93.5,91.0,92.0,4552.0
2021-06-30,92.5,93.010002,92.5,93.0,405.0
2021-07-01,93.0,93.0,92.510002,92.519997,1884.0
2021-07-02,93.0,93.5,92.510002,93.5,4465.0
2021-07-05,92.550003,93.5,92.0,92.0,811.0
2021-07-06,92.0,92.860001,91.230003,92.860001,188.0
2021-07-07,92.5,92.510002,92.480003,92.480003,13785.0
2021-07-08,91.400002,92.860001,90.300003,92.5,8034.0
2021-07-09,92.989998,92.989998,91.5,92.019997,1075.0
2021-07-12,92.300003,93.0,92.0,92.970001,2238.0
2021-07-13,92.0,92.0,92.0,92.0,76.0
2021-07-14,92.0,92.959999,90.5,92.959999,20924.0
2021-07-15,93.0,93.0,91.5,92.0,1168.0
2021-07-16,91.099998,92.879997,91.07,92.879997,82.0
2021-07-19,90.519997,92.889999,90.519997,91.099998,534.0
2021-07-20,91.0,91.010002,90.599998,91.010002,79.0
2021-07-23,90.699997,92.989998,90.68,92.989998,2565.0
2021-07-27,92.970001,92.980003,92.900002,92.980003,301.0
2021-07-28,92.699997,92.879997,91.199997,92.879997,65.0
2021-07-29,91.269997,93.0,91.269997,92.989998,3096.0
2021-08-02,92.300003,92.970001,92.300003,92.970001,111.0
2021-08-03,92.5,94.32,92.5,94.32,2006.0
2021-08-04,94.0,94.0,92.349998,94.0,3192.0
2021-08-05,94.0,94.0,91.559998,93.980003,484.0
2021-08-06,93.900002,93.900002,92.5,92.5,1505.0
2021-08-09,92.010002,92.5,92.0,92.5,113.0
2021-08-11,93.5,93.5,93.470001,93.470001,70.0
2021-08-12,92.5,93.489998,92.5,93.0,632.0
2021-08-13,92.599998,93.489998,92.599998,93.489998,19592.0
2021-08-16,92.610001,93.470001,92.610001,93.470001,121.0
2021-08-17,93.480003,94.0,93.480003,93.800003,1183.0
2021-08-18,94.0,95.970001,94.0,95.879997,2885.0
2021-08-19,94.5,95.0,94.5,94.5,908.0
2021-08-23,94.660004,95.0,94.650002,94.660004,269.0
2021-08-24,94.669998,98.0,94.669998,95.610001,1271.0
2021-08-25,95.620003,97.790001,94.0,94.0,8010.0
2021-08-26,97.190002,97.190002,95.199997,96.690002,64.0
2021-08-27,94.349998,94.349998,94.0,94.0,21000.0
2021-08-30,96.489998,96.489998,94.510002,94.699997,42.0
2021-08-31,95.110001,96.989998,95.099998,95.099998,8545.0
2021-09-01,95.0,95.5,95.0,95.0,887.0
2021-09-02,95.989998,95.989998,94.900002,95.0,1699.0
2021-09-03,93.5,96.459999,93.5,96.0,2258.0
2021-09-06,96.900002,97.0,95.5,96.0,1968.0
2021-09-07,96.0,98.0,96.0,98.0,6103.0
2021-09-08,97.849998,99.5,97.849998,99.5,2768.0
2021-09-09,98.0,100.5,98.0,99.5,6146.0
2021-09-10,98.099998,100.0,98.0,99.5,10826.0
2021-09-13,101.3,103.25,101.3,102.55,2537.0
2021-09-14,102.9,102.9,102.85,102.85,18.0
2021-09-15,102.0,102.5,102.0,102.5,50.0
2021-09-16,102.5,102.5,100.5,102.0,2852.0
2021-09-17,102.0,102.0,100.6,101.95,69264.0
2021-09-20,101.05,102.0,101.05,102.0,9818.0
2021-09-21,101.9,101.9,99.5,100.0,14156.0
2021-09-22,100.5,100.9,100.0,100.8,7220.0
2021-09-23,100.8,101.0,100.0,101.0,10985.0
2021-09-24,101.0,103.0,101.0,102.5,22861.0
2021-09-27,101.0,102.0,101.0,101.9,2244.0
2021-09-28,101.0,101.9,101.0,101.5,34792.0
2021-09-29,102.5,102.5,101.5,101.5,30004.0
2021-09-30,101.5,103.5,100.0,101.5,3636.0
2021-10-01,101.0,105.55,101.0,105.55,174659.0
2021-10-04,105.35,109.75,105.35,109.75,13593.0
2021-10-05,113.0,114.1,113.0,114.1,4162.0
2021-10-06,118.65,118.65,112.05,114.0,53566.0
2021-10-07,114.95,117.9,112.7,113.0,6075.0
2021-10-08,116.8,116.9,114.0,116.9,6107.0
2021-10-11,114.6,116.55,113.0,113.1,5960.0
2021-10-12,115.95,117.9,113.2,116.0,2439.0
2021-10-13,114.0,115.0,112.55,115.0,6830.0
2021-10-14,116.5,117.9,113.05,117.7,3363.0
2021-10-15,114.75,118.6,114.2,118.0,55751.0
2021-10-18,117.0,119.0,114.0,117.75,11215.0
2021-10-21,115.05,117.75,114.0,116.8,4697.0
2021-10-22,114.3,116.5,114.1,116.5,29353.0
2021-10-25,116.6,119.0,115.0,117.0,6413.0
2021-10-26,116.0,119.0,116.0,119.0,16315.0
2021-10-27,120.0,123.0,120.0,121.85,3708.0
2021-10-28,120.1,121.85,118.5,118.5,4338.0
2021-10-29,118.5,120.9,117.3,118.9,10571.0
2021-11-01,119.0,119.0,117.5,117.5,3312.0
2021-11-02,118.0,118.0,117.0,117.5,1740.0
2021-11-03,117.4,117.95,116.5,117.9,1193.0
2021-11-04,117.0,117.0,115.5,117.0,1171.0
2021-11-05,117.0,117.9,116.0,117.0,4025.0
2021-11-08,117.0,117.0,115.75,117.0,41.0
2021-11-09,117.0,117.0,114.0,116.9,932.0
2021-11-10,114.5,117.0,114.0,115.95,6552.0
2021-11-11,116.95,117.0,114.05,115.5,1117.0
2021-11-12,115.95,117.0,114.5,114.5,1115.0
2021-11-15,114.05,116.9,114.0,116.4,802.0
2021-11-16,115.5,117.8,114.5,116.5,17637.0
2021-11-17,115.0,117.0,114.5,115.0,5147.0
2021-11-19,117.0,118.5,115.0,117.7,11281.0
2021-11-22,118.0,118.0,115.0,117.9,623.0
2021-11-23,115.2,115.2,114.7,114.7,118.0
2021-11-24,117.0,117.0,115.0,116.95,702.0
2021-11-25,115.1,116.9,115.1,116.9,1385.0
2021-11-26,115.1,116.0,115.0,116.0,1081.0
2021-11-29,115.0,115.0,110.0,114.0,7637.0
2021-11-30,113.5,114.95,112.5,114.0,884.0
2021-12-01,116.8,116.8,113.1,115.0,1019.0
2021-12-02,114.95,115.0,113.35,115.0,2076.0
2021-12-03,115.95,116.0,113.0,114.5,28224.0
2021-12-06,114.0,114.9,113.0,114.9,1258.0
2021-12-07,114.0,114.5,114.0,114.5,30040.0
2021-12-08,113.5,114.15,113.5,114.15,380.0
2021-12-09,114.15,115.6,114.0,114.0,6757.0
2021-12-10,113.7,116.0,113.7,116.0,6572.0
2021-12-13,115.0,118.85,115.0,116.0,605.0
2021-12-14,115.3,117.0,115.0,116.1,23760.0
2021-12-15,115.0,116.1,115.0,116.0,84.0
2021-12-16,115.2,116.0,115.05,116.0,2350.0
2021-12-17,116.95,118.0,115.0,118.0,9634.0
2021-12-20,117.8,117.8,114.0,115.0,1285.0
2021-12-21,115.0,115.0,114.0,114.25,1724.0
2021-12-22,114.9,115.0,113.5,115.0,3524.0
2021-12-23,113.5,117.8,113.5,117.8,8896.0
2021-12-24,117.75,117.75,114.0,117.0,5022.0
2021-12-27,117.0,117.6,114.0,117.6,670.0
2021-12-28,117.0,117.0,114.75,117.0,1301.0
2021-12-29,114.55,117.0,114.55,114.65,568.0
2021-12-30,117.0,120.0,115.0,120.0,38994.0
2021-12-31,120.0,122.0,118.5,122.0,41752.0
2022-01-03,123.0,123.0,119.1,120.0,775.0
2022-01-04,119.5,119.55,119.15,119.15,592.0
2022-01-05,119.85,119.85,116.0,119.3,272.0
2022-01-06,116.55,120.0,116.55,120.0,77753.0
2022-01-07,118.0,125.7,118.0,125.0,9870.0
2022-01-10,125.0,132.45,125.0,132.45,27773.0
2022-01-12,133.0,138.0,132.45,136.5,9895.0
2022-01-13,136.55,137.0,134.05,135.85001,2291.0
2022-01-14,136.0,136.0,135.0,136.0,7225.0
2022-01-17,135.5,135.5,132.0,134.0,1907.0
2022-01-18,132.8,135.95,132.0,135.7,2622.0
2022-01-19,135.5,135.5,132.55,134.2,2269.0
2022-01-20,134.60001,134.60001,130.60001,132.0,8541.0
2022-01-21,134.0,135.0,133.5,135.0,5880.0
2022-01-24,132.5,134.95,132.0,132.5,8788.0
2022-01-25,132.0,134.85001,130.0,132.5,3045.0
2022-01-26,130.10001,132.5,129.2,132.5,3302.0
2022-01-27,132.0,132.89999,130.10001,132.5,2773.0
2022-01-28,133.5,133.5,131.2,133.39999,3215.0
2022-01-31,133.5,134.7,131.3,134.0,680.0
2022-02-01,132.14999,133.5,130.0,132.5,1438.0
2022-02-02,133.85001,135.0,130.25,135.0,13956.0
2022-02-03,135.0,143.0,135.0,141.8,118127.0
2022-02-04,143.0,145.0,140.0,140.0,72137.0
2022-02-07,140.05,142.60001,140.0,142.0,3252.0
2022-02-08,140.10001,144.0,140.10001,143.7,21920.0
2022-02-09,143.0,143.0,139.2,139.60001,4114.0
2022-02-10,142.0,142.89999,139.89999,141.0,5528.0
2022-02-11,142.0,142.0,139.60001,139.60001,22435.0
2022-02-14,140.5,140.5,137.5,137.5,7022.0
2022-02-15,139.95,139.95,139.95,139.95,5.0
2022-02-16,136.7,139.64999,136.0,136.0,78794.0
2022-02-17,137.0,138.5,137.0,137.0,2553.0
2022-02-18,137.0,138.0,135.60001,138.0,2229.0
2022-02-21,136.0,137.0,135.0,137.0,895.0
2022-02-22,136.10001,136.10001,134.0,134.85001,24293.0
2022-02-23,131.0,135.0,131.0,134.5,26204.0
2022-02-24,131.0,132.55,126.45,126.45,78070.0
2022-02-25,122.5,134.0,122.5,129.0,38523.0
2022-02-28,129.0,130.0,128.8,130.0,2040.0
2022-03-01,134.95,134.95,126.3,128.0,2430.0
2022-03-02,126.9,128.95,126.2,126.5,698.0
2022-03-03,126.0,126.0,119.95,120.0,85980.0
2022-03-04,120.05,127.0,120.05,127.0,16699.0
2022-03-07,126.0,126.0,119.4,125.0,24092.0
2022-03-08,120.3,132.45,120.3,132.0,16268.0
2022-03-09,125.0,134.0,125.0,131.05,3724.0
2022-03-10,134.0,135.89999,127.0,127.0,8412.0
2022-03-11,133.0,134.0,130.0,132.0,7595.0
2022-03-14,134.89999,134.89999,134.0,134.0,1025.0
2022-03-15,130.10001,134.0,130.10001,131.0,2838.0
2022-03-16,130.0,130.0,128.3,128.35001,414.0
2022-03-17,128.5,133.5,128.5,130.05,34265.0
2022-03-18,133.89999,135.0,130.0,131.0,25933.0
2022-03-21,129.5,132.5,129.5,132.5,6172.0
2022-03-22,130.0,131.5,130.0,131.0,2130.0
2022-03-23,131.0,132.0,125.0,125.0,13834.0
2022-03-24,125.15,127.0,125.1,127.0,31454.0
2022-03-25,129.0,129.0,127.0,129.0,15045.0
2022-03-28,126.0,129.0,126.0,127.0,377.0
2022-03-29,129.45,129.45,125.5,128.89999,794.0
2022-03-30,128.39999,128.39999,128.0,128.0,204.0
2022-03-31,127.0,128.89999,125.7,126.15,7919.0
2022-04-01,129.0,132.0,129.0,131.0,11074.0
2022-04-04,131.85001,131.85001,129.0,129.0,55.0
2022-04-05,130.0,131.8,129.0,131.8,316.0
2022-04-06,131.8,131.8,131.8,131.8,31.0
2022-04-07,129.0,130.89999,129.0,130.0,580.0
2022-04-08,129.0,130.0,128.0,130.0,9181.0
2022-04-11,130.0,131.75,130.0,131.0,1013.0
2022-04-12,132.0,134.0,130.0,134.0,2991.0
2022-04-13,135.0,135.8,134.0,135.0,207.0
2022-04-14,132.0,136.0,132.0,135.0,75107.0
2022-04-15,135.0,136.89999,133.10001,136.89999,13072.0
2022-04-18,136.75,136.75,132.0,136.0,560.0
2022-04-19,133.55,133.55,133.55,133.55,100.0
2022-04-20,136.5,136.5,133.85001,133.85001,12270.0
2022-04-21,133.0,136.75,133.0,134.0,2285.0
2022-04-22,133.2,136.89999,133.0,135.0,38511.0
2022-04-25,133.10001,135.0,133.10001,133.45,20230.0
2022-04-26,135.0,136.35001,134.10001,136.0,15401.0
2022-04-27,133.8,136.0,133.8,134.05,850.0
2022-04-28,136.89999,140.0,136.89999,139.95,22199.0
2022-04-29,139.95,139.95,139.0,139.0,57275.0
2022-05-04,138.25,140.0,136.10001,140.0,1496.0
2022-05-05,141.5,144.10001,139.35001,139.60001,909.0
2022-05-06,140.0,140.75,138.10001,140.75,277.0
2022-05-09,138.5,139.0,138.5,139.0,195.0
2022-05-10,139.0,140.0,135.0,135.0,3198.0
2022-05-11,134.0,135.8,131.0,135.8,887.0
2022-05-12,132.0,134.5,131.55,134.14999,114.0
2022-05-13,134.10001,137.0,133.0,137.0,788.0
2022-05-16,137.0,138.0,135.10001,138.0,17312.0
2022-05-17,135.14999,135.5,135.10001,135.3,280.0
2022-05-18,135.35001,138.75,131.64999,138.45,941.0
2022-05-20,137.0,137.0,130.5,130.5,3794.0
2022-05-23,136.95,136.95,131.0,134.89999,403.0
2022-05-24,131.35001,135.0,131.35001,134.0,237.0
2022-05-25,134.0,136.39999,132.25,136.39999,347.0
2022-05-26,132.7,135.0,132.7,135.0,254.0
2022-05-27,134.0,134.0,127.65,130.2,8434.0
2022-05-30,129.0,129.0,128.8,129.0,538.0
2022-05-31,127.5,129.95,127.5,129.95,5293.0
2022-06-01,129.95,130.0,127.7,128.0,89.0
2022-06-02,128.2,128.2,127.55,127.55,5449.0
2022-06-03,129.5,129.5,129.0,129.0,7106.0
2022-06-06,129.0,129.0,128.10001,129.0,20911.0
2022-06-07,127.6,129.5,127.55,129.0,10327.0
2022-06-08,129.0,129.0,127.55,128.95,12035.0
2022-06-09,127.65,129.5,127.6,127.6,43.0
2022-06-10,127.0,129.0,127.0,128.5,64702.0
2022-06-13,125.5,129.5,125.5,128.2,52092.0
2022-06-14,125.8,125.85,125.0,125.0,13774.0
2022-06-15,124.0,125.0,122.0,124.0,8206.0
2022-06-16,122.1,126.0,120.4,125.5,31767.0
2022-06-17,123.05,128.0,123.05,128.0,37663.0
2022-06-20,124.0,127.9,124.0,124.15,747.0
2022-06-21,124.4,124.4,124.4,124.4,14474.0
2022-06-22,124.25,124.25,124.0,124.0,185.0
2022-06-23,122.0,126.15,119.0,119.0,7130.0
2022-06-24,122.1,126.1,112.0,112.0,4820.0
2022-06-27,118.6,118.6,118.5,118.6,3075.0
2022-06-28,118.6,122.0,118.6,122.0,513.0
2022-06-29,122.0,125.0,118.1,120.1,6316.0
2022-06-30,124.0,126.5,124.0,126.5,22577.0
2022-07-01,126.4,129.5,123.0,123.0,5544.0
2022-07-04,119.4,119.4,119.4,119.4,30.0
2022-07-05,121.0,123.0,120.0,120.0,2170.0
2022-07-06,120.0,120.0,119.4,120.0,558.0
2022-07-07,122.95,125.0,122.9,125.0,1579.0
2022-07-08,125.95,128.8,125.0,125.0,3166.0
2022-07-12,126.0,127.4,126.0,127.4,35.0
2022-07-14,124.1,127.5,124.1,127.5,350.0
2022-07-15,127.5,130.0,127.0,130.0,13563.0
2022-07-18,132.95,132.95,130.0,130.0,1554.0
2022-07-19,125.0,130.0,125.0,128.0,3429.0
2022-07-20,133.0,133.0,128.0,128.0,394.0
2022-07-21,126.1,130.0,126.1,130.0,76.0
2022-07-22,129.0,129.0,129.0,129.0,3500.0
2022-07-25,127.1,129.0,126.5,129.0,59.0
2022-07-26,129.95,129.95,129.0,129.0,31.0
2022-07-27,128.95,128.95,128.95,128.95,7.0
2022-07-29,129.0,130.0,128.0,130.0,1191.0
2022-08-01,126.05,129.95,126.05,129.95,47.0
2022-08-02,126.1,129.89999,126.1,129.89999,73.0
2022-08-03,126.25,129.7,126.2,129.7,39.0
2022-08-04,126.7,126.7,126.0,126.0,107.0
2022-08-05,128.0,130.0,126.0,130.0,11563.0
2022-08-08,130.0,130.0,130.0,130.0,6.0
2022-08-09,126.15,129.0,126.15,129.0,40.0
2022-08-10,129.0,130.0,128.05,130.0,71.0
2022-08-11,132.5,133.0,130.0,133.0,889.0
2022-08-12,130.25,133.95,130.0,130.0,1688.0
2022-08-15,131.0,133.5,128.0,133.5,1112.0
2022-08-16,134.0,134.0,133.0,133.0,20.0
2022-08-17,130.0,130.0,130.0,130.0,806.0
2022-08-18,130.0,132.0,130.0,132.0,101.0
2022-08-19,127.65,131.95,127.65,131.5,1181.0
2022-08-22,131.5,132.0,131.5,131.5,25.0
2022-08-23,130.0,131.5,128.35001,131.5,774.0
2022-08-24,128.2,132.0,128.0,132.0,220.0
2022-08-25,128.60001,128.60001,128.55,128.55,20.0
2022-08-26,130.14999,132.89999,130.0,132.8,4580.0
2022-08-29,129.14999,129.14999,129.14999,129.14999,15.0
2022-08-30,129.5,131.5,129.5,131.5,600.0
2022-08-31,129.14999,131.5,129.14999,131.5,4928.0
2022-09-01,132.85001,132.85001,129.0,130.0,281.0
2022-09-02,129.0,132.5,129.0,132.0,1082.0
2022-09-05,129.45,129.5,129.39999,129.5,95.0
2022-09-06,130.0,130.0,130.0,130.0,2002.0
2022-09-07,130.0,132.0,130.0,132.0,110.0
2022-09-08,130.0,130.0,129.0,130.0,1970.0
2022-09-09,130.8,132.0,129.0,132.0,5896.0
2022-09-12,132.0,132.0,128.0,128.0,3176.0
2022-09-13,128.10001,130.0,128.10001,130.0,918.0
2022-09-14,128.0,133.0,128.0,133.0,6142.0
2022-09-15,129.10001,135.7,129.10001,135.7,340.0
2022-09-16,135.0,135.0,131.0,135.0,4295.0
2022-09-19,136.0,136.0,133.0,135.5,118.0
2022-09-20,135.5,135.60001,135.5,135.60001,20.0
2022-09-21,133.0,135.0,132.0,132.0,265.0
2022-09-22,135.5,135.5,131.3,132.0,5300.0
2022-09-23,133.0,135.0,130.10001,135.0,7418.0
2022-09-26,130.5,130.5,130.5,130.5,10.0
2022-09-27,134.89999,134.89999,134.8,134.8,57.0
2022-09-28,130.35001,130.35001,127.65,127.65,17693.0
2022-09-29,128.60001,129.0,125.0,127.0,32745.0
2022-09-30,127.5,128.0,125.05,127.0,21000.0
2022-10-03,125.0,128.0,125.0,128.0,420.0
2022-10-04,128.0,128.0,125.7,127.9,9460.0
2022-10-05,127.9,127.9,127.9,127.9,10.0
2022-10-06,125.55,127.95,125.55,126.0,1040.0
2022-10-07,126.0,126.0,125.6,125.6,1372.0
2022-10-11,128.95,128.95,125.1,125.1,96.0
2022-10-12,125.35,128.2,125.0,125.0,1119.0
2022-10-13,125.1,125.25,125.1,125.25,145.0
2022-10-14,125.25,128.0,123.8,128.0,8748.0
2022-10-17,128.0,128.0,128.0,128.0,1.0
2022-10-18,123.0,123.0,123.0,123.0,15.0
2022-10-19,123.0,123.0,121.55,121.7,263.0
2022-10-20,121.8,121.95,114.45,117.0,6416.0
2022-10-21,115.0,118.0,114.0,118.0,10945.0
2022-10-24,115.0,120.0,115.0,120.0,1182.0
2022-10-25,115.0,119.5,114.5,114.5,486.0
2022-10-26,114.5,118.95,114.5,118.95,130.0
2022-10-27,119.7,119.7,119.65,119.65,57.0
2022-10-28,119.6,119.85,114.1,119.85,5110.0
2022-10-31,116.0,116.25,116.0,116.25,49.0
2022-11-01,115.0,119.7,115.0,119.7,260.0
2022-11-02,119.5,119.7,116.0,116.0,1837.0
2022-11-03,119.6,119.6,116.0,116.0,1141.0
2022-11-04,117.0,120.0,114.1,120.0,10360.0
2022-11-08,117.0,117.0,114.55,114.55,20.0
2022-11-09,115.5,115.5,115.0,115.0,30.0
2022-11-10,117.0,117.0,110.05,116.9,731.0
2022-11-11,113.1,119.0,113.1,119.0,2336.0
2022-11-14,113.0,119.0,113.0,119.0,22.0
2022-11-15,119.0,119.4,115.6,115.6,1692.0
2022-11-16,115.6,119.0,115.0,119.0,372.0
2022-11-17,115.45,122.5,115.45,122.5,460.0
2022-11-21,123.0,123.0,119.35,120.0,12155.0
2022-11-22,115.6,119.95,115.6,119.95,718.0
2022-11-23,115.7,119.95,115.7,119.95,70.0
2022-11-24,117.0,119.95,115.75,119.95,224.0
2022-11-28,119.0,119.95,115.6,115.6,27.0
2022-11-29,115.1,119.0,115.1,118.9,822.0
2022-11-30,118.95,119.0,115.7,118.95,140.0
2022-12-01,115.8,119.95,115.4,119.95,525.0
2022-12-02,115.4,119.9,115.4,119.9,2235.0
2022-12-05,119.95,119.95,115.8,118.9,3515.0
2022-12-06,116.15,116.15,116.0,116.0,800.0
2022-12-07,117.0,117.5,116.15,117.5,99.0
2022-12-08,116.0,119.85,116.0,119.85,266.0
2022-12-09,118.0,120.0,118.0,120.0,1086.0
2022-12-12,118.25,120.0,118.25,120.0,328.0
2022-12-13,123.85,123.85,123.85,123.85,4.0
2022-12-14,118.95,123.7,118.0,123.5,1024.0
2022-12-15,119.5,125.75,118.7,125.75,854.0
2022-12-16,124.0,126.0,120.75,126.0,2017.0
2022-12-19,125.5,125.5,121.5,121.6,55.0
2022-12-20,121.8,121.8,121.8,121.8,83.0
2022-12-21,120.7,120.85,120.5,120.55,5206.0
2022-12-22,120.55,125.0,120.0,125.0,140.0
2022-12-23,122.45,126.0,120.0,120.0,3479.0
2022-12-26,121.0,122.0,120.0,120.0,230.0
2022-12-27,118.0,121.5,118.0,120.0,3053.0
2022-12-28,122.0,127.0,116.15,127.0,10951.0
2022-12-29,127.0,127.0,119.4,119.4,15862.0
2022-12-30,121.6,125.0,120.0,125.0,133831.0
2023-01-02,124.95,124.95,124.95,124.95,15.0
2023-01-03,122.6,122.85,117.5,117.5,8103.0
2023-01-04,116.55,120.0,116.55,120.0,84.0
2023-01-05,117.0,117.0,114.5,114.5,359.0
2023-01-06,111.0,120.0,111.0,120.0,21512.0
2023-01-09,112.85,117.0,112.85,113.5,5590.0
2023-01-10,110.0,120.0,110.0,120.0,2089.0
2023-01-12,114.0,119.0,114.0,119.0,170.0
2023-01-13,117.0,125.0,114.0,125.0,14169.0
2023-01-16,124.5,125.0,124.5,125.0,40.0
2023-01-17,123.5,123.5,118.0,123.5,629.0
2023-01-18,120.0,120.0,119.0,119.0,42.0
2023-01-19,117.0,120.0,117.0,120.0,672.0
2023-01-20,116.5,116.5,114.0,114.0,14045.0
2023-01-23,119.5,119.5,119.5,119.5,28.0
2023-01-25,118.95,118.95,114.1,114.1,154.0
2023-01-26,117.0,117.0,114.65,114.65,82.0
2023-01-27,117.7,118.0,114.4,118.0,434.0
2023-01-31,117.9,117.9,117.9,117.9,10.0
2023-02-01,114.85,117.8,114.85,117.8,30.0
2023-02-02,115.0,117.9,115.0,117.9,7.0
2023-02-03,115.0,118.0,115.0,118.0,3160.0
2023-02-06,118.0,118.0,115.1,115.15,145.0
2023-02-07,116.0,117.95,115.1,117.9,244.0
2023-02-08,117.95,117.95,117.95,117.95,2.0
2023-02-09,115.2,118.0,115.2,118.0,27346.0
2023-02-10,116.25,120.5,116.25,120.5,4670.0
2023-02-13,117.1,120.95,117.1,117.5,546.0
2023-02-14,118.0,118.0,117.0,117.0,65.0
2023-02-15,120.5,121.0,117.1,121.0,75143.0
2023-02-16,117.2,121.0,114.0,119.0,17850.0
2023-02-17,120.5,125.95,120.5,125.95,4518.0
2023-02-20,123.5,125.9,120.6,120.6,78.0
2023-02-21,121.0,126.5,120.95,126.5,582.0
2023-02-22,119.0,125.0,119.0,125.0,301.0
2023-02-23,121.15,132.0,121.15,132.0,1131.0
2023-02-24,124.15,135.0,124.15,135.0,65433.0
2023-02-27,127.05,130.0,127.05,128.64999,160.0
2023-02-28,128.95,132.89999,128.95,132.89999,1733.0
2023-03-02,129.5,132.3,127.5,132.3,277.0
2023-03-03,131.85001,131.85001,131.85001,131.85001,100.0
2023-03-06,131.89999,131.89999,131.0,131.0,101.0
2023-03-07,128.0,130.5,123.15,123.15,6229.0
2023-03-08,124.0,128.0,117.5,126.85,184508.0
2023-03-09,123.0,126.65,123.0,126.65,271.0
2023-03-10,119.55,125.95,119.55,120.0,6008.0
2023-03-13,119.55,119.55,119.55,119.55,215.0
2023-03-14,119.0,119.0,118.0,119.0,129.0
2023-03-15,118.5,118.9,115.45,117.95,60940.0
2023-03-16,119.95,119.95,117.0,119.9,47.0
2023-03-17,118.0,120.0,112.8,120.0,20587.0
2023-03-21,119.95,119.95,116.05,117.0,202.0
2023-03-22,118.4,121.95,115.5,121.95,10872.0
2023-03-23,122.5,123.0,122.5,123.0,15.0
2023-03-24,123.0,124.5,123.0,124.5,5132.0
2023-03-27,123.9,124.0,123.9,124.0,33.0
2023-03-28,123.5,123.9,120.5,123.9,50995.0
2023-03-29,119.15,123.5,119.15,123.5,415.0
2023-03-30,119.8,123.45,119.0,119.0,5391.0
2023-03-31,118.15,123.5,118.15,123.5,22025.0
2023-04-03,118.15,122.95,118.15,122.95,33.0
2023-04-04,118.05,121.4,118.0,121.4,8074.0
2023-04-05,120.95,120.95,120.5,120.5,7.0
2023-04-06,120.5,122.8,120.5,122.8,1004.0
2023-04-07,122.35,122.35,122.35,122.35,4001.0
2023-04-10,122.0,122.0,122.0,122.0,272.0
2023-04-12,119.15,121.95,119.15,121.95,128.0
2023-04-13,119.65,123.0,119.65,123.0,1115.0
2023-04-14,119.8,129.0,119.8,129.0,3758.0
2023-04-17,122.65,126.0,122.0,122.0,1363.0
2023-04-18,125.0,125.0,125.0,125.0,20.0
2023-04-19,120.25,122.0,120.25,122.0,340.0
2023-04-20,122.0,127.0,122.0,127.0,2060.0
2023-04-21,126.0,132.0,123.0,132.0,8423.0
2023-04-25,130.5,130.5,127.0,129.5,2015.0
2023-04-26,126.7,128.0,125.0,125.0,204.0
2023-04-27,128.0,128.0,128.0,128.0,2.0
2023-04-28,127.95,130.0,124.6,130.0,9971.0
2023-05-02,130.0,130.0,130.0,130.0,10.0
2023-05-03,125.0,129.8,125.0,129.8,110.0
2023-05-04,125.0,129.0,125.0,127.2,5022.0
2023-05-05,128.95,128.95,127.0,127.0,10321.0
2023-05-08,127.0,127.0,125.3,125.3,5.0
2023-05-09,125.3,125.3,124.5,124.85,85.0
2023-05-10,127.0,127.0,127.0,127.0,410.0
2023-05-11,125.1,127.9,125.1,127.9,32.0
2023-05-12,125.7,128.0,125.7,127.1,3843.0
2023-05-15,128.5,128.5,127.0,127.0,46.0
2023-05-16,127.2,130.0,127.2,130.0,5220.0
2023-05-17,127.25,127.25,127.25,127.25,796.0
2023-05-18,127.05,128.89999,127.05,128.89999,302.0
2023-05-19,127.4,129.8,127.4,129.8,1040.0
2023-05-22,127.05,129.89999,127.05,129.89999,173.0
2023-05-23,129.0,129.0,127.1,127.1,60.0
2023-05-24,128.95,130.0,127.2,130.0,15025.0
2023-05-25,129.5,131.0,127.35,131.0,212.0
2023-05-26,128.0,130.0,128.0,130.0,25272.0
2023-05-29,130.0,131.0,129.5,129.5,2703.0
2023-05-30,130.0,131.0,129.0,131.0,1035.0
2023-05-31,129.0,130.0,128.0,130.0,11279.0
2023-06-01,130.0,130.0,128.05,128.05,44.0
2023-06-02,130.0,132.5,128.05,132.5,4700.0
2023-06-05,132.89999,132.89999,128.64999,132.39999,41865.0
2023-06-06,129.0,132.75,129.0,132.75,2142.0
2023-06-07,129.2,132.0,129.2,129.60001,116.0
2023-06-08,131.89999,131.89999,131.89999,131.89999,700.0
2023-06-09,131.95,132.0,130.60001,132.0,16310.0
2023-06-12,127.1,129.8,125.1,129.8,34.0
2023-06-13,127.1,128.89999,127.1,128.89999,221.0
2023-06-14,129.95,129.95,127.15,129.89999,10858.0
2023-06-15,129.89999,129.89999,129.0,129.0,1185.0
2023-06-16,127.2,127.2,125.0,125.0,10100.0
2023-06-19,125.4,125.75,125.4,125.7,680.0
2023-06-20,129.5,129.5,126.0,126.0,13180.0
2023-06-22,128.0,128.0,125.2,126.0,10524.0
2023-06-23,127.8,127.8,125.0,125.0,12226.0
2023-06-26,127.8,127.8,124.65,124.65,50.0
2023-06-27,124.0,124.0,124.0,124.0,1090.0
2023-06-28,123.6,126.0,123.0,123.0,6116.0
2023-07-03,123.0,125.0,123.0,125.0,2049.0
2023-07-04,125.0,125.0,125.0,125.0,108.0
2023-07-05,125.0,125.0,125.0,125.0,180.0
2023-07-06,124.0,125.0,122.0,124.95,1976.0
2023-07-07,124.5,124.5,124.5,124.5,5.0
2023-07-10,124.5,124.5,124.5,124.5,12.0
2023-07-11,122.1,125.0,122.1,125.0,240.0
2023-07-12,122.25,125.0,122.0,122.0,8453.0
2023-07-13,123.0,124.55,122.0,122.0,274.0
2023-07-14,123.0,124.5,121.0,121.0,3129.0
2023-07-17,122.0,122.0,120.7,120.7,20750.0
2023-07-18,123.9,123.9,120.0,120.0,2541.0
2023-07-20,120.0,121.0,120.0,120.0,1976.0
2023-07-21,120.5,120.5,120.0,120.0,2040.0
2023-07-24,120.0,121.0,120.0,120.1,1549.0
2023-07-25,120.6,120.6,120.5,120.5,160.0
2023-07-26,120.6,120.7,120.6,120.7,40.0
2023-07-27,122.8,124.0,120.0,123.0,21027.0
2023-07-28,123.0,123.0,121.0,123.0,22770.0
2023-07-31,123.0,123.0,122.0,122.0,230.0
2023-08-01,122.0,123.0,121.0,121.0,15853.0
2023-08-02,123.0,123.4,120.5,120.5,1142.0
2023-08-03,123.0,123.0,120.55,121.0,241.0
2023-08-04,123.5,123.5,120.0,120.0,8403.0
2023-08-07,123.3,123.3,120.0,120.0,21.0
2023-08-08,122.95,123.0,120.0,120.0,1145.0
2023-08-09,123.0,123.0,119.05,120.0,1131.0
2023-08-10,120.05,122.0,120.0,120.0,1728.0
2023-08-11,120.0,122.8,120.0,120.0,11487.0
2023-08-15,122.0,122.0,120.0,120.0,16.0
2023-08-16,119.3,121.55,119.1,121.55,353.0
2023-08-17,121.75,122.0,121.75,122.0,201.0
2023-08-18,120.0,123.45,120.0,123.45,5050.0
2023-08-22,123.85,123.85,119.55,119.55,911.0
2023-08-23,122.0,122.0,122.0,122.0,43.0
2023-08-24,120.0,122.0,120.0,120.0,2462.0
2023-08-25,119.6,119.6,119.0,119.0,1555.0
2023-08-28,119.0,120.0,119.0,120.0,187.0
2023-08-29,120.0,121.5,120.0,121.5,240.0
2023-08-30,120.05,120.05,119.55,120.0,5112.0
2023-08-31,119.1,121.0,118.2,121.0,1235.0
2023-09-01,119.0,120.0,118.0,118.0,44586.0
2023-09-05,119.5,120.5,118.0,120.0,519.0
2023-09-06,120.5,120.5,118.2,119.5,415.0
2023-09-07,118.5,120.0,118.5,119.5,52607.0
2023-09-08,119.5,122.0,119.5,122.0,26408.0
2023-09-11,118.55,122.0,118.55,121.9,1448.0
2023-09-12,121.0,121.0,121.0,121.0,2001.0
2023-09-13,121.85,124.0,118.55,124.0,3732.0
2023-09-14,120.4,124.8,120.4,124.8,5145.0
2023-09-15,124.8,124.8,121.3,122.05,10180.0
2023-09-18,121.0,121.0,121.0,121.0,17.0
2023-09-19,123.95,123.95,121.0,121.0,33.0
2023-09-20,121.0,124.35,118.5,118.5,3087.0
2023-09-21,120.0,120.0,118.05,120.0,12300.0
2023-09-22,121.35,124.0,121.35,124.0,50233.0
2023-09-25,124.0,124.0,120.25,123.9,31.0
2023-09-26,120.15,123.9,120.1,123.5,1497.0
2023-09-27,123.85,124.5,123.7,123.7,5336.0
2023-10-02,123.95,123.95,120.1,122.0,5264.0
2023-10-03,120.15,120.15,120.1,120.1,285.0
2023-10-04,123.9,123.9,118.75,120.0,2621.0
2023-10-05,123.0,123.5,120.0,120.0,250173.0
2023-10-06,123.2,123.45,120.5,123.45,3388.0
2023-10-09,123.4,123.4,121.0,121.0,21153.0
2023-10-10,121.0,123.0,120.0,121.0,2066.0
2023-10-11,122.95,122.95,120.0,121.0,797.0
2023-10-12,119.15,122.95,119.15,122.0,48.0
2023-10-13,123.0,123.0,119.25,122.0,10783.0
2023-10-16,120.05,121.0,120.0,120.5,10404.0
2023-10-17,122.0,122.9,120.0,120.0,259.0
2023-10-18,120.0,122.0,120.0,122.0,95.0
2023-10-19,120.05,122.0,120.0,120.2,17322.0
2023-10-20,120.5,120.5,119.65,120.0,24767.0
2023-10-23,120.0,120.0,119.6,120.0,4520.0
2023-10-24,119.6,120.0,119.0,120.0,2400.0
2023-10-25,121.95,121.95,119.25,120.0,26722.0
2023-10-26,119.3,120.0,119.3,120.0,20003.0
2023-10-27,121.9,121.9,119.1,120.0,23037.0
2023-10-30,121.0,121.0,119.5,120.0,7244.0
2023-10-31,120.0,121.5,120.0,120.0,10658.0
2023-11-01,121.3,121.3,119.5,120.0,5737.0
2023-11-02,120.0,120.0,119.0,119.0,2081.0
2023-11-03,120.0,122.0,119.0,122.0,10359.0
2023-11-07,121.95,122.0,121.95,122.0,327.0
2023-11-08,121.9,121.9,120.4,120.4,40.0
2023-11-09,121.95,121.95,121.0,121.0,510.0
2023-11-10,121.0,121.65,120.0,120.0,10315.0
2023-11-13,119.5,121.9,119.5,121.9,45.0
2023-11-14,121.8,121.8,121.8,121.8,10.0
2023-11-15,120.0,120.0,119.2,119.55,11724.0
2023-11-16,121.3,121.3,121.0,121.0,13.0
2023-11-17,121.3,121.3,121.3,121.3,21077.0
2023-11-20,121.5,121.5,119.35,120.0,5122.0
2023-11-21,120.0,120.0,119.8,119.8,2922.0
2023-11-22,121.6,121.6,121.6,121.6,9.0
2023-11-23,121.6,121.75,119.5,121.75,1335.0
2023-11-24,121.75,122.0,119.5,122.0,10020.0
2023-11-27,119.65,122.5,119.65,122.5,339.0
2023-11-28,119.4,122.5,119.4,119.45,328.0
2023-11-30,119.7,121.0,117.5,121.0,613.0
2023-12-01,117.2,121.95,115.0,121.95,20436.0
2023-12-04,121.9,121.9,120.0,121.85,55.0
2023-12-05,121.75,121.75,120.0,120.0,72.0
2023-12-06,118.1,121.95,118.1,121.95,1268.0
2023-12-07,118.0,121.95,118.0,121.95,1509.0
2023-12-08,120.0,121.95,118.0,121.95,12712.0
2023-12-11,122.0,122.0,120.0,121.9,704.0
2023-12-12,121.9,121.9,118.4,121.0,18876.0
2023-12-13,121.8,121.8,119.0,121.0,4379.0
2023-12-14,121.9,121.9,118.0,121.0,6903.0
2023-12-15,121.9,124.0,120.0,124.0,16227.0
2023-12-18,124.9,125.0,121.0,122.0,77614.0
2023-12-19,125.0,125.0,125.0,125.0,233.0
2023-12-20,125.0,125.0,122.1,124.9,932.0
2023-12-21,124.9,124.95,121.4,124.95,666.0
2023-12-22,121.45,124.95,121.4,124.95,15112.0
2023-12-25,124.85,124.85,122.0,124.85,2114.0
2023-12-26,124.8,125.0,121.5,125.0,5193.0
2023-12-27,125.0,128.0,123.25,127.0,70693.0
2023-12-28,127.0,127.7,125.0,127.0,27237.0
2023-12-29,126.0,127.0,123.0,127.0,85105.0
2024-01-02,125.05,125.05,125.0,125.0,103.0
2024-01-03,125.0,125.0,125.0,125.0,43.0
2024-01-04,123.7,126.95,123.7,126.95,100.0
2024-01-05,124.0,125.0,123.5,125.0,1384.0
2024-01-08,125.0,125.0,125.0,125.0,30.0
2024-01-09,123.7,125.1,123.55,125.0,2685.0
2024-01-10,123.75,126.0,123.75,124.0,407.0
2024-01-12,126.0,126.0,124.0,124.0,2585.0
2024-01-15,123.4,123.4,123.1,123.1,100.0
2024-01-16,125.0,125.0,125.0,125.0,33.0
2024-01-17,125.95,125.95,122.0,122.5,951.0
2024-01-18,125.5,125.5,122.6,124.9,130.0
2024-01-19,125.0,125.0,122.0,122.1,2954.0
2024-01-22,125.0,125.0,122.0,122.35,1305.0
2024-01-23,123.55,123.7,122.15,123.7,975.0
2024-01-24,123.6,124.4,123.6,124.4,490.0
2024-01-25,123.0,126.0,123.0,125.3,977.0
2024-01-26,124.0,125.1,124.0,125.0,4571.0
2024-01-29,126.0,126.0,123.0,125.85,1505.0
2024-01-30,123.0,125.0,123.0,124.65,440216.0
2024-01-31,124.65,124.65,123.1,123.1,58.0
2024-02-01,123.1,125.0,122.0,125.0,800.0
2024-02-02,125.0,125.5,123.05,125.5,672.0
2024-02-05,125.5,125.5,123.0,125.0,4605.0
2024-02-06,124.95,124.95,124.95,124.95,70.0
2024-02-07,123.5,124.0,123.0,124.0,1215.0
2024-02-08,124.0,124.0,122.65,123.0,818.0
2024-02-09,123.05,123.95,122.25,123.0,7241.0
2024-02-12,123.0,124.0,123.0,123.0,14159.0
2024-02-13,123.0,124.0,123.0,123.0,1114.0
2024-02-14,123.05,124.0,123.05,124.0,878.0
2024-02-15,124.0,124.0,123.0,123.0,9499.0
2024-02-16,122.65,124.0,122.65,124.0,320.0
2024-02-19,123.0,123.0,122.0,122.0,4133.0
2024-02-20,123.0,124.5,122.0,122.0,8084.0
2024-02-21,121.0,124.0,121.0,122.0,5741.0
2024-02-22,122.05,123.0,122.05,123.0,11.0
2024-02-23,123.0,124.8,122.6,124.8,251446.0
2024-02-26,122.6,125.0,122.6,125.0,21172.0
2024-02-27,124.0,124.0,123.0,123.0,48650.0
2024-02-28,123.15,124.0,123.15,123.15,22789.0
2024-02-29,124.0,124.8,121.0,121.0,3041.0
2024-03-01,124.0,124.0,123.8,123.8,81.0
2024-03-04,124.0,124.0,122.0,122.0,209.0
2024-03-05,121.5,123.5,121.5,123.0,160480.0
2024-03-06,122.0,124.0,122.0,123.0,97.0
2024-03-07,122.3,123.0,122.1,123.0,42.0
2024-03-08,124.0,124.0,122.05,122.05,784.0
2024-03-11,123.85,123.85,123.0,123.7,5118.0
2024-03-12,123.0,123.0,123.0,123.0,5000.0
2024-03-13,121.5,122.0,121.5,122.0,85.0
2024-03-14,121.7,122.0,121.7,122.0,41.0
2024-03-15,121.75,123.0,121.75,123.0,11633.0
2024-03-18,121.7,123.0,121.0,122.0,1315.0
2024-03-19,122.1,122.5,122.1,122.5,30119.0
2024-03-20,123.0,123.0,122.55,123.0,5307.0
2024-03-21,123.0,123.05,123.0,123.0,2482.0
2024-03-22,123.95,124.9,123.0,123.0,1380.0
2024-03-25,123.05,123.6,123.05,123.6,9141.0
2024-03-26,124.0,124.0,123.0,123.5,1362.0
2024-03-27,123.5,123.85,123.1,123.1,125040.0
2024-03-28,124.9,124.9,124.0,124.0,15147.0
2024-03-29,123.5,124.0,123.5,124.0,10473.0
2024-04-01,124.9,124.9,123.55,123.55,16152.0
2024-04-02,124.5,124.5,123.0,123.0,2244.0
2024-04-03,124.3,125.0,123.0,125.0,62238.0
2024-04-04,123.5,124.95,123.5,124.7,979.0
2024-04-05,123.05,127.0,123.05,127.0,16389.0
2024-04-08,123.65,127.9,123.65,126.8,509.0
2024-04-09,124.25,131.0,123.0,131.0,23163.0
2024-04-15,132.0,133.7,130.0,133.7,52295.0
2024-04-16,130.10001,133.8,130.0,133.0,13058.0
2024-04-17,133.10001,133.25,133.10001,133.25,3814.0
2024-04-18,133.0,134.0,133.0,134.0,1052.0
2024-04-19,135.0,135.5,131.0,135.5,2223.0
2024-04-22,131.5,134.5,131.5,134.5,420.0
2024-04-23,133.89999,133.89999,131.3,133.0,1029.0
2024-04-24,133.0,133.0,131.2,132.0,219.0
2024-04-25,133.0,133.89999,132.0,133.89999,2107.0
2024-04-26,133.85001,140.05,133.60001,140.05,140775.0
2024-04-29,145.0,145.0,140.0,140.05,6677.0
2024-04-30,140.05,144.0,137.3,144.0,84916.0
2024-05-02,140.5,152.0,140.5,148.0,22607.0
2024-05-03,148.0,156.55,148.0,151.0,5164.0
2024-05-06,151.0,152.0,151.0,152.0,770.0
2024-05-07,150.0,150.0,150.0,150.0,1992.0
2024-05-08,150.0,150.0,148.2,150.0,1906.0
2024-05-09,148.05,148.05,145.0,147.39999,21667.0
2024-05-10,145.5,149.0,145.5,147.39999,581.0
2024-05-13,145.8,147.0,145.7,145.7,698.0
2024-05-14,145.5,145.5,143.0,144.0,836.0
2024-05-15,143.10001,147.55,143.0,147.55,60.0
2024-05-16,145.0,147.55,144.0,147.55,1244.0
2024-05-17,141.3,147.55,140.0,143.0,1693.0
2024-05-20,144.89999,145.0,142.5,145.0,5047.0
2024-05-21,142.85001,144.0,142.5,144.0,139.0
2024-05-22,144.95,145.0,138.0,138.0,2095.0
2024-05-23,142.0,145.0,142.0,145.0,1700.0
2024-05-24,144.7,144.7,136.0,138.85001,168.0
2024-05-27,140.0,143.0,140.0,140.0,175371.0
2024-05-28,140.0,140.0,139.3,139.3,27.0
2024-05-29,139.3,140.0,139.3,140.0,8.0
2024-05-30,140.0,140.0,140.0,140.0,31.0
2024-05-31,139.0,139.0,137.5,137.5,370.0
2024-06-03,142.89999,142.89999,142.89999,142.89999,20.0
2024-06-04,139.0,139.0,137.10001,137.10001,6521.0
2024-06-05,138.10001,138.10001,137.0,137.0,22228.0
2024-06-06,136.7,137.0,135.85001,136.7,25.0
2024-06-07,136.5,137.0,136.5,136.7,771.0
2024-06-10,136.8,136.8,136.7,136.7,5694.0
2024-06-11,138.0,138.0,135.25,136.5,263.0
2024-06-12,136.0,137.5,135.0,137.5,518.0
2024-06-13,137.5,138.0,135.10001,138.0,1121.0
2024-06-14,137.0,138.0,136.39999,136.39999,19702.0
2024-06-19,138.95,139.0,137.0,139.0,30005.0
2024-06-20,138.0,138.3,136.60001,136.60001,348.0
2024-06-21,131.0,136.5,130.0,130.0,21090.0
2024-06-24,130.05,139.95,130.05,139.95,1018.0
2024-06-26,137.95,137.95,137.0,137.0,27.0
2024-06-28,137.89999,137.89999,132.0,132.0,15292.0
2024-07-01,132.0,135.0,132.0,133.0,523.0
2024-07-02,133.0,134.95,133.0,134.95,153.0
2024-07-03,134.85001,134.85001,131.10001,132.0,1105.0
2024-07-04,130.0,132.0,130.0,130.0,9412.0
2024-07-05,131.89999,131.89999,130.0,130.0,5783.0
2024-07-08,130.0,130.0,130.0,130.0,44.0
2024-07-09,130.0,130.05,129.0,129.0,386.0
2024-07-10,130.0,130.0,129.0,129.0,613.0
2024-07-11,130.0,135.0,130.0,135.0,4036.0
2024-07-12,135.0,135.0,134.0,134.0,5729.0
2024-07-15,134.95,134.95,130.0,130.0,3422.0
2024-07-16,134.45,134.45,130.0,130.0,82.0
2024-07-17,130.55,132.0,130.0,130.0,10998.0
2024-07-18,132.0,132.0,131.89999,132.0,20104.0
2024-07-19,130.10001,133.39999,130.10001,133.39999,53.0
2024-07-22,130.14999,133.3,130.14999,133.3,14.0
2024-07-23,132.95,132.95,129.2,132.89999,63265.0
2024-07-24,133.3,133.3,131.25,131.3,21078.0
2024-07-25,131.0,133.0,130.0,131.0,8544.0
2024-07-26,131.0,132.8,130.3,132.8,7249.0
2024-07-29,133.0,133.0,130.0,132.0,640.0
2024-07-31,133.0,133.0,132.14999,133.0,1031.0
2024-08-01,132.89999,132.95,132.89999,132.95,5.0
2024-08-02,132.95,132.95,130.60001,131.0,3262.0
2024-08-05,131.0,132.0,125.15,132.0,2867.0
2024-08-06,130.0,132.0,130.0,131.0,8721.0
2024-08-07,131.0,131.85001,131.0,131.0,3101.0
2024-08-08,129.0,131.8,129.0,131.0,12372.0
2024-08-09,129.0,131.0,129.0,131.0,8483.0
2024-08-13,131.0,131.0,128.0,131.0,3697.0
2024-08-15,128.25,130.95,128.25,130.0,25096.0
2024-08-16,130.10001,131.0,130.0,130.0,9530.0
2024-08-19,128.0,130.0,128.0,130.0,2796.0
2024-08-22,130.0,132.89999,130.0,131.0,1385.0
2024-08-23,132.5,135.0,131.0,134.0,7378.0
2024-08-26,134.0,134.0,134.0,134.0,396.0
2024-08-27,132.0,134.0,132.0,134.0,27072.0
2024-08-28,132.5,134.0,132.5,132.60001,607.0
2024-08-29,132.60001,134.0,131.3,131.3,598.0
2024-08-30,133.0,133.0,131.0,132.0,3701.0
2024-09-02,132.0,132.0,131.0,131.0,11779.0
2024-09-03,131.15,131.15,129.0,131.0,33253.0
2024-09-04,131.95,131.95,129.75,129.75,236.0
2024-09-05,129.10001,131.8,129.10001,131.8,60.0
2024-09-06,129.8,134.39999,129.8,134.39999,1713.0
2024-09-09,134.5,134.5,131.05,131.25,35.0
2024-09-10,134.4,134.4,125.6,125.6,20355.0
2024-09-11,132.0,132.0,129.0,129.0,57.0
2024-09-13,131.2,131.2,129.5,131.0,6490.0
2024-09-18,131.0,131.0,129.55,131.0,25.0
2024-09-19,130.0,134.9,129.0,134.0,45627.0
2024-09-20,134.0,134.95,129.2,129.2,10326.0
2024-09-23,134.7,135.0,131.0,135.0,20622.0
2024-09-24,135.0,135.0,132.0,133.5,449.0
2024-09-25,134.5,134.5,130.0,134.0,4080.0
2024-09-26,130.5,135.0,130.0,133.0,193459.0
2024-09-27,131.0,140.1,130.3,140.1,28219.0
2024-09-30,136.0,140.1,133.5,139.95,4488.0
2024-10-01,139.05,139.9,138.95,138.95,160.0
2024-10-02,138.9,138.9,132.0,135.0,7663.0
2024-10-03,131.15,132.0,131.05,131.3,412.0
2024-10-04,131.3,134.0,130.2,130.2,8792.0
2024-10-07,130.2,133.6,130.1,130.3,581.0
2024-10-08,130.5,132.95,130.2,130.25,637.0
2024-10-09,132.0,133.45,132.0,132.0,234.0
2024-10-10,130.35,131.0,130.25,131.0,952.0
2024-10-11,130.2,130.25,130.2,130.2,275.0
2024-10-14,132.0,132.0,130.2,130.2,715.0
2024-10-15,131.05,131.05,131.0,131.0,932.0
2024-10-16,132.0,132.0,130.1,130.1,7112.0
2024-10-17,131.9,139.0,131.9,139.0,1518.0
2024-10-18,134.9,138.15,133.0,138.15,50.0
2024-10-22,131.6,137.95,131.6,137.95,31.0
2024-10-23,131.65,136.85,131.65,136.85,19.0
2024-10-24,136.0,136.0,132.15,132.15,22.0
2024-10-25,134.0,134.0,134.0,134.0,500.0
2024-10-28,132.0,132.0,131.75,131.75,1198.0
2024-10-29,131.6,133.0,131.6,133.0,512.0
2024-10-30,134.95,135.4,131.0,131.0,2527.0
2024-10-31,132.7,132.7,130.0,130.0,6294.0
2024-11-01,129.5,130.0,129.0,129.1,152.0
2024-11-04,130.0,131.0,129.0,129.0,3750.0
2024-11-05,129.05,129.1,127.0,129.0,423.0
2024-11-07,131.95,131.95,130.0,131.95,29714.0
2024-11-08,130.0,132.5,130.0,130.0,96506.0
2024-11-11,132.95,132.95,130.0,130.0,3276.0
2024-11-12,130.0,132.9,129.2,130.0,6294.0
2024-11-13,130.0,132.0,129.5,130.0,2145.0
2024-11-14,130.0,134.4,130.0,132.0,10621.0
2024-11-15,131.55,131.95,130.0,130.0,15069.0
2024-11-19,133.9,133.9,131.5,131.5,90.0
2024-11-20,132.0,132.0,130.3,130.3,23.0
2024-11-21,132.0,132.0,126.5,126.5,3988.0
2024-11-22,130.0,132.0,128.0,128.0,6540.0
2024-11-25,131.6,131.6,131.0,131.0,64.0
2024-11-26,129.2,131.0,128.5,128.5,657.0
2024-11-27,130.0,130.0,128.8,130.0,708.0
2024-11-28,130.9,130.9,128.5,128.6,160.0
2024-11-29,130.9,130.9,129.5,130.05,28498.0
2024-12-02,129.0,130.95,128.35,128.35,1090.0
2024-12-03,130.0,130.0,128.0,128.0,8167.0
2024-12-04,129.95,129.95,127.1,129.5,503.0
2024-12-05,129.9,132.0,127.75,132.0,4135.0
2024-12-06,127.2,132.0,127.2,131.7,2057.0
2024-12-09,128.3,129.5,128.3,129.5,16580.0
2024-12-10,130.0,131.9,130.0,131.9,8596.0
2024-12-11,128.6,132.0,128.35,128.5,8502.0
2024-12-12,128.7,132.0,128.7,129.0,2086.0
2024-12-13,131.95,131.95,129.0,129.0,99.0
2024-12-16,131.5,131.5,129.2,131.0,151.0
2024-12-17,129.2,131.0,128.55,131.0,8318.0
2024-12-18,131.0,131.0,128.85,130.0,103.0
2024-12-19,129.15,130.0,128.5,130.0,533.0
2024-12-20,131.0,131.0,128.0,128.0,3424.0
2024-12-23,130.0,131.7,128.0,128.0,3250.0
2024-12-24,130.0,130.0,128.0,128.5,5268.0
2024-12-25,128.25,130.0,128.2,130.0,46.0
2024-12-26,128.3,128.3,127.75,127.75,19317.0
2024-12-27,128.0,131.4,125.0,125.0,7588.0
2024-12-31,128.9,129.95,127.5,127.5,436.0
2025-01-02,129.0,130.0,125.3,125.3,1244.0
2025-01-03,128.85,130.95,125.7,130.0,49086.0
2025-01-06,128.0,130.0,128.0,128.0,47107.0
2025-01-07,130.0,132.0,128.05,128.1,386.0
2025-01-08,127.8,131.85,127.8,130.0,828.0
2025-01-09,129.5,134.0,129.5,131.55,10140.0
2025-01-10,134.9,134.9,131.1,133.0,49692.0
2025-01-13,134.7,134.7,131.0,132.0,60243.0
2025-01-15,132.2,145.15,132.0,143.0,87646.0
2025-01-16,144.0,145.0,139.7,141.0,27794.0
2025-01-17,142.0,154.45,142.0,148.2,50219.0
2025-01-20,150.0,154.9,149.0,153.5,150286.0
2025-01-21,154.6,158.0,152.0,152.05,66494.0
2025-01-22,154.95,155.0,152.05,154.9,12023.0
2025-01-23,155.0,160.0,155.0,160.0,173237.0
2025-01-24,165.0,170.0,164.0,165.0,38932.0
2025-01-27,168.5,168.5,165.0,167.8,14415.0
2025-01-28,167.4,169.45,157.0,161.9,26832.0
2025-01-29,162.0,163.5,156.0,159.2,2932.0
2025-01-30,161.0,161.0,154.0,158.9,26444.0
2025-01-31,159.9,159.9,154.0,155.5,65584.0
2025-02-03,158.95,158.95,154.0,154.0,2021.0
2025-02-04,158.95,158.95,152.2,152.65,18178.0
2025-02-05,152.7,155.0,152.7,152.75,21789.0
2025-02-06,153.0,154.5,153.0,153.5,27368.0
2025-02-07,159.0,159.0,155.0,156.0,42542.0
2025-02-10,156.0,159.0,156.0,159.0,6089.0
2025-02-11,156.2,158.8,155.25,155.25,11224.0
2025-02-12,157.0,157.0,154.75,155.0,15190.0
2025-02-13,155.2,164.0,154.65,154.65,11341.0
2025-02-14,159.95,159.95,150.0,150.0,36823.0
2025-02-17,156.9,156.9,154.0,156.0,1638.0
2025-02-18,154.0,155.0,153.0,155.0,3903.0
2025-02-19,155.95,158.0,154.0,156.0,26572.0
2025-02-20,156.0,158.0,153.0,158.0,65107.0
2025-02-21,155.0,155.0,153.1,153.9,10503.0
2025-02-24,154.9,154.9,152.9,154.7,7262.0
2025-02-25,154.05,155.0,154.05,154.9,5819.0
2025-02-26,155.0,158.0,155.0,156.9,10038.0
2025-02-27,153.2,157.0,153.0,153.2,2708.0
2025-02-28,153.0,153.05,147.0,152.9,12426.0
2025-03-03,148.55,151.0,148.55,149.5,1890.0
2025-03-04,149.2,153.0,147.9,147.9,3136.0
2025-03-05,148.2,150.0,147.6,147.6,1560.0
2025-03-06,148.0,150.9,145.0,145.0,7890.0
2025-03-07,142.2,155.0,142.2,150.0,18807.0
2025-03-10,145.4,150.0,145.4,147.75,3767.0
2025-03-11,149.8,149.8,145.0,146.0,718.0
2025-03-12,148.9,148.9,144.0,144.0,2295.0
2025-03-13,143.75,147.0,140.0,140.0,12431.0
2025-03-14,140.6,141.05,139.95,139.95,132401.0
2025-03-17,138.3,140.0,135.0,139.5,5207.0
2025-03-18,139.0,142.0,136.0,142.0,3189.0
2025-03-19,142.0,142.0,140.0,142.0,93191.0
2025-03-20,141.0,144.0,140.5,144.0,12505.0
2025-03-21,144.0,145.0,141.0,141.0,65346.0
2025-03-24,144.0,144.85,139.0,139.0,36803.0
2025-03-25,139.2,142.0,139.0,140.0,7707.0
2025-03-26,141.0,141.0,138.0,138.0,5136.0
2025-03-27,136.3,139.9,136.3,139.0,10591.0
2025-03-28,139.9,142.95,138.0,139.0,85606.0
2025-04-02,138.95,139.95,137.5,138.0,5114.0
2025-04-03,139.5,139.5,135.0,135.0,21617.0
2025-04-04,138.0,138.0,133.5,134.1,10234.0
2025-04-07,132.0,132.0,123.2,123.2,24503.0
2025-04-08,130.0,130.0,126.55,129.9,11770.0
2025-04-09,130.0,130.0,124.0,126.5,51681.0
2025-04-10,134.0,134.0,128.0,128.0,63564.0
2025-04-11,130.0,130.0,123.0,123.0,32675.0
2025-04-14,126.5,129.7,125.5,129.7,4711.0
2025-04-15,129.95,134.0,126.6,129.0,48781.0
2025-04-16,132.0,132.9,129.6,129.75,23511.0
2025-04-17,132.7,132.75,130.0,132.75,23161.0
2025-04-18,130.55,135.0,130.55,132.5,25628.0
2025-04-21,134.95,134.95,130.05,130.1,52483.0
2025-04-22,130.0,134.0,130.0,130.0,26733.0
2025-04-23,130.2,133.85,130.0,130.15,155389.0
2025-04-24,132.75,132.75,130.15,131.0,12534.0
2025-04-25,133.0,134.0,131.0,134.0,19709.0
2025-04-28,134.0,134.0,130.25,133.6,675.0
2025-04-29,131.0,133.8,131.0,132.0,166.0
2025-04-30,131.0,133.5,131.0,131.0,27872.0
2025-05-02,131.0,136.0,131.0,135.0,24700.0
2025-05-05,135.0,135.0,135.0,135.0,1131.0
2025-05-06,135.0,144.0,135.0,141.9,16531.0
2025-05-07,140.0,142.0,136.8,140.0,56451.0
2025-05-08,139.0,139.0,136.1,138.9,35944.0
2025-05-09,139.0,140.0,135.0,140.0,31823.0
2025-05-12,141.0,145.0,137.0,145.0,26257.0
2025-05-13,142.0,145.0,142.0,145.0,2086.0
2025-05-14,141.0,145.0,140.0,141.0,53678.0
2025-05-15,143.85,144.0,141.0,141.0,12051.0
2025-05-16,143.8,143.8,137.25,137.25,21809.0
2025-05-19,138.0,142.95,138.0,138.2,1429.0
2025-05-20,141.5,141.5,138.2,138.5,48722.0
2025-05-21,140.0,141.5,138.0,138.0,25020.0
2025-05-22,138.2,142.45,138.2,142.45,45238.0
2025-05-23,138.3,141.95,138.2,141.0,3105.0
2025-05-26,140.0,141.0,140.0,140.1,277.0
2025-05-27,141.0,142.0,138.0,139.05,88223.0
2025-05-28,140.0,141.5,139.0,140.0,8984.0
2025-05-29,140.85,142.0,140.0,142.0,2268.0
2025-05-30,142.25,142.25,137.0,137.0,20126.0
2025-06-02,141.9,147.0,140.0,144.5,22269.0
2025-06-03,140.0,146.2,140.0,141.6,5562.0
2025-06-04,142.1,146.9,142.1,142.6,35659.0
2025-06-05,143.0,146.0,141.2,141.2,26384.0
2025-06-06,145.75,147.9,142.0,147.9,221694.0
2025-06-10,142.65,147.2,142.0,145.8,55028.0
2025-06-11,145.0,146.0,143.5,145.0,6527.0
2025-06-12,143.6,145.5,141.0,144.0,3082.0
2025-06-13,141.95,144.0,140.0,144.0,8587.0
2025-06-16,141.0,145.0,140.0,145.0,4870.0
2025-06-17,143.0,144.8,141.2,144.8,1622.0
2025-06-18,144.8,144.8,140.0,140.0,4534.0
2025-06-19,138.1,140.0,135.0,140.0,6706.0
2025-06-20,140.0,141.0,136.0,140.0,51103.0
2025-06-23,140.0,140.0,139.0,139.0,1028.0
2025-06-24,140.0,143.0,140.0,140.0,120837.0
2025-06-25,141.95,144.8,139.35,144.8,55239.0
2025-06-26,140.6,150.0,140.25,150.0,35815.0
2025-06-30,146.2,147.0,142.0,142.0,46562.0
2025-07-01,147.0,147.0,141.4,142.0,14155.0
2025-07-02,141.45,142.5,140.5,140.75,2362.0
2025-07-03,142.75,144.1,141.0,144.0,1658.0
2025-07-04,143.0,145.95,140.5,145.95,5538.0
2025-07-07,140.5,144.25,140.5,141.5,3085.0
2025-07-08,142.95,145.0,140.5,145.0,2772.0
2025-07-09,141.9,144.4,141.9,144.0,2234.0
2025-07-10,144.4,144.4,142.0,142.0,3507.0
2025-07-11,144.0,144.0,140.0,140.0,10168.0
2025-07-14,140.7,144.0,139.0,144.0,4594.0
2025-07-15,140.6,143.9,139.35,143.9,2270.0
2025-07-16,143.0,143.9,143.0,143.9,3152.0
2025-07-17,140.55,143.5,140.4,140.75,1302.0
2025-07-18,140.55,142.95,140.0,140.0,9840.0
2025-07-21,142.85,143.0,140.1,143.0,2370.0
2025-07-22,142.9,142.9,140.5,142.9,3340.0
2025-07-23,143.0,144.4,140.85,144.4,1555.0
2025-07-24,144.0,144.0,141.0,141.0,5586.0
2025-07-25,141.0,141.0,140.5,140.5,11902.0
2025-07-28,141.0,141.0,140.4,141.0,1049.0
2025-07-29,141.0,141.0,140.5,141.0,6060.0
2025-07-31,141.0,142.85,140.5,142.5,8056.0
2025-08-01,141.1,142.5,140.0,140.0,9839.0
2025-08-04,140.1,142.7,138.3,142.7,4849.0
2025-08-05,143.0,143.0,140.2,142.5,12470.0
2025-08-06,142.0,154.0,141.3,150.0,44667.0
2025-08-07,148.95,152.9,146.0,150.0,29889.0
2025-08-08,153.0,159.9,150.2,159.9,138904.0
2025-08-11,159.5,162.0,159.5,160.0,7076.0
2025-08-12,160.0,160.0,155.0,156.0,12435.0
2025-08-13,154.1,163.0,154.1,162.0,11120.0
2025-08-15,156.3,163.0,156.3,162.0,8225.0
2025-08-18,162.0,162.0,157.75,160.0,2412.0
2025-08-19,158.0,159.8,155.0,155.0,20209.0
2025-08-22,153.6,156.0,153.6,154.95,16220.0
2025-08-25,155.0,155.0,154.0,154.0,7549.0
2025-08-26,155.0,155.0,152.5,154.85,1780.0
2025-08-27,154.85,154.85,152.8,154.0,1528.0
2025-08-28,154.0,154.0,152.15,154.0,2285.0
2025-08-29,153.35,154.0,153.0,154.0,8274.0
2025-09-01,155.0,158.0,154.0,157.65,19642.0
2025-09-02,158.0,159.0,157.95,158.0,8191.0
2025-09-03,158.0,163.45,158.0,163.45,29130.0
2025-09-04,162.85,163.5,158.7,160.0,44666.0
2025-09-08,158.0,159.6,157.0,159.6,6184.0
2025-09-09,159.6,159.6,152.1,159.55,9345.0
2025-09-10,159.6,159.6,155.0,158.95,2058.0
2025-09-11,158.0,158.0,154.5,158.0,1345.0
2025-09-12,155.5,157.9,155.5,156.0,223.0
2025-09-15,158.0,158.0,153.0,156.9,3929.0
2025-09-16,157.7,157.7,152.2,152.2,2088.0
2025-09-17,156.0,156.0,155.8,155.8,230.0
2025-09-18,155.0,155.5,152.1,155.5,2198.0
2025-09-19,152.35,159.45,152.35,159.45,10202.0
2025-09-22,159.9,162.9,154.3,155.0,15000.0
2025-09-23,155.0,157.0,154.0,154.0,9156.0
2025-09-24,157.9,158.3,153.0,153.0,15137.0
2025-09-25,154.0,157.0,150.0,150.0,58031.0
2025-09-26,153.0,155.0,148.0,148.5,95095.0
2025-09-29,154.4,154.4,135.0,135.0,2412.0
2025-09-30,138.8,148.45,138.8,145.0,22534.0
2025-10-01,147.9,147.9,143.0,144.0,4547.0
2025-10-02,138.0,145.0,138.0,145.0,9870.0
2025-10-03,145.0,153.9,145.0,147.0,33761.0
2025-10-06,150.0,155.0,148.8,155.0,3716.0
2025-10-07,150.05,156.6,150.05,150.5,2162.0
2025-10-08,155.0,155.0,150.5,155.0,3625.0
2025-10-09,155.0,155.0,151.0,154.8,4322.0
2025-10-10,151.05,154.9,150.2,150.2,2489.0
2025-10-13,153.95,155.0,153.0,155.0,2134.0
2025-10-14,155.0,155.0,142.0,153.8,2602.0
2025-10-15,153.0,153.0,148.0,148.0,50.0
2025-10-16,148.35,152.9,145.05,152.9,7051.0
2025-10-17,147.05,152.75,142.6,142.6,5082.0
2025-10-20,151.95,151.95,146.2,150.0,2915.0
2025-10-21,150.0,156.6,149.0,156.6,20004.0
2025-10-22,153.6,158.6,153.0,158.6,4670.0
2025-10-23,158.0,158.0,157.9,157.9,334.0
2025-10-24,155.0,155.9,152.0,155.9,54058.0
2025-10-27,153.75,155.9,153.75,154.0,924.0
2025-10-28,155.0,155.0,153.0,153.0,3565.0
2025-10-29,153.0,154.0,153.0,153.0,5780.0
2025-10-30,153.0,153.0,152.55,152.9,207.0
2025-10-31,153.0,153.0,152.0,152.0,1767.0
2025-11-03,153.0,154.0,152.15,152.5,4773.0
2025-11-04,151.5,153.0,151.5,151.55,1914.0
2025-11-05,152.0,155.0,151.4,155.0,1138.0
2025-11-07,151.5,153.0,150.0,150.0,5077.0
2025-11-10,150.0,150.0,149.15,150.0,643.0
2025-11-11,151.0,152.8,147.0,147.0,1495.0
2025-11-12,146.4,152.0,146.4,149.9,700.0
2025-11-13,153.0,153.9,153.0,153.9,406.0
2025-11-14,147.25,152.95,144.4,144.4,7222.0
2025-11-17,150.95,150.95,146.0,147.9,3554.0
2025-11-19,144.6,149.0,142.0,142.0,3554.0
2025-11-20,142.0,146.0,140.6,146.0,3161.0
2025-11-21,141.0,144.0,141.0,142.0,6801.0
2025-11-24,141.05,143.9,135.0,139.9,7377.0
2025-11-25,140.0,140.0,138.0,140.0,3194.0
2025-11-26,140.0,143.2,137.1,137.1,3566.0
2025-11-27,138.1,140.0,138.1,140.0,2636.0
2025-11-28,139.05,142.5,138.0,138.0,11435.0
2025-12-01,142.9,142.9,138.1,140.0,945.0
2025-12-02,138.0,140.0,138.0,140.0,617.0
2025-12-03,141.45,141.45,138.3,140.0,1349.0
2025-12-04,138.55,140.0,136.3,140.0,3847.0
2025-12-05,141.0,141.5,138.0,138.0,1578.0
2025-12-08,140.0,140.0,136.9,140.0,621.0
2025-12-09,140.0,140.0,138.3,140.0,2655.0
2025-12-10,140.0,140.0,137.4,137.4,5552.0
2025-12-11,138.0,141.5,136.5,139.0,44927.0
2025-12-12,139.0,149.95,139.0,141.0,14766.0
2025-12-15,147.8,147.8,143.05,146.95,1761.0
2025-12-16,148.75,148.75,146.0,147.95,1012.0
2025-12-17,147.95,147.95,143.8,144.0,3356.0
2025-12-18,147.95,147.95,144.0,144.0,1915.0
2025-12-19,146.9,146.9,141.0,141.0,7556.0
2025-12-22,141.9,146.0,141.1,146.0,4337.0
2025-12-23,145.95,145.95,142.0,142.0,19461.0
2025-12-24,145.45,154.0,140.0,154.0,41396.0
2025-12-25,151.9,151.9,145.0,149.0,25331.0
2025-12-26,150.0,150.95,140.0,140.0,80660.0
2025-12-29,147.9,147.9,141.2,145.8,3682.0
2025-12-30,145.0,145.45,142.0,145.0,5622.0
2025-12-31,144.05,150.0,144.0,150.0,10173.0
2026-01-02,151.9,152.0,148.0,149.95,54000.0
2026-01-05,149.5,150.0,147.0,149.05,14065.0
2026-01-06,150.0,153.0,149.0,152.0,1404.0
2026-01-07,152.95,152.95,149.0,150.0,2084.0
2026-01-08,150.0,150.0,149.0,149.0,21031.0
2026-01-09,149.0,150.0,148.0,149.0,171003.0
2026-01-12,147.0,150.9,147.0,150.0,2466.0
2026-01-13,147.6,150.0,147.6,148.0,1313.0
2026-01-15,146.0,149.85,144.0,147.95,1304.0
2026-01-16,149.8,149.8,144.0,148.0,910.0
2026-01-19,144.1,147.5,144.1,147.0,359.0
2026-01-20,144.2,148.8,144.2,147.0,254.0
2026-01-21,144.0,147.7,144.0,147.0,8610.0
2026-01-22,148.0,148.0,144.0,147.0,311.0
2026-01-23,147.9,147.9,141.1,141.1,3211.0
2026-01-26,142.0,144.75,140.0,142.8,2043.0
2026-01-27,141.0,142.6,141.0,142.0,844.0
2026-01-28,141.1,143.5,141.1,143.0,96.0
2026-01-29,143.0,143.0,141.0,141.0,171659.0
2026-01-30,141.0,148.0,140.0,140.0,46034.0
2026-02-02,140.0,147.0,140.0,143.0,241.0
2026-02-03,140.1,144.0,140.1,143.8,125.0
2026-02-04,142.0,143.0,140.1,141.0,125188.0
2026-02-05,143.85,143.85,139.6,139.65,46830.0
2026-02-06,139.8,142.0,135.0,135.0,13621.0
2026-02-09,138.0,141.0,137.0,140.9,553.0
2026-02-10,140.0,141.9,139.1,141.9,48921.0
2026-02-11,141.9,141.9,139.75,140.5,932.0
2026-02-12,139.5,141.9,139.5,141.0,22743.0
2026-02-13,140.0,141.0,139.9,139.9,7509.0
2026-02-16,140.0,141.0,139.7,140.8,2344.0
2026-02-17,142.7,142.7,140.0,140.0,858.0
2026-02-18,140.0,141.0,139.0,140.0,11010.0
2026-02-19,139.15,140.0,138.6,138.6,18796.0
2026-02-20,140.0,145.0,138.0,145.0,17520.0
2026-02-23,145.0,145.0,142.0,142.0,90.0
2026-02-24,143.95,144.4,140.0,140.0,37480.0
2026-02-25,140.0,143.5,139.5,143.5,559.0
2026-02-26,140.0,143.4,140.0,143.4,15129.0
2026-02-27,140.0,143.9,140.0,140.0,3609.0
2026-03-02,135.05,138.9,131.2,134.0,2978.0
2026-03-03,133.0,134.05,123.5,123.5,15345.0
2026-03-04,130.0,134.9,130.0,134.7,64254.0
2026-03-05,139.8,139.9,135.05,137.85,11502.0
2026-03-06,140.0,140.0,129.0,129.0,76692.0
2026-03-09,130.0,131.8,128.0,128.0,4972.0
2026-03-10,130.1,133.0,129.2,129.2,11253.0
2026-03-11,132.8,132.8,129.3,131.0,5339.0
2026-03-12,132.0,132.0,129.0,130.8,2092.0
2026-03-13,131.5,131.5,128.5,128.5,13992.0
2026-03-16,129.0,130.0,128.15,129.0,528.0
2026-03-17,131.8,131.8,128.55,129.0,3294.0
2026-03-18,128.4,131.6,128.4,131.0,959.0
2026-03-19,131.4,131.4,129.0,131.3,1021.0
2026-03-24,131.6,131.6,129.2,129.2,1500.0
2026-03-25,132.9,136.0,129.0,136.0,9251.0
2026-03-26,131.1,134.9,131.1,132.0,10527.0
2026-03-27,133.85,133.85,131.1,132.5,20117.0
