Time,Open,High,Low,Close,Volume
2012-03-26,357.0,360.0,355.0,357.0,4204.0
2012-03-27,350.10001,353.0,348.60001,350.10001,66608.0
2012-03-28,350.0,351.0,350.0,350.0,33695.0
2012-03-29,353.0,353.0,351.04999,353.0,10440.0
2012-03-30,360.0,360.0,353.0,360.0,47884.0
2012-04-02,354.0,360.0,354.0,354.0,7355.0
2012-04-03,350.0,354.10001,350.0,350.0,21031.0
2012-04-04,350.0,352.0,350.0,350.0,13812.0
2012-04-05,350.0,350.5,350.0,350.0,43773.0
2012-04-06,350.0,350.04999,350.0,350.0,26106.0
2012-04-09,352.75,352.75,350.0,352.75,10390.0
2012-04-13,331.75,347.0,331.75,331.75,51196.0
2012-04-16,333.0,333.0,332.04999,333.0,485.0
2012-04-17,339.5,341.0,339.0,339.5,43068.0
2012-04-18,345.0,345.0,339.10001,345.0,30842.0
2012-04-19,340.0,341.0,336.0,340.0,4542.0
2012-04-20,339.0,340.0,335.0,339.0,33447.0
2012-04-23,339.5,339.5,338.95001,339.5,3438.0
2012-04-24,336.0,340.0,336.0,336.0,7864.0
2012-04-25,335.0,335.10001,335.0,335.0,2550.0
2012-04-26,335.0,335.0,333.0,335.0,22995.0
2012-04-27,328.89999,335.0,328.89999,328.89999,15557.0
2012-04-30,332.0,332.89999,330.0,332.0,17391.0
2012-05-02,330.0,332.0,330.0,330.0,8804.0
2012-05-03,331.0,331.89999,330.04999,331.0,7539.0
2012-05-04,332.45001,333.5,330.0,332.45001,13300.0
2012-05-07,338.0,338.0,330.04999,338.0,7340.0
2012-05-08,339.89999,339.89999,330.0,339.89999,6118.0
2012-05-09,335.0,338.0,335.0,335.0,2106.0
2012-05-10,341.0,341.0,335.0,341.0,8742.0
2012-05-11,339.89999,340.0,335.0,339.89999,26140.0
2012-05-14,340.0,340.0,339.0,340.0,9136.0
2012-05-15,335.0,340.0,335.0,335.0,16890.0
2012-05-16,329.85001,335.0,329.85001,329.85001,36598.0
2012-05-17,318.5,329.95001,317.14999,318.5,24611.0
2012-05-18,314.0,316.0,308.0,314.0,29546.0
2012-05-21,321.0,321.0,315.0,321.0,9061.0
2012-05-22,326.0,329.0,321.0,326.0,601167.0
2012-05-23,341.0,341.0,326.0,341.0,22438.0
2012-05-24,347.89999,350.0,343.0,347.89999,78991.0
2012-05-25,360.0,360.0,347.89999,360.0,75204.0
2012-05-28,369.10001,371.0,362.89999,369.10001,49346.0
2012-05-29,367.20001,375.0,367.20001,367.20001,37619.0
2012-05-30,355.0,360.0,354.0,355.0,51957.0
2012-05-31,365.0,365.0,355.04999,365.0,77756.0
2012-06-01,364.0,365.0,361.0,364.0,25567.0
2012-06-04,352.04999,356.20001,352.0,352.04999,11117.0
2012-06-05,341.0,353.0,341.0,341.0,17100.0
2012-06-06,335.0,341.04999,335.0,335.0,16910.0
2012-06-07,336.5,347.85001,336.5,336.5,596.0
2012-06-08,349.0,349.0,344.0,349.0,21524.0
2012-06-11,347.10001,353.89999,346.0,347.10001,2647.0
2012-06-12,356.0,356.0,345.10001,356.0,60440.0
2012-06-13,351.0,351.0,350.0,351.0,24538.0
2012-06-14,350.0,353.5,348.0,350.0,10607.0
2012-06-15,343.0,350.0,343.0,343.0,25331.0
2012-06-18,340.0,352.5,331.0,340.0,9292.0
2012-06-19,347.0,349.85001,334.54999,347.0,1725.0
2012-06-20,353.0,353.0,345.04999,353.0,21343.0
2012-06-21,345.0,347.0,344.5,345.0,24343.0
2012-06-22,344.89999,344.89999,340.0,344.89999,5175.0
2012-06-25,342.0,342.0,338.04999,342.0,4832.0
2012-06-26,331.0,344.70001,331.0,331.0,366519.0
2012-06-27,340.0,340.0,331.14999,340.0,1095413.0
2012-06-28,335.10001,340.0,335.10001,335.10001,1924010.0
2012-06-29,335.10001,340.0,334.0,335.10001,100675.0
2012-07-02,340.0,340.0,334.5,340.0,4317.0
2012-07-03,342.0,344.0,340.0,342.0,62268.0
2012-07-04,345.0,345.0,340.14999,345.0,12808.0
2012-07-05,345.0,345.0,340.0,345.0,3572.0
2012-07-06,340.0,347.0,337.0,340.0,8650.0
2012-07-09,332.0,345.0,330.0,332.0,12784.0
2012-07-10,332.04999,339.0,332.04999,332.04999,3986.0
2012-07-11,335.0,335.0,335.0,335.0,42400.0
2012-07-12,332.0,332.04999,330.0,332.0,21061.0
2012-07-13,328.0,332.0,328.0,328.0,6841.0
2012-07-16,336.95001,336.95001,327.04999,336.95001,8462.0
2012-07-17,345.0,345.0,336.95001,345.0,36423.0
2012-07-18,345.0,345.0,340.0,345.0,27650.0
2012-07-19,345.0,346.64999,336.0,345.0,36927.0
2012-07-20,344.89999,345.0,339.10001,344.89999,23028.0
2012-07-23,345.89999,345.89999,336.0,345.89999,2595.0
2012-07-24,341.0,344.0,337.54999,341.0,6823.0
2012-07-25,344.0,344.0,338.0,344.0,9278.0
2012-07-26,344.95001,344.95001,340.0,344.95001,2400.0
2012-07-27,342.0,345.0,340.0,342.0,128854.0
2012-07-31,346.0,346.0,338.04999,346.0,19861.0
2012-08-01,346.5,346.79999,345.0,346.5,35065.0
2012-08-02,346.0,346.0,342.0,346.0,35157.0
2012-08-03,345.0,346.79999,345.0,345.0,38790.0
2012-08-06,339.0,344.45001,339.0,339.0,9619.0
2012-08-07,340.14999,340.14999,338.0,340.14999,4212.0
2012-08-08,341.0,344.79999,340.20001,341.0,6821.0
2012-08-09,345.0,345.0,340.5,345.0,25507.0
2012-08-10,344.79999,345.0,340.0,344.79999,83040.0
2012-08-13,345.0,345.0,342.0,345.0,6179.0
2012-08-15,337.20001,345.0,337.20001,337.20001,12104.0
2012-08-16,338.10001,340.0,337.60001,338.10001,8202.0
2012-08-17,336.5,338.0,336.0,336.5,12376.0
2012-08-22,339.85001,339.85001,337.0,339.85001,2941.0
2012-08-23,340.0,340.0,330.0,340.0,18744.0
2012-08-24,333.04999,340.0,332.64999,333.04999,2152.0
2012-08-27,338.79999,339.89999,333.35001,338.79999,1232.0
2012-08-28,339.89999,339.89999,339.0,339.89999,6120.0
2012-08-29,339.75,340.0,339.0,339.75,2908.0
2012-08-30,340.0,340.0,336.0,340.0,10423.0
2012-08-31,343.0,343.0,340.0,343.0,16816.0
2012-09-03,344.0,344.0,336.60001,344.0,22454.0
2012-09-04,339.5,340.0,338.54999,339.5,19293.0
2012-09-05,337.70001,337.70001,337.10001,337.70001,6674.0
2012-09-06,337.0,339.0,335.0,337.0,25511.0
2012-09-07,335.0,335.29999,332.0,335.0,18724.0
2012-09-10,335.0,337.0,333.0,335.0,27683.0
2012-09-11,335.10001,339.0,334.20001,335.10001,2542.0
2012-09-12,335.10001,336.0,335.0,335.10001,8020.0
2012-09-13,335.0,335.04999,333.60001,335.0,18454.0
2012-09-14,334.0,335.0,333.5,334.0,12208.0
2012-09-17,334.95001,335.0,331.0,334.95001,7993.0
2012-09-18,334.0,334.0,331.64999,334.0,7800.0
2012-09-19,330.0,334.0,325.20001,330.0,17999.0
2012-09-20,325.0,330.0,323.5,325.0,18533.0
2012-09-21,325.0,325.0,320.0,325.0,73877.0
2012-09-24,325.14999,329.0,322.0,325.14999,27856.0
2012-09-25,322.0,325.0,322.0,322.0,191433.0
2012-09-26,329.0,329.0,325.0,329.0,2870.0
2012-09-27,325.0,325.0,321.04999,325.0,22949.0
2012-09-28,323.5,324.5,318.10001,323.5,40371.0
2012-10-01,325.0,325.0,319.10001,325.0,13351.0
2012-10-02,324.0,325.0,319.54999,324.0,3532.0
2012-10-03,323.0,323.0,319.5,323.0,178649.0
2012-10-04,324.89999,324.89999,320.14999,324.89999,36580.0
2012-10-05,329.0,329.0,321.5,329.0,34051.0
2012-10-08,327.0,330.0,327.0,327.0,6935.0
2012-10-09,323.10001,325.0,322.04999,323.10001,28310.0
2012-10-10,327.0,327.0,322.79999,327.0,3108.0
2012-10-11,323.0,323.20001,322.5,323.0,16558.0
2012-10-12,320.0,327.0,319.0,320.0,182454.0
2012-10-15,317.0,321.0,317.0,317.0,37241.0
2012-10-16,312.5,312.5,310.20001,312.5,15300.0
2012-10-17,310.0,315.0,309.60001,310.0,26137.0
2012-10-18,310.0,313.29999,309.60001,310.0,24546.0
2012-10-19,310.0,310.0,309.0,310.0,27498.0
2012-10-22,323.0,323.0,312.29999,323.0,10274.0
2012-10-23,315.10001,322.95001,315.0,315.10001,5583.0
2012-10-24,317.0,322.85001,310.10001,317.0,24731.0
2012-10-25,323.0,323.0,312.5,323.0,20876.0
2012-10-29,322.5,324.75,316.0,322.5,606353.0
2012-10-30,316.10001,322.5,316.10001,316.10001,10008.0
2012-10-31,323.5,323.5,320.0,323.5,26421.0
2012-11-01,320.0,324.39999,316.54999,320.0,1708.0
2012-11-02,323.5,323.5,317.29999,323.5,12214.0
2012-11-05,325.0,325.0,318.0,325.0,9830.0
2012-11-07,332.0,335.0,325.0,332.0,46347.0
2012-11-08,332.0,338.89999,325.60001,332.0,45121.0
2012-11-09,322.70001,332.60001,322.0,322.70001,16730.0
2012-11-12,327.89999,327.89999,322.0,327.89999,769.0
2012-11-13,326.0,327.95001,323.0,326.0,20569.0
2012-11-14,326.20001,327.5,323.0,326.20001,2700.0
2012-11-15,329.0,329.64999,325.04999,329.0,9746.0
2012-11-19,325.10001,333.0,325.10001,325.10001,38839.0
2012-11-20,325.10001,329.54999,323.75,325.10001,16193.0
2012-11-21,326.0,327.95001,323.5,326.0,5774.0
2012-11-22,323.5,327.0,323.25,323.5,1380.0
2012-11-23,325.0,325.0,323.29999,325.0,9967.0
2012-11-26,325.0,325.0,321.04999,325.0,1797.0
2012-11-27,328.0,328.0,321.0,328.0,24315.0
2012-11-28,323.0,325.0,322.5,323.0,21231.0
2012-11-29,330.0,330.0,322.0,330.0,47727.0
2012-11-30,330.0,331.0,324.5,330.0,73899.0
2012-12-03,325.04999,330.0,325.04999,325.04999,17622.0
2012-12-04,328.5,328.5,321.04999,328.5,35526.0
2012-12-05,325.20001,329.5,323.60001,325.20001,11366.0
2012-12-06,325.0,328.0,324.79999,325.0,5677.0
2012-12-07,328.79999,328.79999,328.0,328.79999,11877.0
2012-12-10,328.75,328.75,325.0,328.75,16573.0
2012-12-11,329.0,329.70001,327.10001,329.0,25205.0
2012-12-12,325.0,329.0,325.0,325.0,19945.0
2012-12-13,329.0,329.0,325.04999,329.0,95347.0
2012-12-14,325.14999,325.39999,325.10001,325.14999,3484.0
2012-12-17,327.45001,327.45001,322.0,327.45001,47164.0
2012-12-18,324.45001,326.0,322.10001,324.45001,48832.0
2012-12-19,325.5,325.5,324.0,325.5,11770.0
2012-12-20,323.20001,326.0,323.20001,323.20001,24834.0
2012-12-21,320.0,324.79999,320.0,320.0,77195.0
2012-12-24,320.0,320.0,315.10001,320.0,2038888.0
2012-12-25,317.0,320.0,317.0,317.0,67875.0
2012-12-26,315.0,317.0,315.0,315.0,1518994.0
2012-12-27,304.5,315.0,304.5,304.5,303751.0
2012-12-28,315.0,315.0,306.5,315.0,153675.0
2012-12-31,313.0,319.75,305.10001,313.0,156617.0
2013-01-02,310.0,313.95001,305.0,310.0,109755.0
2013-01-03,313.0,313.0,311.0,313.0,3688.0
2013-01-04,310.0,312.0,306.0,310.0,3654.0
2013-01-07,310.0,310.0,309.0,310.0,38894.0
2013-01-08,311.89999,312.5,305.0,311.89999,133069.0
2013-01-09,312.0,312.45001,307.64999,312.0,70570.0
2013-01-10,310.0,313.0,310.0,310.0,9417.0
2013-01-14,306.95001,311.0,305.10001,306.95001,50384.0
2013-01-15,303.0,306.5,303.0,303.0,132517.0
2013-01-16,300.0,303.85001,300.0,300.0,132486.0
2013-01-17,301.0,302.85001,300.0,301.0,20772.0
2013-01-18,304.5,305.0,300.0,304.5,56672.0
2013-01-21,309.39999,309.70001,300.0,309.39999,10935.0
2013-01-22,304.89999,304.89999,300.35001,304.89999,5049.0
2013-01-23,300.0,301.35001,300.0,300.0,25365.0
2013-01-28,305.0,305.0,300.0,305.0,29846.0
2013-01-29,314.5,315.0,302.5,314.5,116841.0
2013-01-30,310.0,310.0,309.0,310.0,24979.0
2013-01-31,311.0,313.95001,310.0,311.0,24239.0
2013-02-01,311.0,311.04999,310.0,311.0,50707.0
2013-02-04,311.0,311.0,306.35001,311.0,28400.0
2013-02-05,313.89999,313.89999,307.60001,313.89999,19865.0
2013-02-06,314.0,314.0,311.04999,314.0,37124.0
2013-02-07,308.29999,310.0,308.10001,308.29999,10289.0
2013-02-08,306.0,309.0,306.0,306.0,24219.0
2013-02-11,305.0,306.0,302.0,305.0,11460.0
2013-02-12,305.0,305.0,302.39999,305.0,13744.0
2013-02-13,305.0,306.95001,303.25,305.0,19519.0
2013-02-14,305.0,305.0,303.0,305.0,17389.0
2013-02-15,300.0,302.60001,300.0,300.0,189342.0
2013-02-18,303.89999,303.89999,300.0,303.89999,8986.0
2013-02-19,303.5,303.89999,300.0,303.5,18979.0
2013-02-20,303.5,305.0,301.35001,303.5,25053.0
2013-02-21,302.95001,302.95001,300.04999,302.95001,30224.0
2013-02-22,300.04999,302.5,300.04999,302.5,16270.0
2013-02-25,300.0,305.79999,300.0,302.45001,11709.0
2013-02-26,300.04999,300.04999,300.0,300.0,39592.0
2013-02-27,300.0,301.5,300.0,301.5,6635.0
2013-02-28,300.0,303.0,300.0,303.0,21949.0
2013-03-01,300.0,300.14999,300.0,300.0,23886.0
2013-03-04,300.0,305.0,300.0,304.89999,14132.0
2013-03-05,305.0,305.0,300.0,300.0,18676.0
2013-03-06,300.0,300.10001,300.0,300.0,10495.0
2013-03-07,300.0,301.89999,300.0,301.89999,32764.0
2013-03-08,302.0,302.0,300.0,300.0,28509.0
2013-03-11,300.0,300.0,300.0,300.0,19053.0
2013-03-12,300.0,305.0,300.0,304.89999,121352.0
2013-03-13,304.89999,307.89999,300.29999,300.29999,7905.0
2013-03-14,300.10001,304.0,300.10001,304.0,5531.0
2013-03-15,301.0,305.0,301.0,303.0,27071.0
2013-03-18,306.20001,306.20001,301.14999,306.0,25225.0
2013-03-19,302.0,303.5,301.60001,303.5,33367.0
2013-03-20,302.0,303.5,301.20001,303.5,16433.0
2013-03-21,305.0,310.0,305.0,307.0,123167.0
2013-03-22,307.0,309.79999,307.0,308.5,68507.0
2013-03-25,309.85001,311.79999,309.70001,310.0,39326.0
2013-03-26,310.0,315.0,310.0,313.54999,24899.0
2013-03-27,310.5,315.0,310.5,315.0,26757.0
2013-03-28,312.04999,320.0,312.04999,320.0,58534.0
2013-03-29,324.0,324.0,320.0,320.0,33524.0
2013-04-01,323.0,323.89999,320.0,323.0,10623.0
2013-04-02,320.0,322.0,320.0,322.0,13038.0
2013-04-03,320.0,322.0,317.20001,319.0,82817.0
2013-04-04,319.0,320.0,318.89999,320.0,24242.0
2013-04-05,320.0,320.0,318.0,320.0,21763.0
2013-04-08,322.0,327.70001,319.04999,325.0,69902.0
2013-04-09,327.0,340.0,327.0,340.0,92363.0
2013-04-10,340.0,350.0,340.0,341.0,71042.0
2013-04-11,341.0,348.0,341.0,345.0,91898.0
2013-04-12,342.04999,343.79999,342.04999,342.10001,34781.0
2013-04-15,345.0,345.0,342.0,342.0,23431.0
2013-04-16,341.0,341.0,338.0,339.10001,90008.0
2013-04-17,338.89999,339.0,334.0,334.0,45795.0
2013-04-18,334.0,336.89999,332.0,334.0,18135.0
2013-04-19,336.5,336.5,335.0,336.0,19795.0
2013-04-22,336.0,338.0,335.0,337.0,16040.0
2013-04-23,337.0,337.0,334.0,336.0,23191.0
2013-04-24,336.0,337.79999,335.0,336.79999,46304.0
2013-04-25,336.0,336.0,336.0,336.0,16753.0
2013-04-26,335.0,336.0,334.0,335.89999,36700.0
2013-04-29,334.0,334.0,333.0,334.0,38257.0
2013-04-30,335.0,335.29999,330.0,335.0,79456.0
2013-05-02,330.5,336.0,330.5,336.0,27106.0
2013-05-03,336.5,337.0,336.0,336.10001,27529.0
2013-05-06,336.95001,339.95001,336.95001,338.0,46585.0
2013-05-07,338.0,339.0,338.0,339.0,25628.0
2013-05-08,338.0,339.89999,338.0,339.89999,17486.0
2013-05-09,338.0,339.89999,338.0,339.0,27544.0
2013-05-10,339.85001,339.85001,339.0,339.0,24743.0
2013-05-13,338.10001,340.0,338.10001,340.0,13868.0
2013-05-14,339.89999,339.89999,338.0,338.5,22970.0
2013-05-15,339.45001,339.45001,338.0,338.75,32654.0
2013-05-16,338.70001,338.70001,337.0,337.0,55399.0
2013-05-17,330.0,330.0,327.0,330.0,67090.0
2013-05-20,327.0,330.0,324.0,324.0,23756.0
2013-05-21,324.0,324.04999,320.0,320.0,67305.0
2013-05-22,320.0,320.10001,320.0,320.0,39939.0
2013-05-23,320.0,320.0,319.5,319.5,30695.0
2013-05-24,316.0,319.0,316.0,316.0,6977.0
2013-05-27,316.0,316.0,313.0,315.0,8422.0
2013-05-28,314.0,314.0,311.0,314.0,15791.0
2013-05-29,315.0,316.04999,313.0,316.04999,27794.0
2013-05-30,312.5,316.10001,312.5,316.10001,22231.0
2013-05-31,316.0,318.0,314.0,318.0,60326.0
2013-06-03,318.0,319.89999,318.0,319.89999,16334.0
2013-06-04,317.0,320.0,317.0,320.0,8352.0
2013-06-05,320.0,320.0,317.0,318.14999,15149.0
2013-06-06,318.0,318.0,316.0,318.0,14288.0
2013-06-07,318.0,318.0,317.04999,318.0,62706.0
2013-06-10,318.0,318.04999,311.0,311.0,58566.0
2013-06-11,310.0,314.0,310.0,314.0,46015.0
2013-06-12,312.0,318.0,312.0,318.0,12585.0
2013-06-13,318.0,318.5,316.0,316.0,47069.0
2013-06-14,314.04999,314.14999,312.14999,314.10001,15731.0
2013-06-17,315.10001,315.10001,311.20001,311.20001,10411.0
2013-06-18,312.10001,320.0,312.10001,320.0,21402.0
2013-06-19,318.0,324.95001,318.0,321.14999,37233.0
2013-06-20,315.10001,325.0,315.10001,325.0,64658.0
2013-06-21,323.0,329.95001,320.0,320.0,63239.0
2013-06-24,315.04999,322.5,315.04999,320.04999,32817.0
2013-06-25,316.10001,328.0,316.10001,328.0,1292424.0
2013-06-26,329.89999,329.95001,325.39999,328.0,12483.0
2013-06-27,321.0,328.5,321.0,327.89999,4042140.0
2013-06-28,320.10001,328.0,320.10001,327.89999,27922.0
2013-07-01,315.0,326.0,315.0,320.0,19018.0
2013-07-02,318.04999,320.0,318.04999,320.0,15734.0
2013-07-03,320.0,325.95001,320.0,325.95001,20816.0
2013-07-04,320.04999,326.0,320.04999,326.0,5662.0
2013-07-05,322.04999,326.89999,320.04999,326.89999,10838.0
2013-07-08,327.0,327.0,320.25,326.85001,22496.0
2013-07-09,325.0,327.0,322.45001,327.0,10425.0
2013-07-10,327.0,328.45001,323.14999,328.45001,10227.0
2013-07-11,321.5,328.0,321.5,328.0,16716.0
2013-07-12,324.04999,329.0,324.04999,329.0,10394.0
2013-07-15,324.5,328.0,324.5,328.0,9386.0
2013-07-16,327.0,328.5,324.14999,328.5,61267.0
2013-07-17,329.0,330.0,325.0,330.0,24205.0
2013-07-18,329.0,330.0,329.0,330.0,9030.0
2013-07-19,327.0,330.0,325.54999,330.0,16524.0
2013-07-22,321.20001,325.0,321.0,324.0,18066.0
2013-07-23,318.0,329.89999,318.0,329.89999,37742.0
2013-07-24,324.0,324.0,323.25,323.54999,6069.0
2013-07-25,323.39999,328.89999,323.39999,328.89999,28187.0
2013-07-26,325.64999,330.0,325.64999,330.0,14126.0
2013-07-29,327.0,330.0,323.5,323.5,39031.0
2013-07-31,323.0,325.04999,323.0,325.04999,17197.0
2013-08-01,324.0,325.5,324.0,325.0,11236.0
2013-08-02,324.04999,325.10001,324.04999,325.0,9384.0
2013-08-05,325.0,325.0,312.14999,320.0,4052.0
2013-08-06,318.04999,325.0,318.04999,325.0,14197.0
2013-08-07,325.0,325.0,321.0,321.0,4485.0
2013-08-08,320.04999,321.14999,320.0,321.14999,7627.0
2013-08-12,320.0,321.29999,320.0,321.29999,4873.0
2013-08-13,316.20001,328.5,316.20001,327.5,14453.0
2013-08-15,329.45001,329.45001,319.0,319.0,10803.0
2013-08-16,317.0,320.04999,317.0,320.04999,2835.0
2013-08-19,317.5,318.25,317.5,318.25,2457.0
2013-08-22,317.04999,317.20001,316.5,316.5,5807.0
2013-08-23,316.20001,320.0,316.20001,320.0,18565.0
2013-08-26,316.39999,320.0,316.0,316.20001,82987.0
2013-08-27,316.14999,318.0,315.60001,315.60001,31156.0
2013-08-28,315.0,316.04999,315.0,316.04999,670.0
2013-08-29,315.0,315.0,312.5,313.20001,7732.0
2013-08-30,319.89999,319.89999,313.20001,313.54999,20180.0
2013-09-02,312.10001,319.79999,312.10001,314.0,2249.0
2013-09-03,314.04999,314.54999,314.04999,314.54999,2992.0
2013-09-04,314.0,319.79999,314.0,319.79999,43286.0
2013-09-05,314.10001,314.75,314.0,314.75,3207.0
2013-09-06,314.5,314.5,314.0,314.5,6328.0
2013-09-09,314.0,319.89999,314.0,314.0,8797.0
2013-09-10,313.25,313.25,310.0,310.0,17524.0
2013-09-11,308.0,308.0,306.0,306.0,11230.0
2013-09-12,308.0,312.0,304.0,305.10001,39730.0
2013-09-13,309.0,310.0,306.0,310.0,6784.0
2013-09-16,303.0,312.89999,303.0,310.0,5915.0
2013-09-17,310.0,310.0,306.79999,310.0,19177.0
2013-09-18,305.5,312.39999,305.5,307.5,4438.0
2013-09-19,305.10001,310.0,305.0,307.0,16315.0
2013-09-20,305.14999,312.0,305.14999,312.0,54909.0
2013-09-23,312.0,312.0,307.0,307.0,13558.0
2013-09-24,307.10001,313.10001,307.0,313.10001,67393.0
2013-09-25,310.0,315.0,310.0,315.0,11297.0
2013-09-26,310.5,316.0,310.5,315.0,6280.0
2013-09-27,315.10001,330.0,312.10001,317.0,124714.0
2013-09-30,317.0,317.0,317.0,317.0,8971.0
2013-10-01,317.0,317.04999,317.0,317.0,2471.0
2013-10-02,320.0,320.0,317.0,317.0,7900.0
2013-10-03,318.95001,321.0,318.0,320.0,62322.0
2013-10-04,315.04999,323.0,315.04999,320.0,39054.0
2013-10-07,317.10001,320.04999,317.10001,320.04999,3374.0
2013-10-08,323.5,332.0,323.0,330.0,98121.0
2013-10-09,329.89999,330.0,325.10001,325.60001,82807.0
2013-10-10,323.0,324.04999,322.0,324.04999,41472.0
2013-10-11,325.0,327.5,320.0,325.0,14735.0
2013-10-14,321.70001,321.79999,320.04999,320.04999,6579.0
2013-10-15,320.0,328.0,320.0,328.0,19888.0
2013-10-21,325.0,326.85001,323.0,326.85001,22615.0
2013-10-22,324.0,324.70001,324.0,324.64999,23283.0
2013-10-23,326.95001,326.95001,322.10001,326.89999,13278.0
2013-10-24,326.0,326.0,323.54999,324.70001,12704.0
2013-10-25,326.0,329.29999,325.04999,329.29999,18490.0
2013-10-28,327.0,339.95001,327.0,338.0,106667.0
2013-10-29,336.0,345.0,332.10001,337.0,127694.0
2013-10-30,337.0,337.0,330.0,335.0,47158.0
2013-10-31,335.0,335.0,332.04999,332.10001,31105.0
2013-11-01,328.0,331.10001,325.0,325.0,56505.0
2013-11-04,330.0,330.0,323.0,325.0,36951.0
2013-11-07,326.0,328.0,326.0,328.0,26120.0
2013-11-08,328.0,334.0,323.04999,323.04999,45048.0
2013-11-11,321.60001,328.0,321.5,321.5,7155.0
2013-11-12,321.20001,322.0,320.0,320.0,46457.0
2013-11-13,320.10001,326.95001,319.04999,320.54999,36166.0
2013-11-14,318.5,323.95001,318.5,322.0,5901.0
2013-11-15,321.10001,321.20001,319.10001,319.10001,26592.0
2013-11-19,318.60001,318.60001,315.04999,317.0,58390.0
2013-11-20,315.29999,317.0,315.29999,316.89999,71328.0
2013-11-21,315.35001,315.5,315.0,315.0,93563.0
2013-11-22,314.54999,314.54999,309.29999,311.85001,131246.0
2013-11-25,308.0,319.0,307.0,319.0,263817.0
2013-11-26,316.0,318.0,305.0,305.0,1187644.0
2013-11-27,310.54999,317.0,305.0,307.10001,1209217.0
2013-11-28,310.20001,310.20001,305.0,307.0,248635.0
2013-11-29,310.5,312.89999,310.0,311.0,5567.0
2013-12-02,310.0,313.0,310.0,313.0,6955.0
2013-12-03,313.0,314.75,307.10001,307.10001,116304.0
2013-12-04,308.0,312.0,308.0,308.0,16233.0
2013-12-05,308.10001,312.29999,308.0,308.0,14006.0
2013-12-06,308.0,312.89999,305.0,305.0,68409.0
2013-12-09,307.0,310.0,307.0,309.5,41349.0
2013-12-10,307.10001,310.0,307.10001,307.45001,16409.0
2013-12-11,307.0,307.45001,305.5,307.45001,33232.0
2013-12-12,308.0,309.0,308.0,308.95001,35628.0
2013-12-13,307.5,309.79999,307.5,309.79999,7246.0
2013-12-16,309.0,309.0,307.0,309.0,5863.0
2013-12-17,307.0,309.79999,307.0,307.64999,1507388.0
2013-12-18,308.0,309.0,307.64999,309.0,21659.0
2013-12-19,309.0,311.79999,309.0,311.79999,25714.0
2013-12-20,309.10001,310.04999,305.60001,305.60001,31280.0
2013-12-23,306.14999,307.0,305.10001,306.10001,12130.0
2013-12-24,305.10001,307.89999,305.10001,306.0,3850.0
2013-12-25,307.5,307.5,306.04999,307.0,4591.0
2013-12-26,308.95001,308.95001,306.04999,306.95001,6298.0
2013-12-27,307.0,307.0,305.14999,305.14999,10286.0
2013-12-30,306.0,306.0,305.5,306.0,2622520.0
2013-12-31,303.04999,308.70001,303.04999,305.0,34980.0
2014-01-02,306.0,307.0,303.04999,303.29999,3323.0
2014-01-03,307.5,307.5,307.0,307.0,7730.0
2014-01-06,305.0,307.0,305.0,307.0,50540.0
2014-01-07,307.5,308.89999,305.04999,308.89999,14604.0
2014-01-08,306.39999,306.39999,305.10001,305.10001,10895.0
2014-01-09,305.5,308.0,305.10001,308.0,2074.0
2014-01-10,308.0,309.0,305.0,305.0,45361.0
2014-01-13,305.10001,310.0,305.10001,308.60001,8262.0
2014-01-16,308.64999,310.0,306.0,309.95001,41761.0
2014-01-17,306.39999,306.39999,305.5,305.5,4938.0
2014-01-20,305.10001,306.0,303.54999,306.0,5548.0
2014-01-21,308.0,308.79999,306.14999,307.89999,6488.0
2014-01-22,307.89999,307.89999,304.29999,305.5,78400.0
2014-01-23,305.20001,308.0,305.0,305.54999,8800.0
2014-01-24,305.54999,306.79999,303.60001,306.79999,16586.0
2014-01-27,304.0,306.39999,304.0,306.39999,30889.0
2014-01-28,304.10001,305.54999,304.10001,305.54999,31955.0
2014-01-29,306.0,306.0,303.85001,305.0,34866.0
2014-01-30,304.0,305.95001,304.0,305.95001,32173.0
2014-01-31,304.25,305.95001,304.25,305.0,8137.0
2014-02-03,304.5,306.0,304.5,306.0,90875.0
2014-02-04,304.89999,305.95001,304.89999,305.95001,1185.0
2014-02-05,305.0,305.95001,305.0,305.0,209847.0
2014-02-06,305.0,306.0,305.0,305.95001,29242.0
2014-02-07,305.0,306.0,305.0,305.14999,104537.0
2014-02-10,306.0,308.0,305.5,308.0,959.0
2014-02-11,306.20001,307.0,305.04999,306.0,25624.0
2014-02-12,305.25,307.0,305.25,307.0,10543.0
2014-02-13,305.64999,306.0,305.64999,306.0,14233.0
2014-02-14,305.79999,306.0,305.75,305.89999,63836.0
2014-02-17,305.04999,307.45001,305.0,307.45001,4347.0
2014-02-18,307.5,308.10001,307.04999,307.79999,58796.0
2014-02-19,307.75,307.79999,306.25,307.60001,59008.0
2014-02-20,306.10001,307.79999,306.10001,307.75,23162.0
2014-02-21,306.35001,308.95001,306.35001,308.79999,11698.0
2014-02-24,306.64999,309.0,306.64999,308.5,1661.0
2014-02-25,308.0,308.0,307.04999,307.04999,11765.0
2014-02-26,309.0,309.0,307.04999,308.0,2201.0
2014-02-27,307.20001,309.0,307.20001,308.5,25882.0
2014-02-28,308.60001,310.0,307.25,310.0,118130.0
2014-03-03,310.5,314.0,310.0,310.0,14379.0
2014-03-04,311.0,313.0,308.0,313.0,41960.0
2014-03-05,313.0,313.0,309.0,310.0,115859.0
2014-03-06,310.25,317.0,310.25,313.60001,28400.0
2014-03-07,318.39999,318.39999,313.5,316.20001,44056.0
2014-03-10,318.0,318.0,315.14999,317.79999,2860.0
2014-03-11,318.0,318.20001,313.5,317.5,29004.0
2014-03-12,314.0,317.79999,313.10001,316.89999,1812.0
2014-03-13,317.0,318.0,314.5,318.0,25559.0
2014-03-14,314.5,317.95001,314.5,317.39999,15922.0
2014-03-17,317.35001,317.35001,315.20001,315.70001,12173.0
2014-03-18,315.70001,317.0,315.5,317.0,19132.0
2014-03-19,315.25,317.0,315.25,315.5,9779.0
2014-03-20,316.79999,316.89999,315.29999,315.54999,35899.0
2014-03-21,314.10001,315.0,312.0,315.0,1924.0
2014-03-24,311.0,311.04999,310.0,310.0,34639.0
2014-03-25,309.20001,315.0,309.20001,315.0,41402.0
2014-03-26,311.60001,315.79999,311.60001,314.5,15627.0
2014-03-27,311.79999,316.5,311.79999,316.5,24922.0
2014-03-28,312.10001,314.5,312.10001,314.5,5143.0
2014-03-31,312.60001,316.29999,312.60001,312.70001,11977.0
2014-04-01,312.70001,315.75,310.14999,315.75,11800.0
2014-04-02,312.70001,313.0,311.75,312.89999,56637.0
2014-04-03,315.60001,315.60001,310.20001,312.0,33198.0
2014-04-04,312.0,312.0,309.0,311.0,18131.0
2014-04-07,314.95001,314.95001,310.54999,314.0,10541.0
2014-04-08,313.0,315.0,313.0,315.0,16657.0
2014-04-09,313.5,316.0,311.60001,316.0,6873.0
2014-04-10,313.5,315.0,311.5,315.0,9947.0
2014-04-11,314.0,315.0,313.5,315.0,4984.0
2014-04-14,312.5,313.0,312.5,313.0,5321.0
2014-04-15,314.0,317.79999,313.0,317.79999,28609.0
2014-04-16,313.10001,317.0,313.10001,317.0,16144.0
2014-04-17,315.0,316.0,313.5,316.0,14749.0
2014-04-18,314.89999,317.0,314.89999,317.0,2121.0
2014-04-21,315.0,316.0,315.0,316.0,17472.0
2014-04-22,315.0,315.0,314.89999,315.0,10916.0
2014-04-23,315.0,315.0,314.0,315.0,14284.0
2014-04-24,313.5,316.35001,313.5,314.0,10461.0
2014-04-25,313.79999,316.0,313.70001,316.0,3485.0
2014-04-28,314.0,314.0,311.04999,311.04999,5443.0
2014-04-29,311.04999,312.10001,311.04999,312.10001,26929.0
2014-04-30,315.79999,316.79999,312.20001,316.79999,40729.0
2014-05-02,313.79999,315.0,313.54999,315.0,7179.0
2014-05-05,313.60001,314.04999,313.60001,313.75,3639.0
2014-05-06,313.75,315.0,313.75,315.0,13200.0
2014-05-07,314.0,314.89999,314.0,314.89999,6362.0
2014-05-08,314.20001,314.20001,312.60001,312.60001,13633.0
2014-05-09,313.0,315.0,311.04999,315.0,22473.0
2014-05-12,314.89999,315.0,312.10001,312.10001,4280.0
2014-05-13,312.20001,314.79999,312.20001,314.79999,5469.0
2014-05-14,312.60001,315.0,312.60001,315.0,4377.0
2014-05-15,312.70001,313.04999,312.70001,312.89999,11235.0
2014-05-16,312.0,314.0,312.0,314.0,4930.0
2014-05-19,312.89999,314.0,312.14999,314.0,13978.0
2014-05-20,314.5,314.5,312.0,312.0,178.0
2014-05-21,311.39999,312.14999,311.39999,312.14999,16474.0
2014-05-22,312.0,312.14999,310.5,310.5,6641.0
2014-05-23,311.0,313.89999,311.0,313.89999,4004.0
2014-05-26,311.29999,311.29999,311.29999,311.29999,1827.0
2014-05-28,312.0,314.60001,312.0,314.0,33104.0
2014-05-29,314.0,314.0,311.54999,311.54999,14163.0
2014-05-30,311.35001,314.0,311.35001,314.0,20892.0
2014-06-02,311.5,314.70001,311.10001,311.5,10689.0
2014-06-03,311.5,311.54999,311.0,311.0,13241.0
2014-06-04,312.0,312.0,312.0,312.0,985.0
2014-06-05,311.0,311.0,310.39999,310.5,13104.0
2014-06-06,310.5,311.0,310.29999,311.0,3821.0
2014-06-09,311.0,311.5,311.0,311.10001,2478.0
2014-06-10,311.45001,311.5,310.0,311.0,5179.0
2014-06-11,311.0,311.5,310.0,310.5,11686.0
2014-06-12,310.5,313.5,310.5,313.5,15614.0
2014-06-16,311.0,312.0,311.0,311.20001,3196.0
2014-06-17,311.0,311.5,310.60001,311.5,27426.0
2014-06-18,312.5,313.0,312.5,312.89999,634.0
2014-06-19,313.0,314.0,312.5,312.5,68668.0
2014-06-20,309.79999,309.79999,302.0,307.0,67440.0
2014-06-23,306.0,306.0,303.20001,304.0,23190.0
2014-06-24,304.25,306.0,304.25,306.0,7851.0
2014-06-25,306.0,307.0,306.0,307.0,61589.0
2014-06-26,306.5,310.0,306.0,306.0,28769.0
2014-06-27,305.20001,309.75,305.20001,306.0,1459001.0
2014-06-30,306.0,306.0,303.0,304.29999,53369.0
2014-07-01,307.0,307.0,307.0,307.0,1928.0
2014-07-02,305.0,305.0,303.60001,304.14999,6229.0
2014-07-03,303.10001,304.14999,303.10001,304.14999,12010.0
2014-07-04,303.70001,305.0,303.70001,305.0,16198.0
2014-07-07,303.70001,307.5,303.70001,307.5,55033.0
2014-07-08,306.0,306.0,304.20001,304.20001,9121.0
2014-07-09,304.0,305.0,304.0,304.64999,5964.0
2014-07-10,304.64999,305.0,304.5,305.0,9823.0
2014-07-11,304.5,305.0,304.5,304.5,9847.0
2014-07-14,306.60001,308.0,305.0,307.5,12435.0
2014-07-15,305.0,305.29999,305.0,305.29999,9888.0
2014-07-16,305.29999,305.54999,305.29999,305.54999,35203.0
2014-07-17,305.25,305.60001,305.25,305.60001,12994.0
2014-07-18,305.60001,306.0,305.60001,306.0,155.0
2014-07-21,306.04999,306.10001,306.04999,306.10001,1141.0
2014-07-22,306.10001,307.0,306.10001,307.0,12523.0
2014-07-23,307.0,307.0,306.5,306.60001,30000.0
2014-07-24,307.0,308.89999,307.0,308.89999,10417.0
2014-07-25,308.0,308.0,306.64999,306.64999,3162.0
2014-07-31,306.85001,310.0,306.85001,310.0,22573.0
2014-08-01,308.54999,308.54999,308.10001,308.10001,6964.0
2014-08-04,309.5,310.0,307.04999,310.0,15582.0
2014-08-05,308.10001,311.75,308.10001,311.75,11067.0
2014-08-06,308.10001,312.89999,308.10001,312.89999,11636.0
2014-08-07,314.5,314.5,311.04999,314.0,3210.0
2014-08-08,310.25,314.20001,310.25,314.0,28623.0
2014-08-11,310.04999,314.0,310.04999,313.85001,36422.0
2014-08-12,312.0,313.0,312.0,313.0,53133.0
2014-08-13,312.0,314.0,312.0,314.0,18235.0
2014-08-15,314.0,314.0,312.60001,314.0,8859.0
2014-08-18,314.0,314.0,314.0,314.0,98177.0
2014-08-19,314.25,318.0,314.25,318.0,51247.0
2014-08-22,314.5,315.0,314.35001,315.0,3063.0
2014-08-25,318.5,318.5,318.5,318.5,1.0
2014-08-26,315.10001,320.0,315.04999,320.0,25341.0
2014-08-27,320.0,324.0,320.0,324.0,24770.0
2014-08-28,324.0,325.0,320.0,325.0,49357.0
2014-08-29,325.0,326.0,325.0,325.70001,63778.0
2014-09-01,323.04999,328.0,323.04999,328.0,31738.0
2014-09-02,329.0,329.0,325.0,328.5,18528.0
2014-09-03,326.5,329.0,324.89999,324.89999,32552.0
2014-09-04,325.0,325.0,322.0,324.89999,10239.0
2014-09-05,323.10001,326.95001,323.10001,325.0,16823.0
2014-09-08,325.0,326.0,325.0,325.14999,11110.0
2014-09-09,325.0,330.0,325.0,330.0,47017.0
2014-09-10,331.0,340.04999,331.0,337.5,876118.0
2014-09-11,338.0,338.0,331.0,331.0,62738.0
2014-09-12,337.5,337.5,331.0,331.0,19150.0
2014-09-15,329.14999,331.0,329.14999,331.0,18487.0
2014-09-16,327.0,332.0,327.0,331.0,19489.0
2014-09-17,332.0,337.0,331.0,337.0,59347.0
2014-09-18,338.0,338.0,335.0,335.10001,41266.0
2014-09-19,337.95001,345.0,337.95001,340.25,54803.0
2014-09-22,342.85001,344.0,340.0,344.0,52086.0
2014-09-23,338.0,344.0,338.0,341.70001,64641.0
2014-09-24,340.0,342.79999,333.0,336.0,47523.0
2014-09-25,333.5,339.45001,333.5,339.45001,33669.0
2014-09-26,335.0,344.5,335.0,344.5,39916.0
2014-09-29,344.0,344.0,339.5,340.0,25520.0
2014-09-30,338.29999,345.0,338.29999,345.0,63735.0
2014-10-01,342.0,346.0,342.0,345.0,36115.0
2014-10-02,343.0,345.0,342.04999,342.04999,15158.0
2014-10-03,342.0,344.95001,340.0,340.64999,16259.0
2014-10-07,337.54999,344.0,337.54999,338.0,3134.0
2014-10-08,343.89999,343.89999,338.0,340.0,28500.0
2014-10-09,343.89999,343.89999,335.0,338.14999,15805.0
2014-10-10,336.25,338.14999,336.20001,338.14999,44827.0
2014-10-13,337.0,338.0,336.20001,338.0,39546.0
2014-10-14,336.0,339.0,336.0,339.0,19854.0
2014-10-15,339.0,340.0,338.0,339.0,16939.0
2014-10-16,337.0,337.0,336.0,336.10001,31001.0
2014-10-17,335.10001,339.0,335.10001,339.0,9550.0
2014-10-20,336.0,336.5,336.0,336.10001,11213.0
2014-10-21,336.04999,338.0,336.04999,336.14999,4153.0
2014-10-22,336.5,338.89999,336.5,338.89999,11286.0
2014-10-23,338.89999,344.0,338.0,342.0,408564.0
2014-10-24,342.0,348.85001,341.0,344.0,95054.0
2014-10-27,346.0,348.0,337.0,340.0,30831.0
2014-10-28,348.0,348.0,340.0,340.0,23652.0
2014-10-29,338.0,348.0,338.0,344.0,82565.0
2014-10-30,343.95001,349.0,341.14999,349.0,53029.0
2014-10-31,349.0,350.0,343.14999,345.0,13367.0
2014-11-03,343.5,348.0,343.5,348.0,11649.0
2014-11-04,343.70001,347.5,343.70001,345.0,13408.0
2014-11-05,344.10001,344.10001,341.0,341.0,171547.0
2014-11-07,342.04999,342.04999,341.10001,341.54999,18355.0
2014-11-10,341.0,342.89999,341.0,341.0,12553.0
2014-11-11,341.0,341.04999,340.0,340.5,4627.0
2014-11-12,340.54999,340.54999,340.04999,340.14999,9150.0
2014-11-13,340.5,340.5,337.10001,337.10001,32134.0
2014-11-14,337.5,337.5,335.14999,337.10001,26213.0
2014-11-17,338.14999,342.89999,336.10001,342.89999,1777.0
2014-11-19,340.0,340.14999,340.0,340.14999,11652.0
2014-11-20,342.89999,342.95001,340.0,341.89999,9491.0
2014-11-21,341.0,342.0,341.0,342.0,9835.0
2014-11-24,340.0,340.0,336.54999,336.54999,7973.0
2014-11-25,336.0,336.89999,335.25,336.89999,13661.0
2014-11-26,341.5,341.5,335.14999,337.0,45193.0
2014-11-27,338.95001,338.95001,334.95001,336.0,18012.0
2014-11-28,337.89999,337.89999,337.0,337.0,29236.0
2014-12-01,335.14999,341.79999,332.10001,337.04999,48933.0
2014-12-02,337.0,337.5,337.0,337.5,28377.0
2014-12-03,335.0,340.0,335.0,340.0,22853.0
2014-12-04,340.0,340.04999,340.0,340.0,40246.0
2014-12-05,340.0,340.14999,340.0,340.14999,70698.0
2014-12-08,340.04999,340.5,340.04999,340.5,20089.0
2014-12-09,340.04999,340.5,340.0,340.0,64494.0
2014-12-10,340.0,340.95001,340.0,340.5,54819.0
2014-12-11,335.0,335.10001,335.0,335.0,26860.0
2014-12-12,335.0,340.5,335.0,338.0,374334.0
2014-12-15,339.0,339.0,335.0,335.0,41109.0
2014-12-16,335.0,341.10001,335.0,341.10001,17765.0
2014-12-17,336.5,340.54999,336.0,340.54999,41557.0
2014-12-18,340.54999,343.95001,340.54999,343.95001,108513.0
2014-12-19,338.75,341.0,338.5,340.04999,65259.0
2014-12-22,338.5,341.0,338.5,340.0,687325.0
2014-12-23,340.0,340.29999,340.0,340.29999,103948.0
2014-12-24,340.0,340.5,340.0,340.5,116285.0
2014-12-25,340.0,340.14999,340.0,340.14999,6185.0
2014-12-26,340.0,340.0,339.0,340.0,6781700.0
2014-12-29,340.0,340.29999,340.0,340.25,10825.0
2014-12-30,340.25,343.5,340.25,343.5,29485.0
2014-12-31,343.45001,344.0,340.29999,344.0,41247.0
2015-01-02,341.5,344.14999,341.5,343.89999,42230.0
2015-01-06,343.89999,344.0,343.89999,343.89999,22038.0
2015-01-07,344.0,348.89999,343.89999,348.89999,38051.0
2015-01-08,344.10001,354.5,344.10001,352.0,35514.0
2015-01-09,359.45001,361.0,354.5,360.0,107036.0
2015-01-12,360.0,363.70001,355.0,363.70001,22217.0
2015-01-13,363.70001,375.20001,363.70001,375.20001,50057.0
2015-01-14,370.0,375.20001,370.0,374.0,85117.0
2015-01-15,361.0,373.0,361.0,370.0,29891.0
2015-01-16,370.0,375.0,370.0,371.0,220375.0
2015-01-19,369.0,370.0,362.0,365.0,13505.0
2015-01-20,365.10001,370.0,365.0,370.0,7752.0
2015-01-21,370.0,370.0,363.0,369.0,14058.0
2015-01-22,365.0,365.0,361.64999,361.64999,8926.0
2015-01-23,361.0,361.0,357.04999,359.0,68091.0
2015-01-26,360.0,360.04999,355.0,360.0,86824.0
2015-01-27,360.0,360.5,358.0,360.04999,45876.0
2015-01-28,356.0,362.5,356.0,362.5,6089.0
2015-01-29,362.5,362.5,360.0,360.0,8883.0
2015-01-30,360.0,366.0,360.0,366.0,24894.0
2015-02-02,360.04999,366.0,357.04999,366.0,11322.0
2015-02-03,368.0,368.0,358.79999,364.0,5963.0
2015-02-04,364.0,368.89999,364.0,368.89999,26786.0
2015-02-05,368.89999,370.89999,366.10001,366.10001,56802.0
2015-02-06,369.95001,370.0,366.14999,369.70001,16068.0
2015-02-09,370.0,370.0,365.54999,367.5,21326.0
2015-02-10,367.5,369.89999,366.0,369.89999,15175.0
2015-02-11,370.0,370.04999,368.0,369.0,13566.0
2015-02-12,367.0,369.0,365.20001,365.54999,84284.0
2015-02-13,365.60001,366.0,365.60001,366.0,13544.0
2015-02-16,366.0,367.04999,366.0,366.5,14413.0
2015-02-17,367.0,367.0,366.10001,366.20001,8597.0
2015-02-18,369.89999,369.89999,365.5,367.0,11849.0
2015-02-19,370.0,380.0,370.0,377.0,131850.0
2015-02-20,376.95001,377.0,374.0,377.0,19946.0
2015-02-23,375.0,378.0,374.60001,375.0,16832.0
2015-02-24,378.0,378.0,373.04999,373.20001,15441.0
2015-02-25,372.0,376.95001,372.0,376.95001,20547.0
2015-02-26,374.0,377.0,373.25,377.0,11523.0
2015-02-27,373.35001,376.85001,373.35001,376.85001,21036.0
2015-03-02,377.89999,378.0,374.10001,377.0,35142.0
2015-03-03,376.95001,376.95001,372.10001,375.0,18948.0
2015-03-04,372.10001,378.0,371.14999,378.0,10149.0
2015-03-05,374.10001,379.95001,374.0,379.95001,20065.0
2015-03-06,379.0,381.0,379.0,381.0,21040.0
2015-03-09,379.04999,382.0,379.04999,382.0,69055.0
2015-03-10,380.0,382.0,380.0,382.0,20670.0
2015-03-11,381.95001,381.95001,380.0,380.0,138881.0
2015-03-12,380.0,380.0,378.0,378.89999,23641.0
2015-03-13,378.89999,381.0,376.5,381.0,298387.0
2015-03-16,377.0,377.0,375.64999,375.64999,21096.0
2015-03-17,375.64999,379.95001,371.10001,379.95001,24474.0
2015-03-18,377.0,377.85001,371.5,377.85001,23266.0
2015-03-19,372.0,378.85001,371.5,377.89999,46476.0
2015-03-20,377.0,377.89999,376.5,377.70001,85748.0
2015-03-23,376.5,380.0,374.5,380.0,60526.0
2015-03-24,379.89999,379.89999,375.10001,378.95001,7740.0
2015-03-25,379.89999,379.89999,375.29999,378.0,4094.0
2015-03-26,378.0,378.0,375.20001,376.0,23693.0
2015-03-27,376.0,376.0,373.0,373.0,46326.0
2015-03-30,373.14999,378.0,373.14999,378.0,33230.0
2015-03-31,378.0,378.0,374.60001,375.0,5687.0
2015-04-01,375.0,375.0,371.0,371.0,30703.0
2015-04-02,370.0,370.0,366.0,367.0,33400.0
2015-04-03,365.04999,365.04999,356.0,358.0,18579.0
2015-04-06,360.0,371.0,355.5,371.0,10020.0
2015-04-07,368.0,368.0,360.54999,360.54999,25084.0
2015-04-08,362.0,366.0,360.5,361.0,40063.0
2015-04-09,355.0,360.0,355.0,360.0,38765.0
2015-04-10,357.04999,360.10001,357.04999,360.0,21136.0
2015-04-13,356.25,360.0,356.25,358.0,19265.0
2015-04-14,358.0,360.0,358.0,360.0,4404.0
2015-04-15,365.0,365.0,360.79999,360.79999,20766.0
2015-04-16,360.0,361.0,360.0,361.0,14746.0
2015-04-17,360.04999,375.0,357.85001,367.0,365580.0
2015-04-20,365.0,365.0,359.04999,360.0,37103.0
2015-04-21,359.0,359.0,357.29999,358.5,6886.0
2015-04-22,358.25,359.14999,358.25,359.14999,11853.0
2015-04-23,359.0,361.0,359.0,361.0,8700.0
2015-04-24,361.0,361.0,358.54999,360.0,12520.0
2015-04-27,360.0,361.5,358.10001,361.5,2981.0
2015-04-28,358.60001,360.0,358.60001,360.0,54752.0
2015-04-29,358.04999,360.0,358.04999,360.0,22407.0
2015-04-30,360.0,362.0,360.0,360.0,66021.0
2015-05-04,360.04999,361.89999,360.0,361.79999,16832.0
2015-05-05,368.5,368.5,360.0,360.60001,2728.0
2015-05-06,366.95001,366.95001,358.54999,362.0,2912.0
2015-05-07,360.0,360.0,358.0,358.0,15036.0
2015-05-08,358.10001,358.25,358.10001,358.25,7520.0
2015-05-11,358.0,358.25,352.10001,357.0,34007.0
2015-05-12,356.0,357.0,355.0,355.0,23268.0
2015-05-13,351.0,351.54999,351.0,351.54999,1695.0
2015-05-14,351.10001,351.10001,350.45001,351.0,44048.0
2015-05-15,350.14999,353.0,350.14999,351.0,11774.0
2015-05-18,351.0,351.04999,350.54999,351.04999,7252.0
2015-05-19,353.0,353.0,352.0,352.0,16089.0
2015-05-20,352.14999,353.0,351.0,351.0,7495.0
2015-05-21,351.0,351.0,351.0,351.0,1201.0
2015-05-22,351.0,360.0,351.0,352.04999,1127676.0
2015-05-25,359.0,359.0,352.0,352.0,422.0
2015-05-26,359.0,359.0,352.04999,352.14999,7515.0
2015-05-27,345.0,351.5,345.0,349.89999,637296.0
2015-05-28,350.0,350.5,350.0,350.5,8811.0
2015-05-29,350.45001,354.70001,346.25,354.70001,67735.0
2015-06-01,354.70001,356.0,354.70001,355.04999,29939.0
2015-06-02,354.10001,354.10001,354.0,354.0,11855.0
2015-06-03,356.0,356.0,354.10001,354.5,10981.0
2015-06-04,351.5,354.54999,350.0,354.0,13525.0
2015-06-05,354.0,354.0,351.10001,353.04999,7871.0
2015-06-08,355.0,355.0,350.10001,355.0,13521.0
2015-06-09,352.0,354.0,352.0,353.25,9868.0
2015-06-10,351.0,354.0,350.39999,351.35001,9810.0
2015-06-11,351.14999,351.20001,351.14999,351.20001,12338.0
2015-06-12,351.39999,355.89999,351.29999,355.89999,6590.0
2015-06-15,355.0,355.0,352.04999,352.04999,9969.0
2015-06-16,352.04999,352.10001,352.04999,352.10001,11872.0
2015-06-17,352.10001,355.89999,352.10001,352.25,8299.0
2015-06-18,352.0,352.0,351.54999,351.60001,12503.0
2015-06-19,352.60001,353.0,351.0,351.0,62373.0
2015-06-22,342.0,342.54999,342.0,342.54999,5746.0
2015-06-23,343.5,353.60001,343.5,353.60001,9827.0
2015-06-24,350.0,350.0,344.39999,348.5,12635.0
2015-06-25,345.0,350.0,345.0,350.0,26129.0
2015-06-26,345.10001,351.0,345.10001,348.0,1348061.0
2015-06-29,346.0,351.0,346.0,348.04999,154967.0
2015-06-30,348.0,350.0,347.0,350.0,983512.0
2015-07-01,349.95001,349.95001,345.5,346.5,16875.0
2015-07-02,349.89999,350.0,346.04999,350.0,13438.0
2015-07-03,346.04999,350.0,346.04999,350.0,13159.0
2015-07-06,347.10001,350.0,347.10001,350.0,23995.0
2015-07-07,348.0,350.0,348.0,350.0,8989.0
2015-07-08,350.0,351.0,349.95001,351.0,58451.0
2015-07-09,351.0,351.95001,351.0,351.04999,18661.0
2015-07-10,347.10001,352.0,347.10001,352.0,15729.0
2015-07-13,350.0,354.0,350.0,352.20001,30669.0
2015-07-14,352.20001,352.35001,352.20001,352.35001,9155.0
2015-07-15,352.5,355.0,352.5,355.0,31534.0
2015-07-16,355.0,357.0,355.0,355.0,41402.0
2015-07-20,355.0,358.0,355.0,356.14999,28695.0
2015-07-21,356.0,358.0,353.14999,358.0,19192.0
2015-07-22,357.95001,357.95001,352.64999,353.04999,13075.0
2015-07-23,354.04999,357.89999,354.04999,357.5,27437.0
2015-07-24,355.04999,358.5,355.04999,358.5,119823.0
2015-07-27,355.0,356.0,355.0,356.0,9387.0
2015-07-28,356.0,358.95001,356.0,356.5,24493.0
2015-07-29,355.35001,358.95001,355.29999,356.04999,7488.0
2015-07-31,356.04999,358.5,356.0,356.04999,127095.0
2015-08-03,360.0,360.0,356.75,360.0,3806.0
2015-08-04,356.0,365.0,356.0,365.0,126492.0
2015-08-05,360.0,360.0,355.29999,355.29999,24518.0
2015-08-06,356.0,362.0,355.0,355.5,15813.0
2015-08-07,355.54999,355.54999,355.10001,355.10001,22471.0
2015-08-10,355.10001,355.10001,352.70001,355.0,18922.0
2015-08-11,352.60001,352.60001,350.0,350.0,24556.0
2015-08-12,360.0,360.0,350.20001,350.20001,8002.0
2015-08-13,350.25,351.0,350.0,350.0,43526.0
2015-08-17,350.0,351.5,345.0,345.0,15594.0
2015-08-18,345.0,345.20001,345.0,345.20001,11168.0
2015-08-19,353.89999,353.89999,346.10001,346.10001,1512.0
2015-08-24,346.5,347.0,343.0,343.0,81843.0
2015-08-25,341.10001,341.10001,330.20001,332.0,33736.0
2015-08-26,332.0,335.0,330.0,330.04999,34639.0
2015-08-27,334.0,338.0,332.0,335.0,40544.0
2015-08-28,333.0,333.0,332.04999,332.60001,10882.0
2015-08-31,331.5,335.0,331.04999,335.0,27927.0
2015-09-01,332.0,335.0,332.0,332.04999,21843.0
2015-09-02,333.0,333.10001,333.0,333.04999,13439.0
2015-09-03,333.04999,343.5,333.04999,343.5,13016.0
2015-09-04,333.10001,340.0,333.0,340.0,10811.0
2015-09-07,335.0,335.04999,335.0,335.04999,240.0
2015-09-08,335.0,344.79999,335.0,340.20001,45396.0
2015-09-09,340.0,340.25,340.0,340.0,31607.0
2015-09-10,344.70001,344.70001,340.10001,340.29999,13656.0
2015-09-11,335.10001,342.5,335.0,340.04999,55120.0
2015-09-14,335.04999,344.5,335.04999,344.5,11387.0
2015-09-15,337.0,339.5,336.10001,339.0,25943.0
2015-09-16,336.70001,340.0,336.60001,340.0,3105.0
2015-09-17,337.04999,339.0,335.0,335.0,21406.0
2015-09-18,335.0,335.14999,333.04999,333.10001,137145.0
2015-09-21,333.54999,333.60001,333.0,333.0,62591.0
2015-09-22,333.5,333.5,331.0,333.5,1624.0
2015-09-23,339.0,345.0,339.0,345.0,16482.0
2015-09-28,348.79999,348.79999,335.0,335.10001,17634.0
2015-09-29,335.04999,344.35001,335.0,335.10001,19127.0
2015-09-30,335.14999,335.5,335.0,335.10001,22640.0
2015-10-02,335.0,335.10001,331.0,334.89999,13457.0
2015-10-05,331.0,332.0,320.5,332.0,45320.0
2015-10-06,339.95001,339.95001,332.0,332.0,56436.0
2015-10-07,332.0,336.0,330.10001,331.04999,19292.0
2015-10-08,332.0,332.0,330.10001,330.14999,48637.0
2015-10-09,330.04999,330.04999,330.0,330.04999,6850.0
2015-10-12,328.0,330.0,325.0,330.0,104939.0
2015-10-13,325.0,328.5,325.0,328.5,16770.0
2015-10-14,325.0,329.0,325.0,329.0,3220.0
2015-10-16,325.60001,329.89999,325.5,329.89999,37453.0
2015-10-19,325.35001,328.79999,325.29999,328.79999,13504.0
2015-10-20,329.39999,329.39999,325.35001,328.79999,10479.0
2015-10-21,325.14999,328.0,325.10001,328.0,11275.0
2015-10-22,326.5,327.89999,325.20001,327.89999,17444.0
2015-10-23,325.35001,327.89999,325.35001,327.89999,9443.0
2015-10-26,328.0,328.0,326.0,327.89999,13142.0
2015-10-27,328.0,328.0,325.60001,327.70001,28318.0
2015-10-28,327.89999,327.89999,326.0,326.20001,14293.0
2015-10-29,328.35001,328.35001,325.0,325.0,13383.0
2015-10-30,325.0,327.75,325.0,326.0,52350.0
2015-11-02,326.0,326.04999,326.0,326.0,163710.0
2015-11-03,326.10001,329.0,326.04999,329.0,2687.0
2015-11-04,326.20001,326.20001,326.0,326.04999,1543.0
2015-11-05,326.04999,329.0,326.0,327.89999,6887.0
2015-11-09,328.5,328.5,327.0,327.0,14141.0
2015-11-10,328.0,329.0,328.0,328.10001,9343.0
2015-11-11,328.10001,333.0,328.10001,332.0,110535.0
2015-11-12,333.0,338.0,333.0,333.0,22547.0
2015-11-13,333.0,333.0,330.0,333.0,15594.0
2015-11-16,337.0,337.0,332.0,332.0,12917.0
2015-11-17,332.5,332.5,330.54999,332.0,40354.0
2015-11-19,331.0,331.54999,331.0,331.54999,2960.0
2015-11-20,330.04999,332.0,330.04999,332.0,10658.0
2015-11-23,328.60001,330.0,328.0,330.0,16385.0
2015-11-24,330.0,330.0,330.0,330.0,3876.0
2015-11-25,330.0,330.0,330.0,330.0,4096.0
2015-11-26,332.0,332.0,326.14999,328.0,4749.0
2015-11-27,326.60001,330.0,326.5,329.0,4874.0
2015-11-30,327.20001,327.20001,327.0,327.0,40495.0
2015-12-01,326.5,327.0,326.0,326.0,13633.0
2015-12-02,330.0,330.0,326.04999,326.04999,13877.0
2015-12-03,326.04999,326.14999,326.04999,326.10001,13864.0
2015-12-04,330.89999,330.89999,326.10001,326.10001,4191.0
2015-12-07,326.29999,326.5,325.0,326.5,20625.0
2015-12-08,331.0,331.0,325.0,325.0,126262.0
2015-12-09,325.25,325.25,325.0,325.0,162561.0
2015-12-10,325.0,325.0,325.0,325.0,32115.0
2015-12-11,325.0,325.04999,325.0,325.0,107340.0
2015-12-14,325.0,325.04999,325.0,325.0,6725.0
2015-12-15,325.0,330.0,325.0,325.04999,321064.0
2015-12-16,325.0,330.04999,325.0,330.0,132932.0
2015-12-17,330.0,331.95001,330.0,330.0,94397.0
2015-12-18,330.0,331.89999,330.0,330.04999,67410.0
2015-12-21,330.0,330.0,330.0,330.0,18521.0
2015-12-22,326.5,330.0,326.5,330.0,31119.0
2015-12-23,330.0,331.0,330.0,330.04999,1063140.0
2015-12-28,330.0,332.0,325.0,325.0,4942709.0
2015-12-29,330.0,334.89999,325.0,334.89999,1500622.0
2015-12-30,328.0,330.0,326.20001,330.0,13288.0
2015-12-31,330.10001,337.89999,325.60001,337.89999,503715.0
2016-01-04,331.0,334.5,329.0,329.0,7276.0
2016-01-05,327.10001,330.0,326.5,330.0,11320.0
2016-01-06,330.0,330.0,326.25,330.0,38700.0
2016-01-07,326.70001,330.0,326.70001,330.0,4840.0
2016-01-08,326.45001,328.0,326.45001,327.0,26606.0
2016-01-12,327.04999,327.14999,327.0,327.14999,24168.0
2016-01-13,327.20001,329.0,327.14999,328.89999,22800.0
2016-01-14,328.10001,329.70001,328.0,329.0,20766.0
2016-01-15,329.79999,329.79999,328.10001,329.0,38800.0
2016-01-18,329.0,329.04999,328.10001,329.04999,15962.0
2016-01-19,328.0,330.20001,328.0,329.04999,8130.0
2016-01-20,329.10001,330.0,329.10001,330.0,4239.0
2016-01-21,330.0,330.0,328.14999,328.14999,66382.0
2016-01-22,330.0,330.0,328.25,328.29999,14182.0
2016-01-25,330.0,330.04999,330.0,330.0,27175.0
2016-01-26,330.0,330.0,328.04999,328.04999,91999.0
2016-01-27,328.04999,330.0,328.04999,328.20001,24272.0
2016-01-28,328.20001,330.0,328.04999,330.0,13304.0
2016-01-29,328.20001,329.85001,328.20001,328.25,17167.0
2016-02-01,328.25,330.0,328.25,330.0,10260.0
2016-02-02,330.0,334.0,330.0,334.0,37843.0
2016-02-03,331.0,331.5,331.0,331.5,32275.0
2016-02-04,333.0,333.0,332.0,333.0,14781.0
2016-02-05,332.5,333.10001,332.25,333.0,35711.0
2016-02-08,334.89999,339.0,333.0,333.10001,5152.0
2016-02-09,333.10001,337.0,333.10001,333.14999,5089.0
2016-02-10,333.14999,334.0,333.14999,334.0,7494.0
2016-02-11,333.20001,334.0,333.20001,334.0,5260.0
2016-02-12,334.0,337.0,333.10001,334.0,40539.0
2016-02-15,333.79999,333.79999,333.0,333.0,8168.0
2016-02-16,333.0,334.89999,333.0,334.89999,48404.0
2016-02-17,333.0,333.04999,333.0,333.0,20218.0
2016-02-18,333.04999,336.0,333.04999,336.0,39420.0
2016-02-19,337.0,340.0,333.54999,340.0,65807.0
2016-02-22,335.0,340.0,333.10001,340.0,8879.0
2016-02-23,344.0,344.0,334.0,334.0,3145.0
2016-02-24,342.79999,342.79999,330.0,330.0,22776.0
2016-02-25,330.0,331.5,328.10001,331.5,11770.0
2016-02-26,329.5,330.5,329.5,330.5,27137.0
2016-02-29,331.5,331.5,330.0,331.0,225143.0
2016-03-01,331.0,331.04999,330.04999,330.20001,13706.0
2016-03-02,330.0,335.0,330.0,335.0,12100.0
2016-03-03,335.0,335.14999,335.0,335.0,9068.0
2016-03-04,330.54999,330.54999,330.0,330.5,2177.0
2016-03-07,330.64999,335.0,330.60001,335.0,5047.0
2016-03-08,337.0,337.0,334.0,336.89999,17541.0
2016-03-09,335.0,335.0,333.0,333.0,2840.0
2016-03-10,331.0,337.0,330.60001,337.0,3991.0
2016-03-11,333.04999,336.45001,333.04999,333.54999,11011.0
2016-03-14,333.54999,333.54999,333.54999,333.54999,16476.0
2016-03-15,333.54999,333.54999,333.54999,333.54999,2655.0
2016-03-16,333.60001,339.5,333.60001,339.5,28836.0
2016-03-17,339.5,341.04999,336.0,336.0,185870.0
2016-03-18,335.5,340.0,335.5,336.0,12059.0
2016-03-21,335.10001,336.0,335.10001,336.0,6999.0
2016-03-22,336.0,343.0,336.0,343.0,49515.0
2016-03-23,340.20001,343.0,340.20001,343.0,34350.0
2016-03-24,341.04999,343.89999,340.10001,340.10001,6955.0
2016-03-25,344.0,344.0,336.0,336.0,8869.0
2016-03-28,336.0,342.0,335.10001,342.0,1716.0
2016-03-29,336.5,336.70001,336.20001,336.70001,5298.0
2016-03-30,336.20001,336.54999,336.20001,336.54999,5283.0
2016-03-31,336.70001,338.14999,336.70001,338.14999,21320.0
2016-04-01,342.5,342.5,336.20001,336.20001,14294.0
2016-04-04,340.0,341.5,340.0,341.0,77332.0
2016-04-05,341.0,345.0,341.0,341.60001,73557.0
2016-04-06,341.60001,341.75,340.0,340.0,160721.0
2016-04-07,337.0,340.0,337.0,340.0,54493.0
2016-04-08,342.5,343.0,337.10001,337.10001,15078.0
2016-04-11,338.0,338.0,338.0,338.0,9051.0
2016-04-12,336.0,341.0,336.0,341.0,70819.0
2016-04-13,341.0,341.04999,341.0,341.04999,39257.0
2016-04-14,341.0,341.04999,341.0,341.04999,50201.0
2016-04-15,341.0,344.0,341.0,344.0,100616.0
2016-04-18,340.0,341.0,340.0,341.0,63345.0
2016-04-19,340.0,341.0,340.0,341.0,11536.0
2016-04-20,341.04999,344.0,341.04999,344.0,15138.0
2016-04-21,341.0,342.0,341.0,341.10001,56937.0
2016-04-22,340.60001,341.04999,340.60001,341.04999,43054.0
2016-04-25,341.04999,341.04999,341.04999,341.04999,19818.0
2016-04-26,341.04999,344.0,341.04999,344.0,28048.0
2016-04-27,341.14999,345.0,341.14999,345.0,11418.0
2016-04-28,342.0,347.0,342.0,347.0,20599.0
2016-04-29,348.0,358.0,348.0,358.0,94658.0
2016-05-02,350.0,365.60001,350.0,355.10001,16680.0
2016-05-03,355.10001,355.20001,354.0,355.10001,15939.0
2016-05-04,355.0,360.0,355.0,359.0,21672.0
2016-05-05,356.0,368.0,356.0,357.0,111963.0
2016-05-06,359.0,359.0,357.0,357.5,18100.0
2016-05-09,356.95001,361.04999,356.95001,361.04999,65086.0
2016-05-10,364.39999,365.0,356.25,360.0,29469.0
2016-05-11,356.60001,362.0,356.60001,362.0,10335.0
2016-05-12,357.04999,357.04999,356.0,356.0,18086.0
2016-05-13,356.0,357.0,350.0,350.0,22222.0
2016-05-16,348.0,350.0,347.5,347.5,3973.0
2016-05-17,354.89999,354.89999,350.0,350.0,44775.0
2016-05-18,347.5,354.89999,347.5,350.0,73046.0
2016-05-19,352.0,352.0,350.0,350.0,30943.0
2016-05-20,350.0,350.10001,350.0,350.0,33631.0
2016-05-23,350.0,350.0,345.25,349.0,8495.0
2016-05-24,345.64999,350.0,345.35001,350.0,64373.0
2016-05-25,350.0,350.0,345.70001,345.70001,21529.0
2016-05-26,346.10001,350.0,345.70001,350.0,15456.0
2016-05-27,351.0,355.0,351.0,351.0,1132852.0
2016-05-30,351.0,351.0,348.0,351.0,54067.0
2016-05-31,350.0,350.0,350.0,350.0,67421.0
2016-06-01,350.0,350.0,350.0,350.0,39070.0
2016-06-02,350.0,350.0,350.0,350.0,23736.0
2016-06-03,351.0,351.0,350.0,351.0,70951.0
2016-06-06,356.0,356.0,350.14999,354.0,13361.0
2016-06-07,351.0,354.0,351.0,352.10001,40282.0
2016-06-08,355.0,355.0,354.0,355.0,396116.0
2016-06-09,353.0,353.0,351.0,351.0,12162.0
2016-06-10,351.20001,351.20001,351.0,351.0,5743.0
2016-06-13,348.04999,349.20001,348.04999,349.20001,18460.0
2016-06-14,351.0,351.0,351.0,351.0,26868.0
2016-06-15,351.0,351.0,351.0,351.0,8068.0
2016-06-16,351.0,355.0,351.0,352.0,39966.0
2016-06-17,351.10001,351.10001,351.10001,351.10001,15229.0
2016-06-20,351.0,352.0,351.0,351.29999,12404.0
2016-06-21,351.10001,355.0,351.10001,355.0,10963.0
2016-06-22,344.5,344.5,341.04999,342.0,33324.0
2016-06-23,343.0,344.0,338.0,344.0,26223.0
2016-06-24,340.0,340.0,338.5,340.0,18368.0
2016-06-27,335.0,340.0,335.0,340.0,1980154.0
2016-06-28,340.04999,344.0,340.04999,344.0,14954.0
2016-06-29,340.54999,344.0,340.54999,344.0,9431.0
2016-06-30,341.10001,344.0,341.0,344.0,11203.0
2016-07-01,342.0,344.0,342.0,344.0,61999.0
2016-07-04,342.0,342.0,342.0,342.0,261407.0
2016-07-05,344.0,344.0,342.04999,344.0,8676.0
2016-07-11,343.0,344.0,343.0,344.0,32517.0
2016-07-12,346.0,346.0,346.0,346.0,52559.0
2016-07-13,346.0,347.0,346.0,346.54999,29601.0
2016-07-14,347.10001,356.0,347.10001,353.10001,128421.0
2016-07-15,353.10001,356.0,351.0,356.0,77773.0
2016-07-18,352.0,352.0,350.0,350.0,36164.0
2016-07-19,350.10001,357.0,350.0,357.0,35354.0
2016-07-20,349.54999,350.60001,349.54999,349.70001,39399.0
2016-07-21,349.04999,349.70001,346.60001,346.60001,32001.0
2016-07-22,345.14999,346.0,345.14999,346.0,12626.0
2016-07-25,346.0,346.10001,346.0,346.04999,2291.0
2016-07-26,347.0,347.0,346.04999,346.04999,37347.0
2016-07-27,345.0,346.04999,345.0,346.04999,2623.0
2016-07-28,345.60001,348.0,345.60001,348.0,26113.0
2016-07-29,346.04999,349.0,346.0,346.0,20709.0
2016-08-01,346.0,346.0,345.04999,345.04999,5913.0
2016-08-02,345.04999,349.0,345.04999,349.0,17895.0
2016-08-03,345.35001,348.95001,345.35001,348.95001,7744.0
2016-08-04,346.0,346.5,346.0,346.0,17456.0
2016-08-05,346.0,346.10001,346.0,346.10001,14436.0
2016-08-08,346.0,348.5,345.60001,348.5,6770.0
2016-08-09,346.29999,349.89999,346.29999,349.89999,12165.0
2016-08-10,347.04999,350.0,347.04999,350.0,9468.0
2016-08-11,347.20001,349.04999,347.20001,349.0,10177.0
2016-08-12,349.0,349.0,348.04999,349.0,20160.0
2016-08-15,348.04999,349.0,348.04999,349.0,7076.0
2016-08-16,349.0,350.0,347.54999,349.0,45509.0
2016-08-17,349.0,350.04999,349.0,350.0,48937.0
2016-08-18,350.04999,350.04999,348.0,350.0,96635.0
2016-08-19,350.0,355.0,350.0,355.0,16469.0
2016-08-22,350.0,350.0,349.0,350.0,88259.0
2016-08-23,350.0,350.0,350.0,350.0,24796.0
2016-08-24,350.0,350.0,350.0,350.0,76847.0
2016-08-25,350.0,353.0,350.0,352.0,12196.0
2016-08-26,350.04999,351.04999,350.04999,350.5,52005.0
2016-08-29,350.5,350.5,350.04999,350.5,53303.0
2016-08-30,350.5,350.5,350.5,350.5,41104.0
2016-08-31,350.5,350.54999,348.5,348.5,52682.0
2016-09-01,349.0,350.0,349.0,350.0,21876.0
2016-09-02,349.0,352.5,349.0,352.5,2401.0
2016-09-05,349.0,352.0,349.0,349.0,10246.0
2016-09-06,349.04999,350.85001,349.04999,350.85001,25080.0
2016-09-07,352.0,353.10001,350.89999,353.10001,50764.0
2016-09-08,354.0,358.79999,354.0,358.79999,38634.0
2016-09-09,353.10001,359.0,353.10001,359.0,20974.0
2016-09-14,358.0,359.0,355.0,358.0,36767.0
2016-09-15,350.10001,355.0,350.10001,355.0,16291.0
2016-09-16,355.0,357.89999,351.0,357.89999,114690.0
2016-09-19,354.0,357.79999,354.0,357.79999,3645.0
2016-09-20,358.0,358.0,353.0,357.95001,19629.0
2016-09-21,358.89999,358.89999,353.10001,357.0,16906.0
2016-09-22,356.5,358.0,355.0,358.0,48477.0
2016-09-23,353.29999,357.79999,353.29999,357.79999,14040.0
2016-09-26,353.54999,357.0,353.29999,357.0,56642.0
2016-09-27,355.0,356.5,354.04999,356.5,63310.0
2016-09-28,356.79999,356.79999,354.29999,355.10001,15104.0
2016-09-29,354.10001,355.10001,354.10001,355.10001,132546.0
2016-09-30,355.0,355.10001,355.0,355.10001,90076.0
2016-10-04,355.10001,356.04999,355.10001,356.0,49806.0
2016-10-05,359.95001,369.0,358.0,369.0,106794.0
2016-10-06,365.04999,373.0,365.0,373.0,112846.0
2016-10-07,370.04999,380.0,369.04999,380.0,53410.0
2016-10-10,381.0,384.5,374.0,379.0,107485.0
2016-10-11,377.0,380.0,374.0,379.0,129135.0
2016-10-12,379.70001,380.0,375.0,380.0,111762.0
2016-10-13,379.95001,379.95001,375.04999,378.0,45339.0
2016-10-14,378.89999,379.79999,375.25,377.5,39285.0
2016-10-17,379.5,379.89999,374.0,378.89999,19674.0
2016-10-18,379.0,379.0,376.14999,378.89999,9829.0
2016-10-19,376.89999,378.89999,376.14999,378.45001,20074.0
2016-10-20,378.89999,378.89999,376.14999,378.45001,18317.0
2016-10-21,376.14999,378.0,376.14999,378.0,27070.0
2016-10-24,378.0,378.0,377.0,378.0,12223.0
2016-10-25,378.0,378.10001,378.0,378.0,31220.0
2016-10-26,378.0,378.0,377.04999,378.0,8096.0
2016-10-27,378.0,378.0,377.0,377.0,25294.0
2016-10-28,378.89999,391.0,378.85001,391.0,70730.0
2016-10-31,400.0,410.0,400.0,407.60001,88336.0
2016-11-01,405.0,410.0,404.79999,404.79999,64685.0
2016-11-02,400.04999,404.79999,398.0,404.79999,59027.0
2016-11-03,395.0,401.0,380.0,401.0,234280.0
2016-11-04,400.0,400.0,381.89999,388.95001,49063.0
2016-11-07,385.0,392.0,385.0,390.0,18542.0
2016-11-08,389.0,390.0,388.0,390.0,21646.0
2016-11-09,390.20001,397.70001,390.10001,393.04999,12924.0
2016-11-10,391.0,395.0,391.0,395.0,135724.0
2016-11-11,398.89999,398.89999,394.70001,394.70001,236233.0
2016-11-14,395.0,395.0,391.0,394.70001,41664.0
2016-11-15,395.0,396.0,390.04999,394.70001,13284.0
2016-11-16,395.0,398.0,393.0,394.5,45245.0
2016-11-17,392.70001,394.5,390.0,394.0,20594.0
2016-11-21,390.0,394.39999,390.0,390.0,23052.0
2016-11-22,390.0,393.0,390.0,392.85001,69429.0
2016-11-23,390.04999,395.0,389.0,395.0,30851.0
2016-11-24,391.0,394.5,391.0,394.5,3007.0
2016-11-25,394.5,394.5,391.10001,393.45001,3746.0
2016-11-28,394.0,395.0,392.04999,395.0,25538.0
2016-11-29,395.0,395.0,393.0,394.0,24577.0
2016-11-30,392.29999,394.0,392.29999,392.39999,65792.0
2016-12-01,393.5,393.5,392.14999,393.5,19056.0
2016-12-02,393.45001,393.5,390.0,390.0,45471.0
2016-12-05,390.0,392.0,388.0,392.0,6939.0
2016-12-06,390.0,392.89999,389.5,390.0,9846.0
2016-12-07,389.5,392.95001,389.5,390.0,42455.0
2016-12-08,389.95001,389.95001,388.5,389.89999,14432.0
2016-12-09,389.0,400.0,389.0,396.0,138586.0
2016-12-14,398.89999,398.89999,395.04999,398.89999,42954.0
2016-12-15,397.0,399.0,397.0,399.0,38459.0
2016-12-16,399.0,403.0,399.0,401.5,30355.0
2016-12-19,405.0,408.0,402.0,408.0,93165.0
2016-12-20,400.10001,406.0,398.0,405.04999,186862.0
2016-12-21,403.20001,403.20001,395.35001,401.0,18860.0
2016-12-22,400.0,408.0,400.0,405.0,877876.0
2016-12-23,403.0,420.0,403.0,420.0,308585.0
2016-12-26,420.10001,424.0,406.0,418.0,57887.0
2016-12-27,411.04999,413.0,407.0,410.0,1154608.0
2016-12-28,409.89999,413.0,408.0,409.0,2241755.0
2016-12-29,409.0,412.95001,405.0,405.0,78457.0
2016-12-30,405.0,413.0,404.0,413.0,23639.0
2017-01-02,405.0,410.0,405.0,410.0,5176.0
2017-01-03,410.0,420.0,405.10001,420.0,26773.0
2017-01-04,419.95001,436.89999,412.0,420.5,94876.0
2017-01-05,425.0,436.95001,420.04999,436.10001,316576.0
2017-01-06,449.95001,457.0,441.0,441.0,313947.0
2017-01-09,436.04999,455.0,436.04999,455.0,240021.0
2017-01-10,455.0,462.0,455.0,457.0,151114.0
2017-01-12,457.10001,462.0,450.0,451.14999,132256.0
2017-01-13,455.0,457.95001,440.0,449.0,93526.0
2017-01-16,447.0,447.0,440.0,440.0,31998.0
2017-01-17,438.0,438.0,418.5,418.5,52271.0
2017-01-18,410.0,430.0,410.0,430.0,10656.0
2017-01-19,430.0,437.0,430.0,433.0,93444.0
2017-01-20,430.04999,435.5,430.04999,435.0,67486.0
2017-01-23,436.0,439.0,428.0,428.0,17858.0
2017-01-24,438.95001,439.0,429.0,429.10001,7083.0
2017-01-25,428.10001,438.0,426.0,435.0,4323.0
2017-01-26,428.0,430.0,428.0,428.10001,24447.0
2017-01-27,428.0,432.89999,428.0,429.39999,61077.0
2017-01-30,435.0,435.0,427.0,427.0,11170.0
2017-01-31,424.5,424.5,411.89999,420.0,277988.0
2017-02-01,420.0,420.0,411.20001,411.20001,24188.0
2017-02-02,413.0,420.0,411.0,420.0,50118.0
2017-02-03,413.10001,430.0,413.10001,425.0,93926.0
2017-02-06,420.0,428.95001,419.0,428.95001,40981.0
2017-02-07,425.0,429.0,425.0,429.0,12716.0
2017-02-08,429.0,430.04999,429.0,430.04999,57695.0
2017-02-09,431.5,431.5,430.04999,430.04999,49717.0
2017-02-10,432.54999,432.95001,430.0,430.0,20909.0
2017-02-13,430.04999,440.0,430.0,440.0,3028.0
2017-02-14,435.0,435.0,427.0,427.0,2038.0
2017-02-15,430.0,432.0,427.0,430.0,82428.0
2017-02-16,428.04999,433.79999,427.0,430.0,4937.0
2017-02-17,429.0,429.89999,425.10001,425.10001,6148.0
2017-02-20,425.0,430.0,425.0,425.0,2650.0
2017-02-21,426.0,428.0,426.0,428.0,1635.0
2017-02-22,422.0,422.0,414.0,414.0,34164.0
2017-02-23,414.0,420.0,403.0,409.0,52513.0
2017-02-24,400.0,415.0,400.0,415.0,12127.0
2017-02-27,424.0,424.0,412.0,412.0,12667.0
2017-02-28,412.0,419.95001,412.0,415.0,73013.0
2017-03-01,415.10001,420.14999,415.10001,420.14999,32518.0
2017-03-02,423.0,425.0,421.0,425.0,36172.0
2017-03-03,421.25,425.0,421.20001,423.0,1005.0
2017-03-06,425.0,428.0,418.25,428.0,13579.0
2017-03-07,422.04999,427.0,417.0,427.0,63089.0
2017-03-08,425.0,426.5,420.0,426.5,8041.0
2017-03-09,427.95001,428.0,425.0,428.0,11111.0
2017-03-10,428.0,428.0,425.0,425.5,8300.0
2017-03-13,422.14999,429.5,422.04999,425.5,16192.0
2017-03-14,425.5,426.0,422.35001,425.5,18739.0
2017-03-15,425.5,427.89999,424.0,424.89999,31768.0
2017-03-16,424.0,425.5,420.04999,425.0,52916.0
2017-03-17,425.0,425.0,425.0,425.0,12550.0
2017-03-20,425.0,425.0,421.0,425.0,8486.0
2017-03-21,422.04999,422.04999,422.0,422.0,2885.0
2017-03-22,422.0,422.10001,422.0,422.0,10639.0
2017-03-23,422.0,422.0,418.04999,418.04999,15145.0
2017-03-24,415.0,418.04999,405.0,414.5,6523.0
2017-03-27,415.0,415.10001,410.0,411.0,12815.0
2017-03-28,411.54999,412.10001,411.5,412.0,9911.0
2017-03-29,412.0,412.04999,412.0,412.0,1409.0
2017-03-30,414.0,414.0,410.5,411.0,3416.0
2017-03-31,411.0,411.0,400.0,400.0,93446.0
2017-04-03,405.04999,405.14999,400.0,400.14999,15925.0
2017-04-04,400.0,400.04999,400.0,400.0,16719.0
2017-04-05,400.10001,424.95001,400.0,400.0,41358.0
2017-04-06,409.0,409.0,399.95001,400.0,25640.0
2017-04-07,400.0,400.0,400.0,400.0,5590.0
2017-04-10,395.0,400.0,395.0,400.0,3286.0
2017-04-11,400.0,405.0,400.0,400.0,32594.0
2017-04-12,400.0,400.0,395.5,400.0,1658.0
2017-04-13,400.0,400.0,396.10001,396.10001,1500.0
2017-04-14,400.0,400.0,396.54999,396.54999,3261.0
2017-04-17,400.0,400.0,396.20001,400.0,2233.0
2017-04-18,397.14999,400.0,397.14999,400.0,39151.0
2017-04-19,400.0,400.0,396.0,400.0,4571.0
2017-04-20,399.95001,399.95001,396.04999,398.89999,2927.0
2017-04-21,397.0,399.79999,396.0,399.0,34185.0
2017-04-24,399.95001,399.95001,397.0,398.0,8834.0
2017-04-25,398.0,399.0,397.0,397.0,89752.0
2017-04-26,397.0,398.0,396.5,397.0,16478.0
2017-04-27,399.64999,410.0,397.0,410.0,50110.0
2017-04-28,400.10001,409.0,400.10001,409.0,80217.0
2017-05-02,410.0,419.29999,402.04999,419.29999,42217.0
2017-05-03,410.0,425.0,410.0,419.0,42040.0
2017-05-04,419.0,419.0,414.0,418.0,13098.0
2017-05-05,419.0,419.0,413.0,413.0,10797.0
2017-05-08,419.0,419.0,416.29999,419.0,14637.0
2017-05-09,419.0,419.95001,419.0,419.95001,19213.0
2017-05-10,418.0,419.0,418.0,419.0,6941.0
2017-05-11,419.0,420.10001,419.0,420.0,68931.0
2017-05-12,417.0,423.5,417.0,420.0,17472.0
2017-05-15,417.54999,421.0,417.54999,421.0,16768.0
2017-05-16,421.0,421.0,419.0,420.0,115660.0
2017-05-17,419.0,421.0,416.10001,421.0,6077.0
2017-05-18,422.95001,426.0,419.60001,426.0,90757.0
2017-05-19,415.0,429.0,415.0,429.0,45407.0
2017-05-22,418.25,425.0,418.25,419.0,6707.0
2017-05-23,419.10001,427.0,419.0,427.0,35697.0
2017-05-24,421.0,428.89999,420.10001,427.0,27100.0
2017-05-25,428.89999,428.89999,422.10001,422.45001,28353.0
2017-05-26,422.45001,428.5,422.45001,424.0,10948.0
2017-05-29,424.0,424.0,422.54999,424.0,302748.0
2017-05-30,428.0,428.0,422.64999,428.0,11072.0
2017-05-31,422.64999,428.95001,422.64999,428.20001,57181.0
2017-06-01,428.45001,428.89999,423.70001,428.89999,18996.0
2017-06-02,429.89999,429.89999,429.89999,429.89999,10660.0
2017-06-05,429.95001,435.0,429.89999,432.0,19409.0
2017-06-06,432.0,432.0,432.0,432.0,1000.0
2017-06-07,433.0,440.10001,433.0,440.0,92089.0
2017-06-08,440.0,444.0,435.0,439.89999,129685.0
2017-06-09,440.0,440.0,430.0,430.0,57655.0
2017-06-12,430.10001,430.60001,430.10001,430.39999,21374.0
2017-06-13,430.04999,437.0,430.04999,435.10001,270783.0
2017-06-14,435.0,441.0,435.0,441.0,10339.0
2017-06-15,443.0,445.0,436.04999,445.0,22422.0
2017-06-16,444.95001,444.95001,440.0,442.0,20209.0
2017-06-19,442.14999,447.0,442.14999,447.0,70359.0
2017-06-20,444.0,444.0,437.20001,437.70001,9145.0
2017-06-21,442.0,444.0,437.5,441.0,1076483.0
2017-06-22,441.04999,444.0,441.04999,444.0,26965.0
2017-06-23,440.0,449.0,440.0,445.0,11100.0
2017-06-28,450.0,453.0,449.95001,450.0,59824.0
2017-06-29,444.04999,448.0,444.0,448.0,6012.0
2017-06-30,445.0,445.0,440.0,440.04999,208392.0
2017-07-03,442.0,447.89999,440.0,443.5,19661.0
2017-07-04,445.0,445.0,440.5,441.0,6390.0
2017-07-05,441.04999,447.79999,441.0,447.79999,14791.0
2017-07-06,447.89999,454.39999,445.60001,447.5,85742.0
2017-07-07,447.0,449.0,447.0,447.79999,39169.0
2017-07-10,447.5,447.5,443.0,443.10001,59852.0
2017-07-11,443.0,449.0,443.0,449.0,25853.0
2017-07-12,443.0,448.0,443.0,448.0,103093.0
2017-07-13,448.0,448.0,444.0,447.89999,64890.0
2017-07-14,442.14999,445.0,442.10001,443.0,42624.0
2017-07-17,445.0,445.0,443.0,443.0,15122.0
2017-07-18,443.10001,443.10001,442.10001,443.10001,86691.0
2017-07-19,443.0,446.95001,442.14999,443.0,92575.0
2017-07-20,442.5,444.0,442.5,442.54999,11823.0
2017-07-21,442.54999,442.54999,442.0,442.5,63333.0
2017-07-24,443.0,449.95001,443.0,444.0,5297.0
2017-07-25,443.10001,444.0,442.0,444.0,6458.0
2017-07-26,443.0,446.0,443.0,446.0,44526.0
2017-07-27,448.0,449.95001,446.0,449.89999,82465.0
2017-07-28,449.0,449.89999,447.0,449.89999,47355.0
2017-07-31,449.0,450.0,446.0,446.0,27463.0
2017-08-01,444.10001,446.5,444.04999,446.0,15041.0
2017-08-02,446.5,449.0,446.0,449.0,14436.0
2017-08-03,449.0,449.0,442.0,449.0,20237.0
2017-08-04,449.0,449.0,444.0,449.0,11609.0
2017-08-07,450.0,450.0,445.10001,449.0,6480.0
2017-08-08,449.0,454.0,449.0,454.0,51576.0
2017-08-09,453.0,453.0,447.0,447.29999,8286.0
2017-08-10,447.29999,450.0,445.0,447.70001,6295.0
2017-08-11,447.54999,450.0,447.54999,450.0,25389.0
2017-08-15,445.04999,450.0,445.04999,446.10001,33917.0
2017-08-16,449.0,449.5,445.0,449.5,60189.0
2017-08-17,445.5,449.0,445.35001,449.0,16761.0
2017-08-18,443.0,445.0,440.0,443.0,5661.0
2017-08-22,430.5,447.0,430.5,437.0,2574.0
2017-08-23,437.0,437.0,437.0,437.0,22356.0
2017-08-24,437.0,437.0,437.0,437.0,2579.0
2017-08-25,439.0,440.0,431.0,437.04999,1262.0
2017-08-28,435.0,438.60001,435.0,438.60001,5903.0
2017-08-29,438.60001,444.89999,438.60001,443.0,3563.0
2017-08-30,443.0,450.0,443.0,450.0,28825.0
2017-08-31,452.0,453.0,450.0,450.0,50573.0
2017-09-04,445.0,453.0,445.0,450.0,20063.0
2017-09-05,450.0,455.0,450.0,455.0,50362.0
2017-09-06,453.0,453.0,453.0,453.0,2046.0
2017-09-07,453.0,465.0,453.0,465.0,45194.0
2017-09-08,461.0,467.0,461.0,467.0,18773.0
2017-09-11,467.0,478.89999,467.0,478.0,18147.0
2017-09-12,478.0,485.0,478.0,480.04999,131090.0
2017-09-13,480.0,484.95001,480.0,484.95001,52642.0
2017-09-14,480.20001,485.0,480.0,480.0,74906.0
2017-09-15,480.0,480.0,475.0,475.0,73938.0
2017-09-18,475.0,475.0,474.79999,474.79999,15596.0
2017-09-19,475.0,475.0,465.0,469.0,105769.0
2017-09-20,465.0,465.0,460.0,460.0,63560.0
2017-09-21,468.0,473.60001,460.04999,460.04999,17206.0
2017-09-25,460.04999,467.0,456.04999,467.0,14287.0
2017-09-26,467.0,477.0,467.0,473.0,17910.0
2017-09-27,470.0,474.10001,470.0,472.5,8807.0
2017-09-28,472.0,475.0,472.0,474.0,65730.0
2017-09-29,472.10001,473.5,465.0,465.0,35228.0
2017-10-02,465.10001,475.0,465.0,470.0,20877.0
2017-10-03,470.0,470.25,470.0,470.25,15586.0
2017-10-04,474.95001,480.0,474.95001,480.0,97465.0
2017-10-05,480.0,481.89999,480.0,480.0,33951.0
2017-10-06,476.60001,476.60001,475.0,476.25,15858.0
2017-10-09,472.0,476.39999,472.0,476.25,17988.0
2017-10-10,470.20001,476.25,470.20001,476.25,13942.0
2017-10-11,473.04999,477.0,473.04999,477.0,18691.0
2017-10-12,474.60001,475.0,474.04999,475.0,390.0
2017-10-13,479.0,480.0,476.0,477.0,59710.0
2017-10-16,476.5,476.5,473.04999,473.04999,12528.0
2017-10-17,473.04999,473.04999,470.0,473.0,46755.0
2017-10-18,471.0,478.0,471.0,478.0,28449.0
2017-10-19,473.0,478.0,473.0,474.14999,6455.0
2017-10-20,474.14999,475.0,473.0,473.0,59033.0
2017-10-23,475.0,475.5,473.60001,473.60001,12556.0
2017-10-24,478.89999,478.89999,473.10001,477.89999,3065.0
2017-10-25,474.0,475.0,473.5,474.0,18258.0
2017-10-26,474.0,474.0,474.0,474.0,1785.0
2017-10-27,473.0,473.0,472.95001,473.0,13948.0
2017-10-30,473.04999,476.45001,473.04999,473.04999,4596.0
2017-10-31,473.0,473.04999,473.0,473.0,25794.0
2017-11-01,473.5,473.5,473.0,473.0,73350.0
2017-11-02,473.0,474.95001,473.0,473.0,27228.0
2017-11-03,473.0,474.0,472.10001,473.0,96018.0
2017-11-07,474.95001,474.95001,473.0,473.0,8773.0
2017-11-08,475.0,475.0,473.04999,474.0,34970.0
2017-11-09,472.29999,475.0,472.29999,475.0,58391.0
2017-11-10,477.0,477.0,475.0,476.10001,16939.0
2017-11-13,476.10001,479.89999,475.04999,479.89999,3930.0
2017-11-14,479.89999,482.04999,478.0,482.04999,9775.0
2017-11-15,484.0,485.0,480.0,485.0,20639.0
2017-11-16,484.0,490.0,483.10001,485.0,10749.0
2017-11-17,481.04999,482.5,481.04999,482.5,3479.0
2017-11-20,485.0,485.0,481.0,481.0,15884.0
2017-11-21,481.04999,484.0,481.0,484.0,7816.0
2017-11-22,481.10001,482.0,481.0,481.0,3837.0
2017-11-23,480.04999,481.0,480.04999,481.0,49722.0
2017-11-24,481.0,482.89999,481.0,482.89999,69300.0
2017-11-27,486.0,497.0,485.0,497.0,87277.0
2017-11-28,498.89999,498.89999,495.14999,497.04999,89113.0
2017-11-29,497.5,500.5,496.04999,500.5,35436.0
2017-11-30,500.0,501.0,495.0,495.0,126588.0
2017-12-04,496.0,496.0,490.0,490.0,37298.0
2017-12-05,490.0,490.0,484.89999,484.89999,22477.0
2017-12-06,482.14999,487.85001,475.0,475.0,55793.0
2017-12-07,492.89999,492.89999,476.04999,479.10001,6151.0
2017-12-08,480.0,483.0,477.25,480.0,72327.0
2017-12-11,480.0,480.0,476.60001,476.60001,30100.0
2017-12-12,480.0,488.0,480.0,488.0,24122.0
2017-12-13,489.0,489.0,482.0,482.0,4070.0
2017-12-14,485.0,486.0,485.0,486.0,3435.0
2017-12-15,483.0,486.0,482.0,486.0,69949.0
2017-12-18,486.0,486.0,482.14999,483.95001,2259.0
2017-12-19,482.5,482.60001,480.5,480.5,4168.0
2017-12-20,480.0,482.45001,478.14999,478.14999,200937.0
2017-12-21,479.0,479.95001,477.29999,477.29999,90152.0
2017-12-22,475.0,475.0,470.0,470.0,146099.0
2017-12-25,470.04999,475.0,470.04999,475.0,2239.0
2017-12-26,485.0,485.0,475.0,476.20001,1112483.0
2017-12-27,480.0,481.0,480.0,481.0,25925.0
2017-12-28,480.0,484.79999,480.0,481.0,20910.0
2017-12-29,481.0,484.0,481.0,484.0,45063.0
2018-01-02,480.0,481.0,480.0,481.0,2019.0
2018-01-03,484.0,490.0,484.0,490.0,184999.0
2018-01-04,490.0,499.0,490.0,490.0,1956.0
2018-01-05,490.10001,497.85001,490.10001,497.85001,8132.0
2018-01-08,491.0,492.0,491.0,492.0,71.0
2018-01-09,492.0,496.04999,492.0,496.04999,7397.0
2018-01-10,497.0,502.0,497.0,500.0,83565.0
2018-01-12,500.0,504.0,500.0,500.10001,35569.0
2018-01-15,501.10001,512.0,501.10001,508.0,137809.0
2018-01-16,503.0,509.0,500.0,500.0,146385.0
2018-01-17,498.0,503.0,498.0,500.0,90771.0
2018-01-18,500.0,502.0,500.0,500.0,37039.0
2018-01-19,499.0,502.0,498.04999,500.0,42268.0
2018-01-22,501.0,505.0,500.0,505.0,20527.0
2018-01-23,500.0,500.0,498.04999,500.0,24295.0
2018-01-24,500.0,505.0,500.0,501.0,46032.0
2018-01-25,504.89999,509.70001,504.89999,509.29999,35324.0
2018-01-26,505.29999,507.89999,502.10001,507.89999,49288.0
2018-01-29,505.0,505.5,502.10001,503.60001,25232.0
2018-01-30,504.0,507.70001,501.0,507.70001,37639.0
2018-01-31,501.10001,506.89999,500.0,500.0,88923.0
2018-02-01,500.0,505.0,497.14999,500.39999,34533.0
2018-02-02,500.5,505.0,500.5,502.5,47131.0
2018-02-05,500.0,503.0,500.0,500.0,19003.0
2018-02-06,500.0,500.0,498.0,498.0,23420.0
2018-02-07,498.0,498.0,488.0,488.0,39187.0
2018-02-08,488.70001,495.0,488.64999,495.0,18694.0
2018-02-09,497.89999,497.89999,490.14999,492.5,34899.0
2018-02-12,492.5,492.5,490.0,490.0,45611.0
2018-02-13,491.0,503.89999,490.54999,503.89999,32583.0
2018-02-14,495.10001,496.5,495.0,495.0,15229.0
2018-02-15,495.0,502.0,495.0,497.10001,16840.0
2018-02-16,497.14999,506.0,496.04999,501.0,27154.0
2018-02-19,502.0,502.0,501.10001,502.0,10228.0
2018-02-20,502.0,504.0,500.0,500.0,29962.0
2018-02-21,503.0,503.70001,500.10001,503.70001,4634.0
2018-02-22,503.70001,508.0,503.0,508.0,79889.0
2018-02-23,508.0,515.0,508.0,514.0,62961.0
2018-02-26,515.0,518.90002,502.0,504.29999,55041.0
2018-02-27,503.0,510.0,502.0,507.79999,19303.0
2018-02-28,508.0,513.70001,507.79999,507.79999,113223.0
2018-03-01,506.20001,509.89999,506.20001,509.79999,14707.0
2018-03-02,509.89999,510.0,509.39999,509.39999,58895.0
2018-03-05,511.0,512.0,509.0,512.0,20541.0
2018-03-06,510.0,512.0,510.0,511.39999,46527.0
2018-03-07,512.0,512.0,508.60001,510.0,41483.0
2018-03-08,510.0,511.89999,509.0,511.89999,82824.0
2018-03-09,512.0,512.79999,511.0,512.0,47078.0
2018-03-12,511.0,513.59998,511.0,513.59998,6511.0
2018-03-13,510.10001,513.59998,509.0,510.0,26005.0
2018-03-14,510.0,511.89999,509.89999,510.0,23752.0
2018-03-15,509.5,510.0,509.5,510.0,4503.0
2018-03-16,510.0,510.0,508.5,509.0,19906.0
2018-03-19,509.5,509.5,509.0,509.0,47451.0
2018-03-20,509.0,509.0,507.89999,507.89999,24451.0
2018-03-21,505.0,507.0,500.0,500.0,78810.0
2018-03-22,499.95001,500.0,499.95001,500.0,9139.0
2018-03-23,500.0,504.0,500.0,500.0,26676.0
2018-03-26,500.0,500.0,500.0,500.0,22815.0
2018-03-27,508.79999,508.79999,500.0,500.0,359026.0
2018-03-28,500.0,500.0,499.0,499.0,16000.0
2018-03-29,499.10001,500.0,491.0,491.0,13909.0
2018-03-30,499.95001,500.0,491.70001,500.0,38937.0
2018-04-02,499.95001,500.0,493.5,493.5,51898.0
2018-04-03,493.5,496.5,493.5,494.14999,35110.0
2018-04-04,491.5,496.0,491.5,494.0,134455.0
2018-04-05,493.0,494.0,492.29999,494.0,68414.0
2018-04-06,492.25,493.0,492.25,493.0,78346.0
2018-04-09,492.0,492.10001,492.0,492.0,11192.0
2018-04-10,493.0,493.0,490.0,492.04999,10969.0
2018-04-11,492.04999,492.20001,492.04999,492.20001,20245.0
2018-04-12,492.14999,493.95001,492.14999,493.0,8500.0
2018-04-13,492.29999,498.0,492.29999,498.0,26194.0
2018-04-16,494.0,498.0,494.0,494.0,56187.0
2018-04-17,494.0,496.5,494.0,494.70001,4270.0
2018-04-18,494.5,498.0,494.5,496.0,3512.0
2018-04-19,497.0,500.0,496.04999,500.0,5080.0
2018-04-20,496.10001,505.0,496.10001,504.60001,13395.0
2018-04-23,498.04999,505.0,498.04999,504.89999,7367.0
2018-04-24,504.89999,504.89999,500.0,500.0,7923.0
2018-04-25,497.0,504.89999,497.0,500.10001,8037.0
2018-04-26,500.10001,500.10001,500.0,500.0,8759.0
2018-04-27,500.0,505.0,500.0,505.0,11539.0
2018-04-30,505.0,509.89999,500.0,509.89999,41321.0
2018-05-02,505.0,505.0,500.60001,500.60001,6976.0
2018-05-03,509.0,509.0,500.0,500.60001,5233.0
2018-05-04,504.89999,504.89999,504.89999,504.89999,1000.0
2018-05-07,497.10001,507.70001,497.10001,500.0,10416.0
2018-05-08,498.0,500.0,497.14999,497.14999,5579.0
2018-05-09,497.0,500.0,497.0,498.0,7917.0
2018-05-10,497.10001,498.0,496.10001,496.10001,3378.0
2018-05-11,496.0,496.0,493.64999,493.64999,25558.0
2018-05-14,494.0,494.0,491.0,491.0,3552.0
2018-05-15,491.0,491.0,489.0,489.0,12688.0
2018-05-16,488.04999,488.04999,485.0,486.0,40023.0
2018-05-17,482.60001,486.0,482.0,483.0,30998.0
2018-05-18,485.0,485.0,480.0,480.0,41118.0
2018-05-21,481.0,481.0,478.04999,478.04999,56280.0
2018-05-22,479.04999,480.0,478.0,478.0,14375.0
2018-05-23,483.89999,483.89999,477.0,477.0,15674.0
2018-05-24,478.0,483.70001,476.0,477.0,14084.0
2018-05-28,476.04999,477.14999,476.04999,477.14999,44141.0
2018-05-29,477.20001,478.89999,477.14999,478.89999,9271.0
2018-05-30,481.0,481.04999,481.0,481.04999,18137.0
2018-05-31,481.70001,485.04999,481.60001,485.04999,34032.0
2018-06-01,483.0,489.0,483.0,485.5,48379.0
2018-06-04,487.0,488.5,483.10001,483.10001,15770.0
2018-06-05,485.0,485.0,483.10001,483.10001,10761.0
2018-06-06,483.95001,485.04999,483.10001,485.04999,4042.0
2018-06-07,485.04999,497.0,485.0,497.0,8054.0
2018-06-08,485.10001,497.0,485.10001,495.0,71230.0
2018-06-11,495.0,497.0,492.5,495.0,58325.0
2018-06-12,495.0,497.0,492.29999,492.29999,29483.0
2018-06-13,492.10001,494.95001,490.0,490.10001,7392.0
2018-06-14,492.0,492.0,489.89999,490.10001,28230.0
2018-06-18,490.10001,491.0,486.10001,486.70001,25232.0
2018-06-19,489.0,492.0,487.5,489.29999,47144.0
2018-06-20,489.0,492.0,488.10001,492.0,236936.0
2018-06-21,475.0,476.79999,470.0,471.20001,6788.0
2018-06-22,469.0,479.89999,469.0,479.89999,5034.0
2018-06-25,475.0,479.39999,471.10001,479.39999,38311.0
2018-06-26,472.0,476.0,472.0,475.0,71157.0
2018-06-27,475.0,479.0,472.0,475.0,27201.0
2018-06-28,475.0,475.0,470.0,475.0,1829964.0
2018-06-29,474.89999,475.0,470.0,470.0,77958.0
2018-07-02,479.60001,479.60001,469.0,469.0,2509.0
2018-07-03,469.0,472.0,462.14999,462.14999,46852.0
2018-07-04,463.0,463.0,463.0,463.0,22841.0
2018-07-05,476.85001,476.85001,463.0,463.0,2633.0
2018-07-06,464.5,474.89999,464.0,474.89999,6242.0
2018-07-09,474.5,474.5,465.0,467.0,17803.0
2018-07-10,479.60001,479.60001,470.0,470.0,56.0
2018-07-11,467.70001,475.0,462.04999,462.04999,35398.0
2018-07-12,462.5,465.0,460.10001,461.95001,19875.0
2018-07-13,460.10001,464.79999,459.95001,459.95001,77846.0
2018-07-16,468.79999,468.79999,456.0,456.0,4600.0
2018-07-17,456.5,456.5,451.0,453.0,14803.0
2018-07-18,442.0,453.0,442.0,446.04999,63446.0
2018-07-19,446.10001,458.5,445.5,452.0,12199.0
2018-07-20,453.0,460.0,453.0,460.0,17156.0
2018-07-23,466.0,479.0,460.0,464.0,1443.0
2018-07-24,464.5,470.04999,464.0,465.20001,34737.0
2018-07-25,470.0,470.0,465.0,468.95001,21803.0
2018-07-26,469.79999,476.89999,465.0,476.89999,13252.0
2018-07-27,478.79999,480.0,476.0,479.5,45502.0
2018-07-31,478.0,478.0,473.0,473.0,46689.0
2018-08-01,470.0,473.0,468.0,468.0,55332.0
2018-08-02,469.0,469.0,468.95001,469.0,44973.0
2018-08-03,467.0,472.0,467.0,469.0,45044.0
2018-08-06,466.0,469.0,461.0,465.0,10202.0
2018-08-07,465.0,468.0,465.0,468.0,18680.0
2018-08-08,470.0,475.0,464.0,470.0,12787.0
2018-08-09,468.0,470.0,465.0,470.0,3280.0
2018-08-10,475.0,475.0,470.0,474.89999,37693.0
2018-08-13,470.04999,470.04999,465.0,470.0,6495.0
2018-08-15,465.70001,470.0,465.70001,470.0,6693.0
2018-08-16,470.0,470.10001,467.0,470.10001,15881.0
2018-08-17,467.14999,473.0,467.14999,473.0,5169.0
2018-08-24,470.0,474.0,470.0,474.0,4639.0
2018-08-27,473.89999,474.0,473.89999,474.0,17241.0
2018-08-28,470.0,474.0,470.0,470.0,16117.0
2018-08-29,469.0,470.0,469.0,469.0,13884.0
2018-08-30,473.0,473.0,469.0,473.0,228008.0
2018-08-31,470.0,470.0,463.0,463.0,11076.0
2018-09-03,461.0,462.0,461.0,462.0,8021.0
2018-09-04,462.0,462.0,455.0,460.0,44431.0
2018-09-05,455.04999,456.0,454.85001,454.85001,47909.0
2018-09-06,454.95001,454.95001,451.95001,452.0,48909.0
2018-09-07,455.0,455.0,448.0,448.0,74620.0
2018-09-10,444.0,444.0,440.14999,440.14999,7289.0
2018-09-12,441.0,444.0,441.0,443.10001,61349.0
2018-09-13,443.20001,457.95001,443.10001,450.0,12296.0
2018-09-14,447.95001,453.0,446.04999,448.0,43048.0
2018-09-17,445.04999,446.0,445.04999,446.0,4505.0
2018-09-18,446.0,448.5,446.0,447.70001,25980.0
2018-09-19,446.0,448.0,446.0,448.0,12826.0
2018-09-20,450.0,459.5,450.0,452.0,92513.0
2018-09-21,450.5,454.0,450.0,451.0,41918.0
2018-09-24,447.0,447.0,446.0,446.10001,10529.0
2018-09-25,446.20001,454.5,446.0,454.5,16057.0
2018-09-26,447.25,460.0,447.25,460.0,38513.0
2018-09-27,452.0,459.0,452.0,452.0,27501.0
2018-09-28,452.0,452.0,446.04999,450.0,106149.0
2018-10-01,447.04999,448.0,447.04999,447.04999,8885.0
2018-10-02,447.04999,447.04999,446.5,446.60001,15509.0
2018-10-03,446.0,446.10001,446.0,446.10001,23922.0
2018-10-04,445.04999,449.89999,445.0,445.10001,1870.0
2018-10-05,446.0,446.0,444.0,444.0,8000.0
2018-10-08,445.0,445.0,440.0,443.10001,1808.0
2018-10-09,443.10001,449.0,443.0,449.0,21607.0
2018-10-10,449.0,449.0,443.0,443.0,4100.0
2018-10-11,441.0,441.0,441.0,441.0,1778.0
2018-10-12,445.0,445.0,441.0,441.0,23985.0
2018-10-15,441.04999,444.0,441.0,444.0,2013.0
2018-10-16,441.0,442.0,440.04999,441.0,26509.0
2018-10-17,440.0,441.0,440.0,441.0,130.0
2018-10-18,440.0,440.89999,430.04999,440.89999,5708.0
2018-10-19,435.70001,438.5,435.0,435.0,26216.0
2018-10-22,435.0,442.0,435.0,442.0,60434.0
2018-10-23,437.0,440.0,430.0,433.89999,93663.0
2018-10-24,430.0,431.0,430.0,431.0,36781.0
2018-10-25,431.0,431.5,431.0,431.10001,32813.0
2018-10-26,430.20001,434.89999,430.14999,430.25,4054.0
2018-10-29,433.0,433.0,430.0,430.20001,405.0
2018-10-30,430.0,430.0,425.10001,426.0,27201.0
2018-10-31,426.10001,426.10001,416.5,416.5,25102.0
2018-11-01,425.95001,426.0,416.5,416.70001,38110.0
2018-11-02,420.0,420.0,417.0,420.0,13853.0
2018-11-05,421.0,432.04999,420.0,420.0,7055.0
2018-11-07,420.0,429.64999,420.0,427.04999,27846.0
2018-11-08,430.0,433.0,430.0,433.0,36491.0
2018-11-09,431.04999,441.64999,431.04999,441.64999,27669.0
2018-11-12,436.5,450.0,435.0,435.0,26470.0
2018-11-13,435.0,440.0,427.0,438.0,4664.0
2018-11-14,438.0,442.0,438.0,442.0,22258.0
2018-11-15,442.10001,446.0,442.10001,443.0,22706.0
2018-11-16,440.0,444.0,440.0,443.0,29607.0
2018-11-19,441.0,443.85001,440.0,443.0,16660.0
2018-11-22,443.0,444.35001,440.54999,443.0,17076.0
2018-11-23,443.0,445.0,443.0,445.0,7724.0
2018-11-26,434.0,448.0,434.0,448.0,36537.0
2018-11-27,445.5,449.0,445.5,448.0,78697.0
2018-11-28,449.0,455.0,449.0,454.10001,29089.0
2018-11-29,454.20001,469.0,447.0,447.0,126109.0
2018-11-30,451.0,455.0,447.0,447.0,99262.0
2018-12-03,450.0,459.45001,450.0,459.45001,15534.0
2018-12-04,455.0,460.0,453.0,459.0,70345.0
2018-12-05,460.0,462.0,459.0,460.0,15966.0
2018-12-06,455.70001,459.0,450.10001,451.04999,30437.0
2018-12-07,452.0,452.29999,447.0,447.5,52684.0
2018-12-10,445.10001,451.0,445.10001,447.5,7486.0
2018-12-11,448.0,454.0,447.89999,454.0,74913.0
2018-12-12,448.14999,453.95001,447.0,447.0,30142.0
2018-12-13,447.25,450.0,447.25,450.0,17094.0
2018-12-14,447.54999,449.95001,445.0,445.0,15491.0
2018-12-17,445.0,446.0,445.0,445.0,57050.0
2018-12-18,442.10001,445.5,442.10001,445.04999,101855.0
2018-12-19,444.10001,445.0,444.10001,445.0,48187.0
2018-12-20,445.0,445.14999,445.0,445.14999,21134.0
2018-12-21,444.04999,450.0,444.04999,450.0,91169.0
2018-12-24,446.5,450.0,446.5,450.0,15578.0
2018-12-25,450.0,459.89999,447.0,448.0,3652340.0
2018-12-26,450.0,450.04999,448.0,450.04999,1633185.0
2018-12-27,452.89999,452.89999,448.29999,450.04999,15657.0
2018-12-28,452.5,452.89999,445.14999,450.0,75399.0
2018-12-31,449.45001,453.0,446.0,453.0,4050093.0
2019-01-02,448.0,449.89999,444.0,449.89999,4770.0
2019-01-03,449.95001,449.95001,444.0,444.0,9340.0
2019-01-04,444.0,448.95001,442.0,442.0,22725.0
2019-01-07,443.5,443.5,436.0,436.10001,16010.0
2019-01-08,430.64999,431.14999,430.0,431.14999,29804.0
2019-01-09,431.0,439.0,431.0,431.5,1146.0
2019-01-10,432.0,432.0,430.20001,431.5,35796.0
2019-01-14,431.5,431.5,430.0,431.5,14023.0
2019-01-15,431.14999,439.0,431.14999,439.0,5980.0
2019-01-16,433.54999,446.0,433.54999,439.0,6375.0
2019-01-17,439.0,440.0,439.0,440.0,10011.0
2019-01-18,442.95001,447.95001,440.0,440.0,26975.0
2019-01-21,445.0,445.0,440.0,440.5,155.0
2019-01-22,441.10001,446.0,441.0,446.0,62564.0
2019-01-23,440.54999,450.0,440.54999,450.0,19685.0
2019-01-24,446.10001,455.0,446.10001,450.0,6303.0
2019-01-25,454.75,459.0,450.0,457.0,74128.0
2019-01-28,458.0,458.0,454.0,457.0,7607.0
2019-01-29,454.0,455.0,451.10001,454.0,23904.0
2019-01-30,451.25,460.0,451.20001,460.0,10226.0
2019-01-31,460.0,460.0,451.0,451.0,96918.0
2019-02-01,459.95001,460.0,451.0,451.0,25848.0
2019-02-04,455.0,459.29999,450.0,452.5,17350.0
2019-02-05,452.70001,457.85001,452.54999,452.60001,11944.0
2019-02-06,452.60001,455.0,452.5,453.0,18629.0
2019-02-07,454.95001,454.95001,448.0,448.0,65251.0
2019-02-08,448.60001,450.0,448.0,448.14999,21594.0
2019-02-11,453.0,453.20001,448.70001,448.70001,16361.0
2019-02-12,452.0,458.0,450.10001,458.0,43159.0
2019-02-13,453.60001,460.0,453.60001,460.0,34428.0
2019-02-14,462.0,468.0,462.0,463.0,51863.0
2019-02-15,463.0,463.5,458.0,458.0,48006.0
2019-02-18,458.0,467.75,455.14999,455.14999,14632.0
2019-02-19,451.54999,460.0,451.54999,458.5,50710.0
2019-02-20,460.0,466.0,458.0,459.0,70153.0
2019-02-21,452.0,455.0,452.0,455.0,4433.0
2019-02-22,451.0,460.0,450.0,452.0,85941.0
2019-02-25,448.04999,453.14999,440.0,446.0,12235.0
2019-02-26,446.0,458.0,446.0,458.0,27073.0
2019-02-27,449.04999,455.0,449.0,449.0,5760.0
2019-02-28,445.10001,448.0,445.0,448.0,51028.0
2019-03-01,448.0,448.0,445.0,448.0,30956.0
2019-03-04,445.04999,451.89999,441.0,451.89999,7759.0
2019-03-05,450.5,450.5,445.04999,450.0,5096.0
2019-03-06,446.0,446.0,440.29999,443.0,6525.0
2019-03-07,441.29999,445.0,441.29999,444.5,21941.0
2019-03-08,444.0,445.0,443.10001,443.10001,35141.0
2019-03-11,443.35001,444.0,442.25,442.25,13293.0
2019-03-12,448.89999,448.89999,440.14999,440.14999,38556.0
2019-03-13,440.14999,442.0,440.0,441.0,18310.0
2019-03-14,440.0,440.04999,423.54999,425.25,48744.0
2019-03-15,426.10001,440.0,426.10001,431.20001,98872.0
2019-03-18,431.20001,431.20001,430.0,430.60001,8601.0
2019-03-19,430.0,438.89999,430.0,438.10001,11591.0
2019-03-20,438.14999,440.0,438.10001,438.10001,48466.0
2019-03-21,438.10001,438.10001,430.0,430.0,67893.0
2019-03-22,430.0,431.0,426.0,426.0,68040.0
2019-03-25,426.29999,429.85001,425.0,425.25,41174.0
2019-03-26,425.29999,426.0,425.0,426.0,52098.0
2019-03-27,426.0,430.0,425.10001,426.54999,26705.0
2019-03-28,427.0,427.25,427.0,427.0,39458.0
2019-03-29,427.0,427.0,425.0,425.0,88401.0
2019-04-01,422.14999,425.04999,422.14999,425.0,13328.0
2019-04-02,425.5,425.5,423.0,423.0,7429.0
2019-04-03,423.0,429.0,422.0,425.0,15685.0
2019-04-04,424.89999,425.0,424.89999,425.0,44535.0
2019-04-05,425.0,428.89999,425.0,425.0,15259.0
2019-04-08,425.0,426.0,425.0,426.0,1239.0
2019-04-09,426.0,426.0,425.0,425.0,33722.0
2019-04-10,426.0,426.0,420.20001,423.0,77476.0
2019-04-11,425.0,425.0,425.0,425.0,86975.0
2019-04-12,437.70001,437.70001,425.10001,428.0,518.0
2019-04-15,427.0,428.0,427.0,428.0,16515.0
2019-04-16,428.10001,430.0,428.0,430.0,29876.0
2019-04-17,430.0,430.0,430.0,430.0,4257.0
2019-04-18,430.0,430.0,426.20001,427.14999,20037.0
2019-04-19,429.95001,430.0,429.95001,430.0,10507.0
2019-04-22,430.0,430.0,430.0,430.0,12991.0
2019-04-23,432.0,433.0,430.0,430.0,64027.0
2019-04-24,430.0,430.0,426.5,426.5,3050.0
2019-04-25,426.20001,429.85001,426.14999,429.85001,7700.0
2019-04-26,428.5,429.85001,428.5,428.70001,32155.0
2019-04-29,428.5,430.0,428.5,430.0,2855.0
2019-04-30,430.0,447.10001,430.0,447.10001,30293.0
2019-05-02,440.0,444.79999,430.5,439.0,44824.0
2019-05-03,435.0,435.0,435.0,435.0,13450.0
2019-05-06,435.0,435.0,435.0,435.0,637.0
2019-05-07,435.10001,440.0,435.10001,439.0,9962.0
2019-05-08,435.04999,443.85001,435.04999,438.64999,19413.0
2019-05-09,435.0,440.0,435.0,439.79999,43198.0
2019-05-10,439.0,443.0,439.0,443.0,22430.0
2019-05-13,442.5,442.64999,442.0,442.64999,21196.0
2019-05-14,442.64999,444.5,442.64999,443.5,23504.0
2019-05-15,443.5,450.04999,440.14999,450.04999,67022.0
2019-05-16,451.0,453.0,451.0,451.20001,25725.0
2019-05-17,454.0,458.25,451.20001,452.0,77916.0
2019-05-20,436.04999,457.75,436.04999,452.0,29949.0
2019-05-21,450.0,450.0,447.10001,449.89999,30144.0
2019-05-22,449.89999,449.89999,449.89999,449.89999,11913.0
2019-05-23,448.10001,448.14999,445.0,445.0,34419.0
2019-05-24,447.0,450.0,447.0,448.0,12001.0
2019-05-27,448.0,452.0,448.0,451.45001,56136.0
2019-05-28,452.89999,457.0,452.89999,457.0,336717.0
2019-05-29,455.0,457.0,454.0,454.0,9982.0
2019-05-30,445.10001,450.0,445.10001,446.0,35626.0
2019-05-31,446.0,446.0,443.0,443.0,70130.0
2019-06-03,443.0,443.0,443.0,443.0,390.0
2019-06-04,436.60001,449.5,436.60001,449.5,7411.0
2019-06-10,436.04999,448.0,436.04999,445.04999,8633.0
2019-06-11,445.04999,448.0,445.04999,448.0,23201.0
2019-06-12,440.5,447.0,440.0,447.0,14306.0
2019-06-13,446.0,446.0,446.0,446.0,8316.0
2019-06-14,446.04999,453.5,446.04999,453.5,14617.0
2019-06-17,460.0,474.0,460.0,470.0,30178.0
2019-06-18,474.0,485.0,465.45001,484.0,155467.0
2019-06-19,490.0,493.0,486.0,487.39999,397729.0
2019-06-20,487.5,488.0,477.29999,482.04999,44042.0
2019-06-21,470.0,477.0,470.0,477.0,19431.0
2019-06-24,460.0,476.5,460.0,475.0,8212.0
2019-06-25,471.0,471.0,452.0,464.0,90628.0
2019-06-26,466.0,466.0,460.0,460.04999,60938.0
2019-06-27,460.0,468.5,460.0,468.5,3854572.0
2019-06-28,460.20001,466.0,460.04999,466.0,556760.0
2019-07-01,466.0,466.0,460.0,463.04999,91434.0
2019-07-02,460.04999,462.04999,460.04999,462.04999,34335.0
2019-07-03,468.0,470.0,461.5,470.0,13339.0
2019-07-04,460.5,473.0,460.5,470.0,8630.0
2019-07-05,470.0,472.29999,470.0,472.29999,649.0
2019-07-08,463.0,464.04999,462.0,464.04999,33570.0
2019-07-09,463.85001,475.0,463.70001,475.0,10504.0
2019-07-10,475.0,475.0,470.0,475.0,56815.0
2019-07-11,471.0,476.85001,471.0,471.0,10304.0
2019-07-12,472.5,474.5,471.0,471.0,53889.0
2019-07-15,468.0,471.70001,468.0,471.70001,2801.0
2019-07-16,474.89999,478.14999,474.89999,478.14999,133509.0
2019-07-17,478.64999,483.89999,478.64999,481.5,278204.0
2019-07-18,478.60001,483.0,475.14999,478.14999,19869.0
2019-07-19,480.0,483.79999,480.0,482.0,86080.0
2019-07-22,480.0,480.5,480.0,480.5,2146.0
2019-07-23,482.0,482.0,477.0,479.95001,33099.0
2019-07-24,479.95001,480.0,478.20001,478.20001,12395.0
2019-07-25,480.0,482.0,478.79999,480.75,35333.0
2019-07-26,478.54999,483.04999,478.54999,482.95001,37476.0
2019-07-29,482.0,483.0,481.0,482.60001,44101.0
2019-07-31,482.29999,486.0,482.29999,484.95001,87723.0
2019-08-01,482.5,487.0,482.5,484.0,49796.0
2019-08-02,488.89999,488.89999,483.29999,485.95001,14073.0
2019-08-05,483.10001,484.10001,483.10001,484.10001,4129.0
2019-08-06,483.54999,484.5,482.0,484.0,123363.0
2019-08-07,482.0,482.0,480.0,480.0,34408.0
2019-08-08,480.0,480.0,475.0,476.0,6556.0
2019-08-09,476.5,477.0,476.5,477.0,4669.0
2019-08-15,477.0,482.5,473.0,482.5,10330.0
2019-08-16,475.0,482.0,474.04999,482.0,4186.0
2019-08-19,482.0,482.0,474.20001,474.20001,41.0
2019-08-22,475.0,476.5,475.0,476.5,39816.0
2019-08-23,475.10001,480.0,475.04999,480.0,1778.0
2019-08-26,476.0,478.10001,476.0,478.10001,3802.0
2019-08-27,480.0,487.0,480.0,484.04999,73240.0
2019-08-28,484.10001,484.14999,484.10001,484.14999,7037.0
2019-08-29,481.0,487.75,480.10001,487.75,5430.0
2019-08-30,481.0,487.75,481.0,482.5,14983.0
2019-09-02,482.0,482.5,482.0,482.0,5749.0
2019-09-03,480.0,482.0,480.0,482.0,8032.0
2019-09-04,480.54999,481.04999,480.0,480.0,38261.0
2019-09-05,480.0,481.0,477.0,477.0,33628.0
2019-09-06,477.0,477.10001,476.10001,477.04999,28492.0
2019-09-09,477.14999,477.14999,477.0,477.0,775.0
2019-09-10,477.0,477.0,475.04999,475.04999,46770.0
2019-09-11,475.0,475.04999,472.60001,472.60001,6598.0
2019-09-12,472.20001,472.20001,472.0,472.14999,7593.0
2019-09-13,472.10001,476.0,472.10001,476.0,20940.0
2019-09-16,472.0,479.89999,472.0,479.89999,565.0
2019-09-17,479.85001,479.85001,472.0,473.54999,5595.0
2019-09-18,473.60001,473.64999,473.60001,473.64999,7834.0
2019-09-19,474.0,479.0,472.25,479.0,63446.0
2019-09-20,472.0,475.0,471.0,471.0,39843.0
2019-09-23,471.0,471.0,467.5,467.5,3836.0
2019-09-24,466.5,467.04999,466.5,467.04999,35393.0
2019-09-25,466.54999,466.64999,466.54999,466.64999,3352.0
2019-09-26,466.54999,479.0,466.54999,470.0,12551.0
2019-09-27,472.0,479.0,470.0,479.0,26667.0
2019-09-30,473.0,479.5,473.0,479.5,69880.0
2019-10-01,480.0,480.0,475.0,480.0,15100.0
2019-10-02,475.5,475.54999,472.0,472.0,27752.0
2019-10-03,472.0,472.0,472.0,472.0,16049.0
2019-10-04,472.0,472.0,465.0,465.0,75336.0
2019-10-07,465.0,465.0,465.0,465.0,52.0
2019-10-08,465.04999,468.0,460.10001,460.10001,6781.0
2019-10-09,460.10001,460.29999,460.10001,460.14999,5085.0
2019-10-10,451.29999,461.0,451.25,460.5,7116.0
2019-10-11,460.79999,463.04999,460.0,460.0,49022.0
2019-10-14,461.0,462.04999,461.0,462.04999,38072.0
2019-10-15,465.0,465.0,462.20001,464.10001,21575.0
2019-10-16,465.0,465.10001,463.10001,465.10001,22297.0
2019-10-17,465.04999,475.0,465.0,475.0,77538.0
2019-10-18,470.10001,480.0,470.10001,476.04999,117231.0
2019-10-21,480.0,483.89999,475.14999,475.14999,4632.0
2019-10-22,475.70001,480.0,475.29999,480.0,35248.0
2019-10-23,480.0,480.0,476.54999,476.54999,44344.0
2019-10-24,476.29999,481.0,476.29999,481.0,6469.0
2019-10-25,477.0,478.0,475.0,475.0,47253.0
2019-10-28,475.0,475.0,475.0,475.0,7378.0
2019-10-29,472.0,474.0,472.0,472.14999,907803.0
2019-10-30,475.0,480.0,475.0,480.0,31017.0
2019-10-31,475.35001,475.39999,470.0,470.0,37708.0
2019-11-01,479.0,479.85001,473.5,479.45001,5522.0
2019-11-04,475.35001,479.75,475.35001,479.75,210.0
2019-11-05,476.0,476.0,471.5,472.39999,135109.0
2019-11-07,472.39999,476.0,472.39999,476.0,18708.0
2019-11-08,472.70001,476.0,472.70001,476.0,32210.0
2019-11-12,474.0,476.0,473.54999,473.70001,29898.0
2019-11-13,473.70001,473.70001,471.10001,471.10001,92936.0
2019-11-14,471.10001,473.54999,471.10001,471.10001,9720.0
2019-11-15,472.0,480.0,472.0,479.0,74740.0
2019-11-19,471.04999,483.0,471.0,483.0,74776.0
2019-11-20,482.0,483.0,480.0,480.10001,46727.0
2019-11-21,477.0,488.85001,477.0,487.0,117190.0
2019-11-22,489.0,492.0,475.04999,484.95001,62685.0
2019-11-25,478.5,481.04999,478.25,481.04999,11137.0
2019-11-26,481.0,484.0,481.0,482.79999,80220.0
2019-11-27,481.0,484.0,481.0,483.04999,8070.0
2019-11-28,485.0,485.0,483.0,483.10001,14828.0
2019-11-29,483.0,485.0,483.0,485.0,56614.0
2019-12-02,485.0,485.0,483.10001,484.5,16893.0
2019-12-03,483.0,484.0,483.0,484.0,42642.0
2019-12-04,476.5,484.0,476.5,484.0,1093.0
2019-12-05,479.14999,481.0,479.14999,481.0,38802.0
2019-12-06,484.5,484.5,481.10001,482.04999,21640.0
2019-12-09,481.0,481.5,481.0,481.14999,5513.0
2019-12-10,481.60001,485.0,481.60001,485.0,21774.0
2019-12-11,485.0,490.0,485.0,490.0,136172.0
2019-12-12,488.0,489.89999,486.10001,486.10001,19920.0
2019-12-13,486.10001,489.95001,486.10001,489.95001,24952.0
2019-12-16,486.10001,490.0,486.10001,490.0,10098.0
2019-12-17,490.0,490.0,489.0,490.0,127744.0
2019-12-18,489.0,490.0,486.70001,488.95001,35043.0
2019-12-19,490.0,491.85001,490.0,491.5,216387.0
2019-12-20,491.60001,492.60001,491.60001,492.60001,234984.0
2019-12-23,492.60001,493.0,487.70001,493.0,118553.0
2019-12-24,491.5,492.0,490.0,490.0,127766.0
2019-12-25,492.0,492.0,488.10001,489.0,99806.0
2019-12-26,488.10001,488.10001,487.10001,487.14999,35424.0
2019-12-27,487.10001,489.0,486.0,489.0,28925.0
2019-12-30,485.25,490.0,485.25,490.0,29598.0
2019-12-31,491.0,499.0,488.0,499.0,167170.0
2020-01-02,490.0,490.0,490.0,490.0,4770.0
2020-01-03,488.89999,495.0,487.0,494.95001,26656.0
2020-01-06,490.0,490.5,490.0,490.5,21396.0
2020-01-07,490.5,495.0,490.5,495.0,17848.0
2020-01-08,495.0,498.0,495.0,497.0,112770.0
2020-01-09,498.0,500.20001,498.0,498.95001,120485.0
2020-01-10,497.60001,501.89999,496.5,496.5,361565.0
2020-01-13,492.04999,493.14999,492.04999,493.14999,1827.0
2020-01-14,493.5,496.54999,493.5,496.54999,7710.0
2020-01-15,498.0,499.0,496.64999,497.95001,97600.0
2020-01-16,495.10001,500.0,495.10001,500.0,60363.0
2020-01-17,501.60001,503.0,497.10001,499.0,83774.0
2020-01-20,498.29999,502.89999,498.29999,502.89999,6719.0
2020-01-21,500.0,503.0,500.0,503.0,24988.0
2020-01-22,503.0,507.0,503.0,507.0,130080.0
2020-01-23,507.0,507.0,501.10001,505.0,65410.0
2020-01-24,507.0,507.0,501.20001,506.0,107846.0
2020-01-27,505.0,505.5,504.0,505.0,51028.0
2020-01-28,503.0,505.0,503.0,503.0,31068.0
2020-01-29,503.0,503.0,500.0,500.0,44574.0
2020-01-30,498.0,498.0,497.10001,498.0,52869.0
2020-01-31,498.0,505.0,498.0,504.0,66589.0
2020-02-03,507.0,513.0,494.0,494.0,6549.0
2020-02-04,494.0,494.0,493.89999,494.0,39257.0
2020-02-05,502.89999,503.0,494.04999,500.0,20775.0
2020-02-06,495.45001,496.04999,494.0,494.0,52421.0
2020-02-07,493.0,493.0,488.04999,488.5,133338.0
2020-02-10,489.10001,489.10001,488.5,488.5,31519.0
2020-02-11,486.0,486.0,482.5,482.85001,22517.0
2020-02-12,483.04999,483.04999,483.04999,483.04999,2553.0
2020-02-13,494.0,495.0,487.04999,495.0,3063.0
2020-02-14,487.5,500.10001,487.5,500.10001,81573.0
2020-02-17,498.0,500.0,498.0,500.0,10776.0
2020-02-18,500.0,500.10001,499.10001,500.0,31282.0
2020-02-19,493.04999,500.0,493.04999,500.0,1234.0
2020-02-20,500.0,504.0,500.0,504.0,41120.0
2020-02-21,500.0,513.0,500.0,510.0,415850.0
2020-02-24,501.10001,510.10001,501.10001,510.10001,13140.0
2020-02-25,510.0,513.0,510.0,511.0,66894.0
2020-02-26,511.0,511.0,507.0,507.0,38832.0
2020-02-28,507.0,507.0,495.0,495.0,163503.0
2020-03-02,495.0,496.0,494.0,496.0,5641.0
2020-03-03,490.5,493.0,483.79999,483.79999,47801.0
2020-03-04,482.60001,485.0,477.0,477.0,52848.0
2020-03-05,480.0,480.0,476.0,476.0,100467.0
2020-03-06,476.0,480.0,458.0,458.0,88750.0
2020-03-09,463.0,463.0,427.0,430.20001,145702.0
2020-03-10,436.0,473.20001,436.0,457.0,127259.0
2020-03-11,460.10001,463.0,452.5,454.0,137032.0
2020-03-12,440.0,440.0,420.0,420.0,242687.0
2020-03-13,416.04999,430.0,405.0,425.0,116672.0
2020-03-16,420.0,420.0,382.54999,382.54999,129508.0
2020-03-17,370.0,377.0,367.25,367.25,106090.0
2020-03-18,367.89999,368.0,352.60001,352.60001,92098.0
2020-03-19,364.95001,366.70001,358.0,366.70001,204824.0
2020-03-20,379.0,381.35001,379.0,381.35001,275078.0
2020-03-23,396.60001,396.60001,391.0,396.60001,156026.0
2020-03-24,412.45001,412.45001,395.04999,399.0,182280.0
2020-03-25,399.0,399.0,384.0,387.95001,142938.0
2020-03-26,388.0,390.0,375.5,378.0,29176.0
2020-03-27,387.95001,389.0,371.89999,371.89999,47053.0
2020-03-30,386.0,386.0,371.0,371.89999,77874.0
2020-03-31,377.89999,378.0,371.89999,371.89999,9026.0
2020-04-01,371.95001,374.95001,369.95001,369.95001,4322.0
2020-04-02,368.0,368.0,362.0,362.0,64223.0
2020-04-03,363.0,368.0,354.0,354.0,146263.0
2020-04-06,355.0,355.0,339.85001,339.85001,26803.0
2020-04-07,327.0,336.54999,326.29999,326.29999,124284.0
2020-04-08,333.0,339.0,326.35001,339.0,88609.0
2020-04-09,339.0,348.0,339.0,343.0,167693.0
2020-04-10,343.0,345.0,340.0,343.89999,44249.0
2020-04-13,343.10001,343.10001,339.0,341.0,3353.0
2020-04-14,345.0,349.79999,340.5,341.0,30028.0
2020-04-15,338.85001,340.0,335.0,335.0,45557.0
2020-04-16,342.0,342.0,335.29999,335.29999,14312.0
2020-04-17,335.5,335.5,330.0,331.25,16348.0
2020-04-20,334.95001,335.0,330.0,331.60001,21361.0
2020-04-21,330.0,330.10001,323.0,323.0,92051.0
2020-04-22,329.89999,329.89999,325.0,326.0,14397.0
2020-04-23,329.0,329.0,325.0,326.0,6548.0
2020-04-24,329.70001,330.0,329.0,330.0,34508.0
2020-04-27,334.79999,335.04999,331.0,335.04999,28382.0
2020-04-28,346.95001,348.45001,340.0,348.45001,28724.0
2020-04-29,348.5,355.0,346.0,352.04999,242348.0
2020-04-30,353.0,362.0,353.0,356.20001,77185.0
2020-05-04,357.10001,357.10001,350.0,355.0,944288.0
2020-05-05,355.0,359.89999,354.04999,355.0,190247.0
2020-05-06,355.0,355.0,345.0,348.5,71823.0
2020-05-07,348.5,348.5,345.0,346.04999,23143.0
2020-05-08,343.10001,343.70001,332.25,341.95001,126664.0
2020-05-11,340.0,340.0,336.5,336.5,50874.0
2020-05-12,336.20001,336.75,324.95001,325.0,136419.0
2020-05-13,328.89999,328.89999,317.45001,318.10001,42477.0
2020-05-14,320.0,325.0,319.0,322.70001,130727.0
2020-05-15,329.0,335.0,328.95001,335.0,46809.0
2020-05-18,338.0,344.0,338.0,343.95001,91619.0
2020-05-19,348.0,348.0,340.10001,340.10001,24409.0
2020-05-20,340.0,340.10001,331.0,334.0,20897.0
2020-05-21,331.0,342.5,331.0,340.0,59926.0
2020-05-22,340.0,346.0,340.0,344.45001,202824.0
2020-05-26,347.95001,352.0,347.0,349.0,173541.0
2020-05-27,353.0,358.0,350.0,355.0,137895.0
2020-05-28,360.0,360.0,345.0,345.0,61063.0
2020-05-29,349.95001,349.95001,340.0,345.0,98395.0
2020-06-01,343.0,348.0,343.0,346.5,48755.0
2020-06-02,353.5,353.5,349.89999,350.0,72813.0
2020-06-03,350.0,353.0,348.79999,348.79999,130924.0
2020-06-04,352.89999,352.95001,350.0,350.0,18794.0
2020-06-05,349.5,353.0,349.5,351.0,22870.0
2020-06-08,354.89999,354.89999,352.0,354.5,29833.0
2020-06-09,354.89999,354.89999,353.20001,353.95001,89053.0
2020-06-10,354.0,354.0,348.89999,348.89999,80593.0
2020-06-11,348.89999,350.89999,344.0,345.0,77074.0
2020-06-12,348.95001,348.95001,342.0,342.0,41798.0
2020-06-15,345.0,347.79999,342.0,345.0,109678.0
2020-06-16,347.0,351.39999,347.0,350.0,420545.0
2020-06-17,363.95001,363.95001,363.95001,363.95001,79177.0
2020-06-18,374.89999,374.89999,365.04999,365.04999,337650.0
2020-06-19,369.89999,369.89999,360.0,364.0,65147.0
2020-06-22,364.0,364.0,361.0,363.95001,5878.0
2020-06-23,364.0,364.0,361.0,362.29999,4704.0
2020-06-24,363.85001,363.85001,354.0,357.0,31395.0
2020-06-25,359.0,359.0,355.04999,355.04999,37859.0
2020-06-26,355.0,360.0,350.10001,350.10001,65370.0
2020-06-29,359.0,359.0,351.10001,351.10001,17282.0
2020-06-30,353.0,356.0,353.0,356.0,173969.0
2020-07-01,359.0,359.79999,356.0,357.0,6276.0
2020-07-02,352.0,357.0,352.0,357.0,6048.0
2020-07-03,357.95001,358.0,355.04999,355.04999,20588.0
2020-07-06,357.95001,357.95001,350.0,352.5,12455.0
2020-07-07,352.5,353.0,350.0,351.10001,59679.0
2020-07-08,358.0,358.0,351.0,351.0,1761.0
2020-07-09,354.89999,354.89999,351.0,351.10001,275.0
2020-07-10,353.0,353.89999,351.04999,352.0,16362.0
2020-07-13,354.95001,354.95001,351.0,351.5,438.0
2020-07-14,351.0,353.0,351.0,353.0,111860.0
2020-07-15,351.10001,356.95001,351.10001,355.10001,11809.0
2020-07-16,355.95001,358.95001,353.0,357.0,23036.0
2020-07-17,357.0,357.0,355.0,355.0,3011.0
2020-07-20,355.0,358.0,355.0,358.0,3110.0
2020-07-21,357.0,359.79999,356.14999,358.0,7607.0
2020-07-22,356.10001,356.10001,350.0,355.0,7674.0
2020-07-23,355.0,358.0,354.04999,355.5,11160.0
2020-07-24,355.04999,358.0,355.04999,358.0,41886.0
2020-07-27,358.0,362.0,355.5,362.0,72442.0
2020-07-28,362.0,369.89999,362.0,369.89999,8849.0
2020-07-29,365.14999,369.0,365.10001,369.0,48616.0
2020-08-03,369.0,369.0,365.10001,365.10001,21831.0
2020-08-04,368.89999,370.0,366.0,370.0,18617.0
2020-08-05,369.0,374.0,369.0,371.20001,15358.0
2020-08-06,374.5,375.0,374.0,374.85001,8852.0
2020-08-07,375.0,376.95001,371.0,376.0,22183.0
2020-08-10,377.0,384.89999,377.0,381.0,18380.0
2020-08-11,384.95001,384.95001,381.04999,381.14999,56510.0
2020-08-12,381.14999,389.0,381.14999,389.0,41767.0
2020-08-13,389.0,389.0,386.0,387.10001,30831.0
2020-08-17,387.89999,387.89999,383.10001,385.0,23691.0
2020-08-18,387.75,387.75,382.04999,384.5,2969.0
2020-08-19,382.54999,383.54999,382.54999,383.5,3624.0
2020-08-24,384.95001,384.95001,375.0,378.60001,28081.0
2020-08-25,378.60001,380.0,374.95001,375.0,22058.0
2020-08-26,375.0,377.0,371.0,372.10001,5798.0
2020-08-27,370.04999,371.0,360.10001,360.10001,34987.0
2020-08-28,361.0,361.0,353.0,355.20001,65137.0
2020-08-31,355.0,359.95001,352.0,356.64999,47210.0
2020-09-01,358.04999,370.89999,358.04999,370.89999,23566.0
2020-09-02,371.0,377.0,367.20001,368.10001,9571.0
2020-09-03,369.0,370.0,366.0,369.0,942.0
2020-09-04,369.5,369.5,364.85001,364.85001,22262.0
2020-09-07,365.0,369.0,362.0,369.0,1826.0
2020-09-08,361.10001,365.04999,361.10001,363.14999,1157.0
2020-09-09,363.5,367.89999,363.0,364.0,1151.0
2020-09-10,364.0,369.0,364.0,368.0,29489.0
2020-09-11,372.0,372.0,367.04999,369.95001,49064.0
2020-09-14,369.0,369.0,365.0,366.0,42182.0
2020-09-15,370.0,370.0,359.89999,359.89999,26482.0
2020-09-16,360.0,363.0,355.89999,356.79999,10052.0
2020-09-17,358.0,359.0,354.0,355.10001,9353.0
2020-09-18,357.0,360.0,357.0,358.10001,13150.0
2020-09-21,363.0,363.0,360.0,360.0,21305.0
2020-09-22,363.0,363.0,356.60001,360.0,27199.0
2020-09-23,362.0,362.0,359.85001,359.85001,31748.0
2020-09-24,351.0,356.0,350.0,350.0,94702.0
2020-09-25,350.0,355.0,350.0,352.0,18000.0
2020-09-28,352.0,355.0,351.5,355.0,515.0
2020-09-29,355.0,358.0,353.5,353.5,5406.0
2020-09-30,353.60001,358.0,352.0,357.70001,614.0
2020-10-01,357.0,357.0,357.0,357.0,25037.0
2020-10-02,357.75,357.75,355.04999,356.5,5411.0
2020-10-05,358.0,363.0,358.0,361.20001,66877.0
2020-10-06,362.0,369.0,362.0,369.0,57681.0
2020-10-07,370.0,372.0,370.0,371.5,59496.0
2020-10-08,371.0,371.5,367.0,370.0,3534.0
2020-10-09,367.10001,367.20001,366.0,366.89999,680698.0
2020-10-12,371.0,371.0,367.5,367.5,1008.0
2020-10-13,370.0,372.10001,369.0,372.10001,18168.0
2020-10-14,372.5,385.95001,372.5,384.60001,86646.0
2020-10-15,385.0,385.0,376.5,379.0,44265.0
2020-10-16,380.89999,380.89999,374.0,374.0,29581.0
2020-10-19,374.0,374.0,370.64999,370.64999,16507.0
2020-10-20,370.64999,371.0,370.04999,371.0,2541.0
2020-10-21,372.0,375.5,371.10001,375.0,2977.0
2020-10-22,373.0,380.0,373.0,377.04999,21921.0
2020-10-23,379.95001,380.0,377.0,379.95001,33647.0
2020-10-26,378.0,383.0,378.0,378.0,4392.0
2020-10-27,376.60001,380.0,376.60001,378.25,16104.0
2020-10-28,375.20001,379.5,374.54999,378.0,52207.0
2020-11-02,377.0,377.89999,374.0,375.79999,10886.0
2020-11-03,375.79999,376.0,375.10001,376.0,27072.0
2020-11-04,375.04999,376.0,375.04999,375.35001,25506.0
2020-11-05,376.0,377.0,375.0,375.54999,9280.0
2020-11-09,375.14999,386.0,375.14999,385.0,129195.0
2020-11-10,389.0,392.0,386.10001,387.0,64383.0
2020-11-11,389.89999,389.89999,384.0,385.0,20417.0
2020-11-12,385.04999,387.95001,381.0,385.10001,20062.0
2020-11-13,385.54999,394.0,385.54999,390.0,100639.0
2020-11-16,391.89999,397.0,389.0,395.10001,96423.0
2020-11-17,395.14999,399.0,395.14999,396.0,48921.0
2020-11-19,390.39999,397.89999,390.39999,394.89999,44771.0
2020-11-20,410.64999,410.64999,405.0,406.70001,162436.0
2020-11-23,411.0,413.0,406.60001,406.60001,8029.0
2020-11-24,411.89999,411.89999,408.25,410.89999,22626.0
2020-11-25,411.0,418.89999,411.0,417.0,109681.0
2020-11-26,417.89999,418.0,410.0,410.0,9095.0
2020-11-27,410.04999,411.79999,403.0,403.0,13936.0
2020-11-30,400.5,410.0,400.5,410.0,98047.0
2020-12-01,404.0,411.89999,404.0,406.0,3751.0
2020-12-02,409.5,409.5,405.25,405.60001,81542.0
2020-12-03,410.0,410.0,406.0,407.0,132896.0
2020-12-04,410.0,411.0,408.0,409.95001,23564.0
2020-12-07,412.75,412.75,412.0,412.0,3399.0
2020-12-08,412.95001,417.0,412.95001,415.39999,10192.0
2020-12-09,417.5,422.0,417.0,417.89999,143549.0
2020-12-10,418.0,420.0,415.0,415.0,18860.0
2020-12-11,421.0,428.0,420.85001,427.10001,140960.0
2020-12-14,427.89999,430.0,425.04999,425.04999,27830.0
2020-12-15,425.10001,427.0,425.04999,426.10001,56552.0
2020-12-16,426.5,436.0,426.20001,436.0,97916.0
2020-12-17,436.0,441.0,436.0,439.95001,55847.0
2020-12-18,441.0,441.0,437.0,437.0,67766.0
2020-12-21,428.0,428.0,419.54999,419.54999,81203.0
2020-12-22,419.5,430.0,412.0,428.95001,143388.0
2020-12-23,431.0,435.95001,427.10001,432.10001,32194.0
2020-12-24,434.75,434.75,428.0,428.0,59923.0
2020-12-25,427.5,428.0,425.5,427.0,86808.0
2020-12-28,428.0,434.0,428.0,429.0,647024.0
2020-12-29,432.39999,432.39999,429.10001,430.0,56366.0
2020-12-30,429.10001,432.0,429.10001,430.0,107233.0
2020-12-31,422.0,428.85001,422.0,423.25,18788.0
2021-01-04,429.95001,430.0,423.60001,430.0,28469.0
2021-01-05,427.79999,427.79999,424.0,424.0,4431.0
2021-01-06,421.0,425.0,418.10001,420.0,18492.0
2021-01-07,424.79999,426.0,423.0,424.0,63979.0
2021-01-08,429.39999,429.39999,420.0,420.0,27701.0
2021-01-12,424.0,425.0,422.0,423.95001,71608.0
2021-01-13,422.0,424.0,420.0,424.0,7501.0
2021-01-14,424.0,427.5,424.0,427.04999,46335.0
2021-01-15,428.0,432.04999,428.0,432.04999,88748.0
2021-01-18,434.75,439.0,432.14999,437.0,70291.0
2021-01-19,437.0,437.0,430.04999,434.0,46692.0
2021-01-20,430.60001,435.5,430.04999,434.0,21232.0
2021-01-21,433.89999,436.89999,432.60001,435.25,60504.0
2021-01-22,435.0,437.0,435.0,437.0,50272.0
2021-01-25,437.0,445.0,435.0,445.0,36766.0
2021-01-26,445.0,445.0,442.0,442.0,38914.0
2021-01-27,442.0,442.04999,440.0,441.0,14150.0
2021-01-28,442.0,442.0,435.10001,435.70001,14482.0
2021-01-29,435.95001,441.75,435.5,436.10001,35035.0
2021-02-01,435.5,437.95001,434.95001,437.95001,11877.0
2021-02-02,437.95001,440.95001,437.5,440.0,21062.0
2021-02-03,440.0,440.0,439.0,439.0,17399.0
2021-02-04,436.85001,439.0,436.0,436.14999,5420.0
2021-02-05,438.95001,438.95001,433.10001,434.5,18588.0
2021-02-08,438.0,438.0,433.60001,433.60001,52013.0
2021-02-09,433.79999,434.0,431.0,431.0,123280.0
2021-02-10,431.0,431.0,421.10001,423.0,32189.0
2021-02-11,425.0,426.5,420.0,426.5,23747.0
2021-02-12,430.0,435.0,427.89999,427.89999,5359.0
2021-02-15,434.0,434.0,425.10001,425.10001,7477.0
2021-02-16,428.95001,428.95001,428.60001,428.60001,2061.0
2021-02-17,428.60001,431.0,425.10001,425.10001,80625.0
2021-02-18,430.0,430.0,426.10001,429.70001,786.0
2021-02-19,425.5,429.60001,425.5,425.60001,12843.0
2021-02-22,429.70001,429.70001,423.10001,424.60001,22656.0
2021-02-23,421.0,424.0,420.04999,420.04999,12064.0
2021-02-24,420.0,420.0,405.5,415.0,46453.0
2021-02-25,411.0,418.0,406.75,418.0,32179.0
2021-02-26,418.0,426.0,418.0,420.5,95550.0
2021-03-01,420.29999,425.0,420.0,425.0,92.0
2021-03-02,425.0,425.0,421.10001,421.10001,8050.0
2021-03-03,422.0,422.0,420.0,420.0,22000.0
2021-03-04,416.04999,421.0,416.04999,419.0,18606.0
2021-03-05,421.0,421.0,419.0,419.0,17316.0
2021-03-08,419.0,420.0,416.5,417.0,15242.0
2021-03-09,419.5,419.79999,416.0,419.5,9465.0
2021-03-10,419.5,419.5,417.0,419.5,11280.0
2021-03-11,419.0,419.20001,419.0,419.20001,11227.0
2021-03-12,424.0,424.0,421.0,421.0,36414.0
2021-03-15,419.0,421.0,418.0,418.60001,2744.0
2021-03-16,417.60001,420.95001,417.5,420.95001,19022.0
2021-03-17,421.0,423.70001,421.0,423.0,65428.0
2021-03-18,423.75,423.75,415.04999,415.04999,138769.0
2021-03-19,420.0,420.0,418.89999,418.89999,19766.0
2021-03-22,415.14999,418.0,415.14999,418.0,15332.0
2021-03-23,418.0,418.0,415.0,415.0,40782.0
2021-03-24,415.0,415.54999,414.0,415.54999,3460.0
2021-03-25,416.04999,418.0,415.04999,418.0,16501.0
2021-03-26,417.0,420.0,416.0,420.0,65869.0
2021-03-29,420.0,420.0,420.0,420.0,50786.0
2021-03-30,420.04999,426.0,420.0,426.0,8485.0
2021-03-31,420.0,421.35001,420.0,421.35001,10934.0
2021-04-01,426.14999,430.0,425.0,430.0,68078.0
2021-04-02,431.0,431.0,425.0,430.89999,8869.0
2021-04-05,426.0,427.0,425.10001,427.0,15042.0
2021-04-06,427.0,430.0,425.0,425.0,20672.0
2021-04-07,425.0,425.0,423.35001,425.0,5535.0
2021-04-08,423.20001,424.0,423.0,424.0,11257.0
2021-04-09,420.29999,425.0,420.29999,425.0,11761.0
2021-04-12,423.0,427.0,423.0,427.0,570.0
2021-04-13,426.0,429.0,425.0,425.0,2512.0
2021-04-14,425.5,426.0,425.04999,426.0,21509.0
2021-04-15,429.79999,429.79999,423.0,424.0,302.0
2021-04-16,425.0,427.0,421.0,427.0,37097.0
2021-04-19,425.0,427.0,425.0,426.0,20745.0
2021-04-20,426.0,429.5,426.0,429.0,46766.0
2021-04-21,428.0,429.0,426.0,426.0,80512.0
2021-04-22,426.14999,426.14999,426.0,426.0,3232.0
2021-04-23,427.14999,429.89999,427.14999,429.89999,22300.0
2021-04-26,427.04999,429.0,427.04999,429.0,71377.0
2021-04-27,427.25,428.0,427.25,428.0,19965.0
2021-04-28,428.95001,429.0,426.04999,429.0,44641.0
2021-04-29,429.0,429.5,428.5,428.5,25478.0
2021-04-30,429.0,430.0,428.0,430.0,52941.0
2021-05-03,430.0,434.04999,430.0,434.04999,66430.0
2021-05-04,434.5,437.0,434.5,436.0,56788.0
2021-05-05,439.0,439.5,439.0,439.25,27954.0
2021-05-06,441.0,446.0,441.0,445.04999,64312.0
2021-05-07,445.20001,446.85001,445.20001,446.85001,85475.0
2021-05-10,446.0,447.5,446.0,447.10001,14441.0
2021-05-11,446.0,447.0,445.0,445.5,21918.0
2021-05-12,445.0,446.89999,445.0,446.04999,65587.0
2021-05-17,448.0,456.0,448.0,454.10001,165992.0
2021-05-18,451.0,463.89999,451.0,456.0,19558.0
2021-05-19,451.0,463.0,451.0,461.25,26673.0
2021-05-20,460.0,460.0,451.0,451.0,26216.0
2021-05-21,452.29999,456.0,451.0,456.0,23970.0
2021-05-24,457.89999,457.89999,455.5,455.60001,13707.0
2021-05-25,451.70001,457.0,451.25,451.25,7190.0
2021-05-26,451.10001,455.95001,451.0,455.0,669.0
2021-05-27,452.0,453.89999,450.0,452.60001,39041.0
2021-05-28,450.0,457.89999,448.0,457.89999,62248.0
2021-05-31,452.14999,456.0,452.14999,454.0,5714.0
2021-06-01,452.54999,459.70001,452.54999,459.70001,24567.0
2021-06-02,454.0,459.5,454.0,459.5,20334.0
2021-06-03,459.89999,465.04999,459.89999,465.04999,39796.0
2021-06-04,466.0,466.0,460.04999,462.5,33478.0
2021-06-07,462.0,465.0,460.5,463.0,8278.0
2021-06-08,461.5,465.0,461.0,465.0,40595.0
2021-06-09,461.5,465.0,461.5,462.0,126301.0
2021-06-10,462.5,464.14999,461.04999,464.14999,46444.0
2021-06-11,462.0,465.0,460.0,462.60001,56160.0
2021-06-14,464.79999,467.0,463.0,467.0,33845.0
2021-06-15,465.04999,469.0,463.85001,463.85001,71708.0
2021-06-16,463.89999,463.89999,460.0,461.29999,54584.0
2021-06-17,462.0,462.0,460.20001,461.29999,16505.0
2021-06-18,461.29999,462.10001,461.0,462.10001,58081.0
2021-06-21,465.0,465.0,462.10001,464.5,8293.0
2021-06-22,463.89999,467.0,463.0,464.5,36920.0
2021-06-23,464.5,466.0,462.0,463.0,5397.0
2021-06-24,463.10001,463.14999,461.0,461.0,23385.0
2021-06-25,460.0,463.89999,450.04999,460.0,270719.0
2021-06-28,460.0,461.0,455.0,461.0,845.0
2021-06-29,455.10001,461.0,455.10001,459.79999,13822.0
2021-06-30,459.79999,459.79999,458.10001,459.0,1489064.0
2021-07-01,453.20001,464.95001,453.20001,462.0,98438.0
2021-07-02,459.5,460.0,457.0,460.0,38037.0
2021-07-05,449.0,449.0,439.0,442.0,46926.0
2021-07-06,437.5,447.0,437.5,440.0,18215.0
2021-07-07,442.0,450.0,440.0,446.0,28878.0
2021-07-08,446.0,446.0,444.95001,444.95001,11705.0
2021-07-09,444.0,445.70001,440.14999,445.70001,36688.0
2021-07-12,440.45001,445.0,440.45001,445.0,15557.0
2021-07-13,443.0,443.0,440.04999,441.0,4116.0
2021-07-14,440.10001,444.70001,440.10001,440.60001,34700.0
2021-07-15,442.0,442.0,440.0,441.04999,33644.0
2021-07-16,441.04999,443.79999,441.0,442.10001,33336.0
2021-07-19,442.10001,443.0,442.10001,442.60001,14270.0
2021-07-20,443.0,443.0,440.0,440.0,13006.0
2021-07-23,442.0,442.5,442.0,442.5,17198.0
2021-07-26,441.0,442.70001,441.0,442.70001,1849.0
2021-07-27,443.0,445.25,443.0,445.25,46069.0
2021-07-28,445.5,447.0,441.70001,443.70001,5302.0
2021-07-29,447.0,450.0,447.0,450.0,2645.0
2021-08-02,451.89999,464.0,451.89999,464.0,20400.0
2021-08-03,463.89999,464.0,457.10001,460.0,78653.0
2021-08-04,463.29999,463.29999,459.0,460.54999,12073.0
2021-08-05,462.85001,464.0,461.0,464.0,25258.0
2021-08-06,461.10001,465.0,461.10001,465.0,93624.0
2021-08-09,459.20001,462.0,459.20001,462.0,210.0
2021-08-11,462.0,469.0,462.0,468.0,55664.0
2021-08-12,465.64999,465.64999,465.0,465.04999,10135.0
2021-08-13,461.04999,469.0,461.04999,469.0,53719.0
2021-08-16,463.0,469.0,463.0,468.0,13662.0
2021-08-17,466.0,467.89999,466.0,467.89999,12337.0
2021-08-18,467.89999,467.89999,466.5,467.0,30241.0
2021-08-19,465.0,470.0,465.0,465.10001,11399.0
2021-08-23,463.04999,470.0,463.04999,470.0,20888.0
2021-08-24,465.0,474.0,465.0,470.0,7326.0
2021-08-25,465.20001,467.0,465.20001,467.0,2687.0
2021-08-26,470.0,470.0,468.0,470.0,46863.0
2021-08-27,469.0,476.0,469.0,476.0,43516.0
2021-08-30,470.5,479.89999,470.5,478.0,13032.0
2021-08-31,472.0,475.0,469.0,470.0,61951.0
2021-09-01,468.0,470.0,468.0,469.0,6688.0
2021-09-02,468.0,468.0,466.0,468.0,3207.0
2021-09-03,468.0,474.0,468.0,473.95001,29639.0
2021-09-06,473.89999,474.0,468.10001,472.0,23042.0
2021-09-07,470.04999,473.0,470.04999,470.25,11609.0
2021-09-08,470.64999,472.0,470.64999,472.0,20616.0
2021-09-09,471.04999,484.0,471.04999,484.0,209210.0
2021-09-10,484.0,484.0,475.0,475.0,56054.0
2021-09-13,482.89999,482.89999,473.25,475.04999,28373.0
2021-09-14,473.60001,476.5,473.60001,476.5,18300.0
2021-09-15,474.60001,477.0,474.0,477.0,18953.0
2021-09-16,475.0,477.04999,475.0,477.04999,18622.0
2021-09-17,475.10001,484.79999,475.10001,484.79999,28341.0
2021-09-20,480.0,480.0,478.0,478.5,84056.0
2021-09-21,478.0,480.0,475.5,480.0,32308.0
2021-09-22,480.0,480.10001,478.10001,480.10001,31155.0
2021-09-23,481.0,488.0,481.0,488.0,49697.0
2021-09-24,485.10001,499.0,485.10001,488.0,128719.0
2021-09-27,492.0,492.0,486.0,489.5,37313.0
2021-09-28,485.04999,492.0,485.0,492.0,12082.0
2021-09-29,490.0,494.0,490.0,494.0,30012.0
2021-09-30,490.20001,495.0,490.14999,495.0,12023.0
2021-10-01,488.0,491.89999,488.0,491.89999,38857.0
2021-10-04,488.25,490.0,488.04999,490.0,15956.0
2021-10-05,488.04999,489.0,487.54999,487.54999,4924.0
2021-10-06,487.54999,488.0,486.0,486.0,30889.0
2021-10-07,485.60001,486.14999,485.60001,486.14999,37632.0
2021-10-08,487.0,495.0,486.25,495.0,35308.0
2021-10-11,491.0,491.10001,489.0,489.0,15362.0
2021-10-12,489.0,489.0,489.0,489.0,10.0
2021-10-13,490.0,490.10001,485.0,490.10001,27634.0
2021-10-14,490.0,494.5,490.0,494.5,68549.0
2021-10-15,494.5,495.0,490.10001,492.5,51218.0
2021-10-18,492.25,495.0,492.25,495.0,4504.0
2021-10-21,490.04999,497.0,490.04999,495.04999,14259.0
2021-10-22,491.10001,496.5,491.10001,495.0,26811.0
2021-10-25,491.60001,498.0,491.60001,498.0,29375.0
2021-10-26,498.0,510.0,498.0,510.0,119111.0
2021-10-27,500.0,509.0,500.0,505.0,40656.0
2021-10-28,500.0,509.5,500.0,507.0,91724.0
2021-10-29,507.0,508.0,490.14999,490.14999,97762.0
2021-11-01,507.89999,507.89999,496.0,497.14999,28016.0
2021-11-02,500.0,500.0,497.0,498.60001,8544.0
2021-11-03,497.0,505.0,497.0,499.0,29926.0
2021-11-04,500.10001,500.10001,496.5,496.5,23166.0
2021-11-05,496.10001,500.0,490.5,490.5,32899.0
2021-11-08,500.0,500.0,490.20001,490.5,229.0
2021-11-09,491.0,499.0,491.0,491.04999,3625.0
2021-11-10,492.0,498.0,490.0,490.0,9020.0
2021-11-11,486.0,490.0,486.0,488.0,16265.0
2021-11-12,490.0,490.0,488.0,488.0,27414.0
2021-11-15,484.5,484.5,484.5,484.5,7643.0
2021-11-16,485.54999,486.0,481.10001,481.10001,7827.0
2021-11-17,481.70001,485.04999,481.70001,483.14999,45184.0
2021-11-19,485.10001,487.29999,485.04999,487.29999,12075.0
2021-11-22,490.0,490.0,486.0,487.0,10832.0
2021-11-23,486.0,487.0,485.0,487.0,27541.0
2021-11-24,487.20001,489.0,487.0,489.0,6560.0
2021-11-25,487.0,489.0,487.0,487.45001,4362.0
2021-11-26,488.0,488.0,480.0,480.0,43276.0
2021-11-29,461.0,474.95001,461.0,474.0,29808.0
2021-11-30,470.70001,475.0,470.70001,473.0,111950.0
2021-12-01,473.14999,480.0,473.14999,480.0,15818.0
2021-12-02,479.5,486.0,479.5,486.0,26860.0
2021-12-03,480.0,487.89999,480.0,487.89999,12962.0
2021-12-06,487.0,487.0,480.0,480.5,45106.0
2021-12-07,478.0,490.0,478.0,485.0,13410.0
2021-12-08,490.0,490.0,480.20001,487.0,13345.0
2021-12-09,485.0,487.0,485.0,487.0,5675.0
2021-12-10,487.0,489.0,487.0,487.0,116646.0
2021-12-13,484.0,489.0,482.10001,482.10001,179949.0
2021-12-14,483.5,486.0,483.5,483.5,26761.0
2021-12-15,482.10001,482.60001,481.5,482.60001,18738.0
2021-12-16,485.0,487.5,483.0,483.0,26949.0
2021-12-17,481.5,483.0,477.0,483.0,39863.0
2021-12-20,482.89999,482.89999,476.0,478.04999,3774.0
2021-12-21,478.5,483.0,478.5,480.0,37991.0
2021-12-22,476.0,479.89999,476.0,476.5,11717.0
2021-12-23,480.0,480.0,475.0,480.0,1164.0
2021-12-24,480.0,480.0,477.25,480.0,9354.0
2021-12-27,472.0,480.0,472.0,479.95001,56930.0
2021-12-28,476.0,483.0,476.0,483.0,6944989.0
2021-12-29,483.04999,485.0,483.0,485.0,27235.0
2021-12-30,483.0,487.0,481.0,487.0,31811.0
2021-12-31,483.0,489.0,483.0,487.0,196610.0
2022-01-03,480.04999,485.0,480.04999,480.5,15261.0
2022-01-04,480.60001,480.60001,480.14999,480.60001,21010.0
2022-01-05,481.04999,483.89999,481.0,482.10001,32600.0
2022-01-06,482.60001,486.0,482.60001,486.0,187512.0
2022-01-07,486.04999,492.0,485.04999,490.0,50513.0
2022-01-10,490.04999,491.0,486.04999,491.0,14000.0
2022-01-12,490.29999,491.0,489.0,491.0,29687.0
2022-01-13,490.10001,491.0,487.10001,490.60001,17055.0
2022-01-14,490.70001,498.0,490.70001,498.0,137083.0
2022-01-17,495.04999,496.0,495.0,495.0,36871.0
2022-01-18,495.29999,498.0,495.0,495.0,58754.0
2022-01-19,491.10001,497.0,491.10001,492.20001,10377.0
2022-01-20,492.0,494.79999,490.5,492.04999,12640.0
2022-01-21,492.0,495.0,492.0,495.0,124183.0
2022-01-24,492.0,492.0,491.0,492.0,9908.0
2022-01-25,492.20001,495.0,491.5,492.20001,50242.0
2022-01-26,491.60001,492.0,491.60001,491.75,4458.0
2022-01-27,491.60001,494.5,491.60001,494.5,52320.0
2022-01-28,491.54999,493.89999,491.54999,493.89999,11892.0
2022-01-31,492.0,493.04999,491.5,493.04999,14554.0
2022-02-01,491.75,494.10001,491.75,494.10001,9360.0
2022-02-02,493.14999,495.29999,493.14999,495.29999,45593.0
2022-02-03,494.95001,498.95001,494.95001,498.0,86617.0
2022-02-04,496.0,498.0,495.60001,497.79999,35194.0
2022-02-07,496.5,498.0,495.04999,495.04999,45826.0
2022-02-08,496.0,496.0,494.60001,495.04999,7585.0
2022-02-09,494.0,494.0,491.14999,491.14999,17668.0
2022-02-10,491.04999,495.0,491.04999,493.0,15073.0
2022-02-11,493.0,494.04999,493.0,493.0,16404.0
2022-02-14,492.0,493.0,480.0,489.85001,70323.0
2022-02-15,483.0,487.0,479.10001,480.0,673830.0
2022-02-16,479.5,485.0,479.5,480.60001,13901.0
2022-02-17,480.60001,481.70001,480.60001,481.70001,4915.0
2022-02-18,481.0,484.89999,481.0,484.89999,14382.0
2022-02-21,482.04999,483.25,482.04999,483.25,26705.0
2022-02-22,482.0,482.0,477.10001,478.0,59251.0
2022-02-23,478.0,482.0,476.0,480.04999,413109.0
2022-02-24,480.0,483.0,455.25,455.25,143807.0
2022-02-25,461.5,479.89999,461.04999,473.0,6847.0
2022-02-28,474.95001,477.0,470.5,470.95001,12400.0
2022-03-01,470.64999,473.0,470.0,470.0,6318.0
2022-03-02,470.0,472.0,466.0,470.0,33615.0
2022-03-03,466.14999,466.14999,456.54999,457.54999,40983.0
2022-03-04,458.20001,461.0,455.0,455.0,85608.0
2022-03-07,452.0,462.0,432.0,436.0,25466.0
2022-03-08,440.14999,456.0,440.14999,455.0,59434.0
2022-03-09,463.0,471.0,458.0,460.0,24871.0
2022-03-10,465.0,465.0,450.0,450.0,25557.0
2022-03-11,446.0,459.0,446.0,450.0,42205.0
2022-03-14,451.5,452.0,450.0,452.0,1047.0
2022-03-15,457.95001,458.0,451.0,452.0,17211.0
2022-03-16,457.0,459.0,453.5,459.0,16583.0
2022-03-17,455.10001,477.95001,455.10001,477.95001,15547.0
2022-03-18,473.0,473.0,464.0,464.0,47743.0
2022-03-21,463.0,463.0,460.0,461.0,5496.0
2022-03-22,461.0,468.0,459.0,459.0,7365.0
2022-03-23,459.0,459.0,444.0,444.0,18278.0
2022-03-24,444.0,449.0,442.20001,442.20001,34896.0
2022-03-25,446.0,464.5,445.39999,445.39999,26858.0
2022-03-28,444.0,450.0,444.0,447.60001,24484.0
2022-03-29,448.0,455.0,448.0,455.0,19444.0
2022-03-30,452.04999,460.04999,452.04999,460.04999,43619.0
2022-03-31,460.0,461.0,455.0,460.0,3117.0
2022-04-01,460.0,465.0,460.0,460.0,22504.0
2022-04-04,462.95001,462.95001,456.0,462.0,39232.0
2022-04-05,460.20001,464.5,460.0,464.5,39329.0
2022-04-06,460.10001,464.95001,460.10001,464.95001,1187.0
2022-04-07,461.0,469.0,461.0,469.0,27042.0
2022-04-08,465.14999,469.95001,464.0,468.0,55793.0
2022-04-11,466.0,466.0,464.20001,466.0,649.0
2022-04-12,464.14999,465.10001,464.14999,465.10001,10009.0
2022-04-13,465.0,468.0,464.0,464.0,5002.0
2022-04-14,464.0,466.0,463.54999,464.10001,10383.0
2022-04-15,467.0,470.0,460.0,470.0,143767.0
2022-04-18,470.0,470.0,465.0,469.5,3224.0
2022-04-19,468.0,469.0,466.10001,469.0,27205.0
2022-04-20,463.70001,469.5,463.70001,469.0,9309.0
2022-04-21,466.0,466.5,466.0,466.10001,3692.0
2022-04-22,465.04999,468.0,465.04999,468.0,10836.0
2022-04-25,465.04999,468.0,465.04999,468.0,10017.0
2022-04-26,465.04999,466.0,462.10001,462.10001,32088.0
2022-04-27,460.04999,463.5,460.04999,463.5,1308.0
2022-04-28,461.0,463.0,461.0,462.0,1629.0
2022-04-29,466.85001,466.85001,463.35001,465.04999,16101.0
2022-05-04,463.0,465.0,463.0,463.14999,726.0
2022-05-05,463.0,465.0,463.0,465.0,10882.0
2022-05-06,462.0,462.5,462.0,462.5,1225.0
2022-05-09,462.5,462.5,455.0,455.0,26402.0
2022-05-10,460.0,460.0,445.0,445.0,24091.0
2022-05-11,445.0,450.0,445.0,446.0,13485.0
2022-05-12,450.0,450.0,440.0,440.0,22682.0
2022-05-13,441.0,450.0,440.25,445.0,16188.0
2022-05-16,446.0,448.0,445.0,448.0,13855.0
2022-05-17,454.0,454.0,449.95001,450.0,3082.0
2022-05-18,450.0,450.0,446.0,446.0,3483.0
2022-05-19,446.60001,450.0,446.60001,450.0,46670.0
2022-05-20,450.0,450.0,446.0,450.0,103248.0
2022-05-23,454.0,454.0,445.10001,446.14999,7214.0
2022-05-24,445.5,450.0,440.0,440.0,19880.0
2022-05-25,445.95001,445.95001,436.5,436.5,13984.0
2022-05-26,437.0,441.0,437.0,440.0,567.0
2022-05-27,438.5,440.0,435.10001,436.0,45920.0
2022-05-30,440.0,440.0,435.0,435.0,4492.0
2022-05-31,435.89999,440.0,435.0,436.5,29821.0
2022-06-01,436.5,443.0,436.5,440.14999,5176.0
2022-06-02,440.14999,449.0,440.14999,449.0,19795.0
2022-06-03,450.0,451.0,450.0,451.0,126093.0
2022-06-06,451.0,455.0,445.70001,455.0,40515.0
2022-06-07,449.0,462.0,449.0,460.0,84379.0
2022-06-08,460.0,464.0,450.0,455.5,6550.0
2022-06-09,459.0,460.0,451.0,452.04999,9400.0
2022-06-10,450.04999,455.0,447.0,454.95001,11412.0
2022-06-13,450.0,450.10001,447.0,447.0,7476.0
2022-06-14,447.0,447.0,435.0,435.0,32711.0
2022-06-15,440.0,450.0,437.0,448.95001,108987.0
2022-06-16,442.25,445.0,440.20001,440.20001,21213.0
2022-06-17,440.29999,445.0,435.0,435.0,43951.0
2022-06-20,436.0,436.0,433.04999,433.04999,2253.0
2022-06-21,434.0,435.0,433.0,435.0,104252.0
2022-06-22,435.10001,443.85001,429.0,429.0,231167.0
2022-06-23,429.0,429.5,424.0,425.0,72054.0
2022-06-24,425.5,435.0,425.5,435.0,7129.0
2022-06-27,431.0,438.95001,425.04999,425.04999,168203.0
2022-06-28,434.0,434.0,423.0,423.0,163911.0
2022-06-29,434.0,435.0,426.0,435.0,16628.0
2022-06-30,435.0,435.0,428.04999,428.5,147229.0
2022-07-01,428.60001,428.60001,425.0,425.0,30595.0
2022-07-04,434.95001,434.95001,430.0,430.0,3238.0
2022-07-05,427.85001,427.85001,410.0,410.0,39503.0
2022-07-06,418.0,419.79999,415.0,415.0,49234.0
2022-07-07,419.89999,424.89999,419.0,424.89999,19894.0
2022-07-08,428.0,429.0,425.0,425.10001,51105.0
2022-07-12,425.10001,425.20001,425.10001,425.20001,24539.0
2022-07-13,423.10001,428.95001,423.10001,428.95001,996.0
2022-07-14,428.95001,430.0,425.0,427.0,4841.0
2022-07-15,430.0,434.95001,430.0,434.0,11959.0
2022-07-18,430.0,430.25,425.0,430.25,9372.0
2022-07-19,434.0,435.20001,430.0,435.20001,6074.0
2022-07-20,437.0,437.0,435.54999,437.0,15342.0
2022-07-21,438.0,438.0,435.0,435.0,8038.0
2022-07-22,435.0,435.0,430.0,435.0,10235.0
2022-07-25,430.0,434.89999,425.10001,426.0,9880.0
2022-07-26,432.0,433.5,430.0,433.5,43854.0
2022-07-27,427.0,434.95001,426.20001,426.29999,289.0
2022-07-28,427.10001,434.0,427.10001,434.0,238.0
2022-07-29,434.5,434.5,427.10001,430.0,16090.0
2022-08-01,432.89999,432.89999,426.04999,428.0,24439.0
2022-08-02,429.0,429.0,426.04999,429.0,18679.0
2022-08-03,427.0,429.0,425.0,427.04999,19727.0
2022-08-04,425.0,430.0,425.0,429.0,28771.0
2022-08-05,427.04999,430.25,427.04999,430.25,25277.0
2022-08-08,427.10001,433.5,427.10001,433.5,764.0
2022-08-09,433.35001,437.0,432.0,436.0,28253.0
2022-08-10,430.5,439.89999,430.5,438.0,30483.0
2022-08-11,435.0,445.0,435.0,441.0,19513.0
2022-08-12,445.0,449.0,441.5,446.10001,17161.0
2022-08-15,446.0,449.0,442.0,448.0,11135.0
2022-08-16,448.0,450.10001,445.0,450.10001,14134.0
2022-08-17,450.20001,450.20001,443.29999,448.0,19085.0
2022-08-18,449.95001,449.95001,442.60001,443.5,14888.0
2022-08-19,443.5,445.0,440.10001,445.0,11034.0
2022-08-22,442.04999,442.04999,438.5,438.5,12273.0
2022-08-23,447.89999,447.89999,436.0,439.54999,21981.0
2022-08-24,436.0,439.0,432.14999,439.0,2863.0
2022-08-25,433.0,440.0,432.14999,440.0,1672.0
2022-08-26,432.5,440.0,432.5,440.0,15159.0
2022-08-29,436.10001,440.0,436.10001,440.0,3614.0
2022-08-30,437.04999,440.0,435.0,435.14999,14575.0
2022-08-31,442.89999,442.89999,434.95001,436.5,12502.0
2022-09-01,433.95001,433.95001,432.0,432.0,830.0
2022-09-02,439.95001,439.95001,432.20001,435.0,1910.0
2022-09-05,430.10001,439.0,430.10001,432.10001,24936.0
2022-09-06,431.10001,435.0,431.10001,435.0,2941.0
2022-09-07,432.20001,435.5,432.14999,435.5,5194.0
2022-09-08,432.60001,435.0,432.60001,432.60001,5175.0
2022-09-09,432.04999,437.04999,432.04999,437.0,103209.0
2022-09-12,435.0,435.0,431.60001,435.0,1600.0
2022-09-13,437.0,438.0,433.20001,438.0,42701.0
2022-09-14,438.0,438.0,437.0,438.0,7622.0
2022-09-15,436.5,438.0,435.10001,438.0,419.0
2022-09-16,438.0,441.0,437.0,441.0,30502.0
2022-09-19,438.0,438.10001,438.0,438.0,7039.0
2022-09-20,441.0,441.0,437.0,439.79999,8811.0
2022-09-21,435.0,441.0,435.0,439.0,3203.0
2022-09-22,440.0,441.95001,440.0,441.95001,34561.0
2022-09-23,437.0,443.0,437.0,440.5,37179.0
2022-09-26,431.0,441.0,431.0,440.5,51924.0
2022-09-27,441.04999,441.5,438.0,438.0,354197.0
2022-09-28,431.14999,431.14999,420.10001,425.0,111012.0
2022-09-29,420.0,428.0,420.0,421.0,47621.0
2022-09-30,425.0,425.0,411.0,425.0,187113.0
2022-10-03,421.0,422.0,415.20001,415.20001,2014.0
2022-10-04,416.14999,420.0,415.0,415.54999,67599.0
2022-10-05,416.10001,425.0,416.10001,420.0,8855.0
2022-10-06,422.0,422.0,420.0,421.0,10388.0
2022-10-07,421.04999,425.0,420.0,422.0,11875.0
2022-10-11,425.0,429.0,423.0,429.0,21851.0
2022-10-12,423.10001,425.0,423.10001,424.0,24404.0
2022-10-13,424.0,424.0,416.39999,419.0,13952.0
2022-10-14,417.54999,420.0,411.04999,411.04999,62183.0
2022-10-17,415.0,420.0,408.0,412.04999,12979.0
2022-10-18,412.0,412.0,406.0,406.0,3071.0
2022-10-19,410.0,415.0,403.5,408.0,31888.0
2022-10-20,404.0,405.0,399.0,399.0,34849.0
2022-10-21,399.0,400.0,398.0,398.0,12569.0
2022-10-24,390.0,399.95001,390.0,390.04999,3432.0
2022-10-25,389.0,398.0,389.0,395.0,27611.0
2022-10-26,390.5,394.5,375.5,375.5,38644.0
2022-10-27,380.0,390.0,380.0,390.0,10229.0
2022-10-28,390.0,394.0,390.0,390.10001,13169.0
2022-10-31,394.0,395.0,385.0,385.0,28062.0
2022-11-01,390.0,390.0,389.95001,390.0,19185.0
2022-11-02,394.89999,394.89999,390.0,390.0,4411.0
2022-11-03,390.0,394.0,387.0,390.0,2903.0
2022-11-04,388.0,390.0,388.0,388.0,29869.0
2022-11-07,393.5,393.5,389.95001,389.95001,29622.0
2022-11-08,386.25,392.0,386.25,387.79999,20028.0
2022-11-09,388.0,389.89999,386.64999,387.0,46051.0
2022-11-10,389.0,389.0,372.0,372.0,58537.0
2022-11-11,380.0,380.0,370.10001,373.0,150153.0
2022-11-14,378.0,378.0,375.0,378.0,9657.0
2022-11-15,379.0,383.10001,378.0,383.10001,37844.0
2022-11-16,385.0,390.04999,385.0,390.0,25203.0
2022-11-17,395.0,405.0,395.0,405.0,44065.0
2022-11-21,405.0,405.10001,401.0,401.0,30762.0
2022-11-22,401.04999,403.5,401.0,403.5,6579.0
2022-11-23,402.0,405.0,400.04999,405.0,5775.0
2022-11-24,402.54999,410.0,394.10001,403.0,6697.0
2022-11-25,405.0,409.95001,405.0,409.95001,6136.0
2022-11-28,410.0,411.0,410.0,410.0,26033.0
2022-11-29,410.0,410.0,406.0,409.0,19363.0
2022-11-30,405.25,408.0,401.0,403.0,62881.0
2022-12-01,405.0,411.04999,405.0,410.0,16537.0
2022-12-02,410.0,410.0,405.64999,410.0,15511.0
2022-12-05,406.04999,410.0,405.10001,410.0,2075.0
2022-12-06,412.0,412.0,408.0,410.0,41055.0
2022-12-07,411.0,411.0,408.0,410.0,192808.0
2022-12-08,406.5,410.0,406.5,409.95001,862558.0
2022-12-09,408.0,410.0,406.04999,409.89999,20583.0
2022-12-12,411.95001,412.0,407.04999,409.89999,13976.0
2022-12-13,412.0,412.0,407.5,409.79999,254016.0
2022-12-14,409.04999,410.0,409.04999,410.0,55826.0
2022-12-15,410.0,410.0,409.5,410.0,32766.0
2022-12-16,409.79999,409.79999,400.0,401.95001,24439.0
2022-12-19,398.0,400.0,398.0,400.0,6.0
2022-12-20,403.0,404.0,390.0,390.0,55000.0
2022-12-21,390.0,392.0,390.0,391.0,712.0
2022-12-22,394.0,400.0,394.0,395.0,1865.0
2022-12-23,400.0,400.0,396.0,400.0,32088.0
2022-12-26,400.0,400.0,400.0,400.0,162.0
2022-12-27,392.0,398.95001,392.0,397.0,27378.0
2022-12-28,392.29999,397.0,390.04999,397.0,2336.0
2022-12-29,392.35001,395.0,392.35001,395.0,35947.0
2022-12-30,393.5,395.0,392.0,392.0,72489.0
2023-01-02,400.0,400.0,385.0,385.0,2482.0
2023-01-03,385.39999,390.10001,382.04999,384.0,30860.0
2023-01-04,385.0,385.0,379.5,379.5,46214.0
2023-01-05,380.0,380.0,363.0,364.89999,29065.0
2023-01-06,365.0,370.0,359.0,359.0,99814.0
2023-01-09,360.0,365.0,360.0,360.0,74720.0
2023-01-10,361.0,361.0,358.10001,360.0,76307.0
2023-01-12,365.0,370.0,365.0,369.5,97804.0
2023-01-13,370.0,375.0,370.0,374.0,35625.0
2023-01-16,375.0,375.0,373.35001,374.0,60417.0
2023-01-17,375.0,375.0,373.35001,374.0,16679.0
2023-01-18,373.0,374.0,372.0,372.0,31495.0
2023-01-19,371.0,372.95001,360.0,368.0,26849.0
2023-01-20,370.0,370.0,365.5,368.0,28423.0
2023-01-23,370.0,370.0,360.0,368.39999,10766.0
2023-01-24,369.0,369.0,365.0,365.0,26807.0
2023-01-25,365.0,365.0,364.5,364.5,21864.0
2023-01-26,368.0,368.0,359.0,360.0,43819.0
2023-01-27,360.0,365.0,358.0,358.0,66951.0
2023-01-30,360.0,360.0,355.04999,355.04999,2002.0
2023-01-31,360.0,360.0,357.95001,360.0,29095.0
2023-02-01,360.0,365.0,360.0,365.0,48136.0
2023-02-02,365.0,372.89999,365.0,372.89999,66508.0
2023-02-03,375.0,375.0,372.04999,373.0,15970.0
2023-02-06,373.10001,378.89999,371.5,375.0,15811.0
2023-02-07,375.0,397.45001,375.0,397.45001,24825.0
2023-02-08,386.0,395.0,385.0,394.0,112705.0
2023-02-09,400.0,400.0,396.0,396.0,76643.0
2023-02-10,399.0,399.35001,395.0,395.0,66432.0
2023-02-13,395.0,395.0,390.0,390.04999,1931.0
2023-02-14,390.0,390.0,378.14999,378.14999,11361.0
2023-02-15,390.0,390.0,378.0,382.0,22838.0
2023-02-16,381.04999,385.0,381.04999,385.0,8003.0
2023-02-17,382.14999,395.0,382.14999,394.0,67662.0
2023-02-20,395.95001,396.54999,393.10001,396.54999,25648.0
2023-02-21,392.04999,393.0,391.0,393.0,4925.0
2023-02-22,392.0,402.0,392.0,402.0,127132.0
2023-02-23,400.79999,402.04999,400.0,402.04999,74567.0
2023-02-24,400.04999,411.0,400.04999,409.0,47240.0
2023-02-27,406.5,412.0,406.5,412.0,16993.0
2023-02-28,411.29999,425.0,411.29999,422.0,68135.0
2023-03-01,425.10001,430.0,415.0,415.0,97309.0
2023-03-02,419.89999,419.89999,406.10001,406.10001,9419.0
2023-03-03,410.0,410.0,406.0,409.89999,496.0
2023-03-06,405.0,405.5,399.0,400.0,4075.0
2023-03-07,400.10001,400.5,399.0,400.0,1279.0
2023-03-08,399.0,404.0,394.0,399.0,362.0
2023-03-09,399.0,399.0,395.5,399.0,5178.0
2023-03-10,400.0,400.0,395.0,399.0,30113.0
2023-03-13,395.0,405.0,395.0,396.0,5302.0
2023-03-14,395.14999,403.75,395.0,400.0,12212.0
2023-03-15,402.0,402.0,396.0,396.10001,1765.0
2023-03-16,396.04999,399.95001,396.0,398.70001,9690.0
2023-03-17,396.0,400.0,396.0,396.10001,28615.0
2023-03-20,400.0,400.0,396.0,396.0,143.0
2023-03-21,383.0,394.45001,383.0,386.0,1363.0
2023-03-22,395.0,400.0,386.20001,400.0,25030.0
2023-03-23,396.0,400.0,396.0,400.0,8880.0
2023-03-24,400.0,400.0,393.0,395.10001,24082.0
2023-03-27,394.04999,400.0,394.04999,400.0,3182.0
2023-03-28,395.5,400.0,395.5,400.0,12053.0
2023-03-29,397.0,400.0,397.0,400.0,3165.0
2023-03-30,397.0,403.0,397.0,403.0,966.0
2023-03-31,397.29999,400.0,396.14999,396.14999,496890.0
2023-04-03,400.0,400.0,400.0,400.0,150.0
2023-04-04,400.0,402.0,400.0,400.0,19590.0
2023-04-05,401.89999,404.0,400.0,404.0,69967.0
2023-04-06,403.95001,403.95001,398.04999,400.0,110864.0
2023-04-07,400.0,402.95001,400.0,400.04999,4621.0
2023-04-10,400.0,400.10001,400.0,400.0,92575.0
2023-04-11,400.0,404.0,400.0,404.0,13237.0
2023-04-12,400.0,403.95001,396.60001,400.04999,14658.0
2023-04-13,398.0,402.0,398.0,400.0,7019.0
2023-04-14,400.0,402.0,400.0,400.04999,884.0
2023-04-17,400.0,402.0,400.0,400.10001,10339.0
2023-04-18,400.0,400.0,400.0,400.0,21411.0
2023-04-19,400.0,400.04999,400.0,400.04999,27845.0
2023-04-20,400.0,405.0,400.0,400.0,3475.0
2023-04-21,400.0,402.0,400.0,402.0,18900.0
2023-04-25,401.75,405.0,400.10001,405.0,21377.0
2023-04-26,404.95001,404.95001,400.0,400.20001,29767.0
2023-04-27,400.20001,403.0,397.0,403.0,5751.0
2023-04-28,403.0,404.89999,400.25,404.89999,13695.0
2023-05-02,404.89999,404.89999,400.0,400.10001,9782.0
2023-05-03,399.0,399.0,397.0,399.0,6248.0
2023-05-04,397.0,398.0,397.0,398.0,3977.0
2023-05-05,400.0,400.0,398.04999,398.04999,5474.0
2023-05-08,398.10001,398.85001,396.0,396.0,6193.0
2023-05-09,396.0,400.0,395.0,396.0,15126.0
2023-05-10,396.35001,399.89999,396.35001,397.5,15795.0
2023-05-11,402.95001,402.95001,397.0,398.0,14396.0
2023-05-12,398.0,409.95001,398.0,406.0,55320.0
2023-05-15,409.95001,409.95001,405.0,405.0,4655.0
2023-05-16,403.04999,415.0,403.04999,412.0,32908.0
2023-05-17,411.0,411.0,405.10001,408.0,11914.0
2023-05-18,405.54999,410.0,405.0,405.0,14981.0
2023-05-19,407.0,408.5,403.10001,408.5,10995.0
2023-05-22,404.0,407.89999,403.14999,407.89999,2188.0
2023-05-23,404.20001,409.95001,404.20001,408.0,6068.0
2023-05-24,415.10001,424.95001,415.10001,423.5,308775.0
2023-05-25,418.14999,421.0,418.0,418.04999,22704.0
2023-05-26,417.10001,426.0,417.10001,426.0,51243.0
2023-05-29,423.04999,425.95001,422.0,425.0,31720.0
2023-05-30,425.0,426.14999,425.0,426.14999,19089.0
2023-05-31,424.0,428.25,424.0,427.5,107675.0
2023-06-01,427.5,428.0,423.5,427.39999,18301.0
2023-06-02,422.04999,435.0,422.0,435.0,43766.0
2023-06-05,427.0,434.95001,426.10001,427.75,52146.0
2023-06-06,430.0,430.0,427.5,429.0,13073.0
2023-06-07,429.0,429.0,424.0,425.29999,30461.0
2023-06-08,426.0,428.95001,426.0,427.0,209.0
2023-06-09,427.0,429.0,427.0,429.0,20738.0
2023-06-12,425.0,429.0,425.0,425.20001,3806.0
2023-06-13,426.0,429.0,425.29999,429.0,3914.0
2023-06-14,429.0,434.95001,426.79999,434.95001,108568.0
2023-06-15,430.0,444.0,430.0,438.0,16414.0
2023-06-16,436.0,444.0,432.04999,440.0,16504.0
2023-06-19,435.04999,439.95001,435.04999,439.5,24339.0
2023-06-20,437.0,455.5,435.0,449.89999,123452.0
2023-06-21,445.5,449.89999,440.0,440.0,18099.0
2023-06-22,438.10001,444.89999,438.10001,439.0,19178.0
2023-06-23,439.0,445.0,439.0,445.0,87213.0
2023-06-26,440.04999,445.0,440.0,440.0,11580.0
2023-06-27,438.25,443.0,438.25,443.0,5756.0
2023-06-28,440.0,445.0,440.0,444.0,39795.0
2023-07-03,440.0,440.0,423.04999,430.25,3304.0
2023-07-04,431.10001,435.0,430.60001,435.0,8351.0
2023-07-05,435.0,439.79999,435.0,439.79999,8013.0
2023-07-06,438.89999,438.89999,437.0,437.5,38893.0
2023-07-07,436.0,437.45001,431.0,433.0,17712.0
2023-07-10,431.5,434.89999,431.10001,433.0,10291.0
2023-07-11,430.29999,434.5,430.29999,433.0,12224.0
2023-07-12,430.70001,435.60001,430.70001,435.5,35104.0
2023-07-13,435.0,437.0,432.5,435.0,23398.0
2023-07-14,435.0,437.14999,435.0,437.14999,27238.0
2023-07-17,437.0,438.04999,435.20001,438.04999,41641.0
2023-07-18,436.0,443.0,436.0,442.0,68908.0
2023-07-20,442.0,444.95001,440.0,444.04999,54784.0
2023-07-21,444.0,446.0,443.04999,445.20001,39986.0
2023-07-24,443.04999,444.10001,440.04999,444.10001,4898.0
2023-07-25,443.5,447.95001,443.5,447.95001,38638.0
2023-07-26,447.0,447.95001,444.5,446.0,36932.0
2023-07-27,446.0,454.0,446.0,450.5,37423.0
2023-07-28,446.10001,452.0,446.10001,452.0,15738.0
2023-07-31,452.0,455.0,450.0,455.0,44659.0
2023-08-01,455.14999,460.0,453.79999,460.0,17388.0
2023-08-02,458.0,461.0,455.14999,461.0,46167.0
2023-08-03,459.5,460.79999,456.0,456.5,28241.0
2023-08-04,456.5,457.0,454.95001,455.04999,39419.0
2023-08-07,450.20001,455.0,450.0,451.0,170521.0
2023-08-08,448.0,451.0,448.0,450.25,22590.0
2023-08-09,450.29999,450.29999,448.0,448.10001,18500.0
2023-08-10,446.60001,449.89999,444.25,449.89999,9671.0
2023-08-11,445.0,448.0,445.0,446.10001,117181.0
2023-08-15,446.5,448.0,446.10001,447.10001,13155.0
2023-08-16,446.04999,450.0,446.04999,450.0,16175.0
2023-08-17,448.0,450.0,447.14999,450.0,12190.0
2023-08-18,450.0,451.0,450.0,450.5,13131.0
2023-08-22,450.0,453.0,450.0,450.60001,8926.0
2023-08-23,450.0,451.0,450.0,451.0,10684.0
2023-08-24,450.60001,452.85001,450.60001,451.29999,11603.0
2023-08-25,450.35001,451.5,450.0,451.5,8630.0
2023-08-28,446.04999,453.0,446.04999,453.0,10386.0
2023-08-29,450.0,454.95001,450.0,454.95001,18449.0
2023-08-30,451.04999,455.0,448.04999,449.0,31142.0
2023-08-31,454.0,457.89999,451.10001,457.89999,75439.0
2023-09-01,451.5,455.0,451.5,455.0,26497.0
2023-09-04,455.0,458.0,450.14999,452.0,16807.0
2023-09-05,451.25,451.5,450.20001,450.5,31846.0
2023-09-06,448.89999,449.95001,446.39999,447.04999,7215.0
2023-09-07,445.10001,447.0,445.10001,446.5,388026.0
2023-09-08,441.0,445.0,441.0,441.5,54132.0
2023-09-11,440.0,440.0,438.0,438.5,27138.0
2023-09-12,435.04999,441.0,435.04999,440.04999,34493.0
2023-09-13,437.0,443.95001,437.0,441.0,3850.0
2023-09-14,439.89999,444.95001,438.0,440.89999,14053.0
2023-09-15,438.5,441.5,438.5,441.5,8524.0
2023-09-18,440.04999,442.89999,440.04999,442.89999,34199.0
2023-09-19,443.0,444.54999,443.0,444.54999,17021.0
2023-09-20,445.0,450.10001,443.04999,450.10001,43381.0
2023-09-21,446.70001,454.0,446.70001,450.04999,21465.0
2023-09-22,445.0,450.0,445.0,448.0,537073.0
2023-09-25,445.0,452.0,445.0,452.0,8553.0
2023-09-26,450.5,459.0,450.14999,459.0,28353.0
2023-09-27,456.0,457.0,452.0,456.0,52912.0
2023-10-02,447.5,456.0,447.5,452.0,29478.0
2023-10-03,450.0,452.0,449.5,449.5,49753.0
2023-10-04,447.5,451.0,447.0,447.20001,3559.0
2023-10-05,474.0,474.0,474.0,474.0,182829.0
2023-10-06,479.95001,480.0,463.0,472.0,332156.0
2023-10-09,465.0,469.79999,462.10001,465.0,44523.0
2023-10-10,462.54999,465.0,462.54999,465.0,29287.0
2023-10-11,463.14999,470.0,452.5,470.0,22047.0
2023-10-12,463.10001,470.0,463.10001,470.0,34630.0
2023-10-13,466.0,472.0,466.0,472.0,33809.0
2023-10-16,468.10001,470.0,463.35001,468.29999,26651.0
2023-10-17,467.10001,469.79999,467.0,468.04999,37746.0
2023-10-18,469.95001,470.0,466.75,470.0,119061.0
2023-10-19,468.10001,471.0,467.10001,470.0,36036.0
2023-10-20,468.20001,470.0,467.25,470.0,101389.0
2023-10-23,467.5,470.0,467.20001,470.0,29917.0
2023-10-24,467.10001,470.0,467.0,467.04999,64495.0
2023-10-25,467.04999,469.0,466.0,466.10001,17951.0
2023-10-26,466.0,468.64999,465.0,465.0,16434.0
2023-10-27,461.0,463.0,461.0,463.0,24343.0
2023-10-30,455.29999,458.0,452.14999,453.0,4672.0
2023-10-31,452.10001,464.14999,452.10001,464.14999,37666.0
2023-11-01,454.25,465.0,452.0,465.0,3265.0
2023-11-02,456.0,464.0,455.04999,461.10001,10970.0
2023-11-03,457.10001,465.0,455.14999,460.0,9458.0
2023-11-07,457.10001,463.0,457.10001,463.0,526.0
2023-11-08,463.0,463.0,460.04999,463.0,9399.0
2023-11-09,456.14999,462.0,456.14999,460.0,51279.0
2023-11-10,457.5,459.0,457.35001,458.0,97980.0
2023-11-13,456.10001,458.35001,455.25,458.35001,4408.0
2023-11-14,456.0,460.0,456.0,460.0,6277.0
2023-11-15,456.10001,460.0,456.10001,460.0,12875.0
2023-11-16,456.29999,465.0,456.29999,465.0,3060.0
2023-11-17,460.04999,467.0,460.04999,467.0,16343.0
2023-11-20,468.0,470.0,468.0,470.0,49050.0
2023-11-21,470.0,472.0,470.0,470.0,1426843.0
2023-11-22,469.25,472.0,469.14999,469.14999,29387.0
2023-11-23,464.0,470.0,464.0,466.0,7542.0
2023-11-24,463.10001,469.79999,463.10001,467.29999,59742.0
2023-11-27,459.0,465.0,459.0,460.0,27378.0
2023-11-28,457.0,460.0,456.20001,457.35001,118100.0
2023-11-29,460.04999,463.0,458.0,459.04999,88934.0
2023-11-30,459.89999,459.89999,456.04999,458.0,96369.0
2023-12-01,456.5,460.89999,456.0,458.0,160145.0
2023-12-04,462.0,462.0,455.5,455.79999,15701.0
2023-12-05,450.04999,460.0,450.0,458.0,41102.0
2023-12-06,459.0,461.0,450.0,458.0,113659.0
2023-12-07,459.0,461.0,455.0,461.0,59034.0
2023-12-08,457.04999,462.35001,457.04999,462.35001,50900.0
2023-12-11,458.20001,461.04999,458.20001,461.04999,38309.0
2023-12-12,460.14999,463.0,460.14999,463.0,20806.0
2023-12-13,463.0,468.14999,463.0,468.14999,34368.0
2023-12-14,464.04999,469.85001,464.04999,469.85001,46318.0
2023-12-15,466.0,468.14999,466.0,467.0,48420.0
2023-12-18,469.0,470.0,466.0,470.0,11797.0
2023-12-19,468.04999,470.0,463.04999,470.0,22876.0
2023-12-20,467.54999,470.04999,465.45001,469.5,238171.0
2023-12-21,467.5,469.0,467.5,468.0,32466.0
2023-12-22,468.0,469.5,465.60001,468.0,62780.0
2023-12-25,466.0,469.5,465.54999,468.0,5326.0
2023-12-26,466.5,469.0,464.0,464.0,72983.0
2023-12-27,460.0,464.0,460.0,462.0,43614.0
2023-12-28,462.0,464.5,462.0,464.0,34697.0
2023-12-29,464.14999,466.0,460.0,460.0,125885.0
2024-01-02,460.20001,462.5,460.0,462.5,23190.0
2024-01-03,461.45001,465.20001,460.14999,465.20001,24371.0
2024-01-04,464.0,467.60001,463.70001,467.60001,14385.0
2024-01-05,465.60001,471.0,465.60001,470.0,41737.0
2024-01-08,466.60001,471.0,466.60001,470.0,21752.0
2024-01-09,469.75,475.10001,468.70001,475.10001,150673.0
2024-01-10,473.35001,476.0,473.35001,476.0,74011.0
2024-01-12,477.0,480.0,477.0,480.0,65235.0
2024-01-15,476.04999,479.5,476.04999,476.25,9222.0
2024-01-16,476.54999,478.0,476.04999,478.0,40215.0
2024-01-17,478.0,484.75,476.64999,481.20001,87793.0
2024-01-18,481.04999,487.0,480.0,486.0,114452.0
2024-01-19,485.0,489.0,484.0,486.54999,39050.0
2024-01-22,486.14999,486.95001,484.54999,485.04999,13230.0
2024-01-23,485.0,485.5,485.0,485.10001,40312.0
2024-01-24,484.04999,486.0,484.04999,485.0,21894.0
2024-01-25,483.75,485.0,483.75,485.0,26664.0
2024-01-26,480.14999,484.0,480.14999,484.0,47882.0
2024-01-29,481.0,483.0,480.5,480.5,54057.0
2024-01-30,478.29999,482.5,478.29999,482.0,67735.0
2024-01-31,482.0,485.0,482.0,485.0,23689.0
2024-02-01,483.5,485.0,483.5,485.0,26879.0
2024-02-02,484.20001,485.5,484.20001,485.0,34130.0
2024-02-05,483.64999,487.0,483.64999,487.0,23696.0
2024-02-06,487.0,494.0,487.0,494.0,103343.0
2024-02-07,491.25,495.0,491.25,492.60001,43232.0
2024-02-08,491.70001,502.0,491.70001,500.0,220085.0
2024-02-09,500.0,504.5,500.0,504.5,155420.0
2024-02-12,504.5,505.0,500.39999,502.0,81290.0
2024-02-13,502.10001,503.60001,502.10001,503.60001,46424.0
2024-02-14,504.0,506.0,504.0,504.29999,72690.0
2024-02-15,503.10001,504.89999,503.10001,503.10001,13888.0
2024-02-16,500.20001,505.0,500.20001,505.0,31845.0
2024-02-19,505.0,507.0,505.0,507.0,36297.0
2024-02-20,506.0,507.0,506.0,507.0,22381.0
2024-02-21,508.0,514.90002,508.0,510.39999,81696.0
2024-02-22,513.0,513.0,511.0,512.0,24707.0
2024-02-23,513.0,514.90002,510.79999,514.90002,50948.0
2024-02-26,513.29999,515.0,513.20001,515.0,67341.0
2024-02-27,514.09998,515.0,514.0,514.5,21922.0
2024-02-28,515.0,520.0,514.5,514.5,61717.0
2024-02-29,511.5,515.0,505.0,505.0,483833.0
2024-03-01,508.0,512.90002,502.5,504.5,42174.0
2024-03-04,502.29999,503.0,497.20001,500.0,5168.0
2024-03-05,500.0,503.0,496.0,500.0,35983.0
2024-03-06,497.14999,500.0,495.10001,497.0,28113.0
2024-03-07,497.0,497.0,492.0,492.39999,10317.0
2024-03-08,492.20001,495.0,492.20001,495.0,28510.0
2024-03-11,495.10001,495.10001,490.0,492.0,8214.0
2024-03-12,492.0,495.0,492.0,493.0,7267.0
2024-03-13,493.10001,501.10001,493.10001,501.10001,44661.0
2024-03-14,501.29999,507.89999,501.29999,507.0,30215.0
2024-03-15,508.79999,514.0,507.20001,514.0,39442.0
2024-03-18,506.60001,514.0,506.60001,510.0,80941.0
2024-03-19,507.60001,509.0,495.10001,507.0,38276.0
2024-03-20,503.0,506.89999,503.0,503.60001,2526.0
2024-03-21,503.5,507.0,503.5,504.60001,5038.0
2024-03-22,504.10001,505.5,504.10001,504.70001,30239.0
2024-03-25,504.0,505.0,500.20001,502.0,8460.0
2024-03-26,502.5,503.5,502.0,503.5,5744.0
2024-03-27,502.29999,507.0,502.29999,506.89999,44583.0
2024-03-28,504.0,508.0,504.0,508.0,8613.0
2024-03-29,504.10001,507.89999,504.10001,507.89999,34590.0
2024-04-01,505.0,507.0,504.0,504.0,22297.0
2024-04-02,505.0,505.0,501.20001,504.10001,17203.0
2024-04-03,504.10001,509.89999,504.0,507.39999,28285.0
2024-04-04,505.0,507.0,504.10001,507.0,9880.0
2024-04-05,504.10001,507.0,504.10001,505.0,18723.0
2024-04-08,505.0,509.0,505.0,507.0,20318.0
2024-04-09,507.0,512.0,505.0,509.0,48618.0
2024-04-15,509.0,509.0,505.0,505.70001,39972.0
2024-04-16,505.70001,507.0,505.0,505.10001,22626.0
2024-04-17,505.0,506.10001,505.0,506.10001,24618.0
2024-04-18,506.0,509.39999,504.0,506.0,103804.0
2024-04-19,505.0,506.0,504.0,505.0,46465.0
2024-04-22,505.0,505.0,504.0,504.0,30530.0
2024-04-23,503.10001,503.10001,500.0,500.60001,59647.0
2024-04-24,500.0,502.89999,497.0,502.0,10984.0
2024-04-25,503.89999,503.89999,498.10001,503.0,27183.0
2024-04-26,504.0,507.0,497.0,505.0,95963.0
2024-04-29,507.0,507.0,498.60001,502.0,8822.0
2024-04-30,499.39999,505.0,499.39999,501.60001,99096.0
2024-05-02,504.89999,504.89999,501.70001,501.89999,30003.0
2024-05-03,505.0,508.89999,501.10001,508.89999,21936.0
2024-05-06,503.0,508.0,503.0,505.0,8812.0
2024-05-07,502.0,509.60001,502.0,509.60001,57266.0
2024-05-08,510.0,513.0,510.0,512.09998,58393.0
2024-05-09,510.20001,519.0,510.20001,517.70001,29298.0
2024-05-10,517.40002,519.90002,513.0,513.0,30351.0
2024-05-13,515.0,515.0,513.0,513.79999,27782.0
2024-05-14,513.79999,514.0,508.20001,513.0,24775.0
2024-05-15,510.20001,510.60001,510.0,510.0,55645.0
2024-05-16,508.29999,512.0,508.20001,508.39999,43970.0
2024-05-17,509.5,509.5,508.5,508.5,15403.0
2024-05-20,506.10001,510.0,506.10001,507.70001,46720.0
2024-05-21,510.0,510.0,506.5,507.79999,77870.0
2024-05-22,508.0,514.90002,508.0,514.90002,70370.0
2024-05-23,514.0,519.0,510.0,510.5,5846.0
2024-05-24,510.0,514.0,508.10001,508.10001,25574.0
2024-05-27,508.0,510.0,506.10001,506.89999,21502.0
2024-05-28,508.0,515.0,506.89999,514.0,69813.0
2024-05-29,507.10001,522.0,507.10001,515.5,159392.0
2024-05-30,519.0,519.0,512.0,512.0,17024.0
2024-05-31,513.0,516.90002,510.0,515.0,125540.0
2024-06-03,511.0,518.0,511.0,515.0,54358.0
2024-06-04,516.0,516.0,512.0,512.0,96995.0
2024-06-05,510.0,512.0,509.0,511.0,24287.0
2024-06-06,511.0,512.20001,510.0,512.20001,18581.0
2024-06-07,515.0,515.0,508.10001,511.10001,36412.0
2024-06-10,515.0,515.0,508.20001,509.0,41778.0
2024-06-11,509.0,515.0,508.29999,509.0,29777.0
2024-06-12,510.0,510.0,508.0,508.5,14598.0
2024-06-13,508.5,509.5,508.0,508.89999,40059.0
2024-06-14,508.89999,510.0,508.29999,509.0,47520.0
2024-06-19,510.0,512.0,508.70001,509.20001,32886.0
2024-06-20,509.10001,509.20001,508.29999,509.20001,55353.0
2024-06-21,508.29999,510.0,508.29999,510.0,14452.0
2024-06-24,508.5,510.0,508.5,510.0,32813.0
2024-06-25,509.0,526.0,508.29999,518.20001,60302.0
2024-06-26,519.0,519.0,515.0,518.0,23607.0
2024-06-27,515.0,516.0,511.29999,511.29999,1681.0
2024-06-28,514.90002,515.5,512.0,515.5,21849.0
2024-07-01,511.5,515.5,511.5,515.0,16252.0
2024-07-02,513.0,514.0,512.0,513.0,20325.0
2024-07-03,511.10001,515.09998,511.10001,515.09998,33713.0
2024-07-04,512.20001,525.0,512.20001,524.0,46526.0
2024-07-05,518.0,525.09998,518.0,525.09998,50678.0
2024-07-08,521.0,526.0,520.40002,526.0,4901.0
2024-07-09,530.0,532.0,526.0,532.0,29017.0
2024-07-10,525.40002,525.40002,511.10001,512.09998,50691.0
2024-07-11,517.5,517.59998,510.0,513.0,10213.0
2024-07-12,506.0,519.70001,506.0,519.70001,40153.0
2024-07-15,511.0,519.0,510.20001,515.0,2613.0
2024-07-16,513.09998,518.0,513.09998,515.0,29814.0
2024-07-17,515.0,523.0,515.0,523.0,191166.0
2024-07-18,515.0,527.0,515.0,523.09998,10686.0
2024-07-19,521.0,530.0,521.0,527.79999,54903.0
2024-07-22,523.0,526.0,520.09998,520.20001,6789.0
2024-07-23,520.0,525.0,519.20001,520.5,17502.0
2024-07-24,521.20001,528.0,520.0,523.0,31225.0
2024-07-25,520.5,529.0,505.0,529.0,49135.0
2024-07-26,530.0,543.0,530.0,540.0,127055.0
2024-07-29,545.0,555.0,540.0,555.0,24093.0
2024-07-31,554.0,575.0,551.29999,555.0,38036.0
2024-08-01,546.09998,555.0,546.0,554.0,14130.0
2024-08-02,547.0,557.0,546.0,554.09998,117724.0
2024-08-05,547.59998,553.0,532.0,535.5,72103.0
2024-08-06,534.20001,545.0,534.20001,545.0,63652.0
2024-08-07,545.0,545.0,540.09998,541.09998,21997.0
2024-08-08,541.20001,542.0,537.0,537.0,18470.0
2024-08-09,537.09998,541.5,537.09998,541.0,36241.0
2024-08-12,538.0,546.0,538.0,540.0,19305.0
2024-08-13,538.5,543.0,538.29999,540.0,24191.0
2024-08-15,539.0,544.40002,538.09998,544.40002,21212.0
2024-08-16,539.20001,544.90002,539.20001,541.40002,20377.0
2024-08-19,548.0,548.0,542.0,543.20001,23110.0
2024-08-22,543.20001,548.0,543.20001,543.29999,25943.0
2024-08-23,544.0,547.0,544.0,544.0,19169.0
2024-08-26,543.0,546.90002,541.59998,541.59998,6754.0
2024-08-27,540.40002,544.0,535.0,535.0,77829.0
2024-08-28,541.90002,541.90002,535.0,535.0,27050.0
2024-08-29,537.0,539.90002,537.0,537.0,428185.0
2024-08-30,537.0,545.0,537.0,544.79999,59305.0
2024-09-02,544.90002,544.90002,537.0,540.0,15525.0
2024-09-03,539.0,544.8,537.6,538.0,55365.0
2024-09-04,541.0,541.0,535.0,535.5,4316.0
2024-09-05,535.0,540.0,534.20001,536.09998,39702.0
2024-09-06,539.70001,541.0,535.09998,538.20001,44936.0
2024-09-09,538.0,539.9,535.1,536.9,13911.0
2024-09-10,535.3,538.8,535.3,536.0,30530.0
2024-09-11,536.9,536.9,531.0,534.0,43902.0
2024-09-12,538.0,538.0,532.6,534.0,24413.0
2024-09-13,533.6,539.5,532.4,539.5,74471.0
2024-09-18,539.0,540.2,535.1,540.2,50120.0
2024-09-19,545.0,550.0,545.0,549.5,97885.0
2024-09-20,553.0,554.9,547.0,549.7,51560.0
2024-09-23,546.1,550.0,546.1,549.7,19806.0
2024-09-24,555.0,564.9,546.0,546.9,181993.0
2024-09-25,547.0,558.9,547.0,550.0,218367.0
2024-09-26,548.0,550.0,546.0,550.0,25732.0
2024-09-27,546.0,555.0,545.2,555.0,154888.0
2024-09-30,548.0,555.0,542.1,543.0,34251.0
2024-10-01,550.0,550.0,541.0,544.0,37648.0
2024-10-02,544.0,544.0,535.0,537.0,91001.0
2024-10-03,533.2,540.0,533.2,537.0,29077.0
2024-10-04,537.0,540.0,536.1,538.0,20196.0
2024-10-07,538.0,539.0,530.0,530.0,45790.0
2024-10-08,531.0,531.0,524.0,525.0,70663.0
2024-10-09,525.0,540.0,525.0,540.0,31011.0
2024-10-10,532.8,540.0,532.8,535.0,9289.0
2024-10-11,533.0,538.0,533.0,538.0,62083.0
2024-10-14,538.0,538.0,531.0,535.0,4389.0
2024-10-15,534.0,538.0,534.0,536.0,30309.0
2024-10-16,534.0,536.9,530.3,533.0,36240.0
2024-10-17,534.0,543.0,534.0,539.9,18705.0
2024-10-18,543.0,543.0,530.1,538.0,17441.0
2024-10-21,534.0,538.0,534.0,538.0,6056.0
2024-10-22,534.1,539.0,534.1,538.9,658.0
2024-10-23,535.0,538.8,534.0,536.0,16924.0
2024-10-24,543.9,543.9,538.0,540.0,38066.0
2024-10-25,539.0,545.0,539.0,545.0,104034.0
2024-10-28,545.0,547.5,538.0,545.0,84831.0
2024-10-29,540.1,545.0,540.1,545.0,16655.0
2024-10-30,541.0,548.0,541.0,542.1,6145.0
2024-10-31,541.0,542.1,539.0,541.1,36748.0
2024-11-01,544.0,549.9,540.1,549.9,59215.0
2024-11-04,548.0,548.0,541.0,548.0,16041.0
2024-11-05,547.9,548.0,541.3,546.8,17206.0
2024-11-07,548.0,570.0,547.5,565.0,73812.0
2024-11-08,565.0,570.1,565.0,570.1,144277.0
2024-11-11,570.0,571.9,566.0,570.0,46543.0
2024-11-12,567.1,574.0,567.1,570.0,34538.0
2024-11-13,571.0,571.0,567.1,568.1,13299.0
2024-11-14,569.9,569.9,565.0,569.7,26187.0
2024-11-15,567.2,578.0,567.2,578.0,76278.0
2024-11-19,579.0,590.0,578.0,584.0,66628.0
2024-11-20,584.0,584.0,577.0,580.0,54251.0
2024-11-21,580.0,580.0,575.1,575.5,25606.0
2024-11-22,575.0,576.5,571.0,575.0,14162.0
2024-11-25,572.0,572.1,561.0,561.0,51485.0
2024-11-26,562.1,575.0,560.6,570.0,13370.0
2024-11-27,565.0,575.0,565.0,575.0,62036.0
2024-11-28,575.0,580.0,565.0,573.1,17483.0
2024-11-29,571.0,578.0,570.6,574.0,29860.0
2024-12-02,576.0,576.0,570.0,570.0,11787.0
2024-12-03,565.1,570.0,563.0,568.9,3540.0
2024-12-04,572.0,572.0,562.3,567.0,10912.0
2024-12-05,564.0,600.0,564.0,600.0,51786.0
2024-12-06,580.0,594.4,575.0,575.0,37317.0
2024-12-09,572.5,584.0,572.5,579.8,15376.0
2024-12-10,575.0,583.0,565.0,566.0,4244.0
2024-12-11,570.0,577.9,566.3,573.3,8505.0
2024-12-12,569.0,579.5,568.0,572.0,27735.0
2024-12-13,573.0,579.0,567.3,571.8,53358.0
2024-12-16,568.0,579.4,568.0,572.5,1069.0
2024-12-17,573.0,585.0,571.5,575.0,165127.0
2024-12-18,578.0,578.0,571.6,571.6,13465.0
2024-12-19,572.0,577.9,571.5,571.5,29254.0
2024-12-20,571.1,575.0,567.0,574.0,89430.0
2024-12-23,565.6,575.0,565.6,574.0,172152.0
2024-12-24,570.0,575.0,566.1,570.0,11007.0
2024-12-25,575.0,575.0,565.0,569.5,25665.0
2024-12-26,565.7,573.0,565.7,570.0,556229.0
2024-12-27,567.5,569.0,565.0,566.0,102909.0
2024-12-30,560.0,566.0,560.0,566.0,106307.0
2024-12-31,564.5,571.5,564.5,569.0,59239.0
2025-01-02,571.0,590.0,571.0,583.0,98594.0
2025-01-03,585.0,610.1,584.0,608.9,344256.0
2025-01-06,602.0,620.0,602.0,605.0,126591.0
2025-01-07,603.4,610.0,603.4,606.1,117842.0
2025-01-08,606.0,620.0,606.0,614.2,74712.0
2025-01-09,614.0,634.0,614.0,621.8,147990.0
2025-01-10,620.0,633.0,620.0,620.0,219365.0
2025-01-13,620.0,629.0,607.0,620.0,17323.0
2025-01-15,630.0,630.0,623.2,627.5,107790.0
2025-01-16,630.0,630.0,620.1,624.7,38872.0
2025-01-17,625.0,627.0,620.4,621.0,47471.0
2025-01-20,620.1,625.0,620.1,622.1,16422.0
2025-01-21,622.1,624.0,613.8,613.8,75461.0
2025-01-22,613.0,617.8,610.0,613.0,139980.0
2025-01-23,610.5,615.0,610.5,612.6,94368.0
2025-01-24,612.1,620.0,612.0,615.0,99238.0
2025-01-27,612.1,619.0,612.1,614.9,18789.0
2025-01-28,612.5,619.5,612.5,617.1,19329.0
2025-01-29,616.0,629.9,616.0,629.9,86131.0
2025-01-30,629.0,650.0,626.0,636.0,99982.0
2025-01-31,635.0,640.0,625.0,631.0,82922.0
2025-02-03,630.0,630.0,623.8,623.8,9494.0
2025-02-04,624.1,629.0,622.1,622.1,41477.0
2025-02-05,621.5,627.9,621.5,625.0,21304.0
2025-02-06,623.0,630.1,623.0,630.1,21821.0
2025-02-07,622.5,630.0,622.5,628.5,106385.0
2025-02-10,627.0,630.0,623.1,630.0,9789.0
2025-02-11,624.4,634.0,624.4,626.0,89897.0
2025-02-12,630.0,641.0,630.0,640.0,100387.0
2025-02-13,634.0,644.0,634.0,638.0,57437.0
2025-02-14,638.0,645.0,636.1,645.0,61900.0
2025-02-17,641.0,648.1,641.0,648.1,64325.0
2025-02-18,646.0,657.8,646.0,657.0,169060.0
2025-02-19,655.0,670.0,655.0,670.0,86042.0
2025-02-20,666.1,670.0,666.1,667.5,38153.0
2025-02-21,669.5,671.0,666.0,666.0,49871.0
2025-02-24,665.2,668.0,660.1,666.0,38782.0
2025-02-25,666.0,670.0,661.0,666.0,21814.0
2025-02-26,675.0,676.0,660.0,660.0,40721.0
2025-02-27,668.9,668.9,651.5,655.0,21980.0
2025-02-28,663.0,663.0,640.1,640.1,44828.0
2025-03-03,641.1,658.0,641.1,645.0,30921.0
2025-03-04,640.2,645.0,638.0,638.0,100767.0
2025-03-05,635.1,638.0,632.1,635.0,39096.0
2025-03-06,635.0,637.0,631.2,634.0,61207.0
2025-03-07,634.5,635.0,632.0,635.0,30243.0
2025-03-10,635.0,648.9,635.0,637.1,43348.0
2025-03-11,640.0,644.5,640.0,640.0,100876.0
2025-03-12,643.0,645.0,630.9,633.0,87084.0
2025-03-13,633.0,645.0,633.0,645.0,93714.0
2025-03-14,645.0,650.0,645.0,649.0,42275.0
2025-03-17,649.4,650.0,644.0,644.1,21636.0
2025-03-18,645.0,650.1,643.1,650.1,118271.0
2025-03-19,660.7,673.0,660.7,670.1,259539.0
2025-03-20,671.5,678.0,671.5,675.0,457723.0
2025-03-21,680.0,687.0,678.0,687.0,229250.0
2025-03-24,687.0,705.3,687.0,705.0,227935.0
2025-03-25,705.0,706.0,685.0,693.1,184542.0
2025-03-26,690.0,703.0,690.0,692.0,28453.0
2025-03-27,695.0,695.0,680.0,690.1,47908.0
2025-03-28,691.3,699.9,691.3,699.8,93686.0
2025-04-02,697.0,697.0,686.2,690.0,27191.0
2025-04-03,681.5,688.0,676.3,680.0,139962.0
2025-04-04,680.0,684.0,675.0,675.0,181780.0
2025-04-07,650.0,656.0,640.0,646.5,131356.0
2025-04-08,660.0,670.0,650.3,658.9,95537.0
2025-04-09,640.0,655.0,635.0,636.7,145736.0
2025-04-10,659.0,675.0,638.0,640.0,247641.0
2025-04-11,649.0,649.0,625.2,630.1,137925.0
2025-04-14,636.1,648.0,636.1,648.0,33587.0
2025-04-15,648.0,664.8,641.3,664.0,43581.0
2025-04-16,670.0,670.0,660.6,665.0,71246.0
2025-04-17,663.0,669.9,660.1,664.0,24406.0
2025-04-18,661.0,670.0,661.0,670.0,82413.0
2025-04-21,665.0,673.0,662.1,673.0,26772.0
2025-04-22,665.1,671.0,665.0,665.0,57054.0
2025-04-23,665.0,670.0,660.0,660.0,28369.0
2025-04-24,660.0,667.0,660.0,662.9,25483.0
2025-04-25,662.9,665.0,660.0,663.0,43549.0
2025-04-28,661.0,666.0,661.0,665.0,18507.0
2025-04-29,661.1,665.0,659.0,659.0,12568.0
2025-04-30,664.0,664.0,659.0,660.0,110038.0
2025-05-02,660.0,663.0,659.1,663.0,24769.0
2025-05-05,660.3,665.0,660.3,663.0,3888.0
2025-05-06,663.0,665.0,660.3,663.0,20806.0
2025-05-07,660.3,666.0,660.3,665.1,50566.0
2025-05-08,663.0,671.0,663.0,670.0,74782.0
2025-05-09,665.5,670.0,665.5,666.0,21637.0
2025-05-12,665.1,675.0,665.1,675.0,151868.0
2025-05-13,670.4,676.9,670.4,674.9,28666.0
2025-05-14,670.6,676.9,670.6,676.0,110822.0
2025-05-15,676.5,677.0,675.0,675.0,55984.0
2025-05-16,673.0,676.0,667.1,667.1,109240.0
2025-05-19,667.2,674.0,667.2,672.0,24496.0
2025-05-20,667.1,680.0,667.1,680.0,40589.0
2025-05-21,680.0,688.0,673.1,685.0,25447.0
2025-05-22,685.0,701.0,685.0,693.0,31970.0
2025-05-23,699.0,699.0,694.1,694.9,63618.0
2025-05-26,695.0,698.0,690.6,690.6,13031.0
2025-05-27,685.0,685.0,670.0,679.0,3562.0
2025-05-28,670.6,680.0,670.6,673.0,10644.0
2025-05-29,673.0,673.0,662.8,662.8,32423.0
2025-05-30,663.0,670.0,662.0,664.0,265788.0
2025-06-02,670.0,672.0,662.1,670.0,2609.0
2025-06-03,672.0,676.0,670.0,675.0,87260.0
2025-06-04,675.0,690.0,675.0,682.0,80130.0
2025-06-05,683.0,695.0,683.0,683.5,9616.0
2025-06-06,685.0,689.0,671.6,671.6,45267.0
2025-06-10,673.0,693.0,672.2,680.0,28057.0
2025-06-11,687.0,689.0,680.0,682.5,43827.0
2025-06-12,680.0,685.0,680.0,684.2,67176.0
2025-06-13,671.0,686.0,671.0,686.0,52986.0
2025-06-16,677.0,680.0,671.0,676.1,12399.0
2025-06-17,675.3,676.0,671.1,671.5,58647.0
2025-06-18,670.0,670.6,663.0,663.0,38578.0
2025-06-19,663.0,665.0,656.1,658.0,106595.0
2025-06-20,661.0,680.0,661.0,665.0,83724.0
2025-06-23,660.0,670.0,659.9,660.0,44785.0
2025-06-24,670.0,681.0,670.0,680.0,57446.0
2025-06-25,675.0,686.0,675.0,685.2,28591.0
2025-06-26,685.0,693.0,681.1,693.0,350287.0
2025-06-30,680.0,690.0,680.0,680.0,78071.0
2025-07-01,685.0,685.0,678.0,682.0,5880.0
2025-07-02,678.0,684.0,675.0,682.0,4181.0
2025-07-03,682.0,690.0,682.0,690.0,27530.0
2025-07-04,680.0,693.0,680.0,693.0,29849.0
2025-07-07,683.1,700.0,683.1,700.0,110002.0
2025-07-08,700.0,700.5,695.1,700.0,54772.0
2025-07-09,700.0,701.0,695.3,699.8,29339.0
2025-07-10,697.5,700.0,697.0,700.0,66429.0
2025-07-11,696.9,700.9,696.3,700.9,59900.0
2025-07-14,697.8,700.0,696.6,700.0,23549.0
2025-07-15,695.3,700.0,695.1,699.8,26403.0
2025-07-16,699.9,700.0,695.0,700.0,5629.0
2025-07-17,700.0,700.0,688.0,700.0,34766.0
2025-07-18,691.2,725.0,690.2,725.0,87773.0
2025-07-21,724.9,724.9,705.0,718.0,5101.0
2025-07-22,710.5,717.0,710.0,710.9,63456.0
2025-07-23,707.0,710.0,707.0,710.0,26508.0
2025-07-24,710.0,730.0,707.0,730.0,61264.0
2025-07-25,733.5,740.0,721.0,735.0,83606.0
2025-07-28,730.0,733.9,722.0,726.0,33349.0
2025-07-29,725.1,740.0,725.1,740.0,100075.0
2025-07-31,736.0,755.0,736.0,750.0,78619.0
2025-08-01,765.0,765.0,750.0,750.0,23320.0
2025-08-04,750.0,750.0,743.0,750.0,28909.0
2025-08-05,747.5,754.0,747.5,753.0,49944.0
2025-08-06,752.0,767.9,750.0,767.9,133561.0
2025-08-07,767.0,775.0,760.0,769.7,35695.0
2025-08-08,779.9,790.0,767.9,767.9,81756.0
2025-08-11,777.9,777.9,768.9,768.9,14504.0
2025-08-12,770.0,770.0,767.0,768.0,14157.0
2025-08-13,760.0,769.0,754.0,765.0,45577.0
2025-08-15,765.0,768.0,760.0,760.0,20479.0
2025-08-18,755.0,768.0,755.0,755.0,17764.0
2025-08-19,755.2,760.0,755.0,755.0,17775.0
2025-08-22,759.9,789.9,755.0,789.9,54483.0
2025-08-25,789.0,789.8,765.0,783.0,51789.0
2025-08-26,780.0,787.8,771.0,780.0,47549.0
2025-08-27,785.0,786.5,775.3,786.5,31227.0
2025-08-28,777.0,787.0,777.0,781.0,40443.0
2025-08-29,787.9,787.9,781.0,781.0,161405.0
2025-09-01,780.0,783.0,778.0,780.1,23199.0
2025-09-02,777.1,782.0,775.0,777.1,18834.0
2025-09-03,777.1,780.0,776.0,778.0,13850.0
2025-09-04,777.1,785.0,777.1,780.0,12344.0
2025-09-08,780.0,783.0,780.0,780.0,87791.0
2025-09-09,778.0,784.0,758.0,758.0,52885.0
2025-09-10,779.0,779.0,760.0,774.9,16305.0
2025-09-11,778.9,778.9,773.0,777.0,91158.0
2025-09-12,778.8,778.8,771.0,772.0,57439.0
2025-09-15,774.9,779.9,769.9,769.9,18627.0
2025-09-16,773.0,774.0,770.7,772.0,23570.0
2025-09-17,771.0,776.0,771.0,775.2,130021.0
2025-09-18,775.8,779.0,774.5,777.0,93372.0
2025-09-19,778.9,779.0,773.5,778.0,92615.0
2025-09-22,785.0,790.0,780.0,787.5,184052.0
2025-09-23,784.1,788.0,775.1,775.1,11163.0
2025-09-24,775.3,785.0,767.2,770.1,50336.0
2025-09-25,770.0,770.0,763.0,765.0,74743.0
2025-09-26,765.0,767.8,760.1,762.3,134593.0
2025-09-29,762.5,765.0,751.0,751.0,93037.0
2025-09-30,751.0,751.0,725.0,745.0,108860.0
2025-10-01,735.1,740.0,711.0,725.0,149622.0
2025-10-02,706.1,742.9,690.0,724.9,212411.0
2025-10-03,731.0,751.0,731.0,740.0,110966.0
2025-10-06,764.9,764.9,756.0,756.0,15781.0
2025-10-07,756.0,760.0,750.4,751.0,36184.0
2025-10-08,756.0,757.9,746.0,746.0,27128.0
2025-10-09,741.1,755.0,730.0,730.0,46992.0
2025-10-10,731.0,735.0,725.0,730.0,110288.0
2025-10-13,728.1,749.0,728.1,739.8,12651.0
2025-10-14,739.8,739.8,720.0,730.0,68631.0
2025-10-15,730.0,743.0,710.0,715.0,69210.0
2025-10-16,735.0,739.0,715.0,730.0,65880.0
2025-10-17,730.0,736.0,720.0,728.0,64343.0
2025-10-20,742.0,744.0,730.0,744.0,59414.0
2025-10-21,748.0,768.3,745.3,768.3,81012.0
2025-10-22,770.0,784.9,770.0,780.0,86343.0
2025-10-23,775.0,785.0,768.0,780.0,65305.0
2025-10-24,772.0,780.0,772.0,779.9,31299.0
2025-10-27,775.0,776.1,773.0,773.0,2398.0
2025-10-28,779.9,779.9,773.0,777.0,32008.0
2025-10-29,775.1,777.0,772.1,777.0,90285.0
2025-10-30,772.0,778.0,772.0,777.0,41305.0
2025-10-31,768.0,784.8,768.0,777.0,47693.0
2025-11-03,790.0,804.0,780.0,780.0,97105.0
2025-11-04,780.0,780.0,770.0,770.0,18874.0
2025-11-05,770.0,777.0,767.0,767.0,11555.0
2025-11-07,760.0,780.0,760.0,766.0,37776.0
2025-11-10,760.0,765.0,745.0,745.0,34768.0
2025-11-11,747.7,759.9,731.0,731.0,39976.0
2025-11-12,735.0,757.9,731.0,731.0,30206.0
2025-11-13,745.0,745.0,731.1,741.9,13559.0
2025-11-14,741.0,744.0,734.1,736.0,38342.0
2025-11-17,749.9,749.9,728.8,728.8,24155.0
2025-11-19,730.0,730.0,719.1,719.9,10301.0
2025-11-20,720.0,720.0,710.0,711.0,153830.0
2025-11-21,714.0,715.0,712.0,713.0,75666.0
2025-11-24,715.0,728.0,702.5,720.0,31677.0
2025-11-25,729.9,730.0,725.0,725.0,36993.0
2025-11-26,725.0,730.0,725.0,730.0,43487.0
2025-11-27,725.0,735.0,725.0,734.0,29807.0
2025-11-28,728.1,734.0,728.1,731.5,26666.0
2025-12-01,720.1,735.0,720.0,720.0,16406.0
2025-12-02,720.1,725.0,715.5,720.2,28836.0
2025-12-03,717.0,725.0,717.0,720.2,44052.0
2025-12-04,720.0,724.9,717.5,718.5,6500.0
2025-12-05,716.1,725.0,716.1,725.0,57820.0
2025-12-08,730.0,730.0,719.9,719.9,20218.0
2025-12-09,720.1,723.0,720.0,720.0,12311.0
2025-12-10,723.0,723.0,715.0,719.9,5922.0
2025-12-11,720.0,723.9,720.0,723.9,9229.0
2025-12-12,717.5,724.0,717.5,720.0,37283.0
2025-12-15,724.0,731.0,724.0,725.5,26659.0
2025-12-16,726.0,730.9,726.0,726.0,30142.0
2025-12-17,727.0,739.9,727.0,738.0,44241.0
2025-12-18,738.0,745.4,738.0,745.4,14040.0
2025-12-19,750.0,764.0,742.1,764.0,160685.0
2025-12-22,763.9,764.1,755.0,760.0,19140.0
2025-12-23,750.0,759.0,745.0,754.0,3380.0
2025-12-24,751.0,755.0,750.0,750.0,36437.0
2025-12-25,742.5,755.0,741.0,741.0,71464.0
2025-12-26,740.0,750.0,720.0,720.0,278539.0
2025-12-29,752.0,752.0,670.0,718.0,174276.0
2025-12-30,713.2,729.0,711.5,729.0,545786.0
2025-12-31,723.1,732.0,723.1,730.1,77087.0
2026-01-02,728.0,744.9,720.0,744.9,127252.0
2026-01-05,730.5,750.0,730.5,749.0,146347.0
2026-01-06,750.0,762.0,750.0,757.0,80928.0
2026-01-07,759.9,772.0,755.0,755.2,93024.0
2026-01-08,750.1,759.8,750.0,755.1,86198.0
2026-01-09,752.2,764.9,752.2,764.5,132711.0
2026-01-12,750.0,760.0,750.0,752.0,53104.0
2026-01-13,753.0,753.0,745.0,748.9,19464.0
2026-01-15,741.0,750.0,739.1,742.0,36589.0
2026-01-16,736.0,749.8,736.0,749.0,105362.0
2026-01-19,735.1,745.0,735.0,735.0,26888.0
2026-01-20,735.0,739.9,725.0,734.0,53522.0
2026-01-21,726.0,730.0,720.0,721.0,23726.0
2026-01-22,721.1,735.0,721.1,730.0,34901.0
2026-01-23,731.9,731.9,725.0,725.4,56132.0
2026-01-26,724.0,729.5,718.0,720.1,48504.0
2026-01-27,720.0,740.0,720.0,740.0,127709.0
2026-01-28,732.1,745.0,732.1,740.0,31433.0
2026-01-29,742.0,745.0,735.6,739.9,30015.0
2026-01-30,739.0,739.0,730.1,735.0,22799.0
2026-02-02,729.5,735.0,725.0,734.0,94691.0
2026-02-03,724.1,734.0,724.0,728.0,51268.0
2026-02-04,726.0,730.0,725.0,728.6,56255.0
2026-02-05,723.5,728.0,721.0,723.9,58619.0
2026-02-06,723.1,731.0,715.1,731.0,169923.0
2026-02-09,725.0,731.0,720.0,727.0,3787.0
2026-02-10,723.0,729.0,720.0,727.0,27034.0
2026-02-11,721.0,733.0,721.0,730.0,15190.0
2026-02-12,730.0,750.0,730.0,750.0,56933.0
2026-02-13,740.5,755.0,740.3,750.0,112958.0
2026-02-16,740.3,755.0,740.3,755.0,72012.0
2026-02-17,750.0,755.0,745.2,755.0,53671.0
2026-02-18,750.0,760.0,750.0,755.3,27869.0
2026-02-19,750.2,760.0,750.2,760.0,143829.0
2026-02-20,755.0,760.0,750.3,760.0,97472.0
2026-02-23,751.0,755.0,751.0,755.0,7338.0
2026-02-24,751.0,755.0,751.0,753.9,20481.0
2026-02-25,754.0,754.0,746.3,749.0,18756.0
2026-02-26,746.2,749.0,732.0,739.0,26960.0
2026-02-27,739.0,745.0,726.0,726.0,121929.0
2026-03-02,715.0,719.0,700.0,709.9,181538.0
2026-03-03,703.0,710.0,671.0,680.0,279086.0
2026-03-04,710.0,720.0,685.0,685.0,187967.0
2026-03-05,707.0,708.0,700.0,708.0,111544.0
2026-03-06,720.0,724.9,701.1,701.1,121728.0
2026-03-09,681.0,690.0,667.9,667.9,48497.0
2026-03-10,700.0,708.0,695.0,695.0,163428.0
2026-03-11,704.8,707.3,701.0,707.3,37484.0
2026-03-12,708.0,708.0,700.2,701.0,30417.0
2026-03-13,697.9,700.0,680.0,680.0,172780.0
2026-03-16,700.0,700.0,685.1,691.3,27338.0
2026-03-17,698.0,699.0,691.5,692.0,54123.0
2026-03-18,700.0,714.9,697.0,714.9,50939.0
2026-03-19,700.0,700.0,690.0,692.0,72403.0
2026-03-24,710.0,710.0,690.0,690.0,220942.0
2026-03-25,692.1,705.0,692.1,703.8,444068.0
2026-03-26,695.1,700.0,694.0,694.0,35212.0
2026-03-27,690.7,700.0,680.2,680.2,62957.0
