Time,Open,High,Low,Close,Volume
2012-03-26,199.95,199.95,199.7,199.95,73455.0
2012-03-27,199.85001,199.95,199.5,199.85001,73537.0
2012-03-28,199.5,199.5,199.0,199.5,54302.0
2012-03-29,199.0,199.7,199.0,199.0,70802.0
2012-03-30,199.0,199.0,199.0,199.0,89480.0
2012-04-02,199.0,199.0,195.0,199.0,21296.0
2012-04-03,198.89999,199.0,196.0,198.89999,57724.0
2012-04-04,198.10001,199.45,197.5,198.10001,193532.0
2012-04-05,198.75,198.85001,198.7,198.75,114394.0
2012-04-06,198.0,198.64999,198.0,198.0,208679.0
2012-04-09,198.0,198.8,196.10001,198.0,76450.0
2012-04-18,190.0,191.10001,190.0,190.0,37104.0
2012-04-19,190.0,194.7,190.0,190.0,5676.0
2012-04-20,191.0,191.0,190.0,191.0,20500.0
2012-04-23,191.0,191.0,189.0,191.0,6645.0
2012-04-24,191.0,191.0,190.0,191.0,7691.0
2012-04-25,191.0,191.0,191.0,191.0,11500.0
2012-04-26,192.89999,192.89999,191.0,192.89999,4771.0
2012-04-27,192.95,193.0,190.0,192.95,25870.0
2012-04-30,194.0,194.0,193.0,194.0,8731.0
2012-05-02,194.0,194.0,193.0,194.0,12169.0
2012-05-03,194.0,194.0,194.0,194.0,6930.0
2012-05-04,195.7,196.0,192.55,195.7,10083.0
2012-05-07,197.89999,197.89999,195.0,197.89999,4305.0
2012-05-08,196.0,196.0,193.3,196.0,28830.0
2012-05-09,195.85001,196.0,193.2,195.85001,10802.0
2012-05-10,195.5,195.5,195.0,195.5,6204.0
2012-05-11,195.5,195.5,195.0,195.5,18690.0
2012-05-14,195.5,195.5,195.45,195.5,9063.0
2012-05-15,195.5,195.5,195.39999,195.5,70128.0
2012-05-16,195.39999,195.5,193.0,195.39999,77256.0
2012-05-17,194.0,194.5,194.0,194.0,124100.0
2012-05-18,190.0,193.5,190.0,190.0,151737.0
2012-05-21,193.0,193.89999,193.0,193.0,3060.0
2012-05-22,192.89999,192.89999,192.5,192.89999,20988.0
2012-05-23,193.89999,193.89999,192.5,193.89999,18778.0
2012-05-24,192.0,193.89999,192.0,192.0,29667.0
2012-05-25,193.45,193.45,192.0,193.45,21898.0
2012-05-28,193.2,193.45,193.0,193.2,7092.0
2012-05-29,196.0,196.0,193.0,196.0,39436.0
2012-05-30,195.0,196.0,195.0,195.0,6025.0
2012-05-31,195.0,195.05,195.0,195.0,11792.0
2012-06-01,194.5,195.0,194.0,194.5,15041.0
2012-06-04,195.0,195.0,194.5,195.0,11859.0
2012-06-05,196.0,196.0,195.0,196.0,18669.0
2012-06-06,198.0,198.8,196.0,198.0,42506.0
2012-06-11,202.0,203.0,202.0,202.0,34091.0
2012-06-12,202.0,202.5,202.0,202.0,24123.0
2012-06-13,202.0,202.10001,202.0,202.0,33538.0
2012-06-14,202.0,202.0,199.0,202.0,44955.0
2012-06-15,202.0,202.0,202.0,202.0,47137.0
2012-06-18,202.0,202.0,200.0,202.0,8733.0
2012-06-19,202.0,202.0,202.0,202.0,21310.0
2012-06-20,202.0,202.05,202.0,202.0,18202.0
2012-06-21,202.14999,202.14999,202.10001,202.14999,30374.0
2012-06-22,202.0,202.10001,200.0,202.0,4241.0
2012-06-25,202.3,202.3,200.0,202.3,65365.0
2012-06-26,197.60001,199.95,197.5,197.60001,898706.0
2012-06-27,199.5,199.5,197.60001,199.5,4633.0
2012-06-28,197.89999,198.0,197.75,197.89999,5824.0
2012-06-29,198.0,199.85001,197.7,198.0,491583.0
2012-07-02,200.0,200.0,194.0,200.0,7362.0
2012-07-03,199.89999,199.89999,198.0,199.89999,2346.0
2012-07-04,198.0,199.89999,198.0,198.0,1340.0
2012-07-05,198.0,198.0,196.0,198.0,31894.0
2012-07-06,199.89999,199.89999,195.0,199.89999,42189.0
2012-07-09,198.0,199.8,198.0,198.0,43535.0
2012-07-10,198.60001,198.60001,198.0,198.60001,515644.0
2012-07-11,198.85001,198.85001,198.05,198.85001,38665.0
2012-07-12,198.5,198.5,196.05,198.5,2772.0
2012-07-13,198.10001,198.10001,198.0,198.10001,7134.0
2012-07-16,198.85001,198.85001,198.0,198.85001,9209.0
2012-07-17,199.95,199.95,198.0,199.95,18935.0
2012-07-18,200.0,200.0,199.5,200.0,27248.0
2012-07-19,199.95,199.95,198.10001,199.95,18384.0
2012-07-20,199.0,199.60001,198.25,199.0,3996.0
2012-07-23,198.60001,198.60001,198.60001,198.60001,716.0
2012-07-24,198.2,198.7,198.0,198.2,4657.0
2012-07-25,199.5,199.5,198.2,199.5,4159.0
2012-07-26,198.0,198.3,198.0,198.0,3154.0
2012-07-27,198.0,199.5,198.0,198.0,3579.0
2012-07-31,199.0,199.0,198.0,199.0,6746.0
2012-08-01,199.39999,199.5,199.0,199.39999,24137.0
2012-08-02,198.25,198.25,198.25,198.25,2040.0
2012-08-03,199.0,199.0,198.0,199.0,7408.0
2012-08-06,199.55,199.55,199.0,199.55,17210.0
2012-08-07,199.10001,200.05,199.10001,199.10001,49011.0
2012-08-08,198.05,198.05,198.0,198.05,13337.0
2012-08-09,198.14999,198.14999,198.05,198.14999,7296.0
2012-08-10,200.0,200.0,199.0,200.0,28174.0
2012-08-13,198.0,198.0,198.0,198.0,1200.0
2012-08-15,198.0,198.0,198.0,198.0,3395.0
2012-08-16,198.0,198.0,198.0,198.0,1996.0
2012-08-17,200.0,200.0,198.0,200.0,7660.0
2012-08-22,198.0,198.0,198.0,198.0,3228.0
2012-08-23,198.10001,198.2,198.10001,198.10001,1417.0
2012-08-24,198.14999,198.14999,198.14999,198.14999,17798.0
2012-08-27,198.10001,198.10001,198.10001,198.10001,660.0
2012-08-28,198.5,198.5,188.0,198.5,4808.0
2012-08-29,199.0,199.0,198.95,199.0,12765.0
2012-08-30,200.0,200.0,199.5,200.0,54031.0
2012-08-31,198.5,200.0,198.5,198.5,6088.0
2012-09-03,199.5,199.55,199.5,199.5,2220.0
2012-09-04,199.7,199.7,199.5,199.7,22391.0
2012-09-05,200.0,200.0,199.8,200.0,2960.0
2012-09-06,200.0,200.0,199.8,200.0,3570.0
2012-09-07,200.0,200.0,199.85001,200.0,8033.0
2012-09-10,200.0,200.0,199.8,200.0,18408.0
2012-09-11,200.0,200.0,199.8,200.0,14399.0
2012-09-12,200.0,200.0,200.0,200.0,15127.0
2012-09-13,200.05,203.0,200.0,200.05,22725.0
2012-09-14,201.0,201.10001,201.0,201.0,11474.0
2012-09-17,200.14999,201.0,200.14999,200.14999,7210.0
2012-09-18,200.25,200.5,200.25,200.25,11879.0
2012-09-19,202.0,202.0,200.7,202.0,104766.0
2012-09-20,202.5,204.0,201.0,202.5,30813.0
2012-09-21,202.0,202.0,200.5,202.0,42839.0
2012-09-24,201.8,201.8,201.5,201.8,25479.0
2012-09-25,200.2,200.95,199.0,200.2,114567.0
2012-09-26,201.0,201.0,199.8,201.0,17115.0
2012-09-27,200.0,201.0,200.0,200.0,4853.0
2012-09-28,200.0,200.95,199.8,200.0,17666.0
2012-10-01,200.5,200.5,200.0,200.5,18228.0
2012-10-02,199.5,200.0,199.5,199.5,14149.0
2012-10-03,199.5,200.0,199.5,199.5,15708.0
2012-10-04,199.3,199.3,199.3,199.3,13643.0
2012-10-05,199.3,199.45,198.7,199.3,32297.0
2012-10-08,199.2,199.60001,199.2,199.2,81871.0
2012-10-09,198.0,198.0,197.0,198.0,126118.0
2012-10-10,198.0,198.0,197.2,198.0,64531.0
2012-10-11,197.39999,197.39999,197.35001,197.39999,25773.0
2012-10-12,197.39999,197.39999,197.2,197.39999,23137.0
2012-10-15,197.0,197.0,197.0,197.0,26010.0
2012-10-16,197.0,199.0,197.0,197.0,85387.0
2012-10-17,198.0,198.0,197.5,198.0,22383.0
2012-10-18,197.7,197.75,197.2,197.7,786078.0
2012-10-19,196.0,197.0,196.0,196.0,45037.0
2012-10-22,197.0,197.0,196.0,197.0,25986.0
2012-10-23,197.89999,197.89999,197.0,197.89999,15584.0
2012-10-24,197.89999,197.89999,197.0,197.89999,7668.0
2012-10-25,197.95,197.95,196.85001,197.95,25746.0
2012-10-29,197.89999,198.0,197.89999,197.89999,10200.0
2012-10-30,196.89999,198.0,196.89999,196.89999,46076.0
2012-10-31,197.5,197.5,197.0,197.5,6135.0
2012-11-01,198.0,198.0,197.0,198.0,14485.0
2012-11-02,198.0,198.0,197.95,198.0,7000.0
2012-11-05,199.0,199.0,198.0,199.0,8181.0
2012-11-07,199.95,199.95,199.0,199.95,21585.0
2012-11-08,199.95,199.95,198.10001,199.95,6535.0
2012-11-09,199.0,199.0,199.0,199.0,16879.0
2012-11-12,199.0,199.0,198.0,199.0,2656.0
2012-11-13,199.95,199.95,199.0,199.95,11143.0
2012-11-14,199.0,199.0,198.95,199.0,9000.0
2012-11-15,200.0,200.0,198.95,200.0,34542.0
2012-11-19,199.0,200.0,198.5,199.0,38803.0
2012-11-20,198.5,198.5,197.05,198.5,12913.0
2012-11-21,199.0,199.0,198.0,199.0,12188.0
2012-11-22,198.2,198.2,198.2,198.2,9353.0
2012-11-23,197.8,198.0,197.0,197.8,9351.0
2012-11-26,196.0,197.5,196.0,196.0,97600.0
2012-11-27,197.0,197.95,196.0,197.0,9963.0
2012-11-28,197.0,197.89999,197.0,197.0,27500.0
2012-11-29,197.0,197.89999,196.2,197.0,18423.0
2012-11-30,197.0,197.89999,196.3,197.0,12702.0
2012-12-03,197.0,197.0,196.35001,197.0,146948.0
2012-12-04,198.39999,198.5,197.0,198.39999,5020.0
2012-12-05,198.95,199.0,198.0,198.95,7375.0
2012-12-06,198.0,198.0,198.0,198.0,3128.0
2012-12-07,198.0,198.14999,198.0,198.0,4315.0
2012-12-10,197.89999,198.0,197.89999,197.89999,6011.0
2012-12-11,197.5,198.0,197.5,197.5,27418.0
2012-12-12,197.0,197.0,197.0,197.0,4769.0
2012-12-13,198.0,198.0,196.8,198.0,12330.0
2012-12-14,197.8,197.8,197.0,197.8,17164.0
2012-12-17,197.0,197.5,197.0,197.0,42504.0
2012-12-18,197.0,197.0,197.0,197.0,16564.0
2012-12-19,197.0,197.0,196.5,197.0,3479.0
2012-12-20,196.0,197.0,196.0,196.0,33171.0
2012-12-21,195.5,196.8,195.5,195.5,91276.0
2012-12-24,195.95,196.0,195.5,195.95,1151741.0
2012-12-25,197.0,197.0,195.5,197.0,194638.0
2012-12-26,197.0,197.0,197.0,197.0,23305.0
2012-12-27,196.2,197.0,196.05,196.2,75930.0
2012-12-28,197.7,197.89999,197.0,197.7,108099.0
2012-12-31,196.89999,196.89999,196.0,196.89999,124960.0
2013-01-02,196.0,196.7,196.0,196.0,13775.0
2013-01-03,197.0,197.0,196.0,197.0,5163.0
2013-01-04,197.0,197.0,196.0,197.0,7057.0
2013-01-07,197.0,197.0,196.39999,197.0,5406.0
2013-01-08,197.0,197.0,196.45,197.0,9962.0
2013-01-09,197.0,197.0,197.0,197.0,26527.0
2013-01-10,196.0,197.0,196.0,196.0,37105.0
2013-01-14,196.0,196.95,195.5,196.0,19649.0
2013-01-15,190.14999,195.5,190.10001,190.14999,66334.0
2013-01-16,178.75,182.60001,178.75,178.75,29725.0
2013-01-17,182.0,182.0,173.55,182.0,4927.0
2013-01-18,185.5,185.89999,181.0,185.5,31196.0
2013-01-21,185.89999,185.89999,179.0,185.89999,2647.0
2013-01-22,186.0,186.0,182.14999,186.0,1931.0
2013-01-23,186.0,186.0,182.0,186.0,22268.0
2013-01-28,195.0,195.0,186.0,195.0,33800.0
2013-01-29,194.0,195.0,190.0,194.0,62107.0
2013-01-30,187.0,194.0,187.0,187.0,3225.0
2013-01-31,187.10001,190.0,187.10001,187.10001,5586.0
2013-02-01,188.5,193.89999,188.0,188.5,1680.0
2013-02-04,189.0,189.0,189.0,189.0,1434.0
2013-02-05,193.8,193.8,187.5,193.8,872.0
2013-02-06,193.8,193.8,190.0,193.8,3533.0
2013-02-07,190.0,193.8,189.05,190.0,12154.0
2013-02-08,190.0,193.8,190.0,190.0,8631.0
2013-02-11,194.0,194.89999,190.0,194.0,810.0
2013-02-12,194.0,194.0,190.0,194.0,17658.0
2013-02-13,193.2,193.2,192.0,193.2,11019.0
2013-02-14,193.89999,193.89999,193.0,193.89999,38050.0
2013-02-15,192.10001,193.0,191.0,192.10001,64239.0
2013-02-18,192.89999,192.89999,190.0,192.89999,2620.0
2013-02-19,191.0,192.0,191.0,191.0,3868.0
2013-02-20,192.5,192.5,191.0,192.5,28076.0
2013-02-21,191.5,191.5,190.0,191.5,22909.0
2013-02-22,191.5,191.5,191.5,191.5,64091.0
2013-02-25,191.5,193.0,191.5,191.5,22589.0
2013-02-26,191.5,191.5,191.5,191.5,6000.0
2013-02-27,191.5,191.5,190.0,191.3,12731.0
2013-02-28,191.3,191.3,191.0,191.0,22023.0
2013-03-01,191.0,191.0,189.0,190.5,20870.0
2013-03-04,190.5,190.95,190.5,190.5,8230.0
2013-03-05,190.5,191.5,190.5,191.3,20930.0
2013-03-06,191.3,191.3,191.0,191.0,19295.0
2013-03-07,191.0,191.0,191.0,191.0,9746.0
2013-03-08,191.0,191.5,191.0,191.0,37785.0
2013-03-11,191.0,191.5,183.0,191.5,11135.0
2013-03-12,191.0,191.5,191.0,191.5,1789.0
2013-03-13,191.0,191.5,191.0,191.5,13000.0
2013-03-14,191.0,191.45,191.0,191.45,72826.0
2013-03-15,191.0,191.39999,191.0,191.39999,11086.0
2013-03-18,191.0,191.0,191.0,191.0,2664.0
2013-03-19,191.0,191.5,191.0,191.5,26318.0
2013-03-20,191.0,191.5,191.0,191.5,4363.0
2013-03-21,191.0,191.5,187.25,191.5,16469.0
2013-03-22,191.0,191.0,191.0,191.0,4368.0
2013-03-25,190.0,190.0,189.89999,189.89999,31073.0
2013-03-26,190.0,190.0,186.05,188.89999,26785.0
2013-03-27,188.95,190.0,188.89999,190.0,4406.0
2013-03-28,190.0,192.0,188.0,192.0,4530.0
2013-03-29,191.5,192.0,191.5,192.0,17184.0
2013-04-01,191.2,191.2,191.2,191.2,840.0
2013-04-02,191.0,191.0,190.0,190.0,1049.0
2013-04-03,192.0,193.0,192.0,193.0,2500.0
2013-04-04,191.5,191.89999,191.5,191.5,19068.0
2013-04-05,191.5,191.5,191.5,191.5,4996.0
2013-04-08,192.0,193.0,191.0,191.55,31624.0
2013-04-09,191.5,193.0,191.5,193.0,38172.0
2013-04-10,191.64999,195.0,191.64999,193.0,13208.0
2013-04-11,193.10001,193.10001,191.8,193.0,19137.0
2013-04-12,193.0,198.0,193.0,193.25,12218.0
2013-04-15,193.0,195.0,193.0,193.25,16284.0
2013-04-16,193.0,193.0,193.0,193.0,629.0
2013-04-17,193.0,193.05,193.0,193.05,6240.0
2013-04-18,193.0,193.60001,193.0,193.05,145655.0
2013-04-19,193.0,193.60001,193.0,193.60001,10810.0
2013-04-22,193.0,193.60001,192.0,192.5,25003.0
2013-04-23,192.5,192.5,190.14999,190.3,26390.0
2013-04-24,192.5,192.5,192.0,192.0,12659.0
2013-04-25,191.5,191.5,188.0,188.0,86146.0
2013-04-26,189.0,191.0,189.0,189.0,15586.0
2013-04-29,189.0,190.0,188.0,189.0,33311.0
2013-04-30,188.0,188.0,184.0,187.0,64010.0
2013-05-02,187.0,187.2,187.0,187.2,789.0
2013-05-03,187.0,187.10001,187.0,187.10001,1804.0
2013-05-06,187.0,187.0,187.0,187.0,710.0
2013-05-07,187.0,188.14999,187.0,188.14999,844.0
2013-05-08,188.0,190.0,186.0,190.0,7912.0
2013-05-09,190.0,193.0,190.0,193.0,2204.0
2013-05-10,190.0,190.0,190.0,190.0,2892.0
2013-05-13,190.0,192.5,190.0,192.5,5900.0
2013-05-14,190.0,190.14999,190.0,190.0,4254.0
2013-05-15,191.0,191.0,191.0,191.0,10000.0
2013-05-16,191.0,194.0,191.0,194.0,30831.0
2013-05-17,191.0,192.0,191.0,191.0,29432.0
2013-05-20,191.0,192.0,191.0,192.0,2700.0
2013-05-21,191.0,192.89999,191.0,191.0,4592.0
2013-05-22,191.0,191.0,191.0,191.0,2220.0
2013-05-23,191.0,192.0,191.0,192.0,2198.0
2013-05-24,191.0,192.0,191.0,191.0,9469.0
2013-05-27,191.0,192.89999,191.0,192.89999,3600.0
2013-05-28,191.0,192.0,191.0,191.2,4960.0
2013-05-29,191.14999,192.0,191.14999,192.0,30972.0
2013-05-30,191.0,191.10001,191.0,191.0,14061.0
2013-05-31,191.0,192.0,191.0,192.0,31871.0
2013-06-03,191.0,192.0,191.0,191.0,36278.0
2013-06-04,192.0,192.0,192.0,192.0,16532.0
2013-06-05,191.0,191.0,191.0,191.0,3264.0
2013-06-06,191.0,191.5,190.0,191.5,1674.0
2013-06-07,191.0,191.0,190.0,190.0,4117.0
2013-06-10,189.0,192.0,189.0,192.0,17115.0
2013-06-11,190.0,192.0,189.10001,191.5,7395.0
2013-06-12,190.0,191.5,190.0,191.0,26481.0
2013-06-13,190.0,190.0,190.0,190.0,1528.0
2013-06-14,190.0,190.0,190.0,190.0,2355.0
2013-06-17,192.0,192.0,190.0,190.0,3625.0
2013-06-18,190.0,193.0,190.0,193.0,6659.0
2013-06-19,192.0,193.5,192.0,193.5,23252.0
2013-06-20,191.5,192.0,191.5,192.0,1968.0
2013-06-21,192.0,194.45,191.3,194.45,14807.0
2013-06-24,190.0,190.0,188.0,188.0,11882.0
2013-06-25,188.0,191.95,188.0,191.95,14860.0
2013-06-26,188.10001,188.10001,188.0,188.0,680.0
2013-06-27,188.05,191.75,188.05,191.75,7085.0
2013-06-28,190.0,192.0,188.05,191.0,1218156.0
2013-07-02,188.14999,188.3,188.14999,188.3,1559.0
2013-07-03,188.0,192.0,188.0,192.0,19740.0
2013-07-04,189.0,189.0,189.0,189.0,1386.0
2013-07-05,188.35001,189.5,188.35001,189.14999,10281.0
2013-07-08,188.55,190.0,188.55,190.0,12667.0
2013-07-09,189.14999,191.8,189.14999,191.8,4350.0
2013-07-10,190.0,191.8,190.0,190.0,1728.0
2013-07-11,189.0,191.85001,189.0,191.85001,280.0
2013-07-12,190.0,191.8,190.0,191.8,18741.0
2013-07-15,191.8,191.95,191.8,191.95,4340.0
2013-07-16,191.0,191.25,191.0,191.0,114709.0
2013-07-17,191.0,191.05,191.0,191.05,1106.0
2013-07-18,191.10001,191.89999,191.10001,191.89999,3326.0
2013-07-19,191.89999,191.89999,191.89999,191.89999,3142.0
2013-07-22,191.0,191.0,191.0,191.0,700.0
2013-07-24,192.0,193.0,192.0,193.0,1149125.0
2013-07-25,191.10001,193.0,191.10001,193.0,24712.0
2013-07-26,191.10001,193.95,191.10001,193.95,25855.0
2013-07-29,194.0,194.0,193.95,194.0,64850.0
2013-07-31,191.14999,191.25,190.25,191.0,17796.0
2013-08-01,191.0,191.0,191.0,191.0,2710.0
2013-08-02,190.05,191.89999,190.05,191.89999,9194.0
2013-08-05,186.0,189.14999,186.0,189.14999,3144.0
2013-08-06,190.0,192.0,190.0,192.0,1304.0
2013-08-07,190.0,191.95,190.0,191.95,1146.0
2013-08-08,190.0,190.0,190.0,190.0,1724.0
2013-08-12,190.0,190.0,189.05,190.0,2172.0
2013-08-13,189.3,191.0,189.3,191.0,1580.0
2013-08-15,190.5,190.55,189.10001,189.10001,19890.0
2013-08-16,189.0,189.0,187.2,187.2,11225.0
2013-08-19,187.2,190.5,187.2,187.2,22410.0
2013-08-22,187.5,187.5,187.3,187.3,25244.0
2013-08-23,188.0,188.0,188.0,188.0,807.0
2013-08-26,188.0,190.0,188.0,190.0,1301.0
2013-08-27,190.0,190.0,190.0,190.0,5424.0
2013-08-28,190.0,191.5,190.0,191.5,2195.0
2013-08-29,190.0,190.0,190.0,190.0,2722.0
2013-08-30,190.0,190.0,190.0,190.0,1640.0
2013-09-02,190.0,191.0,190.0,191.0,19385.0
2013-09-03,190.0,191.0,190.0,191.0,932.0
2013-09-04,190.0,191.5,190.0,191.5,24901.0
2013-09-05,190.0,190.0,190.0,190.0,2232.0
2013-09-06,190.0,190.0,190.0,190.0,7388.0
2013-09-09,190.0,190.0,190.0,190.0,8000.0
2013-09-10,190.0,190.0,188.0,188.0,12000.0
2013-09-11,188.0,188.05,188.0,188.0,26506.0
2013-09-12,190.0,190.0,189.0,189.0,30700.0
2013-09-13,189.0,189.0,188.10001,189.0,35651.0
2013-09-16,190.0,190.0,188.10001,189.89999,20873.0
2013-09-17,189.89999,190.0,188.10001,190.0,8400.0
2013-09-18,189.0,190.0,189.0,190.0,10680.0
2013-09-19,190.0,190.0,188.0,189.5,31658.0
2013-09-20,189.5,189.89999,189.5,189.5,8748.0
2013-09-23,189.0,189.0,187.0,187.0,246101.0
2013-09-24,187.0,187.0,187.0,187.0,196734.0
2013-09-25,187.0,188.0,187.0,188.0,78284.0
2013-09-26,188.0,189.0,188.0,189.0,52559.0
2013-09-27,189.0,189.95,189.0,189.25,35726.0
2013-09-30,189.25,189.3,189.25,189.3,37633.0
2013-10-01,189.0,189.25,188.0,189.0,47272.0
2013-10-02,189.0,189.0,189.0,189.0,32134.0
2013-10-03,189.0,189.0,189.0,189.0,45994.0
2013-10-04,189.0,189.0,189.0,189.0,25616.0
2013-10-07,189.0,189.2,189.0,189.0,76282.0
2013-10-08,189.0,189.95,189.0,189.60001,57703.0
2013-10-09,189.0,189.0,189.0,189.0,50641.0
2013-10-10,189.0,189.5,189.0,189.0,35043.0
2013-10-11,189.0,189.0,189.0,189.0,24856.0
2013-10-14,189.5,189.5,189.5,189.5,18591.0
2013-10-15,189.5,189.5,189.5,189.5,25323.0
2013-10-21,189.0,189.95,189.0,189.95,18225.0
2013-10-22,189.0,189.10001,189.0,189.10001,10986.0
2013-10-23,189.0,189.0,189.0,189.0,33764.0
2013-10-24,189.0,189.5,189.0,189.5,16108.0
2013-10-25,189.0,192.0,189.0,192.0,317548.0
2013-10-28,191.0,198.0,191.0,196.0,180477.0
2013-10-29,194.0,197.0,194.0,195.0,121837.0
2013-10-30,194.95,195.0,194.95,195.0,105294.0
2013-10-31,194.10001,195.0,194.10001,195.0,44663.0
2013-11-01,194.5,194.5,193.0,193.0,51761.0
2013-11-04,190.0,190.25,190.0,190.05,15549.0
2013-11-07,190.5,190.5,190.05,190.5,7902.0
2013-11-08,190.05,193.5,190.05,192.05,20508.0
2013-11-11,192.55,194.0,192.35001,194.0,11328.0
2013-11-12,194.10001,195.0,194.10001,195.0,35837.0
2013-11-13,195.0,198.0,195.0,197.5,102953.0
2013-11-14,196.0,198.0,196.0,197.0,57195.0
2013-11-15,196.0,197.0,196.0,196.5,82684.0
2013-11-19,195.10001,197.0,195.10001,197.0,53079.0
2013-11-20,197.0,197.0,196.8,197.0,26773.0
2013-11-21,197.0,197.0,196.05,196.05,22100.0
2013-11-22,196.0,196.85001,194.10001,194.10001,39976.0
2013-11-25,195.0,195.2,195.0,195.2,23036.0
2013-11-26,196.0,196.0,195.0,196.0,104739.0
2013-11-27,196.0,196.8,196.0,196.0,80433.0
2013-11-28,194.5,195.89999,194.5,195.89999,5641.0
2013-11-29,194.5,195.89999,194.5,195.89999,78552.0
2013-12-02,195.85001,196.0,195.14999,196.0,47303.0
2013-12-03,194.5,196.0,194.5,196.0,5838.0
2013-12-04,194.5,196.0,194.5,196.0,19102.0
2013-12-05,195.0,195.25,194.89999,195.25,12070.0
2013-12-06,195.55,195.60001,195.10001,195.10001,42654.0
2013-12-09,195.2,195.8,195.2,195.8,32434.0
2013-12-10,195.7,195.89999,194.5,195.89999,22136.0
2013-12-11,195.0,195.89999,193.89999,195.89999,10598.0
2013-12-12,195.75,195.89999,195.75,195.89999,16623.0
2013-12-13,195.5,195.89999,195.5,195.5,25306.0
2013-12-16,195.55,195.85001,195.0,195.85001,7764.0
2013-12-17,195.60001,195.60001,195.60001,195.60001,10057.0
2013-12-18,195.85001,195.85001,195.75,195.75,20166.0
2013-12-19,193.5,195.8,193.5,195.8,14463.0
2013-12-20,194.0,195.05,194.0,195.05,20683.0
2013-12-23,195.5,195.5,195.0,195.0,17546.0
2013-12-24,194.0,195.5,194.0,195.5,7084.0
2013-12-25,194.25,194.3,194.25,194.3,10165.0
2013-12-26,194.0,195.0,194.0,195.0,3419.0
2013-12-27,194.0,195.0,194.0,194.0,15724.0
2013-12-30,194.0,195.0,193.0,194.0,19486.0
2013-12-31,194.0,194.7,192.0,193.5,18533.0
2014-01-02,193.0,193.05,193.0,193.0,5463.0
2014-01-03,193.0,193.0,193.0,193.0,5072.0
2014-01-06,193.0,194.75,193.0,194.75,4918.0
2014-01-07,193.0,194.45,193.0,194.45,13065.0
2014-01-08,193.14999,194.0,193.0,193.0,18154.0
2014-01-09,193.25,194.0,193.25,194.0,26828.0
2014-01-10,193.25,194.0,191.64999,191.64999,24833.0
2014-01-13,192.0,194.0,192.0,194.0,7452.0
2014-01-16,192.05,192.05,192.0,192.0,34456.0
2014-01-17,192.0,192.05,192.0,192.05,15369.0
2014-01-20,192.5,193.0,192.5,193.0,4335.0
2014-01-21,193.0,193.5,193.0,193.5,51065.0
2014-01-22,193.5,193.5,192.0,192.0,46757.0
2014-01-23,192.0,193.5,192.0,193.5,3912.0
2014-01-24,192.5,193.45,192.45,192.5,34263.0
2014-01-27,192.5,192.5,191.0,191.0,7324.0
2014-01-28,191.5,191.5,191.5,191.5,49123.0
2014-01-29,191.55,193.0,191.55,191.60001,5252.0
2014-01-30,191.05,191.85001,191.05,191.10001,35351.0
2014-01-31,191.5,191.5,191.10001,191.10001,44658.0
2014-02-03,191.10001,192.0,191.10001,192.0,3866.0
2014-02-04,191.5,192.0,190.3,192.0,17591.0
2014-02-05,191.5,191.5,191.5,191.5,632.0
2014-02-06,191.5,191.5,191.5,191.5,1976.0
2014-02-07,191.5,191.7,191.5,191.7,56240.0
2014-02-10,192.0,192.0,192.0,192.0,8084.0
2014-02-11,192.0,192.0,191.60001,191.60001,16148.0
2014-02-12,191.60001,193.60001,191.60001,193.60001,7359.0
2014-02-13,192.0,192.0,192.0,192.0,2438.0
2014-02-14,192.0,192.10001,192.0,192.10001,2309.0
2014-02-17,192.0,193.0,192.0,193.0,3141.0
2014-02-18,193.0,193.7,193.0,193.7,2475.0
2014-02-19,193.0,193.0,193.0,193.0,3979.0
2014-02-20,193.2,193.7,193.05,193.7,6477.0
2014-02-21,193.0,193.7,193.0,193.7,1600.0
2014-02-24,192.55,193.89999,192.55,193.89999,49217.0
2014-02-25,193.0,193.0,191.5,191.5,372967.0
2014-02-26,191.5,191.55,191.5,191.55,12313.0
2014-02-27,191.5,191.5,191.5,191.5,3141.0
2014-02-28,192.5,193.5,192.0,192.89999,92373.0
2014-03-03,191.5,192.0,191.0,191.0,50929.0
2014-03-04,191.0,193.5,190.10001,193.5,7589.0
2014-03-05,191.55,191.8,191.55,191.8,4333.0
2014-03-06,192.0,192.0,191.5,192.0,81182.0
2014-03-07,191.7,192.0,191.5,192.0,30809.0
2014-03-10,191.0,191.0,191.0,191.0,320.0
2014-03-11,191.14999,193.5,191.14999,193.5,27216.0
2014-03-12,191.3,192.2,191.3,191.3,168692.0
2014-03-13,191.3,193.0,191.3,193.0,16364.0
2014-03-14,191.3,192.0,191.3,192.0,9347.0
2014-03-17,191.14999,192.89999,191.14999,192.89999,12742.0
2014-03-18,191.14999,192.0,190.10001,192.0,24052.0
2014-03-19,191.14999,192.0,191.14999,192.0,4770.0
2014-03-20,191.5,193.0,191.5,192.0,6420.0
2014-03-21,191.5,191.55,191.5,191.55,1026.0
2014-03-24,191.14999,191.8,191.14999,191.8,3931.0
2014-03-25,191.89999,191.89999,191.5,191.75,19327.0
2014-03-26,191.14999,191.89999,191.14999,191.89999,5015.0
2014-03-27,191.5,191.95,191.14999,191.89999,27493.0
2014-03-28,191.2,191.2,191.14999,191.14999,3225.0
2014-03-31,191.14999,191.5,191.14999,191.5,2510.0
2014-04-01,191.5,193.0,191.5,193.0,3706.0
2014-04-02,191.5,193.0,191.5,193.0,6297.0
2014-04-03,191.14999,192.0,191.14999,192.0,5322.0
2014-04-04,191.14999,191.5,191.14999,191.5,7336.0
2014-04-07,191.14999,192.0,191.14999,192.0,10043.0
2014-04-08,191.5,192.0,191.2,191.2,6015.0
2014-04-09,191.3,192.0,191.3,192.0,3528.0
2014-04-10,191.3,192.0,191.3,191.3,34385.0
2014-04-11,191.3,192.0,191.3,191.3,1136.0
2014-04-14,191.3,191.3,191.3,191.3,1061.0
2014-04-15,191.3,192.0,191.3,192.0,33219.0
2014-04-16,191.3,192.0,191.3,192.0,4403.0
2014-04-17,192.0,192.0,191.3,191.3,31000.0
2014-04-18,190.0,190.0,190.0,190.0,463.0
2014-04-21,189.0,191.89999,189.0,191.89999,998.0
2014-04-22,191.0,191.05,190.10001,191.05,39851.0
2014-04-23,190.0,191.39999,190.0,191.39999,3359.0
2014-04-24,190.0,191.95,190.0,191.95,7434.0
2014-04-25,189.0,189.0,189.0,189.0,1659.0
2014-04-28,189.0,189.05,187.0,189.0,96339.0
2014-04-29,188.0,188.5,187.0,188.5,129188.0
2014-04-30,188.5,188.5,188.5,188.5,77653.0
2014-05-02,189.95,189.95,189.95,189.95,15000.0
2014-05-05,190.0,190.0,190.0,190.0,36069.0
2014-05-06,188.5,188.5,188.5,188.5,1527.0
2014-05-07,188.5,188.60001,188.5,188.5,2517.0
2014-05-08,189.0,189.95,189.0,189.5,20320.0
2014-05-09,189.60001,189.60001,189.5,189.5,5700.0
2014-05-12,189.95,189.95,189.95,189.95,2070.0
2014-05-13,190.0,190.5,190.0,190.5,23133.0
2014-05-14,190.0,190.5,190.0,190.5,2424.0
2014-05-15,189.5,189.5,189.5,189.5,35000.0
2014-05-16,189.0,189.5,189.0,189.0,53468.0
2014-05-19,188.5,189.5,188.5,189.5,6315.0
2014-05-20,188.5,190.0,188.5,188.5,167.0
2014-05-21,188.5,189.5,188.5,189.0,31281.0
2014-05-22,188.60001,189.0,188.60001,189.0,15392.0
2014-05-23,189.0,190.0,189.0,190.0,3450.0
2014-05-26,188.7,188.7,188.7,188.7,11600.0
2014-05-27,188.5,188.5,188.5,188.5,22835.0
2014-05-28,189.0,189.0,188.5,189.0,62284.0
2014-05-29,188.7,189.5,188.7,189.5,50606.0
2014-05-30,188.7,189.5,188.7,189.5,27032.0
2014-06-02,189.45,189.5,189.45,189.5,11350.0
2014-06-03,189.5,189.5,189.45,189.45,6740.0
2014-06-04,189.5,189.5,189.05,189.05,4515.0
2014-06-05,189.10001,189.10001,188.95,188.95,21300.0
2014-06-06,189.0,189.0,189.0,189.0,6200.0
2014-06-09,189.0,189.05,189.0,189.0,10087.0
2014-06-10,189.0,189.0,189.0,189.0,11837.0
2014-06-11,189.0,190.0,189.0,189.95,25417.0
2014-06-12,189.0,189.10001,188.0,189.0,26686.0
2014-06-13,189.0,189.0,189.0,189.0,13295.0
2014-06-16,189.05,189.05,189.05,189.05,3991.0
2014-06-17,189.0,190.0,189.0,189.0,5916.0
2014-06-18,189.0,189.95,189.0,189.5,28077.0
2014-06-19,188.5,189.5,188.5,189.5,24958.0
2014-06-20,189.0,190.0,189.0,189.89999,23333.0
2014-06-23,189.0,189.0,189.0,189.0,314.0
2014-06-24,184.3,186.0,184.3,186.0,23398.0
2014-06-25,186.0,186.0,186.0,186.0,5246.0
2014-06-26,185.0,185.0,185.0,185.0,1055.0
2014-06-27,185.0,185.05,185.0,185.0,4527.0
2014-06-30,185.0,189.0,185.0,187.8,17694.0
2014-07-01,185.0,188.89999,185.0,188.89999,3973.0
2014-07-03,185.14999,190.0,185.14999,190.0,6174.0
2014-07-04,190.0,190.0,190.0,190.0,4000.0
2014-07-07,186.3,194.0,186.3,194.0,52116.0
2014-07-08,189.0,190.0,188.0,190.0,5258.0
2014-07-09,188.5,188.5,188.5,188.5,2489.0
2014-07-10,188.55,190.0,187.05,187.05,24308.0
2014-07-11,187.05,187.05,187.05,187.05,1704.0
2014-07-14,188.10001,191.0,188.10001,191.0,17189.0
2014-07-15,188.2,188.55,188.2,188.55,2981.0
2014-07-16,188.60001,189.95,188.60001,189.95,1674.0
2014-07-17,188.60001,188.60001,188.60001,188.60001,870.0
2014-07-18,188.60001,188.60001,188.60001,188.60001,242.0
2014-07-21,188.60001,188.60001,188.60001,188.60001,70.0
2014-07-22,188.60001,188.64999,188.60001,188.64999,985.0
2014-07-23,188.64999,188.64999,188.64999,188.64999,776.0
2014-07-24,188.7,189.95,188.7,189.95,12157.0
2014-07-25,188.7,190.0,188.7,190.0,7654.0
2014-07-31,190.0,194.0,190.0,193.95,146390.0
2014-08-01,190.55,193.0,190.55,193.0,1589.0
2014-08-04,192.0,192.0,192.0,192.0,2970.0
2014-08-05,190.5,193.0,190.5,193.0,3899.0
2014-08-06,191.0,193.0,191.0,193.0,1687.0
2014-08-07,191.10001,191.14999,191.0,191.14999,5904.0
2014-08-08,192.5,193.0,192.5,193.0,6912.0
2014-08-11,191.5,193.0,191.5,193.0,1221.0
2014-08-12,191.2,191.2,191.2,191.2,940.0
2014-08-13,191.3,193.0,191.3,193.0,5041.0
2014-08-15,191.0,192.0,191.0,192.0,16193.0
2014-08-18,191.89999,193.0,191.89999,193.0,1724.0
2014-08-19,193.0,194.0,192.0,194.0,4500.0
2014-08-22,192.0,194.0,192.0,194.0,8915.0
2014-08-25,191.0,191.10001,191.0,191.10001,995.0
2014-08-26,192.0,193.0,192.0,193.0,83541.0
2014-08-27,192.55,194.0,192.55,194.0,20336.0
2014-08-28,193.0,194.0,193.0,194.0,1928.0
2014-08-29,193.14999,194.0,193.14999,194.0,15582.0
2014-09-01,193.5,193.5,193.05,193.05,4726.0
2014-09-02,193.5,195.0,193.5,195.0,7535.0
2014-09-03,193.14999,195.0,193.14999,195.0,3225.0
2014-09-04,193.5,193.5,193.05,193.14999,4548.0
2014-09-05,192.5,192.5,192.5,192.5,4706.0
2014-09-08,193.5,193.5,193.5,193.5,597.0
2014-09-09,193.5,195.0,193.5,195.0,8579.0
2014-09-10,195.0,199.95,195.0,196.7,108036.0
2014-09-11,195.2,196.0,195.2,196.0,26496.0
2014-09-12,194.5,196.0,194.5,196.0,3126.0
2014-09-15,194.0,195.0,194.0,195.0,7111.0
2014-09-16,194.3,195.0,194.3,195.0,3558.0
2014-09-17,195.0,196.0,195.0,195.25,7242.0
2014-09-18,195.0,195.05,195.0,195.0,8149.0
2014-09-19,195.0,196.0,193.55,193.55,43204.0
2014-09-22,193.8,194.0,193.8,194.0,379543.0
2014-09-23,193.95,193.95,193.0,193.0,255848.0
2014-09-24,193.10001,193.10001,192.5,192.60001,132667.0
2014-09-25,192.5,193.0,192.5,193.0,50573.0
2014-09-26,193.0,193.95,192.55,193.95,70179.0
2014-09-29,192.60001,193.25,192.60001,193.0,28448.0
2014-09-30,193.05,194.0,193.05,194.0,68103.0
2014-10-01,193.89999,195.0,193.89999,195.0,140809.0
2014-10-02,194.10001,195.0,194.10001,194.14999,101967.0
2014-10-03,194.8,196.0,194.8,195.0,143313.0
2014-10-07,195.0,195.0,194.35001,195.0,26607.0
2014-10-08,195.10001,195.10001,195.10001,195.10001,33327.0
2014-10-09,195.5,195.5,195.5,195.5,51670.0
2014-10-10,195.5,195.5,195.5,195.5,29918.0
2014-10-13,195.60001,201.0,195.60001,201.0,253080.0
2014-10-14,200.0,201.0,200.0,200.14999,255810.0
2014-10-15,199.0,200.5,199.0,200.5,142500.0
2014-10-16,200.95,200.95,199.05,199.25,65620.0
2014-10-17,199.0,199.95,198.05,199.89999,41071.0
2014-10-20,199.89999,200.0,199.89999,199.89999,35098.0
2014-10-21,200.0,203.0,200.0,202.95,297283.0
2014-10-22,203.10001,209.8,202.55,209.10001,148431.0
2014-10-23,215.0,221.60001,215.0,221.60001,292305.0
2014-10-24,227.0,243.0,227.0,228.0,595697.0
2014-10-27,225.0,228.0,222.25,226.0,61037.0
2014-10-28,226.0,231.0,226.0,228.10001,188035.0
2014-10-29,228.0,240.0,228.0,235.14999,137393.0
2014-10-30,236.0,239.85001,236.0,239.85001,132054.0
2014-10-31,236.2,237.0,236.2,236.5,70150.0
2014-11-03,235.0,235.0,231.60001,232.64999,38002.0
2014-11-04,231.05,233.39999,230.05,230.05,47417.0
2014-11-05,230.0,230.10001,229.14999,230.10001,43871.0
2014-11-07,230.0,230.85001,229.0,229.0,71900.0
2014-11-10,225.0,228.89999,223.05,225.0,33702.0
2014-11-11,220.5,223.89999,220.14999,223.89999,30777.0
2014-11-12,221.10001,222.0,220.14999,220.3,28476.0
2014-11-13,220.35001,223.0,220.14999,220.14999,40223.0
2014-11-14,220.0,222.5,218.10001,220.14999,15701.0
2014-11-17,220.0,222.5,219.0,222.5,8200.0
2014-11-19,222.5,222.5,218.14999,220.0,10254.0
2014-11-20,218.14999,220.0,217.55,217.55,24946.0
2014-11-21,218.5,220.0,217.64999,217.64999,13322.0
2014-11-24,217.0,219.5,217.0,217.0,4426.0
2014-11-25,217.10001,220.0,217.10001,220.0,8387.0
2014-11-26,215.10001,219.89999,215.10001,218.0,28041.0
2014-11-27,215.60001,220.0,215.60001,217.0,9127.0
2014-11-28,215.60001,219.0,215.60001,215.64999,11915.0
2014-12-01,215.14999,218.0,212.0,218.0,7698.0
2014-12-02,215.0,217.0,214.14999,215.0,13314.0
2014-12-03,214.5,216.0,212.0,212.0,46786.0
2014-12-04,210.0,214.95,207.2,207.7,21918.0
2014-12-05,205.0,217.0,205.0,217.0,28996.0
2014-12-08,209.0,216.8,209.0,215.0,6952.0
2014-12-09,210.0,215.0,210.0,210.89999,2585.0
2014-12-10,212.0,215.0,209.14999,209.14999,3570.0
2014-12-11,205.05,214.8,205.05,205.2,24571.0
2014-12-12,206.14999,210.0,206.14999,210.0,9935.0
2014-12-15,207.0,209.95,207.0,207.0,11140.0
2014-12-16,207.5,217.89999,207.5,217.89999,6882.0
2014-12-17,215.0,222.0,212.0,212.0,74760.0
2014-12-18,212.10001,217.0,212.10001,212.60001,12102.0
2014-12-19,212.60001,217.0,210.0,210.0,38216.0
2014-12-22,210.0,214.0,208.5,212.0,7554.0
2014-12-23,206.05,207.0,206.05,207.0,4800.0
2014-12-24,208.0,214.0,207.5,209.0,3701.0
2014-12-25,208.75,210.0,208.75,209.10001,3699.0
2014-12-26,209.05,211.89999,209.05,210.0,175626.0
2014-12-29,210.0,212.0,210.0,212.0,2332.0
2014-12-30,210.5,212.0,210.2,211.89999,2699.0
2014-12-31,212.0,214.0,210.5,213.3,43692.0
2015-01-02,210.05,211.5,210.05,211.5,865.0
2015-01-06,210.0,214.5,210.0,214.5,13087.0
2015-01-07,212.60001,217.0,212.60001,217.0,6833.0
2015-01-08,217.45,227.89999,217.45,224.95,46239.0
2015-01-09,222.0,228.0,222.0,226.0,49145.0
2015-01-12,222.0,229.0,221.05,229.0,15508.0
2015-01-13,226.10001,234.89999,226.10001,234.89999,61312.0
2015-01-14,234.89999,237.95,232.5,234.85001,100434.0
2015-01-15,232.5,233.0,229.85001,229.85001,103683.0
2015-01-16,230.0,233.0,230.0,233.0,338393.0
2015-01-19,231.75,236.0,231.75,234.95,60308.0
2015-01-20,233.0,234.5,233.0,234.5,81839.0
2015-01-21,233.0,233.2,231.05,233.2,12579.0
2015-01-22,233.0,233.0,232.10001,232.5,52374.0
2015-01-23,230.5,234.95,230.5,234.95,27895.0
2015-01-26,230.5,231.0,230.5,231.0,15785.0
2015-01-27,230.0,230.5,229.5,229.5,24503.0
2015-01-28,226.0,230.0,226.0,229.5,6079.0
2015-01-29,227.0,230.0,227.0,230.0,7926.0
2015-01-30,229.0,230.0,226.05,230.0,21189.0
2015-02-02,229.95,230.0,229.95,230.0,3554.0
2015-02-03,229.89999,230.0,228.0,230.0,10443.0
2015-02-04,230.0,234.0,230.0,233.89999,15445.0
2015-02-05,234.39999,238.0,234.39999,234.89999,79037.0
2015-02-06,232.05,236.0,232.05,236.0,12533.0
2015-02-09,235.0,235.0,232.0,232.0,25399.0
2015-02-10,230.5,233.89999,230.5,233.89999,4123.0
2015-02-11,234.0,234.05,234.0,234.0,25496.0
2015-02-12,232.10001,234.0,232.0,232.0,49409.0
2015-02-13,232.10001,233.05,232.10001,233.05,20975.0
2015-02-16,233.05,233.05,232.8,232.85001,11380.0
2015-02-17,232.0,232.05,232.0,232.05,2715.0
2015-02-18,230.10001,232.05,230.0,232.05,8691.0
2015-02-19,231.0,237.95,231.0,236.0,79360.0
2015-02-20,235.0,235.89999,233.05,235.89999,39216.0
2015-02-23,233.60001,236.0,233.60001,236.0,17532.0
2015-02-24,234.55,236.0,234.5,234.5,33961.0
2015-02-25,234.60001,236.0,234.55,236.0,5035.0
2015-02-26,235.2,236.5,235.2,235.3,16186.0
2015-02-27,235.55,236.0,235.55,236.0,18730.0
2015-03-02,235.0,236.0,235.0,236.0,2126.0
2015-03-03,236.0,236.0,235.0,236.0,30081.0
2015-03-04,234.05,237.0,234.05,237.0,17839.0
2015-03-05,236.0,236.0,235.14999,235.14999,4210.0
2015-03-06,237.60001,238.0,235.3,238.0,191231.0
2015-03-09,237.0,238.95,237.0,237.0,17104.0
2015-03-10,235.0,236.0,235.0,236.0,35633.0
2015-03-11,236.0,236.0,236.0,236.0,15512.0
2015-03-12,235.0,236.8,235.0,236.64999,68164.0
2015-03-13,236.64999,237.0,236.64999,236.64999,23199.0
2015-03-16,236.64999,237.0,236.55,236.55,17012.0
2015-03-17,236.60001,236.89999,236.60001,236.7,24230.0
2015-03-18,236.0,236.10001,235.5,236.0,33200.0
2015-03-19,233.05,234.0,233.05,234.0,15406.0
2015-03-20,232.05,234.89999,232.05,234.89999,6131.0
2015-03-23,233.0,234.8,233.0,233.25,51372.0
2015-03-24,233.0,235.0,233.0,234.5,7490.0
2015-03-25,233.0,233.0,232.89999,232.89999,44156.0
2015-03-26,230.0,233.0,228.0,228.0,17054.0
2015-03-27,227.0,232.95,227.0,230.0,27154.0
2015-03-30,227.0,227.5,227.0,227.5,4746.0
2015-03-31,227.10001,227.5,227.0,227.0,10725.0
2015-04-01,223.0,226.89999,222.0,222.0,139470.0
2015-04-02,222.0,222.0,212.2,218.0,85165.0
2015-04-03,220.0,220.0,213.2,216.5,10123.0
2015-04-06,220.0,220.0,220.0,220.0,7100.0
2015-04-07,215.5,220.0,215.5,220.0,14668.0
2015-04-08,218.0,220.0,218.0,218.05,11500.0
2015-04-09,220.0,220.0,220.0,220.0,1053.0
2015-04-10,217.0,218.0,216.60001,218.0,2911.0
2015-04-13,217.14999,219.0,217.0,217.0,1113.0
2015-04-14,217.10001,217.35001,217.10001,217.35001,9797.0
2015-04-15,218.14999,218.14999,218.14999,218.14999,6018.0
2015-04-16,218.2,218.2,218.05,218.05,1218.0
2015-04-17,220.0,220.05,220.0,220.05,12351.0
2015-04-20,220.05,221.0,220.0,220.0,5040.0
2015-04-21,220.0,220.25,220.0,220.25,6394.0
2015-04-22,220.0,228.0,220.0,221.5,10552.0
2015-04-23,222.10001,227.89999,222.10001,222.5,3878.0
2015-04-24,222.5,222.55,222.5,222.55,5590.0
2015-04-27,220.2,223.89999,220.2,223.89999,1656.0
2015-04-28,220.8,223.89999,220.8,221.0,3208.0
2015-04-29,221.5,227.75,221.5,227.75,35875.0
2015-04-30,223.0,225.5,223.0,223.5,2574.0
2015-05-04,223.3,227.0,223.3,226.0,5402.0
2015-05-05,226.85001,227.75,225.05,227.0,17402.0
2015-05-06,229.5,229.5,225.05,225.05,535.0
2015-05-07,226.5,227.0,225.0,225.10001,3030.0
2015-05-08,225.0,226.85001,225.0,226.85001,32434.0
2015-05-11,225.0,225.0,221.3,224.95,11712.0
2015-05-12,225.0,226.75,221.75,226.75,56891.0
2015-05-13,223.2,223.2,223.2,223.2,23.0
2015-05-14,223.25,225.0,223.25,225.0,400.0
2015-05-15,223.3,226.10001,223.3,225.10001,24925.0
2015-05-18,223.75,226.0,223.75,226.0,2143.0
2015-05-19,223.7,224.85001,223.25,224.85001,9270.0
2015-05-20,223.25,223.25,223.25,223.25,460.0
2015-05-21,223.5,225.0,223.5,223.8,2190.0
2015-05-25,223.64999,223.89999,223.64999,223.89999,13917.0
2015-05-26,223.8,225.0,223.8,224.0,16390.0
2015-05-27,224.0,224.0,224.0,224.0,4940.0
2015-05-28,224.05,225.05,224.05,225.05,10770.0
2015-05-29,212.0,226.0,212.0,226.0,21867.0
2015-06-01,226.0,226.0,223.0,223.0,5558.0
2015-06-02,220.10001,223.0,220.10001,223.0,1272.0
2015-06-03,220.3,220.39999,220.3,220.39999,675.0
2015-06-04,222.05,225.0,222.05,225.0,2377.0
2015-06-05,224.0,226.39999,224.0,226.0,11916.0
2015-06-08,225.0,225.0,225.0,225.0,2000.0
2015-06-09,223.55,225.5,223.55,225.35001,13568.0
2015-06-10,225.5,226.0,223.25,223.3,7767.0
2015-06-11,226.0,226.0,225.0,225.0,150.0
2015-06-12,223.25,225.14999,223.25,225.14999,4140.0
2015-06-15,226.0,226.39999,226.0,226.39999,1517.0
2015-06-16,225.0,225.0,221.10001,221.10001,2000.0
2015-06-18,222.0,224.7,221.5,224.7,7302.0
2015-06-19,224.95,225.10001,222.25,225.10001,30917.0
2015-06-22,226.0,226.0,226.0,226.0,24505.0
2015-06-23,220.75,220.75,218.0,220.0,56344.0
2015-06-24,220.05,220.5,220.0,220.5,5799.0
2015-06-25,221.0,224.89999,221.0,221.05,2949.0
2015-06-26,221.0,221.5,221.0,221.5,26498.0
2015-06-29,221.60001,221.60001,221.5,221.5,2220.0
2015-06-30,221.05,225.0,221.05,225.0,1750.0
2015-07-01,221.5,224.0,221.5,221.7,10101.0
2015-07-02,221.05,221.60001,221.05,221.60001,9111.0
2015-07-03,222.0,223.95,222.0,223.95,543.0
2015-07-06,221.10001,221.2,221.10001,221.2,4558.0
2015-07-07,221.25,221.25,221.25,221.25,150.0
2015-07-08,221.25,221.35001,221.25,221.35001,4900.0
2015-07-09,221.39999,221.64999,221.39999,221.60001,5254.0
2015-07-10,224.0,224.0,221.7,224.0,1670.0
2015-07-13,224.0,224.0,224.0,224.0,24.0
2015-07-14,222.60001,223.10001,222.60001,223.10001,27862.0
2015-07-15,223.05,223.5,223.0,223.05,12172.0
2015-07-16,223.05,223.05,223.05,223.05,25000.0
2015-07-20,224.0,224.95,222.45,224.95,22232.0
2015-07-21,225.0,225.0,223.64999,225.0,45403.0
2015-07-22,224.10001,225.2,224.10001,225.2,53300.0
2015-07-23,225.10001,226.05,225.10001,226.0,14862.0
2015-07-24,226.05,227.05,226.0,227.05,45223.0
2015-07-27,223.5,227.10001,223.5,227.10001,12178.0
2015-07-28,223.05,227.05,223.05,226.5,22881.0
2015-08-03,235.0,238.0,229.0,232.8,72942.0
2015-08-04,233.0,235.39999,232.0,234.89999,101710.0
2015-08-05,232.75,234.0,232.75,233.0,136003.0
2015-08-06,234.0,234.0,221.05,229.95,47203.0
2015-08-07,223.10001,227.5,223.0,226.55,14759.0
2015-08-10,226.5,226.5,223.10001,224.25,12722.0
2015-08-11,223.14999,229.89999,223.14999,225.0,4078.0
2015-08-12,229.39999,229.39999,229.39999,229.39999,12.0
2015-08-13,226.0,226.0,223.85001,223.85001,8350.0
2015-08-17,223.5,223.5,214.05,218.5,20001.0
2015-08-18,218.5,222.39999,216.2,218.0,2437.0
2015-08-19,222.5,222.5,218.05,218.05,225.0
2015-08-24,218.0,219.0,216.0,216.0,32817.0
2015-08-25,216.0,216.0,210.0,210.0,141603.0
2015-08-26,208.10001,210.0,208.10001,208.3,9300.0
2015-08-27,208.45,214.95,208.45,210.05,1430.0
2015-08-28,211.0,211.0,210.0,210.0,6125.0
2015-08-31,210.5,215.0,210.5,215.0,13068.0
2015-09-01,210.7,210.7,210.0,210.0,11493.0
2015-09-02,210.0,213.0,208.5,210.0,26020.0
2015-09-03,209.0,213.0,208.5,212.0,61581.0
2015-09-04,209.5,214.0,209.5,214.0,161372.0
2015-09-07,215.0,219.39999,214.89999,219.39999,53505.0
2015-09-08,211.2,216.0,211.14999,213.5,1046.0
2015-09-09,215.0,218.89999,213.64999,214.0,9473.0
2015-09-10,210.55,214.0,210.5,214.0,13151.0
2015-09-11,214.0,217.89999,213.14999,215.0,12077.0
2015-09-14,214.10001,219.89999,214.10001,216.0,9178.0
2015-09-15,214.0,215.25,214.0,215.25,34890.0
2015-09-16,215.3,216.95,215.0,216.95,7650.0
2015-09-17,216.0,216.0,215.10001,215.2,29980.0
2015-09-18,215.0,215.0,214.75,215.0,140375.0
2015-09-21,210.55,214.8,210.55,213.0,6023.0
2015-09-22,210.5,215.05,210.5,215.05,106202.0
2015-09-23,213.0,217.0,213.0,216.2,88748.0
2015-09-28,212.5,216.7,212.5,216.7,85915.0
2015-09-29,214.0,217.05,213.60001,217.05,38157.0
2015-09-30,217.0,217.5,215.05,217.5,31938.0
2015-10-01,214.0,215.5,214.0,215.0,21193.0
2015-10-02,217.0,221.0,215.0,220.0,85899.0
2015-10-05,217.0,217.05,215.3,217.0,769085.0
2015-10-06,215.05,217.0,211.0,213.0,42733.0
2015-10-07,211.0,211.2,210.0,210.10001,33008.0
2015-10-08,214.5,214.5,210.5,211.0,486385.0
2015-10-09,210.05,213.95,210.05,213.95,7163.0
2015-10-12,210.05,213.75,210.0,213.75,9517.0
2015-10-13,210.10001,212.0,210.10001,212.0,54813.0
2015-10-14,213.75,213.75,210.10001,212.95,9311.0
2015-10-16,210.14999,216.0,210.14999,213.85001,944700.0
2015-10-19,210.2,215.0,210.0,215.0,13308.0
2015-10-20,211.25,212.89999,211.25,212.0,10661.0
2015-10-21,212.0,212.0,211.10001,212.0,6572.0
2015-10-22,211.5,216.95,211.5,215.0,65828.0
2015-10-23,212.10001,215.05,212.0,215.05,8173.0
2015-10-26,212.5,216.95,212.2,215.89999,8952.0
2015-10-27,213.05,214.5,213.05,214.0,24829.0
2015-10-28,213.0,214.0,212.05,212.05,5836.0
2015-10-29,212.5,213.0,211.60001,213.0,15086.0
2015-10-30,211.60001,213.89999,211.60001,213.2,17000.0
2015-11-02,212.0,212.5,212.0,212.5,2959.0
2015-11-03,212.0,212.5,211.55,211.7,2010.0
2015-11-04,211.5,215.0,211.5,211.7,37176.0
2015-11-05,212.05,215.89999,212.0,215.89999,18073.0
2015-11-09,212.10001,214.95,212.10001,212.60001,14725.0
2015-11-10,212.5,215.10001,212.10001,215.10001,327296.0
2015-11-11,214.0,215.89999,213.14999,215.0,10397.0
2015-11-12,214.5,221.0,214.10001,216.5,859132.0
2015-11-13,219.89999,220.0,214.14999,215.05,26383.0
2015-11-16,215.05,215.05,215.0,215.0,4563.0
2015-11-17,220.0,220.0,215.10001,216.0,42298.0
2015-11-19,219.35001,219.35001,213.3,216.0,15109.0
2015-11-20,216.0,216.0,214.7,216.0,2510.0
2015-11-23,215.2,216.0,215.2,216.0,13721.0
2015-11-24,215.0,216.0,214.0,216.0,125664.0
2015-11-25,214.05,217.0,214.05,217.0,10.0
2015-11-26,214.10001,216.0,214.05,216.0,41996.0
2015-11-27,215.95,216.05,214.8,216.05,21663.0
2015-11-30,216.0,216.0,213.89999,216.0,24570.0
2015-12-01,213.60001,215.95,213.55,215.0,8992.0
2015-12-02,215.0,216.0,215.0,215.05,8181.0
2015-12-03,213.05,215.05,213.05,215.0,12352.0
2015-12-04,215.0,218.0,214.0,214.0,62390.0
2015-12-07,214.0,214.0,213.05,214.0,2203.0
2015-12-08,212.2,215.0,210.0,215.0,9647.0
2015-12-09,210.0,215.0,210.0,211.0,149669.0
2015-12-10,211.25,215.0,211.2,215.0,126001.0
2015-12-11,215.0,220.0,212.0,212.0,2055474.0
2015-12-14,215.0,217.0,212.10001,212.10001,7673.0
2015-12-15,215.0,215.0,212.39999,215.0,9519.0
2015-12-16,215.0,215.0,212.25,215.0,6009.0
2015-12-17,215.0,215.0,212.55,215.0,39399.0
2015-12-18,215.0,215.0,213.05,215.0,162350.0
2015-12-21,215.0,215.0,213.2,215.0,11107.0
2015-12-22,215.0,215.0,213.25,215.0,10184.0
2015-12-23,215.0,215.0,215.0,215.0,525.0
2015-12-28,215.0,215.0,215.0,215.0,23140.0
2015-12-29,213.05,217.89999,213.0,217.89999,143827.0
2015-12-30,213.75,215.0,213.75,215.0,15237.0
2015-12-31,215.0,215.0,214.0,215.0,7668.0
2016-01-04,213.0,215.05,213.0,215.0,4941.0
2016-01-05,214.0,215.0,213.75,215.0,6898.0
2016-01-06,215.0,215.0,215.0,215.0,3296.0
2016-01-07,213.25,215.0,213.25,214.10001,5136.0
2016-01-08,215.0,215.0,214.14999,215.0,29848.0
2016-01-12,215.0,215.05,215.0,215.05,17624.0
2016-01-13,215.05,215.14999,215.05,215.05,41654.0
2016-01-14,215.05,215.5,215.0,215.10001,20038.0
2016-01-15,215.10001,215.60001,215.10001,215.60001,6363.0
2016-01-18,215.3,215.3,215.25,215.25,11022.0
2016-01-19,215.5,215.5,215.2,215.5,14226.0
2016-01-20,215.10001,215.10001,215.10001,215.10001,4253.0
2016-01-21,215.2,215.2,215.2,215.2,1759.0
2016-01-22,215.10001,215.2,215.10001,215.2,8123.0
2016-01-25,215.10001,215.25,215.10001,215.25,1707.0
2016-01-26,213.2,215.0,213.2,214.25,143277.0
2016-01-27,213.3,214.2,213.3,214.2,2566.0
2016-01-28,213.5,215.0,213.5,215.0,2887.0
2016-01-29,213.5,215.0,213.5,215.0,12975.0
2016-02-01,216.0,216.0,214.0,215.0,6615.0
2016-02-02,214.0,217.0,214.0,217.0,21151.0
2016-02-03,215.0,215.3,215.0,215.3,53145.0
2016-02-04,214.25,218.0,214.25,218.0,58272.0
2016-02-05,217.0,218.0,217.0,218.0,40781.0
2016-02-08,218.5,220.0,217.85001,218.0,26109.0
2016-02-09,220.0,220.0,218.25,219.60001,12133.0
2016-02-10,220.0,222.0,218.5,222.0,48313.0
2016-02-11,222.0,222.0,220.10001,220.75,21918.0
2016-02-12,220.2,221.5,220.2,220.39999,42863.0
2016-02-15,220.05,220.2,219.89999,219.89999,3020.0
2016-02-16,215.05,219.85001,213.5,219.5,2744.0
2016-02-17,217.0,218.0,217.0,217.0,39006.0
2016-02-18,217.0,217.0,217.0,217.0,8316.0
2016-02-19,217.5,219.89999,217.0,219.89999,1612.0
2016-02-22,215.0,217.5,215.0,217.5,1521.0
2016-02-23,217.5,217.5,215.0,217.0,33195.0
2016-02-24,217.0,217.0,215.05,215.10001,8417.0
2016-02-25,215.55,215.55,213.05,215.0,129860.0
2016-02-26,215.0,215.0,215.0,215.0,24293.0
2016-02-29,211.0,216.0,210.14999,216.0,183177.0
2016-03-01,215.0,216.0,215.0,216.0,2463.0
2016-03-02,217.0,220.0,217.0,219.8,27458.0
2016-03-03,215.0,219.45,215.0,219.45,3495.0
2016-03-07,216.0,218.89999,215.10001,218.89999,4001.0
2016-03-08,217.0,217.89999,215.2,217.89999,10532.0
2016-03-09,217.89999,217.89999,215.05,216.0,1554.0
2016-03-10,220.0,223.0,220.0,220.5,72554.0
2016-03-11,217.0,218.10001,217.0,218.05,7344.0
2016-03-14,218.0,218.05,217.0,218.0,823.0
2016-03-15,215.05,218.0,215.05,215.5,4007.0
2016-03-16,217.0,218.0,214.5,218.0,3565.0
2016-03-17,215.5,217.5,215.5,217.5,14747.0
2016-03-18,215.5,220.5,215.5,220.0,119957.0
2016-03-21,216.05,220.0,216.0,220.0,85662.0
2016-03-22,217.0,222.0,217.0,221.89999,75435.0
2016-03-23,221.95,221.95,220.0,221.8,53737.0
2016-03-24,222.0,222.0,219.10001,220.05,10970.0
2016-03-25,221.8,221.8,220.0,220.05,31314.0
2016-03-28,220.0,220.0,219.0,220.0,1433.0
2016-03-29,220.0,220.0,216.25,220.0,25636.0
2016-03-30,216.35001,219.0,216.35001,217.0,9553.0
2016-03-31,219.5,219.5,219.5,219.5,10384.0
2016-04-01,219.89999,219.89999,215.5,218.95,10287.0
2016-04-04,218.95,219.8,218.95,219.8,20447.0
2016-04-05,219.95,220.0,219.0,220.0,7000.0
2016-04-06,219.8,219.8,219.8,219.8,5000.0
2016-04-07,217.0,219.0,217.0,217.89999,50300.0
2016-04-08,218.0,218.0,215.64999,217.0,3150.0
2016-04-11,215.64999,218.95,215.64999,218.95,68271.0
2016-04-12,216.5,220.0,216.5,219.5,50840.0
2016-04-13,219.89999,219.89999,219.89999,219.89999,50.0
2016-04-14,216.5,220.0,216.5,219.95,73923.0
2016-04-15,218.05,220.0,218.0,220.0,37519.0
2016-04-18,220.0,220.10001,220.0,220.10001,119561.0
2016-04-20,219.0,220.0,217.14999,219.0,6932.0
2016-04-21,217.5,218.05,217.5,218.05,7499.0
2016-04-22,217.55,218.95,217.55,218.95,364.0
2016-04-25,217.05,218.5,217.0,218.0,13919.0
2016-04-26,218.05,219.89999,218.05,219.89999,20775.0
2016-04-27,219.89999,223.0,219.89999,223.0,106249.0
2016-04-28,220.14999,227.89999,220.14999,227.0,32909.0
2016-04-29,227.89999,229.89999,227.60001,229.89999,70903.0
2016-05-02,229.95,229.95,225.5,225.5,5631.0
2016-05-03,227.85001,228.0,227.0,228.0,13792.0
2016-05-04,227.0,227.0,227.0,227.0,662282.0
2016-05-05,228.0,234.0,228.0,234.0,50826.0
2016-05-06,230.0,230.05,230.0,230.0,14170.0
2016-05-09,230.0,230.0,230.0,230.0,4029.0
2016-05-10,230.0,231.5,230.0,230.05,7331.0
2016-05-11,229.95,231.0,229.95,231.0,15020.0
2016-05-12,230.0,230.0,230.0,230.0,1596.0
2016-05-13,230.0,230.0,229.5,229.5,3847.0
2016-05-16,225.05,225.10001,225.0,225.05,4561.0
2016-05-17,225.14999,229.35001,225.0,225.10001,31584.0
2016-05-18,225.0,227.85001,224.0,227.85001,31903.0
2016-05-19,228.0,229.39999,225.0,226.60001,14273.0
2016-05-20,228.0,228.0,225.0,226.0,51921.0
2016-05-23,227.5,227.5,225.0,227.5,27813.0
2016-05-24,228.0,228.0,226.10001,226.10001,1798.0
2016-05-26,225.2,226.0,225.2,226.0,3854.0
2016-05-27,226.0,226.0,225.5,226.0,7380.0
2016-05-30,225.0,225.0,225.0,225.0,1423.0
2016-05-31,225.05,225.89999,225.0,225.89999,16154.0
2016-06-01,225.05,228.0,225.05,228.0,3835.0
2016-06-02,225.5,226.0,225.5,225.5,79939.0
2016-06-03,226.0,226.0,226.0,226.0,2968.0
2016-06-06,225.5,226.0,225.5,226.0,12993.0
2016-06-07,226.0,227.0,226.0,227.0,28031.0
2016-06-08,228.0,228.0,225.55,226.05,9514.0
2016-06-09,226.5,226.5,226.05,226.05,50.0
2016-06-10,225.0,225.0,225.0,225.0,6937.0
2016-06-13,225.0,225.0,225.0,225.0,616.0
2016-06-14,225.0,228.0,225.0,227.5,3854.0
2016-06-15,220.2,225.0,220.2,225.0,1330.0
2016-06-16,227.0,227.0,225.0,225.0,23284.0
2016-06-17,225.0,227.39999,225.0,227.39999,22275.0
2016-06-20,224.0,224.0,224.0,224.0,1.0
2016-06-21,226.95,226.95,223.10001,223.10001,4142.0
2016-06-22,217.60001,225.0,217.60001,220.10001,3993.0
2016-06-23,221.0,225.0,221.0,225.0,425.0
2016-06-24,218.5,226.95,218.5,226.95,9157.0
2016-06-27,219.7,219.75,219.0,219.75,1741862.0
2016-06-28,219.0,223.0,219.0,220.0,66401.0
2016-06-29,215.05,215.05,215.05,215.05,590.0
2016-06-30,215.2,219.75,215.2,219.75,6248316.0
2016-07-01,216.10001,216.2,216.10001,216.2,2232.0
2016-07-04,217.0,223.0,217.0,223.0,1654.0
2016-07-05,220.05,224.0,220.05,224.0,3318.0
2016-07-11,218.0,220.0,218.0,219.5,1971.0
2016-07-12,220.0,222.5,220.0,220.0,1325.0
2016-07-13,219.7,221.0,219.7,220.55,24340.0
2016-07-14,221.0,224.89999,220.60001,224.89999,27145.0
2016-07-15,224.89999,225.0,224.0,225.0,90762.0
2016-07-18,225.0,225.0,225.0,225.0,55610.0
2016-07-19,224.0,228.89999,224.0,228.89999,21212.0
2016-07-20,225.05,225.05,225.05,225.05,3947.0
2016-07-22,225.0,225.0,225.0,225.0,27843.0
2016-07-25,225.05,226.0,225.05,226.0,100889.0
2016-07-26,224.0,225.14999,224.0,225.10001,35492.0
2016-07-27,225.0,226.5,225.0,226.5,16951.0
2016-07-28,226.75,226.95,226.75,226.95,90213.0
2016-07-29,227.0,227.10001,227.0,227.05,115862.0
2016-08-02,225.3,227.95,225.3,227.95,39765.0
2016-08-03,227.0,227.8,227.0,227.8,12932.0
2016-08-04,226.14999,227.10001,226.14999,227.05,3815.0
2016-08-05,227.0,227.95,227.0,227.95,110282.0
2016-08-08,225.25,228.0,225.25,228.0,4743.0
2016-08-09,227.0,228.0,227.0,228.0,7604.0
2016-08-10,226.0,226.0,226.0,226.0,200.0
2016-08-11,227.0,228.10001,227.0,228.05,33162.0
2016-08-12,228.0,228.5,228.0,228.5,21166.0
2016-08-15,228.0,228.05,228.0,228.05,4895.0
2016-08-16,228.5,229.0,228.5,229.0,10031.0
2016-08-17,228.0,228.10001,228.0,228.05,19380.0
2016-08-18,228.05,228.05,228.05,228.05,498.0
2016-08-19,228.05,229.0,228.05,229.0,12154.0
2016-08-22,228.14999,228.5,228.14999,228.5,7278.0
2016-08-23,228.10001,228.14999,228.10001,228.14999,3362.0
2016-08-24,229.0,229.0,228.5,228.5,9705.0
2016-08-25,228.10001,228.10001,228.0,228.0,13460.0
2016-08-26,228.25,228.5,228.25,228.5,4130.0
2016-08-29,227.60001,228.0,227.60001,228.0,675.0
2016-08-31,228.0,228.0,226.60001,226.60001,7311.0
2016-09-01,226.60001,226.8,226.60001,226.8,355.0
2016-09-02,226.64999,227.5,220.0,227.5,6878.0
2016-09-05,227.5,227.5,227.5,227.5,3641.0
2016-09-06,222.14999,227.5,222.14999,227.5,5304.0
2016-09-07,226.95,227.0,222.05,226.0,1063.0
2016-09-08,226.0,226.0,225.5,225.5,844.0
2016-09-09,224.0,228.0,224.0,227.0,11605.0
2016-09-14,228.0,228.0,227.0,227.0,26045.0
2016-09-15,227.5,230.0,227.5,228.10001,129386.0
2016-09-16,228.14999,228.5,227.0,227.0,62087.0
2016-09-19,228.3,229.0,227.0,229.0,6007.0
2016-09-20,229.0,229.0,227.0,229.0,90032.0
2016-09-21,227.0,229.0,227.0,229.0,23027.0
2016-09-22,228.0,229.0,227.25,229.0,43293.0
2016-09-23,228.0,228.0,227.14999,228.0,17076.0
2016-09-26,227.2,228.0,227.2,228.0,16519.0
2016-09-27,227.25,228.0,227.25,228.0,17120.0
2016-09-28,228.0,228.0,227.25,227.75,17119.0
2016-09-29,227.95,228.0,227.25,227.89999,8354.0
2016-09-30,227.39999,228.0,227.39999,227.45,67155.0
2016-10-04,227.45,228.89999,227.45,228.89999,32933.0
2016-10-05,228.0,230.0,227.39999,229.5,699339.0
2016-10-06,230.0,230.0,227.60001,228.0,11095.0
2016-10-07,228.0,228.5,228.0,228.05,57304.0
2016-10-10,227.5,228.0,227.5,228.0,2272.0
2016-10-11,228.0,228.0,227.5,228.0,189740.0
2016-10-12,228.0,228.0,227.5,227.5,50169.0
2016-10-13,228.0,228.0,227.5,227.5,8184.0
2016-10-14,227.5,227.60001,227.5,227.60001,1600.0
2016-10-17,227.60001,227.95,227.60001,227.95,3777.0
2016-10-18,227.60001,228.5,227.60001,228.5,4305.0
2016-10-19,228.0,228.60001,228.0,228.05,7922.0
2016-10-20,228.05,228.05,228.05,228.05,5922.0
2016-10-21,228.45,229.0,228.0,229.0,14677.0
2016-10-24,229.0,229.0,228.0,228.0,31312.0
2016-10-25,228.05,228.05,227.55,227.55,36528.0
2016-10-26,227.60001,227.60001,227.55,227.60001,273.0
2016-10-27,228.0,229.0,228.0,228.0,336454.0
2016-10-28,227.2,228.0,227.2,228.0,2199.0
2016-10-31,228.05,229.85001,228.05,229.85001,14924.0
2016-11-01,229.85001,232.0,229.85001,232.0,37490.0
2016-11-02,230.10001,240.0,230.10001,234.7,76361.0
2016-11-03,232.64999,234.0,232.2,232.2,14367.0
2016-11-04,230.10001,232.0,230.05,231.0,16086.0
2016-11-07,232.0,232.0,230.0,230.10001,6949.0
2016-11-08,230.0,230.05,230.0,230.0,61262.0
2016-11-09,230.0,230.0,228.10001,228.64999,6506.0
2016-11-10,228.5,230.0,228.25,228.45,153545.0
2016-11-11,228.5,230.0,228.5,230.0,290697.0
2016-11-14,230.0,232.0,230.0,232.0,28776.0
2016-11-15,230.0,232.0,229.2,232.0,16129.0
2016-11-16,234.0,236.0,230.10001,236.0,16198.0
2016-11-17,232.10001,235.5,230.14999,235.39999,62143.0
2016-11-21,235.45,235.5,231.2,233.0,24365.0
2016-11-22,232.0,235.0,232.0,232.5,15613.0
2016-11-23,229.05,231.05,228.35001,231.0,5790.0
2016-11-24,230.64999,232.10001,230.64999,232.10001,21796.0
2016-11-25,232.05,235.0,232.05,235.0,430.0
2016-11-28,234.0,235.0,232.60001,235.0,391.0
2016-11-29,234.0,235.5,234.0,234.0,26435.0
2016-11-30,233.0,236.0,233.0,236.0,9333.0
2016-12-01,233.05,233.05,233.05,233.05,2500.0
2016-12-02,235.0,237.0,235.0,237.0,11726.0
2016-12-05,238.0,245.0,237.5,237.5,62270.0
2016-12-06,234.39999,238.0,234.10001,237.0,695.0
2016-12-07,235.0,237.0,235.0,237.0,596.0
2016-12-08,237.0,239.0,237.0,238.0,11425.0
2016-12-09,239.0,249.0,239.0,249.0,457559.0
2016-12-14,250.0,250.0,243.0,243.0,3180.0
2016-12-15,243.25,245.0,243.25,245.0,5586.0
2016-12-16,245.0,252.0,243.0,252.0,235480.0
2016-12-19,252.0,266.0,252.0,265.0,94828.0
2016-12-20,258.0,265.0,257.0,265.0,66796.0
2016-12-21,257.5,262.5,257.29999,262.5,43926.0
2016-12-22,261.0,270.0,260.29999,270.0,59664.0
2016-12-23,270.0,289.95001,270.0,288.5,383566.0
2016-12-26,285.0,289.0,280.14999,282.0,90486.0
2016-12-27,280.79999,281.20001,279.95001,280.0,7971.0
2016-12-28,278.0,280.0,278.0,280.0,17201.0
2016-12-29,279.95001,280.0,277.0,280.0,330003.0
2016-12-30,279.0,284.89999,277.0,284.89999,69771.0
2017-01-02,280.0,280.0,280.0,280.0,21.0
2017-01-03,278.20001,280.04999,278.0,280.04999,13157.0
2017-01-04,280.0,291.0,280.0,289.0,44371.0
2017-01-05,285.04999,300.0,285.04999,300.0,270370.0
2017-01-06,310.45001,329.95001,310.0,310.0,237479.0
2017-01-09,328.0,328.0,315.0,320.0,22896.0
2017-01-10,330.0,332.0,323.0,330.0,270157.0
2017-01-12,325.0,332.0,325.0,332.0,90486.0
2017-01-13,331.89999,338.89999,326.0,330.0,269395.0
2017-01-16,326.70001,327.04999,325.04999,326.0,15090.0
2017-01-17,325.0,325.0,314.0,314.0,23249.0
2017-01-18,311.10001,314.0,302.0,309.0,84907.0
2017-01-19,310.0,315.04999,303.0,311.14999,154849.0
2017-01-20,310.0,312.0,310.0,312.0,251192.0
2017-01-23,312.04999,313.95001,310.14999,310.14999,90463.0
2017-01-24,308.0,310.0,307.20001,309.39999,330251.0
2017-01-25,310.0,313.0,310.0,313.0,195527.0
2017-01-26,313.0,313.0,309.60001,309.89999,349047.0
2017-01-27,309.39999,310.0,308.29999,310.0,107196.0
2017-01-30,309.0,310.0,308.64999,308.64999,8269.0
2017-01-31,308.0,308.0,277.79999,280.10001,348447.0
2017-02-01,282.5,289.0,280.14999,288.89999,21625.0
2017-02-02,298.0,309.0,291.5,300.0,30225.0
2017-02-03,307.0,309.85001,300.0,305.0,47134.0
2017-02-06,305.0,305.0,301.0,303.79999,1465.0
2017-02-07,300.0,303.0,295.04999,302.0,31813.0
2017-02-08,302.0,309.0,302.0,305.0,48075.0
2017-02-09,308.75,308.75,303.0,307.0,805.0
2017-02-10,303.5,307.0,296.04999,300.0,7274.0
2017-02-13,305.0,305.0,300.0,305.0,2879.0
2017-02-14,308.75,308.75,299.5,304.79999,338.0
2017-02-15,299.60001,303.0,299.60001,303.0,3641.0
2017-02-16,306.0,306.0,301.14999,304.95001,21370.0
2017-02-17,301.0,305.0,301.0,301.54999,10165.0
2017-02-20,302.5,303.5,300.04999,300.25,3249.0
2017-02-21,300.0,300.25,300.0,300.25,1776.0
2017-02-22,300.0,300.0,288.0,288.0,13510.0
2017-02-23,288.45001,291.0,270.0,270.0,97592.0
2017-02-24,270.0,282.0,265.10001,280.0,26436.0
2017-02-27,280.0,282.0,277.0,280.0,1719.0
2017-02-28,281.0,281.0,274.0,280.0,8602.0
2017-03-01,285.0,285.0,275.0,276.0,18813.0
2017-03-02,280.0,280.0,275.0,279.0,5559.0
2017-03-03,279.0,279.0,275.5,278.70001,441.0
2017-03-06,279.0,279.0,279.0,279.0,105.0
2017-03-07,275.0,277.0,271.0,271.0,17352.0
2017-03-08,270.04999,271.0,267.35001,269.75,12214.0
2017-03-09,270.0,270.0,267.0,267.0,17158.0
2017-03-10,270.64999,270.64999,269.0,270.0,19880.0
2017-03-13,267.25,271.0,267.25,271.0,9089.0
2017-03-14,269.60001,276.0,269.60001,272.0,10045.0
2017-03-15,274.0,274.0,270.0,274.0,68969.0
2017-03-16,270.04999,270.04999,267.10001,270.0,30398.0
2017-03-17,267.70001,274.0,267.10001,274.0,9082.0
2017-03-20,277.0,277.0,277.0,277.0,2629.0
2017-03-21,277.0,277.0,270.0,276.85001,9152.0
2017-03-22,270.14999,274.79999,270.10001,274.79999,36.0
2017-03-23,270.14999,271.0,265.0,265.0,57054.0
2017-03-24,270.0,270.0,259.95001,270.0,73575.0
2017-03-27,270.0,270.0,269.0,269.0,301.0
2017-03-28,270.0,270.0,261.39999,270.0,10174.0
2017-03-29,275.0,275.0,266.79999,269.89999,127.0
2017-03-30,269.95001,269.95001,263.04999,264.0,20680.0
2017-03-31,268.79999,268.79999,263.25,263.25,252.0
2017-04-03,263.20001,264.5,263.20001,263.5,1868.0
2017-04-04,263.5,263.5,263.5,263.5,4.0
2017-04-05,263.5,268.70001,263.5,268.70001,12.0
2017-04-06,268.64999,268.64999,261.5,261.89999,1861.0
2017-04-07,261.5,261.5,255.0,260.0,7376.0
2017-04-10,262.0,262.0,255.2,260.89999,710.0
2017-04-11,257.0,262.0,257.0,262.0,106.0
2017-04-12,257.25,260.0,257.25,260.0,110.0
2017-04-13,260.0,260.0,259.0,260.0,43.0
2017-04-14,257.0,260.0,257.0,260.0,3477.0
2017-04-17,260.0,261.5,257.0,257.10001,276.0
2017-04-18,258.14999,260.0,258.0,260.0,806.0
2017-04-19,256.10001,260.0,256.0,260.0,8268.0
2017-04-20,260.0,260.0,256.0,260.0,2092.0
2017-04-21,256.10001,259.45001,256.0,256.5,10320.0
2017-04-24,257.0,258.0,256.10001,257.10001,9218.0
2017-04-25,259.20001,259.20001,256.60001,257.0,28515.0
2017-04-26,258.0,260.0,256.04999,260.0,8269.0
2017-04-27,256.14999,262.0,256.14999,262.0,13890.0
2017-04-28,266.0,275.0,266.0,275.0,95075.0
2017-05-02,277.0,285.0,277.0,285.0,24890.0
2017-05-03,285.0,298.0,281.14999,289.89999,125648.0
2017-05-04,284.14999,289.89999,284.14999,287.0,15128.0
2017-05-05,286.0,288.95001,282.0,283.0,34937.0
2017-05-08,284.5,284.5,276.95001,277.0,55181.0
2017-05-09,272.0,277.0,272.0,272.10001,9275.0
2017-05-10,272.10001,278.89999,272.10001,273.54999,38000.0
2017-05-11,272.54999,276.10001,270.0,270.60001,1998505.0
2017-05-12,271.10001,275.0,271.0,271.60001,252754.0
2017-05-15,271.60001,271.79999,271.60001,271.75,22271.0
2017-05-16,272.10001,275.0,272.0,275.0,1738.0
2017-05-17,275.0,275.0,272.25,272.25,7755.0
2017-05-18,272.35001,275.0,272.25,275.0,4254.0
2017-05-19,275.0,275.0,273.64999,273.64999,42045.0
2017-05-22,273.0,273.04999,273.0,273.04999,32952.0
2017-05-23,272.04999,277.95001,272.04999,277.95001,11.0
2017-05-24,273.0,273.0,272.75,272.75,41403.0
2017-05-25,272.5,273.0,271.0,271.64999,19179.0
2017-05-26,271.10001,273.0,271.10001,273.0,18043.0
2017-05-29,273.0,273.0,272.29999,272.29999,313005.0
2017-05-30,271.5,271.70001,271.5,271.70001,7925.0
2017-05-31,272.0,273.0,272.0,272.0,7963.0
2017-06-01,272.0,273.0,272.0,272.0,5458.0
2017-06-02,271.60001,272.0,270.60001,271.0,37358.0
2017-06-05,271.5,272.14999,270.60001,272.14999,112022.0
2017-06-06,276.89999,280.0,272.29999,280.0,64505.0
2017-06-07,285.0,295.0,285.0,292.10001,471560.0
2017-06-08,290.20001,295.0,286.14999,291.0,37461.0
2017-06-09,282.0,292.70001,282.0,291.0,86765.0
2017-06-12,285.14999,290.0,283.0,287.0,6333.0
2017-06-13,285.10001,288.39999,277.04999,288.39999,3590.0
2017-06-14,287.0,287.0,286.0,286.0,14541.0
2017-06-15,287.89999,287.89999,283.14999,284.5,9354.0
2017-06-16,287.89999,287.89999,280.0,287.0,2262.0
2017-06-19,285.0,290.0,280.54999,290.0,76436.0
2017-06-20,290.0,294.0,290.0,292.0,53237.0
2017-06-21,294.0,294.0,290.0,291.5,102957.0
2017-06-22,291.54999,295.0,291.5,295.0,17203.0
2017-06-23,295.0,300.0,295.0,297.5,112995.0
2017-06-28,300.0,302.0,297.54999,299.79999,49056.0
2017-06-29,295.64999,298.0,295.04999,295.04999,18605.0
2017-06-30,295.5,298.0,290.04999,290.04999,18844.0
2017-07-03,290.39999,297.0,290.39999,292.0,2039.0
2017-07-04,297.0,297.0,294.0,296.95001,1250.0
2017-07-05,295.5,301.5,295.5,301.0,7463.0
2017-07-06,298.5,300.29999,298.5,300.0,114205.0
2017-07-07,300.04999,303.89999,300.04999,303.89999,37920.0
2017-07-10,305.0,305.0,300.0,301.0,31636.0
2017-07-11,301.5,303.0,301.5,303.0,7088.0
2017-07-12,301.0,303.89999,301.0,303.0,12600.0
2017-07-13,303.89999,306.0,302.0,302.0,24089.0
2017-07-14,301.10001,302.0,298.0,298.0,18293.0
2017-07-17,299.0,302.0,298.5,298.5,22859.0
2017-07-18,301.0,301.0,298.14999,298.60001,39505.0
2017-07-19,298.29999,298.35001,295.0,295.0,8709.0
2017-07-20,291.20001,291.20001,290.0,290.0,21747.0
2017-07-21,290.10001,290.5,288.10001,288.60001,61121.0
2017-07-24,288.5,293.0,288.5,290.0,15648.0
2017-07-25,297.39999,298.45001,291.0,292.0,1065.0
2017-07-26,297.0,297.0,296.0,296.5,383.0
2017-07-27,296.5,297.0,292.0,292.0,19111.0
2017-07-28,295.5,295.5,292.0,293.0,9507.0
2017-07-31,290.0,295.0,290.0,290.0,21659.0
2017-08-01,289.0,290.0,288.0,290.0,106957.0
2017-08-02,292.89999,295.0,290.0,294.0,48945.0
2017-08-03,290.0,292.0,288.10001,288.10001,290.0
2017-08-04,291.89999,291.89999,288.10001,290.0,8945.0
2017-08-07,290.0,291.0,290.0,291.0,9485.0
2017-08-08,291.39999,291.39999,291.35001,291.39999,13628.0
2017-08-09,288.39999,291.39999,288.39999,291.0,104.0
2017-08-10,291.0,291.0,290.5,291.0,7393.0
2017-08-11,289.5,291.0,288.70001,291.0,8143.0
2017-08-15,291.0,291.0,287.04999,287.04999,6792.0
2017-08-16,290.89999,290.89999,290.79999,290.79999,7.0
2017-08-17,289.0,289.0,287.25,289.0,4386.0
2017-08-18,287.14999,287.14999,287.10001,287.10001,107.0
2017-08-22,290.70001,290.70001,286.5,286.5,17645.0
2017-08-24,286.54999,289.95001,286.54999,286.60001,4331.0
2017-08-25,287.5,287.5,286.0,286.64999,15450.0
2017-08-28,290.0,290.0,290.0,290.0,2.0
2017-08-29,286.0,290.0,286.0,286.10001,1335.0
2017-08-30,286.14999,290.0,286.14999,290.0,9494.0
2017-08-31,287.0,293.0,286.70001,293.0,11277.0
2017-09-04,286.70001,290.0,286.70001,290.0,14878.0
2017-09-05,290.5,290.5,290.5,290.5,100.0
2017-09-06,290.5,293.0,290.5,293.0,31610.0
2017-09-07,290.5,297.5,290.5,297.5,22342.0
2017-09-08,295.04999,296.5,291.60001,295.0,22736.0
2017-09-11,299.0,305.04999,299.0,305.04999,59346.0
2017-09-12,305.10001,310.0,305.0,310.0,134736.0
2017-09-13,307.10001,308.0,306.0,306.54999,16836.0
2017-09-14,306.0,307.60001,305.0,307.60001,25631.0
2017-09-15,307.89999,307.89999,298.95001,307.0,59158.0
2017-09-18,300.0,304.25,297.10001,304.25,7272.0
2017-09-19,304.89999,308.0,297.29999,303.0,3136.0
2017-09-20,298.0,298.0,297.0,297.0,107.0
2017-09-21,298.5,298.5,291.04999,295.0,27620.0
2017-09-25,295.0,300.0,295.0,300.0,15099.0
2017-09-26,298.04999,300.0,298.04999,300.0,2050.0
2017-09-27,302.79999,302.79999,300.0,300.0,13203.0
2017-09-28,303.0,303.0,300.0,300.0,13288.0
2017-09-29,299.0,302.60001,299.0,300.20001,24739.0
2017-10-02,302.0,302.0,300.0,300.54999,2600.0
2017-10-03,300.5,304.75,300.5,302.10001,7376.0
2017-10-04,302.0,312.0,302.0,312.0,75940.0
2017-10-05,305.10001,310.0,304.25,310.0,34104.0
2017-10-06,305.10001,310.0,304.10001,310.0,12216.0
2017-10-09,305.0,310.0,305.0,309.0,1756.0
2017-10-10,309.95001,309.95001,305.60001,309.70001,1575.0
2017-10-11,305.85001,307.0,305.5,305.75,10292.0
2017-10-12,305.54999,306.04999,305.54999,306.04999,24449.0
2017-10-13,307.0,309.0,304.0,309.0,12122.0
2017-10-16,305.0,305.0,304.0,304.0,7545.0
2017-10-17,305.0,305.0,304.0,304.0,27281.0
2017-10-18,304.0,304.0,304.0,304.0,5000.0
2017-10-19,305.04999,306.0,304.5,306.0,12560.0
2017-10-20,306.04999,306.04999,304.10001,304.10001,58692.0
2017-10-23,304.14999,304.14999,304.0,304.0,2855.0
2017-10-24,304.0,306.0,303.10001,306.0,1481.0
2017-10-25,305.0,306.0,305.0,305.0,75600.0
2017-10-26,303.04999,303.04999,303.0,303.0,203.0
2017-10-27,304.0,305.0,300.0,305.0,44197.0
2017-10-30,300.70001,300.75,300.0,300.0,42019.0
2017-10-31,300.04999,301.0,300.0,300.0,46351.0
2017-11-01,300.10001,300.10001,300.0,300.04999,13259.0
2017-11-02,300.0,300.0,300.0,300.0,4931.0
2017-11-03,300.0,304.60001,300.0,304.60001,19217.0
2017-11-07,302.5,302.5,302.10001,302.10001,2632.0
2017-11-08,301.0,301.60001,300.0,301.60001,8752.0
2017-11-09,302.0,307.0,300.14999,307.0,10892.0
2017-11-10,305.0,310.0,305.0,309.79999,43647.0
2017-11-13,312.0,312.0,305.0,310.0,24972.0
2017-11-14,306.0,306.04999,306.0,306.0,240.0
2017-11-16,306.0,308.0,306.0,308.0,17052.0
2017-11-17,307.89999,307.89999,307.89999,307.89999,2500.0
2017-11-20,307.0,308.0,306.0,306.0,33402.0
2017-11-21,306.0,307.0,306.0,306.5,26250.0
2017-11-22,306.0,306.0,302.04999,305.0,60617.0
2017-11-24,302.29999,303.0,302.20001,303.0,62898.0
2017-11-27,303.0,303.0,303.0,303.0,11238.0
2017-11-28,302.5,304.5,302.5,304.5,134.0
2017-11-29,302.64999,304.0,302.60001,304.0,120.0
2017-11-30,303.10001,303.5,303.10001,303.5,12535.0
2017-12-04,303.5,303.89999,303.5,303.89999,43145.0
2017-12-05,304.0,304.0,303.5,304.0,22000.0
2017-12-06,303.20001,306.89999,300.5,300.5,11558.0
2017-12-07,306.0,306.0,300.5,301.0,15160.0
2017-12-08,300.5,301.0,300.5,301.0,10839.0
2017-12-11,303.89999,303.89999,295.0,301.04999,20601.0
2017-12-12,301.04999,303.0,301.04999,303.0,11487.0
2017-12-13,300.5,302.95001,300.10001,300.10001,8979.0
2017-12-14,300.10001,301.5,300.10001,300.10001,19272.0
2017-12-15,300.0,300.10001,296.10001,296.10001,73220.0
2017-12-18,300.04999,300.04999,295.10001,295.10001,64023.0
2017-12-19,300.0,300.0,292.10001,295.0,11515.0
2017-12-20,295.0,299.0,293.10001,294.0,33126.0
2017-12-21,294.0,298.70001,294.0,298.70001,112808.0
2017-12-22,293.0,297.0,293.0,293.54999,29303.0
2017-12-25,294.0,295.0,294.0,294.0,355.0
2017-12-26,293.10001,300.0,293.10001,294.0,7065.0
2017-12-27,293.25,294.89999,293.25,294.29999,67986.0
2017-12-28,299.79999,299.95001,294.0,294.79999,209958.0
2017-12-29,295.0,295.0,293.20001,294.0,24314.0
2018-01-02,293.5,295.0,293.0,293.0,11622.0
2018-01-03,293.0,295.0,266.0,289.89999,130393.0
2018-01-04,289.89999,289.89999,285.0,285.29999,751.0
2018-01-05,289.85001,289.85001,280.14999,283.0,159593.0
2018-01-08,283.04999,289.60001,283.04999,285.39999,49874.0
2018-01-09,289.75,289.75,285.60001,287.0,10484.0
2018-01-10,285.70001,290.0,285.70001,286.64999,14903.0
2018-01-12,288.85001,292.95001,288.0,292.95001,67245.0
2018-01-15,290.14999,302.95001,290.10001,302.0,171050.0
2018-01-16,300.0,305.0,300.0,303.0,89262.0
2018-01-17,296.45001,302.0,296.45001,297.35001,44916.0
2018-01-18,298.0,298.0,297.10001,297.29999,13597.0
2018-01-19,297.0,299.0,297.0,297.70001,33950.0
2018-01-22,298.0,298.0,296.54999,297.95001,12955.0
2018-01-23,297.0,298.0,296.5,297.0,24970.0
2018-01-24,297.70001,298.0,297.54999,297.60001,55092.0
2018-01-25,297.54999,298.0,297.54999,297.60001,17010.0
2018-01-26,297.60001,297.60001,296.25,297.0,27117.0
2018-01-29,296.5,297.0,296.45001,296.5,46340.0
2018-01-30,296.45001,296.45001,294.0,294.0,13663.0
2018-01-31,292.5,294.0,292.0,294.0,40579.0
2018-02-01,295.0,303.0,294.0,300.04999,87337.0
2018-02-02,300.10001,303.45001,300.0,300.0,49797.0
2018-02-05,295.25,298.0,295.25,298.0,1116.0
2018-02-06,297.64999,297.64999,294.60001,294.64999,5628.0
2018-02-07,294.75,297.95001,294.75,295.29999,30914.0
2018-02-08,297.39999,297.89999,295.04999,296.0,11455.0
2018-02-09,297.0,299.0,295.10001,299.0,23396.0
2018-02-12,295.25,296.5,295.25,296.5,6372.0
2018-02-13,297.39999,298.95001,296.0,297.0,4075.0
2018-02-14,296.95001,301.20001,296.95001,297.20001,45388.0
2018-02-15,297.0,304.0,297.0,304.0,43878.0
2018-02-16,304.60001,308.0,302.0,302.0,57666.0
2018-02-19,304.89999,304.89999,300.60001,301.95001,8306.0
2018-02-20,302.0,304.0,301.04999,302.04999,32806.0
2018-02-21,303.0,303.0,301.04999,301.25,4442.0
2018-02-22,302.0,303.0,301.54999,303.0,12168.0
2018-02-23,303.79999,303.79999,302.14999,303.0,19734.0
2018-02-26,300.29999,300.29999,300.0,300.0,9680.0
2018-02-27,301.70001,301.70001,297.0,298.0,40360.0
2018-02-28,299.0,299.0,297.0,297.54999,10190.0
2018-03-01,299.89999,299.89999,297.54999,299.0,3294.0
2018-03-02,299.0,300.0,297.14999,300.0,37389.0
2018-03-05,297.04999,300.0,297.04999,300.0,4896.0
2018-03-06,300.0,300.0,297.04999,300.0,65979.0
2018-03-07,300.0,300.39999,300.0,300.29999,252274.0
2018-03-08,300.0,300.95001,298.0,300.0,44968.0
2018-03-09,300.10001,303.0,300.0,302.89999,76250.0
2018-03-12,303.60001,303.60001,300.0,300.5,9506.0
2018-03-13,301.0,301.0,300.54999,301.0,12253.0
2018-03-14,301.0,301.0,297.64999,300.0,16018.0
2018-03-15,300.0,301.0,297.04999,300.0,17033.0
2018-03-16,298.25,300.0,298.20001,299.95001,17806.0
2018-03-19,298.5,299.0,298.10001,299.0,6632.0
2018-03-20,298.14999,299.5,298.10001,299.5,4786.0
2018-03-21,298.0,298.0,290.20001,291.45001,3743.0
2018-03-22,292.5,299.0,291.95001,299.0,10806.0
2018-03-23,293.10001,299.0,293.10001,298.0,19344.0
2018-03-26,294.10001,298.0,294.04999,297.89999,897.0
2018-03-27,295.0,295.10001,294.14999,294.14999,89274.0
2018-03-28,294.14999,297.0,294.14999,294.95001,28072.0
2018-03-29,294.14999,294.14999,294.0,294.10001,366.0
2018-03-30,293.29999,294.64999,293.04999,294.64999,5056.0
2018-04-02,296.0,296.70001,293.14999,296.70001,31523.0
2018-04-03,296.89999,298.0,293.20001,294.0,39538.0
2018-04-04,297.35001,297.35001,293.14999,294.95001,5165.0
2018-04-05,294.0,294.54999,294.0,294.0,4325.0
2018-04-06,294.0,294.0,293.04999,293.5,5842.0
2018-04-09,293.0,293.5,291.04999,292.0,5700.0
2018-04-10,292.0,293.0,291.04999,293.0,2531.0
2018-04-11,291.10001,293.5,291.10001,293.5,4639.0
2018-04-12,291.20001,293.5,291.10001,293.5,6012.0
2018-04-13,293.5,293.5,291.10001,293.5,15329.0
2018-04-16,293.5,293.5,291.04999,293.5,26920.0
2018-04-17,291.10001,294.0,291.04999,294.0,3747.0
2018-04-18,291.5,291.60001,291.10001,291.60001,4030.0
2018-04-19,294.0,295.0,291.64999,295.0,10074.0
2018-04-20,292.04999,295.5,292.04999,295.5,6186.0
2018-04-23,292.0,292.0,292.0,292.0,329.0
2018-04-24,292.25,295.0,292.25,295.0,8092.0
2018-04-25,292.25,292.25,292.25,292.25,1961.0
2018-04-26,292.20001,292.20001,291.10001,292.0,60792.0
2018-04-27,293.79999,295.0,292.04999,295.0,42471.0
2018-04-30,292.0,295.0,291.14999,293.5,50272.0
2018-05-02,291.25,294.39999,291.14999,294.39999,3939.0
2018-05-03,291.14999,294.5,291.14999,291.14999,1262.0
2018-05-04,291.20001,291.20001,291.14999,291.20001,7007.0
2018-05-07,291.5,293.95001,291.04999,293.95001,11181.0
2018-05-08,293.95001,293.95001,291.10001,291.35001,6066.0
2018-05-09,291.60001,291.60001,291.60001,291.60001,7158.0
2018-05-10,293.85001,293.85001,291.85001,291.89999,7921.0
2018-05-11,291.89999,292.0,291.85001,291.85001,15503.0
2018-05-14,291.79999,292.0,291.79999,291.89999,7479.0
2018-05-15,292.0,292.04999,291.0,291.5,9396.0
2018-05-16,291.0,292.89999,290.0,292.89999,155388.0
2018-05-17,290.04999,290.04999,290.0,290.0,12353.0
2018-05-18,290.0,290.0,290.0,290.0,20662.0
2018-05-21,290.0,290.0,290.0,290.0,21208.0
2018-05-22,290.0,290.0,290.0,290.0,27751.0
2018-05-23,290.0,291.0,290.0,290.0,7427.0
2018-05-24,291.0,291.0,290.0,290.0,816.0
2018-05-28,291.89999,292.0,290.0,290.0,3075.0
2018-05-29,290.0,290.20001,290.0,290.0,8368.0
2018-05-30,290.0,290.14999,290.0,290.0,14106.0
2018-05-31,290.0,290.5,290.0,290.5,77795.0
2018-06-01,290.04999,291.0,290.04999,291.0,21239.0
2018-06-04,290.0,290.04999,290.0,290.0,35265.0
2018-06-05,290.0,290.04999,290.0,290.0,17047.0
2018-06-06,290.0,290.14999,290.0,290.04999,14806.0
2018-06-07,290.10001,290.95001,290.10001,290.95001,4949.0
2018-06-08,290.95001,291.0,290.10001,291.0,77745.0
2018-06-11,290.04999,290.10001,290.0,290.10001,6225.0
2018-06-12,290.0,290.5,290.0,290.04999,28048.0
2018-06-13,290.0,290.79999,290.0,290.79999,205832.0
2018-06-14,290.70001,290.75,290.0,290.0,21866.0
2018-06-18,290.0,290.0,288.0,289.0,31602.0
2018-06-19,286.0,287.0,280.54999,280.54999,4760.0
2018-06-20,287.89999,289.35001,285.0,285.5,1720.0
2018-06-21,286.0,286.0,285.0,285.0,1006.0
2018-06-22,289.95001,289.95001,289.95001,289.95001,9322.0
2018-06-25,290.89999,290.89999,283.0,283.0,846.0
2018-06-26,282.89999,283.0,279.89999,279.89999,6347.0
2018-06-27,282.0,282.0,277.0,277.0,96448.0
2018-06-28,282.79999,282.79999,277.0,280.89999,26669.0
2018-06-29,283.95001,284.0,282.0,282.0,256008.0
2018-07-02,277.14999,280.95001,277.0,277.0,11803.0
2018-07-03,277.0,277.0,272.04999,272.04999,92474.0
2018-07-04,272.10001,277.0,272.10001,272.29999,7475.0
2018-07-05,272.29999,272.45001,272.29999,272.39999,2219.0
2018-07-06,273.0,280.0,273.0,276.0,28774.0
2018-07-09,285.45001,285.45001,272.29999,278.0,3526.0
2018-07-10,285.0,285.0,273.5,273.5,5677.0
2018-07-11,274.0,276.5,273.0,276.5,9141.0
2018-07-12,273.04999,273.04999,272.0,272.0,12017.0
2018-07-13,272.0,272.0,269.5,269.5,13549.0
2018-07-16,269.5,269.5,266.10001,269.5,3364.0
2018-07-17,270.0,270.0,265.0,265.0,5652.0
2018-07-18,265.0,265.0,262.0,262.0,10194.0
2018-07-19,265.0,269.5,262.10001,262.10001,58042.0
2018-07-20,265.0,266.0,264.0,265.0,104679.0
2018-07-23,266.0,270.04999,264.0,270.04999,8663.0
2018-07-24,271.0,276.0,270.14999,272.0,56813.0
2018-07-25,273.0,273.0,270.04999,270.04999,40186.0
2018-07-26,279.79999,279.79999,271.54999,275.0,105088.0
2018-07-27,278.89999,283.0,278.89999,279.95001,46300.0
2018-07-31,282.79999,285.54999,277.5,285.54999,38229.0
2018-08-01,288.0,288.0,281.0,285.35001,551.0
2018-08-02,285.0,285.0,284.89999,284.89999,6660.0
2018-08-03,279.04999,282.0,276.39999,276.39999,2072.0
2018-08-06,275.10001,279.0,275.10001,279.0,15445.0
2018-08-07,283.70001,283.70001,276.79999,276.79999,16145.0
2018-08-08,275.5,275.5,274.0,274.0,484.0
2018-08-10,279.0,279.0,274.0,274.14999,3400.0
2018-08-13,274.29999,274.29999,267.0,267.0,2415.0
2018-08-15,275.0,275.0,270.14999,272.20001,2402.0
2018-08-16,275.0,275.0,270.10001,270.14999,3245.0
2018-08-17,271.0,271.0,270.25,270.29999,8892.0
2018-08-27,270.29999,270.29999,270.29999,270.29999,70.0
2018-08-28,270.29999,270.29999,268.04999,270.0,15947.0
2018-08-29,270.0,270.0,270.0,270.0,16950.0
2018-08-30,267.64999,270.0,267.64999,270.0,15010.0
2018-08-31,268.25,270.0,267.54999,268.0,19681.0
2018-09-03,265.10001,269.0,265.0,265.0,12681.0
2018-09-04,264.25,267.0,260.25,264.5,26890.0
2018-09-05,261.04999,263.0,260.20001,263.0,4628.0
2018-09-06,263.0,263.10001,262.0,262.0,48323.0
2018-09-07,268.70001,268.70001,258.5,258.5,113393.0
2018-09-10,261.0,261.0,261.0,261.0,10060.0
2018-09-12,263.95001,263.95001,260.0,261.0,59020.0
2018-09-13,261.10001,266.85001,261.10001,266.85001,17713.0
2018-09-14,262.5,264.0,262.5,263.54999,48948.0
2018-09-17,262.04999,264.0,262.04999,264.0,35618.0
2018-09-18,263.79999,267.95001,263.79999,264.0,64840.0
2018-09-19,262.10001,267.0,260.04999,263.95001,3620.0
2018-09-20,266.0,266.89999,266.0,266.89999,21364.0
2018-09-21,266.0,273.5,266.0,268.0,153928.0
2018-09-24,264.0,264.0,264.0,264.0,45.0
2018-09-25,265.04999,274.85001,265.04999,274.85001,89979.0
2018-09-26,276.0,276.0,272.04999,275.0,6359.0
2018-09-27,275.0,280.04999,272.5,280.04999,42593.0
2018-09-28,279.95001,280.0,272.10001,279.0,476772.0
2018-10-01,280.0,280.0,270.0,270.0,3499.0
2018-10-02,270.5,278.0,269.5,278.0,2946.0
2018-10-03,276.64999,276.64999,276.64999,276.64999,1.0
2018-10-04,275.0,275.0,271.39999,271.39999,2021.0
2018-10-05,272.10001,272.5,270.10001,272.5,1620.0
2018-10-08,272.5,272.5,271.5,271.5,316.0
2018-10-09,272.0,275.0,270.0,275.0,3746.0
2018-10-10,271.0,271.0,270.0,270.04999,22055.0
2018-10-11,270.0,270.04999,270.0,270.04999,1703.0
2018-10-12,271.0,271.0,266.0,270.04999,43695.0
2018-10-15,270.0,270.0,266.04999,270.0,6782.0
2018-10-16,270.0,275.0,270.0,275.0,54096.0
2018-10-17,270.0,274.75,270.0,270.04999,32275.0
2018-10-18,270.10001,274.0,268.10001,270.25,24985.0
2018-10-19,271.0,273.70001,268.45001,273.70001,8778.0
2018-10-22,273.79999,275.0,270.20001,272.10001,69326.0
2018-10-23,272.29999,274.5,272.29999,273.04999,20322.0
2018-10-24,273.04999,273.04999,272.10001,272.10001,16185.0
2018-10-25,272.29999,272.29999,272.29999,272.29999,8260.0
2018-10-26,274.89999,274.95001,270.35001,271.04999,3336.0
2018-10-29,271.0,271.0,271.0,271.0,67.0
2018-10-30,271.0,271.0,266.45001,268.0,37038.0
2018-10-31,268.5,271.5,268.5,271.5,263880.0
2018-11-01,271.0,271.5,266.39999,266.39999,3066.0
2018-11-02,269.0,269.0,269.0,269.0,3151.0
2018-11-05,272.95001,272.95001,266.20001,266.20001,65.0
2018-11-07,271.95001,271.95001,266.85001,270.04999,5124.0
2018-11-08,267.25,272.75,265.0,271.04999,24236.0
2018-11-09,272.79999,272.79999,267.04999,272.45001,399.0
2018-11-12,267.04999,270.0,266.29999,268.0,9859.0
2018-11-13,269.0,271.95001,269.0,271.95001,8193.0
2018-11-14,272.89999,272.89999,269.04999,270.0,10115.0
2018-11-15,269.20001,271.0,268.25,271.0,78132.0
2018-11-16,268.14999,271.04999,268.14999,271.04999,24264.0
2018-11-19,268.25,272.0,268.25,272.0,5618.0
2018-11-22,270.0,272.0,270.0,272.0,10900.0
2018-11-23,270.04999,273.5,270.04999,273.5,17318.0
2018-11-26,270.25,275.0,270.25,275.0,3681.0
2018-11-27,272.60001,278.0,272.60001,278.0,21863.0
2018-11-28,277.95001,281.0,277.95001,281.0,51895.0
2018-11-29,283.70001,283.70001,275.04999,282.0,27775.0
2018-11-30,278.5,285.0,278.5,285.0,72714.0
2018-12-03,281.10001,285.0,280.0,281.14999,9065.0
2018-12-04,278.54999,285.0,278.14999,285.0,7595.0
2018-12-05,284.39999,284.39999,282.14999,284.0,665.0
2018-12-06,280.14999,284.95001,278.0,283.0,428450.0
2018-12-07,280.0,280.0,275.10001,275.10001,24638.0
2018-12-10,279.95001,284.0,275.04999,284.0,554481.0
2018-12-11,275.79999,282.5,275.79999,282.5,50854.0
2018-12-12,282.5,282.5,276.75,277.04999,14090.0
2018-12-13,275.5,276.10001,275.25,276.10001,1059.0
2018-12-14,275.70001,279.39999,273.0,273.0,29290.0
2018-12-17,272.79999,275.0,271.0,275.0,5130.0
2018-12-18,272.0,274.10001,272.0,274.10001,1726.0
2018-12-19,277.0,277.0,277.0,277.0,2400.0
2018-12-20,274.10001,274.14999,274.04999,274.10001,9799.0
2018-12-21,274.10001,279.0,270.04999,279.0,69137.0
2018-12-24,272.64999,275.0,272.64999,275.0,870.0
2018-12-25,277.0,277.0,275.0,275.25,310425.0
2018-12-26,275.0,280.0,275.0,277.0,348355.0
2018-12-27,275.45001,280.0,275.45001,279.89999,194998.0
2018-12-28,279.0,280.10001,276.14999,280.0,224702.0
2018-12-31,279.95001,280.0,274.60001,280.0,249269.0
2019-01-02,276.10001,281.79999,276.04999,281.79999,344179.0
2019-01-03,276.70001,280.0,276.70001,277.0,87785.0
2019-01-04,276.75,279.0,276.75,279.0,19520.0
2019-01-07,276.95001,279.04999,276.95001,278.0,17982.0
2019-01-08,277.0,277.0,275.10001,275.10001,11371.0
2019-01-09,275.25,275.29999,275.20001,275.29999,19118.0
2019-01-10,276.0,276.0,274.14999,274.14999,39278.0
2019-01-14,274.14999,274.14999,270.45001,270.60001,20536.0
2019-01-15,271.0,274.0,270.79999,274.0,5246.0
2019-01-16,271.20001,271.60001,271.10001,271.54999,5251.0
2019-01-17,271.54999,273.0,271.54999,273.0,3566.0
2019-01-18,273.95001,278.0,272.39999,275.0,64082.0
2019-01-21,273.20001,273.29999,273.20001,273.29999,8274.0
2019-01-22,273.14999,273.95001,271.60001,273.95001,5402.0
2019-01-23,272.20001,273.79999,272.20001,273.79999,16686.0
2019-01-24,272.25,275.0,272.25,273.79999,18063.0
2019-01-25,272.0,277.0,272.0,275.0,29533.0
2019-01-28,276.0,276.0,272.39999,275.0,10258.0
2019-01-29,275.0,277.0,273.5,275.0,29060.0
2019-01-30,275.04999,276.95001,274.10001,274.10001,19115.0
2019-01-31,275.0,276.89999,274.45001,275.0,40589.0
2019-02-01,275.0,275.10001,274.5,275.04999,44711.0
2019-02-04,274.35001,275.0,274.04999,274.5,4400.0
2019-02-05,274.35001,275.0,274.20001,275.0,26188.0
2019-02-06,274.29999,275.95001,274.29999,275.89999,38668.0
2019-02-07,274.45001,275.0,274.25,275.0,10935.0
2019-02-08,275.89999,275.89999,274.20001,275.0,117922.0
2019-02-11,274.54999,275.89999,274.54999,275.89999,29508.0
2019-02-12,274.54999,277.0,274.54999,277.0,35968.0
2019-02-13,275.60001,275.79999,275.0,275.79999,9398.0
2019-02-14,274.79999,277.95001,274.79999,277.39999,127909.0
2019-02-15,275.45001,277.0,275.45001,275.60001,135402.0
2019-02-18,275.04999,276.0,274.04999,275.0,28162.0
2019-02-19,275.0,275.5,274.20001,275.0,28782.0
2019-02-20,274.25,275.39999,274.0,274.0,130809.0
2019-02-21,274.5,274.5,270.0,270.0,2469.0
2019-02-22,270.25,273.95001,270.14999,273.95001,19507.0
2019-02-25,270.45001,270.45001,270.29999,270.29999,3679.0
2019-02-26,270.5,272.60001,266.0,272.60001,3490.0
2019-02-27,266.29999,272.75,266.0,266.5,2626.0
2019-02-28,268.0,268.0,267.0,267.0,28955.0
2019-03-01,267.0,274.89999,266.5,274.89999,10521.0
2019-03-04,274.70001,274.75,268.0,270.0,6875.0
2019-03-05,267.04999,270.0,266.35001,269.95001,4582.0
2019-03-06,267.5,270.0,267.04999,270.0,6461.0
2019-03-07,267.04999,267.04999,266.54999,266.60001,1633.0
2019-03-08,269.79999,269.79999,267.0,267.0,13529.0
2019-03-11,267.29999,267.29999,266.64999,267.0,1725.0
2019-03-12,267.0,269.89999,266.54999,269.89999,8606.0
2019-03-14,266.5,269.70001,265.0,265.0,58562.0
2019-03-15,265.5,265.5,265.0,265.0,24719.0
2019-03-18,265.0,265.0,265.0,265.0,3248.0
2019-03-19,265.0,268.0,265.0,268.0,7444.0
2019-03-20,268.0,268.0,265.0,265.0,8850.0
2019-03-21,265.0,265.0,264.79999,265.0,24870.0
2019-03-22,265.0,268.0,265.0,267.0,39204.0
2019-03-25,267.0,268.0,267.0,267.0,8832.0
2019-03-26,265.0,267.0,265.0,267.0,2801.0
2019-03-27,265.0,266.60001,265.0,266.60001,24880.0
2019-03-28,266.89999,267.0,265.10001,266.0,38705.0
2019-03-29,266.0,266.0,266.0,266.0,62948.0
2019-04-01,266.54999,267.79999,266.54999,267.79999,889.0
2019-04-02,266.0,267.89999,265.0,267.89999,12394.0
2019-04-03,266.0,266.0,265.0,265.0,824.0
2019-04-04,265.0,265.0,265.0,265.0,6737.0
2019-04-05,265.0,266.0,265.0,265.20001,12855.0
2019-04-08,265.25,267.0,265.25,267.0,336.0
2019-04-09,265.04999,266.0,265.04999,266.0,9536.0
2019-04-10,265.04999,266.0,265.04999,266.0,2954.0
2019-04-11,265.0,266.0,265.0,266.0,6116.0
2019-04-12,267.0,267.0,265.0,265.0,9305.0
2019-04-15,265.0,265.5,264.14999,265.5,33783.0
2019-04-16,265.5,265.5,264.5,265.5,39857.0
2019-04-17,265.5,266.0,264.20001,266.0,79583.0
2019-04-18,265.5,265.95001,265.25,265.89999,69712.0
2019-04-19,265.89999,267.0,265.54999,266.0,72854.0
2019-04-22,266.0,267.0,265.70001,267.0,3020.0
2019-04-23,267.0,267.0,265.0,265.0,51954.0
2019-04-24,266.5,266.5,265.0,265.0,26001.0
2019-04-25,264.0,265.0,264.0,265.0,16255.0
2019-04-26,263.54999,265.0,263.54999,265.0,1155.0
2019-04-29,264.0,265.0,263.70001,265.0,9549.0
2019-04-30,263.79999,265.0,263.79999,265.0,30060.0
2019-05-02,265.95001,265.95001,263.89999,265.0,6645.0
2019-05-03,264.0,265.0,264.0,265.0,16933.0
2019-05-06,265.0,265.0,264.20001,265.0,2458.0
2019-05-07,265.0,265.0,265.0,265.0,917.0
2019-05-08,264.5,265.0,264.25,265.0,5236.0
2019-05-09,265.0,265.0,264.29999,265.0,18060.0
2019-05-10,265.0,266.0,264.29999,266.0,10204.0
2019-05-13,265.0,266.0,265.0,266.0,32154.0
2019-05-14,266.0,266.0,265.04999,266.0,7302.0
2019-05-15,266.0,268.0,266.0,268.0,5638.0
2019-05-16,265.29999,266.0,265.29999,266.0,3522.0
2019-05-17,267.95001,272.0,267.95001,270.5,42620.0
2019-05-20,272.0,273.0,272.0,273.0,3235.0
2019-05-21,270.0,273.35001,268.0,270.0,29621.0
2019-05-22,267.04999,274.95001,267.04999,274.95001,6892.0
2019-05-23,274.89999,274.95001,268.60001,273.95001,28208.0
2019-05-24,270.04999,272.5,270.0,270.0,15710.0
2019-05-27,268.60001,270.0,268.60001,270.0,3350.0
2019-05-28,270.0,270.04999,270.0,270.0,73890.0
2019-05-29,270.0,270.0,265.29999,265.5,2558.0
2019-05-30,265.70001,266.0,264.89999,264.89999,21643.0
2019-05-31,269.85001,269.95001,265.0,265.5,16221.0
2019-06-03,257.85001,265.0,257.85001,265.0,3180.0
2019-06-04,265.0,268.0,265.0,268.0,3783.0
2019-06-10,267.95001,268.0,265.0,265.0,917.0
2019-06-11,265.04999,267.89999,265.0,265.04999,2475.0
2019-06-12,265.0,265.0,265.0,265.0,850.0
2019-06-13,265.0,265.04999,260.0,265.0,15352.0
2019-06-14,270.0,270.0,270.0,270.0,41093.0
2019-06-17,270.95001,272.79999,268.0,270.0,16092.0
2019-06-18,270.20001,277.0,270.10001,277.0,50730.0
2019-06-19,277.0,279.0,271.14999,271.29999,59006.0
2019-06-20,271.0,273.95001,271.0,272.0,3248.0
2019-06-21,271.29999,273.95001,270.0,270.0,18571.0
2019-06-24,270.04999,274.0,265.64999,266.04999,18135.0
2019-06-25,266.14999,270.04999,266.10001,270.04999,1087.0
2019-06-26,272.0,272.0,268.14999,272.0,327151.0
2019-06-27,267.14999,270.0,266.10001,270.0,631380.0
2019-06-28,268.0,269.89999,268.0,269.89999,151275.0
2019-07-01,267.0,269.14999,266.95001,269.14999,3815.0
2019-07-02,267.04999,267.10001,267.0,267.10001,27956.0
2019-07-03,267.10001,268.0,267.10001,268.0,5628.0
2019-07-04,267.10001,268.0,267.10001,267.20001,7385.0
2019-07-05,269.0,269.0,266.04999,267.20001,7688.0
2019-07-08,266.04999,269.0,266.04999,267.29999,17517.0
2019-07-09,269.89999,270.0,267.35001,270.0,13754.0
2019-07-10,268.14999,272.0,268.14999,272.0,26199.0
2019-07-11,272.0,272.0,270.0,270.04999,2675.0
2019-07-12,270.0,273.0,270.0,272.04999,49777.0
2019-07-15,272.95001,272.95001,272.95001,272.95001,880.0
2019-07-16,272.95001,272.95001,269.5,270.10001,5731.0
2019-07-17,272.95001,276.0,272.95001,275.04999,190875.0
2019-07-18,275.0,275.0,270.70001,275.0,244806.0
2019-07-19,275.0,275.0,272.25,273.95001,29148.0
2019-07-22,272.0,273.0,272.0,273.0,8445.0
2019-07-23,272.0,273.0,268.0,272.89999,11788.0
2019-07-24,270.04999,270.20001,270.04999,270.10001,1631.0
2019-07-25,270.0,270.20001,270.0,270.20001,5619.0
2019-07-26,271.04999,273.85001,270.0,273.85001,8976.0
2019-07-29,274.0,274.0,270.25,271.10001,16950.0
2019-07-31,272.0,273.89999,272.0,273.89999,58419.0
2019-08-01,270.60001,272.0,270.60001,272.0,6051.0
2019-08-02,272.0,273.0,271.04999,273.0,10099.0
2019-08-05,270.14999,270.54999,270.10001,270.54999,880.0
2019-08-06,270.5,272.5,270.5,272.5,2654.0
2019-08-07,272.0,272.0,271.10001,271.20001,19450.0
2019-08-08,271.70001,271.70001,271.70001,271.70001,276.0
2019-08-09,271.25,272.0,271.25,272.0,12943.0
2019-08-15,270.10001,272.0,270.04999,272.0,1287.0
2019-08-16,270.54999,272.0,270.54999,272.0,1458.0
2019-08-19,272.0,272.0,270.14999,270.14999,1732.0
2019-08-22,270.29999,271.0,270.29999,271.0,16521.0
2019-08-23,271.0,272.5,271.0,272.5,6340.0
2019-08-26,272.5,273.5,272.5,273.5,10038.0
2019-08-27,274.0,274.95001,272.0,274.95001,37107.0
2019-08-28,271.70001,272.0,271.64999,272.0,7953.0
2019-08-29,271.75,273.0,271.75,273.0,7029.0
2019-08-30,273.0,273.0,271.5,272.0,24660.0
2019-09-02,270.0,272.0,270.0,272.0,3312.0
2019-09-03,270.75,271.0,270.75,270.79999,6146.0
2019-09-04,270.95001,271.0,270.95001,271.0,5883.0
2019-09-05,272.0,272.0,270.20001,270.45001,6300.0
2019-09-06,270.10001,270.29999,270.04999,270.29999,2526.0
2019-09-09,271.0,271.0,270.29999,270.29999,1489.0
2019-09-10,270.29999,270.29999,268.5,268.5,11935.0
2019-09-11,269.0,269.0,268.0,268.0,2162.0
2019-09-12,268.10001,268.10001,268.04999,268.04999,1933.0
2019-09-13,268.10001,270.0,268.0,268.0,5427.0
2019-09-16,268.0,268.0,268.0,268.0,3564.0
2019-09-17,269.95001,269.95001,268.0,268.0,8470.0
2019-09-18,267.60001,270.0,267.60001,268.0,6522.0
2019-09-19,268.0,268.10001,268.0,268.0,18301.0
2019-09-20,268.0,269.95001,268.0,268.0,27758.0
2019-09-23,268.0,270.0,268.0,270.0,5037.0
2019-09-24,268.0,270.0,268.0,268.0,552.0
2019-09-25,268.10001,268.10001,268.0,268.0,8716.0
2019-09-26,268.04999,268.04999,267.5,268.0,9572.0
2019-09-27,268.0,269.95001,268.0,269.95001,10484.0
2019-09-30,268.79999,268.79999,268.0,268.0,41516.0
2019-10-01,268.0,268.0,268.0,268.0,14927.0
2019-10-02,266.35001,268.0,266.25,266.39999,6141.0
2019-10-03,269.0,269.0,265.5,265.5,5523.0
2019-10-04,266.04999,267.5,266.04999,267.0,23523.0
2019-10-07,266.25,266.25,266.25,266.25,10.0
2019-10-08,266.29999,266.29999,265.0,265.0,2092.0
2019-10-09,264.0,265.0,264.0,265.0,9421.0
2019-10-10,265.04999,265.04999,262.39999,265.0,5260.0
2019-10-11,265.95001,267.0,263.5,264.89999,63246.0
2019-10-14,265.0,265.0,265.0,265.0,7298.0
2019-10-15,265.0,265.0,265.0,265.0,12295.0
2019-10-16,265.0,265.0,263.04999,263.10001,6325.0
2019-10-17,263.10001,268.95001,263.10001,268.95001,2899.0
2019-10-18,267.0,267.95001,267.0,267.95001,16868.0
2019-10-21,263.39999,263.39999,263.39999,263.39999,11979.0
2019-10-22,263.70001,267.95001,263.60001,267.95001,11636.0
2019-10-23,264.04999,265.5,264.0,265.5,438.0
2019-10-25,265.5,267.95001,264.10001,267.95001,63610.0
2019-10-28,265.5,266.0,265.5,265.5,31249.0
2019-10-29,266.0,266.0,264.5,266.0,1627950.0
2019-10-30,266.0,268.85001,266.0,268.85001,45026.0
2019-10-31,268.85001,269.0,265.79999,266.0,228177.0
2019-11-01,268.95001,268.95001,268.95001,268.95001,1700.0
2019-11-04,265.95001,266.5,265.95001,266.5,9124.0
2019-11-05,265.95001,267.0,265.95001,267.0,3766.0
2019-11-07,267.0,268.0,267.0,268.0,19871.0
2019-11-08,266.54999,270.0,266.54999,270.0,25213.0
2019-11-12,267.0,267.0,266.79999,266.79999,4487.0
2019-11-13,266.35001,268.0,266.35001,268.0,232117.0
2019-11-14,267.04999,269.95001,267.04999,269.95001,18756.0
2019-11-15,267.25,270.0,267.25,270.0,27636.0
2019-11-19,267.89999,271.0,267.89999,271.0,34644.0
2019-11-20,270.0,270.0,270.0,270.0,17771.0
2019-11-21,270.0,270.95001,269.14999,270.95001,16842.0
2019-11-22,270.0,274.89999,270.0,274.89999,233189.0
2019-11-25,274.89999,274.89999,271.54999,272.0,49506.0
2019-11-26,271.0,272.60001,271.0,272.60001,28180.0
2019-11-27,271.0,272.0,270.79999,272.0,16016.0
2019-11-28,272.0,272.04999,272.0,272.04999,8661.0
2019-11-29,272.95001,274.0,272.95001,274.0,68289.0
2019-12-02,273.29999,273.29999,271.10001,271.10001,11871.0
2019-12-03,270.04999,272.0,269.20001,272.0,10491.0
2019-12-04,270.14999,270.14999,270.10001,270.10001,7921.0
2019-12-05,270.14999,272.0,270.14999,271.04999,20420.0
2019-12-06,271.25,273.0,271.20001,273.0,6111.0
2019-12-09,273.89999,273.89999,272.0,272.04999,16895.0
2019-12-10,272.14999,274.0,272.10001,274.0,23254.0
2019-12-11,273.89999,274.0,272.14999,273.95001,37112.0
2019-12-12,272.20001,274.04999,272.20001,274.04999,77671.0
2019-12-13,274.39999,274.5,274.0,274.0,58950.0
2019-12-16,274.0,274.0,272.04999,273.0,9753.0
2019-12-17,273.0,273.95001,272.14999,273.95001,22334.0
2019-12-18,273.10001,273.95001,273.04999,273.95001,3492.0
2019-12-19,273.10001,273.89999,272.25,273.89999,249884.0
2019-12-20,273.89999,274.5,273.89999,274.0,154605.0
2019-12-23,273.5,273.5,273.0,273.0,217232.0
2019-12-24,273.0,273.10001,273.0,273.04999,111515.0
2019-12-25,272.54999,273.45001,272.54999,273.0,70408.0
2019-12-26,272.39999,273.0,272.39999,273.0,2348.0
2019-12-27,272.39999,273.0,272.39999,273.0,5100.0
2019-12-30,272.89999,273.95001,272.89999,273.95001,75116.0
2019-12-31,273.0,278.0,273.0,277.5,575874.0
2020-01-02,275.0,276.89999,275.0,276.89999,73947.0
2020-01-03,276.89999,277.0,276.89999,277.0,99634.0
2020-01-06,277.5,277.5,273.29999,277.0,6643.0
2020-01-07,274.0,275.04999,274.0,275.04999,31615.0
2020-01-08,276.0,276.89999,274.0,274.0,19649.0
2020-01-09,275.95001,276.95001,275.95001,276.10001,79547.0
2020-01-10,276.0,276.0,275.5,276.0,21607.0
2020-01-13,273.0,273.0,272.79999,272.79999,601.0
2020-01-14,273.20001,275.0,273.0,274.0,21978.0
2020-01-15,274.0,274.0,274.0,274.0,7926.0
2020-01-16,274.0,275.95001,274.0,275.95001,106665.0
2020-01-17,276.0,277.0,275.04999,277.0,182478.0
2020-01-20,275.10001,276.89999,275.10001,275.54999,18310.0
2020-01-21,276.0,276.5,275.39999,276.5,9308.0
2020-01-22,276.5,276.95001,276.10001,276.95001,51312.0
2020-01-23,276.95001,276.95001,276.0,276.0,1145.0
2020-01-24,276.0,276.89999,275.0,276.89999,82651.0
2020-01-27,274.0,276.0,274.0,274.5,17909.0
2020-01-28,274.5,274.5,274.39999,274.5,5745.0
2020-01-29,274.04999,274.04999,273.5,274.0,27875.0
2020-01-30,274.89999,274.89999,272.04999,273.5,5800.0
2020-01-31,272.0,274.39999,272.0,274.39999,7919.0
2020-02-03,272.0,272.0,270.20001,270.29999,862.0
2020-02-04,270.35001,273.95001,270.35001,273.95001,10434.0
2020-02-05,271.14999,271.14999,271.14999,271.14999,1000.0
2020-02-06,270.35001,271.20001,270.35001,271.20001,2507.0
2020-02-07,270.14999,273.89999,266.0,273.89999,42070.0
2020-02-10,273.5,273.5,273.5,273.5,250.0
2020-02-11,270.10001,270.10001,270.10001,270.10001,856.0
2020-02-12,271.0,271.0,270.10001,270.14999,18330.0
2020-02-13,270.20001,272.0,270.10001,272.0,1020.0
2020-02-14,270.10001,274.0,270.0,274.0,45953.0
2020-02-17,274.89999,274.89999,274.5,274.5,3065.0
2020-02-18,270.60001,274.0,270.60001,273.85001,15798.0
2020-02-19,270.20001,271.0,270.20001,271.0,8026.0
2020-02-20,271.10001,271.20001,271.10001,271.14999,6577.0
2020-02-21,273.0,275.0,272.54999,275.0,492697.0
2020-02-24,270.29999,271.04999,270.10001,271.0,7688.0
2020-02-26,270.25,270.25,270.25,270.25,570.0
2020-02-27,272.95001,272.95001,272.95001,272.95001,40.0
2020-02-28,272.0,272.95001,271.0,271.0,118649.0
2020-03-02,270.10001,270.10001,270.10001,270.10001,2449.0
2020-03-03,270.04999,270.10001,267.0,267.0,31367.0
2020-03-04,266.45001,266.5,266.0,266.0,25405.0
2020-03-05,270.0,270.0,264.0,269.89999,46378.0
2020-03-06,266.0,266.0,264.0,264.0,62225.0
2020-03-09,257.0,260.0,238.0,242.0,102293.0
2020-03-10,248.0,263.89999,248.0,260.0,25168.0
2020-03-11,263.70001,263.70001,259.95001,259.95001,16055.0
2020-03-12,255.05,255.05,240.0,240.0,65683.0
2020-03-13,240.0,240.0,235.0,240.0,110469.0
2020-03-16,240.0,240.0,216.05,216.05,63884.0
2020-03-17,218.0,218.0,207.45,207.45,53464.0
2020-03-18,207.45,207.45,199.2,199.2,47156.0
2020-03-19,191.25,207.14999,191.25,207.14999,176723.0
2020-03-20,210.0,215.39999,207.0,215.39999,81492.0
2020-03-23,224.0,224.0,224.0,224.0,11966.0
2020-03-24,230.0,230.0,226.0,226.0,140135.0
2020-03-25,229.0,229.0,217.0,217.0,179888.0
2020-03-26,225.0,225.0,216.8,216.8,46104.0
2020-03-27,215.0,217.0,213.95,217.0,80408.0
2020-03-30,217.0,217.0,216.0,217.0,21257.0
2020-03-31,225.0,225.0,216.0,216.0,24545.0
2020-04-01,216.0,216.0,213.0,215.0,12759.0
2020-04-02,215.0,215.0,213.0,215.0,33110.0
2020-04-03,215.0,215.0,210.0,210.0,54353.0
2020-04-06,210.0,210.0,208.0,208.0,405.0
2020-04-07,210.0,210.0,199.7,199.7,45763.0
2020-04-08,199.5,202.95,199.0,201.0,55139.0
2020-04-09,202.5,209.0,199.0,199.0,8061.0
2020-04-10,201.0,204.0,200.0,201.8,42054.0
2020-04-13,205.7,205.75,205.7,205.75,121.0
2020-04-14,207.0,208.5,207.0,207.0,695.0
2020-04-15,211.89999,211.89999,203.0,203.0,8040.0
2020-04-16,203.10001,203.10001,200.0,200.0,28147.0
2020-04-17,200.14999,202.0,198.95,198.95,13957.0
2020-04-20,198.95,200.0,198.0,198.0,11903.0
2020-04-21,201.5,201.5,195.14999,195.14999,21888.0
2020-04-22,196.0,197.95,195.05,195.05,1206.0
2020-04-23,198.85001,198.85001,195.0,195.0,18292.0
2020-04-24,197.95,198.0,196.0,196.0,12362.0
2020-04-27,199.95,199.95,197.95,198.0,17299.0
2020-04-28,198.0,200.0,198.0,200.0,106120.0
2020-04-29,201.0,203.95,200.14999,200.14999,7362.0
2020-04-30,204.95,206.0,204.0,204.0,30452.0
2020-05-04,205.0,205.0,200.0,200.0,15304.0
2020-05-05,204.45,205.89999,200.45,202.0,33886.0
2020-05-06,204.0,205.5,203.05,204.05,9606.0
2020-05-08,206.89999,206.89999,196.2,196.2,27100.0
2020-05-11,203.0,203.0,197.0,197.0,14018.0
2020-05-12,196.25,200.0,195.0,195.0,28054.0
2020-05-13,194.0,194.89999,190.0,190.0,2744.0
2020-05-14,196.2,196.2,195.0,195.0,264.0
2020-05-15,195.0,195.0,193.0,193.0,68328.0
2020-05-18,195.0,198.0,194.0,197.3,18843.0
2020-05-19,197.85001,199.89999,197.64999,198.0,22634.0
2020-05-20,200.95,200.95,199.0,199.0,28053.0
2020-05-21,200.0,203.89999,200.0,202.0,408.0
2020-05-22,200.0,203.5,200.0,203.0,17663.0
2020-05-26,203.89999,205.0,203.0,205.0,24564.0
2020-05-27,205.10001,210.0,205.10001,210.0,70222.0
2020-05-28,210.0,213.0,208.10001,210.0,141210.0
2020-05-29,210.0,214.5,209.2,214.0,145226.0
2020-06-01,213.0,217.2,212.5,214.0,12000.0
2020-06-02,215.0,216.5,214.0,215.0,36635.0
2020-06-03,218.95,219.95,218.0,218.2,38901.0
2020-06-04,225.0,225.0,219.2,221.0,54682.0
2020-06-05,224.89999,225.0,220.0,220.0,16075.0
2020-06-08,224.0,224.0,220.0,223.5,3689.0
2020-06-09,224.0,224.0,221.0,221.0,37873.0
2020-06-10,220.0,222.95,215.05,216.0,289239.0
2020-06-11,219.8,219.89999,216.0,219.89999,3440.0
2020-06-12,216.0,219.0,215.60001,217.0,39151.0
2020-06-15,219.95,219.95,218.89999,218.89999,1668.0
2020-06-16,215.25,220.0,215.25,218.05,4656.0
2020-06-17,226.75,226.75,226.75,226.75,6783.0
2020-06-18,233.5,233.5,222.60001,222.60001,195362.0
2020-06-19,225.0,225.0,220.10001,223.0,85552.0
2020-06-22,226.0,227.45,223.5,224.0,570.0
2020-06-23,222.0,225.89999,222.0,223.10001,3025.0
2020-06-24,225.0,225.0,221.0,221.0,9105.0
2020-06-25,223.0,223.0,220.0,220.0,4929.0
2020-06-26,219.89999,220.0,218.0,218.0,61551.0
2020-06-29,224.39999,225.89999,218.10001,218.5,2490.0
2020-06-30,220.0,220.0,219.8,219.8,41563.0
2020-07-01,219.5,223.7,219.5,223.7,25712.0
2020-07-02,223.95,223.95,223.0,223.0,762.0
2020-07-03,221.0,224.0,221.0,222.89999,3671.0
2020-07-06,224.0,224.35001,219.89999,219.89999,12057.0
2020-07-07,219.89999,222.0,219.89999,221.0,6885.0
2020-07-08,222.0,222.0,222.0,222.0,10.0
2020-07-09,222.0,223.7,221.0,223.7,11913.0
2020-07-10,221.5,221.5,221.5,221.5,5273.0
2020-07-13,220.0,223.85001,220.0,220.0,5360.0
2020-07-14,220.0,220.0,219.0,220.0,3156.0
2020-07-15,218.10001,222.89999,218.0,221.0,27544.0
2020-07-16,222.0,222.95,218.2,221.55,39809.0
2020-07-17,219.5,222.95,219.5,222.05,8912.0
2020-07-20,222.89999,223.5,222.89999,223.0,802.0
2020-07-21,223.45,223.45,223.0,223.0,17568.0
2020-07-22,220.60001,223.0,220.60001,223.0,22362.0
2020-07-23,223.0,225.0,222.55,223.0,11690.0
2020-07-24,223.0,224.89999,221.0,223.0,45203.0
2020-07-27,221.0,224.0,221.0,223.0,10453.0
2020-07-28,220.10001,227.0,220.0,227.0,8682.0
2020-07-29,225.0,230.0,225.0,229.8,26409.0
2020-08-03,229.95,229.95,228.89999,229.0,150.0
2020-08-04,226.0,228.89999,225.0,227.8,537.0
2020-08-05,226.0,228.0,225.60001,226.0,3264.0
2020-08-06,226.0,226.3,225.64999,226.3,87.0
2020-08-07,228.0,228.5,228.0,228.0,11065.0
2020-08-10,228.89999,228.89999,227.0,227.0,108.0
2020-08-11,228.0,228.14999,228.0,228.14999,7009.0
2020-08-12,228.0,229.0,228.0,229.0,30721.0
2020-08-13,233.0,233.0,230.0,233.0,22261.0
2020-08-17,234.95,235.0,234.0,234.89999,4724.0
2020-08-18,236.0,236.0,231.5,232.5,28121.0
2020-08-19,232.0,232.5,228.10001,232.5,51520.0
2020-08-24,228.5,231.5,228.25,229.45,38180.0
2020-08-25,228.5,228.5,228.0,228.5,9790.0
2020-08-26,225.0,225.0,225.0,225.0,40.0
2020-08-27,225.0,229.0,225.0,229.0,9839.0
2020-08-28,228.95,228.95,223.89999,225.0,11317.0
2020-08-31,225.0,225.64999,224.5,225.64999,12665.0
2020-09-01,228.5,234.64999,228.5,234.64999,66545.0
2020-09-02,234.60001,235.0,230.05,234.89999,36270.0
2020-09-03,236.0,236.0,236.0,236.0,50.0
2020-09-04,233.0,233.0,232.5,232.5,5576.0
2020-09-08,233.0,234.0,232.05,233.0,19076.0
2020-09-09,232.14999,236.0,232.14999,236.0,4141.0
2020-09-10,233.14999,237.8,233.14999,236.0,70714.0
2020-09-11,233.0,237.75,232.0,235.10001,13899.0
2020-09-14,232.5,233.10001,232.5,233.05,8975.0
2020-09-15,233.05,233.05,232.64999,232.64999,7439.0
2020-09-16,234.05,234.05,233.5,234.0,5077.0
2020-09-17,233.5,233.5,231.0,231.0,69043.0
2020-09-18,230.14999,231.0,230.05,230.5,18739.0
2020-09-21,230.60001,230.60001,230.14999,230.14999,780.0
2020-09-22,230.39999,231.0,230.39999,231.0,1482.0
2020-09-23,232.0,235.0,231.05,231.05,3896.0
2020-09-24,231.5,233.0,231.14999,232.05,23552.0
2020-09-25,233.0,233.0,232.0,232.05,10505.0
2020-09-28,232.0,232.0,232.0,232.0,11.0
2020-09-29,232.0,234.0,232.0,234.0,9280.0
2020-09-30,233.0,233.0,231.05,231.05,1806.0
2020-10-01,233.0,233.0,231.0,232.0,20532.0
2020-10-02,233.0,233.0,233.0,233.0,250.0
2020-10-05,233.0,233.2,231.05,231.05,28536.0
2020-10-06,231.10001,231.10001,231.10001,231.10001,159.0
2020-10-07,233.95,233.95,231.85001,233.10001,21899.0
2020-10-08,232.5,235.0,232.5,235.0,76574.0
2020-10-09,232.60001,235.8,232.60001,235.0,28725.0
2020-10-12,235.0,235.0,234.0,235.0,1327.0
2020-10-13,235.89999,237.0,235.2,236.05,26990.0
2020-10-14,237.95,244.0,237.95,242.95,42052.0
2020-10-15,243.14999,243.14999,240.05,240.2,6535.0
2020-10-16,240.10001,240.10001,236.7,237.0,94332.0
2020-10-19,237.05,239.89999,237.05,238.0,321.0
2020-10-20,239.75,242.0,239.75,240.60001,103415.0
2020-10-21,235.2,238.0,235.0,235.14999,3914.0
2020-10-22,235.0,238.05,235.0,238.05,20123.0
2020-10-23,238.0,241.64999,238.0,240.95,178415.0
2020-10-26,240.0,241.89999,239.89999,240.05,24801.0
2020-10-27,240.95,241.0,238.3,240.0,27214.0
2020-10-28,241.8,241.8,238.60001,240.0,9592.0
2020-11-02,240.0,240.0,236.7,236.7,754.0
2020-11-03,236.7,236.75,236.3,236.75,6826.0
2020-11-04,236.5,237.0,236.35001,237.0,7123.0
2020-11-05,238.0,238.0,238.0,238.0,5.0
2020-11-09,237.5,242.0,237.5,241.89999,83680.0
2020-11-10,243.0,245.0,241.7,244.0,75569.0
2020-11-11,243.95,244.0,241.5,241.5,14109.0
2020-11-12,244.0,244.0,238.5,243.8,6763.0
2020-11-13,240.05,243.89999,240.05,242.45,21713.0
2020-11-16,241.75,243.0,241.60001,242.45,12817.0
2020-11-17,242.95,243.0,242.45,243.0,33269.0
2020-11-19,243.05,244.5,243.0,244.0,18520.0
2020-11-20,244.5,247.0,244.5,246.5,66868.0
2020-11-23,244.60001,244.60001,243.2,243.2,1209.0
2020-11-24,246.5,246.89999,245.0,245.0,28338.0
2020-11-25,246.0,246.85001,246.0,246.8,47409.0
2020-11-26,246.0,246.89999,245.10001,246.0,6382.0
2020-11-27,243.45,246.0,242.5,243.10001,23695.0
2020-11-30,245.0,245.95,243.14999,245.0,32339.0
2020-12-01,242.35001,245.0,242.35001,245.0,1043.0
2020-12-02,242.5,247.0,242.5,245.05,15919.0
2020-12-03,244.0,246.0,244.0,244.5,3004.0
2020-12-04,247.0,247.0,245.0,245.0,8849.0
2020-12-07,246.95,246.95,244.35001,245.0,7672.0
2020-12-08,244.5,246.95,244.5,246.95,9315.0
2020-12-09,246.95,247.0,245.05,245.05,5223.0
2020-12-10,247.0,247.0,246.95,247.0,2706.0
2020-12-11,249.95,250.0,247.2,250.0,104980.0
2020-12-14,247.64999,253.0,247.64999,249.5,1581.0
2020-12-15,250.0,251.0,249.0,251.0,16748.0
2020-12-16,250.0,258.95001,250.0,257.0,154680.0
2020-12-17,251.14999,264.79999,251.14999,259.0,92725.0
2020-12-18,259.0,259.89999,254.60001,254.60001,48944.0
2020-12-21,252.60001,252.60001,244.60001,245.0,33298.0
2020-12-22,244.0,252.0,244.0,250.0,27848.0
2020-12-23,248.05,256.95001,248.05,251.0,3211.0
2020-12-24,251.10001,251.10001,250.0,250.0,14645.0
2020-12-25,250.0,250.0,247.0,247.0,37380.0
2020-12-28,245.0,250.0,245.0,246.0,3748.0
2020-12-29,246.05,246.10001,245.0,245.0,770.0
2020-12-31,246.10001,249.75,246.10001,249.7,11781.0
2021-01-04,252.5,252.5,252.5,252.5,1.0
2021-01-05,248.5,249.60001,246.55,249.60001,820.0
2021-01-06,246.05,249.55,244.0,244.0,4820.0
2021-01-07,249.5,249.5,245.0,247.0,13.0
2021-01-08,245.10001,246.0,245.0,246.0,3950.0
2021-01-12,247.0,249.0,243.10001,249.0,2012.0
2021-01-13,249.0,249.0,244.05,244.05,24.0
2021-01-14,244.89999,250.0,244.89999,250.0,13974.0
2021-01-15,250.0,253.5,250.0,253.5,76971.0
2021-01-18,252.0,255.89999,250.0,255.0,7359.0
2021-01-19,255.0,257.0,251.85001,256.0,57168.0
2021-01-20,256.95001,257.5,256.0,257.5,20723.0
2021-01-21,256.0,257.95001,252.7,252.7,32151.0
2021-01-22,250.8,257.5,250.8,256.95001,104328.0
2021-01-25,251.45,257.0,251.45,257.0,36162.0
2021-01-26,257.75,260.0,257.75,259.95001,63578.0
2021-01-27,258.5,258.5,257.54999,257.64999,4248.0
2021-01-28,257.25,257.25,257.20001,257.25,1901.0
2021-01-29,258.0,258.95001,257.20001,258.95001,22796.0
2021-02-01,258.95001,258.95001,254.10001,257.10001,4903.0
2021-02-02,257.0,258.0,254.2,257.10001,10227.0
2021-02-03,254.0,258.54999,254.0,256.20001,6403.0
2021-02-04,255.05,256.5,255.05,255.10001,14747.0
2021-02-05,256.0,256.25,256.0,256.25,37360.0
2021-02-08,256.0,258.0,256.0,258.0,54607.0
2021-02-09,255.0,258.0,254.7,254.75,47686.0
2021-02-10,257.89999,257.89999,251.10001,254.0,2023.0
2021-02-11,257.70001,257.70001,251.2,253.0,35122.0
2021-02-12,257.79999,257.79999,251.0,253.10001,44908.0
2021-02-15,253.10001,253.3,253.10001,253.3,1009.0
2021-02-16,256.25,256.39999,251.3,254.0,3138.0
2021-02-17,254.0,254.05,254.0,254.05,11147.0
2021-02-18,252.0,256.0,252.0,255.0,10205.0
2021-02-19,252.25,254.89999,252.25,254.89999,66.0
2021-02-22,252.3,255.0,252.25,254.89999,2997.0
2021-02-23,252.0,252.0,250.0,251.0,6064.0
2021-02-24,249.0,252.85001,249.0,251.0,12819.0
2021-02-25,250.0,251.95,250.0,250.05,12406.0
2021-02-26,250.0,250.2,250.0,250.0,24825.0
2021-03-01,251.89999,251.89999,248.05,248.05,1634.0
2021-03-02,251.85001,251.85001,249.0,251.39999,250.0
2021-03-03,248.55,251.35001,248.55,249.14999,6460.0
2021-03-04,250.95,250.95,250.95,250.95,40.0
2021-03-05,251.89999,251.89999,248.95,250.0,4358.0
2021-03-08,248.64999,248.64999,248.64999,248.64999,5.0
2021-03-09,248.7,248.7,248.5,248.5,2297.0
2021-03-10,248.14999,248.5,248.14999,248.5,4092.0
2021-03-11,248.05,248.05,247.3,247.3,5800.0
2021-03-12,249.0,249.0,249.0,249.0,32238.0
2021-03-15,249.05,249.05,249.0,249.0,6074.0
2021-03-16,247.0,250.0,246.7,250.0,3328.0
2021-03-17,250.0,255.0,250.0,254.5,33486.0
2021-03-18,249.45,254.39999,249.45,252.5,2956.0
2021-03-19,252.45,254.0,248.35001,254.0,53458.0
2021-03-22,248.2,253.14999,248.2,248.55,6006.0
2021-03-23,249.0,252.0,248.55,249.10001,15041.0
2021-03-24,249.10001,249.10001,249.10001,249.10001,1561.0
2021-03-25,248.55,250.0,248.5,250.0,5577.0
2021-03-26,251.0,251.8,249.5,250.0,1616442.0
2021-03-29,253.89999,253.89999,249.7,249.75,2980.0
2021-03-30,250.5,251.0,249.0,251.0,4437.0
2021-03-31,252.0,253.0,250.10001,253.0,81686.0
2021-04-01,253.8,255.5,250.14999,254.95,90479.0
2021-04-02,253.0,253.0,250.05,253.0,9412.0
2021-04-05,250.0,254.75,250.0,251.05,6740.0
2021-04-06,251.05,251.05,250.10001,250.14999,8650.0
2021-04-08,250.14999,250.14999,250.14999,250.14999,50.0
2021-04-09,253.0,253.0,253.0,253.0,105.0
2021-04-13,253.0,253.0,253.0,253.0,19560.0
2021-04-14,254.10001,254.10001,254.10001,254.10001,16.0
2021-04-15,253.95,255.5,251.2,255.0,102740.0
2021-04-16,255.0,256.0,255.0,256.0,53764.0
2021-04-19,255.95,256.89999,255.95,256.89999,5084.0
2021-04-20,256.95001,258.0,254.0,257.5,72297.0
2021-04-21,255.0,258.0,255.0,256.14999,119207.0
2021-04-22,254.55,258.0,254.55,256.35001,21367.0
2021-04-23,255.10001,258.0,255.10001,258.0,19053.0
2021-04-26,258.0,258.0,256.10001,258.0,152496.0
2021-04-27,254.25,258.5,254.25,258.5,23968.0
2021-04-28,258.0,259.89999,258.0,258.0,80575.0
2021-04-29,258.0,258.95001,258.0,258.89999,20168.0
2021-04-30,256.14999,258.0,256.10001,258.0,13924.0
2021-05-03,258.0,259.5,258.0,259.5,162953.0
2021-05-04,259.70001,262.0,258.54999,262.0,197852.0
2021-05-05,263.95001,265.0,262.04999,262.64999,38033.0
2021-05-06,262.20001,265.0,262.10001,263.0,31287.0
2021-05-07,262.10001,264.5,262.0,264.5,152579.0
2021-05-10,263.0,265.0,262.60001,265.0,41570.0
2021-05-11,263.0,263.0,262.5,262.5,1242.0
2021-05-12,264.95001,265.29999,262.29999,265.29999,54832.0
2021-05-17,265.0,267.95001,262.04999,267.89999,40907.0
2021-05-18,265.0,265.0,263.39999,264.0,2233.0
2021-05-19,266.0,268.0,263.0,266.0,26666.0
2021-05-20,266.0,266.0,264.0,264.0,11682.0
2021-05-21,265.0,266.0,265.0,266.0,2046.0
2021-05-24,266.0,267.0,263.04999,263.04999,1632.0
2021-05-25,266.10001,269.64999,266.10001,268.10001,24082.0
2021-05-26,267.14999,269.0,266.0,269.0,6042.0
2021-05-27,269.0,269.0,266.0,266.0,61565.0
2021-05-28,267.0,268.5,267.0,268.5,6226.0
2021-05-31,266.0,266.0,266.0,266.0,35.0
2021-06-01,268.95001,268.95001,266.0,266.04999,3559.0
2021-06-02,266.04999,268.79999,265.0,268.0,4248.0
2021-06-03,265.5,268.0,265.5,268.0,480.0
2021-06-04,266.0,267.5,265.0,267.5,22386.0
2021-06-07,267.0,268.45001,266.04999,267.0,16949.0
2021-06-08,263.54999,268.45001,263.54999,266.0,5337.0
2021-06-09,265.04999,266.0,265.04999,266.0,4876.0
2021-06-10,266.04999,267.0,266.0,266.0,4153.0
2021-06-11,267.0,267.0,265.5,267.0,8363.0
2021-06-14,267.0,267.70001,267.0,267.70001,9654.0
2021-06-15,267.79999,268.5,265.04999,266.0,25919.0
2021-06-16,266.0,266.5,265.5,266.0,13002.0
2021-06-17,265.04999,267.0,265.04999,265.5,7586.0
2021-06-18,266.0,268.39999,265.14999,266.0,117009.0
2021-06-21,265.04999,267.0,265.04999,267.0,13153.0
2021-06-22,266.5,268.0,266.5,267.0,106474.0
2021-06-24,267.0,267.5,266.0,266.0,12312.0
2021-06-25,266.0,266.04999,263.5,265.0,51358.0
2021-06-28,267.0,267.0,265.0,267.0,722.0
2021-06-29,262.20001,266.95001,262.20001,266.0,3513.0
2021-06-30,266.0,266.0,263.0,266.0,14028.0
2021-07-01,266.0,266.0,263.0,265.89999,6348.0
2021-07-02,265.0,265.0,265.0,265.0,18510.0
2021-07-05,265.0,265.79999,261.5,265.0,19167.0
2021-07-06,261.60001,265.0,261.5,264.5,151.0
2021-07-07,261.60001,264.5,261.60001,264.5,5328.0
2021-07-08,264.5,264.5,264.5,264.5,964.0
2021-07-09,263.5,264.5,263.5,264.5,25638.0
2021-07-12,264.0,265.0,264.0,264.70001,4173.0
2021-07-13,264.5,269.0,264.0,267.0,105378.0
2021-07-14,265.0,267.0,265.0,266.5,11049.0
2021-07-15,268.0,268.0,263.20001,263.20001,314.0
2021-07-16,263.20001,267.95001,263.20001,267.95001,14432.0
2021-07-19,264.60001,264.64999,264.60001,264.64999,688.0
2021-07-20,264.0,264.0,262.20001,262.20001,19369.0
2021-07-23,262.25,267.0,262.25,267.0,3713.0
2021-07-26,267.0,267.0,264.04999,265.25,12650.0
2021-07-27,265.60001,267.0,265.35001,266.0,58249.0
2021-07-28,267.95001,267.95001,265.25,267.95001,838.0
2021-07-29,270.0,271.0,267.5,270.0,253386.0
2021-08-02,269.95001,271.5,268.04999,271.5,36880.0
2021-08-03,268.79999,272.0,261.54999,271.89999,12032.0
2021-08-04,269.60001,272.0,269.60001,271.0,24773.0
2021-08-05,271.0,272.5,270.04999,272.5,21270.0
2021-08-06,272.5,273.0,271.0,273.0,29638.0
2021-08-09,265.0,270.0,264.54999,270.0,4565.0
2021-08-11,265.0,270.0,265.0,269.95001,38738.0
2021-08-12,265.0,269.0,265.0,268.0,16890.0
2021-08-13,268.0,268.0,266.0,267.79999,20940.0
2021-08-16,267.89999,269.0,265.60001,269.0,9891.0
2021-08-17,265.64999,269.95001,265.64999,269.0,5800.0
2021-08-18,267.0,271.0,267.0,271.0,28203.0
2021-08-19,269.0,272.5,269.0,272.5,32390.0
2021-08-23,268.10001,272.0,268.0,272.0,12638.0
2021-08-24,270.0,270.0,270.0,270.0,3667.0
2021-08-25,270.10001,271.0,270.0,271.0,4773.0
2021-08-26,271.0,272.0,271.0,272.0,13806.0
2021-08-27,270.0,272.0,270.0,272.0,25104.0
2021-08-30,268.29999,272.45001,268.29999,271.10001,702.0
2021-08-31,271.04999,272.39999,270.0,270.60001,69575.0
2021-09-01,271.0,271.0,270.0,270.89999,28095.0
2021-09-02,270.89999,270.89999,270.0,270.89999,55744.0
2021-09-03,270.89999,271.0,270.04999,271.0,26533.0
2021-09-06,270.10001,270.20001,270.10001,270.20001,2119.0
2021-09-07,270.25,271.0,270.20001,271.0,30689.0
2021-09-08,270.89999,271.5,270.70001,271.5,17551.0
2021-09-09,271.5,275.0,271.5,275.0,228151.0
2021-09-10,275.0,275.0,272.0,272.0,13718.0
2021-09-13,271.0,274.0,270.0,272.0,7029.0
2021-09-14,270.04999,271.5,270.0,270.04999,10311.0
2021-09-15,270.04999,270.04999,268.25,270.0,32669.0
2021-09-16,270.0,270.0,269.0,270.0,22217.0
2021-09-17,271.0,272.0,270.0,271.14999,27216.0
2021-09-20,271.10001,271.10001,270.04999,270.04999,33670.0
2021-09-21,270.0,271.0,269.5,271.0,19293.0
2021-09-22,269.70001,271.0,269.60001,271.0,52908.0
2021-09-23,271.0,273.0,271.0,272.60001,37230.0
2021-09-24,271.0,278.0,271.0,276.0,162109.0
2021-09-27,276.95001,276.95001,272.04999,275.0,51533.0
2021-09-28,275.0,276.04999,272.70001,276.04999,17676.0
2021-09-29,274.04999,275.0,274.04999,275.0,5127.0
2021-09-30,274.5,276.0,272.0,276.0,24763.0
2021-10-01,273.04999,275.20001,273.0,275.20001,27479.0
2021-10-04,272.29999,274.95001,270.20001,274.95001,21196.0
2021-10-05,272.04999,272.04999,270.5,270.64999,5999.0
2021-10-06,270.64999,272.0,270.54999,272.0,6539.0
2021-10-07,271.20001,273.0,271.14999,271.14999,1909.0
2021-10-08,271.25,274.89999,271.25,274.89999,11760.0
2021-10-11,271.14999,275.0,271.14999,272.04999,9090.0
2021-10-12,272.10001,273.0,272.10001,273.0,2487.0
2021-10-13,273.0,273.0,272.10001,273.0,26185.0
2021-10-14,274.0,274.0,273.0,274.0,23858.0
2021-10-15,274.0,275.0,272.60001,275.0,36475.0
2021-10-18,273.0,274.89999,273.0,274.89999,10129.0
2021-10-21,273.0,275.0,272.14999,275.0,68163.0
2021-10-22,272.20001,275.14999,272.20001,275.14999,17559.0
2021-10-25,274.0,278.0,274.0,278.0,112445.0
2021-10-26,276.89999,280.0,276.89999,280.0,140632.0
2021-10-27,280.0,288.45001,280.0,283.0,131858.0
2021-10-28,282.10001,287.89999,281.0,282.0,87820.0
2021-10-29,282.0,287.5,282.0,287.5,154508.0
2021-11-01,287.5,287.5,280.5,280.5,50651.0
2021-11-02,282.20001,284.0,281.0,282.25,179903.0
2021-11-03,282.25,284.0,282.25,282.54999,67937.0
2021-11-04,284.25,285.54999,282.5,282.5,78289.0
2021-11-05,284.89999,284.89999,281.0,282.0,25029.0
2021-11-08,280.60001,280.60001,280.0,280.0,360.0
2021-11-09,282.0,283.95001,280.0,280.0,38425.0
2021-11-10,280.0,280.0,279.0,279.0,65241.0
2021-11-11,278.04999,279.0,278.0,279.0,11977.0
2021-11-12,279.0,279.0,278.0,278.0,51799.0
2021-11-15,278.79999,278.79999,278.0,278.0,33612.0
2021-11-16,278.0,278.0,278.0,278.0,43976.0
2021-11-17,278.95001,280.0,278.95001,279.0,71312.0
2021-11-19,279.10001,279.5,279.0,279.0,60387.0
2021-11-22,279.5,280.0,279.0,280.0,27313.0
2021-11-23,280.0,280.0,279.5,279.5,27881.0
2021-11-24,279.5,280.89999,279.5,280.89999,59381.0
2021-11-25,279.5,280.89999,277.04999,280.89999,3642.0
2021-11-26,278.10001,278.20001,277.04999,277.20001,53349.0
2021-11-29,275.0,276.5,273.0,276.5,4258.0
2021-11-30,279.89999,279.89999,276.0,276.0,93264.0
2021-12-01,275.0,280.0,275.0,280.0,17060.0
2021-12-02,276.10001,279.0,276.10001,279.0,29641.0
2021-12-03,279.95001,279.95001,277.0,277.04999,17402.0
2021-12-06,276.0,276.0,275.5,275.5,3358.0
2021-12-07,279.45001,280.0,276.10001,280.0,49659.0
2021-12-08,276.70001,280.0,276.60001,280.0,51690.0
2021-12-09,280.0,280.0,278.5,279.95001,50267.0
2021-12-10,280.0,280.5,280.0,280.0,177595.0
2021-12-13,280.0,280.5,278.0,280.0,20983.0
2021-12-14,280.0,280.0,277.0,277.0,216333.0
2021-12-15,277.0,277.0,277.0,277.0,18634.0
2021-12-16,277.0,280.0,277.0,280.0,5921.0
2021-12-17,277.0,280.0,277.0,280.0,79165.0
2021-12-20,280.0,280.0,277.04999,277.04999,17239.0
2021-12-21,278.0,279.95001,278.0,279.95001,7666.0
2021-12-22,278.0,279.95001,278.0,278.5,10130.0
2021-12-23,279.95001,279.95001,277.5,279.95001,10979.0
2021-12-24,278.0,278.5,278.0,278.5,17726.0
2021-12-27,278.5,279.95001,278.0,279.95001,8278.0
2021-12-28,277.60001,280.0,277.60001,280.0,25955.0
2021-12-29,278.0,280.0,278.0,280.0,16505.0
2021-12-30,280.20001,280.45001,279.04999,280.45001,22451.0
2021-12-31,280.5,280.95001,279.0,280.95001,40035.0
2022-01-03,278.0,279.0,278.0,278.0,19659.0
2022-01-04,277.04999,280.0,277.04999,278.0,799.0
2022-01-05,281.85001,281.85001,278.0,278.0,15676.0
2022-01-06,280.95001,280.95001,278.29999,280.95001,28080.0
2022-01-07,280.95001,284.89999,280.95001,284.0,48424.0
2022-01-10,285.89999,286.0,284.0,284.0,11061.0
2022-01-12,286.0,287.0,286.0,286.0,29202.0
2022-01-13,285.0,287.0,280.0,287.0,28314.0
2022-01-14,286.95001,290.0,285.0,290.0,160687.0
2022-01-17,293.0,293.0,288.0,288.95001,99638.0
2022-01-18,289.10001,289.10001,289.0,289.0,24630.0
2022-01-19,290.0,290.0,288.0,288.0,42741.0
2022-01-20,288.0,289.0,288.0,288.14999,26939.0
2022-01-21,289.0,289.0,288.0,288.0,211219.0
2022-01-24,288.0,288.0,287.0,288.0,19141.0
2022-01-25,289.95001,289.95001,287.5,288.0,43314.0
2022-01-26,287.0,288.0,287.0,287.04999,11282.0
2022-01-27,288.0,288.0,287.10001,287.10001,3882.0
2022-01-28,287.10001,288.0,286.04999,287.0,34592.0
2022-01-31,287.0,287.0,287.0,287.0,10.0
2022-02-01,287.5,287.5,286.0,286.0,17383.0
2022-02-02,286.0,288.5,286.0,288.5,109690.0
2022-02-03,289.5,292.0,289.5,292.0,84258.0
2022-02-04,292.0,292.0,292.0,292.0,33842.0
2022-02-07,290.60001,293.95001,290.60001,293.95001,9680.0
2022-02-08,291.0,294.0,291.0,294.0,22674.0
2022-02-09,295.0,295.0,292.5,292.5,35084.0
2022-02-10,294.0,295.0,293.0,295.0,6595.0
2022-02-11,294.04999,295.0,294.04999,294.54999,29238.0
2022-02-14,295.0,295.0,290.0,290.0,28172.0
2022-02-15,290.0,290.0,285.60001,290.0,27610.0
2022-02-16,288.04999,288.5,288.0,288.0,21620.0
2022-02-17,288.0,288.0,288.0,288.0,7363.0
2022-02-18,288.04999,288.04999,287.95001,288.0,43854.0
2022-02-21,288.0,288.0,286.0,286.0,24305.0
2022-02-22,286.0,286.0,282.0,285.0,10912.0
2022-02-23,288.0,288.0,285.0,286.0,184857.0
2022-02-24,286.5,288.0,270.20001,270.5,147858.0
2022-02-25,270.5,284.0,270.5,275.0,29557.0
2022-02-28,275.0,279.0,275.0,275.0,83250.0
2022-03-01,271.0,279.95001,271.0,275.0,20507.0
2022-03-02,272.60001,279.0,272.60001,274.0,5907.0
2022-03-03,273.0,273.5,271.0,271.0,14983.0
2022-03-04,272.0,274.95001,270.0,270.0,51273.0
2022-03-07,272.5,272.5,260.0,260.0,21678.0
2022-03-08,260.0,265.0,260.0,261.0,76748.0
2022-03-09,275.29999,275.29999,263.0,265.89999,8972.0
2022-03-10,264.54999,270.0,260.0,260.0,5765.0
2022-03-11,260.0,270.0,260.0,265.0,59239.0
2022-03-14,270.60001,270.75,265.10001,265.10001,45.0
2022-03-15,272.5,272.5,264.0,265.0,18206.0
2022-03-16,269.95001,269.95001,265.04999,265.39999,47080.0
2022-03-17,269.95001,269.95001,268.0,268.0,28887.0
2022-03-18,269.0,269.5,268.04999,269.0,36475.0
2022-03-21,269.60001,276.39999,266.5,266.5,4145.0
2022-03-22,266.5,268.0,265.10001,265.10001,4175.0
2022-03-23,265.10001,265.10001,260.0,260.0,86060.0
2022-03-24,260.0,260.0,256.0,256.0,19086.0
2022-03-25,265.0,265.0,260.0,260.0,6300.0
2022-03-28,261.0,261.0,257.0,257.0,918.0
2022-03-29,264.95001,266.0,257.5,266.0,2406.0
2022-03-30,260.0,266.0,260.0,264.89999,3756.0
2022-03-31,265.0,267.0,265.0,267.0,1001.0
2022-04-01,266.89999,266.95001,266.0,266.0,1711.0
2022-04-04,276.79999,276.79999,261.20001,264.5,19305.0
2022-04-05,265.0,265.5,265.0,265.5,42252.0
2022-04-06,262.04999,270.0,262.04999,270.0,110.0
2022-04-07,265.20001,266.04999,265.20001,265.20001,42239.0
2022-04-08,266.29999,266.29999,266.0,266.0,25778.0
2022-04-11,266.0,266.0,266.0,266.0,570.0
2022-04-12,263.54999,268.85001,263.54999,268.0,2080.0
2022-04-13,266.0,266.5,266.0,266.10001,18619.0
2022-04-14,266.10001,268.85001,266.04999,268.5,44014.0
2022-04-15,268.0,268.39999,266.0,266.0,8177.0
2022-04-18,268.39999,268.39999,268.39999,268.39999,10.0
2022-04-19,267.0,268.39999,266.0,266.04999,3143.0
2022-04-20,268.39999,268.39999,266.0,268.0,9002.0
2022-04-21,266.0,268.0,266.0,266.0,28968.0
2022-04-22,266.0,268.0,266.0,266.04999,10799.0
2022-04-25,269.0,269.0,266.04999,268.0,35104.0
2022-04-26,268.0,268.0,265.0,265.0,22500.0
2022-04-27,265.0,268.0,265.0,267.0,1443.0
2022-04-28,266.0,268.0,266.0,268.0,53.0
2022-04-29,267.0,267.0,267.0,267.0,22008.0
2022-05-05,266.89999,266.89999,265.0,266.0,13831.0
2022-05-06,265.5,265.5,265.0,265.5,11855.0
2022-05-09,265.5,265.5,262.0,262.0,14436.0
2022-05-10,262.0,262.0,255.0,255.0,34610.0
2022-05-11,261.0,261.0,255.0,255.0,17803.0
2022-05-12,256.0,257.0,255.0,255.0,4177.0
2022-05-13,258.0,258.0,257.0,257.89999,1349.0
2022-05-16,262.95001,262.95001,253.0,253.0,5549.0
2022-05-18,256.0,257.0,256.0,257.0,16230.0
2022-05-19,264.89999,264.89999,256.0,257.0,9142.0
2022-05-20,255.05,255.05,253.0,253.0,32054.0
2022-05-23,253.10001,255.0,251.55,255.0,7110.0
2022-05-24,260.89999,260.89999,251.0,253.05,28606.0
2022-05-25,253.0,255.0,250.0,255.0,4190.0
2022-05-26,254.0,255.0,253.0,253.0,40909.0
2022-05-27,253.0,253.0,250.0,250.89999,9340.0
2022-05-30,250.89999,250.89999,250.0,250.0,15845.0
2022-05-31,250.0,250.0,245.0,245.0,95306.0
2022-06-01,251.89999,251.89999,251.89999,251.89999,28.0
2022-06-02,253.0,255.0,252.05,255.0,9166.0
2022-06-03,265.95001,265.95001,255.0,258.0,328265.0
2022-06-06,264.85001,264.85001,264.85001,264.85001,1.0
2022-06-07,255.0,264.5,255.0,258.0,42275.0
2022-06-08,258.0,262.0,256.75,262.0,20410.0
2022-06-09,262.0,262.0,260.04999,262.0,19632.0
2022-06-10,262.0,262.0,258.0,260.0,15272.0
2022-06-13,259.95001,260.0,256.04999,260.0,2217.0
2022-06-14,255.2,255.2,253.0,253.0,20636.0
2022-06-15,253.0,255.0,250.05,253.0,99451.0
2022-06-16,260.0,260.0,253.0,255.0,23056.0
2022-06-17,253.0,255.0,252.95,253.0,59100.0
2022-06-20,254.85001,254.85001,254.85001,254.85001,527.0
2022-06-21,254.85001,255.0,253.0,253.0,143464.0
2022-06-22,253.0,253.0,251.0,251.0,70115.0
2022-06-23,251.0,255.0,249.0,249.0,46948.0
2022-06-24,255.0,255.0,255.0,255.0,30.0
2022-06-27,254.89999,255.0,254.85001,255.0,170.0
2022-06-28,254.95,254.95,251.0,254.95,85.0
2022-06-29,255.0,260.0,254.0,254.0,84092.0
2022-06-30,255.0,255.0,254.89999,254.89999,80007.0
2022-07-01,254.0,254.0,245.0,245.0,41820.0
2022-07-04,250.0,250.0,245.0,246.0,54814.0
2022-07-05,249.0,253.0,246.0,246.0,23466.0
2022-07-06,246.14999,252.0,246.10001,252.0,13310.0
2022-07-07,252.0,253.0,250.0,253.0,116372.0
2022-07-08,250.10001,255.0,248.0,255.0,127201.0
2022-07-12,259.0,259.95001,255.0,256.0,215991.0
2022-07-13,250.0,255.0,245.3,248.0,705.0
2022-07-14,252.0,252.0,245.25,248.0,1211.0
2022-07-15,252.7,252.89999,250.0,251.0,16140.0
2022-07-18,251.0,251.0,251.0,251.0,553.0
2022-07-19,251.0,252.0,251.0,252.0,42.0
2022-07-20,257.79999,257.79999,252.05,252.05,7164.0
2022-07-21,252.14999,252.14999,252.0,252.10001,1545.0
2022-07-22,254.95,255.0,252.0,252.0,21070.0
2022-07-25,252.0,252.0,248.0,248.10001,2578.0
2022-07-26,251.5,251.5,251.5,251.5,19194.0
2022-07-27,248.0,252.0,248.0,252.0,2501.0
2022-07-28,253.45,253.45,250.0,250.0,13538.0
2022-07-29,250.10001,251.0,250.0,250.0,546.0
2022-08-01,252.0,252.0,249.95,250.0,4715.0
2022-08-02,250.0,250.10001,250.0,250.10001,908.0
2022-08-03,250.10001,252.0,249.0,250.0,1746.0
2022-08-04,250.0,254.89999,250.0,250.0,5170.0
2022-08-05,255.0,255.0,255.0,255.0,7919.0
2022-08-08,255.0,255.0,250.0,250.0,165.0
2022-08-09,250.05,255.0,250.0,255.0,7632.0
2022-08-10,255.0,256.5,255.0,255.0,2816.0
2022-08-11,255.5,258.0,255.0,258.0,20280.0
2022-08-12,258.0,259.95001,258.0,259.95001,24115.0
2022-08-15,259.0,259.5,259.0,259.5,17600.0
2022-08-16,260.0,261.0,258.0,260.0,23094.0
2022-08-17,258.0,260.0,258.0,260.0,6035.0
2022-08-18,261.0,261.0,258.0,258.0,5162.0
2022-08-19,259.0,261.0,258.14999,259.89999,13612.0
2022-08-22,257.0,263.0,257.0,259.0,6294.0
2022-08-23,259.0,259.0,259.0,259.0,10001.0
2022-08-24,257.0,258.0,257.0,258.0,16254.0
2022-08-25,256.0,258.95001,256.0,258.0,20527.0
2022-08-26,256.0,258.5,256.0,258.0,25214.0
2022-08-29,257.0,259.0,257.0,259.0,1555.0
2022-08-30,257.0,258.0,257.0,257.0,2617.0
2022-08-31,255.0,256.5,255.0,256.0,9012.0
2022-09-01,256.0,256.0,256.0,256.0,572.0
2022-09-02,256.0,258.39999,254.0,258.39999,13735.0
2022-09-05,257.0,257.0,257.0,257.0,1917.0
2022-09-06,259.0,259.0,256.0,256.0,1083.0
2022-09-07,256.0,256.0,255.05,255.05,11392.0
2022-09-08,255.05,255.05,252.7,255.0,1841.0
2022-09-09,256.0,256.0,256.0,256.0,7650.0
2022-09-12,256.79999,256.79999,256.79999,256.79999,5.0
2022-09-13,255.10001,256.0,255.10001,256.0,27235.0
2022-09-14,256.0,259.0,256.0,256.0,7471.0
2022-09-15,256.0,256.0,256.0,256.0,281.0
2022-09-16,255.14999,256.5,255.14999,256.5,28117.0
2022-09-19,258.89999,258.89999,256.5,256.5,6776.0
2022-09-20,255.2,256.5,255.10001,256.5,4589.0
2022-09-21,256.5,257.95001,256.0,257.95001,10524.0
2022-09-22,257.95001,257.95001,256.0,256.0,6887.0
2022-09-23,255.5,256.0,255.5,256.0,11457.0
2022-09-26,256.0,256.0,255.89999,255.89999,5300.0
2022-09-27,255.5,255.5,253.95,253.95,7929.0
2022-09-28,253.0,253.0,245.0,245.0,17907.0
2022-09-29,250.0,250.0,238.5,242.0,184542.0
2022-09-30,251.0,251.0,236.0,243.0,264060.0
2022-10-03,244.0,244.0,240.0,240.0,2577.0
2022-10-04,237.14999,243.0,237.14999,243.0,1294.0
2022-10-05,239.0,243.0,239.0,243.0,22086.0
2022-10-06,243.0,244.0,243.0,244.0,10250.0
2022-10-07,241.05,242.89999,241.05,242.0,7018.0
2022-10-11,242.0,245.0,240.0,245.0,6685.0
2022-10-12,243.95,243.95,240.0,240.0,5855.0
2022-10-13,240.2,242.0,238.0,240.0,96869.0
2022-10-14,239.05,239.89999,236.89999,236.89999,32727.0
2022-10-17,236.5,236.5,228.10001,235.0,49077.0
2022-10-18,235.0,235.0,235.0,235.0,2559.0
2022-10-19,235.0,235.0,235.0,235.0,2550.0
2022-10-20,230.0,230.0,224.0,224.0,48372.0
2022-10-21,224.10001,225.0,223.0,223.89999,9191.0
2022-10-24,223.89999,223.89999,223.89999,223.89999,1864.0
2022-10-25,225.0,225.0,223.5,224.0,4577.0
2022-10-26,224.05,224.05,215.0,215.0,55071.0
2022-10-27,215.3,225.0,215.3,222.0,9959.0
2022-10-28,220.0,220.0,220.0,220.0,9024.0
2022-10-31,220.0,220.0,220.0,220.0,30990.0
2022-11-01,220.0,220.0,220.0,220.0,25134.0
2022-11-02,220.0,220.5,220.0,220.0,41200.0
2022-11-03,220.0,220.5,219.0,220.0,11648.0
2022-11-04,220.5,220.5,219.8,219.8,36847.0
2022-11-07,219.39999,221.0,219.2,221.0,15825.0
2022-11-08,221.0,221.0,219.0,220.0,40582.0
2022-11-09,220.0,220.0,218.0,218.0,38309.0
2022-11-10,216.10001,218.0,215.0,215.0,65062.0
2022-11-11,217.0,217.0,210.0,210.0,56252.0
2022-11-14,211.0,218.0,211.0,217.89999,14221.0
2022-11-15,218.0,222.5,218.0,220.0,23515.0
2022-11-16,222.0,223.0,220.0,220.05,18464.0
2022-11-17,220.0,227.0,220.0,227.0,29863.0
2022-11-21,231.0,231.0,226.89999,226.89999,6954.0
2022-11-22,228.8,235.0,226.95,226.95,5298.0
2022-11-23,226.95,230.0,223.14999,230.0,6048.0
2022-11-24,230.0,230.0,230.0,230.0,888.0
2022-11-25,228.05,230.0,228.0,230.0,59502.0
2022-11-28,230.0,230.10001,228.0,228.0,3898.0
2022-11-29,230.10001,234.8,230.0,230.0,9572.0
2022-11-30,230.0,230.0,227.0,227.0,45637.0
2022-12-01,225.05,233.95,225.05,229.85001,8611.0
2022-12-02,229.85001,230.0,229.85001,229.89999,6804.0
2022-12-05,234.0,234.0,230.0,231.5,33237.0
2022-12-06,234.0,234.0,229.5,234.0,25158.0
2022-12-07,231.5,233.0,230.0,233.0,3913.0
2022-12-08,232.0,232.95,232.0,232.95,2670.0
2022-12-09,234.5,235.0,232.0,232.0,2074.0
2022-12-12,236.89999,236.89999,230.05,233.0,17994.0
2022-12-13,234.39999,234.39999,233.0,233.0,17759.0
2022-12-14,233.0,233.05,230.05,232.95,14290.0
2022-12-15,233.0,233.0,231.0,232.0,40512.0
2022-12-16,230.0,232.0,226.14999,228.5,69984.0
2022-12-19,230.0,230.0,230.0,230.0,200.0
2022-12-20,230.0,230.0,226.7,227.0,11533.0
2022-12-21,227.0,233.0,227.0,233.0,66243.0
2022-12-22,227.0,232.0,227.0,232.0,128203.0
2022-12-23,230.0,232.0,230.0,231.0,109840.0
2022-12-26,234.89999,234.89999,234.89999,234.89999,124225.0
2022-12-27,230.05,232.0,230.0,230.0,131088.0
2022-12-28,232.0,239.0,232.0,235.0,132011.0
2022-12-29,234.0,239.0,234.0,239.0,204557.0
2022-12-30,234.14999,234.14999,231.0,231.0,293330.0
2023-01-02,230.10001,230.10001,227.0,227.0,16368.0
2023-01-03,225.35001,225.35001,224.89999,224.89999,7149.0
2023-01-04,225.0,229.95,220.0,220.0,36954.0
2023-01-05,225.0,225.0,207.0,207.0,12245.0
2023-01-06,219.0,219.0,194.60001,194.60001,74525.0
2023-01-09,205.0,205.0,197.05,197.05,18577.0
2023-01-10,200.05,205.0,200.0,205.0,24880.0
2023-01-12,209.05,217.25,205.0,215.0,16859.0
2023-01-13,218.0,227.0,215.0,215.0,3428.0
2023-01-16,215.0,220.0,215.0,217.0,13068.0
2023-01-17,220.0,222.0,220.0,222.0,7.0
2023-01-18,220.0,222.05,220.0,220.7,60168.0
2023-01-19,224.0,224.85001,218.14999,218.14999,20951.0
2023-01-20,218.0,224.0,217.89999,217.89999,51355.0
2023-01-23,218.0,219.0,217.95,219.0,11140.0
2023-01-24,222.0,222.0,215.05,215.05,7525.0
2023-01-25,222.0,222.0,216.05,220.0,696.0
2023-01-26,216.05,221.8,216.0,217.0,18205.0
2023-01-27,215.0,217.0,215.0,217.0,18095.0
2023-01-30,215.2,215.2,215.0,215.0,800.0
2023-01-31,215.5,223.5,215.5,223.5,12679.0
2023-02-01,221.95,221.95,218.0,218.0,27632.0
2023-02-02,218.0,218.10001,217.0,218.05,33632.0
2023-02-03,222.0,222.0,220.0,221.0,110992.0
2023-02-06,220.0,223.45,220.0,222.0,6509.0
2023-02-07,220.10001,220.10001,220.10001,220.10001,10.0
2023-02-08,223.45,230.0,222.0,225.0,26912.0
2023-02-09,220.0,229.7,220.0,229.5,35402.0
2023-02-10,229.5,229.5,225.0,225.0,25030.0
2023-02-14,226.0,226.0,220.55,220.55,3495.0
2023-02-15,225.0,227.39999,225.0,227.39999,20001.0
2023-02-16,227.25,227.25,225.0,225.0,64801.0
2023-02-17,225.0,227.8,225.0,225.0,51.0
2023-02-20,225.10001,225.10001,225.05,225.05,6900.0
2023-02-21,225.0,228.0,225.0,228.0,80262.0
2023-02-22,225.14999,233.8,225.10001,233.8,283481.0
2023-02-23,228.05,234.0,228.05,231.0,53672.0
2023-02-24,233.95,240.0,232.0,240.0,241588.0
2023-02-27,240.0,240.5,238.0,239.0,1570.0
2023-02-28,239.95,242.0,239.95,242.0,2586.0
2023-03-01,242.0,243.0,238.0,239.0,32244.0
2023-03-02,239.0,240.0,238.05,238.05,6051.0
2023-03-03,236.0,237.0,236.0,236.0,23413.0
2023-03-06,236.95,237.0,230.0,233.0,8735.0
2023-03-07,233.05,233.10001,233.05,233.10001,3454.0
2023-03-08,233.05,234.0,233.0,234.0,9568.0
2023-03-09,234.0,234.0,233.55,233.55,18472.0
2023-03-10,233.7,235.05,233.60001,235.0,154061.0
2023-03-13,235.0,236.10001,235.0,236.10001,36874.0
2023-03-14,235.0,236.05,233.60001,236.05,23559.0
2023-03-15,233.60001,235.0,233.60001,233.60001,43602.0
2023-03-16,233.55,234.5,233.55,234.5,5305.0
2023-03-17,233.60001,234.0,233.55,234.0,21396.0
2023-03-20,233.5,233.5,233.5,233.5,929.0
2023-03-21,233.5,235.95,231.0,231.0,2590.0
2023-03-22,233.0,235.0,233.0,235.0,34258.0
2023-03-23,234.0,234.0,234.0,234.0,30200.0
2023-03-24,236.0,236.0,230.0,230.0,77494.0
2023-03-27,230.0,234.95,230.0,234.95,3222.0
2023-03-28,229.05,238.60001,229.0,235.0,799.0
2023-03-29,237.85001,237.85001,237.0,237.0,3.0
2023-03-30,234.0,234.0,230.0,230.10001,1678.0
2023-03-31,232.0,232.0,227.0,227.0,19255.0
2023-04-03,230.0,235.95,230.0,235.95,3043.0
2023-04-04,234.89999,234.89999,230.0,231.0,6534.0
2023-04-05,234.45,234.5,231.0,232.5,26694.0
2023-04-06,231.0,233.0,230.0,230.0,67001.0
2023-04-07,230.0,230.55,230.0,230.55,13001.0
2023-04-10,231.0,231.0,230.10001,230.10001,44624.0
2023-04-11,230.0,231.0,229.0,229.0,31584.0
2023-04-12,226.05,232.0,226.05,230.5,11288.0
2023-04-13,234.60001,234.60001,230.0,230.05,3508.0
2023-04-14,233.5,233.75,230.0,230.0,2202.0
2023-04-17,230.0,230.0,230.0,230.0,120.0
2023-04-18,227.2,229.10001,227.2,229.0,27870.0
2023-04-19,232.75,232.75,229.10001,229.10001,21445.0
2023-04-20,230.0,231.5,229.10001,230.0,64508.0
2023-04-21,231.0,231.0,231.0,231.0,6232.0
2023-04-25,231.0,231.0,230.0,230.0,7760.0
2023-04-26,230.0,230.0,228.0,228.0,50661.0
2023-04-27,227.0,229.0,227.0,227.5,14703.0
2023-04-28,228.8,230.0,228.8,228.8,3522.0
2023-05-02,230.0,230.0,228.0,228.5,6916.0
2023-05-03,229.5,229.5,227.5,227.55,645.0
2023-05-04,227.55,230.0,227.0,227.10001,904.0
2023-05-05,230.0,230.0,227.0,227.0,37.0
2023-05-08,230.0,230.0,227.0,229.0,45624.0
2023-05-09,229.0,229.0,228.5,228.5,11534.0
2023-05-10,228.89999,229.0,228.5,228.5,2010.0
2023-05-11,228.5,228.5,228.0,228.0,6286.0
2023-05-12,230.0,230.0,229.3,230.0,43529.0
2023-05-15,231.0,231.0,230.0,231.0,10779.0
2023-05-16,230.0,233.0,225.0,232.95,53895.0
2023-05-17,230.05,230.10001,230.0,230.10001,20889.0
2023-05-18,232.95,232.95,232.0,232.0,11.0
2023-05-19,232.0,232.0,230.0,231.0,400.0
2023-05-22,229.0,232.0,229.0,229.2,1083.0
2023-05-23,229.2,231.0,229.2,231.0,638.0
2023-05-24,231.0,233.0,230.0,233.0,34177.0
2023-05-25,230.10001,232.95,230.10001,231.5,16682.0
2023-05-26,231.5,234.0,231.5,234.0,43334.0
2023-05-29,234.0,236.0,234.0,236.0,475842.0
2023-05-30,236.5,240.0,233.05,236.0,18103.0
2023-05-31,236.0,236.0,233.5,233.55,51369.0
2023-06-01,233.5,237.0,233.5,234.05,19311.0
2023-06-02,237.95,237.95,233.5,235.0,22414.0
2023-06-05,234.0,235.0,234.0,235.0,293356.0
2023-06-06,235.0,235.5,235.0,235.05,16160.0
2023-06-07,235.0,237.95,235.0,237.95,149.0
2023-06-08,235.2,236.10001,235.2,236.10001,852.0
2023-06-09,236.0,240.0,235.0,240.0,36410.0
2023-06-12,234.85001,239.95,234.85001,239.5,1237.0
2023-06-13,236.5,240.0,236.5,238.5,18383.0
2023-06-14,238.7,244.0,238.60001,244.0,154922.0
2023-06-15,243.0,244.0,243.0,244.0,73740.0
2023-06-16,244.95,248.0,238.0,248.0,25217.0
2023-06-19,242.05,245.0,242.0,245.0,2370.0
2023-06-20,245.0,255.0,242.0,252.0,116773.0
2023-06-21,245.60001,251.8,245.0,245.0,31631.0
2023-06-22,245.5,245.5,242.0,244.0,12574.0
2023-06-23,245.0,250.0,245.0,245.05,51710.0
2023-06-26,245.0,250.0,245.0,250.0,4638.0
2023-06-27,250.05,260.0,250.05,260.0,104697.0
2023-06-28,255.0,265.0,255.0,264.0,583028.0
2023-07-03,264.0,264.0,264.0,264.0,112394.0
2023-07-04,264.0,264.0,260.0,262.0,16509.0
2023-07-05,262.0,263.0,262.0,263.0,18824.0
2023-07-06,262.0,262.95001,262.0,262.04999,40826.0
2023-07-07,260.14999,263.0,260.14999,261.10001,29971.0
2023-07-10,262.0,264.0,261.0,261.14999,22051.0
2023-07-11,261.0,262.0,261.0,261.20001,32040.0
2023-07-12,260.14999,262.70001,260.14999,262.70001,227682.0
2023-07-13,259.0,259.0,252.5,253.14999,18283.0
2023-07-14,259.25,259.25,253.2,254.10001,30774.0
2023-07-17,259.45001,259.45001,256.0,257.0,32192.0
2023-07-18,256.0,262.0,256.0,262.0,72033.0
2023-07-20,262.20001,264.0,262.0,264.0,55196.0
2023-07-21,262.0,263.0,262.0,263.0,44576.0
2023-07-24,261.0,262.0,261.0,262.0,55981.0
2023-07-25,260.0,266.0,260.0,266.0,33921.0
2023-07-26,262.20001,266.0,262.20001,264.0,78037.0
2023-07-27,263.04999,265.0,263.04999,264.10001,50456.0
2023-07-28,264.5,264.5,263.0,263.0,39370.0
2023-07-31,263.0,264.0,262.0,262.29999,56177.0
2023-08-01,264.0,264.0,262.0,264.0,35066.0
2023-08-02,264.0,265.0,263.0,264.0,32080.0
2023-08-03,260.0,266.0,260.0,265.0,43186.0
2023-08-04,263.0,264.10001,263.0,264.10001,101466.0
2023-08-07,267.0,267.0,262.54999,264.0,581261.0
2023-08-08,263.04999,265.0,263.0,263.0,65352.0
2023-08-09,263.04999,265.0,260.0,260.0,19639.0
2023-08-10,260.0,263.04999,260.0,263.04999,24470.0
2023-08-11,258.04999,259.85001,258.0,258.0,62427.0
2023-08-15,258.0,261.95001,257.0,260.0,8218.0
2023-08-16,257.0,260.95001,257.0,260.45001,14835.0
2023-08-17,260.0,260.0,260.0,260.0,13516.0
2023-08-18,260.0,260.0,258.10001,258.10001,37237.0
2023-08-22,260.0,260.0,256.10001,256.10001,51639.0
2023-08-23,255.75,256.0,255.0,255.10001,19917.0
2023-08-24,256.0,256.0,254.05,255.05,7900.0
2023-08-25,254.7,256.0,254.0,254.10001,15818.0
2023-08-28,255.0,255.05,254.0,255.0,34566.0
2023-08-29,256.0,256.0,254.0,254.10001,2476.0
2023-08-30,254.0,255.0,254.0,254.10001,30563.0
2023-08-31,254.0,264.5,254.0,264.5,69834.0
2023-09-01,257.0,264.0,257.0,260.0,15754.0
2023-09-04,258.0,262.0,257.0,260.0,6349.0
2023-09-05,260.0,262.0,259.0,259.0,25755.0
2023-09-06,261.89999,261.89999,257.0,257.0,12224.0
2023-09-07,258.0,258.95001,255.0,255.0,27785.0
2023-09-08,253.0,258.75,253.0,254.0,10826.0
2023-09-11,254.0,257.0,252.0,252.0,27403.0
2023-09-12,252.0,254.0,252.0,254.0,4633.0
2023-09-13,253.89999,254.0,252.0,252.0,5345.0
2023-09-14,250.10001,253.5,250.0,252.5,12530.0
2023-09-15,253.0,253.0,252.0,252.0,11125.0
2023-09-18,253.0,253.0,250.0,252.45,12057.0
2023-09-19,250.2,253.0,250.2,253.0,19523.0
2023-09-20,250.2,256.89999,250.0,255.0,24466.0
2023-09-21,255.0,255.60001,251.0,252.0,15022.0
2023-09-22,255.0,256.0,250.0,252.0,2861.0
2023-09-25,251.0,256.0,250.0,256.0,12296.0
2023-09-26,256.45001,256.45001,252.5,254.95,6725.0
2023-09-27,252.0,256.45001,250.05,254.95,21497.0
2023-10-02,254.89999,254.89999,253.0,253.0,12244.0
2023-10-03,253.0,254.0,252.0,253.95,32413.0
2023-10-04,253.2,253.95,252.0,252.0,6830.0
2023-10-05,265.0,267.10001,264.95001,267.10001,262050.0
2023-10-06,280.0,280.0,267.14999,270.0,97495.0
2023-10-09,267.04999,267.04999,260.20001,266.89999,66508.0
2023-10-10,262.10001,265.95001,262.10001,265.95001,38043.0
2023-10-11,265.89999,265.89999,264.0,264.0,19436.0
2023-10-12,264.0,265.85001,262.20001,264.95001,40125.0
2023-10-13,265.85001,265.85001,263.0,263.0,31916.0
2023-10-16,262.10001,265.0,262.04999,262.04999,25169.0
2023-10-17,262.04999,263.95001,261.5,261.5,26058.0
2023-10-18,261.5,263.95001,261.0,261.0,35581.0
2023-10-19,264.45001,265.0,261.0,265.0,24784.0
2023-10-20,261.04999,263.0,261.04999,263.0,43224.0
2023-10-23,262.0,266.0,262.0,266.0,4890.0
2023-10-24,262.5,265.85001,262.5,265.75,23904.0
2023-10-25,261.20001,264.95001,261.20001,261.95001,26465.0
2023-10-26,261.14999,261.14999,261.14999,261.14999,9624.0
2023-10-27,261.14999,262.95001,260.10001,261.0,11020.0
2023-10-30,262.0,262.0,256.5,261.0,20404.0
2023-10-31,261.0,261.95001,258.10001,261.95001,19725.0
2023-11-01,257.04999,263.10001,257.0,261.0,1661.0
2023-11-02,261.0,261.0,261.0,261.0,4364.0
2023-11-03,257.0,261.0,257.0,259.0,2263.0
2023-11-07,262.0,262.0,260.0,260.0,3987.0
2023-11-08,261.95001,262.0,258.0,261.79999,5015.0
2023-11-09,260.95001,261.0,260.95001,261.0,5922.0
2023-11-10,261.0,261.0,258.0,260.95001,11688.0
2023-11-13,258.0,261.5,255.05,261.39999,2691.0
2023-11-14,261.39999,261.79999,261.39999,261.79999,3488.0
2023-11-15,258.04999,260.0,258.04999,260.0,5050.0
2023-11-16,260.79999,263.0,260.79999,261.95001,163779.0
2023-11-17,262.0,263.5,262.0,263.39999,11512.0
2023-11-20,258.10001,264.0,258.10001,264.0,200992.0
2023-11-21,265.0,266.5,265.0,266.5,642248.0
2023-11-22,266.5,269.0,266.5,267.0,76754.0
2023-11-23,267.0,270.0,267.0,268.0,29948.0
2023-11-24,269.95001,270.0,266.0,266.0,25400.0
2023-11-27,266.0,266.0,265.0,266.0,44711.0
2023-11-28,265.95001,266.89999,263.0,263.20001,132955.0
2023-11-29,265.0,269.95001,263.14999,267.0,92150.0
2023-11-30,265.0,268.0,265.0,266.0,77527.0
2023-12-01,265.04999,266.0,265.0,266.0,39716.0
2023-12-04,266.0,267.0,265.0,266.5,24337.0
2023-12-05,266.0,266.0,266.0,266.0,35202.0
2023-12-06,266.0,268.0,260.0,266.0,32685.0
2023-12-07,268.0,269.0,268.0,269.0,57048.0
2023-12-08,269.79999,273.0,269.79999,270.95001,108960.0
2023-12-11,273.20001,273.20001,270.0,271.5,20780.0
2023-12-12,269.0,272.0,269.0,272.0,123075.0
2023-12-13,270.04999,274.20001,270.04999,274.04999,122803.0
2023-12-14,275.0,276.0,274.0,276.0,81690.0
2023-12-15,276.0,277.0,275.29999,275.29999,69104.0
2023-12-18,275.5,276.5,275.5,276.5,63548.0
2023-12-19,276.5,277.04999,276.5,277.0,54236.0
2023-12-20,277.79999,277.89999,277.0,277.04999,51004.0
2023-12-21,277.0,278.0,275.5,276.0,71466.0
2023-12-22,276.0,277.0,275.0,277.0,90665.0
2023-12-25,277.04999,277.04999,275.0,277.0,25205.0
2023-12-26,276.0,277.0,274.0,274.0,64659.0
2023-12-27,274.0,275.79999,272.0,274.0,48582.0
2023-12-28,275.0,276.0,274.0,274.04999,21249.0
2023-12-29,274.04999,275.0,274.04999,275.0,252605.0
2024-01-02,275.0,276.95001,275.0,276.95001,7693.0
2024-01-03,275.5,276.95001,274.5,275.0,44584.0
2024-01-04,275.0,276.0,275.0,276.0,25820.0
2024-01-05,277.0,279.95001,275.04999,279.95001,29925.0
2024-01-08,277.0,280.0,277.0,280.0,30851.0
2024-01-09,278.0,283.0,278.0,282.95001,57578.0
2024-01-10,282.0,288.0,282.0,284.5,103671.0
2024-01-12,284.0,285.0,282.14999,285.0,67089.0
2024-01-15,285.0,285.0,284.0,284.0,44784.0
2024-01-16,284.10001,285.0,283.10001,285.0,57831.0
2024-01-17,285.0,286.0,284.0,285.0,114527.0
2024-01-18,286.79999,292.0,286.79999,292.0,128557.0
2024-01-19,292.5,295.0,292.0,293.0,77932.0
2024-01-22,294.89999,297.0,294.0,295.04999,71042.0
2024-01-23,294.64999,294.64999,294.0,294.20001,61111.0
2024-01-24,295.0,295.0,293.0,294.0,64771.0
2024-01-25,294.0,294.0,293.35001,293.35001,65997.0
2024-01-26,293.89999,293.89999,288.0,288.0,40333.0
2024-01-29,290.20001,290.20001,288.0,288.0,16074.0
2024-01-30,287.0,294.0,285.0,286.0,108376.0
2024-01-31,285.04999,293.0,285.04999,285.5,33622.0
2024-02-01,293.0,293.0,285.20001,286.0,36612.0
2024-02-02,288.0,288.0,285.14999,287.0,29039.0
2024-02-05,287.0,287.0,285.0,287.0,16005.0
2024-02-06,289.5,292.0,287.0,290.04999,32646.0
2024-02-07,288.0,291.60001,288.0,290.29999,179507.0
2024-02-08,290.29999,292.95001,290.29999,292.95001,298934.0
2024-02-09,292.95001,295.0,292.0,295.0,60258.0
2024-02-12,296.0,296.0,292.0,295.5,42651.0
2024-02-13,293.0,295.5,293.0,295.0,34509.0
2024-02-14,295.0,295.0,293.0,295.0,34790.0
2024-02-15,294.0,296.0,292.0,296.0,38763.0
2024-02-16,295.0,296.0,294.0,296.0,60778.0
2024-02-19,293.0,296.0,293.0,296.0,16658.0
2024-02-20,297.0,298.0,295.0,297.0,174139.0
2024-02-21,296.0,300.0,296.0,300.0,150736.0
2024-02-22,300.0,300.0,298.5,300.0,5005.0
2024-02-23,300.0,302.0,298.04999,302.0,71088.0
2024-02-26,302.0,304.89999,300.0,304.89999,65082.0
2024-02-27,301.0,306.0,301.0,305.0,51562.0
2024-02-28,305.0,313.89999,305.0,309.0,79890.0
2024-02-29,309.0,309.0,305.0,305.0,105494.0
2024-03-01,306.89999,306.89999,300.0,302.0,31059.0
2024-03-04,300.0,302.0,300.0,302.0,16355.0
2024-03-05,301.0,302.04999,300.0,302.0,34618.0
2024-03-06,305.0,305.0,300.0,300.0,13961.0
2024-03-07,303.0,303.0,296.0,296.0,30606.0
2024-03-08,296.0,298.5,296.0,296.0,9812.0
2024-03-11,296.0,296.5,291.20001,292.10001,6801.0
2024-03-12,299.0,299.0,292.10001,294.10001,30464.0
2024-03-13,292.60001,296.0,292.60001,296.0,58939.0
2024-03-14,296.0,300.0,296.0,296.10001,80821.0
2024-03-15,299.5,299.5,299.0,299.0,28954.0
2024-03-18,301.95001,301.95001,299.0,299.0,20509.0
2024-03-19,297.0,299.0,296.0,296.0,25624.0
2024-03-20,296.0,296.0,292.20001,292.20001,22097.0
2024-03-21,300.0,300.0,292.10001,295.0,1640.0
2024-03-22,292.10001,295.0,292.0,292.0,12476.0
2024-03-25,292.0,292.0,292.0,292.0,11000.0
2024-03-26,292.0,293.95001,291.14999,293.95001,8425.0
2024-03-27,296.0,296.0,292.0,295.0,23829.0
2024-03-28,293.0,300.0,293.0,293.5,27042.0
2024-03-29,294.0,296.0,292.0,295.89999,12293.0
2024-04-01,291.39999,297.0,290.10001,292.0,6489.0
2024-04-02,295.0,295.0,292.0,292.0,13002.0
2024-04-03,299.75,299.75,291.0,291.10001,53841.0
2024-04-04,292.0,292.0,291.0,292.0,14051.0
2024-04-05,296.0,298.0,292.0,292.0,14605.0
2024-04-08,292.10001,295.0,290.10001,293.75,60028.0
2024-04-09,293.75,298.5,290.20001,295.0,131576.0
2024-04-15,299.0,299.0,295.0,296.0,42020.0
2024-04-16,297.5,297.5,292.0,292.0,141744.0
2024-04-17,292.0,296.0,290.0,292.0,85428.0
2024-04-18,292.0,292.0,291.0,292.0,46926.0
2024-04-19,290.0,292.0,289.60001,292.0,59787.0
2024-04-22,290.5,291.95001,289.20001,290.0,33354.0
2024-04-23,290.95001,291.0,289.20001,291.0,7114.0
2024-04-24,290.25,292.04999,290.04999,292.0,594201.0
2024-04-25,291.0,295.89999,291.0,295.0,2605.0
2024-04-26,291.54999,295.0,291.54999,292.0,158628.0
2024-04-29,291.5,294.0,291.0,294.0,10099.0
2024-04-30,292.0,293.0,290.25,292.0,77371.0
2024-05-02,290.0,295.0,289.0,289.0,12554.0
2024-05-03,294.89999,295.0,290.0,295.0,9887.0
2024-05-06,294.89999,295.89999,294.89999,295.0,9716.0
2024-05-07,295.0,295.89999,291.10001,294.89999,43367.0
2024-05-08,294.89999,295.89999,294.89999,295.89999,86603.0
2024-05-09,295.79999,296.0,294.95001,296.0,34363.0
2024-05-10,296.0,297.39999,295.0,296.0,29087.0
2024-05-13,297.0,297.0,294.0,294.0,14393.0
2024-05-14,297.35001,297.35001,291.04999,293.95001,84029.0
2024-05-15,292.0,295.0,292.0,292.0,140864.0
2024-05-16,293.0,293.0,290.0,290.0,19307.0
2024-05-17,292.0,293.0,292.0,293.0,39625.0
2024-05-20,290.0,293.0,290.0,293.0,10768.0
2024-05-21,293.0,293.0,292.95001,293.0,30607.0
2024-05-22,297.0,297.39999,294.0,294.0,116352.0
2024-05-23,295.0,300.0,295.0,295.0,156069.0
2024-05-24,297.89999,299.0,295.0,296.0,42773.0
2024-05-27,298.0,300.0,292.0,295.0,39950.0
2024-05-28,295.0,295.0,295.0,295.0,18599.0
2024-05-29,294.95001,294.95001,293.10001,293.89999,16152.0
2024-05-30,296.0,300.0,293.54999,293.54999,13261.0
2024-05-31,294.0,294.0,294.0,294.0,39392.0
2024-06-03,299.5,299.5,294.0,294.0,17081.0
2024-06-04,294.0,294.0,290.29999,290.29999,56859.0
2024-06-05,290.60001,291.95001,290.0,290.0,58853.0
2024-06-06,290.0,298.0,290.0,293.0,1734452.0
2024-06-07,293.0,297.0,293.0,293.95001,656054.0
2024-06-10,294.0,294.0,292.0,292.0,260848.0
2024-06-11,292.0,292.0,291.95001,291.95001,833.0
2024-06-12,290.10001,292.0,290.04999,291.0,2137.0
2024-06-13,291.0,291.0,289.0,289.0,25582.0
2024-06-14,295.0,295.0,292.0,292.0,95799.0
2024-06-19,292.0,292.0,291.0,291.0,75727.0
2024-06-20,292.0,293.0,291.95001,291.95001,29902.0
2024-06-21,293.0,294.0,291.5,291.5,62047.0
2024-06-24,293.0,293.0,292.0,292.0,54634.0
2024-06-25,292.0,300.0,292.0,296.5,326501.0
2024-06-26,299.0,299.0,293.0,298.0,80498.0
2024-06-27,294.10001,294.10001,293.0,293.0,65786.0
2024-06-28,296.0,296.0,293.89999,296.0,204624.0
2024-07-01,293.0,294.0,292.0,294.0,91673.0
2024-07-02,294.0,296.0,294.0,294.14999,294850.0
2024-07-03,297.5,297.5,293.0,294.14999,74707.0
2024-07-04,295.0,295.0,294.0,295.0,102830.0
2024-07-05,298.0,298.0,294.04999,298.0,240713.0
2024-07-08,295.04999,298.0,295.04999,298.0,17637.0
2024-07-09,296.04999,299.0,296.0,299.0,16754.0
2024-07-10,299.39999,306.0,298.0,306.0,27136.0
2024-07-11,300.04999,310.10001,300.0,304.0,113000.0
2024-07-12,306.0,310.0,305.0,310.0,76100.0
2024-07-15,306.0,308.0,305.0,306.0,27753.0
2024-07-16,305.0,310.0,305.0,306.0,41940.0
2024-07-17,306.0,310.0,306.0,310.0,75518.0
2024-07-18,310.0,310.0,307.5,310.0,185142.0
2024-07-19,305.0,305.0,300.0,300.0,17918.0
2024-07-22,296.29999,300.0,296.29999,300.0,39323.0
2024-07-23,300.0,308.0,300.0,300.0,30727.0
2024-07-24,304.89999,304.89999,300.0,304.0,26947.0
2024-07-25,300.0,305.0,299.10001,304.0,23067.0
2024-07-26,304.0,307.0,304.0,307.0,21975.0
2024-07-29,307.0,307.0,306.0,307.0,13623.0
2024-07-31,308.0,310.0,305.0,309.0,42821.0
2024-08-01,309.0,310.0,306.0,309.89999,114015.0
2024-08-02,307.0,313.5,307.0,313.5,99551.0
2024-08-05,311.0,315.0,303.0,305.0,206471.0
2024-08-06,305.25,311.0,305.25,310.0,48143.0
2024-08-07,311.0,315.0,308.04999,310.04999,52427.0
2024-08-08,310.0,314.0,309.0,314.0,33060.0
2024-08-09,316.0,316.0,311.04999,315.0,53775.0
2024-08-12,312.0,315.0,311.20001,312.20001,88075.0
2024-08-13,312.10001,315.0,312.10001,313.10001,28923.0
2024-08-15,315.0,315.0,313.10001,314.5,34909.0
2024-08-16,312.0,316.0,311.0,315.89999,17247.0
2024-08-19,311.39999,315.95001,311.39999,315.04999,13875.0
2024-08-22,315.04999,315.95001,313.20001,315.95001,10919.0
2024-08-23,314.0,315.0,314.0,315.0,40201.0
2024-08-26,316.0,316.0,312.79999,312.79999,42074.0
2024-08-27,315.5,315.5,311.29999,311.29999,59532.0
2024-08-28,312.0,312.0,310.0,312.0,14038.0
2024-08-29,312.0,312.5,309.04999,310.0,30465.0
2024-08-30,309.0,314.5,309.0,314.5,46151.0
2024-09-02,314.0,314.0,310.0,310.0,21173.0
2024-09-03,314.0,314.0,310.0,310.0,6477.0
2024-09-04,309.0,309.9,306.0,307.95,18156.0
2024-09-05,306.0,306.0,306.0,306.0,3177.0
2024-09-06,306.0,308.95001,306.0,307.0,16570.0
2024-09-09,306.0,308.95,304.0,306.0,39994.0
2024-09-10,306.0,306.0,304.5,305.0,23468.0
2024-09-11,295.0,305.0,295.0,299.45,74958.0
2024-09-12,299.5,304.9,298.0,299.0,34431.0
2024-09-13,294.1,299.0,294.1,299.0,32116.0
2024-09-18,296.05,299.85,295.0,299.8,69635.0
2024-09-19,300.0,304.0,300.0,301.0,38743.0
2024-09-20,300.0,302.0,299.0,299.95,328954.0
2024-09-23,301.0,301.0,299.0,299.0,12745.0
2024-09-24,300.0,305.0,293.0,296.9,241212.0
2024-09-25,298.0,299.0,295.0,299.0,14467.0
2024-09-26,295.0,295.0,291.0,294.0,8998.0
2024-09-27,292.0,298.0,292.0,294.9,303360.0
2024-09-30,292.05,297.0,287.9,287.9,43108.0
2024-10-01,288.0,289.95,285.95,288.0,16059.0
2024-10-02,290.0,290.0,275.0,286.0,33901.0
2024-10-03,288.0,290.0,286.0,290.0,7225.0
2024-10-04,289.95,290.0,286.5,290.0,25003.0
2024-10-07,290.0,290.0,287.9,287.9,7306.0
2024-10-08,290.0,290.0,285.0,285.0,182284.0
2024-10-09,289.5,289.5,285.0,287.95,4260.0
2024-10-10,285.0,287.5,285.0,286.6,7611.0
2024-10-11,281.1,291.0,281.1,288.5,1451768.0
2024-10-14,295.0,295.0,285.0,289.9,11118.0
2024-10-15,286.15,289.45,286.0,289.0,30085.0
2024-10-16,289.85,289.85,285.0,289.0,67885.0
2024-10-17,286.0,291.95,286.0,291.95,90703.0
2024-10-18,294.95,294.95,289.0,292.0,111758.0
2024-10-21,295.0,295.0,291.9,291.9,24018.0
2024-10-22,291.0,291.9,291.0,291.0,8760.0
2024-10-23,292.0,292.0,289.0,291.0,37858.0
2024-10-24,288.0,291.0,286.0,291.0,654.0
2024-10-25,290.9,291.0,289.0,290.0,28721.0
2024-10-28,290.0,290.0,290.0,290.0,2976.0
2024-10-29,291.0,292.0,287.0,287.0,22540.0
2024-10-30,291.0,291.0,287.0,288.9,6872.0
2024-10-31,288.0,290.0,287.0,288.0,24326.0
2024-11-01,288.0,292.0,287.0,292.0,227277.0
2024-11-04,293.0,293.0,288.0,292.0,21742.0
2024-11-05,292.0,293.0,284.0,291.9,21653.0
2024-11-07,293.0,296.0,292.0,295.0,436876.0
2024-11-08,295.0,298.0,295.0,297.0,157585.0
2024-11-11,298.0,298.0,295.0,298.0,102158.0
2024-11-12,298.0,299.0,295.0,299.0,22447.0
2024-11-13,295.0,298.05,295.0,298.0,984236.0
2024-11-14,298.0,300.0,298.0,299.9,56392.0
2024-11-15,298.0,300.0,297.95,300.0,70436.0
2024-11-19,300.0,305.0,300.0,305.0,50714.0
2024-11-20,303.0,306.0,300.0,304.9,67502.0
2024-11-21,306.9,306.9,300.0,300.0,28807.0
2024-11-22,300.0,300.0,298.0,299.45,30705.0
2024-11-25,304.0,304.0,295.0,300.0,54915.0
2024-11-26,297.0,301.0,297.0,300.0,26731.0
2024-11-27,300.0,300.0,299.95,300.0,41802.0
2024-11-28,300.0,300.0,300.0,300.0,20700.0
2024-11-29,297.0,301.95,297.0,300.0,104809.0
2024-12-02,300.5,300.5,299.0,300.0,72896.0
2024-12-03,298.0,298.05,296.95,296.95,27760.0
2024-12-04,300.0,300.0,295.0,295.0,7571.0
2024-12-05,295.1,295.1,295.0,295.0,994.0
2024-12-06,299.8,299.8,295.0,295.0,2781.0
2024-12-09,294.0,296.95,294.0,296.95,6245.0
2024-12-10,300.0,300.0,290.1,290.1,7934.0
2024-12-11,292.0,292.0,289.95,289.95,18287.0
2024-12-12,295.9,295.9,287.05,292.0,249.0
2024-12-13,292.0,292.0,285.9,290.0,4928.0
2024-12-16,290.0,292.0,285.3,285.3,996.0
2024-12-17,291.95,295.9,285.3,285.3,44834.0
2024-12-18,291.95,291.95,285.2,285.2,21116.0
2024-12-19,285.3,295.3,285.2,290.0,2215.0
2024-12-20,294.75,296.0,286.05,289.95,13634.0
2024-12-23,290.0,290.0,285.0,285.0,27613.0
2024-12-24,291.95,291.95,280.0,280.0,41150.0
2024-12-25,280.1,280.1,275.0,280.0,339203.0
2024-12-26,285.6,288.95,280.0,281.0,768526.0
2024-12-27,285.0,285.0,280.0,281.0,570029.0
2024-12-30,285.0,289.3,280.0,280.0,25513.0
2024-12-31,287.9,287.9,275.0,275.0,195140.0
2025-01-02,285.0,285.0,277.05,280.0,737819.0
2025-01-03,285.95,285.95,280.0,283.2,443373.0
2025-01-06,283.5,288.0,283.5,284.9,14642.0
2025-01-07,285.0,285.0,282.0,284.0,42375.0
2025-01-08,285.0,291.95,285.0,289.4,56436.0
2025-01-09,287.8,291.0,287.8,288.0,132176.0
2025-01-10,293.95,293.95,287.05,289.95,44938.0
2025-01-13,291.0,295.0,288.0,288.0,6200.0
2025-01-15,285.6,290.0,281.5,289.0,12100.0
2025-01-16,289.9,293.0,289.0,289.0,132256.0
2025-01-17,292.0,292.5,288.1,289.0,14924.0
2025-01-20,290.0,290.0,288.0,288.5,10116.0
2025-01-21,288.5,289.0,283.0,283.0,51836.0
2025-01-22,287.95,287.95,287.95,287.95,2502.0
2025-01-23,284.25,289.0,280.0,280.0,25950.0
2025-01-24,288.0,288.0,280.0,286.0,23176.0
2025-01-27,287.7,287.7,283.0,283.0,2823.0
2025-01-28,283.0,287.95,283.0,283.1,1218.0
2025-01-29,288.0,288.0,283.1,283.1,11821.0
2025-01-30,287.5,288.0,285.0,285.0,14734.0
2025-01-31,287.9,287.9,284.1,285.0,86002.0
2025-02-03,287.0,287.0,283.55,285.0,103748.0
2025-02-04,285.0,285.1,284.0,285.1,15932.0
2025-02-05,286.0,287.0,285.0,285.4,111367.0
2025-02-06,285.0,285.0,284.5,284.9,71488.0
2025-02-07,282.0,285.0,282.0,284.9,68058.0
2025-02-10,284.9,284.9,282.0,282.0,40908.0
2025-02-11,284.0,284.0,280.5,283.8,12204.0
2025-02-12,280.9,283.5,280.9,283.5,8180.0
2025-02-13,282.0,285.0,282.0,282.0,16319.0
2025-02-14,282.0,285.0,282.0,282.1,30032.0
2025-02-17,284.9,285.0,282.0,282.0,14290.0
2025-02-18,284.85,284.85,281.0,281.0,34485.0
2025-02-19,284.0,284.9,280.0,280.0,28903.0
2025-02-20,280.05,281.95,277.0,277.0,17930.0
2025-02-21,280.0,281.7,275.15,276.05,57097.0
2025-02-24,279.0,282.9,276.05,276.05,38842.0
2025-02-25,279.9,282.45,277.0,280.0,6440.0
2025-02-26,280.0,288.3,278.0,284.0,287317.0
2025-02-27,287.0,288.0,282.25,283.0,9292.0
2025-02-28,287.75,288.0,280.1,280.1,32641.0
2025-03-03,286.5,287.9,286.5,286.5,236.0
2025-03-04,282.0,286.5,280.1,280.1,26111.0
2025-03-05,283.9,283.9,283.75,283.75,186.0
2025-03-06,283.9,284.4,281.1,281.1,16185.0
2025-03-07,280.05,284.0,280.05,281.0,44050.0
2025-03-10,284.0,284.0,281.0,281.0,1654.0
2025-03-11,281.0,281.0,280.0,280.0,21705.0
2025-03-12,284.5,284.5,274.0,276.0,35796.0
2025-03-13,276.0,284.0,276.0,282.7,475699.0
2025-03-14,280.0,284.0,280.0,284.0,66351.0
2025-03-17,284.0,284.0,281.5,281.5,6285.0
2025-03-18,281.5,283.5,280.15,282.1,27094.0
2025-03-19,284.0,285.0,281.5,283.0,212750.0
2025-03-20,282.0,285.0,280.0,280.0,95530.0
2025-03-21,285.0,285.0,280.0,282.0,139149.0
2025-03-24,284.95,284.95,282.0,284.9,67876.0
2025-03-25,284.85,284.95,281.5,281.5,622648.0
2025-03-26,284.75,284.75,282.0,282.0,25599.0
2025-03-27,284.45,284.45,281.0,281.0,10420.0
2025-03-28,284.45,284.45,280.0,283.35,26990.0
2025-04-02,284.9,284.9,280.0,280.1,6129.0
2025-04-03,281.0,283.75,279.0,279.1,62690.0
2025-04-04,280.0,280.9,275.1,275.1,392006.0
2025-04-07,276.1,280.5,272.0,272.0,98645.0
2025-04-08,279.95,280.65,272.5,273.0,66279.0
2025-04-09,272.3,279.9,267.5,267.55,82071.0
2025-04-10,278.0,280.0,270.0,270.0,57767.0
2025-04-11,274.95,274.95,268.0,268.0,106165.0
2025-04-14,273.8,273.8,270.0,270.0,57053.0
2025-04-15,274.95,274.95,270.0,270.0,93904.0
2025-04-16,270.1,274.0,268.25,270.0,49636.0
2025-04-17,279.7,279.7,269.55,270.0,100725.0
2025-04-18,269.65,270.0,269.65,270.0,84100.0
2025-04-21,270.0,274.5,269.8,269.8,47705.0
2025-04-22,270.0,270.0,268.5,268.5,23214.0
2025-04-23,269.0,269.0,268.0,268.0,14345.0
2025-04-24,268.0,268.5,267.0,267.65,232295.0
2025-04-25,267.65,270.0,267.0,267.0,4562.0
2025-04-28,269.0,270.0,267.1,267.1,19377.0
2025-04-29,267.1,269.0,264.5,264.5,126263.0
2025-04-30,270.0,272.0,265.1,265.1,59573.0
2025-05-02,265.1,268.0,265.0,266.1,33624.0
2025-05-05,267.0,270.0,266.1,266.1,1261.0
2025-05-06,271.9,271.9,266.1,266.15,7878.0
2025-05-07,267.5,269.0,266.2,266.2,101207.0
2025-05-08,268.0,268.0,265.8,265.8,29428.0
2025-05-09,265.8,267.95,265.8,265.95,11848.0
2025-05-12,268.0,270.0,266.0,269.0,3684.0
2025-05-13,266.5,269.0,266.2,268.0,27052.0
2025-05-14,268.9,268.9,266.7,267.4,63128.0
2025-05-15,268.0,270.0,266.75,267.9,95389.0
2025-05-16,270.0,270.0,267.0,267.0,60691.0
2025-05-19,270.0,270.0,267.0,267.0,12279.0
2025-05-20,270.0,270.0,266.5,267.0,27504.0
2025-05-21,269.0,269.0,267.0,267.0,62940.0
2025-05-22,268.0,285.0,267.0,273.95,104571.0
2025-05-23,274.0,276.0,274.0,275.0,270732.0
2025-05-26,273.35,277.0,273.35,274.95,33294.0
2025-05-27,275.0,279.0,271.0,272.0,67992.0
2025-05-28,272.0,276.85,271.05,271.5,41458.0
2025-05-29,276.45,276.45,271.8,271.95,37567.0
2025-05-30,274.9,274.9,268.0,268.0,101341.0
2025-06-02,274.9,274.9,273.9,274.0,3759.0
2025-06-03,274.0,277.9,271.1,275.0,131972.0
2025-06-04,279.0,295.0,279.0,295.0,348735.0
2025-06-05,302.5,323.9,302.5,306.0,233426.0
2025-06-06,308.0,309.0,301.0,302.0,126379.0
2025-06-10,300.0,303.0,297.0,300.0,22352.0
2025-06-11,300.0,300.0,296.0,296.0,5976.0
2025-06-12,298.0,300.0,296.0,296.0,15630.0
2025-06-13,291.0,294.5,285.0,294.5,46068.0
2025-06-16,298.0,298.0,287.0,290.0,64497.0
2025-06-17,290.0,294.5,287.05,290.0,67572.0
2025-06-18,290.05,290.05,285.0,286.0,39871.0
2025-06-19,286.0,286.0,280.0,280.0,70664.0
2025-06-20,280.0,284.05,280.0,284.05,50520.0
2025-06-23,276.2,283.0,276.2,282.0,4452.0
2025-06-24,291.0,297.95,291.0,293.0,140347.0
2025-06-25,294.5,294.5,290.0,293.0,54084.0
2025-06-26,293.5,293.5,289.1,289.1,92341.0
2025-06-30,293.0,293.0,289.05,290.0,71780.0
2025-07-01,289.4,298.0,289.4,298.0,137543.0
2025-07-02,298.0,315.0,297.0,306.0,293544.0
2025-07-03,308.0,309.6,306.0,306.55,145076.0
2025-07-04,306.5,308.0,305.55,306.0,108370.0
2025-07-07,305.0,315.0,305.0,313.0,198538.0
2025-07-08,310.0,330.0,310.0,316.0,248921.0
2025-07-09,316.0,325.0,315.0,315.0,119939.0
2025-07-10,322.95,325.0,315.0,325.0,473235.0
2025-07-11,326.0,340.0,323.1,335.0,237785.0
2025-07-14,331.0,335.0,330.0,334.0,124075.0
2025-07-15,326.0,326.0,310.0,310.0,103474.0
2025-07-16,319.95,320.0,310.0,311.0,60887.0
2025-07-17,311.1,319.2,309.5,315.0,40076.0
2025-07-18,315.0,315.7,313.0,315.0,72510.0
2025-07-21,315.0,328.0,315.0,325.5,52802.0
2025-07-22,329.95,333.0,325.05,331.0,151087.0
2025-07-23,332.95,340.0,329.9,329.9,84731.0
2025-07-24,334.0,337.0,329.9,331.0,45979.0
2025-07-25,330.1,337.0,330.0,330.0,144482.0
2025-07-28,335.0,339.0,329.0,329.9,83105.0
2025-07-29,338.95,350.0,330.0,330.0,239820.0
2025-07-31,331.1,344.8,331.1,335.0,95308.0
2025-08-01,340.0,340.0,330.0,330.0,118588.0
2025-08-04,334.0,334.0,328.0,328.0,38898.0
2025-08-05,334.0,334.0,328.0,328.0,21291.0
2025-08-06,330.0,330.0,326.0,326.0,148517.0
2025-08-07,326.0,330.0,326.0,329.0,6238.0
2025-08-08,330.0,330.0,322.5,323.2,24334.0
2025-08-11,326.4,330.0,325.0,325.0,49154.0
2025-08-12,325.0,329.5,324.0,325.0,34917.0
2025-08-13,327.0,327.0,323.0,323.0,30124.0
2025-08-15,327.85,328.0,325.0,325.1,19392.0
2025-08-18,322.6,323.0,322.6,323.0,5316.0
2025-08-19,322.5,322.5,320.15,320.25,11301.0
2025-08-22,324.0,324.0,320.0,322.5,6042.0
2025-08-25,323.0,328.0,323.0,326.85,37680.0
2025-08-26,327.0,327.0,323.0,323.0,38903.0
2025-08-27,327.0,327.0,322.0,325.95,4964.0
2025-08-28,325.0,325.0,321.3,321.3,10253.0
2025-08-29,324.45,324.45,322.0,323.0,103755.0
2025-09-01,325.0,325.0,320.0,324.2,57601.0
2025-09-02,324.45,324.95,320.0,320.0,17574.0
2025-09-03,320.0,320.0,318.5,320.0,3808.0
2025-09-04,323.5,323.5,316.0,316.0,9438.0
2025-09-08,316.0,319.95,315.0,315.0,22448.0
2025-09-09,317.0,319.9,308.0,308.0,120563.0
2025-09-10,310.0,315.0,310.0,311.0,12283.0
2025-09-11,317.9,318.0,310.1,314.15,39362.0
2025-09-12,317.5,317.5,312.0,312.0,212217.0
2025-09-15,316.0,316.5,311.0,311.0,17049.0
2025-09-16,315.5,315.5,308.0,308.0,41591.0
2025-09-17,311.0,311.0,306.3,307.0,10384.0
2025-09-18,307.0,315.0,307.0,315.0,22772.0
2025-09-19,312.5,315.0,311.0,315.0,32358.0
2025-09-22,317.95,317.95,311.7,315.0,55555.0
2025-09-23,317.95,319.5,312.5,315.0,10635.0
2025-09-24,320.0,320.0,308.0,309.0,28727.0
2025-09-25,308.1,316.0,303.0,303.0,22275.0
2025-09-26,303.0,303.0,295.0,296.4,69404.0
2025-09-29,304.0,304.0,290.0,290.0,59240.0
2025-09-30,289.95,300.0,286.0,295.0,83553.0
2025-10-01,294.5,294.5,280.0,280.0,72792.0
2025-10-02,280.0,298.9,271.0,280.05,81360.0
2025-10-03,294.0,296.0,290.0,292.9,38415.0
2025-10-06,298.0,298.8,293.0,298.0,21547.0
2025-10-07,298.8,299.45,292.0,292.0,12522.0
2025-10-08,297.9,297.9,280.0,292.05,64560.0
2025-10-09,294.5,294.5,285.0,285.0,38032.0
2025-10-10,290.0,293.0,285.0,285.0,42036.0
2025-10-13,292.4,292.4,279.0,287.0,18139.0
2025-10-14,289.9,289.95,277.0,277.0,25871.0
2025-10-15,280.0,282.1,273.0,279.45,141344.0
2025-10-16,279.5,284.0,279.0,279.0,53734.0
2025-10-17,287.9,287.9,280.0,280.0,23694.0
2025-10-20,290.0,290.0,286.0,289.85,14810.0
2025-10-21,289.9,310.0,285.0,299.95,118708.0
2025-10-22,300.0,305.0,291.65,292.0,27651.0
2025-10-23,300.0,300.0,295.0,295.55,34838.0
2025-10-24,299.7,300.0,296.0,298.0,11389.0
2025-10-27,299.0,301.0,296.0,300.0,3784.0
2025-10-28,305.0,309.0,298.0,299.0,61743.0
2025-10-29,302.0,314.8,302.0,302.5,99023.0
2025-10-30,303.0,315.0,303.0,310.0,28675.0
2025-10-31,310.0,320.0,308.7,309.0,59506.0
2025-11-03,315.0,325.0,303.0,303.0,82424.0
2025-11-04,309.85,310.0,302.0,310.0,8632.0
2025-11-05,310.0,310.0,303.2,309.0,5566.0
2025-11-07,309.95,310.0,304.0,309.0,13183.0
2025-11-10,309.95,310.0,304.4,305.0,27231.0
2025-11-11,304.0,304.0,280.5,280.5,28011.0
2025-11-12,294.2,298.0,286.9,286.9,54017.0
2025-11-13,293.45,293.45,287.0,287.0,10357.0
2025-11-14,293.85,295.95,287.0,287.0,38078.0
2025-11-17,293.9,294.0,287.0,287.0,10733.0
2025-11-19,291.0,291.0,282.0,282.0,35620.0
2025-11-20,289.8,289.8,280.0,280.0,33137.0
2025-11-21,280.0,284.0,278.0,278.0,166538.0
2025-11-24,278.0,285.0,278.0,284.0,11409.0
2025-11-25,284.0,284.0,280.0,280.0,16871.0
2025-11-26,285.0,288.5,280.0,280.0,12489.0
2025-11-27,282.0,283.0,280.0,280.0,76320.0
2025-11-28,280.0,283.0,278.0,278.0,21485.0
2025-12-01,284.5,284.5,278.0,279.0,5634.0
2025-12-02,283.25,284.7,275.3,280.0,5456.0
2025-12-03,283.0,283.0,280.0,280.0,10444.0
2025-12-04,283.0,283.0,280.0,280.0,2027.0
2025-12-05,288.0,288.0,279.0,279.0,8323.0
2025-12-08,285.95,289.45,279.0,285.9,1115.0
2025-12-09,285.0,285.0,283.05,284.9,10525.0
2025-12-10,284.9,284.9,282.0,283.0,233.0
2025-12-11,283.0,285.0,282.0,283.0,49060.0
2025-12-12,284.95,285.0,282.5,283.0,43986.0
2025-12-15,284.0,288.8,284.0,284.95,103105.0
2025-12-16,285.4,287.1,284.0,285.0,84175.0
2025-12-17,290.0,290.0,284.0,287.0,80751.0
2025-12-18,290.0,290.0,285.0,287.0,73148.0
2025-12-19,293.0,293.0,285.1,287.0,173602.0
2025-12-22,290.0,290.0,286.5,290.0,64921.0
2025-12-23,290.0,293.0,287.0,287.0,39623.0
2025-12-24,290.95,292.0,286.0,291.0,162673.0
2025-12-25,292.0,292.0,280.0,280.0,150219.0
2025-12-26,289.0,289.35,275.0,275.0,300854.0
2025-12-29,280.0,287.9,277.0,277.0,63468.0
2025-12-30,284.0,284.0,279.0,280.0,427798.0
2025-12-31,284.95,290.0,280.0,290.0,1074669.0
2026-01-02,289.9,289.9,282.05,287.9,21877.0
2026-01-05,290.0,292.0,285.0,289.95,1031954.0
2026-01-06,292.0,292.0,289.0,290.0,102859.0
2026-01-07,293.4,293.4,288.5,288.5,29951.0
2026-01-08,292.0,292.0,288.0,290.0,16122.0
2026-01-09,290.0,292.0,288.0,288.0,60984.0
2026-01-12,292.0,292.0,286.9,286.9,27830.0
2026-01-13,286.05,290.0,286.0,286.0,12526.0
2026-01-15,285.0,289.0,285.0,287.0,6557.0
2026-01-16,288.0,288.0,284.4,285.0,15281.0
2026-01-19,287.5,287.5,283.5,283.5,3041.0
2026-01-20,282.0,285.0,279.0,279.0,15266.0
2026-01-21,280.0,282.0,275.5,275.5,7865.0
2026-01-22,283.0,283.0,276.0,276.0,25583.0
2026-01-23,284.0,284.0,273.0,273.0,74025.0
2026-01-26,279.0,279.0,273.05,277.4,7104.0
2026-01-27,274.1,278.8,274.1,275.0,13870.0
2026-01-28,278.7,283.0,276.55,280.0,10996.0
2026-01-29,277.0,284.9,277.0,279.0,13085.0
2026-01-30,282.85,284.9,275.1,275.1,13699.0
2026-02-02,279.5,284.0,276.0,278.9,17511.0
2026-02-03,282.95,282.95,275.25,275.25,25497.0
2026-02-04,279.95,279.95,274.0,274.85,104677.0
2026-02-05,277.9,277.9,270.0,270.0,89409.0
2026-02-06,270.5,276.5,264.0,270.0,117876.0
2026-02-09,275.0,276.0,275.0,275.0,495.0
2026-02-10,278.9,278.9,271.0,275.35,10818.0
2026-02-11,276.0,277.0,271.2,275.0,14495.0
2026-02-12,279.8,279.8,270.0,275.0,92855.0
2026-02-13,276.95,277.0,271.1,271.1,24229.0
2026-02-16,278.95,278.95,272.0,274.0,99660.0
2026-02-17,270.0,274.0,269.9,274.0,86010.0
2026-02-18,268.55,277.0,268.55,274.0,25983.0
2026-02-19,272.5,279.0,272.5,275.6,54218.0
2026-02-20,275.5,275.5,271.6,274.0,39086.0
2026-02-23,277.0,277.0,271.0,276.0,36099.0
2026-02-24,275.9,275.95,271.0,271.0,44734.0
2026-02-25,275.0,275.2,270.0,270.0,109445.0
2026-02-26,273.0,274.75,268.0,269.95,8812.0
2026-02-27,269.5,270.0,262.0,265.0,105792.0
2026-03-02,259.0,259.0,250.1,253.4,33464.0
2026-03-03,255.0,255.0,245.0,245.0,101146.0
2026-03-04,255.85,259.0,245.0,250.0,173931.0
2026-03-05,255.0,257.0,250.0,257.0,16772.0
2026-03-06,261.0,261.8,254.55,255.0,77180.0
2026-03-09,250.0,254.0,245.0,245.0,29278.0
2026-03-10,260.0,260.0,246.0,246.0,96785.0
2026-03-11,255.0,255.0,250.1,250.1,16454.0
2026-03-12,254.0,254.0,246.1,246.1,18580.0
2026-03-13,254.4,254.4,245.0,245.0,62117.0
2026-03-16,250.0,252.0,245.0,247.0,15707.0
2026-03-17,250.9,253.0,247.0,247.0,26824.0
2026-03-18,250.9,253.0,250.9,252.0,21071.0
2026-03-19,252.0,253.0,252.0,253.0,10212.0
2026-03-24,255.0,255.0,248.0,248.0,13221.0
2026-03-25,249.0,254.9,249.0,249.0,34601.0
2026-03-26,249.0,252.9,245.0,245.0,56391.0
2026-03-27,252.95,252.95,240.0,240.0,91979.0
