Time,Open,High,Low,Close,Volume
2020-03-23,147.0068906,147.0068906,147.0068906,147.0068906,16.07067526
2020-03-24,152.84049737,152.84049737,152.84049737,152.84049737,2180.2549438
2020-03-25,152.84049737,152.84049737,146.82021518,146.82021518,1265.29783225
2020-03-26,149.66701529,149.71368414,149.66701529,149.71368414,305.34282997
2020-03-27,143.83340852,143.92674622,143.83340852,143.83340852,7092.52468205
2020-03-30,145.60682497,145.60682497,145.60682497,145.60682497,262.48769594
2020-03-31,145.60682497,145.60682497,144.67344789,145.60682497,546.40295889
2020-04-01,145.56015612,145.56015612,140.00656247,140.00656247,133.92229385
2020-04-02,142.34000518,142.34000518,140.00656247,140.00656247,353.55485575
2020-04-03,139.07318539,139.07318539,134.45296883,134.45296883,35064.07066377
2020-04-06,139.81988706,139.81988706,134.40629998,134.40629998,899.95781464
2020-04-07,138.97984768,138.97984768,129.03938175,129.03938175,2502.73982738
2020-04-08,130.67279164,130.67279164,125.07252914,130.67279164,201.41912994
2020-04-09,132.02618841,132.02618841,130.67279164,130.67279164,21.42756702
2020-04-10,134.12628685,134.12628685,134.12628685,134.12628685,5469.38648064
2020-04-14,132.53954581,132.53954581,130.67279164,130.67279164,2586.30733874
2020-04-15,130.67279164,130.67279164,129.27272602,129.27272602,936.38467857
2020-04-17,129.73941456,129.73941456,126.00590623,126.00590623,6237.56475814
2020-04-20,126.00590623,126.09924394,123.20577498,123.20577498,25682.01044614
2020-04-21,121.33902081,123.20577498,118.30554529,118.30554529,3959.81438442
2020-04-22,120.35897487,120.40564373,116.6721354,116.6721354,5835.79787661
2020-04-23,118.53888956,118.53888956,116.6721354,116.6721354,11255.90095311
2020-04-24,120.87233227,120.87233227,120.31230602,120.31230602,2976.28905842
2020-04-27,121.33902081,121.33902081,116.6721354,116.6721354,16296.73609345
2020-04-28,121.29235196,121.29235196,113.45198446,113.45198446,47745.97620175
2020-04-29,116.6721354,117.97886331,115.27206977,117.97886331,165877.22453521
2020-04-30,122.27239789,122.69241758,122.27239789,122.69241758,637.4701187
2020-05-04,127.59264727,127.59264727,127.54597841,127.59264727,8773.5173144
2020-05-05,131.60616873,132.53954581,130.67279164,130.67279164,5062.26270735
2020-05-06,133.47292289,133.47292289,130.67279164,130.67279164,3811.96417201
2020-05-07,130.67279164,130.67279164,129.73941456,129.73941456,401.76688154
2020-05-08,129.73941456,131.60616873,126.00590623,126.00590623,1860.98419528
2020-05-12,126.93928331,126.93928331,121.33902081,121.33902081,8777.8028278
2020-05-13,119.93895519,124.13915206,119.47226664,124.13915206,632.11322695
2020-05-14,124.13915206,124.13915206,121.33902081,121.33902081,1467.78834055
2020-05-15,120.87233227,122.27239789,120.87233227,120.87233227,992.09635281
2020-05-18,125.53921769,125.53921769,121.33902081,121.33902081,2007.76302933
2020-05-19,126.09924394,126.09924394,117.13882394,117.13882394,29656.82412747
2020-05-20,120.87233227,121.2456831,120.31230602,121.2456831,599.97187643
2020-05-21,121.33902081,123.20577498,121.33902081,123.20577498,1071.37835076
2020-05-22,124.04581435,124.04581435,121.2456831,121.2456831,28965.78509123
2020-05-26,123.57912581,124.93252258,123.20577498,124.93252258,51042.60738704
2020-05-27,127.87266039,128.80603748,125.58588654,125.63255539,123593.13516565
2020-05-28,130.15943425,130.15943425,126.00590623,126.00590623,4340.15369894
2020-05-29,124.13915206,127.40597185,124.13915206,126.00590623,2767.37028002
2020-06-01,125.07252914,126.93928331,125.07252914,126.93928331,224.98945366
2020-06-02,128.80603748,128.80603748,127.87266039,128.33934894,4349.7961041
2020-06-03,128.75936862,133.00623435,128.33934894,132.53954581,2832.72435942
2020-06-04,133.47292289,135.33967706,132.67955237,132.67955237,37455.38714267
2020-06-05,135.15300164,135.15300164,130.67279164,130.67279164,85479.92171562
2020-06-08,133.93961143,133.93961143,130.62612279,130.62612279,13151.16925561
2020-06-09,129.73941456,129.73941456,129.27272602,129.73941456,66108.32975547
2020-06-10,129.73941456,129.73941456,129.73941456,129.73941456,44244.71175145
2020-06-11,128.89937518,130.67279164,128.80603748,129.55273914,29671.82342438
2020-06-12,128.80603748,128.80603748,128.80603748,128.80603748,641.75563211
2020-06-15,129.73941456,129.73941456,129.73941456,129.73941456,214.27567015
2020-06-16,130.67279164,131.60616873,130.67279164,131.60616873,321.41350523
2020-06-17,136.83308039,136.83308039,136.83308039,136.83308039,4486.93253299
2020-06-18,137.20643123,137.20643123,133.47292289,134.03294914,193423.43331168
2020-06-19,134.03294914,136.27305414,132.53954581,136.27305414,60981.78434707
2020-06-22,136.319723,140.00656247,136.17971643,140.00656247,4734.42093202
2020-06-23,139.91322477,139.91322477,136.73974268,136.73974268,4110.87873188
2020-06-24,136.73974268,137.20643123,135.52635248,135.52635248,1744.20395504
2020-06-25,136.27305414,136.27305414,135.43301477,135.43301477,1486.00177251
2020-06-26,136.27305414,136.27305414,133.00623435,133.00623435,125642.68195066
2020-06-29,135.33967706,135.33967706,131.23281789,131.23281789,14823.59086116
2020-06-30,131.23281789,131.23281789,130.67279164,130.67279164,21862.54662567
2020-07-01,131.13948018,134.35963112,130.67279164,130.67279164,6667.1874768
2020-07-02,130.67279164,130.7194605,130.67279164,130.67279164,11184.11860361
2020-07-03,130.67279164,133.47292289,130.67279164,133.47292289,723.18038676
2020-07-06,133.47292289,133.47292289,133.47292289,133.47292289,11353.39638303
2020-07-07,130.67279164,133.47292289,130.67279164,133.47292289,6082.21489728
2020-07-08,131.60616873,133.47292289,131.60616873,133.47292289,130.70815879
2020-07-09,133.00623435,134.40629998,133.00623435,133.93961143,299.98593821
2020-07-10,133.00623435,133.93961143,130.67279164,130.67279164,2128.82878297
2020-07-14,130.67279164,130.67279164,128.10600466,128.10600466,599.97187643
2020-07-15,131.60616873,131.60616873,131.60616873,131.60616873,21830.40527514
2020-07-16,134.21962456,134.21962456,131.60616873,132.53954581,20790.09689655
2020-07-17,133.47292289,133.47292289,131.60616873,131.60616873,1751.7036035
2020-07-20,131.60616873,131.60616873,129.73941456,130.29944081,38.56962063
2020-07-21,133.00623435,133.00623435,130.43944737,130.67279164,696.395928
2020-07-22,130.67279164,130.67279164,130.67279164,130.67279164,17675.60003089
2020-07-23,128.10600466,132.4462081,128.10600466,132.4462081,6682.18677371
2020-07-24,131.60616873,132.4462081,130.2061031,130.2061031,257.13080418
2020-07-27,128.89937518,129.27272602,128.80603748,129.27272602,21748.98052049
2020-07-28,129.73941456,129.73941456,126.65927019,126.65927019,30643.56358852
2020-07-29,130.67279164,130.67279164,130.67279164,130.67279164,23.57032372
2020-08-04,130.57945393,130.57945393,127.87266039,128.38601779,1028.52321673
2020-08-05,128.80603748,130.11276539,128.43268664,128.43268664,12675.47726788
2020-08-06,130.2061031,130.2061031,130.2061031,130.2061031,436.05098876
2020-08-07,129.27272602,130.01942768,129.27272602,129.27272602,144.63607735
2020-08-10,129.36606373,129.36606373,128.89937518,128.89937518,134.9936722
2020-08-11,133.00623435,133.00623435,133.00623435,133.00623435,14.99929691
2020-08-12,127.91932925,132.02618841,127.91932925,128.38601779,1145.30345697
2020-08-13,131.60616873,131.60616873,128.94604404,128.94604404,320.34212688
2020-08-17,128.89937518,128.89937518,128.80603748,128.80603748,232.48910212
2020-08-18,128.94604404,128.94604404,128.52602435,128.52602435,2366.67477684
2020-08-19,128.52602435,128.71269977,127.87266039,127.87266039,7901.41533688
2020-08-24,130.62612279,130.62612279,126.47259477,127.87266039,1129.2327817
2020-08-25,127.87266039,127.87266039,125.95923737,125.95923737,1487.07315086
2020-08-26,126.00590623,126.00590623,121.33902081,121.33902081,11520.53140575
2020-08-27,121.33902081,121.33902081,120.40564373,120.40564373,12011.2226904
2020-08-28,120.40564373,120.40564373,120.35897487,120.35897487,5841.15476836
2020-08-31,121.33902081,123.29911269,121.33902081,121.33902081,13940.77510013
2020-09-01,125.07252914,125.07252914,121.89904706,121.89904706,14235.40414659
2020-09-02,122.27239789,124.13915206,120.40564373,120.68565685,27580.49288369
2020-09-03,120.49898144,121.80570935,120.49898144,121.33902081,532.47504033
2020-09-04,120.87233227,121.29235196,120.40564373,120.40564373,9465.62772899
2020-09-07,121.33902081,125.07252914,121.33902081,123.20577498,318.19937018
2020-09-08,121.33902081,121.33902081,120.87233227,120.87233227,80353.37630722
2020-09-09,121.33902081,121.33902081,120.40564373,120.40564373,2134.18567472
2020-09-10,121.33902081,121.33902081,121.33902081,121.33902081,659.96906407
2020-09-11,121.33902081,121.33902081,119.42559779,119.42559779,38769.96837906
2020-09-14,123.20577498,123.20577498,120.40564373,120.40564373,1071.37835076
2020-09-15,122.64574873,122.64574873,119.47226664,120.40564373,656.75492902
2020-09-16,119.47226664,121.33902081,119.47226664,119.47226664,2586.30733874
2020-09-17,119.93895519,122.27239789,118.53888956,118.58555842,13025.81798858
2020-09-18,118.58555842,120.21896831,118.58555842,118.63222727,1976.69305716
2020-09-21,120.87233227,120.87233227,120.87233227,120.87233227,23.57032372
2020-09-23,118.63222727,119.47226664,118.63222727,119.47226664,106.06645673
2020-09-24,118.53888956,119.47226664,115.73875831,115.73875831,10946.27260974
2020-09-25,116.01877144,117.60551248,115.69208946,115.73875831,4015.52605866
2020-09-28,119.93895519,119.93895519,115.87876487,115.87876487,46.06926908
2020-09-29,115.87876487,119.42559779,115.87876487,117.60551248,4817.98844338
2020-09-30,117.60551248,117.60551248,117.60551248,117.60551248,31.06997217
2020-10-01,120.40564373,120.40564373,120.40564373,120.40564373,95.35267322
2020-10-02,121.33902081,121.33902081,118.95890925,121.33902081,2362.38926343
2020-10-05,121.33902081,121.33902081,121.33902081,121.33902081,407.12377329
2020-10-06,120.40564373,121.33902081,118.58555842,121.33902081,13761.85491555
2020-10-07,121.33902081,121.33902081,121.33902081,121.33902081,9520.26802488
2020-10-08,123.11243727,123.11243727,121.33902081,121.33902081,3220.56332239
2020-10-09,122.27239789,122.27239789,122.17906019,122.17906019,74.99648455
2020-10-12,122.73908644,122.73908644,121.33902081,121.33902081,6599.6906407
2020-10-13,121.33902081,121.33902081,121.33902081,121.33902081,1479.5735024
2020-10-14,122.22572904,125.67922425,122.22572904,124.88585373,6766.82566342
2020-10-15,125.77256196,125.77256196,122.27239789,123.29911269,11681.23815837
2020-10-16,123.20577498,123.29911269,123.20577498,123.29911269,13074.03001436
2020-10-19,125.53921769,125.53921769,121.99238477,121.99238477,1000.66737961
2020-10-20,124.13915206,124.13915206,121.80570935,122.27239789,1960.6223819
2020-10-21,122.73908644,122.73908644,122.73908644,122.73908644,492.83404135
2020-10-22,123.67246352,125.49254883,123.67246352,124.27915862,39694.56789576
2020-10-23,125.07252914,127.77932269,125.07252914,126.00590623,2703.08757897
2020-10-26,128.75936862,128.75936862,128.33934894,128.71269977,189.63396809
2020-10-27,128.80603748,129.73941456,126.93928331,129.73941456,38535.33652024
2020-10-28,128.80603748,128.80603748,128.80603748,128.80603748,321.41350523
2020-11-02,124.27915862,126.93928331,124.27915862,126.93928331,3969.45678958
2020-11-03,126.14591279,126.93928331,126.00590623,126.00590623,5675.09112399
2020-11-04,126.8459456,126.93928331,125.07252914,126.00590623,4009.09778855
2020-11-05,127.40597185,127.40597185,126.00590623,126.47259477,14801.09191579
2020-11-09,126.47259477,131.51283102,126.00590623,131.13948018,9853.46669197
2020-11-10,131.13948018,134.40629998,131.13948018,133.47292289,2423.45782943
2020-11-11,134.40629998,134.40629998,131.60616873,134.12628685,1424.93320651
2020-11-12,133.37958518,133.93961143,133.37958518,133.47292289,9810.61155794
2020-11-13,131.23281789,134.12628685,131.13948018,134.12628685,55532.75405509
2020-11-16,134.40629998,134.40629998,134.40629998,134.40629998,978.16843425
2020-11-17,134.40629998,135.33967706,132.53954581,135.33967706,4604.78415158
2020-11-19,135.33967706,137.20643123,135.33967706,137.20643123,6663.97334175
2020-11-20,138.97984768,140.00656247,136.319723,139.91322477,87629.10668725
2020-11-23,144.20675935,144.20675935,139.95989362,143.6467331,14039.3419084
2020-11-24,143.6467331,144.67344789,143.6467331,144.20675935,11777.66220994
2020-11-25,144.58011018,146.07351352,142.85336258,145.60682497,24457.42499121
2020-11-26,143.74007081,149.20032674,143.74007081,143.74007081,7012.17130574
2020-11-27,147.47357914,147.47357914,142.80669372,142.80669372,7272.51624498
2020-11-30,142.85336258,144.67344789,142.80669372,144.67344789,25265.24426769
2020-12-01,143.08670685,145.60682497,143.08670685,143.46005768,2033.47610975
2020-12-02,142.48001174,145.46681841,142.34000518,142.43334289,2758.79925321
2020-12-03,142.80669372,144.67344789,142.43334289,142.43334289,24073.87154164
2020-12-04,141.07994612,142.80669372,141.07994612,141.35995925,28647.58572105
2020-12-07,141.45329695,141.45329695,141.4066281,141.4066281,1216.01442812
2020-12-08,141.87331664,141.87331664,141.49996581,141.54663466,418.90893515
2020-12-09,143.55339539,143.55339539,140.93993956,140.93993956,1844.91352001
2020-12-10,143.50672654,143.50672654,141.87331664,141.87331664,10716.99764268
2020-12-11,142.5266806,147.47357914,142.5266806,146.54020206,44284.35275043
2020-12-14,146.54020206,147.0068906,145.23347414,145.60682497,5850.79717352
2020-12-15,145.60682497,145.60682497,145.51348727,145.51348727,52.49753919
2020-12-16,142.80669372,145.28014299,142.34000518,142.80669372,740.32244038
2020-12-17,142.34000518,145.42014956,140.00656247,145.18680529,29092.20773662
2020-12-18,142.99336914,148.82697591,142.99336914,148.31361851,43606.1702544
2020-12-21,147.47357914,147.47357914,142.38667404,142.38667404,13542.22235364
2020-12-22,141.03327727,144.67344789,140.93993956,144.62677904,3977931.39233099
2020-12-23,142.90003143,144.7667856,142.90003143,144.67344789,7716.06688219
2020-12-24,146.07351352,146.07351352,142.5266806,142.5266806,14442.18016828
2020-12-25,146.4935332,146.54020206,141.87331664,144.58011018,79789.83129471
2020-12-28,141.96665435,142.80669372,141.96665435,142.80669372,543.18882384
2020-12-29,142.43334289,142.48001174,141.87331664,141.87331664,4096.95081332
2020-12-30,141.87331664,143.74007081,140.00656247,140.00656247,230106.35666345
2020-12-31,140.93993956,145.56015612,140.2865756,145.56015612,18386.99525579
2021-01-04,140.93993956,143.74007081,140.93993956,143.74007081,117.85161858
2021-01-05,140.93993956,143.74007081,140.93993956,140.93993956,11691.95194188
2021-01-06,141.17328383,141.26662154,141.17328383,141.21995268,1680.99263235
2021-01-07,141.26662154,142.34000518,141.26662154,142.34000518,17038.12991218
2021-01-08,141.9199855,141.9199855,141.9199855,141.9199855,53.56891754
2021-01-13,141.4066281,144.58011018,141.31329039,141.31329039,3040.57175947
2021-01-14,141.4066281,141.4066281,141.03327727,141.03327727,1414.21942301
2021-01-15,141.07994612,144.67344789,141.07994612,143.74007081,863.53095071
2021-01-18,143.74007081,143.74007081,141.87331664,143.74007081,89.99578146
2021-01-19,141.87331664,146.40019549,141.87331664,145.60682497,20582.24949651
2021-01-20,143.41338883,146.40019549,143.41338883,146.35352664,3599.83125856
2021-01-21,146.35352664,146.35352664,145.60682497,145.60682497,163.92088767
2021-01-22,142.80669372,148.40695622,142.80669372,148.40695622,40851.65651459
2021-01-26,148.31361851,151.20708747,145.04679872,151.20708747,20102.27199536
2021-01-27,151.16041862,151.16041862,149.34033331,149.34033331,669.61146923
2021-01-28,149.34033331,150.27371039,149.34033331,149.34033331,204.633265
2021-01-29,149.34033331,150.27371039,149.34033331,150.18037268,6372.55843034
2021-02-01,148.40695622,149.34033331,148.40695622,148.40695622,12794.40026481
2021-02-02,147.10022831,149.34033331,145.60682497,149.34033331,3160.56613475
2021-02-03,147.52024799,150.74039893,147.52024799,150.74039893,31463.16802685
2021-02-04,149.34033331,151.20708747,149.34033331,149.43367101,49173.05216496
2021-02-05,152.04712685,152.04712685,149.43367101,149.43367101,32409.19511058
2021-02-08,151.86045143,152.00045799,150.3670481,150.3670481,16522.79692547
2021-02-09,150.74039893,151.76711372,150.3670481,150.3670481,29197.20281499
2021-02-10,150.3670481,150.41371695,149.2469956,149.34033331,1158.15999717
2021-02-11,146.72687747,149.20032674,144.67344789,149.20032674,554.9739857
2021-02-12,148.87364476,148.87364476,148.87364476,148.87364476,107.13783508
2021-02-15,144.48677247,148.31361851,144.48677247,147.94026768,5370.81967237
2021-02-17,145.23347414,145.23347414,145.23347414,145.23347414,19.28481031
2021-02-18,145.23347414,147.42691029,142.34000518,146.54020206,1360.65050547
2021-02-19,148.68696935,148.68696935,144.72011674,144.72011674,557.1167424
2021-02-22,147.6135857,147.6135857,147.0068906,147.0068906,1649.92266017
2021-02-24,144.67344789,144.67344789,142.71335602,142.71335602,25949.85503383
2021-02-25,141.87331664,144.67344789,141.87331664,144.67344789,5640.80701677
2021-02-26,146.07351352,148.22028081,142.0133232,144.67344789,31499.59489078
2021-03-01,142.05999206,146.96022174,142.05999206,144.67344789,5359.03451052
2021-03-02,143.74007081,143.74007081,140.00656247,140.14656904,2304.53483249
2021-03-03,142.76002487,142.76002487,140.93993956,140.93993956,215.3470485
2021-03-05,140.00656247,140.47325102,139.7732182,139.7732182,2935.57668109
2021-03-08,140.00656247,140.00656247,138.13980831,138.18647716,290.34353306
2021-03-09,141.82664779,141.82664779,138.6531657,138.6531657,199.27637324
2021-03-11,138.6531657,138.69983456,138.6531657,138.69983456,518.54712177
2021-03-12,142.5266806,142.5266806,142.5266806,142.5266806,37296.82314676
2021-03-15,142.5266806,142.5266806,142.5266806,142.5266806,1661.70782203
2021-03-16,140.00656247,140.00656247,139.07318539,139.07318539,42.85513403
2021-03-17,140.00656247,142.43334289,140.00656247,142.43334289,456.40717742
2021-03-18,142.43334289,146.35352664,142.43334289,146.35352664,2543.45220471
2021-03-19,144.20675935,147.47357914,144.20675935,147.47357914,7727.85204405
2021-03-22,142.05999206,147.47357914,142.05999206,146.4935332,37.49824228
2021-03-23,144.67344789,144.67344789,140.93993956,140.93993956,10745.92485815
2021-03-24,143.74007081,146.54020206,143.74007081,146.54020206,3503.40720699
2021-03-25,146.4935332,150.27371039,146.4935332,150.27371039,53732.83842581
2021-03-26,150.41371695,150.41371695,149.34033331,149.34033331,47141.71881192
2021-03-29,144.72011674,144.72011674,143.74007081,143.74007081,453.19304237
2021-03-30,146.54020206,147.94026768,146.54020206,147.94026768,13392.22938454
2021-03-31,146.54020206,146.54020206,146.44686435,146.44686435,74996.4845534
2021-04-01,148.40695622,149.34033331,144.72011674,149.34033331,3148.78097289
2021-04-02,149.80702185,150.27371039,149.80702185,150.18037268,140.35056395
2021-04-05,144.30009706,149.34033331,144.30009706,149.34033331,6965.03065831
2021-04-06,149.66701529,149.66701529,149.66701529,149.66701529,10.71378351
2021-04-07,149.62034643,149.62034643,149.62034643,149.62034643,9.64240516
2021-04-08,149.34033331,149.34033331,146.54020206,149.34033331,57.85443094
2021-04-09,149.34033331,149.34033331,149.34033331,149.34033331,20697.95835839
2021-04-12,147.47357914,149.62034643,147.0068906,149.34033331,211.0615351
2021-04-13,149.34033331,149.34033331,149.34033331,149.34033331,488.54852795
2021-04-14,147.47357914,149.34033331,147.47357914,149.34033331,663.18319912
2021-04-16,147.47357914,147.47357914,147.47357914,147.47357914,712.46660326
2021-04-19,145.79350039,147.47357914,145.79350039,147.47357914,44.99789073
2021-04-20,148.40695622,149.34033331,148.40695622,149.34033331,1359.57912712
2021-04-21,145.70016268,149.29366445,145.70016268,149.29366445,1729.20465813
2021-04-22,147.75359226,149.34033331,147.75359226,149.34033331,1834.19973651
2021-04-23,145.74683154,149.34033331,145.74683154,149.34033331,2742.72857795
2021-04-26,147.47357914,149.34033331,147.47357914,149.34033331,3282.70326674
2021-04-27,146.40019549,149.2469956,146.40019549,149.2469956,9267.4227341
2021-04-28,148.40695622,148.40695622,148.40695622,148.40695622,65238.37053465
2021-04-29,148.40695622,148.40695622,147.66025456,148.40695622,155370.21704928
2021-04-30,147.94026768,148.40695622,147.94026768,148.40695622,12621.90835034
2021-05-03,149.34033331,149.34033331,149.20032674,149.20032674,6313.63262105
2021-05-04,146.21352008,149.34033331,146.21352008,149.34033331,1716.34811792
2021-05-06,149.29366445,151.20708747,146.82021518,149.34033331,17793.45164947
2021-05-07,149.34033331,149.34033331,147.47357914,147.47357914,178095.22324731
2021-05-10,148.40695622,148.40695622,148.40695622,148.40695622,37.49824228
2021-05-11,147.47357914,147.47357914,146.63353977,147.0068906,11089.83730875
2021-05-12,148.40695622,151.06708091,146.63353977,147.56691685,3184.13645847
2021-05-17,147.47357914,151.20708747,147.47357914,151.20708747,29953.59593063
2021-05-18,149.34033331,149.34033331,149.34033331,149.34033331,11142.33484793
2021-05-19,151.20708747,152.14046456,149.34033331,150.27371039,54385.30784143
2021-05-20,151.11374976,151.11374976,148.87364476,148.87364476,973.88292084
2021-05-21,150.74039893,150.74039893,148.87364476,148.87364476,12024.07923061
2021-05-24,150.69373008,150.69373008,147.56691685,147.56691685,594.61498467
2021-05-25,150.50705466,150.50705466,147.75359226,147.75359226,8477.81688959
2021-05-26,147.98693654,149.34033331,147.94026768,147.98693654,16282.80817489
2021-05-27,149.2469956,149.2469956,147.56691685,147.98693654,1545.99896015
2021-05-28,149.2469956,150.60039237,149.2469956,150.27371039,10342.01521991
2021-05-31,150.18037268,150.18037268,147.47357914,147.47357914,2518.81050264
2021-06-01,149.34033331,149.34033331,146.54020206,146.54020206,674.96836098
2021-06-02,146.72687747,150.22704154,146.72687747,150.22704154,4890.84217123
2021-06-03,148.40695622,150.27371039,148.40695622,149.80702185,7493.22018524
2021-06-04,149.34033331,149.34033331,149.34033331,149.34033331,1910.26759941
2021-06-07,149.34033331,150.64706122,149.34033331,150.46038581,1543.85620345
2021-06-08,149.34033331,150.60039237,149.34033331,149.34033331,2726.65790269
2021-06-09,150.27371039,150.27371039,149.34033331,149.80702185,262960.17378959
2021-06-10,149.38700216,150.69373008,149.34033331,150.64706122,24007.44608389
2021-06-11,149.38700216,150.64706122,149.34033331,149.38700216,29932.16836361
2021-06-14,149.34033331,154.00721872,149.34033331,152.6071531,39483.50636066
2021-06-15,151.20708747,154.00721872,149.80702185,152.6071531,38044.64523559
2021-06-16,153.96054987,154.00721872,149.8536907,152.70049081,142311.18633183
2021-06-17,152.6071531,153.91388101,152.6071531,153.91388101,26786.60152577
2021-06-18,154.00721872,156.80734997,152.6071531,156.80734997,18248.78744854
2021-06-21,153.12051049,158.67410414,153.12051049,158.58076643,2562.73701502
2021-06-22,154.94059581,157.1807008,154.47390726,156.99402539,389720.3033601
2021-06-23,156.99402539,158.53409758,156.99402539,158.53409758,142904.72993816
2021-06-24,157.32070737,158.2074156,154.94059581,157.27403851,3833.39173903
2021-06-25,157.27403851,157.27403851,157.27403851,157.27403851,237439.94147442
2021-06-28,155.40728435,158.62743528,155.40728435,158.62743528,574.25879601
2021-06-29,154.19389414,158.2074156,154.19389414,158.2074156,237.84599387
2021-06-30,157.55405164,157.55405164,154.47390726,157.46071393,3661.97120291
2021-07-01,157.74072705,157.74072705,157.74072705,157.74072705,2154.54186338
2021-07-02,157.74072705,160.5408583,157.6940582,160.5408583,21461.85112248
2021-07-05,157.74072705,160.5408583,157.74072705,160.5408583,27374.78824034
2021-07-06,159.60748122,159.60748122,157.27403851,157.27403851,8807.80142162
2021-07-07,160.5408583,160.5408583,157.74072705,157.74072705,10492.00818902
2021-07-08,160.5408583,160.5408583,160.5408583,160.5408583,31.06997217
2021-07-09,158.67410414,158.67410414,158.67410414,158.67410414,6448.62629324
2021-07-12,158.67410414,158.67410414,158.67410414,158.67410414,6283.63402722
2021-07-13,159.60748122,159.60748122,155.87397289,159.60748122,5623.66496315
2021-07-14,156.85401883,157.74072705,156.85401883,157.74072705,627.82771355
2021-07-15,155.87397289,156.80734997,155.87397289,155.87397289,371.76828771
2021-07-16,155.73396633,157.6940582,155.73396633,156.34066143,6942.53171294
2021-07-19,155.87397289,156.80734997,154.47390726,154.47390726,3526.97753071
2021-07-23,156.80734997,156.80734997,155.87397289,155.87397289,6371.48705199
2021-07-26,157.74072705,157.74072705,154.94059581,156.80734997,2456.6705583
2021-07-27,155.87397289,157.74072705,155.87397289,157.74072705,347.12658565
2021-07-28,155.9673106,158.67410414,155.9673106,158.67410414,6.4282701
2021-08-02,158.67410414,158.67410414,155.87397289,155.87397289,4353.01023915
2021-08-03,158.67410414,158.67410414,155.87397289,158.67410414,16119.95866558
2021-08-04,159.60748122,159.60748122,157.27403851,157.74072705,64600.90041595
2021-08-05,157.74072705,157.74072705,157.41404508,157.74072705,1113.16210644
2021-08-06,157.74072705,159.51414351,157.74072705,159.51414351,47838.11473991
2021-08-09,159.51414351,159.60748122,159.51414351,159.60748122,167.13502272
2021-08-11,159.60748122,159.60748122,159.60748122,159.60748122,97.49542992
2021-08-12,158.72077299,159.14079268,158.67410414,158.67410414,5947.22122508
2021-08-13,157.74072705,161.47423539,157.74072705,161.47423539,16239.95304086
2021-08-16,161.28755997,161.28755997,161.28755997,161.28755997,160.70675261
2021-08-17,160.58752716,160.58752716,160.58752716,160.58752716,622.47082179
2021-08-18,159.65415008,160.5408583,159.60748122,160.5408583,1505.28658282
2021-08-19,159.60748122,159.60748122,158.67410414,159.60748122,25325.24145533
2021-08-23,158.67410414,165.58109455,158.67410414,165.58109455,3643.75777094
2021-08-24,159.70081893,166.09445195,159.70081893,162.40761247,3252.70467292
2021-08-25,163.76100924,163.76100924,163.34098955,163.34098955,19.28481031
2021-08-26,160.77420257,163.34098955,160.77420257,163.34098955,7112.88087071
2021-08-27,162.40761247,163.34098955,162.40761247,163.34098955,24474.56704483
2021-08-30,161.5675731,164.74105518,161.5675731,163.34098955,184.27707633
2021-08-31,162.40761247,162.40761247,162.40761247,162.40761247,6270.77748702
2021-09-01,163.15431414,163.15431414,163.15431414,163.15431414,3964.09989782
2021-09-02,161.47423539,163.34098955,161.47423539,163.34098955,14.99929691
2021-09-03,161.94092393,162.82763216,161.70757966,162.82763216,8892.44031133
2021-09-06,165.20774372,165.20774372,162.26760591,163.34098955,2421.31507272
2021-09-07,162.40761247,162.87430101,162.40761247,162.87430101,6657.54507164
2021-09-08,164.04102237,164.60104862,162.31427476,162.40761247,5875.43887558
2021-09-09,162.22093705,166.98116018,162.22093705,164.27436664,86322.02509932
2021-09-10,166.98116018,166.98116018,163.38765841,165.20774372,2592.73560885
2021-09-13,163.43432726,165.20774372,162.45428132,165.20774372,710.32384656
2021-09-14,165.16107487,165.20774372,165.16107487,165.20774372,224.98945366
2021-09-15,164.27436664,164.27436664,163.34098955,163.34098955,8916.01063505
2021-09-16,162.87430101,163.34098955,161.47423539,162.45428132,16096.38834186
2021-09-17,163.76100924,163.76100924,162.40761247,162.45428132,26171.63035244
2021-09-20,163.66767153,163.71434039,163.34098955,163.34098955,3396.26937192
2021-09-21,164.27436664,164.27436664,162.40761247,163.34098955,503.54782486
2021-09-22,163.34098955,163.34098955,162.40761247,163.34098955,38214.99439336
2021-09-23,162.87430101,163.8076781,162.40761247,162.40761247,101768.08678226
2021-09-24,164.27436664,164.27436664,162.40761247,163.34098955,46497.82042311
2021-09-27,164.27436664,164.27436664,162.40761247,164.22769778,24719.91268715
2021-09-28,163.34098955,164.22769778,163.34098955,164.18102893,698.5386847
2021-09-29,164.27436664,164.27436664,161.47423539,163.34098955,45676.07322807
2021-09-30,163.34098955,164.27436664,162.87430101,164.27436664,130871.00830239
2021-10-01,163.43432726,163.43432726,162.87430101,163.34098955,24598.84693352
2021-10-04,165.95444539,165.95444539,161.47423539,163.34098955,22340.38137011
2021-10-05,163.34098955,163.34098955,163.34098955,163.34098955,1238.51337348
2021-10-06,161.94092393,164.27436664,160.5408583,164.27436664,5152.25848882
2021-10-08,164.27436664,164.27436664,164.27436664,164.27436664,7223.23284084
2021-10-11,164.74105518,164.74105518,162.50095018,162.87430101,10688.07042721
2021-10-13,162.50095018,163.34098955,162.40761247,163.34098955,2631.30522947
2021-10-14,163.34098955,163.34098955,163.2943207,163.34098955,16164.95655631
2021-10-15,162.40761247,163.34098955,162.40761247,163.34098955,32320.27070746
2021-10-18,162.40761247,163.34098955,162.40761247,163.34098955,23798.5273055
2021-10-21,163.34098955,163.8076781,163.34098955,163.8076781,33042.37971588
2021-10-22,162.87430101,163.9010158,162.87430101,163.9010158,12076.5767698
2021-10-25,162.87430101,164.74105518,162.87430101,164.74105518,21054.72734919
2021-10-26,164.74105518,168.47456351,163.8076781,168.47456351,45026.81794751
2021-10-27,168.00787497,172.58142268,167.58785528,171.27469476,27946.90427965
2021-10-28,171.27469476,171.27469476,168.00787497,171.27469476,22500.01674437
2021-10-29,171.22802591,178.55503601,171.22802591,173.60813747,2373649.44989866
2021-11-01,177.29497695,177.29497695,173.60813747,173.60813747,9968.1041755
2021-11-02,173.60813747,174.54151455,173.60813747,174.54151455,296580.02643653
2021-11-03,173.60813747,173.60813747,172.67476039,173.60813747,4655.13893406
2021-11-04,172.67476039,175.47489163,171.7413833,173.60813747,1867.41246538
2021-11-05,173.60813747,173.60813747,172.67476039,173.14144893,5459.74407549
2021-11-08,175.47489163,177.29497695,175.47489163,177.29497695,267.84458769
2021-11-09,175.47489163,175.47489163,173.14144893,175.42822278,37.49824228
2021-11-10,173.60813747,174.54151455,173.60813747,173.60813747,858.17405896
2021-11-11,173.60813747,174.54151455,173.14144893,173.14144893,808.89065483
2021-11-12,173.14144893,177.29497695,173.14144893,173.60813747,3521.62063896
2021-11-15,173.60813747,173.60813747,173.60813747,173.60813747,1982.04994891
2021-11-16,173.60813747,173.60813747,173.60813747,173.60813747,34206.96798316
2021-11-17,173.18811778,173.60813747,173.18811778,173.60813747,77729.5707262
2021-11-19,173.65480632,173.65480632,173.60813747,173.60813747,8035.33763072
2021-11-22,173.88815059,175.80157361,172.67476039,175.80157361,6279.34851382
2021-11-23,172.67476039,176.40826872,172.67476039,173.60813747,76106.43252479
2021-11-24,172.67476039,174.44817684,172.67476039,174.44817684,39382.79679569
2021-11-25,172.8614358,172.8614358,172.76809809,172.76809809,128.56540209
2021-11-26,175.47489163,175.47489163,175.47489163,175.47489163,26305.55264628
2021-11-29,172.67476039,172.72142924,171.7413833,172.67476039,1717.41949627
2021-11-30,172.67476039,172.67476039,171.7413833,171.83472101,51061.89219736
2021-12-01,174.54151455,174.54151455,172.67476039,172.67476039,10714.85488598
2021-12-02,171.83472101,175.00820309,171.83472101,175.00820309,1334.93742505
2021-12-03,174.54151455,175.00820309,173.60813747,173.60813747,23585.32301369
2021-12-06,174.54151455,174.54151455,172.67476039,173.60813747,8455.31794422
2021-12-07,173.60813747,173.60813747,173.60813747,173.60813747,15031.4382612
2021-12-08,173.60813747,173.9814883,172.76809809,173.60813747,11889.08555842
2021-12-09,173.60813747,174.07482601,173.60813747,173.65480632,17248.12006893
2021-12-10,174.07482601,174.54151455,173.60813747,174.54151455,25220.24637696
2021-12-13,173.60813747,174.54151455,173.60813747,173.65480632,162638.44778086
2021-12-14,173.60813747,175.42822278,173.60813747,175.42822278,2706.30171403
2021-12-15,173.60813747,176.03491788,173.60813747,174.54151455,1393.86323434
2021-12-16,173.70147518,175.47489163,173.60813747,173.60813747,642.82701046
2021-12-17,173.60813747,173.60813747,173.60813747,173.60813747,5072.97649086
2021-12-20,173.60813747,175.47489163,173.60813747,173.60813747,2234.89523969
2021-12-21,173.60813747,175.47489163,173.60813747,175.47489163,16854.9242142
2021-12-22,173.65480632,173.65480632,173.60813747,173.65480632,6696.11469227
2021-12-23,173.60813747,173.65480632,173.60813747,173.65480632,11785.16185839
2021-12-24,173.65480632,173.74814403,173.65480632,173.74814403,5855.08268692
2021-12-27,172.81476695,173.60813747,172.72142924,173.60813747,7382.86821511
2021-12-28,173.60813747,175.94158018,173.60813747,175.94158018,7660.35520795
2021-12-29,175.47489163,175.47489163,175.47489163,175.47489163,311155.05752031
2021-12-30,174.54151455,175.47489163,174.54151455,175.47489163,8356.75113595
2021-12-31,173.65480632,175.47489163,173.65480632,175.47489163,122693.17735101
2022-01-04,172.67476039,173.60813747,172.67476039,173.60813747,1617.78130965
2022-01-05,173.60813747,174.54151455,173.60813747,174.54151455,482.12025784
2022-01-07,173.23478664,176.31493101,172.81476695,176.26826216,411.40928669
2022-01-10,173.74814403,175.94158018,173.70147518,175.47489163,628.8990919
2022-01-12,175.89491132,175.89491132,175.47489163,175.47489163,638.54149705
2022-01-13,175.47489163,175.94158018,175.47489163,175.89491132,691.03903624
2022-01-14,175.47489163,184.80866247,174.07482601,184.80866247,68113.9500281
2022-01-17,184.71532476,184.71532476,179.76842622,182.00853122,54090.67879497
2022-01-18,183.31525913,183.31525913,179.90843278,179.90843278,17175.26634108
2022-01-19,179.90843278,180.14177705,179.25506882,180.14177705,22699.29311761
2022-01-20,180.14177705,181.77518695,180.14177705,181.77518695,1087721.15612541
2022-01-21,181.77518695,183.87528538,181.77518695,182.47521976,113973.22895415
2022-01-24,183.82861653,184.80866247,182.47521976,182.47521976,556.04536405
2022-01-25,182.47521976,182.47521976,179.25506882,180.1884459,6187.20997566
2022-01-26,180.14177705,180.60846559,179.81509507,180.14177705,774.6065476
2022-01-27,181.91519351,184.76199361,180.32845247,180.32845247,294.62904646
2022-01-28,182.89523945,191.10895778,182.00853122,191.10895778,190482.49973883
2022-01-31,194.1424333,202.54282705,194.1424333,201.56278111,37687.87624479
2022-02-01,202.54282705,202.54282705,193.20905621,193.20905621,32540.97464772
2022-02-02,197.87594163,199.64935809,196.00918746,199.64935809,3264.48983477
2022-02-03,199.46268267,201.60944996,195.07581038,201.60944996,5951.50673849
2022-02-04,201.60944996,203.47620413,201.60944996,203.47620413,3416.62556058
2022-02-07,203.94289267,205.3429583,200.67607288,205.3429583,18456.63484859
2022-02-08,209.07646663,210.00984371,208.14308955,208.14308955,28831.86279738
2022-02-09,205.52963371,209.07646663,205.52963371,208.14308955,1136.73243016
2022-02-10,208.14308955,209.07646663,205.3429583,208.14308955,6137.92657152
2022-02-11,209.07646663,209.07646663,205.3429583,205.3429583,16708.14538015
2022-02-14,204.40958121,204.45625007,203.47620413,203.47620413,1040.30837859
2022-02-15,200.67607288,200.72274173,197.87594163,198.06261705,27544.06601976
2022-02-16,202.49615819,202.49615819,196.94256455,196.94256455,65076.59240369
2022-02-17,196.05585632,196.94256455,192.78903653,192.78903653,13366.51630412
2022-02-18,196.00918746,196.00918746,192.74236767,193.20905621,7394.65337697
2022-02-21,192.46235455,194.04909559,192.27567913,193.20905621,822.81857339
2022-02-22,186.76875434,193.16238736,186.67541663,192.74236767,25132.3933522
2022-02-23,191.3889709,196.00918746,191.3889709,196.00918746,1598.49649934
2022-02-24,191.34230205,191.34230205,184.34197392,184.80866247,70567.40645135
2022-02-25,184.80866247,190.40892497,184.80866247,188.07548226,18840.18829817
2022-02-28,190.17558069,190.40892497,186.67541663,186.67541663,1330.65191165
2022-03-01,184.99533788,186.67541663,184.80866247,186.67541663,1567.42652717
2022-03-02,186.67541663,188.63550851,184.80866247,188.63550851,9667.04685893
2022-03-03,184.80866247,188.49550194,184.80866247,186.67541663,376.05380112
2022-03-04,186.67541663,186.72208549,182.9419083,186.67541663,60043.2569118
2022-03-07,186.48874122,186.48874122,178.27502288,181.07515413,6183.9958406
2022-03-08,181.07515413,183.87528538,181.07515413,183.87528538,5235.82600018
2022-03-09,184.80866247,189.00885934,183.92195424,186.67541663,1281.36850751
2022-03-10,189.28887247,189.28887247,183.87528538,183.87528538,5434.03099507
2022-03-11,186.67541663,190.87561351,182.00853122,182.00853122,87275.55183149
2022-03-14,186.67541663,186.67541663,182.9419083,183.40859684,501.40506816
2022-03-15,186.62874778,186.67541663,184.34197392,186.67541663,819.60443833
2022-03-16,183.40859684,186.67541663,182.52188861,186.67541663,5390.10448269
2022-03-17,186.62874778,188.5421708,186.62874778,188.5421708,9193.4976279
2022-03-18,191.34230205,191.34230205,186.67541663,186.67541663,12118.36052548
2022-03-21,186.67541663,186.67541663,184.80866247,186.67541663,685.68214449
2022-03-22,186.76875434,188.44883309,185.74203955,186.67541663,3509.8354771
2022-03-23,186.67541663,186.67541663,181.07515413,183.87528538,28011.1869807
2022-03-24,185.74203955,185.74203955,182.9419083,182.9419083,56599.84689245
2022-03-25,184.80866247,184.80866247,182.9419083,184.34197392,25027.39827382
2022-03-28,185.74203955,186.67541663,182.00853122,186.67541663,6984.31546862
2022-03-29,186.67541663,186.67541663,182.9419083,182.9419083,24673.84341807
2022-03-30,184.80866247,186.67541663,182.9419083,185.74203955,2032.4047314
2022-03-31,186.67541663,186.67541663,183.87528538,185.74203955,65633.70914608
2022-04-01,184.80866247,188.5421708,183.87528538,185.74203955,76193.2141712
2022-04-04,186.67541663,186.67541663,184.80866247,186.67541663,6444.34077984
2022-04-05,186.67541663,188.44883309,182.9419083,188.44883309,1431.36147662
2022-04-06,186.67541663,188.44883309,186.67541663,186.67541663,26910.88141446
2022-04-07,186.67541663,186.72208549,185.7887084,186.67541663,18539.1309816
2022-04-08,186.67541663,186.72208549,186.67541663,186.72208549,20244.76531602
2022-04-11,186.67541663,186.67541663,185.74203955,186.67541663,755.32173729
2022-04-12,186.67541663,186.67541663,184.90200017,186.20872809,2009.90578603
2022-04-13,186.20872809,187.18877403,186.20872809,187.18877403,554.9739857
2022-04-14,186.67541663,187.18877403,186.20872809,187.18877403,1572.78341892
2022-04-15,186.67541663,186.67541663,186.20872809,186.67541663,22038.25267519
2022-04-18,186.67541663,187.60879372,185.74203955,186.67541663,10836.99201797
2022-04-20,194.56245299,194.56245299,186.67541663,186.67541663,1553.49860861
2022-04-21,186.67541663,186.67541663,186.67541663,186.67541663,53.56891754
2022-04-22,186.67541663,192.22901028,186.67541663,186.72208549,1960.6223819
2022-04-25,191.29563319,191.29563319,187.60879372,187.60879372,5466.17234559
2022-04-26,188.5421708,188.5421708,186.72208549,186.72208549,15032.50963955
2022-04-27,186.67541663,187.60879372,186.67541663,187.60879372,14651.09894668
2022-04-28,186.67541663,189.00885934,186.67541663,187.60879372,73.9251062
2022-04-29,187.14210517,187.14210517,187.14210517,187.14210517,10713.78350763
2022-05-04,190.2689184,190.2689184,186.67541663,186.67541663,289.27215471
2022-05-05,186.67541663,188.44883309,186.67541663,186.67541663,616.04255169
2022-05-06,186.67541663,188.5421708,183.08191486,186.67541663,9280.27927431
2022-05-09,184.80866247,187.56212486,184.80866247,186.67541663,62.13994434
2022-05-10,188.07548226,188.07548226,182.00853122,182.00853122,19998.34829534
2022-05-11,182.00853122,183.87528538,180.14177705,182.00853122,1528.85690654
2022-05-12,180.23511476,186.62874778,180.14177705,180.14177705,1736.70430659
2022-05-13,184.5753182,184.5753182,184.5753182,184.5753182,2.1427567
2022-05-16,182.00853122,184.80866247,182.00853122,184.80866247,40.71237733
2022-05-17,186.62874778,186.62874778,182.00853122,182.00853122,1242.79888688
2022-05-18,182.00853122,182.00853122,182.00853122,182.00853122,1076.73524252
2022-05-19,179.20839997,183.87528538,179.20839997,182.00853122,1871.69797878
2022-05-20,182.00853122,183.40859684,180.14177705,180.14177705,28445.09521275
2022-05-23,181.91519351,182.9419083,179.20839997,182.9419083,1465.64558384
2022-05-24,181.07515413,182.00853122,179.20839997,181.07515413,15643.19529949
2022-05-25,179.20839997,180.14177705,179.20839997,180.14177705,554.9739857
2022-05-26,181.07515413,181.07515413,181.07515413,181.07515413,289.27215471
2022-05-27,180.14177705,180.14177705,178.27502288,178.27502288,19751.93127466
2022-05-30,178.27502288,178.36836059,178.27502288,178.36836059,52388.2585956
2022-05-31,178.27502288,180.14177705,178.27502288,178.36836059,15524.27230255
2022-06-01,189.05552819,189.05552819,178.27502288,178.27502288,15002.51104573
2022-06-02,178.27502288,181.96186236,178.27502288,181.96186236,906.38608475
2022-06-03,178.36836059,183.68860997,178.36836059,182.00853122,147215.95642163
2022-06-06,180.65513445,180.65513445,180.1884459,180.1884459,752.10760224
2022-06-07,182.00853122,183.40859684,182.00853122,182.05520007,29807.88847492
2022-06-08,182.00853122,182.00853122,182.00853122,182.00853122,138.20780725
2022-06-09,179.20839997,182.00853122,179.20839997,182.00853122,12986.1769896
2022-06-10,182.9419083,182.9419083,179.25506882,180.14177705,2452.3850449
2022-06-13,181.07515413,181.07515413,179.20839997,180.14177705,1493.50142096
2022-06-14,179.20839997,180.14177705,179.20839997,179.30173768,8066.40760289
2022-06-15,180.14177705,180.14177705,178.27502288,179.20839997,86894.14113862
2022-06-16,178.27502288,178.27502288,178.27502288,178.27502288,6779.68220363
2022-06-17,178.27502288,178.27502288,175.47489163,175.47489163,32687.75348178
2022-06-20,181.35516726,181.35516726,176.40826872,176.40826872,1367.07877557
2022-06-21,176.40826872,176.40826872,176.40826872,176.40826872,70440.98380596
2022-06-22,180.0951082,180.0951082,175.47489163,175.47489163,7732.13755746
2022-06-23,175.47489163,175.47489163,174.54151455,174.54151455,14431.46638478
2022-06-24,173.60813747,174.54151455,173.60813747,174.54151455,21570.06033591
2022-06-27,174.58818341,177.24830809,174.54151455,174.54151455,283.91526295
2022-06-28,177.24830809,180.14177705,176.40826872,180.14177705,190488.92800894
2022-06-29,174.77485882,177.06163268,174.54151455,176.40826872,984715.62734802
2022-06-30,175.47489163,175.47489163,174.54151455,174.54151455,28780.43663654
2022-07-01,174.54151455,177.29497695,172.67476039,172.67476039,12892.96707308
2022-07-04,172.72142924,172.72142924,172.67476039,172.67476039,58.92580929
2022-07-05,176.36159986,176.40826872,171.7413833,172.67476039,4560.8576392
2022-07-06,176.17492445,176.17492445,176.17492445,176.17492445,2.1427567
2022-07-07,172.67476039,174.07482601,172.67476039,172.67476039,31543.52140316
2022-07-08,175.47489163,175.47489163,171.7413833,172.67476039,11873.01488315
2022-07-12,172.67476039,172.67476039,172.67476039,172.67476039,5948.29260344
2022-07-13,175.00820309,175.00820309,175.00820309,175.00820309,64.28270105
2022-07-14,174.4948457,174.4948457,169.87462914,169.87462914,3779.82282149
2022-07-15,170.80800622,170.80800622,169.87462914,169.87462914,19290.16720549
2022-07-18,169.87462914,169.87462914,169.87462914,169.87462914,11661.95334805
2022-07-19,169.87462914,169.96796684,169.87462914,169.87462914,2627.01971607
2022-07-20,175.19487851,175.19487851,169.96796684,169.96796684,2143.82807988
2022-07-21,169.87462914,174.86819653,169.87462914,169.87462914,7981.76871318
2022-07-22,169.87462914,169.87462914,168.00787497,168.00787497,8603.16815663
2022-07-25,172.62809153,172.62809153,168.00787497,168.00787497,4913.3411166
2022-07-26,168.00787497,168.00787497,168.00787497,168.00787497,11698.38021198
2022-07-27,168.00787497,168.00787497,168.00787497,168.00787497,7543.57496772
2022-07-28,167.96120612,168.00787497,167.96120612,168.00787497,7510.36223885
2022-07-29,170.76133736,170.76133736,168.00787497,168.00787497,139.2791856
2022-08-01,168.00787497,168.00787497,166.1411208,168.00787497,2450.24228819
2022-08-02,168.00787497,168.00787497,166.1411208,168.00787497,5638.66426007
2022-08-03,166.18778966,168.00787497,166.1411208,168.00787497,9235.28138358
2022-08-04,168.00787497,168.00787497,166.1411208,168.00787497,2249.8945366
2022-08-05,171.50803903,171.50803903,168.00787497,168.00787497,1833.12835816
2022-08-08,171.69471445,171.69471445,166.1411208,168.00787497,4717.27887841
2022-08-09,165.25441257,168.00787497,165.20774372,168.00787497,1574.92617562
2022-08-10,171.27469476,171.27469476,166.60780934,168.00787497,734.96554862
2022-08-11,171.22802591,171.22802591,167.07449789,169.87462914,12143.00222755
2022-08-12,168.00787497,168.00787497,167.30784216,168.00787497,9946.67660848
2022-08-15,169.87462914,169.87462914,167.44784872,169.87462914,16129.60107074
2022-08-16,169.87462914,169.87462914,168.05454382,168.05454382,16885.99418637
2022-08-17,168.00787497,168.00787497,167.63452414,168.00787497,815.31892493
2022-08-18,168.00787497,168.00787497,168.00787497,168.00787497,7821.06196057
2022-08-19,168.00787497,168.94125205,168.00787497,168.00787497,4521.21664022
2022-08-22,169.40794059,169.40794059,167.12116674,168.00787497,3271.98948323
2022-08-23,168.00787497,168.00787497,168.00787497,168.00787497,6.4282701
2022-08-24,168.00787497,169.40794059,167.07449789,168.00787497,3676.97049982
2022-08-25,169.82796028,169.82796028,167.44784872,168.00787497,2163.11289019
2022-08-26,168.00787497,168.00787497,168.00787497,168.00787497,10804.85066744
2022-08-29,168.00787497,168.00787497,168.00787497,168.00787497,160.70675261
2022-08-30,169.87462914,169.87462914,169.87462914,169.87462914,2.1427567
2022-08-31,169.87462914,169.87462914,167.54118643,168.00787497,12101.21847187
2022-09-01,167.16783559,168.00787497,165.20774372,168.00787497,16874.20902452
2022-09-02,167.07449789,168.00787497,167.07449789,168.00787497,16072.81801814
2022-09-05,168.00787497,168.00787497,166.1411208,168.00787497,805.67651977
2022-09-06,166.60780934,168.00787497,165.20774372,168.00787497,2981.64595017
2022-09-07,168.00787497,169.87462914,168.00787497,168.00787497,18619.48435791
2022-09-08,168.00787497,169.87462914,163.34098955,168.00787497,14556.81765182
2022-09-09,168.00787497,168.00787497,168.00787497,168.00787497,10764.13829011
2022-09-12,169.87462914,169.87462914,167.07449789,168.00787497,15012.15345089
2022-09-13,168.00787497,168.00787497,168.00787497,168.00787497,13993.27263931
2022-09-14,168.00787497,168.00787497,166.1411208,168.00787497,14421.82397962
2022-09-15,165.25441257,168.05454382,165.20774372,168.00787497,63935.57446013
2022-09-16,168.47456351,169.87462914,168.00787497,168.19455039,35073.71306892
2022-09-19,168.56790122,168.56790122,168.00787497,168.47456351,27410.14372592
2022-09-20,168.47456351,170.57466195,168.47456351,168.56790122,10742.7107231
2022-09-21,168.56790122,168.56790122,168.52123237,168.52123237,2428.81472118
2022-09-22,168.47456351,168.47456351,168.14788153,168.14788153,535.68917538
2022-09-23,170.34131768,170.34131768,168.47456351,168.47456351,13049.38831229
2022-09-26,168.47456351,168.47456351,168.00787497,168.00787497,1044.59389199
2022-09-27,168.00787497,168.00787497,166.1411208,168.00787497,70007.0755739
2022-09-28,168.6972211,170.49792177,164.90627231,164.90627231,5323.20564713
2022-09-29,168.6972211,171.54043269,161.11532352,161.11532352,9481.53140637
2022-09-30,161.11532352,170.64008235,152.58568875,152.58568875,13884.65076523
2022-10-03,156.47141125,156.66095869,156.37663753,156.66095869,107.62477225
2022-10-04,163.95853511,164.00592197,159.21984913,161.11532352,11414.55672758
2022-10-05,161.11532352,165.85400951,161.11532352,163.95853511,21687.44675344
2022-10-06,165.85400951,168.50767366,165.85400951,168.50767366,79151.6891218
2022-10-07,167.7494839,167.7494839,165.85400951,167.7494839,30341.74461623
2022-10-11,169.1710897,169.1710897,165.90139637,167.7494839,3327.92678118
2022-10-12,165.00104603,166.8017467,164.90627231,165.85400951,3258.28722266
2022-10-13,165.85400951,165.85400951,163.86376139,163.86376139,5920.41761864
2022-10-14,163.86376139,165.85400951,162.06306072,162.06306072,18222.35114488
2022-10-17,161.11532352,161.11532352,159.31462285,161.11532352,9329.59055142
2022-10-18,162.06306072,162.06306072,159.21984913,159.21984913,6762.42318978
2022-10-19,159.21984913,159.21984913,156.37663753,159.21984913,1018.21475708
2022-10-20,163.95853511,163.95853511,151.16408295,155.38151348,71346.78284393
2022-10-21,155.42890034,156.37663753,152.58568875,154.48116314,8052.86531197
2022-10-24,154.48116314,162.96341105,153.53342594,153.53342594,3220.30200893
2022-10-25,157.32437473,157.32437473,154.48116314,154.48116314,540.23415091
2022-10-26,157.27698787,157.27698787,151.54317783,151.54317783,2865.77334739
2022-10-27,150.69021435,151.16408295,150.07418517,151.16408295,6202.14128718
2022-10-28,160.21497318,160.21497318,151.16408295,152.58568875,247994.90903223
2022-10-31,152.58568875,152.58568875,151.63795155,151.63795155,20184.92052123
2022-11-01,151.63795155,152.58568875,149.74247715,151.63795155,1806.4079421
2022-11-02,155.42890034,155.42890034,151.54317783,151.54317783,2926.9717473
2022-11-03,151.16408295,151.63795155,151.16408295,151.63795155,26987.4392144
2022-11-04,151.78011213,151.78011213,150.69021435,151.16408295,29994.60196848
2022-11-07,151.16408295,151.16408295,150.69021435,150.69021435,15089.62615651
2022-11-08,150.31111947,150.31111947,147.84700276,149.74247715,26548.49896679
2022-11-09,149.74247715,149.78986401,148.79473996,149.74247715,49732.14108349
2022-11-10,149.74247715,150.21634575,146.89926556,147.84700276,52832.15658225
2022-11-11,148.32087136,148.32087136,147.84700276,147.84700276,6222.18903888
2022-11-14,148.13132392,156.32925067,148.13132392,149.74247715,10599.98492192
2022-11-15,149.74247715,154.86025802,149.74247715,151.63795155,25326.64125829
2022-11-16,154.67071058,154.95503174,151.63795155,151.63795155,13545.94927609
2022-11-17,153.53342594,154.48116314,153.53342594,154.48116314,29901.74922379
2022-11-21,154.48116314,155.42890034,154.48116314,154.48116314,23398.8916612
2022-11-22,154.48116314,156.37663753,154.00729454,156.37663753,4318.70777279
2022-11-23,156.37663753,156.70834555,156.37663753,156.37663753,2739.15596828
2022-11-24,159.69371772,160.16758632,154.52855,156.85050613,12440.15749845
2022-11-25,154.52855,156.85050613,154.52855,156.85050613,9306.37736525
2022-11-28,156.37663753,156.85050613,156.37663753,156.85050613,2703.28104419
2022-11-29,156.85050613,157.32437473,154.71809744,156.85050613,4678.51215845
2022-11-30,157.32437473,157.32437473,155.42890034,156.37663753,3574.83067046
2022-12-01,156.37663753,159.21984913,156.37663753,159.21984913,691.11986102
2022-12-02,156.37663753,159.21984913,154.52855,159.21984913,3715.16493232
2022-12-05,163.95853511,163.95853511,160.16758632,162.06306072,36.93006891
2022-12-07,161.16271038,163.91114825,161.11532352,161.11532352,302.82656506
2022-12-08,161.16271038,161.16271038,161.16271038,161.16271038,34.81977926
2022-12-09,161.58919212,162.96341105,159.21984913,161.11532352,4282.8328487
2022-12-12,161.11532352,161.21009724,161.11532352,161.11532352,2577.7188099
2022-12-13,161.16271038,165.80662265,161.11532352,161.11532352,145.60998599
2022-12-14,159.78849144,161.11532352,159.21984913,161.11532352,2649.46865807
2022-12-15,163.95853511,163.95853511,161.11532352,161.11532352,469.53944757
2022-12-16,165.33275405,165.33275405,161.11532352,161.11532352,8649.02213866
2022-12-19,161.11532352,161.11532352,161.11532352,161.11532352,1268.28408084
2022-12-20,161.11532352,161.11532352,159.21984913,159.21984913,2827.78813366
2022-12-22,161.11532352,161.11532352,156.85050613,160.64145492,2259.06507245
2022-12-23,161.11532352,161.11532352,161.11532352,161.11532352,14004.93727539
2022-12-26,159.26723599,163.48466651,159.21984913,163.01079791,3631.80849106
2022-12-27,161.11532352,163.34250593,159.21984913,161.11532352,15365.0189561
2022-12-28,164.38501685,164.43240371,163.01079791,163.01079791,32709.48960576
2022-12-29,163.01079791,164.90627231,159.21984913,163.01079791,74428.86088066
2022-12-30,162.06306072,163.01079791,160.16758632,163.01079791,595588.10362434
2023-01-02,159.21984913,163.01079791,159.21984913,163.01079791,2950.18493347
2023-01-03,162.11044758,162.11044758,162.11044758,162.11044758,1.05514483
2023-01-04,162.11044758,163.76898767,159.21984913,161.11532352,3548.45204981
2023-01-05,159.26723599,159.26723599,156.32925067,156.32925067,11182.42486586
2023-01-06,156.37663753,156.37663753,154.48116314,154.48116314,2230.57616215
2023-01-09,162.01567386,162.01567386,151.63795155,154.48116314,588.7708129
2023-01-10,151.68533841,162.01567386,151.63795155,162.01567386,673.18239898
2023-01-12,161.11532352,161.11532352,159.21984913,161.11532352,5934.13450138
2023-01-13,161.11532352,161.11532352,161.11532352,161.11532352,3.16543448
2023-01-16,163.01079791,163.01079791,161.11532352,161.11532352,9770.64108869
2023-01-17,161.11532352,161.11532352,158.27211193,158.27211193,12511.90734661
2023-01-18,158.27211193,158.46165937,157.32437473,157.32437473,11191.9211693
2023-01-19,160.64145492,160.64145492,154.48116314,154.48116314,13691.55926207
2023-01-20,161.06793666,161.06793666,154.48116314,154.48116314,3199.19911241
2023-01-23,156.37663753,156.37663753,156.37663753,156.37663753,5275.72412996
2023-01-24,158.74598053,161.0205498,156.37663753,156.37663753,10582.04745987
2023-01-25,156.37663753,156.42402439,154.48116314,154.48116314,10750.87063203
2023-01-26,154.48116314,155.42890034,151.63795155,151.63795155,134949.85780991
2023-01-27,158.27211193,158.27211193,151.63795155,151.63795155,11124.39190043
2023-01-30,156.37663753,157.27698787,148.32087136,151.63795155,26027.25742275
2023-01-31,154.48116314,154.48116314,151.63795155,151.63795155,35085.67575389
2023-02-01,154.00729454,154.00729454,149.69509029,151.63795155,10837.39250777
2023-02-02,151.63795155,151.63795155,151.63795155,151.63795155,52.7572413
2023-02-03,151.63795155,151.63795155,151.63795155,151.63795155,5857.10892908
2023-02-06,160.59406806,160.59406806,150.69021435,152.58568875,11259.45043816
2023-02-07,153.53342594,153.53342594,151.63795155,152.58568875,17290.65826353
2023-02-08,152.58568875,160.59406806,152.58568875,159.97803888,23833.61132951
2023-02-09,157.32437473,159.69371772,156.37663753,159.69371772,13213.5786559
2023-02-10,156.37663753,156.37663753,152.58568875,156.37663753,52521.94400341
2023-02-13,160.5466812,160.5466812,152.15920701,152.15920701,560.2819026
2023-02-14,143.10831677,156.32925067,143.10831677,154.95503174,836595.84361885
2023-02-15,154.48116314,156.28186381,154.48116314,154.48116314,1137.44612242
2023-02-16,156.28186381,156.28186381,152.58568875,155.42890034,1867.60634201
2023-02-17,152.63307561,156.18709009,152.63307561,154.48116314,21000.54747172
2023-02-20,155.42890034,156.37663753,154.38638942,154.38638942,24716.76754887
2023-02-21,154.48116314,154.48116314,151.63795155,151.63795155,16348.41393392
2023-02-22,151.82749899,155.42890034,151.11669609,151.11669609,71362.61001632
2023-02-23,151.63795155,156.09231637,150.69021435,150.69021435,68591.79970327
2023-02-24,154.38638942,157.75085647,151.73272527,156.28186381,78825.64937057
2023-02-27,156.37663753,158.27211193,154.48116314,156.28186381,1099.46090868
2023-02-28,156.37663753,159.21984913,156.37663753,159.21984913,6829.95245865
2023-03-01,159.69371772,160.16758632,158.27211193,158.27211193,1199.69966715
2023-03-02,160.12019946,160.12019946,157.37176159,159.36200971,9.49630343
2023-03-03,157.37176159,159.12507541,155.90276894,156.37663753,72247.87652533
2023-03-06,156.37663753,156.37663753,154.57593686,156.37663753,6087.13050115
2023-03-07,156.37663753,156.37663753,154.48116314,155.90276894,11793.35372011
2023-03-08,154.48116314,159.17246227,154.48116314,155.42890034,27687.00023403
2023-03-09,156.37663753,160.0728126,154.48116314,154.7654843,21198.91469901
2023-03-10,155.14457918,155.14457918,154.48116314,154.48116314,76541.26082229
2023-03-13,154.00729454,157.79824333,153.53342594,157.79824333,573.99878534
2023-03-14,157.32437473,157.32437473,154.48116314,156.85050613,6109.28854249
2023-03-15,156.37663753,156.37663753,155.42890034,155.42890034,22407.05552477
2023-03-16,155.42890034,156.85050613,155.42890034,155.42890034,31902.30381387
2023-03-17,155.42890034,156.80311927,154.48116314,154.48116314,40983.93533119
2023-03-20,154.48116314,155.85538208,154.48116314,155.85538208,22.15804135
2023-03-21,154.48116314,154.48116314,154.48116314,154.48116314,105.5144826
2023-03-22,154.48116314,156.94527985,154.48116314,156.37663753,635.19718525
2023-03-23,156.37663753,156.37663753,154.48116314,154.48116314,540.23415091
2023-03-24,154.48116314,154.52855,154.48116314,154.48116314,5323.20564713
2023-03-27,156.37663753,156.37663753,154.48116314,156.37663753,4643.69237919
2023-03-28,154.48116314,156.37663753,154.48116314,156.37663753,6116.67455628
2023-03-29,154.95503174,157.13482729,154.95503174,157.13482729,1272.50466015
2023-03-30,154.95503174,157.32437473,154.48116314,154.48116314,9853.99752994
2023-03-31,155.42890034,155.42890034,154.00729454,154.00729454,51313.80317765
2023-04-03,154.48116314,154.48116314,154.48116314,154.48116314,43.26093787
2023-04-04,155.42890034,156.37663753,155.42890034,156.37663753,1067.8065639
2023-04-05,156.37663753,156.37663753,154.48116314,156.37663753,1487.75420465
2023-04-06,156.37663753,156.37663753,156.32925067,156.32925067,154052.19973968
2023-04-07,156.37663753,156.37663753,154.52855,154.52855,3178.09621589
2023-04-10,154.48116314,154.48116314,154.48116314,154.48116314,532.84813713
2023-04-11,154.48116314,156.32925067,154.48116314,156.32925067,2.11028965
2023-04-12,154.48116314,156.37663753,154.48116314,155.42890034,1122.67409486
2023-04-13,155.90276894,155.90276894,155.90276894,155.90276894,4.2205793
2023-04-14,155.90276894,155.90276894,154.48116314,154.48116314,5009.82763381
2023-04-17,154.95503174,154.95503174,154.95503174,154.95503174,10.55144826
2023-04-18,154.95503174,154.95503174,152.58568875,154.95503174,1508.85710117
2023-04-19,154.48116314,155.42890034,154.48116314,154.48116314,11.60659309
2023-04-20,151.63795155,154.48116314,151.63795155,154.48116314,3237.18432614
2023-04-21,154.48116314,154.48116314,154.48116314,154.48116314,88.63216538
2023-04-25,154.48116314,155.42890034,154.48116314,154.48116314,1357.97139105
2023-04-26,154.48116314,154.48116314,154.48116314,154.48116314,5908.81102556
2023-04-27,154.48116314,154.48116314,154.00729454,154.00729454,10869.04685254
2023-04-28,153.8177471,154.00729454,153.53342594,153.53342594,2251.67905867
2023-05-02,154.48116314,156.32925067,153.5808128,156.32925067,55353.95271637
2023-05-03,154.0546814,154.48116314,154.0546814,154.48116314,1107.90206729
2023-05-04,153.53342594,153.53342594,153.53342594,153.53342594,5849.7229153
2023-05-05,154.7654843,154.7654843,153.43865222,153.43865222,149.83056529
2023-05-08,153.53342594,153.53342594,152.63307561,152.63307561,63.30868956
2023-05-09,152.58568875,154.2916157,152.58568875,152.58568875,10038.64787449
2023-05-10,154.48116314,154.48116314,152.68046246,152.68046246,23.21318617
2023-05-11,152.58568875,154.48116314,152.58568875,154.48116314,4369.35472443
2023-05-12,153.53342594,156.28186381,153.53342594,156.28186381,23478.02752315
2023-05-15,158.27211193,158.27211193,154.48116314,158.27211193,2004.77516939
2023-05-16,158.27211193,158.27211193,153.53342594,158.27211193,71232.82720273
2023-05-17,157.32437473,157.32437473,155.42890034,155.42890034,16507.74080265
2023-05-18,158.27211193,158.27211193,155.42890034,158.27211193,19004.21346094
2023-05-19,154.52855,156.37663753,154.52855,156.37663753,636.25233007
2023-05-22,158.17733821,158.17733821,158.17733821,158.17733821,1.05514483
2023-05-23,156.37663753,158.17733821,156.37663753,157.32437473,317.59859262
2023-05-24,156.37663753,158.17733821,156.37663753,157.32437473,38434.70543159
2023-05-25,157.32437473,157.32437473,155.0024186,156.85050613,63.30868956
2023-05-26,156.85050613,157.22960101,155.0024186,156.37663753,45856.59413762
2023-05-29,156.37663753,162.01567386,156.37663753,157.37176159,39438.14816111
2023-05-30,161.11532352,161.11532352,157.32437473,157.32437473,12635.35929126
2023-05-31,161.11532352,161.11532352,154.48116314,161.11532352,1917.19814883
2023-06-01,157.32437473,157.32437473,157.32437473,157.32437473,5275.72412996
2023-06-02,161.11532352,161.11532352,159.21984913,159.21984913,10552.50340475
2023-06-05,161.11532352,161.11532352,157.37176159,157.79824333,55945.88896375
2023-06-06,159.21984913,159.21984913,157.32437473,157.32437473,3166.4896228
2023-06-07,159.21984913,159.21984913,156.37663753,156.37663753,3297.32758123
2023-06-08,159.21984913,159.21984913,159.21984913,159.21984913,3.16543448
2023-06-09,159.21984913,161.11532352,158.74598053,161.11532352,17211.52240158
2023-06-12,158.41427251,161.35225782,158.41427251,160.97316294,6775.0849277
2023-06-13,161.11532352,161.11532352,160.64145492,161.11532352,11626.64083761
2023-06-14,162.96341105,162.96341105,161.11532352,161.11532352,35772.57503561
2023-06-15,162.96341105,165.85400951,162.06306072,165.85400951,33360.51396339
2023-06-16,168.64983424,168.6972211,165.85400951,165.85400951,6510.24357637
2023-06-19,163.95853511,168.55506052,163.95853511,165.66446207,634.14204042
2023-06-20,164.90627231,174.38364428,164.90627231,170.59269549,310857.27233036
2023-06-21,170.59269549,170.59269549,165.90139637,166.8017467,18250.84005519
2023-06-22,166.8017467,174.28887056,165.85400951,173.43590708,1177830.73548952
2023-06-23,174.38364428,174.38364428,169.69234515,173.43590708,207736.91334133
2023-06-26,170.59269549,172.01430129,168.36551308,168.36551308,5060.47458546
2023-06-27,173.15158592,173.15158592,165.85400951,165.85400951,11222.52036925
2023-06-28,170.59269549,170.59269549,167.7494839,167.7494839,316.5434478
2023-07-03,165.99617009,170.59269549,165.85400951,167.7494839,2554.50562373
2023-07-04,170.35576119,170.35576119,166.47003868,168.6972211,4279.66741422
2023-07-05,170.40314805,170.59269549,170.40314805,170.59269549,181.48491007
2023-07-06,171.54043269,171.54043269,170.59269549,170.59269549,10552.50340475
2023-07-07,164.95365917,170.54530863,164.95365917,170.49792177,15918.96998974
2023-07-10,165.90139637,170.49792177,165.85400951,169.1710897,336.59119949
2023-07-11,167.7494839,167.7494839,165.38014091,167.70209704,29270.77261785
2023-07-12,164.95365917,169.59757143,164.90627231,165.00104603,3116.89781598
2023-07-13,164.90627231,166.8017467,163.95853511,166.8017467,16525.67826469
2023-07-14,164.90627231,170.59269549,163.95853511,170.59269549,33071.40428107
2023-07-17,164.90627231,170.54530863,164.90627231,165.47491463,44263.32545037
2023-07-18,170.07144003,170.07144003,165.56968835,169.12370284,66320.07289291
2023-07-20,166.8017467,169.59757143,166.8017467,169.55018457,26381.78608428
2023-07-21,165.90139637,170.40314805,165.90139637,170.40314805,44016.42156109
2023-07-24,168.6972211,168.6972211,167.7494839,167.7494839,470.59459239
2023-07-25,166.04355695,168.64983424,164.90627231,167.70209704,607.76341977
2023-07-26,168.64983424,170.40314805,168.64983424,170.40314805,4958.12553734
2023-07-28,170.21360061,170.21360061,168.2233525,168.2233525,43236.66953468
2023-07-31,165.99617009,170.07144003,165.99617009,169.73973201,31974.05366204
2023-08-01,168.6972211,169.73973201,168.6972211,169.73973201,99244.81204317
2023-08-02,172.48816989,172.48816989,169.64495829,169.73973201,91021.01326938
2023-08-03,172.48816989,172.48816989,170.59269549,170.68746921,100599.61799974
2023-08-04,171.54043269,175.33138148,171.54043269,172.96203848,123819.13504052
2023-08-07,175.33138148,175.33138148,175.33138148,175.33138148,13.71688274
2023-08-08,170.59269549,175.33138148,170.59269549,174.38364428,10688.6170873
2023-08-09,175.33138148,175.33138148,173.43590708,174.85751288,25529.22906488
2023-08-10,173.48329394,174.9522866,172.48816989,172.96203848,8997.21993123
2023-08-11,174.90489974,174.90489974,174.19409684,174.19409684,7387.06892677
2023-08-15,171.16133781,174.90489974,171.16133781,173.43590708,247.95903411
2023-08-16,173.43590708,173.43590708,173.43590708,173.43590708,3218.19171928
2023-08-17,174.33625742,174.33625742,170.59269549,170.59269549,19987.60843877
2023-08-18,170.59269549,174.76273916,170.59269549,170.59269549,72235.21478742
2023-08-22,170.59269549,170.59269549,169.1710897,169.1710897,11292.15992777
2023-08-23,169.07631598,169.07631598,169.07631598,169.07631598,1.05514483
2023-08-24,169.64495829,170.49792177,167.7494839,170.49792177,31.65434478
2023-08-28,170.11882689,170.11882689,167.37038902,167.37038902,19390.39646726
2023-08-29,170.49792177,170.59269549,169.50279771,170.59269549,3701.44804958
2023-08-30,170.54530863,170.54530863,167.41777588,169.55018457,1937.24590052
2023-08-31,169.55018457,169.55018457,169.21847656,169.26586342,3012.43847821
2023-09-01,169.26586342,169.26586342,167.37038902,167.7494839,21906.91687725
2023-09-04,168.6972211,168.6972211,167.37038902,167.7494839,7100.0695341
2023-09-05,167.32300216,169.64495829,166.8017467,166.8017467,35260.829795
2023-09-06,166.8017467,169.55018457,165.85400951,165.85400951,11207.74834169
2023-09-07,166.75435984,166.75435984,164.90627231,164.90627231,34432.5411066
2023-09-08,163.95853511,166.8017467,163.95853511,164.90627231,28122.77504717
2023-09-11,165.85400951,165.85400951,163.95853511,163.95853511,10540.89681166
2023-09-12,163.95853511,165.85400951,163.05818477,165.85400951,3017.71420234
2023-09-13,166.8017467,166.8017467,166.8017467,166.8017467,2110.28965198
2023-09-14,169.1710897,169.1710897,165.85400951,165.85400951,1679.79056298
2023-09-15,164.90627231,165.85400951,163.95853511,165.85400951,31665.95137285
2023-09-18,168.6972211,168.6972211,164.90627231,166.8017467,1190.20336372
2023-09-19,166.8017467,166.8017467,164.90627231,166.8017467,2078.6353072
2023-09-20,164.90627231,167.7494839,164.90627231,166.8017467,36790.78979269
2023-09-21,164.90627231,166.8017467,163.01079791,166.8017467,17518.56954595
2023-09-22,169.1710897,169.1710897,168.6972211,168.6972211,41152.75850334
2023-09-25,169.1710897,169.1710897,164.90627231,169.07631598,1872.88206614
2023-09-26,168.60244738,171.77736699,168.60244738,171.77736699,7311.0984993
2023-09-27,169.64495829,173.90977568,168.6972211,173.90977568,6663.23957614
2023-10-02,175.14183404,175.14183404,173.43590708,173.90977568,12670.17907051
2023-10-03,177.07192614,177.07192614,177.07192614,177.07192614,51.81510248
2023-10-04,177.55441095,177.55441095,173.69453245,175.52797474,640.43466671
2023-10-05,181.41428945,185.37066491,180.44931983,183.3442287,93210.18785933
2023-10-06,183.3442287,183.3442287,177.60265943,182.37925907,36034.29487181
2023-10-09,182.37925907,182.37925907,177.60265943,179.4843502,15696.86714665
2023-10-10,178.51938058,178.51938058,177.65090791,178.51938058,32808.28659112
2023-10-11,182.37925907,182.37925907,177.69915639,182.37925907,165.80832795
2023-10-12,178.08514424,182.28276211,178.03689576,178.51938058,10330.89513336
2023-10-13,178.51938058,178.51938058,177.79565336,177.79565336,15442.97314447
2023-10-16,178.51938058,178.51938058,177.55441095,177.55441095,9966.11681186
2023-10-17,181.31779249,181.31779249,176.58944133,176.58944133,2910.97245758
2023-10-18,179.43610172,179.4843502,176.58944133,176.58944133,2290.22752981
2023-10-19,180.44931983,180.44931983,174.03227182,176.58944133,3264.35145652
2023-10-20,177.55441095,177.55441095,175.6244717,176.58944133,10838.6831377
2023-10-23,176.58944133,176.58944133,176.58944133,176.58944133,5773.23871882
2023-10-24,175.6244717,176.58944133,173.69453245,176.49294436,46610.79359094
2023-10-25,173.8392779,173.8392779,173.69453245,173.69453245,11948.56263292
2023-10-26,176.58944133,176.58944133,173.69453245,173.69453245,9590.97546988
2023-10-27,173.69453245,174.65950208,172.72956283,173.69453245,13731.00215839
2023-10-30,176.54119285,176.54119285,172.72956283,172.72956283,10699.81866304
2023-10-31,172.72956283,172.72956283,172.72956283,172.72956283,6643.73244056
2023-11-01,170.84787206,172.72956283,170.84787206,172.72956283,5912.10319348
2023-11-02,172.72956283,176.58944133,171.7645932,172.72956283,638.36206261
2023-11-03,171.7645932,176.54119285,171.7645932,171.7645932,7468.62887211
2023-11-07,176.58944133,176.58944133,171.7645932,171.7645932,53.88770658
2023-11-08,173.69453245,173.69453245,173.69453245,173.69453245,83.94046602
2023-11-09,173.11555068,173.11555068,173.11555068,173.11555068,103.63020497
2023-11-10,171.7645932,173.69453245,170.79962358,173.69453245,3406.32483733
2023-11-13,172.24707802,176.54119285,172.24707802,176.54119285,214.51452429
2023-11-14,176.54119285,176.54119285,172.24707802,176.49294436,10611.73298882
2023-11-15,171.90933865,174.65950208,170.84787206,174.65950208,703.64909174
2023-11-16,171.7645932,174.65950208,170.79962358,174.65950208,10420.01710963
2023-11-17,174.6112536,174.6112536,171.7645932,171.7645932,2116.12878547
2023-11-20,172.34357498,175.14198689,171.7645932,175.04548993,20862.83286435
2023-11-21,171.86109017,171.86109017,171.7645932,171.7645932,32008.26140876
2023-11-22,170.89612054,174.56300511,170.89612054,171.7645932,10386.85544404
2023-11-23,171.7645932,171.7645932,171.7645932,171.7645932,10777.54131677
2023-11-24,175.6244717,175.6244717,171.7645932,171.7645932,20748.83963888
2023-11-27,171.7645932,171.7645932,168.86968433,168.86968433,16919.70356528
2023-11-28,167.9047147,168.86968433,166.93974508,168.86968433,1791.76624391
2023-11-29,172.63306586,172.72956283,164.0448362,164.0448362,460973.05925315
2023-11-30,168.86968433,168.86968433,164.0448362,166.93974508,154842.17966051
2023-12-01,172.48832042,172.48832042,166.93974508,166.93974508,14669.89181541
2023-12-04,164.0448362,166.93974508,164.0448362,164.0448362,72091.3883887
2023-12-05,164.0448362,166.8914966,164.0448362,166.8914966,49327.97756522
2023-12-06,168.86968433,168.86968433,162.11489696,164.0448362,35449.82051578
2023-12-07,164.0448362,166.45726027,164.0448362,165.00980583,3420.83306603
2023-12-08,165.00980583,165.00980583,164.0448362,165.00980583,97482.8612102
2023-12-11,164.18958165,165.00980583,164.0448362,165.00980583,5114.15061522
2023-12-12,164.0448362,170.70312662,164.0448362,164.52732102,70490.30172193
2023-12-13,170.31713877,170.31713877,165.00980583,165.39579368,269049.91965065
2023-12-14,168.86968433,168.86968433,165.00980583,165.97477545,65713.98557491
2023-12-15,168.82143585,171.7645932,166.93974508,170.79962358,22960.30821292
2023-12-18,172.72956283,173.50153853,168.86968433,173.35679308,25715.83536305
2023-12-19,173.3085446,173.88752638,172.68131435,172.68131435,39041.64342
2023-12-20,173.64628397,176.54119285,172.24707802,175.6244717,27696.20858
2023-12-21,173.69453245,177.55441095,173.69453245,177.55441095,1864.30738739
2023-12-22,173.74278093,177.50616247,173.69453245,176.58944133,99358.56792013
2023-12-25,176.58944133,177.84390184,172.72956283,177.84390184,21750.94372093
2023-12-26,177.84390184,178.51938058,173.69453245,177.55441095,600087.28270553
2023-12-27,177.55441095,178.47113209,174.65950208,177.55441095,165483.96540878
2023-12-28,173.69453245,178.42288361,173.69453245,176.58944133,168399.08307455
2023-12-29,176.58944133,176.58944133,173.21204764,173.21204764,397227.0112706
2024-01-02,176.58944133,176.58944133,173.69453245,173.69453245,2175.1980023
2024-01-03,171.81284168,173.69453245,171.81284168,173.69453245,6680.0030123
2024-01-04,175.52797474,175.52797474,173.69453245,173.69453245,649.76138516
2024-01-05,173.79102941,175.6244717,173.3085446,175.6244717,1813.52858696
2024-01-08,173.69453245,176.49294436,172.72956283,176.49294436,2275.71930112
2024-01-09,175.6244717,176.58944133,174.65950208,176.58944133,4316.19803696
2024-01-10,174.70775056,176.97542918,174.70775056,176.97542918,97888.05531163
2024-01-12,177.55441095,177.55441095,175.28673233,177.55441095,16314.50316826
2024-01-15,176.58944133,176.58944133,175.6244717,176.10695651,6513.1583823
2024-01-16,176.10695651,176.10695651,176.10695651,176.10695651,20.72604099
2024-01-17,176.20345348,177.74740488,176.20345348,177.74740488,714.01211224
2024-01-18,177.74740488,180.64231375,176.63768981,180.35282286,38221.9284987
2024-01-19,180.35282286,185.75665276,180.35282286,185.75665276,48123.79458348
2024-01-22,186.23913757,186.23913757,186.23913757,186.23913757,8713.22763379
2024-01-23,183.82671351,189.13404645,183.82671351,186.86636783,5169.07462385
2024-01-24,191.93245836,191.98070684,186.72162239,186.72162239,1578.28802168
2024-01-25,185.37066491,188.16907682,185.37066491,186.23913757,3310.98504876
2024-01-26,186.91461631,188.65156164,186.23913757,188.65156164,109947.50226386
2024-01-29,186.28738605,186.28738605,184.35744681,186.23913757,25143.79663162
2024-01-30,184.30919832,188.07257986,183.3442287,186.23913757,23447.37017628
2024-01-31,184.30919832,186.23913757,184.30919832,186.23913757,1986.59102925
2024-02-01,187.2041072,187.2041072,186.23913757,186.23913757,1666.3736959
2024-02-02,186.23913757,188.16907682,184.30919832,186.23913757,13421.14784553
2024-02-05,186.23913757,186.23913757,186.23913757,186.23913757,11.39932255
2024-02-06,184.30919832,188.65156164,184.30919832,188.65156164,3498.55571975
2024-02-07,188.16907682,192.99392495,188.16907682,191.0639857,7482.10079876
2024-02-08,191.0639857,198.7837427,191.0639857,197.81877307,8576.43576323
2024-02-09,194.9238642,198.68724573,188.16907682,188.16907682,41587.83755609
2024-02-12,195.84058534,195.88883382,192.99392495,194.9238642,36475.75954497
2024-02-13,197.81877307,204.57356044,197.81877307,198.30125788,134023.9077843
2024-02-14,201.67865157,201.67865157,196.85380345,197.81877307,1049.77397634
2024-02-15,195.45459749,197.81877307,188.16907682,196.85380345,15139.33664391
2024-02-16,192.02895532,192.99392495,190.38850696,192.99392495,10291.51565547
2024-02-19,192.99392495,193.09042191,189.27879189,192.99392495,6655.13176311
2024-02-20,192.99392495,192.99392495,191.0639857,192.99392495,5732.82293888
2024-02-21,192.75268254,192.99392495,192.75268254,192.99392495,2002.13556
2024-02-22,192.99392495,194.9238642,192.99392495,192.99392495,9041.73538354
2024-02-23,194.9238642,194.9238642,191.16048266,193.95889457,2413.54747373
2024-02-26,195.88883382,195.88883382,192.99392495,192.99392495,4066.44924298
2024-02-27,193.95889457,195.88883382,192.99392495,192.99392495,579.29284578
2024-02-28,192.99392495,195.84058534,192.99392495,195.84058534,794.84367211
2024-02-29,195.79233686,195.79233686,192.99392495,192.99392495,125717.94685604
2024-03-01,192.99392495,195.74408838,191.54647051,192.99392495,10752.67006758
2024-03-04,192.99392495,192.99392495,191.54647051,192.99392495,131.61036031
2024-03-05,191.73946443,192.89742798,191.0639857,191.0639857,2147.21784696
2024-03-06,191.0639857,191.0639857,189.13404645,189.13404645,22769.62863578
2024-03-07,192.99392495,192.99392495,186.23913757,188.16907682,8683.17487435
2024-03-08,187.68659201,192.02895532,187.68659201,189.80952519,6755.65306193
2024-03-11,189.71302822,189.71302822,187.68659201,188.2173253,222.80494068
2024-03-12,187.68659201,188.16907682,187.68659201,188.16907682,1261.17959447
2024-03-13,187.68659201,188.2173253,187.68659201,188.2173253,3087.14380603
2024-03-14,188.26557379,189.66477974,188.2173253,189.61653126,39366.00596156
2024-03-15,191.54647051,192.02895532,191.54647051,192.02895532,12541.32740534
2024-03-18,192.51144013,192.51144013,191.0639857,191.0639857,2528.57700124
2024-03-19,190.09901607,192.80093102,190.09901607,191.0639857,2734.80110913
2024-03-20,192.02895532,192.02895532,188.79630708,188.79630708,8188.85879665
2024-03-21,188.65156164,189.13404645,188.26557379,189.13404645,31838.30787261
2024-03-22,188.65156164,191.0639857,183.82671351,191.0639857,702.61278969
2024-03-25,191.93245836,191.98070684,191.93245836,191.98070684,15.54453075
2024-03-26,189.61653126,189.61653126,185.37066491,188.16907682,80182.83479268
2024-03-27,189.23054341,189.23054341,188.16907682,188.16907682,21789.28689677
2024-03-28,188.16907682,191.98070684,188.16907682,188.16907682,24964.51637702
2024-03-29,187.39710112,188.16907682,187.39710112,188.16907682,11959.96195547
2024-04-01,186.23913757,188.16907682,186.23913757,188.16907682,10912.26058323
2024-04-02,188.16907682,191.01573722,188.16907682,188.16907682,11407.61296298
2024-04-03,188.16907682,191.0639857,188.16907682,188.16907682,3346.21931845
2024-04-04,186.23913757,191.0639857,186.23913757,191.0639857,5512.0906023
2024-04-05,186.52862846,191.0639857,186.48037998,190.09901607,42032.41113541
2024-04-08,190.09901607,190.09901607,190.09901607,190.09901607,2072.60409938
2024-04-09,187.2041072,190.09901607,187.2041072,190.09901607,4240.54798733
2024-04-15,191.0639857,192.27019773,191.0639857,192.27019773,4797.04218801
2024-04-16,187.30060416,190.91924025,187.2041072,187.2041072,1168.94871205
2024-04-17,187.30060416,190.5332524,187.30060416,190.5332524,21072.16587839
2024-04-18,187.39710112,190.48500392,187.34885264,190.09901607,1000.03147795
2024-04-19,190.09901607,191.0639857,187.2041072,188.16907682,20557.12375969
2024-04-22,186.23913757,187.2041072,186.23913757,186.33563454,21983.07538006
2024-04-23,185.6601558,185.6601558,185.27416795,185.27416795,466.33592236
2024-04-24,186.23913757,190.82274329,185.27416795,190.82274329,3635.34759031
2024-04-25,190.77449481,190.77449481,185.12942251,190.5332524,3446.74061727
2024-04-26,190.77449481,190.77449481,185.27416795,190.38850696,65951.29874429
2024-04-29,190.09901607,190.09901607,188.16907682,188.16907682,10471.83221211
2024-04-30,185.75665276,188.16907682,185.27416795,185.27416795,62654.82192423
2024-05-02,187.2041072,187.2041072,185.37066491,185.37066491,29662.07356826
2024-05-03,189.90602215,190.00251911,186.23913757,190.00251911,21733.32658609
2024-05-06,185.46716187,189.90602215,185.37066491,189.90602215,31290.10408833
2024-05-07,185.75665276,189.13404645,185.75665276,189.13404645,6378.43911584
2024-05-08,189.61653126,191.0639857,189.23054341,191.0639857,1321.28511335
2024-05-09,189.61653126,189.61653126,189.61653126,189.61653126,2.0726041
2024-05-10,188.65156164,190.09901607,188.65156164,190.09901607,2056.02326658
2024-05-13,190.29201,190.29201,190.09901607,190.09901607,10895.67975044
2024-05-14,185.75665276,190.09901607,185.56365884,188.16907682,26452.64612038
2024-05-15,185.56365884,190.09901607,185.56365884,187.2041072,34203.14915
2024-05-16,185.94964669,190.09901607,185.27416795,190.09901607,6101.74646857
2024-05-17,188.16907682,190.09901607,188.16907682,190.09901607,2440.49132702
2024-05-20,186.23913757,187.2041072,186.23913757,187.2041072,10385.81914199
2024-05-21,190.09901607,190.09901607,189.13404645,189.95427063,7.25411435
2024-05-22,186.23913757,190.09901607,186.23913757,190.09901607,10660.43918516
2024-05-23,189.95427063,190.00251911,187.2041072,190.00251911,11508.1342618
2024-05-24,187.68659201,190.09901607,185.75665276,187.2041072,21525.0298741
2024-05-27,190.09901607,190.09901607,185.27416795,190.05076759,269.43853292
2024-05-28,188.16907682,188.16907682,188.16907682,188.16907682,10363.0204969
2024-05-29,188.16907682,188.16907682,185.51541036,187.2041072,106891.44751933
2024-05-30,187.2041072,189.13404645,187.2041072,189.13404645,24012.15479336
2024-05-31,189.13404645,189.95427063,184.30919832,189.95427063,583.43805398
2024-06-03,184.40569529,190.09901607,184.30919832,187.2041072,233.16796118
2024-06-04,186.38388302,190.09901607,183.3442287,183.3442287,12465.67735572
2024-06-05,183.3442287,188.16907682,183.3442287,183.3442287,12767.24125218
2024-06-06,183.3442287,188.02433138,182.37925907,188.02433138,284.98306366
2024-06-07,187.15585872,187.9760829,186.23913757,186.23913757,6012.6244923
2024-06-10,187.2041072,187.2041072,187.2041072,187.2041072,1554.45307453
2024-06-11,186.72162239,187.2041072,183.53722262,187.2041072,217.62343043
2024-06-12,184.30919832,187.2041072,184.30919832,187.2041072,224.87754478
2024-06-13,187.15585872,187.2041072,187.15585872,187.2041072,5181.51024845
2024-06-14,185.27416795,187.2041072,183.3442287,186.23913757,27231.94526174
2024-06-19,183.3442287,183.3442287,183.3442287,183.3442287,2736.87371323
2024-06-20,181.65553186,186.72162239,181.65553186,183.3442287,2702.67574559
2024-06-21,183.3442287,183.82671351,181.51078641,183.3442287,12858.43583255
2024-06-25,183.3442287,188.16907682,183.3442287,188.16907682,8698.71940509
2024-06-26,183.53722262,188.16907682,183.53722262,187.2041072,4609.47151702
2024-06-27,186.23913757,186.23913757,186.23913757,186.23913757,1.03630205
2024-06-28,184.30919832,187.10761024,184.30919832,187.10761024,3143.10411671
2024-07-01,187.10761024,187.10761024,184.30919832,184.30919832,8152.58822491
2024-07-02,184.30919832,188.16907682,184.30919832,188.16907682,9.32671845
2024-07-03,188.16907682,188.16907682,186.23913757,186.23913757,3124.45067981
2024-07-04,188.16907682,188.16907682,184.30919832,188.12082834,1323.35771745
2024-07-05,186.23913757,188.12082834,186.23913757,188.12082834,8437.57128857
2024-07-08,185.27416795,187.2041072,183.82671351,187.2041072,389.64957068
2024-07-09,184.45394377,185.75665276,183.3442287,185.75665276,133.68296441
2024-07-10,183.3442287,183.3442287,183.3442287,183.3442287,7132.86700801
2024-07-11,183.3442287,186.23913757,183.3442287,186.23913757,11955.81674727
2024-07-12,181.51078641,192.02895532,181.51078641,192.02895532,5463.38440596
2024-07-15,192.02895532,192.02895532,192.02895532,192.02895532,669.4511241
2024-07-16,191.8359614,191.8359614,188.16907682,188.16907682,2613.55376932
2024-07-17,191.93245836,191.93245836,191.93245836,191.93245836,10.3630205
2024-07-18,187.2041072,187.2041072,186.72162239,186.72162239,9639.68166621
2024-07-19,186.72162239,189.13404645,183.82671351,184.30919832,9369.20683124
2024-07-22,185.27416795,185.27416795,185.27416795,185.27416795,32135.72656087
2024-07-23,188.12082834,188.12082834,184.35744681,184.35744681,32569.93711969
2024-07-24,188.07257986,188.07257986,183.3442287,183.3442287,7653.09063696
2024-07-25,188.16907682,189.13404645,184.30919832,184.30919832,31222.7444551
2024-07-26,186.23913757,189.13404645,186.23913757,188.16907682,10323.64101901
2024-07-29,188.16907682,190.09901607,184.45394377,184.45394377,9273.86704267
2024-07-31,188.65156164,190.00251911,186.23913757,190.00251911,4589.78177808
2024-08-01,189.13404645,189.13404645,189.08579797,189.08579797,519.18732689
2024-08-02,189.13404645,189.13404645,187.92783442,189.13404645,10999.3099554
2024-08-05,189.03754949,189.13404645,186.4321315,188.12082834,3035.32870354
2024-08-06,184.40569529,188.12082834,184.40569529,188.07257986,4590.81808012
2024-08-07,184.55044073,187.2041072,183.82671351,187.2041072,12777.60427267
2024-08-08,187.2041072,188.16907682,183.92321047,188.16907682,23854.6368818
2024-08-09,186.23913757,191.0639857,186.23913757,191.0639857,3993.9080995
2024-08-12,191.0639857,191.0639857,191.0639857,191.0639857,1.03630205
2024-08-13,190.5332524,190.5332524,185.27416795,185.27416795,463.22701621
2024-08-15,184.8881801,189.90602215,184.8881801,188.16907682,2595.93663447
2024-08-16,185.27416795,189.13404645,185.27416795,189.13404645,9605.48369857
2024-08-19,184.79168314,189.13404645,184.79168314,187.2041072,902.61908528
2024-08-22,187.15585872,187.15585872,186.23913757,186.23913757,1046.66507019
2024-08-23,185.27416795,190.09901607,183.44072566,190.09901607,7747.39412348
2024-08-26,190.00251911,190.09901607,190.00251911,190.09901607,10365.09310099
2024-08-27,189.13404645,189.13404645,186.33563454,189.13404645,147.15489106
2024-08-28,190.09901607,190.09901607,185.37066491,186.23913757,5263.37811037
2024-08-29,190.43675544,190.43675544,186.23913757,188.16907682,5462.34810391
2024-08-30,188.16907682,188.16907682,185.27416795,185.27416795,14547.60817354
2024-09-02,185.75665276,186.23913757,185.27416795,185.27416795,1397.97146503
2024-09-03,188.12082834,188.12082834,185.27416795,185.32241643,34400.04653944
2024-09-04,185.27416795,186.72162239,185.27416795,185.27416795,33677.74401081
2024-09-05,185.27416795,186.72162239,184.30919832,186.72162239,6868.60998534
2024-09-09,186.23913757,186.23913757,181.41428945,184.30919832,12810.76593826
2024-09-10,184.35744681,186.23913757,184.30919832,186.23913757,3645.71061081
2024-09-11,186.23913757,186.23913757,186.23913757,186.23913757,1174.1302223
2024-09-12,186.23913757,186.23913757,186.23913757,186.23913757,18.65343689
2024-09-13,184.30919832,188.16907682,184.30919832,188.16907682,20872.1595828
2024-09-18,184.79168314,184.8881801,184.79168314,184.8881801,11964.10716367
2024-09-19,184.93642858,187.2041072,184.93642858,187.2041072,3117.19656547
2024-09-20,184.93642858,188.02433138,184.93642858,185.27416795,18162.22972286
2024-09-23,185.75665276,187.9760829,185.75665276,187.9760829,260.11181447
2024-09-24,188.12082834,188.12082834,183.82671351,185.37066491,17481.37927621
2024-09-25,187.15585872,187.2041072,184.79168314,187.01111327,2128.56441006
2024-09-26,184.79168314,188.16907682,181.51078641,188.16907682,3543.11670789
2024-09-27,188.16907682,188.16907682,185.27416795,188.16907682,22489.82708236
2024-09-30,190.09901607,190.09901607,185.27416795,186.23913757,14562.11640224
2024-10-01,187.68659201,187.68659201,184.30919832,184.30919832,6067.54850093
2024-10-02,186.23913757,186.23913757,184.30919832,184.30919832,8705.97351944
2024-10-03,184.45394377,184.45394377,184.45394377,184.45394377,1658.0832795
2024-10-04,184.40569529,186.23913757,184.30919832,186.23913757,1316.10360311
2024-10-07,184.30919832,186.14264061,184.30919832,185.27416795,215.55082634
2024-10-08,188.081472,188.081472,186.3182082,186.3182082,4852.02497777
2024-10-09,186.12229,186.17126955,186.12229,186.17126955,10922.92599667
2024-10-10,186.12229,186.2202491,186.12229,186.12229,2093.73095506
2024-10-11,188.081472,188.081472,186.12229,186.12229,3387.12789317
2024-10-14,186.12229,186.12229,186.12229,186.12229,2.04166841
2024-10-15,186.12229,186.12229,186.12229,186.12229,10351.2588417
2024-10-16,186.12229,186.12229,181.224335,184.163108,57864.96609299
2024-10-17,186.12229,186.12229,184.163108,185.6324945,15792.30515593
2024-10-18,186.12229,187.101881,185.142699,185.142699,5506.37970337
2024-10-21,186.12229,186.12229,186.07331045,186.07331045,3063.52345009
2024-10-22,186.12229,186.12229,184.163108,185.142699,8774.06999452
2024-10-23,184.8488217,186.07331045,184.163108,186.07331045,683.95891755
2024-10-24,185.9263718,185.9263718,185.9263718,185.9263718,61.25005232
2024-10-25,185.142699,185.142699,184.163108,184.163108,15868.86772132
2024-10-28,186.0243309,186.0243309,184.163108,185.142699,165.37514126
2024-10-29,183.183517,185.8284127,183.183517,183.6733125,5324.67121482
2024-10-30,181.3222941,184.99576035,181.3222941,184.99576035,2570.46052894
2024-10-31,186.12229,186.12229,182.4978033,186.12229,590.04217066
2024-11-01,186.12229,186.12229,186.12229,186.12229,3283.00280423
2024-11-04,183.183517,188.081472,183.183517,188.081472,1538.39714738
2024-11-05,188.081472,188.081472,188.081472,188.081472,9.18750785
2024-11-07,188.081472,188.081472,187.101881,187.101881,1055.54256828
2024-11-08,187.34677875,187.9835129,187.0039219,187.9835129,12429.67728368
2024-11-11,188.081472,191.65697915,187.1998401,190.040654,5527.81722168
2024-11-12,191.020245,191.020245,188.081472,190.9222859,1241.33439364
2024-11-13,189.061063,191.2161632,188.1794311,191.020245,1984.5016951
2024-11-14,192.979427,192.979427,189.061063,192.979427,571.66715497
2024-11-15,189.061063,192.979427,189.061063,192.979427,6980.46429581
2024-11-19,192.979427,193.91003845,188.6692266,192.979427,2013.08505284
2024-11-20,188.22841065,193.959018,188.22841065,191.020245,12916.61519961
2024-11-21,193.959018,194.938609,189.59983805,189.59983805,525.72961573
2024-11-22,191.020245,194.938609,189.59983805,194.938609,42201.28604693
2024-11-25,195.9182,195.9182,191.26514275,191.3141223,2436.73124804
2024-11-26,195.7222818,195.7222818,193.0773861,193.0773861,537.97962619
2024-11-27,192.979427,192.979427,192.979427,192.979427,2067.18926572
2024-11-28,190.2365722,193.959018,190.2365722,193.959018,2380.58536675
2024-11-29,192.979427,194.938609,191.020245,193.8610589,2274721.7971582
2024-12-02,191.999836,191.999836,190.5304495,190.5304495,10463.55060428
2024-12-03,191.020245,192.979427,190.5304495,192.979427,1389.35535341
2024-12-04,192.93044745,192.93044745,190.1386131,190.3345313,213.35434891
2024-12-05,190.3345313,190.3345313,190.3345313,190.3345313,158.22930182
2024-12-06,191.999836,191.999836,190.38351085,190.38351085,1546.56382102
2024-12-09,190.4324904,190.4324904,190.4324904,190.4324904,117.39593361
2024-12-10,190.38351085,190.38351085,190.040654,190.040654,639.04221252
2024-12-11,189.9426949,189.9426949,188.081472,188.081472,1277.06359083
2024-12-12,189.9426949,191.95085645,186.12229,188.081472,7167.27695538
2024-12-13,192.8814679,192.8814679,188.32636975,191.020245,7887.98590432
2024-12-16,191.020245,192.7835088,188.3753493,188.42432885,5983.10927724
2024-12-17,191.85289735,191.999836,188.4733084,191.999836,2553787.24385994
2024-12-18,191.020245,192.979427,190.5304495,192.93044745,7061.11019803
2024-12-19,191.020245,193.959018,191.020245,192.979427,31366.15179192
2024-12-20,193.4692225,193.959018,192.4896315,193.959018,25579.0426821
2024-12-23,193.959018,194.4488135,192.979427,194.4488135,4909.19169327
2024-12-24,193.959018,194.00799755,192.979427,192.979427,659805.98025094
2024-12-25,192.979427,193.7630998,192.979427,193.7630998,4410.00376688
2024-12-26,194.938609,194.938609,192.979427,194.4488135,9625.44572173
2024-12-27,194.4488135,196.4079955,194.4488135,196.4079955,28246.48246054
2024-12-30,196.7998319,198.856973,195.4284045,198.856973,2380.58536675
2024-12-31,199.7386049,200.816155,195.9182,200.816155,33334.32013973
2025-01-02,203.754928,203.754928,199.836564,199.836564,2093.73095506
2025-01-03,205.2243145,205.2243145,203.754928,205.2243145,21792.76861466
2025-01-06,199.836564,205.2243145,199.836564,205.1263554,1806.87654337
2025-01-07,205.1263554,205.1263554,198.9549321,198.9549321,3884.27415115
2025-01-08,204.2447235,204.2447235,200.816155,201.1100323,1047.37589463
2025-01-09,203.754928,205.71411,203.754928,205.71411,58076.27877349
2025-01-10,206.693701,209.38757625,204.3426826,209.28961715,18987.5162185
2025-01-13,209.3385967,210.5141059,203.02023475,210.46512635,33890.67478162
2025-01-15,209.1426785,210.7100241,206.693701,210.7100241,1845.66824317
2025-01-16,210.612065,210.7100241,209.632474,210.56308545,16410.93068434
2025-01-17,206.693701,210.612065,206.693701,207.1834965,18663.91177542
2025-01-20,212.0814515,212.0814515,207.42839425,207.42839425,58879.67529306
2025-01-21,211.44471735,211.44471735,197.877382,197.877382,11613.00991945
2025-01-22,209.632474,209.632474,203.754928,205.6161509,30762.83877659
2025-01-23,199.00391165,205.56717135,199.00391165,205.17533495,2242.77274904
2025-01-24,205.2243145,205.2243145,200.816155,200.816155,21413.01829029
2025-01-27,205.6161509,205.6161509,200.86513455,203.754928,8222.81952366
2025-01-28,203.754928,203.754928,201.5018687,203.2651325,221.52102255
2025-01-29,201.3059505,203.5590098,195.9182,203.5590098,22821.76949359
2025-01-30,204.2447235,204.68553945,203.1671734,203.1671734,11780.42672911
2025-01-31,203.754928,204.734519,202.775337,202.775337,14007.88696507
2025-02-03,205.71411,205.71411,202.775337,205.1263554,795.22984593
2025-02-04,205.2243145,205.71411,200.3263595,200.3263595,14167.1371011
2025-02-05,199.836564,205.56717135,199.836564,200.816155,20716.80936227
2025-02-06,205.2243145,205.2243145,200.816155,203.754928,10749.38418177
2025-02-07,204.734519,204.734519,204.6365599,204.6365599,214.37518311
2025-02-10,202.775337,205.2243145,200.816155,204.734519,9014.98686697
2025-02-11,201.795746,204.6365599,199.836564,199.836564,7145.83943707
2025-02-12,204.734519,204.734519,188.081472,188.081472,28190.33657925
2025-02-13,204.5386008,204.5386008,195.8202409,195.8202409,7192.79781051
2025-02-14,195.9182,199.7386049,195.8202409,195.9182,22912.62373787
2025-02-17,197.877382,199.836564,194.938609,199.78758445,153350.73515375
2025-02-18,199.78758445,199.78758445,196.897791,196.897791,6716.06823664
2025-02-19,199.6406458,199.6406458,195.9182,197.877382,1873.23076672
2025-02-20,198.856973,198.90595255,195.9182,195.9182,2628.64807864
2025-02-21,198.3671775,198.3671775,195.9182,195.9182,10413.52972822
2025-02-24,197.82840245,197.82840245,197.82840245,197.82840245,81.66673642
2025-02-25,197.82840245,197.82840245,195.9182,195.9182,3825.06576724
2025-02-26,197.82840245,197.82840245,195.57534315,195.9182,4643.77479989
2025-02-27,195.96717955,197.7794229,195.9182,195.9182,317.47943785
2025-02-28,195.9182,197.3875865,193.959018,193.959018,14488.69987576
2025-03-03,194.938609,202.72635745,194.938609,195.9182,1856.89741943
2025-03-04,195.1345272,195.86922045,193.959018,193.959018,870.77157712
2025-03-05,194.0569771,195.9182,191.020245,191.999836,4263.00364132
2025-03-06,194.938609,194.938609,186.12229,186.12229,5136.83772105
2025-03-07,194.4488135,194.4488135,186.12229,186.12229,9948.02933061
2025-03-10,186.2202491,192.24473375,182.6937215,182.6937215,45093.30935054
2025-03-11,183.2814761,188.081472,182.203926,182.203926,20306.43401175
2025-03-12,186.07331045,186.12229,181.224335,181.224335,44923.85087246
2025-03-13,181.224335,186.12229,181.224335,186.12229,9387.5913519
2025-03-14,184.163108,188.081472,184.163108,188.081472,71732.99877194
2025-03-17,184.163108,188.081472,184.163108,188.081472,20610.64260492
2025-03-18,187.93453335,191.020245,186.12229,191.020245,65814.20204963
2025-03-19,195.8202409,195.9182,188.081472,192.8814679,147193.06322741
2025-03-20,192.8814679,195.9182,191.999836,195.9182,89012.65936498
2025-03-21,193.959018,197.82840245,193.959018,195.9182,74238.12591173
2025-03-24,194.5467726,196.897791,194.5467726,196.897791,126466.04552308
2025-03-25,205.71411,209.632474,199.836564,199.836564,137536.99247951
2025-03-26,197.877382,199.836564,193.959018,194.4488135,12569.53156981
2025-03-27,194.4488135,194.4488135,192.04881555,193.959018,7570.50646647
2025-03-28,194.0569771,195.9182,191.9018769,191.9018769,47154.37361103
2025-04-02,197.82840245,197.82840245,195.9182,196.7998319,1333.20947212
2025-04-03,196.7018728,196.7018728,191.020245,191.020245,42232.9319073
2025-04-04,197.877382,197.877382,191.020245,191.020245,851923.91518501
2025-04-07,191.020245,191.020245,184.163108,186.12229,3703.58649681
2025-04-08,186.12229,186.12229,182.3018851,183.183517,15571.80496758
2025-04-09,182.8896397,184.6529035,180.244744,180.244744,32341.04845798
2025-04-10,186.0243309,186.0243309,166.53047,166.53047,59146.11302064
2025-04-11,175.346789,176.32638,168.489652,172.408016,159980.03248294
2025-04-14,181.224335,181.224335,180.244744,181.224335,7540.90227452
2025-04-15,181.224335,185.142699,180.244744,183.3794352,26917.35632524
2025-04-16,184.6529035,184.6529035,180.8324986,181.224335,5202.17111019
2025-04-17,185.58351495,190.040654,181.8120896,185.142699,35637.32210688
2025-04-18,187.101881,189.99167445,186.12229,189.061063,85867.46917846
2025-04-21,190.97126545,190.97126545,189.061063,189.061063,17920.74447397
2025-04-22,189.061063,191.020245,188.081472,191.020245,15510.55491527
2025-04-23,189.061063,192.979427,189.061063,192.979427,18692.49513317
2025-04-24,192.979427,193.959018,190.57942905,193.4692225,26539.64766928
2025-04-25,193.4692225,197.877382,193.4692225,197.877382,46181.51861338
2025-04-28,199.836564,212.13043105,199.836564,211.591656,113174.78417013
2025-04-29,211.591656,218.448793,210.612065,215.51002,131594.71657049
2025-04-30,216.489611,219.428384,215.55899955,218.448793,178206.0063843
2025-05-02,219.428384,221.387566,219.428384,221.387566,27006.1689011
2025-05-05,219.428384,220.407975,211.591656,214.530429,6282.21369939
2025-05-06,215.51002,220.407975,212.9630834,214.530429,2462.25210317
2025-05-07,218.448793,219.3304249,217.469202,217.469202,295.02108533
2025-05-08,218.9385885,218.9385885,215.51002,218.448793,11399.65557054
2025-05-09,218.9385885,224.326339,216.489611,224.326339,12170.38539554
2025-05-12,216.9794065,239.999795,216.9794065,230.05694635,41468.32708753
2025-05-13,227.265112,239.020204,226.285521,235.10184,123260.62611845
2025-05-14,233.3385762,235.10184,231.13449645,231.13449645,45493.47635901
2025-05-15,228.8324576,231.183476,227.265112,230.203885,51144.81451953
2025-05-16,232.6528625,232.6528625,227.51000975,230.203885,88060.22105144
2025-05-19,231.9671488,231.9671488,226.7753165,230.15490545,7207.08948939
2025-05-20,229.224294,230.1059259,222.367157,226.285521,15022.59616513
2025-05-21,225.30593,226.285521,225.30593,225.30593,2568.41886052
2025-05-22,222.8569525,231.9671488,222.8569525,228.244703,28350.60754948
2025-05-23,231.6732715,231.6732715,227.265112,228.3426621,64886.26375702
2025-05-26,231.91816925,231.91816925,228.3426621,231.183476,52457.60730754
2025-05-27,231.9671488,235.0038809,228.4406212,229.224294,7690.9649027
2025-05-28,234.0242899,234.9059218,229.224294,229.224294,765.62565397
2025-05-29,229.27327355,234.07326945,227.265112,230.203885,46367.31043874
2025-05-30,230.203885,233.142658,230.1059259,233.142658,2538.81466857
2025-06-02,233.142658,233.142658,227.6569484,233.142658,196.00016742
2025-06-03,233.142658,239.999795,228.244703,239.999795,183747.09445064
2025-06-04,241.958977,259.591615,241.958977,259.591615,222666.39852755
2025-06-05,269.387525,277.1262939,269.33854545,271.346707,224329.33744798
2025-06-06,274.28548,274.28548,264.48957,264.48957,20846.45530635
2025-06-10,269.387525,272.2283389,264.48957,264.48957,3197.25273099
2025-06-11,269.387525,269.387525,265.469161,266.5467111,2313.2103092
2025-06-12,264.48957,264.48957,256.5548829,259.591615,24389.77083293
2025-06-13,256.652842,269.387525,249.795705,269.387525,12947.24022577
2025-06-16,256.652842,263.36304035,256.652842,261.3548788,106626.13274316
2025-06-17,261.6487561,264.48957,261.550797,262.530388,4258.92030449
2025-06-18,257.7303921,264.48957,257.7303921,262.530388,62896.6578909
2025-06-19,258.1222285,263.509979,254.69366,254.69366,46625.58149268
2025-06-20,252.734478,264.48957,252.734478,264.48957,39990.15915826
2025-06-23,264.48957,264.48957,256.652842,257.632433,13466.84483626
2025-06-24,262.530388,266.448752,262.530388,266.448752,34408.2377237
2025-06-25,260.0814105,266.448752,260.0814105,266.448752,7444.94385922
2025-06-26,267.428343,268.407934,264.5875291,268.3099749,28114.79484805
2025-06-30,269.387525,274.28548,261.550797,274.28548,1724195.09774998
2025-07-01,271.2487479,271.2487479,264.48957,266.448752,1413.85537433
2025-07-02,266.448752,266.448752,261.550797,261.550797,23466.93671134
2025-07-03,261.59977655,265.469161,261.59977655,264.5875291,851.37572722
2025-07-04,271.0528297,271.0528297,264.48957,267.428343,3831.19077248
2025-07-07,273.7956845,273.7956845,260.571206,268.8977295,668.64640447
2025-07-08,268.407934,269.387525,262.530388,269.2895659,1901.81412447
2025-07-09,260.6691651,267.3303839,260.571206,260.571206,12722.6567006
2025-07-10,260.7671242,264.44059045,259.591615,262.0405925,3188.06522314
2025-07-11,268.35895445,268.35895445,257.1426375,265.469161,19106.95382052
2025-07-14,258.85692175,263.509979,258.85692175,260.571206,1286.25109867
2025-07-15,261.550797,261.550797,258.8079422,258.8079422,16033.22202838
2025-07-16,257.2405966,258.612024,254.64468045,258.612024,3412.6487483
2025-07-17,252.734478,258.612024,252.734478,258.3181467,5582.94226876
2025-07-18,257.632433,264.3916109,255.673251,263.36304035,20667.80932042
2025-07-21,259.591615,262.530388,259.591615,259.6895741,1162.73015983
2025-07-22,259.591615,262.0405925,255.673251,260.4732469,1048.39672884
2025-07-23,260.4732469,260.571206,256.89773975,256.89773975,1847.70991159
2025-07-24,256.70182155,261.550797,256.70182155,259.591615,1264054.07971286
2025-07-25,258.612024,261.550797,256.652842,259.64059455,22091.87303681
2025-07-28,261.550797,262.530388,258.612024,262.530388,6548.65142697
2025-07-29,263.509979,264.48957,259.591615,264.48957,184197.28233518
2025-07-31,264.34263135,264.3916109,259.591615,259.7875332,46208.06030272
2025-08-01,259.6895741,262.530388,259.6895741,259.8854923,15991.36782596
2025-08-04,262.48140845,262.48140845,258.612024,260.571206,1422.02204798
2025-08-05,259.6895741,260.571206,259.591615,260.571206,128762.922485
2025-08-06,259.1018195,262.530388,259.1018195,260.7671242,430281.61753221
2025-08-07,262.530388,263.9997745,262.530388,262.530388,8689.34075548
2025-08-08,264.48957,264.48957,261.550797,262.530388,29418.40012822
2025-08-11,262.6283471,263.85283585,261.550797,261.7467152,1732.35564639
2025-08-12,264.48957,264.48957,254.69366,254.69366,506010.16138368
2025-08-13,255.673251,262.530388,254.69366,258.1222285,272896.54559913
2025-08-15,262.4324289,262.4324289,255.1834555,260.9630424,616.58386
2025-08-18,260.9630424,260.9630424,256.652842,259.3956968,1557.79299728
2025-08-19,256.652842,260.571206,254.69366,259.591615,53036.42030194
2025-08-22,261.3548788,261.3548788,256.652842,258.612024,1132.10513367
2025-08-25,258.612024,259.591615,254.69366,254.69366,163352.86869724
2025-08-26,259.3956968,259.3956968,254.69366,255.673251,11205.69707153
2025-08-27,255.673251,257.58345345,254.0079463,254.69366,13329.03221855
2025-08-28,254.69366,257.632433,253.86100765,254.69366,21661.08100217
2025-08-29,256.652842,257.632433,246.3671365,246.3671365,21588.6017736
2025-09-01,246.856932,249.795705,244.89775,249.0120322,34660.38377241
2025-09-02,247.836523,248.9140731,246.3671365,247.3467275,42591.24471335
2025-09-03,247.4446866,248.816114,247.4446866,248.816114,60164.90555752
2025-09-04,251.754887,252.734478,244.89775,245.877341,51838.98177913
2025-09-08,251.754887,251.754887,244.89775,251.754887,6580.29728734
2025-09-09,249.795705,255.4773328,246.0732592,246.0732592,14531.57491239
2025-09-10,246.0732592,253.714069,246.0732592,253.714069,2076.37677357
2025-09-11,248.08142075,253.714069,248.08142075,249.795705,589.02133646
2025-09-12,249.795705,253.2242735,248.96305265,249.795705,70950.01893647
2025-09-15,253.714069,253.714069,247.836523,247.836523,1560.8554999
2025-09-16,250.775296,250.775296,246.02427965,249.795705,787.06317228
2025-09-17,249.64876635,249.64876635,245.92632055,245.92632055,11877.40597862
2025-09-18,249.795705,251.754887,246.41611605,251.754887,3543.31552658
2025-09-19,251.754887,251.754887,246.856932,251.754887,10905.57181518
2025-09-22,251.70590745,251.754887,248.816114,250.775296,3803.62824893
2025-09-23,249.795705,249.795705,244.89775,249.6977459,14479.51236792
2025-09-24,248.816114,249.3059095,243.2324453,248.816114,48430.41636765
2025-09-25,248.816114,248.816114,244.89775,244.89775,1461.83458198
2025-09-26,247.7385639,248.816114,237.061022,248.816114,42737.22400471
2025-09-29,238.040613,247.836523,238.040613,241.958977,5684.00485509
2025-09-30,247.3467275,249.795705,233.142658,249.795705,75702.00216213
2025-10-01,244.89775,244.89775,231.183476,231.183476,21787.66444363
2025-10-02,230.203885,244.89775,227.4610302,241.958977,23447.54086144
2025-10-03,244.65285225,244.89775,236.081431,236.081431,24358.12497257
2025-10-06,244.4079545,244.89775,242.938568,242.938568,210.29184629
2025-10-07,242.938568,244.89775,238.040613,239.020204,165747.74574287
2025-10-08,243.8201999,243.8201999,236.081431,236.081431,6889.61005154
2025-10-09,241.958977,241.958977,226.285521,226.285521,55348.60977694
2025-10-10,227.8528666,235.05286045,227.8528666,230.3018441,25113.54228448
2025-10-13,228.7344985,235.10184,228.7344985,228.8324576,20804.60110393
2025-10-14,230.203885,230.203885,216.489611,216.489611,68404.05842847
2025-10-15,220.407975,225.30593,217.3712429,218.49777255,136542.69996356
2025-10-16,225.2079709,225.2079709,219.428384,223.346748,345.04196139
2025-10-17,223.346748,230.203885,223.346748,225.30593,26300.77246524
2025-10-20,236.0,243.0,231.5,240.0,34781.0
2025-10-21,246.6,246.6,240.0,243.0,66102.0
2025-10-22,244.0,246.0,241.0,245.0,57804.0
2025-10-23,246.0,246.0,240.0,245.9,27919.0
2025-10-24,245.9,245.9,243.2,245.0,3673.0
2025-10-27,245.0,247.0,244.0,244.0,1622.0
2025-10-28,243.5,250.05,243.1,250.0,36531.0
2025-10-29,250.1,251.9,245.0,245.0,185016.0
2025-10-30,249.75,249.8,241.0,241.0,45088.0
2025-10-31,246.0,247.7,240.15,242.0,24728.0
2025-11-03,245.0,248.7,242.0,242.0,8796.0
2025-11-04,241.0,247.7,241.0,244.9,532124.0
2025-11-05,244.95,245.0,238.0,241.0,1611.0
2025-11-07,244.95,244.95,235.0,235.0,17581.0
2025-11-10,236.0,240.0,236.0,236.1,1064.0
2025-11-11,236.1,238.9,226.5,226.5,11159.0
2025-11-12,237.0,237.0,222.6,226.5,44206.0
2025-11-13,225.0,232.3,225.0,230.0,516.0
2025-11-14,231.9,231.9,225.0,227.0,21893.0
2025-11-17,232.95,232.95,224.0,225.1,18480.0
2025-11-19,221.1,226.8,221.1,226.8,3125.0
2025-11-20,223.0,225.0,220.0,220.0,42665.0
2025-11-21,220.0,220.0,219.0,220.0,42940.0
2025-11-24,218.5,222.0,218.0,219.0,953.0
2025-11-25,227.9,227.9,220.1,220.1,1253.0
2025-11-26,227.8,227.8,221.0,225.0,6037.0
2025-11-27,225.0,227.85,222.5,225.0,47796.0
2025-11-28,230.0,230.0,221.2,224.9,15278.0
2025-12-01,224.9,228.45,221.35,223.0,16413.0
2025-12-02,224.0,227.35,221.3,224.0,2664.0
2025-12-03,227.0,230.0,223.5,230.0,55273.0
2025-12-04,232.0,235.0,230.0,230.0,2623.0
2025-12-05,230.0,234.95,230.0,234.0,96377.0
2025-12-08,234.0,237.0,230.0,235.8,31370.0
2025-12-09,231.0,235.0,231.0,231.0,1506.0
2025-12-10,234.95,235.0,232.0,232.0,864.0
2025-12-11,232.0,232.05,230.15,230.15,762.0
2025-12-12,230.15,234.0,230.15,234.0,10213.0
2025-12-15,234.0,234.7,231.1,232.0,773.0
2025-12-16,231.0,233.0,230.0,232.8,1998.0
2025-12-17,230.0,232.9,230.0,232.9,12246.0
2025-12-18,233.95,234.0,230.5,232.9,33092.0
2025-12-19,230.35,234.0,230.0,230.0,49999.0
2025-12-22,230.0,232.0,226.0,230.0,6578.0
2025-12-23,228.0,234.8,228.0,229.0,1893.0
2025-12-24,234.9,234.9,225.0,225.0,133655.0
2025-12-25,225.0,232.0,225.0,230.0,16559.0
2025-12-26,225.0,232.0,216.0,216.0,106880.0
2025-12-29,225.0,225.0,212.0,212.0,22279.0
2025-12-30,223.9,223.9,215.0,218.0,43539.0
2025-12-31,219.0,225.0,219.0,225.0,170788.0
2026-01-02,228.7,230.0,225.0,230.0,168655.0
2026-01-05,231.0,233.0,230.0,230.0,53089.0
2026-01-06,231.9,231.9,230.25,231.45,17302.0
2026-01-07,233.8,233.8,220.0,220.0,104581.0
2026-01-08,229.9,229.9,223.0,227.5,14664.0
2026-01-09,230.0,230.0,223.0,223.0,29843.0
2026-01-12,227.5,227.5,223.0,226.0,9938.0
2026-01-13,224.1,226.9,221.0,221.0,12510.0
2026-01-15,221.0,225.0,219.0,220.0,8382.0
2026-01-16,223.2,223.2,218.95,218.95,16668.0
2026-01-19,219.5,223.0,217.0,217.0,2795.0
2026-01-20,217.0,222.85,214.0,214.0,8139.0
2026-01-21,214.0,217.0,203.9,203.9,63521.0
2026-01-22,212.9,212.9,206.0,210.0,52783.0
2026-01-23,212.0,215.9,200.0,200.0,66205.0
2026-01-26,206.9,206.9,200.0,200.0,21841.0
2026-01-27,200.0,207.0,200.0,207.0,33245.0
2026-01-28,208.0,215.0,207.0,213.8,3626.0
2026-01-29,212.0,214.0,210.0,214.0,8968.0
2026-01-30,215.0,217.0,205.0,205.0,245001.0
2026-02-02,213.9,213.9,202.0,209.0,29889.0
2026-02-03,203.05,209.95,202.0,204.8,15017.0
2026-02-04,205.0,205.0,203.5,204.0,10640.0
2026-02-05,209.0,209.0,200.0,200.0,13309.0
2026-02-06,200.0,209.0,200.0,209.0,54304.0
2026-02-09,210.0,211.0,203.75,209.9,3138.0
2026-02-10,209.8,209.8,207.0,209.0,16005.0
2026-02-11,209.0,209.0,205.0,208.0,759.0
2026-02-12,214.0,214.0,206.0,212.0,16548.0
2026-02-13,213.0,213.0,209.0,212.0,37576.0
2026-02-16,214.0,216.0,207.0,216.0,17271.0
2026-02-17,216.0,216.0,210.05,214.7,31740.0
2026-02-18,212.0,216.0,212.0,215.95,1368.0
2026-02-19,212.0,217.95,212.0,217.95,12358.0
2026-02-20,219.0,219.0,213.0,219.0,124993.0
2026-02-23,219.0,219.0,213.0,213.0,460.0
2026-02-24,217.8,218.05,214.0,218.05,4188.0
2026-02-25,218.9,218.9,217.0,217.0,8939.0
2026-02-26,218.0,218.0,212.0,217.0,11502.0
2026-02-27,212.5,220.0,210.0,220.0,148849.0
2026-03-02,205.0,210.0,204.0,204.0,81793.0
2026-03-03,205.0,205.0,190.0,192.0,131302.0
2026-03-04,200.0,206.0,194.0,198.0,108146.0
2026-03-05,207.3,209.9,198.0,209.9,111150.0
2026-03-06,215.0,215.0,200.0,200.0,188625.0
2026-03-09,192.0,198.0,192.0,195.0,58054.0
2026-03-10,204.5,204.5,197.0,197.0,65778.0
2026-03-11,203.0,203.0,200.5,202.0,39823.0
2026-03-12,201.9,204.45,200.0,204.4,35324.0
2026-03-13,200.1,204.0,200.1,204.0,125126.0
2026-03-16,209.0,210.0,204.0,210.0,72954.0
2026-03-17,206.0,212.0,206.0,212.0,144492.0
2026-03-18,213.0,219.0,206.7,219.0,122393.0
2026-03-19,211.0,219.5,206.0,219.5,220929.0
2026-03-24,221.9,221.9,215.0,218.0,241381.0
2026-03-25,218.0,218.0,211.5,217.9,6400.0
2026-03-26,217.0,217.0,208.0,208.0,23304.0
2026-03-27,210.0,213.9,205.0,205.0,78208.0
