Time,Open,High,Low,Close,Volume
2012-03-26,269.59428496,269.59428496,265.81995517,269.59428496,4818.72232638
2012-03-27,264.69257069,265.18274212,264.69257069,264.69257069,1059.83329744
2012-03-28,256.31064909,257.83017071,256.31064909,256.31064909,1609.64094645
2012-03-30,255.91849234,257.83017071,252.04615767,255.91849234,83139.28095073
2012-04-02,255.96752909,255.96752909,255.91849234,255.96752909,22.44112853
2012-04-03,264.44748497,264.44748497,255.96752909,264.44748497,138.72697637
2012-04-04,256.84982785,256.84982785,256.84982785,256.84982785,12.24061556
2012-04-05,254.98718623,261.75154212,254.98718623,254.98718623,124.44625822
2012-04-06,254.88914214,264.44748497,250.18349644,254.88914214,1357.68827612
2012-04-09,263.66322049,263.66322049,263.66322049,263.66322049,1.0200513
2012-04-13,246.06605645,250.96777073,246.06605645,246.06605645,1149.59781156
2012-04-16,247.04639931,249.98742787,246.06605645,247.04639931,980.26929628
2012-04-17,254.88914214,254.88914214,254.88914214,254.88914214,30.60153891
2012-04-18,248.02674216,248.02674216,247.24246788,248.02674216,831.34180694
2012-04-19,247.04639931,247.1444434,246.06605645,247.04639931,91.80461672
2012-04-20,245.0857136,252.8794491,245.0857136,245.0857136,88.74446283
2012-04-23,249.93841073,249.93841073,249.93841073,249.93841073,5.10025648
2012-04-24,253.90879929,254.79109806,249.98742787,253.90879929,22.44112853
2012-04-25,246.21309808,246.21309808,246.21309808,246.21309808,3053.01353151
2012-04-26,245.0857136,245.0857136,245.0857136,245.0857136,318.25600462
2012-04-27,245.0857136,245.0857136,242.14468504,245.0857136,20733.56266001
2012-04-30,245.0857136,252.92845644,245.0857136,245.0857136,112.20564265
2012-05-03,245.0857136,245.0857136,237.34101485,245.0857136,41.82210317
2012-05-04,238.22331362,244.54652503,238.22331362,238.22331362,562.04826457
2012-05-07,244.54652503,244.54652503,236.26262791,244.54652503,382.51923632
2012-05-08,236.40966954,236.40966954,236.40966954,236.40966954,88.74446283
2012-05-09,240.18399933,244.0563536,237.29198791,240.18399933,73.44369337
2012-05-10,244.0563536,244.0563536,237.48805648,244.0563536,452.90277581
2012-05-11,237.58610057,238.22331362,237.39001239,237.58610057,158.10795101
2012-05-14,243.12502789,243.12502789,243.12502789,243.12502789,1.0200513
2012-05-15,235.28228506,239.20365647,235.28228506,235.28228506,1846.29284732
2012-05-16,233.32159935,240.18399933,233.32159935,233.32159935,445.76241673
2012-05-17,223.5181708,234.3019422,220.57714224,223.5181708,1892.19515568
2012-05-18,218.61645653,231.36091364,218.61645653,218.61645653,2074.78433782
2012-05-21,220.47909815,220.47909815,210.7737137,220.47909815,1392.37002022
2012-05-22,222.63587204,231.36091364,216.65577082,222.63587204,1971.75915683
2012-05-23,230.38057078,231.36091364,226.45919937,230.38057078,2173.72931361
2012-05-24,227.43954222,230.38057078,227.43954222,227.43954222,434.54185246
2012-05-25,215.77347206,235.28228506,215.77347206,215.77347206,1224.06155623
2012-05-28,227.34149813,227.34149813,218.71450062,227.34149813,397.82000578
2012-05-29,222.53782795,230.38057078,220.57714224,222.53782795,2517.48660066
2012-05-30,226.45919937,226.45919937,226.36115528,226.45919937,13.26066686
2012-05-31,226.45919937,226.94937079,223.02799938,226.45919937,229.51154179
2012-06-01,225.47885651,235.28228506,225.47885651,225.47885651,1785.08976951
2012-06-04,229.89039936,229.89039936,229.89039936,229.89039936,32.6416415
2012-06-05,228.32184099,228.32184099,222.04765652,228.32184099,1340.34740408
2012-06-06,227.34149813,227.34149813,220.57714224,227.34149813,2819.42178453
2012-06-07,228.17479936,228.17479936,222.53782795,228.17479936,106.08533487
2012-06-08,227.43954222,228.12578222,222.53782795,227.43954222,274.39379886
2012-06-11,224.69458223,227.43954222,224.69458223,224.69458223,1611.68104904
2012-06-12,224.49851366,226.45919937,224.2044108,224.49851366,426.38144209
2012-06-13,230.38057078,233.32159935,224.5475308,230.38057078,3828.25251712
2012-06-14,229.40022793,230.38057078,227.43954222,229.40022793,978.22919369
2012-06-15,229.40022793,229.40022793,229.35121079,229.40022793,256.03287551
2012-06-19,229.30218384,229.40022793,225.47885651,229.30218384,503.90534065
2012-06-20,224.49851366,229.30218384,224.49851366,224.49851366,550.82770031
2012-06-21,212.83244349,221.06731367,212.7343994,212.83244349,427.40149339
2012-06-22,224.49851366,224.49851366,213.22457083,224.49851366,236.65190087
2012-06-25,214.69508511,221.55748509,213.71474226,214.69508511,1108.79575969
2012-06-26,215.67542797,221.50846795,210.7737137,215.67542797,1127.15668303
2012-06-27,215.67542797,215.67542797,213.71474226,215.67542797,1238.34227439
2012-06-28,212.7343994,214.69508511,212.7343994,212.7343994,7793.19190802
2012-06-29,210.82273084,214.69508511,210.82273084,210.82273084,8772.44115301
2012-07-02,213.71474226,217.63611368,210.96978227,213.71474226,1261.80345422
2012-07-03,218.61645653,218.61645653,215.67542797,218.61645653,132.60666859
2012-07-04,206.95038637,213.71474226,206.95038637,206.95038637,1320.96642944
2012-07-05,212.68538226,212.68538226,206.9993839,212.68538226,312.13569684
2012-07-06,211.70503941,212.7343994,211.70503941,211.70503941,218.29097753
2012-07-09,206.9993839,207.83268513,206.9993839,206.9993839,528.38657177
2012-07-10,209.79337084,209.79337084,203.91131372,209.79337084,303.97528646
2012-07-13,203.91131372,210.28354227,203.91131372,203.91131372,1867.71392455
2012-07-16,211.70503941,211.70503941,203.96033086,211.70503941,186.66938733
2012-07-18,205.87199942,208.81302799,199.10764353,205.87199942,968.02868072
2012-07-19,201.06832924,205.87199942,201.06832924,201.06832924,509.00559713
2012-07-20,199.49977087,205.87199942,199.49977087,199.49977087,5479.71556674
2012-07-24,200.97028515,205.87199942,200.72519944,200.97028515,220.33108012
2012-07-25,193.12754232,206.36217085,188.91206804,193.12754232,2457.30357414
2012-07-26,200.97028515,200.97028515,193.12754232,200.97028515,504.92539195
2012-07-27,210.7737137,210.7737137,200.97028515,210.7737137,3291.70553497
2012-07-31,220.57714224,220.57714224,205.87199942,220.57714224,8639.83448442
2012-08-01,220.57714224,231.26286955,213.22457083,220.57714224,1138.3772473
2012-08-02,230.38057078,230.38057078,217.24398634,230.38057078,5278.76546126
2012-08-03,243.12502789,243.12502789,230.33155364,243.12502789,10340.25999629
2012-08-06,254.88914214,254.88914214,235.28228506,254.88914214,6178.45070509
2012-08-07,269.59428496,269.59428496,245.28178217,269.59428496,17214.38568584
2012-08-08,269.00606944,283.22104083,261.35941479,269.00606944,16800.24485932
2012-08-09,252.8794491,261.75154212,252.8794491,252.8794491,3829.27256842
2012-08-10,237.73314219,251.94811358,237.73314219,237.73314219,298.87502998
2012-08-13,239.20365647,239.20365647,230.38057078,239.20365647,52.02261614
2012-08-15,226.55724346,239.0075879,224.890641,226.55724346,486.5644686
2012-08-16,236.26262791,236.26262791,216.85183939,236.26262791,428.42154468
2012-08-17,236.26262791,236.26262791,236.26262791,236.26262791,204.01025937
2012-08-22,233.32159935,235.18424097,222.09667366,233.32159935,5196.14130621
2012-08-23,234.9881822,234.9881822,220.57714224,234.9881822,104.04523228
2012-08-24,223.5181708,223.5181708,223.5181708,223.5181708,102.00512969
2012-08-27,234.10587363,234.10587363,227.43954222,234.10587363,31.6215902
2012-08-28,234.59604506,234.59604506,234.59604506,234.59604506,2.04010259
2012-08-30,233.90981486,233.90981486,225.5769006,233.90981486,103.02518098
2012-08-31,235.28228506,240.18399933,229.40022793,235.28228506,5931.59829125
2012-09-03,232.34125649,245.0857136,232.34125649,232.34125649,2439.96270209
2012-09-05,239.0075879,239.0075879,232.34125649,239.0075879,4.08020519
2012-09-07,236.31164505,242.53681238,236.31164505,236.31164505,3099.93589116
2012-09-10,241.16434218,241.16434218,240.08595524,241.16434218,910.9058081
2012-09-11,241.16434218,241.16434218,233.32159935,241.16434218,539.60713604
2012-09-12,242.14468504,242.14468504,241.16434218,242.14468504,127.50641211
2012-09-13,247.24246788,254.88914214,241.16434218,247.24246788,2176.7894675
2012-09-14,234.39998629,246.85033074,234.39998629,234.39998629,324.3763124
2012-09-17,233.51766792,234.39998629,233.51766792,233.51766792,1895.25530957
2012-09-18,230.38057078,232.48829812,230.38057078,230.38057078,776.25903691
2012-09-19,230.38057078,230.87074221,230.38057078,230.38057078,71.40359078
2012-09-20,227.04741488,227.43954222,227.04741488,227.04741488,163.2082075
2012-09-21,237.19395362,237.24297076,225.47885651,237.19395362,3168.27932805
2012-09-24,236.26262791,236.26262791,225.47885651,236.26262791,93.84471931
2012-09-25,235.28228506,235.28228506,235.28228506,235.28228506,14889.68878029
2012-09-27,227.43954222,227.43954222,225.5769006,227.43954222,155.04779712
2012-09-28,235.28228506,235.28228506,226.45919937,235.28228506,401.90021096
2012-10-01,228.41988508,228.41988508,228.41988508,228.41988508,571.22872624
2012-10-02,229.44924507,242.09566789,229.44924507,229.44924507,3421.25204967
2012-10-03,235.28228506,235.28228506,230.38057078,235.28228506,525.32641788
2012-10-05,228.51792916,228.5669267,228.41988508,228.51792916,1201.6204277
2012-10-08,234.3019422,234.3019422,228.41988508,234.3019422,103.02518098
2012-10-10,227.04741488,228.41988508,227.04741488,227.04741488,2473.62439489
2012-10-11,230.72370059,230.72370059,216.85183939,230.72370059,211.15061845
2012-10-12,220.57714224,228.41988508,220.57714224,220.57714224,150.96759194
2012-10-15,228.41988508,228.41988508,220.57714224,228.41988508,63.24318041
2012-10-16,218.71450062,226.45919937,216.85183939,218.71450062,331.51667148
2012-10-17,224.49851366,224.49851366,218.71450062,224.49851366,230.53159309
2012-10-18,211.75405655,215.72444511,211.75405655,211.75405655,96.9048732
2012-10-19,211.75405655,211.75405655,210.87175778,211.75405655,242.77220865
2012-10-22,210.7737137,223.32210223,210.7737137,210.7737137,424.34133949
2012-10-23,219.54778224,219.54778224,211.31290227,219.54778224,153.00769453
2012-10-24,223.12604346,223.175041,219.44975776,223.12604346,316.21590203
2012-10-25,216.90085654,222.97898223,215.82246959,216.90085654,2369.57916261
2012-10-29,216.90085654,225.2337708,216.90085654,216.90085654,6.12030778
2012-10-30,211.85210064,216.94987368,211.85210064,211.85210064,358.0380052
2012-10-31,211.85210064,212.78341655,211.85210064,211.85210064,142.80718156
2012-11-01,211.75405655,211.75405655,205.87199942,211.75405655,929.26673144
2012-11-02,213.7637594,215.67542797,213.7637594,213.7637594,258.07297811
2012-11-05,224.00834223,224.00834223,216.65577082,224.00834223,2458.32362544
2012-11-07,234.10587363,234.10587363,222.83193081,234.10587363,5501.13664398
2012-11-08,232.34125649,240.18399933,226.50821651,232.34125649,1037.39216891
2012-11-09,224.59655775,224.59655775,224.59655775,224.59655775,983.32945017
2012-11-12,229.40022793,229.40022793,229.40022793,229.40022793,1.0200513
2012-11-13,225.47885651,225.47885651,225.47885651,225.47885651,71.40359078
2012-11-14,220.62615938,220.62615938,220.62615938,220.62615938,614.07088071
2012-11-15,216.1655994,220.57714224,216.1655994,216.1655994,3429.41246005
2012-11-19,216.85183939,223.32210223,216.85183939,216.85183939,1257.72324903
2012-11-20,216.65577082,222.53782795,216.65577082,216.65577082,5328.74797481
2012-11-21,216.65577082,217.63611368,215.67542797,216.65577082,37282.8749003
2012-11-22,215.72444511,215.77347206,211.75405655,215.72444511,128.5264634
2012-11-23,216.65577082,220.57714224,216.65577082,216.65577082,609.99067552
2012-11-27,216.70478797,216.70478797,216.70478797,216.70478797,1.0200513
2012-11-28,216.65577082,220.57714224,216.65577082,216.65577082,3573.23969291
2012-11-29,220.67518633,220.67518633,215.67542797,220.67518633,1706.54581965
2012-11-30,217.83218225,217.83218225,217.83218225,217.83218225,2968.34927387
2012-12-03,215.03821492,215.03821492,215.03821492,215.03821492,306.01538906
2012-12-04,215.18525654,215.67542797,215.18525654,215.18525654,306.01538906
2012-12-05,215.77347206,216.65577082,215.77347206,215.77347206,17.34087205
2012-12-06,220.57714224,220.57714224,215.77347206,220.57714224,127.50641211
2012-12-07,217.24398634,217.24398634,217.24398634,217.24398634,21.42107723
2012-12-10,223.27308509,223.32210223,223.27308509,223.27308509,52.02261614
2012-12-11,214.74410226,214.74410226,214.74410226,214.74410226,14.28071816
2012-12-12,215.67542797,215.72444511,215.67542797,215.67542797,775.23898562
2012-12-13,220.57714224,220.57714224,215.72444511,220.57714224,1319.94637814
2012-12-14,215.82246959,215.82246959,215.77347206,215.82246959,448.82257062
2012-12-17,215.96953082,215.96953082,215.82246959,215.96953082,276.43390145
2012-12-18,220.43010062,220.43010062,215.72444511,220.43010062,478.40405823
2012-12-19,213.71474226,213.71474226,213.71474226,213.71474226,10.20051297
2012-12-20,220.38107367,220.38107367,213.71474226,220.38107367,11272.58688162
2012-12-21,217.83218225,217.83218225,217.83218225,217.83218225,533.48682826
2012-12-24,213.81278635,213.81278635,213.71474226,213.81278635,47128.41001761
2012-12-25,213.71474226,213.71474226,213.32261492,213.71474226,1529.056894
2012-12-26,212.7343994,215.67542797,210.7737137,212.7343994,7204.62230974
2012-12-27,221.55748509,221.55748509,202.0486721,221.55748509,14475.54795377
2012-12-28,229.40022793,229.89039936,210.7737137,229.40022793,77530.01886928
2012-12-31,225.47885651,229.79235527,216.31264102,225.47885651,20528.53234935
2013-01-02,213.02850226,216.65577082,213.02850226,213.02850226,258.07297811
2013-01-03,215.67542797,215.67542797,210.7737137,215.67542797,125.46630951
2013-01-04,204.89165657,215.67542797,204.89165657,204.89165657,2525.64701103
2013-01-07,202.93097086,214.64606797,202.93097086,202.93097086,2475.66449748
2013-01-08,208.27383942,209.79337084,208.27383942,208.27383942,125.46630951
2013-01-09,207.83268513,208.32285656,203.96033086,207.83268513,1072.073913
2013-01-10,207.83268513,207.83268513,202.93097086,207.83268513,304.99533776
2013-01-14,205.87199942,205.87199942,196.06857088,205.87199942,2008.48100352
2013-01-15,197.04891373,198.02925659,197.04891373,197.04891373,1265.88365941
2013-01-16,185.28479948,196.06857088,185.23578234,185.28479948,2955.08860701
2013-01-17,193.12754232,195.97052679,176.65778236,193.12754232,333.55677407
2013-01-18,191.16685661,191.16685661,188.22582804,191.16685661,1428.07181561
2013-01-21,186.55924519,192.14719946,186.55924519,186.55924519,959.86827035
2013-01-22,186.65726967,186.65726967,186.65726967,186.65726967,30.60153891
2013-01-23,181.36342806,191.16685661,181.36342806,181.36342806,1981.9596698
2013-01-28,188.22582804,189.99044518,182.34377092,188.22582804,212.17066975
2013-01-30,189.2061709,189.2061709,186.26514234,189.2061709,4692.23596556
2013-01-31,189.2061709,190.62766804,186.26514234,189.2061709,5162.47961342
2013-02-01,192.14719946,192.14719946,186.26514234,192.14719946,153.00769453
2013-02-04,186.26514234,186.36318642,186.26514234,186.26514234,60.18302651
2013-02-05,187.24548519,187.24548519,184.30445663,187.24548519,410.06062134
2013-02-06,187.24548519,187.24548519,187.24548519,187.24548519,15.30076945
2013-02-08,182.34377092,186.26514234,181.55949663,182.34377092,2557.26860123
2013-02-11,186.26514234,186.26514234,186.26514234,186.26514234,51.00256484
2013-02-12,186.26514234,194.10788517,186.26514234,186.26514234,2351.21823927
2013-02-13,189.2061709,189.2061709,183.61821663,189.2061709,11426.61462745
2013-02-14,208.12678799,208.12678799,199.00959944,208.12678799,3514.07671769
2013-02-15,210.87175778,220.57714224,208.81302799,210.87175778,4307.67662665
2013-02-18,210.7737137,217.53806959,210.7737137,210.7737137,619.1711372
2013-02-19,214.20491369,216.65577082,201.16635372,214.20491369,984.34950147
2013-02-20,216.65577082,218.51841244,206.36217085,216.65577082,14960.07231978
2013-02-21,225.47885651,225.47885651,217.63611368,225.47885651,2949.98835052
2013-02-22,226.50821651,230.38057078,218.66547367,218.66547367,1740.20751245
2013-02-25,225.47885651,225.47885651,216.85183939,216.85183939,112.20564265
2013-02-26,215.87149654,220.57714224,215.87149654,220.57714224,1025.15155335
2013-02-27,218.61645653,219.59679939,216.65577082,216.65577082,512.06575102
2013-02-28,216.65577082,216.70478797,215.67542797,216.70478797,2759.23875801
2013-03-01,215.72444511,216.65577082,215.67542797,215.67542797,103.02518098
2013-03-04,219.59679939,219.59679939,219.59679939,219.59679939,10.20051297
2013-03-05,215.67542797,215.67542797,206.46021494,210.82273084,2801.06086118
2013-03-06,215.62641083,215.62641083,210.7737137,210.7737137,31.6215902
2013-03-07,214.69508511,214.69508511,213.71474226,213.71474226,155.04779712
2013-03-08,210.7737137,210.7737137,210.7737137,210.7737137,1.0200513
2013-03-11,209.79337084,210.7737137,209.79337084,210.7737137,532.46677696
2013-03-12,212.24422798,212.7343994,212.24422798,212.7343994,247.87246514
2013-03-13,210.7737137,217.63611368,210.7737137,217.63611368,51.00256484
2013-03-14,211.21486798,217.09692511,211.21486798,217.09692511,47.94241095
2013-03-15,211.75405655,211.75405655,211.75405655,211.75405655,49.98251355
2013-03-18,218.61645653,218.61645653,218.61645653,218.61645653,20.40102594
2013-03-19,212.7343994,217.63611368,212.7343994,217.63611368,183.60923344
2013-03-20,222.53782795,222.53782795,221.55748509,222.43978386,7874.79601177
2013-03-21,215.67542797,221.94961243,211.90109818,215.67542797,1485.19468823
2013-03-22,215.67542797,221.55748509,211.90109818,221.55748509,13724.79019928
2013-03-25,213.02850226,222.04765652,213.02850226,222.04765652,28809.30877727
2013-03-27,221.55748509,221.55748509,221.55748509,221.55748509,1.0200513
2013-03-28,214.05787206,215.67542797,212.93046798,213.81278635,41466.10526873
2013-03-29,215.67542797,218.61645653,212.7343994,218.61645653,15914.84033364
2013-04-01,212.97948512,213.02850226,212.83244349,212.83244349,150.96759194
2013-04-02,212.83244349,222.53782795,212.83244349,213.22457083,1264.86360811
2013-04-03,213.4206394,213.71474226,213.4206394,213.71474226,182.58918214
2013-04-04,218.61645653,218.61645653,218.61645653,218.61645653,2.04010259
2013-04-05,213.81278635,213.86178388,213.81278635,213.86178388,290.71461961
2013-04-08,214.00884512,219.59679939,213.86178388,213.86178388,373.33877465
2013-04-09,213.86178388,213.95982797,213.81278635,213.91081083,392.71974929
2013-04-10,219.10662796,226.70428508,215.82246959,215.82246959,4872.78504511
2013-04-11,218.61645653,218.61645653,217.73415777,217.73415777,830.32175565
2013-04-12,223.5181708,223.5181708,217.63611368,222.53782795,341.71718445
2013-04-16,218.1262851,225.47885651,218.1262851,225.47885651,1065.95360522
2013-04-17,224.49851366,225.47885651,224.49851366,225.47885651,663.03334296
2013-04-18,225.47885651,228.41988508,225.47885651,228.41988508,307.03544036
2013-04-19,223.5181708,225.5769006,221.26338224,225.5769006,2452.20331766
2013-04-22,225.47885651,225.47885651,223.02799938,223.02799938,387.61949281
2013-04-23,223.02799938,223.02799938,222.53782795,222.53782795,918.04616718
2013-04-24,222.53782795,222.53782795,220.57714224,220.57714224,153.00769453
2013-04-25,220.67518633,225.42983937,220.67518633,225.42983937,2535.847524
2013-04-26,225.47885651,228.61595365,225.47885651,228.2238165,908.8657055
2013-04-29,225.47885651,227.43954222,220.13598796,220.1850149,1297.50524961
2013-04-30,220.57714224,225.42983937,220.08697081,225.42983937,340.69713315
2013-05-03,227.39052508,227.92971365,226.45919937,226.45919937,2603.17090959
2013-05-07,223.61621489,225.47885651,223.61621489,225.47885651,338.65703056
2013-05-08,225.47885651,225.47885651,225.47885651,225.47885651,56.10282133
2013-05-09,225.47885651,226.41018222,220.92027204,220.92027204,1347.48776315
2013-05-10,225.47885651,229.35121079,225.47885651,229.35121079,867.04360233
2013-05-14,223.91029814,223.91029814,223.91029814,223.91029814,56.10282133
2013-05-15,225.47885651,225.47885651,225.47885651,225.47885651,511.04569973
2013-05-16,222.73389652,229.30218384,222.73389652,229.30218384,387.61949281
2013-05-17,228.41988508,229.30218384,220.08697081,220.08697081,2836.76265657
2013-05-20,227.24347365,227.24347365,226.45919937,227.24347365,1589.23992051
2013-05-22,227.24347365,228.9100565,223.66521243,227.24347365,252.97272162
2013-05-23,229.2531863,230.38057078,226.45919937,226.45919937,3236.62276494
2013-05-24,226.45919937,232.83142792,225.47885651,232.83142792,5089.03592004
2013-05-27,233.32159935,239.6938279,233.32159935,235.28228506,4353.57893501
2013-05-28,232.34125649,232.34125649,227.92971365,230.38057078,138161.86795475
2013-05-29,228.46890222,228.46890222,226.45919937,227.43954222,87525.50152723
2013-05-30,227.43954222,233.32159935,227.43954222,227.68462793,1867.71392455
2013-05-31,227.48855936,234.3019422,227.48855936,234.3019422,3167.25927676
2013-06-03,235.28228506,235.28228506,235.28228506,235.28228506,5.10025648
2013-06-04,227.97873079,235.23326791,227.97873079,235.23326791,407.00046745
2013-06-05,230.38057078,233.22355526,228.17479936,233.22355526,325.3963637
2013-06-07,229.44924507,229.44924507,229.44924507,229.44924507,49.98251355
2013-06-10,229.40022793,229.40022793,228.51792916,228.51792916,1557.61833031
2013-06-11,227.92971365,228.41988508,227.53758631,228.41988508,1501.51550898
2013-06-12,228.41988508,233.32159935,227.58658385,230.38057078,19350.37310147
2013-06-13,229.49827202,229.49827202,229.49827202,229.49827202,459.02308359
2013-06-14,229.40022793,230.38057078,227.92971365,227.92971365,358.0380052
2013-06-17,227.53758631,230.38057078,227.53758631,229.40022793,2929.58732459
2013-06-18,228.9100565,230.42958793,228.9100565,230.42958793,1305.66565998
2013-06-19,228.02775774,232.34125649,228.02775774,230.38057078,2562.36885772
2013-06-20,227.43954222,227.43954222,211.85210064,223.5181708,1836.09233435
2013-06-21,223.5181708,223.5181708,213.95982797,223.5181708,23.46117983
2013-06-24,214.69508511,221.45944101,214.69508511,220.57714224,31179.90799118
2013-06-25,217.63611368,217.63611368,214.69508511,215.67542797,793.59990896
2013-06-26,218.61645653,220.57714224,218.61645653,220.57714224,35.70179539
2013-06-27,220.57714224,220.57714224,220.57714224,220.57714224,1229.16181272
2013-06-28,219.59679939,219.59679939,215.72444511,215.72444511,46.92235966
2013-07-01,215.67542797,220.57714224,215.67542797,220.57714224,124.44625822
2013-07-04,213.22457083,219.59679939,212.88144103,219.59679939,685.47447149
2013-07-05,215.67542797,215.67542797,214.20491369,215.18525654,251.95267032
2013-07-08,214.20491369,218.61645653,214.20491369,218.61645653,554.90790549
2013-07-09,220.57714224,222.53782795,220.57714224,222.53782795,4101.62626468
2013-07-12,215.96953082,225.47885651,215.96953082,225.47885651,3080.55491652
2013-07-15,225.47885651,225.47885651,225.47885651,225.47885651,31.6215902
2013-07-16,225.47885651,225.47885651,225.47885651,225.47885651,8.16041037
2013-07-17,224.49851366,230.38057078,223.5181708,230.38057078,711.99580521
2013-07-19,224.00834223,230.2825267,223.56718795,230.2825267,1097.57519542
2013-07-26,222.83193081,234.20389811,222.83193081,234.20389811,3578.33994939
2013-07-29,233.32159935,233.32159935,228.51792916,232.34125649,217.27092623
2013-07-31,225.47885651,225.47885651,225.47885651,225.47885651,831.34180694
2013-08-01,224.10638632,224.15538386,224.10638632,224.15538386,426.38144209
2013-08-02,225.5769006,225.5769006,225.5769006,225.5769006,10.20051297
2013-08-05,225.5769006,229.35121079,225.47885651,229.35121079,22.44112853
2013-08-06,225.5769006,225.5769006,225.5769006,225.5769006,23.46117983
2013-08-07,229.20415936,229.20415936,228.41988508,228.41988508,302.95523517
2013-08-08,224.10638632,224.10638632,224.10638632,224.10638632,113.22569395
2013-08-12,226.45919937,228.41988508,226.45919937,226.45919937,53.04266744
2013-08-15,227.43954222,230.2825267,227.43954222,230.2825267,49.98251355
2013-08-16,225.47885651,230.38057078,225.47885651,230.38057078,1917.6964381
2013-08-19,224.05735937,224.05735937,224.05735937,224.05735937,112.20564265
2013-08-22,224.05735937,235.28228506,224.05735937,235.28228506,112.20564265
2013-08-23,225.47885651,230.38057078,225.47885651,225.47885651,232.57169568
2013-08-26,230.38057078,230.38057078,230.38057078,230.38057078,1.0200513
2013-08-27,230.38057078,230.38057078,225.47885651,225.47885651,535.52693085
2013-08-28,224.49851366,234.3019422,224.49851366,234.3019422,35.70179539
2013-08-29,234.20389811,240.18399933,233.56668506,235.38032914,12661.89674795
2013-08-30,235.38032914,235.38032914,235.38032914,235.38032914,13.26066686
2013-09-02,230.38057078,234.3019422,230.38057078,230.38057078,729.33667726
2013-09-03,234.69406954,235.28228506,231.36091364,231.36091364,1901.37561735
2013-09-04,231.36091364,238.22331362,231.36091364,238.22331362,3375.34974132
2013-09-05,239.20365647,243.51715523,239.20365647,243.51715523,1547.41781734
2013-09-06,235.52737077,243.0269838,235.52737077,243.0269838,2.04010259
2013-09-09,232.43930058,232.43930058,232.43930058,232.43930058,10.20051297
2013-09-10,235.28228506,235.28228506,235.28228506,235.28228506,204.01025937
2013-09-11,235.28228506,241.16434218,235.28228506,241.16434218,381.49918503
2013-09-12,235.3313022,235.3313022,235.28228506,235.28228506,183.60923344
2013-09-13,243.12502789,249.39921236,243.12502789,245.0857136,2785.76009173
2013-09-16,241.16434218,249.98742787,241.16434218,249.98742787,33.6616928
2013-09-19,235.72343934,244.59554217,235.28228506,244.59554217,9186.58197954
2013-09-20,238.22331362,238.22331362,238.22331362,238.22331362,443.72231413
2013-09-23,235.42932668,240.18399933,235.42932668,240.18399933,147.90743804
2013-09-24,240.18399933,240.18399933,240.18399933,240.18399933,81.60410375
2013-09-25,241.16434218,241.16434218,236.360672,236.360672,14732.60088058
2013-09-26,237.24297076,245.0857136,237.24297076,245.0857136,866.02355104
2013-09-27,245.0857136,257.83017071,245.0857136,256.84982785,6060.12475466
2013-09-30,255.37931357,255.869485,253.90879929,253.90879929,1702.46561446
2013-10-02,257.33999928,259.79085642,251.1638491,259.79085642,12576.21243901
2013-10-03,263.61418374,270.57462781,263.61418374,269.6432923,25660.41042386
2013-10-04,274.49599923,282.33874207,270.57462781,278.90754208,1648.40289573
2013-10-07,281.35839921,281.35839921,266.55521231,267.63359925,1355.64817353
2013-10-08,274.25091352,279.3977135,270.57462781,279.3977135,7285.20636219
2013-10-09,282.33874207,284.29942778,276.45668494,279.3977135,593.66985477
2013-10-11,279.3977135,279.3977135,279.3977135,279.3977135,5.10025648
2013-10-15,270.08445639,274.49599923,270.08445639,270.57462781,1139.39729859
2013-10-21,274.88812657,274.88812657,267.63359925,267.63359925,428.42154468
2013-10-22,278.41737065,278.41737065,270.57462781,277.4370278,3176.43973843
2013-10-23,277.4370278,284.29942778,274.98617066,283.12300655,4692.23596556
2013-10-24,284.25042044,284.29942778,277.58406942,279.3977135,8560.27048326
2013-10-25,274.49599923,283.31908492,270.57462781,283.31908492,3835.3928762
2013-10-28,272.0451421,289.20114205,272.0451421,284.29942778,1513.75612454
2013-10-29,283.31908492,286.75028491,276.45668494,283.31908492,6097.86665264
2013-10-30,283.31908492,283.31908492,268.12377068,274.49599923,1275.06412108
2013-10-31,272.53531352,278.41737065,272.53531352,278.41737065,720.15621558
2013-11-01,279.3977135,279.3977135,276.01552085,276.01552085,4401.52134596
2013-11-04,276.45668494,276.45668494,274.54500657,274.54500657,1213.86104327
2013-11-07,274.98617066,274.98617066,274.49599923,274.49599923,883.36442308
2013-11-08,265.18274212,274.49599923,265.18274212,274.49599923,281.53415793
2013-11-12,269.59428496,274.49599923,269.59428496,274.49599923,99.96502709
2013-11-13,269.79036333,269.79036333,269.59428496,269.59428496,373.33877465
2013-11-14,269.59428496,269.59428496,265.77095763,265.77095763,218.29097753
2013-11-15,265.77095763,274.39795514,264.69257069,264.69257069,3503.87620472
2013-11-19,269.59428496,269.59428496,269.59428496,269.59428496,106.08533487
2013-11-20,267.63359925,274.49599923,265.86899192,274.49599923,884.38447438
2013-11-21,266.84933477,276.45668494,266.84933477,266.84933477,23.46117983
2013-11-22,276.45668494,276.45668494,274.39795514,274.49599923,43835.68443134
2013-11-25,274.49599923,274.49599923,274.49599923,274.49599923,3570.17953902
2013-11-26,263.41813478,273.51565638,263.41813478,265.13373478,268.27349107
2013-11-27,273.46664904,275.47634209,273.46664904,275.47634209,103.02518098
2013-11-28,266.16308497,274.49599923,266.16308497,274.49599923,3672.1846687
2013-11-29,273.51565638,275.47634209,269.59428496,269.59428496,660.99324037
2013-12-02,273.51565638,274.49599923,273.51565638,274.49599923,1930.95710496
2013-12-03,274.49599923,274.49599923,273.51565638,274.49599923,31040.16096351
2013-12-04,267.9276923,274.49599923,265.67291354,274.49599923,1901.37561735
2013-12-05,274.49599923,274.49599923,271.06479924,274.49599923,1665.74376778
2013-12-06,267.73164334,274.49599923,267.73164334,274.49599923,1117.97622136
2013-12-09,274.49599923,274.49599923,259.79085642,273.51565638,151.98764323
2013-12-10,267.63359925,267.73164334,266.6532564,267.63359925,886.42457697
2013-12-11,269.59428496,269.59428496,269.59428496,269.59428496,3.06015389
2013-12-12,269.59428496,273.51565638,268.61394211,268.61394211,562.04826457
2013-12-13,268.12377068,268.12377068,264.69257069,264.69257069,6751.71953393
2013-12-16,264.74157803,264.74157803,264.74157803,264.74157803,5.10025648
2013-12-17,263.71222783,272.43726943,263.71222783,272.43726943,8668.39592073
2013-12-18,264.69257069,265.86899192,264.69257069,265.86899192,2073.76428652
2013-12-19,265.08469803,265.08469803,265.08469803,265.08469803,157.08789972
2013-12-20,265.32978374,265.32978374,265.32978374,265.32978374,1839.15248824
2013-12-23,265.32978374,265.32978374,265.32978374,265.32978374,180.54907954
2013-12-24,265.42782783,265.57486945,263.27106375,265.57486945,1448.47284154
2013-12-25,265.67291354,265.67291354,265.67291354,265.67291354,612.03077812
2013-12-26,269.59428496,269.59428496,269.59428496,269.59428496,30.60153891
2013-12-27,269.59428496,269.59428496,257.83017071,257.83017071,3875.17487678
2013-12-30,257.83017071,263.66322049,242.38977075,263.66322049,362.11821039
2013-12-31,259.79085642,266.6532564,254.88914214,254.88914214,295.81487609
2014-01-02,263.12401232,263.12401232,263.12401232,263.12401232,4.08020519
2014-01-03,256.84982785,256.84982785,256.84982785,256.84982785,37.74189798
2014-01-06,256.84982785,262.68287764,251.01677807,262.68287764,9.18046167
2014-01-07,251.1638491,262.58484335,251.1638491,262.58484335,1127.15668303
2014-01-08,251.75203521,261.70253479,251.75203521,252.09515521,77.52389856
2014-01-09,261.6045005,261.6045005,261.6045005,261.6045005,5.10025648
2014-01-10,252.38927767,252.38927767,252.38927767,252.38927767,448.82257062
2014-01-13,252.38927767,252.38927767,252.38927767,252.38927767,17.34087205
2014-01-16,252.43828501,256.84982785,252.29124338,256.84982785,112.20564265
2014-01-17,254.88914214,254.88914214,254.88914214,254.88914214,174.42877176
2014-01-20,251.06581482,256.84982785,251.06581482,251.45794215,362.11821039
2014-01-21,252.19319929,256.80082051,252.19319929,256.80082051,10202.55307121
2014-01-22,256.80082051,256.84982785,252.29124338,252.29124338,59.16297522
2014-01-24,260.5751209,260.5751209,260.5751209,260.5751209,3.06015389
2014-01-27,255.869485,259.79085642,254.88914214,254.88914214,107.10538617
2014-01-28,254.88914214,259.79085642,252.43828501,259.79085642,423.3212882
2014-01-29,255.869485,261.2613707,255.869485,260.77119927,713.01585651
2014-01-30,262.73188498,268.61394211,260.77119927,264.69257069,1255.68314644
2014-01-31,262.73188498,263.71222783,262.73188498,263.71222783,2193.11028825
2014-02-03,258.02624908,263.71222783,258.02624908,263.71222783,11.22056427
2014-02-04,263.71222783,269.59428496,263.71222783,269.59428496,60.18302651
2014-02-05,263.02597803,267.63359925,263.02597803,264.69257069,311.11564554
2014-02-06,258.81051356,267.14342782,255.869485,257.53607765,418.22103171
2014-02-07,257.33999928,267.09442048,257.33999928,267.09442048,107.10538617
2014-02-10,254.88914214,258.81051356,254.88914214,256.06556337,530.42667437
2014-02-11,256.06556337,256.06556337,256.06556337,256.06556337,102.00512969
2014-02-12,256.45770051,256.45770051,256.40866376,256.45770051,76.50384726
2014-02-13,256.94787194,264.49649231,256.94787194,257.83017071,135.66682248
2014-02-14,261.75154212,262.73188498,261.75154212,262.73188498,463.10328878
2014-02-17,259.79085642,264.49649231,257.9282148,257.9282148,62.22312911
2014-02-18,259.79085642,259.79085642,257.83017071,257.83017071,2564.40896031
2014-02-19,263.71222783,263.71222783,263.71222783,263.71222783,12.24061556
2014-02-21,257.83017071,263.71222783,257.83017071,263.71222783,81.60410375
2014-02-25,262.73188498,262.73188498,259.79085642,259.79085642,324.3763124
2014-02-26,259.79085642,262.73188498,259.79085642,262.73188498,318.25600462
2014-02-27,264.69257069,278.46637799,264.69257069,278.46637799,15780.19356245
2014-02-28,271.16284333,289.20114205,271.16284333,285.27977063,25911.34304289
2014-03-03,284.29942778,288.1227551,274.49599923,279.3977135,2521.56680584
2014-03-04,274.59404332,279.34870616,274.59404332,279.34870616,103.02518098
2014-03-05,278.31932656,284.29942778,278.31932656,282.33874207,15945.44187254
2014-03-06,282.33874207,288.22079919,278.51541474,279.3977135,2980.58988943
2014-03-07,284.20138369,284.20138369,279.3977135,280.03492656,23439.75875059
2014-03-10,282.33874207,282.33874207,282.33874207,282.33874207,48.96246225
2014-03-11,279.49575759,286.65224082,279.49575759,284.29942778,20610.13645309
2014-03-12,279.59379188,284.15238615,279.59379188,284.15238615,71.40359078
2014-03-13,280.57413473,284.29942778,280.57413473,284.29942778,10452.46563894
2014-03-14,279.78984084,286.01502777,279.78984084,286.01502777,69.36348819
2014-03-19,280.37805636,284.20138369,279.59379188,284.20138369,943.5474496
2014-03-20,279.64279922,284.1033494,279.3977135,279.3977135,533.48682826
2014-03-21,279.59379188,281.35839921,279.3977135,281.30939187,2889.80532401
2014-03-24,281.35839921,283.31908492,279.49575759,283.31908492,314.17579943
2014-03-25,279.49575759,283.31908492,279.49575759,279.59379188,519.2061101
2014-03-26,284.15238615,284.15238615,284.15238615,284.15238615,10.20051297
2014-03-27,283.27007758,283.27007758,279.88788493,279.88788493,127.50641211
2014-03-28,279.93689227,284.34843512,279.88788493,284.34843512,53736.30231868
2014-03-31,284.34843512,299.00457059,284.34843512,287.53454939,8690.83704926
2014-04-01,287.24045634,293.90677795,284.39747186,284.39747186,1065.95360522
2014-04-02,284.39747186,286.26011348,284.39747186,286.26011348,369.25856946
2014-04-03,287.24045634,292.04412652,287.24045634,288.71097062,340.69713315
2014-04-04,288.71097062,288.71097062,288.71097062,288.71097062,1970.73910554
2014-04-07,286.26011348,286.26011348,284.29942778,284.29942778,578.36908532
2014-04-08,284.29942778,286.75028491,284.29942778,286.75028491,209.11051586
2014-04-09,286.75028491,286.75028491,286.26011348,286.26011348,1592.3000744
2014-04-10,286.26011348,286.26011348,286.26011348,286.26011348,112.20564265
2014-04-11,286.26011348,286.26011348,286.26011348,286.26011348,11.22056427
2014-04-14,285.27977063,285.27977063,285.27977063,285.27977063,2094.16531246
2014-04-15,284.39747186,288.22079919,281.40740655,285.27977063,11653.06601535
2014-04-16,284.29942778,284.29942778,284.29942778,284.29942778,286.63441442
2014-04-17,285.27977063,285.27977063,285.27977063,285.27977063,1305.66565998
2014-04-18,284.34843512,284.34843512,283.5151633,283.5151633,663.03334296
2014-04-21,286.26011348,286.26011348,286.26011348,286.26011348,5.10025648
2014-04-22,284.29942778,285.27977063,283.31908492,285.27977063,667.11354815
2014-04-23,285.27977063,285.27977063,285.27977063,285.27977063,530.42667437
2014-04-24,286.26011348,286.26011348,286.26011348,286.26011348,65.283283
2014-04-28,283.31908492,286.26011348,269.79036333,282.33874207,438.62205765
2014-04-29,286.1620694,286.1620694,277.4370278,286.11307186,24.48123112
2014-05-02,279.64279922,286.11307186,279.3977135,279.3977135,62.22312911
2014-05-05,278.02524331,285.27977063,278.02524331,278.41737065,347.83749223
2014-05-07,278.1232776,284.20138369,278.1232776,284.20138369,132.60666859
2014-05-08,278.46637799,284.25042044,277.4370278,284.25042044,1079.21427208
2014-05-09,284.20138369,288.22079919,284.20138369,288.17179185,82389.54324753
2014-05-12,279.54475513,288.02472082,279.54475513,279.54475513,174.42877176
2014-05-13,279.49575759,287.48554205,279.44672084,287.48554205,103.02518098
2014-05-14,285.76994206,285.76994206,281.4564433,281.4564433,1197.54022252
2014-05-15,281.84857064,286.26011348,281.84857064,286.26011348,323.35626111
2014-05-16,281.84857064,286.21110615,281.84857064,286.21110615,371.29867206
2014-05-20,280.37805636,284.29942778,280.37805636,284.29942778,1470.91397007
2014-05-21,285.27977063,286.21110615,281.50544084,286.21110615,1058.81324614
2014-05-22,285.72093472,289.20114205,285.72093472,289.10309796,2109.46608191
2014-05-23,285.42681226,288.95605633,284.49550615,288.95605633,923.14642366
2014-05-26,288.95605633,292.87742775,288.95605633,289.20114205,1440.31243117
2014-05-27,274.79009228,289.15213471,274.79009228,280.37805636,3062.19399318
2014-05-28,288.22079919,288.22079919,279.49575759,287.04437796,1725.92679429
2014-05-29,281.4564433,281.4564433,281.4564433,281.4564433,25.50128242
2014-05-30,280.37805636,286.1620694,280.37805636,286.1620694,200.95010548
2014-06-03,280.67214941,280.67214941,280.37805636,280.37805636,2582.76988365
2014-06-06,282.24069798,286.26011348,275.47634209,286.26011348,1999.30054185
2014-06-10,284.29942778,284.29942778,284.29942778,284.29942778,3144.81814823
2014-06-11,286.1620694,288.22079919,286.1620694,287.53454939,2624.59198683
2014-06-12,279.88788493,284.29942778,279.88788493,281.4564433,474.32385304
2014-06-13,287.48554205,291.16182776,287.48554205,289.20114205,3523.25717936
2014-06-16,290.91674204,290.91674204,288.22079919,288.22079919,80.58405245
2014-06-18,281.50544084,285.27977063,281.4564433,285.27977063,161.1681049
2014-06-19,287.24045634,287.24045634,287.24045634,287.24045634,20.40102594
2014-06-20,282.53482044,283.31908492,282.33874207,282.33874207,221.35113142
2014-06-23,281.35839921,282.33874207,280.37805636,282.33874207,273.37374756
2014-06-24,288.22079919,288.22079919,282.33874207,282.82891349,2553.18839605
2014-06-25,259.79085642,276.45668494,259.79085642,276.45668494,23.46117983
2014-06-26,276.45668494,277.4370278,269.59428496,269.59428496,77.52389856
2014-06-27,269.6432923,274.49599923,257.83017071,274.49599923,942.5273983
2014-06-30,261.2613707,276.26060657,258.81051356,269.59428496,600.81021385
2014-07-01,264.69257069,276.94685637,261.11432907,268.61394211,7475.9559547
2014-07-02,261.45744907,261.65349804,261.45744907,261.65349804,321.31615851
2014-07-03,261.65349804,268.51589802,261.65349804,268.51589802,127.50641211
2014-07-07,264.69257069,265.67291354,262.73188498,264.69257069,465.14339137
2014-07-08,262.73188498,268.51589802,262.73188498,262.73188498,279.49405534
2014-07-09,262.73188498,268.51589802,261.70253479,268.51589802,616.1109833
2014-07-10,263.71222783,263.71222783,262.04563518,262.04563518,117.30589914
2014-07-11,268.31984905,268.31984905,262.04563518,264.69257069,132.60666859
2014-07-15,268.41786373,268.41786373,268.41786373,268.41786373,295.81487609
2014-07-16,263.71222783,269.59428496,263.71222783,269.59428496,10362.70112482
2014-07-17,268.61394211,271.55497067,267.63359925,271.55497067,5926.49803477
2014-07-18,272.53531352,272.53531352,272.53531352,272.53531352,181.56913084
2014-07-21,265.81995517,285.27977063,265.81995517,285.27977063,1943.19772052
2014-07-22,275.47634209,280.37805636,275.47634209,280.37805636,66.3033343
2014-07-23,284.7895992,287.24045634,281.84857064,284.29942778,2414.46141967
2014-07-24,286.26011348,286.26011348,279.3977135,284.29942778,1127.15668303
2014-07-25,277.14293474,277.14293474,276.99586371,276.99586371,40.80205187
2014-07-31,285.27977063,285.27977063,276.45668494,284.05434206,66.3033343
2014-08-01,276.60372657,283.22104083,276.60372657,278.41737065,42.84215447
2014-08-04,277.4370278,285.18172654,277.4370278,285.18172654,81.60410375
2014-08-05,277.4370278,278.41737065,274.59404332,274.59404332,344.77733834
2014-08-06,275.08421475,275.08421475,274.79009228,274.79009228,348.85754353
2014-08-07,285.27977063,285.27977063,284.29942778,285.27977063,1239.36232569
2014-08-08,279.44672084,280.37805636,279.44672084,280.37805636,195.849849
2014-08-11,284.29942778,285.27977063,284.29942778,285.27977063,515.12590492
2014-08-12,285.27977063,285.27977063,280.37805636,285.27977063,540.62718734
2014-08-15,285.23076329,285.27977063,285.23076329,285.27977063,206.05036197
2014-08-19,285.13272901,287.24045634,285.13272901,286.94636329,10658.51600091
2014-08-22,280.47610045,287.04437796,280.47610045,286.99537063,560.00816198
2014-08-25,281.01526941,286.75028491,281.01526941,286.75028491,56.10282133
2014-08-26,284.7895992,285.37781472,284.7895992,285.27977063,1833.03218046
2014-08-27,284.54451349,288.07375757,284.54451349,288.07375757,748.7176519
2014-08-28,288.1227551,298.9065265,288.1227551,298.9065265,1252.62299255
2014-08-29,293.12251347,301.89659182,293.12251347,295.13220651,10391.26256113
2014-09-01,297.04388488,298.41635508,295.08319917,295.08319917,1262.82350552
2014-09-02,295.08319917,298.02422774,295.08319917,298.02422774,2064.58382485
2014-09-03,298.02422774,307.82765628,298.02422774,303.90628486,2729.6572704
2014-09-04,299.59278611,307.58257057,299.59278611,307.58257057,374.35882595
2014-09-05,304.88662772,307.82765628,302.04364324,307.82765628,542.66728993
2014-09-08,308.70995505,318.61142768,308.70995505,313.70971341,2318.57659777
2014-09-09,317.63108483,318.61142768,317.63108483,318.61142768,1682.06458853
2014-09-10,323.41509786,337.72811334,320.57211339,333.80674192,36592.30017233
2014-09-11,338.21828477,338.21828477,318.61142768,318.61142768,8081.86642504
2014-09-12,318.61142768,322.5327991,311.7490277,318.61142768,5659.24459499
2014-09-15,319.64077787,327.43451337,319.64077787,327.43451337,2.04010259
2014-09-16,320.67015748,326.40516318,320.67015748,326.40516318,116.28584784
2014-09-17,327.43451337,333.21852641,327.43451337,327.43451337,1224.06155623
2014-09-18,327.38550603,327.43451337,323.51314195,323.51314195,359.0580565
2014-09-19,320.57211339,331.35588479,320.57211339,331.35588479,3228.46235457
2014-09-23,333.3165705,334.29691335,332.97344069,334.29691335,4684.07555519
2014-09-24,334.49299172,334.49299172,324.68956318,332.33622764,1491.31499601
2014-09-25,325.62086929,333.3165705,325.57187175,333.12049212,229.51154179
2014-09-26,325.96399909,333.3165705,323.51314195,333.3165705,1616.78130553
2014-09-29,333.3165705,333.3165705,332.33622764,332.33622764,1183.25950436
2014-09-30,332.33622764,333.26756316,332.33622764,332.33622764,163.2082075
2014-10-01,328.51290031,333.3165705,328.51290031,333.3165705,598.77011126
2014-10-02,333.3165705,336.25759906,332.53230602,332.53230602,122.40615562
2014-10-03,333.3165705,343.11999904,333.3165705,343.11999904,53358.88333885
2014-10-07,334.9341264,343.11999904,334.9341264,343.11999904,92.82466801
2014-10-08,343.0709917,343.0709917,342.62982761,342.62982761,209.11051586
2014-10-09,338.21828477,348.02171331,336.25759906,343.36508475,43775.50140483
2014-10-10,346.55119903,355.86445615,345.32577046,352.92342758,15599.64448291
2014-10-13,353.41359901,357.82514186,352.92342758,352.97243492,33669.85320682
2014-10-14,352.92342758,357.82514186,352.92342758,357.82514186,7170.96061694
2014-10-15,354.88411329,361.69750593,354.88411329,358.80548471,1243.44253087
2014-10-16,358.80548471,358.80548471,357.82514186,357.82514186,166.26836139
2014-10-17,357.82514186,357.82514186,357.82514186,357.82514186,3382.49010039
2014-10-20,360.76617042,360.76617042,345.66890026,356.74675491,765.03847265
2014-10-21,348.31580636,356.69775738,348.02171331,354.00181453,16000.52464258
2014-10-22,352.92342758,352.92342758,349.98239902,352.92342758,1025.15155335
2014-10-23,352.97243492,358.80548471,352.97243492,352.97243492,2532.78737011
2014-10-24,353.90377044,357.82514186,353.90377044,354.88411329,32328.48575144
2014-10-27,353.21752064,358.80548471,352.92342758,356.844799,387.61949281
2014-10-28,352.92342758,356.844799,352.92342758,352.92342758,4232.19283068
2014-10-29,356.79579166,356.79579166,351.01174921,355.86445615,2105.38587672
2014-10-30,354.88411329,354.88411329,353.90377044,353.95277778,3966.9794935
2014-10-31,354.88411329,354.88411329,353.90377044,353.90377044,346.81744093
2014-11-03,351.15882025,351.15882025,350.96274188,350.96274188,277.45395275
2014-11-04,349.98239902,350.03140636,348.02171331,348.02171331,2053.36326058
2014-11-05,345.08068475,351.94308473,344.59051332,351.94308473,1186.31965825
2014-11-07,344.19838598,352.62933453,344.19838598,345.27676312,1112.87596488
2014-11-10,344.19838598,351.4529133,343.11999904,343.11999904,642.63231702
2014-11-11,341.15931333,344.10034189,341.15931333,343.11999904,637.53206054
2014-11-12,329.59127745,342.13965619,329.59127745,338.21828477,433.52180117
2014-11-13,339.19862762,340.62013456,335.2772562,340.62013456,1050.65283577
2014-11-14,331.45392888,340.17897048,331.45392888,333.3165705,1371.96899428
2014-11-17,338.21828477,338.21828477,338.21828477,338.21828477,10.20051297
2014-11-19,331.50292641,338.21828477,331.45392888,338.21828477,15.30076945
2014-11-20,330.86571336,338.16927743,330.66963499,338.16927743,127.50641211
2014-11-21,331.40489213,338.21828477,331.40489213,338.21828477,1085.33457986
2014-11-24,330.37554193,338.21828477,330.37554193,333.3165705,740.55724152
2014-11-25,333.3165705,333.36557784,333.3165705,333.3165705,293.7747735
2014-11-26,333.3165705,337.23794191,333.3165705,337.23794191,1959.51854127
2014-11-27,333.36557784,338.21828477,333.3165705,338.21828477,3002.01096666
2014-11-28,325.08170032,338.21828477,325.08170032,333.3165705,2694.97552631
2014-12-01,335.22824887,338.21828477,314.78810035,333.3165705,127.50641211
2014-12-02,323.51314195,333.3165705,317.77812645,333.3165705,843.5824225
2014-12-04,333.3165705,333.3165705,333.3165705,333.3165705,4080.20518745
2014-12-05,328.41485622,331.84605621,323.51314195,331.84605621,3044.85312113
2014-12-09,328.41485622,328.41485622,328.41485622,328.41485622,311.11564554
2014-12-10,328.41485622,328.41485622,308.70995505,327.9246848,7509.6176475
2014-12-12,309.78834199,323.41509786,308.90604322,321.55245624,397.82000578
2014-12-17,318.61142768,321.55245624,318.61142768,321.55245624,9.18046167
2014-12-18,321.55245624,321.55245624,321.55245624,321.55245624,528.38657177
2014-12-19,314.88613464,316.84682035,314.7390636,316.84682035,1026.17160464
2014-12-22,314.7390636,317.63108483,308.80799914,308.80799914,2891.8454266
2014-12-23,313.21954198,321.1603289,308.80799914,308.80799914,16.32082075
2014-12-24,297.14192897,319.49372645,297.14192897,319.49372645,418.22103171
2014-12-25,305.86697057,320.4740693,305.86697057,320.4740693,6.12030778
2014-12-26,306.94535752,320.08194196,306.84731343,313.70971341,4117.94708543
2014-12-29,320.4740693,321.35637787,320.4740693,321.35637787,5.10025648
2014-12-30,308.80799914,318.61142768,308.80799914,310.76868484,217.27092623
2014-12-31,325.42482032,325.47382766,307.87666362,308.80799914,16324.90095498
2015-01-02,313.70971341,323.02297052,310.81769218,323.02297052,25.50128242
2015-01-06,311.01377056,311.01377056,310.76868484,310.76868484,146.88738675
2015-01-07,310.76868484,323.51314195,310.76868484,323.51314195,527.36652048
2015-01-08,322.43475501,323.51314195,322.43475501,323.51314195,2539.92772919
2015-01-09,318.61142768,338.21828477,318.61142768,335.2772562,35238.69210139
2015-01-12,335.2772562,338.21828477,335.2772562,338.21828477,1611.68104904
2015-01-13,342.13965619,352.92342758,339.19862762,352.92342758,8572.51109883
2015-01-14,352.92342758,357.82514186,347.04137046,357.82514186,24947.39456735
2015-01-15,357.82514186,362.72685613,347.23744883,361.74651327,7132.19866766
2015-01-16,353.41359901,357.82514186,351.94308473,351.94308473,18363.9834974
2015-01-19,348.02171331,348.02171331,345.08068475,347.04137046,1804.47074415
2015-01-20,345.12969209,346.0610276,343.11999904,346.0610276,17409.21548354
2015-01-21,349.98239902,354.7860692,327.48352071,352.92342758,498.80508417
2015-01-22,338.21828477,352.72734921,338.21828477,352.72734921,3061.17394188
2015-01-23,334.44395498,350.71765616,334.44395498,342.13965619,9799.63280895
2015-01-26,345.57085618,345.57085618,345.57085618,345.57085618,12.24061556
2015-01-28,335.2772562,343.11999904,335.2772562,342.13965619,16308.58013423
2015-01-30,333.3165705,342.13965619,333.3165705,342.13965619,3973.09980128
2015-02-02,344.98264066,344.98264066,344.98264066,344.98264066,10.20051297
2015-02-03,335.37530029,343.11999904,331.35588479,341.06126924,402.92026226
2015-02-04,341.15931333,342.62982761,341.15931333,342.43374924,418.22103171
2015-02-05,344.93364312,344.93364312,344.93364312,344.93364312,10.20051297
2015-02-06,343.11999904,343.11999904,343.02195495,343.02195495,408.02051874
2015-02-09,335.2772562,338.21828477,329.5422407,338.21828477,2774.53952746
2015-02-10,342.87491333,342.87491333,335.76742763,335.76742763,4657.55422147
2015-02-11,341.15931333,343.16900638,341.15931333,343.11999904,22122.87252634
2015-02-12,343.0709917,343.0709917,333.61066355,336.89481211,617.1310346
2015-02-13,342.82590599,342.82590599,338.21828477,338.21828477,4289.3157033
2015-02-16,335.81643497,338.21828477,334.05182764,338.21828477,143.82723286
2015-02-18,334.29691335,338.12024068,333.41461458,338.12024068,7750.34975356
2015-02-19,338.21828477,344.98264066,338.21828477,343.11999904,22167.7547834
2015-02-20,338.36532639,347.04137046,338.36532639,347.04137046,2655.19352573
2015-02-23,346.94332637,346.94332637,338.31632886,340.17897048,1386.24971244
2015-02-24,346.94332637,346.94332637,336.25759906,337.23794191,1586.17976662
2015-02-25,336.25759906,339.19862762,335.2772562,339.19862762,273.37374756
2015-02-26,343.0709917,343.0709917,335.2772562,335.2772562,310.09559425
2015-02-27,334.39495744,343.11999904,334.29691335,343.11999904,822.16134527
2015-03-02,335.32626354,338.21828477,335.32626354,338.21828477,35.70179539
2015-03-03,338.21828477,340.6691419,338.21828477,338.21828477,2351.21823927
2015-03-04,340.6691419,340.6691419,340.6691419,340.6691419,3060.15389059
2015-03-05,343.02195495,344.00229781,339.24763496,343.11999904,18515.97114064
2015-03-06,344.00229781,344.00229781,340.6691419,343.16900638,455.9629297
2015-03-09,343.11999904,344.00229781,343.11999904,343.16900638,7400.47215873
2015-03-10,343.16900638,343.21804313,343.16900638,343.16900638,3009.15132574
2015-03-11,343.21804313,346.0610276,343.16900638,346.0610276,666.09349685
2015-03-12,343.16900638,364.68754184,343.16900638,362.67784879,16542.17188121
2015-03-13,341.35539171,348.02171331,335.2772562,335.32626354,24427.16840595
2015-03-16,339.19862762,339.19862762,339.19862762,339.19862762,92.82466801
2015-03-17,342.09064885,342.09064885,332.67935744,332.77739173,1545.37771475
2015-03-18,333.6597003,333.6597003,332.48326927,332.48326927,5727.58803188
2015-03-19,333.46361212,334.29691335,333.41461458,333.41461458,2556.24854994
2015-03-20,333.3165705,337.18893457,332.48326927,337.18893457,2716.39660354
2015-03-23,333.51264887,340.17897048,329.88537051,340.17897048,25.50128242
2015-03-25,329.98341459,340.17897048,329.39519908,340.17897048,9408.95316225
2015-03-26,338.21828477,338.21828477,332.33622764,332.33622764,14076.70789669
2015-03-27,340.03192885,340.17897048,338.21828477,340.17897048,1874.85428363
2015-03-31,333.51264887,333.51264887,333.41461458,333.41461458,81.60410375
2015-04-01,340.17897048,340.17897048,333.41461458,333.41461458,184.62928473
2015-04-03,327.63059174,327.63059174,325.66990604,325.66990604,277.45395275
2015-04-06,325.47382766,327.43451337,325.47382766,327.43451337,520.2261614
2015-04-07,325.47382766,325.57187175,325.47382766,325.57187175,185.64933603
2015-04-10,325.47382766,325.47382766,325.47382766,325.47382766,32.6416415
2015-04-13,328.36584888,328.36584888,328.36584888,328.36584888,30.60153891
2015-04-14,325.47382766,328.41485622,325.47382766,328.36584888,514.10585362
2015-04-15,325.66990604,333.3165705,325.66990604,333.3165705,41.82210317
2015-04-17,331.35588479,331.35588479,331.35588479,331.35588479,32.6416415
2015-04-21,327.14042032,327.14042032,326.94434194,326.94434194,790.53975507
2015-04-22,326.94434194,331.35588479,325.96399909,325.96399909,454.9428784
2015-04-23,326.45417052,328.41485622,325.66990604,325.66990604,2502.1858312
2015-04-24,328.41485622,328.41485622,328.41485622,328.41485622,102.00512969
2015-04-28,323.51314195,323.51314195,323.51314195,323.51314195,612.03077812
2015-04-29,326.45417052,326.45417052,326.45417052,326.45417052,2.04010259
2015-04-30,326.45417052,326.45417052,319.83685625,319.83685625,41.82210317
2015-05-05,321.06228482,327.43451337,321.06228482,327.43451337,7.14035908
2015-05-06,307.92570037,307.92570037,307.92570037,307.92570037,217.27092623
2015-05-07,323.51314195,323.51314195,307.0433918,307.33748485,526.34646918
2015-05-08,307.82765628,323.51314195,307.82765628,323.51314195,317.23595332
2015-05-12,313.70971341,313.70971341,313.70971341,313.70971341,197.88995159
2015-05-13,313.70971341,313.70971341,307.14140648,307.14140648,51.00256484
2015-05-14,323.02297052,323.02297052,323.02297052,323.02297052,51.00256484
2015-05-15,309.78834199,323.02297052,309.78834199,323.02297052,32.6416415
2015-05-18,310.27851342,318.61142768,309.10209219,309.29817056,2016.6414139
2015-05-19,310.18046933,320.57211339,310.08243504,320.57211339,64.2632317
2015-05-20,311.0627779,318.12125625,311.0627779,318.12125625,87.72441153
2015-05-21,310.27851342,310.27851342,309.29817056,309.29817056,1074.1140156
2015-05-22,309.83734933,318.51338359,309.78834199,311.79803504,747.6976006
2015-05-28,313.70971341,313.70971341,313.70971341,313.70971341,112.20564265
2015-05-29,308.85700648,308.85700648,308.85700648,308.85700648,714.0359078
2015-06-01,308.80799914,308.80799914,308.02373466,308.02373466,242.77220865
2015-06-02,310.76868484,311.7490277,310.76868484,311.7490277,1662.68361388
2015-06-03,307.09239914,307.14140648,305.08270609,305.08270609,221.35113142
2015-06-04,311.7490277,311.7490277,311.7490277,311.7490277,2040.10259372
2015-06-05,311.7490277,314.64104892,311.7490277,314.64104892,3080.55491652
2015-06-08,304.88662772,315.67039912,304.88662772,314.64104892,1721.8465891
2015-06-09,308.80799914,308.80799914,308.80799914,308.80799914,1040.4523228
2015-06-10,305.08270609,305.08270609,305.08270609,305.08270609,91.80461672
2015-06-16,305.13171343,305.86697057,303.90628486,304.00432895,1339.32735278
2015-06-17,304.00432895,304.00432895,303.90628486,303.90628486,40.80205187
2015-06-18,305.86697057,305.86697057,304.39645629,304.39645629,2139.04756952
2015-06-19,304.59253467,313.51363503,304.49450038,313.51363503,1818.7514623
2015-06-22,304.88662772,304.93563506,304.88662772,304.93563506,30.60153891
2015-06-23,305.86697057,305.86697057,304.88662772,304.88662772,2101.30567154
2015-06-24,304.88662772,304.88662772,304.88662772,304.88662772,30.60153891
2015-06-25,307.82765628,307.82765628,304.88662772,304.88662772,2502.1858312
2015-06-26,294.64203509,306.45518609,294.64203509,306.357142,1145.51760638
2015-06-29,305.86697057,307.82765628,305.86697057,307.82765628,1686.14479371
2015-06-30,307.82765628,309.78834199,306.84731343,309.78834199,1866.69387326
2015-07-01,306.84731343,306.84731343,306.84731343,306.84731343,279.49405534
2015-07-02,306.84731343,309.64130037,306.84731343,306.84731343,69.36348819
2015-07-03,306.84731343,306.84731343,306.84731343,306.84731343,38.76194928
2015-07-06,308.61192076,308.80799914,308.61192076,308.80799914,224.41128531
2015-07-07,306.84731343,307.82765628,299.49474202,299.49474202,1377.06925076
2015-07-08,308.80799914,308.80799914,308.80799914,308.80799914,205.03031067
2015-07-09,303.90628486,308.80799914,301.01426364,308.7589918,1295.46514701
2015-07-10,303.90628486,303.90628486,303.90628486,303.90628486,301.93518387
2015-07-13,303.90628486,303.90628486,299.49474202,303.90628486,1738.16740985
2015-07-14,303.90628486,303.90628486,300.03392079,303.85727752,3902.71626179
2015-07-15,303.90628486,303.90628486,299.34770039,303.90628486,10108.7083519
2015-07-16,304.88662772,304.88662772,304.15137058,304.88662772,1857.51341159
2015-07-20,304.88662772,306.84731343,303.90628486,306.84731343,1286.28468534
2015-07-21,303.90628486,305.86697057,303.90628486,305.86697057,53.04266744
2015-07-22,308.51390608,308.51390608,304.39645629,304.39645629,234.61179828
2015-07-23,304.88662772,306.25909791,304.88662772,306.25909791,109.14548876
2015-07-24,306.357142,306.357142,305.86697057,305.86697057,3013.23153093
2015-07-28,305.03366934,305.03366934,304.98467181,304.98467181,137.70692508
2015-07-29,304.98467181,304.98467181,299.98491345,300.9652563,139.74702767
2015-07-31,304.88662772,304.88662772,304.88662772,304.88662772,1.0200513
2015-08-03,304.88662772,304.88662772,304.88662772,304.88662772,1980.93961851
2015-08-04,305.86697057,307.82765628,305.86697057,307.82765628,6384.50106706
2015-08-05,307.82765628,308.80799914,305.91597791,308.80799914,4670.81488833
2015-08-06,306.0140122,306.84731343,305.86697057,305.86697057,3435.53276783
2015-08-07,306.84731343,306.94535752,305.13171343,306.94535752,6704.79717427
2015-08-10,308.80799914,308.80799914,308.80799914,308.80799914,61.20307781
2015-08-11,306.84731343,307.63157791,306.84731343,307.63157791,4032.2627765
2015-08-12,306.84731343,306.84731343,306.84731343,306.84731343,7.14035908
2015-08-13,307.82765628,307.82765628,304.88662772,304.88662772,308.05549165
2015-08-17,305.08270609,305.08270609,305.08270609,305.08270609,58.14292392
2015-08-18,305.18072077,305.18072077,305.18072077,305.18072077,20.40102594
2015-08-19,306.84731343,309.6902979,306.84731343,309.6902979,376.39892854
2015-08-25,306.84731343,306.84731343,305.96501466,305.96501466,75.48379597
2015-08-26,305.86697057,306.84731343,301.94559916,306.84731343,2438.9426508
2015-08-27,303.90628486,303.90628486,301.06330039,301.06330039,1022.09139946
2015-08-28,301.94559916,307.82765628,301.94559916,307.82765628,149.94754064
2015-09-01,295.18124326,306.79830609,295.18124326,298.02422774,480.44416082
2015-09-02,298.02422774,298.02422774,298.02422774,298.02422774,25.50128242
2015-09-03,299.98491345,299.98491345,299.00457059,299.00457059,132.60666859
2015-09-04,299.00457059,303.90628486,296.35763508,303.90628486,518.18605881
2015-09-07,287.87766939,298.95556325,287.87766939,290.42657062,1278.12427497
2015-09-08,298.02422774,298.02422774,289.39722042,289.39722042,51.00256484
2015-09-09,288.22079919,296.06354203,288.22079919,296.06354203,395.77990318
2015-09-10,296.06354203,296.06354203,296.06354203,296.06354203,2.04010259
2015-09-11,289.69131348,299.00457059,289.69131348,299.00457059,1123.07647784
2015-09-14,294.10285632,294.10285632,294.10285632,294.10285632,512.06575102
2015-09-15,290.37756328,290.37756328,290.37756328,290.37756328,60.18302651
2015-09-16,290.47557796,294.10285632,290.47557796,294.10285632,428.42154468
2015-09-17,290.47557796,294.10285632,290.47557796,294.10285632,1030.25180983
2015-09-18,290.1814849,293.12251347,276.45668494,293.12251347,857.86314066
2015-09-22,279.3977135,279.69180656,279.3977135,279.69180656,61.20307781
2015-09-23,293.12251347,293.12251347,293.12251347,293.12251347,1.0200513
2015-09-29,280.4270637,280.4270637,279.3977135,279.3977135,82.62415505
2015-10-02,284.29942778,284.29942778,284.29942778,284.29942778,102.00512969
2015-10-08,276.11355514,276.11355514,269.59428496,269.59428496,82.62415505
2015-10-09,277.92719922,284.29942778,270.57462781,282.33874207,807.88062711
2015-10-12,282.33874207,282.33874207,265.67291354,274.49599923,309.07554295
2015-10-13,269.59428496,269.59428496,269.59428496,269.59428496,134.64677119
2015-10-14,269.59428496,273.51565638,267.63359925,272.53531352,636.51200924
2015-10-16,266.6532564,272.53531352,266.6532564,272.53531352,1093.49499024
2015-10-19,266.94734945,269.59428496,257.04590623,269.59428496,1004.75052741
2015-10-20,269.49624087,269.59428496,269.49624087,269.59428496,608.97062423
2015-10-21,266.6532564,266.6532564,266.6532564,266.6532564,89.76451412
2015-10-23,266.6532564,282.33874207,266.6532564,282.33874207,204.01025937
2015-10-27,282.33874207,282.33874207,282.33874207,282.33874207,3060.15389059
2015-10-28,270.08445639,274.49599923,270.08445639,274.49599923,2596.03055051
2015-10-29,274.49599923,274.49599923,271.65301476,271.65301476,285.61436312
2015-10-30,287.92670614,287.92670614,287.92670614,287.92670614,542.66728993
2015-11-02,272.53531352,272.53531352,271.06479924,271.16284333,969.04873202
2015-11-03,272.53531352,272.53531352,272.53531352,272.53531352,20.40102594
2015-11-04,272.68235515,272.68235515,272.63335761,272.63335761,2356.31849575
2015-11-05,271.55497067,271.65301476,271.55497067,271.55497067,2450.16321506
2015-11-09,274.49599923,280.37805636,274.49599923,280.37805636,2205.35090382
2015-11-10,271.65301476,271.65301476,271.06479924,271.06479924,430.46164728
2015-11-11,271.60397801,275.47634209,271.55497067,271.55497067,4237.29308716
2015-11-12,270.96675515,270.96675515,269.59428496,270.57462781,2086.00490208
2015-11-13,269.59428496,269.59428496,269.59428496,269.59428496,20.40102594
2015-11-16,267.63359925,267.63359925,266.6532564,266.6532564,10920.6691842
2015-11-17,266.6532564,266.6532564,266.6532564,266.6532564,20.40102594
2015-11-20,264.69257069,269.59428496,264.69257069,269.59428496,183.60923344
2015-11-23,264.69257069,264.69257069,264.69257069,264.69257069,61.20307781
2015-11-24,269.49624087,269.49624087,269.49624087,269.49624087,10.20051297
2015-11-25,265.67291354,265.67291354,264.69257069,264.69257069,173.40872047
2015-11-26,263.3201005,263.3201005,263.3201005,263.3201005,12.24061556
2015-11-27,266.6532564,267.63359925,263.71222783,263.71222783,37850.02342136
2015-11-30,261.35941479,269.59428496,261.35941479,269.59428496,6325.33809184
2015-12-01,264.69257069,285.76994206,264.69257069,285.76994206,13512.61952953
2015-12-02,285.76994206,301.94559916,270.57462781,270.57462781,560088.74602963
2015-12-03,272.0451421,286.79929225,271.55497067,286.79929225,275.41385015
2015-12-04,288.22079919,288.22079919,288.22079919,288.22079919,306.01538906
2015-12-10,283.22104083,283.31908492,271.06479924,283.31908492,912.94591069
2015-12-11,271.55497067,280.7701837,266.35916334,274.49599923,3777.24995228
2015-12-15,264.69257069,264.69257069,264.69257069,264.69257069,306.01538906
2015-12-16,259.79085642,273.51565638,259.79085642,273.51565638,1732.04710207
2015-12-17,260.82020661,273.41761229,260.77119927,273.41761229,3107.07625024
2015-12-18,261.75154212,273.36861475,261.31037804,273.36861475,1111.85591358
2015-12-22,264.69257069,269.59428496,262.63384089,269.59428496,39905.42678453
2015-12-23,274.49599923,274.49599923,274.49599923,274.49599923,4080.20518745
2015-12-28,265.86899192,265.86899192,264.69257069,264.69257069,1655.54325481
2015-12-29,248.81101645,264.69257069,248.81101645,263.22205641,10442.26512598
2015-12-30,263.22205641,272.53531352,259.79085642,272.53531352,25808.3178619
2015-12-31,268.61394211,268.61394211,256.2126148,256.2126148,9824.11404008
2016-01-04,256.35965643,256.35965643,256.35965643,256.35965643,160.14805361
2016-01-06,257.19295766,257.19295766,257.19295766,257.19295766,8.16041037
2016-01-07,257.29099194,257.29099194,256.84982785,256.84982785,1472.95407267
2016-01-08,254.88914214,254.88914214,251.1638491,251.1638491,195.849849
2016-01-12,251.21285644,251.21285644,249.98742787,249.98742787,292.7547222
2016-01-13,249.98742787,250.08547196,247.43852665,247.43852665,185.64933603
2016-01-15,250.08547196,250.08547196,247.04639931,247.1444434,7353.54979908
2016-01-18,248.02674216,248.02674216,247.04639931,247.04639931,573.26882884
2016-01-19,248.02674216,248.02674216,247.09541645,247.09541645,1396.4502254
2016-01-20,247.24246788,248.02674216,247.04639931,247.04639931,3172.35953324
2016-01-21,247.04639931,247.09541645,242.34075361,242.34075361,3427.37235746
2016-01-22,245.0857136,247.04639931,245.0857136,246.99738217,182.58918214
2016-01-25,246.55622788,246.55622788,243.32109646,245.0857136,561.02821327
2016-01-26,245.0857136,245.0857136,245.0857136,245.0857136,4081.22523874
2016-01-27,245.0857136,245.0857136,242.34075361,242.34075361,259.0930294
2016-01-29,238.41938219,238.41938219,238.32135771,238.32135771,52.02261614
2016-02-01,236.26262791,240.18399933,224.05735937,239.98793076,11174.66195712
2016-02-02,226.45919937,235.28228506,226.45919937,232.34125649,2220.65167327
2016-02-03,230.6256565,230.6256565,218.8125251,218.8125251,2494.02542083
2016-02-04,220.57714224,228.9100565,220.57714224,228.9100565,102.00512969
2016-02-05,230.38057078,235.28228506,230.38057078,235.28228506,15157.96227137
2016-02-08,222.63587204,230.38057078,222.63587204,225.47885651,6452.84450395
2016-02-09,225.52787365,230.38057078,225.47885651,230.38057078,13342.27096295
2016-02-10,231.36091364,240.18399933,231.36091364,240.18399933,4628.99278516
2016-02-11,240.18399933,241.16434218,235.3313022,241.16434218,6283.51598867
2016-02-12,249.98742787,255.62439928,241.65451361,255.62439928,1011.89088649
2016-02-16,244.10537075,253.71272092,244.10537075,245.28178217,1305.66565998
2016-02-17,251.94811358,257.83017071,245.13473074,257.83017071,15418.07535207
2016-02-18,245.33079931,254.69306377,245.33079931,254.69306377,10.20051297
2016-02-19,247.04639931,247.04639931,247.04639931,247.04639931,518.18605881
2016-02-23,253.8107552,253.8107552,246.1150736,252.92845644,15240.58642641
2016-02-24,246.40918626,252.83041235,246.36015931,249.98742787,533.48682826
2016-02-25,249.98742787,250.96777073,249.98742787,249.98742787,5531.73818288
2016-02-26,247.04639931,253.90879929,247.04639931,253.90879929,7042.43415353
2016-02-29,247.04639931,247.04639931,247.04639931,247.04639931,6120.30778117
2016-03-01,247.04639931,247.04639931,246.75229645,246.75229645,350.89764612
2016-03-02,249.00708502,249.98742787,249.00708502,249.98742787,6289.63629645
2016-03-03,247.04639931,247.04639931,247.04639931,247.04639931,32.6416415
2016-03-04,253.90879929,253.90879929,253.90879929,253.90879929,102.00512969
2016-03-07,248.02674216,249.00708502,248.02674216,249.00708502,1757.54838449
2016-03-08,249.00708502,251.94811358,249.00708502,249.00708502,5184.92074195
2016-03-10,248.56593073,248.56593073,248.51691359,248.51691359,81.60410375
2016-03-11,254.88914214,264.69257069,254.88914214,261.75154212,66153.38675538
2016-03-14,259.93789804,261.75154212,254.88914214,254.88914214,465.14339137
2016-03-15,251.26186378,260.67315518,247.04639931,254.88914214,306.01538906
2016-03-16,250.96777073,258.81051356,250.96777073,258.71246947,351.91769742
2016-03-17,251.94811358,252.92845644,251.94811358,252.92845644,969.04873202
2016-03-18,251.55598624,264.69257069,251.45794215,263.61418374,205744.34657704
2016-03-21,262.73188498,268.61394211,258.81051356,268.61394211,2274.714392
2016-03-22,268.56493477,268.56493477,264.69257069,264.69257069,2333.87736722
2016-03-23,263.71222783,267.14342782,261.9476205,262.24171355,19607.42602828
2016-03-24,264.49649231,264.69257069,261.75154212,264.69257069,2143.12777471
2016-03-25,264.69257069,274.49599923,264.64356335,274.49599923,33466.86299874
2016-03-28,272.48630618,274.49599923,261.06529232,261.35941479,236477.47210019
2016-03-29,270.57462781,270.57462781,262.73188498,264.69257069,8232.83401697
2016-03-30,264.69257069,270.57462781,256.89883519,264.69257069,821.14129397
2016-03-31,259.79085642,259.79085642,259.79085642,259.79085642,1020.05129686
2016-04-01,263.71222783,263.71222783,254.88914214,254.88914214,1828.95197527
2016-04-04,254.88914214,262.73188498,248.66395522,262.73188498,6609.93240367
2016-04-05,262.73188498,262.73188498,250.4775993,250.4775993,9195.76244121
2016-04-06,264.69257069,264.69257069,264.5945266,264.69257069,31668.51256237
2016-04-07,264.69257069,267.63359925,258.32034213,267.63359925,13345.33111684
2016-04-08,259.83986376,264.69257069,259.79085642,259.79085642,168.30846398
2016-04-11,264.69257069,264.69257069,264.69257069,264.69257069,73.44369337
2016-04-12,264.5945266,264.5945266,260.77119927,260.77119927,10207.6533277
2016-04-14,260.77119927,260.77119927,259.83986376,260.77119927,250.93261903
2016-04-15,259.83986376,260.77119927,259.83986376,260.77119927,774.21893432
2016-04-18,259.83986376,264.20239926,259.83986376,264.20239926,609.99067552
2016-04-20,261.80054946,261.80054946,261.80054946,261.80054946,35.70179539
2016-04-21,264.69257069,264.69257069,261.80054946,263.71222783,4407.64165374
2016-04-22,263.76123517,264.69257069,263.76123517,263.76123517,921.10632107
2016-04-25,258.81051356,258.81051356,258.81051356,258.81051356,214.21077234
2016-04-26,264.49649231,264.49649231,258.81051356,258.81051356,7.14035908
2016-04-27,258.8595209,262.73188498,258.8595209,262.73188498,4169.96970157
2016-04-28,260.77119927,269.59428496,260.77119927,269.59428496,31829.68066728
2016-04-29,269.59428496,274.44699189,265.86899192,270.08445639,18481.28939654
2016-05-04,274.29992086,274.29992086,266.35916334,266.6532564,105.06528358
2016-05-05,274.29992086,282.63283512,272.53531352,282.33874207,42381.09128202
2016-05-06,282.33874207,284.29942778,280.37805636,280.37805636,2562.36885772
2016-05-09,274.69207761,282.24069798,272.53531352,282.24069798,918.04616718
2016-05-10,275.47634209,281.35839921,274.79009228,274.79009228,630.39170146
2016-05-11,274.64304086,282.33874207,274.64304086,282.33874207,1954.41828479
2016-05-12,274.64304086,281.35839921,267.73164334,281.30939187,1398.490328
2016-05-13,280.86822779,280.86822779,272.53531352,274.49599923,10596.2928718
2016-05-17,268.61394211,270.57462781,268.61394211,270.57462781,7903.35744809
2016-05-18,268.66294944,268.66294944,268.61394211,268.61394211,153.00769453
2016-05-20,277.4370278,277.4370278,277.4370278,277.4370278,408.02051874
2016-05-23,274.49599923,274.49599923,274.49599923,274.49599923,24814.78789876
2016-05-24,274.44699189,274.49599923,274.44699189,274.49599923,10608.53348736
2016-05-25,270.18250048,278.31932656,270.18250048,278.31932656,154.02774583
2016-05-26,271.55497067,271.55497067,271.55497067,271.55497067,1020.05129686
2016-05-27,269.59428496,274.0058278,269.59428496,274.0058278,1480.09443175
2016-05-31,269.59428496,270.57462781,266.9963862,269.6432923,6119.28772987
2016-06-01,269.59428496,269.59428496,269.59428496,269.59428496,1646.36279314
2016-06-02,267.73164334,267.73164334,267.63359925,267.63359925,40.80205187
2016-06-03,269.59428496,274.29992086,269.54527762,274.29992086,1584.13966403
2016-06-06,268.02572659,274.25091352,268.02572659,274.25091352,13.26066686
2016-06-07,268.22181477,269.69232905,268.22181477,269.69232905,255.01282422
2016-06-08,269.69232905,270.08445639,269.6432923,270.08445639,404.96036485
2016-06-10,268.17277802,274.20190618,268.17277802,274.20190618,112.20564265
2016-06-14,269.59428496,269.59428496,269.10411353,269.10411353,3438.59292172
2016-06-16,270.57462781,270.57462781,270.57462781,270.57462781,20.40102594
2016-06-17,270.57462781,270.57462781,269.10411353,269.10411353,112.20564265
2016-06-20,268.61394211,273.90778372,268.61394211,273.90778372,1032.29191242
2016-06-21,273.51565638,273.51565638,269.69232905,269.69232905,40.80205187
2016-06-22,268.71198619,268.71198619,268.71198619,268.71198619,5.10025648
2016-06-23,268.07476334,268.07476334,266.6532564,266.6532564,354.97785131
2016-06-24,266.75130049,266.75130049,266.6532564,266.6532564,2762.2989119
2016-06-27,267.53555516,267.53555516,254.05584091,259.79085642,427324.98953786
2016-06-30,254.98718623,264.69257069,254.10487766,264.69257069,3054.0335828
2016-07-01,254.59504909,263.71222783,254.59504909,263.71222783,142.80718156
2016-07-11,255.869485,255.869485,255.23227195,255.33030623,394.75985189
2016-07-12,255.37931357,255.37931357,254.93814948,254.93814948,510.02564843
2016-07-13,263.66322049,263.66322049,259.79085642,259.79085642,5125.75776673
2016-07-14,259.79085642,260.37907193,259.79085642,260.37907193,5865.29495696
2016-07-15,255.96752909,263.61418374,255.08522052,263.61418374,5551.11915752
2016-07-18,266.06504088,266.06504088,266.06504088,266.06504088,6.12030778
2016-07-19,261.75154212,265.57486945,261.75154212,265.57486945,17683.6092824
2016-07-20,264.69257069,264.69257069,261.75154212,261.75154212,10210.71348159
2016-07-21,260.77119927,264.30044335,258.81051356,264.30044335,1443.37258506
2016-07-22,258.81051356,264.10435517,256.06556337,264.10435517,652.83282999
2016-07-25,256.65374948,256.65374948,256.65374948,256.65374948,25.50128242
2016-07-26,263.22205641,263.22205641,256.35965643,263.17304907,689.55467668
2016-07-27,256.45770051,261.75154212,254.98718623,261.75154212,7498.39708323
2016-07-28,261.75154212,261.75154212,261.75154212,261.75154212,408.02051874
2016-07-29,261.75154212,269.59428496,256.84982785,269.59428496,184942.44048014
2016-08-01,273.51565638,273.51565638,273.41761229,273.41761229,32.6416415
2016-08-02,269.59428496,269.59428496,269.59428496,269.59428496,1734.08720467
2016-08-03,268.12377068,268.61394211,268.12377068,268.61394211,1867.71392455
2016-08-04,261.75154212,268.12377068,261.75154212,268.12377068,1785.08976951
2016-08-05,267.63359925,267.63359925,267.63359925,267.63359925,2463.42388192
2016-08-09,268.56493477,269.59428496,264.69257069,269.59428496,53020.22630829
2016-08-10,269.59428496,269.59428496,264.69257069,264.69257069,2373.6593678
2016-08-12,269.49624087,269.49624087,269.49624087,269.49624087,6.12030778
2016-08-15,265.67291354,265.86899192,265.67291354,265.77095763,167.28841269
2016-08-16,268.61394211,268.61394211,265.77095763,265.77095763,534.50687956
2016-08-17,268.61394211,268.61394211,265.91799926,266.6532564,8388.90186539
2016-08-18,266.6532564,269.30019191,266.6532564,269.30019191,82.62415505
2016-08-19,266.6532564,266.6532564,264.69257069,264.69257069,1632.08207498
2016-08-22,265.67291354,265.67291354,264.74157803,264.74157803,214.21077234
2016-08-23,265.18274212,265.18274212,265.18274212,265.18274212,30.60153891
2016-08-24,265.2807862,265.2807862,265.18274212,265.18274212,81.60410375
2016-08-25,268.61394211,269.59428496,268.61394211,269.59428496,5100.25648431
2016-08-26,269.59428496,269.59428496,269.39820659,269.59428496,3779.29005487
2016-08-30,268.61394211,268.61394211,268.61394211,268.61394211,510.02564843
2016-08-31,269.59428496,272.43726943,269.59428496,272.43726943,5015.59222667
2016-09-01,269.74132658,269.74132658,269.59428496,269.59428496,339.67708186
2016-09-02,269.59428496,269.59428496,269.59428496,269.59428496,756.87806227
2016-09-05,269.49624087,269.49624087,269.49624087,269.49624087,5.10025648
2016-09-07,266.6532564,266.6532564,266.6532564,266.6532564,76.50384726
2016-09-08,269.59428496,274.49599923,269.59428496,274.49599923,8558.23038067
2016-09-09,269.59428496,276.4076776,266.6532564,276.4076776,944.56750089
2016-09-15,276.4076776,277.4370278,276.4076776,277.4370278,102.00512969
2016-09-16,266.6532564,266.6532564,266.6532564,266.6532564,1632.08207498
2016-09-20,266.70226374,266.70226374,266.70226374,266.70226374,71.40359078
2016-09-21,266.80029802,266.80029802,264.88864906,264.88864906,306.01538906
2016-09-23,265.86899192,265.86899192,265.67291354,265.67291354,129.5465147
2016-09-26,265.77095763,265.77095763,265.77095763,265.77095763,15.30076945
2016-09-27,266.45717802,266.45717802,266.45717802,266.45717802,40.80205187
2016-09-29,266.26112906,266.26112906,266.26112906,266.26112906,10.20051297
2016-09-30,269.59428496,269.59428496,266.6532564,266.6532564,1320.96642944
2016-10-04,269.59428496,269.59428496,266.75130049,269.59428496,75.48379597
2016-10-05,266.75130049,266.75130049,266.6532564,266.6532564,471.26369915
2016-10-06,269.59428496,269.59428496,266.6532564,266.70226374,12362.00166667
2016-10-07,266.6532564,266.6532564,257.83017071,263.61418374,2483.82490786
2016-10-10,269.59428496,269.59428496,264.69257069,264.69257069,2045.20285021
2016-10-11,264.69257069,264.69257069,261.75154212,261.75154212,2944.88809404
2016-10-12,264.5945266,264.5945266,261.75154212,261.75154212,363.13826168
2016-10-13,261.84958621,261.84958621,261.75154212,261.75154212,234.61179828
2016-10-14,261.75154212,261.75154212,261.75154212,261.75154212,1264.86360811
2016-10-17,261.75154212,261.75154212,256.84982785,257.83017071,1478.05432915
2016-10-18,257.83017071,258.22229805,254.88914214,254.88914214,17563.24322937
2016-10-19,255.28126948,255.28126948,254.88914214,254.88914214,11567.38170641
2016-10-21,254.98718623,254.98718623,254.88914214,254.88914214,1601.48053607
2016-10-24,254.88914214,254.93814948,254.88914214,254.88914214,238.69200347
2016-10-25,255.08522052,255.08522052,254.88914214,255.03618377,7297.44697775
2016-10-26,255.869485,257.83017071,255.1832352,255.1832352,85.68430894
2016-10-27,255.96752909,257.83017071,255.869485,257.83017071,268.27349107
2016-10-28,255.91849234,258.02624908,255.91849234,255.96752909,8589.85197087
2016-10-31,257.83017071,261.65349804,257.83017071,261.65349804,4302.57637016
2016-11-01,256.89883519,257.97721233,256.89883519,257.9282148,133.62671989
2016-11-02,258.32034213,268.51589802,258.32034213,260.08494947,1514.77617584
2016-11-03,260.96727764,266.50621477,260.96727764,266.50621477,85.68430894
2016-11-08,266.50621477,266.50621477,262.73188498,262.82992907,22.44112853
2016-11-09,262.82992907,262.82992907,257.83017071,262.24171355,1037.39216891
2016-11-10,264.69257069,264.69257069,259.93789804,262.73188498,1432.15202079
2016-11-11,264.69257069,267.63359925,264.69257069,264.69257069,10444.30522857
2016-11-14,264.69257069,268.51589802,263.27106375,268.51589802,218.29097753
2016-11-15,264.69257069,269.59428496,264.69257069,269.59428496,21263.98933438
2016-11-16,264.74157803,265.37882049,264.74157803,265.37882049,112.20564265
2016-11-17,269.59428496,269.59428496,269.59428496,269.59428496,260.1130807
2016-11-21,269.59428496,269.59428496,269.59428496,269.59428496,102.00512969
2016-11-22,267.63359925,267.63359925,267.63359925,267.63359925,538.58708474
2016-11-23,265.67291354,265.81995517,265.67291354,265.67291354,580.40918791
2016-11-24,269.30019191,270.57462781,268.61394211,269.59428496,730.35672855
2016-11-25,269.59428496,277.48603513,269.59428496,277.48603513,20741.72307039
2016-11-28,279.29966942,294.10285632,278.41737065,292.14217061,24347.6044048
2016-11-29,289.00506367,289.00506367,282.33874207,284.29942778,17283.74917403
2016-11-30,284.29942778,284.29942778,282.43678616,284.29942778,36217.94134638
2016-12-01,282.33874207,288.71097062,282.33874207,284.29942778,2741.89788596
2016-12-02,281.35839921,284.29942778,281.35839921,284.29942778,31387.99845574
2016-12-05,284.29942778,284.29942778,280.86822779,284.29942778,15624.12571403
2016-12-06,281.55447759,284.29942778,281.55447759,284.29942778,4708.55678631
2016-12-07,284.29942778,284.29942778,284.29942778,284.29942778,4624.91257997
2016-12-08,284.29942778,287.24045634,284.29942778,284.29942778,8119.60832302
2016-12-09,287.24045634,303.90628486,287.24045634,299.00457059,92845.06904037
2016-12-14,303.90628486,304.88662772,299.00457059,304.88662772,9306.94803257
2016-12-15,305.86697057,310.76868484,303.90628486,310.27851342,9744.55003892
2016-12-16,310.27851342,318.61142768,310.27851342,315.67039912,16564.61300974
2016-12-19,315.18022769,328.41485622,315.18022769,328.41485622,33332.21622756
2016-12-20,323.51314195,323.51314195,315.37630606,316.16057054,18927.05181327
2016-12-21,315.67039912,315.67039912,305.86697057,305.91597791,24073.21060594
2016-12-22,313.70971341,315.18022769,313.70971341,314.69005626,11738.75032429
2016-12-23,313.70971341,317.63108483,313.70971341,313.70971341,140257.05331851
2016-12-26,313.90579178,316.4546636,309.29817056,309.29817056,2006.44090093
2016-12-27,298.02422774,306.84731343,298.02422774,306.84731343,7156.67989878
2016-12-28,306.84731343,306.84731343,302.92594201,303.90628486,188.70948992
2016-12-29,303.90628486,303.90628486,299.00457059,299.00457059,12835.30546841
2016-12-30,299.10261468,303.90628486,294.10285632,294.10285632,45601.39322621
2017-01-03,295.18124326,303.90628486,294.10285632,303.90628486,353.95780001
2017-01-04,296.06354203,303.90628486,296.06354203,299.39669793,37211.47130952
2017-01-05,301.45542773,308.80799914,300.13195507,304.88662772,15215.08514399
2017-01-06,313.70971341,323.51314195,313.70971341,318.61142768,131494.81267847
2017-01-09,315.67039912,324.49348481,315.67039912,323.51314195,7808.49267748
2017-01-10,325.27774929,328.41485622,323.51314195,323.70922033,38697.68604905
2017-01-12,327.82664071,331.35588479,322.5327991,328.41485622,3188.68035399
2017-01-13,328.80698356,330.76766927,318.61142768,323.51314195,3580.38005199
2017-01-16,318.70947177,321.55245624,313.70971341,313.70971341,7126.07835988
2017-01-17,310.76868484,310.76868484,304.88662772,304.88662772,3924.13733903
2017-01-18,305.86697057,312.72937055,301.94559916,312.48428484,7898.2571916
2017-01-19,312.53329218,328.41485622,305.42580648,328.41485622,3884.35533845
2017-01-20,323.51314195,326.45417052,314.19988484,323.51314195,6905.74727975
2017-01-24,323.41509786,323.41509786,313.70971341,318.46438606,1184.27955566
2017-01-25,318.61142768,318.61142768,313.70971341,313.70971341,26768.18613225
2017-01-26,323.02297052,323.02297052,309.00407751,322.5327991,3094.83563468
2017-01-27,318.61142768,321.74853462,318.61142768,321.74853462,2713.33644965
2017-01-30,309.78834199,318.61142768,309.78834199,312.72937055,1986.03987499
2017-01-31,318.51338359,318.51338359,308.80799914,317.63108483,770.13872913
2017-02-02,308.80799914,316.60173463,308.80799914,315.67039912,694.65493316
2017-02-03,313.70971341,313.70971341,313.70971341,313.70971341,2565.42901161
2017-02-06,312.72937055,312.72937055,305.86697057,305.86697057,3672.1846687
2017-02-07,306.84731343,312.63132646,306.84731343,312.63132646,696.69503576
2017-02-08,306.89632077,306.89632077,306.89632077,306.89632077,2.04010259
2017-02-09,307.43552894,312.72937055,307.43552894,312.72937055,210.13056715
2017-02-10,309.98442036,313.51363503,309.88638608,313.51363503,851.74283288
2017-02-13,311.7490277,311.7490277,311.7490277,311.7490277,3121.3569684
2017-02-14,312.72937055,312.72937055,307.68061466,310.76868484,7987.00165443
2017-02-15,310.76868484,310.76868484,307.82765628,310.76868484,321.31615851
2017-02-16,310.76868484,311.7490277,307.92570037,311.7490277,913.96596199
2017-02-17,309.29817056,313.51363503,309.29817056,313.51363503,479.42410953
2017-02-20,309.29817056,309.29817056,309.29817056,309.29817056,90.78456542
2017-02-21,313.70971341,321.69949787,313.70971341,321.69949787,362.11821039
2017-02-22,312.53329218,312.53329218,307.72961219,307.72961219,2383.85988077
2017-02-23,307.68061466,307.68061466,304.00432895,306.84731343,1754.4882306
2017-02-24,303.90628486,303.90628486,298.22030611,303.90628486,12660.87669665
2017-02-27,299.98491345,299.98491345,299.98491345,299.98491345,1795.29028248
2017-02-28,300.9652563,308.80799914,300.9652563,307.82765628,34.68174409
2017-03-02,300.9652563,300.9652563,299.10261468,300.52409221,1700.42551187
2017-03-03,300.9652563,303.90628486,300.9652563,303.90628486,172.38866917
2017-03-06,303.90628486,305.86697057,301.06330039,305.86697057,51078.04863906
2017-03-07,307.82765628,309.78834199,307.82765628,309.78834199,45.90230836
2017-03-09,304.15137058,304.15137058,304.15137058,304.15137058,1.0200513
2017-03-10,304.15137058,312.23919913,303.90628486,311.70002036,8421.54350689
2017-03-13,307.82765628,310.76868484,307.82765628,310.76868484,10183.17209657
2017-03-14,304.00432895,310.67064076,303.9552922,310.67064076,365.17836428
2017-03-15,311.65098361,311.65098361,311.65098361,311.65098361,10710.53861705
2017-03-16,304.93563506,311.0627779,304.88662772,311.0627779,386.59944151
2017-03-17,312.23919913,312.23919913,312.23919913,312.23919913,2550.12824215
2017-03-20,307.82765628,307.82765628,307.82765628,307.82765628,219.31102883
2017-03-21,304.05332649,310.76868484,304.05332649,310.76868484,1069.01375911
2017-03-22,305.86697057,310.76868484,301.45542773,310.76868484,1131.23688822
2017-03-23,310.76868484,310.76868484,303.90628486,308.80799914,30237.38059288
2017-03-24,303.9552922,310.76868484,303.9552922,310.76868484,3061.17394188
2017-03-27,310.67064076,310.67064076,310.67064076,310.67064076,204.01025937
2017-03-28,309.78834199,309.78834199,303.90628486,309.78834199,6516.08768435
2017-03-29,305.86697057,309.73933465,303.41611344,309.73933465,630.39170146
2017-03-30,304.15137058,309.64130037,304.10236324,309.64130037,62.22312911
2017-03-31,304.10236324,310.18046933,304.10236324,310.18046933,163.2082075
2017-04-03,304.10236324,309.78834199,303.0239861,309.78834199,1180.19935047
2017-04-06,304.00432895,308.80799914,303.41611344,308.80799914,1295.46514701
2017-04-07,308.80799914,308.80799914,308.80799914,308.80799914,612.03077812
2017-04-10,303.41611344,303.41611344,303.41611344,303.41611344,392.71974929
2017-04-11,303.46512078,303.46512078,303.46512078,303.46512078,204.01025937
2017-04-12,303.90628486,308.80799914,303.90628486,308.80799914,9.18046167
2017-04-13,303.9552922,308.7589918,303.9552922,308.7589918,28.56143631
2017-04-14,304.00432895,307.77864894,304.00432895,304.2984122,618.1510859
2017-04-18,304.54349792,304.69054934,304.54349792,304.69054934,40.80205187
2017-04-19,304.88662772,304.88662772,304.69054934,304.78858363,310.09559425
2017-04-20,307.77864894,308.80799914,305.76892648,305.76892648,1641.26253665
2017-04-21,305.96501466,308.80799914,305.96501466,308.80799914,5927.51808606
2017-04-25,309.73933465,309.78834199,309.73933465,309.78834199,25.50128242
2017-04-27,305.91597791,309.78834199,305.91597791,309.78834199,93.84471931
2017-04-28,309.78834199,309.78834199,309.78834199,309.78834199,33.6616928
2017-05-02,310.27851342,313.17053464,310.27851342,310.27851342,18887.26981269
2017-05-03,310.27851342,312.58232893,310.27851342,312.58232893,2172.70926232
2017-05-04,313.12149789,313.70971341,310.76868484,310.76868484,1552.51807382
2017-05-05,317.63108483,317.63108483,312.72937055,312.72937055,4299.51621627
2017-05-08,311.20984893,321.55245624,311.16081218,321.55245624,4050.62369984
2017-05-09,315.67039912,318.56242034,315.67039912,315.67039912,20405.10614243
2017-05-10,318.46438606,318.46438606,318.46438606,318.46438606,56.10282133
2017-05-11,315.67039912,317.53304074,315.67039912,317.53304074,12.24061556
2017-05-12,315.67039912,318.51338359,315.67039912,318.51338359,4080.20518745
2017-05-15,318.61142768,318.61142768,315.67039912,315.67039912,5113.51715117
2017-05-16,313.70971341,318.41534931,313.70971341,318.41534931,1238.34227439
2017-05-19,315.67039912,317.92517788,310.27851342,317.92517788,754.83795968
2017-05-23,311.30786361,311.35690036,311.30786361,311.35690036,5219.60248604
2017-05-24,317.1409134,317.1409134,317.1409134,317.1409134,51.00256484
2017-05-25,311.94510607,311.94510607,311.84707179,311.84707179,56.10282133
2017-05-26,311.99411341,311.99411341,308.80799914,308.80799914,5100.25648431
2017-05-29,305.86697057,305.86697057,305.86697057,305.86697057,25.50128242
2017-05-30,313.61166932,313.61166932,311.7490277,311.7490277,2.04010259
2017-05-31,311.25885627,311.25885627,311.25885627,311.25885627,40.80205187
2017-06-02,308.80799914,310.81769218,308.80799914,310.81769218,3446.7533321
2017-06-06,308.80799914,312.53329218,308.80799914,312.53329218,407.00046745
2017-06-07,310.76868484,313.70971341,310.76868484,310.76868484,469.22359656
2017-06-08,307.14140648,313.61166932,307.14140648,312.23919913,44474.23654318
2017-06-09,312.23919913,312.23919913,312.23919913,312.23919913,353.95780001
2017-06-12,309.78834199,312.72937055,309.78834199,312.72937055,20.40102594
2017-06-13,312.72937055,312.72937055,311.25885627,311.25885627,22442.14858226
2017-06-14,312.72937055,312.72937055,309.78834199,309.78834199,1302.60550609
2017-06-16,312.72937055,312.72937055,310.0334277,310.0334277,1051.67288706
2017-06-19,312.72937055,312.72937055,312.72937055,312.72937055,12.24061556
2017-06-20,311.7490277,317.63108483,311.7490277,317.1409134,1847.31289862
2017-06-21,312.82741464,312.82741464,311.89606932,312.53329218,5220.62253734
2017-06-22,318.61142768,323.51314195,318.61142768,323.51314195,35580.40928584
2017-06-23,323.51314195,323.51314195,323.51314195,323.51314195,114.24574525
2017-06-28,310.76868484,313.70971341,308.80799914,308.80799914,2476.68454878
2017-06-29,308.80799914,309.29817056,308.80799914,309.29817056,2373.6593678
2017-06-30,309.49424894,310.76868484,307.82765628,307.82765628,5080.87550967
2017-07-03,300.9652563,311.7490277,300.9652563,311.7490277,576.32898273
2017-07-04,305.47484323,308.80799914,304.88662772,308.80799914,266.23338848
2017-07-05,305.96501466,305.96501466,305.37679915,305.37679915,102.00512969
2017-07-06,305.47484323,305.47484323,305.47484323,305.47484323,20.40102594
2017-07-07,308.80799914,308.80799914,308.80799914,308.80799914,2816.36163064
2017-07-10,308.80799914,308.80799914,306.06304895,306.11205629,1435.21217468
2017-07-11,306.84731343,306.99435505,306.84731343,306.84731343,275.41385015
2017-07-12,307.09239914,307.14140648,305.86697057,305.86697057,668.13359944
2017-07-13,305.57287752,305.62188486,303.9552922,304.88662772,1901.37561735
2017-07-14,304.88662772,311.7490277,304.88662772,311.7490277,3071.37445485
2017-07-18,305.37679915,308.80799914,305.37679915,305.6708922,3788.47051655
2017-07-20,310.67064076,310.71967751,310.67064076,310.71967751,155.04779712
2017-07-21,305.86697057,306.11205629,305.86697057,306.11205629,222.37118272
2017-07-24,306.06304895,306.06304895,306.06304895,306.06304895,51.00256484
2017-07-25,306.11205629,307.33748485,305.6708922,307.33748485,10652.39569313
2017-07-26,306.89632077,306.89632077,306.89632077,306.89632077,2485.86501045
2017-07-27,306.357142,306.357142,306.16106363,306.16106363,215.23082364
2017-07-28,306.25909791,306.25909791,303.90628486,304.88662772,10732.97974558
2017-07-31,304.00432895,304.00432895,301.94559916,301.94559916,127.50641211
2017-08-01,301.94559916,301.94559916,294.34794203,294.34794203,1970.73910554
2017-08-02,296.06354203,303.80824078,296.06354203,299.00457059,4903.38658402
2017-08-03,284.29942778,294.10285632,280.37805636,286.26011348,73222.34224264
2017-08-04,286.26011348,286.26011348,286.26011348,286.26011348,81.60410375
2017-08-08,289.25014939,294.10285632,289.25014939,294.10285632,205.03031067
2017-08-09,294.10285632,299.93590611,294.10285632,299.49474202,20419.38686058
2017-08-10,299.00457059,299.00457059,294.10285632,294.10285632,999.65027092
2017-08-15,292.2402147,299.00457059,292.2402147,299.00457059,35.70179539
2017-08-16,292.14217061,294.10285632,292.14217061,294.10285632,1255.68314644
2017-08-17,294.10285632,298.02422774,294.10285632,294.10285632,2621.53183294
2017-08-23,292.14217061,292.14217061,292.14217061,292.14217061,10.20051297
2017-08-24,294.00481223,294.00481223,290.23049224,290.23049224,230.53159309
2017-08-25,293.12251347,293.12251347,290.72066367,290.72066367,415.16087782
2017-08-28,290.1814849,294.10285632,287.24045634,294.10285632,6252.91444976
2017-08-29,292.14217061,292.14217061,287.73062777,287.73062777,125.46630951
2017-08-30,287.82867186,289.20114205,287.68162043,287.82867186,156.06784842
2017-08-31,288.31884328,293.85777061,288.31884328,288.31884328,18562.89350029
2017-09-04,293.12251347,293.12251347,286.26011348,286.26011348,390.6796467
2017-09-05,286.45619186,286.45619186,286.45619186,286.45619186,102.00512969
2017-09-06,292.87742775,292.87742775,292.87742775,292.87742775,1.0200513
2017-09-07,286.75028491,287.38749796,286.75028491,287.24045634,2897.96573438
2017-09-08,287.24045634,287.33850043,287.24045634,287.33850043,2703.13593668
2017-09-11,286.94636329,287.28946368,286.60324329,287.24045634,175.44882306
2017-09-12,287.43653471,287.43653471,287.43653471,287.43653471,24.48123112
2017-09-13,287.43653471,288.22079919,286.848329,286.848329,448.82257062
2017-09-14,287.28946368,287.28946368,287.24045634,287.24045634,117.30589914
2017-09-15,287.33850043,287.33850043,286.26011348,286.26011348,895.60503864
2017-09-18,290.08344081,290.08344081,286.26011348,286.26011348,1460.71345711
2017-09-19,285.76994206,289.59326939,269.59428496,269.59428496,25596.14719216
2017-09-20,288.1227551,288.1227551,281.35839921,281.35839921,161.1681049
2017-09-21,283.1720433,284.20138369,283.1720433,284.20138369,523.28631529
2017-09-25,274.54500657,283.31908492,274.54500657,283.31908492,1484.17463693
2017-09-26,284.29942778,286.26011348,281.40740655,284.29942778,22215.69719435
2017-09-27,288.22079919,289.20114205,282.33874207,282.33874207,6666.03522499
2017-09-28,288.22079919,288.22079919,280.37805636,284.29942778,3383.51015169
2017-09-29,284.29942778,286.26011348,278.41737065,286.26011348,1928.91700237
2017-10-02,279.3977135,286.26011348,279.3977135,286.21110615,258.07297811
2017-10-03,280.37805636,280.37805636,277.63310617,277.63310617,1312.80601906
2017-10-04,286.1620694,292.28921224,286.1620694,292.28921224,843.5824225
2017-10-05,279.64279922,291.16182776,279.64279922,291.16182776,5163.49966471
2017-10-06,282.53482044,282.53482044,282.53482044,282.53482044,6638.49383998
2017-10-09,288.66196328,288.66196328,288.66196328,288.66196328,2.04010259
2017-10-10,284.29942778,288.22079919,284.29942778,288.22079919,530.42667437
2017-10-12,284.7895992,284.83860654,284.7895992,284.7895992,537.56703345
2017-10-13,285.27977063,289.05410042,285.27977063,289.05410042,473.30380174
2017-10-16,285.475849,290.1814849,285.475849,290.1814849,122.40615562
2017-10-17,290.1814849,290.1814849,286.35815757,286.35815757,393.73980059
2017-10-18,287.24045634,289.69131348,285.27977063,289.69131348,927.22662885
2017-10-19,285.27977063,288.17179185,285.27977063,286.26011348,548.78759771
2017-10-20,285.76994206,288.22079919,285.76994206,288.22079919,1196.52017122
2017-10-23,286.26011348,286.26011348,286.26011348,286.26011348,15.30076945
2017-10-24,286.26011348,286.26011348,286.26011348,286.26011348,122.40615562
2017-10-25,285.27977063,289.10309796,285.27977063,285.27977063,31.6215902
2017-10-26,285.27977063,285.27977063,285.27977063,285.27977063,25.50128242
2017-10-27,285.27977063,287.73062777,285.27977063,287.73062777,2099.26556894
2017-10-30,287.24045634,287.68162043,287.24045634,287.24045634,3228.46235457
2017-10-31,285.86798615,285.86798615,285.86798615,285.86798615,4584.1105281
2017-11-01,284.7895992,285.27977063,284.7895992,285.27977063,445.76241673
2017-11-02,286.75028491,286.75028491,285.27977063,285.27977063,1737.14735856
2017-11-03,287.68162043,288.22079919,287.68162043,288.22079919,9999.56286314
2017-11-07,285.76994206,287.24045634,284.7895992,287.24045634,3162.15902027
2017-11-08,285.27977063,285.27977063,284.83860654,284.83860654,115.26579655
2017-11-09,285.27977063,285.27977063,284.88764329,285.27977063,290.71461961
2017-11-10,285.27977063,289.20114205,285.27977063,288.22079919,10443.28517727
2017-11-13,291.16182776,291.16182776,285.475849,285.475849,102.00512969
2017-11-14,289.10309796,289.10309796,289.10309796,289.10309796,5076.79530448
2017-11-15,286.35815757,287.24045634,285.52485634,286.35815757,6287.59619386
2017-11-16,286.35815757,286.35815757,286.35815757,286.35815757,518.18605881
2017-11-17,286.75028491,287.43653471,286.55420654,287.43653471,593.66985477
2017-11-21,286.26011348,287.24045634,286.26011348,287.24045634,2760.25880931
2017-11-22,286.45619186,286.45619186,286.45619186,286.45619186,77.52389856
2017-11-24,286.35815757,288.22079919,286.35815757,288.22079919,1182.23945306
2017-11-27,287.24045634,287.24045634,286.35815757,286.35815757,207.07041326
2017-11-28,285.475849,285.475849,285.475849,285.475849,453.9228271
2017-11-29,285.27977063,286.26011348,285.27977063,286.26011348,1132.25693952
2017-11-30,286.26011348,286.26011348,278.41737065,284.29942778,1196.52017122
2017-12-04,284.29942778,289.20114205,284.29942778,289.20114205,1091.45488764
2017-12-05,284.29942778,287.24045634,284.29942778,285.27977063,2550.12824215
2017-12-06,282.33874207,285.27977063,282.33874207,285.27977063,231.55164439
2017-12-07,287.191449,287.191449,287.191449,287.191449,16.32082075
2017-12-08,280.37805636,286.21110615,280.37805636,286.21110615,856.84308936
2017-12-11,284.29942778,285.27977063,284.29942778,285.27977063,4080.20518745
2017-12-12,285.27977063,285.27977063,285.23076329,285.23076329,2056.42341447
2017-12-13,282.33874207,282.43678616,282.33874207,282.33874207,540.62718734
2017-12-14,284.29942778,284.29942778,280.67214941,284.29942778,1386.24971244
2017-12-15,284.7895992,284.7895992,280.37805636,284.29942778,14075.6878454
2017-12-18,279.78984084,279.78984084,278.61344902,278.61344902,3771.1296445
2017-12-19,283.31908492,283.31908492,283.31908492,283.31908492,7140.35907803
2017-12-21,278.76050045,279.49575759,278.41737065,279.3977135,5502.15669527
2017-12-22,278.41737065,279.3977135,274.49599923,274.49599923,7600.40221292
2017-12-25,273.51565638,276.45668494,273.07449229,276.45668494,1734.08720467
2017-12-26,276.55472903,276.55472903,274.98617066,275.47634209,193314.00147348
2017-12-27,274.98617066,275.47634209,274.98617066,275.47634209,683.4343689
2017-12-28,275.47634209,275.47634209,275.47634209,275.47634209,110.16554006
2017-12-29,274.98617066,280.37805636,269.6432923,280.37805636,12797.56357043
2018-01-02,274.0058278,274.0058278,272.53531352,272.53531352,318.25600462
2018-01-04,275.28026371,275.378298,275.28026371,275.28026371,561.02821327
2018-01-10,277.4370278,279.3977135,277.4370278,279.3977135,3108.09630154
2018-01-12,280.37805636,280.37805636,278.17228494,280.37805636,4082.24529004
2018-01-15,282.33874207,283.80925635,280.37805636,283.80925635,4537.18816844
2018-01-17,279.44672084,279.49575759,279.3977135,279.3977135,8938.7095144
2018-01-18,279.3977135,279.3977135,278.02524331,278.02524331,543.68734123
2018-01-19,281.35839921,281.35839921,281.35839921,281.35839921,510.02564843
2018-01-22,281.35839921,283.80925635,279.3977135,283.80925635,465.14339137
2018-01-24,279.44672084,279.44672084,279.3977135,279.3977135,153.00769453
2018-01-25,279.3977135,283.76024901,279.3977135,279.3977135,3049.95337762
2018-01-26,280.37805636,281.35839921,276.45668494,281.35839921,836.44206343
2018-01-30,279.3977135,279.3977135,277.4370278,279.3977135,2295.11541794
2018-01-31,281.35839921,282.33874207,279.3977135,281.35839921,8919.32853976
2018-02-01,281.35839921,294.10285632,281.35839921,292.14217061,44370.1913109
2018-02-02,294.05384898,294.10285632,287.24045634,287.24045634,8082.88647633
2018-02-05,289.20114205,289.20114205,284.34843512,284.34843512,69.36348819
2018-02-06,284.29942778,289.20114205,284.29942778,289.20114205,6558.92983882
2018-02-07,284.34843512,290.67165633,284.34843512,285.27977063,10741.14015596
2018-02-08,289.20114205,290.67165633,289.20114205,290.67165633,15477.23832729
2018-02-09,290.67165633,290.67165633,289.20114205,290.1814849,29083.70257613
2018-02-12,290.67165633,290.67165633,284.49550615,284.49550615,267.25343978
2018-02-13,293.07350613,293.07350613,284.39747186,284.39747186,147.90743804
2018-02-14,284.49550615,284.69155511,284.49550615,284.49550615,528.38657177
2018-02-15,310.27851342,312.63132646,300.18099182,307.82765628,38353.92876201
2018-02-16,308.80799914,312.72937055,305.37679915,305.42580648,7544.29939159
2018-02-19,310.76868484,310.76868484,310.67064076,310.67064076,113.22569395
2018-02-20,309.29817056,309.78834199,308.80799914,309.78834199,390.6796467
2018-02-21,305.37679915,305.37679915,302.92594201,302.92594201,808.90067841
2018-02-22,305.86697057,305.86697057,305.86697057,305.86697057,1.0200513
2018-02-23,308.70995505,308.70995505,302.97494935,302.97494935,2611.33131997
2018-02-26,302.09264078,302.09264078,301.94559916,301.94559916,124.44625822
2018-02-27,300.9652563,301.94559916,295.62237794,301.94559916,798.70016544
2018-03-01,303.41611344,306.74926934,299.98491345,299.98491345,4430.08278227
2018-03-02,301.94559916,301.94559916,299.98491345,299.98491345,30346.52608164
2018-03-05,298.22030611,299.98491345,298.22030611,299.98491345,10210.71348159
2018-03-06,301.94559916,301.94559916,296.11254937,296.11254937,164.22825879
2018-03-07,296.35763508,296.35763508,296.2596204,296.2596204,215.23082364
2018-03-08,301.89659182,301.94559916,298.02422774,298.02422774,6439.58383709
2018-03-09,299.00457059,299.00457059,299.00457059,299.00457059,23116.40248948
2018-03-12,299.00457059,305.81796323,298.26931345,305.76892648,532.46677696
2018-03-13,305.62188486,305.6708922,299.98491345,299.98491345,1562.71858679
2018-03-14,303.90628486,304.88662772,303.90628486,304.83762038,60.18302651
2018-03-15,300.03392079,300.03392079,300.03392079,300.03392079,10.20051297
2018-03-16,302.92594201,304.88662772,301.94559916,301.94559916,3508.9764612
2018-03-19,303.90628486,306.79830609,300.03392079,303.0239861,13679.90794221
2018-03-20,302.92594201,303.80824078,301.94559916,302.92594201,2663.35393611
2018-03-21,300.9652563,305.76892648,300.18099182,302.92594201,18174.25395619
2018-03-22,300.9652563,303.90628486,300.9652563,303.90628486,1320.96642944
2018-03-23,303.80824078,303.90628486,301.94559916,303.85727752,6379.40081057
2018-03-26,305.08270609,313.70971341,305.08270609,313.70971341,23617.24767624
2018-03-27,314.69005626,327.43451337,313.75872075,315.67039912,17402.07512446
2018-03-28,314.19988484,320.57211339,304.44546363,316.65074197,2429.76218913
2018-03-30,318.51338359,318.51338359,305.86697057,305.86697057,34196.199676
2018-04-02,305.86697057,312.72937055,305.86697057,312.72937055,18015.12595388
2018-04-03,304.93563506,313.70971341,304.93563506,313.70971341,6365.12009242
2018-04-04,305.08270609,305.37679915,304.93563506,305.37679915,39.78200058
2018-04-06,312.72937055,313.70971341,312.72937055,313.70971341,569.18862365
2018-04-09,313.70971341,314.69005626,306.84731343,306.84731343,227.4714392
2018-04-10,303.90628486,312.68036321,303.90628486,312.68036321,247.87246514
2018-04-11,313.61166932,313.70971341,304.15137058,304.15137058,10526.92938361
2018-04-13,312.63132646,312.63132646,308.80799914,312.63132646,82.62415505
2018-04-16,304.93563506,311.7490277,304.93563506,311.7490277,364.15831298
2018-04-17,305.47484323,313.21954198,305.37679915,313.12149789,11789.75288913
2018-04-18,310.76868484,313.12149789,306.84731343,313.12149789,641.61226573
2018-04-19,312.72937055,312.72937055,306.94535752,308.80799914,9.18046167
2018-04-20,306.16106363,312.72937055,306.16106363,312.72937055,538.58708474
2018-04-23,306.84731343,308.80799914,303.90628486,308.80799914,140.76707897
2018-04-24,305.03366934,308.80799914,305.03366934,308.80799914,114.24574525
2018-04-25,308.80799914,308.80799914,308.80799914,308.80799914,20.40102594
2018-04-26,309.78834199,312.72937055,303.90628486,312.72937055,10533.0496914
2018-04-27,305.22975752,312.72937055,305.22975752,312.23919913,20455.08865597
2018-04-30,310.76868484,319.59177053,309.98442036,313.75872075,8571.49104753
2018-05-02,310.52359913,318.61142768,310.52359913,318.51338359,1862.61366807
2018-05-03,318.51338359,318.51338359,318.51338359,318.51338359,129.5465147
2018-05-04,311.94510607,313.70971341,311.84707179,313.70971341,342.73723575
2018-05-07,313.70971341,313.70971341,303.90628486,312.97445627,93174.54560925
2018-05-08,313.70971341,313.70971341,307.82765628,307.82765628,7160.76010397
2018-05-09,314.59201217,314.69005626,313.70971341,314.69005626,5334.86828259
2018-05-10,306.84731343,310.76868484,306.84731343,310.76868484,35.70179539
2018-05-11,316.65074197,319.59177053,315.67039912,315.67039912,2419.56167616
2018-05-14,314.69005626,314.69005626,313.70971341,313.70971341,1898.31546346
2018-05-15,315.18022769,315.18022769,314.69005626,314.69005626,2040.10259372
2018-05-16,313.70971341,313.70971341,309.78834199,313.70971341,4479.04524452
2018-05-18,314.69005626,314.69005626,313.70971341,313.70971341,3943.51831367
2018-05-23,312.72937055,314.69005626,312.72937055,314.69005626,535.52693085
2018-05-24,313.70971341,313.70971341,313.70971341,313.70971341,20.40102594
2018-05-28,307.0433918,313.70971341,307.0433918,313.70971341,2551.14829345
2018-05-29,318.12125625,322.5327991,308.85700648,308.85700648,9808.81327062
2018-05-31,316.65074197,316.65074197,316.65074197,316.65074197,29071.46196056
2018-06-01,316.65074197,316.65074197,314.19988484,314.19988484,10621.79415422
2018-06-05,313.70971341,316.65074197,313.70971341,316.65074197,1650.44299832
2018-06-06,308.31782771,312.72937055,308.31782771,312.72937055,33.6616928
2018-06-07,316.65074197,316.65074197,313.70971341,316.65074197,253.99277292
2018-06-08,316.69974931,316.69974931,316.69974931,316.69974931,5100.25648431
2018-06-11,318.61142768,318.61142768,318.61142768,318.61142768,3060.15389059
2018-06-12,314.19988484,316.65074197,313.90579178,316.65074197,7151.5796423
2018-06-13,312.97445627,320.4740693,312.97445627,320.4740693,204.01025937
2018-06-14,318.61142768,318.61142768,318.61142768,318.61142768,11333.78995943
2018-06-18,318.61142768,318.61142768,318.61142768,318.61142768,135.66682248
2018-06-20,320.4740693,320.57211339,316.65074197,318.61142768,695.67498446
2018-06-21,317.63108483,317.63108483,317.63108483,317.63108483,204.01025937
2018-06-22,322.43475501,322.43475501,322.43475501,322.43475501,48.96246225
2018-06-25,316.65074197,321.55245624,316.65074197,316.65074197,16410.58526391
2018-06-26,315.67039912,316.65074197,309.88638608,310.37655751,5560.29961919
2018-06-27,296.06354203,296.06354203,296.06354203,296.06354203,102.00512969
2018-06-28,287.24045634,287.24045634,287.24045634,287.24045634,51.00256484
2018-06-29,287.24045634,294.10285632,280.57413473,280.57413473,11501.07837212
2018-07-03,284.29942778,305.86697057,284.29942778,302.92594201,1692.26510149
2018-07-04,282.33874207,282.33874207,282.33874207,282.33874207,51.00256484
2018-07-05,282.73086941,284.29942778,282.73086941,284.29942778,15.30076945
2018-07-06,284.29942778,300.86721221,284.29942778,285.27977063,61.20307781
2018-07-09,283.80925635,283.80925635,283.80925635,283.80925635,17.34087205
2018-07-10,299.98491345,299.98491345,294.05384898,294.05384898,286.63441442
2018-07-11,288.22079919,288.22079919,284.49550615,288.22079919,507.98554584
2018-07-12,288.22079919,288.22079919,288.22079919,288.22079919,5.10025648
2018-07-13,284.49550615,284.49550615,282.73086941,282.82891349,207.07041326
2018-07-16,282.73086941,282.73086941,279.49575759,279.49575759,306.01538906
2018-07-18,284.29942778,284.29942778,284.29942778,284.29942778,61.20307781
2018-07-19,284.29942778,284.39747186,284.29942778,284.39747186,58.14292392
2018-07-24,288.02472082,288.02472082,285.27977063,285.27977063,10863.54631158
2018-07-25,288.07375757,288.1227551,288.07375757,288.1227551,81.60410375
2018-07-26,288.1227551,302.92594201,288.1227551,302.92594201,1030.25180983
2018-07-27,302.77890038,302.77890038,302.77890038,302.77890038,1.0200513
2018-08-08,294.10285632,302.14167753,289.20114205,302.14167753,2070.70413263
2018-08-10,294.10285632,294.10285632,294.10285632,294.10285632,102.00512969
2018-08-15,294.10285632,294.10285632,294.10285632,294.10285632,20401.02593724
2018-08-16,285.76994206,285.76994206,285.32877797,285.32877797,459.02308359
2018-08-17,300.72017059,300.72017059,294.10285632,294.10285632,33.6616928
2018-08-24,285.32877797,293.61268489,285.32877797,293.61268489,149.94754064
2018-08-27,286.26011348,294.00481223,286.26011348,294.00481223,311.11564554
2018-08-29,286.26011348,286.26011348,286.26011348,286.26011348,15300.76945293
2018-08-30,292.73038613,292.73038613,292.73038613,292.73038613,10.20051297
2018-08-31,292.14217061,292.53429795,284.7895992,292.53429795,544.70739252
2018-09-03,285.76994206,292.14217061,285.76994206,292.14217061,122.40615562
2018-09-04,285.76994206,292.14217061,285.76994206,292.14217061,708.93565132
2018-09-06,296.06354203,296.06354203,282.33874207,282.33874207,28228.89958936
2018-09-07,279.3977135,279.3977135,279.3977135,279.3977135,1476.01422656
2018-09-10,281.35839921,289.20114205,281.35839921,289.20114205,212.17066975
2018-09-12,289.20114205,289.20114205,289.20114205,289.20114205,285.61436312
2018-09-13,284.39747186,289.20114205,284.29942778,289.20114205,259.0930294
2018-09-14,289.20114205,289.20114205,289.20114205,289.20114205,77.52389856
2018-09-17,284.49550615,285.475849,281.35839921,281.35839921,10962.49128737
2018-09-18,282.33874207,282.33874207,282.33874207,282.33874207,147.90743804
2018-09-19,281.35839921,281.35839921,278.61344902,281.26035512,168.30846398
2018-09-20,278.61344902,281.26035512,277.63310617,279.3977135,516.14595621
2018-09-21,279.3977135,279.3977135,279.3977135,279.3977135,2.04010259
2018-09-24,279.3977135,284.29942778,279.3977135,284.29942778,2897.96573438
2018-09-25,284.29942778,284.29942778,284.29942778,284.29942778,4.08020519
2018-09-26,284.29942778,284.29942778,279.69180656,279.69180656,145.86733545
2018-09-28,273.51565638,273.51565638,273.51565638,273.51565638,3430.43251135
2018-10-01,273.51565638,279.3977135,266.6532564,279.3977135,1249.56283866
2018-10-03,279.3977135,279.3977135,279.3977135,279.3977135,459.02308359
2018-10-05,283.22104083,283.22104083,279.3977135,279.3977135,752.79785708
2018-10-09,279.49575759,279.49575759,279.3977135,279.3977135,76.50384726
2018-10-10,275.47634209,275.47634209,275.47634209,275.47634209,51.00256484
2018-10-12,279.3977135,284.20138369,279.3977135,284.20138369,325.3963637
2018-10-15,284.1033494,284.1033494,284.1033494,284.1033494,4.08020519
2018-10-17,283.95629797,283.95629797,279.3977135,279.3977135,106.08533487
2018-10-18,279.3977135,279.3977135,279.3977135,279.3977135,607.95057293
2018-10-22,279.3977135,279.3977135,279.3977135,279.3977135,5.10025648
2018-10-23,278.90754208,278.90754208,278.90754208,278.90754208,10.20051297
2018-10-24,283.27007758,283.27007758,283.27007758,283.27007758,2.04010259
2018-10-25,280.37805636,282.33874207,279.3977135,282.33874207,257.05292681
2018-10-26,282.33874207,282.33874207,282.33874207,282.33874207,102.00512969
2018-10-29,275.67242046,275.67242046,275.47634209,275.52534943,123.42620692
2018-10-30,276.65276332,276.65276332,276.65276332,276.65276332,20401.02593724
2018-10-31,276.21159923,278.41737065,274.49599923,278.41737065,215.23082364
2018-11-02,272.63335761,273.02548495,272.53531352,272.53531352,742.59734412
2018-11-07,272.53531352,279.29966942,272.53531352,276.45668494,24330.26353275
2018-11-08,294.10285632,294.10285632,294.10285632,294.10285632,630.39170146
2018-11-09,294.05384898,294.05384898,294.05384898,294.05384898,1530.07694529
2018-11-12,277.53507188,284.29942778,277.53507188,284.29942778,336.61692796
2018-11-14,278.41737065,278.41737065,278.41737065,278.41737065,127.50641211
2018-11-16,280.47610045,280.47610045,280.47610045,280.47610045,1087.37468245
2018-11-19,279.3977135,279.3977135,279.3977135,279.3977135,15.30076945
2018-11-22,284.25042044,284.29942778,284.25042044,284.29942778,313.15574814
2018-11-26,279.59379188,279.59379188,279.59379188,279.59379188,10.20051297
2018-11-27,284.25042044,284.25042044,284.25042044,284.25042044,25.50128242
2018-11-30,288.17179185,289.20114205,288.17179185,289.15213471,285.61436312
2018-12-03,289.15213471,289.15213471,284.29942778,284.29942778,907.84565421
2018-12-05,280.72118616,280.72118616,279.69180656,279.69180656,136.68687378
2018-12-06,280.86822779,292.14217061,279.69180656,292.14217061,42503.49743764
2018-12-07,291.16182776,294.10285632,288.22079919,288.22079919,4958.46935405
2018-12-10,301.84755507,301.84755507,301.84755507,301.84755507,102.00512969
2018-12-11,299.00457059,299.00457059,298.9065265,298.9065265,10369.8414839
2018-12-12,289.25014939,298.85752897,289.25014939,294.10285632,46532.70006025
2018-12-13,294.10285632,294.10285632,294.10285632,294.10285632,2174.74936491
2018-12-14,294.10285632,296.06354203,294.10285632,296.06354203,3808.87154248
2018-12-17,290.67165633,295.08319917,284.29942778,294.10285632,13369.81234797
2018-12-20,288.22079919,294.10285632,288.22079919,294.10285632,9078.45654207
2018-12-21,287.38749796,287.38749796,287.38749796,287.38749796,1240.38237698
2018-12-24,288.22079919,293.12251347,288.22079919,288.31884328,327.43646629
2018-12-25,288.26980653,288.41687757,288.26980653,288.41687757,9235.54444179
2018-12-26,289.39722042,294.10285632,289.39722042,290.1814849,12301.81864015
2018-12-27,290.23049224,294.10285632,290.23049224,294.10285632,20718.26189056
2018-12-28,294.10285632,295.08319917,288.22079919,288.22079919,216063.1854961
2018-12-31,294.10285632,294.10285632,294.10285632,294.10285632,12.24061556
2019-01-03,294.10285632,296.50470612,285.76994206,285.76994206,1022.09139946
2019-01-04,289.20114205,289.20114205,289.20114205,289.20114205,690.57472798
2019-01-07,286.30912082,286.45619186,286.30912082,286.45619186,71.40359078
2019-01-10,289.20114205,289.25014939,289.20114205,289.20114205,13326.9701935
2019-01-15,286.75028491,286.848329,286.75028491,286.75028491,54.06271873
2019-01-16,286.45619186,289.20114205,280.37805636,289.20114205,12781.24274968
2019-01-17,289.20114205,289.20114205,289.20114205,289.20114205,20.40102594
2019-01-18,289.15213471,289.20114205,288.95605633,289.20114205,3613.02169348
2019-01-21,290.1814849,292.14217061,290.1814849,292.14217061,55.08277003
2019-01-22,289.69131348,294.15186366,289.69131348,294.15186366,39446.40370095
2019-01-23,294.15186366,303.90628486,294.15186366,299.00457059,12454.82633468
2019-01-24,299.00457059,299.00457059,299.00457059,299.00457059,5428.7130019
2019-01-25,299.00457059,299.00457059,299.00457059,299.00457059,2479.74470267
2019-01-28,303.41611344,308.70995505,303.41611344,308.70995505,1224.06155623
2019-01-29,308.7589918,311.7490277,308.7589918,311.7490277,123.42620692
2019-01-30,308.80799914,308.80799914,308.80799914,308.80799914,5171.66007509
2019-01-31,308.80799914,308.80799914,308.80799914,308.80799914,20.40102594
2019-02-01,308.80799914,308.80799914,308.80799914,308.80799914,107.10538617
2019-02-04,306.94535752,308.80799914,306.94535752,308.80799914,21.42107723
2019-02-07,300.9652563,308.56291342,299.00457059,308.56291342,1185.29960695
2019-02-08,306.357142,306.357142,306.357142,306.357142,10519.78902454
2019-02-11,303.90628486,303.90628486,299.10261468,300.9652563,16293.27936477
2019-02-12,303.90628486,312.53329218,303.90628486,305.86697057,22104.511603
2019-02-13,305.86697057,305.86697057,305.86697057,305.86697057,357.0179539
2019-02-14,304.93563506,304.93563506,304.93563506,304.93563506,1020.05129686
2019-02-15,304.88662772,305.86697057,304.88662772,305.86697057,204.01025937
2019-02-18,304.39645629,304.39645629,303.90628486,303.90628486,10404.52322799
2019-02-19,305.86697057,305.86697057,303.90628486,303.90628486,911.92585939
2019-02-20,304.88662772,304.88662772,304.88662772,304.88662772,32.6416415
2019-02-21,311.7490277,311.7490277,300.9652563,300.9652563,6540.56891548
2019-02-22,299.98491345,299.98491345,289.20114205,289.20114205,12780.22269838
2019-02-25,291.16182776,298.80849222,291.16182776,298.80849222,326.416415
2019-02-26,294.10285632,302.77890038,294.10285632,302.77890038,154.02774583
2019-02-27,299.98491345,302.92594201,294.10285632,294.10285632,279.49405534
2019-03-01,294.10285632,294.10285632,294.10285632,294.10285632,451.88272451
2019-03-04,291.16182776,300.9652563,291.16182776,300.9652563,214.21077234
2019-03-05,294.59302775,294.59302775,294.59302775,294.59302775,20.40102594
2019-03-06,289.69131348,289.69131348,289.20114205,289.20114205,102.00512969
2019-03-07,294.59302775,294.59302775,291.16182776,291.16182776,181.56913084
2019-03-08,291.16182776,300.9652563,287.77963511,288.26980653,2057.44346577
2019-03-11,288.71097062,300.86721221,288.71097062,300.86721221,51.00256484
2019-03-12,286.45619186,294.10285632,280.67214941,280.67214941,3532.43764103
2019-03-13,300.81821468,300.81821468,300.81821468,300.81821468,234.61179828
2019-03-14,282.33874207,282.33874207,280.86822779,280.86822779,512.06575102
2019-03-15,282.33874207,282.33874207,279.59379188,281.35839921,810.94078101
2019-03-18,284.29942778,284.29942778,280.28001227,280.37805636,6546.68922326
2019-03-19,297.9752204,297.9752204,281.35839921,296.2596204,20804.96625079
2019-03-21,281.35839921,293.90677795,280.72118616,280.72118616,8299.13735127
2019-03-22,280.67214941,280.67214941,276.94685637,276.94685637,7343.34928611
2019-03-25,276.94685637,276.94685637,276.94685637,276.94685637,489.62462249
2019-03-26,276.94685637,276.94685637,276.94685637,276.94685637,12.24061556
2019-03-27,276.94685637,276.94685637,276.94685637,276.94685637,110.16554006
2019-03-28,277.4370278,277.92719922,277.38802046,277.4370278,57273.8402162
2019-03-29,276.94685637,276.94685637,270.72166944,270.72166944,5914.25741921
2019-04-01,270.86872087,283.27007758,270.86872087,283.27007758,90.78456542
2019-04-02,284.1033494,284.20138369,271.55497067,271.55497067,114.24574525
2019-04-03,272.53531352,285.76994206,271.60397801,285.76994206,572.24877754
2019-04-04,272.0451421,285.18172654,272.0451421,285.18172654,440.66216024
2019-04-05,272.7313919,272.78039924,272.58432086,272.58432086,31.6215902
2019-04-08,273.61370047,273.61370047,273.51565638,273.51565638,122.40615562
2019-04-09,273.51565638,273.51565638,273.51565638,273.51565638,693.63488187
2019-04-11,281.70152902,281.70152902,281.70152902,281.70152902,2.04010259
2019-04-15,274.64304086,282.82891349,274.64304086,282.82891349,512.06575102
2019-04-16,278.41737065,282.48578369,278.41737065,282.48578369,2044.18279891
2019-04-18,275.57438618,275.57438618,275.57438618,275.57438618,204.01025937
2019-04-19,276.01552085,276.01552085,275.86846942,275.86846942,537.56703345
2019-04-22,275.96651351,279.3977135,275.96651351,279.3977135,401.90021096
2019-04-23,278.41737065,279.3977135,278.41737065,278.41737065,18119.17118616
2019-04-24,278.41737065,278.41737065,278.41737065,278.41737065,2040.10259372
2019-04-25,278.46637799,278.46637799,278.46637799,278.46637799,74.46374467
2019-04-26,278.51541474,282.77990616,278.51541474,282.77990616,371.29867206
2019-04-29,278.56441227,278.56441227,278.51541474,278.51541474,561.02821327
2019-04-30,278.56441227,278.56441227,278.56441227,278.56441227,204.01025937
2019-05-02,278.56441227,278.56441227,278.41737065,278.41737065,816.04103749
2019-05-03,283.31908492,283.31908492,283.31908492,283.31908492,153.00769453
2019-05-06,283.31908492,283.31908492,278.66245636,278.66245636,82.62415505
2019-05-07,283.27007758,283.27007758,278.61344902,283.27007758,282.55420923
2019-05-08,279.3977135,279.3977135,279.3977135,279.3977135,108.12543747
2019-05-09,283.31908492,283.31908492,283.31908492,283.31908492,5.10025648
2019-05-10,291.01478613,291.01478613,291.01478613,291.01478613,51.00256484
2019-05-13,288.22079919,288.22079919,288.22079919,288.22079919,30.60153891
2019-05-14,279.74084331,280.37805636,279.59379188,280.37805636,7433.11380023
2019-05-15,280.37805636,280.37805636,280.37805636,280.37805636,4080.20518745
2019-05-16,280.37805636,289.15213471,280.37805636,289.15213471,146.88738675
2019-05-17,287.63258368,287.68162043,280.37805636,280.37805636,20599.93594013
2019-05-20,284.25042044,284.29942778,280.86822779,280.86822779,8243.03452994
2019-05-21,280.86822779,280.86822779,279.3977135,279.3977135,1202.640479
2019-05-22,279.3977135,279.3977135,278.41737065,278.41737065,3636.48287331
2019-05-24,279.3977135,281.35839921,279.3977135,281.35839921,306.01538906
2019-05-27,281.35839921,281.35839921,281.35839921,281.35839921,13.26066686
2019-05-28,281.35839921,281.35839921,281.35839921,281.35839921,479.42410953
2019-05-30,283.31908492,284.29942778,283.31908492,284.29942778,25.50128242
2019-05-31,280.52509798,287.24045634,272.0451421,272.0451421,1356.66822483
2019-06-03,266.84933477,266.84933477,266.84933477,266.84933477,175.44882306
2019-06-04,284.29942778,284.29942778,284.29942778,284.29942778,16.32082075
2019-06-10,276.45668494,276.45668494,276.45668494,276.45668494,18.36092334
2019-06-11,276.55472903,276.55472903,276.55472903,276.55472903,3.06015389
2019-06-12,279.3977135,279.3977135,276.45668494,276.50569228,1530.07694529
2019-06-13,279.34870616,283.31908492,279.34870616,283.31908492,7.14035908
2019-06-14,277.82915513,277.82915513,277.82915513,277.82915513,163.2082075
2019-06-17,277.04490046,283.80925635,276.99586371,283.80925635,260.1130807
2019-06-18,275.47634209,280.37805636,275.47634209,276.45668494,557.96805938
2019-06-19,283.07399921,283.07399921,283.07399921,283.07399921,5.10025648
2019-06-20,276.55472903,282.33874207,276.55472903,282.33874207,35.70179539
2019-06-21,277.92719922,283.31908492,277.92719922,283.31908492,4971.7300209
2019-06-24,278.46637799,284.29942778,278.46637799,284.29942778,10373.92168909
2019-06-25,278.56441227,283.31908492,278.46637799,281.35839921,18882.16955621
2019-06-27,275.57438618,275.57438618,269.59428496,269.59428496,6125.40803766
2019-06-28,269.59428496,270.57462781,269.59428496,270.57462781,4608.59175922
2019-07-02,270.57462781,278.41737065,270.57462781,278.41737065,15.30076945
2019-07-03,278.41737065,278.41737065,278.41737065,278.41737065,45.90230836
2019-07-08,274.49599923,274.49599923,265.67291354,274.49599923,540.62718734
2019-07-10,268.61394211,274.49599923,268.61394211,274.49599923,56.10282133
2019-07-11,270.08445639,270.08445639,270.08445639,270.08445639,510.02564843
2019-07-12,274.49599923,274.49599923,274.49599923,274.49599923,122.40615562
2019-07-15,270.57462781,274.49599923,270.57462781,270.57462781,76.50384726
2019-07-16,274.49599923,274.49599923,274.49599923,274.49599923,10.20051297
2019-07-17,274.49599923,279.20163513,274.49599923,274.49599923,1594.340177
2019-07-18,275.52534943,275.52534943,275.47634209,275.47634209,3518.15692288
2019-07-19,276.45668494,276.45668494,274.98617066,274.98617066,2146.1879286
2019-07-22,274.98617066,274.98617066,272.53531352,272.53531352,12859.78669954
2019-07-23,279.20163513,279.20163513,274.49599923,274.49599923,90.78456542
2019-07-24,277.4370278,278.41737065,277.4370278,278.41737065,8185.91165732
2019-07-25,275.96651351,275.96651351,275.96651351,275.96651351,204.01025937
2019-07-26,277.4370278,277.4370278,277.4370278,277.4370278,2856.14363121
2019-07-31,274.49599923,280.37805636,274.49599923,280.37805636,107.10538617
2019-08-01,275.47634209,276.45668494,273.51565638,273.51565638,16893.06952733
2019-08-02,269.59428496,273.51565638,269.59428496,273.51565638,5146.15879267
2019-08-05,278.41737065,278.41737065,278.41737065,278.41737065,51.00256484
2019-08-06,273.51565638,273.51565638,273.51565638,273.51565638,17240.90701956
2019-08-08,278.41737065,278.41737065,278.41737065,278.41737065,11.22056427
2019-08-15,278.41737065,278.41737065,278.41737065,278.41737065,1.0200513
2019-08-19,278.41737065,278.41737065,271.75104904,271.75104904,5.10025648
2019-08-23,278.41737065,279.10362045,274.49599923,279.10362045,3590.58056495
2019-08-26,276.0645576,276.0645576,276.0645576,276.0645576,102.00512969
2019-08-27,276.45668494,282.24069798,276.45668494,282.24069798,7108.73748783
2019-08-28,280.37805636,280.37805636,277.4370278,277.4370278,35905.80564954
2019-08-30,280.37805636,280.37805636,280.37805636,280.37805636,1.0200513
2019-09-03,278.46637799,278.46637799,278.41737065,278.46637799,180.54907954
2019-09-04,281.26035512,281.26035512,279.3977135,279.3977135,5101.27653561
2019-09-05,278.56441227,280.37805636,278.51541474,280.37805636,7663.64539332
2019-09-06,281.16232084,281.26035512,278.51541474,281.26035512,671.19375334
2019-09-09,281.21135759,281.21135759,281.21135759,281.21135759,3.06015389
2019-09-10,279.3977135,279.3977135,274.54500657,278.51541474,520.2261614
2019-09-11,276.94685637,276.94685637,276.94685637,276.94685637,47.94241095
2019-09-16,282.73086941,282.73086941,274.69207761,278.41737065,1907.49592513
2019-09-17,282.24069798,282.24069798,275.57438618,275.57438618,619.1711372
2019-09-19,276.65276332,276.65276332,276.45668494,276.45668494,307.03544036
2019-09-20,276.45668494,276.45668494,274.49599923,274.49599923,1547.41781734
2019-09-24,275.47634209,275.47634209,274.49599923,274.49599923,5397.0914117
2019-09-25,277.4370278,277.4370278,277.4370278,277.4370278,61.20307781
2019-09-27,274.49599923,279.3977135,274.49599923,279.3977135,1591.2800231
2019-09-30,279.3977135,279.3977135,279.3977135,279.3977135,16.32082075
2019-10-04,279.3977135,279.3977135,259.79085642,259.79085642,2458.32362544
2019-10-07,265.23174945,265.67291354,265.23174945,265.67291354,2448.12311247
2019-10-08,269.59428496,270.57462781,269.59428496,270.57462781,3070.35440355
2019-10-10,269.59428496,270.57462781,269.59428496,270.57462781,113.22569395
2019-10-11,273.41761229,273.41761229,273.41761229,273.41761229,377.41897984
2019-10-14,269.59428496,274.49599923,269.59428496,274.39795514,5681.68572352
2019-10-16,269.69232905,273.46664904,265.86899192,273.46664904,532.46677696
2019-10-17,266.6532564,274.29992086,266.6532564,274.29992086,21.42107723
2019-10-18,274.49599923,274.49599923,267.63359925,273.51565638,11269.52672773
2019-10-21,267.68260659,273.51565638,267.68260659,273.51565638,125.46630951
2019-10-22,274.0058278,274.0058278,274.0058278,274.0058278,15606.78484199
2019-10-24,277.82915513,279.3977135,277.82915513,279.3977135,321.31615851
2019-10-29,274.0058278,274.0058278,274.0058278,274.0058278,7640.1842135
2019-10-30,278.90754208,278.90754208,278.90754208,278.90754208,5.10025648
2019-10-31,274.49599923,277.4370278,269.59428496,277.4370278,759.93821616
2019-11-01,279.3977135,279.3977135,279.3977135,279.3977135,510.02564843
2019-11-04,274.49599923,274.49599923,274.49599923,274.49599923,12.24061556
2019-11-05,274.49599923,277.4370278,274.49599923,277.4370278,441.68221154
2019-11-07,274.49599923,277.4370278,274.49599923,277.4370278,5182.88063936
2019-11-08,277.4370278,279.29966942,270.57462781,279.29966942,947.62765478
2019-11-12,275.47634209,282.14266369,274.49599923,282.14266369,31.6215902
2019-11-13,278.90754208,278.90754208,269.59428496,275.47634209,66567.52758191
2019-11-14,275.47634209,276.45668494,275.47634209,275.57438618,6853.72466361
2019-11-15,270.08445639,281.35839921,269.88837801,281.35839921,1350.54791705
2019-11-19,279.3977135,279.3977135,279.3977135,279.3977135,6262.09491144
2019-11-20,279.3977135,279.3977135,279.3977135,279.3977135,5100.25648431
2019-11-21,274.49599923,281.35839921,274.49599923,281.35839921,3113.19655802
2019-11-22,284.29942778,284.29942778,284.29942778,284.29942778,953.74796257
2019-11-28,279.3977135,284.29942778,279.3977135,284.29942778,5942.81885552
2019-12-02,284.29942778,284.29942778,284.29942778,284.29942778,30.60153891
2019-12-03,276.50569228,279.3977135,276.50569228,279.3977135,2300.21567442
2019-12-04,283.31908492,283.31908492,283.31908492,283.31908492,255.01282422
2019-12-05,280.37805636,283.31908492,279.88788493,283.31908492,444.74236543
2019-12-06,280.37805636,284.20138369,279.88788493,284.20138369,2378.75962428
2019-12-09,279.93689227,279.93689227,279.3977135,279.3977135,6300.85686072
2019-12-10,284.20138369,284.20138369,284.20138369,284.20138369,1.0200513
2019-12-11,281.35839921,281.35839921,276.60372657,279.3977135,7128.11846247
2019-12-12,279.49575759,282.53482044,279.3977135,281.35839921,20319.42183349
2019-12-13,279.3977135,283.31908492,279.3977135,283.31908492,11007.37354444
2019-12-18,282.33874207,282.33874207,280.37805636,281.35839921,837.46211472
2019-12-19,283.80925635,284.15238615,283.80925635,284.1033494,349.87759482
2019-12-20,284.1033494,289.20114205,284.1033494,289.20114205,30875.93270471
2019-12-23,284.29942778,289.25014939,284.29942778,289.25014939,3902.71626179
2019-12-24,294.05384898,294.05384898,286.26011348,290.1814849,4519.8472964
2019-12-25,290.27952899,299.00457059,290.1814849,299.00457059,2164.54885194
2019-12-27,294.00481223,294.00481223,293.12251347,293.12251347,1540.27745826
2020-01-06,286.45619186,292.87742775,286.45619186,292.87742775,112.20564265
2020-01-07,284.39747186,292.43626366,284.39747186,292.43626366,13.26066686
2020-01-08,289.20114205,290.1814849,289.20114205,290.1814849,19485.01987266
2020-01-09,291.16182776,299.00457059,291.16182776,294.10285632,17313.33066164
2020-01-10,298.02422774,298.02422774,290.67165633,298.02422774,219.31102883
2020-01-14,294.10285632,299.00457059,294.10285632,294.10285632,6967.97040886
2020-01-15,294.10285632,294.10285632,294.10285632,294.10285632,139.74702767
2020-01-16,298.02422774,300.9652563,298.02422774,300.9652563,6665.0151737
2020-01-17,300.9652563,302.6808563,300.9652563,302.6808563,12598.65356754
2020-01-20,300.9652563,300.9652563,300.9652563,300.9652563,3045.87317243
2020-01-21,300.9652563,301.94559916,300.9652563,301.94559916,1517.83632973
2020-01-22,303.9552922,312.63132646,303.9552922,310.76868484,72930.60757173
2020-01-23,313.61166932,317.1409134,311.7490277,311.7490277,109576.97046279
2020-01-27,308.80799914,308.80799914,306.06304895,308.80799914,6987.3513835
2020-01-28,313.51363503,313.51363503,313.51363503,313.51363503,51.00256484
2020-01-29,313.51363503,313.51363503,313.51363503,313.51363503,19.38097464
2020-01-31,305.96501466,308.80799914,305.86697057,308.80799914,3301.90604794
2020-02-03,308.80799914,308.80799914,304.88662772,308.80799914,10157.67081415
2020-02-04,299.64178364,300.9652563,299.00457059,299.98491345,519.2061101
2020-02-06,299.98491345,303.90628486,299.98491345,303.90628486,598.77011126
2020-02-07,308.7589918,308.7589918,308.7589918,308.7589918,5100.25648431
2020-02-10,300.9652563,308.80799914,300.9652563,308.80799914,22737.96345835
2020-02-11,303.90628486,303.90628486,303.90628486,303.90628486,1224.06155623
2020-02-12,310.76868484,310.76868484,310.76868484,310.76868484,4.08020519
2020-02-13,308.80799914,310.27851342,301.06330039,310.27851342,46338.89031384
2020-02-14,310.76868484,312.72937055,310.76868484,312.72937055,20913.09168826
2020-02-18,301.94559916,313.46462769,301.94559916,312.72937055,928.24668014
2020-02-21,315.18022769,318.12125625,313.85675503,318.12125625,141928.91739407
2020-02-25,308.80799914,313.70971341,308.80799914,313.70971341,692.61483057
2020-02-26,316.65074197,317.43500645,310.86672893,310.86672893,7634.06390571
2020-02-27,313.70971341,313.70971341,310.76868484,313.70971341,1476.01422656
2020-02-28,313.70971341,316.65074197,313.70971341,316.65074197,132.60666859
2020-03-03,297.68109794,303.90628486,297.68109794,303.90628486,1125.11658044
2020-03-05,299.98491345,299.98491345,299.98491345,299.98491345,13932.88066384
2020-03-06,294.10285632,295.08319917,294.10285632,294.10285632,3295.78574016
2020-03-09,279.3977135,280.37805636,264.79061478,269.59428496,13737.03081484
2020-03-10,276.45668494,294.10285632,276.45668494,289.29918614,73655.8640438
2020-03-11,290.1814849,290.1814849,289.20114205,289.20114205,39008.80169459
2020-03-12,287.33850043,287.33850043,271.55497067,271.55497067,28463.51138763
2020-03-13,257.83017071,267.68260659,257.83017071,267.68260659,48091.33844185
2020-03-16,264.83961231,264.83961231,240.91925647,241.01730056,34983.67927718
2020-03-17,232.43930058,232.43930058,232.43930058,232.43930058,5326.70787221
2020-03-18,227.83166956,227.92971365,223.22406795,223.22406795,16026.025925
2020-03-19,225.47885651,232.14518792,225.47885651,232.14518792,7257.66497717
2020-03-23,241.4094279,241.4094279,241.4094279,241.4094279,306.01538906
2020-03-24,251.01677807,251.01677807,251.01677807,251.01677807,20.40102594
2020-03-25,261.01628498,261.01628498,251.01677807,251.01677807,8652.07509998
2020-03-26,260.77119927,260.77119927,260.77119927,260.77119927,612.03077812
2020-03-27,260.77119927,260.77119927,250.37955521,250.37955521,518.18605881
2020-03-30,248.02674216,248.02674216,248.02674216,248.02674216,306.01538906
2020-04-01,245.0857136,245.0857136,245.0857136,245.0857136,6037.68362613
2020-04-02,241.16434218,241.16434218,237.24297076,238.71348505,10876.80697844
2020-04-03,248.02674216,248.02674216,229.20415936,229.20415936,4503.52647565
2020-04-06,238.22331362,238.22331362,229.20415936,229.20415936,2977.52973554
2020-04-07,238.22331362,238.22331362,222.53782795,222.53782795,679.35416371
2020-04-08,222.53782795,222.53782795,218.1262851,222.53782795,7349.46959389
2020-04-09,231.36091364,231.36091364,222.53782795,222.53782795,26818.1686458
2020-04-10,225.47885651,225.62589814,221.55748509,221.55748509,22120.83242375
2020-04-13,225.47885651,225.47885651,225.47885651,225.47885651,94.86477061
2020-04-14,230.33155364,230.33155364,225.47885651,225.47885651,699.75518965
2020-04-15,225.5769006,225.5769006,225.47885651,225.47885651,8282.81653052
2020-04-16,229.40022793,229.40022793,229.40022793,229.40022793,5.10025648
2020-04-17,224.49851366,224.49851366,224.49851366,224.49851366,10200.51296862
2020-04-22,223.56718795,223.56718795,223.56718795,223.56718795,102.00512969
2020-04-23,223.5181708,223.5181708,223.5181708,223.5181708,306.01538906
2020-04-24,223.5181708,223.5181708,220.57714224,221.06731367,10540.19005047
2020-04-27,220.82222795,222.53782795,220.82222795,222.53782795,204.01025937
2020-04-28,225.47885651,225.47885651,225.47885651,225.47885651,408.02051874
2020-04-29,225.47885651,229.40022793,225.47885651,228.41988508,1167.95873491
2020-04-30,231.3118965,231.3118965,225.47885651,226.50821651,5593.96131199
2020-05-04,235.28228506,235.28228506,233.32159935,234.3019422,357.0179539
2020-05-05,235.28228506,242.92895932,235.28228506,237.24297076,380.47913373
2020-05-06,235.77245648,245.0857136,235.28228506,237.24297076,8268.53581236
2020-05-07,246.06605645,246.06605645,246.06605645,246.06605645,5.10025648
2020-05-08,236.50771362,236.50771362,236.26262791,236.26262791,2049.2830554
2020-05-11,235.28228506,235.28228506,235.28228506,235.28228506,2193.11028825
2020-05-12,234.79211363,234.79211363,228.41988508,228.41988508,1124.09652914
2020-05-14,227.43954222,230.38057078,226.45919937,230.38057078,39943.16868252
2020-05-15,230.38057078,234.3019422,226.94937079,226.94937079,3571.19959031
2020-05-19,231.36091364,231.36091364,230.38057078,230.38057078,114.24574525
2020-05-21,231.36091364,231.36091364,231.36091364,231.36091364,51.00256484
2020-05-22,230.38057078,235.28228506,226.45919937,235.28228506,35561.0283112
2020-05-26,235.28228506,239.20365647,228.41988508,235.28228506,10273.95666199
2020-05-27,239.15463933,242.14468504,239.15463933,242.04664095,7895.19703771
2020-05-28,244.00732666,245.0857136,240.23301647,241.16434218,16566.65311233
2020-05-29,244.59554217,244.59554217,244.54652503,244.54652503,377.41897984
2020-06-01,244.54652503,244.54652503,239.79187199,239.79187199,130.566566
2020-06-02,240.18399933,245.0857136,240.18399933,245.0857136,2485.86501045
2020-06-03,252.92845644,253.61470624,252.92845644,253.61470624,313.15574814
2020-06-04,245.0857136,245.0857136,245.0857136,245.0857136,532.46677696
2020-06-08,245.0857136,245.0857136,245.0857136,245.0857136,190.74959251
2020-06-09,249.98742787,251.75203521,249.98742787,251.75203521,110.16554006
2020-06-10,247.04639931,247.04639931,247.04639931,247.04639931,21515.94200471
2020-06-11,254.88914214,256.89883519,252.92845644,256.89883519,118.32595044
2020-06-12,253.90879929,256.84982785,247.04639931,247.04639931,35943.54754752
2020-06-16,246.1150736,249.98742787,246.1150736,247.04639931,785.43949858
2020-06-17,256.84982785,256.89883519,256.80082051,256.84982785,163547.88457976
2020-06-18,257.83017071,260.77119927,254.88914214,255.869485,3291.70553497
2020-06-19,254.88914214,254.88914214,249.98742787,249.98742787,2746.99814245
2020-06-22,252.92845644,257.83017071,252.92845644,252.92845644,1377.06925076
2020-06-23,254.88914214,254.88914214,254.88914214,254.88914214,153.00769453
2020-06-24,250.03644501,253.85979195,249.00708502,253.85979195,66.3033343
2020-06-25,252.92845644,252.92845644,252.92845644,252.92845644,20.40102594
2020-06-26,253.66371358,254.88914214,245.0857136,245.0857136,6141.72885841
2020-06-29,245.0857136,245.0857136,244.00732666,245.0857136,377.41897984
2020-06-30,245.0857136,245.0857136,240.18399933,240.18399933,4941.128482
2020-07-01,240.18399933,244.98766951,240.18399933,244.98766951,1122.05642655
2020-07-02,244.98766951,244.98766951,244.98766951,244.98766951,5.10025648
2020-07-15,244.98766951,245.0857136,244.98766951,245.0857136,47.94241095
2020-07-16,245.0857136,252.92845644,240.18399933,252.92845644,371.29867206
2020-07-17,252.92845644,252.92845644,252.92845644,252.92845644,102.00512969
2020-07-20,252.83041235,252.83041235,252.83041235,252.83041235,204.01025937
2020-07-21,252.43828501,252.83041235,252.43828501,252.83041235,204.01025937
2020-07-24,243.12502789,252.63436338,243.12502789,252.63436338,2142.10772341
2020-07-28,251.94811358,251.94811358,251.94811358,251.94811358,102.00512969
2020-08-04,243.32109646,243.32109646,242.14468504,242.14468504,77.52389856
2020-08-06,245.0857136,249.98742787,245.0857136,249.98742787,408.02051874
2020-08-07,249.98742787,254.88914214,249.98742787,254.88914214,8160.4103749
2020-08-10,254.88914214,254.88914214,254.88914214,254.88914214,2.04010259
2020-08-13,254.88914214,254.88914214,254.88914214,254.88914214,102.00512969
2020-08-17,245.18375769,254.88914214,245.0857136,254.88914214,1387.26976373
2020-08-19,245.0857136,245.0857136,245.0857136,245.0857136,1597.40033089
2020-08-24,240.23301647,252.92845644,235.77245648,252.92845644,438.62205765
2020-08-26,249.98742787,249.98742787,249.98742787,249.98742787,51002.56484309
2020-08-27,249.88938378,249.88938378,249.88938378,249.88938378,2.04010259
2020-08-28,245.18375769,248.95806787,240.18399933,248.95806787,360.07810779
2020-08-31,249.7913593,250.23251359,249.7913593,249.98742787,2164.54885194
2020-09-01,249.00708502,253.90879929,249.00708502,253.90879929,3571.19959031
2020-09-02,254.79109806,255.869485,254.79109806,254.88914214,509.00559713
2020-09-03,249.49725644,254.88914214,249.49725644,254.88914214,511.04569973
2020-09-04,254.88914214,254.88914214,254.88914214,254.88914214,1295.46514701
2020-09-07,252.14419196,252.14419196,249.98742787,249.98742787,102.00512969
2020-09-08,251.94811358,251.94811358,251.94811358,251.94811358,5100.25648431
2020-09-09,251.94811358,251.94811358,250.28153073,250.28153073,4059.80416151
2020-09-10,254.88914214,260.28102784,254.88914214,260.28102784,17635.66687145
2020-09-11,264.64356335,264.69257069,257.83017071,259.79085642,9540.53977955
2020-09-14,259.79085642,264.49649231,259.79085642,262.24171355,2521.56680584
2020-09-15,259.79085642,264.10435517,259.79085642,259.79085642,10338.2198937
2020-09-16,255.869485,260.13398622,255.869485,260.13398622,30.60153891
2020-09-17,259.79085642,259.79085642,259.79085642,259.79085642,1.0200513
2020-09-18,258.81051356,259.79085642,249.98742787,249.98742787,3600.78107792
2020-09-21,245.18375769,245.18375769,245.0857136,245.0857136,4200.57124048
2020-09-22,245.0857136,249.98742787,245.0857136,249.98742787,68.34343689
2020-09-24,246.65427197,247.04639931,245.0857136,245.0857136,315.19585073
2020-09-28,245.03669646,245.03669646,245.03669646,245.03669646,25.50128242
2020-09-29,245.0857136,245.0857136,244.10537075,244.10537075,72.42364208
2020-10-01,243.95832912,243.95832912,243.95832912,243.95832912,8.16041037
2020-10-02,240.67417076,244.10537075,240.67417076,244.10537075,3264.16414996
2020-10-07,244.10537075,245.0857136,244.10537075,245.0857136,160.14805361
2020-10-08,245.03669646,245.03669646,240.18399933,240.18399933,862.96339715
2020-10-09,244.10537075,244.10537075,244.0563536,244.10537075,20656.03876145
2020-10-12,241.70353075,243.61519932,241.65451361,243.61519932,10343.32015018
2020-10-13,243.61519932,243.61519932,243.61519932,243.61519932,16.32082075
2020-10-14,243.61519932,243.61519932,243.12502789,243.51715523,20962.05415051
2020-10-15,243.61519932,243.61519932,243.32109646,243.32109646,5467.47495118
2020-10-16,243.61519932,243.61519932,243.32109646,243.32109646,596.73000866
2020-10-19,242.63485646,242.63485646,239.20365647,242.14468504,10454.50574154
2020-10-20,241.16434218,241.16434218,241.16434218,241.16434218,204.01025937
2020-10-21,241.16434218,241.16434218,241.16434218,241.16434218,21.42107723
2020-10-22,243.12502789,243.12502789,243.12502789,243.12502789,510.02564843
2020-10-23,242.24272913,242.24272913,241.16434218,241.16434218,70.38353948
2020-10-26,242.34075361,242.34075361,242.34075361,242.34075361,40.80205187
2020-10-27,243.0269838,243.12502789,241.21335933,241.21335933,13447.33624653
2020-10-28,240.18399933,240.18399933,240.18399933,240.18399933,1260.78340292
2020-11-02,240.18399933,240.18399933,240.18399933,240.18399933,61.20307781
2020-11-04,240.18399933,240.18399933,240.18399933,240.18399933,430.46164728
2020-11-05,241.16434218,241.16434218,237.24297076,237.24297076,12912.82936697
2020-11-09,228.9100565,245.0857136,228.9100565,245.0857136,33775.93854169
2020-11-10,245.0857136,245.0857136,243.12502789,245.0857136,1232.22196661
2020-11-11,245.0857136,245.0857136,245.0857136,245.0857136,30.60153891
2020-11-13,244.10537075,245.0857136,244.10537075,245.0857136,45.90230836
2020-11-16,243.12502789,243.27206952,243.12502789,243.27206952,8.16041037
2020-11-17,243.22307198,245.0857136,243.12502789,245.0857136,224.41128531
2020-11-19,243.12502789,243.12502789,240.28204342,240.3800679,135.66682248
2020-11-20,244.10537075,245.0857136,242.19370218,245.03669646,7285.20636219
2020-11-24,249.00708502,249.00708502,245.03669646,245.0857136,10171.95153231
2020-11-25,245.0857136,252.92845644,245.0857136,252.92845644,16933.8715792
2020-11-26,247.04639931,250.96777073,245.67392912,245.67392912,1385.22966114
2020-11-27,245.67392912,248.02674216,241.16434218,241.16434218,7017.95292241
2020-12-01,249.74234216,249.74234216,248.95806787,248.95806787,36.72184669
2020-12-02,248.02674216,248.02674216,248.02674216,248.02674216,245.83236254
2020-12-03,249.69332502,249.98742787,249.69332502,249.98742787,2776.57963006
2020-12-04,247.04639931,247.04639931,247.04639931,247.04639931,859.90324325
2020-12-09,247.04639931,247.1444434,247.04639931,247.1444434,153.00769453
2020-12-10,249.00708502,250.96777073,249.00708502,250.96777073,9075.39638818
2020-12-11,249.98742787,254.88914214,249.98742787,254.88914214,1443.37258506
2020-12-14,254.88914214,254.88914214,254.88914214,254.88914214,51.00256484
2020-12-15,254.88914214,254.88914214,254.88914214,254.88914214,20.40102594
2020-12-16,258.32034213,258.32034213,255.08522052,256.11457071,575.30893143
2020-12-17,256.11457071,259.79085642,254.88914214,259.79085642,4109.78667506
2020-12-18,256.11457071,264.69257069,256.11457071,264.69257069,8334.83914666
2020-12-21,261.75154212,261.75154212,254.88914214,254.88914214,628.35159887
2020-12-22,251.06581482,264.69257069,251.06581482,264.69257069,541.64723863
2020-12-23,263.71222783,264.69257069,263.71222783,264.69257069,935.38703922
2020-12-24,262.73188498,264.69257069,262.73188498,262.73188498,2936.72768367
2020-12-25,259.93789804,262.73188498,252.92845644,252.92845644,12374.24228223
2020-12-28,251.21285644,251.21285644,251.21285644,251.21285644,650.7927274
2020-12-29,252.24220663,252.43828501,251.55598624,252.43828501,51.00256484
2020-12-30,252.43828501,252.92845644,252.43828501,252.92845644,6305.9571172
2020-12-31,261.2613707,261.2613707,249.98742787,249.98742787,1771.82910265
2021-01-05,249.00708502,249.98742787,249.00708502,249.98742787,5110.45699728
2021-01-06,249.98742787,254.88914214,249.98742787,250.96777073,14766.26257337
2021-01-07,250.23251359,250.52661644,250.23251359,250.4775993,310.09559425
2021-01-08,254.88914214,254.88914214,250.96777073,250.96777073,306.01538906
2021-01-13,255.869485,255.869485,254.88914214,254.88914214,16.32082075
2021-01-14,254.8401348,257.83017071,253.02650052,253.02650052,3430.43251135
2021-01-15,258.07525642,262.73188498,258.07525642,259.79085642,2246.15295569
2021-01-18,259.79085642,259.79085642,259.79085642,259.79085642,2254.31336606
2021-01-19,256.06556337,260.77119927,255.869485,255.869485,14876.42811343
2021-01-20,256.06556337,260.67315518,255.96752909,260.67315518,32.6416415
2021-01-21,259.79085642,260.77119927,257.83017071,260.77119927,2414.46141967
2021-01-22,259.79085642,259.79085642,259.79085642,259.79085642,10200.51296862
2021-01-25,259.79085642,260.77119927,259.79085642,260.77119927,2188.01003177
2021-01-26,259.79085642,264.69257069,256.84982785,264.69257069,22770.60509985
2021-01-27,264.69257069,264.69257069,264.69257069,264.69257069,5559.2795679
2021-01-29,268.61394211,268.61394211,256.84982785,256.84982785,4166.90954768
2021-02-01,264.5945266,264.5945266,264.39847764,264.49649231,214.21077234
2021-02-03,264.39847764,264.39847764,264.39847764,264.39847764,5.10025648
2021-02-05,262.73188498,262.73188498,262.73188498,262.73188498,721.17626688
2021-02-08,261.75154212,261.75154212,261.75154212,261.75154212,4553.50898919
2021-02-09,259.79085642,259.79085642,259.79085642,259.79085642,5382.81069354
2021-02-10,259.79085642,259.79085642,259.79085642,259.79085642,1020.05129686
2021-02-11,262.73188498,262.73188498,259.79085642,259.79085642,17.34087205
2021-02-12,259.79085642,259.79085642,259.79085642,259.79085642,107.10538617
2021-02-17,252.92845644,252.92845644,252.92845644,252.92845644,1020.05129686
2021-02-18,261.70253479,261.70253479,261.70253479,261.70253479,102.00512969
2021-02-19,260.77119927,260.77119927,259.79085642,259.79085642,387.61949281
2021-02-22,259.79085642,259.79085642,259.79085642,259.79085642,204.01025937
2021-02-23,259.79085642,259.79085642,259.79085642,259.79085642,102.00512969
2021-02-24,255.869485,255.869485,249.4482393,249.4482393,14579.59318605
2021-02-25,245.28178217,250.08547196,245.0857136,250.08547196,12842.44582749
2021-02-26,247.04639931,249.00708502,247.04639931,249.00708502,5926.49803477
2021-03-02,251.94811358,251.94811358,251.94811358,251.94811358,5120.65751025
2021-03-04,252.92845644,252.92845644,251.45794215,251.45794215,15244.6666316
2021-03-05,254.74210052,254.74210052,254.74210052,254.74210052,15.30076945
2021-03-08,254.88914214,254.88914214,254.88914214,254.88914214,4274.01493385
2021-03-09,251.94811358,254.93814948,251.94811358,254.88914214,15062.07744946
2021-03-10,250.1344695,250.1344695,249.98742787,249.98742787,448.82257062
2021-03-11,254.88914214,254.88914214,251.99712092,251.99712092,2560.32875512
2021-03-12,255.869485,257.78116337,254.88914214,257.78116337,8457.24530228
2021-03-15,252.43828501,254.88914214,250.08547196,254.88914214,679.35416371
2021-03-16,251.45794215,257.73212662,251.45794215,257.73212662,10984.93241591
2021-03-17,254.88914214,259.69281233,254.88914214,259.69281233,10301.49804701
2021-03-18,258.81051356,259.79085642,258.81051356,259.79085642,20.40102594
2021-03-19,259.79085642,259.79085642,259.79085642,259.79085642,2.04010259
2021-03-22,258.81051356,260.77119927,258.81051356,259.79085642,20362.26398796
2021-03-24,259.74184908,259.74184908,259.74184908,259.74184908,1020.05129686
2021-03-26,258.81051356,258.81051356,258.81051356,258.81051356,714.0359078
2021-03-29,258.81051356,259.79085642,258.81051356,258.81051356,10261.71604643
2021-03-31,259.30068499,259.79085642,254.88914214,259.79085642,1104.7155545
2021-04-02,255.869485,259.79085642,255.869485,259.79085642,1288.32478794
2021-04-05,256.35965643,256.35965643,254.88914214,256.35965643,5252.24412754
2021-04-06,254.88914214,255.869485,254.88914214,255.869485,339.67708186
2021-04-07,254.93814948,254.93814948,254.93814948,254.93814948,43.86220577
2021-04-09,254.98718623,259.79085642,254.98718623,259.79085642,8264.45560717
2021-04-12,258.81051356,258.81051356,252.92845644,252.92845644,4508.62673213
2021-04-13,259.79085642,259.79085642,259.79085642,259.79085642,408.02051874
2021-04-20,255.37931357,255.37931357,254.88914214,254.88914214,2652.13337184
2021-04-21,253.12453481,255.869485,253.12453481,255.869485,56.10282133
2021-04-22,256.84982785,257.83017071,256.84982785,256.84982785,15300.76945293
2021-04-23,259.30068499,259.30068499,256.84982785,256.84982785,5128.81792062
2021-04-26,256.84982785,256.84982785,256.84982785,256.84982785,3579.36000069
2021-04-27,256.84982785,259.30068499,256.84982785,259.30068499,12036.60530297
2021-04-28,256.65374948,259.69281233,255.869485,259.69281233,485.54441731
2021-04-30,259.69281233,259.69281233,259.30068499,259.30068499,591.62975218
2021-05-03,259.69281233,259.69281233,256.99686948,256.99686948,4599.41129755
2021-05-04,259.79085642,259.79085642,259.79085642,259.79085642,5406.27187337
2021-05-05,259.79085642,259.79085642,259.79085642,259.79085642,1568.83889457
2021-05-06,260.28102784,264.69257069,259.79085642,263.71222783,74101.62646053
2021-05-07,264.5945266,264.69257069,264.5945266,264.69257069,10540.19005047
2021-05-10,264.64356335,266.6532564,264.64356335,264.69257069,1297.50524961
2021-05-11,264.20239926,265.67291354,264.20239926,265.67291354,259.0930294
2021-05-12,264.5945266,265.67291354,264.5945266,265.67291354,316.21590203
2021-05-17,266.6532564,274.49599923,266.6532564,273.51565638,4318.89719091
2021-05-18,273.51565638,273.51565638,265.77095763,270.57462781,298.87502998
2021-05-19,270.57462781,274.0058278,270.57462781,270.6726719,14304.17933589
2021-05-20,265.77095763,270.57462781,265.77095763,270.57462781,99.96502709
2021-05-21,274.39795514,274.39795514,270.57462781,273.46664904,2043.16274761
2021-05-24,274.39795514,274.39795514,274.39795514,274.39795514,1.0200513
2021-05-26,270.57462781,273.02548495,264.69257069,273.02548495,90.78456542
2021-05-27,272.53531352,272.53531352,272.53531352,272.53531352,183.60923344
2021-05-28,272.43726943,272.43726943,272.43726943,272.43726943,20.40102594
2021-05-31,271.55497067,271.55497067,264.69257069,270.52562048,1342.38750667
2021-06-01,270.52562048,271.50596333,270.52562048,271.50596333,1543.33761215
2021-06-02,268.61394211,268.71198619,268.61394211,268.61394211,12772.06228801
2021-06-03,271.45692658,271.45692658,268.61394211,270.57462781,21204.82635916
2021-06-04,265.77095763,270.57462781,265.77095763,269.59428496,32194.85903155
2021-06-07,266.6532564,266.6532564,266.6532564,266.6532564,51.00256484
2021-06-08,271.94709801,271.94709801,271.94709801,271.94709801,30.60153891
2021-06-09,269.59428496,269.59428496,265.77095763,265.77095763,129.5465147
2021-06-10,267.63359925,267.63359925,267.63359925,267.63359925,408.02051874
2021-06-11,270.57462781,270.57462781,270.57462781,270.57462781,1.0200513
2021-06-14,268.22181477,268.22181477,266.6532564,266.70226374,5434.83330968
2021-06-15,265.77095763,267.14342782,265.18274212,267.14342782,13520.7799399
2021-06-16,265.18274212,267.14342782,265.18274212,267.14342782,16363.66290426
2021-06-17,264.69257069,267.04538374,264.69257069,267.04538374,21.42107723
2021-06-18,266.6532564,274.49599923,266.6532564,274.49599923,6724.17814891
2021-06-21,275.47634209,275.47634209,267.68260659,267.68260659,1737.14735856
2021-06-22,268.12377068,268.12377068,268.12377068,268.12377068,395.77990318
2021-06-23,268.12377068,268.12377068,267.73164334,267.73164334,1540.27745826
2021-06-24,270.57462781,270.57462781,269.59428496,269.59428496,16728.84126853
2021-06-25,269.59428496,271.45692658,267.73164334,267.73164334,16540.13177862
2021-06-28,270.57462781,270.57462781,270.57462781,270.57462781,5.10025648
2021-06-29,269.59428496,269.59428496,269.59428496,269.59428496,6936.34881866
2021-06-30,269.59428496,269.59428496,268.61394211,268.61394211,2443.02285598
2021-07-01,269.59428496,269.59428496,269.59428496,269.59428496,5610.28213274
2021-07-02,268.61394211,271.55497067,268.61394211,271.55497067,1041.4723741
2021-07-05,271.55497067,271.55497067,268.61394211,268.61394211,757.89811357
2021-07-06,268.61394211,269.59428496,268.61394211,269.59428496,2142.10772341
2021-07-07,271.55497067,271.55497067,271.55497067,271.55497067,22.44112853
2021-07-08,269.59428496,272.48630618,264.2514066,272.48630618,2498.10562601
2021-07-09,269.59428496,269.59428496,265.67291354,265.67291354,259.0930294
2021-07-12,271.84906372,271.84906372,266.16308497,266.16308497,20402.04598853
2021-07-13,268.61394211,276.79981474,267.14342782,276.79981474,1642.28258795
2021-07-14,277.4370278,287.82867186,277.4370278,284.29942778,3690.54559205
2021-07-15,282.33874207,282.33874207,275.47634209,275.47634209,85.68430894
2021-07-16,275.47634209,279.34870616,272.63335761,272.63335761,2989.7703511
2021-07-19,271.55497067,274.49599923,271.55497067,274.49599923,1938.09746404
2021-07-20,273.51565638,273.51565638,273.51565638,273.51565638,745.65749801
2021-07-23,278.22129228,278.22129228,278.22129228,278.22129228,155.04779712
2021-07-26,273.56466372,273.56466372,270.57462781,270.57462781,178.50897695
2021-07-27,278.27032902,278.27032902,274.49599923,274.49599923,205.03031067
2021-07-29,272.53531352,273.02548495,272.53531352,273.02548495,167.28841269
2021-08-02,272.58432086,274.49599923,272.53531352,274.49599923,1242.42247958
2021-08-03,274.49599923,274.49599923,274.49599923,274.49599923,193.8097464
2021-08-04,271.60397801,276.35864085,269.59428496,276.30964332,2917.34670902
2021-08-05,274.49599923,278.41737065,274.49599923,278.41737065,28.56143631
2021-08-06,278.22129228,278.22129228,278.22129228,278.22129228,134.64677119
2021-08-09,278.41737065,278.41737065,277.4370278,277.4370278,16.32082075
2021-08-12,271.55497067,271.55497067,271.55497067,271.55497067,357.0179539
2021-08-13,276.45668494,277.4370278,266.70226374,277.4370278,1466.83376489
2021-08-17,278.41737065,282.33874207,277.4370278,277.4370278,2330.81721333
2021-08-19,277.4370278,279.34870616,277.4370278,279.34870616,18.36092334
2021-08-23,276.45668494,276.45668494,276.45668494,276.45668494,1020.05129686
2021-08-24,272.53531352,278.41737065,272.53531352,278.41737065,9.18046167
2021-08-25,272.58432086,277.87819188,267.63359925,277.87819188,521.2462127
2021-08-26,278.85853474,278.85853474,278.85853474,278.85853474,1.0200513
2021-08-27,269.6432923,280.32904902,269.6432923,280.32904902,5859.17464917
2021-08-30,271.94709801,271.94709801,271.94709801,271.94709801,54.06271873
2021-08-31,279.29966942,279.29966942,273.80974943,278.41737065,1025.15155335
2021-09-02,274.49599923,274.49599923,274.49599923,274.49599923,51.00256484
2021-09-03,278.36836331,278.36836331,278.36836331,278.36836331,510.02564843
2021-09-06,278.36836331,280.37805636,278.36836331,280.37805636,102.00512969
2021-09-08,277.4370278,277.4370278,276.45668494,276.45668494,1504.57566287
2021-09-09,274.98617066,282.33874207,274.49599923,282.33874207,2302.25577702
2021-09-13,276.50569228,276.55472903,276.50569228,276.55472903,30.60153891
2021-09-14,282.33874207,282.33874207,281.35839921,281.35839921,91.80461672
2021-09-15,276.75077799,279.3977135,275.47634209,279.3977135,1949.3180283
2021-09-16,280.37805636,280.37805636,280.37805636,280.37805636,1531.09699659
2021-09-17,284.29942778,291.16182776,284.29942778,290.57361224,12477.26746321
2021-09-20,289.20114205,289.20114205,289.20114205,289.20114205,265.21333718
2021-09-21,285.27977063,292.63234204,285.27977063,289.20114205,395.77990318
2021-09-22,290.67165633,296.06354203,290.67165633,295.08319917,14582.65333994
2021-09-23,294.10285632,299.00457059,294.10285632,299.00457059,5195.12125492
2021-09-24,294.10285632,306.84731343,294.10285632,306.84731343,19291.21012625
2021-09-27,295.67141469,307.82765628,295.67141469,303.90628486,249.91256773
2021-09-28,299.05357793,305.86697057,299.05357793,299.78883507,6178.45070509
2021-09-29,303.90628486,303.90628486,303.90628486,303.90628486,258.07297811
2021-09-30,303.90628486,315.67039912,303.90628486,315.67039912,16710.48034519
2021-10-01,315.67039912,318.61142768,308.80799914,308.80799914,7449.43462098
2021-10-04,318.61142768,318.61142768,308.90604322,309.88638608,972.10888591
2021-10-05,313.70971341,313.70971341,308.80799914,310.76868484,19751.25326114
2021-10-06,309.78834199,313.70971341,309.78834199,310.76868484,1425.01166172
2021-10-07,313.70971341,315.67039912,310.96476322,311.01377056,181.56913084
2021-10-08,312.72937055,317.63108483,311.7490277,311.7490277,2022.76172168
2021-10-11,312.72937055,312.72937055,311.7490277,311.7490277,51.00256484
2021-10-12,316.65074197,316.65074197,308.80799914,308.90604322,764.01842135
2021-10-13,309.29817056,313.70971341,308.90604322,313.70971341,5653.12428721
2021-10-14,310.76868484,313.70971341,310.76868484,313.70971341,1067.99370781
2021-10-15,308.80799914,315.52335749,307.82765628,314.64104892,2757.19865542
2021-10-18,309.93538362,318.61142768,309.78834199,318.61142768,32469.25283041
2021-10-22,314.78810035,326.45417052,314.78810035,326.45417052,42002.65225088
2021-10-25,320.57211339,331.35588479,320.57211339,331.35588479,1315.86617295
2021-10-26,331.35588479,333.3165705,328.41485622,329.5422407,33366.89797165
2021-10-27,333.3165705,342.13965619,333.3165705,341.60047742,706.89554873
2021-10-28,342.13965619,348.02171331,342.13965619,344.10034189,3932.2977494
2021-10-29,338.41436314,343.11999904,338.41436314,342.13965619,4624.91257997
2021-11-01,339.19862762,343.11999904,339.19862762,343.11999904,148.92748934
2021-11-02,342.13965619,342.13965619,342.13965619,342.13965619,2.04010259
2021-11-03,339.394706,339.394706,339.19862762,339.19862762,56.10282133
2021-11-04,335.2772562,335.2772562,333.3165705,333.3165705,2541.96783178
2021-11-05,333.3165705,338.07124314,333.02247744,333.02247744,1091.45488764
2021-11-08,332.33622764,332.33622764,332.33622764,332.33622764,5.10025648
2021-11-09,328.41485622,333.02247744,324.00331338,325.47382766,716.0760104
2021-11-10,333.07148478,333.07148478,333.07148478,333.07148478,15.30076945
2021-11-11,325.66990604,332.2872203,325.47382766,332.2872203,2127.82700525
2021-11-12,330.27749784,330.37554193,330.27749784,330.37554193,520.2261614
2021-11-15,326.5522146,333.21852641,326.45417052,333.21852641,90.78456542
2021-11-16,327.43451337,327.43451337,327.43451337,327.43451337,3060.15389059
2021-11-17,327.43451337,332.33622764,326.5522146,332.33622764,316.21590203
2021-11-19,328.41485622,329.39519908,328.41485622,328.41485622,5631.70320997
2021-11-22,332.33622764,332.33622764,328.41485622,332.23818355,12577.23249031
2021-11-23,328.41485622,328.90502765,328.41485622,328.90502765,713.01585651
2021-11-24,326.94434194,332.23818355,326.94434194,331.79704888,71.40359078
2021-11-26,328.41485622,328.41485622,323.51314195,323.51314195,13137.24065228
2021-11-29,323.51314195,323.51314195,322.5327991,322.97396319,6987.3513835
2021-11-30,322.97396319,328.41485622,316.65074197,328.41485622,5552.13920882
2021-12-01,327.43451337,327.43451337,327.14042032,327.14042032,169.32851528
2021-12-02,326.94434194,327.43451337,324.00331338,327.43451337,318.25600462
2021-12-03,324.19939175,328.41485622,323.51314195,328.41485622,6169.27024342
2021-12-06,325.47382766,330.86571336,324.49348481,324.49348481,453.9228271
2021-12-07,323.51314195,323.51314195,323.51314195,323.51314195,3.06015389
2021-12-08,322.5327991,326.45417052,322.5327991,326.45417052,147.90743804
2021-12-09,326.40516318,327.43451337,323.51314195,327.43451337,821.14129397
2021-12-10,327.43451337,332.33622764,327.43451337,332.33622764,2471.5842923
2021-12-13,332.33622764,332.33622764,332.33622764,332.33622764,204.01025937
2021-12-15,332.23818355,332.23818355,331.35588479,331.35588479,288.67451701
2021-12-16,325.47382766,331.35588479,325.47382766,331.35588479,216.25087493
2021-12-20,323.51314195,326.45417052,323.51314195,326.45417052,333.55677407
2021-12-21,324.49348481,328.41485622,323.51314195,328.41485622,840.52226861
2021-12-22,323.56214929,328.31681214,323.56214929,328.31681214,1336.26719889
2021-12-23,325.37578357,327.43451337,325.37578357,327.43451337,3876.19492808
2021-12-24,327.38550603,327.38550603,327.38550603,327.38550603,2244.1128531
2021-12-27,325.47382766,327.43451337,324.00331338,327.43451337,4021.04221223
2021-12-28,330.37554193,330.37554193,323.61118604,323.61118604,729.33667726
2021-12-29,331.35588479,331.35588479,331.2578407,331.2578407,2040.10259372
2021-12-30,330.37554193,330.37554193,330.37554193,330.37554193,5100.25648431
2021-12-31,331.2578407,332.33622764,326.65024889,332.33622764,16958.35281033
2022-01-05,327.43451337,327.43451337,327.43451337,327.43451337,61.20307781
2022-01-06,332.33622764,333.3165705,329.49324317,333.3165705,547.76754641
2022-01-07,329.49324317,342.09064885,328.41485622,342.09064885,16058.6675665
2022-01-10,342.13965619,342.13965619,342.13965619,342.13965619,10.20051297
2022-01-12,340.96323496,342.09064885,340.17897048,342.09064885,5103.3166382
2022-01-13,341.15931333,343.11999904,341.15931333,341.15931333,5324.66776962
2022-01-14,343.11999904,343.11999904,341.20832067,343.11999904,11737.73027299
2022-01-17,338.21828477,343.11999904,338.21828477,342.62982761,21.42107723
2022-01-18,344.10034189,351.94308473,344.10034189,348.02171331,22614.53725143
2022-01-19,348.51188474,348.51188474,338.21828477,347.04137046,10710.53861705
2022-01-20,347.04137046,347.04137046,343.11999904,343.11999904,212.17066975
2022-01-21,343.11999904,346.0610276,343.11999904,346.0610276,13101.53885689
2022-01-24,343.11999904,343.11999904,341.15931333,342.13965619,2952.02845312
2022-01-25,342.13965619,343.11999904,341.15931333,343.11999904,1382.16950725
2022-01-26,335.2772562,342.13965619,335.2772562,342.13965619,95.88482191
2022-01-27,338.31632886,340.17897048,338.31632886,340.17897048,2235.95244272
2022-01-28,340.17897048,342.13965619,340.17897048,342.13965619,950.68780868
2022-01-31,338.21828477,338.21828477,338.21828477,338.21828477,4.08020519
2022-02-01,339.73780639,342.13965619,339.68879905,339.68879905,28.56143631
2022-02-02,340.17897048,343.11999904,340.17897048,343.11999904,1887.09489919
2022-02-03,342.62982761,343.11999904,342.62982761,343.11999904,138.72697637
2022-02-04,348.02171331,348.02171331,343.11999904,343.11999904,5777.57054543
2022-02-07,343.11999904,343.11999904,343.11999904,343.11999904,10.20051297
2022-02-08,339.19862762,339.19862762,339.19862762,339.19862762,204.01025937
2022-02-09,342.13965619,343.21804313,342.13965619,343.21804313,1938.09746404
2022-02-10,351.4529133,351.4529133,343.11999904,351.35486921,461811.90383347
2022-02-11,351.35486921,351.35486921,347.04137046,348.02171331,424.34133949
2022-02-14,346.15907169,352.43325616,343.11999904,343.11999904,3984.32036554
2022-02-15,351.4529133,351.4529133,351.4529133,351.4529133,2.04010259
2022-02-16,341.15931333,341.15931333,341.15931333,341.15931333,15.30076945
2022-02-17,341.55144067,342.13965619,341.40439904,342.13965619,1601.48053607
2022-02-18,343.11999904,348.02171331,343.11999904,348.02171331,10302.51809831
2022-02-22,344.68855741,344.68855741,344.10034189,344.10034189,1229.16181272
2022-02-23,340.6691419,343.11999904,340.6691419,343.11999904,5115.55725376
2022-02-24,341.01227171,341.15931333,330.37554193,340.17897048,5672.50526185
2022-02-25,319.78784891,348.02171331,319.78784891,348.02171331,2661.31383351
2022-02-28,350.96274188,350.96274188,350.96274188,350.96274188,102.00512969
2022-03-01,348.02171331,348.02171331,348.02171331,348.02171331,6.12030778
2022-03-02,343.11999904,347.04137046,343.11999904,347.04137046,157.08789972
2022-03-04,343.11999904,348.02171331,333.41461458,348.02171331,3384.53020299
2022-03-07,345.08068475,345.08068475,345.08068475,345.08068475,111.18559136
2022-03-08,343.11999904,343.11999904,324.49348481,333.3165705,27130.30434264
2022-03-09,331.35588479,341.06126924,331.35588479,334.29691335,14186.87343676
2022-03-10,334.29691335,334.29691335,334.29691335,334.29691335,7650.38472646
2022-03-11,338.21828477,338.21828477,333.3165705,338.21828477,5517.45746473
2022-03-14,343.11999904,343.11999904,335.2772562,335.2772562,51.00256484
2022-03-15,335.2772562,335.2772562,333.3165705,333.3165705,183.60923344
2022-03-16,335.2772562,335.2772562,335.2772562,335.2772562,510.02564843
2022-03-17,335.2772562,335.32626354,335.2772562,335.32626354,1740.20751245
2022-03-18,335.2772562,338.21828477,335.2772562,338.21828477,2282.87480238
2022-03-21,335.2772562,336.25759906,333.3165705,336.25759906,3559.97902605
2022-03-22,334.29691335,334.29691335,333.3165705,333.3165705,10412.68363837
2022-03-23,336.25759906,337.23794191,323.51314195,323.51314195,1871.79412974
2022-03-24,325.96399909,325.96399909,325.96399909,325.96399909,3155.01866119
2022-03-25,325.47382766,333.3165705,323.51314195,333.3165705,3173.37958454
2022-03-29,338.21828477,341.15931333,333.3165705,333.3165705,2998.95081277
2022-03-30,336.25759906,336.25759906,336.25759906,336.25759906,164.22825879
2022-03-31,339.19862762,339.19862762,337.23794191,337.23794191,11259.32621476
2022-04-05,335.2772562,335.2772562,335.2772562,335.2772562,100.98507839
2022-04-06,338.21828477,338.21828477,336.25759906,337.23794191,15714.91027945
2022-04-07,337.23794191,337.63006925,328.6109346,337.63006925,412.10072393
2022-04-08,333.3165705,338.21828477,333.3165705,337.23794191,10214.79368677
2022-04-11,337.23794191,337.23794191,337.23794191,337.23794191,102.00512969
2022-04-12,333.3165705,337.23794191,329.39519908,337.23794191,84.66425764
2022-04-13,337.23794191,337.23794191,337.23794191,337.23794191,2926.5271707
2022-04-15,337.335986,337.335986,337.23794191,337.23794191,2397.12054763
2022-04-18,338.02220639,338.21828477,338.02220639,338.21828477,4692.23596556
2022-04-19,337.23794191,338.21828477,328.41485622,338.21828477,1825.89182138
2022-04-20,338.21828477,338.21828477,338.21828477,338.21828477,2519.52670325
2022-04-21,329.68929213,330.52258356,329.68929213,330.37554193,1351.56796834
2022-04-22,330.66963499,330.66963499,330.47358602,330.47358602,10.20051297
2022-04-25,339.00254925,339.00254925,339.00254925,339.00254925,40.80205187
2022-04-26,338.21828477,338.21828477,338.21828477,338.21828477,3648.72348887
2022-04-27,331.45392888,331.45392888,329.88537051,329.88537051,153.00769453
2022-04-28,334.29691335,334.29691335,334.29691335,334.29691335,4.08020519
2022-04-29,334.29691335,334.29691335,333.3165705,333.3165705,3025.47214649
2022-05-04,337.63006925,337.63006925,337.63006925,337.63006925,2.04010259
2022-05-05,335.2772562,335.2772562,335.2772562,335.2772562,10.20051297
2022-05-06,337.23794191,337.23794191,337.23794191,337.23794191,4.08020519
2022-05-09,330.37554193,330.37554193,330.37554193,330.37554193,12.24061556
2022-05-10,331.45392888,331.45392888,318.61142768,318.61142768,6730.29845669
2022-05-11,321.06228482,328.41485622,321.06228482,328.41485622,3.06015389
2022-05-12,323.56214929,330.27749784,323.56214929,328.41485622,107.10538617
2022-05-13,328.41485622,329.39519908,328.41485622,328.41485622,319.27605592
2022-05-17,330.27749784,330.27749784,323.51314195,325.47382766,500.84518676
2022-05-18,323.51314195,325.42482032,315.76844321,325.42482032,1051.67288706
2022-05-19,325.47382766,325.47382766,322.5327991,322.5327991,407.00046745
2022-05-20,321.55245624,323.51314195,318.61142768,323.51314195,1907.49592513
2022-05-23,323.51314195,323.51314195,313.70971341,313.70971341,303.97528646
2022-05-24,313.90579178,318.12125625,308.80799914,308.80799914,1247.52273606
2022-05-25,313.70971341,313.70971341,308.85700648,313.70971341,664.05339426
2022-05-26,309.78834199,313.70971341,295.27927755,313.70971341,2501.16577991
2022-05-27,323.2190489,323.2190489,313.70971341,320.57211339,2341.0177263
2022-05-30,323.02297052,323.02297052,322.92492644,322.92492644,38.76194928
2022-05-31,313.70971341,315.76844321,313.70971341,315.67039912,382.51923632
2022-06-01,315.76844321,315.76844321,315.67039912,315.67039912,48.96246225
2022-06-03,314.69005626,328.41485622,314.69005626,328.41485622,2084.98485079
2022-06-07,323.51314195,328.41485622,323.51314195,323.51314195,5792.87131488
2022-06-08,328.41485622,328.41485622,328.41485622,328.41485622,20.40102594
2022-06-10,323.51314195,328.41485622,323.51314195,328.41485622,1972.77920813
2022-06-13,319.59177053,327.38550603,318.61142768,327.38550603,170.34856658
2022-06-14,319.59177053,319.59177053,313.70971341,313.70971341,1877.91443752
2022-06-15,313.70971341,322.5327991,313.70971341,322.5327991,103.02518098
2022-06-16,318.61142768,318.61142768,313.70971341,316.65074197,571329.71132104
2022-06-17,316.65074197,316.65074197,311.7490277,316.65074197,2241.05269921
2022-06-20,316.65074197,316.65074197,316.65074197,316.65074197,2.04010259
2022-06-22,314.69005626,314.69005626,314.19988484,314.19988484,2350.19818797
2022-06-23,309.78834199,311.7490277,303.90628486,303.90628486,56685.27061791
2022-06-24,303.90628486,313.70971341,301.94559916,313.70971341,10679.93707814
2022-06-28,313.70971341,313.70971341,313.70971341,313.70971341,9.18046167
2022-06-30,313.70971341,317.63108483,306.84731343,311.7490277,288.67451701
2022-07-01,306.84731343,306.84731343,303.90628486,303.90628486,1046.57263058
2022-07-04,301.94559916,307.77864894,299.00457059,307.77864894,17.34087205
2022-07-05,299.00457059,299.00457059,299.00457059,299.00457059,45.90230836
2022-07-06,298.02422774,300.9652563,294.10285632,300.9652563,8554.15017548
2022-07-07,306.60222771,306.60222771,306.60222771,306.60222771,5.10025648
2022-07-08,303.90628486,303.90628486,303.90628486,303.90628486,15.30076945
2022-07-13,302.92594201,302.92594201,298.02422774,298.02422774,10251.51553346
2022-07-14,302.92594201,303.90628486,298.31832079,298.31832079,71.40359078
2022-07-15,303.90628486,303.90628486,303.90628486,303.90628486,3060.15389059
2022-07-18,303.90628486,303.90628486,295.08319917,303.90628486,5101.27653561
2022-07-19,304.88662772,304.88662772,301.94559916,301.94559916,206.05036197
2022-07-20,303.90628486,303.90628486,301.94559916,301.94559916,1514.77617584
2022-07-21,297.04388488,297.04388488,296.16158612,296.16158612,122.40615562
2022-07-22,306.84731343,306.84731343,303.90628486,303.90628486,1628.00186979
2022-07-27,305.86697057,305.86697057,303.90628486,303.90628486,244.81231125
2022-07-29,305.86697057,308.80799914,305.86697057,308.80799914,208.09046456
2022-08-01,299.98491345,305.86697057,297.33797794,305.86697057,561.02821327
2022-08-05,303.90628486,303.90628486,301.94559916,301.94559916,191.76964381
2022-08-08,299.34770039,299.34770039,297.04388488,297.04388488,1159.79832453
2022-08-09,307.82765628,307.82765628,307.82765628,307.82765628,66.3033343
2022-08-10,307.82765628,307.82765628,299.00457059,307.82765628,165.24831009
2022-08-11,308.80799914,308.80799914,308.80799914,308.80799914,51.00256484
2022-08-12,305.86697057,309.78834199,303.90628486,308.70995505,15464.99771172
2022-08-15,308.80799914,308.80799914,308.80799914,308.80799914,102.00512969
2022-08-16,311.7490277,311.7490277,305.86697057,305.86697057,124.44625822
2022-08-17,307.82765628,308.80799914,307.82765628,308.80799914,10277.01681588
2022-08-18,308.80799914,308.80799914,308.80799914,308.80799914,61.20307781
2022-08-19,311.7490277,311.7490277,308.80799914,308.80799914,4071.02472578
2022-08-22,309.78834199,311.70002036,309.78834199,311.70002036,2208.41105771
2022-08-23,308.80799914,308.80799914,303.90628486,303.90628486,35.70179539
2022-08-24,311.65098361,311.65098361,311.65098361,311.65098361,6.12030778
2022-08-25,310.71967751,310.71967751,310.71967751,310.71967751,2626.63208942
2022-08-26,311.65098361,311.70002036,309.78834199,309.78834199,1131.23688822
2022-08-29,309.78834199,309.78834199,303.90628486,303.90628486,662.01329166
2022-08-31,310.76868484,310.76868484,310.76868484,310.76868484,10186.23225046
2022-09-01,304.88662772,304.88662772,303.90628486,303.90628486,392.71974929
2022-09-02,305.76892648,313.70971341,303.90628486,313.70971341,1927.89695107
2022-09-06,308.80799914,308.90604322,308.80799914,308.90604322,1122.05642655
2022-09-07,313.56267178,313.61166932,313.56267178,313.61166932,8.16041037
2022-09-09,313.61166932,313.61166932,311.7490277,311.7490277,90.78456542
2022-09-12,312.72937055,312.72937055,312.72937055,312.72937055,10.20051297
2022-09-13,307.82765628,313.61166932,307.82765628,312.72937055,7446.37446709
2022-09-14,313.70971341,313.70971341,313.70971341,313.70971341,61.20307781
2022-09-16,313.70971341,314.59201217,313.70971341,313.70971341,9938.35978533
2022-09-19,313.70971341,313.70971341,313.70971341,313.70971341,1706.54581965
2022-09-20,313.70971341,317.43500645,313.70971341,317.43500645,520.2261614
2022-09-21,313.70971341,313.70971341,313.70971341,313.70971341,8263.43555588
2022-09-22,313.70971341,316.65074197,313.70971341,316.65074197,6600.75194199
2022-09-23,314.00380646,316.65074197,313.70971341,316.65074197,6426.32317023
2022-09-26,309.78834199,316.65074197,309.78834199,316.65074197,215.23082364
2022-09-27,316.65074197,316.65074197,313.70971341,313.70971341,2046.2229015
2022-09-28,309.78834199,309.78834199,307.0433918,307.0433918,1536.19725307
2022-09-29,304.39645629,311.65098361,303.90628486,303.90628486,3967.99954479
2022-09-30,311.65098361,311.65098361,294.10285632,303.90628486,36966.65899827
2022-10-03,303.90628486,303.90628486,294.10285632,294.10285632,11596.96319402
2022-10-04,294.15186366,294.15186366,293.12251347,293.12251347,81.60410375
2022-10-06,293.61268489,294.10285632,293.61268489,294.10285632,373.33877465
2022-10-07,300.47508487,308.80799914,300.47508487,308.80799914,291.7346709
2022-10-11,310.71967751,310.71967751,310.71967751,310.71967751,2.04010259
2022-10-12,303.90628486,303.90628486,303.90628486,303.90628486,57.12287262
2022-10-13,301.94559916,301.94559916,294.29893469,294.29893469,421.2811856
2022-10-14,296.06354203,296.06354203,293.1715208,294.10285632,6911.86758754
2022-10-17,294.10285632,294.10285632,291.16182776,293.12251347,1128.17673433
2022-10-18,290.23049224,290.27952899,290.23049224,290.27952899,158.10795101
2022-10-19,291.16182776,291.16182776,291.16182776,291.16182776,1020.05129686
2022-10-20,291.16182776,291.16182776,284.29942778,284.29942778,13766.61230245
2022-10-21,284.25042044,284.25042044,279.3977135,282.33874207,1861.59361677
2022-10-24,284.29942778,284.29942778,284.29942778,284.29942778,521.2462127
2022-10-25,284.29942778,284.29942778,280.37805636,284.29942778,529.40662307
2022-10-26,284.29942778,284.29942778,279.3977135,279.3977135,13068.89721539
2022-10-27,277.4370278,284.29942778,275.47634209,284.20138369,24089.53142669
2022-10-28,292.14217061,292.14217061,292.14217061,292.14217061,5.10025648
2022-10-31,286.26011348,299.00457059,284.29942778,284.29942778,5199.20146011
2022-11-02,298.80849222,298.80849222,294.10285632,294.10285632,3.06015389
2022-11-03,294.10285632,294.10285632,284.39747186,284.39747186,1212.84099197
2022-11-04,300.9652563,300.9652563,300.9652563,300.9652563,102.00512969
2022-11-07,300.9652563,301.45542773,300.9652563,301.45542773,102.00512969
2022-11-08,301.45542773,301.45542773,300.9652563,300.9652563,11.22056427
2022-11-09,294.74006937,294.74006937,294.10285632,294.10285632,330.49662018
2022-11-10,293.90677795,293.90677795,282.33874207,282.33874207,2024.80182427
2022-11-11,290.67165633,292.92643509,290.67165633,292.92643509,22033.10801222
2022-11-14,293.90677795,294.00481223,293.90677795,294.00481223,20.40102594
2022-11-15,276.4076776,279.3977135,276.4076776,279.3977135,12629.25510645
2022-11-16,283.31908492,284.29942778,278.41737065,278.41737065,6213.13244919
2022-11-17,277.53507188,285.8189494,277.53507188,278.41737065,15432.35607022
2022-11-21,288.17179185,293.90677795,286.26011348,286.30912082,10916.58897902
2022-11-22,286.35815757,290.1814849,284.34843512,284.34843512,19192.26515046
2022-11-23,284.59352083,284.59352083,284.59352083,284.59352083,2.04010259
2022-11-24,289.98540653,290.1814849,289.98540653,290.1814849,25736.91427112
2022-11-25,287.24045634,293.61268489,287.24045634,287.73062777,557.96805938
2022-11-28,286.30912082,294.10285632,285.37781472,294.10285632,8454.18514839
2022-11-29,289.44622776,308.80799914,283.07399921,308.80799914,1219.98135105
2022-11-30,303.90628486,303.90628486,291.16182776,291.16182776,91.80461672
2022-12-02,291.45592081,303.75924324,291.16182776,291.16182776,1091.45488764
2022-12-05,292.19117795,292.19117795,291.16182776,291.16182776,145.86733545
2022-12-06,294.59302775,299.88686936,291.16182776,299.88686936,1006.79063
2022-12-08,299.00457059,299.00457059,294.10285632,294.10285632,136.68687378
2022-12-09,299.00457059,302.92594201,294.64203509,294.64203509,10669.73656518
2022-12-12,299.00457059,299.00457059,294.20090041,294.29893469,402.92026226
2022-12-13,298.95556325,298.95556325,298.95556325,298.95556325,15.30076945
2022-12-14,295.08319917,295.08319917,295.08319917,295.08319917,20.40102594
2022-12-15,295.37729223,298.02422774,295.08319917,298.02422774,256.03287551
2022-12-16,303.80824078,303.80824078,291.16182776,291.16182776,887.44462827
2022-12-20,284.29942778,298.02422774,284.29942778,298.02422774,308.05549165
2022-12-21,285.27977063,285.32877797,285.27977063,285.27977063,163.2082075
2022-12-22,285.27977063,289.20114205,284.29942778,289.20114205,3982.28026295
2022-12-23,291.16182776,291.16182776,288.22079919,288.22079919,20645.83824848
2022-12-26,284.88764329,294.00481223,284.88764329,294.00481223,30.60153891
2022-12-27,287.24045634,294.00481223,287.24045634,294.00481223,316.21590203
2022-12-29,284.29942778,284.29942778,284.29942778,284.29942778,1020.05129686
2022-12-30,294.10285632,298.02422774,284.34843512,298.02422774,15313.01006849
2023-01-03,289.20114205,289.20114205,289.20114205,289.20114205,3015.27163352
2023-01-04,289.20114205,289.20114205,289.20114205,289.20114205,7.14035908
2023-01-05,289.20114205,294.10285632,276.45668494,276.45668494,4407.64165374
2023-01-06,292.63234204,292.63234204,289.10309796,289.10309796,4.08020519
2023-01-09,284.29942778,284.29942778,284.29942778,284.29942778,15.30076945
2023-01-10,284.29942778,288.61292653,284.29942778,288.61292653,8.16041037
2023-01-13,288.61292653,297.04388488,286.75028491,296.06354203,20682.56009517
2023-01-17,288.22079919,288.22079919,288.22079919,288.22079919,5110.45699728
2023-01-18,288.22079919,296.84780651,288.22079919,294.10285632,5125.75776673
2023-01-19,287.24045634,287.24045634,287.24045634,287.24045634,2054.38331188
2023-01-20,284.34843512,294.05384898,284.29942778,294.05384898,25.50128242
2023-01-23,296.01453469,296.01453469,284.29942778,294.10285632,231.55164439
2023-01-26,284.34843512,284.34843512,284.34843512,284.34843512,3.06015389
2023-01-27,284.29942778,284.29942778,280.37805636,280.37805636,3210.10143122
2023-01-30,284.29942778,284.29942778,284.29942778,284.29942778,114.24574525
2023-01-31,284.29942778,292.63234204,284.29942778,292.63234204,44.88225706
2023-02-01,276.45668494,291.01478613,276.45668494,289.15213471,841.54231991
2023-02-02,287.24045634,290.62264899,281.35839921,281.35839921,2257.37351996
2023-02-03,289.05410042,289.05410042,289.05410042,289.05410042,10.20051297
2023-02-06,281.40740655,288.71097062,281.40740655,284.29942778,75.48379597
2023-02-07,289.10309796,289.15213471,284.29942778,284.29942778,303.97528646
2023-02-08,292.09316327,292.09316327,292.09316327,292.09316327,4.08020519
2023-02-09,292.14217061,297.04388488,289.20114205,297.04388488,22001.48642201
2023-02-10,295.08319917,295.08319917,289.20114205,289.20114205,1071.0538617
2023-02-13,296.50470612,296.50470612,296.50470612,296.50470612,7.14035908
2023-02-14,287.77963511,287.77963511,287.73062777,287.73062777,54.06271873
2023-02-15,286.26011348,296.45566937,286.26011348,287.24045634,34.68174409
2023-02-16,294.10285632,294.10285632,294.10285632,294.10285632,5.10025648
2023-02-17,286.35815757,294.10285632,286.26011348,294.10285632,784.41944729
2023-02-20,286.26011348,286.26011348,286.26011348,286.26011348,183.60923344
2023-02-21,288.22079919,294.10285632,288.22079919,294.10285632,33.6616928
2023-02-22,293.12251347,296.06354203,293.12251347,296.06354203,12401.78366725
2023-02-23,296.55371346,296.55371346,288.26980653,294.10285632,1026.17160464
2023-02-24,296.55371346,311.55294932,296.55371346,311.55294932,28540.0152349
2023-02-27,312.23919913,318.61142768,309.78834199,313.21954198,1663.70366518
2023-02-28,314.19988484,318.51338359,308.80799914,318.51338359,1130.21683692
2023-03-01,318.61142768,318.61142768,309.78834199,310.76868484,10724.81933521
2023-03-02,318.12125625,318.12125625,310.76868484,310.76868484,4589.21078458
2023-03-03,309.78834199,310.76868484,309.78834199,310.76868484,2253.29331477
2023-03-06,309.78834199,309.78834199,309.78834199,309.78834199,162.1881562
2023-03-07,309.78834199,309.78834199,308.80799914,308.80799914,62.22312911
2023-03-08,302.14167753,308.80799914,302.14167753,308.80799914,1607.60084385
2023-03-09,309.78834199,309.78834199,302.43577058,302.43577058,15020.25534629
2023-03-10,308.80799914,308.80799914,294.20090041,294.20090041,1173.05899139
2023-03-14,296.06354203,303.90628486,294.20090041,303.90628486,3125.43717358
2023-03-15,303.90628486,303.90628486,303.90628486,303.90628486,555.92795679
2023-03-16,299.05357793,299.05357793,299.05357793,299.05357793,1.0200513
2023-03-17,299.64178364,307.63157791,299.64178364,302.92594201,2763.3189632
2023-03-20,302.92594201,302.92594201,302.92594201,302.92594201,76.50384726
2023-03-21,299.49474202,299.49474202,299.49474202,299.49474202,7.14035908
2023-03-22,302.92594201,304.88662772,302.92594201,304.88662772,1747.34787152
2023-03-23,306.84731343,306.84731343,299.98491345,299.98491345,18.36092334
2023-03-24,305.86697057,305.86697057,299.98491345,303.90628486,615.09093201
2023-03-28,299.00457059,305.86697057,298.07323508,303.90628486,2448.12311247
2023-03-29,303.90628486,305.86697057,303.90628486,305.86697057,408.02051874
2023-03-30,301.94559916,304.88662772,299.15161222,303.90628486,387.61949281
2023-03-31,305.86697057,306.84731343,299.29866364,306.84731343,1022.09139946
2023-04-03,299.98491345,299.98491345,299.10261468,299.10261468,163.2082075
2023-04-05,300.03392079,306.65123505,300.03392079,306.65123505,113.22569395
2023-04-06,300.13195507,303.90628486,300.13195507,303.90628486,687.51457408
2023-04-07,306.74926934,306.74926934,300.9652563,300.9652563,23.46117983
2023-04-10,303.90628486,303.90628486,303.90628486,303.90628486,331.51667148
2023-04-11,300.03392079,300.03392079,300.03392079,300.03392079,61.20307781
2023-04-12,306.7002718,306.84731343,303.90628486,306.84731343,11254.22595828
2023-04-13,300.22999916,306.84731343,300.08295754,301.94559916,81.60410375
2023-04-14,300.13195507,306.84731343,300.13195507,306.84731343,99.96502709
2023-04-17,300.9652563,307.77864894,300.9652563,303.07298363,336.61692796
2023-04-18,301.94559916,307.82765628,301.94559916,307.82765628,7091.39661578
2023-04-19,301.94559916,306.84731343,301.94559916,306.84731343,6.12030778
2023-04-20,303.90628486,305.86697057,301.94559916,305.86697057,4105.70646987
2023-04-21,303.90628486,305.86697057,302.04364324,305.86697057,3773.16974709
2023-04-25,305.86697057,305.86697057,305.86697057,305.86697057,1020.05129686
2023-04-26,305.86697057,305.86697057,305.86697057,305.86697057,846.6425764
2023-04-27,305.86697057,307.82765628,305.86697057,307.82765628,1616.78130553
2023-04-28,307.87666362,307.87666362,307.87666362,307.87666362,1305.66565998
2023-05-02,307.87666362,307.87666362,307.87666362,307.87666362,1858.53346288
2023-05-03,307.87666362,307.87666362,307.87666362,307.87666362,561.02821327
2023-05-04,307.97469791,308.31782771,307.97469791,308.31782771,2508.30613898
2023-05-05,308.02373466,313.70971341,308.02373466,313.70971341,2980.58988943
2023-05-08,308.46486933,313.70971341,308.36683505,313.70971341,520.2261614
2023-05-09,308.4158718,308.51390608,308.36683505,308.46486933,1331.1669424
2023-05-10,308.36683505,308.36683505,308.36683505,308.36683505,51.00256484
2023-05-11,308.36683505,313.70971341,308.36683505,313.70971341,18186.49457175
2023-05-12,308.90604322,323.51314195,308.80799914,323.51314195,1339.32735278
2023-05-15,314.69005626,322.5327991,309.05308485,313.70971341,1900.35556605
2023-05-16,310.96476322,311.84707179,310.76868484,311.84707179,3070.35440355
2023-05-17,313.70971341,313.8077575,313.70971341,313.8077575,215.23082364
2023-05-18,318.51338359,318.61142768,318.51338359,318.61142768,143.82723286
2023-05-19,320.57211339,323.51314195,320.57211339,323.51314195,669.15365074
2023-05-22,315.67039912,323.51314195,315.67039912,323.51314195,6.12030778
2023-05-23,323.51314195,338.21828477,323.51314195,333.3165705,29496.82335136
2023-05-24,336.25759906,343.11999904,333.3165705,342.53178352,7109.75753913
2023-05-25,335.2772562,342.62982761,335.2772562,342.62982761,6004.02193333
2023-05-26,335.47333458,348.02171331,335.47333458,348.02171331,8637.79438183
2023-05-29,346.94332637,347.04137046,346.0610276,347.04137046,10648.31548794
2023-05-30,346.0610276,348.02171331,343.11999904,348.02171331,2215.55141678
2023-05-31,348.90401208,354.88411329,348.90401208,352.92342758,39025.12251534
2023-06-01,354.39394187,354.39394187,349.00205617,352.8253835,250.93261903
2023-06-02,352.8253835,352.8253835,349.00205617,349.00205617,105.06528358
2023-06-05,343.11999904,345.08068475,343.11999904,345.08068475,62.22312911
2023-06-06,344.10034189,348.02171331,343.11999904,348.02171331,2925.5071194
2023-06-07,343.11999904,352.92342758,343.11999904,348.02171331,8643.91468961
2023-06-08,343.31607741,348.02171331,340.17897048,348.02171331,11516.37914157
2023-06-09,343.11999904,350.96274188,343.11999904,350.96274188,40.80205187
2023-06-12,343.11999904,352.87442024,343.11999904,352.87442024,2231.87223753
2023-06-13,344.10034189,352.87442024,343.11999904,352.87442024,1139.39729859
2023-06-14,350.96274188,352.92342758,350.96274188,352.92342758,17104.22014578
2023-06-15,348.02171331,358.80548471,348.02171331,358.80548471,13319.82983442
2023-06-16,354.98215738,357.82514186,354.98215738,357.82514186,8995.83238702
2023-06-19,344.68855741,361.74651327,344.68855741,361.74651327,3346.788305
2023-06-20,345.08068475,369.58925611,345.08068475,369.58925611,7632.02380312
2023-06-21,358.80548471,366.64822755,358.80548471,358.80548471,2218.61157067
2023-06-22,366.45214917,366.64822755,354.88411329,354.88411329,2438.9426508
2023-06-23,358.80548471,358.80548471,345.17872884,355.86445615,28512.47384988
2023-06-27,361.50142756,361.50142756,361.50142756,361.50142756,5.10025648
2023-06-28,361.06026347,361.06026347,361.06026347,361.06026347,5.10025648
2023-07-03,355.91346349,360.66812633,355.86445615,355.86445615,86.70436023
2023-07-04,352.92342758,352.92342758,352.92342758,352.92342758,2.04010259
2023-07-05,351.89407739,351.94308473,350.96274188,351.94308473,212.17066975
2023-07-06,348.02171331,351.94308473,343.31607741,351.94308473,1086.35463116
2023-07-07,338.21828477,351.94308473,333.3165705,351.94308473,1931.97715626
2023-07-10,348.02171331,348.02171331,348.02171331,348.02171331,5100.25648431
2023-07-11,344.10034189,344.10034189,344.10034189,344.10034189,10969.63164645
2023-07-12,344.10034189,344.10034189,344.10034189,344.10034189,10200.51296862
2023-07-14,343.11999904,344.10034189,343.11999904,343.11999904,8521.50853398
2023-07-17,343.11999904,343.11999904,343.11999904,343.11999904,75.48379597
2023-07-18,344.10034189,344.10034189,344.10034189,344.10034189,10200.51296862
2023-07-20,348.75697045,348.75697045,348.75697045,348.75697045,2.04010259
2023-07-21,349.00205617,349.00205617,339.19862762,349.00205617,4342.35837074
2023-07-24,343.11999904,346.0610276,343.11999904,346.0610276,11277.6871381
2023-07-25,344.10034189,346.55119903,343.11999904,343.11999904,435.56190376
2023-07-27,349.98239902,349.98239902,349.98239902,349.98239902,510.02564843
2023-07-28,347.53154188,357.82514186,347.53154188,357.82514186,11845.85571046
2023-07-31,357.33497043,357.33497043,357.33497043,357.33497043,233.59174698
2023-08-01,356.844799,361.74651327,356.844799,361.74651327,1693.28515279
2023-08-02,361.64846918,361.64846918,352.92342758,361.59947165,11320.52929257
2023-08-03,360.76617042,360.76617042,353.90377044,353.90377044,5110.45699728
2023-08-04,353.90377044,353.90377044,353.90377044,353.90377044,5100.25648431
2023-08-07,357.82514186,357.82514186,352.92342758,352.92342758,73.44369337
2023-08-08,352.92342758,356.844799,352.92342758,352.92342758,1051.67288706
2023-08-09,352.92342758,352.92342758,352.92342758,352.92342758,1132.25693952
2023-08-10,348.07072065,354.88411329,348.07072065,348.07072065,95.88482191
2023-08-11,352.92342758,352.92342758,350.96274188,350.96274188,1630.04197239
2023-08-15,352.92342758,352.92342758,352.92342758,352.92342758,1.0200513
2023-08-16,343.31607741,352.8253835,343.21804313,352.8253835,13.26066686
2023-08-17,343.36508475,343.36508475,341.64948476,341.64948476,435.56190376
2023-08-18,352.77638596,352.8253835,342.7278717,352.8253835,1009.85078389
2023-08-22,343.61017047,343.61017047,343.61017047,343.61017047,47.94241095
2023-08-23,344.10034189,344.10034189,341.15931333,341.15931333,821.14129397
2023-08-24,345.08068475,345.08068475,345.08068475,345.08068475,115.26579655
2023-08-25,343.11999904,349.00205617,328.41485622,343.11999904,4208.73165085
2023-08-28,348.80597779,348.80597779,338.21828477,343.11999904,6443.66404228
2023-08-29,348.51188474,348.51188474,348.51188474,348.51188474,255.01282422
2023-08-30,348.4628774,349.49222759,348.4628774,349.49222759,244.81231125
2023-08-31,354.39394187,367.6285704,352.92342758,367.57956306,20566.27424733
2023-09-01,367.53052631,367.53052631,358.9035288,358.9035288,8914.22828328
2023-09-04,363.70719898,363.70719898,358.02122023,358.80548471,5113.51715117
2023-09-05,360.76617042,360.76617042,356.844799,357.04087738,3685.44533556
2023-09-06,353.90377044,362.62881204,353.90377044,362.62881204,6321.25788665
2023-09-07,362.67784879,362.67784879,353.21752064,354.19786349,1917.6964381
2023-09-08,362.62881204,362.62881204,356.844799,356.844799,4287.27560071
2023-09-11,362.62881204,362.62881204,352.92342758,352.92342758,338.65703056
2023-09-12,343.26704066,352.97243492,343.26704066,352.97243492,807.88062711
2023-09-13,352.92342758,352.92342758,352.92342758,352.92342758,745.65749801
2023-09-14,352.92342758,352.92342758,352.92342758,352.92342758,183.60923344
2023-09-15,357.82514186,371.54994182,352.97243492,371.54994182,4767.71976153
2023-09-18,363.9522847,363.9522847,359.00156308,362.77586347,635.49195794
2023-09-19,362.77586347,368.60891325,362.72685613,366.25610021,592.64980348
2023-09-20,363.70719898,372.53028467,358.80548471,372.53028467,1836.09233435
2023-09-21,367.6285704,373.51062753,367.6285704,373.51062753,11210.36375251
2023-09-22,367.6285704,379.39268465,367.6285704,379.34367731,1879.95454012
2023-09-25,372.53028467,378.4123418,363.70719898,377.43199894,690.57472798
2023-09-26,372.53028467,377.3829916,372.53028467,377.3829916,435.56190376
2023-09-27,377.3829916,378.4123418,377.3829916,378.4123418,5690.86618519
2023-10-02,378.4123418,378.4123418,378.4123418,378.4123418,1656.5633061
2023-10-03,374.49097038,374.49097038,361.74651327,361.74651327,7187.28143769
2023-10-04,353.90377044,370.56959896,353.90377044,370.56959896,124.44625822
2023-10-05,391.15679891,392.77435481,380.42203485,392.77435481,17017.51578555
2023-10-06,399.93087726,399.93087726,394.09782747,394.09782747,4047.56354595
2023-10-09,377.67708466,393.11748461,377.67708466,387.23542749,5120.65751025
2023-10-10,377.48100628,393.06847728,377.48100628,393.06847728,358.0380052
2023-10-11,378.60842017,390.07841196,378.60842017,390.07841196,6446.72419617
2023-10-12,380.37302751,393.11748461,380.37302751,382.33371322,3487.55538397
2023-10-13,392.13714176,392.13714176,381.35337036,382.33371322,1047.59268188
2023-10-16,382.33371322,389.1961132,382.33371322,389.1961132,1739.18746115
2023-10-17,390.12744871,390.12744871,380.56910588,382.4317573,2100.28562024
2023-10-18,388.21577034,388.21577034,382.33371322,383.51013444,33.6616928
2023-10-19,383.51013444,391.15679891,382.33371322,391.15679891,453.9228271
2023-10-20,391.99010014,392.08813442,389.14710586,389.14710586,352.93774871
2023-10-23,391.99010014,391.99010014,377.48100628,389.1961132,758.91816487
2023-10-24,378.46134914,389.14710586,378.46134914,389.14710586,265.21333718
2023-10-25,382.82388464,386.94133444,372.53028467,386.94133444,2560.32875512
2023-10-30,379.04955485,385.27474178,378.80446914,385.27474178,671.19375334
2023-10-31,379.88285608,379.88285608,374.49097038,379.39268465,7349.46959389
2023-11-01,380.37302751,385.17669769,372.53028467,385.17669769,3884.35533845
2023-11-02,370.56959896,383.31405607,370.56959896,383.31405607,3253.96363699
2023-11-03,385.22573444,385.22573444,385.22573444,385.22573444,493.70482768
2023-11-07,378.60842017,383.16701445,367.6285704,382.33371322,2724.55701392
2023-11-08,381.35337036,382.33371322,381.35337036,382.33371322,569.18862365
2023-11-09,372.57929201,382.23566913,370.81468468,372.53028467,8724.49874206
2023-11-10,377.43199894,377.43199894,372.53028467,377.43199894,1282.20448016
2023-11-13,377.43199894,377.43199894,377.43199894,377.43199894,2.04010259
2023-11-14,373.51062753,379.39268465,367.6285704,379.39268465,11680.60740037
2023-11-15,379.39268465,379.39268465,369.58925611,378.4123418,326.416415
2023-11-16,377.3829916,377.3829916,367.6285704,367.6285704,1742.24761504
2023-11-17,365.66788469,367.6285704,361.64846918,361.64846918,3344.74820241
2023-11-20,361.74651327,370.47155487,354.88411329,370.47155487,1485.19468823
2023-11-21,370.56959896,370.56959896,355.86445615,355.86445615,166.26836139
2023-11-22,352.97243492,368.51086917,352.97243492,362.72685613,6579.33086476
2023-11-23,360.76617042,361.74651327,357.82514186,361.74651327,488.6045712
2023-11-24,356.844799,361.74651327,356.844799,357.82514186,14852.96693361
2023-11-27,356.844799,357.72709777,328.41485622,328.41485622,58961.00506121
2023-11-28,332.33622764,352.77638596,332.33622764,336.25759906,7920.69832013
2023-11-29,342.92392067,349.00205617,338.36532639,343.11999904,8315.45817202
2023-11-30,343.11999904,346.0610276,343.11999904,344.10034189,7964.5605259
2023-12-01,348.02171331,348.02171331,343.11999904,343.11999904,10337.1998424
2023-12-04,341.15931333,345.08068475,341.15931333,345.08068475,1648.40289573
2023-12-05,343.11999904,343.11999904,333.3165705,338.21828477,51647.23726271
2023-12-06,333.3165705,345.08068475,333.3165705,345.08068475,75.48379597
2023-12-07,336.25759906,338.21828477,333.3165705,334.78708478,57221.81760006
2023-12-08,335.2772562,338.21828477,335.2772562,338.21828477,29998.68858941
2023-12-11,343.0709917,343.11999904,335.37530029,338.21828477,1966.65890035
2023-12-12,342.13965619,342.13965619,337.23794191,340.22797782,18503.73052507
2023-12-13,342.13965619,348.02171331,342.13965619,347.04137046,2877.56470845
2023-12-14,348.16875494,352.92342758,346.25710598,352.92342758,7959.46026941
2023-12-15,352.92342758,352.92342758,349.05106351,351.94308473,16476.88859821
2023-12-18,351.4529133,352.92342758,349.00205617,351.94308473,21354.7738998
2023-12-19,348.02171331,352.92342758,348.02171331,351.94308473,57775.70545426
2023-12-20,349.59027168,357.82514186,349.59027168,351.94308473,732.39683115
2023-12-21,348.16875494,350.91373454,343.11999904,344.63952066,3651.78364277
2023-12-22,343.46312884,347.53154188,343.46312884,346.94332637,74624.91277582
2023-12-25,350.96274188,351.84504064,345.08068475,346.0610276,549.80764901
2023-12-26,349.00205617,349.00205617,343.11999904,343.11999904,477.38400693
2023-12-27,343.21804313,346.0610276,342.62982761,343.61017047,5899.97670105
2023-12-28,343.61017047,344.63952066,313.70971341,313.70971341,14068.54748632
2023-12-29,340.17897048,344.63952066,338.21828477,344.63952066,27797.41789078
2024-01-02,344.10034189,344.10034189,334.78708478,343.11999904,1777.94941043
2024-01-03,343.11999904,343.11999904,340.6691419,340.6691419,6827.2033299
2024-01-04,342.13965619,343.11999904,342.13965619,343.11999904,1128.17673433
2024-01-05,343.11999904,343.11999904,340.6691419,340.6691419,696.69503576
2024-01-08,340.6691419,341.94357781,335.2772562,335.76742763,39564.72965138
2024-01-09,338.21828477,338.21828477,335.76742763,335.96350601,46454.15611039
2024-01-10,338.21828477,338.21828477,333.3165705,337.23794191,1171.0188888
2024-01-12,334.49299172,341.15931333,333.3165705,333.3165705,3853.75379954
2024-01-15,338.12024068,338.12024068,334.29691335,335.76742763,469.22359656
2024-01-16,334.49299172,335.2772562,333.3165705,333.3165705,1433.17207209
2024-01-17,329.39519908,335.2772562,329.39519908,333.3165705,2667.43414129
2024-01-18,333.3165705,333.3165705,331.84605621,331.84605621,2135.98741563
2024-01-19,332.04213459,333.3165705,328.85602031,328.85602031,25241.16934085
2024-01-22,333.26756316,333.26756316,328.41485622,328.41485622,2913.26650384
2024-01-23,328.41485622,332.72835498,326.45417052,326.5522146,16475.86854691
2024-01-24,326.94434194,331.35588479,325.47382766,329.34619174,930.28678274
2024-01-25,331.15980641,331.15980641,323.56214929,330.81670602,627.33154757
2024-01-26,326.65024889,330.37554193,326.45417052,326.45417052,943.5474496
2024-01-29,338.21828477,338.21828477,328.41485622,329.39519908,10544.27025566
2024-01-30,333.3165705,333.3165705,329.39519908,329.39519908,30986.09824477
2024-01-31,337.18893457,337.18893457,329.39519908,333.3165705,470.24364785
2024-02-01,333.3165705,333.3165705,326.45417052,329.39519908,31531.82568859
2024-02-02,332.33622764,332.33622764,326.50317785,326.50317785,4097.54605949
2024-02-05,332.33622764,332.33622764,326.74826357,328.36584888,2058.46351707
2024-02-06,329.39519908,333.3165705,329.39519908,333.3165705,9425.273983
2024-02-07,330.08144888,335.2772562,330.08144888,335.2772562,11484.75755137
2024-02-08,338.21828477,343.11999904,338.21828477,343.11999904,18371.12385648
2024-02-09,338.80650028,345.08068475,338.80650028,345.08068475,1405.63068708
2024-02-12,338.21828477,345.08068475,337.23794191,343.11999904,3446.7533321
2024-02-13,343.0709917,343.0709917,341.15931333,341.15931333,15.30076945
2024-02-14,343.11999904,346.99236312,339.19862762,346.99236312,5424.63279671
2024-02-15,343.11999904,347.04137046,339.24763496,347.04137046,1790.19002599
2024-02-16,347.04137046,350.86469779,341.15931333,350.86469779,2557.26860123
2024-02-19,341.45340638,349.00205617,341.45340638,348.02171331,791.55980636
2024-02-20,348.02171331,361.74651327,338.26729211,360.76617042,6343.69901518
2024-02-21,351.94308473,362.72685613,351.94308473,362.72685613,3794.59082433
2024-02-22,363.21702756,363.21702756,362.72685613,362.72685613,77.52389856
2024-02-23,368.60891325,370.9617263,361.74651327,370.9617263,7580.00118698
2024-02-26,370.9617263,370.9617263,361.74651327,362.72685613,11341.95036981
2024-02-27,367.6285704,367.6285704,357.82514186,359.88387165,6205.99209011
2024-02-28,360.76617042,365.66788469,358.31531328,358.31531328,6559.94989012
2024-02-29,358.31531328,358.31531328,352.92342758,352.92342758,38314.14676143
2024-03-01,357.82514186,357.82514186,356.844799,357.82514186,5742.88880133
2024-03-04,357.92318594,357.92318594,352.92342758,357.82514186,8325.65868499
2024-03-05,357.72709777,362.72685613,353.02147167,362.72685613,100968.75756858
2024-03-06,362.72685613,364.68754184,362.72685613,362.72685613,673.23385593
2024-03-07,365.17771326,366.64822755,362.72685613,364.68754184,1751.42807671
2024-03-08,362.72685613,362.72685613,354.88411329,357.82514186,7728.92867632
2024-03-11,362.72685613,362.72685613,352.92342758,359.78582756,7563.68036623
2024-03-12,359.78582756,359.78582756,359.78582756,359.78582756,597.75005996
2024-03-13,359.78582756,359.78582756,359.78582756,359.78582756,109.14548876
2024-03-14,354.49198595,359.68778348,354.49198595,359.68778348,300.91513257
2024-03-15,359.58974919,359.78582756,352.92342758,359.78582756,8110.42786135
2024-03-18,359.78582756,359.78582756,357.82514186,357.82514186,218.29097753
2024-03-19,359.78582756,359.78582756,353.02147167,353.02147167,377.41897984
2024-03-20,359.68778348,359.68778348,357.82514186,357.82514186,20444.888143
2024-03-21,358.80548471,358.80548471,356.844799,358.80548471,5620.48264571
2024-03-22,359.29565614,359.78582756,359.29565614,359.78582756,6137.64865322
2024-03-27,359.73682023,359.78582756,354.00181453,354.00181453,397.82000578
2024-03-28,357.82514186,359.58974919,354.88411329,359.58974919,8183.87155472
2024-03-29,355.96250024,362.2366847,355.86445615,362.2366847,5714.32736502
2024-04-01,363.51112061,363.51112061,362.48177041,362.72685613,121.38610433
2024-04-02,359.78582756,360.27599899,356.844799,360.27599899,17812.1357458
2024-04-03,359.34466348,380.37302751,359.34466348,380.37302751,59898.43220303
2024-04-04,367.77561202,377.43199894,367.77561202,376.45165609,10499.3879986
2024-04-05,366.84430592,377.43199894,366.84430592,377.43199894,26430.54915299
2024-04-08,364.68754184,377.43199894,364.68754184,376.45165609,3619.14200127
2024-04-09,372.53028467,377.43199894,372.53028467,377.43199894,5017.63232926
2024-04-15,377.43199894,377.43199894,362.77586347,371.54994182,5766.34998116
2024-04-16,367.6285704,371.54994182,366.64822755,366.64822755,31782.75830762
2024-04-17,361.74651327,369.58925611,361.74651327,362.72685613,4762.61950505
2024-04-18,362.72685613,362.72685613,360.76617042,362.72685613,7707.50759909
2024-04-19,362.72685613,367.6285704,362.72685613,367.6285704,2051.32315799
2024-04-22,360.27599899,369.58925611,359.78582756,369.58925611,1108.79575969
2024-04-23,364.68754184,369.09908468,362.72685613,369.09908468,364.15831298
2024-04-24,362.72685613,369.09908468,362.72685613,367.6285704,124.44625822
2024-04-25,363.80524307,364.68754184,363.80524307,364.68754184,287.65446572
2024-04-26,362.72685613,367.6285704,362.72685613,367.6285704,10167.87132712
2024-04-29,364.68754184,375.47131324,364.68754184,375.47131324,342.73723575
2024-04-30,366.64822755,371.54994182,366.64822755,371.54994182,55.08277003
2024-05-02,372.53028467,373.51062753,371.54994182,372.53028467,8767.34089653
2024-05-03,373.51062753,373.51062753,367.6285704,372.53028467,4620.83237478
2024-05-06,373.51062753,373.51062753,372.53028467,373.51062753,20.40102594
2024-05-07,362.72685613,372.53028467,362.72685613,372.53028467,225.43133661
2024-05-08,372.53028467,374.49097038,372.53028467,372.53028467,5328.74797481
2024-05-09,372.53028467,381.35337036,372.53028467,377.92217037,2997.93076148
2024-05-10,379.39268465,379.39268465,377.43199894,379.39268465,526.34646918
2024-05-13,375.47131324,381.35337036,375.47131324,381.35337036,1564.75868939
2024-05-14,381.35337036,381.35337036,381.35337036,381.35337036,2.04010259
2024-05-15,379.39268465,379.39268465,368.60891325,379.29464056,70.38353948
2024-05-16,377.43199894,377.43199894,377.43199894,377.43199894,416.18092912
2024-05-17,376.45165609,381.20632874,373.51062753,381.20632874,6074.40547281
2024-05-21,380.96124302,380.96124302,380.96124302,380.96124302,1.0200513
2024-05-23,379.29464056,379.29464056,376.45165609,376.45165609,15383.39360797
2024-05-24,369.09908468,376.45165609,369.09908468,376.45165609,5228.78294771
2024-05-27,369.09908468,372.53028467,369.09908468,372.53028467,4144.46841915
2024-05-28,367.6285704,372.53028467,367.6285704,369.58925611,357.0179539
2024-05-29,369.58925611,376.94182752,369.58925611,376.94182752,727.29657466
2024-05-30,377.43199894,377.43199894,372.57929201,372.57929201,19821.63680062
2024-05-31,377.33395486,377.43199894,374.98114181,374.98114181,1168.9787862
2024-06-03,374.98114181,374.98114181,374.98114181,374.98114181,1.0200513
2024-06-04,374.49097038,377.43199894,372.53028467,372.53028467,2006.44090093
2024-06-05,372.28519896,372.53028467,362.9229345,362.9229345,1227.12171012
2024-06-06,363.70719898,372.53028467,363.70719898,372.53028467,3239.68291883
2024-06-07,364.78558593,374.49097038,364.78558593,374.49097038,207.07041326
2024-06-10,364.73654918,372.53028467,363.80524307,372.48127733,10710.53861705
2024-06-11,372.43224058,372.48127733,372.43224058,372.48127733,637.53206054
2024-06-12,368.60891325,372.48127733,358.80548471,372.48127733,5185.94079325
2024-06-13,372.38324305,372.38324305,372.38324305,372.38324305,1530.07694529
2024-06-14,372.38324305,372.38324305,372.38324305,372.38324305,1020.05129686
2024-06-19,364.68754184,364.68754184,364.68754184,364.68754184,37.74189798
2024-06-20,372.38324305,372.38324305,369.58925611,369.58925611,218428.68445352
2024-06-21,369.58925611,371.05977039,369.58925611,371.05977039,1428.07181561
2024-06-25,363.06998593,377.43199894,362.72685613,377.43199894,14750.96180392
2024-06-26,378.31429771,378.46134914,377.43199894,378.46134914,8367.48078816
2024-06-27,376.45165609,376.45165609,372.53028467,372.53028467,25.50128242
2024-06-28,367.6285704,380.37302751,367.6285704,380.37302751,1412.77104615
2024-07-01,372.53028467,372.62832876,372.53028467,372.53028467,2723.53696262
2024-07-02,368.65792059,372.53028467,366.64822755,372.53028467,269.29354237
2024-07-03,365.60000379,365.60000379,354.32743737,363.75281237,15.30076945
2024-07-05,372.53028467,376.45165609,372.53028467,376.45165609,163.2082075
2024-07-08,376.353612,376.353612,376.353612,376.353612,11.22056427
2024-07-09,363.9792,373.21375018,363.9792,373.21375018,48.85993485
2024-07-10,364.4704,376.70128982,363.488,376.70128982,51093.24104235
2024-07-11,376.06271018,376.06271018,376.06271018,376.06271018,2.03583062
2024-07-12,376.0136,376.0136,371.3472,371.3472,18953.58306189
2024-07-15,364.56864982,364.56864982,363.488,363.88095018,276.87296417
2024-07-16,371.29808982,371.3472,371.29808982,371.3472,18420.19543974
2024-07-17,371.3472,382.1536,371.3472,382.1536,56373.16775244
2024-07-18,382.1536,382.1536,382.1536,382.1536,74.30781759
2024-07-19,381.1712,381.1712,381.1712,381.1712,321.66123779
2024-07-22,381.1712,381.1712,369.3824,375.32591018,690.1465798
2024-07-23,375.2768,377.2416,375.2768,376.2592,104.84527687
2024-07-24,376.2592,388.048,376.2592,388.048,26362.98859935
2024-07-25,387.0656,387.0656,376.2592,386.0832,7217.01954397
2024-07-26,384.02015018,396.79135018,384.02015018,392.96,14083.8762215
2024-07-29,396.79135018,402.784,394.9248,394.9248,2554.96742671
2024-07-31,397.872,401.8016,379.30464982,392.96,3042.54885993
2024-08-01,386.23055018,400.8192,385.1008,400.8192,28.50162866
2024-08-02,388.83391018,399.8368,375.2768,399.8368,3008.95765472
2024-08-05,384.31488982,392.91088982,383.136,388.048,12700.52931596
2024-08-06,383.3816,391.92848982,383.3816,391.92848982,267.71172638
2024-08-07,389.12864982,391.83024982,380.28704982,388.048,1537.05211726
2024-08-08,381.46591018,387.94975018,377.29071018,387.94975018,1009.77198697
2024-08-09,378.4696,391.92848982,378.4696,391.92848982,2957.04397394
2024-08-13,383.18511018,392.96,380.1888,392.96,2074.51140065
2024-08-15,391.9776,392.96,391.9776,392.96,4825.93648208
2024-08-16,392.96,396.34928982,370.3648,396.34928982,5856.06677524
2024-08-19,392.96,398.8544,392.96,398.8544,641.28664495
2024-08-22,399.8368,399.8368,392.96,394.9248,4229.43811075
2024-08-23,388.19535018,397.872,385.98495018,392.96,7525.44788274
2024-08-26,392.96,392.96,392.96,392.96,5496.74267101
2024-08-27,392.96,399.00175018,392.96,399.00175018,10269.747557
2024-08-28,390.9952,399.00175018,390.9952,399.00175018,5422.43485342
2024-08-29,392.96,404.7488,392.96,404.7488,2192.58957655
2024-08-30,401.01568982,402.784,378.32224982,402.784,22534.60912052
2024-09-02,402.784,404.7488,402.784,404.7488,2089.78013029
2024-09-03,400.8192,402.784,397.872,402.73488,2197.67915309
2024-09-04,397.872,397.872,392.96,393.2056,2698.49348534
2024-09-05,393.4512,399.8368,393.4512,393.50031018,7124.38925081
2024-09-06,392.96,397.872,392.96,397.872,6149.22638436
2024-09-09,394.9248,402.784,393.9424,402.784,6497.3534202
2024-09-10,402.784,402.784,397.872,402.784,1536.03420195
2024-09-11,402.68576,404.7488,397.872,404.7488,3028.2980456
2024-09-12,393.05824,404.7488,392.96,404.7488,44.78827362
2024-09-13,405.53472,405.53472,393.40208,397.872,6223.53420195
2024-09-18,401.8016,422.432,401.8016,422.432,14823.90065147
2024-09-19,421.4496,421.4496,408.82576,412.608,163620.7247557
2024-09-20,412.608,419.4848,412.608,412.608,5101.79153094
2024-09-23,399.8368,417.52,399.8368,412.3624,371.53908795
2024-09-24,412.3624,417.52,407.696,417.52,3411.03420195
2024-09-25,403.7664,414.42544,402.98048,403.7664,3584.07980456
2024-09-26,405.7312,410.6432,405.7312,410.6432,231.06677524
2024-09-27,405.24,410.152,403.7664,404.7488,3608.50977199
2024-09-30,407.696,407.696,395.51424,400.8192,5004.07166124
2024-10-01,400.8192,400.8192,392.96,393.4512,13586.11563518
2024-10-02,393.50032,393.50032,392.96,392.96,45276.87296417
2024-10-03,392.96,402.73488,392.96,402.73488,99.75570033
2024-10-04,393.2056,397.872,392.96,397.872,2178.33876221
2024-10-07,397.872,398.80528,392.96,392.96,974.14495114
2024-10-08,392.96,401.8016,392.96,393.05824,359.32410423
2024-10-09,392.96,392.96,389.0304,389.0304,12297.43485342
2024-10-10,387.5568,392.96,383.136,383.136,78.37947883
2024-10-11,383.18512,385.1008,383.136,383.23424,18972.92345277
2024-10-14,383.136,392.81264,381.1712,392.81264,8254.2752443
2024-10-15,379.452,392.81264,379.452,387.0656,1200.12214984
2024-10-16,380.68,391.9776,380.68,391.9776,4624.38925081
2024-10-17,381.1712,396.8896,381.1712,396.8896,2890.87947883
2024-10-18,396.8896,397.82288,381.36768,396.8896,15033.59120521
2024-10-21,388.09712,397.77376,388.09712,396.84048,10.17915309
2024-10-22,392.96,396.84048,392.96,394.9248,5498.77850163
2024-10-23,392.86176,395.9072,392.86176,393.9424,4019.747557
2024-10-24,392.96,400.8192,392.96,395.9072,11745.7247557
2024-10-25,388.19536,395.9072,388.09712,395.9072,6872.96416938
2024-10-28,395.9072,398.8544,394.9248,398.8544,410.21986971
2024-10-29,389.07952,392.96,389.0304,392.96,1130.90390879
2024-10-30,396.84048,401.60512,396.84048,397.872,9310.8713355
2024-10-31,393.50032,398.8544,393.50032,398.8544,2495.92833876
2024-11-01,392.96,399.8368,392.96,399.8368,3674.6742671
2024-11-04,389.12864,390.11104,389.12864,390.11104,348.12703583
2024-11-05,392.96,392.96,392.96,392.96,254.47882736
2024-11-07,390.20928,402.73488,390.20928,402.73488,1247.96416938
2024-11-08,402.73488,407.696,402.73488,407.696,20966.00162866
2024-11-11,412.608,412.608,407.79424,410.6432,11732.49185668
2024-11-12,402.83312,412.608,402.784,410.6432,2585.50488599
2024-11-13,412.50976,412.50976,402.784,407.696,3354.03094463
2024-11-14,403.07872,412.41152,403.07872,410.6432,10520.15472313
2024-11-15,404.7488,412.50976,404.7488,407.79424,19097.10912052
2024-11-19,408.6784,410.6432,403.12784,403.12784,102.80944625
2024-11-20,412.55888,412.55888,402.784,412.50976,7252.6465798
2024-11-21,412.608,422.33376,407.696,407.696,34180.5781759
2024-11-22,407.696,412.608,407.696,412.608,241.24592834
2024-11-25,407.696,412.46064,392.96,412.46064,645.35830619
2024-11-26,395.9072,411.47824,395.9072,411.47824,80.41530945
2024-11-28,404.7488,410.6432,404.7488,410.6432,5143.52605863
2024-11-29,404.7488,410.6432,404.7488,410.6432,13122.96416938
2024-12-02,410.54496,410.54496,403.7664,403.7664,174.06351792
2024-12-03,410.54496,410.6432,402.784,402.784,5135.38273616
2024-12-04,403.7664,403.81552,403.7664,403.81552,1511.60423453
2024-12-05,403.7664,403.7664,403.7664,403.7664,30.53745928
2024-12-06,399.8368,409.6608,399.8368,409.6608,426.50651466
2024-12-09,403.7664,404.7488,403.7664,404.7488,3653.2980456
2024-12-10,402.784,402.784,402.784,402.784,1119.70684039
2024-12-11,401.8016,402.784,398.8544,402.784,719.66612378
2024-12-13,402.2928,402.2928,397.77376,397.77376,40370.52117264
2024-12-16,397.872,397.872,397.872,397.872,396.98697068
2024-12-17,397.872,403.81552,397.872,397.872,23167.752443
2024-12-18,407.696,407.696,397.872,400.8192,3059.8534202
2024-12-19,396.00544,397.872,388.44096,388.44096,26182.81758958
2024-12-20,392.96,392.96,383.136,392.86176,4477.80944625
2024-12-23,397.77376,397.77376,392.86176,392.86176,318.60749186
2024-12-24,392.86176,392.86176,383.136,383.136,25544.58469055
2024-12-25,383.136,392.86176,378.224,392.86176,16671.41693811
2024-12-26,392.86176,392.86176,381.6624,385.1008,2802.32084691
2024-12-27,391.78112,391.78112,386.0832,390.9952,468795.80618893
2024-12-30,390.9952,390.9952,389.0304,389.0304,49889.04723127
2024-12-31,383.23424,392.86176,383.23424,388.048,1517.71172638
2025-01-02,392.7144,402.784,388.048,388.048,7014.45439739
2025-01-03,401.8016,401.8016,390.9952,401.8016,5365.43159609
2025-01-06,385.19904,400.77008,385.19904,394.97392,1177.72801303
2025-01-07,399.8368,400.8192,399.8368,400.8192,2249.59283388
2025-01-08,400.77008,402.784,399.8368,402.784,37264.86156352
2025-01-09,400.8192,400.8192,389.22688,392.96,2554.96742671
2025-01-10,392.96,402.784,392.96,401.8016,14308.83550489
2025-01-13,402.784,402.784,401.8016,401.8016,22.39413681
2025-01-15,398.1176,406.7136,398.1176,406.7136,22003.25732899
2025-01-16,406.7136,407.696,402.784,407.696,7321.86482085
2025-01-17,407.64688,407.696,394.97392,405.7312,11113.59934853
2025-01-20,396.54576,406.7136,396.49664,402.784,10644.34039088
2025-01-21,406.66448,407.59776,397.872,397.872,16157.36970684
2025-01-22,398.3632,406.56624,393.05824,406.56624,21245.92833876
2025-01-23,394.9248,407.696,394.9248,407.696,28512.8257329
2025-01-24,406.7136,424.3968,402.83312,422.53024,21594.05537459
2025-01-27,412.90272,437.168,412.90272,437.168,36461.72638436
2025-01-28,437.168,442.08,435.2032,442.08,29761.80781759
2025-01-29,450.9216,456.816,443.20976,451.95312,28724.55211726
2025-01-30,452.3952,471.552,452.3952,459.7632,3508.75407166
2025-01-31,448.9568,451.904,434.2208,451.904,3294.99185668
2025-02-03,442.5712,451.80576,418.5024,451.80576,1576.75081433
2025-02-04,432.256,461.728,432.256,461.728,11090.18729642
2025-02-05,456.816,456.816,451.904,456.816,534.40553746
2025-02-06,442.08,461.728,434.36816,461.728,7300.48859935
2025-02-07,461.728,471.552,461.728,461.728,5954.80456026
2025-02-10,461.728,461.728,461.62976,461.728,5606.67752443
2025-02-11,460.7456,461.728,456.816,461.728,10587.33713355
2025-02-12,432.35424,442.5712,432.35424,442.08,5728.82736156
2025-02-13,442.08,446.992,437.6592,439.624,10236.15635179
2025-02-14,446.992,451.904,442.08,451.904,10525.24429967
2025-02-17,451.85488,451.904,442.22736,451.904,11280.53745928
2025-02-18,451.904,466.64,451.904,466.64,18713.35504886
2025-02-19,466.64,466.64,451.904,462.7104,3364.21009772
2025-02-20,462.7104,462.7104,461.728,461.728,507.93973941
2025-02-21,465.6576,465.6576,442.17824,452.8864,3054.76384365
2025-02-24,453.8688,453.8688,444.0448,452.8864,368.48534202
2025-02-25,452.8864,461.728,445.61664,452.8864,17425.69218241
2025-02-26,449.9392,452.8864,449.9392,449.9392,18417.14169381
2025-02-27,447.9744,460.64736,447.9744,452.8864,15593.44462541
2025-02-28,449.9392,461.53152,427.44224,446.992,5767.50814332
2025-03-03,428.52288,442.08,428.52288,442.08,90.59446254
2025-03-04,437.168,437.168,437.168,437.168,72.27198697
2025-03-05,437.168,456.816,433.28752,433.28752,272.80130293
2025-03-06,433.7296,433.7296,433.7296,433.7296,203.58306189
2025-03-07,449.9392,449.9392,428.8176,442.08,3913.88436482
2025-03-10,442.08,449.34976,442.08,442.08,267.71172638
2025-03-11,442.08,442.08,432.256,437.168,1834.28338762
2025-03-12,441.98176,441.98176,417.52,417.52,2726.99511401
2025-03-13,417.52,422.432,417.52,422.432,23296.00977199
2025-03-14,422.432,435.00672,422.432,432.256,5929.35667752
2025-03-17,435.00672,435.00672,432.256,432.256,5196.45765472
2025-03-18,432.256,432.256,422.432,422.432,12217.01954397
2025-03-19,432.256,439.624,431.2736,431.2736,5165.92019544
2025-03-20,431.2736,431.2736,418.79712,422.432,2714.78013029
2025-03-21,418.5024,431.028,418.5024,427.344,5807.20684039
2025-03-24,439.1328,439.1328,432.256,432.256,10696.25407166
2025-03-25,420.56544,431.12624,418.5024,427.19664,5794.99185668
2025-03-26,430.63504,430.63504,415.5552,423.4144,30700.3257329
2025-03-27,423.4144,423.4144,422.432,422.432,1998.16775244
2025-03-28,418.5024,422.432,402.784,402.784,37154.9267101
2025-04-02,422.23552,422.23552,419.4848,419.4848,93.64820847
2025-04-03,419.4848,427.344,398.95264,398.95264,2598.73778502
2025-04-04,400.37712,424.3968,398.8544,424.3968,4478.82736156
2025-04-07,420.4672,420.4672,392.96,392.96,11398.61563518
2025-04-08,412.608,412.608,400.42624,406.7136,5106.88110749
2025-04-09,398.16672,407.59776,392.96,392.96,13879.2752443
2025-04-10,408.6784,411.6256,402.784,402.784,18201.34364821
2025-04-11,399.98416,402.784,384.1184,384.1184,5405.13029316
2025-04-14,410.54496,410.54496,409.12048,409.4152,155.74104235
2025-04-15,398.3632,408.53104,398.3632,403.5208,313.51791531
2025-04-16,402.784,407.696,402.784,402.83312,2563.11074919
2025-04-17,407.696,407.696,407.696,407.696,7.12540717
2025-04-18,406.7136,406.7136,398.90352,402.784,4286.44136808
2025-04-21,406.56624,406.56624,402.784,402.784,5225.9771987
2025-04-22,402.784,406.66448,399.05088,406.468,1052.52442997
2025-04-23,399.39472,405.63296,397.872,397.872,12707.65472313
2025-04-24,397.872,402.784,397.872,402.784,20896.78338762
2025-04-25,398.26496,402.784,396.8896,396.8896,3783.59120521
2025-04-28,398.01936,403.7664,398.01936,401.8016,1372.14983713
2025-04-29,403.2752,403.2752,393.9424,402.73488,7933.63192182
2025-04-30,393.54944,395.9072,393.54944,394.97392,19136.80781759
2025-05-02,394.9248,401.8016,394.9248,401.8016,1165.51302932
2025-05-05,401.8016,402.784,391.9776,400.8192,1171.62052117
2025-05-06,394.13888,402.784,394.13888,402.784,2164.08794788
2025-05-08,403.2752,403.2752,399.8368,402.784,13606.47394137
2025-05-09,402.784,407.696,402.784,407.59776,6536.03420195
2025-05-12,404.84704,408.6784,404.79792,408.6784,288.07003257
2025-05-13,411.52736,411.52736,410.69232,411.28176,1757.93973941
2025-05-14,405.38736,411.52736,405.38736,407.696,1151.26221498
2025-05-15,409.6608,409.6608,407.696,407.696,165.92019544
2025-05-16,406.81184,407.696,392.96,392.96,4004.47882736
2025-05-19,395.9072,397.97024,391.09344,397.872,23537.25570033
2025-05-20,391.09344,395.9072,391.09344,394.9248,12471.49837134
2025-05-21,395.9072,404.7488,395.07216,402.2928,3395.76547231
2025-05-22,402.784,402.784,395.02304,401.75248,1326.34364821
2025-05-23,397.872,397.872,392.96,392.96,10914.08794788
2025-05-26,392.96,396.8896,391.43728,391.43728,2243.48534202
2025-05-27,391.43728,392.96,391.43728,391.43728,1539.08794788
2025-05-28,385.1008,395.85808,385.1008,391.9776,2201.75081433
2025-05-29,393.9424,393.9424,390.9952,392.96,154.72312704
2025-05-30,393.9424,402.68576,392.96,393.9424,33672.63843648
2025-06-02,394.9248,402.2928,392.96,392.96,10516.08306189
2025-06-03,401.75248,401.8016,393.54944,401.8016,4771.98697068
2025-06-04,401.8016,402.68576,400.03328,401.8016,4979.64169381
2025-06-05,402.68576,422.38288,402.68576,417.56912,36301.91368078
2025-06-06,417.52,419.43568,405.04352,406.7136,1926.91368078
2025-06-10,417.42176,417.42176,399.93504,412.608,856.06677524
2025-06-11,404.7488,412.608,403.2752,411.6256,721.7019544
2025-06-12,412.608,412.608,393.9424,407.696,4334.28338762
2025-06-13,397.97024,406.66448,397.872,405.7312,8700.12214984
2025-06-16,411.08528,411.08528,401.8016,407.696,850.9771987
2025-06-17,401.99808,407.696,401.99808,407.64688,983.30618893
2025-06-18,402.09632,406.7136,399.8368,399.8368,33500.61074919
2025-06-19,401.8016,406.51712,392.96,403.66816,1621.53908795
2025-06-20,401.8016,405.7312,393.15648,405.7312,2463.35504886
2025-06-23,405.7312,407.696,398.8544,407.696,2390.06514658
2025-06-24,407.696,417.52,407.696,417.42176,12144.747557
2025-06-25,411.1344,432.256,411.1344,432.256,3777.48371336
2025-06-26,432.256,432.256,423.4144,427.344,466.20521173
2025-06-30,407.74512,422.432,407.696,407.696,12761.0
2025-07-01,415.0,424.9,410.0,412.15,2046.0
2025-07-02,415.0,427.0,410.0,410.0,7133.0
2025-07-03,419.7,420.0,410.0,419.95,524.0
2025-07-04,410.5,424.0,410.0,410.0,12712.0
2025-07-07,418.95,418.95,410.0,410.0,1178.0
2025-07-08,414.95,414.95,408.0,408.0,6135.0
2025-07-09,414.45,414.45,404.0,404.0,1202.0
2025-07-10,414.25,414.25,403.2,403.2,2939.0
2025-07-11,413.0,413.0,406.5,412.7,1283.0
2025-07-14,407.0,410.0,407.0,407.0,2935.0
2025-07-15,407.0,409.9,407.0,407.0,5372.0
2025-07-16,408.85,408.85,407.0,408.0,2296.0
2025-07-17,405.2,408.0,405.0,408.0,2917.0
2025-07-18,408.0,410.1,408.0,410.1,2387.0
2025-07-21,412.0,415.0,410.1,412.0,1795.0
2025-07-22,411.0,411.95,410.0,410.0,1825.0
2025-07-23,411.0,420.0,410.1,415.0,5580.0
2025-07-24,415.4,437.0,415.1,434.95,19792.0
2025-07-25,432.0,439.9,422.1,437.5,11890.0
2025-07-28,439.95,439.95,431.5,437.65,4577.0
2025-07-29,438.0,459.0,437.0,448.0,45621.0
2025-07-31,450.0,456.0,449.0,450.0,295092.0
2025-08-01,455.0,455.0,440.0,442.05,2217.0
2025-08-04,427.0,441.95,427.0,434.0,32632.0
2025-08-05,440.0,450.0,440.0,443.0,148925.0
2025-08-06,443.7,445.0,438.0,443.0,34121.0
2025-08-07,443.0,443.5,425.0,439.75,2889.0
2025-08-08,439.75,439.75,430.0,437.0,27846.0
2025-08-11,437.0,438.4,426.0,435.0,25619.0
2025-08-12,435.0,435.0,426.5,426.5,8575.0
2025-08-13,426.5,433.0,426.5,432.9,6518.0
2025-08-15,430.0,432.9,422.0,429.9,3431.0
2025-08-18,430.0,430.0,426.0,427.95,36843.0
2025-08-19,429.85,429.85,422.0,422.0,1608.0
2025-08-22,425.0,429.4,422.1,429.4,1533.0
2025-08-25,429.4,430.0,425.0,430.0,2181.0
2025-08-26,429.9,429.9,420.5,428.0,13219.0
2025-08-27,422.7,429.65,422.7,429.65,41322.0
2025-08-28,425.2,429.7,423.1,427.0,24852.0
2025-08-29,429.5,430.0,415.1,430.0,39153.0
2025-09-01,430.1,439.8,426.05,427.0,11693.0
2025-09-02,429.9,430.0,423.4,430.0,5210.0
2025-09-03,436.8,436.8,423.6,423.6,3922.0
2025-09-04,424.05,430.0,423.5,428.0,4556.0
2025-09-08,425.0,426.0,423.55,425.0,1612.0
2025-09-09,424.05,427.0,402.0,402.0,36165.0
2025-09-10,417.0,420.0,408.0,415.0,2772.0
2025-09-11,419.9,420.0,410.1,418.0,440.0
2025-09-12,418.0,419.8,415.0,415.6,8120.0
2025-09-15,418.9,420.0,410.0,410.0,6489.0
2025-09-16,409.0,417.95,408.05,410.0,32351.0
2025-09-17,410.0,419.0,410.0,413.0,62936.0
2025-09-18,413.0,422.0,412.0,421.0,42285.0
2025-09-19,421.0,427.8,420.0,427.8,5156.0
2025-09-22,427.8,442.2,427.0,440.0,58322.0
2025-09-23,442.9,444.0,430.0,437.9,43364.0
2025-09-24,437.5,437.5,430.0,437.0,42151.0
2025-09-25,433.0,433.0,429.0,429.0,23123.0
2025-09-26,428.0,430.0,415.0,430.0,67900.0
2025-09-29,417.5,428.0,416.0,427.0,14303.0
2025-09-30,417.6,426.5,408.1,426.5,12360.0
2025-10-01,420.0,426.7,414.9,414.95,16433.0
2025-10-02,405.0,415.0,393.0,414.9,22645.0
2025-10-03,420.0,425.9,408.0,419.0,13004.0
2025-10-06,427.35,427.35,420.0,420.0,395.0
2025-10-07,427.0,427.0,412.05,412.05,22938.0
2025-10-08,426.0,426.0,412.0,420.0,972.0
2025-10-09,415.0,415.0,410.0,410.0,28925.0
2025-10-10,419.8,419.8,402.0,402.0,10227.0
2025-10-13,406.1,414.95,403.0,413.0,160.0
2025-10-14,405.1,413.0,400.0,410.0,10735.0
2025-10-15,403.1,405.0,403.1,403.5,8060.0
2025-10-16,404.0,409.0,403.0,403.0,8397.0
2025-10-17,409.2,417.0,398.0,417.0,2156.0
2025-10-20,418.0,420.0,414.0,420.0,11657.0
2025-10-21,420.0,424.0,413.0,424.0,33556.0
2025-10-22,424.0,424.0,414.1,420.0,21710.0
2025-10-23,420.0,424.5,420.0,424.5,12394.0
2025-10-24,421.0,426.0,420.05,426.0,35400.0
2025-10-27,425.8,425.8,421.0,422.0,724.0
2025-10-28,421.0,425.0,410.0,425.0,10164.0
2025-10-29,424.5,424.5,424.0,424.0,1603.0
2025-10-30,424.0,424.5,415.05,420.0,14890.0
2025-10-31,423.45,425.0,423.45,425.0,14334.0
2025-11-03,430.0,432.0,420.1,429.8,22699.0
2025-11-04,418.1,429.8,418.1,429.45,117.0
2025-11-05,429.45,429.45,419.0,428.9,1953.0
2025-11-07,417.0,428.7,417.0,428.4,1951.0
2025-11-10,427.8,427.8,427.8,427.8,80.0
2025-11-11,416.5,420.0,411.2,418.0,1116.0
2025-11-12,416.0,420.0,416.0,420.0,140.0
2025-11-13,410.1,424.9,410.1,424.9,2525.0
2025-11-14,412.2,424.0,412.2,420.0,8299.0
2025-11-17,415.2,420.0,413.0,416.0,465.0
2025-11-19,410.55,411.0,410.35,410.35,321.0
2025-11-20,410.0,412.0,401.0,401.0,7807.0
2025-11-21,401.0,412.0,401.0,410.0,16731.0
2025-11-24,401.0,411.8,401.0,405.0,1288.0
2025-11-25,402.2,408.5,402.2,403.1,7109.0
2025-11-26,408.85,409.0,408.5,409.0,1143.0
2025-11-27,405.0,409.0,401.0,401.0,10756.0
2025-11-28,409.5,409.5,401.0,402.0,5522.0
2025-12-01,409.0,409.0,405.0,409.0,24999.0
2025-12-02,402.0,408.9,402.0,404.0,52181.0
2025-12-03,408.0,409.0,405.0,407.0,18384.0
2025-12-04,409.0,409.0,405.0,407.0,778.0
2025-12-05,409.0,415.0,405.1,415.0,5635.0
2025-12-08,416.9,416.9,410.3,416.0,435.0
2025-12-09,411.0,415.8,411.0,415.8,118.0
2025-12-10,415.5,415.8,410.0,415.8,969.0
2025-12-11,411.0,415.0,405.15,415.0,2480.0
2025-12-12,415.0,415.0,407.5,414.75,2608.0
2025-12-15,415.0,415.0,409.0,411.0,3219.0
2025-12-16,411.0,414.0,410.0,411.1,898.0
2025-12-17,414.3,414.3,410.0,411.0,12271.0
2025-12-18,414.0,414.4,412.0,412.0,29395.0
2025-12-19,412.0,420.0,408.7,420.0,33400.0
2025-12-22,420.9,420.9,410.0,412.2,1014.0
2025-12-23,412.2,419.0,407.25,411.0,7134.0
2025-12-24,411.0,414.8,411.0,411.0,2052.0
2025-12-25,410.6,416.9,410.6,411.3,34813.0
2025-12-26,411.05,414.7,408.0,414.0,16774.0
2025-12-29,410.0,415.0,395.9,415.0,387984.0
2025-12-30,416.25,416.9,400.2,413.95,11285.0
2025-12-31,414.95,415.0,403.0,415.0,14390.0
2026-01-02,416.95,417.0,405.1,413.5,15323.0
2026-01-05,405.5,415.9,405.5,408.0,12462.0
2026-01-06,416.9,416.9,408.55,408.55,44796.0
2026-01-07,410.0,412.0,410.0,410.0,12381.0
2026-01-08,410.0,413.8,408.5,408.9,12259.0
2026-01-09,408.5,412.0,406.0,408.0,23216.0
2026-01-12,410.1,414.0,407.5,407.5,15323.0
2026-01-13,408.9,408.9,405.0,405.0,44157.0
2026-01-15,409.6,409.6,401.05,406.0,15894.0
2026-01-16,409.0,409.3,404.0,405.0,7336.0
2026-01-19,405.0,407.85,402.1,402.1,46709.0
2026-01-20,404.0,404.0,400.05,400.05,34113.0
2026-01-21,400.0,402.0,390.0,393.0,1975.0
2026-01-22,405.0,405.0,398.0,405.0,4035.0
2026-01-23,405.0,405.1,391.0,391.0,22399.0
2026-01-26,392.05,398.45,390.1,391.5,868.0
2026-01-27,390.2,398.45,390.2,395.5,1788.0
2026-01-28,396.0,400.0,396.0,400.0,486.0
2026-01-29,400.0,400.0,395.0,399.9,1582.0
2026-01-30,400.0,400.0,394.0,399.0,2344.0
2026-02-02,399.0,399.0,381.0,397.0,1768.0
2026-02-03,398.0,398.0,390.0,390.0,9161.0
2026-02-04,386.1,397.4,386.1,396.95,1662.0
2026-02-05,397.0,397.0,394.0,396.6,173.0
2026-02-06,396.95,400.0,390.0,400.0,11699.0
2026-02-09,391.1,399.45,391.1,393.0,2422.0
2026-02-10,390.0,400.0,386.25,400.0,3912.0
2026-02-11,400.0,400.0,390.0,399.9,400.0
2026-02-12,399.9,400.0,395.0,400.0,5643.0
2026-02-13,400.0,407.9,396.0,407.9,15326.0
2026-02-16,408.0,408.0,396.25,408.0,15973.0
2026-02-17,400.0,408.5,400.0,407.9,30672.0
2026-02-18,407.9,407.9,402.2,405.0,30966.0
2026-02-19,401.0,407.9,395.0,405.0,27859.0
2026-02-20,400.5,407.85,400.0,405.0,38073.0
2026-02-23,396.05,406.9,396.05,405.0,290.0
2026-02-24,404.95,405.0,395.0,400.0,17937.0
2026-02-25,396.1,404.7,396.1,398.0,8967.0
2026-02-26,404.4,405.0,396.0,405.0,4140.0
2026-02-27,404.9,405.0,393.1,400.0,15232.0
2026-03-02,375.0,390.0,371.05,375.0,14605.0
2026-03-03,377.0,383.0,340.0,340.0,80453.0
2026-03-04,355.0,373.0,355.0,361.8,20970.0
2026-03-05,362.0,380.0,360.0,380.0,7410.0
2026-03-06,392.8,392.8,374.0,380.0,19542.0
2026-03-09,375.0,383.0,367.0,374.0,2340.0
2026-03-10,388.5,388.5,365.0,365.0,12191.0
2026-03-11,378.95,378.95,364.05,364.05,1502.0
2026-03-12,370.0,375.9,360.0,360.0,2089.0
2026-03-13,363.6,364.85,358.0,360.0,25933.0
2026-03-16,369.9,369.9,360.0,369.0,672.0
2026-03-17,370.0,376.0,370.0,376.0,302.0
2026-03-18,376.1,385.0,376.1,385.0,463.0
2026-03-19,373.0,385.0,370.0,370.0,2823.0
2026-03-24,389.5,389.5,361.0,361.0,6433.0
2026-03-25,368.9,371.0,361.0,369.0,36827.0
2026-03-26,375.0,377.9,361.0,361.0,22716.0
2026-03-27,362.0,370.0,359.9,359.9,11313.0
