Time,Open,High,Low,Close,Volume
2012-03-27,940.0,970.0,940.0,940.0,631.0
2012-03-28,940.0,940.0,940.0,940.0,500.0
2012-03-29,940.0,940.0,940.0,940.0,30.0
2012-03-30,960.0,960.0,940.0,960.0,3686.0
2012-04-03,1012.0,1012.0,965.0,1012.0,741.0
2012-04-04,995.0,995.0,953.0,995.0,7.0
2012-04-05,994.0,994.0,994.0,994.0,44.0
2012-04-06,936.0,950.0,936.0,936.0,1029.0
2012-04-09,930.0,930.0,930.0,930.0,150.0
2012-04-13,904.0,904.0,904.0,904.0,1963.0
2012-04-17,939.0,939.0,939.0,939.0,100.0
2012-04-18,978.0,978.0,953.0,978.0,284.0
2012-04-19,920.0,930.0,920.0,920.0,587.0
2012-04-20,950.0,950.0,950.0,950.0,1.0
2012-04-23,974.0,974.0,916.0,974.0,160.0
2012-04-26,950.0,950.0,929.0,950.0,992.0
2012-04-27,901.0,931.0,901.0,901.0,1160.0
2012-04-30,949.0,949.0,900.0,949.0,250.0
2012-05-02,945.0,945.0,945.0,945.0,12.0
2012-05-03,939.0,939.0,939.0,939.0,13.0
2012-05-04,903.0,903.0,903.0,903.0,500.0
2012-05-07,930.0,930.0,896.0,930.0,160.0
2012-05-10,915.0,915.0,915.0,915.0,2442.0
2012-05-11,915.0,915.0,900.0,915.0,346.0
2012-05-14,915.0,915.0,915.0,915.0,10290.0
2012-05-15,915.0,915.0,915.0,915.0,1882.0
2012-05-16,900.0,910.0,900.0,900.0,100.0
2012-05-17,866.0,900.0,866.0,866.0,2098.0
2012-05-18,895.0,895.0,861.0,895.0,530.0
2012-05-23,899.0,899.0,893.0,899.0,570.0
2012-05-24,909.0,909.0,899.0,909.0,68.0
2012-05-25,911.0,911.0,909.0,911.0,210.0
2012-05-28,912.0,912.0,912.0,912.0,5.0
2012-05-29,913.0,913.0,900.0,913.0,218.0
2012-05-31,910.0,948.0,910.0,910.0,691.0
2012-06-01,910.0,945.0,910.0,910.0,1683.0
2012-06-04,905.0,905.0,905.0,905.0,20.0
2012-06-05,906.0,906.0,905.0,906.0,1066.0
2012-06-06,905.0,905.0,890.0,905.0,156.0
2012-06-07,851.0,855.0,851.0,851.0,42.0
2012-06-08,857.0,862.0,857.0,857.0,96.0
2012-06-11,860.0,875.0,860.0,860.0,49.0
2012-06-12,851.0,885.0,851.0,851.0,139.0
2012-06-13,884.0,884.0,860.0,884.0,26.0
2012-06-14,884.0,884.0,860.0,884.0,84.0
2012-06-19,920.0,920.0,920.0,920.0,70.0
2012-06-21,880.0,880.0,871.0,880.0,324.0
2012-06-22,855.0,880.0,850.0,855.0,610.0
2012-06-25,851.0,851.0,851.0,851.0,100.0
2012-06-28,898.0,898.0,898.0,898.0,20.0
2012-06-29,845.0,895.0,845.0,845.0,6506.0
2012-07-02,884.0,884.0,884.0,884.0,100.0
2012-07-04,856.0,856.0,856.0,856.0,28.0
2012-07-06,870.0,870.0,807.0,870.0,1338.0
2012-07-09,825.0,870.0,825.0,825.0,578.0
2012-07-10,830.0,831.0,830.0,830.0,100.0
2012-07-12,830.0,830.0,830.0,830.0,30.0
2012-07-13,806.0,806.0,806.0,806.0,659.0
2012-07-16,845.0,845.0,810.0,845.0,32.0
2012-07-18,812.0,812.0,812.0,812.0,20.0
2012-07-19,814.0,814.0,814.0,814.0,1.0
2012-07-20,862.0,862.0,814.0,862.0,2888.0
2012-07-24,913.0,913.0,825.0,913.0,268.0
2012-07-25,863.0,900.0,859.0,863.0,707.0
2012-07-26,900.0,900.0,894.0,900.0,1475.0
2012-07-27,860.0,890.0,860.0,860.0,267.0
2012-07-31,890.0,890.0,890.0,890.0,5.0
2012-08-02,882.0,882.0,837.0,882.0,51.0
2012-08-03,850.0,850.0,830.0,850.0,15016.0
2012-08-06,833.0,850.0,833.0,833.0,3610.0
2012-08-08,833.0,833.0,830.0,833.0,2300.0
2012-08-09,845.0,869.0,845.0,845.0,2970.0
2012-08-10,860.0,860.0,855.0,860.0,4200.0
2012-08-15,870.0,870.0,864.0,870.0,3072.0
2012-08-16,832.0,850.0,832.0,832.0,160.0
2012-08-17,870.0,870.0,837.0,870.0,271.0
2012-08-23,869.0,869.0,826.0,869.0,41.0
2012-08-28,833.0,833.0,833.0,833.0,20.0
2012-08-31,840.0,840.0,835.0,840.0,476.0
2012-09-05,870.0,870.0,870.0,870.0,5825.0
2012-09-07,869.0,869.0,869.0,869.0,300.0
2012-09-12,840.0,840.0,840.0,840.0,3.0
2012-09-13,864.0,864.0,840.0,864.0,12.0
2012-09-14,830.0,830.0,830.0,830.0,175.0
2012-09-17,831.0,831.0,831.0,831.0,820.0
2012-09-18,811.0,830.0,800.0,811.0,361.0
2012-09-19,814.0,814.0,814.0,814.0,7008.0
2012-09-21,795.0,816.0,785.0,795.0,5901.0
2012-09-24,789.0,790.0,789.0,789.0,7.0
2012-09-25,789.0,789.0,773.0,789.0,70.0
2012-09-26,810.0,810.0,780.0,810.0,650.0
2012-09-27,825.0,825.0,800.0,825.0,400.0
2012-09-28,786.0,786.0,786.0,786.0,715.0
2012-10-02,786.0,786.0,786.0,786.0,20.0
2012-10-04,819.0,819.0,787.0,819.0,1410.0
2012-10-05,770.0,818.0,770.0,770.0,446.0
2012-10-08,798.0,798.0,772.0,798.0,92.0
2012-10-10,785.0,790.0,751.0,785.0,446.0
2012-10-11,771.0,825.0,771.0,771.0,551.0
2012-10-12,770.0,770.0,770.0,770.0,232.0
2012-10-15,755.0,799.0,755.0,755.0,120.0
2012-10-16,757.0,757.0,757.0,757.0,60.0
2012-10-17,750.0,760.0,750.0,750.0,14876.0
2012-10-18,751.0,751.0,750.0,751.0,6172.0
2012-10-19,730.0,751.0,730.0,730.0,2178.0
2012-10-22,773.0,773.0,773.0,773.0,69.0
2012-10-25,750.0,773.0,750.0,750.0,1529.0
2012-10-29,739.0,740.0,718.0,739.0,148.0
2012-10-30,768.0,768.0,730.0,768.0,1941.0
2012-10-31,780.0,780.0,750.0,780.0,1950.0
2012-11-01,780.0,780.0,750.0,780.0,1020.0
2012-11-02,780.0,780.0,780.0,780.0,160.0
2012-11-05,800.0,800.0,800.0,800.0,10.0
2012-11-07,780.0,824.0,780.0,780.0,1263.0
2012-11-08,795.0,795.0,756.0,795.0,303.0
2012-11-09,751.0,793.0,750.0,751.0,13611.0
2012-11-12,760.0,760.0,750.0,760.0,469.0
2012-11-13,750.0,750.0,750.0,750.0,2110.0
2012-11-14,750.0,760.0,750.0,750.0,80.0
2012-11-15,746.0,746.0,746.0,746.0,20.0
2012-11-19,710.0,750.0,710.0,710.0,1211.0
2012-11-20,710.0,721.0,700.0,710.0,2520.0
2012-11-21,710.0,734.0,710.0,710.0,153.0
2012-11-22,710.0,710.0,710.0,710.0,98.0
2012-11-23,705.0,705.0,705.0,705.0,9.0
2012-11-26,710.0,710.0,705.0,710.0,20.0
2012-11-27,712.0,730.0,709.0,712.0,35.0
2012-11-29,713.0,713.0,713.0,713.0,55.0
2012-11-30,702.0,738.0,702.0,702.0,386.0
2012-12-03,733.0,733.0,702.0,733.0,630.0
2012-12-05,730.0,730.0,730.0,730.0,50.0
2012-12-07,730.0,730.0,730.0,730.0,215.0
2012-12-10,730.0,730.0,710.0,730.0,511.0
2012-12-11,740.0,740.0,720.0,740.0,505.0
2012-12-12,740.0,740.0,725.0,740.0,58.0
2012-12-14,740.0,740.0,740.0,740.0,1.0
2012-12-17,730.0,730.0,730.0,730.0,3000.0
2012-12-19,738.0,738.0,738.0,738.0,110.0
2012-12-20,742.0,742.0,737.0,742.0,283410.0
2012-12-21,740.0,740.0,721.0,740.0,981.0
2012-12-26,729.0,729.0,709.0,729.0,9966.0
2012-12-27,720.0,720.0,710.0,720.0,7700.0
2012-12-28,720.0,720.0,710.0,720.0,1901.0
2012-12-31,763.0,763.0,706.0,763.0,46661.0
2013-01-02,720.0,724.0,720.0,720.0,3000.0
2013-01-04,704.0,704.0,704.0,704.0,5.0
2013-01-07,710.0,710.0,703.0,710.0,4326.0
2013-01-08,712.0,712.0,712.0,712.0,326.0
2013-01-09,710.0,710.0,708.0,710.0,23235.0
2013-01-10,705.0,710.0,705.0,705.0,7037.0
2013-01-14,702.0,707.0,702.0,702.0,265.0
2013-01-15,702.0,702.0,671.0,702.0,3342.0
2013-01-16,670.0,699.0,665.0,670.0,163.0
2013-01-17,670.0,670.0,661.0,670.0,381.0
2013-01-18,670.0,709.0,670.0,670.0,4843.0
2013-01-21,698.0,698.0,698.0,698.0,25.0
2013-01-22,680.0,681.0,680.0,680.0,2225.0
2013-01-23,700.0,700.0,700.0,700.0,28.0
2013-01-28,682.0,682.0,681.0,682.0,301.0
2013-01-30,682.0,682.0,682.0,682.0,120.0
2013-02-01,665.0,699.0,665.0,665.0,701.0
2013-02-04,665.0,665.0,665.0,665.0,10.0
2013-02-08,667.0,670.0,667.0,667.0,621.0
2013-02-12,670.0,670.0,667.0,670.0,4990.0
2013-02-14,670.0,670.0,665.0,670.0,7402.0
2013-02-18,669.90002,669.90002,630.09998,669.90002,91.0
2013-02-19,669.0,669.0,669.0,669.0,21.0
2013-02-20,670.0,670.0,630.0,670.0,2693.0
2013-02-21,695.0,695.0,635.0,695.0,6.0
2013-02-22,653.29999,689.0,653.29999,660.0,34.0
2013-02-25,635.20001,635.20001,635.20001,635.20001,16.0
2013-02-26,660.0,660.0,633.29999,633.29999,3.0
2013-02-27,667.0,667.0,667.0,667.0,1.0
2013-02-28,650.0,650.0,650.0,650.0,3315.0
2013-03-01,650.0,650.0,615.0,615.0,6631.0
2013-03-06,630.0,630.0,630.0,630.0,4.0
2013-03-07,630.0,630.0,600.0,600.0,1335.0
2013-03-08,600.0,600.0,600.0,600.0,1230.0
2013-03-11,619.5,619.5,600.0,600.0,5063.0
2013-03-12,575.0,614.40002,575.0,614.40002,216.0
2013-03-13,580.0,609.70001,580.0,609.70001,6928.0
2013-03-14,577.0,600.0,577.0,577.20001,2212.0
2013-03-15,571.5,598.0,571.5,577.0,432.0
2013-03-19,577.0,597.20001,577.0,577.0,7.0
2013-03-21,577.09998,578.09998,577.09998,578.09998,61.0
2013-03-25,578.09998,578.09998,578.0,578.0,7.0
2013-03-27,578.09998,578.09998,577.0,577.0,181.0
2013-03-28,577.0,577.0,571.5,577.0,105.0
2013-03-29,571.5,571.5,571.5,571.5,2.0
2013-04-02,590.0,590.0,590.0,590.0,5.0
2013-04-03,590.0,590.0,590.0,590.0,45.0
2013-04-04,580.0,580.0,580.0,580.0,2.0
2013-04-05,580.0,580.0,580.0,580.0,28.0
2013-04-09,598.79999,598.79999,598.79999,598.79999,1.0
2013-04-10,590.0,590.0,586.0,586.0,5.0
2013-04-11,586.0,587.0,586.0,587.0,30.0
2013-04-16,590.0,600.0,590.0,600.0,15.0
2013-04-17,600.0,610.0,600.0,602.0,604.0
2013-04-19,603.0,603.0,600.0,600.0,420.0
2013-04-23,600.0,600.0,600.0,600.0,62.0
2013-04-24,602.0,602.0,600.0,600.0,41.0
2013-04-25,600.0,605.0,600.0,605.0,19.0
2013-04-29,604.90002,605.0,604.90002,605.0,1251.0
2013-04-30,592.09998,592.09998,592.09998,592.09998,30.0
2013-05-02,593.0,593.0,593.0,593.0,1050.0
2013-05-03,615.0,620.0,594.0,594.0,180.0
2013-05-07,595.0,595.0,594.0,594.0,15.0
2013-05-09,593.0,593.0,582.5,582.5,90.0
2013-05-10,594.0,609.59998,579.0,579.0,114.0
2013-05-13,577.09998,577.09998,577.09998,577.09998,45.0
2013-05-14,575.0,575.0,575.0,575.0,4.0
2013-05-15,579.0,599.0,579.0,599.0,510.0
2013-05-16,596.0,596.0,580.0,580.0,6555.0
2013-05-21,582.0,582.0,582.0,582.0,9.0
2013-05-23,582.0,582.0,580.0,580.0,4920.0
2013-05-24,570.0,580.0,550.0,580.0,1813.0
2013-05-27,556.0,593.0,556.0,593.0,167.0
2013-05-30,580.0,580.0,580.0,580.0,5.0
2013-05-31,590.0,590.0,590.0,590.0,10.0
2013-06-04,580.0,580.0,578.0,578.0,155.0
2013-06-05,590.0,600.0,590.0,600.0,96.0
2013-06-14,600.0,600.0,600.0,600.0,50.0
2013-06-18,598.0,598.0,598.0,598.0,3.0
2013-06-19,598.0,629.90002,597.0,629.90002,329.0
2013-06-20,630.0,660.0,630.0,660.0,537.0
2013-06-21,660.0,689.0,660.0,689.0,90.0
2013-06-25,660.0,695.0,650.0,695.0,3868.0
2013-06-26,660.0,660.0,660.0,660.0,3700.0
2013-06-27,669.0,669.0,620.40002,620.40002,57947.0
2013-06-28,650.0,650.0,583.20001,583.20001,2458.0
2013-07-01,564.0,613.90002,562.40002,613.90002,7.0
2013-07-05,600.0,600.0,600.0,600.0,625.0
2013-07-09,597.90002,597.90002,597.90002,597.90002,20.0
2013-07-11,590.0,593.0,590.0,593.0,547.0
2013-07-12,600.0,600.0,591.0,591.0,79.0
2013-07-19,600.0,614.0,600.0,614.0,30.0
2013-07-22,598.09998,610.0,598.0,610.0,31.0
2013-07-23,610.0,610.0,600.0,600.0,442.0
2013-07-25,600.0,600.0,600.0,600.0,50.0
2013-07-26,600.0,625.0,600.0,610.0,1386.0
2013-08-02,600.0,600.0,600.0,600.0,73.0
2013-08-05,600.0,600.0,600.0,600.0,8.0
2013-08-07,600.0,630.0,600.0,630.0,401.0
2013-08-16,601.0,630.0,601.0,630.0,1102.0
2013-08-22,602.0,629.0,602.0,628.0,206.0
2013-08-26,634.0,634.0,630.0,630.0,4385.0
2013-08-28,629.90002,630.0,629.90002,630.0,1690.0
2013-09-03,630.0,630.0,630.0,630.0,1.0
2013-09-04,606.09998,634.0,606.09998,634.0,164.0
2013-09-05,640.0,643.0,640.0,642.0,4106.0
2013-09-09,640.0,640.0,640.0,640.0,2500.0
2013-09-10,635.0,640.0,635.0,640.0,1407.0
2013-09-11,640.0,640.0,640.0,640.0,6079.0
2013-09-17,640.0,640.0,640.0,640.0,6010.0
2013-09-18,630.0,630.0,630.0,630.0,6.0
2013-09-19,640.0,640.0,630.0,630.0,12.0
2013-09-25,640.0,645.0,640.0,645.0,10399.0
2013-09-26,649.0,650.0,649.0,650.0,4374.0
2013-10-02,631.0,670.0,630.0,670.0,1047.0
2013-10-03,670.0,690.0,670.0,690.0,2587.0
2013-10-04,690.0,690.0,690.0,690.0,2.0
2013-10-08,690.0,705.0,690.0,705.0,4030.0
2013-10-09,706.0,706.0,706.0,706.0,7.0
2013-10-10,705.0,705.0,689.0,690.0,504.0
2013-10-15,680.0,680.0,680.0,680.0,22.0
2013-10-22,680.0,707.0,680.0,700.0,2945.0
2013-10-23,708.0,710.0,708.0,710.0,30.0
2013-10-24,715.0,726.0,715.0,726.0,82.0
2013-10-25,730.0,750.0,728.0,740.0,4671.0
2013-10-28,740.0,752.20001,740.0,750.0,1021.0
2013-10-29,764.0,783.0,750.0,750.0,2437.0
2013-11-01,750.0,775.0,750.0,760.0,4238.0
2013-11-04,760.0,785.0,760.0,770.0,465.0
2013-11-07,770.0,770.0,770.0,770.0,3.0
2013-11-08,780.0,780.0,780.0,780.0,196.0
2013-11-11,780.0,786.0,780.0,786.0,50.0
2013-11-12,800.0,810.0,781.0,810.0,1929.0
2013-11-13,809.90002,812.0,809.0,812.0,278.0
2013-11-14,818.0,830.0,818.0,830.0,1725.0
2013-11-15,825.0,825.0,820.0,820.0,2212.0
2013-11-20,818.0,840.0,818.0,819.0,160.0
2013-11-21,819.0,820.0,819.0,820.0,137.0
2013-11-22,820.0,859.0,820.0,859.0,904.0
2013-11-25,855.0,855.0,855.0,855.0,24.0
2013-11-26,830.0,898.0,827.0,898.0,57533.0
2013-11-27,885.0,885.0,853.0,853.0,130.0
2013-11-28,885.0,885.0,845.0,860.0,913.0
2013-11-29,859.0,859.0,850.0,850.0,170.0
2013-12-03,850.0,850.0,850.0,850.0,265.0
2013-12-06,850.0,850.0,850.0,850.0,2132.0
2013-12-10,835.0,835.0,827.0,827.0,70.0
2013-12-11,849.0,849.0,849.0,849.0,10.0
2013-12-17,849.0,850.0,845.0,845.0,150.0
2013-12-18,831.0,831.0,831.0,831.0,8.0
2013-12-19,850.0,850.0,850.0,850.0,334.0
2013-12-20,822.0,822.0,822.0,822.0,66.0
2013-12-24,860.0,860.0,860.0,860.0,2200.0
2013-12-25,835.0,835.0,835.0,835.0,1083.0
2013-12-26,860.0,860.0,835.0,835.0,311.0
2013-12-27,830.0,830.0,830.0,830.0,500.0
2013-12-30,859.0,859.0,859.0,859.0,1.0
2013-12-31,850.0,850.0,850.0,850.0,12151.0
2014-01-03,810.0,810.0,810.0,810.0,122.0
2014-01-10,810.0,816.0,810.0,816.0,2542.0
2014-01-17,846.0,850.0,846.0,850.0,2.0
2014-01-22,810.0,811.09998,810.0,811.09998,45.0
2014-01-23,811.0,811.0,811.0,811.0,200.0
2014-01-24,812.0,840.0,811.0,812.0,69.0
2014-01-27,845.0,845.0,845.0,845.0,2.0
2014-01-29,812.0,812.0,812.0,812.0,170.0
2014-01-30,823.0,823.0,823.0,823.0,2570.0
2014-01-31,823.0,823.0,823.0,823.0,216.0
2014-02-04,811.0,811.0,805.0,806.0,20.0
2014-02-06,806.0,806.0,806.0,806.0,148.0
2014-02-07,842.90002,842.90002,842.90002,842.90002,5.0
2014-02-12,842.0,842.0,842.0,842.0,5.0
2014-02-13,841.0,841.0,828.0,841.0,11.0
2014-02-14,841.5,869.0,841.5,869.0,200.0
2014-02-18,869.0,921.0,869.0,920.0,21586.0
2014-02-19,906.0,906.0,906.0,906.0,15.0
2014-02-20,880.0,920.0,880.0,920.0,6.0
2014-02-24,910.0,910.0,910.0,910.0,7604.0
2014-02-25,892.0,949.0,892.0,946.20001,25.0
2014-02-26,943.5,943.5,943.5,943.5,5.0
2014-02-27,941.5,941.70001,925.0,925.0,807.0
2014-03-03,920.0,920.0,910.0,910.0,18077.0
2014-03-04,940.0,950.0,940.0,950.0,282.0
2014-03-05,950.0,950.0,950.0,950.0,15.0
2014-03-06,925.0,925.0,925.0,925.0,6000.0
2014-03-07,950.0,950.0,925.0,925.0,1050.0
2014-03-11,930.0,930.0,911.0,911.0,2810.0
2014-03-12,939.0,940.0,925.0,939.0,2012.0
2014-03-14,930.0,930.0,930.0,930.0,189.0
2014-03-17,940.0,950.0,940.0,950.0,1500.0
2014-03-18,950.0,950.0,950.0,950.0,2.0
2014-03-19,950.0,950.0,950.0,950.0,841.0
2014-03-20,950.0,950.0,950.0,950.0,15510.0
2014-03-21,919.0,950.0,919.0,950.0,27.0
2014-03-24,950.0,950.0,950.0,950.0,19.0
2014-03-25,950.0,950.0,950.0,950.0,9.0
2014-03-26,930.0,930.0,930.0,930.0,56.0
2014-03-27,948.0,948.0,922.09998,946.0,7.0
2014-04-01,906.0,906.0,906.0,906.0,105.0
2014-04-03,910.0,910.0,910.0,910.0,3.0
2014-04-04,925.0,950.0,925.0,950.0,1148.0
2014-04-09,950.0,950.0,950.0,950.0,517.0
2014-04-14,920.0,959.0,920.0,959.0,276.0
2014-04-15,958.0,970.0,950.0,950.0,31016.0
2014-04-16,955.0,981.0,955.0,981.0,617.0
2014-04-24,951.0,951.0,950.0,950.0,43505.0
2014-04-25,950.0,950.0,950.0,950.0,10000.0
2014-04-29,950.0,950.0,950.0,950.0,66.0
2014-04-30,950.0,950.0,950.0,950.0,154.0
2014-05-07,925.5,925.5,925.5,925.5,1.0
2014-05-09,981.0,981.0,950.0,950.0,219.0
2014-05-12,935.0,935.0,935.0,935.0,7.0
2014-05-13,950.0,960.0,950.0,960.0,515.0
2014-05-14,960.0,960.0,960.0,960.0,331.0
2014-05-16,932.0,960.0,932.0,935.0,1234.0
2014-05-23,960.0,960.0,960.0,960.0,50.0
2014-05-26,960.0,960.0,960.0,960.0,18.0
2014-06-03,955.0,955.0,955.0,955.0,50.0
2014-06-04,960.0,960.0,960.0,960.0,57.0
2014-06-05,930.0,930.0,930.0,930.0,20.0
2014-06-06,935.0,950.0,935.0,950.0,484.0
2014-06-11,950.0,950.0,950.0,950.0,597.0
2014-06-13,942.0,942.0,942.0,942.0,1000.0
2014-06-16,950.0,950.0,950.0,950.0,17.0
2014-06-18,950.0,950.0,950.0,950.0,17.0
2014-06-20,932.0,932.0,932.0,932.0,42.0
2014-06-23,940.0,985.0,940.0,950.0,2968.0
2014-06-26,944.0,944.0,944.0,944.0,5.0
2014-06-27,970.0,970.0,970.0,970.0,200.0
2014-06-30,979.0,979.0,979.0,979.0,4.0
2014-07-02,926.0,926.0,925.0,925.0,10.0
2014-07-03,928.0,928.0,925.0,925.0,1003.0
2014-07-04,925.0,925.0,925.0,925.0,4.0
2014-07-07,900.0,900.0,900.0,900.0,20.0
2014-07-15,890.0,900.0,890.0,900.0,15040.0
2014-07-16,900.0,900.0,900.0,900.0,11000.0
2014-07-25,901.5,901.5,900.0,900.0,9240.0
2014-08-01,850.0,853.0,850.0,853.0,317.0
2014-08-06,856.0,856.0,856.0,856.0,58.0
2014-08-13,888.0,888.0,888.0,888.0,194.0
2014-08-15,888.0,888.0,888.0,888.0,72.0
2014-08-18,888.0,900.0,888.0,900.0,195.0
2014-08-19,900.0,900.0,900.0,900.0,12162.0
2014-08-22,899.0,899.0,870.0,870.0,555.0
2014-08-25,868.0,868.0,840.0,840.0,350.0
2014-08-26,890.0,890.0,890.0,890.0,8.0
2014-08-27,889.0,889.0,889.0,889.0,75.0
2014-08-28,890.0,930.0,890.0,890.0,19289.0
2014-08-29,901.0,925.0,867.0,925.0,51.0
2014-09-02,900.0,900.0,900.0,900.0,120.0
2014-09-03,900.0,900.0,900.0,900.0,235.0
2014-09-05,900.0,900.0,900.0,900.0,11875.0
2014-09-08,880.59998,920.0,880.59998,900.0,8007.0
2014-09-09,919.0,919.0,900.0,900.0,8001.0
2014-09-11,905.0,910.0,903.0,903.0,64.0
2014-09-12,910.0,910.0,910.0,910.0,402.0
2014-09-16,909.90002,909.90002,909.90002,909.90002,3.0
2014-09-17,910.0,910.0,910.0,910.0,500.0
2014-09-18,910.0,935.0,910.0,930.0,10865.0
2014-09-19,920.0,925.0,920.0,925.0,5260.0
2014-09-22,924.0,929.0,924.0,925.0,1724.0
2014-09-23,920.0,930.0,920.0,930.0,7300.0
2014-09-26,925.0,935.0,925.0,925.0,5643.0
2014-09-29,925.0,925.0,905.0,905.0,1403.0
2014-10-01,940.0,940.0,940.0,940.0,45.0
2014-10-02,949.0,949.0,949.0,949.0,2.0
2014-10-03,925.0,925.0,925.0,925.0,500.0
2014-10-07,906.0,906.0,906.0,906.0,50.0
2014-10-08,940.0,940.0,940.0,940.0,50000.0
2014-10-09,940.0,940.0,940.0,940.0,27410.0
2014-10-10,940.0,940.0,940.0,940.0,1010.0
2014-10-13,940.0,940.0,935.0,935.0,1152.0
2014-10-14,940.0,940.0,940.0,940.0,5303.0
2014-10-15,940.0,940.0,940.0,940.0,5000.0
2014-10-16,940.0,940.0,940.0,940.0,6390.0
2014-10-17,940.0,996.0,940.0,996.0,4040.0
2014-10-20,945.0,945.0,945.0,945.0,10.0
2014-10-21,960.0,960.0,960.0,960.0,12.0
2014-10-22,970.0,970.0,970.0,970.0,5000.0
2014-10-24,978.0,980.0,975.0,980.0,18108.0
2014-10-27,980.0,980.0,974.0,974.0,13.0
2014-10-28,980.0,990.0,965.0,965.0,606.0
2014-10-30,980.0,988.0,980.0,980.0,5870.0
2014-10-31,988.0,988.0,980.0,980.0,4840.0
2014-11-03,998.5,998.5,980.0,980.0,46.0
2014-11-05,980.0,980.0,980.0,980.0,10.0
2014-11-07,980.0,980.0,980.0,980.0,226.0
2014-11-11,980.0,985.0,980.0,985.0,9.0
2014-11-12,985.0,985.0,985.0,985.0,2.0
2014-11-13,985.0,985.0,982.0,982.0,422.0
2014-11-19,965.0,965.0,965.0,965.0,15.0
2014-11-21,980.0,990.0,980.0,990.0,1282.0
2014-11-24,985.0,985.0,985.0,985.0,2605.0
2014-11-25,967.0,984.5,967.0,984.5,23.0
2014-11-26,985.0,985.0,985.0,985.0,9500.0
2014-11-27,960.0,960.0,960.0,960.0,5.0
2014-11-28,980.0,980.0,980.0,980.0,50.0
2014-12-02,985.0,985.0,985.0,985.0,110.0
2014-12-03,985.0,985.0,984.0,985.0,3300.0
2014-12-04,985.0,985.0,985.0,985.0,5.0
2014-12-05,985.0,985.0,965.0,979.0,3079.0
2014-12-08,984.0,984.0,984.0,984.0,93.0
2014-12-09,951.0,951.0,951.0,951.0,70.0
2014-12-12,983.0,983.0,951.0,951.0,228406.0
2014-12-15,980.0,980.0,980.0,980.0,3037.0
2014-12-16,980.0,980.0,980.0,980.0,213.0
2014-12-19,931.0,931.0,931.0,931.0,3517.0
2014-12-22,931.0,931.0,931.0,931.0,3.0
2014-12-23,903.0,903.0,903.0,903.0,350.0
2014-12-25,947.0,947.0,947.0,947.0,100.0
2014-12-26,913.0,949.0,913.0,940.0,2512.0
2014-12-29,920.0,920.0,920.0,920.0,230.0
2014-12-30,940.0,940.0,940.0,940.0,1000.0
2015-01-09,995.0,995.0,995.0,995.0,845.0
2015-01-12,996.0,999.0,947.0,947.0,87.0
2015-01-14,994.0,1003.0,994.0,1003.0,2067.0
2015-01-15,1030.0,1063.0,1030.0,1063.0,5720.0
2015-01-16,1060.0,1126.0,1060.0,1126.0,62860.0
2015-01-19,1187.0,1187.0,1100.0,1126.0,1684.0
2015-01-20,1075.0,1085.0,1075.0,1080.0,2511.0
2015-01-21,1090.0,1090.0,1090.0,1090.0,4810.0
2015-01-22,1090.0,1090.0,1089.0,1089.0,290.0
2015-01-23,1085.0,1085.0,1085.0,1085.0,286.0
2015-01-26,1020.0,1035.0,1020.0,1035.0,42.0
2015-01-30,1070.0,1070.0,1070.0,1070.0,470.0
2015-02-02,1070.0,1070.0,1070.0,1070.0,500.0
2015-02-03,1010.0,1080.0,1010.0,1080.0,810.0
2015-02-04,1080.0,1080.0,1080.0,1080.0,1620.0
2015-02-05,1095.0,1100.0,1095.0,1100.0,1059.0
2015-02-06,1100.0,1119.0,1100.0,1119.0,217.0
2015-02-09,1065.0,1074.0,1065.0,1074.0,42.0
2015-02-10,1100.0,1100.0,1100.0,1100.0,4486.0
2015-02-11,1119.0,1120.0,1110.0,1110.0,618.0
2015-02-12,1110.0,1111.0,1110.0,1111.0,4148.0
2015-02-13,1111.0,1111.0,1111.0,1111.0,436.0
2015-02-16,1110.0,1150.0,1100.0,1100.0,512.0
2015-02-17,1085.0,1125.0,1085.0,1125.0,4.0
2015-02-18,1090.0,1100.0,1090.0,1100.0,4007.0
2015-02-19,1119.0,1210.0,1119.0,1186.0,13637.0
2015-02-20,1210.0,1235.0,1210.0,1215.0,597.0
2015-02-23,1215.0,1223.0,1188.0,1188.0,34.0
2015-02-24,1220.0,1220.0,1220.0,1220.0,33.0
2015-02-25,1191.0,1195.0,1191.0,1195.0,460.0
2015-02-26,1200.0,1200.0,1200.0,1200.0,30.0
2015-02-27,1196.0,1210.0,1196.0,1210.0,5963.0
2015-03-02,1190.0,1200.0,1188.0,1188.0,67.0
2015-03-03,1242.0,1242.0,1201.0,1209.0,1342.0
2015-03-04,1200.0,1208.0,1200.0,1208.0,117.0
2015-03-06,1190.0,1235.0,1177.0,1177.0,5473.0
2015-03-09,1214.0,1214.0,1175.0,1175.0,23.0
2015-03-10,1215.0,1215.0,1180.0,1180.0,5105.0
2015-03-11,1181.0,1181.0,1180.0,1180.0,30.0
2015-03-12,1185.0,1185.0,1175.0,1180.0,6057.0
2015-03-13,1174.0,1180.0,1160.0,1175.0,854.0
2015-03-16,1195.0,1195.0,1160.0,1185.0,7.0
2015-03-17,1160.0,1189.0,1160.0,1160.0,39.0
2015-03-18,1140.0,1169.0,1140.0,1169.0,1055.0
2015-03-19,1160.0,1160.0,1160.0,1160.0,742.0
2015-03-20,1164.0,1175.0,1150.0,1170.0,287.0
2015-03-26,1150.0,1170.0,1111.0,1146.0,1572.0
2015-03-27,1170.0,1170.0,1170.0,1170.0,30.0
2015-03-30,1178.0,1178.0,1178.0,1178.0,6.0
2015-03-31,1175.0,1175.0,1175.0,1175.0,21.0
2015-04-01,1160.0,1160.0,1145.0,1145.0,1005.0
2015-04-02,1150.0,1150.0,1077.0,1077.0,644.0
2015-04-03,1120.0,1141.0,1100.0,1100.0,2669.0
2015-04-06,1055.0,1120.0,1055.0,1120.0,131.0
2015-04-07,1120.0,1120.0,1120.0,1120.0,500.0
2015-04-08,1090.0,1090.0,1066.0,1066.0,18459.0
2015-04-09,1066.0,1117.0,1066.0,1072.0,1093.0
2015-04-10,1050.0,1050.0,1050.0,1050.0,461.0
2015-04-13,1007.0,1007.0,1007.0,1007.0,8.0
2015-04-14,1022.0,1050.0,1022.0,1050.0,16.0
2015-04-15,1080.0,1080.0,1080.0,1080.0,2.0
2015-04-24,1100.0,1100.0,1100.0,1100.0,400.0
2015-04-27,1100.0,1100.0,1100.0,1100.0,304.0
2015-04-29,1105.0,1105.0,1105.0,1105.0,150.0
2015-04-30,1114.0,1114.0,1114.0,1114.0,41.0
2015-05-04,1130.0,1130.0,1130.0,1130.0,1500.0
2015-05-05,1100.0,1100.0,1100.0,1100.0,195.0
2015-05-06,1100.0,1100.0,1100.0,1100.0,178.0
2015-05-07,1101.0,1101.0,1100.0,1100.0,299.0
2015-05-11,1100.0,1145.0,1100.0,1100.0,157.0
2015-05-13,1147.0,1166.0,1147.0,1150.0,2949.0
2015-05-14,1150.0,1150.0,1150.0,1150.0,500.0
2015-05-15,1150.0,1150.0,1115.0,1115.0,209.0
2015-05-18,1169.0,1169.0,1150.0,1150.0,2005.0
2015-05-22,1155.0,1155.0,1155.0,1155.0,283.0
2015-05-25,1150.0,1150.0,1150.0,1150.0,800.0
2015-05-26,1169.0,1169.0,1169.0,1169.0,300.0
2015-05-27,1150.0,1150.0,1150.0,1150.0,2080.0
2015-05-28,1150.0,1160.0,1150.0,1160.0,4000.0
2015-05-29,1170.0,1217.0,1170.0,1215.0,8296.0
2015-06-02,1161.0,1165.0,1161.0,1161.0,146.0
2015-06-04,1170.0,1170.0,1163.0,1163.0,135.0
2015-06-05,1190.0,1200.0,1190.0,1200.0,1971.0
2015-06-09,1167.0,1167.0,1165.0,1165.0,7.0
2015-06-10,1171.0,1171.0,1171.0,1171.0,4.0
2015-06-11,1200.0,1200.0,1200.0,1200.0,274.0
2015-06-12,1225.0,1225.0,1225.0,1225.0,40.0
2015-06-15,1220.0,1220.0,1220.0,1220.0,201.0
2015-06-16,1210.0,1210.0,1210.0,1210.0,16.0
2015-06-17,1220.0,1220.0,1220.0,1220.0,359.0
2015-06-18,1211.0,1211.0,1211.0,1211.0,3.0
2015-06-19,1211.0,1230.0,1210.0,1230.0,64.0
2015-06-22,1230.0,1250.0,1230.0,1235.0,3572.0
2015-06-23,1185.0,1220.0,1185.0,1220.0,4180.0
2015-06-24,1219.0,1219.0,1219.0,1219.0,1154.0
2015-06-26,1200.0,1200.0,1200.0,1200.0,548.0
2015-07-01,1200.0,1215.0,1150.0,1199.0,12920.0
2015-07-02,1195.0,1195.0,1195.0,1195.0,473.0
2015-07-03,1190.0,1190.0,1153.0,1190.0,345.0
2015-07-06,1155.0,1155.0,1155.0,1155.0,2.0
2015-07-07,1161.0,1195.0,1161.0,1195.0,328.0
2015-07-08,1166.0,1214.0,1166.0,1214.0,12.0
2015-07-09,1213.0,1213.0,1213.0,1213.0,150.0
2015-07-10,1200.0,1200.0,1171.0,1200.0,7095.0
2015-07-14,1200.0,1200.0,1200.0,1200.0,2023.0
2015-07-15,1210.0,1210.0,1201.0,1201.0,231.0
2015-07-20,1220.0,1220.0,1220.0,1220.0,1120.0
2015-07-21,1220.0,1240.0,1220.0,1240.0,2108.0
2015-07-22,1249.0,1300.0,1240.0,1252.0,9891.0
2015-07-23,1261.0,1300.0,1261.0,1300.0,22702.0
2015-07-24,1270.0,1276.0,1270.0,1276.0,334.0
2015-07-27,1295.0,1295.0,1295.0,1295.0,1.0
2015-07-28,1300.0,1320.0,1280.0,1299.0,2775.0
2015-07-29,1299.0,1300.0,1299.0,1300.0,123.0
2015-08-03,1300.0,1300.0,1300.0,1300.0,2000.0
2015-08-05,1291.0,1291.0,1291.0,1291.0,14.0
2015-08-06,1260.0,1290.0,1260.0,1290.0,14.0
2015-08-07,1270.0,1270.0,1270.0,1270.0,3334.0
2015-08-10,1270.0,1270.0,1270.0,1270.0,400.0
2015-08-11,1270.0,1300.0,1270.0,1300.0,1950.0
2015-08-12,1264.0,1299.0,1264.0,1299.0,11.0
2015-08-17,1258.0,1258.0,1258.0,1258.0,25.0
2015-08-19,1290.0,1290.0,1290.0,1290.0,100.0
2015-08-24,1294.0,1294.0,1261.0,1261.0,509.0
2015-08-25,1260.0,1260.0,1260.0,1260.0,700.0
2015-08-26,1260.0,1260.0,1250.0,1250.0,1597.0
2015-08-31,1280.0,1280.0,1280.0,1280.0,563.0
2015-09-01,1241.0,1241.0,1241.0,1241.0,19.0
2015-09-02,1241.0,1241.0,1241.0,1241.0,703.0
2015-09-03,1241.0,1241.0,1241.0,1241.0,1.0
2015-09-04,1249.0,1250.0,1235.0,1235.0,148.0
2015-09-11,1240.0,1240.0,1207.0,1207.0,1600.0
2015-09-15,1240.0,1240.0,1240.0,1240.0,20.0
2015-09-17,1240.0,1240.0,1240.0,1240.0,1000.0
2015-09-18,1206.0,1206.0,1206.0,1206.0,293.0
2015-09-21,1130.0,1240.0,1130.0,1240.0,48.0
2015-09-28,1205.0,1205.0,1205.0,1205.0,643.0
2015-09-29,1180.0,1180.0,1180.0,1180.0,96.0
2015-09-30,1250.0,1250.0,1250.0,1250.0,100.0
2015-10-01,1175.0,1239.0,1175.0,1179.0,21.0
2015-10-02,1200.0,1200.0,1200.0,1200.0,996.0
2015-10-05,1200.0,1200.0,1200.0,1200.0,2062.0
2015-10-06,1235.0,1235.0,1235.0,1235.0,2.0
2015-10-08,1200.0,1200.0,1181.0,1181.0,870.0
2015-10-09,1179.0,1179.0,1179.0,1179.0,860.0
2015-10-12,1224.0,1224.0,1224.0,1224.0,14.0
2015-10-13,1177.0,1177.0,1176.0,1176.0,10.0
2015-10-14,1176.0,1176.0,1176.0,1176.0,49.0
2015-10-16,1121.0,1121.0,1121.0,1121.0,100.0
2015-10-19,1185.0,1185.0,1185.0,1185.0,150.0
2015-10-20,1126.0,1126.0,1126.0,1126.0,25.0
2015-10-21,1140.0,1140.0,1140.0,1140.0,2.0
2015-10-22,1127.0,1127.0,1110.0,1110.0,169.0
2015-10-23,1140.0,1140.0,1140.0,1140.0,2.0
2015-10-27,1090.0,1090.0,1090.0,1090.0,155.0
2015-10-29,1135.0,1150.0,1135.0,1150.0,78.0
2015-10-30,1181.0,1181.0,1160.0,1160.0,700.0
2015-11-03,1130.0,1160.0,1096.0,1160.0,1052.0
2015-11-04,1160.0,1185.0,1160.0,1185.0,309.0
2015-11-05,1160.0,1235.0,1160.0,1235.0,55.0
2015-11-09,1161.0,1161.0,1161.0,1161.0,30.0
2015-11-10,1127.0,1127.0,1127.0,1127.0,358.0
2015-11-11,1107.0,1160.0,1107.0,1160.0,354.0
2015-11-12,1121.0,1160.0,1121.0,1159.0,516.0
2015-11-13,1131.0,1160.0,1130.0,1130.0,1679.0
2015-11-16,1130.0,1132.0,1130.0,1132.0,273.0
2015-11-17,1131.0,1131.0,1130.0,1130.0,143.0
2015-11-20,1160.0,1160.0,1130.0,1130.0,496.0
2015-11-25,1160.0,1160.0,1160.0,1160.0,300.0
2015-11-27,1131.0,1131.0,1131.0,1131.0,119.0
2015-11-30,1130.0,1140.0,1130.0,1140.0,288.0
2015-12-02,1140.0,1140.0,1140.0,1140.0,489.0
2015-12-04,1131.0,1131.0,1131.0,1131.0,10.0
2015-12-08,1131.0,1140.0,1131.0,1140.0,791.0
2015-12-09,1131.0,1131.0,1100.0,1100.0,344.0
2015-12-10,1100.0,1100.0,1053.0,1053.0,5037.0
2015-12-11,1050.0,1050.0,1010.0,1010.0,1030.0
2015-12-14,1068.0,1068.0,1007.0,1058.0,23.0
2015-12-15,1012.0,1012.0,1000.0,1000.0,220.0
2015-12-16,1049.0,1059.0,1030.0,1030.0,116.0
2015-12-17,1031.0,1040.0,1020.0,1040.0,1660.0
2015-12-18,1020.0,1030.0,1020.0,1030.0,152.0
2015-12-21,1040.0,1050.0,1035.0,1050.0,3154.0
2015-12-23,995.0,995.0,995.0,995.0,40.0
2015-12-28,1075.0,1075.0,1024.0,1075.0,7277.0
2015-12-29,1046.0,1050.0,1046.0,1050.0,2631.0
2015-12-30,1043.0,1043.0,1043.0,1043.0,9500.0
2015-12-31,1025.0,1025.0,1025.0,1025.0,1659.0
2016-01-04,1025.0,1060.0,1025.0,1060.0,60.0
2016-01-05,1020.0,1020.0,1020.0,1020.0,68.0
2016-01-07,1032.0,1032.0,1032.0,1032.0,418.0
2016-01-08,1030.0,1089.0,1030.0,1089.0,1041.0
2016-01-14,1087.0,1088.0,1087.0,1088.0,568.0
2016-01-19,1084.0,1086.0,1079.0,1086.0,1936.0
2016-01-20,1086.0,1100.0,1086.0,1100.0,4103.0
2016-01-22,1100.0,1105.0,1100.0,1100.0,819.0
2016-01-26,1121.0,1121.0,1121.0,1121.0,125.0
2016-01-28,1123.0,1188.0,1123.0,1187.0,865.0
2016-01-29,1140.0,1140.0,1125.0,1125.0,4542.0
2016-02-01,1140.0,1175.0,1140.0,1175.0,2748.0
2016-02-02,1133.0,1144.0,1133.0,1144.0,2293.0
2016-02-03,1160.0,1170.0,1160.0,1170.0,235.0
2016-02-04,1140.0,1142.0,1140.0,1142.0,3500.0
2016-02-05,1151.0,1152.0,1150.0,1150.0,3210.0
2016-02-08,1150.0,1150.0,1150.0,1150.0,750.0
2016-02-09,1150.0,1150.0,1150.0,1150.0,10.0
2016-02-11,1170.0,1180.0,1170.0,1180.0,5.0
2016-02-12,1170.0,1170.0,1150.0,1150.0,997.0
2016-02-15,1189.0,1219.0,1189.0,1219.0,22.0
2016-02-16,1177.0,1177.0,1177.0,1177.0,35.0
2016-02-17,1200.0,1200.0,1200.0,1200.0,2305.0
2016-02-22,1221.0,1243.0,1200.0,1200.0,1108.0
2016-02-23,1201.0,1201.0,1200.0,1200.0,8078.0
2016-02-24,1150.0,1200.0,1150.0,1200.0,4030.0
2016-02-25,1200.0,1200.0,1200.0,1200.0,2020.0
2016-02-26,1138.0,1138.0,1138.0,1138.0,473.0
2016-02-29,1150.0,1150.0,1150.0,1150.0,4160.0
2016-03-01,1141.0,1150.0,1141.0,1150.0,1205.0
2016-03-02,1150.0,1195.0,1142.0,1195.0,442.0
2016-03-03,1156.0,1194.0,1155.0,1194.0,3392.0
2016-03-08,1190.0,1200.0,1190.0,1200.0,163.0
2016-03-11,1160.0,1190.0,1160.0,1190.0,51.0
2016-03-15,1189.0,1189.0,1181.0,1181.0,1026.0
2016-03-16,1189.0,1189.0,1175.0,1189.0,1000.0
2016-03-17,1160.0,1185.0,1160.0,1185.0,58.0
2016-03-18,1185.0,1185.0,1185.0,1185.0,200.0
2016-03-22,1182.0,1185.0,1150.0,1150.0,687.0
2016-03-23,1170.0,1170.0,1170.0,1170.0,14.0
2016-03-25,1170.0,1185.0,1170.0,1185.0,190.0
2016-03-29,1154.0,1154.0,1150.0,1152.0,1073.0
2016-03-30,1153.0,1188.0,1152.0,1188.0,50.0
2016-03-31,1154.0,1154.0,1150.0,1150.0,3094.0
2016-04-01,1193.0,1193.0,1155.0,1155.0,12.0
2016-04-04,1184.0,1184.0,1184.0,1184.0,1.0
2016-04-05,1150.0,1150.0,1150.0,1150.0,3500.0
2016-04-06,1150.0,1150.0,1150.0,1150.0,3.0
2016-04-07,1155.0,1155.0,1150.0,1150.0,956.0
2016-04-08,1150.0,1150.0,1120.0,1120.0,901.0
2016-04-12,1150.0,1150.0,1150.0,1150.0,2900.0
2016-04-13,1177.0,1178.0,1177.0,1178.0,50.0
2016-04-14,1150.0,1150.0,1150.0,1150.0,2000.0
2016-04-15,1150.0,1151.0,1150.0,1150.0,2063.0
2016-04-18,1150.0,1150.0,1150.0,1150.0,3.0
2016-04-19,1150.0,1150.0,1150.0,1150.0,510.0
2016-04-21,1147.0,1147.0,1147.0,1147.0,369.0
2016-04-22,1168.0,1179.0,1168.0,1179.0,1053.0
2016-04-25,1135.0,1175.0,1132.0,1175.0,2000.0
2016-04-26,1177.0,1178.0,1156.0,1157.0,365.0
2016-04-28,1160.0,1160.0,1160.0,1160.0,1150.0
2016-04-29,1180.0,1180.0,1170.0,1170.0,80.0
2016-05-02,1169.0,1169.0,1150.0,1169.0,242.0
2016-05-03,1169.0,1180.0,1169.0,1180.0,246.0
2016-05-05,1200.0,1250.0,1180.0,1250.0,318.0
2016-05-06,1186.0,1250.0,1186.0,1250.0,945.0
2016-05-09,1250.0,1250.0,1221.0,1221.0,922.0
2016-05-11,1250.0,1262.0,1250.0,1262.0,5295.0
2016-05-12,1260.0,1300.0,1260.0,1300.0,8916.0
2016-05-13,1299.0,1299.0,1260.0,1260.0,466.0
2016-05-16,1290.0,1300.0,1290.0,1300.0,68.0
2016-05-17,1260.0,1270.0,1260.0,1270.0,3746.0
2016-05-19,1270.0,1270.0,1270.0,1270.0,2000.0
2016-05-20,1235.0,1235.0,1235.0,1235.0,180.0
2016-05-27,1250.0,1250.0,1200.0,1200.0,741.0
2016-05-30,1201.0,1201.0,1200.0,1200.0,999.0
2016-05-31,1200.0,1210.0,1200.0,1210.0,432.0
2016-06-08,1211.0,1211.0,1211.0,1211.0,1270.0
2016-06-09,1211.0,1211.0,1211.0,1211.0,42.0
2016-06-10,1210.0,1210.0,1210.0,1210.0,70.0
2016-06-14,1215.0,1215.0,1210.0,1210.0,72.0
2016-06-17,1210.0,1210.0,1210.0,1210.0,80.0
2016-06-20,1200.0,1200.0,1200.0,1200.0,38.0
2016-06-22,1203.0,1204.0,1203.0,1204.0,337.0
2016-06-23,1170.0,1170.0,1170.0,1170.0,10.0
2016-06-24,1170.0,1170.0,1170.0,1170.0,30.0
2016-06-27,1110.0,1110.0,1110.0,1110.0,198.0
2016-06-28,1160.0,1172.0,1160.0,1172.0,2003.0
2016-06-29,1150.0,1150.0,1149.0,1150.0,310.0
2016-06-30,1170.0,1170.0,1160.0,1160.0,501.0
2016-07-01,1160.0,1160.0,1140.0,1140.0,3018.0
2016-08-05,1140.0,1180.0,1140.0,1173.0,11903.0
2016-08-08,1180.0,1180.0,1180.0,1180.0,528.0
2016-08-09,1180.0,1180.0,1161.0,1161.0,1358.0
2016-08-10,1180.0,1180.0,1180.0,1180.0,288.0
2016-08-11,1181.0,1183.0,1180.0,1183.0,14764.0
2016-08-12,1183.0,1183.0,1183.0,1183.0,184.0
2016-08-15,1180.0,1180.0,1180.0,1180.0,32.0
2016-08-16,1180.0,1183.0,1180.0,1183.0,616.0
2016-08-17,1180.0,1180.0,1180.0,1180.0,20.0
2016-08-19,1180.0,1184.0,1180.0,1184.0,505.0
2016-08-22,1184.0,1184.0,1180.0,1181.0,1382.0
2016-08-23,1180.0,1181.0,1150.0,1150.0,279.0
2016-08-24,1174.0,1181.0,1174.0,1181.0,5106.0
2016-08-25,1180.0,1181.0,1180.0,1181.0,356.0
2016-08-26,1181.0,1190.0,1181.0,1190.0,206.0
2016-08-29,1185.0,1185.0,1185.0,1185.0,1000.0
2016-08-30,1180.0,1180.0,1180.0,1180.0,48.0
2016-08-31,1185.0,1189.0,1181.0,1181.0,475.0
2016-09-01,1181.0,1181.0,1150.0,1180.0,1303.0
2016-09-02,1183.0,1190.0,1183.0,1190.0,204.0
2016-09-05,1180.0,1190.0,1180.0,1190.0,47.0
2016-09-06,1190.0,1206.0,1190.0,1206.0,922.0
2016-09-07,1206.0,1235.0,1206.0,1235.0,1024.0
2016-09-08,1206.0,1228.0,1195.0,1197.0,529.0
2016-09-09,1194.0,1195.0,1194.0,1195.0,40.0
2016-09-14,1195.0,1195.0,1189.0,1190.0,6200.0
2016-09-16,1190.0,1190.0,1190.0,1190.0,4422.0
2016-09-19,1190.0,1190.0,1190.0,1190.0,2.0
2016-09-20,1190.0,1190.0,1155.0,1165.0,29.0
2016-09-21,1175.0,1175.0,1175.0,1175.0,6580.0
2016-09-23,1176.0,1176.0,1175.0,1175.0,14.0
2016-09-27,1227.0,1227.0,1227.0,1227.0,100.0
2016-09-30,1180.0,1180.0,1180.0,1180.0,52.0
2016-10-04,1190.0,1190.0,1190.0,1190.0,2150.0
2016-10-05,1175.0,1180.0,1150.0,1180.0,340.0
2016-10-07,1174.0,1174.0,1174.0,1174.0,14.0
2016-10-10,1180.0,1180.0,1180.0,1180.0,1.0
2016-10-13,1194.0,1194.0,1194.0,1194.0,22.0
2016-10-14,1194.0,1200.0,1194.0,1200.0,1374.0
2016-10-17,1200.0,1200.0,1200.0,1200.0,136.0
2016-10-20,1220.0,1230.0,1220.0,1230.0,306.0
2016-10-21,1230.0,1275.0,1230.0,1275.0,1146.0
2016-10-24,1265.0,1265.0,1265.0,1265.0,1013.0
2016-10-25,1256.0,1256.0,1256.0,1256.0,2583.0
2016-10-26,1270.0,1280.0,1270.0,1280.0,998.0
2016-10-27,1288.0,1288.0,1280.0,1280.0,123.0
2016-10-31,1280.0,1300.0,1280.0,1300.0,825.0
2016-11-01,1300.0,1300.0,1300.0,1300.0,1115.0
2016-11-03,1298.0,1300.0,1298.0,1300.0,1546.0
2016-11-04,1301.0,1301.0,1280.0,1280.0,3052.0
2016-11-07,1251.0,1280.0,1251.0,1280.0,10943.0
2016-11-08,1280.0,1280.0,1270.0,1270.0,6777.0
2016-11-09,1280.0,1280.0,1280.0,1280.0,2170.0
2016-11-10,1280.0,1280.0,1280.0,1280.0,297.0
2016-11-14,1290.0,1290.0,1290.0,1290.0,22450.0
2016-11-15,1256.0,1256.0,1255.0,1255.0,29.0
2016-11-17,1290.0,1290.0,1290.0,1290.0,12400.0
2016-11-22,1260.0,1260.0,1260.0,1260.0,38.0
2016-11-23,1255.0,1288.0,1235.0,1288.0,33.0
2016-11-28,1288.0,1288.0,1288.0,1288.0,134.0
2016-11-30,1252.0,1260.0,1252.0,1260.0,4000.0
2016-12-02,1260.0,1260.0,1250.0,1250.0,14357.0
2016-12-05,1240.0,1240.0,1240.0,1240.0,2.0
2016-12-06,1260.0,1260.0,1250.0,1250.0,6740.0
2016-12-07,1250.0,1250.0,1240.0,1240.0,3153.0
2016-12-08,1250.0,1250.0,1250.0,1250.0,1611.0
2016-12-09,1280.0,1280.0,1280.0,1280.0,1346.0
2016-12-14,1280.0,1290.0,1280.0,1290.0,7000.0
2016-12-15,1290.0,1295.0,1290.0,1290.0,3035.0
2016-12-16,1294.0,1329.0,1291.0,1329.0,960.0
2016-12-20,1300.0,1300.0,1242.0,1242.0,4315.0
2016-12-21,1290.0,1300.0,1240.0,1300.0,7350.0
2016-12-22,1300.0,1320.0,1300.0,1320.0,4434.0
2016-12-23,1350.0,1410.0,1350.0,1410.0,11231.0
2016-12-26,1270.0,1270.0,1270.0,1270.0,9537.0
2016-12-27,1376.0,1376.0,1270.0,1270.0,17.0
2016-12-28,1270.0,1270.0,1270.0,1270.0,11.0
2016-12-29,1271.0,1271.0,1270.0,1271.0,2525.0
2016-12-30,1271.0,1298.0,1271.0,1298.0,2740.0
2017-01-03,1280.0,1280.0,1280.0,1280.0,2000.0
2017-01-04,1290.0,1290.0,1290.0,1290.0,2048.0
2017-01-05,1312.0,1348.0,1312.0,1348.0,104.0
2017-01-06,1348.0,1482.0,1348.0,1482.0,9718.0
2017-01-09,1480.0,1500.0,1475.0,1500.0,8715.0
2017-01-10,1548.0,1552.0,1505.0,1505.0,1028.0
2017-01-12,1505.0,1506.0,1505.0,1505.0,1056.0
2017-01-13,1540.0,1540.0,1480.0,1480.0,5581.0
2017-01-19,1480.0,1480.0,1460.0,1460.0,3200.0
2017-01-20,1460.0,1490.0,1460.0,1490.0,563.0
2017-01-24,1366.0,1520.0,1366.0,1520.0,71.0
2017-01-25,1450.0,1450.0,1450.0,1450.0,721.0
2017-01-27,1490.0,1490.0,1490.0,1490.0,1357.0
2017-01-30,1450.0,1450.0,1450.0,1450.0,202.0
2017-02-01,1450.0,1450.0,1449.0,1449.0,306.0
2017-02-02,1411.0,1411.0,1410.0,1410.0,63.0
2017-02-03,1410.0,1410.0,1410.0,1410.0,150.0
2017-02-06,1410.0,1410.0,1410.0,1410.0,17.0
2017-02-08,1410.0,1410.0,1410.0,1410.0,2.0
2017-02-10,1410.0,1410.0,1367.0,1400.0,498.0
2017-02-13,1400.0,1400.0,1400.0,1400.0,236.0
2017-02-14,1359.0,1460.0,1359.0,1460.0,7.0
2017-02-17,1400.0,1400.0,1382.0,1382.0,420.0
2017-02-20,1385.0,1385.0,1385.0,1385.0,7.0
2017-02-22,1385.0,1385.0,1385.0,1385.0,1510.0
2017-02-23,1380.0,1380.0,1300.0,1300.0,25179.0
2017-02-24,1300.0,1300.0,1300.0,1300.0,217.0
2017-02-28,1310.0,1310.0,1300.0,1300.0,1180.0
2017-03-01,1300.0,1300.0,1300.0,1300.0,61.0
2017-03-02,1300.0,1300.0,1300.0,1300.0,1814.0
2017-03-03,1300.0,1301.0,1300.0,1301.0,3748.0
2017-03-07,1306.0,1306.0,1306.0,1306.0,81.0
2017-03-09,1306.0,1306.0,1306.0,1306.0,820.0
2017-03-10,1307.0,1338.0,1305.0,1338.0,20030.0
2017-03-13,1338.0,1350.0,1338.0,1350.0,5512.0
2017-03-14,1350.0,1400.0,1350.0,1370.0,4118.0
2017-03-15,1385.0,1400.0,1371.0,1371.0,13050.0
2017-03-17,1372.0,1372.0,1372.0,1372.0,604.0
2017-03-20,1380.0,1380.0,1380.0,1380.0,1896.0
2017-03-21,1380.0,1380.0,1380.0,1380.0,9985.0
2017-03-22,1380.0,1380.0,1380.0,1380.0,8500.0
2017-03-23,1350.0,1350.0,1350.0,1350.0,182.0
2017-03-28,1311.0,1311.0,1310.0,1311.0,188.0
2017-03-29,1400.0,1400.0,1350.0,1350.0,3020.0
2017-03-30,1335.0,1335.0,1335.0,1335.0,10.0
2017-03-31,1440.0,1440.0,1440.0,1440.0,313.0
2017-04-03,1400.0,1400.0,1300.0,1350.0,1306.0
2017-04-04,1350.0,1350.0,1350.0,1350.0,469.0
2017-04-07,1320.0,1320.0,1320.0,1320.0,143.0
2017-04-14,1320.0,1320.0,1320.0,1320.0,111.0
2017-04-19,1335.0,1335.0,1335.0,1335.0,3010.0
2017-04-20,1335.0,1336.0,1335.0,1335.0,2850.0
2017-04-21,1336.0,1336.0,1335.0,1335.0,120.0
2017-04-24,1374.0,1374.0,1374.0,1374.0,3753.0
2017-04-26,1336.0,1336.0,1335.0,1335.0,2328.0
2017-04-27,1336.0,1355.0,1336.0,1355.0,11504.0
2017-04-28,1370.0,1407.0,1370.0,1407.0,41.0
2017-05-02,1447.0,1447.0,1447.0,1447.0,5.0
2017-05-04,1361.0,1400.0,1361.0,1400.0,6579.0
2017-05-05,1390.0,1390.0,1361.0,1361.0,300.0
2017-05-08,1400.0,1400.0,1399.0,1399.0,4340.0
2017-05-10,1400.0,1409.0,1400.0,1400.0,21054.0
2017-05-12,1400.0,1400.0,1378.0,1400.0,192.0
2017-05-17,1390.0,1399.0,1390.0,1399.0,5585.0
2017-05-18,1399.0,1400.0,1399.0,1400.0,7022.0
2017-05-19,1399.0,1400.0,1399.0,1400.0,14884.0
2017-05-24,1405.0,1405.0,1405.0,1405.0,200.0
2017-05-25,1380.0,1380.0,1380.0,1380.0,14.0
2017-05-26,1404.0,1404.0,1404.0,1404.0,2.0
2017-05-29,1375.0,1404.0,1375.0,1404.0,4835.0
2017-05-30,1400.0,1400.0,1400.0,1400.0,13300.0
2017-05-31,1400.0,1429.0,1400.0,1429.0,2759.0
2017-06-01,1400.0,1420.0,1400.0,1420.0,13920.0
2017-06-02,1420.0,1430.0,1420.0,1430.0,17894.0
2017-06-06,1440.0,1440.0,1440.0,1440.0,10000.0
2017-06-07,1450.0,1450.0,1450.0,1450.0,10055.0
2017-06-08,1450.0,1450.0,1450.0,1450.0,4500.0
2017-06-12,1455.0,1455.0,1455.0,1455.0,1000.0
2017-06-13,1450.0,1450.0,1450.0,1450.0,4050.0
2017-06-14,1450.0,1450.0,1450.0,1450.0,4830.0
2017-06-15,1450.0,1470.0,1450.0,1470.0,55.0
2017-06-16,1470.0,1470.0,1470.0,1470.0,247.0
2017-06-19,1470.0,1470.0,1470.0,1470.0,10.0
2017-06-20,1470.0,1500.0,1470.0,1500.0,50024.0
2017-06-21,1426.0,1426.0,1426.0,1426.0,47000.0
2017-06-22,1435.0,1435.0,1435.0,1435.0,8129.0
2017-06-23,1420.0,1420.0,1420.0,1420.0,74.0
2017-06-28,1440.0,1460.0,1440.0,1460.0,59.0
2017-06-29,1500.0,1500.0,1500.0,1500.0,5.0
2017-06-30,1495.0,1495.0,1450.0,1450.0,522.0
2017-07-03,1385.0,1457.0,1385.0,1457.0,68.0
2017-07-04,1460.0,1460.0,1460.0,1460.0,66.0
2017-07-05,1470.0,1470.0,1470.0,1470.0,49.0
2017-07-06,1480.0,1500.0,1480.0,1500.0,170.0
2017-07-07,1500.0,1500.0,1500.0,1500.0,2005.0
2017-07-10,1500.0,1500.0,1500.0,1500.0,115.0
2017-07-11,1430.0,1430.0,1430.0,1430.0,5.0
2017-07-12,1490.0,1490.0,1460.0,1460.0,7100.0
2017-07-13,1460.0,1460.0,1460.0,1460.0,6580.0
2017-07-17,1430.0,1430.0,1425.0,1425.0,1188.0
2017-07-18,1430.0,1430.0,1421.0,1421.0,518.0
2017-07-19,1430.0,1430.0,1430.0,1430.0,3000.0
2017-07-21,1430.0,1452.0,1430.0,1452.0,2246.0
2017-07-24,1380.0,1380.0,1380.0,1380.0,3.0
2017-07-25,1386.0,1386.0,1385.0,1385.0,10.0
2017-07-26,1391.0,1430.0,1391.0,1430.0,3006.0
2017-07-27,1430.0,1430.0,1390.0,1390.0,5701.0
2017-07-28,1469.0,1469.0,1469.0,1469.0,1053.0
2017-07-31,1430.0,1430.0,1430.0,1430.0,990.0
2017-08-01,1400.0,1400.0,1400.0,1400.0,100.0
2017-08-04,1430.0,1430.0,1430.0,1430.0,200.0
2017-08-07,1400.0,1400.0,1400.0,1400.0,48.0
2017-08-09,1391.0,1391.0,1391.0,1391.0,7.0
2017-08-10,1391.0,1391.0,1391.0,1391.0,4.0
2017-08-11,1410.0,1410.0,1410.0,1410.0,1000.0
2017-08-15,1382.0,1382.0,1382.0,1382.0,788.0
2017-08-17,1385.0,1385.0,1385.0,1385.0,40.0
2017-08-18,1489.0,1489.0,1489.0,1489.0,50.0
2017-08-31,1473.0,1552.0,1470.0,1552.0,9920.0
2017-09-04,1410.0,1499.0,1410.0,1499.0,222.0
2017-09-07,1528.0,1528.0,1500.0,1510.0,4229.0
2017-09-08,1575.0,1600.0,1575.0,1600.0,65.0
2017-09-11,1553.0,1553.0,1550.0,1550.0,5565.0
2017-09-12,1595.0,1600.0,1553.0,1553.0,1505.0
2017-09-14,1530.0,1530.0,1530.0,1530.0,69.0
2017-09-15,1540.0,1540.0,1494.0,1494.0,1246.0
2017-09-18,1596.0,1596.0,1530.0,1530.0,3008.0
2017-09-19,1530.0,1550.0,1530.0,1550.0,2070.0
2017-09-20,1503.0,1510.0,1503.0,1510.0,6055.0
2017-09-21,1510.0,1511.0,1510.0,1511.0,12200.0
2017-09-25,1510.0,1510.0,1510.0,1510.0,907.0
2017-09-27,1530.0,1530.0,1530.0,1530.0,3639.0
2017-09-28,1510.0,1510.0,1510.0,1510.0,33.0
2017-09-29,1475.0,1596.0,1475.0,1596.0,4722.0
2017-10-02,1596.0,1596.0,1520.0,1520.0,200.0
2017-10-04,1580.0,1600.0,1580.0,1600.0,325.0
2017-10-06,1605.0,1605.0,1605.0,1605.0,322.0
2017-10-10,1622.0,1622.0,1622.0,1622.0,63.0
2017-10-11,1620.0,1620.0,1620.0,1620.0,2.0
2017-10-12,1620.0,1623.0,1620.0,1623.0,51.0
2017-10-13,1610.0,1610.0,1600.0,1605.0,1358.0
2017-10-16,1581.0,1581.0,1581.0,1581.0,864.0
2017-10-17,1581.0,1581.0,1581.0,1581.0,800.0
2017-10-20,1581.0,1585.0,1580.0,1585.0,3624.0
2017-10-23,1585.0,1585.0,1585.0,1585.0,1500.0
2017-10-24,1586.0,1586.0,1586.0,1586.0,800.0
2017-10-25,1591.0,1591.0,1591.0,1591.0,45.0
2017-10-27,1591.0,1600.0,1586.0,1600.0,13085.0
2017-10-30,1600.0,1600.0,1600.0,1600.0,446.0
2017-10-31,1620.0,1669.0,1620.0,1669.0,2746.0
2017-11-02,1610.0,1610.0,1610.0,1610.0,9.0
2017-11-03,1658.0,1660.0,1650.0,1650.0,2223.0
2017-11-08,1650.0,1650.0,1650.0,1650.0,7541.0
2017-11-09,1650.0,1650.0,1650.0,1650.0,600.0
2017-11-10,1650.0,1760.0,1650.0,1760.0,957.0
2017-11-13,1784.0,1784.0,1665.0,1761.0,1103.0
2017-11-14,1750.0,1750.0,1750.0,1750.0,423.0
2017-11-15,1730.0,1730.0,1730.0,1730.0,16000.0
2017-11-16,1730.0,1730.0,1730.0,1730.0,12119.0
2017-11-17,1720.0,1720.0,1720.0,1720.0,350.0
2017-11-20,1720.0,1730.0,1720.0,1730.0,201.0
2017-11-21,1760.0,1760.0,1760.0,1760.0,209.0
2017-11-23,1731.0,1731.0,1730.0,1730.0,10007.0
2017-11-24,1712.0,1730.0,1700.0,1730.0,10826.0
2017-11-27,1710.0,1710.0,1695.0,1695.0,1111.0
2017-11-30,1715.0,1715.0,1699.0,1710.0,4797.0
2017-12-04,1700.0,1700.0,1690.0,1690.0,821.0
2017-12-06,1690.0,1710.0,1690.0,1710.0,905.0
2017-12-07,1700.0,1700.0,1700.0,1700.0,450.0
2017-12-08,1700.0,1700.0,1690.0,1690.0,1600.0
2017-12-11,1705.0,1705.0,1705.0,1705.0,2843.0
2017-12-12,1671.0,1708.0,1671.0,1708.0,823.0
2017-12-13,1707.0,1707.0,1700.0,1700.0,811.0
2017-12-14,1705.0,1705.0,1705.0,1705.0,678.0
2017-12-15,1670.0,1670.0,1670.0,1670.0,1224.0
2017-12-19,1689.0,1689.0,1689.0,1689.0,639.0
2017-12-20,1640.0,1640.0,1630.0,1630.0,15001.0
2017-12-22,1636.0,1651.0,1630.0,1630.0,8657.0
2017-12-25,1600.0,1630.0,1600.0,1630.0,7.0
2017-12-26,1630.0,1630.0,1630.0,1630.0,5020.0
2017-12-28,1631.0,1677.0,1631.0,1652.0,16306.0
2017-12-29,1665.0,1690.0,1665.0,1690.0,1887.0
2018-01-02,1706.0,1706.0,1706.0,1706.0,53.0
2018-01-03,1690.0,1700.0,1690.0,1700.0,1505.0
2018-01-04,1660.0,1700.0,1660.0,1700.0,20832.0
2018-01-05,1700.0,1704.0,1676.0,1700.0,10720.0
2018-01-08,1700.0,1700.0,1665.0,1665.0,12382.0
2018-01-09,1700.0,1700.0,1700.0,1700.0,1500.0
2018-01-12,1698.0,1698.0,1698.0,1698.0,358.0
2018-01-15,1698.0,1790.0,1698.0,1750.0,904.0
2018-01-16,1750.0,1750.0,1701.0,1748.0,6881.0
2018-01-17,1760.0,1760.0,1760.0,1760.0,30.0
2018-01-18,1700.0,1750.0,1690.0,1750.0,12.0
2018-01-19,1750.0,1750.0,1749.0,1750.0,2728.0
2018-01-22,1760.0,1760.0,1750.0,1750.0,1234.0
2018-01-23,1750.0,1760.0,1750.0,1760.0,12.0
2018-01-24,1760.0,1779.0,1760.0,1779.0,17.0
2018-01-25,1779.0,1780.0,1779.0,1780.0,1016.0
2018-01-26,1730.0,1730.0,1730.0,1730.0,656.0
2018-01-29,1730.0,1730.0,1730.0,1730.0,12.0
2018-01-31,1760.0,1760.0,1760.0,1760.0,116.0
2018-02-01,1760.0,1789.0,1760.0,1789.0,9504.0
2018-02-02,1765.0,1765.0,1765.0,1765.0,1779.0
2018-02-07,1711.0,1711.0,1711.0,1711.0,455.0
2018-02-08,1702.0,1730.0,1650.0,1730.0,512.0
2018-02-09,1720.0,1745.0,1705.0,1745.0,6423.0
2018-02-12,1710.0,1710.0,1710.0,1710.0,1029.0
2018-02-14,1700.0,1710.0,1700.0,1710.0,155.0
2018-02-15,1683.0,1683.0,1683.0,1683.0,600.0
2018-02-16,1700.0,1700.0,1700.0,1700.0,6089.0
2018-02-19,1700.0,1700.0,1700.0,1700.0,80.0
2018-02-21,1663.0,1663.0,1660.0,1660.0,35517.0
2018-02-22,1695.0,1700.0,1690.0,1700.0,1905.0
2018-02-23,1675.0,1675.0,1675.0,1675.0,1000.0
2018-02-27,1670.0,1698.0,1670.0,1698.0,821.0
2018-02-28,1730.0,1730.0,1730.0,1730.0,4195.0
2018-03-01,1710.0,1710.0,1690.0,1690.0,1635.0
2018-03-02,1719.0,1719.0,1719.0,1719.0,64.0
2018-03-05,1665.0,1665.0,1665.0,1665.0,46.0
2018-03-06,1710.0,1710.0,1710.0,1710.0,23.0
2018-03-07,1675.0,1675.0,1675.0,1675.0,2.0
2018-03-08,1700.0,1710.0,1700.0,1710.0,4526.0
2018-03-12,1710.0,1720.0,1710.0,1720.0,160.0
2018-03-13,1720.0,1739.0,1710.0,1710.0,427.0
2018-03-14,1710.0,1715.0,1710.0,1715.0,521.0
2018-03-15,1810.0,1830.0,1750.0,1760.0,16688.0
2018-03-16,1770.0,1785.0,1770.0,1770.0,4080.0
2018-03-19,1770.0,1815.0,1770.0,1770.0,1934.0
2018-03-20,1772.0,1772.0,1772.0,1772.0,112.0
2018-03-21,1775.0,1809.0,1775.0,1809.0,330.0
2018-03-22,1780.0,1780.0,1750.0,1750.0,5164.0
2018-03-23,1750.0,1751.0,1745.0,1745.0,2629.0
2018-03-26,1740.0,1783.0,1740.0,1783.0,44.0
2018-03-27,1750.0,1750.0,1750.0,1750.0,6260.0
2018-03-28,1750.0,1750.0,1745.0,1745.0,208.0
2018-03-29,1779.0,1780.0,1745.0,1780.0,3426.0
2018-03-30,1748.0,1799.0,1745.0,1799.0,1778.0
2018-04-02,1799.0,1800.0,1799.0,1800.0,2748.0
2018-04-03,1756.0,1780.0,1756.0,1780.0,656.0
2018-04-04,1775.0,1798.0,1775.0,1798.0,734.0
2018-04-05,1780.0,1797.0,1776.0,1797.0,2889.0
2018-04-06,1793.0,1793.0,1745.0,1780.0,1580.0
2018-04-09,1780.0,1780.0,1780.0,1780.0,1000.0
2018-04-10,1795.0,1805.0,1795.0,1805.0,3024.0
2018-04-11,1805.0,1805.0,1795.0,1805.0,2578.0
2018-04-12,1781.0,1820.0,1781.0,1820.0,1032.0
2018-04-13,1838.0,1838.0,1800.0,1830.0,7019.0
2018-04-16,1820.0,1820.0,1785.0,1785.0,375.0
2018-04-17,1820.0,1820.0,1820.0,1820.0,22710.0
2018-04-18,1820.0,1820.0,1820.0,1820.0,3336.0
2018-04-19,1830.0,1830.0,1830.0,1830.0,767.0
2018-04-20,1795.0,1830.0,1795.0,1800.0,5649.0
2018-04-23,1800.0,1800.0,1800.0,1800.0,1095.0
2018-04-24,1800.0,1800.0,1788.0,1788.0,45.0
2018-04-26,1800.0,1800.0,1800.0,1800.0,250.0
2018-04-27,1800.0,1800.0,1800.0,1800.0,1067.0
2018-04-30,1779.0,1779.0,1779.0,1779.0,2750.0
2018-05-02,1819.0,1819.0,1765.0,1765.0,388.0
2018-05-03,1765.0,1765.0,1765.0,1765.0,40.0
2018-05-04,1800.0,1819.0,1800.0,1819.0,1117.0
2018-05-07,1818.0,1818.0,1818.0,1818.0,4.0
2018-05-10,1780.0,1780.0,1778.0,1778.0,10595.0
2018-05-11,1756.0,1756.0,1756.0,1756.0,744.0
2018-05-17,1775.0,1775.0,1775.0,1775.0,150.0
2018-05-18,1750.0,1750.0,1750.0,1750.0,624.0
2018-05-21,1705.0,1705.0,1705.0,1705.0,353.0
2018-05-22,1750.0,1750.0,1750.0,1750.0,165.0
2018-05-23,1708.0,1750.0,1705.0,1750.0,181.0
2018-05-29,1690.0,1725.0,1690.0,1725.0,135.0
2018-05-30,1700.0,1700.0,1700.0,1700.0,1634.0
2018-05-31,1676.0,1676.0,1676.0,1676.0,871.0
2018-06-01,1700.0,1750.0,1700.0,1750.0,2119.0
2018-06-04,1702.0,1702.0,1702.0,1702.0,3.0
2018-06-05,1750.0,1750.0,1750.0,1750.0,100.0
2018-06-07,1779.0,1779.0,1779.0,1779.0,40.0
2018-06-08,1775.0,1780.0,1775.0,1780.0,51.0
2018-06-12,1780.0,1780.0,1780.0,1780.0,12.0
2018-06-14,1758.0,1775.0,1758.0,1775.0,116.0
2018-06-18,1774.0,1775.0,1750.0,1775.0,349.0
2018-06-21,1774.0,1774.0,1774.0,1774.0,48.0
2018-06-22,1772.0,1774.0,1772.0,1774.0,644.0
2018-06-25,1750.0,1750.0,1749.0,1749.0,26994.0
2018-06-26,1610.0,1648.0,1562.0,1648.0,11205.0
2018-06-27,1645.0,1679.0,1597.0,1679.0,38659.0
2018-06-29,1820.0,1820.0,1820.0,1820.0,15809.0
2018-07-02,1650.0,1651.0,1650.0,1650.0,42.0
2018-07-03,1652.0,1652.0,1650.0,1650.0,1019.0
2018-07-06,1615.0,1645.0,1615.0,1645.0,2593.0
2018-07-11,1607.0,1607.0,1600.0,1600.0,649.0
2018-07-12,1600.0,1600.0,1600.0,1600.0,2000.0
2018-07-13,1644.0,1644.0,1644.0,1644.0,200.0
2018-07-16,1644.0,1645.0,1644.0,1645.0,41.0
2018-07-17,1600.0,1600.0,1600.0,1600.0,14.0
2018-07-18,1600.0,1600.0,1600.0,1600.0,128.0
2018-07-19,1600.0,1600.0,1600.0,1600.0,196.0
2018-07-20,1600.0,1600.0,1571.0,1596.0,1614.0
2018-07-24,1620.0,1620.0,1620.0,1620.0,4900.0
2018-07-25,1620.0,1620.0,1620.0,1620.0,473.0
2018-07-31,1644.0,1645.0,1644.0,1645.0,155.0
2018-08-01,1600.0,1600.0,1600.0,1600.0,18.0
2018-08-02,1600.0,1600.0,1550.0,1550.0,5252.0
2018-08-06,1550.0,1550.0,1550.0,1550.0,4000.0
2018-08-08,1550.0,1550.0,1550.0,1550.0,32.0
2018-08-09,1550.0,1550.0,1550.0,1550.0,10.0
2018-08-10,1508.0,1508.0,1508.0,1508.0,1306.0
2018-08-13,1502.0,1502.0,1460.0,1460.0,182.0
2018-08-16,1460.0,1498.0,1460.0,1498.0,289.0
2018-08-17,1500.0,1550.0,1500.0,1550.0,2078.0
2018-08-27,1499.0,1499.0,1499.0,1499.0,908.0
2018-08-28,1500.0,1500.0,1500.0,1500.0,556.0
2018-08-29,1474.0,1500.0,1471.0,1500.0,1518.0
2018-08-30,1500.0,1500.0,1500.0,1500.0,1000.0
2018-08-31,1499.0,1499.0,1499.0,1499.0,384.0
2018-09-04,1526.0,1526.0,1526.0,1526.0,150.0
2018-09-06,1522.0,1523.0,1485.0,1485.0,239.0
2018-09-07,1500.0,1500.0,1400.0,1400.0,1831.0
2018-09-12,1400.0,1400.0,1400.0,1400.0,10046.0
2018-09-13,1400.0,1400.0,1400.0,1400.0,671.0
2018-09-14,1400.0,1400.0,1400.0,1400.0,1217.0
2018-09-18,1425.0,1425.0,1425.0,1425.0,227.0
2018-09-19,1430.0,1447.0,1430.0,1447.0,19752.0
2018-09-20,1447.0,1447.0,1447.0,1447.0,150.0
2018-09-21,1447.0,1471.0,1447.0,1471.0,2225.0
2018-09-24,1425.0,1425.0,1400.0,1400.0,203.0
2018-09-26,1402.0,1480.0,1402.0,1480.0,3265.0
2018-09-27,1480.0,1549.0,1480.0,1549.0,12900.0
2018-09-28,1579.0,1595.0,1549.0,1549.0,27280.0
2018-10-02,1540.0,1549.0,1480.0,1480.0,444.0
2018-10-03,1480.0,1500.0,1480.0,1500.0,500.0
2018-10-05,1478.0,1495.0,1470.0,1470.0,673.0
2018-10-08,1470.0,1470.0,1410.0,1410.0,1000.0
2018-10-09,1426.0,1426.0,1426.0,1426.0,1.0
2018-10-10,1426.0,1426.0,1426.0,1426.0,157.0
2018-10-12,1440.0,1475.0,1420.0,1420.0,3178.0
2018-10-16,1450.0,1450.0,1450.0,1450.0,315.0
2018-10-17,1450.0,1450.0,1440.0,1440.0,2704.0
2018-10-18,1425.0,1425.0,1425.0,1425.0,2797.0
2018-10-19,1440.0,1440.0,1430.0,1430.0,555.0
2018-10-25,1425.0,1450.0,1425.0,1450.0,4115.0
2018-10-26,1426.0,1467.0,1426.0,1430.0,1229.0
2018-10-29,1450.0,1450.0,1450.0,1450.0,1500.0
2018-10-30,1450.0,1450.0,1425.0,1425.0,2796.0
2018-10-31,1430.0,1470.0,1430.0,1469.0,1371.0
2018-11-01,1460.0,1460.0,1460.0,1460.0,6.0
2018-11-02,1468.0,1468.0,1468.0,1468.0,500.0
2018-11-07,1468.0,1468.0,1435.0,1435.0,1227.0
2018-11-08,1450.0,1450.0,1450.0,1450.0,2031.0
2018-11-09,1470.0,1470.0,1430.0,1430.0,2619.0
2018-11-13,1431.0,1431.0,1431.0,1431.0,350.0
2018-11-14,1472.0,1472.0,1472.0,1472.0,6000.0
2018-11-15,1486.0,1509.0,1486.0,1509.0,82.0
2018-11-19,1499.0,1501.0,1485.0,1485.0,2113.0
2018-11-22,1485.0,1485.0,1460.0,1460.0,491.0
2018-11-23,1485.0,1500.0,1460.0,1466.0,5229.0
2018-11-26,1466.0,1466.0,1466.0,1466.0,198.0
2018-11-27,1480.0,1480.0,1480.0,1480.0,2539.0
2018-11-28,1499.0,1499.0,1480.0,1480.0,2901.0
2018-11-29,1498.0,1509.0,1498.0,1500.0,1050.0
2018-11-30,1530.0,1530.0,1472.0,1472.0,11588.0
2018-12-03,1477.0,1477.0,1477.0,1477.0,119.0
2018-12-06,1480.0,1480.0,1480.0,1480.0,30.0
2018-12-07,1480.0,1480.0,1426.0,1426.0,839.0
2018-12-10,1468.0,1468.0,1468.0,1468.0,5.0
2018-12-11,1490.0,1490.0,1446.0,1489.0,3284.0
2018-12-13,1490.0,1530.0,1451.0,1510.0,1203.0
2018-12-14,1535.0,1550.0,1528.0,1528.0,1931.0
2018-12-17,1570.0,1570.0,1570.0,1570.0,1100.0
2018-12-18,1590.0,1600.0,1570.0,1600.0,294.0
2018-12-20,1620.0,1640.0,1620.0,1630.0,3788.0
2018-12-21,1640.0,1675.0,1640.0,1659.0,5489.0
2018-12-24,1659.0,1659.0,1645.0,1645.0,194.0
2018-12-26,1644.0,1680.0,1644.0,1650.0,8775.0
2018-12-27,1645.0,1645.0,1610.0,1610.0,2771.0
2018-12-28,1644.0,1650.0,1610.0,1650.0,40156.0
2018-12-31,1650.0,1650.0,1650.0,1650.0,20000.0
2019-01-03,1550.0,1550.0,1550.0,1550.0,10.0
2019-01-04,1595.0,1600.0,1525.0,1525.0,2420.0
2019-01-14,1501.0,1501.0,1501.0,1501.0,450.0
2019-01-18,1500.0,1590.0,1500.0,1590.0,2250.0
2019-01-21,1550.0,1550.0,1550.0,1550.0,16.0
2019-01-22,1550.0,1555.0,1550.0,1555.0,2898.0
2019-01-23,1570.0,1580.0,1570.0,1580.0,10314.0
2019-01-25,1587.0,1610.0,1587.0,1610.0,1556.0
2019-01-30,1627.0,1630.0,1627.0,1630.0,1594.0
2019-01-31,1649.0,1659.0,1649.0,1651.0,10612.0
2019-02-01,1675.0,1685.0,1650.0,1650.0,1222.0
2019-02-08,1633.0,1633.0,1620.0,1620.0,2001.0
2019-02-12,1650.0,1650.0,1640.0,1640.0,400.0
2019-02-13,1640.0,1640.0,1640.0,1640.0,1846.0
2019-02-14,1600.0,1600.0,1600.0,1600.0,500.0
2019-02-15,1600.0,1600.0,1576.0,1576.0,1633.0
2019-02-19,1551.0,1551.0,1551.0,1551.0,8.0
2019-02-20,1530.0,1530.0,1530.0,1530.0,15.0
2019-02-21,1507.0,1507.0,1500.0,1507.0,352.0
2019-02-22,1530.0,1530.0,1450.0,1450.0,7729.0
2019-02-25,1489.0,1490.0,1450.0,1450.0,4121.0
2019-02-26,1460.0,1460.0,1450.0,1450.0,3018.0
2019-02-27,1450.0,1450.0,1450.0,1450.0,268.0
2019-02-28,1448.0,1448.0,1420.0,1420.0,450.0
2019-03-01,1420.0,1450.0,1420.0,1450.0,1229.0
2019-03-06,1412.0,1412.0,1404.0,1412.0,16.0
2019-03-08,1417.0,1450.0,1417.0,1430.0,270.0
2019-03-12,1419.0,1419.0,1419.0,1419.0,15.0
2019-03-14,1410.0,1410.0,1410.0,1410.0,1.0
2019-03-15,1410.0,1415.0,1410.0,1415.0,3534.0
2019-03-19,1420.0,1468.0,1420.0,1467.0,220.0
2019-03-20,1466.0,1490.0,1466.0,1490.0,128.0
2019-03-21,1490.0,1533.0,1490.0,1533.0,50.0
2019-03-22,1488.0,1529.0,1430.0,1430.0,8710.0
2019-03-26,1472.0,1498.0,1472.0,1498.0,43.0
2019-03-27,1440.0,1440.0,1440.0,1440.0,1002.0
2019-03-28,1470.0,1470.0,1431.0,1431.0,1697.0
2019-03-29,1431.0,1431.0,1415.0,1420.0,11196.0
2019-04-02,1460.0,1460.0,1460.0,1460.0,1.0
2019-04-03,1460.0,1470.0,1460.0,1470.0,30.0
2019-04-04,1470.0,1470.0,1430.0,1430.0,5830.0
2019-04-08,1425.0,1446.0,1425.0,1446.0,690.0
2019-04-09,1444.0,1470.0,1444.0,1445.0,1838.0
2019-04-10,1445.0,1450.0,1445.0,1445.0,8915.0
2019-04-11,1445.0,1445.0,1445.0,1445.0,5000.0
2019-04-12,1460.0,1460.0,1460.0,1460.0,7.0
2019-04-15,1442.0,1442.0,1440.0,1440.0,1080.0
2019-04-16,1440.0,1449.0,1438.0,1449.0,2076.0
2019-04-17,1450.0,1450.0,1440.0,1449.0,2840.0
2019-04-18,1444.0,1444.0,1430.0,1430.0,4323.0
2019-04-19,1430.0,1430.0,1430.0,1430.0,1.0
2019-04-22,1431.0,1450.0,1430.0,1430.0,716.0
2019-04-23,1430.0,1430.0,1426.0,1426.0,14034.0
2019-04-24,1440.0,1440.0,1440.0,1440.0,12.0
2019-04-26,1445.0,1450.0,1430.0,1435.0,27653.0
2019-04-29,1435.0,1435.0,1435.0,1435.0,1300.0
2019-05-03,1492.0,1492.0,1492.0,1492.0,30.0
2019-05-09,1475.0,1494.0,1475.0,1494.0,181.0
2019-05-10,1498.0,1498.0,1498.0,1498.0,30.0
2019-05-14,1490.0,1493.0,1490.0,1493.0,2392.0
2019-05-15,1498.0,1528.0,1498.0,1528.0,271.0
2019-05-16,1502.0,1534.0,1502.0,1534.0,42.0
2019-05-17,1535.0,1535.0,1535.0,1535.0,265.0
2019-05-20,1534.0,1534.0,1534.0,1534.0,18.0
2019-05-21,1511.0,1511.0,1500.0,1500.0,127.0
2019-05-22,1500.0,1500.0,1500.0,1500.0,10.0
2019-05-23,1500.0,1500.0,1500.0,1500.0,77.0
2019-05-24,1500.0,1500.0,1500.0,1500.0,114.0
2019-05-28,1500.0,1540.0,1500.0,1540.0,4380.0
2019-05-30,1549.0,1550.0,1549.0,1550.0,107.0
2019-05-31,1580.0,1580.0,1565.0,1565.0,868.0
2019-06-03,1588.0,1588.0,1588.0,1588.0,20.0
2019-06-04,1510.0,1574.0,1510.0,1574.0,4316.0
2019-06-11,1600.0,1600.0,1600.0,1600.0,256.0
2019-06-13,1625.0,1625.0,1625.0,1625.0,100.0
2019-06-14,1580.0,1600.0,1550.0,1600.0,5571.0
2019-06-17,1600.0,1649.0,1600.0,1649.0,5100.0
2019-06-18,1640.0,1689.0,1640.0,1689.0,392.0
2019-06-19,1650.0,1680.0,1649.0,1680.0,14134.0
2019-06-20,1650.0,1650.0,1607.0,1650.0,20489.0
2019-06-21,1650.0,1680.0,1650.0,1650.0,72119.0
2019-06-24,1556.0,1556.0,1556.0,1556.0,69000.0
2019-06-25,1600.0,1600.0,1600.0,1600.0,15.0
2019-06-27,1560.0,1600.0,1560.0,1600.0,4700.0
2019-06-28,1565.0,1565.0,1560.0,1560.0,11527.0
2019-07-01,1560.0,1560.0,1560.0,1560.0,40.0
2019-07-02,1580.0,1580.0,1580.0,1580.0,1.0
2019-07-05,1580.0,1580.0,1550.0,1550.0,183.0
2019-07-08,1550.0,1550.0,1550.0,1550.0,1500.0
2019-07-09,1545.0,1545.0,1545.0,1545.0,2.0
2019-07-10,1549.0,1580.0,1549.0,1580.0,3518.0
2019-07-11,1575.0,1575.0,1575.0,1575.0,5.0
2019-07-12,1600.0,1600.0,1600.0,1600.0,30.0
2019-07-15,1585.0,1585.0,1585.0,1585.0,5000.0
2019-07-17,1585.0,1585.0,1585.0,1585.0,3950.0
2019-07-18,1540.0,1540.0,1540.0,1540.0,140.0
2019-07-19,1585.0,1585.0,1580.0,1580.0,3210.0
2019-07-26,1570.0,1580.0,1570.0,1580.0,9986.0
2019-07-29,1600.0,1601.0,1600.0,1601.0,5395.0
2019-07-31,1601.0,1601.0,1597.0,1597.0,10663.0
2019-08-01,1601.0,1601.0,1601.0,1601.0,22179.0
2019-08-02,1601.0,1640.0,1601.0,1640.0,4671.0
2019-08-07,1580.0,1580.0,1580.0,1580.0,75.0
2019-08-08,1639.0,1639.0,1639.0,1639.0,110.0
2019-08-09,1620.0,1620.0,1620.0,1620.0,4013.0
2019-08-15,1640.0,1640.0,1640.0,1640.0,3.0
2019-08-16,1620.0,1620.0,1620.0,1620.0,912.0
2019-08-26,1618.0,1620.0,1618.0,1620.0,1090.0
2019-08-27,1640.0,1698.0,1605.0,1698.0,412.0
2019-08-28,1700.0,1700.0,1700.0,1700.0,12.0
2019-08-29,1700.0,1700.0,1680.0,1680.0,171.0
2019-08-30,1724.0,1729.0,1690.0,1706.0,1390.0
2019-09-06,1685.0,1685.0,1685.0,1685.0,294.0
2019-09-13,1679.0,1685.0,1679.0,1685.0,274.0
2019-09-17,1697.0,1697.0,1685.0,1685.0,265.0
2019-09-18,1680.0,1680.0,1680.0,1680.0,293.0
2019-09-19,1680.0,1680.0,1680.0,1680.0,660.0
2019-09-20,1641.0,1685.0,1641.0,1685.0,1729.0
2019-09-25,1670.0,1685.0,1670.0,1685.0,5.0
2019-09-27,1685.0,1685.0,1685.0,1685.0,9000.0
2019-09-30,1685.0,1685.0,1645.0,1670.0,422.0
2019-10-01,1672.0,1672.0,1672.0,1672.0,700.0
2019-10-02,1675.0,1675.0,1675.0,1675.0,200.0
2019-10-03,1660.0,1660.0,1660.0,1660.0,173.0
2019-10-04,1640.0,1640.0,1640.0,1640.0,3000.0
2019-10-09,1625.0,1625.0,1625.0,1625.0,92.0
2019-10-11,1645.0,1645.0,1645.0,1645.0,844.0
2019-10-18,1628.0,1650.0,1600.0,1650.0,8964.0
2019-10-25,1667.0,1670.0,1601.0,1640.0,3541.0
2019-10-29,1621.0,1640.0,1611.0,1640.0,229.0
2019-10-30,1640.0,1640.0,1640.0,1640.0,302.0
2019-11-01,1635.0,1635.0,1630.0,1630.0,3882.0
2019-11-07,1640.0,1640.0,1640.0,1640.0,2300.0
2019-11-08,1640.0,1650.0,1640.0,1650.0,168.0
2019-11-12,1650.0,1650.0,1650.0,1650.0,5.0
2019-11-13,1650.0,1650.0,1650.0,1650.0,11849.0
2019-11-14,1630.0,1668.0,1630.0,1668.0,11000.0
2019-11-15,1640.0,1640.0,1630.0,1640.0,8636.0
2019-11-20,1640.0,1640.0,1630.0,1630.0,3019.0
2019-11-21,1640.0,1640.0,1640.0,1640.0,10777.0
2019-11-22,1640.0,1640.0,1640.0,1640.0,1138.0
2019-11-26,1620.0,1647.0,1600.0,1647.0,11801.0
2019-11-27,1604.0,1605.0,1600.0,1600.0,996.0
2019-11-28,1600.0,1600.0,1535.0,1555.0,7577.0
2019-12-03,1560.0,1560.0,1560.0,1560.0,3.0
2019-12-05,1561.0,1561.0,1561.0,1561.0,3.0
2019-12-06,1570.0,1570.0,1570.0,1570.0,505.0
2019-12-10,1560.0,1560.0,1560.0,1560.0,628.0
2019-12-11,1560.0,1560.0,1560.0,1560.0,2.0
2019-12-12,1597.0,1597.0,1560.0,1560.0,1024.0
2019-12-13,1580.0,1580.0,1580.0,1580.0,1500.0
2019-12-19,1580.0,1600.0,1580.0,1600.0,9402.0
2019-12-20,1571.0,1610.0,1560.0,1610.0,10558.0
2019-12-23,1610.0,1638.0,1610.0,1610.0,9590.0
2019-12-24,1642.0,1642.0,1615.0,1615.0,23209.0
2019-12-25,1615.0,1615.0,1615.0,1615.0,13300.0
2019-12-26,1615.0,1649.0,1615.0,1645.0,1469.0
2019-12-27,1600.0,1600.0,1600.0,1600.0,6089.0
2019-12-30,1605.0,1630.0,1605.0,1630.0,21913.0
2019-12-31,1660.0,1660.0,1660.0,1660.0,75000.0
2020-01-03,1660.0,1660.0,1660.0,1660.0,2011.0
2020-01-07,1625.0,1625.0,1625.0,1625.0,1860.0
2020-01-08,1650.0,1659.0,1650.0,1657.0,13399.0
2020-01-09,1660.0,1670.0,1657.0,1670.0,14589.0
2020-01-10,1670.0,1670.0,1660.0,1670.0,7271.0
2020-01-13,1670.0,1670.0,1616.0,1616.0,270.0
2020-01-14,1619.0,1660.0,1619.0,1660.0,301.0
2020-01-15,1660.0,1670.0,1660.0,1670.0,6431.0
2020-01-16,1670.0,1670.0,1670.0,1670.0,3100.0
2020-01-17,1690.0,1698.0,1690.0,1698.0,14889.0
2020-01-20,1697.0,1697.0,1675.0,1675.0,117.0
2020-01-21,1675.0,1675.0,1675.0,1675.0,400.0
2020-01-22,1698.0,1715.0,1698.0,1715.0,16715.0
2020-01-23,1715.0,1723.0,1715.0,1723.0,21244.0
2020-01-24,1723.0,1725.0,1715.0,1725.0,10394.0
2020-01-27,1726.0,1750.0,1726.0,1750.0,290.0
2020-01-28,1750.0,1750.0,1680.0,1680.0,5979.0
2020-01-29,1700.0,1715.0,1700.0,1715.0,3.0
2020-01-30,1700.0,1700.0,1680.0,1687.0,1740.0
2020-01-31,1690.0,1690.0,1690.0,1690.0,17499.0
2020-02-03,1713.0,1713.0,1713.0,1713.0,11.0
2020-02-07,1700.0,1700.0,1700.0,1700.0,1700.0
2020-02-10,1652.0,1725.0,1652.0,1725.0,2351.0
2020-02-11,1680.0,1680.0,1680.0,1680.0,8000.0
2020-02-12,1665.0,1665.0,1665.0,1665.0,2000.0
2020-02-13,1665.0,1700.0,1665.0,1700.0,7334.0
2020-02-14,1700.0,1726.0,1700.0,1726.0,4658.0
2020-02-17,1682.0,1732.0,1681.0,1732.0,399.0
2020-02-18,1715.0,1715.0,1715.0,1715.0,1500.0
2020-02-19,1715.0,1715.0,1715.0,1715.0,1000.0
2020-02-20,1715.0,1716.0,1715.0,1715.0,2969.0
2020-02-21,1725.0,1725.0,1725.0,1725.0,8006.0
2020-02-27,1725.0,1725.0,1725.0,1725.0,1000.0
2020-02-28,1739.0,1739.0,1700.0,1700.0,5553.0
2020-03-02,1745.0,1745.0,1680.0,1680.0,21.0
2020-03-03,1661.0,1700.0,1651.0,1700.0,1168.0
2020-03-04,1650.0,1650.0,1650.0,1650.0,1300.0
2020-03-05,1630.0,1650.0,1630.0,1650.0,3801.0
2020-03-06,1630.0,1630.0,1599.0,1599.0,17750.0
2020-03-09,1503.0,1503.0,1500.0,1500.0,38158.0
2020-03-10,1600.0,1600.0,1561.0,1561.0,15323.0
2020-03-11,1575.0,1575.0,1575.0,1575.0,11177.0
2020-03-12,1500.0,1500.0,1480.0,1480.0,27415.0
2020-03-13,1460.0,1490.0,1460.0,1490.0,13589.0
2020-03-16,1462.0,1462.0,1342.0,1342.0,484.0
2020-03-17,1289.0,1290.0,1289.0,1289.0,3427.0
2020-03-18,1264.0,1264.0,1238.0,1238.0,3259.0
2020-03-19,1189.0,1287.0,1189.0,1287.0,7601.0
2020-03-20,1338.0,1338.0,1334.0,1338.0,12244.0
2020-03-23,1390.0,1391.0,1390.0,1391.0,229.0
2020-03-24,1446.0,1446.0,1401.0,1401.0,5394.0
2020-03-25,1418.0,1445.0,1355.0,1355.0,295.0
2020-03-26,1395.0,1395.0,1335.0,1335.0,4347.0
2020-03-27,1330.0,1330.0,1310.0,1310.0,4126.0
2020-03-31,1359.0,1359.0,1310.0,1310.0,2149.0
2020-04-01,1300.0,1300.0,1300.0,1300.0,20090.0
2020-04-02,1290.0,1290.0,1275.0,1279.0,7712.0
2020-04-03,1279.0,1279.0,1240.0,1240.0,10032.0
2020-04-06,1240.0,1240.0,1196.0,1196.0,2158.0
2020-04-07,1192.0,1240.0,1180.0,1240.0,5503.0
2020-04-08,1200.0,1201.0,1191.0,1192.0,3384.0
2020-04-09,1192.0,1194.0,1192.0,1192.0,7140.0
2020-04-10,1195.0,1220.0,1195.0,1220.0,14212.0
2020-04-13,1200.0,1200.0,1200.0,1200.0,1877.0
2020-04-14,1200.0,1201.0,1200.0,1200.0,8880.0
2020-04-15,1203.0,1203.0,1189.0,1189.0,3740.0
2020-04-16,1189.0,1189.0,1189.0,1189.0,945.0
2020-04-17,1189.0,1200.0,1189.0,1200.0,27016.0
2020-04-22,1200.0,1200.0,1200.0,1200.0,7400.0
2020-04-23,1246.0,1246.0,1200.0,1201.0,3850.0
2020-04-24,1201.0,1240.0,1200.0,1200.0,1369.0
2020-04-27,1200.0,1210.0,1200.0,1210.0,1103.0
2020-04-28,1240.0,1258.0,1240.0,1258.0,130.0
2020-04-29,1283.0,1284.0,1230.0,1284.0,519.0
2020-04-30,1302.0,1315.0,1300.0,1315.0,5004.0
2020-05-04,1280.0,1345.0,1271.0,1300.0,1237.0
2020-05-05,1325.0,1325.0,1300.0,1300.0,2060.0
2020-05-06,1311.0,1350.0,1300.0,1350.0,11336.0
2020-05-07,1375.0,1375.0,1375.0,1375.0,95.0
2020-05-08,1399.0,1399.0,1321.0,1321.0,1760.0
2020-05-11,1358.0,1358.0,1358.0,1358.0,5.0
2020-05-13,1321.0,1321.0,1310.0,1310.0,1008.0
2020-05-14,1348.0,1348.0,1348.0,1348.0,37.0
2020-05-15,1339.0,1357.0,1300.0,1357.0,8481.0
2020-05-19,1310.0,1320.0,1310.0,1320.0,4887.0
2020-05-20,1330.0,1331.0,1330.0,1331.0,4000.0
2020-05-21,1350.0,1350.0,1350.0,1350.0,3000.0
2020-05-22,1349.0,1360.0,1349.0,1360.0,3040.0
2020-05-26,1351.0,1395.0,1351.0,1395.0,16502.0
2020-05-27,1430.0,1450.0,1430.0,1450.0,10670.0
2020-05-28,1431.0,1431.0,1429.0,1429.0,17981.0
2020-05-29,1485.0,1486.0,1485.0,1486.0,12827.0
2020-06-01,1544.0,1544.0,1510.0,1522.0,51978.0
2020-06-02,1550.0,1550.0,1523.0,1528.0,7105.0
2020-06-03,1549.0,1550.0,1528.0,1545.0,3382.0
2020-06-04,1575.0,1580.0,1560.0,1560.0,12721.0
2020-06-05,1564.0,1585.0,1535.0,1535.0,13202.0
2020-06-08,1530.0,1550.0,1507.0,1507.0,11939.0
2020-06-09,1535.0,1535.0,1499.0,1499.0,152205.0
2020-06-10,1430.0,1430.0,1391.0,1401.0,131074.0
2020-06-11,1447.0,1447.0,1373.0,1387.0,1074.0
2020-06-12,1360.0,1360.0,1360.0,1360.0,2472.0
2020-06-15,1413.0,1413.0,1413.0,1413.0,1.0
2020-06-16,1400.0,1469.0,1400.0,1400.0,277.0
2020-06-17,1455.0,1455.0,1455.0,1455.0,5557.0
2020-06-18,1499.0,1499.0,1496.0,1496.0,58.0
2020-06-19,1506.0,1506.0,1480.0,1480.0,341.0
2020-06-22,1469.0,1505.0,1469.0,1469.0,77.0
2020-06-24,1440.0,1478.0,1440.0,1478.0,20.0
2020-06-25,1449.0,1449.0,1420.0,1420.0,146.0
2020-06-26,1440.0,1450.0,1400.0,1400.0,1536.0
2020-06-29,1400.0,1400.0,1372.0,1372.0,4010.0
2020-06-30,1372.0,1420.0,1372.0,1420.0,21189.0
2020-07-01,1420.0,1420.0,1420.0,1420.0,5.0
2020-07-03,1475.0,1475.0,1475.0,1475.0,472.0
2020-07-06,1446.0,1479.0,1446.0,1479.0,70.0
2020-07-07,1488.0,1488.0,1488.0,1488.0,6.0
2020-07-10,1498.0,1498.0,1498.0,1498.0,300.0
2020-07-13,1490.0,1490.0,1480.0,1488.0,229.0
2020-07-16,1487.0,1487.0,1487.0,1487.0,2.0
2020-07-17,1458.0,1480.0,1458.0,1480.0,209.0
2020-07-20,1485.0,1485.0,1485.0,1485.0,3.0
2020-07-21,1485.0,1485.0,1456.0,1485.0,188.0
2020-07-22,1470.0,1485.0,1470.0,1485.0,7.0
2020-07-24,1499.0,1499.0,1499.0,1499.0,200.0
2020-07-27,1441.0,1488.0,1440.0,1440.0,430.0
2020-07-28,1468.0,1468.0,1468.0,1468.0,1677.0
2020-07-29,1427.0,1427.0,1427.0,1427.0,118.0
2020-08-03,1435.0,1435.0,1433.0,1433.0,118.0
2020-08-04,1433.0,1479.0,1430.0,1479.0,101.0
2020-08-06,1431.0,1476.0,1431.0,1476.0,3.0
2020-08-07,1449.0,1449.0,1447.0,1447.0,48.0
2020-08-10,1447.0,1447.0,1447.0,1447.0,5.0
2020-08-17,1460.0,1460.0,1460.0,1460.0,2.0
2020-08-19,1469.0,1479.0,1465.0,1479.0,78.0
2020-08-24,1490.0,1490.0,1490.0,1490.0,119.0
2020-08-27,1470.0,1470.0,1470.0,1470.0,752.0
2020-08-28,1470.0,1470.0,1470.0,1470.0,752.0
2020-08-31,1470.0,1470.0,1470.0,1470.0,1947.0
2020-09-01,1487.0,1488.0,1487.0,1488.0,55.0
2020-09-02,1480.0,1489.0,1480.0,1489.0,2531.0
2020-09-03,1480.0,1480.0,1480.0,1480.0,5.0
2020-09-04,1493.0,1493.0,1462.0,1462.0,1122.0
2020-09-07,1493.0,1493.0,1493.0,1493.0,3.0
2020-09-11,1480.0,1480.0,1480.0,1480.0,150.0
2020-09-14,1470.0,1470.0,1445.0,1445.0,447.0
2020-09-15,1480.0,1480.0,1451.0,1451.0,59.0
2020-09-16,1445.0,1480.0,1445.0,1460.0,5009.0
2020-09-17,1490.0,1490.0,1490.0,1490.0,1.0
2020-09-18,1450.0,1450.0,1450.0,1450.0,5020.0
2020-09-21,1480.0,1480.0,1480.0,1480.0,1.0
2020-09-22,1474.0,1474.0,1474.0,1474.0,313.0
2020-09-23,1474.0,1474.0,1474.0,1474.0,5.0
2020-09-24,1450.0,1450.0,1450.0,1450.0,3.0
2020-09-25,1400.0,1400.0,1400.0,1400.0,896.0
2020-09-29,1400.0,1400.0,1383.0,1383.0,777.0
2020-09-30,1356.0,1410.0,1356.0,1410.0,283.0
2020-10-02,1436.0,1460.0,1436.0,1460.0,201.0
2020-10-08,1411.0,1411.0,1411.0,1411.0,1.0
2020-10-09,1411.0,1467.0,1411.0,1467.0,14105.0
2020-10-12,1445.0,1465.0,1445.0,1465.0,5950.0
2020-10-13,1465.0,1465.0,1450.0,1450.0,252.0
2020-10-14,1455.0,1480.0,1455.0,1480.0,4204.0
2020-10-15,1499.0,1499.0,1480.0,1480.0,104.0
2020-10-16,1490.0,1499.0,1480.0,1495.0,679.0
2020-10-19,1480.0,1480.0,1440.0,1479.0,81.0
2020-10-20,1446.0,1446.0,1446.0,1446.0,21.0
2020-10-21,1475.0,1475.0,1475.0,1475.0,2373.0
2020-10-23,1447.0,1485.0,1447.0,1485.0,2917.0
2020-10-26,1498.0,1498.0,1489.0,1489.0,5.0
2020-10-27,1489.0,1489.0,1462.0,1462.0,1490.0
2020-10-28,1484.0,1484.0,1459.0,1460.0,4011.0
2020-11-02,1456.0,1480.0,1451.0,1480.0,141.0
2020-11-03,1480.0,1480.0,1451.0,1451.0,430.0
2020-11-04,1453.0,1453.0,1453.0,1453.0,1100.0
2020-11-09,1460.0,1475.0,1460.0,1475.0,6182.0
2020-11-10,1479.0,1500.0,1479.0,1490.0,2421.0
2020-11-12,1493.0,1493.0,1493.0,1493.0,186.0
2020-11-13,1493.0,1493.0,1493.0,1493.0,134.0
2020-11-16,1494.0,1523.0,1494.0,1522.0,2624.0
2020-11-17,1495.0,1520.0,1495.0,1520.0,3436.0
2020-11-19,1523.0,1550.0,1523.0,1540.0,846.0
2020-11-20,1540.0,1550.0,1540.0,1550.0,4036.0
2020-11-24,1547.0,1579.0,1547.0,1579.0,1475.0
2020-11-25,1570.0,1580.0,1570.0,1580.0,715.0
2020-11-26,1575.0,1575.0,1575.0,1575.0,915.0
2020-11-27,1575.0,1575.0,1520.0,1520.0,995.0
2020-11-30,1550.0,1550.0,1550.0,1550.0,1698.0
2020-12-01,1550.0,1555.0,1535.0,1555.0,932.0
2020-12-03,1535.0,1535.0,1535.0,1535.0,867.0
2020-12-04,1555.0,1570.0,1544.0,1544.0,2005.0
2020-12-07,1555.0,1555.0,1555.0,1555.0,550.0
2020-12-08,1556.0,1557.0,1555.0,1555.0,530.0
2020-12-09,1574.0,1585.0,1574.0,1580.0,448.0
2020-12-10,1570.0,1571.0,1570.0,1570.0,2361.0
2020-12-11,1600.0,1632.0,1600.0,1632.0,17805.0
2020-12-14,1600.0,1601.0,1600.0,1600.0,16.0
2020-12-15,1605.0,1605.0,1605.0,1605.0,2300.0
2020-12-16,1632.0,1632.0,1632.0,1632.0,20.0
2020-12-17,1632.0,1632.0,1632.0,1632.0,2154.0
2020-12-18,1644.0,1655.0,1644.0,1655.0,5310.0
2020-12-21,1656.0,1656.0,1589.0,1589.0,1850.0
2020-12-22,1600.0,1600.0,1600.0,1600.0,1000.0
2020-12-23,1610.0,1620.0,1610.0,1620.0,439.0
2020-12-24,1610.0,1610.0,1610.0,1610.0,1344.0
2020-12-25,1610.0,1610.0,1580.0,1580.0,9067.0
2020-12-28,1550.0,1599.0,1550.0,1590.0,893.0
2020-12-29,1599.0,1599.0,1599.0,1599.0,15576.0
2020-12-30,1636.0,1636.0,1636.0,1636.0,10.0
2020-12-31,1590.0,1679.0,1590.0,1679.0,6900.0
2021-01-05,1670.0,1670.0,1612.0,1612.0,491.0
2021-01-06,1605.0,1605.0,1605.0,1605.0,280.0
2021-01-08,1606.0,1610.0,1606.0,1610.0,751.0
2021-01-12,1645.0,1645.0,1645.0,1645.0,33.0
2021-01-13,1620.0,1625.0,1620.0,1625.0,1150.0
2021-01-14,1614.0,1630.0,1613.0,1630.0,3537.0
2021-01-15,1639.0,1640.0,1635.0,1640.0,1429.0
2021-01-18,1648.0,1650.0,1648.0,1650.0,4026.0
2021-01-19,1650.0,1650.0,1650.0,1650.0,6560.0
2021-01-20,1650.0,1650.0,1650.0,1650.0,1000.0
2021-01-21,1650.0,1650.0,1650.0,1650.0,3079.0
2021-01-22,1660.0,1670.0,1650.0,1650.0,2307.0
2021-01-26,1675.0,1683.0,1675.0,1683.0,972.0
2021-01-28,1683.0,1683.0,1683.0,1683.0,5.0
2021-01-29,1683.0,1698.0,1641.0,1641.0,1027.0
2021-02-01,1673.0,1698.0,1670.0,1670.0,78.0
2021-02-02,1699.0,1699.0,1699.0,1699.0,8.0
2021-02-03,1697.0,1700.0,1697.0,1699.0,9.0
2021-02-04,1700.0,1700.0,1671.0,1699.0,9.0
2021-02-05,1670.0,1699.0,1670.0,1699.0,2464.0
2021-02-08,1698.0,1700.0,1698.0,1699.0,4351.0
2021-02-09,1685.0,1685.0,1680.0,1680.0,996.0
2021-02-10,1680.0,1680.0,1659.0,1679.0,107.0
2021-02-11,1679.0,1679.0,1679.0,1679.0,7.0
2021-02-12,1679.0,1679.0,1660.0,1661.0,4094.0
2021-02-15,1635.0,1637.0,1635.0,1637.0,310.0
2021-02-16,1660.0,1680.0,1660.0,1680.0,69.0
2021-02-17,1670.0,1670.0,1670.0,1670.0,1529.0
2021-02-19,1692.0,1692.0,1692.0,1692.0,100.0
2021-02-22,1639.0,1670.0,1639.0,1655.0,1068.0
2021-02-23,1655.0,1655.0,1655.0,1655.0,1500.0
2021-02-24,1638.0,1660.0,1638.0,1650.0,91.0
2021-02-25,1680.0,1680.0,1680.0,1680.0,200.0
2021-02-26,1680.0,1680.0,1660.0,1660.0,4436.0
2021-03-02,1680.0,1680.0,1680.0,1680.0,13.0
2021-03-04,1692.0,1692.0,1692.0,1692.0,13.0
2021-03-05,1670.0,1680.0,1670.0,1680.0,1951.0
2021-03-08,1670.0,1670.0,1670.0,1670.0,3.0
2021-03-09,1684.0,1685.0,1684.0,1685.0,31.0
2021-03-10,1670.0,1670.0,1665.0,1665.0,2.0
2021-03-12,1698.0,1698.0,1670.0,1671.0,8003.0
2021-03-15,1672.0,1672.0,1672.0,1672.0,2.0
2021-03-16,1670.0,1738.0,1670.0,1730.0,4637.0
2021-03-17,1730.0,1760.0,1730.0,1730.0,2897.0
2021-03-18,1730.0,1730.0,1730.0,1730.0,300.0
2021-03-19,1701.0,1704.0,1701.0,1704.0,5352.0
2021-03-22,1702.0,1702.0,1700.0,1700.0,836.0
2021-03-23,1701.0,1701.0,1700.0,1701.0,353.0
2021-03-24,1705.0,1705.0,1705.0,1705.0,10.0
2021-03-25,1773.0,1773.0,1765.0,1765.0,925.0
2021-03-26,1765.0,1765.0,1740.0,1740.0,690.0
2021-03-29,1770.0,1770.0,1741.0,1741.0,656.0
2021-03-30,1750.0,1750.0,1750.0,1750.0,2104.0
2021-03-31,1749.0,1755.0,1726.0,1726.0,4323.0
2021-04-01,1750.0,1750.0,1721.0,1750.0,53.0
2021-04-02,1755.0,1760.0,1750.0,1750.0,3303.0
2021-04-05,1750.0,1750.0,1750.0,1750.0,2.0
2021-04-06,1770.0,1770.0,1770.0,1770.0,1.0
2021-04-07,1770.0,1770.0,1770.0,1770.0,5.0
2021-04-08,1770.0,1770.0,1770.0,1770.0,2640.0
2021-04-09,1770.0,1770.0,1770.0,1770.0,4410.0
2021-04-12,1770.0,1770.0,1770.0,1770.0,193.0
2021-04-13,1770.0,1775.0,1770.0,1775.0,75.0
2021-04-14,1770.0,1775.0,1770.0,1770.0,3001.0
2021-04-15,1775.0,1780.0,1775.0,1780.0,142.0
2021-04-16,1770.0,1770.0,1770.0,1770.0,163.0
2021-04-19,1778.0,1800.0,1778.0,1790.0,4530.0
2021-04-20,1790.0,1795.0,1780.0,1795.0,5431.0
2021-04-21,1795.0,1795.0,1793.0,1793.0,2710.0
2021-04-22,1794.0,1794.0,1785.0,1785.0,17730.0
2021-04-23,1781.0,1781.0,1780.0,1780.0,4664.0
2021-04-27,1781.0,1785.0,1781.0,1785.0,2833.0
2021-04-28,1790.0,1790.0,1790.0,1790.0,4.0
2021-04-29,1795.0,1795.0,1795.0,1795.0,16.0
2021-04-30,1790.0,1790.0,1790.0,1790.0,1919.0
2021-05-03,1815.0,1815.0,1790.0,1790.0,8902.0
2021-05-04,1800.0,1820.0,1800.0,1820.0,9250.0
2021-05-05,1820.0,1820.0,1820.0,1820.0,8581.0
2021-05-06,1820.0,1850.0,1820.0,1830.0,7130.0
2021-05-07,1830.0,1830.0,1820.0,1820.0,1208.0
2021-05-10,1820.0,1825.0,1820.0,1825.0,2622.0
2021-05-12,1825.0,1835.0,1825.0,1835.0,1819.0
2021-05-17,1845.0,1850.0,1845.0,1845.0,6210.0
2021-05-18,1845.0,1870.0,1845.0,1870.0,3805.0
2021-05-19,1880.0,1880.0,1856.0,1858.0,4375.0
2021-05-20,1870.0,1870.0,1840.0,1840.0,674.0
2021-05-21,1868.0,1868.0,1868.0,1868.0,550.0
2021-05-24,1850.0,1850.0,1830.0,1840.0,171.0
2021-05-25,1875.0,1875.0,1875.0,1875.0,480.0
2021-05-26,1843.0,1843.0,1843.0,1843.0,9.0
2021-05-27,1841.0,1843.0,1815.0,1815.0,3096.0
2021-05-28,1840.0,1887.0,1840.0,1841.0,2426.0
2021-05-31,1878.0,1879.0,1878.0,1879.0,4.0
2021-06-01,1882.0,1909.0,1861.0,1870.0,2052.0
2021-06-02,1910.0,1910.0,1880.0,1901.0,3387.0
2021-06-03,1920.0,1940.0,1900.0,1900.0,7021.0
2021-06-04,1880.0,1880.0,1880.0,1880.0,1095.0
2021-06-07,1881.0,1900.0,1881.0,1883.0,336.0
2021-06-08,1899.0,1899.0,1885.0,1885.0,35.0
2021-06-09,1900.0,1900.0,1900.0,1900.0,882.0
2021-06-10,1885.0,1885.0,1879.0,1881.0,1802.0
2021-06-11,1895.0,1900.0,1880.0,1880.0,2197.0
2021-06-14,1885.0,1900.0,1885.0,1900.0,4.0
2021-06-15,1873.0,1875.0,1870.0,1874.0,3789.0
2021-06-16,1874.0,1880.0,1874.0,1880.0,60.0
2021-06-17,1870.0,1870.0,1870.0,1870.0,33.0
2021-06-18,1870.0,1885.0,1861.0,1885.0,2541.0
2021-06-22,1848.0,1848.0,1848.0,1848.0,12.0
2021-06-23,1850.0,1850.0,1840.0,1840.0,8363.0
2021-06-24,1864.0,1864.0,1823.0,1823.0,1395468.0
2021-06-25,1824.0,1849.0,1820.0,1849.0,9841.0
2021-06-28,1835.0,1849.0,1835.0,1843.0,1645.0
2021-06-29,1842.0,1870.0,1842.0,1870.0,306.0
2021-06-30,1850.0,1870.0,1850.0,1870.0,2083.0
2021-07-01,1868.0,1868.0,1868.0,1868.0,185.0
2021-07-02,1855.0,1855.0,1850.0,1850.0,4848.0
2021-07-05,1850.0,1860.0,1850.0,1850.0,109186.0
2021-07-06,1800.0,1800.0,1740.0,1774.0,107880.0
2021-07-07,1765.0,1765.0,1765.0,1765.0,239.0
2021-07-08,1765.0,1789.0,1765.0,1789.0,126.0
2021-07-09,1766.0,1766.0,1765.0,1765.0,56.0
2021-07-12,1765.0,1765.0,1765.0,1765.0,129.0
2021-07-13,1747.0,1747.0,1740.0,1740.0,38.0
2021-07-14,1742.0,1742.0,1720.0,1720.0,2000.0
2021-07-15,1722.0,1722.0,1720.0,1720.0,2129.0
2021-07-16,1721.0,1721.0,1711.0,1720.0,1457.0
2021-07-19,1763.0,1763.0,1722.0,1726.0,129.0
2021-07-20,1764.0,1764.0,1764.0,1764.0,1.0
2021-07-23,1765.0,1765.0,1765.0,1765.0,173.0
2021-07-26,1760.0,1764.0,1733.0,1760.0,2857.0
2021-07-27,1739.0,1745.0,1739.0,1740.0,3191.0
2021-07-28,1759.0,1765.0,1759.0,1765.0,42.0
2021-07-29,1765.0,1765.0,1765.0,1765.0,360.0
2021-08-02,1832.0,1832.0,1799.0,1799.0,609.0
2021-08-03,1799.0,1799.0,1799.0,1799.0,384.0
2021-08-04,1780.0,1781.0,1780.0,1781.0,2403.0
2021-08-05,1760.0,1798.0,1760.0,1780.0,2006.0
2021-08-11,1783.0,1783.0,1783.0,1783.0,6.0
2021-08-12,1781.0,1781.0,1780.0,1780.0,5.0
2021-08-13,1770.0,1780.0,1770.0,1780.0,894.0
2021-08-16,1780.0,1780.0,1780.0,1780.0,353.0
2021-08-17,1780.0,1780.0,1780.0,1780.0,1429.0
2021-08-18,1790.0,1790.0,1790.0,1790.0,830.0
2021-08-19,1800.0,1800.0,1800.0,1800.0,500.0
2021-08-23,1782.0,1807.0,1782.0,1807.0,659.0
2021-08-24,1805.0,1807.0,1805.0,1807.0,300.0
2021-08-25,1807.0,1807.0,1795.0,1795.0,180.0
2021-08-26,1825.0,1825.0,1792.0,1792.0,986.0
2021-08-27,1800.0,1820.0,1800.0,1820.0,3599.0
2021-08-30,1820.0,1820.0,1820.0,1820.0,1000.0
2021-08-31,1820.0,1820.0,1795.0,1795.0,2651.0
2021-09-01,1820.0,1820.0,1820.0,1820.0,61.0
2021-09-07,1820.0,1820.0,1809.0,1809.0,2501.0
2021-09-08,1809.0,1809.0,1801.0,1805.0,3093.0
2021-09-09,1825.0,1850.0,1825.0,1838.0,14922.0
2021-09-10,1837.0,1837.0,1837.0,1837.0,340.0
2021-09-13,1840.0,1840.0,1840.0,1840.0,40.0
2021-09-14,1835.0,1835.0,1825.0,1825.0,5454.0
2021-09-16,1835.0,1844.0,1835.0,1835.0,8335.0
2021-09-17,1840.0,1840.0,1840.0,1840.0,5604.0
2021-09-20,1840.0,1840.0,1840.0,1840.0,560.0
2021-09-21,1830.0,1830.0,1820.0,1820.0,1512.0
2021-09-22,1825.0,1825.0,1825.0,1825.0,33.0
2021-09-23,1848.0,1882.0,1848.0,1875.0,14558.0
2021-09-24,1880.0,1896.0,1880.0,1880.0,19727.0
2021-09-27,1881.0,1890.0,1855.0,1884.0,116.0
2021-09-28,1883.0,1890.0,1883.0,1890.0,1130.0
2021-09-29,1853.0,1890.0,1853.0,1890.0,861.0
2021-09-30,1890.0,1920.0,1890.0,1920.0,2737.0
2021-10-01,1871.0,1871.0,1860.0,1860.0,4442.0
2021-10-04,1861.0,1861.0,1860.0,1860.0,625.0
2021-10-05,1880.0,1880.0,1851.0,1851.0,771.0
2021-10-06,1851.0,1861.0,1836.0,1861.0,2462.0
2021-10-07,1850.0,1853.0,1850.0,1850.0,2956.0
2021-10-08,1850.0,1860.0,1850.0,1860.0,583.0
2021-10-11,1856.0,1860.0,1855.0,1855.0,3889.0
2021-10-13,1857.0,1860.0,1850.0,1851.0,2570.0
2021-10-14,1853.0,1862.0,1853.0,1862.0,7821.0
2021-10-15,1861.0,1861.0,1860.0,1860.0,4973.0
2021-10-18,1852.0,1852.0,1842.0,1842.0,157.0
2021-10-21,1860.0,1860.0,1860.0,1860.0,1077.0
2021-10-22,1860.0,1860.0,1860.0,1860.0,6763.0
2021-10-25,1845.0,1860.0,1835.0,1842.0,2277.0
2021-10-26,1869.0,1880.0,1860.0,1880.0,2183.0
2021-10-27,1890.0,1890.0,1885.0,1890.0,1425.0
2021-10-28,1893.0,1895.0,1890.0,1895.0,3834.0
2021-10-29,1899.0,1910.0,1890.0,1910.0,702.0
2021-11-01,1875.0,1875.0,1875.0,1875.0,816.0
2021-11-02,1908.0,1908.0,1908.0,1908.0,5.0
2021-11-03,1905.0,1922.0,1900.0,1900.0,6141.0
2021-11-04,1900.0,1905.0,1900.0,1900.0,26161.0
2021-11-05,1880.0,1880.0,1880.0,1880.0,3000.0
2021-11-08,1890.0,1890.0,1860.0,1890.0,1060.0
2021-11-09,1880.0,1880.0,1880.0,1880.0,7.0
2021-11-10,1879.0,1879.0,1879.0,1879.0,100.0
2021-11-11,1885.0,1885.0,1878.0,1878.0,121.0
2021-11-12,1870.0,1870.0,1870.0,1870.0,759.0
2021-11-15,1870.0,1870.0,1870.0,1870.0,353.0
2021-11-16,1867.0,1875.0,1865.0,1870.0,2275.0
2021-11-17,1870.0,1870.0,1870.0,1870.0,800.0
2021-11-19,1875.0,1875.0,1870.0,1870.0,1505.0
2021-11-23,1865.0,1865.0,1865.0,1865.0,2300.0
2021-11-24,1865.0,1865.0,1860.0,1860.0,63.0
2021-11-26,1860.0,1860.0,1860.0,1860.0,1883.0
2021-11-29,1860.0,1860.0,1860.0,1860.0,20.0
2021-11-30,1860.0,1860.0,1771.0,1771.0,8374.0
2021-12-01,1800.0,1801.0,1800.0,1800.0,5867.0
2021-12-02,1854.0,1854.0,1800.0,1820.0,233.0
2021-12-03,1800.0,1815.0,1800.0,1815.0,353.0
2021-12-06,1824.0,1857.0,1824.0,1857.0,18.0
2021-12-09,1840.0,1870.0,1840.0,1870.0,520.0
2021-12-10,1870.0,1873.0,1855.0,1870.0,7743.0
2021-12-13,1845.0,1850.0,1845.0,1850.0,1283.0
2021-12-14,1860.0,1860.0,1855.0,1855.0,45.0
2021-12-15,1860.0,1860.0,1860.0,1860.0,26.0
2021-12-16,1860.0,1880.0,1860.0,1880.0,1045.0
2021-12-17,1870.0,1880.0,1870.0,1880.0,678.0
2021-12-21,1870.0,1870.0,1860.0,1869.0,1327.0
2021-12-24,1865.0,1869.0,1865.0,1869.0,21848.0
2021-12-28,1868.0,1868.0,1868.0,1868.0,1181.0
2021-12-29,1870.0,1899.0,1870.0,1899.0,6413.0
2021-12-30,1899.0,1900.0,1890.0,1890.0,3898.0
2021-12-31,1852.0,1900.0,1852.0,1900.0,25005.0
2022-01-03,1910.0,1910.0,1848.0,1856.0,606.0
2022-01-04,1914.0,1914.0,1859.0,1859.0,115.0
2022-01-06,1890.0,1900.0,1890.0,1900.0,2227.0
2022-01-07,1900.0,1910.0,1899.0,1908.0,3790.0
2022-01-10,1908.0,1908.0,1908.0,1908.0,52.0
2022-01-12,1909.0,1911.0,1909.0,1911.0,570.0
2022-01-13,1910.0,1919.0,1908.0,1908.0,55.0
2022-01-14,1920.0,1949.0,1920.0,1949.0,3432.0
2022-01-17,1950.0,1955.0,1950.0,1950.0,799.0
2022-01-18,1950.0,1954.0,1923.0,1923.0,3015.0
2022-01-19,1954.0,1954.0,1950.0,1954.0,531.0
2022-01-20,1954.0,1954.0,1949.0,1950.0,6719.0
2022-01-21,1950.0,2000.0,1940.0,1940.0,12843.0
2022-01-24,1970.0,1970.0,1945.0,1945.0,2842.0
2022-01-25,1945.0,1945.0,1945.0,1945.0,6308.0
2022-01-26,1960.0,1960.0,1960.0,1960.0,5.0
2022-01-27,1968.0,1975.0,1947.0,1950.0,32.0
2022-01-28,1975.0,1975.0,1975.0,1975.0,978.0
2022-01-31,1990.0,1990.0,1989.0,1989.0,9613.0
2022-02-02,1970.0,1970.0,1970.0,1970.0,100.0
2022-02-03,1960.0,1960.0,1950.0,1951.0,375.0
2022-02-04,1980.0,1980.0,1953.0,1953.0,1639.0
2022-02-07,1950.0,1950.0,1950.0,1950.0,58.0
2022-02-08,1955.0,1985.0,1955.0,1985.0,2874.0
2022-02-09,1989.0,1995.0,1980.0,1980.0,2240.0
2022-02-10,1985.0,1985.0,1985.0,1985.0,113.0
2022-02-11,1985.0,2000.0,1985.0,1996.0,8838.0
2022-02-14,1985.0,1985.0,1985.0,1985.0,24.0
2022-02-15,1952.0,1999.0,1951.0,1951.0,22057.0
2022-02-16,1980.0,1980.0,1940.0,1940.0,3487.0
2022-02-17,1950.0,1950.0,1935.0,1936.0,1468.0
2022-02-18,1936.0,1936.0,1929.0,1929.0,1628.0
2022-02-21,1978.0,1978.0,1900.0,1900.0,180.0
2022-02-22,1900.0,1919.0,1870.0,1919.0,3638.0
2022-02-23,1920.0,1920.0,1885.0,1885.0,1183.0
2022-02-24,1885.0,1885.0,1772.0,1772.0,7065.0
2022-02-25,1780.0,1875.0,1780.0,1800.0,2313.0
2022-02-28,1811.0,1811.0,1790.0,1790.0,122.0
2022-03-01,1800.0,1801.0,1800.0,1800.0,238.0
2022-03-02,1801.0,1801.0,1784.0,1784.0,271.0
2022-03-03,1783.0,1800.0,1780.0,1780.0,7907.0
2022-03-04,1800.0,1800.0,1730.0,1780.0,4733.0
2022-03-07,1731.0,1747.0,1677.0,1747.0,2093.0
2022-03-08,1750.0,1750.0,1720.0,1741.0,1248.0
2022-03-09,1760.0,1790.0,1760.0,1762.0,664.0
2022-03-10,1776.0,1790.0,1665.0,1665.0,2634.0
2022-03-11,1710.0,1760.0,1710.0,1710.0,2939.0
2022-03-15,1760.0,1760.0,1725.0,1726.0,348.0
2022-03-16,1740.0,1740.0,1740.0,1740.0,160.0
2022-03-17,1820.0,1820.0,1750.0,1750.0,1536.0
2022-03-18,1750.0,1795.0,1750.0,1770.0,1332.0
2022-03-21,1800.0,1819.0,1800.0,1810.0,2599.0
2022-03-22,1810.0,1810.0,1800.0,1800.0,2375.0
2022-03-23,1800.0,1800.0,1763.0,1763.0,178.0
2022-03-24,1810.0,1829.0,1790.0,1800.0,17301.0
2022-03-25,1830.0,1830.0,1800.0,1800.0,1051.0
2022-03-28,1800.0,1800.0,1800.0,1800.0,2632.0
2022-03-29,1800.0,1800.0,1800.0,1800.0,1135.0
2022-03-30,1829.0,1845.0,1803.0,1845.0,463.0
2022-03-31,1846.0,1850.0,1846.0,1850.0,205.0
2022-04-01,1850.0,1870.0,1850.0,1850.0,1292.0
2022-04-04,1855.0,1855.0,1855.0,1855.0,1276.0
2022-04-05,1850.0,1850.0,1850.0,1850.0,798.0
2022-04-06,1844.0,1844.0,1844.0,1844.0,1240.0
2022-04-07,1831.0,1831.0,1826.0,1826.0,1525.0
2022-04-08,1825.0,1825.0,1820.0,1820.0,1275.0
2022-04-11,1820.0,1820.0,1816.0,1816.0,42.0
2022-04-12,1817.0,1848.0,1810.0,1810.0,2177.0
2022-04-13,1811.0,1811.0,1807.0,1807.0,751.0
2022-04-14,1815.0,1816.0,1809.0,1816.0,14290.0
2022-04-15,1817.0,1830.0,1817.0,1830.0,3356.0
2022-04-18,1831.0,1831.0,1830.0,1830.0,13.0
2022-04-19,1830.0,1840.0,1830.0,1837.0,3824.0
2022-04-21,1870.0,1870.0,1870.0,1870.0,1.0
2022-04-22,1841.0,1842.0,1840.0,1840.0,3020.0
2022-04-25,1840.0,1840.0,1840.0,1840.0,1012.0
2022-04-26,1840.0,1840.0,1834.0,1835.0,6358.0
2022-04-27,1835.0,1835.0,1835.0,1835.0,1680.0
2022-04-28,1835.0,1836.0,1835.0,1836.0,169.0
2022-04-29,1836.0,1836.0,1835.0,1835.0,3689.0
2022-05-04,1835.0,1836.0,1830.0,1830.0,3383.0
2022-05-05,1849.0,1849.0,1830.0,1830.0,3526.0
2022-05-06,1826.0,1826.0,1825.0,1825.0,40.0
2022-05-09,1825.0,1826.0,1800.0,1800.0,172.0
2022-05-10,1800.0,1805.0,1760.0,1760.0,4277.0
2022-05-11,1751.0,1800.0,1750.0,1751.0,190.0
2022-05-12,1760.0,1760.0,1750.0,1750.0,213.0
2022-05-13,1761.0,1761.0,1750.0,1750.0,1008.0
2022-05-16,1750.0,1799.0,1736.0,1736.0,226.0
2022-05-17,1740.0,1797.0,1700.0,1797.0,347.0
2022-05-18,1750.0,1750.0,1750.0,1750.0,139.0
2022-05-19,1751.0,1751.0,1740.0,1740.0,1658.0
2022-05-20,1720.0,1720.0,1720.0,1720.0,1150.0
2022-05-23,1702.0,1731.0,1701.0,1731.0,22.0
2022-05-24,1710.0,1710.0,1700.0,1700.0,1850.0
2022-05-25,1720.0,1720.0,1692.0,1700.0,413.0
2022-05-26,1700.0,1700.0,1700.0,1700.0,170.0
2022-05-27,1702.0,1702.0,1671.0,1675.0,2279.0
2022-05-30,1700.0,1750.0,1685.0,1685.0,44.0
2022-05-31,1697.0,1697.0,1697.0,1697.0,1398.0
2022-06-01,1685.0,1745.0,1685.0,1691.0,1938.0
2022-06-02,1692.0,1731.0,1691.0,1731.0,4249.0
2022-06-03,1750.0,1750.0,1740.0,1750.0,5761.0
2022-06-06,1750.0,1799.0,1750.0,1750.0,980.0
2022-06-07,1750.0,1775.0,1750.0,1775.0,4525.0
2022-06-08,1750.0,1780.0,1750.0,1760.0,7071.0
2022-06-09,1765.0,1770.0,1765.0,1770.0,12295.0
2022-06-10,1780.0,1780.0,1760.0,1760.0,1989.0
2022-06-13,1752.0,1755.0,1730.0,1730.0,275.0
2022-06-14,1730.0,1730.0,1690.0,1691.0,9885.0
2022-06-15,1690.0,1729.0,1690.0,1700.0,1898.0
2022-06-16,1750.0,1750.0,1710.0,1710.0,1010.0
2022-06-17,1715.0,1715.0,1700.0,1700.0,830.0
2022-06-20,1700.0,1700.0,1700.0,1700.0,500.0
2022-06-21,1701.0,1705.0,1700.0,1705.0,1592.0
2022-06-22,1700.0,1700.0,1675.0,1680.0,5163.0
2022-06-23,1680.0,1700.0,1660.0,1700.0,4845.0
2022-06-24,1660.0,1660.0,1660.0,1660.0,5074.0
2022-06-27,1675.0,1675.0,1660.0,1660.0,128.0
2022-06-28,1665.0,1665.0,1665.0,1665.0,10.0
2022-06-29,1710.0,1710.0,1680.0,1680.0,510.0
2022-06-30,1700.0,1700.0,1700.0,1700.0,10002.0
2022-07-01,1671.0,1671.0,1630.0,1630.0,9110.0
2022-07-04,1600.0,1600.0,1579.0,1579.0,111.0
2022-07-05,1579.0,1579.0,1557.0,1557.0,166.0
2022-07-06,1557.0,1560.0,1533.0,1540.0,2375.0
2022-07-08,1600.0,1600.0,1557.0,1560.0,1431.0
2022-07-12,1650.0,1650.0,1560.0,1560.0,1430.0
2022-07-13,1560.0,1645.0,1560.0,1645.0,15.0
2022-07-14,1642.0,1642.0,1599.0,1599.0,39.0
2022-07-15,1595.0,1595.0,1571.0,1571.0,2442.0
2022-07-18,1574.0,1574.0,1574.0,1574.0,37.0
2022-07-19,1577.0,1577.0,1577.0,1577.0,15.0
2022-07-20,1581.0,1586.0,1581.0,1586.0,748.0
2022-07-21,1633.0,1633.0,1583.0,1583.0,96.0
2022-07-22,1585.0,1585.0,1585.0,1585.0,862.0
2022-07-25,1560.0,1586.0,1541.0,1586.0,603.0
2022-07-26,1586.0,1586.0,1555.0,1555.0,1133.0
2022-07-27,1560.0,1560.0,1555.0,1556.0,320.0
2022-07-28,1561.0,1561.0,1561.0,1561.0,8.0
2022-07-29,1581.0,1581.0,1581.0,1581.0,119.0
2022-08-01,1619.0,1619.0,1615.0,1615.0,103.0
2022-08-02,1590.0,1590.0,1590.0,1590.0,55.0
2022-08-03,1590.0,1590.0,1590.0,1590.0,573.0
2022-08-04,1581.0,1581.0,1580.0,1580.0,3021.0
2022-08-05,1590.0,1590.0,1590.0,1590.0,580.0
2022-08-08,1600.0,1600.0,1600.0,1600.0,7.0
2022-08-09,1600.0,1600.0,1590.0,1600.0,58.0
2022-08-10,1600.0,1619.0,1600.0,1619.0,12.0
2022-08-11,1600.0,1600.0,1600.0,1600.0,2615.0
2022-08-12,1620.0,1620.0,1610.0,1610.0,176.0
2022-08-15,1620.0,1620.0,1610.0,1610.0,22.0
2022-08-16,1605.0,1605.0,1605.0,1605.0,500.0
2022-08-17,1620.0,1620.0,1610.0,1610.0,316.0
2022-08-18,1611.0,1611.0,1605.0,1605.0,1193.0
2022-08-19,1620.0,1620.0,1600.0,1600.0,394.0
2022-08-22,1600.0,1620.0,1600.0,1610.0,470.0
2022-08-23,1620.0,1620.0,1620.0,1620.0,2.0
2022-08-24,1610.0,1610.0,1610.0,1610.0,505.0
2022-08-25,1602.0,1610.0,1601.0,1610.0,652.0
2022-08-26,1602.0,1649.0,1600.0,1600.0,2368.0
2022-08-30,1600.0,1610.0,1600.0,1610.0,32.0
2022-08-31,1602.0,1602.0,1600.0,1600.0,1973.0
2022-09-02,1600.0,1600.0,1585.0,1585.0,2260.0
2022-09-05,1610.0,1610.0,1610.0,1610.0,16.0
2022-09-06,1610.0,1610.0,1600.0,1600.0,8.0
2022-09-07,1610.0,1610.0,1610.0,1610.0,1.0
2022-09-08,1600.0,1600.0,1592.0,1600.0,31.0
2022-09-09,1615.0,1615.0,1580.0,1580.0,1899.0
2022-09-12,1619.0,1619.0,1619.0,1619.0,11.0
2022-09-13,1616.0,1616.0,1600.0,1600.0,268.0
2022-09-15,1615.0,1615.0,1615.0,1615.0,3.0
2022-09-16,1595.0,1595.0,1595.0,1595.0,7754.0
2022-09-19,1595.0,1595.0,1570.0,1570.0,313.0
2022-09-20,1595.0,1595.0,1595.0,1595.0,5.0
2022-09-21,1595.0,1600.0,1595.0,1600.0,64.0
2022-09-22,1600.0,1600.0,1595.0,1598.0,195.0
2022-09-23,1598.0,1599.0,1598.0,1599.0,155.0
2022-09-26,1598.0,1598.0,1550.0,1550.0,1164.0
2022-09-27,1550.0,1550.0,1499.0,1499.0,729.0
2022-09-28,1500.0,1500.0,1460.0,1490.0,134.0
2022-09-29,1490.0,1490.0,1414.0,1447.0,8353.0
2022-09-30,1450.0,1470.0,1420.0,1470.0,31678.0
2022-10-04,1494.0,1494.0,1494.0,1494.0,1.0
2022-10-05,1490.0,1490.0,1490.0,1490.0,2.0
2022-10-06,1499.0,1499.0,1499.0,1499.0,1.0
2022-10-07,1500.0,1500.0,1500.0,1500.0,6.0
2022-10-11,1500.0,1500.0,1457.0,1500.0,283.0
2022-10-12,1431.0,1431.0,1431.0,1431.0,368.0
2022-10-13,1400.0,1400.0,1400.0,1400.0,3962.0
2022-10-14,1430.0,1450.0,1385.0,1385.0,2267.0
2022-10-17,1385.0,1385.0,1355.0,1385.0,32.0
2022-10-18,1385.0,1385.0,1385.0,1385.0,22.0
2022-10-19,1386.0,1400.0,1385.0,1400.0,8609.0
2022-10-20,1385.0,1385.0,1352.0,1361.0,1970.0
2022-10-21,1370.0,1400.0,1370.0,1400.0,587.0
2022-10-26,1399.0,1399.0,1375.0,1375.0,1102.0
2022-10-27,1372.0,1398.0,1370.0,1370.0,241.0
2022-10-28,1400.0,1400.0,1375.0,1375.0,1196.0
2022-10-31,1375.0,1375.0,1350.0,1350.0,4073.0
2022-11-01,1375.0,1375.0,1375.0,1375.0,40.0
2022-11-02,1370.0,1370.0,1368.0,1368.0,289.0
2022-11-03,1400.0,1400.0,1375.0,1375.0,376.0
2022-11-04,1397.0,1397.0,1350.0,1350.0,285.0
2022-11-07,1389.0,1399.0,1389.0,1399.0,3.0
2022-11-08,1398.0,1398.0,1375.0,1379.0,1632.0
2022-11-09,1379.0,1379.0,1340.0,1340.0,604.0
2022-11-10,1330.0,1340.0,1290.0,1290.0,4024.0
2022-11-11,1270.0,1349.0,1250.0,1290.0,7884.0
2022-11-14,1358.0,1358.0,1290.0,1300.0,3518.0
2022-11-15,1349.0,1349.0,1300.0,1302.0,934.0
2022-11-16,1350.0,1370.0,1310.0,1310.0,466.0
2022-11-17,1368.0,1385.0,1368.0,1385.0,943.0
2022-11-21,1400.0,1400.0,1367.0,1367.0,1390.0
2022-11-23,1350.0,1350.0,1350.0,1350.0,1239.0
2022-11-24,1350.0,1350.0,1350.0,1350.0,155.0
2022-11-25,1370.0,1370.0,1332.0,1332.0,380.0
2022-11-28,1370.0,1370.0,1340.0,1340.0,275.0
2022-11-29,1350.0,1350.0,1320.0,1320.0,1361.0
2022-11-30,1321.0,1321.0,1282.0,1282.0,18107.0
2022-12-01,1291.0,1318.0,1282.0,1284.0,7722.0
2022-12-02,1287.0,1300.0,1287.0,1300.0,41.0
2022-12-05,1338.0,1338.0,1338.0,1338.0,58.0
2022-12-06,1340.0,1395.0,1340.0,1394.0,124.0
2022-12-07,1398.0,1398.0,1395.0,1396.0,46.0
2022-12-08,1395.0,1398.0,1334.0,1337.0,264.0
2022-12-09,1385.0,1385.0,1337.0,1352.0,1529.0
2022-12-12,1354.0,1354.0,1354.0,1354.0,229.0
2022-12-13,1381.0,1393.0,1352.0,1355.0,456.0
2022-12-14,1393.0,1394.0,1360.0,1360.0,105.0
2022-12-15,1380.0,1395.0,1355.0,1355.0,1652.0
2022-12-16,1380.0,1380.0,1320.0,1320.0,2021.0
2022-12-20,1396.0,1396.0,1316.0,1389.0,407.0
2022-12-21,1320.0,1320.0,1320.0,1320.0,230.0
2022-12-22,1350.0,1380.0,1320.0,1325.0,3164.0
2022-12-23,1325.0,1327.0,1325.0,1325.0,3765.0
2022-12-26,1320.0,1320.0,1320.0,1320.0,135.0
2022-12-27,1320.0,1359.0,1320.0,1320.0,48.0
2022-12-28,1330.0,1330.0,1300.0,1300.0,208.0
2022-12-29,1350.0,1350.0,1280.0,1280.0,248.0
2022-12-30,1280.0,1280.0,1280.0,1280.0,1735.0
2023-01-03,1260.0,1298.0,1250.0,1252.0,401.0
2023-01-04,1255.0,1260.0,1177.0,1177.0,7604.0
2023-01-05,1244.0,1245.0,1150.0,1245.0,11570.0
2023-01-06,1171.0,1176.0,1171.0,1171.0,1222.0
2023-01-09,1171.0,1206.0,1171.0,1206.0,90.0
2023-01-10,1206.0,1230.0,1206.0,1216.0,3369.0
2023-01-12,1244.0,1270.0,1244.0,1261.0,1373.0
2023-01-13,1270.0,1336.0,1270.0,1280.0,3540.0
2023-01-16,1320.0,1344.0,1320.0,1335.0,2745.0
2023-01-17,1388.0,1389.0,1330.0,1330.0,2463.0
2023-01-18,1330.0,1330.0,1330.0,1330.0,2.0
2023-01-19,1330.0,1330.0,1251.0,1251.0,907.0
2023-01-20,1326.0,1326.0,1251.0,1251.0,1001.0
2023-01-23,1326.0,1326.0,1326.0,1326.0,2.0
2023-01-24,1325.0,1365.0,1324.0,1365.0,8027.0
2023-01-26,1284.0,1284.0,1284.0,1284.0,580.0
2023-01-27,1285.0,1285.0,1252.0,1252.0,1300.0
2023-01-30,1270.0,1270.0,1270.0,1270.0,1000.0
2023-01-31,1339.0,1339.0,1271.0,1273.0,31.0
2023-02-01,1261.0,1261.0,1261.0,1261.0,300.0
2023-02-02,1298.0,1325.0,1280.0,1280.0,667.0
2023-02-03,1300.0,1300.0,1275.0,1275.0,2003.0
2023-02-06,1273.0,1276.0,1273.0,1276.0,101.0
2023-02-07,1283.0,1283.0,1283.0,1283.0,32.0
2023-02-08,1320.0,1335.0,1300.0,1330.0,615.0
2023-02-09,1338.0,1358.0,1310.0,1329.0,5200.0
2023-02-10,1338.0,1338.0,1315.0,1315.0,1244.0
2023-02-14,1339.0,1339.0,1339.0,1339.0,1.0
2023-02-15,1330.0,1330.0,1300.0,1300.0,458.0
2023-02-16,1319.0,1329.0,1319.0,1320.0,2086.0
2023-02-17,1338.0,1338.0,1329.0,1330.0,1803.0
2023-02-20,1340.0,1350.0,1320.0,1320.0,48.0
2023-02-21,1320.0,1320.0,1280.0,1285.0,1591.0
2023-02-22,1300.0,1300.0,1287.0,1300.0,169.0
2023-02-23,1300.0,1300.0,1300.0,1300.0,1.0
2023-02-24,1311.0,1336.0,1300.0,1325.0,194.0
2023-02-27,1305.0,1340.0,1305.0,1306.0,39.0
2023-02-28,1332.0,1334.0,1331.0,1331.0,66.0
2023-03-01,1325.0,1325.0,1325.0,1325.0,11.0
2023-03-02,1307.0,1325.0,1300.0,1300.0,170.0
2023-03-03,1295.0,1300.0,1270.0,1270.0,247.0
2023-03-06,1290.0,1290.0,1260.0,1260.0,103.0
2023-03-07,1279.0,1280.0,1260.0,1260.0,53.0
2023-03-08,1250.0,1250.0,1242.0,1242.0,332.0
2023-03-09,1250.0,1250.0,1220.0,1220.0,419.0
2023-03-10,1222.0,1222.0,1201.0,1201.0,667.0
2023-03-13,1237.0,1240.0,1206.0,1206.0,20.0
2023-03-14,1220.0,1220.0,1220.0,1220.0,32.0
2023-03-15,1220.0,1239.0,1220.0,1239.0,26.0
2023-03-16,1230.0,1230.0,1230.0,1230.0,13.0
2023-03-17,1220.0,1230.0,1204.0,1220.0,1164.0
2023-03-20,1225.0,1225.0,1220.0,1220.0,1255.0
2023-03-21,1220.0,1220.0,1200.0,1200.0,320.0
2023-03-22,1205.0,1205.0,1205.0,1205.0,1003.0
2023-03-23,1239.0,1240.0,1210.0,1210.0,115.0
2023-03-24,1205.0,1239.0,1200.0,1204.0,1054.0
2023-03-28,1207.0,1207.0,1169.0,1192.0,1513.0
2023-03-29,1200.0,1220.0,1197.0,1200.0,509.0
2023-03-30,1201.0,1201.0,1195.0,1195.0,1057.0
2023-03-31,1200.0,1200.0,1190.0,1190.0,35711.0
2023-04-03,1200.0,1200.0,1180.0,1180.0,723.0
2023-04-04,1199.0,1199.0,1199.0,1199.0,20.0
2023-04-05,1200.0,1200.0,1183.0,1183.0,233.0
2023-04-06,1223.0,1223.0,1190.0,1190.0,35.0
2023-04-07,1200.0,1215.0,1185.0,1215.0,2008.0
2023-04-10,1221.0,1225.0,1221.0,1225.0,15.0
2023-04-11,1239.0,1240.0,1206.0,1206.0,121.0
2023-04-12,1208.0,1234.0,1208.0,1234.0,22.0
2023-04-13,1203.0,1235.0,1203.0,1235.0,658.0
2023-04-14,1219.0,1269.0,1200.0,1200.0,324.0
2023-04-18,1206.0,1206.0,1206.0,1206.0,157.0
2023-04-19,1210.0,1210.0,1203.0,1205.0,82.0
2023-04-20,1234.0,1249.0,1223.0,1223.0,653.0
2023-04-21,1240.0,1280.0,1230.0,1230.0,480.0
2023-04-25,1266.0,1266.0,1230.0,1230.0,4.0
2023-04-27,1265.0,1265.0,1210.0,1210.0,134.0
2023-04-28,1225.0,1225.0,1225.0,1225.0,316.0
2023-05-02,1247.0,1247.0,1247.0,1247.0,81.0
2023-05-03,1242.0,1242.0,1242.0,1242.0,1.0
2023-05-04,1242.0,1242.0,1239.0,1239.0,4.0
2023-05-05,1244.0,1290.0,1244.0,1250.0,2805.0
2023-05-08,1250.0,1287.0,1250.0,1285.0,885.0
2023-05-09,1290.0,1320.0,1290.0,1303.0,12750.0
2023-05-10,1301.0,1320.0,1300.0,1315.0,4905.0
2023-05-11,1320.0,1350.0,1320.0,1350.0,13312.0
2023-05-12,1357.0,1388.0,1357.0,1360.0,795.0
2023-05-15,1374.0,1375.0,1371.0,1372.0,211.0
2023-05-16,1369.0,1369.0,1360.0,1360.0,5173.0
2023-05-17,1340.0,1367.0,1340.0,1366.0,318.0
2023-05-18,1360.0,1360.0,1320.0,1347.0,799.0
2023-05-19,1313.0,1340.0,1300.0,1339.0,1446.0
2023-05-22,1339.0,1339.0,1339.0,1339.0,248.0
2023-05-23,1344.0,1350.0,1344.0,1350.0,1338.0
2023-05-24,1376.0,1376.0,1376.0,1376.0,100.0
2023-05-25,1388.0,1390.0,1350.0,1383.0,471.0
2023-05-26,1380.0,1380.0,1380.0,1380.0,1222.0
2023-05-29,1380.0,1415.0,1380.0,1414.0,7561.0
2023-05-30,1415.0,1430.0,1415.0,1415.0,10207.0
2023-05-31,1425.0,1425.0,1390.0,1423.0,1098.0
2023-06-01,1414.0,1414.0,1414.0,1414.0,121.0
2023-06-02,1413.0,1489.0,1413.0,1489.0,3379.0
2023-06-05,1500.0,1500.0,1489.0,1490.0,2983.0
2023-06-06,1451.0,1451.0,1451.0,1451.0,1059.0
2023-06-07,1450.0,1452.0,1450.0,1451.0,1526.0
2023-06-09,1427.0,1460.0,1427.0,1460.0,9038.0
2023-06-12,1460.0,1460.0,1460.0,1460.0,329.0
2023-06-13,1421.0,1490.0,1420.0,1490.0,40.0
2023-06-14,1450.0,1480.0,1450.0,1480.0,4139.0
2023-06-15,1480.0,1500.0,1480.0,1500.0,557.0
2023-06-16,1499.0,1520.0,1495.0,1515.0,5318.0
2023-06-19,1500.0,1525.0,1500.0,1515.0,1971.0
2023-06-20,1475.0,1590.0,1475.0,1585.0,5446.0
2023-06-21,1584.0,1584.0,1502.0,1502.0,4034.0
2023-06-22,1573.0,1573.0,1510.0,1510.0,152.0
2023-06-23,1550.0,1550.0,1542.0,1545.0,6662.0
2023-06-26,1500.0,1500.0,1500.0,1500.0,50.0
2023-06-27,1540.0,1540.0,1515.0,1528.0,8973.0
2023-06-28,1528.0,1545.0,1528.0,1530.0,3780.0
2023-07-03,1530.0,1549.0,1530.0,1530.0,115.0
2023-07-04,1520.0,1550.0,1520.0,1550.0,563.0
2023-07-05,1540.0,1560.0,1540.0,1549.0,4041.0
2023-07-06,1500.0,1530.0,1491.0,1491.0,645.0
2023-07-07,1523.0,1523.0,1472.0,1474.0,3086.0
2023-07-10,1522.0,1522.0,1500.0,1500.0,502.0
2023-07-12,1500.0,1500.0,1490.0,1490.0,4152.0
2023-07-13,1490.0,1490.0,1490.0,1490.0,4037.0
2023-07-14,1472.0,1480.0,1470.0,1479.0,1260.0
2023-07-17,1510.0,1510.0,1479.0,1480.0,1587.0
2023-07-18,1480.0,1500.0,1480.0,1500.0,1210.0
2023-07-21,1472.0,1510.0,1472.0,1510.0,83.0
2023-07-24,1478.0,1508.0,1478.0,1508.0,14.0
2023-07-25,1480.0,1500.0,1479.0,1500.0,1022.0
2023-07-26,1490.0,1490.0,1490.0,1490.0,1020.0
2023-07-27,1477.0,1500.0,1477.0,1500.0,107.0
2023-07-28,1490.0,1495.0,1490.0,1495.0,3566.0
2023-07-31,1500.0,1500.0,1500.0,1500.0,101.0
2023-08-01,1500.0,1509.0,1495.0,1509.0,215.0
2023-08-02,1509.0,1540.0,1509.0,1540.0,2551.0
2023-08-03,1538.0,1580.0,1538.0,1565.0,505.0
2023-08-04,1578.0,1586.0,1540.0,1540.0,5748.0
2023-08-07,1550.0,1550.0,1550.0,1550.0,7.0
2023-08-08,1530.0,1530.0,1530.0,1530.0,15.0
2023-08-09,1530.0,1540.0,1530.0,1530.0,3636.0
2023-08-10,1530.0,1530.0,1530.0,1530.0,145.0
2023-08-11,1530.0,1530.0,1495.0,1495.0,1378.0
2023-08-15,1496.0,1496.0,1494.0,1494.0,635.0
2023-08-18,1480.0,1480.0,1480.0,1480.0,106.0
2023-08-22,1480.0,1482.0,1480.0,1480.0,10531.0
2023-08-23,1471.0,1480.0,1470.0,1480.0,831.0
2023-08-24,1479.0,1479.0,1479.0,1479.0,1.0
2023-08-25,1485.0,1485.0,1485.0,1485.0,10.0
2023-08-28,1450.0,1450.0,1450.0,1450.0,295.0
2023-08-29,1450.0,1493.0,1450.0,1450.0,26.0
2023-08-30,1451.0,1492.0,1450.0,1460.0,2201.0
2023-08-31,1494.0,1498.0,1460.0,1460.0,2553.0
2023-09-01,1460.0,1460.0,1460.0,1460.0,102.0
2023-09-05,1460.0,1460.0,1460.0,1460.0,16.0
2023-09-06,1452.0,1452.0,1450.0,1450.0,132.0
2023-09-07,1450.0,1450.0,1430.0,1430.0,3264.0
2023-09-08,1417.0,1450.0,1417.0,1430.0,973.0
2023-09-11,1480.0,1515.0,1475.0,1515.0,10304.0
2023-09-12,1548.0,1580.0,1512.0,1512.0,4489.0
2023-09-13,1550.0,1550.0,1480.0,1490.0,1649.0
2023-09-14,1500.0,1530.0,1500.0,1530.0,11.0
2023-09-15,1542.0,1550.0,1510.0,1510.0,2098.0
2023-09-18,1511.0,1511.0,1510.0,1510.0,92.0
2023-09-19,1525.0,1547.0,1515.0,1547.0,102.0
2023-09-20,1512.0,1547.0,1455.0,1455.0,155.0
2023-09-21,1505.0,1534.0,1500.0,1500.0,2873.0
2023-09-22,1515.0,1515.0,1490.0,1490.0,3232.0
2023-09-25,1485.0,1534.0,1485.0,1534.0,62.0
2023-09-26,1543.0,1543.0,1488.0,1490.0,552.0
2023-09-27,1492.0,1510.0,1460.0,1490.0,725.0
2023-10-02,1490.0,1490.0,1455.0,1480.0,1623.0
2023-10-03,1465.0,1468.0,1457.0,1460.0,432.0
2023-10-04,1462.0,1462.0,1460.0,1460.0,119.0
2023-10-05,1547.0,1547.0,1547.0,1547.0,2304.0
2023-10-06,1639.0,1639.0,1580.0,1600.0,41398.0
2023-10-09,1590.0,1609.0,1580.0,1600.0,2465.0
2023-10-10,1600.0,1613.0,1590.0,1613.0,2268.0
2023-10-11,1610.0,1635.0,1601.0,1635.0,5564.0
2023-10-12,1628.0,1639.0,1610.0,1639.0,2450.0
2023-10-13,1639.0,1680.0,1620.0,1626.0,6276.0
2023-10-16,1622.0,1622.0,1622.0,1622.0,14.0
2023-10-17,1630.0,1630.0,1617.0,1617.0,1379.0
2023-10-18,1649.0,1710.0,1649.0,1682.0,16105.0
2023-10-19,1700.0,1700.0,1665.0,1665.0,1342.0
2023-10-20,1699.0,1699.0,1667.0,1670.0,2636.0
2023-10-23,1651.0,1695.0,1603.0,1685.0,297.0
2023-10-24,1670.0,1670.0,1670.0,1670.0,170.0
2023-10-25,1670.0,1670.0,1640.0,1642.0,2593.0
2023-10-26,1644.0,1660.0,1630.0,1640.0,2947.0
2023-10-27,1640.0,1640.0,1600.0,1600.0,980.0
2023-10-30,1602.0,1602.0,1602.0,1602.0,470.0
2023-10-31,1603.0,1640.0,1603.0,1640.0,14.0
2023-11-01,1682.0,1683.0,1660.0,1677.0,157.0
2023-11-02,1670.0,1680.0,1660.0,1680.0,318.0
2023-11-03,1646.0,1680.0,1646.0,1680.0,1799.0
2023-11-07,1684.0,1684.0,1684.0,1684.0,142.0
2023-11-09,1680.0,1680.0,1680.0,1680.0,215.0
2023-11-10,1678.0,1678.0,1645.0,1677.0,51.0
2023-11-13,1677.0,1677.0,1677.0,1677.0,3.0
2023-11-14,1676.0,1676.0,1676.0,1676.0,2100.0
2023-11-15,1670.0,1670.0,1669.0,1669.0,3684.0
2023-11-16,1645.0,1670.0,1645.0,1669.0,2013.0
2023-11-17,1668.0,1668.0,1635.0,1635.0,125.0
2023-11-20,1636.0,1660.0,1635.0,1660.0,84.0
2023-11-21,1660.0,1660.0,1660.0,1660.0,112.0
2023-11-22,1660.0,1668.0,1660.0,1660.0,9032.0
2023-11-24,1660.0,1680.0,1660.0,1680.0,751.0
2023-11-27,1660.0,1660.0,1642.0,1642.0,9020.0
2023-11-28,1680.0,1680.0,1632.0,1632.0,3538.0
2023-11-29,1635.0,1650.0,1632.0,1632.0,2027.0
2023-11-30,1635.0,1640.0,1635.0,1640.0,4947.0
2023-12-01,1640.0,1640.0,1630.0,1630.0,1717.0
2023-12-04,1620.0,1649.0,1600.0,1649.0,46.0
2023-12-05,1680.0,1680.0,1640.0,1640.0,1311.0
2023-12-06,1640.0,1640.0,1615.0,1615.0,2001.0
2023-12-07,1640.0,1650.0,1640.0,1650.0,12633.0
2023-12-08,1650.0,1679.0,1650.0,1679.0,1394.0
2023-12-11,1660.0,1679.0,1660.0,1679.0,9027.0
2023-12-12,1632.0,1695.0,1632.0,1695.0,9352.0
2023-12-13,1698.0,1709.0,1690.0,1700.0,13994.0
2023-12-14,1700.0,1700.0,1698.0,1700.0,2620.0
2023-12-15,1709.0,1709.0,1700.0,1707.0,1254.0
2023-12-18,1708.0,1708.0,1700.0,1700.0,51.0
2023-12-19,1700.0,1705.0,1700.0,1705.0,1166.0
2023-12-20,1710.0,1710.0,1705.0,1710.0,2140.0
2023-12-21,1710.0,1710.0,1705.0,1705.0,1586.0
2023-12-22,1720.0,1720.0,1705.0,1719.0,182.0
2023-12-25,1718.0,1718.0,1718.0,1718.0,2.0
2023-12-26,1715.0,1719.0,1686.0,1686.0,4221.0
2023-12-27,1705.0,1705.0,1705.0,1705.0,5.0
2023-12-28,1700.0,1700.0,1535.0,1535.0,3896.0
2023-12-29,1680.0,1680.0,1670.0,1680.0,12234.0
2024-01-02,1679.0,1680.0,1679.0,1680.0,323.0
2024-01-03,1681.0,1681.0,1665.0,1681.0,202.0
2024-01-04,1707.0,1707.0,1673.0,1677.0,49.0
2024-01-05,1675.0,1710.0,1674.0,1701.0,2746.0
2024-01-08,1718.0,1718.0,1716.0,1717.0,46.0
2024-01-09,1716.0,1717.0,1700.0,1715.0,4258.0
2024-01-10,1717.0,1720.0,1710.0,1720.0,1359.0
2024-01-12,1723.0,1724.0,1700.0,1724.0,1683.0
2024-01-15,1725.0,1728.0,1725.0,1726.0,309.0
2024-01-16,1720.0,1725.0,1710.0,1716.0,2088.0
2024-01-17,1720.0,1730.0,1717.0,1730.0,7573.0
2024-01-18,1738.0,1738.0,1691.0,1691.0,1644.0
2024-01-19,1734.0,1734.0,1728.0,1728.0,1776.0
2024-01-23,1726.0,1750.0,1726.0,1750.0,3588.0
2024-01-24,1760.0,1760.0,1720.0,1720.0,123.0
2024-01-25,1735.0,1749.0,1735.0,1749.0,422.0
2024-01-26,1720.0,1725.0,1710.0,1710.0,2780.0
2024-01-29,1759.0,1759.0,1680.0,1700.0,612.0
2024-01-30,1740.0,1740.0,1700.0,1720.0,3210.0
2024-02-01,1701.0,1705.0,1700.0,1705.0,704.0
2024-02-02,1715.0,1720.0,1703.0,1703.0,1115.0
2024-02-05,1703.0,1703.0,1700.0,1700.0,74.0
2024-02-06,1700.0,1705.0,1690.0,1690.0,1846.0
2024-02-07,1690.0,1720.0,1690.0,1700.0,181.0
2024-02-08,1702.0,1702.0,1702.0,1702.0,3055.0
2024-02-09,1702.0,1720.0,1672.0,1720.0,352.0
2024-02-12,1720.0,1721.0,1720.0,1721.0,2573.0
2024-02-13,1720.0,1720.0,1720.0,1720.0,2.0
2024-02-14,1710.0,1710.0,1710.0,1710.0,1.0
2024-02-15,1720.0,1720.0,1701.0,1714.0,200.0
2024-02-16,1701.0,1715.0,1701.0,1715.0,905.0
2024-02-19,1701.0,1720.0,1700.0,1700.0,378.0
2024-02-20,1719.0,1720.0,1716.0,1716.0,19.0
2024-02-21,1716.0,1716.0,1716.0,1716.0,49.0
2024-02-22,1710.0,1723.0,1705.0,1705.0,2018.0
2024-02-23,1705.0,1723.0,1702.0,1723.0,347.0
2024-02-26,1723.0,1730.0,1723.0,1723.0,5644.0
2024-02-27,1739.0,1739.0,1739.0,1739.0,21.0
2024-02-28,1723.0,1739.0,1723.0,1732.0,8662.0
2024-02-29,1735.0,1735.0,1720.0,1725.0,4567.0
2024-03-01,1725.0,1725.0,1725.0,1725.0,3005.0
2024-03-04,1729.0,1749.0,1729.0,1739.0,14.0
2024-03-05,1709.0,1749.0,1690.0,1749.0,365.0
2024-03-06,1749.0,1759.0,1710.0,1759.0,6618.0
2024-03-07,1750.0,1750.0,1750.0,1750.0,3.0
2024-03-08,1750.0,1750.0,1700.0,1700.0,862.0
2024-03-11,1700.0,1700.0,1700.0,1700.0,1120.0
2024-03-12,1700.0,1700.0,1700.0,1700.0,32.0
2024-03-13,1700.0,1705.0,1700.0,1705.0,80.0
2024-03-14,1710.0,1710.0,1700.0,1710.0,4650.0
2024-03-15,1700.0,1740.0,1700.0,1740.0,2600.0
2024-03-19,1703.0,1730.0,1653.0,1705.0,1833.0
2024-03-20,1740.0,1740.0,1710.0,1710.0,11789.0
2024-03-21,1710.0,1735.0,1710.0,1735.0,457.0
2024-03-22,1735.0,1735.0,1712.0,1715.0,2496.0
2024-03-25,1720.0,1729.0,1720.0,1729.0,101.0
2024-03-26,1721.0,1725.0,1716.0,1716.0,152.0
2024-03-28,1730.0,1730.0,1710.0,1710.0,1963.0
2024-03-29,1690.0,1690.0,1690.0,1690.0,3291.0
2024-04-01,1691.0,1724.0,1650.0,1691.0,4100.0
2024-04-02,1691.0,1700.0,1685.0,1700.0,141.0
2024-04-03,1699.0,1700.0,1686.0,1700.0,2002.0
2024-04-04,1691.0,1691.0,1691.0,1691.0,23.0
2024-04-05,1700.0,1700.0,1700.0,1700.0,987.0
2024-04-08,1701.0,1701.0,1700.0,1701.0,2233.0
2024-04-09,1725.0,1725.0,1705.0,1711.0,14570.0
2024-04-15,1704.0,1725.0,1704.0,1722.0,1457.0
2024-04-16,1725.0,1725.0,1706.0,1706.0,4632.0
2024-04-17,1706.0,1770.0,1706.0,1750.0,18052.0
2024-04-18,1750.0,1765.0,1750.0,1755.0,1260.0
2024-04-19,1745.0,1750.0,1722.0,1750.0,12080.0
2024-04-22,1726.0,1726.0,1726.0,1726.0,12.0
2024-04-23,1722.0,1725.0,1704.0,1725.0,804.0
2024-04-24,1725.0,1735.0,1710.0,1710.0,1343.0
2024-04-25,1710.0,1748.0,1710.0,1748.0,363.0
2024-04-26,1744.0,1748.0,1725.0,1748.0,2129.0
2024-04-29,1748.0,1748.0,1727.0,1747.0,1022.0
2024-04-30,1727.0,1769.0,1727.0,1760.0,4775.0
2024-05-02,1730.0,1762.0,1730.0,1759.0,3210.0
2024-05-03,1750.0,1768.0,1750.0,1768.0,4404.0
2024-05-06,1770.0,1770.0,1750.0,1760.0,244.0
2024-05-07,1759.0,1770.0,1745.0,1750.0,7834.0
2024-05-08,1768.0,1768.0,1751.0,1751.0,3321.0
2024-05-09,1760.0,1785.0,1760.0,1785.0,18631.0
2024-05-10,1780.0,1795.0,1763.0,1763.0,720.0
2024-05-13,1790.0,1790.0,1765.0,1780.0,30365.0
2024-05-14,1790.0,1790.0,1780.0,1780.0,540.0
2024-05-15,1790.0,1790.0,1770.0,1790.0,13263.0
2024-05-16,1781.0,1805.0,1781.0,1800.0,10702.0
2024-05-17,1800.0,1810.0,1786.0,1786.0,4707.0
2024-05-20,1807.0,1830.0,1781.0,1809.0,4944.0
2024-05-21,1846.0,1865.0,1840.0,1865.0,27819.0
2024-05-22,1878.0,1878.0,1870.0,1871.0,3052.0
2024-05-23,1850.0,1859.0,1850.0,1859.0,73.0
2024-05-24,1851.0,1860.0,1801.0,1849.0,3343.0
2024-05-27,1871.0,1871.0,1820.0,1834.0,197.0
2024-05-28,1831.0,1840.0,1782.0,1820.0,432.0
2024-05-29,1829.0,1839.0,1825.0,1839.0,1381.0
2024-05-30,1805.0,1819.0,1780.0,1790.0,6869.0
2024-05-31,1790.0,1790.0,1780.0,1780.0,3103.0
2024-06-03,1775.0,1814.0,1775.0,1775.0,763.0
2024-06-04,1773.0,1810.0,1770.0,1770.0,2647.0
2024-06-05,1771.0,1771.0,1750.0,1750.0,7861.0
2024-06-06,1750.0,1750.0,1750.0,1750.0,3.0
2024-06-07,1755.0,1756.0,1755.0,1756.0,620.0
2024-06-10,1794.0,1800.0,1756.0,1756.0,1552.0
2024-06-11,1800.0,1801.0,1730.0,1797.0,1360.0
2024-06-12,1780.0,1780.0,1780.0,1780.0,802.0
2024-06-13,1780.0,1780.0,1751.0,1751.0,1713.0
2024-06-14,1760.0,1801.0,1760.0,1760.0,2074.0
2024-06-19,1800.0,1800.0,1800.0,1800.0,1.0
2024-06-20,1800.0,1800.0,1800.0,1800.0,470.0
2024-06-21,1800.0,1800.0,1799.0,1799.0,319.0
2024-06-24,1762.0,1799.0,1750.0,1751.0,1774.0
2024-06-25,1795.0,1802.0,1795.0,1802.0,1033.0
2024-06-26,1800.0,1800.0,1800.0,1800.0,100.0
2024-06-27,1800.0,1800.0,1800.0,1800.0,105.0
2024-06-28,1836.0,1836.0,1800.0,1820.0,1956.0
2024-07-01,1849.0,1849.0,1820.0,1820.0,818.0
2024-07-02,1789.0,1789.0,1750.0,1750.0,136.0
2024-07-03,1750.0,1750.0,1750.0,1750.0,174.0
2024-07-04,1725.0,1760.0,1725.0,1760.0,3001.0
2024-07-05,1760.0,1779.0,1725.0,1770.0,2391.0
2024-07-08,1770.0,1770.0,1770.0,1770.0,250.0
2024-07-09,1770.0,1770.0,1750.0,1750.0,124.0
2024-07-10,1750.0,1770.0,1740.0,1770.0,1596.0
2024-07-12,1770.0,1820.0,1750.0,1757.0,2895.0
2024-07-15,1795.0,1795.0,1745.0,1745.0,40.0
2024-07-16,1756.0,1756.0,1756.0,1756.0,392.0
2024-07-17,1760.0,1762.0,1753.0,1762.0,2605.0
2024-07-18,1763.0,1763.0,1755.0,1756.0,1024.0
2024-07-19,1763.0,1805.0,1762.0,1802.0,22150.0
2024-07-22,1800.0,1811.0,1799.0,1811.0,6826.0
2024-07-23,1805.0,1805.0,1800.0,1805.0,315.0
2024-07-24,1811.0,1860.0,1811.0,1859.0,23959.0
2024-07-25,1857.0,1880.0,1850.0,1878.0,20018.0
2024-07-26,1878.0,1880.0,1850.0,1850.0,9721.0
2024-07-29,1877.0,1877.0,1845.0,1845.0,1562.0
2024-07-31,1877.0,1880.0,1869.0,1880.0,788.0
2024-08-02,1850.0,1885.0,1850.0,1880.0,3113.0
2024-08-05,1875.0,1875.0,1769.0,1775.0,4175.0
2024-08-06,1800.0,1849.0,1800.0,1849.0,162.0
2024-08-07,1839.0,1840.0,1839.0,1840.0,15.0
2024-08-08,1820.0,1840.0,1820.0,1840.0,1127.0
2024-08-09,1815.0,1835.0,1815.0,1835.0,3716.0
2024-08-12,1830.0,1835.0,1770.0,1830.0,2612.0
2024-08-13,1829.0,1829.0,1829.0,1829.0,700.0
2024-08-15,1783.0,1840.0,1783.0,1840.0,2032.0
2024-08-16,1840.0,1840.0,1840.0,1840.0,372.0
2024-08-19,1785.0,1840.0,1785.0,1840.0,13.0
2024-08-22,1840.0,1840.0,1788.0,1790.0,1766.0
2024-08-23,1801.0,1820.0,1800.0,1820.0,1078.0
2024-08-26,1790.0,1801.0,1790.0,1793.0,469.0
2024-08-27,1839.0,1839.0,1790.0,1790.0,2304.0
2024-08-28,1836.0,1836.0,1790.0,1790.0,1162.0
2024-08-29,1788.0,1799.0,1760.0,1760.0,904.0
2024-08-30,1760.0,1768.0,1752.0,1768.0,5367.0
2024-09-02,1736.0,1765.0,1736.0,1765.0,171.0
2024-09-03,1761.0,1785.0,1760.0,1785.0,12369.0
2024-09-04,1764.0,1785.0,1764.0,1785.0,1003.0
2024-09-05,1780.0,1799.0,1780.0,1783.0,5874.0
2024-09-06,1785.0,1785.0,1765.0,1765.0,3250.0
2024-09-09,1765.0,1780.0,1764.0,1770.0,951.0
2024-09-10,1770.0,1780.0,1740.0,1740.0,1549.0
2024-09-11,1739.0,1750.0,1735.0,1739.0,9710.0
2024-09-12,1779.0,1779.0,1735.0,1735.0,1505.0
2024-09-13,1760.0,1905.0,1740.0,1879.0,6642.0
2024-09-18,1920.0,1920.0,1860.0,1887.0,1351.0
2024-09-19,1835.0,1884.0,1832.0,1841.0,6630.0
2024-09-20,1834.0,1871.0,1833.0,1865.0,873.0
2024-09-23,1810.0,1860.0,1810.0,1816.0,452.0
2024-09-24,1822.0,1835.0,1819.0,1834.0,287.0
2024-09-25,1820.0,1834.0,1820.0,1834.0,434.0
2024-09-26,1819.0,1840.0,1801.0,1840.0,276.0
2024-09-27,1806.0,1849.0,1806.0,1849.0,1966.0
2024-09-30,1839.0,1839.0,1800.0,1800.0,1316.0
2024-10-01,1792.0,1799.0,1769.0,1769.0,1921.0
2024-10-02,1765.0,1765.0,1740.0,1743.0,10147.0
2024-10-03,1797.0,1797.0,1744.0,1745.0,2405.0
2024-10-04,1790.0,1799.0,1750.0,1799.0,2667.0
2024-10-07,1797.0,1797.0,1780.0,1796.0,1604.0
2024-10-08,1790.0,1797.0,1730.0,1756.0,5688.0
2024-10-09,1797.0,1797.0,1750.0,1750.0,7813.0
2024-10-10,1752.0,1753.0,1752.0,1753.0,35.0
2024-10-11,1750.0,1752.0,1750.0,1750.0,3337.0
2024-10-14,1779.0,1779.0,1750.0,1750.0,2014.0
2024-10-15,1738.0,1738.0,1733.0,1733.0,202.0
2024-10-16,1733.0,1733.0,1720.0,1720.0,2119.0
2024-10-17,1710.0,1790.0,1702.0,1790.0,1001.0
2024-10-18,1737.0,1760.0,1730.0,1760.0,119.0
2024-10-21,1736.0,1736.0,1736.0,1736.0,1003.0
2024-10-22,1748.0,1780.0,1732.0,1780.0,2246.0
2024-10-23,1740.0,1782.0,1740.0,1782.0,1674.0
2024-10-25,1760.0,1773.0,1736.0,1773.0,15615.0
2024-10-28,1775.0,1780.0,1775.0,1780.0,11728.0
2024-10-29,1780.0,1828.0,1780.0,1828.0,6757.0
2024-10-30,1828.0,1828.0,1774.0,1781.0,1008.0
2024-10-31,1824.0,1824.0,1800.0,1800.0,8080.0
2024-11-01,1800.0,1820.0,1751.0,1800.0,8457.0
2024-11-05,1810.0,1810.0,1810.0,1810.0,2.0
2024-11-07,1780.0,1830.0,1780.0,1830.0,2356.0
2024-11-08,1830.0,1850.0,1830.0,1850.0,11798.0
2024-11-11,1850.0,1850.0,1816.0,1830.0,1655.0
2024-11-12,1830.0,1830.0,1830.0,1830.0,6510.0
2024-11-13,1831.0,1831.0,1830.0,1830.0,75.0
2024-11-14,1850.0,1920.0,1844.0,1920.0,31405.0
2024-11-15,1930.0,1955.0,1900.0,1950.0,20638.0
2024-11-19,1980.0,1995.0,1951.0,1985.0,1877.0
2024-11-20,1990.0,2047.0,1985.0,2002.0,1315.0
2024-11-21,2002.0,2034.0,1986.0,1986.0,674.0
2024-11-25,2017.0,2017.0,1970.0,1981.0,312.0
2024-11-26,1982.0,2000.0,1982.0,2000.0,1228.0
2024-11-27,2000.0,2000.0,1982.0,2000.0,2188.0
2024-11-28,2013.0,2013.0,1983.0,2000.0,3522.0
2024-11-29,1990.0,2000.0,1980.0,1999.0,3076.0
2024-12-02,2000.0,2000.0,1925.0,1930.0,19508.0
2024-12-03,1930.0,1987.0,1930.0,1987.0,11.0
2024-12-04,1994.0,1995.0,1984.0,1984.0,36.0
2024-12-05,1930.0,1980.0,1930.0,1935.0,38.0
2024-12-06,1935.0,1936.0,1935.0,1936.0,58.0
2024-12-09,1935.0,1950.0,1935.0,1950.0,2527.0
2024-12-10,1984.0,1984.0,1931.0,1936.0,4095.0
2024-12-11,1980.0,1983.0,1940.0,1940.0,375.0
2024-12-12,1941.0,1942.0,1925.0,1930.0,3651.0
2024-12-13,1926.0,1935.0,1925.0,1925.0,2843.0
2024-12-16,1925.0,1949.0,1902.0,1949.0,1731.0
2024-12-17,1949.0,1949.0,1911.0,1911.0,2449.0
2024-12-18,1909.0,1965.0,1872.0,1965.0,551.0
2024-12-19,1960.0,2015.0,1911.0,1911.0,903.0
2024-12-20,1911.0,1925.0,1911.0,1925.0,5706.0
2024-12-23,1925.0,1925.0,1925.0,1925.0,75.0
2024-12-24,1924.0,1924.0,1924.0,1924.0,101.0
2024-12-25,1922.0,1922.0,1910.0,1910.0,1872.0
2024-12-26,1910.0,1910.0,1909.0,1909.0,1270.0
2024-12-27,1903.0,1920.0,1901.0,1920.0,4459.0
2024-12-30,1920.0,1920.0,1920.0,1920.0,856.0
2024-12-31,1925.0,1925.0,1880.0,1880.0,13061.0
2025-01-02,1882.0,1887.0,1881.0,1886.0,3255.0
2025-01-03,1915.0,1941.0,1900.0,1930.0,22041.0
2025-01-06,1996.0,1996.0,1940.0,1944.0,6915.0
2025-01-07,1944.0,1944.0,1932.0,1932.0,182.0
2025-01-08,1944.0,1970.0,1944.0,1950.0,9362.0
2025-01-09,1970.0,1970.0,1940.0,1940.0,5809.0
2025-01-10,1931.0,1940.0,1930.0,1936.0,11711.0
2025-01-13,1936.0,1970.0,1920.0,1970.0,3477.0
2025-01-15,1960.0,1960.0,1930.0,1930.0,1210.0
2025-01-16,1931.0,1931.0,1926.0,1928.0,2259.0
2025-01-17,1928.0,1962.0,1915.0,1915.0,3963.0
2025-01-20,1963.0,1963.0,1915.0,1915.0,1230.0
2025-01-21,1958.0,1958.0,1901.0,1905.0,2196.0
2025-01-22,1939.0,1939.0,1900.0,1900.0,4788.0
2025-01-23,1887.0,1925.0,1887.0,1920.0,6049.0
2025-01-24,1925.0,1925.0,1895.0,1895.0,9731.0
2025-01-27,1928.0,1928.0,1890.0,1913.0,16.0
2025-01-28,1913.0,1915.0,1899.0,1899.0,192.0
2025-01-29,1910.0,1913.0,1894.0,1901.0,5767.0
2025-01-30,1901.0,1934.0,1900.0,1920.0,1486.0
2025-01-31,1937.0,1937.0,1890.0,1900.0,10820.0
2025-02-03,1920.0,1934.0,1900.0,1928.0,738.0
2025-02-04,1905.0,1923.0,1900.0,1903.0,6631.0
2025-02-05,1928.0,1928.0,1903.0,1903.0,1124.0
2025-02-06,1927.0,1928.0,1903.0,1903.0,3038.0
2025-02-07,1903.0,1905.0,1898.0,1899.0,3660.0
2025-02-10,1877.0,1915.0,1861.0,1899.0,67066.0
2025-02-11,1913.0,1913.0,1870.0,1870.0,1165.0
2025-02-12,1869.0,1948.0,1869.0,1900.0,8521.0
2025-02-13,1931.0,1931.0,1900.0,1900.0,217.0
2025-02-14,1900.0,1900.0,1885.0,1885.0,1782.0
2025-02-17,1900.0,1928.0,1891.0,1895.0,5592.0
2025-02-18,1892.0,1915.0,1892.0,1894.0,198.0
2025-02-19,1920.0,1920.0,1892.0,1895.0,7159.0
2025-02-20,1927.0,1927.0,1890.0,1890.0,4904.0
2025-02-21,1887.0,1920.0,1887.0,1899.0,17977.0
2025-02-24,1910.0,1910.0,1875.0,1900.0,9629.0
2025-02-25,1904.0,1904.0,1875.0,1900.0,7054.0
2025-02-26,1900.0,1910.0,1880.0,1910.0,4233.0
2025-02-27,1900.0,1918.0,1900.0,1900.0,2685.0
2025-02-28,1900.0,1915.0,1871.0,1915.0,23532.0
2025-03-03,1881.0,1910.0,1881.0,1910.0,2418.0
2025-03-04,1920.0,2024.0,1920.0,2008.0,592.0
2025-03-05,1970.0,1970.0,1932.0,1963.0,11052.0
2025-03-06,1978.0,1979.0,1969.0,1978.0,415.0
2025-03-07,1974.0,1974.0,1901.0,1901.0,13021.0
2025-03-10,1910.0,1911.0,1910.0,1911.0,20.0
2025-03-11,1946.0,1946.0,1905.0,1905.0,4284.0
2025-03-12,1901.0,1901.0,1860.0,1899.0,1528.0
2025-03-13,1890.0,1920.0,1880.0,1889.0,2345.0
2025-03-14,1889.0,1915.0,1889.0,1915.0,11788.0
2025-03-17,1875.0,1900.0,1875.0,1900.0,2883.0
2025-03-18,1890.0,1900.0,1890.0,1900.0,3700.0
2025-03-19,1900.0,1920.0,1900.0,1910.0,20284.0
2025-03-20,1915.0,1978.0,1875.0,1875.0,6999.0
2025-03-21,1919.0,1970.0,1900.0,1970.0,12056.0
2025-03-24,1916.0,1918.0,1896.0,1910.0,4878.0
2025-03-25,1917.0,1917.0,1904.0,1905.0,8538.0
2025-03-26,1909.0,1940.0,1905.0,1909.0,4260.0
2025-03-27,1923.0,1923.0,1901.0,1920.0,1084.0
2025-03-28,1892.0,1940.0,1892.0,1940.0,8466.0
2025-04-02,1940.0,1940.0,1885.0,1932.0,104.0
2025-04-03,1931.0,1931.0,1880.0,1900.0,1903.0
2025-04-04,1880.0,1928.0,1880.0,1890.0,2297.0
2025-04-07,1851.0,1855.0,1710.0,1710.0,1077.0
2025-04-08,1741.0,1874.0,1741.0,1828.0,2830.0
2025-04-09,1828.0,1839.0,1780.0,1800.0,2206.0
2025-04-10,1879.0,1880.0,1850.0,1850.0,7571.0
2025-04-11,1830.0,1870.0,1730.0,1730.0,7010.0
2025-04-14,1862.0,1862.0,1849.0,1849.0,174.0
2025-04-15,1849.0,1861.0,1848.0,1861.0,308.0
2025-04-16,1872.0,1888.0,1867.0,1888.0,2623.0
2025-04-17,1890.0,1890.0,1888.0,1890.0,19.0
2025-04-18,1860.0,1890.0,1860.0,1865.0,6474.0
2025-04-21,1860.0,1865.0,1860.0,1865.0,4007.0
2025-04-22,1884.0,1884.0,1864.0,1865.0,2077.0
2025-04-23,1866.0,1866.0,1864.0,1865.0,5980.0
2025-04-24,1870.0,1870.0,1864.0,1865.0,3497.0
2025-04-25,1866.0,1880.0,1865.0,1880.0,849.0
2025-04-28,1867.0,1884.0,1865.0,1875.0,1753.0
2025-04-29,1869.0,1887.0,1856.0,1856.0,4763.0
2025-04-30,1861.0,1865.0,1861.0,1865.0,3280.0
2025-05-02,1887.0,1890.0,1856.0,1890.0,516.0
2025-05-05,1872.0,1897.0,1872.0,1875.0,76.0
2025-05-06,1873.0,1880.0,1873.0,1880.0,1674.0
2025-05-07,1896.0,1920.0,1896.0,1920.0,2592.0
2025-05-08,1930.0,1939.0,1910.0,1930.0,4292.0
2025-05-09,1928.0,1960.0,1910.0,1960.0,4872.0
2025-05-12,1960.0,2046.0,1960.0,1999.0,4248.0
2025-05-13,1990.0,1999.0,1975.0,1984.0,4653.0
2025-05-14,1952.0,1980.0,1946.0,1979.0,2260.0
2025-05-15,1950.0,1961.0,1950.0,1960.0,7231.0
2025-05-16,1955.0,1955.0,1911.0,1911.0,6687.0
2025-05-19,1920.0,1925.0,1920.0,1925.0,500.0
2025-05-20,1920.0,1950.0,1920.0,1950.0,51.0
2025-05-21,1921.0,1950.0,1891.0,1948.0,259.0
2025-05-22,1906.0,2000.0,1906.0,1956.0,2454.0
2025-05-23,1989.0,1990.0,1930.0,1930.0,7081.0
2025-05-26,1931.0,1985.0,1930.0,1955.0,1051.0
2025-05-27,1960.0,1970.0,1960.0,1970.0,1100.0
2025-05-28,1960.0,1980.0,1945.0,1945.0,4433.0
2025-05-29,1950.0,1950.0,1902.0,1930.0,2005.0
2025-05-30,1940.0,1945.0,1930.0,1945.0,8946.0
2025-06-02,1958.0,1988.0,1945.0,1988.0,4201.0
2025-06-03,1980.0,2050.0,1935.0,1985.0,2987.0
2025-06-04,2035.0,2138.0,2000.0,2064.0,16370.0
2025-06-05,2089.0,2089.0,1980.0,1980.0,29916.0
2025-06-06,2063.0,2063.0,1980.0,2030.0,5187.0
2025-06-10,2029.0,2030.0,1998.0,1998.0,2276.0
2025-06-11,1991.0,1998.0,1980.0,1998.0,1800.0
2025-06-12,1999.0,2000.0,1978.0,1980.0,918.0
2025-06-13,1912.0,1930.0,1910.0,1930.0,3344.0
2025-06-16,1930.0,1930.0,1915.0,1922.0,119.0
2025-06-17,1948.0,1948.0,1930.0,1930.0,76.0
2025-06-18,1928.0,1928.0,1900.0,1900.0,1899.0
2025-06-19,1901.0,1901.0,1900.0,1900.0,3.0
2025-06-20,1866.0,1915.0,1866.0,1915.0,42545.0
2025-06-23,1890.0,1915.0,1890.0,1890.0,643.0
2025-06-24,1932.0,2000.0,1932.0,1993.0,5396.0
2025-06-25,1991.0,1992.0,1970.0,1970.0,4232.0
2025-06-26,1968.0,1990.0,1965.0,1970.0,958.0
2025-06-30,1994.0,2050.0,1937.0,2050.0,8255.0
2025-07-01,2049.0,2099.0,2010.0,2099.0,2065.0
2025-07-02,2100.0,2100.0,2023.0,2100.0,2822.0
2025-07-03,2100.0,2128.0,2065.0,2065.0,8030.0
2025-07-04,2066.0,2066.0,2060.0,2065.0,6156.0
2025-07-07,2095.0,2100.0,2025.0,2100.0,2693.0
2025-07-08,2032.0,2070.0,2032.0,2065.0,2246.0
2025-07-09,2065.0,2100.0,2051.0,2100.0,1758.0
2025-07-10,2056.0,2065.0,2051.0,2056.0,4769.0
2025-07-11,2064.0,2065.0,2057.0,2065.0,3300.0
2025-07-14,2056.0,2100.0,2056.0,2098.0,87.0
2025-07-15,2110.0,2110.0,2065.0,2098.0,259.0
2025-07-16,2056.0,2125.0,2056.0,2125.0,74.0
2025-07-17,2110.0,2150.0,2065.0,2150.0,4835.0
2025-07-18,2110.0,2110.0,2060.0,2060.0,2224.0
2025-07-21,2120.0,2120.0,2053.0,2099.0,67.0
2025-07-22,2099.0,2099.0,2099.0,2099.0,7.0
2025-07-23,2096.0,2116.0,2087.0,2099.0,1787.0
2025-07-24,2099.0,2099.0,2015.0,2084.0,883.0
2025-07-25,2065.0,2065.0,2050.0,2064.0,2805.0
2025-07-28,2050.0,2050.0,2010.0,2050.0,2040.0
2025-07-29,2050.0,2050.0,2020.0,2040.0,2431.0
2025-07-31,2020.0,2076.0,2020.0,2060.0,136.0
2025-08-01,2073.0,2073.0,2012.0,2012.0,1142.0
2025-08-04,2069.0,2070.0,2025.0,2025.0,3641.0
2025-08-05,2013.0,2030.0,2010.0,2030.0,1322.0
2025-08-06,2025.0,2029.0,2025.0,2029.0,102.0
2025-08-07,2025.0,2030.0,2012.0,2012.0,1650.0
2025-08-08,2016.0,2025.0,2016.0,2019.0,147.0
2025-08-11,2028.0,2029.0,2024.0,2024.0,1202.0
2025-08-12,2029.0,2029.0,2024.0,2024.0,461.0
2025-08-13,2024.0,2025.0,2023.0,2025.0,1971.0
2025-08-15,2029.0,2029.0,2000.0,2003.0,5378.0
2025-08-18,2028.0,2040.0,2010.0,2010.0,645.0
2025-08-19,1986.0,2019.0,1985.0,1985.0,1898.0
2025-08-22,1986.0,2040.0,1986.0,2040.0,56.0
2025-08-25,2000.0,2040.0,2000.0,2040.0,7383.0
2025-08-26,2040.0,2088.0,2039.0,2060.0,22423.0
2025-08-27,2065.0,2150.0,2060.0,2129.0,19236.0
2025-08-28,2159.0,2179.0,2110.0,2110.0,8322.0
2025-08-29,2146.0,2146.0,2100.0,2100.0,1332.0
2025-09-01,2100.0,2100.0,2065.0,2098.0,1155.0
2025-09-02,2100.0,2100.0,2068.0,2070.0,41.0
2025-09-03,2075.0,2097.0,2070.0,2070.0,3007.0
2025-09-04,2070.0,2070.0,2065.0,2065.0,308.0
2025-09-08,2069.0,2070.0,2020.0,2020.0,3213.0
2025-09-09,2019.0,2023.0,1950.0,1950.0,4250.0
2025-09-10,2010.0,2030.0,2003.0,2030.0,8242.0
2025-09-11,2030.0,2030.0,2000.0,2000.0,614.0
2025-09-12,2000.0,2040.0,1980.0,1980.0,5844.0
2025-09-15,1980.0,1981.0,1950.0,1950.0,130.0
2025-09-16,1950.0,1970.0,1950.0,1970.0,817.0
2025-09-17,1960.0,1960.0,1920.0,1920.0,2149.0
2025-09-18,1949.0,1969.0,1949.0,1969.0,993.0
2025-09-19,1969.0,2150.0,1969.0,2150.0,3884.0
2025-09-22,2130.0,2130.0,2068.0,2068.0,9241.0
2025-09-23,2080.0,2080.0,1950.0,1950.0,4094.0
2025-09-24,2140.0,2140.0,2011.0,2046.0,14875.0
2025-09-25,2027.0,2050.0,2020.0,2050.0,7401.0
2025-09-26,2065.0,2065.0,2049.0,2049.0,8353.0
2025-09-29,1992.0,2039.0,1980.0,1980.0,2529.0
2025-09-30,1955.0,2050.0,1950.0,2050.0,14456.0
2025-10-01,1960.0,2040.0,1900.0,1900.0,8662.0
2025-10-02,1900.0,1979.0,1850.0,1979.0,5221.0
2025-10-03,1960.0,2038.0,1960.0,1980.0,4377.0
2025-10-06,2023.0,2031.0,1981.0,2000.0,580.0
2025-10-07,2010.0,2010.0,1950.0,1950.0,1171.0
2025-10-08,1950.0,1950.0,1942.0,1942.0,6464.0
2025-10-09,1936.0,1949.0,1936.0,1949.0,27.0
2025-10-10,1948.0,1950.0,1940.0,1940.0,5998.0
2025-10-13,1941.0,1960.0,1941.0,1950.0,915.0
2025-10-14,1935.0,1935.0,1900.0,1900.0,3546.0
2025-10-15,1900.0,1998.0,1895.0,1900.0,5756.0
2025-10-16,1989.0,1989.0,1989.0,1989.0,7.0
2025-10-17,1989.0,2025.0,1920.0,1920.0,3303.0
2025-10-20,2020.0,2020.0,2020.0,2020.0,16.0
2025-10-21,2020.0,2035.0,1990.0,2029.0,1156.0
2025-10-22,2002.0,2035.0,2001.0,2035.0,3768.0
2025-10-23,2035.0,2035.0,2003.0,2003.0,127.0
2025-10-24,2003.0,2020.0,2003.0,2020.0,4563.0
2025-10-27,2035.0,2035.0,2000.0,2000.0,3267.0
2025-10-28,2000.0,2010.0,2000.0,2007.0,4280.0
2025-10-29,2010.0,2020.0,2004.0,2004.0,4130.0
2025-10-30,2010.0,2010.0,2010.0,2010.0,6293.0
2025-10-31,2022.0,2040.0,2000.0,2000.0,2141.0
2025-11-03,2050.0,2050.0,2003.0,2010.0,4577.0
2025-11-04,2045.0,2049.0,2045.0,2045.0,60.0
2025-11-05,2050.0,2050.0,2003.0,2047.0,4739.0
2025-11-07,2000.0,2000.0,2000.0,2000.0,83.0
2025-11-10,1991.0,2039.0,1991.0,2010.0,103.0
2025-11-11,1955.0,1955.0,1955.0,1955.0,500.0
2025-11-12,1955.0,1955.0,1930.0,1930.0,28500.0
2025-11-13,1932.0,1939.0,1930.0,1930.0,3425.0
2025-11-14,1950.0,1950.0,1910.0,1910.0,5356.0
2025-11-17,2029.0,2029.0,1910.0,1910.0,783.0
2025-11-19,1911.0,1911.0,1901.0,1901.0,4111.0
2025-11-20,1903.0,1958.0,1900.0,1900.0,1318.0
2025-11-21,1901.0,1910.0,1900.0,1900.0,4457.0
2025-11-24,1947.0,1947.0,1905.0,1940.0,104.0
2025-11-25,1947.0,1947.0,1905.0,1905.0,657.0
2025-11-26,1946.0,1946.0,1880.0,1880.0,333.0
2025-11-27,1885.0,1938.0,1885.0,1910.0,342.0
2025-11-28,1910.0,1910.0,1900.0,1900.0,3159.0
2025-12-01,1930.0,1950.0,1930.0,1947.0,6.0
2025-12-02,1900.0,1945.0,1891.0,1920.0,117.0
2025-12-03,1891.0,1909.0,1891.0,1909.0,6125.0
2025-12-04,1901.0,1901.0,1895.0,1896.0,369.0
2025-12-05,1945.0,1945.0,1881.0,1881.0,36337.0
2025-12-08,1880.0,1900.0,1880.0,1900.0,26.0
2025-12-09,1900.0,1900.0,1880.0,1880.0,754.0
2025-12-10,1881.0,1885.0,1881.0,1885.0,9.0
2025-12-11,1885.0,1885.0,1885.0,1885.0,473.0
2025-12-12,1900.0,1934.0,1850.0,1850.0,2743.0
2025-12-15,1900.0,1919.0,1862.0,1875.0,3249.0
2025-12-16,1900.0,1900.0,1875.0,1875.0,805.0
2025-12-17,1899.0,1899.0,1864.0,1880.0,342.0
2025-12-18,1929.0,1929.0,1865.0,1865.0,530.0
2025-12-19,1866.0,1880.0,1866.0,1870.0,7985.0
2025-12-22,1870.0,1870.0,1860.0,1860.0,682.0
2025-12-23,1860.0,1900.0,1850.0,1852.0,178.0
2025-12-24,1860.0,1866.0,1800.0,1800.0,4053.0
2025-12-25,1800.0,1849.0,1800.0,1811.0,2077.0
2025-12-26,1847.0,1847.0,1810.0,1810.0,13074.0
2025-12-29,1845.0,1845.0,1760.0,1810.0,1501.0
2025-12-30,1781.0,1820.0,1781.0,1820.0,4479.0
2025-12-31,1840.0,1850.0,1801.0,1850.0,10255.0
2026-01-02,1935.0,1935.0,1850.0,1868.0,8461.0
2026-01-05,1927.0,1927.0,1870.0,1880.0,6481.0
2026-01-06,1890.0,1899.0,1870.0,1880.0,2001.0
2026-01-07,1917.0,1917.0,1845.0,1889.0,4829.0
2026-01-08,1892.0,1894.0,1850.0,1850.0,218.0
2026-01-09,1879.0,1879.0,1810.0,1848.0,11159.0
2026-01-12,1845.0,1850.0,1840.0,1849.0,3883.0
2026-01-13,1894.0,1894.0,1823.0,1823.0,2181.0
2026-01-15,1848.0,1850.0,1821.0,1850.0,370.0
2026-01-16,1869.0,1869.0,1800.0,1800.0,5280.0
2026-01-19,1839.0,1839.0,1780.0,1800.0,3529.0
2026-01-20,1832.0,1832.0,1790.0,1790.0,853.0
2026-01-21,1825.0,1825.0,1770.0,1770.0,529.0
2026-01-22,1824.0,1824.0,1750.0,1750.0,3959.0
2026-01-23,1798.0,1799.0,1750.0,1750.0,25703.0
2026-01-26,1795.0,1795.0,1702.0,1722.0,1005.0
2026-01-27,1740.0,1750.0,1740.0,1745.0,9144.0
2026-01-28,1749.0,1780.0,1730.0,1745.0,5421.0
2026-01-29,1777.0,1777.0,1740.0,1740.0,2651.0
2026-01-30,1779.0,1779.0,1727.0,1727.0,3476.0
2026-02-02,1721.0,1740.0,1720.0,1739.0,3080.0
2026-02-03,1739.0,1743.0,1720.0,1720.0,2866.0
2026-02-04,1775.0,1775.0,1720.0,1720.0,2715.0
2026-02-05,1740.0,1740.0,1716.0,1716.0,7183.0
2026-02-06,1716.0,1737.0,1686.0,1737.0,6846.0
2026-02-09,1764.0,1764.0,1720.0,1753.0,2155.0
2026-02-10,1764.0,1765.0,1750.0,1754.0,340.0
2026-02-11,1753.0,1753.0,1749.0,1750.0,8527.0
2026-02-12,1752.0,1788.0,1730.0,1788.0,6422.0
2026-02-13,1760.0,1786.0,1750.0,1758.0,10465.0
2026-02-16,1758.0,1798.0,1754.0,1798.0,11809.0
2026-02-17,1799.0,1800.0,1761.0,1800.0,67.0
2026-02-18,1798.0,1798.0,1765.0,1797.0,4025.0
2026-02-19,1795.0,1795.0,1790.0,1790.0,2031.0
2026-02-20,1794.0,1794.0,1762.0,1784.0,8385.0
2026-02-23,1763.0,1799.0,1763.0,1797.0,31.0
2026-02-24,1794.0,1794.0,1769.0,1769.0,5703.0
2026-02-25,1770.0,1770.0,1765.0,1765.0,1010.0
2026-02-26,1786.0,1786.0,1750.0,1750.0,5430.0
2026-02-27,1730.0,1740.0,1706.0,1706.0,15517.0
2026-03-02,1675.0,1706.0,1650.0,1654.0,6546.0
2026-03-03,1789.0,1789.0,1600.0,1617.0,10484.0
2026-03-04,1694.0,1700.0,1650.0,1650.0,538.0
2026-03-05,1716.0,1716.0,1661.0,1679.0,8757.0
2026-03-06,1697.0,1700.0,1673.0,1673.0,8189.0
2026-03-09,1649.0,1649.0,1600.0,1600.0,795.0
2026-03-10,1694.0,1694.0,1600.0,1600.0,4863.0
2026-03-11,1604.0,1750.0,1604.0,1706.0,9453.0
2026-03-12,1760.0,1760.0,1707.0,1722.0,8713.0
2026-03-13,1730.0,1730.0,1697.0,1697.0,6775.0
2026-03-16,1662.0,1710.0,1662.0,1690.0,1533.0
2026-03-17,1690.0,1705.0,1690.0,1695.0,10286.0
2026-03-18,1739.0,1800.0,1739.0,1790.0,1181.0
2026-03-19,1715.0,1730.0,1705.0,1730.0,6844.0
2026-03-24,1749.0,1749.0,1700.0,1700.0,2728.0
2026-03-25,1720.0,1754.0,1720.0,1754.0,3108.0
2026-03-26,1760.0,1770.0,1750.0,1750.0,6457.0
2026-03-27,1760.0,1760.0,1711.0,1711.0,4595.0
