Time,Open,High,Low,Close,Volume
2012-03-26,2250.0,2250.0,2248.0,2250.0,25.0
2012-03-27,2249.0,2249.0,2200.0,2249.0,34.0
2012-03-28,2249.0,2249.0,2115.0,2249.0,9.0
2012-03-29,2249.0,2249.0,2130.0,2249.0,10.0
2012-03-30,2214.0,2214.0,2116.0,2214.0,1552.0
2012-04-02,2107.0,2127.0,2100.0,2107.0,1201.0
2012-04-03,2220.0,2220.0,2220.0,2220.0,1.0
2012-04-05,2088.0,2107.0,2088.0,2088.0,392.0
2012-04-06,1970.0,2078.0,1970.0,1970.0,2466.0
2012-04-09,1956.0,1980.0,1956.0,1956.0,15.0
2012-04-13,1870.0,2068.0,1856.0,1870.0,782.0
2012-04-16,1950.0,1950.0,1783.0,1950.0,410.0
2012-04-17,1949.0,1949.0,1853.0,1949.0,102.0
2012-04-18,1957.0,1957.0,1957.0,1957.0,1.0
2012-04-19,1979.0,1980.0,1978.0,1979.0,15.0
2012-04-23,1969.0,1969.0,1969.0,1969.0,15.0
2012-04-24,1969.0,1969.0,1900.0,1969.0,29.0
2012-04-26,1974.0,1974.0,1900.0,1974.0,111.0
2012-04-27,1856.0,1901.0,1856.0,1856.0,350.0
2012-04-30,1948.0,1948.0,1948.0,1948.0,5.0
2012-05-02,1920.0,1920.0,1920.0,1920.0,3.0
2012-05-03,1910.0,1910.0,1806.0,1910.0,95.0
2012-05-04,1910.0,1910.0,1910.0,1910.0,25.0
2012-05-08,1899.0,1899.0,1899.0,1899.0,10.0
2012-05-09,1920.0,1920.0,1890.0,1920.0,85.0
2012-05-10,1930.0,1930.0,1930.0,1930.0,1.0
2012-05-11,1815.0,1815.0,1815.0,1815.0,322.0
2012-05-14,1870.0,1870.0,1870.0,1870.0,6.0
2012-05-15,1850.0,1850.0,1850.0,1850.0,45.0
2012-05-16,1800.0,1800.0,1800.0,1800.0,289.0
2012-05-17,1800.0,1800.0,1800.0,1800.0,10.0
2012-05-18,1817.0,1817.0,1780.0,1817.0,33.0
2012-05-21,1818.0,1818.0,1710.0,1818.0,39.0
2012-05-22,1809.0,1809.0,1809.0,1809.0,1.0
2012-05-23,1780.0,1780.0,1720.0,1780.0,23.0
2012-05-24,1804.0,1804.0,1720.0,1804.0,20.0
2012-05-25,1800.0,1810.0,1755.0,1800.0,2356.0
2012-05-28,1740.0,1808.0,1740.0,1740.0,51.0
2012-05-29,1750.0,1770.0,1722.0,1750.0,89.0
2012-05-30,1799.0,1799.0,1720.0,1799.0,16.0
2012-05-31,1800.0,1800.0,1800.0,1800.0,10.0
2012-06-01,1800.0,1800.0,1771.0,1800.0,148.0
2012-06-04,1786.0,1786.0,1721.0,1786.0,64.0
2012-06-05,1796.0,1796.0,1721.0,1796.0,60.0
2012-06-06,1780.0,1780.0,1780.0,1780.0,8.0
2012-06-07,1690.0,1725.0,1690.0,1690.0,254.0
2012-06-08,1750.0,1750.0,1692.0,1750.0,18.0
2012-06-11,1747.0,1747.0,1747.0,1747.0,2.0
2012-06-12,1680.0,1680.0,1675.0,1680.0,1045.0
2012-06-13,1724.0,1724.0,1661.0,1724.0,65.0
2012-06-14,1716.0,1716.0,1672.0,1716.0,9.0
2012-06-15,1745.0,1745.0,1744.0,1745.0,5.0
2012-06-18,1738.0,1738.0,1738.0,1738.0,3.0
2012-06-19,1702.0,1702.0,1685.0,1702.0,20.0
2012-06-20,1733.0,1733.0,1724.0,1733.0,46.0
2012-06-21,1750.0,1750.0,1676.0,1750.0,1013.0
2012-06-22,1800.0,1800.0,1750.0,1800.0,101.0
2012-06-25,1790.0,1799.0,1790.0,1790.0,14.0
2012-06-27,1700.0,1700.0,1700.0,1700.0,1.0
2012-06-28,1790.0,1790.0,1780.0,1790.0,21.0
2012-06-29,1789.0,1800.0,1789.0,1789.0,14157.0
2012-07-03,1850.0,1850.0,1850.0,1850.0,1.0
2012-07-06,1739.0,1745.0,1739.0,1739.0,14.0
2012-07-09,1735.0,1740.0,1660.0,1735.0,21.0
2012-07-10,1729.0,1729.0,1729.0,1729.0,13995.0
2012-07-11,1730.0,1730.0,1730.0,1730.0,16.0
2012-07-12,1719.0,1719.0,1667.0,1719.0,6.0
2012-07-17,1730.0,1730.0,1719.0,1730.0,9.0
2012-07-19,1700.0,1729.0,1700.0,1700.0,36.0
2012-07-20,1702.0,1702.0,1702.0,1702.0,396.0
2012-07-27,1700.0,1700.0,1700.0,1700.0,40.0
2012-08-01,1750.0,1750.0,1749.0,1750.0,2.0
2012-08-03,1720.0,1747.0,1720.0,1720.0,1702.0
2012-08-06,1700.0,1700.0,1686.0,1700.0,365.0
2012-08-07,1700.0,1745.0,1700.0,1700.0,21.0
2012-08-08,1652.0,1690.0,1652.0,1652.0,64.0
2012-08-09,1720.0,1720.0,1720.0,1720.0,5.0
2012-08-13,1733.0,1739.0,1733.0,1733.0,17.0
2012-08-16,1660.0,1660.0,1660.0,1660.0,55.0
2012-08-17,1718.0,1718.0,1718.0,1718.0,2.0
2012-08-27,1655.0,1655.0,1655.0,1655.0,1.0
2012-08-29,1719.0,1719.0,1719.0,1719.0,5.0
2012-08-31,1699.0,1699.0,1699.0,1699.0,72.0
2012-09-05,1700.0,1700.0,1700.0,1700.0,20.0
2012-09-06,1699.0,1699.0,1650.0,1699.0,87.0
2012-09-07,1650.0,1650.0,1650.0,1650.0,74.0
2012-09-10,1695.0,1695.0,1695.0,1695.0,1.0
2012-09-11,1695.0,1695.0,1695.0,1695.0,12.0
2012-09-12,1695.0,1695.0,1695.0,1695.0,146.0
2012-09-14,1714.0,1715.0,1651.0,1714.0,91.0
2012-09-17,1715.0,1715.0,1715.0,1715.0,207.0
2012-09-18,1713.0,1713.0,1660.0,1713.0,195.0
2012-09-20,1700.0,1700.0,1700.0,1700.0,4.0
2012-09-21,1598.0,1672.0,1598.0,1598.0,4033.0
2012-09-24,1595.0,1595.0,1553.0,1595.0,103.0
2012-09-25,1595.0,1635.0,1525.0,1595.0,2874.0
2012-09-26,1595.0,1595.0,1595.0,1595.0,13.0
2012-09-27,1590.0,1590.0,1590.0,1590.0,1507.0
2012-09-28,1590.0,1590.0,1590.0,1590.0,400.0
2012-10-03,1579.0,1579.0,1520.0,1579.0,625.0
2012-10-04,1550.0,1550.0,1512.0,1550.0,104.0
2012-10-05,1524.0,1575.0,1524.0,1524.0,280.0
2012-10-08,1548.0,1550.0,1548.0,1548.0,215.0
2012-10-15,1539.0,1539.0,1539.0,1539.0,20.0
2012-10-17,1520.0,1520.0,1500.0,1520.0,31.0
2012-10-18,1520.0,1545.0,1460.0,1520.0,424.0
2012-10-19,1480.0,1480.0,1480.0,1480.0,166.0
2012-10-22,1520.0,1520.0,1519.0,1520.0,5.0
2012-10-23,1520.0,1520.0,1519.0,1520.0,3250.0
2012-10-24,1465.0,1500.0,1465.0,1465.0,602.0
2012-10-25,1460.0,1504.0,1460.0,1460.0,100.0
2012-10-29,1503.0,1503.0,1503.0,1503.0,1.0
2012-10-30,1430.0,1430.0,1430.0,1430.0,182.0
2012-10-31,1503.0,1503.0,1503.0,1503.0,6.0
2012-11-02,1543.0,1543.0,1498.0,1543.0,38.0
2012-11-08,1538.0,1541.0,1451.0,1538.0,15820.0
2012-11-13,1490.0,1490.0,1490.0,1490.0,75.0
2012-11-14,1490.0,1490.0,1490.0,1490.0,300.0
2012-11-15,1493.0,1493.0,1490.0,1493.0,134.0
2012-11-19,1460.0,1550.0,1460.0,1460.0,691.0
2012-11-20,1544.0,1544.0,1460.0,1544.0,20.0
2012-11-21,1474.0,1474.0,1474.0,1474.0,74.0
2012-11-22,1476.0,1500.0,1476.0,1476.0,289.0
2012-11-23,1540.0,1540.0,1500.0,1540.0,76.0
2012-11-26,1500.0,1539.0,1500.0,1500.0,1750.0
2012-11-27,1500.0,1500.0,1500.0,1500.0,410.0
2012-11-28,1500.0,1560.0,1500.0,1500.0,1054.0
2012-11-29,1500.0,1502.0,1500.0,1500.0,80.0
2012-11-30,1505.0,1548.0,1505.0,1505.0,294.0
2012-12-03,1595.0,1595.0,1510.0,1595.0,42.0
2012-12-04,1594.0,1594.0,1527.0,1594.0,36.0
2012-12-05,1650.0,1650.0,1595.0,1650.0,215.0
2012-12-06,1605.0,1606.0,1600.0,1605.0,132.0
2012-12-07,1521.0,1605.0,1521.0,1521.0,691.0
2012-12-10,1521.0,1521.0,1521.0,1521.0,1.0
2012-12-11,1550.0,1580.0,1540.0,1550.0,2736.0
2012-12-12,1550.0,1579.0,1550.0,1550.0,1018.0
2012-12-13,1545.0,1579.0,1545.0,1545.0,292.0
2012-12-14,1543.0,1543.0,1542.0,1543.0,97.0
2012-12-17,1545.0,1545.0,1543.0,1545.0,6.0
2012-12-18,1520.0,1520.0,1520.0,1520.0,204.0
2012-12-19,1520.0,1520.0,1512.0,1520.0,169.0
2012-12-20,1544.0,1544.0,1544.0,1544.0,2.0
2012-12-21,1460.0,1529.0,1460.0,1460.0,2717.0
2012-12-24,1500.0,1500.0,1500.0,1500.0,2516.0
2012-12-25,1530.0,1530.0,1470.0,1530.0,22.0
2012-12-26,1470.0,1470.0,1470.0,1470.0,40.0
2012-12-27,1430.0,1470.0,1430.0,1430.0,491.0
2012-12-28,1420.0,1490.0,1408.0,1420.0,8989.0
2012-12-31,1480.0,1480.0,1412.0,1480.0,8756.0
2013-01-02,1478.0,1478.0,1395.0,1478.0,114.0
2013-01-03,1470.0,1480.0,1470.0,1470.0,7.0
2013-01-04,1410.0,1411.0,1405.0,1410.0,198.0
2013-01-07,1400.0,1410.0,1400.0,1400.0,36.0
2013-01-08,1393.0,1393.0,1393.0,1393.0,106.0
2013-01-09,1370.0,1370.0,1370.0,1370.0,88.0
2013-01-10,1365.0,1373.0,1365.0,1365.0,69.0
2013-01-14,1330.0,1363.0,1330.0,1330.0,123.0
2013-01-15,1375.0,1375.0,1300.0,1375.0,802.0
2013-01-16,1298.0,1330.0,1298.0,1298.0,1042.0
2013-01-17,1320.0,1320.0,1319.0,1320.0,31.0
2013-01-18,1349.0,1388.0,1300.0,1349.0,853.0
2013-01-21,1310.0,1320.0,1310.0,1310.0,227.0
2013-01-22,1330.0,1330.0,1330.0,1330.0,938.0
2013-01-29,1390.0,1390.0,1330.0,1390.0,389.0
2013-01-30,1459.0,1459.0,1398.0,1459.0,28.0
2013-01-31,1420.0,1459.0,1420.0,1420.0,2940.0
2013-02-01,1505.0,1505.0,1499.0,1505.0,722.0
2013-02-05,1575.0,1575.0,1514.0,1575.0,187.0
2013-02-06,1580.0,1580.0,1570.0,1580.0,7936.0
2013-02-07,1670.0,1670.0,1590.0,1670.0,1830.0
2013-02-08,1640.0,1709.0,1621.0,1640.0,2126.0
2013-02-11,1660.0,1670.0,1620.0,1660.0,6.0
2013-02-12,1640.0,1659.0,1620.0,1640.0,2171.0
2013-02-13,1642.0,1659.0,1642.0,1642.0,747.0
2013-02-14,1640.0,1643.0,1640.0,1640.0,1009.0
2013-02-18,1640.0,1640.0,1630.0,1640.0,4047.0
2013-02-19,1640.0,1695.0,1621.0,1640.0,14.0
2013-02-20,1700.0,1700.0,1621.0,1700.0,5264.0
2013-02-21,1700.0,1718.0,1700.0,1700.0,550.0
2013-02-22,1690.0,1718.0,1690.0,1718.0,3.0
2013-02-25,1718.0,1800.0,1718.0,1800.0,2630.0
2013-02-26,1800.0,1908.0,1766.0,1880.0,4549.0
2013-02-28,1847.0,1900.0,1847.0,1900.0,30.0
2013-03-01,1790.0,1900.0,1790.0,1790.0,289.0
2013-03-04,1684.0,1890.0,1684.0,1839.0,46.0
2013-03-05,1800.0,1800.0,1780.0,1799.0,46.0
2013-03-06,1798.0,1800.0,1798.0,1800.0,79.0
2013-03-07,1710.0,1710.0,1710.0,1710.0,700.0
2013-03-08,1701.0,1705.0,1700.0,1705.0,6191.0
2013-03-11,1778.0,1798.0,1778.0,1798.0,3.0
2013-03-12,1695.0,1695.0,1695.0,1695.0,21.0
2013-03-13,1750.0,1779.0,1750.0,1779.0,6.0
2013-03-18,1720.0,1720.0,1720.0,1720.0,530.0
2013-03-19,1778.0,1823.0,1778.0,1819.0,4839.0
2013-03-20,1880.0,1899.0,1740.0,1870.0,1657.0
2013-03-25,1890.0,1890.0,1890.0,1890.0,5.0
2013-03-28,2269.0,2269.0,2140.0,2150.0,6154.0
2013-03-29,2118.0,2150.0,2082.0,2148.0,579.0
2013-04-01,2150.0,2150.0,2145.0,2145.0,2119.0
2013-04-02,2238.0,2269.0,2201.0,2240.0,35990.0
2013-04-03,2249.0,2249.0,2201.0,2201.0,380.0
2013-04-04,2220.0,2240.0,2210.0,2235.0,415.0
2013-04-05,2239.0,2239.0,2167.0,2179.0,59.0
2013-04-08,2200.0,2200.0,2180.0,2200.0,599.0
2013-04-09,2181.0,2181.0,2180.0,2180.0,44.0
2013-04-10,2180.0,2181.0,2150.0,2150.0,1716.0
2013-04-11,2152.0,2152.0,2152.0,2152.0,1.0
2013-04-12,2152.0,2152.0,2122.0,2150.0,822.0
2013-04-15,2150.0,2150.0,2136.0,2140.0,78.0
2013-04-16,2160.0,2160.0,2144.0,2144.0,298.0
2013-04-17,2150.0,2150.0,2140.0,2150.0,1209.0
2013-04-18,2150.0,2151.0,2150.0,2150.0,520.0
2013-04-19,2150.0,2150.0,2150.0,2150.0,13.0
2013-04-22,2200.0,2220.0,2198.0,2200.0,12131.0
2013-04-23,2200.0,2200.0,2170.0,2199.0,5630.0
2013-04-24,2200.0,2200.0,2199.0,2199.0,2119.0
2013-04-25,2198.0,2198.0,2171.0,2171.0,59.0
2013-04-26,2190.0,2190.0,2190.0,2190.0,40.0
2013-04-29,2198.0,2198.0,2180.0,2198.0,14.0
2013-04-30,2198.0,2240.0,2198.0,2240.0,2046.0
2013-05-02,2150.0,2248.0,2150.0,2248.0,110.0
2013-05-03,2185.0,2185.0,2185.0,2185.0,60.0
2013-05-06,2190.0,2190.0,2190.0,2190.0,206.0
2013-05-07,2240.0,2240.0,2191.0,2191.0,302.0
2013-05-08,2237.0,2237.0,2229.0,2229.0,20.0
2013-05-09,2230.0,2240.0,2230.0,2239.0,144.0
2013-05-10,2211.0,2242.0,2211.0,2239.0,116.0
2013-05-13,2230.0,2230.0,2200.0,2200.0,1403.0
2013-05-14,2210.0,2210.0,2150.0,2150.0,326.0
2013-05-15,2151.0,2218.0,2125.0,2139.0,3898.0
2013-05-16,1536.0,1594.0,1536.0,1536.0,4622.0
2013-05-17,1575.0,1575.0,1480.0,1480.0,424.0
2013-05-20,1475.0,1530.0,1475.0,1530.0,11.0
2013-05-21,1444.0,1529.0,1444.0,1500.0,10.0
2013-05-22,1490.0,1500.0,1410.0,1410.0,35.0
2013-05-23,1410.0,1410.0,1331.0,1331.0,28.0
2013-05-24,1330.0,1409.0,1290.0,1409.0,103.0
2013-05-27,1468.0,1493.0,1341.0,1493.0,30.0
2013-05-28,1493.0,1558.0,1493.0,1558.0,254.0
2013-05-29,1559.0,1559.0,1550.0,1556.0,2152.0
2013-05-30,1500.0,1545.0,1500.0,1545.0,226.0
2013-05-31,1510.0,1549.0,1475.0,1548.0,324.0
2013-06-03,1540.0,1548.0,1540.0,1548.0,16.0
2013-06-04,1500.0,1500.0,1500.0,1500.0,50.0
2013-06-05,1539.0,1539.0,1539.0,1539.0,8.0
2013-06-06,1501.0,1530.0,1500.0,1530.0,175.0
2013-06-07,1500.0,1546.0,1492.0,1546.0,90.0
2013-06-10,1530.0,1530.0,1530.0,1530.0,25.0
2013-06-14,1520.0,1520.0,1520.0,1520.0,500.0
2013-06-17,1500.0,1500.0,1460.0,1462.0,30.0
2013-06-18,1453.0,1453.0,1445.0,1445.0,173.0
2013-06-19,1444.0,1445.0,1401.0,1401.0,37.0
2013-06-20,1405.0,1420.0,1401.0,1420.0,59.0
2013-06-21,1420.0,1440.0,1405.0,1405.0,1092.0
2013-06-24,1406.0,1480.0,1405.0,1480.0,13924.0
2013-06-26,1470.0,1499.0,1470.0,1499.0,302.0
2013-06-28,1422.0,1493.0,1411.0,1493.0,336.0
2013-07-01,1420.0,1420.0,1420.0,1420.0,70.0
2013-07-02,1408.0,1449.0,1404.0,1449.0,13.0
2013-07-05,1406.0,1406.0,1399.0,1400.0,645.0
2013-07-08,1400.0,1439.0,1400.0,1439.0,3.0
2013-07-09,1400.0,1400.0,1400.0,1400.0,21.0
2013-07-10,1439.0,1460.0,1439.0,1460.0,99.0
2013-07-12,1403.0,1403.0,1403.0,1403.0,16.0
2013-07-16,1449.0,1485.0,1404.0,1404.0,46.0
2013-07-17,1460.0,1485.0,1460.0,1485.0,3.0
2013-07-18,1485.0,1485.0,1485.0,1485.0,4.0
2013-07-19,1484.0,1485.0,1484.0,1485.0,6.0
2013-07-23,1485.0,1485.0,1485.0,1485.0,5.0
2013-07-24,1480.0,1480.0,1480.0,1480.0,3.0
2013-07-25,1485.0,1485.0,1421.0,1421.0,13.0
2013-07-26,1480.0,1488.0,1480.0,1488.0,6126.0
2013-07-29,1488.0,1544.0,1488.0,1544.0,238.0
2013-07-31,1545.0,1545.0,1545.0,1545.0,4.0
2013-08-01,1543.0,1543.0,1543.0,1543.0,13.0
2013-08-05,1541.0,1541.0,1541.0,1541.0,1.0
2013-08-12,1540.0,1541.0,1450.0,1450.0,42.0
2013-08-13,1520.0,1520.0,1520.0,1520.0,2.0
2013-08-16,1500.0,1545.0,1500.0,1545.0,600.0
2013-08-27,1486.0,1486.0,1486.0,1486.0,10.0
2013-08-29,1493.0,1493.0,1491.0,1491.0,66.0
2013-09-02,1528.0,1528.0,1528.0,1528.0,5.0
2013-09-03,1472.0,1472.0,1472.0,1472.0,21.0
2013-09-04,1480.0,1480.0,1480.0,1480.0,331.0
2013-09-05,1470.0,1470.0,1470.0,1470.0,54.0
2013-09-06,1470.0,1470.0,1470.0,1470.0,2.0
2013-09-09,1475.0,1475.0,1470.0,1470.0,100.0
2013-09-11,1480.0,1514.0,1473.0,1510.0,72.0
2013-09-12,1473.0,1480.0,1420.0,1470.0,300.0
2013-09-13,1490.0,1519.0,1490.0,1518.0,47.0
2013-09-16,1516.0,1516.0,1516.0,1516.0,7.0
2013-09-17,1500.0,1500.0,1500.0,1500.0,10.0
2013-09-20,1435.0,1485.0,1412.0,1413.0,5815.0
2013-09-23,1412.0,1412.0,1412.0,1412.0,20.0
2013-09-24,1412.0,1484.0,1411.0,1484.0,9.0
2013-09-26,1416.0,1458.0,1416.0,1458.0,16.0
2013-09-27,1430.0,1450.0,1375.0,1450.0,1231.0
2013-09-30,1449.0,1449.0,1449.0,1449.0,14.0
2013-10-01,1400.0,1411.0,1400.0,1400.0,5860.0
2013-10-02,1400.0,1400.0,1400.0,1400.0,1644.0
2013-10-03,1400.0,1406.0,1400.0,1405.0,513.0
2013-10-04,1440.0,1470.0,1440.0,1470.0,3325.0
2013-10-07,1488.0,1515.0,1488.0,1515.0,504.0
2013-10-08,1500.0,1549.0,1500.0,1549.0,5294.0
2013-10-09,1550.0,1589.0,1520.0,1520.0,1077.0
2013-10-10,1520.0,1580.0,1520.0,1569.0,58.0
2013-10-11,1530.0,1530.0,1501.0,1501.0,1747.0
2013-10-14,1548.0,1548.0,1548.0,1548.0,2.0
2013-10-23,1550.0,1558.0,1500.0,1500.0,92.0
2013-10-24,1506.0,1550.0,1506.0,1536.0,4311.0
2013-10-25,1522.0,1558.0,1522.0,1557.0,105.0
2013-10-28,1559.0,1630.0,1557.0,1630.0,3281.0
2013-10-29,1650.0,1705.0,1630.0,1689.0,2640.0
2013-10-30,1648.0,1648.0,1648.0,1648.0,8.0
2013-10-31,1640.0,1660.0,1637.0,1660.0,47.0
2013-11-01,1680.0,1680.0,1620.0,1678.0,466.0
2013-11-04,1688.0,1688.0,1688.0,1688.0,10.0
2013-11-08,1678.0,1678.0,1678.0,1678.0,20.0
2013-11-11,1624.0,1682.0,1624.0,1682.0,8.0
2013-11-13,1628.0,1660.0,1600.0,1660.0,91.0
2013-11-14,1665.0,1665.0,1600.0,1600.0,7920.0
2013-11-15,1568.0,1649.0,1568.0,1591.0,312.0
2013-11-19,1638.0,1640.0,1638.0,1640.0,3.0
2013-11-20,1600.0,1600.0,1600.0,1600.0,2.0
2013-11-21,1600.0,1648.0,1600.0,1605.0,97.0
2013-11-22,1605.0,1605.0,1600.0,1600.0,300.0
2013-11-25,1600.0,1600.0,1600.0,1600.0,110.0
2013-11-26,1590.0,1590.0,1590.0,1590.0,280.0
2013-11-27,1590.0,1590.0,1575.0,1575.0,5464.0
2013-11-28,1598.0,1598.0,1575.0,1575.0,41.0
2013-11-29,1575.0,1575.0,1575.0,1575.0,507.0
2013-12-02,1576.0,1576.0,1576.0,1576.0,492.0
2013-12-03,1575.0,1575.0,1574.0,1574.0,1950.0
2013-12-04,1585.0,1585.0,1585.0,1585.0,2.0
2013-12-06,1512.0,1570.0,1506.0,1506.0,544.0
2013-12-09,1506.0,1510.0,1502.0,1502.0,56.0
2013-12-10,1575.0,1575.0,1575.0,1575.0,2.0
2013-12-11,1583.0,1583.0,1583.0,1583.0,15.0
2013-12-12,1575.0,1575.0,1575.0,1575.0,36.0
2013-12-13,1575.0,1575.0,1575.0,1575.0,15.0
2013-12-16,1568.0,1568.0,1568.0,1568.0,115.0
2013-12-17,1520.0,1560.0,1520.0,1560.0,113.0
2013-12-18,1531.0,1531.0,1520.0,1520.0,842.0
2013-12-19,1525.0,1580.0,1525.0,1580.0,80.0
2013-12-20,1559.0,1559.0,1550.0,1550.0,6.0
2013-12-23,1514.0,1590.0,1514.0,1572.0,20438.0
2013-12-24,1521.0,1560.0,1520.0,1560.0,527.0
2013-12-26,1550.0,1550.0,1550.0,1550.0,6.0
2013-12-27,1545.0,1545.0,1520.0,1520.0,166.0
2013-12-30,1520.0,1520.0,1518.0,1518.0,24.0
2013-12-31,1520.0,1520.0,1515.0,1515.0,551.0
2014-01-02,1516.0,1516.0,1516.0,1516.0,1.0
2014-01-03,1550.0,1550.0,1500.0,1500.0,23.0
2014-01-07,1502.0,1502.0,1500.0,1500.0,598.0
2014-01-08,1500.0,1500.0,1500.0,1500.0,6500.0
2014-01-09,1548.0,1548.0,1548.0,1548.0,1.0
2014-01-10,1461.0,1461.0,1461.0,1461.0,342.0
2014-01-16,1500.0,1500.0,1500.0,1500.0,138.0
2014-01-20,1538.0,1538.0,1538.0,1538.0,1.0
2014-01-21,1480.0,1480.0,1480.0,1480.0,2000.0
2014-01-22,1483.0,1483.0,1483.0,1483.0,1.0
2014-01-23,1535.0,1540.0,1535.0,1539.0,686.0
2014-01-24,1534.0,1534.0,1534.0,1534.0,968.0
2014-01-28,1534.0,1534.0,1534.0,1534.0,10.0
2014-01-29,1534.0,1534.0,1533.0,1533.0,12.0
2014-01-30,1510.0,1510.0,1500.0,1500.0,3194.0
2014-01-31,1500.0,1500.0,1480.0,1482.0,3291.0
2014-02-03,1483.0,1520.0,1483.0,1520.0,505.0
2014-02-04,1518.0,1518.0,1518.0,1518.0,25.0
2014-02-05,1519.0,1520.0,1519.0,1520.0,84.0
2014-02-06,1490.0,1520.0,1490.0,1520.0,25.0
2014-02-07,1501.0,1501.0,1501.0,1501.0,28.0
2014-02-10,1489.0,1495.0,1489.0,1495.0,15.0
2014-02-11,1491.0,1501.0,1491.0,1500.0,19.0
2014-02-12,1490.0,1500.0,1466.0,1495.0,6506.0
2014-02-13,1495.0,1495.0,1495.0,1495.0,28.0
2014-02-14,1495.0,1495.0,1475.0,1475.0,11.0
2014-02-17,1475.0,1475.0,1460.0,1470.0,142.0
2014-02-18,1470.0,1500.0,1470.0,1500.0,100.0
2014-02-19,1500.0,1500.0,1499.0,1499.0,5621.0
2014-02-20,1500.0,1500.0,1477.0,1477.0,152.0
2014-02-21,1482.0,1482.0,1482.0,1482.0,583.0
2014-02-24,1470.0,1500.0,1470.0,1500.0,51.0
2014-02-25,1500.0,1500.0,1450.0,1450.0,90.0
2014-02-26,1500.0,1500.0,1420.0,1427.0,92.0
2014-02-27,1494.0,1500.0,1494.0,1500.0,10.0
2014-03-03,1500.0,1534.0,1500.0,1500.0,11830.0
2014-03-04,1530.0,1569.0,1530.0,1569.0,107.0
2014-03-05,1620.0,1620.0,1550.0,1550.0,1109.0
2014-03-06,1538.0,1549.0,1501.0,1535.0,6775.0
2014-03-07,1550.0,1599.0,1550.0,1550.0,347.0
2014-03-10,1590.0,1598.0,1550.0,1590.0,555.0
2014-03-11,1554.0,1642.0,1554.0,1642.0,7162.0
2014-03-12,1600.0,1647.0,1580.0,1600.0,3027.0
2014-03-13,1594.0,1600.0,1590.0,1600.0,248.0
2014-03-14,1600.0,1600.0,1600.0,1600.0,45.0
2014-03-17,1637.0,1637.0,1628.0,1629.0,33.0
2014-03-18,1625.0,1669.0,1625.0,1636.0,2567.0
2014-03-19,1645.0,1645.0,1621.0,1630.0,62.0
2014-03-20,1613.0,1628.0,1610.0,1628.0,161.0
2014-03-21,1605.0,1654.0,1605.0,1649.0,360.0
2014-03-24,1613.0,1645.0,1613.0,1630.0,691.0
2014-03-25,1631.0,1650.0,1630.0,1630.0,302.0
2014-03-26,1626.0,1649.0,1625.0,1630.0,256.0
2014-03-27,1630.0,1645.0,1610.0,1620.0,574.0
2014-03-28,1643.0,1643.0,1605.0,1640.0,551.0
2014-03-31,1677.0,1725.0,1661.0,1690.0,4242.0
2014-04-01,1695.0,1695.0,1666.0,1685.0,287.0
2014-04-02,1687.0,1687.0,1675.0,1675.0,148.0
2014-04-03,1675.0,1687.0,1671.0,1687.0,50.0
2014-04-04,1675.0,1675.0,1650.0,1668.0,640.0
2014-04-08,1652.0,1673.0,1652.0,1652.0,156.0
2014-04-09,1655.0,1655.0,1610.0,1610.0,1605.0
2014-04-10,1650.0,1657.0,1650.0,1657.0,63.0
2014-04-11,1650.0,1663.0,1650.0,1663.0,59.0
2014-04-14,1640.0,1640.0,1640.0,1640.0,2.0
2014-04-15,1659.0,1659.0,1606.0,1606.0,53.0
2014-04-16,1654.0,1654.0,1652.0,1652.0,6.0
2014-04-21,1621.0,1646.0,1621.0,1646.0,3.0
2014-04-22,1646.0,1647.0,1646.0,1647.0,31.0
2014-04-23,1648.0,1648.0,1648.0,1648.0,6.0
2014-04-24,1640.0,1646.0,1635.0,1646.0,2003.0
2014-04-28,1648.0,1648.0,1647.0,1647.0,17.0
2014-04-29,1647.0,1647.0,1636.0,1636.0,258.0
2014-04-30,1644.0,1644.0,1605.0,1605.0,1469.0
2014-05-02,1636.0,1636.0,1602.0,1636.0,42.0
2014-05-05,1639.0,1639.0,1637.0,1637.0,77.0
2014-05-06,1616.0,1620.0,1612.0,1612.0,1627.0
2014-05-07,1613.0,1633.0,1612.0,1633.0,317.0
2014-05-08,1636.0,1636.0,1615.0,1615.0,103.0
2014-05-09,1635.0,1635.0,1620.0,1620.0,5838.0
2014-05-12,1635.0,1635.0,1620.0,1621.0,81.0
2014-05-13,1634.0,1634.0,1616.0,1619.0,857.0
2014-05-14,1617.0,1620.0,1616.0,1620.0,224.0
2014-05-15,1625.0,1625.0,1600.0,1620.0,1308.0
2014-05-16,1615.0,1615.0,1601.0,1601.0,7.0
2014-05-19,1595.0,1620.0,1590.0,1620.0,378.0
2014-05-20,1615.0,1618.0,1615.0,1618.0,74.0
2014-05-21,1618.0,1618.0,1618.0,1618.0,49.0
2014-05-22,1602.0,1618.0,1601.0,1601.0,50.0
2014-05-23,1603.0,1614.0,1603.0,1614.0,33.0
2014-05-26,1614.0,1614.0,1613.0,1613.0,126.0
2014-05-27,1604.0,1613.0,1600.0,1613.0,479.0
2014-05-28,1615.0,1699.0,1615.0,1690.0,6099.0
2014-05-29,1701.0,1709.0,1691.0,1700.0,2551.0
2014-05-30,1699.0,1699.0,1690.0,1690.0,85.0
2014-06-02,1699.0,1700.0,1670.0,1689.0,1353.0
2014-06-03,1675.0,1690.0,1666.0,1686.0,1763.0
2014-06-04,1686.0,1686.0,1600.0,1651.0,1062.0
2014-06-05,1534.0,1534.0,1468.0,1499.0,1314.0
2014-06-06,1499.0,1499.0,1415.0,1470.0,510.0
2014-06-09,1470.0,1470.0,1465.0,1465.0,607.0
2014-06-10,1421.0,1460.0,1420.0,1426.0,64.0
2014-06-11,1463.0,1470.0,1430.0,1450.0,113.0
2014-06-12,1470.0,1470.0,1440.0,1450.0,1801.0
2014-06-13,1450.0,1450.0,1450.0,1450.0,38.0
2014-06-16,1425.0,1445.0,1412.0,1440.0,95.0
2014-06-17,1440.0,1445.0,1439.0,1444.0,55.0
2014-06-18,1445.0,1445.0,1444.0,1444.0,65.0
2014-06-20,1444.0,1444.0,1430.0,1430.0,9.0
2014-06-23,1431.0,1432.0,1427.0,1430.0,173.0
2014-06-24,1430.0,1430.0,1400.0,1411.0,15230.0
2014-06-25,1401.0,1411.0,1387.0,1411.0,608.0
2014-06-26,1439.0,1439.0,1400.0,1431.0,148.0
2014-06-27,1440.0,1445.0,1400.0,1400.0,514.0
2014-06-30,1440.0,1445.0,1440.0,1445.0,82.0
2014-07-01,1435.0,1435.0,1435.0,1435.0,20.0
2014-07-04,1405.0,1435.0,1405.0,1435.0,51.0
2014-07-11,1407.0,1407.0,1407.0,1407.0,5.0
2014-07-14,1406.0,1406.0,1400.0,1400.0,380.0
2014-07-15,1427.0,1431.0,1427.0,1431.0,300.0
2014-07-16,1431.0,1440.0,1431.0,1440.0,16.0
2014-07-17,1439.0,1439.0,1439.0,1439.0,10.0
2014-07-18,1431.0,1431.0,1431.0,1431.0,10.0
2014-07-21,1439.0,1439.0,1439.0,1439.0,2.0
2014-07-22,1439.0,1450.0,1430.0,1450.0,1012.0
2014-07-23,1450.0,1450.0,1450.0,1450.0,50.0
2014-07-24,1480.0,1480.0,1480.0,1480.0,180.0
2014-07-25,1478.0,1480.0,1478.0,1480.0,115.0
2014-07-31,1490.0,1495.0,1490.0,1495.0,5.0
2014-08-01,1480.0,1495.0,1480.0,1495.0,23.0
2014-08-05,1480.0,1480.0,1480.0,1480.0,4.0
2014-08-07,1482.0,1482.0,1482.0,1482.0,6.0
2014-08-08,1482.0,1482.0,1460.0,1460.0,249.0
2014-08-11,1482.0,1482.0,1482.0,1482.0,1.0
2014-08-12,1482.0,1482.0,1482.0,1482.0,3.0
2014-08-13,1482.0,1482.0,1482.0,1482.0,1.0
2014-08-15,1482.0,1482.0,1471.0,1471.0,10.0
2014-08-18,1482.0,1492.0,1482.0,1492.0,3.0
2014-08-19,1471.0,1471.0,1460.0,1460.0,292.0
2014-08-22,1470.0,1470.0,1460.0,1460.0,91.0
2014-08-25,1460.0,1509.0,1460.0,1509.0,59.0
2014-08-26,1530.0,1530.0,1530.0,1530.0,20.0
2014-08-28,1531.0,1531.0,1530.0,1530.0,159.0
2014-09-01,1500.0,1524.0,1500.0,1524.0,22.0
2014-09-03,1480.0,1525.0,1480.0,1525.0,60.0
2014-09-04,1524.0,1524.0,1524.0,1524.0,20.0
2014-09-05,1501.0,1501.0,1500.0,1500.0,288.0
2014-09-08,1523.0,1523.0,1523.0,1523.0,251.0
2014-09-09,1520.0,1550.0,1506.0,1550.0,692.0
2014-09-10,1575.0,1589.0,1520.0,1589.0,510.0
2014-09-11,1557.0,1598.0,1494.0,1494.0,896.0
2014-09-15,1495.0,1550.0,1460.0,1519.0,114.0
2014-09-16,1500.0,1500.0,1494.0,1494.0,65.0
2014-09-17,1510.0,1510.0,1510.0,1510.0,15.0
2014-09-18,1517.0,1517.0,1509.0,1509.0,3.0
2014-09-19,1481.0,1495.0,1449.0,1477.0,155.0
2014-09-22,1490.0,1490.0,1452.0,1452.0,21.0
2014-09-23,1490.0,1495.0,1405.0,1477.0,1074.0
2014-09-24,1407.0,1444.0,1407.0,1440.0,26.0
2014-09-25,1410.0,1440.0,1410.0,1440.0,40.0
2014-09-26,1407.0,1434.0,1400.0,1430.0,991.0
2014-09-29,1435.0,1435.0,1400.0,1400.0,229.0
2014-09-30,1390.0,1425.0,1360.0,1425.0,383.0
2014-10-01,1380.0,1420.0,1370.0,1420.0,64.0
2014-10-07,1380.0,1417.0,1370.0,1417.0,143.0
2014-10-08,1391.0,1417.0,1379.0,1417.0,4.0
2014-10-09,1380.0,1417.0,1370.0,1417.0,76.0
2014-10-10,1410.0,1410.0,1380.0,1380.0,7.0
2014-10-13,1381.0,1417.0,1370.0,1372.0,1075.0
2014-10-14,1417.0,1417.0,1361.0,1405.0,96.0
2014-10-15,1365.0,1365.0,1365.0,1365.0,46.0
2014-10-16,1394.0,1394.0,1365.0,1365.0,777.0
2014-10-17,1412.0,1412.0,1370.0,1370.0,357.0
2014-10-20,1362.0,1362.0,1360.0,1361.0,250.0
2014-10-21,1402.0,1402.0,1363.0,1363.0,7.0
2014-10-22,1365.0,1404.0,1360.0,1404.0,196.0
2014-10-24,1397.0,1397.0,1397.0,1397.0,73.0
2014-10-28,1395.0,1395.0,1350.0,1350.0,281.0
2014-10-29,1350.0,1350.0,1340.0,1340.0,522.0
2014-10-30,1341.0,1350.0,1340.0,1350.0,796.0
2014-10-31,1350.0,1350.0,1333.0,1349.0,186.0
2014-11-03,1338.0,1360.0,1338.0,1360.0,102.0
2014-11-04,1341.0,1343.0,1331.0,1331.0,576.0
2014-11-05,1325.0,1325.0,1311.0,1311.0,37.0
2014-11-07,1320.0,1320.0,1311.0,1311.0,267.0
2014-11-10,1303.0,1303.0,1303.0,1303.0,35.0
2014-11-11,1303.0,1303.0,1250.0,1297.0,348.0
2014-11-12,1289.0,1289.0,1262.0,1262.0,57.0
2014-11-13,1265.0,1281.0,1263.0,1263.0,108.0
2014-11-14,1264.0,1264.0,1262.0,1262.0,10.0
2014-11-17,1284.0,1284.0,1262.0,1270.0,38.0
2014-11-19,1308.0,1308.0,1280.0,1304.0,39.0
2014-11-20,1271.0,1271.0,1271.0,1271.0,60.0
2014-11-21,1295.0,1300.0,1275.0,1275.0,1690.0
2014-11-24,1275.0,1275.0,1275.0,1275.0,100.0
2014-11-26,1270.0,1270.0,1252.0,1252.0,439.0
2014-11-27,1271.0,1272.0,1266.0,1266.0,25.0
2014-11-28,1273.0,1273.0,1265.0,1265.0,106.0
2014-12-02,1275.0,1275.0,1275.0,1275.0,40.0
2014-12-04,1280.0,1280.0,1280.0,1280.0,8.0
2014-12-05,1275.0,1275.0,1265.0,1265.0,49.0
2014-12-08,1270.0,1270.0,1270.0,1270.0,13.0
2014-12-09,1260.0,1260.0,1206.0,1220.0,687.0
2014-12-10,1270.0,1270.0,1220.0,1220.0,247.0
2014-12-11,1250.0,1250.0,1250.0,1250.0,1000.0
2014-12-17,1215.0,1215.0,1200.0,1200.0,66.0
2014-12-18,1200.0,1200.0,1200.0,1200.0,13.0
2014-12-19,1265.0,1265.0,1249.0,1249.0,1467.0
2014-12-22,1249.0,1249.0,1205.0,1205.0,98.0
2014-12-24,1201.0,1201.0,1201.0,1201.0,136.0
2014-12-25,1207.0,1245.0,1203.0,1245.0,137.0
2014-12-26,1203.0,1294.0,1203.0,1294.0,757.0
2014-12-29,1236.0,1236.0,1217.0,1217.0,50.0
2014-12-30,1264.0,1264.0,1221.0,1221.0,18.0
2014-12-31,1209.0,1209.0,1209.0,1209.0,21.0
2015-01-02,1209.0,1209.0,1209.0,1209.0,50.0
2015-01-06,1264.0,1264.0,1264.0,1264.0,5.0
2015-01-09,1275.0,1280.0,1275.0,1280.0,436.0
2015-01-12,1289.0,1289.0,1289.0,1289.0,26.0
2015-01-13,1271.0,1280.0,1271.0,1280.0,77.0
2015-01-14,1289.0,1289.0,1280.0,1280.0,2433.0
2015-01-15,1275.0,1275.0,1270.0,1270.0,82.0
2015-01-16,1270.0,1270.0,1270.0,1270.0,269.0
2015-01-19,1270.0,1279.0,1270.0,1279.0,11.0
2015-01-20,1279.0,1280.0,1279.0,1280.0,40.0
2015-01-21,1265.0,1265.0,1260.0,1260.0,1220.0
2015-01-22,1260.0,1260.0,1260.0,1260.0,4.0
2015-01-23,1260.0,1260.0,1260.0,1260.0,113.0
2015-01-29,1259.0,1259.0,1259.0,1259.0,625.0
2015-01-30,1260.0,1285.0,1250.0,1285.0,16695.0
2015-02-02,1286.0,1286.0,1286.0,1286.0,2.0
2015-02-04,1290.0,1340.0,1260.0,1340.0,480.0
2015-02-05,1301.0,1310.0,1301.0,1310.0,10.0
2015-02-06,1305.0,1310.0,1270.0,1270.0,119.0
2015-02-09,1280.0,1300.0,1280.0,1300.0,172.0
2015-02-10,1300.0,1300.0,1300.0,1300.0,489.0
2015-02-11,1310.0,1320.0,1310.0,1310.0,325.0
2015-02-12,1300.0,1300.0,1299.0,1299.0,117.0
2015-02-13,1285.0,1290.0,1271.0,1271.0,582.0
2015-02-16,1319.0,1319.0,1294.0,1295.0,35.0
2015-02-17,1285.0,1285.0,1285.0,1285.0,1200.0
2015-02-18,1271.0,1271.0,1271.0,1271.0,5.0
2015-02-19,1299.0,1300.0,1295.0,1295.0,934.0
2015-02-20,1275.0,1275.0,1221.0,1255.0,626.0
2015-02-23,1250.0,1250.0,1250.0,1250.0,53.0
2015-02-24,1200.0,1200.0,1175.0,1195.0,255.0
2015-02-25,1192.0,1196.0,1192.0,1196.0,81.0
2015-02-26,1200.0,1267.0,1200.0,1267.0,109.0
2015-02-27,1200.0,1200.0,1200.0,1200.0,2156.0
2015-03-02,1218.0,1220.0,1200.0,1200.0,70.0
2015-03-03,1220.0,1220.0,1200.0,1200.0,26.0
2015-03-04,1200.0,1200.0,1200.0,1200.0,15.0
2015-03-05,1200.0,1200.0,1186.0,1200.0,65.0
2015-03-06,1150.0,1190.0,1150.0,1156.0,19674.0
2015-03-10,1151.0,1156.0,1151.0,1156.0,35.0
2015-03-11,1157.0,1157.0,1150.0,1150.0,536.0
2015-03-12,1152.0,1152.0,1150.0,1150.0,25.0
2015-03-13,1156.0,1156.0,1150.0,1150.0,25.0
2015-03-17,1150.0,1207.0,1130.0,1207.0,27.0
2015-03-19,1150.0,1198.0,1150.0,1198.0,9474.0
2015-03-23,1180.0,1180.0,1180.0,1180.0,20.0
2015-03-24,1209.0,1250.0,1185.0,1185.0,725.0
2015-03-25,1244.0,1256.0,1226.0,1256.0,122.0
2015-03-26,1259.0,1268.0,1259.0,1268.0,116.0
2015-03-27,1261.0,1261.0,1260.0,1260.0,260.0
2015-03-30,1230.0,1230.0,1230.0,1230.0,46.0
2015-03-31,1257.0,1257.0,1257.0,1257.0,10.0
2015-04-01,1241.0,1257.0,1236.0,1257.0,55.0
2015-04-02,1240.0,1240.0,1240.0,1240.0,6.0
2015-04-03,1236.0,1236.0,1236.0,1236.0,24.0
2015-04-06,1232.0,1250.0,1232.0,1240.0,622.0
2015-04-08,1233.0,1233.0,1233.0,1233.0,1.0
2015-04-10,1230.0,1230.0,1230.0,1230.0,52.0
2015-04-13,1207.0,1230.0,1200.0,1230.0,2021.0
2015-04-14,1222.0,1240.0,1220.0,1240.0,1462.0
2015-04-15,1255.0,1255.0,1255.0,1255.0,22.0
2015-04-16,1255.0,1255.0,1255.0,1255.0,2.0
2015-04-17,1255.0,1255.0,1235.0,1255.0,208.0
2015-04-20,1255.0,1255.0,1250.0,1250.0,53.0
2015-04-21,1242.0,1255.0,1242.0,1255.0,257.0
2015-04-22,1259.0,1275.0,1259.0,1275.0,26.0
2015-04-23,1275.0,1275.0,1260.0,1275.0,104.0
2015-04-24,1275.0,1300.0,1265.0,1265.0,94.0
2015-04-27,1268.0,1268.0,1268.0,1268.0,415.0
2015-04-28,1308.0,1308.0,1307.0,1307.0,22.0
2015-04-29,1300.0,1300.0,1291.0,1300.0,127.0
2015-04-30,1301.0,1301.0,1295.0,1300.0,2188.0
2015-05-04,1300.0,1300.0,1299.0,1299.0,291.0
2015-05-05,1298.0,1300.0,1298.0,1300.0,5832.0
2015-05-06,1120.0,1199.0,1120.0,1151.0,87.0
2015-05-07,1151.0,1219.0,1151.0,1219.0,4.0
2015-05-08,1190.0,1190.0,1190.0,1190.0,2.0
2015-05-11,1188.0,1188.0,1188.0,1188.0,35.0
2015-05-14,1187.0,1188.0,1187.0,1188.0,22.0
2015-05-18,1160.0,1160.0,1160.0,1160.0,2.0
2015-05-19,1160.0,1160.0,1160.0,1160.0,50.0
2015-05-21,1151.0,1151.0,1140.0,1140.0,10.0
2015-05-22,1190.0,1190.0,1190.0,1190.0,5.0
2015-05-27,1150.0,1150.0,1150.0,1150.0,3.0
2015-05-29,1153.0,1154.0,1153.0,1154.0,7.0
2015-06-03,1153.0,1153.0,1153.0,1153.0,3.0
2015-06-04,1154.0,1154.0,1153.0,1153.0,4.0
2015-06-05,1154.0,1154.0,1154.0,1154.0,3.0
2015-06-11,1158.0,1158.0,1158.0,1158.0,17.0
2015-06-12,1160.0,1161.0,1160.0,1160.0,2910.0
2015-06-16,1165.0,1165.0,1150.0,1150.0,10.0
2015-06-17,1160.0,1160.0,1150.0,1150.0,21.0
2015-06-23,1150.0,1150.0,1150.0,1150.0,1.0
2015-06-24,1165.0,1165.0,1165.0,1165.0,5.0
2015-06-26,1165.0,1165.0,1165.0,1165.0,4.0
2015-06-30,1146.0,1165.0,1146.0,1165.0,7.0
2015-07-01,1050.0,1100.0,1050.0,1100.0,513.0
2015-07-02,1062.0,1062.0,1062.0,1062.0,42.0
2015-07-03,1062.0,1098.0,1062.0,1098.0,18.0
2015-07-06,1065.0,1071.0,1062.0,1071.0,54.0
2015-07-07,1065.0,1100.0,1062.0,1100.0,93.0
2015-07-08,1061.0,1135.0,1060.0,1135.0,1132.0
2015-07-09,1067.0,1135.0,1067.0,1135.0,10.0
2015-07-10,1134.0,1135.0,1134.0,1135.0,338.0
2015-07-14,1100.0,1140.0,1100.0,1140.0,422.0
2015-07-15,1149.0,1149.0,1149.0,1149.0,1200.0
2015-07-16,1150.0,1150.0,1150.0,1150.0,1.0
2015-07-20,1150.0,1150.0,1150.0,1150.0,78.0
2015-07-21,1150.0,1150.0,1150.0,1150.0,2.0
2015-07-22,1150.0,1150.0,1150.0,1150.0,1.0
2015-07-23,1150.0,1150.0,1150.0,1150.0,23.0
2015-07-24,1150.0,1150.0,1150.0,1150.0,1700.0
2015-07-27,1111.0,1111.0,1111.0,1111.0,15.0
2015-07-31,1130.0,1130.0,1130.0,1130.0,3.0
2015-08-03,1130.0,1130.0,1120.0,1120.0,24.0
2015-08-04,1122.0,1122.0,1122.0,1122.0,15.0
2015-08-05,1122.0,1122.0,1122.0,1122.0,9.0
2015-08-10,1122.0,1122.0,1100.0,1100.0,77.0
2015-08-11,1100.0,1146.0,1100.0,1146.0,55.0
2015-08-17,1110.0,1110.0,1110.0,1110.0,13.0
2015-08-19,1110.0,1110.0,1100.0,1110.0,5218.0
2015-08-25,1100.0,1100.0,1100.0,1100.0,9.0
2015-08-27,1086.0,1110.0,1066.0,1110.0,53.0
2015-09-01,1080.0,1080.0,1080.0,1080.0,43.0
2015-09-04,1099.0,1099.0,1099.0,1099.0,1.0
2015-09-07,1070.0,1098.0,1034.0,1094.0,10451.0
2015-09-08,1041.0,1041.0,1041.0,1041.0,17.0
2015-09-09,1037.0,1037.0,1037.0,1037.0,56.0
2015-09-11,1037.0,1037.0,975.0,1000.0,173.0
2015-09-15,1000.0,1000.0,1000.0,1000.0,84.0
2015-09-18,1000.0,1000.0,1000.0,1000.0,32.0
2015-09-22,1050.0,1060.0,1050.0,1060.0,142.0
2015-09-23,1065.0,1120.0,1065.0,1120.0,122.0
2015-09-28,1130.0,1160.0,1081.0,1081.0,73.0
2015-09-29,1100.0,1100.0,1100.0,1100.0,1.0
2015-10-01,1080.0,1080.0,1080.0,1080.0,5.0
2015-10-02,1080.0,1080.0,1080.0,1080.0,477.0
2015-10-06,1062.0,1066.0,1055.0,1055.0,158.0
2015-10-07,1055.0,1055.0,1055.0,1055.0,8.0
2015-10-09,1070.0,1070.0,1070.0,1070.0,134.0
2015-10-12,1072.0,1072.0,1072.0,1072.0,3.0
2015-10-13,1070.0,1070.0,1070.0,1070.0,10.0
2015-10-14,1070.0,1070.0,1070.0,1070.0,40.0
2015-10-19,1096.0,1110.0,1096.0,1108.0,46.0
2015-10-20,1105.0,1105.0,1100.0,1100.0,62.0
2015-10-23,1062.0,1109.0,1062.0,1109.0,22.0
2015-10-26,1109.0,1110.0,1070.0,1070.0,14.0
2015-10-27,1071.0,1071.0,1006.0,1006.0,50.0
2015-10-28,1050.0,1066.0,1050.0,1066.0,784.0
2015-10-30,1086.0,1087.0,1086.0,1087.0,4.0
2015-11-02,1090.0,1100.0,1090.0,1100.0,6.0
2015-11-04,1044.0,1044.0,1044.0,1044.0,641.0
2015-11-05,1044.0,1045.0,1040.0,1040.0,96.0
2015-11-09,1089.0,1089.0,1089.0,1089.0,2.0
2015-11-10,1088.0,1088.0,1088.0,1088.0,3.0
2015-11-13,1050.0,1050.0,1050.0,1050.0,10.0
2015-11-16,1049.0,1060.0,1040.0,1060.0,382.0
2015-11-19,1059.0,1059.0,1059.0,1059.0,1.0
2015-11-20,1059.0,1059.0,1045.0,1045.0,10.0
2015-11-23,1059.0,1060.0,1059.0,1060.0,6.0
2015-11-25,1036.0,1036.0,1016.0,1016.0,21.0
2015-11-26,1018.0,1018.0,1003.0,1003.0,54.0
2015-11-27,1006.0,1055.0,1000.0,1000.0,189.0
2015-11-30,1040.0,1040.0,1040.0,1040.0,16.0
2015-12-02,1005.0,1005.0,1001.0,1005.0,1454.0
2015-12-03,1035.0,1037.0,1005.0,1005.0,272.0
2015-12-04,1029.0,1030.0,1029.0,1030.0,10.0
2015-12-07,1005.0,1005.0,1005.0,1005.0,115.0
2015-12-08,1006.0,1006.0,1005.0,1005.0,116.0
2015-12-09,1005.0,1005.0,1005.0,1005.0,211.0
2015-12-10,1003.0,1004.0,995.0,995.0,134.0
2015-12-11,975.0,975.0,975.0,975.0,52.0
2015-12-15,971.0,978.0,971.0,978.0,55.0
2015-12-16,978.0,985.0,978.0,985.0,2227.0
2015-12-17,975.0,980.0,975.0,980.0,804.0
2015-12-18,1000.0,1000.0,1000.0,1000.0,579.0
2015-12-21,1004.0,1004.0,980.0,980.0,1337.0
2015-12-22,980.0,980.0,980.0,980.0,515.0
2015-12-23,990.0,990.0,990.0,990.0,21.0
2015-12-28,979.0,1003.0,975.0,1003.0,2550.0
2015-12-29,1036.0,1036.0,1036.0,1036.0,880.0
2015-12-30,1036.0,1036.0,973.90002,973.90002,657.0
2015-12-31,975.0,980.0,975.0,980.0,72.0
2016-01-05,980.09998,980.09998,980.09998,980.09998,6.0
2016-01-06,1019.0,1019.0,1018.0,1019.0,5.0
2016-01-07,1022.0,1030.0,1022.0,1030.0,9.0
2016-01-08,986.0,986.0,986.0,986.0,3.0
2016-01-12,1000.0,1000.0,1000.0,1000.0,12.0
2016-01-13,971.20001,972.0,970.0,972.0,71.0
2016-01-14,990.0,990.0,990.0,990.0,97.0
2016-01-15,975.0,975.0,975.0,975.0,1.0
2016-01-18,973.0,989.0,973.0,989.0,9.0
2016-01-19,978.0,981.0,976.0,976.0,258.0
2016-01-20,980.5,980.5,978.09998,978.09998,3.0
2016-01-21,978.20001,978.20001,977.0,977.5,157.0
2016-01-22,980.0,996.0,980.0,980.0,575.0
2016-01-25,980.0,980.0,980.0,980.0,121.0
2016-01-26,976.0,976.0,976.0,976.0,21.0
2016-01-27,980.0,980.0,976.0,976.0,116.0
2016-01-28,980.0,980.0,975.0,975.0,60.0
2016-01-29,980.0,980.0,970.0,970.0,361.0
2016-02-01,980.0,985.0,980.0,985.0,400.0
2016-02-02,999.0,999.0,999.0,999.0,3.0
2016-02-03,999.0,999.0,961.0,961.0,15.0
2016-02-04,997.0,997.0,975.0,975.0,112.0
2016-02-05,961.29999,961.29999,961.29999,961.29999,247.0
2016-02-08,963.0,963.0,961.0,961.0,461.0
2016-02-10,955.0,955.0,955.0,955.0,10.0
2016-02-11,957.0,971.0,957.0,960.0,565.0
2016-02-12,964.0,964.0,961.0,963.0,89.0
2016-02-16,961.0,994.0,961.0,994.0,152.0
2016-02-17,996.0,1000.0,990.0,1000.0,107.0
2016-02-18,980.0,1040.0,980.0,1040.0,5042.0
2016-02-19,1011.0,1065.0,1011.0,1039.0,922.0
2016-02-22,1029.0,1029.0,976.70001,1019.0,106.0
2016-02-23,1020.0,1050.0,1020.0,1048.0,31.0
2016-02-24,1000.0,1010.0,1000.0,1010.0,691.0
2016-02-26,1010.0,1010.0,1010.0,1010.0,150.0
2016-02-29,976.0,1008.0,965.0,1008.0,40.0
2016-03-01,980.0,1000.0,980.0,1000.0,2115.0
2016-03-04,1000.0,1025.0,1000.0,1025.0,22.0
2016-03-09,1038.0,1065.0,1025.0,1060.0,61.0
2016-03-10,1050.0,1050.0,1035.0,1035.0,322.0
2016-03-11,1054.0,1054.0,1054.0,1054.0,4.0
2016-03-14,1059.0,1080.0,1040.0,1050.0,237.0
2016-03-15,1050.0,1059.0,1036.0,1059.0,41.0
2016-03-16,1032.0,1032.0,1030.0,1030.0,1507.0
2016-03-21,1128.0,1133.0,1127.0,1133.0,10883.0
2016-03-22,1200.0,1230.0,1162.0,1200.0,16292.0
2016-03-23,1225.0,1225.0,1163.0,1163.0,734.0
2016-03-24,1170.0,1189.0,1137.0,1170.0,1337.0
2016-03-25,1170.0,1200.0,1170.0,1190.0,1272.0
2016-03-28,1197.0,1197.0,1161.0,1161.0,1058.0
2016-03-29,1191.0,1191.0,1161.0,1188.0,82.0
2016-03-30,1193.0,1195.0,1129.0,1180.0,524.0
2016-03-31,1190.0,1190.0,1190.0,1190.0,100.0
2016-04-01,1162.0,1187.0,1162.0,1164.0,468.0
2016-04-04,1190.0,1190.0,1190.0,1190.0,2.0
2016-04-05,1188.0,1188.0,1185.0,1185.0,34.0
2016-04-06,1183.0,1183.0,1183.0,1183.0,1.0
2016-04-07,1182.0,1188.0,1170.0,1188.0,84.0
2016-04-08,1188.0,1197.0,1150.0,1150.0,491.0
2016-04-11,1199.0,1205.0,1199.0,1200.0,19.0
2016-04-12,1199.0,1200.0,1163.0,1163.0,1161.0
2016-04-13,1200.0,1200.0,1185.0,1199.0,62.0
2016-04-14,1200.0,1208.0,1198.0,1198.0,117.0
2016-04-15,1200.0,1215.0,1188.0,1200.0,5411.0
2016-04-18,1199.0,1221.0,1199.0,1200.0,3116.0
2016-04-19,1223.0,1235.0,1201.0,1225.0,1412.0
2016-04-20,1202.0,1202.0,1192.0,1195.0,9077.0
2016-04-21,1220.0,1225.0,1192.0,1200.0,56.0
2016-04-22,1190.0,1200.0,1181.0,1181.0,125.0
2016-04-25,1200.0,1200.0,1200.0,1200.0,2.0
2016-04-26,1200.0,1200.0,1193.0,1200.0,1304.0
2016-04-27,1200.0,1200.0,1200.0,1200.0,1008.0
2016-04-28,1199.0,1200.0,1199.0,1200.0,2057.0
2016-04-29,1200.0,1200.0,1200.0,1200.0,923.0
2016-05-02,1219.0,1219.0,1200.0,1200.0,20.0
2016-05-03,1200.0,1219.0,1200.0,1200.0,2235.0
2016-05-04,1200.0,1212.0,1200.0,1212.0,1712.0
2016-05-05,1212.0,1255.0,1212.0,1248.0,641.0
2016-05-06,1245.0,1248.0,1222.0,1222.0,127.0
2016-05-09,1216.0,1225.0,1216.0,1225.0,28.0
2016-05-10,1230.0,1245.0,1230.0,1240.0,194.0
2016-05-11,1222.0,1222.0,1219.0,1219.0,296.0
2016-05-12,1229.0,1239.0,1229.0,1234.0,2042.0
2016-05-13,1245.0,1249.0,1215.0,1215.0,618.0
2016-05-17,1215.0,1230.0,1200.0,1200.0,364.0
2016-05-18,1205.0,1205.0,1205.0,1205.0,42.0
2016-05-19,1229.0,1229.0,1206.0,1206.0,259.0
2016-05-20,1200.0,1219.0,1191.0,1219.0,207.0
2016-05-23,1220.0,1220.0,1200.0,1210.0,174.0
2016-05-24,1195.0,1199.0,1192.0,1199.0,230.0
2016-05-25,1200.0,1214.0,1200.0,1214.0,609.0
2016-05-26,1205.0,1205.0,1205.0,1205.0,500.0
2016-05-27,1205.0,1214.0,1200.0,1208.0,5725.0
2016-05-30,1219.0,1219.0,1206.0,1215.0,93.0
2016-05-31,1196.0,1200.0,1192.0,1200.0,314.0
2016-06-01,1200.0,1200.0,1200.0,1200.0,12.0
2016-06-03,1199.0,1207.0,1199.0,1207.0,251.0
2016-06-06,1200.0,1200.0,1200.0,1200.0,599.0
2016-06-07,1201.0,1201.0,1200.0,1200.0,291.0
2016-06-08,1200.0,1210.0,1200.0,1205.0,119.0
2016-06-09,1201.0,1201.0,1200.0,1200.0,59.0
2016-06-10,1200.0,1200.0,1191.0,1200.0,53.0
2016-06-13,1192.0,1192.0,1192.0,1192.0,4.0
2016-06-14,1196.0,1198.0,1196.0,1196.0,1114.0
2016-06-15,1196.0,1200.0,1195.0,1195.0,4110.0
2016-06-16,1085.0,1085.0,1084.0,1084.0,28.0
2016-06-17,1064.0,1064.0,1064.0,1064.0,10.0
2016-06-20,1065.0,1065.0,1065.0,1065.0,35.0
2016-06-21,1050.0,1050.0,1050.0,1050.0,5.0
2016-06-22,1040.0,1040.0,1040.0,1040.0,6.0
2016-06-23,1040.0,1040.0,1008.0,1030.0,146.0
2016-06-24,1039.0,1080.0,1039.0,1050.0,1261.0
2016-06-29,1050.0,1050.0,1041.0,1041.0,398.0
2016-06-30,1062.0,1062.0,1062.0,1062.0,2.0
2016-07-01,1065.0,1065.0,1062.0,1062.0,13.0
2016-07-04,1060.0,1068.0,1050.0,1050.0,210.0
2016-07-05,1060.0,1060.0,1060.0,1060.0,51.0
2016-07-11,1050.0,1050.0,1050.0,1050.0,148.0
2016-07-12,1050.0,1050.0,1050.0,1050.0,22.0
2016-07-13,1038.0,1060.0,1038.0,1060.0,315.0
2016-07-14,1050.0,1050.0,1050.0,1050.0,10.0
2016-07-15,1063.0,1063.0,1063.0,1063.0,7.0
2016-07-18,1044.0,1060.0,1040.0,1060.0,200.0
2016-07-19,1060.0,1068.0,1047.0,1047.0,962.0
2016-07-20,1046.0,1046.0,1045.0,1045.0,6.0
2016-07-21,1053.0,1070.0,1044.0,1070.0,107.0
2016-07-22,1085.0,1096.0,1060.0,1096.0,408.0
2016-07-26,1095.0,1189.0,1095.0,1185.0,786.0
2016-07-27,1215.0,1256.0,1160.0,1160.0,2100.0
2016-07-28,1185.0,1185.0,1183.0,1183.0,1182.0
2016-07-29,1171.0,1190.0,1160.0,1160.0,257.0
2016-08-02,1150.0,1185.0,1150.0,1185.0,12.0
2016-08-03,1175.0,1175.0,1067.0,1067.0,6106.0
2016-08-04,1120.0,1164.0,1120.0,1159.0,2426.0
2016-08-05,1159.0,1159.0,1120.0,1157.0,4005.0
2016-08-09,1160.0,1160.0,1160.0,1160.0,127.0
2016-08-11,1131.0,1160.0,1120.0,1160.0,252.0
2016-08-15,1157.0,1157.0,1157.0,1157.0,1.0
2016-08-18,1150.0,1150.0,1150.0,1150.0,9.0
2016-08-19,1140.0,1145.0,1123.0,1145.0,125.0
2016-08-22,1129.0,1129.0,1129.0,1129.0,29.0
2016-08-23,1140.0,1140.0,1123.0,1130.0,76.0
2016-08-24,1130.0,1130.0,1130.0,1130.0,180.0
2016-08-25,1107.0,1107.0,1090.0,1090.0,453.0
2016-08-26,1078.0,1078.0,1019.0,1040.0,2751.0
2016-08-29,1041.0,1041.0,1030.0,1030.0,91.0
2016-08-30,1035.0,1040.0,1004.0,1040.0,428.0
2016-08-31,1009.0,1022.0,1009.0,1021.0,302.0
2016-09-01,1022.0,1022.0,1014.0,1021.0,252.0
2016-09-02,1026.0,1050.0,1026.0,1030.0,2153.0
2016-09-05,1036.0,1036.0,1036.0,1036.0,1.0
2016-09-06,1038.0,1090.0,1035.0,1090.0,114.0
2016-09-07,1088.0,1090.0,1087.0,1088.0,151.0
2016-09-08,1088.0,1090.0,1050.0,1088.0,28.0
2016-09-09,1088.0,1090.0,1046.0,1046.0,395.0
2016-09-14,1089.0,1089.0,1089.0,1089.0,4.0
2016-09-15,1089.0,1089.0,1084.0,1089.0,368.0
2016-09-16,1088.0,1088.0,1088.0,1088.0,200.0
2016-09-19,1089.0,1119.0,1089.0,1119.0,77.0
2016-09-20,1100.0,1119.0,1090.0,1090.0,222.0
2016-09-21,1085.0,1085.0,1079.0,1085.0,69.0
2016-09-22,1097.0,1097.0,1097.0,1097.0,3.0
2016-09-23,1076.0,1076.0,1040.0,1071.0,1138.0
2016-09-27,1070.0,1075.0,1070.0,1072.0,211.0
2016-09-28,1055.0,1055.0,1055.0,1055.0,2.0
2016-09-29,1054.0,1054.0,1054.0,1054.0,3.0
2016-09-30,1070.0,1072.0,1061.0,1061.0,102.0
2016-10-05,1065.0,1065.0,1065.0,1065.0,6.0
2016-10-06,1066.0,1066.0,1065.0,1065.0,39.0
2016-10-07,1065.0,1065.0,1050.0,1050.0,594.0
2016-10-10,1050.0,1081.0,1028.0,1081.0,9772.0
2016-10-11,1081.0,1081.0,1040.0,1078.0,3468.0
2016-10-12,1078.0,1078.0,1040.0,1040.0,35.0
2016-10-14,1050.0,1055.0,1050.0,1055.0,10.0
2016-10-17,1060.0,1085.0,1060.0,1080.0,68.0
2016-10-20,1065.0,1065.0,1065.0,1065.0,2402.0
2016-10-21,1065.0,1066.0,1065.0,1066.0,21.0
2016-10-24,1067.0,1070.0,1066.0,1066.0,16544.0
2016-10-25,1070.0,1070.0,1062.0,1062.0,559.0
2016-10-26,1078.0,1078.0,1050.0,1051.0,137.0
2016-10-27,1052.0,1052.0,1050.0,1050.0,183.0
2016-10-28,1047.0,1074.0,1041.0,1074.0,157.0
2016-10-31,1042.0,1075.0,1042.0,1075.0,1015.0
2016-11-01,1047.0,1047.0,1047.0,1047.0,4.0
2016-11-02,1060.0,1060.0,1050.0,1050.0,3461.0
2016-11-03,1053.0,1053.0,1051.0,1051.0,107.0
2016-11-04,1053.0,1053.0,1051.0,1051.0,206.0
2016-11-07,1094.0,1094.0,1089.0,1090.0,11.0
2016-11-08,1086.0,1089.0,1070.0,1074.0,7947.0
2016-11-09,1090.0,1090.0,1083.0,1083.0,1054.0
2016-11-10,1090.0,1120.0,1071.0,1120.0,15121.0
2016-11-11,1120.0,1120.0,1086.0,1116.0,71.0
2016-11-14,1100.0,1100.0,1091.0,1091.0,61.0
2016-11-15,1091.0,1091.0,1091.0,1091.0,40.0
2016-11-16,1066.0,1130.0,1065.0,1121.0,2462.0
2016-11-17,1121.0,1121.0,1100.0,1100.0,408.0
2016-11-21,1131.0,1190.0,1129.0,1190.0,9259.0
2016-11-22,1180.0,1220.0,1179.0,1215.0,8375.0
2016-11-23,1200.0,1219.0,1187.0,1199.0,1597.0
2016-11-24,1187.0,1187.0,1172.0,1172.0,183.0
2016-11-25,1170.0,1198.0,1170.0,1194.0,756.0
2016-11-28,1194.0,1194.0,1170.0,1192.0,156.0
2016-11-29,1193.0,1193.0,1181.0,1193.0,310.0
2016-11-30,1186.0,1186.0,1170.0,1181.0,1503.0
2016-12-01,1190.0,1195.0,1176.0,1176.0,3850.0
2016-12-02,1190.0,1190.0,1182.0,1182.0,261.0
2016-12-05,1190.0,1201.0,1190.0,1201.0,2813.0
2016-12-06,1219.0,1220.0,1219.0,1220.0,317.0
2016-12-07,1220.0,1220.0,1205.0,1205.0,1164.0
2016-12-08,1220.0,1250.0,1210.0,1225.0,293.0
2016-12-09,1235.0,1249.0,1225.0,1249.0,626.0
2016-12-14,1249.0,1249.0,1249.0,1249.0,2.0
2016-12-15,1230.0,1272.0,1225.0,1272.0,1676.0
2016-12-16,1260.0,1290.0,1255.0,1285.0,305.0
2016-12-19,1299.0,1368.0,1299.0,1320.0,3126.0
2016-12-20,1305.0,1306.0,1290.0,1290.0,2882.0
2016-12-21,1300.0,1300.0,1261.0,1267.0,145.0
2016-12-22,1261.0,1300.0,1255.0,1300.0,161.0
2016-12-23,1300.0,1350.0,1300.0,1350.0,3687.0
2016-12-26,1302.0,1343.0,1302.0,1343.0,12.0
2016-12-27,1349.0,1355.0,1325.0,1325.0,5760.0
2016-12-28,1320.0,1321.0,1320.0,1321.0,573.0
2016-12-29,1350.0,1415.0,1271.0,1322.0,69238.0
2016-12-30,1322.0,1390.0,1322.0,1350.0,6120.0
2017-01-02,1389.0,1400.0,1362.0,1362.0,257.0
2017-01-03,1400.0,1485.0,1400.0,1436.0,5869.0
2017-01-04,1460.0,1535.0,1440.0,1479.0,11528.0
2017-01-05,1499.0,1559.0,1499.0,1520.0,4916.0
2017-01-06,1545.0,1650.0,1526.0,1526.0,16564.0
2017-01-09,1550.0,1550.0,1530.0,1540.0,5841.0
2017-01-10,1597.0,1597.0,1525.0,1525.0,1166.0
2017-01-12,1530.0,1531.0,1530.0,1530.0,59.0
2017-01-13,1568.0,1568.0,1491.0,1499.0,4693.0
2017-01-16,1497.0,1500.0,1455.0,1455.0,402.0
2017-01-17,1457.0,1457.0,1420.0,1455.0,702.0
2017-01-18,1413.0,1499.0,1413.0,1451.0,329.0
2017-01-19,1500.0,1500.0,1440.0,1500.0,2167.0
2017-01-20,1470.0,1518.0,1456.0,1515.0,2952.0
2017-01-23,1525.0,1589.0,1525.0,1568.0,5377.0
2017-01-24,1533.0,1568.0,1500.0,1500.0,4701.0
2017-01-25,1529.0,1529.0,1529.0,1529.0,1.0
2017-01-26,1520.0,1520.0,1510.0,1520.0,637.0
2017-01-27,1520.0,1520.0,1493.0,1500.0,2422.0
2017-01-30,1500.0,1540.0,1500.0,1500.0,1964.0
2017-01-31,1560.0,1577.0,1550.0,1550.0,5108.0
2017-02-01,1549.0,1570.0,1504.0,1504.0,1257.0
2017-02-02,1550.0,1550.0,1520.0,1520.0,1484.0
2017-02-03,1520.0,1548.0,1515.0,1516.0,396.0
2017-02-06,1521.0,1526.0,1521.0,1525.0,564.0
2017-02-07,1550.0,1550.0,1515.0,1540.0,167.0
2017-02-08,1530.0,1544.0,1528.0,1528.0,274.0
2017-02-09,1530.0,1547.0,1515.0,1515.0,2000.0
2017-02-10,1515.0,1545.0,1515.0,1516.0,1957.0
2017-02-13,1519.0,1560.0,1516.0,1516.0,429.0
2017-02-14,1529.0,1530.0,1516.0,1530.0,912.0
2017-02-15,1530.0,1530.0,1520.0,1520.0,253.0
2017-02-16,1520.0,1534.0,1510.0,1525.0,1712.0
2017-02-17,1540.0,1540.0,1540.0,1540.0,100.0
2017-02-21,1548.0,1548.0,1535.0,1548.0,188.0
2017-02-22,1549.0,1570.0,1520.0,1520.0,4814.0
2017-02-23,1520.0,1520.0,1490.0,1490.0,1433.0
2017-02-24,1500.0,1500.0,1500.0,1500.0,3.0
2017-02-27,1500.0,1505.0,1500.0,1501.0,2275.0
2017-02-28,1503.0,1530.0,1503.0,1530.0,1089.0
2017-03-01,1529.0,1529.0,1529.0,1529.0,7.0
2017-03-02,1529.0,1540.0,1529.0,1539.0,268.0
2017-03-03,1545.0,1545.0,1535.0,1535.0,30.0
2017-03-06,1531.0,1543.0,1531.0,1543.0,70.0
2017-03-07,1540.0,1600.0,1540.0,1600.0,4831.0
2017-03-08,1570.0,1600.0,1570.0,1590.0,417.0
2017-03-09,1590.0,1599.0,1590.0,1590.0,1075.0
2017-03-10,1599.0,1621.0,1592.0,1600.0,7313.0
2017-03-13,1630.0,1630.0,1600.0,1600.0,342.0
2017-03-14,1600.0,1640.0,1600.0,1635.0,3712.0
2017-03-15,1630.0,1649.0,1605.0,1646.0,3947.0
2017-03-16,1695.0,1695.0,1585.0,1600.0,2590.0
2017-03-17,1600.0,1630.0,1600.0,1630.0,2911.0
2017-03-20,1630.0,1630.0,1605.0,1620.0,3787.0
2017-03-21,1619.0,1645.0,1619.0,1645.0,5184.0
2017-03-22,1481.0,1481.0,1481.0,1481.0,55.0
2017-03-23,1333.0,1333.0,1333.0,1333.0,932.0
2017-03-24,1260.0,1299.0,1250.0,1250.0,16739.0
2017-03-27,1280.0,1300.0,1280.0,1300.0,426.0
2017-03-28,1314.0,1339.0,1275.0,1275.0,3308.0
2017-03-29,1313.0,1313.0,1280.0,1280.0,65.0
2017-03-30,1299.0,1299.0,1280.0,1280.0,140.0
2017-03-31,1279.0,1279.0,1260.0,1260.0,2609.0
2017-04-05,1261.0,1297.0,1261.0,1263.0,104.0
2017-04-06,1265.0,1266.0,1252.0,1252.0,412.0
2017-04-07,1253.0,1280.0,1222.0,1280.0,880.0
2017-04-10,1275.0,1275.0,1275.0,1275.0,1.0
2017-04-11,1270.0,1270.0,1270.0,1270.0,4.0
2017-04-12,1241.0,1241.0,1238.0,1238.0,49.0
2017-04-13,1240.0,1241.0,1236.0,1241.0,3469.0
2017-04-14,1246.0,1246.0,1246.0,1246.0,124.0
2017-04-17,1246.0,1246.0,1236.0,1240.0,182.0
2017-04-18,1260.0,1260.0,1244.0,1244.0,12.0
2017-04-19,1244.0,1244.0,1244.0,1244.0,88.0
2017-04-20,1260.0,1337.0,1250.0,1329.0,676.0
2017-04-21,1271.0,1329.0,1271.0,1329.0,23.0
2017-04-25,1327.0,1387.0,1300.0,1303.0,2116.0
2017-04-26,1375.0,1375.0,1375.0,1375.0,1.0
2017-04-27,1312.0,1370.0,1312.0,1368.0,1096.0
2017-04-28,1369.0,1369.0,1350.0,1350.0,4551.0
2017-05-02,1353.0,1353.0,1350.0,1350.0,20.0
2017-05-03,1353.0,1395.0,1350.0,1375.0,546.0
2017-05-04,1399.0,1399.0,1399.0,1399.0,150.0
2017-05-05,1399.0,1414.0,1390.0,1400.0,1991.0
2017-05-08,1400.0,1417.0,1380.0,1380.0,2300.0
2017-05-09,1381.0,1390.0,1372.0,1372.0,2455.0
2017-05-10,1380.0,1380.0,1373.0,1373.0,844.0
2017-05-11,1389.0,1410.0,1375.0,1380.0,1162.0
2017-05-12,1379.0,1382.0,1378.0,1380.0,55.0
2017-05-16,1389.0,1389.0,1375.0,1375.0,341.0
2017-05-17,1380.0,1390.0,1370.0,1390.0,633.0
2017-05-19,1380.0,1380.0,1370.0,1370.0,172.0
2017-05-22,1390.0,1390.0,1390.0,1390.0,61.0
2017-05-23,1390.0,1390.0,1375.0,1375.0,402.0
2017-05-24,1378.0,1378.0,1375.0,1375.0,458.0
2017-05-25,1380.0,1380.0,1370.0,1370.0,92.0
2017-05-26,1380.0,1380.0,1380.0,1380.0,10.0
2017-05-29,1371.0,1371.0,1370.0,1370.0,36.0
2017-05-30,1371.0,1371.0,1370.0,1370.0,64.0
2017-05-31,1371.0,1371.0,1360.0,1360.0,138.0
2017-06-02,1380.0,1389.0,1380.0,1389.0,1511.0
2017-06-05,1380.0,1380.0,1380.0,1380.0,4.0
2017-06-06,1381.0,1381.0,1381.0,1381.0,5.0
2017-06-07,1388.0,1388.0,1388.0,1388.0,10.0
2017-06-08,1383.0,1400.0,1383.0,1400.0,388.0
2017-06-09,1440.0,1440.0,1390.0,1390.0,186.0
2017-06-12,1390.0,1390.0,1380.0,1380.0,4322.0
2017-06-13,1385.0,1385.0,1380.0,1380.0,2500.0
2017-06-14,1385.0,1410.0,1380.0,1410.0,2817.0
2017-06-15,1370.0,1370.0,1342.0,1342.0,100.0
2017-06-16,1348.0,1348.0,1344.0,1344.0,12.0
2017-06-20,1370.0,1390.0,1370.0,1390.0,39.0
2017-06-21,1350.0,1384.0,1350.0,1350.0,401.0
2017-06-23,1362.0,1362.0,1356.0,1356.0,1046.0
2017-06-28,1384.0,1389.0,1350.0,1360.0,1368.0
2017-06-29,1364.0,1365.0,1357.0,1357.0,232.0
2017-06-30,1360.0,1379.0,1360.0,1379.0,4345.0
2017-07-03,1380.0,1380.0,1370.0,1370.0,125.0
2017-07-04,1400.0,1405.0,1380.0,1380.0,123.0
2017-07-05,1371.0,1412.0,1370.0,1380.0,3041.0
2017-07-06,1380.0,1380.0,1375.0,1380.0,383.0
2017-07-07,1409.0,1409.0,1377.0,1400.0,861.0
2017-07-10,1410.0,1411.0,1400.0,1400.0,321.0
2017-07-11,1410.0,1470.0,1410.0,1435.0,662.0
2017-07-12,1435.0,1465.0,1435.0,1460.0,5379.0
2017-07-13,1450.0,1465.0,1450.0,1464.0,236.0
2017-07-14,1451.0,1470.0,1450.0,1455.0,1466.0
2017-07-17,1455.0,1492.0,1451.0,1470.0,3771.0
2017-07-18,1500.0,1515.0,1471.0,1471.0,4021.0
2017-07-19,1475.0,1475.0,1475.0,1475.0,54.0
2017-07-20,1475.0,1480.0,1472.0,1480.0,1562.0
2017-07-21,1500.0,1510.0,1500.0,1505.0,5836.0
2017-07-24,1500.0,1505.0,1500.0,1505.0,2212.0
2017-07-25,1505.0,1527.0,1500.0,1527.0,630.0
2017-07-26,1540.0,1570.0,1540.0,1570.0,5346.0
2017-07-27,1576.0,1605.0,1576.0,1580.0,7911.0
2017-07-28,1600.0,1608.0,1586.0,1600.0,2647.0
2017-07-31,1598.0,1600.0,1591.0,1591.0,389.0
2017-08-01,1580.0,1580.0,1580.0,1580.0,602.0
2017-08-02,1576.0,1576.0,1576.0,1576.0,10.0
2017-08-03,1575.0,1576.0,1520.0,1560.0,476.0
2017-08-04,1562.0,1562.0,1562.0,1562.0,7.0
2017-08-07,1564.0,1570.0,1564.0,1570.0,6.0
2017-08-08,1570.0,1577.0,1560.0,1577.0,167.0
2017-08-09,1577.0,1577.0,1550.0,1570.0,3557.0
2017-08-10,1579.0,1597.0,1579.0,1595.0,180.0
2017-08-11,1600.0,1600.0,1600.0,1600.0,15.0
2017-08-15,1599.0,1624.0,1599.0,1602.0,590.0
2017-08-16,1601.0,1601.0,1601.0,1601.0,49.0
2017-08-17,1600.0,1620.0,1598.0,1600.0,2351.0
2017-08-18,1600.0,1619.0,1595.0,1605.0,91.0
2017-08-22,1590.0,1602.0,1561.0,1602.0,20.0
2017-08-24,1575.0,1575.0,1575.0,1575.0,66.0
2017-08-25,1598.0,1605.0,1580.0,1580.0,746.0
2017-08-28,1580.0,1600.0,1560.0,1561.0,228.0
2017-08-29,1600.0,1600.0,1582.0,1600.0,241.0
2017-08-30,1600.0,1629.0,1590.0,1629.0,2525.0
2017-08-31,1640.0,1692.0,1640.0,1680.0,2307.0
2017-09-04,1695.0,1739.0,1695.0,1726.0,1295.0
2017-09-05,1702.0,1705.0,1700.0,1700.0,1203.0
2017-09-06,1700.0,1700.0,1700.0,1700.0,776.0
2017-09-07,1700.0,1705.0,1700.0,1705.0,4533.0
2017-09-08,1704.0,1705.0,1700.0,1700.0,1850.0
2017-09-11,1700.0,1710.0,1700.0,1700.0,1709.0
2017-09-12,1710.0,1747.0,1701.0,1747.0,4529.0
2017-09-13,1722.0,1722.0,1721.0,1722.0,180.0
2017-09-14,1720.0,1744.0,1700.0,1709.0,1420.0
2017-09-15,1701.0,1720.0,1700.0,1700.0,247.0
2017-09-18,1700.0,1700.0,1695.0,1695.0,65.0
2017-09-19,1700.0,1709.0,1650.0,1650.0,4167.0
2017-09-20,1694.0,1694.0,1565.0,1565.0,939.0
2017-09-21,1568.0,1610.0,1568.0,1601.0,2412.0
2017-09-25,1600.0,1639.0,1600.0,1601.0,346.0
2017-09-26,1601.0,1631.0,1600.0,1600.0,230.0
2017-09-27,1601.0,1601.0,1600.0,1600.0,174.0
2017-09-28,1600.0,1600.0,1600.0,1600.0,7.0
2017-09-29,1525.0,1525.0,1463.0,1480.0,1525.0
2017-10-02,1498.0,1589.0,1498.0,1589.0,148.0
2017-10-03,1590.0,1590.0,1486.0,1500.0,1428.0
2017-10-04,1502.0,1568.0,1502.0,1558.0,162.0
2017-10-05,1550.0,1567.0,1550.0,1556.0,62.0
2017-10-06,1511.0,1540.0,1511.0,1540.0,274.0
2017-10-09,1555.0,1555.0,1555.0,1555.0,1.0
2017-10-10,1504.0,1507.0,1504.0,1507.0,36.0
2017-10-11,1510.0,1511.0,1510.0,1510.0,35.0
2017-10-12,1509.0,1515.0,1507.0,1515.0,320.0
2017-10-13,1510.0,1515.0,1510.0,1515.0,522.0
2017-10-16,1528.0,1550.0,1528.0,1550.0,300.0
2017-10-17,1470.0,1547.0,1470.0,1545.0,1005.0
2017-10-19,1499.0,1499.0,1499.0,1499.0,5.0
2017-10-20,1495.0,1500.0,1485.0,1485.0,1480.0
2017-10-23,1480.0,1485.0,1478.0,1480.0,623.0
2017-10-24,1500.0,1500.0,1486.0,1487.0,313.0
2017-10-25,1520.0,1535.0,1520.0,1520.0,464.0
2017-10-26,1520.0,1520.0,1503.0,1515.0,21.0
2017-10-27,1532.0,1532.0,1515.0,1525.0,1696.0
2017-10-30,1525.0,1525.0,1503.0,1503.0,284.0
2017-10-31,1524.0,1537.0,1524.0,1537.0,1529.0
2017-11-01,1555.0,1555.0,1537.0,1540.0,964.0
2017-11-02,1535.0,1554.0,1535.0,1550.0,1117.0
2017-11-03,1560.0,1570.0,1551.0,1551.0,1099.0
2017-11-07,1569.0,1580.0,1555.0,1576.0,794.0
2017-11-08,1556.0,1556.0,1540.0,1540.0,40.0
2017-11-10,1560.0,1560.0,1558.0,1558.0,1239.0
2017-11-13,1560.0,1560.0,1560.0,1560.0,740.0
2017-11-14,1560.0,1580.0,1560.0,1580.0,408.0
2017-11-15,1570.0,1570.0,1565.0,1566.0,2075.0
2017-11-16,1566.0,1566.0,1565.0,1565.0,2225.0
2017-11-17,1550.0,1551.0,1550.0,1551.0,2203.0
2017-11-20,1544.0,1544.0,1544.0,1544.0,15.0
2017-11-21,1542.0,1568.0,1542.0,1568.0,20.0
2017-11-22,1550.0,1550.0,1550.0,1550.0,1507.0
2017-11-23,1550.0,1550.0,1546.0,1546.0,272.0
2017-11-24,1559.0,1559.0,1547.0,1558.0,532.0
2017-11-27,1545.0,1545.0,1540.0,1540.0,350.0
2017-11-28,1540.0,1550.0,1540.0,1550.0,161.0
2017-11-29,1544.0,1550.0,1544.0,1550.0,1111.0
2017-11-30,1544.0,1551.0,1544.0,1550.0,5229.0
2017-12-04,1550.0,1559.0,1535.0,1552.0,1962.0
2017-12-05,1552.0,1561.0,1552.0,1561.0,1735.0
2017-12-06,1530.0,1565.0,1530.0,1550.0,1978.0
2017-12-11,1536.0,1536.0,1536.0,1536.0,1.0
2017-12-12,1535.0,1547.0,1511.0,1547.0,907.0
2017-12-13,1540.0,1540.0,1540.0,1540.0,1638.0
2017-12-14,1530.0,1530.0,1530.0,1530.0,10.0
2017-12-15,1545.0,1545.0,1521.0,1521.0,63.0
2017-12-18,1522.0,1522.0,1521.0,1521.0,11.0
2017-12-19,1515.0,1515.0,1512.0,1512.0,19.0
2017-12-20,1539.0,1539.0,1510.0,1525.0,956.0
2017-12-21,1508.0,1510.0,1501.0,1501.0,1002.0
2017-12-22,1500.0,1500.0,1450.0,1451.0,2540.0
2017-12-25,1510.0,1510.0,1510.0,1510.0,50.0
2017-12-26,1477.0,1477.0,1475.0,1475.0,100.0
2017-12-27,1506.0,1506.0,1475.0,1505.0,261.0
2017-12-28,1500.0,1510.0,1490.0,1490.0,326.0
2017-12-29,1511.0,1531.0,1511.0,1531.0,8465.0
2018-01-02,1546.0,1548.0,1546.0,1548.0,13.0
2018-01-03,1548.0,1600.0,1548.0,1553.0,2384.0
2018-01-04,1520.0,1633.0,1520.0,1620.0,4253.0
2018-01-05,1620.0,1635.0,1620.0,1635.0,3508.0
2018-01-09,1620.0,1620.0,1600.0,1600.0,415.0
2018-01-15,1620.0,1725.0,1620.0,1725.0,6930.0
2018-01-16,1735.0,1750.0,1725.0,1725.0,1071.0
2018-01-17,1725.0,1725.0,1700.0,1700.0,1261.0
2018-01-18,1701.0,1701.0,1700.0,1700.0,588.0
2018-01-19,1700.0,1710.0,1700.0,1710.0,14.0
2018-01-22,1700.0,1701.0,1700.0,1700.0,749.0
2018-01-23,1700.0,1713.0,1700.0,1713.0,2287.0
2018-01-24,1720.0,1725.0,1720.0,1725.0,33.0
2018-01-25,1720.0,1720.0,1720.0,1720.0,1000.0
2018-01-26,1705.0,1719.0,1703.0,1716.0,42.0
2018-01-29,1716.0,1720.0,1716.0,1720.0,851.0
2018-01-30,1721.0,1721.0,1721.0,1721.0,18.0
2018-01-31,1727.0,1750.0,1727.0,1750.0,2700.0
2018-02-01,1750.0,1750.0,1745.0,1750.0,1490.0
2018-02-02,1760.0,1760.0,1740.0,1759.0,299.0
2018-02-06,1718.0,1718.0,1718.0,1718.0,50.0
2018-02-07,1750.0,1750.0,1750.0,1750.0,500.0
2018-02-08,1750.0,1750.0,1750.0,1750.0,482.0
2018-02-09,1750.0,1753.0,1750.0,1750.0,8380.0
2018-02-13,1749.0,1749.0,1749.0,1749.0,45.0
2018-02-14,1732.0,1732.0,1732.0,1732.0,181.0
2018-02-15,1735.0,1735.0,1730.0,1731.0,430.0
2018-02-16,1745.0,1750.0,1726.0,1750.0,1377.0
2018-02-19,1749.0,1751.0,1749.0,1750.0,1616.0
2018-02-20,1734.0,1750.0,1734.0,1750.0,251.0
2018-02-21,1750.0,1753.0,1749.0,1753.0,104.0
2018-02-22,1750.0,1750.0,1750.0,1750.0,17.0
2018-02-23,1750.0,1755.0,1741.0,1755.0,579.0
2018-02-26,1770.0,1770.0,1742.0,1742.0,88.0
2018-02-27,1742.0,1742.0,1742.0,1742.0,166.0
2018-02-28,1712.0,1712.0,1711.0,1711.0,67.0
2018-03-01,1720.0,1750.0,1720.0,1750.0,944.0
2018-03-02,1750.0,1755.0,1750.0,1750.0,256.0
2018-03-05,1750.0,1750.0,1750.0,1750.0,10.0
2018-03-06,1760.0,1760.0,1755.0,1760.0,9950.0
2018-03-07,1770.0,1770.0,1760.0,1765.0,544.0
2018-03-08,1750.0,1768.0,1750.0,1768.0,1330.0
2018-03-09,1767.0,1778.0,1766.0,1778.0,1136.0
2018-03-12,1757.0,1757.0,1750.0,1750.0,340.0
2018-03-13,1751.0,1751.0,1750.0,1750.0,1304.0
2018-03-14,1750.0,1750.0,1726.0,1727.0,582.0
2018-03-15,1730.0,1730.0,1727.0,1727.0,179.0
2018-03-16,1726.0,1750.0,1726.0,1750.0,2008.0
2018-03-19,1750.0,1750.0,1750.0,1750.0,259.0
2018-03-20,1731.0,1731.0,1720.0,1720.0,100.0
2018-03-21,1721.0,1721.0,1720.0,1720.0,101.0
2018-03-23,1707.0,1740.0,1703.0,1740.0,572.0
2018-03-26,1744.0,1744.0,1704.0,1704.0,14.0
2018-03-27,1800.0,1840.0,1790.0,1790.0,12080.0
2018-03-28,1799.0,1799.0,1788.0,1788.0,9.0
2018-03-29,1799.0,1799.0,1786.0,1786.0,3297.0
2018-03-30,1791.0,1791.0,1787.0,1787.0,603.0
2018-04-02,1787.0,1787.0,1780.0,1780.0,2818.0
2018-04-03,1772.0,1772.0,1760.0,1760.0,377.0
2018-04-04,1750.0,1750.0,1735.0,1750.0,553.0
2018-04-05,1733.0,1775.0,1730.0,1775.0,8060.0
2018-04-06,1751.0,1751.0,1740.0,1740.0,4573.0
2018-04-09,1750.0,1750.0,1750.0,1750.0,30.0
2018-04-12,1760.0,1785.0,1760.0,1785.0,2609.0
2018-04-13,1765.0,1785.0,1765.0,1768.0,5421.0
2018-04-16,1790.0,1800.0,1790.0,1800.0,10240.0
2018-04-17,1820.0,1820.0,1820.0,1820.0,2600.0
2018-04-18,1801.0,1801.0,1795.0,1795.0,1516.0
2018-04-20,1781.0,1781.0,1771.0,1778.0,64.0
2018-04-24,1790.0,1816.0,1790.0,1816.0,2002.0
2018-04-25,1780.0,1780.0,1766.0,1766.0,3047.0
2018-04-26,1780.0,1800.0,1780.0,1800.0,2710.0
2018-04-27,1820.0,1820.0,1820.0,1820.0,401.0
2018-05-03,1782.0,1782.0,1782.0,1782.0,3.0
2018-05-04,1781.0,1810.0,1781.0,1810.0,331.0
2018-05-07,1817.0,1848.0,1810.0,1810.0,65.0
2018-05-08,1839.0,1840.0,1797.0,1797.0,80.0
2018-05-10,1792.0,1827.0,1792.0,1827.0,85.0
2018-05-11,1793.0,1816.0,1785.0,1816.0,4281.0
2018-05-15,1800.0,1800.0,1800.0,1800.0,180.0
2018-05-18,1780.0,1807.0,1780.0,1807.0,309.0
2018-05-28,1818.0,1818.0,1818.0,1818.0,15.0
2018-05-29,1790.0,1790.0,1740.0,1790.0,8060.0
2018-05-31,1750.0,1780.0,1750.0,1756.0,2133.0
2018-06-01,1750.0,1790.0,1750.0,1790.0,430.0
2018-06-04,1753.0,1753.0,1750.0,1750.0,162.0
2018-06-05,1720.0,1720.0,1706.0,1706.0,316.0
2018-06-06,1794.0,1794.0,1794.0,1794.0,2.0
2018-06-07,1800.0,1800.0,1800.0,1800.0,152.0
2018-06-08,1760.0,1799.0,1760.0,1799.0,30.0
2018-06-11,1809.0,1809.0,1775.0,1775.0,40.0
2018-06-12,1771.0,1790.0,1771.0,1772.0,242.0
2018-06-14,1799.0,1800.0,1795.0,1795.0,4094.0
2018-06-18,1799.0,1800.0,1792.0,1792.0,291.0
2018-06-19,1765.0,1765.0,1690.0,1691.0,280.0
2018-06-20,1730.0,1730.0,1710.0,1710.0,1105.0
2018-06-25,1650.0,1650.0,1650.0,1650.0,50.0
2018-06-26,1656.0,1733.0,1530.0,1733.0,6260.0
2018-06-29,1700.0,1725.0,1700.0,1725.0,2730.0
2018-07-05,1699.0,1699.0,1699.0,1699.0,100.0
2018-07-06,1700.0,1700.0,1700.0,1700.0,50.0
2018-07-11,1675.0,1675.0,1675.0,1675.0,200.0
2018-07-13,1586.0,1600.0,1580.0,1600.0,615.0
2018-07-17,1595.0,1595.0,1595.0,1595.0,600.0
2018-07-18,1595.0,1595.0,1500.0,1500.0,3200.0
2018-07-19,1550.0,1555.0,1549.0,1550.0,1133.0
2018-07-20,1550.0,1590.0,1550.0,1589.0,366.0
2018-07-25,1600.0,1602.0,1600.0,1600.0,110.0
2018-07-27,1605.0,1605.0,1600.0,1601.0,73.0
2018-08-02,1600.0,1600.0,1600.0,1600.0,8.0
2018-08-03,1558.0,1606.0,1554.0,1606.0,478.0
2018-08-07,1599.0,1599.0,1599.0,1599.0,1.0
2018-08-08,1560.0,1600.0,1523.0,1600.0,335.0
2018-08-10,1599.0,1599.0,1599.0,1599.0,7.0
2018-08-13,1442.0,1530.0,1442.0,1530.0,97.0
2018-08-15,1443.0,1490.0,1443.0,1490.0,95.0
2018-08-16,1530.0,1540.0,1530.0,1540.0,25.0
2018-08-17,1498.0,1565.0,1498.0,1565.0,419.0
2018-08-24,1565.0,1565.0,1475.0,1485.0,3404.0
2018-08-29,1460.0,1498.0,1451.0,1486.0,57.0
2018-08-31,1530.0,1530.0,1530.0,1530.0,359.0
2018-09-03,1530.0,1540.0,1530.0,1540.0,34.0
2018-09-04,1494.0,1649.0,1494.0,1640.0,24.0
2018-09-07,1477.0,1477.0,1477.0,1477.0,356.0
2018-09-10,1570.0,1570.0,1525.0,1525.0,132.0
2018-09-13,1480.0,1564.0,1475.0,1564.0,3001.0
2018-09-17,1555.0,1555.0,1555.0,1555.0,1.0
2018-09-18,1585.0,1590.0,1575.0,1575.0,3729.0
2018-09-19,1575.0,1575.0,1545.0,1546.0,1085.0
2018-09-20,1585.0,1585.0,1585.0,1585.0,50.0
2018-09-21,1580.0,1590.0,1547.0,1550.0,512.0
2018-09-24,1550.0,1550.0,1550.0,1550.0,10.0
2018-09-25,1550.0,1550.0,1550.0,1550.0,1.0
2018-09-26,1550.0,1550.0,1550.0,1550.0,21.0
2018-09-28,1551.0,1551.0,1499.0,1499.0,2279.0
2018-10-02,1477.0,1477.0,1476.0,1476.0,3.0
2018-10-05,1495.0,1510.0,1490.0,1495.0,1462.0
2018-10-08,1491.0,1496.0,1490.0,1490.0,84.0
2018-10-09,1490.0,1490.0,1490.0,1490.0,23.0
2018-10-10,1500.0,1500.0,1495.0,1495.0,8.0
2018-10-11,1495.0,1510.0,1481.0,1510.0,82.0
2018-10-12,1490.0,1510.0,1490.0,1510.0,45.0
2018-10-15,1492.0,1492.0,1470.0,1470.0,200.0
2018-10-17,1462.0,1462.0,1433.0,1436.0,477.0
2018-10-18,1460.0,1460.0,1350.0,1350.0,483.0
2018-10-19,1400.0,1483.0,1400.0,1430.0,349.0
2018-10-22,1445.0,1445.0,1445.0,1445.0,67.0
2018-10-25,1445.0,1445.0,1445.0,1445.0,97.0
2018-10-26,1478.0,1478.0,1478.0,1478.0,1.0
2018-10-29,1479.0,1479.0,1479.0,1479.0,115.0
2018-10-30,1470.0,1470.0,1450.0,1450.0,5874.0
2018-10-31,1450.0,1450.0,1450.0,1450.0,122.0
2018-11-02,1470.0,1470.0,1470.0,1470.0,187.0
2018-11-08,1426.0,1465.0,1426.0,1465.0,280.0
2018-11-09,1589.0,1589.0,1433.0,1433.0,76.0
2018-11-12,1540.0,1540.0,1540.0,1540.0,3.0
2018-11-16,1506.0,1506.0,1452.0,1452.0,151.0
2018-11-23,1456.0,1456.0,1426.0,1426.0,60.0
2018-11-26,1431.0,1450.0,1431.0,1450.0,15.0
2018-11-27,1435.0,1435.0,1360.0,1400.0,7488.0
2018-11-28,1400.0,1400.0,1400.0,1400.0,1115.0
2018-11-29,1371.0,1420.0,1370.0,1420.0,140.0
2018-11-30,1400.0,1430.0,1365.0,1430.0,885.0
2018-12-03,1377.0,1377.0,1377.0,1377.0,15.0
2018-12-04,1381.0,1382.0,1380.0,1380.0,351.0
2018-12-05,1381.0,1381.0,1380.0,1380.0,220.0
2018-12-07,1381.0,1381.0,1380.0,1380.0,324.0
2018-12-10,1377.0,1377.0,1364.0,1364.0,60.0
2018-12-11,1370.0,1380.0,1370.0,1380.0,16304.0
2018-12-12,1380.0,1381.0,1380.0,1380.0,1342.0
2018-12-14,1390.0,1390.0,1380.0,1380.0,455.0
2018-12-17,1380.0,1389.0,1380.0,1389.0,380.0
2018-12-18,1388.0,1388.0,1388.0,1388.0,8.0
2018-12-19,1385.0,1385.0,1380.0,1380.0,151.0
2018-12-20,1380.0,1380.0,1380.0,1380.0,74.0
2018-12-21,1345.0,1345.0,1345.0,1345.0,122.0
2018-12-24,1354.0,1354.0,1354.0,1354.0,78.0
2018-12-26,1379.0,1379.0,1340.0,1340.0,580.0
2018-12-27,1350.0,1365.0,1280.0,1280.0,998.0
2018-12-28,1355.0,1355.0,1260.0,1260.0,1710.0
2018-12-31,1275.0,1297.0,1275.0,1297.0,233.0
2019-01-02,1368.0,1368.0,1291.0,1291.0,64.0
2019-01-03,1310.0,1310.0,1310.0,1310.0,325.0
2019-01-04,1320.0,1350.0,1289.0,1350.0,549.0
2019-01-07,1316.0,1316.0,1315.0,1315.0,30.0
2019-01-08,1316.0,1316.0,1315.0,1315.0,326.0
2019-01-09,1325.0,1370.0,1325.0,1369.0,3736.0
2019-01-10,1332.0,1332.0,1332.0,1332.0,17.0
2019-01-14,1335.0,1360.0,1335.0,1360.0,3638.0
2019-01-15,1360.0,1370.0,1352.0,1352.0,379.0
2019-01-16,1360.0,1376.0,1360.0,1376.0,87.0
2019-01-17,1352.0,1352.0,1343.0,1343.0,84.0
2019-01-18,1350.0,1350.0,1330.0,1350.0,874.0
2019-01-21,1350.0,1365.0,1350.0,1360.0,87.0
2019-01-22,1365.0,1365.0,1360.0,1360.0,436.0
2019-01-23,1360.0,1373.0,1360.0,1373.0,1130.0
2019-01-24,1380.0,1400.0,1370.0,1399.0,7798.0
2019-01-25,1411.0,1420.0,1382.0,1382.0,1397.0
2019-01-29,1380.0,1388.0,1380.0,1380.0,338.0
2019-01-30,1390.0,1390.0,1390.0,1390.0,50.0
2019-01-31,1400.0,1410.0,1380.0,1408.0,5352.0
2019-02-01,1400.0,1401.0,1390.0,1390.0,2056.0
2019-02-04,1405.0,1405.0,1405.0,1405.0,2500.0
2019-02-05,1405.0,1435.0,1405.0,1435.0,2017.0
2019-02-06,1407.0,1412.0,1407.0,1411.0,2307.0
2019-02-07,1412.0,1412.0,1412.0,1412.0,10.0
2019-02-08,1419.0,1450.0,1419.0,1450.0,3411.0
2019-02-11,1460.0,1500.0,1450.0,1450.0,1309.0
2019-02-12,1436.0,1485.0,1435.0,1485.0,2136.0
2019-02-13,1490.0,1490.0,1450.0,1460.0,2666.0
2019-02-14,1485.0,1485.0,1452.0,1452.0,104.0
2019-02-15,1460.0,1465.0,1460.0,1460.0,543.0
2019-02-19,1460.0,1460.0,1455.0,1455.0,850.0
2019-02-20,1455.0,1455.0,1450.0,1450.0,608.0
2019-02-21,1450.0,1450.0,1450.0,1450.0,171.0
2019-02-22,1430.0,1430.0,1430.0,1430.0,326.0
2019-02-26,1450.0,1450.0,1450.0,1450.0,150.0
2019-03-01,1430.0,1430.0,1407.0,1415.0,121.0
2019-03-05,1401.0,1402.0,1390.0,1402.0,16.0
2019-03-07,1415.0,1415.0,1415.0,1415.0,770.0
2019-03-08,1405.0,1447.0,1405.0,1410.0,39.0
2019-03-12,1440.0,1440.0,1415.0,1415.0,1258.0
2019-03-13,1420.0,1440.0,1420.0,1440.0,537.0
2019-03-14,1445.0,1445.0,1420.0,1430.0,249.0
2019-03-15,1443.0,1458.0,1443.0,1458.0,37.0
2019-03-18,1458.0,1479.0,1415.0,1470.0,1048.0
2019-03-19,1445.0,1450.0,1445.0,1450.0,45.0
2019-03-20,1450.0,1478.0,1440.0,1456.0,32240.0
2019-03-21,1427.0,1469.0,1427.0,1469.0,17.0
2019-03-22,1420.0,1420.0,1420.0,1420.0,473.0
2019-03-25,1450.0,1450.0,1450.0,1450.0,108.0
2019-03-26,1589.0,1589.0,1589.0,1589.0,14294.0
2019-03-27,1575.0,1584.0,1550.0,1550.0,3773.0
2019-03-28,1549.0,1569.0,1530.0,1550.0,349.0
2019-03-29,1565.0,1565.0,1511.0,1511.0,1355.0
2019-04-01,1569.0,1590.0,1526.0,1526.0,359.0
2019-04-02,1530.0,1530.0,1526.0,1526.0,104.0
2019-04-03,1530.0,1540.0,1530.0,1530.0,3126.0
2019-04-04,1550.0,1550.0,1548.0,1550.0,4173.0
2019-04-05,1553.0,1553.0,1532.0,1533.0,306.0
2019-04-08,1533.0,1533.0,1532.0,1532.0,459.0
2019-04-09,1533.0,1565.0,1533.0,1550.0,2201.0
2019-04-10,1564.0,1564.0,1541.0,1541.0,90.0
2019-04-11,1564.0,1585.0,1564.0,1580.0,1415.0
2019-04-12,1580.0,1580.0,1579.0,1579.0,5102.0
2019-04-15,1562.0,1566.0,1562.0,1566.0,1.0
2019-04-16,1579.0,1644.0,1579.0,1601.0,20296.0
2019-04-17,1590.0,1598.0,1590.0,1590.0,7851.0
2019-04-18,1590.0,1619.0,1583.0,1600.0,196.0
2019-04-19,1600.0,1600.0,1570.0,1570.0,912.0
2019-04-22,1590.0,1590.0,1585.0,1585.0,42.0
2019-04-23,1585.0,1599.0,1574.0,1574.0,470.0
2019-04-24,1593.0,1599.0,1570.0,1570.0,836.0
2019-04-25,1570.0,1583.0,1552.0,1552.0,158.0
2019-04-26,1570.0,1570.0,1570.0,1570.0,66.0
2019-04-29,1570.0,1570.0,1570.0,1570.0,99.0
2019-04-30,1570.0,1570.0,1570.0,1570.0,4.0
2019-05-02,1570.0,1570.0,1570.0,1570.0,137.0
2019-05-03,1570.0,1570.0,1561.0,1570.0,148.0
2019-05-06,1570.0,1570.0,1560.0,1560.0,43.0
2019-05-07,1560.0,1570.0,1560.0,1570.0,90.0
2019-05-08,1561.0,1575.0,1561.0,1575.0,88.0
2019-05-09,1570.0,1570.0,1570.0,1570.0,22.0
2019-05-10,1571.0,1595.0,1570.0,1595.0,69.0
2019-05-14,1589.0,1589.0,1589.0,1589.0,10.0
2019-05-15,1580.0,1585.0,1580.0,1585.0,508.0
2019-05-16,1580.0,1580.0,1580.0,1580.0,1527.0
2019-05-17,1580.0,1589.0,1580.0,1589.0,128.0
2019-05-20,1590.0,1590.0,1580.0,1580.0,619.0
2019-05-21,1580.0,1580.0,1575.0,1575.0,1176.0
2019-05-22,1572.0,1572.0,1571.0,1572.0,505.0
2019-05-23,1580.0,1580.0,1575.0,1578.0,67.0
2019-05-24,1580.0,1585.0,1572.0,1585.0,219.0
2019-05-29,1580.0,1585.0,1575.0,1575.0,139.0
2019-05-30,1575.0,1594.0,1565.0,1565.0,37.0
2019-05-31,1590.0,1590.0,1590.0,1590.0,35.0
2019-06-03,1592.0,1592.0,1591.0,1591.0,9.0
2019-06-04,1585.0,1585.0,1585.0,1585.0,8.0
2019-06-10,1585.0,1585.0,1580.0,1580.0,93.0
2019-06-11,1580.0,1580.0,1580.0,1580.0,121.0
2019-06-12,1576.0,1580.0,1576.0,1580.0,124.0
2019-06-13,1578.0,1578.0,1575.0,1575.0,122.0
2019-06-14,1580.0,1582.0,1570.0,1570.0,293.0
2019-06-17,1570.0,1570.0,1560.0,1560.0,4773.0
2019-06-18,1560.0,1560.0,1560.0,1560.0,3249.0
2019-06-19,1560.0,1570.0,1560.0,1562.0,4412.0
2019-06-20,1575.0,1594.0,1560.0,1560.0,912.0
2019-06-21,1565.0,1570.0,1540.0,1540.0,1500.0
2019-06-24,1550.0,1550.0,1543.0,1550.0,20.0
2019-06-25,1570.0,1580.0,1550.0,1580.0,61.0
2019-06-26,1575.0,1575.0,1550.0,1550.0,1005.0
2019-06-27,1560.0,1572.0,1560.0,1560.0,830.0
2019-06-28,1570.0,1579.0,1550.0,1550.0,1259.0
2019-07-01,1565.0,1570.0,1560.0,1560.0,568.0
2019-07-02,1560.0,1562.0,1545.0,1545.0,3991.0
2019-07-03,1416.0,1416.0,1370.0,1370.0,122.0
2019-07-04,1360.0,1379.0,1360.0,1379.0,48.0
2019-07-05,1379.0,1399.0,1375.0,1399.0,617.0
2019-07-08,1361.0,1419.0,1361.0,1419.0,225.0
2019-07-09,1420.0,1420.0,1381.0,1381.0,2.0
2019-07-10,1385.0,1385.0,1382.0,1382.0,25.0
2019-07-11,1400.0,1400.0,1385.0,1385.0,51.0
2019-07-12,1400.0,1400.0,1400.0,1400.0,47.0
2019-07-15,1412.0,1412.0,1400.0,1400.0,4141.0
2019-07-16,1412.0,1412.0,1400.0,1412.0,39.0
2019-07-17,1403.0,1412.0,1403.0,1403.0,12.0
2019-07-18,1412.0,1415.0,1407.0,1415.0,1116.0
2019-07-19,1408.0,1430.0,1400.0,1400.0,552.0
2019-07-22,1407.0,1407.0,1400.0,1400.0,3236.0
2019-07-23,1400.0,1400.0,1390.0,1390.0,73.0
2019-07-24,1400.0,1400.0,1400.0,1400.0,356.0
2019-07-25,1400.0,1400.0,1400.0,1400.0,250.0
2019-07-26,1400.0,1430.0,1390.0,1430.0,8402.0
2019-07-29,1430.0,1430.0,1390.0,1430.0,497.0
2019-07-31,1425.0,1425.0,1425.0,1425.0,1.0
2019-08-01,1400.0,1400.0,1396.0,1396.0,13.0
2019-08-02,1400.0,1400.0,1396.0,1396.0,2532.0
2019-08-05,1393.0,1393.0,1392.0,1392.0,15.0
2019-08-06,1418.0,1429.0,1418.0,1429.0,105.0
2019-08-08,1426.0,1426.0,1397.0,1397.0,31.0
2019-08-09,1396.0,1396.0,1385.0,1385.0,996.0
2019-08-15,1386.0,1386.0,1385.0,1385.0,303.0
2019-08-16,1400.0,1400.0,1383.0,1400.0,418.0
2019-08-19,1400.0,1400.0,1380.0,1380.0,434.0
2019-08-23,1398.0,1398.0,1398.0,1398.0,13.0
2019-08-27,1396.0,1397.0,1395.0,1397.0,250.0
2019-08-28,1387.0,1387.0,1365.0,1365.0,389.0
2019-08-29,1375.0,1376.0,1365.0,1365.0,1345.0
2019-08-30,1365.0,1365.0,1354.0,1355.0,7532.0
2019-09-02,1350.0,1350.0,1350.0,1350.0,1.0
2019-09-03,1350.0,1351.0,1350.0,1350.0,285.0
2019-09-04,1355.0,1355.0,1350.0,1350.0,2540.0
2019-09-05,1355.0,1365.0,1355.0,1365.0,105.0
2019-09-06,1355.0,1385.0,1355.0,1385.0,52.0
2019-09-09,1365.0,1365.0,1365.0,1365.0,22.0
2019-09-10,1356.0,1356.0,1355.0,1356.0,15.0
2019-09-11,1361.0,1379.0,1360.0,1379.0,82.0
2019-09-12,1379.0,1379.0,1379.0,1379.0,61.0
2019-09-13,1387.0,1395.0,1370.0,1395.0,132.0
2019-09-17,1376.0,1377.0,1376.0,1377.0,2.0
2019-09-19,1377.0,1377.0,1371.0,1371.0,71.0
2019-09-20,1370.0,1370.0,1356.0,1356.0,70.0
2019-09-24,1350.0,1350.0,1302.0,1344.0,341.0
2019-09-25,1350.0,1350.0,1350.0,1350.0,2.0
2019-09-27,1327.0,1384.0,1327.0,1384.0,81.0
2019-09-30,1382.0,1383.0,1382.0,1383.0,8.0
2019-10-01,1350.0,1350.0,1350.0,1350.0,74.0
2019-10-02,1311.0,1311.0,1311.0,1311.0,450.0
2019-10-03,1310.0,1377.0,1309.0,1377.0,145.0
2019-10-04,1320.0,1320.0,1283.0,1300.0,1004.0
2019-10-07,1335.0,1335.0,1335.0,1335.0,2600.0
2019-10-11,1291.0,1291.0,1291.0,1291.0,1230.0
2019-10-15,1335.0,1335.0,1335.0,1335.0,1.0
2019-10-18,1302.0,1302.0,1286.0,1286.0,973.0
2019-10-21,1300.0,1300.0,1300.0,1300.0,118.0
2019-10-22,1300.0,1300.0,1300.0,1300.0,29.0
2019-10-23,1290.0,1295.0,1290.0,1295.0,405.0
2019-10-24,1300.0,1300.0,1300.0,1300.0,2.0
2019-10-25,1296.0,1335.0,1295.0,1335.0,1508.0
2019-10-28,1295.0,1295.0,1292.0,1294.0,1222.0
2019-10-29,1294.0,1320.0,1294.0,1320.0,233.0
2019-10-30,1294.0,1294.0,1294.0,1294.0,4.0
2019-10-31,1300.0,1300.0,1295.0,1295.0,101.0
2019-11-01,1310.0,1335.0,1310.0,1335.0,77.0
2019-11-04,1344.0,1344.0,1340.0,1340.0,9.0
2019-11-05,1340.0,1340.0,1330.0,1330.0,41.0
2019-11-07,1321.0,1321.0,1321.0,1321.0,5.0
2019-11-08,1360.0,1360.0,1360.0,1360.0,250.0
2019-11-12,1384.0,1389.0,1384.0,1389.0,48.0
2019-11-13,1389.0,1400.0,1370.0,1399.0,9156.0
2019-11-14,1325.0,1325.0,1325.0,1325.0,150.0
2019-11-15,1363.0,1400.0,1344.0,1400.0,423.0
2019-11-19,1425.0,1428.0,1425.0,1428.0,60.0
2019-11-21,1426.0,1426.0,1426.0,1426.0,16.0
2019-11-22,1425.0,1447.0,1423.0,1447.0,362.0
2019-11-26,1447.0,1500.0,1447.0,1500.0,1914.0
2019-11-27,1500.0,1528.0,1500.0,1500.0,213.0
2019-11-28,1500.0,1500.0,1499.0,1499.0,165.0
2019-11-29,1499.0,1500.0,1420.0,1420.0,1245.0
2019-12-02,1440.0,1440.0,1440.0,1440.0,4.0
2019-12-03,1490.0,1505.0,1489.0,1505.0,3109.0
2019-12-04,1505.0,1555.0,1505.0,1550.0,4049.0
2019-12-05,1550.0,1555.0,1524.0,1554.0,3348.0
2019-12-06,1570.0,1570.0,1550.0,1555.0,209.0
2019-12-09,1570.0,1570.0,1569.0,1569.0,14.0
2019-12-10,1577.0,1650.0,1577.0,1650.0,8161.0
2019-12-11,1650.0,1650.0,1600.0,1600.0,90.0
2019-12-12,1600.0,1620.0,1581.0,1620.0,2567.0
2019-12-13,1600.0,1600.0,1600.0,1600.0,75.0
2019-12-16,1600.0,1600.0,1600.0,1600.0,41.0
2019-12-17,1600.0,1600.0,1600.0,1600.0,5.0
2019-12-18,1575.0,1600.0,1566.0,1600.0,250.0
2019-12-19,1575.0,1605.0,1575.0,1605.0,21.0
2019-12-20,1615.0,1625.0,1615.0,1625.0,2216.0
2019-12-23,1625.0,1625.0,1579.0,1580.0,360.0
2019-12-24,1617.0,1617.0,1600.0,1617.0,169.0
2019-12-25,1590.0,1590.0,1590.0,1590.0,255.0
2019-12-26,1586.0,1621.0,1586.0,1621.0,27.0
2019-12-27,1623.0,1623.0,1610.0,1620.0,6860.0
2019-12-31,1649.0,1649.0,1649.0,1649.0,1000.0
2020-01-02,1648.0,1650.0,1648.0,1650.0,2015.0
2020-01-06,1649.0,1680.0,1649.0,1679.0,1590.0
2020-01-07,1675.0,1700.0,1675.0,1700.0,1612.0
2020-01-08,1689.0,1728.0,1689.0,1715.0,9979.0
2020-01-09,1724.0,1742.0,1711.0,1739.0,2572.0
2020-01-10,1723.0,1723.0,1718.0,1720.0,31.0
2020-01-13,1701.0,1701.0,1701.0,1701.0,4.0
2020-01-14,1701.0,1701.0,1701.0,1701.0,97.0
2020-01-15,1720.0,1735.0,1720.0,1735.0,1922.0
2020-01-16,1720.0,1720.0,1720.0,1720.0,100.0
2020-01-17,1720.0,1720.0,1700.0,1720.0,552.0
2020-01-20,1720.0,1720.0,1720.0,1720.0,1331.0
2020-01-21,1735.0,1740.0,1735.0,1740.0,37.0
2020-01-22,1739.0,1739.0,1739.0,1739.0,40.0
2020-01-24,1701.0,1735.0,1701.0,1735.0,632.0
2020-01-27,1739.0,1739.0,1739.0,1739.0,20.0
2020-01-28,1738.0,1738.0,1738.0,1738.0,5.0
2020-01-31,1735.0,1735.0,1735.0,1735.0,400.0
2020-02-03,1700.0,1734.0,1698.0,1734.0,183.0
2020-02-07,1719.0,1719.0,1701.0,1701.0,140.0
2020-02-11,1700.0,1734.0,1700.0,1734.0,21.0
2020-02-13,1700.0,1734.0,1700.0,1733.0,2266.0
2020-02-14,1734.0,1740.0,1734.0,1740.0,2500.0
2020-02-18,1703.0,1703.0,1701.0,1701.0,178.0
2020-02-20,1720.0,1720.0,1720.0,1720.0,5100.0
2020-02-21,1725.0,1735.0,1725.0,1726.0,3002.0
2020-02-24,1727.0,1735.0,1727.0,1735.0,55.0
2020-02-25,1735.0,1735.0,1730.0,1730.0,47.0
2020-02-26,1735.0,1735.0,1735.0,1735.0,12.0
2020-02-27,1720.0,1725.0,1720.0,1720.0,2871.0
2020-02-28,1700.0,1720.0,1650.0,1710.0,568.0
2020-03-02,1700.0,1700.0,1700.0,1700.0,12.0
2020-03-03,1700.0,1700.0,1700.0,1700.0,350.0
2020-03-04,1690.0,1690.0,1690.0,1690.0,90.0
2020-03-06,1690.0,1695.0,1599.0,1599.0,3129.0
2020-03-09,1500.0,1500.0,1440.0,1469.0,2730.0
2020-03-10,1500.0,1550.0,1500.0,1550.0,1082.0
2020-03-11,1596.0,1600.0,1572.0,1572.0,179.0
2020-03-12,1561.0,1561.0,1415.0,1415.0,1284.0
2020-03-13,1405.0,1420.0,1351.0,1351.0,283.0
2020-03-16,1230.0,1230.0,1216.0,1216.0,209.0
2020-03-17,1168.0,1168.0,1168.0,1168.0,530.0
2020-03-18,1122.0,1122.0,1122.0,1122.0,15.0
2020-03-19,1102.0,1166.0,1102.0,1165.0,5112.0
2020-03-20,1209.0,1211.0,1209.0,1211.0,2026.0
2020-03-23,1217.0,1259.0,1217.0,1259.0,67.0
2020-03-24,1309.0,1309.0,1295.0,1295.0,922.0
2020-03-25,1244.0,1244.0,1244.0,1244.0,129.0
2020-03-27,1195.0,1195.0,1195.0,1195.0,65.0
2020-03-30,1148.0,1148.0,1148.0,1148.0,658.0
2020-03-31,1140.0,1140.0,1103.0,1104.0,1029.0
2020-04-01,1103.0,1103.0,1100.0,1100.0,48.0
2020-04-02,1100.0,1100.0,1096.0,1096.0,972.0
2020-04-06,1065.0,1065.0,1053.0,1053.0,102.0
2020-04-07,1052.0,1052.0,1052.0,1052.0,119.0
2020-04-08,1090.0,1090.0,1090.0,1090.0,154.0
2020-04-09,1090.0,1090.0,1090.0,1090.0,33.0
2020-04-10,1090.0,1090.0,1090.0,1090.0,201.0
2020-04-13,1050.0,1050.0,1047.0,1047.0,56.0
2020-04-14,1048.0,1048.0,1010.0,1030.0,270.0
2020-04-15,1069.0,1069.0,1069.0,1069.0,1.0
2020-04-16,1027.0,1027.0,1027.0,1027.0,24.0
2020-04-17,1030.0,1030.0,1029.0,1029.0,508.0
2020-04-20,1015.0,1015.0,1015.0,1015.0,43.0
2020-04-21,1015.0,1015.0,980.09998,1000.0,187.0
2020-04-22,981.0,981.0,975.0,975.0,220.0
2020-04-23,963.0,963.0,963.0,963.0,30.0
2020-04-24,970.0,970.0,924.5,924.5,11423.0
2020-04-28,901.0,910.0,901.0,902.0,7088.0
2020-04-29,920.0,938.0,920.0,938.0,20.0
2020-04-30,956.70001,970.0,950.0,950.0,471.0
2020-05-04,969.0,987.90002,950.0,987.90002,734.0
2020-05-05,1019.0,1027.0,1019.0,1027.0,1187.0
2020-05-06,1060.0,1068.0,1060.0,1068.0,45.0
2020-05-07,1080.0,1110.0,1080.0,1110.0,120.0
2020-05-08,1150.0,1154.0,1100.0,1100.0,677.0
2020-05-11,1091.0,1127.0,1071.0,1127.0,409.0
2020-05-12,1105.0,1105.0,1082.0,1082.0,99.0
2020-05-13,1061.0,1076.0,1055.0,1076.0,36.0
2020-05-14,1056.0,1060.0,1050.0,1050.0,2867.0
2020-05-15,1080.0,1080.0,1080.0,1080.0,250.0
2020-05-18,1037.0,1069.0,1037.0,1069.0,962.0
2020-05-19,1069.0,1069.0,1069.0,1069.0,30.0
2020-05-20,1060.0,1060.0,1045.0,1045.0,192.0
2020-05-21,1045.0,1050.0,1044.0,1050.0,608.0
2020-05-22,1065.0,1090.0,1065.0,1090.0,400.0
2020-05-26,1133.0,1133.0,1133.0,1133.0,1117.0
2020-05-27,1150.0,1178.0,1150.0,1178.0,153.0
2020-05-28,1198.0,1225.0,1198.0,1204.0,743.0
2020-05-29,1205.0,1224.0,1204.0,1205.0,541.0
2020-06-01,1218.0,1218.0,1204.0,1204.0,191.0
2020-06-02,1217.0,1225.0,1200.0,1220.0,4175.0
2020-06-03,1240.0,1250.0,1220.0,1250.0,1093.0
2020-06-04,1290.0,1290.0,1250.0,1250.0,85.0
2020-06-05,1260.0,1260.0,1251.0,1251.0,179.0
2020-06-08,1262.0,1287.0,1262.0,1265.0,58.0
2020-06-09,1262.0,1285.0,1262.0,1285.0,3102.0
2020-06-10,1280.0,1280.0,1266.0,1266.0,7.0
2020-06-11,1266.0,1266.0,1251.0,1251.0,319.0
2020-06-12,1251.0,1270.0,1250.0,1270.0,6765.0
2020-06-17,1270.0,1320.0,1270.0,1320.0,362.0
2020-06-18,1368.0,1368.0,1300.0,1307.0,2048.0
2020-06-19,1305.0,1305.0,1300.0,1300.0,1179.0
2020-06-22,1270.0,1300.0,1270.0,1300.0,9665.0
2020-06-23,1300.0,1300.0,1300.0,1300.0,1050.0
2020-06-25,1295.0,1295.0,1295.0,1295.0,1000.0
2020-06-26,1272.0,1295.0,1272.0,1295.0,668.0
2020-06-29,1281.0,1283.0,1270.0,1270.0,8401.0
2020-06-30,1265.0,1265.0,1230.0,1230.0,2789.0
2020-07-01,1181.0,1181.0,1181.0,1181.0,163.0
2020-07-02,1182.0,1183.0,1134.0,1134.0,1403.0
2020-07-03,1154.0,1156.0,1129.0,1129.0,1374.0
2020-07-06,1132.0,1132.0,1105.0,1125.0,1658.0
2020-07-08,1116.0,1116.0,1081.0,1081.0,1990.0
2020-07-09,1080.0,1080.0,1045.0,1050.0,2566.0
2020-07-10,1090.0,1091.0,1060.0,1091.0,1299.0
2020-07-13,1110.0,1134.0,1110.0,1134.0,5001.0
2020-07-14,1140.0,1179.0,1140.0,1179.0,3089.0
2020-07-15,1179.0,1188.0,1179.0,1188.0,2042.0
2020-07-16,1188.0,1200.0,1188.0,1200.0,310.0
2020-07-20,1200.0,1200.0,1200.0,1200.0,2502.0
2020-07-22,1220.0,1240.0,1220.0,1240.0,6185.0
2020-07-23,1243.0,1243.0,1240.0,1241.0,914.0
2020-07-24,1245.0,1250.0,1241.0,1241.0,3621.0
2020-07-27,1220.0,1220.0,1220.0,1220.0,102.0
2020-07-28,1221.0,1240.0,1200.0,1240.0,951.0
2020-07-29,1250.0,1274.0,1250.0,1274.0,32.0
2020-08-03,1225.0,1324.0,1225.0,1324.0,303.0
2020-08-04,1325.0,1340.0,1318.0,1319.0,131.0
2020-08-05,1300.0,1340.0,1300.0,1319.0,464.0
2020-08-06,1339.0,1370.0,1339.0,1360.0,2161.0
2020-08-07,1390.0,1390.0,1360.0,1389.0,866.0
2020-08-10,1399.0,1419.0,1393.0,1419.0,1108.0
2020-08-11,1420.0,1420.0,1400.0,1400.0,1855.0
2020-08-12,1361.0,1400.0,1361.0,1400.0,395.0
2020-08-13,1380.0,1400.0,1380.0,1400.0,1442.0
2020-08-17,1367.0,1367.0,1367.0,1367.0,4.0
2020-08-18,1390.0,1407.0,1390.0,1400.0,279.0
2020-08-19,1408.0,1408.0,1400.0,1400.0,324.0
2020-08-24,1400.0,1400.0,1400.0,1400.0,573.0
2020-08-25,1362.0,1370.0,1346.0,1348.0,194.0
2020-08-26,1340.0,1350.0,1340.0,1350.0,219.0
2020-08-28,1350.0,1350.0,1350.0,1350.0,25.0
2020-08-31,1350.0,1350.0,1335.0,1335.0,4.0
2020-09-01,1350.0,1370.0,1350.0,1370.0,295.0
2020-09-02,1395.0,1395.0,1395.0,1395.0,2.0
2020-09-03,1353.0,1398.0,1353.0,1398.0,6.0
2020-09-04,1357.0,1360.0,1350.0,1350.0,238.0
2020-09-09,1350.0,1350.0,1350.0,1350.0,5.0
2020-09-11,1350.0,1389.0,1350.0,1389.0,177.0
2020-09-14,1390.0,1390.0,1390.0,1390.0,20.0
2020-09-15,1389.0,1389.0,1355.0,1355.0,206.0
2020-09-16,1351.0,1351.0,1350.0,1350.0,18.0
2020-09-17,1356.0,1356.0,1350.0,1350.0,128.0
2020-09-18,1351.0,1400.0,1345.0,1400.0,540.0
2020-09-21,1395.0,1395.0,1395.0,1395.0,50.0
2020-09-22,1415.0,1415.0,1415.0,1415.0,150.0
2020-09-23,1419.0,1419.0,1405.0,1405.0,7.0
2020-09-24,1350.0,1350.0,1350.0,1350.0,423.0
2020-09-25,1350.0,1350.0,1341.0,1341.0,568.0
2020-09-28,1335.0,1335.0,1335.0,1335.0,1.0
2020-09-29,1360.0,1375.0,1337.0,1375.0,315.0
2020-09-30,1372.0,1375.0,1359.0,1359.0,2501.0
2020-10-01,1370.0,1370.0,1370.0,1370.0,100.0
2020-10-02,1370.0,1380.0,1370.0,1380.0,107.0
2020-10-07,1359.0,1359.0,1359.0,1359.0,2295.0
2020-10-08,1359.0,1370.0,1359.0,1370.0,467.0
2020-10-09,1353.0,1370.0,1353.0,1370.0,144.0
2020-10-12,1370.0,1370.0,1370.0,1370.0,100.0
2020-10-13,1350.0,1350.0,1347.0,1347.0,50.0
2020-10-14,1360.0,1360.0,1360.0,1360.0,1000.0
2020-10-15,1385.0,1385.0,1385.0,1385.0,50.0
2020-10-16,1384.0,1389.0,1384.0,1385.0,104.0
2020-10-19,1389.0,1389.0,1389.0,1389.0,1.0
2020-10-20,1389.0,1430.0,1389.0,1400.0,1166.0
2020-10-21,1425.0,1425.0,1425.0,1425.0,10.0
2020-10-22,1425.0,1438.0,1410.0,1438.0,1071.0
2020-10-23,1435.0,1450.0,1430.0,1450.0,1162.0
2020-10-26,1420.0,1430.0,1420.0,1430.0,609.0
2020-10-27,1401.0,1430.0,1373.0,1430.0,300.0
2020-11-02,1430.0,1438.0,1430.0,1438.0,140.0
2020-11-03,1420.0,1420.0,1419.0,1419.0,1001.0
2020-11-04,1420.0,1420.0,1420.0,1420.0,125.0
2020-11-10,1419.0,1420.0,1419.0,1419.0,277.0
2020-11-12,1419.0,1419.0,1419.0,1419.0,1.0
2020-11-13,1415.0,1419.0,1399.0,1419.0,2727.0
2020-11-16,1400.0,1430.0,1400.0,1430.0,600.0
2020-11-17,1410.0,1440.0,1410.0,1440.0,2026.0
2020-11-19,1400.0,1405.0,1400.0,1400.0,2443.0
2020-11-20,1411.0,1444.0,1411.0,1444.0,3670.0
2020-11-23,1446.0,1467.0,1446.0,1467.0,495.0
2020-11-24,1467.0,1470.0,1465.0,1465.0,1072.0
2020-11-25,1465.0,1500.0,1465.0,1500.0,609.0
2020-11-26,1500.0,1500.0,1499.0,1499.0,858.0
2020-11-27,1490.0,1490.0,1451.0,1490.0,1018.0
2020-11-30,1485.0,1485.0,1485.0,1485.0,309.0
2020-12-01,1490.0,1490.0,1485.0,1485.0,10.0
2020-12-04,1490.0,1490.0,1490.0,1490.0,311.0
2020-12-07,1497.0,1498.0,1490.0,1490.0,620.0
2020-12-08,1480.0,1480.0,1480.0,1480.0,2000.0
2020-12-10,1453.0,1500.0,1453.0,1498.0,1948.0
2020-12-11,1499.0,1550.0,1499.0,1500.0,1242.0
2020-12-14,1486.0,1514.0,1451.0,1514.0,168.0
2020-12-15,1513.0,1544.0,1500.0,1544.0,1188.0
2020-12-16,1514.0,1529.0,1500.0,1500.0,2065.0
2020-12-17,1500.0,1540.0,1500.0,1540.0,539.0
2020-12-18,1540.0,1540.0,1530.0,1530.0,763.0
2020-12-21,1480.0,1525.0,1480.0,1480.0,755.0
2020-12-22,1474.0,1530.0,1474.0,1529.0,776.0
2020-12-23,1500.0,1500.0,1500.0,1500.0,703.0
2020-12-24,1500.0,1515.0,1500.0,1515.0,1340.0
2020-12-25,1500.0,1500.0,1500.0,1500.0,2001.0
2020-12-28,1456.0,1456.0,1456.0,1456.0,5.0
2020-12-30,1485.0,1490.0,1485.0,1490.0,4038.0
2020-12-31,1518.0,1518.0,1518.0,1518.0,237.0
2021-01-04,1500.0,1518.0,1500.0,1518.0,1500.0
2021-01-05,1521.0,1521.0,1500.0,1500.0,201.0
2021-01-06,1500.0,1500.0,1500.0,1500.0,34.0
2021-01-07,1488.0,1505.0,1475.0,1505.0,4405.0
2021-01-08,1520.0,1520.0,1500.0,1500.0,983.0
2021-01-12,1519.0,1520.0,1519.0,1520.0,90.0
2021-01-13,1505.0,1519.0,1505.0,1519.0,103.0
2021-01-14,1519.0,1520.0,1519.0,1520.0,1269.0
2021-01-15,1524.0,1529.0,1520.0,1520.0,579.0
2021-01-18,1529.0,1529.0,1529.0,1529.0,6.0
2021-01-19,1529.0,1573.0,1529.0,1573.0,2298.0
2021-01-20,1573.0,1600.0,1573.0,1600.0,82.0
2021-01-21,1600.0,1600.0,1600.0,1600.0,820.0
2021-01-22,1600.0,1600.0,1580.0,1595.0,990.0
2021-01-25,1600.0,1600.0,1600.0,1600.0,149.0
2021-01-26,1600.0,1660.0,1600.0,1660.0,2426.0
2021-01-27,1671.0,1671.0,1632.0,1659.0,1850.0
2021-01-28,1659.0,1659.0,1659.0,1659.0,950.0
2021-01-29,1659.0,1696.0,1659.0,1696.0,2753.0
2021-02-01,1699.0,1735.0,1690.0,1700.0,3444.0
2021-02-02,1700.0,1725.0,1700.0,1700.0,10406.0
2021-02-03,1700.0,1700.0,1700.0,1700.0,500.0
2021-02-04,1700.0,1715.0,1697.0,1715.0,1529.0
2021-02-05,1681.0,1681.0,1681.0,1681.0,1910.0
2021-02-08,1715.0,1715.0,1713.0,1713.0,2225.0
2021-02-09,1700.0,1700.0,1699.0,1699.0,757.0
2021-02-10,1680.0,1680.0,1680.0,1680.0,20.0
2021-02-12,1655.0,1700.0,1652.0,1700.0,211.0
2021-02-15,1650.0,1650.0,1650.0,1650.0,37.0
2021-02-17,1652.0,1652.0,1650.0,1650.0,110.0
2021-02-18,1700.0,1700.0,1700.0,1700.0,10.0
2021-02-22,1699.0,1699.0,1699.0,1699.0,30.0
2021-02-24,1650.0,1651.0,1640.0,1640.0,873.0
2021-02-25,1622.0,1692.0,1622.0,1692.0,287.0
2021-02-26,1625.0,1625.0,1625.0,1625.0,211.0
2021-03-01,1630.0,1630.0,1630.0,1630.0,10.0
2021-03-02,1630.0,1630.0,1630.0,1630.0,5.0
2021-03-05,1650.0,1670.0,1630.0,1670.0,1127.0
2021-03-10,1635.0,1635.0,1635.0,1635.0,12.0
2021-03-11,1680.0,1680.0,1648.0,1648.0,7.0
2021-03-12,1650.0,1680.0,1650.0,1680.0,754.0
2021-03-15,1679.0,1679.0,1670.0,1670.0,386.0
2021-03-16,1638.0,1638.0,1638.0,1638.0,30.0
2021-03-17,1660.0,1660.0,1650.0,1660.0,4504.0
2021-03-18,1631.0,1631.0,1594.0,1630.0,306.0
2021-03-19,1630.0,1630.0,1600.0,1600.0,8640.0
2021-03-22,1605.0,1605.0,1565.0,1565.0,117.0
2021-03-23,1565.0,1565.0,1550.0,1550.0,5231.0
2021-03-24,1550.0,1595.0,1516.0,1595.0,1870.0
2021-03-25,1595.0,1600.0,1595.0,1600.0,473.0
2021-03-26,1663.0,1663.0,1663.0,1663.0,52.0
2021-03-29,1700.0,1700.0,1690.0,1690.0,1457.0
2021-03-30,1690.0,1690.0,1675.0,1688.0,4177.0
2021-03-31,1689.0,1690.0,1685.0,1685.0,2485.0
2021-04-01,1701.0,1719.0,1681.0,1700.0,120.0
2021-04-02,1700.0,1705.0,1697.0,1697.0,1963.0
2021-04-06,1675.0,1708.0,1675.0,1707.0,16.0
2021-04-12,1708.0,1708.0,1707.0,1707.0,153.0
2021-04-14,1699.0,1699.0,1699.0,1699.0,1.0
2021-04-15,1699.0,1700.0,1699.0,1700.0,50.0
2021-04-19,1699.0,1699.0,1698.0,1699.0,54.0
2021-04-20,1699.0,1699.0,1695.0,1699.0,32.0
2021-04-21,1688.0,1695.0,1688.0,1695.0,6.0
2021-04-23,1699.0,1699.0,1695.0,1699.0,199.0
2021-04-26,1688.0,1690.0,1688.0,1690.0,9.0
2021-04-27,1699.0,1699.0,1672.0,1672.0,21.0
2021-04-29,1678.0,1699.0,1678.0,1699.0,1034.0
2021-04-30,1695.0,1699.0,1695.0,1699.0,603.0
2021-05-03,1690.0,1690.0,1685.0,1686.0,1937.0
2021-05-04,1699.0,1707.0,1699.0,1707.0,1549.0
2021-05-05,1708.0,1708.0,1700.0,1700.0,1848.0
2021-05-06,1700.0,1700.0,1700.0,1700.0,1057.0
2021-05-07,1708.0,1708.0,1686.0,1686.0,3446.0
2021-05-10,1707.0,1729.0,1707.0,1710.0,6.0
2021-05-11,1709.0,1709.0,1700.0,1700.0,35.0
2021-05-12,1699.0,1699.0,1699.0,1699.0,1.0
2021-05-17,1700.0,1700.0,1700.0,1700.0,253.0
2021-05-18,1700.0,1700.0,1700.0,1700.0,1588.0
2021-05-19,1699.0,1700.0,1698.0,1700.0,595.0
2021-05-20,1694.0,1694.0,1680.0,1680.0,173.0
2021-05-21,1684.0,1698.0,1680.0,1698.0,886.0
2021-05-24,1672.0,1697.0,1663.0,1697.0,133.0
2021-05-25,1690.0,1690.0,1668.0,1672.0,82.0
2021-05-26,1660.0,1660.0,1606.0,1638.0,7050.0
2021-05-27,1650.0,1650.0,1650.0,1650.0,15.0
2021-05-28,1650.0,1650.0,1650.0,1650.0,340.0
2021-06-01,1650.0,1660.0,1650.0,1660.0,160.0
2021-06-02,1699.0,1699.0,1699.0,1699.0,12.0
2021-06-03,1699.0,1750.0,1699.0,1720.0,661.0
2021-06-07,1700.0,1700.0,1686.0,1686.0,7.0
2021-06-08,1688.0,1688.0,1666.0,1688.0,25.0
2021-06-09,1691.0,1720.0,1691.0,1720.0,559.0
2021-06-10,1720.0,1729.0,1710.0,1729.0,32.0
2021-06-11,1702.0,1744.0,1688.0,1744.0,316.0
2021-06-14,1710.0,1710.0,1694.0,1694.0,26.0
2021-06-15,1696.0,1730.0,1695.0,1727.0,2437.0
2021-06-16,1719.0,1720.0,1710.0,1710.0,82.0
2021-06-18,1700.0,1718.0,1680.0,1718.0,4261.0
2021-06-21,1691.0,1691.0,1680.0,1680.0,1054.0
2021-06-22,1681.0,1681.0,1680.0,1680.0,799.0
2021-06-23,1675.0,1680.0,1640.0,1640.0,1113.0
2021-06-24,1699.0,1699.0,1680.0,1680.0,14.0
2021-06-25,1690.0,1690.0,1690.0,1690.0,1800.0
2021-06-28,1700.0,1718.0,1700.0,1718.0,147.0
2021-06-29,1710.0,1710.0,1680.0,1700.0,759.0
2021-06-30,1699.0,1700.0,1699.0,1700.0,100.0
2021-07-01,1680.0,1680.0,1680.0,1680.0,1908.0
2021-07-02,1700.0,1700.0,1680.0,1680.0,11.0
2021-07-05,1647.0,1679.0,1647.0,1656.0,355.0
2021-07-08,1675.0,1675.0,1665.0,1665.0,291.0
2021-07-09,1665.0,1665.0,1635.0,1635.0,4042.0
2021-07-12,1641.0,1665.0,1641.0,1665.0,23.0
2021-07-16,1665.0,1666.0,1665.0,1666.0,76.0
2021-07-23,1679.0,1680.0,1679.0,1680.0,848.0
2021-07-26,1680.0,1685.0,1680.0,1685.0,30.0
2021-07-27,1694.0,1694.0,1690.0,1690.0,8.0
2021-07-28,1680.0,1680.0,1680.0,1680.0,42.0
2021-07-29,1675.0,1699.0,1675.0,1696.0,27.0
2021-08-02,1695.0,1700.0,1695.0,1696.0,1050.0
2021-08-03,1700.0,1750.0,1700.0,1750.0,257.0
2021-08-05,1709.0,1749.0,1708.0,1749.0,35.0
2021-08-06,1746.0,1746.0,1746.0,1746.0,1.0
2021-08-09,1713.0,1713.0,1713.0,1713.0,3.0
2021-08-13,1716.0,1720.0,1716.0,1720.0,257.0
2021-08-18,1726.0,1742.0,1726.0,1742.0,83.0
2021-08-19,1726.0,1726.0,1725.0,1725.0,73.0
2021-08-23,1727.0,1748.0,1727.0,1748.0,13.0
2021-08-24,1749.0,1750.0,1748.0,1750.0,3148.0
2021-08-25,1765.0,1790.0,1744.0,1744.0,70.0
2021-08-26,1750.0,1778.0,1745.0,1750.0,3056.0
2021-08-27,1751.0,1784.0,1746.0,1784.0,1144.0
2021-08-30,1661.0,1692.0,1660.0,1692.0,440.0
2021-08-31,1710.0,1710.0,1700.0,1700.0,3.0
2021-09-01,1700.0,1700.0,1667.0,1667.0,359.0
2021-09-02,1690.0,1690.0,1665.0,1665.0,362.0
2021-09-03,1652.0,1690.0,1645.0,1690.0,1975.0
2021-09-06,1655.0,1655.0,1635.0,1641.0,16.0
2021-09-09,1650.0,1705.0,1650.0,1695.0,393.0
2021-09-10,1695.0,1695.0,1695.0,1695.0,1.0
2021-09-13,1653.0,1653.0,1653.0,1653.0,5.0
2021-09-15,1690.0,1690.0,1690.0,1690.0,1.0
2021-09-16,1661.0,1690.0,1661.0,1690.0,2446.0
2021-09-17,1661.0,1692.0,1661.0,1692.0,13.0
2021-09-20,1690.0,1690.0,1690.0,1690.0,1065.0
2021-09-23,1661.0,1675.0,1661.0,1675.0,1816.0
2021-09-24,1675.0,1675.0,1670.0,1675.0,2000.0
2021-09-27,1675.0,1675.0,1675.0,1675.0,36.0
2021-09-28,1685.0,1685.0,1685.0,1685.0,8972.0
2021-09-29,1675.0,1675.0,1675.0,1675.0,1900.0
2021-09-30,1675.0,1675.0,1670.0,1670.0,1029.0
2021-10-01,1676.0,1676.0,1660.0,1660.0,1184.0
2021-10-04,1660.0,1660.0,1660.0,1660.0,1.0
2021-10-05,1660.0,1660.0,1655.0,1655.0,282.0
2021-10-07,1660.0,1671.0,1660.0,1671.0,40.0
2021-10-08,1690.0,1690.0,1689.0,1689.0,23.0
2021-10-11,1690.0,1702.0,1690.0,1702.0,358.0
2021-10-12,1703.0,1703.0,1660.0,1661.0,11282.0
2021-10-13,1700.0,1710.0,1640.0,1690.0,2076.0
2021-10-14,1709.0,1709.0,1709.0,1709.0,28.0
2021-10-15,1719.0,1719.0,1690.0,1690.0,69.0
2021-10-18,1719.0,1719.0,1661.0,1661.0,1578.0
2021-10-21,1667.0,1667.0,1667.0,1667.0,20.0
2021-10-22,1680.0,1718.0,1680.0,1718.0,1273.0
2021-10-25,1677.0,1677.0,1676.0,1676.0,6.0
2021-10-26,1717.0,1717.0,1710.0,1710.0,211.0
2021-10-28,1710.0,1710.0,1710.0,1710.0,3867.0
2021-10-29,1710.0,1717.0,1710.0,1711.0,2827.0
2021-11-02,1711.0,1718.0,1711.0,1718.0,62.0
2021-11-03,1702.0,1702.0,1701.0,1701.0,50.0
2021-11-04,1710.0,1710.0,1710.0,1710.0,3121.0
2021-11-05,1713.0,1713.0,1700.0,1700.0,1132.0
2021-11-08,1699.0,1699.0,1670.0,1671.0,98.0
2021-11-09,1672.0,1680.0,1671.0,1680.0,37.0
2021-11-12,1700.0,1714.0,1690.0,1690.0,6001.0
2021-11-15,1715.0,1715.0,1713.0,1714.0,40.0
2021-11-17,1700.0,1714.0,1700.0,1714.0,9342.0
2021-11-19,1714.0,1715.0,1714.0,1715.0,57.0
2021-11-22,1715.0,1715.0,1713.0,1713.0,249.0
2021-11-23,1710.0,1710.0,1710.0,1710.0,1000.0
2021-11-24,1701.0,1701.0,1701.0,1701.0,8.0
2021-11-25,1701.0,1701.0,1701.0,1701.0,5.0
2021-11-26,1690.0,1690.0,1670.0,1672.0,706.0
2021-11-29,1672.0,1672.0,1671.0,1671.0,13.0
2021-12-01,1709.0,1709.0,1709.0,1709.0,1.0
2021-12-07,1700.0,1700.0,1700.0,1700.0,8.0
2021-12-09,1685.0,1704.0,1685.0,1704.0,7.0
2021-12-10,1711.0,1711.0,1711.0,1711.0,505.0
2021-12-13,1690.0,1690.0,1690.0,1690.0,10.0
2021-12-14,1686.0,1690.0,1686.0,1690.0,2878.0
2021-12-16,1720.0,1720.0,1720.0,1720.0,1.0
2021-12-17,1710.0,1710.0,1710.0,1710.0,23.0
2021-12-21,1690.0,1708.0,1690.0,1708.0,3136.0
2021-12-23,1690.0,1690.0,1690.0,1690.0,6.0
2021-12-24,1705.0,1706.0,1705.0,1706.0,251.0
2021-12-27,1710.0,1730.0,1706.0,1729.0,968.0
2021-12-28,1734.0,1734.0,1690.0,1710.0,1335.0
2021-12-29,1740.0,1740.0,1740.0,1740.0,150.0
2021-12-30,1700.0,1739.0,1690.0,1739.0,170.0
2021-12-31,1739.0,1760.0,1739.0,1760.0,1013.0
2022-01-03,1720.0,1720.0,1720.0,1720.0,500.0
2022-01-05,1720.0,1720.0,1720.0,1720.0,143.0
2022-01-06,1730.0,1740.0,1730.0,1740.0,312.0
2022-01-07,1749.0,1770.0,1749.0,1770.0,2471.0
2022-01-10,1770.0,1770.0,1770.0,1770.0,1.0
2022-01-13,1770.0,1770.0,1770.0,1770.0,400.0
2022-01-14,1770.0,1787.0,1770.0,1787.0,2153.0
2022-01-17,1790.0,1790.0,1790.0,1790.0,413.0
2022-01-18,1790.0,1795.0,1790.0,1790.0,3652.0
2022-01-19,1797.0,1800.0,1795.0,1800.0,1060.0
2022-01-20,1800.0,1800.0,1800.0,1800.0,870.0
2022-01-21,1800.0,1800.0,1800.0,1800.0,1359.0
2022-01-24,1801.0,1801.0,1801.0,1801.0,10.0
2022-01-25,1801.0,1837.0,1801.0,1837.0,19.0
2022-01-26,1814.0,1830.0,1814.0,1830.0,1048.0
2022-01-31,1830.0,1830.0,1776.0,1830.0,1036.0
2022-02-01,1830.0,1830.0,1830.0,1830.0,700.0
2022-02-02,1830.0,1830.0,1827.0,1830.0,1055.0
2022-02-03,1820.0,1820.0,1820.0,1820.0,2.0
2022-02-07,1773.0,1830.0,1773.0,1830.0,410.0
2022-02-08,1829.0,1830.0,1829.0,1830.0,17.0
2022-02-09,1820.0,1820.0,1820.0,1820.0,370.0
2022-02-11,1774.0,1810.0,1774.0,1810.0,665.0
2022-02-14,1800.0,1800.0,1800.0,1800.0,1000.0
2022-02-15,1800.0,1800.0,1800.0,1800.0,600.0
2022-02-18,1776.0,1800.0,1775.0,1800.0,1331.0
2022-02-21,1776.0,1781.0,1775.0,1775.0,1135.0
2022-02-22,1773.0,1773.0,1773.0,1773.0,390.0
2022-02-23,1799.0,1799.0,1799.0,1799.0,52.0
2022-02-24,1774.0,1819.0,1750.0,1750.0,813.0
2022-02-25,1808.0,1808.0,1808.0,1808.0,2.0
2022-02-28,1800.0,1800.0,1800.0,1800.0,452.0
2022-03-01,1750.0,1750.0,1747.0,1747.0,7.0
2022-03-02,1799.0,1799.0,1721.0,1797.0,52.0
2022-03-03,1795.0,1795.0,1795.0,1795.0,20.0
2022-03-04,1795.0,1795.0,1780.0,1780.0,837.0
2022-03-08,1740.0,1786.0,1740.0,1784.0,381.0
2022-03-09,1785.0,1786.0,1780.0,1780.0,4049.0
2022-03-10,1795.0,1830.0,1780.0,1827.0,1295.0
2022-03-11,1825.0,1830.0,1800.0,1830.0,369.0
2022-03-14,1783.0,1783.0,1780.0,1780.0,68.0
2022-03-15,1800.0,1810.0,1800.0,1810.0,20.0
2022-03-16,1770.0,1770.0,1770.0,1770.0,54.0
2022-03-17,1808.0,1808.0,1808.0,1808.0,5.0
2022-03-18,1807.0,1820.0,1807.0,1820.0,135.0
2022-03-21,1828.0,1830.0,1828.0,1830.0,170.0
2022-03-22,1800.0,1800.0,1800.0,1800.0,1250.0
2022-03-23,1801.0,1801.0,1800.0,1800.0,75.0
2022-03-24,1800.0,1800.0,1800.0,1800.0,500.0
2022-03-25,1800.0,1800.0,1800.0,1800.0,550.0
2022-03-28,1825.0,1846.0,1800.0,1800.0,655.0
2022-03-29,1800.0,1800.0,1800.0,1800.0,1006.0
2022-03-30,1835.0,1835.0,1805.0,1805.0,68.0
2022-04-05,1815.0,1815.0,1805.0,1805.0,19.0
2022-04-07,1805.0,1805.0,1805.0,1805.0,1.0
2022-04-08,1810.0,1810.0,1807.0,1807.0,15.0
2022-04-12,1810.0,1830.0,1810.0,1830.0,30.0
2022-04-13,1830.0,1830.0,1830.0,1830.0,500.0
2022-04-14,1830.0,1830.0,1830.0,1830.0,21.0
2022-04-15,1845.0,1845.0,1845.0,1845.0,540.0
2022-04-18,1850.0,1887.0,1849.0,1887.0,175.0
2022-04-19,1888.0,1970.0,1888.0,1965.0,982.0
2022-04-20,1957.0,1984.0,1957.0,1975.0,4127.0
2022-04-21,1984.0,2000.0,1983.0,1990.0,1683.0
2022-04-22,2000.0,2000.0,1960.0,2000.0,5251.0
2022-04-25,2040.0,2040.0,2020.0,2020.0,374.0
2022-04-26,2000.0,2000.0,1980.0,1980.0,662.0
2022-04-27,2000.0,2020.0,2000.0,2020.0,5101.0
2022-04-28,1987.0,2020.0,1986.0,2000.0,2247.0
2022-04-29,2000.0,2001.0,2000.0,2000.0,2210.0
2022-05-04,2015.0,2015.0,2010.0,2010.0,26.0
2022-05-05,2010.0,2020.0,2010.0,2020.0,16.0
2022-05-06,2020.0,2049.0,2011.0,2039.0,2411.0
2022-05-09,2048.0,2048.0,2035.0,2040.0,3394.0
2022-05-10,2030.0,2030.0,2018.0,2018.0,1117.0
2022-05-11,2009.0,2009.0,2009.0,2009.0,20.0
2022-05-12,1996.0,1996.0,1957.0,1975.0,943.0
2022-05-13,1980.0,2017.0,1965.0,2000.0,2829.0
2022-05-16,2015.0,2117.0,2015.0,2087.0,835.0
2022-05-17,2084.0,2084.0,2050.0,2056.0,718.0
2022-05-18,2084.0,2116.0,2064.0,2112.0,333.0
2022-05-19,2114.0,2116.0,2080.0,2110.0,4340.0
2022-05-20,2115.0,2149.0,2100.0,2147.0,1779.0
2022-05-23,2145.0,2145.0,2084.0,2144.0,1268.0
2022-05-24,2103.0,2136.0,2100.0,2100.0,480.0
2022-05-25,2088.0,2129.0,2026.0,2100.0,76.0
2022-05-26,2027.0,2096.0,2027.0,2096.0,12.0
2022-05-27,2096.0,2100.0,2096.0,2100.0,401.0
2022-05-30,1987.0,2074.0,1987.0,2059.0,257.0
2022-05-31,2035.0,2039.0,2000.0,2039.0,347.0
2022-06-01,2039.0,2040.0,2039.0,2040.0,105.0
2022-06-02,2040.0,2098.0,2015.0,2015.0,925.0
2022-06-03,2030.0,2100.0,2030.0,2100.0,1416.0
2022-06-06,2134.0,2134.0,2134.0,2134.0,4.0
2022-06-07,2012.0,2080.0,2012.0,2080.0,82.0
2022-06-08,2031.0,2100.0,2031.0,2100.0,556.0
2022-06-09,2129.0,2130.0,2129.0,2130.0,67.0
2022-06-10,2100.0,2100.0,2100.0,2100.0,19.0
2022-06-13,2032.0,2098.0,2032.0,2098.0,34.0
2022-06-14,2090.0,2133.0,2044.0,2133.0,9742.0
2022-06-15,2100.0,2100.0,2100.0,2100.0,6758.0
2022-06-16,2070.0,2100.0,2070.0,2070.0,14326.0
2022-06-17,2051.0,2051.0,2050.0,2050.0,2637.0
2022-06-23,2050.0,2050.0,2050.0,2050.0,800.0
2022-06-24,2045.0,2050.0,1928.0,1928.0,614.0
2022-06-27,2040.0,2040.0,2040.0,2040.0,300.0
2022-06-28,2040.0,2040.0,1925.0,2000.0,263.0
2022-06-29,1989.0,2050.0,1989.0,2050.0,546.0
2022-07-01,1928.0,1928.0,1928.0,1928.0,3807.0
2022-07-05,1928.0,1997.0,1928.0,1928.0,113.0
2022-07-06,1900.0,1900.0,1850.0,1850.0,4609.0
2022-07-07,1890.0,1890.0,1890.0,1890.0,100.0
2022-07-08,1856.0,1890.0,1850.0,1890.0,2150.0
2022-07-14,1880.0,1880.0,1860.0,1860.0,93.0
2022-07-15,1855.0,1950.0,1850.0,1950.0,712.0
2022-07-20,1900.0,1900.0,1900.0,1900.0,130.0
2022-07-21,1880.0,1880.0,1880.0,1880.0,1500.0
2022-07-22,1920.0,1920.0,1900.0,1900.0,490.0
2022-07-25,1865.0,1865.0,1865.0,1865.0,4.0
2022-07-29,1919.0,1920.0,1919.0,1920.0,135.0
2022-08-01,1920.0,1920.0,1920.0,1920.0,77.0
2022-08-02,1920.0,1976.0,1917.0,1917.0,125.0
2022-08-03,1901.0,1902.0,1900.0,1901.0,12082.0
2022-08-04,1950.0,1976.0,1930.0,1976.0,4060.0
2022-08-05,1989.0,1990.0,1960.0,1975.0,2346.0
2022-08-08,1956.0,1956.0,1951.0,1951.0,81.0
2022-08-09,1951.0,1951.0,1904.0,1920.0,105.0
2022-08-10,1978.0,1978.0,1978.0,1978.0,1.0
2022-08-11,1950.0,1950.0,1950.0,1950.0,2835.0
2022-08-12,1969.0,1990.0,1969.0,1990.0,594.0
2022-08-15,1962.0,1971.0,1962.0,1971.0,2.0
2022-08-16,1977.0,2000.0,1977.0,2000.0,23.0
2022-08-17,1986.0,1986.0,1985.0,1985.0,6.0
2022-08-18,1992.0,2000.0,1990.0,2000.0,48.0
2022-08-19,2000.0,2000.0,1930.0,1930.0,3190.0
2022-08-22,1942.0,1942.0,1930.0,1931.0,4010.0
2022-08-23,1899.0,1900.0,1890.0,1900.0,72.0
2022-08-24,1900.0,1900.0,1900.0,1900.0,1044.0
2022-08-25,1900.0,1950.0,1900.0,1950.0,7.0
2022-08-26,1950.0,1950.0,1950.0,1950.0,46.0
2022-08-30,1951.0,1951.0,1950.0,1950.0,263.0
2022-08-31,1941.0,1949.0,1895.0,1940.0,133.0
2022-09-01,1939.0,1939.0,1939.0,1939.0,5.0
2022-09-02,1939.0,1950.0,1939.0,1950.0,100.0
2022-09-05,1900.0,1900.0,1900.0,1900.0,566.0
2022-09-06,1898.0,1939.0,1895.0,1939.0,29.0
2022-09-07,1900.0,1900.0,1900.0,1900.0,6.0
2022-09-08,1943.0,1944.0,1897.0,1912.0,68.0
2022-09-09,1930.0,1930.0,1905.0,1905.0,173.0
2022-09-12,1920.0,1920.0,1900.0,1900.0,25.0
2022-09-13,1891.0,1900.0,1891.0,1895.0,524.0
2022-09-14,1900.0,1900.0,1900.0,1900.0,1.0
2022-09-15,1893.0,1893.0,1893.0,1893.0,5.0
2022-09-16,1891.0,1945.0,1891.0,1900.0,1288.0
2022-09-19,1910.0,1910.0,1856.0,1856.0,1073.0
2022-09-20,1899.0,1900.0,1899.0,1900.0,150.0
2022-09-21,1880.0,1899.0,1806.0,1899.0,74.0
2022-09-22,1900.0,1940.0,1900.0,1940.0,264.0
2022-09-23,1901.0,1967.0,1900.0,1967.0,2987.0
2022-09-26,1970.0,1970.0,1910.0,1910.0,1155.0
2022-09-27,1939.0,1939.0,1910.0,1910.0,2539.0
2022-09-28,1920.0,1920.0,1811.0,1900.0,99.0
2022-09-29,1846.0,1900.0,1846.0,1890.0,374.0
2022-09-30,1900.0,1970.0,1800.0,1800.0,1319.0
2022-10-03,1810.0,1810.0,1800.0,1800.0,66.0
2022-10-04,1800.0,1800.0,1800.0,1800.0,41.0
2022-10-05,1803.0,1803.0,1803.0,1803.0,2.0
2022-10-06,1852.0,1853.0,1852.0,1853.0,10.0
2022-10-07,1892.0,1894.0,1892.0,1894.0,29.0
2022-10-14,1885.0,1898.0,1880.0,1890.0,358.0
2022-10-17,1840.0,1889.0,1840.0,1889.0,17.0
2022-10-18,1841.0,1880.0,1841.0,1880.0,60.0
2022-10-19,1875.0,1880.0,1875.0,1880.0,29.0
2022-10-20,1880.0,1880.0,1805.0,1850.0,501.0
2022-10-21,1850.0,1850.0,1850.0,1850.0,150.0
2022-10-24,1800.0,1800.0,1800.0,1800.0,30.0
2022-10-25,1849.0,1849.0,1845.0,1845.0,4255.0
2022-10-26,1811.0,1845.0,1810.0,1845.0,248.0
2022-10-27,1870.0,1870.0,1870.0,1870.0,200.0
2022-10-28,1870.0,1870.0,1870.0,1870.0,320.0
2022-11-01,1875.0,1875.0,1870.0,1870.0,14.0
2022-11-03,1850.0,1850.0,1850.0,1850.0,45.0
2022-11-04,1895.0,1895.0,1895.0,1895.0,250.0
2022-11-07,1870.0,1870.0,1810.0,1810.0,6.0
2022-11-08,1870.0,1870.0,1870.0,1870.0,10.0
2022-11-10,1893.0,1893.0,1884.0,1884.0,85.0
2022-11-11,1850.0,1850.0,1850.0,1850.0,50.0
2022-11-15,1850.0,1850.0,1850.0,1850.0,18.0
2022-11-16,1818.0,1850.0,1810.0,1850.0,44.0
2022-11-17,1879.0,1879.0,1879.0,1879.0,125.0
2022-11-23,1865.0,1865.0,1865.0,1865.0,39.0
2022-11-25,1823.0,1823.0,1823.0,1823.0,20.0
2022-11-28,1830.0,1830.0,1800.0,1800.0,41.0
2022-11-29,1791.0,1791.0,1791.0,1791.0,4.0
2022-11-30,1822.0,1859.0,1822.0,1859.0,132.0
2022-12-01,1858.0,1865.0,1831.0,1864.0,143.0
2022-12-02,1860.0,1863.0,1850.0,1850.0,115.0
2022-12-06,1805.0,1864.0,1795.0,1835.0,176.0
2022-12-07,1870.0,1870.0,1870.0,1870.0,11.0
2022-12-08,1840.0,1840.0,1835.0,1835.0,125.0
2022-12-09,1869.0,1869.0,1869.0,1869.0,5.0
2022-12-12,1834.0,1835.0,1834.0,1835.0,63.0
2022-12-14,1859.0,1859.0,1859.0,1859.0,50.0
2022-12-15,1849.0,1849.0,1849.0,1849.0,19.0
2022-12-16,1845.0,1845.0,1780.0,1840.0,87.0
2022-12-19,1810.0,1810.0,1780.0,1780.0,10.0
2022-12-22,1790.0,1790.0,1790.0,1790.0,1.0
2022-12-28,1800.0,1800.0,1800.0,1800.0,4.0
2022-12-29,1698.0,1698.0,1698.0,1698.0,3398.0
2022-12-30,1698.0,1699.0,1680.0,1680.0,3514.0
2023-01-02,1683.0,1769.0,1680.0,1680.0,56.0
2023-01-03,1680.0,1680.0,1680.0,1680.0,43.0
2023-01-04,1678.0,1678.0,1600.0,1649.0,1442.0
2023-01-05,1601.0,1601.0,1551.0,1551.0,61.0
2023-01-06,1597.0,1597.0,1459.0,1459.0,39.0
2023-01-09,1546.0,1546.0,1546.0,1546.0,5.0
2023-01-10,1540.0,1631.0,1465.0,1631.0,6526.0
2023-01-12,1590.0,1593.0,1590.0,1590.0,9079.0
2023-01-13,1637.0,1684.0,1637.0,1684.0,6.0
2023-01-16,1631.0,1684.0,1631.0,1650.0,522.0
2023-01-17,1699.0,1710.0,1699.0,1710.0,8.0
2023-01-18,1708.0,1708.0,1708.0,1708.0,54.0
2023-01-19,1657.0,1699.0,1651.0,1699.0,12.0
2023-01-20,1652.0,1720.0,1652.0,1720.0,501.0
2023-01-24,1709.0,1709.0,1709.0,1709.0,25.0
2023-01-25,1718.0,1718.0,1718.0,1718.0,23.0
2023-01-26,1718.0,1718.0,1718.0,1718.0,52.0
2023-01-30,1716.0,1716.0,1716.0,1716.0,17.0
2023-02-02,1665.0,1710.0,1665.0,1710.0,612.0
2023-02-03,1710.0,1735.0,1709.0,1735.0,443.0
2023-02-06,1735.0,1735.0,1735.0,1735.0,5.0
2023-02-08,1720.0,1741.0,1710.0,1741.0,2649.0
2023-02-09,1749.0,1830.0,1749.0,1800.0,3433.0
2023-02-13,1759.0,1800.0,1759.0,1800.0,25.0
2023-02-14,1830.0,1830.0,1800.0,1800.0,626.0
2023-02-15,1800.0,1840.0,1796.0,1800.0,1179.0
2023-02-16,1800.0,1800.0,1800.0,1800.0,2.0
2023-02-17,1798.0,1849.0,1798.0,1848.0,613.0
2023-02-21,1848.0,1853.0,1848.0,1853.0,18.0
2023-02-22,1885.0,1885.0,1885.0,1885.0,50.0
2023-02-23,1829.0,1885.0,1824.0,1885.0,254.0
2023-02-24,1876.0,1900.0,1876.0,1892.0,1581.0
2023-03-01,1885.0,1919.0,1850.0,1850.0,122.0
2023-03-03,1830.0,1850.0,1800.0,1850.0,606.0
2023-03-07,1885.0,1900.0,1885.0,1900.0,55.0
2023-03-08,1890.0,1890.0,1890.0,1890.0,253.0
2023-03-10,1780.0,1849.0,1780.0,1849.0,1241.0
2023-03-17,1843.0,1895.0,1843.0,1875.0,1357.0
2023-03-22,1875.0,1875.0,1875.0,1875.0,322.0
2023-03-23,1880.0,1880.0,1880.0,1880.0,4.0
2023-03-24,1876.0,1876.0,1849.0,1849.0,25.0
2023-03-27,1815.0,1815.0,1815.0,1815.0,500.0
2023-03-28,1815.0,1870.0,1815.0,1870.0,809.0
2023-03-30,1814.0,1814.0,1814.0,1814.0,10.0
2023-03-31,1792.0,1794.0,1772.0,1780.0,915.0
2023-04-03,1830.0,1830.0,1829.0,1829.0,13.0
2023-04-05,1800.0,1800.0,1781.0,1781.0,432.0
2023-04-07,1796.0,1800.0,1796.0,1800.0,1213.0
2023-04-11,1780.0,1780.0,1780.0,1780.0,3.0
2023-04-12,1800.0,1800.0,1760.0,1785.0,2343.0
2023-04-13,1869.0,1869.0,1780.0,1790.0,625.0
2023-04-14,1859.0,1859.0,1800.0,1800.0,204.0
2023-04-17,1845.0,1845.0,1845.0,1845.0,5.0
2023-04-18,1840.0,1906.0,1840.0,1906.0,30.0
2023-04-19,1848.0,1848.0,1802.0,1802.0,552.0
2023-04-20,1800.0,1800.0,1790.0,1790.0,800.0
2023-04-21,1790.0,1790.0,1780.0,1780.0,354.0
2023-04-27,1781.0,1781.0,1780.0,1780.0,5.0
2023-04-28,1761.0,1790.0,1740.0,1780.0,176.0
2023-05-02,1750.0,1750.0,1674.0,1674.0,668.0
2023-05-03,1674.0,1674.0,1600.0,1635.0,256.0
2023-05-04,1645.0,1650.0,1645.0,1650.0,407.0
2023-05-08,1635.0,1635.0,1630.0,1630.0,37.0
2023-05-09,1600.0,1600.0,1600.0,1600.0,132.0
2023-05-10,1610.0,1610.0,1610.0,1610.0,117.0
2023-05-11,1610.0,1610.0,1610.0,1610.0,100.0
2023-05-12,1610.0,1696.0,1576.0,1650.0,77.0
2023-05-15,1650.0,1650.0,1650.0,1650.0,16.0
2023-05-16,1651.0,1651.0,1650.0,1650.0,406.0
2023-05-17,1620.0,1621.0,1620.0,1620.0,2508.0
2023-05-18,1620.0,1666.0,1620.0,1666.0,273.0
2023-05-19,1666.0,1667.0,1650.0,1655.0,1143.0
2023-05-24,1650.0,1650.0,1650.0,1650.0,862.0
2023-05-25,1678.0,1684.0,1678.0,1684.0,3.0
2023-05-26,1689.0,1784.0,1688.0,1700.0,2799.0
2023-05-29,1740.0,1740.0,1730.0,1740.0,10.0
2023-05-30,1701.0,1730.0,1690.0,1730.0,379.0
2023-05-31,1740.0,1740.0,1700.0,1729.0,133.0
2023-06-01,1700.0,1700.0,1700.0,1700.0,1.0
2023-06-02,1701.0,1749.0,1700.0,1749.0,98.0
2023-06-05,1748.0,1748.0,1748.0,1748.0,762.0
2023-06-06,1701.0,1701.0,1700.0,1700.0,133.0
2023-06-07,1701.0,1709.0,1700.0,1701.0,133.0
2023-06-08,1700.0,1701.0,1683.0,1684.0,358.0
2023-06-09,1699.0,1701.0,1698.0,1701.0,211.0
2023-06-12,1687.0,1689.0,1650.0,1689.0,251.0
2023-06-13,1690.0,1690.0,1660.0,1660.0,51.0
2023-06-14,1690.0,1700.0,1690.0,1700.0,186.0
2023-06-15,1700.0,1730.0,1700.0,1719.0,360.0
2023-06-16,1727.0,1734.0,1700.0,1734.0,871.0
2023-06-19,1734.0,1750.0,1706.0,1750.0,537.0
2023-06-20,1750.0,1820.0,1750.0,1800.0,2125.0
2023-06-21,1766.0,1799.0,1766.0,1799.0,21.0
2023-06-22,1768.0,1799.0,1767.0,1799.0,174.0
2023-06-23,1799.0,1800.0,1796.0,1800.0,1232.0
2023-06-26,1820.0,1820.0,1820.0,1820.0,2.0
2023-06-27,1770.0,1800.0,1770.0,1800.0,163.0
2023-06-28,1800.0,1800.0,1800.0,1800.0,1000.0
2023-07-03,1768.0,1815.0,1768.0,1815.0,83.0
2023-07-05,1816.0,1819.0,1816.0,1819.0,25.0
2023-07-06,1850.0,1850.0,1850.0,1850.0,200.0
2023-07-07,1801.0,1845.0,1800.0,1845.0,234.0
2023-07-10,1805.0,1839.0,1805.0,1839.0,52.0
2023-07-13,1800.0,1850.0,1800.0,1850.0,5086.0
2023-07-14,1850.0,1855.0,1849.0,1855.0,2724.0
2023-07-17,1822.0,1822.0,1822.0,1822.0,12.0
2023-07-18,1850.0,1850.0,1849.0,1850.0,5906.0
2023-07-20,1850.0,1860.0,1850.0,1860.0,246.0
2023-07-21,1880.0,1916.0,1852.0,1916.0,328.0
2023-07-24,1959.0,1999.0,1959.0,1985.0,38.0
2023-07-25,1980.0,1980.0,1900.0,1901.0,4550.0
2023-07-26,1974.0,1974.0,1974.0,1974.0,1.0
2023-07-27,1950.0,1970.0,1920.0,1970.0,4017.0
2023-07-28,1930.0,2000.0,1925.0,2000.0,431.0
2023-07-31,2005.0,2005.0,2005.0,2005.0,4.0
2023-08-01,1971.0,2002.0,1971.0,2002.0,1211.0
2023-08-02,2000.0,2002.0,1975.0,2000.0,3527.0
2023-08-03,1975.0,2000.0,1975.0,2000.0,73.0
2023-08-04,1976.0,2000.0,1976.0,2000.0,1020.0
2023-08-07,1995.0,1995.0,1995.0,1995.0,3.0
2023-08-09,1980.0,1990.0,1980.0,1990.0,38.0
2023-08-10,1955.0,1989.0,1955.0,1989.0,13.0
2023-08-11,1989.0,2000.0,1989.0,1995.0,249.0
2023-08-15,1966.0,1996.0,1966.0,1996.0,11.0
2023-08-17,1994.0,1994.0,1994.0,1994.0,1.0
2023-08-18,1993.0,1993.0,1993.0,1993.0,400.0
2023-08-22,1966.0,1990.0,1966.0,1990.0,124.0
2023-08-23,1989.0,1989.0,1989.0,1989.0,74.0
2023-08-25,1988.0,1988.0,1980.0,1980.0,30.0
2023-08-29,1987.0,1987.0,1987.0,1987.0,20.0
2023-09-01,1979.0,1994.0,1922.0,1989.0,414.0
2023-09-04,1993.0,1995.0,1993.0,1995.0,20.0
2023-09-05,1960.0,1960.0,1960.0,1960.0,1270.0
2023-09-06,1950.0,1950.0,1950.0,1950.0,383.0
2023-09-07,1940.0,1940.0,1935.0,1940.0,2276.0
2023-09-08,1960.0,1960.0,1960.0,1960.0,5.0
2023-09-11,1931.0,1931.0,1931.0,1931.0,54.0
2023-09-12,1931.0,1931.0,1930.0,1930.0,23.0
2023-09-13,1960.0,1960.0,1930.0,1930.0,279.0
2023-09-14,1955.0,1955.0,1955.0,1955.0,1.0
2023-09-15,1935.0,1935.0,1935.0,1935.0,120.0
2023-09-18,1922.0,1930.0,1910.0,1930.0,611.0
2023-09-19,1900.0,1959.0,1900.0,1959.0,26.0
2023-09-20,1902.0,1902.0,1902.0,1902.0,57.0
2023-09-21,1816.0,1850.0,1816.0,1850.0,3947.0
2023-09-25,1850.0,1850.0,1830.0,1850.0,1380.0
2023-09-26,1820.0,1821.0,1820.0,1820.0,729.0
2023-09-27,1850.0,1850.0,1850.0,1850.0,1.0
2023-10-02,1920.0,1940.0,1900.0,1900.0,99.0
2023-10-03,1900.0,1900.0,1900.0,1900.0,4.0
2023-10-04,1899.0,1899.0,1870.0,1870.0,60.0
2023-10-05,1945.0,1945.0,1889.0,1889.0,9215.0
2023-10-06,1870.0,1870.0,1800.0,1800.0,8501.0
2023-10-09,1898.0,1898.0,1898.0,1898.0,1.0
2023-10-11,1850.0,1850.0,1850.0,1850.0,3.0
2023-10-12,1802.0,1848.0,1800.0,1848.0,538.0
2023-10-13,1802.0,1802.0,1750.0,1750.0,2709.0
2023-10-16,1808.0,1808.0,1808.0,1808.0,1.0
2023-10-17,1750.0,1750.0,1750.0,1750.0,66.0
2023-10-18,1799.0,1799.0,1715.0,1715.0,26.0
2023-10-19,1750.0,1750.0,1700.0,1750.0,646.0
2023-10-20,1720.0,1730.0,1720.0,1730.0,1008.0
2023-10-23,1720.0,1730.0,1720.0,1730.0,68.0
2023-10-24,1730.0,1730.0,1700.0,1700.0,921.0
2023-10-25,1729.0,1749.0,1702.0,1749.0,5.0
2023-10-26,1700.0,1710.0,1700.0,1700.0,209.0
2023-10-27,1700.0,1747.0,1698.0,1747.0,211.0
2023-10-30,1746.0,1746.0,1746.0,1746.0,1.0
2023-11-01,1744.0,1744.0,1744.0,1744.0,3.0
2023-11-03,1702.0,1746.0,1700.0,1701.0,1153.0
2023-11-08,1747.0,1749.0,1747.0,1749.0,31.0
2023-11-09,1794.0,1794.0,1794.0,1794.0,2.0
2023-11-10,1799.0,1799.0,1795.0,1795.0,1002.0
2023-11-13,1796.0,1796.0,1796.0,1796.0,2.0
2023-11-14,1617.0,1617.0,1617.0,1617.0,111.0
2023-11-15,1456.0,1456.0,1456.0,1456.0,165.0
2023-11-16,1311.0,1351.0,1311.0,1311.0,11001.0
2023-11-17,1311.0,1389.0,1290.0,1292.0,1749.0
2023-11-20,1301.0,1332.0,1292.0,1324.0,13503.0
2023-11-21,1348.0,1388.0,1340.0,1350.0,561.0
2023-11-22,1360.0,1360.0,1316.0,1340.0,1591.0
2023-11-23,1320.0,1333.0,1320.0,1333.0,671.0
2023-11-24,1320.0,1344.0,1320.0,1340.0,612.0
2023-11-27,1322.0,1388.0,1322.0,1326.0,1828.0
2023-11-28,1369.0,1370.0,1350.0,1359.0,337.0
2023-11-29,1331.0,1368.0,1331.0,1359.0,2534.0
2023-11-30,1359.0,1359.0,1333.0,1333.0,1117.0
2023-12-01,1358.0,1369.0,1320.0,1325.0,2082.0
2023-12-04,1325.0,1325.0,1321.0,1322.0,59.0
2023-12-05,1321.0,1330.0,1310.0,1330.0,875.0
2023-12-06,1355.0,1356.0,1300.0,1300.0,360.0
2023-12-07,1302.0,1305.0,1302.0,1305.0,25.0
2023-12-08,1304.0,1306.0,1304.0,1306.0,97.0
2023-12-11,1308.0,1308.0,1303.0,1304.0,72.0
2023-12-12,1310.0,1340.0,1305.0,1310.0,2237.0
2023-12-13,1340.0,1340.0,1305.0,1337.0,78.0
2023-12-14,1336.0,1336.0,1304.0,1310.0,656.0
2023-12-15,1310.0,1348.0,1310.0,1310.0,970.0
2023-12-18,1312.0,1312.0,1308.0,1308.0,602.0
2023-12-19,1309.0,1309.0,1300.0,1305.0,107.0
2023-12-20,1334.0,1335.0,1300.0,1311.0,610.0
2023-12-21,1330.0,1330.0,1270.0,1270.0,4336.0
2023-12-22,1280.0,1307.0,1250.0,1250.0,1657.0
2023-12-25,1299.0,1299.0,1222.0,1230.0,473.0
2023-12-26,1200.0,1220.0,1108.0,1108.0,5599.0
2023-12-27,1111.0,1112.0,997.29999,997.29999,24308.0
2023-12-28,1039.0,1055.0,1000.0,1020.0,11063.0
2023-12-29,1040.0,1111.0,1040.0,1090.0,10587.0
2024-01-02,1190.0,1197.0,1156.0,1195.0,1217.0
2024-01-03,1224.0,1270.0,1200.0,1200.0,17651.0
2024-01-04,1248.0,1264.0,1198.0,1198.0,2901.0
2024-01-05,1199.0,1216.0,1150.0,1150.0,1686.0
2024-01-08,1189.0,1189.0,1132.0,1132.0,2147.0
2024-01-09,1130.0,1160.0,1090.0,1120.0,1988.0
2024-01-10,1130.0,1167.0,1130.0,1150.0,1103.0
2024-01-12,1149.0,1149.0,1100.0,1100.0,1431.0
2024-01-15,1128.0,1130.0,1110.0,1130.0,161.0
2024-01-16,1130.0,1130.0,1110.0,1112.0,655.0
2024-01-17,1115.0,1125.0,1109.0,1110.0,622.0
2024-01-18,1110.0,1110.0,1049.0,1049.0,2030.0
2024-01-19,1060.0,1060.0,1000.0,1000.0,7356.0
2024-01-22,1038.0,1038.0,1000.0,1005.0,1406.0
2024-01-23,1020.0,1030.0,1014.0,1021.0,440.0
2024-01-24,1030.0,1073.0,1000.0,1000.0,1281.0
2024-01-25,1020.0,1025.0,1000.0,1000.0,3694.0
2024-01-26,1000.0,1000.0,995.0,995.0,1691.0
2024-01-29,1000.0,1000.0,994.0,995.0,1636.0
2024-01-30,999.0,999.0,988.0,988.0,390.0
2024-01-31,1086.0,1086.0,1086.0,1086.0,267.0
2024-02-01,1194.0,1194.0,1194.0,1194.0,235.0
2024-02-02,1313.0,1313.0,1313.0,1313.0,316.0
2024-02-05,1444.0,1444.0,1444.0,1444.0,7938.0
2024-02-06,1460.0,1469.0,1444.0,1450.0,9832.0
2024-02-07,1450.0,1594.0,1450.0,1594.0,10721.0
2024-02-08,1610.0,1660.0,1530.0,1530.0,8132.0
2024-02-09,1410.0,1490.0,1410.0,1438.0,7213.0
2024-02-12,1426.0,1470.0,1411.0,1412.0,4675.0
2024-02-13,1411.0,1412.0,1380.0,1400.0,1403.0
2024-02-14,1395.0,1425.0,1382.0,1424.0,892.0
2024-02-15,1424.0,1460.0,1405.0,1435.0,1412.0
2024-02-16,1460.0,1460.0,1441.0,1454.0,836.0
2024-02-19,1474.0,1474.0,1446.0,1446.0,553.0
2024-02-20,1442.0,1466.0,1442.0,1447.0,754.0
2024-02-21,1391.0,1439.0,1303.0,1303.0,7171.0
2024-02-22,1234.0,1309.0,1200.0,1259.0,1989.0
2024-02-23,1280.0,1313.0,1271.0,1305.0,1066.0
2024-02-26,1310.0,1327.0,1305.0,1315.0,707.0
2024-02-27,1302.0,1314.0,1270.0,1314.0,1756.0
2024-02-28,1281.0,1314.0,1281.0,1299.0,647.0
2024-02-29,1287.0,1314.0,1287.0,1314.0,202.0
2024-03-01,1290.0,1300.0,1270.0,1300.0,339.0
2024-03-04,1312.0,1312.0,1287.0,1308.0,98.0
2024-03-05,1300.0,1313.0,1288.0,1310.0,211.0
2024-03-06,1290.0,1347.0,1285.0,1321.0,2190.0
2024-03-07,1320.0,1350.0,1311.0,1311.0,1741.0
2024-03-08,1313.0,1327.0,1308.0,1308.0,254.0
2024-03-11,1320.0,1344.0,1300.0,1300.0,92.0
2024-03-12,1290.0,1315.0,1260.0,1315.0,1012.0
2024-03-15,1310.0,1310.0,1300.0,1300.0,1275.0
2024-03-18,1300.0,1300.0,1290.0,1290.0,187.0
2024-03-19,1290.0,1300.0,1280.0,1300.0,68.0
2024-03-20,1290.0,1295.0,1277.0,1295.0,162.0
2024-03-21,1294.0,1294.0,1282.0,1282.0,33.0
2024-03-22,1282.0,1295.0,1282.0,1285.0,907.0
2024-03-25,1310.0,1310.0,1285.0,1285.0,30.0
2024-03-26,1283.0,1303.0,1270.0,1270.0,221.0
2024-03-27,1271.0,1272.0,1260.0,1260.0,110.0
2024-03-28,1261.0,1269.0,1160.0,1160.0,2898.0
2024-03-29,1193.0,1220.0,1145.0,1145.0,3088.0
2024-04-01,1210.0,1224.0,1152.0,1220.0,967.0
2024-04-02,1235.0,1300.0,1235.0,1290.0,5299.0
2024-04-03,1310.0,1350.0,1290.0,1320.0,4783.0
2024-04-04,1320.0,1320.0,1275.0,1299.0,2556.0
2024-04-05,1298.0,1298.0,1235.0,1250.0,2022.0
2024-04-08,1250.0,1319.0,1221.0,1305.0,4134.0
2024-04-09,1300.0,1305.0,1285.0,1304.0,2228.0
2024-04-15,1306.0,1385.0,1306.0,1363.0,5118.0
2024-04-16,1365.0,1417.0,1365.0,1400.0,7166.0
2024-04-17,1398.0,1398.0,1350.0,1390.0,5643.0
2024-04-18,1400.0,1420.0,1400.0,1409.0,610.0
2024-04-19,1418.0,1418.0,1392.0,1394.0,543.0
2024-04-22,1400.0,1400.0,1339.0,1339.0,2022.0
2024-04-23,1340.0,1350.0,1300.0,1329.0,1232.0
2024-04-24,1330.0,1338.0,1300.0,1300.0,2332.0
2024-04-25,1305.0,1328.0,1290.0,1300.0,363.0
2024-04-26,1300.0,1301.0,1285.0,1300.0,3822.0
2024-04-29,1339.0,1339.0,1300.0,1327.0,377.0
2024-04-30,1301.0,1320.0,1300.0,1320.0,159.0
2024-05-02,1300.0,1319.0,1291.0,1291.0,1491.0
2024-05-03,1290.0,1300.0,1270.0,1270.0,4443.0
2024-05-06,1296.0,1354.0,1250.0,1277.0,1650.0
2024-05-07,1277.0,1299.0,1255.0,1294.0,44.0
2024-05-08,1268.0,1299.0,1260.0,1289.0,440.0
2024-05-09,1295.0,1295.0,1267.0,1270.0,566.0
2024-05-10,1338.0,1396.0,1331.0,1396.0,7322.0
2024-05-13,1410.0,1419.0,1380.0,1398.0,2909.0
2024-05-14,1395.0,1395.0,1383.0,1388.0,652.0
2024-05-15,1389.0,1389.0,1370.0,1384.0,433.0
2024-05-16,1365.0,1369.0,1340.0,1360.0,1156.0
2024-05-17,1351.0,1390.0,1346.0,1390.0,747.0
2024-05-20,1389.0,1430.0,1387.0,1430.0,5219.0
2024-05-21,1470.0,1547.0,1451.0,1490.0,8663.0
2024-05-22,1490.0,1527.0,1476.0,1506.0,7852.0
2024-05-23,1506.0,1585.0,1506.0,1550.0,3776.0
2024-05-24,1560.0,1575.0,1556.0,1575.0,871.0
2024-05-27,1515.0,1520.0,1456.0,1481.0,3412.0
2024-05-28,1500.0,1539.0,1470.0,1519.0,1957.0
2024-05-29,1519.0,1550.0,1513.0,1538.0,692.0
2024-05-30,1540.0,1540.0,1500.0,1520.0,1040.0
2024-05-31,1496.0,1500.0,1471.0,1472.0,749.0
2024-06-03,1472.0,1505.0,1448.0,1450.0,862.0
2024-06-04,1440.0,1460.0,1410.0,1425.0,434.0
2024-06-05,1409.0,1425.0,1361.0,1370.0,536.0
2024-06-06,1400.0,1420.0,1399.0,1420.0,204.0
2024-06-07,1380.0,1420.0,1361.0,1400.0,716.0
2024-06-10,1386.0,1399.0,1350.0,1362.0,483.0
2024-06-11,1400.0,1400.0,1350.0,1350.0,360.0
2024-06-12,1355.0,1400.0,1355.0,1394.0,206.0
2024-06-13,1418.0,1419.0,1370.0,1370.0,174.0
2024-06-14,1369.0,1400.0,1355.0,1395.0,437.0
2024-06-19,1390.0,1395.0,1383.0,1383.0,10.0
2024-06-20,1370.0,1387.0,1360.0,1360.0,164.0
2024-06-21,1389.0,1389.0,1350.0,1350.0,1361.0
2024-06-24,1384.0,1395.0,1370.0,1370.0,190.0
2024-06-25,1360.0,1360.0,1261.0,1286.0,9477.0
2024-06-26,1318.0,1318.0,1287.0,1295.0,168.0
2024-06-27,1307.0,1307.0,1291.0,1295.0,1069.0
2024-06-28,1295.0,1320.0,1286.0,1290.0,797.0
2024-07-01,1291.0,1308.0,1290.0,1308.0,23.0
2024-07-02,1337.0,1337.0,1290.0,1308.0,54.0
2024-07-03,1300.0,1300.0,1282.0,1290.0,570.0
2024-07-04,1290.0,1320.0,1290.0,1290.0,840.0
2024-07-05,1290.0,1330.0,1290.0,1321.0,2181.0
2024-07-08,1331.0,1355.0,1303.0,1303.0,582.0
2024-07-09,1339.0,1339.0,1307.0,1329.0,95.0
2024-07-11,1325.0,1330.0,1300.0,1325.0,307.0
2024-07-12,1329.0,1355.0,1325.0,1341.0,617.0
2024-07-15,1348.0,1351.0,1340.0,1347.0,1028.0
2024-07-16,1351.0,1351.0,1328.0,1328.0,190.0
2024-07-17,1363.0,1420.0,1353.0,1400.0,3147.0
2024-07-18,1447.0,1447.0,1400.0,1425.0,1165.0
2024-07-19,1397.0,1408.0,1397.0,1408.0,837.0
2024-07-22,1419.0,1480.0,1419.0,1463.0,2310.0
2024-07-23,1464.0,1500.0,1440.0,1485.0,8458.0
2024-07-24,1494.0,1519.0,1480.0,1500.0,8218.0
2024-07-25,1500.0,1535.0,1493.0,1510.0,731.0
2024-07-26,1503.0,1558.0,1503.0,1558.0,3762.0
2024-07-29,1555.0,1580.0,1550.0,1580.0,2309.0
2024-07-31,1575.0,1604.0,1561.0,1600.0,9072.0
2024-08-01,1585.0,1598.0,1585.0,1598.0,1533.0
2024-08-02,1564.0,1599.0,1564.0,1590.0,3933.0
2024-08-05,1572.0,1572.0,1480.0,1480.0,7646.0
2024-08-06,1500.0,1526.0,1500.0,1525.0,159.0
2024-08-07,1525.0,1559.0,1525.0,1545.0,2366.0
2024-08-08,1547.0,1559.0,1537.0,1537.0,500.0
2024-08-09,1540.0,1593.0,1540.0,1585.0,7122.0
2024-08-12,1600.0,1643.0,1600.0,1630.0,1106.0
2024-08-13,1644.0,1670.0,1602.0,1670.0,4649.0
2024-08-15,1670.0,1696.0,1669.0,1690.0,2757.0
2024-08-16,1698.0,1710.0,1680.0,1700.0,1948.0
2024-08-19,1718.0,1718.0,1686.0,1700.0,2518.0
2024-08-22,1693.0,1699.0,1660.0,1663.0,1274.0
2024-08-23,1662.0,1675.0,1661.0,1675.0,2078.0
2024-08-26,1680.0,1680.0,1631.0,1670.0,5459.0
2024-08-27,1660.0,1671.0,1645.0,1645.0,2283.0
2024-08-28,1670.0,1670.0,1655.0,1655.0,201.0
2024-08-29,1670.0,1750.0,1670.0,1720.0,3473.0
2024-08-30,1681.0,1720.0,1660.0,1719.0,9935.0
2024-09-02,1657.0,1729.0,1657.0,1681.0,1392.0
2024-09-03,1681.0,1681.0,1681.0,1681.0,20.0
2024-09-04,1690.0,1700.0,1660.0,1700.0,165.0
2024-09-05,1700.0,1700.0,1700.0,1700.0,8.0
2024-09-06,1700.0,1700.0,1660.0,1680.0,250.0
2024-09-09,1662.0,1680.0,1660.0,1662.0,69.0
2024-09-10,1680.0,1680.0,1661.0,1680.0,287.0
2024-09-11,1661.0,1661.0,1661.0,1661.0,5.0
2024-09-12,1663.0,1664.0,1663.0,1663.0,27.0
2024-09-13,1663.0,1689.0,1663.0,1672.0,702.0
2024-09-18,1680.0,1680.0,1669.0,1669.0,44.0
2024-09-19,1665.0,1671.0,1660.0,1671.0,2457.0
2024-09-20,1663.0,1689.0,1660.0,1660.0,2214.0
2024-09-23,1650.0,1680.0,1650.0,1650.0,69.0
2024-09-24,1661.0,1661.0,1632.0,1632.0,1459.0
2024-09-25,1634.0,1661.0,1634.0,1661.0,524.0
2024-09-26,1650.0,1660.0,1650.0,1651.0,156.0
2024-09-27,1651.0,1699.0,1650.0,1699.0,648.0
2024-09-30,1689.0,1696.0,1621.0,1621.0,18.0
2024-10-01,1650.0,1650.0,1580.0,1630.0,654.0
2024-10-02,1575.0,1617.0,1520.0,1617.0,1396.0
2024-10-03,1610.0,1624.0,1573.0,1624.0,122.0
2024-10-04,1620.0,1630.0,1582.0,1630.0,68.0
2024-10-07,1587.0,1589.0,1582.0,1582.0,47.0
2024-10-08,1566.0,1595.0,1562.0,1595.0,55.0
2024-10-09,1560.0,1588.0,1560.0,1575.0,1544.0
2024-10-10,1563.0,1563.0,1552.0,1552.0,513.0
2024-10-11,1552.0,1583.0,1550.0,1582.0,258.0
2024-10-14,1551.0,1551.0,1551.0,1551.0,7.0
2024-10-15,1624.0,1624.0,1560.0,1560.0,6.0
2024-10-16,1577.0,1580.0,1577.0,1580.0,172.0
2024-10-17,1618.0,1620.0,1615.0,1615.0,165.0
2024-10-18,1618.0,1618.0,1580.0,1590.0,4220.0
2024-10-21,1553.0,1553.0,1432.0,1432.0,9243.0
2024-10-22,1290.0,1374.0,1289.0,1336.0,9395.0
2024-10-23,1320.0,1378.0,1320.0,1340.0,655.0
2024-10-24,1352.0,1473.0,1352.0,1462.0,854.0
2024-10-25,1446.0,1535.0,1446.0,1535.0,572.0
2024-10-28,1525.0,1592.0,1487.0,1592.0,5129.0
2024-10-29,1592.0,1600.0,1590.0,1592.0,990.0
2024-10-30,1564.0,1590.0,1560.0,1580.0,324.0
2024-10-31,1553.0,1553.0,1550.0,1550.0,52.0
2024-11-01,1550.0,1590.0,1550.0,1590.0,78.0
2024-11-04,1590.0,1590.0,1590.0,1590.0,20.0
2024-11-05,1546.0,1551.0,1545.0,1551.0,367.0
2024-11-07,1527.0,1527.0,1527.0,1527.0,4.0
2024-11-08,1528.0,1592.0,1527.0,1592.0,380.0
2024-11-12,1545.0,1546.0,1540.0,1540.0,806.0
2024-11-13,1541.0,1580.0,1540.0,1580.0,233.0
2024-11-14,1584.0,1595.0,1584.0,1590.0,4764.0
2024-11-15,1590.0,1590.0,1560.0,1580.0,3968.0
2024-11-19,1545.0,1580.0,1545.0,1580.0,1515.0
2024-11-20,1580.0,1580.0,1562.0,1562.0,27.0
2024-11-21,1580.0,1581.0,1580.0,1580.0,1975.0
2024-11-22,1544.0,1580.0,1543.0,1580.0,46.0
2024-11-25,1550.0,1579.0,1550.0,1579.0,1376.0
2024-11-26,1541.0,1579.0,1525.0,1528.0,1271.0
2024-11-27,1560.0,1560.0,1525.0,1560.0,46.0
2024-11-29,1576.0,1576.0,1576.0,1576.0,200.0
2024-12-02,1572.0,1572.0,1572.0,1572.0,1151.0
2024-12-03,1570.0,1571.0,1540.0,1571.0,104.0
2024-12-04,1569.0,1570.0,1562.0,1570.0,415.0
2024-12-05,1571.0,1579.0,1569.0,1569.0,353.0
2024-12-06,1569.0,1599.0,1569.0,1599.0,444.0
2024-12-09,1596.0,1650.0,1580.0,1635.0,20100.0
2024-12-10,1635.0,1635.0,1635.0,1635.0,17.0
2024-12-11,1635.0,1635.0,1625.0,1625.0,289.0
2024-12-12,1617.0,1625.0,1580.0,1625.0,625.0
2024-12-13,1620.0,1625.0,1620.0,1625.0,40.0
2024-12-16,1600.0,1600.0,1600.0,1600.0,15.0
2024-12-17,1590.0,1635.0,1580.0,1635.0,368.0
2024-12-18,1625.0,1625.0,1590.0,1605.0,193.0
2024-12-19,1600.0,1600.0,1600.0,1600.0,1754.0
2024-12-20,1620.0,1620.0,1600.0,1600.0,1539.0
2024-12-24,1600.0,1600.0,1590.0,1590.0,1005.0
2024-12-25,1585.0,1590.0,1585.0,1590.0,551.0
2024-12-26,1617.0,1617.0,1617.0,1617.0,20.0
2024-12-27,1582.0,1582.0,1582.0,1582.0,1035.0
2024-12-30,1616.0,1616.0,1616.0,1616.0,30.0
2024-12-31,1583.0,1616.0,1583.0,1616.0,140.0
2025-01-02,1617.0,1620.0,1616.0,1620.0,99.0
2025-01-03,1636.0,1672.0,1622.0,1672.0,3341.0
2025-01-06,1650.0,1698.0,1650.0,1698.0,4269.0
2025-01-07,1698.0,1698.0,1652.0,1652.0,1033.0
2025-01-08,1690.0,1699.0,1690.0,1696.0,265.0
2025-01-09,1690.0,1690.0,1651.0,1655.0,80.0
2025-01-10,1665.0,1697.0,1661.0,1697.0,119.0
2025-01-13,1665.0,1697.0,1665.0,1697.0,6.0
2025-01-15,1695.0,1700.0,1695.0,1700.0,3398.0
2025-01-16,1719.0,1719.0,1681.0,1681.0,97.0
2025-01-17,1700.0,1719.0,1700.0,1719.0,53.0
2025-01-20,1688.0,1710.0,1680.0,1710.0,1635.0
2025-01-21,1701.0,1715.0,1679.0,1679.0,3774.0
2025-01-22,1670.0,1680.0,1668.0,1668.0,377.0
2025-01-23,1700.0,1700.0,1700.0,1700.0,253.0
2025-01-24,1700.0,1710.0,1680.0,1710.0,750.0
2025-01-27,1710.0,1710.0,1710.0,1710.0,340.0
2025-01-28,1710.0,1715.0,1682.0,1715.0,28.0
2025-01-29,1714.0,1770.0,1714.0,1755.0,1799.0
2025-01-30,1755.0,1869.0,1755.0,1864.0,3216.0
2025-01-31,1869.0,1895.0,1812.0,1870.0,2165.0
2025-02-03,1820.0,1869.0,1820.0,1867.0,99.0
2025-02-04,1850.0,1940.0,1850.0,1887.0,2338.0
2025-02-05,1890.0,1900.0,1865.0,1900.0,319.0
2025-02-06,1920.0,1940.0,1900.0,1900.0,2417.0
2025-02-07,1900.0,1975.0,1889.0,1975.0,1364.0
2025-02-10,1906.0,1961.0,1906.0,1961.0,8.0
2025-02-11,1926.0,1926.0,1915.0,1915.0,505.0
2025-02-12,1915.0,1948.0,1906.0,1948.0,188.0
2025-02-13,1910.0,1949.0,1901.0,1901.0,115.0
2025-02-14,1947.0,1947.0,1900.0,1900.0,1313.0
2025-02-17,1900.0,1980.0,1900.0,1980.0,1057.0
2025-02-18,1980.0,2050.0,1971.0,1973.0,2452.0
2025-02-19,1980.0,1980.0,1950.0,1960.0,1139.0
2025-02-20,1958.0,1958.0,1889.0,1889.0,5044.0
2025-02-21,1881.0,1890.0,1820.0,1820.0,663.0
2025-02-24,1820.0,1880.0,1817.0,1880.0,315.0
2025-02-25,1879.0,1879.0,1823.0,1824.0,39.0
2025-02-26,1825.0,1825.0,1710.0,1710.0,279.0
2025-02-27,1750.0,1800.0,1750.0,1750.0,115.0
2025-02-28,1751.0,1751.0,1730.0,1750.0,253.0
2025-03-03,1730.0,1750.0,1612.0,1750.0,431.0
2025-03-04,1800.0,1800.0,1800.0,1800.0,20.0
2025-03-07,1794.0,1794.0,1794.0,1794.0,1.0
2025-03-10,1800.0,1800.0,1800.0,1800.0,100.0
2025-03-11,1675.0,1800.0,1675.0,1720.0,531.0
2025-03-12,1720.0,1760.0,1706.0,1760.0,27.0
2025-03-13,1720.0,1778.0,1720.0,1778.0,1752.0
2025-03-14,1720.0,1720.0,1720.0,1720.0,470.0
2025-03-17,1721.0,1725.0,1720.0,1725.0,47.0
2025-03-18,1761.0,1761.0,1750.0,1750.0,21.0
2025-03-19,1810.0,1820.0,1760.0,1820.0,801.0
2025-03-20,1820.0,1950.0,1820.0,1919.0,1638.0
2025-03-21,1949.0,1965.0,1945.0,1958.0,1775.0
2025-03-24,1956.0,2000.0,1941.0,1999.0,1776.0
2025-03-25,1980.0,2000.0,1950.0,1950.0,453.0
2025-03-26,1901.0,1950.0,1901.0,1950.0,58.0
2025-03-27,1900.0,1950.0,1900.0,1950.0,204.0
2025-03-28,1900.0,1950.0,1900.0,1950.0,60.0
2025-04-02,1850.0,1900.0,1849.0,1850.0,7557.0
2025-04-03,1800.0,1819.0,1765.0,1766.0,1859.0
2025-04-04,1790.0,1791.0,1742.0,1742.0,2561.0
2025-04-07,1670.0,1749.0,1580.0,1580.0,3671.0
2025-04-08,1590.0,1635.0,1590.0,1635.0,739.0
2025-04-09,1698.0,1698.0,1603.0,1622.0,1182.0
2025-04-10,1700.0,1780.0,1700.0,1710.0,140.0
2025-04-11,1703.0,1703.0,1700.0,1700.0,753.0
2025-04-14,1788.0,1788.0,1780.0,1785.0,225.0
2025-04-15,1787.0,1860.0,1787.0,1860.0,73.0
2025-04-16,1850.0,1900.0,1850.0,1888.0,24.0
2025-04-17,1898.0,1945.0,1860.0,1860.0,677.0
2025-04-18,1860.0,1860.0,1860.0,1860.0,300.0
2025-04-21,1840.0,1840.0,1818.0,1820.0,407.0
2025-04-22,1880.0,1880.0,1880.0,1880.0,5.0
2025-04-23,1835.0,1890.0,1821.0,1825.0,163.0
2025-04-24,1842.0,1843.0,1840.0,1840.0,277.0
2025-04-28,1840.0,1840.0,1835.0,1835.0,420.0
2025-04-29,1836.0,1836.0,1835.0,1835.0,22.0
2025-04-30,1837.0,1849.0,1837.0,1837.0,5070.0
2025-05-02,1836.0,1860.0,1835.0,1860.0,240.0
2025-05-05,1887.0,1888.0,1861.0,1861.0,7.0
2025-05-06,1870.0,1870.0,1870.0,1870.0,150.0
2025-05-07,1871.0,1900.0,1871.0,1871.0,143.0
2025-05-08,1890.0,1950.0,1880.0,1880.0,533.0
2025-05-09,1880.0,1880.0,1871.0,1880.0,922.0
2025-05-12,1900.0,1900.0,1851.0,1851.0,23.0
2025-05-13,1851.0,1892.0,1851.0,1892.0,60.0
2025-05-14,1890.0,1899.0,1850.0,1850.0,3120.0
2025-05-15,1836.0,1850.0,1836.0,1836.0,42.0
2025-05-16,1836.0,1850.0,1820.0,1850.0,1440.0
2025-05-19,1899.0,1899.0,1899.0,1899.0,1.0
2025-05-20,1894.0,1894.0,1894.0,1894.0,18.0
2025-05-21,1822.0,1826.0,1822.0,1825.0,121.0
2025-05-23,1825.0,1825.0,1821.0,1821.0,237.0
2025-05-26,1880.0,1880.0,1880.0,1880.0,2.0
2025-05-27,1825.0,1870.0,1825.0,1825.0,4649.0
2025-05-28,1823.0,1874.0,1823.0,1825.0,17.0
2025-05-29,1825.0,1825.0,1800.0,1800.0,147.0
2025-05-30,1800.0,1870.0,1800.0,1870.0,290.0
2025-06-02,1869.0,1873.0,1869.0,1870.0,49.0
2025-06-03,1866.0,1900.0,1811.0,1900.0,910.0
2025-06-04,1899.0,1975.0,1899.0,1975.0,1088.0
2025-06-05,1900.0,1981.0,1900.0,1981.0,8145.0
2025-06-06,1984.0,2179.0,1984.0,2179.0,4795.0
2025-06-10,2298.0,2395.0,2250.0,2350.0,960.0
2025-06-11,2415.0,2415.0,2351.0,2395.0,3196.0
2025-06-12,2390.0,2390.0,2300.0,2300.0,282.0
2025-06-13,2275.0,2275.0,2149.0,2260.0,1202.0
2025-06-16,2175.0,2300.0,2175.0,2300.0,1196.0
2025-06-17,2300.0,2388.0,2200.0,2265.0,373.0
2025-06-18,2230.0,2262.0,2191.0,2262.0,252.0
2025-06-19,2195.0,2260.0,2184.0,2260.0,206.0
2025-06-20,2250.0,2279.0,2230.0,2279.0,177.0
2025-06-23,2204.0,2250.0,2176.0,2250.0,26.0
2025-06-24,2279.0,2300.0,2250.0,2300.0,723.0
2025-06-25,2300.0,2400.0,2300.0,2400.0,1710.0
2025-06-26,2400.0,2430.0,2350.0,2430.0,1281.0
2025-06-30,2390.0,2390.0,2320.0,2370.0,551.0
2025-07-01,2321.0,2322.0,2321.0,2322.0,2.0
2025-07-02,2368.0,2368.0,2300.0,2368.0,181.0
2025-07-04,2300.0,2349.0,2300.0,2340.0,197.0
2025-07-07,2300.0,2370.0,2300.0,2370.0,301.0
2025-07-08,2370.0,2370.0,2370.0,2370.0,2236.0
2025-07-09,2370.0,2375.0,2313.0,2370.0,1344.0
2025-07-10,2373.0,2430.0,2350.0,2350.0,467.0
2025-07-11,2350.0,2400.0,2350.0,2400.0,1425.0
2025-07-14,2400.0,2460.0,2340.0,2340.0,261.0
2025-07-15,2340.0,2351.0,2340.0,2351.0,2.0
2025-07-16,2307.0,2390.0,2301.0,2390.0,14.0
2025-07-17,2323.0,2350.0,2323.0,2323.0,494.0
2025-07-18,2140.0,2390.0,2140.0,2379.0,322.0
2025-07-21,2449.0,2449.0,2350.0,2350.0,321.0
2025-07-22,2399.0,2399.0,2306.0,2399.0,106.0
2025-07-23,2398.0,2500.0,2398.0,2460.0,831.0
2025-07-24,2470.0,2500.0,2450.0,2500.0,1156.0
2025-07-25,2565.0,2650.0,2510.0,2650.0,1436.0
2025-07-28,2649.0,2700.0,2640.0,2690.0,1766.0
2025-07-29,2675.0,2699.0,2651.0,2690.0,5857.0
2025-07-31,2600.0,2950.0,2600.0,2949.0,1674.0
2025-08-01,2921.0,2921.0,2801.0,2896.0,439.0
2025-08-04,2895.0,2895.0,2774.0,2774.0,2277.0
2025-08-05,2774.0,2774.0,2770.0,2770.0,54.0
2025-08-06,2700.0,2769.0,2699.0,2699.0,413.0
2025-08-07,2670.0,2700.0,2602.0,2604.0,632.0
2025-08-08,2604.0,2680.0,2604.0,2680.0,510.0
2025-08-11,2680.0,2680.0,2610.0,2610.0,153.0
2025-08-12,2665.0,2800.0,2665.0,2750.0,6525.0
2025-08-13,2681.0,2750.0,2650.0,2650.0,72.0
2025-08-15,2650.0,2780.0,2650.0,2780.0,369.0
2025-08-18,2654.0,2700.0,2654.0,2656.0,7.0
2025-08-19,2656.0,2785.0,2650.0,2785.0,155.0
2025-08-22,2675.0,2769.0,2675.0,2769.0,118.0
2025-08-25,2660.0,2750.0,2660.0,2750.0,229.0
2025-08-26,2670.0,2758.0,2670.0,2750.0,29.0
2025-08-27,2750.0,2750.0,2671.0,2700.0,49.0
2025-08-28,2675.0,2780.0,2662.0,2780.0,521.0
2025-08-29,2784.0,2939.0,2784.0,2800.0,804.0
2025-09-01,2780.0,2784.0,2700.0,2700.0,604.0
2025-09-03,2710.0,2840.0,2701.0,2799.0,174.0
2025-09-04,2838.0,2838.0,2756.0,2761.0,30.0
2025-09-08,2761.0,2761.0,2750.0,2750.0,19.0
2025-09-09,2750.0,2761.0,2650.0,2759.0,287.0
2025-09-10,2749.0,2750.0,2749.0,2750.0,38.0
2025-09-11,2700.0,2700.0,2700.0,2700.0,10.0
2025-09-12,2735.0,2800.0,2717.0,2799.0,456.0
2025-09-15,2803.0,2803.0,2719.0,2790.0,11.0
2025-09-16,2790.0,2894.0,2790.0,2850.0,1091.0
2025-09-17,2801.0,2860.0,2801.0,2860.0,272.0
2025-09-18,2857.0,2857.0,2848.0,2848.0,9.0
2025-09-19,2847.0,2848.0,2846.0,2847.0,117.0
2025-09-22,2770.0,2846.0,2720.0,2846.0,121.0
2025-09-23,2800.0,2890.0,2685.0,2845.0,1126.0
2025-09-24,2839.0,2880.0,2755.0,2840.0,7257.0
2025-09-25,2787.0,2787.0,2787.0,2787.0,100.0
2025-09-26,2800.0,2800.0,2718.0,2718.0,2066.0
2025-09-29,2741.0,2820.0,2741.0,2800.0,48.0
2025-09-30,2687.0,2767.0,2687.0,2700.0,1312.0
2025-10-01,2651.0,2651.0,2625.0,2625.0,87.0
2025-10-02,2503.0,2650.0,2401.0,2650.0,447.0
2025-10-03,2700.0,2700.0,2650.0,2650.0,90.0
2025-10-06,2650.0,2650.0,2650.0,2650.0,300.0
2025-10-07,2750.0,2750.0,2668.0,2672.0,926.0
2025-10-08,2675.0,2675.0,2675.0,2675.0,9236.0
2025-10-09,2725.0,2725.0,2651.0,2651.0,231.0
2025-10-10,2651.0,2651.0,2512.0,2512.0,957.0
2025-10-13,2520.0,2657.0,2512.0,2657.0,211.0
2025-10-14,2545.0,2545.0,2533.0,2535.0,156.0
2025-10-15,2580.0,2589.0,2500.0,2500.0,80.0
2025-10-16,2533.0,2535.0,2400.0,2400.0,7742.0
2025-10-17,2440.0,2450.0,2350.0,2450.0,776.0
2025-10-20,2540.0,2599.0,2534.0,2576.0,208.0
2025-10-21,2330.0,2537.0,2330.0,2530.0,577.0
2025-10-22,2569.0,2569.0,2410.0,2500.0,1520.0
2025-10-23,2500.0,2501.0,2500.0,2500.0,588.0
2025-10-24,2455.0,2510.0,2430.0,2500.0,5995.0
2025-10-27,2500.0,2500.0,2435.0,2499.0,87.0
2025-10-28,2451.0,2451.0,2436.0,2440.0,541.0
2025-10-29,2442.0,2442.0,2430.0,2430.0,56.0
2025-10-30,2430.0,2500.0,2415.0,2500.0,356.0
2025-10-31,2499.0,2500.0,2499.0,2500.0,210.0
2025-11-03,2514.0,2550.0,2500.0,2520.0,1017.0
2025-11-04,2500.0,2500.0,2269.0,2269.0,1839.0
2025-11-05,2043.0,2043.0,2043.0,2043.0,287.0
2025-11-07,1839.0,1839.0,1839.0,1839.0,6264.0
2025-11-10,1780.0,1800.0,1710.0,1751.0,5417.0
2025-11-11,1736.0,1774.0,1725.0,1749.0,2921.0
2025-11-12,1742.0,1751.0,1733.0,1739.0,117.0
2025-11-13,1715.0,1729.0,1621.0,1690.0,524.0
2025-11-14,1695.0,1695.0,1630.0,1683.0,1005.0
2025-11-17,1633.0,1678.0,1630.0,1631.0,113.0
2025-11-19,1640.0,1648.0,1570.0,1570.0,227.0
2025-11-20,1570.0,1571.0,1551.0,1570.0,5916.0
2025-11-21,1600.0,1600.0,1570.0,1570.0,225.0
2025-11-24,1617.0,1617.0,1590.0,1590.0,4.0
2025-11-25,1648.0,1648.0,1592.0,1592.0,61.0
2025-11-26,1595.0,1600.0,1595.0,1600.0,30.0
2025-11-27,1601.0,1646.0,1601.0,1646.0,25.0
2025-11-28,1641.0,1641.0,1610.0,1610.0,10.0
2025-12-01,1610.0,1612.0,1610.0,1612.0,76.0
2025-12-02,1620.0,1650.0,1620.0,1650.0,96.0
2025-12-03,1680.0,1697.0,1640.0,1693.0,58.0
2025-12-04,1727.0,1727.0,1690.0,1690.0,438.0
2025-12-05,1695.0,1695.0,1692.0,1692.0,56.0
2025-12-08,1718.0,1720.0,1710.0,1720.0,655.0
2025-12-09,1725.0,1745.0,1725.0,1745.0,733.0
2025-12-10,1743.0,1743.0,1670.0,1670.0,676.0
2025-12-11,1670.0,1695.0,1670.0,1670.0,9.0
2025-12-12,1640.0,1700.0,1640.0,1700.0,438.0
2025-12-15,1710.0,1738.0,1710.0,1710.0,76.0
2025-12-16,1712.0,1723.0,1696.0,1696.0,222.0
2025-12-17,1681.0,1685.0,1681.0,1682.0,85.0
2025-12-18,1711.0,1718.0,1682.0,1701.0,397.0
2025-12-19,1708.0,1719.0,1620.0,1620.0,1275.0
2025-12-22,1720.0,1720.0,1695.0,1695.0,77.0
2025-12-23,1715.0,1715.0,1665.0,1699.0,155.0
2025-12-24,1694.0,1750.0,1670.0,1695.0,3076.0
2025-12-25,1700.0,1850.0,1700.0,1799.0,1943.0
2025-12-26,1848.0,1900.0,1800.0,1800.0,4033.0
2025-12-29,1802.0,1950.0,1756.0,1756.0,688.0
2025-12-30,1800.0,1850.0,1776.0,1850.0,368.0
2025-12-31,1840.0,1840.0,1785.0,1791.0,793.0
2026-01-02,1848.0,1849.0,1800.0,1842.0,86.0
2026-01-05,1820.0,1860.0,1820.0,1820.0,2715.0
2026-01-06,1810.0,1840.0,1793.0,1800.0,490.0
2026-01-07,1800.0,1800.0,1775.0,1775.0,284.0
2026-01-08,1790.0,1790.0,1770.0,1770.0,1734.0
2026-01-09,1779.0,1801.0,1730.0,1730.0,1318.0
2026-01-12,1731.0,1902.0,1731.0,1900.0,7767.0
2026-01-13,1998.0,2089.0,1998.0,2089.0,7481.0
2026-01-15,2297.0,2297.0,2200.0,2200.0,9449.0
2026-01-16,2178.0,2178.0,1981.0,1981.0,5366.0
2026-01-19,2000.0,2094.0,1985.0,2000.0,3249.0
2026-01-20,2002.0,2129.0,1950.0,2030.0,6125.0
2026-01-21,1955.0,2088.0,1955.0,2030.0,2347.0
2026-01-22,2022.0,2232.0,2002.0,2170.0,6192.0
2026-01-23,2215.0,2280.0,2170.0,2190.0,5697.0
2026-01-26,2275.0,2379.0,2235.0,2379.0,12597.0
2026-01-27,2400.0,2616.0,2400.0,2616.0,9824.0
2026-01-28,2790.0,2877.0,2702.0,2749.0,9900.0
2026-01-29,2850.0,2890.0,2761.0,2860.0,4677.0
2026-01-30,2711.0,2714.0,2575.0,2575.0,15541.0
2026-02-02,2351.0,2360.0,2318.0,2318.0,8717.0
2026-02-03,2356.0,2499.0,2356.0,2370.0,5753.0
2026-02-04,2470.0,2489.0,2400.0,2400.0,3784.0
2026-02-05,2330.0,2331.0,2161.0,2162.0,3784.0
2026-02-06,2035.0,2220.0,1980.0,2100.0,4546.0
2026-02-09,2200.0,2308.0,2200.0,2280.0,1695.0
2026-02-10,2330.0,2390.0,2220.0,2380.0,9736.0
2026-02-11,2469.0,2617.0,2450.0,2617.0,4622.0
2026-02-12,2630.0,2878.0,2630.0,2878.0,6019.0
2026-02-13,2978.0,3140.0,2750.0,3060.0,29633.0
2026-02-16,3067.0,3365.0,3067.0,3365.0,15580.0
2026-02-17,3649.0,3668.0,3372.0,3440.0,14265.0
2026-02-18,3330.0,3479.0,3151.0,3340.0,8442.0
2026-02-19,3341.0,3341.0,3240.0,3335.0,2016.0
2026-02-20,3320.0,3350.0,3250.0,3350.0,842.0
2026-02-23,3501.0,3550.0,3440.0,3490.0,1529.0
2026-02-24,3498.0,3501.0,3363.0,3501.0,739.0
2026-02-25,3579.0,3647.0,3579.0,3590.0,5845.0
2026-02-26,3590.0,3598.0,3393.0,3400.0,1279.0
2026-02-27,3490.0,3590.0,3475.0,3579.0,6898.0
2026-03-02,3650.0,3750.0,3650.0,3713.0,1790.0
2026-03-03,3598.0,3598.0,3342.0,3342.0,2197.0
2026-03-04,3250.0,3500.0,3250.0,3400.0,1885.0
2026-03-05,3449.0,3449.0,3303.0,3399.0,644.0
2026-03-06,3350.0,3350.0,3201.0,3245.0,1235.0
2026-03-09,3005.0,3200.0,2950.0,3200.0,585.0
2026-03-10,3492.0,3492.0,3265.0,3445.0,2223.0
2026-03-11,3389.0,3389.0,3288.0,3300.0,395.0
2026-03-12,3390.0,3390.0,3200.0,3299.0,661.0
2026-03-13,3200.0,3200.0,3120.0,3178.0,1112.0
2026-03-16,3002.0,3050.0,3001.0,3030.0,1804.0
2026-03-17,3033.0,3085.0,3010.0,3085.0,266.0
2026-03-18,3127.0,3200.0,3050.0,3200.0,958.0
2026-03-19,3030.0,3080.0,2999.0,3050.0,1711.0
2026-03-24,3020.0,3079.0,3010.0,3060.0,4122.0
2026-03-25,3110.0,3240.0,3100.0,3239.0,7406.0
2026-03-26,3250.0,3500.0,3201.0,3500.0,7863.0
