Time,Open,High,Low,Close,Volume
2012-03-26,38.744998,39.375,38.744998,38.744998,178.0
2012-03-27,38.609999,38.744998,38.609999,38.609999,209.0
2012-03-28,38.609999,39.363752,38.609999,38.609999,5.0
2012-03-29,37.6875,38.25,37.6875,37.6875,118.0
2012-03-30,36.854998,37.721249,36.854998,36.854998,1146.0
2012-04-04,36.854998,36.854998,36.854998,36.854998,17.0
2012-04-05,35.4375,35.493749,35.4375,35.4375,213.0
2012-04-06,36.28125,37.5075,36.28125,36.28125,11805.0
2012-04-09,36.28125,36.28125,36.28125,36.28125,1.0
2012-04-13,37.001249,37.001249,36.28125,37.001249,13.0
2012-04-16,36.450002,36.450002,35.15625,36.450002,18.0
2012-04-18,35.15625,35.324999,35.15625,35.15625,194.0
2012-04-19,36.506251,36.5625,33.46875,36.506251,80.0
2012-04-20,36.506251,36.506251,36.438749,36.506251,106.0
2012-04-23,34.875,36.483751,34.875,34.875,108.0
2012-04-24,34.953749,36.0,34.897501,34.953749,3714.0
2012-04-25,36.0,36.0,35.966249,36.0,3554.0
2012-04-26,36.213748,36.213748,36.213748,36.213748,34.0
2012-04-27,35.4375,36.506251,35.4375,35.4375,1221.0
2012-04-30,36.438749,36.438749,36.438749,36.438749,8.0
2012-05-02,36.393748,36.393748,36.393748,36.393748,2.0
2012-05-03,34.875,34.875,34.875,34.875,480.0
2012-05-07,36.967501,36.967501,36.967501,36.967501,1244.0
2012-05-09,35.100001,35.98875,35.100001,35.100001,630.0
2012-05-10,35.15625,35.15625,35.15625,35.15625,274.0
2012-05-11,35.876249,35.932501,34.875,35.876249,1357.0
2012-05-14,35.887499,35.887499,34.357501,35.887499,86.0
2012-05-15,35.71875,35.71875,35.71875,35.71875,6.0
2012-05-16,34.379999,35.4375,34.368749,34.379999,977.0
2012-05-17,34.391249,34.391249,34.391249,34.391249,17.0
2012-05-18,34.86375,34.86375,34.335001,34.86375,144.0
2012-05-21,34.875,34.875,34.32375,34.875,896.0
2012-05-22,34.3125,34.875,34.3125,34.3125,594.0
2012-05-23,34.245001,34.30125,34.245001,34.245001,213.0
2012-05-24,34.59375,34.59375,34.59375,34.59375,2.0
2012-05-25,34.818751,34.818751,34.818751,34.818751,1794.0
2012-05-28,34.233751,34.818751,34.233751,34.233751,162.0
2012-05-29,33.1875,34.256251,33.1875,33.1875,2058.0
2012-05-30,33.75,34.818751,33.75,33.75,240.0
2012-05-31,33.300001,34.3125,33.300001,33.300001,1946.0
2012-06-01,33.300001,34.762499,33.300001,33.300001,549.0
2012-06-04,33.1875,33.1875,33.1875,33.1875,34.0
2012-06-05,33.300001,34.481249,33.300001,33.300001,1030.0
2012-06-06,34.469999,34.469999,34.469999,34.469999,1154.0
2012-06-07,33.300001,34.3125,33.300001,33.300001,2336.0
2012-06-08,34.571249,34.571249,34.571249,34.571249,316.0
2012-06-11,34.559999,34.559999,34.537501,34.559999,248.0
2012-06-12,33.57,34.559999,33.57,33.57,813.0
2012-06-14,35.145,35.145,35.145,35.145,444.0
2012-06-15,34.875,34.875,34.875,34.875,17.0
2012-06-20,34.3125,34.875,34.30125,34.3125,776.0
2012-06-21,35.71875,35.71875,35.71875,35.71875,1664.0
2012-06-22,35.651251,35.651251,35.651251,35.651251,88.0
2012-06-25,36.314999,36.314999,36.314999,36.314999,26.0
2012-06-27,34.88625,36.247501,34.706251,34.88625,813.0
2012-06-28,36.168752,36.168752,36.168752,36.168752,444.0
2012-06-29,36.270002,36.270002,35.71875,36.270002,2912.0
2012-07-02,35.774999,36.258749,35.71875,35.774999,18284.0
2012-07-03,35.15625,35.4375,35.15625,35.15625,177.0
2012-07-04,36.202501,36.202501,35.71875,36.202501,124.0
2012-07-05,36.0,36.314999,36.0,36.0,193.0
2012-07-06,36.28125,36.28125,36.28125,36.28125,53.0
2012-07-09,35.4375,36.247501,35.4375,35.4375,81.0
2012-07-10,36.213748,36.213748,35.201251,36.213748,924.0
2012-07-11,35.212499,35.212499,35.212499,35.212499,70.0
2012-07-12,34.0425,34.0425,34.0425,34.0425,88.0
2012-07-16,33.75,35.414999,33.75,33.75,32.0
2012-07-18,33.75,33.75,33.75,33.75,1.0
2012-07-19,35.100001,35.100001,35.100001,35.100001,17.0
2012-07-20,33.547499,33.57,33.547499,33.547499,738.0
2012-07-23,33.75,33.75,33.75,33.75,17.0
2012-07-24,33.48,35.268751,33.48,33.48,906.0
2012-07-25,33.75,33.75,33.75,33.75,2301.0
2012-07-26,34.571249,34.571249,33.75,34.571249,1474.0
2012-07-27,33.772501,34.571249,33.772501,33.772501,70.0
2012-07-31,34.3125,34.3125,34.3125,34.3125,8.0
2012-08-01,35.043749,35.043749,33.46875,35.043749,2160.0
2012-08-02,33.75,33.75,33.75,33.75,70.0
2012-08-03,35.010001,35.010001,35.010001,35.010001,1.0
2012-08-06,33.806249,33.806249,33.806249,33.806249,10.0
2012-08-07,34.3125,34.3125,33.817499,34.3125,77.0
2012-08-08,32.25375,33.75,32.25375,32.25375,41690.0
2012-08-09,32.231249,33.73875,32.231249,32.231249,85.0
2012-08-10,32.219999,32.231249,32.0625,32.219999,1274.0
2012-08-13,32.0625,32.34375,32.0625,32.0625,53.0
2012-08-15,31.556249,32.0625,31.556249,31.556249,129.0
2012-08-16,30.94875,32.0625,30.9375,30.94875,36994.0
2012-08-17,31.949999,31.949999,30.397501,31.949999,657.0
2012-08-23,30.9375,30.9375,30.442499,30.9375,144.0
2012-08-27,31.106249,32.006251,31.106249,31.106249,5.0
2012-08-28,30.9375,31.893751,30.9375,30.9375,202.0
2012-08-30,30.375,30.622499,30.375,30.375,39056.0
2012-08-31,30.037501,31.083749,29.9925,30.037501,614.0
2012-09-03,28.237501,30.048749,28.237501,28.237501,50906.0
2012-09-04,28.125,29.137499,28.125,28.125,9900.0
2012-09-05,28.125,29.778749,27.585001,28.125,1450.0
2012-09-06,28.800001,28.912501,28.125,28.800001,9318.0
2012-09-07,27.84375,28.856249,27.84375,27.84375,1414.0
2012-09-10,27.57375,27.75375,27.57375,27.57375,213.0
2012-09-11,28.125,28.125,27.84375,28.125,134.0
2012-09-12,28.620001,28.620001,28.125,28.620001,12.0
2012-09-13,27.84375,28.395,27.84375,27.84375,586.0
2012-09-14,27.84375,27.84375,27.84375,27.84375,365.0
2012-09-17,27.84375,27.84375,27.84375,27.84375,70.0
2012-09-18,27.0,27.84375,27.0,27.0,1624.0
2012-09-19,26.370001,26.4375,25.481249,26.370001,46498.0
2012-09-20,25.481249,26.15625,25.481249,25.481249,272.0
2012-09-21,24.75,26.145,24.75,24.75,872.0
2012-09-24,25.30125,26.223749,23.287501,25.30125,23920.0
2012-09-25,23.793749,25.245001,23.793749,23.793749,1153.0
2012-09-26,23.90625,24.975001,23.90625,23.90625,29.0
2012-09-27,23.90625,23.90625,23.805,23.90625,1386.0
2012-09-28,23.90625,23.90625,23.850001,23.90625,290.0
2012-10-01,23.90625,23.90625,23.90625,23.90625,70.0
2012-10-02,23.625,23.90625,23.512499,23.625,2402.0
2012-10-03,23.90625,23.90625,23.90625,23.90625,18.0
2012-10-04,24.1875,24.1875,23.850001,24.1875,26810.0
2012-10-05,23.90625,24.17625,23.90625,23.90625,13377.0
2012-10-08,24.063749,24.063749,23.90625,24.063749,3072.0
2012-10-09,24.131251,24.164999,23.90625,24.131251,96.0
2012-10-10,23.90625,24.074999,23.90625,23.90625,5.0
2012-10-11,24.074999,24.074999,23.90625,24.074999,1544.0
2012-10-12,23.625,24.063749,23.625,23.625,122.0
2012-10-15,24.19875,24.581251,23.90625,24.19875,80076.0
2012-10-16,23.90625,23.962499,23.90625,23.90625,1244.0
2012-10-17,23.90625,23.90625,23.90625,23.90625,4453.0
2012-10-18,23.692499,24.446249,23.692499,23.692499,108.0
2012-10-19,23.703749,23.703749,23.681249,23.703749,2973.0
2012-10-22,24.1875,24.46875,24.1875,24.1875,205.0
2012-10-23,24.547499,24.547499,24.46875,24.547499,406.0
2012-10-24,24.1875,24.524999,24.1875,24.1875,9901.0
2012-10-25,23.748751,24.581251,23.748751,23.748751,1077.0
2012-10-29,24.1875,24.1875,24.1875,24.1875,8.0
2012-10-30,23.928751,24.1875,23.928751,23.928751,582.0
2012-10-31,23.748751,23.793749,23.748751,23.748751,480.0
2012-11-01,25.143751,25.166251,24.434999,25.143751,2721.0
2012-11-02,25.02,25.02,24.986249,25.02,357.0
2012-11-05,25.143751,25.143751,25.02,25.143751,74.0
2012-11-07,25.875,25.875,25.087499,25.875,2822.0
2012-11-08,26.381251,26.381251,25.908751,26.381251,888.0
2012-11-09,24.806249,26.3475,24.806249,24.806249,2181.0
2012-11-12,25.987501,25.987501,25.987501,25.987501,354.0
2012-11-13,25.987501,25.987501,24.75,25.987501,15728.0
2012-11-14,24.603751,24.603751,24.603751,24.603751,44.0
2012-11-19,26.077501,26.077501,25.143751,26.077501,6168.0
2012-11-20,26.212499,26.212499,26.043749,26.212499,621.0
2012-11-21,26.33625,26.33625,25.605,26.33625,56.0
2012-11-22,26.4375,26.594999,25.605,26.4375,23174.0
2012-11-23,26.774999,26.91,26.4375,26.774999,9309.0
2012-11-26,26.887499,26.887499,26.887499,26.887499,8.0
2012-11-27,26.4375,26.4375,26.4375,26.4375,128.0
2012-11-28,26.876249,26.876249,26.606249,26.876249,9421.0
2012-11-29,26.71875,26.71875,25.616251,26.71875,342.0
2012-11-30,26.876249,26.876249,26.7075,26.876249,213.0
2012-12-03,28.012499,28.012499,28.012499,28.012499,1777.0
2012-12-04,27.5625,27.5625,27.5625,27.5625,17777.0
2012-12-05,27.0,27.5625,27.0,27.0,25173.0
2012-12-07,26.6175,27.495001,26.6175,26.6175,13.0
2012-12-10,27.28125,27.28125,26.98875,27.28125,83846.0
2012-12-11,27.787501,27.787501,27.393751,27.787501,177.0
2012-12-12,27.5625,27.5625,27.5625,27.5625,8.0
2012-12-13,27.5625,27.5625,27.5625,27.5625,8.0
2012-12-14,27.5625,27.5625,26.4375,27.5625,4448.0
2012-12-20,27.393751,27.55125,25.987501,27.393751,29725.0
2012-12-21,28.125,28.125,26.122499,28.125,14604.0
2012-12-24,28.068751,28.11375,27.5625,28.068751,76844.0
2012-12-25,27.5625,27.5625,27.5625,27.5625,88.0
2012-12-26,26.6175,28.012499,26.6175,26.6175,236.0
2012-12-27,25.908751,27.787501,25.908751,25.908751,2218.0
2012-12-28,26.4375,26.4375,24.918749,26.4375,4864.0
2012-12-31,25.695,25.875,24.85125,25.695,41002.0
2013-01-02,25.875,25.875,25.59375,25.875,1016.0
2013-01-03,25.852499,25.875,24.75,25.852499,625.0
2013-01-04,24.772501,24.772501,24.772501,24.772501,112.0
2013-01-07,24.46875,26.100001,23.703749,24.46875,60026.0
2013-01-08,25.199999,25.199999,24.46875,25.199999,1312.0
2013-01-09,25.2225,25.875,25.2225,25.2225,1505.0
2013-01-14,25.199999,25.2225,25.199999,25.199999,786.0
2013-01-15,25.199999,25.199999,25.199999,25.199999,552.0
2013-01-16,25.199999,25.931249,25.199999,25.199999,9957.0
2013-01-18,25.199999,25.199999,25.199999,25.199999,48.0
2013-01-21,25.199999,25.199999,25.199999,25.199999,497.0
2013-01-22,25.852499,25.852499,25.3125,25.852499,3120.0
2013-01-23,25.199999,25.199999,25.199999,25.199999,557.0
2013-01-28,25.3125,25.818751,25.3125,25.3125,22.0
2013-01-29,25.32375,25.32375,25.3125,25.32375,8970.0
2013-01-31,25.762499,25.762499,25.762499,25.762499,133.0
2013-02-01,25.3125,25.762499,25.3125,25.3125,6029.0
2013-02-05,24.76125,25.318124,24.76125,24.76125,27557.0
2013-02-06,24.76125,24.76125,24.76125,24.76125,133.0
2013-02-07,25.3125,25.3125,25.3125,25.3125,10.0
2013-02-08,24.75,24.75,24.75,24.75,40800.0
2013-02-11,23.630624,23.630624,23.630624,23.630624,88.0
2013-02-12,24.75,24.75,24.744376,24.75,1777.0
2013-02-13,24.356249,24.75,24.356249,24.356249,1066.0
2013-02-14,25.30125,25.30125,25.30125,25.30125,17.0
2013-02-18,24.1875,25.256251,24.1875,24.1875,1068.0
2013-02-19,24.75,24.75,23.962499,24.75,2.0
2013-02-20,24.75,24.75,24.693751,24.75,35280.0
2013-02-21,24.75,24.75,24.75,24.75,1768.0
2013-02-22,25.250624,25.875,25.250624,25.875,6602.0
2013-02-27,27.393751,27.427499,27.393751,27.427499,47580.0
2013-02-28,27.5625,27.5625,27.427499,27.427499,7146.0
2013-03-01,25.875,25.875,25.875,25.875,6.0
2013-03-06,25.875,27.427499,25.875,27.427499,1992.0
2013-03-07,27.28125,28.631251,27.28125,28.631251,12242.0
2013-03-08,28.125,28.40625,28.125,28.40625,25681.0
2013-03-13,27.022501,28.350001,27.022501,28.350001,28.0
2013-03-14,27.056249,28.125,27.022501,28.125,741.0
2013-03-15,28.096876,28.096876,27.022501,27.022501,128.0
2013-03-18,27.5625,28.125,27.5625,28.125,16000.0
2013-03-19,27.0,28.293749,27.0,28.293749,449.0
2013-03-20,27.112501,28.40625,27.112501,28.40625,5.0
2013-03-21,27.084376,28.293749,27.084376,28.125,9842.0
2013-03-22,28.125,28.40625,28.125,28.40625,17.0
2013-03-25,27.09,28.068751,27.09,27.174376,101.0
2013-03-26,28.125,28.125,28.125,28.125,6.0
2013-03-28,27.0,28.395,27.0,28.288126,178.0
2013-04-01,27.016874,28.125,26.594999,28.125,48840.0
2013-04-02,28.068751,28.125,28.068751,28.125,30989.0
2013-04-08,28.125,28.125,26.864999,28.125,16.0
2013-04-09,26.864999,27.84375,26.864999,27.84375,245080.0
2013-04-11,27.84375,27.84375,27.118124,27.118124,400001.0
2013-04-12,27.118124,27.118124,27.118124,27.118124,390.0
2013-04-15,27.123751,27.123751,27.123751,27.123751,32.0
2013-04-16,27.118124,27.118124,27.118124,27.118124,533.0
2013-04-17,28.125,28.125,28.125,28.125,20806.0
2013-04-22,28.350001,28.350001,27.225001,27.225001,266.0
2013-04-23,28.344374,28.344374,28.344374,28.344374,6.0
2013-04-24,27.140625,28.344374,27.140625,28.125,9818.0
2013-04-25,28.344374,28.344374,28.344374,28.344374,10.0
2013-05-09,27.061876,27.061876,27.061876,27.061876,26.0
2013-05-10,27.0,28.681876,27.0,28.681876,12621.0
2013-05-13,29.25,29.25,29.25,29.25,5.0
2013-05-15,28.125,28.125,28.125,28.125,2.0
2013-05-16,27.675001,27.675001,27.675001,27.675001,888.0
2013-05-17,27.675001,27.675001,27.675001,27.675001,177.0
2013-05-21,28.631251,28.631251,28.631251,28.631251,12.0
2013-05-22,28.574999,28.574999,28.574999,28.574999,12.0
2013-05-24,27.5625,27.5625,27.0,27.0,354.0
2013-05-27,28.40625,28.620001,28.40625,28.620001,5564.0
2013-05-28,28.125,28.125,28.125,28.125,8888.0
2013-05-30,27.168749,27.168749,27.168749,27.168749,21.0
2013-05-31,27.196874,27.196874,27.196874,27.196874,5.0
2013-06-03,28.620001,28.620001,28.620001,28.620001,5.0
2013-06-04,27.225001,28.125,27.225001,28.125,226.0
2013-06-05,28.631251,29.390625,28.631251,29.25,7020.0
2013-06-12,28.839375,30.375,28.839375,30.375,40988.0
2013-06-14,31.004999,31.004999,31.004999,31.004999,17.0
2013-06-17,30.9375,30.9375,29.53125,29.53125,497.0
2013-06-19,28.237501,31.303126,28.237501,31.303126,17478.0
2013-06-20,32.0625,33.17625,32.0625,33.17625,19980.0
2013-06-24,31.505624,32.625,31.505624,32.085001,10488.0
2013-06-25,33.75,33.75,31.837499,32.625,3642.0
2013-06-28,31.837499,31.837499,31.837499,31.837499,721.0
2013-07-02,31.21875,31.21875,31.21875,31.21875,124.0
2013-07-03,31.21875,31.21875,31.21875,31.21875,177.0
2013-07-04,33.069376,33.069376,31.21875,31.21875,216.0
2013-07-05,31.21875,31.21875,31.21875,31.21875,586.0
2013-07-08,31.21875,31.21875,31.21875,31.21875,60.0
2013-07-11,31.21875,31.21875,31.21875,31.21875,53.0
2013-07-12,31.5,31.5,30.037501,30.037501,118.0
2013-07-16,28.6875,28.6875,27.112501,27.112501,17.0
2013-07-19,27.376874,27.376874,27.337499,27.337499,124.0
2013-07-22,27.343126,27.343126,27.343126,27.343126,34.0
2013-07-23,27.348749,27.348749,26.91,26.91,177.0
2013-07-24,27.258749,27.258749,26.89875,26.89875,480.0
2013-07-25,26.887499,26.887499,26.887499,26.887499,1440.0
2013-07-26,26.893126,26.893126,26.887499,26.887499,533.0
2013-07-29,27.0,27.0,26.887499,26.887499,365.0
2013-08-02,26.893126,26.893126,26.893126,26.893126,40.0
2013-08-05,26.887499,26.887499,26.887499,26.887499,2.0
2013-08-06,26.893126,26.893126,26.893126,26.893126,2.0
2013-08-08,28.119376,28.40625,28.119376,28.40625,8956.0
2013-08-12,26.943751,26.943751,26.943751,26.943751,13.0
2013-08-15,26.943751,26.943751,26.943751,26.943751,17.0
2013-08-16,26.91,26.91,26.91,26.91,124.0
2013-08-19,27.005624,27.005624,27.005624,27.005624,621.0
2013-08-22,26.91,26.91,26.91,26.91,177.0
2013-08-28,26.91,26.91,26.91,26.91,1777.0
2013-09-03,28.40625,28.40625,28.40625,28.40625,1.0
2013-09-04,28.40625,29.25,28.40625,29.25,17501.0
2013-09-11,29.23875,29.23875,29.23875,29.23875,124.0
2013-09-16,29.193751,29.216249,29.193751,29.216249,4997.0
2013-09-25,27.618749,27.618749,27.618749,27.618749,5.0
2013-09-26,27.618749,27.618749,27.618749,27.618749,48.0
2013-09-27,28.13625,28.434374,28.13625,28.434374,4006.0
2013-09-30,27.28125,27.298124,27.28125,27.298124,3564.0
2013-10-01,28.11375,28.659376,28.11375,28.659376,34.0
2013-10-02,28.681876,28.681876,28.681876,28.681876,10.0
2013-10-08,28.125,28.125,28.125,28.125,17.0
2013-10-09,28.119376,28.125,27.5625,27.5625,49130.0
2013-10-10,28.125,28.574999,28.125,28.574999,6560.0
2013-10-11,28.6875,28.6875,28.6875,28.6875,106.0
2013-10-14,28.153124,28.153124,28.125,28.125,3197.0
2013-10-15,28.125,28.125,28.125,28.125,24.0
2013-10-21,28.800001,28.800001,28.125,28.130624,269.0
2013-10-22,27.57375,28.9575,27.57375,28.9575,74.0
2013-10-23,28.6875,28.6875,28.6875,28.6875,61.0
2013-10-24,28.912501,30.375,28.912501,30.346876,1233.0
2013-10-25,28.96875,30.375,28.96875,30.375,710.0
2013-10-28,30.375,30.375,30.375,30.375,4049.0
2013-10-29,30.65625,30.65625,30.65625,30.65625,88.0
2013-10-30,30.38625,30.38625,30.375,30.375,34.0
2013-10-31,30.38625,30.408751,30.38625,30.408751,15741.0
2013-11-01,30.442499,30.65625,30.442499,30.65625,2746.0
2013-11-04,30.9375,30.9375,30.9375,30.9375,2310.0
2013-11-08,30.65625,30.65625,30.65625,30.65625,34.0
2013-11-11,30.661874,30.661874,30.661874,30.661874,8.0
2013-11-12,30.684374,30.684374,30.684374,30.684374,2.0
2013-11-14,30.375,30.375,30.375,30.375,266.0
2013-11-15,30.375,30.375,30.375,30.375,2641.0
2013-11-19,30.375,30.375,30.375,30.375,2304.0
2013-11-20,30.431249,30.431249,30.375,30.375,23237.0
2013-11-21,30.431249,30.431249,30.375,30.403124,933.0
2013-11-22,30.375,30.375,30.375,30.375,56.0
2013-11-27,30.493124,30.493124,29.8125,29.8125,354.0
2013-11-28,30.375,30.380624,30.375,30.375,50701.0
2013-11-29,29.958749,29.958749,29.958749,29.958749,1.0
2013-12-04,30.375,30.375,30.375,30.375,17.0
2013-12-05,29.840624,29.840624,29.835001,29.835001,353.0
2013-12-06,29.8125,30.09375,29.8125,29.82375,1074.0
2013-12-09,29.829374,29.829374,29.82375,29.82375,178.0
2013-12-10,30.9375,30.9375,30.9375,30.9375,5.0
2013-12-11,30.881251,30.909376,30.881251,30.909376,1149.0
2013-12-12,30.375,30.375,30.375,30.375,34.0
2013-12-13,31.162501,31.190626,31.162501,31.190626,885.0
2013-12-16,32.135626,32.141249,32.135626,32.141249,1005.0
2013-12-19,32.0625,32.0625,31.5,31.5,4444.0
2013-12-20,33.1875,33.1875,33.1875,33.1875,17.0
2013-12-23,33.390001,33.390001,33.390001,33.390001,1.0
2013-12-24,31.5,31.5,31.5,31.5,177.0
2013-12-26,33.390001,33.390001,33.390001,33.390001,353.0
2013-12-27,33.390001,33.390001,33.294374,33.294374,8954.0
2013-12-30,33.1875,33.1875,31.584376,33.1875,2668.0
2013-12-31,32.625,33.75,32.625,33.75,2666.0
2014-01-02,30.431249,33.75,30.431249,33.75,3850.0
2014-01-03,31.78125,31.78125,31.78125,31.78125,2221.0
2014-01-06,30.712499,30.712499,30.712499,30.712499,166.0
2014-01-08,32.551874,32.551874,32.551874,32.551874,37.0
2014-01-09,30.712499,33.181876,30.712499,33.181876,197.0
2014-01-10,33.1875,33.1875,33.1875,33.1875,26.0
2014-01-13,33.17625,33.17625,33.17625,33.17625,1.0
2014-01-17,31.190626,33.013124,31.190626,33.013124,464.0
2014-01-20,32.962499,32.962499,32.962499,32.962499,50.0
2014-01-21,31.5,31.5,31.5,31.5,26.0
2014-01-22,31.5,31.5,31.5,31.5,29.0
2014-01-24,32.625,32.625,32.625,32.625,12.0
2014-01-27,31.5,31.5,31.5,31.5,70.0
2014-01-31,32.850001,32.850001,31.21875,31.21875,364.0
2014-02-06,31.5,31.5,31.5,31.5,266.0
2014-02-07,30.431249,31.5,30.431249,31.5,480.0
2014-02-10,32.540624,32.540624,32.540624,32.540624,1.0
2014-02-11,30.65625,30.65625,30.65625,30.65625,97.0
2014-02-14,32.850001,32.850001,32.850001,32.850001,5.0
2014-02-18,32.850001,32.850001,32.850001,32.850001,12.0
2014-02-19,32.625,32.625,32.625,32.625,266.0
2014-02-20,32.0625,32.625,32.0625,32.625,408.0
2014-02-21,31.921875,31.921875,31.893751,31.893751,444.0
2014-02-24,31.893751,31.893751,31.893751,31.893751,6.0
2014-02-26,32.602499,32.602499,32.602499,32.602499,17.0
2014-02-28,32.591249,32.625,32.591249,32.625,609.0
2014-03-03,32.793749,33.46875,32.793749,33.46875,396.0
2014-03-04,32.07375,32.07375,32.07375,32.07375,177.0
2014-03-05,33.1875,33.1875,33.1875,33.1875,70.0
2014-03-06,32.34375,32.34375,32.34375,32.34375,177.0
2014-03-07,33.1875,33.806249,32.681249,33.806249,1237.0
2014-03-10,33.1875,35.381251,33.1875,35.381251,3062.0
2014-03-11,34.875,36.5625,33.75,36.5625,440.0
2014-03-12,35.4375,36.5625,35.4375,36.5625,1164.0
2014-03-13,36.450002,36.450002,36.450002,36.450002,44.0
2014-03-14,35.454374,36.5625,35.4375,36.5625,18668.0
2014-03-17,36.534373,36.5625,36.534373,36.5625,2026.0
2014-03-18,35.71875,35.71875,34.425001,34.425001,2026.0
2014-03-19,36.483751,36.483751,35.15625,35.15625,18.0
2014-03-20,36.556874,37.265625,36.556874,37.125,28134.0
2014-03-21,36.5625,38.53125,36.5625,38.53125,976.0
2014-03-24,38.390625,39.262502,37.125,38.25,2477.0
2014-03-25,39.065623,39.375,37.125,37.125,3466.0
2014-03-26,38.221873,39.9375,38.221873,39.9375,9878.0
2014-03-27,40.443751,43.3125,37.96875,43.256251,13826.0
2014-03-28,45.0,45.0,43.424998,44.606252,7410.0
2014-03-31,45.0,47.278127,44.15625,47.25,20092.0
2014-04-01,47.25,47.25,44.71875,44.71875,1141.0
2014-04-02,44.746877,44.746877,44.4375,44.4375,426.0
2014-04-03,46.068751,46.068751,43.987498,43.987498,2280.0
2014-04-04,42.946874,45.787501,42.918752,42.918752,1736.0
2014-04-07,42.918752,45.618749,42.918752,44.71875,1058.0
2014-04-08,43.875,45.506251,43.875,44.043752,358.0
2014-04-10,44.943751,44.943751,44.943751,44.943751,6.0
2014-04-11,44.943751,45.5625,43.424998,45.556874,3997.0
2014-04-14,44.4375,44.4375,44.4375,44.4375,34.0
2014-04-15,45.506251,45.506251,44.71875,44.71875,197.0
2014-04-17,44.4375,45.0,44.4375,45.0,240.0
2014-04-18,44.4375,44.4375,44.4375,44.4375,17.0
2014-04-22,44.4375,45.225001,44.4375,45.225001,470.0
2014-04-23,45.0,45.0,44.4375,44.4375,472.0
2014-04-24,45.0,45.0,44.4375,44.4375,624.0
2014-04-25,44.381251,44.381251,44.381251,44.381251,6293.0
2014-04-28,44.381251,44.381251,44.381251,44.381251,17.0
2014-04-29,43.424998,44.426252,43.424998,44.426252,530.0
2014-05-02,44.369998,44.369998,44.369998,44.369998,12.0
2014-05-05,43.886248,43.886248,43.818751,43.818751,477.0
2014-05-06,44.381251,44.381251,44.381251,44.381251,1.0
2014-05-08,44.268748,44.268748,44.15625,44.15625,34.0
2014-05-09,44.043752,44.043752,43.143748,43.143748,178.0
2014-05-12,43.3125,43.621877,41.737498,43.621877,1169.0
2014-05-13,43.3125,43.3125,43.3125,43.3125,17.0
2014-05-14,43.621877,43.621877,42.75,42.75,64.0
2014-05-15,41.799374,41.90625,41.799374,41.90625,581.0
2014-05-16,41.917498,41.923124,41.917498,41.923124,93.0
2014-05-19,41.051252,41.051252,40.5,40.5,749.0
2014-05-20,40.5,41.006251,39.487498,39.487498,1744.0
2014-05-21,41.006251,41.0625,39.375,41.0625,1440.0
2014-05-22,40.224376,41.962499,39.375,39.375,1404.0
2014-05-23,41.625,41.625,39.684377,41.625,3937.0
2014-05-26,41.625,42.1875,41.34375,42.1875,11404.0
2014-05-27,43.818751,43.818751,42.198748,42.75,5144.0
2014-05-28,42.806249,44.4375,42.75,44.4375,6914.0
2014-05-29,44.409373,44.409373,44.386877,44.386877,888.0
2014-05-30,43.3125,43.846873,43.3125,43.846873,114.0
2014-06-02,43.042498,43.818751,43.042498,43.818751,269.0
2014-06-03,41.90625,43.875,41.90625,43.3125,8578.0
2014-06-05,42.1875,42.75,42.1875,42.75,92.0
2014-06-06,41.709376,42.75,41.709376,42.75,48.0
2014-06-09,43.256251,43.256251,43.256251,43.256251,1616.0
2014-06-10,41.709376,43.3125,41.709376,43.3125,93.0
2014-06-11,41.34375,43.03125,41.34375,43.03125,358.0
2014-06-13,41.625,43.03125,41.625,43.03125,186.0
2014-06-16,41.90625,43.284373,41.90625,43.284373,2.0
2014-06-17,41.90625,41.90625,41.653127,41.653127,88.0
2014-06-18,42.1875,43.284373,41.625,43.284373,545.0
2014-06-19,41.653127,43.171875,41.653127,43.171875,18.0
2014-06-20,41.625,41.625,41.625,41.625,70.0
2014-06-23,41.625,43.171875,39.375,39.380626,1226.0
2014-06-24,39.943126,39.943126,39.943126,39.943126,1.0
2014-06-25,39.684377,39.684377,39.661876,39.661876,17.0
2014-06-26,41.900624,41.900624,41.900624,41.900624,17.0
2014-06-27,41.990626,41.990626,41.990626,41.990626,1.0
2014-07-03,39.487498,41.625,39.487498,41.625,88.0
2014-07-04,41.625,41.625,41.625,41.625,22.0
2014-07-07,41.625,41.625,41.625,41.625,2.0
2014-07-08,39.965627,41.838748,39.375,41.838748,49.0
2014-07-11,40.5,41.737498,40.5,41.737498,65.0
2014-07-16,40.21875,41.625,40.21875,41.625,5.0
2014-07-17,40.21875,40.21875,39.375,39.375,378.0
2014-07-18,37.6875,41.034373,37.6875,41.034373,1202.0
2014-07-21,37.141874,39.9375,37.141874,38.8125,8737.0
2014-07-22,38.8125,39.9375,38.8125,38.8125,1373.0
2014-07-23,37.912501,39.9375,37.912501,39.600001,2433.0
2014-07-24,40.162501,40.162501,39.459376,39.459376,61.0
2014-07-25,38.25,39.009374,38.25,39.009374,3846.0
2014-07-31,40.325626,40.325626,39.431249,39.431249,96.0
2014-08-01,39.375,39.375,38.823748,38.823748,26.0
2014-08-05,39.650624,39.650624,38.8125,38.8125,202.0
2014-08-06,38.278127,38.278127,38.278127,38.278127,480.0
2014-08-07,39.9375,40.140001,39.9375,40.140001,53.0
2014-08-08,40.106252,40.106252,40.106252,40.106252,710.0
2014-08-11,40.078125,40.078125,38.8125,40.078125,10050.0
2014-08-12,40.021876,40.021876,40.021876,40.021876,4946.0
2014-08-15,40.106252,40.106252,40.106252,40.106252,13.0
2014-08-18,40.106252,40.106252,40.078125,40.106252,998.0
2014-08-22,40.466251,41.0625,40.466251,40.5,978.0
2014-08-25,41.0625,41.0625,41.0625,41.0625,16.0
2014-08-26,40.528127,40.528127,40.528127,40.528127,18.0
2014-08-27,40.5,40.5,40.5,40.5,69.0
2014-08-28,40.5,40.5,40.5,40.5,108.0
2014-08-29,39.9375,39.9375,39.375,39.375,986.0
2014-09-02,41.056874,41.056874,41.056874,41.056874,8.0
2014-09-03,39.487498,39.487498,39.487498,39.487498,124.0
2014-09-08,40.5,41.0625,40.5,41.0625,354.0
2014-09-10,41.056874,41.0625,41.056874,41.0625,1212.0
2014-09-11,39.9375,39.9375,39.9375,39.9375,34.0
2014-09-12,41.0625,42.75,41.0625,42.1875,817.0
2014-09-15,39.999376,42.1875,39.9375,42.1875,1458.0
2014-09-18,42.103124,42.103124,40.5,41.625,1920.0
2014-09-19,41.625,41.625,41.625,41.625,178.0
2014-09-22,40.528127,40.528127,40.528127,40.528127,354.0
2014-09-23,41.962499,41.962499,41.962499,41.962499,1.0
2014-09-24,40.612498,40.640625,40.5,40.5,530.0
2014-09-25,41.625,41.625,41.484375,41.484375,18.0
2014-09-26,40.556249,41.850001,40.5,41.850001,3708.0
2014-09-29,41.484375,41.484375,41.0625,41.0625,182.0
2014-09-30,41.793752,41.90625,41.0625,41.0625,608.0
2014-10-03,41.0625,42.131251,41.0625,42.131251,214.0
2014-10-08,41.203125,42.131251,40.78125,42.131251,23821.0
2014-10-09,40.640625,40.640625,40.528127,40.528127,533.0
2014-10-13,42.046875,42.046875,40.78125,42.041249,1672.0
2014-10-14,41.34375,41.34375,41.34375,41.34375,13.0
2014-10-15,41.34375,41.34375,41.34375,41.34375,204.0
2014-10-16,41.568751,41.568751,40.78125,40.78125,444.0
2014-10-17,41.625,41.625,41.625,41.625,1354.0
2014-10-20,41.625,41.625,41.625,41.625,8.0
2014-10-21,41.596873,41.625,41.568751,41.625,1964.0
2014-10-22,41.625,41.625,41.625,41.625,1.0
2014-10-24,41.203125,41.203125,41.203125,41.203125,86.0
2014-10-27,41.625,41.625,41.625,41.625,17.0
2014-10-28,41.90625,41.90625,41.90625,41.90625,70.0
2014-10-29,41.793752,41.90625,41.793752,41.90625,1989.0
2014-10-30,41.90625,41.90625,41.90625,41.90625,2764.0
2014-10-31,41.90625,41.90625,41.90625,41.90625,2.0
2014-11-03,41.118749,41.90625,41.118749,41.90625,65.0
2014-11-04,41.456248,41.90625,41.456248,41.90625,1437.0
2014-11-05,42.063749,42.075002,42.063749,42.075002,653.0
2014-11-07,41.0625,42.075002,41.0625,41.118749,379789.0
2014-11-10,41.0625,42.046875,41.0625,41.90625,742.0
2014-11-11,41.399999,41.399999,41.0625,41.0625,677.0
2014-11-12,43.3125,43.3125,41.34375,43.003123,1186.0
2014-11-14,43.278751,43.278751,43.278751,43.278751,1.0
2014-11-19,41.934377,41.934377,41.934377,41.934377,48.0
2014-11-20,42.75,43.250624,42.75,43.250624,34.0
2014-11-21,41.0625,43.143748,41.0625,43.143748,189.0
2014-11-25,41.625,41.625,41.625,41.625,17.0
2014-11-26,43.1325,43.1325,41.0625,41.0625,696.0
2014-11-28,41.625,41.625,41.0625,41.0625,70.0
2014-12-01,39.9375,42.75,39.9375,42.75,18.0
2014-12-04,41.625,42.75,41.625,42.75,6901.0
2014-12-05,41.625,41.625,40.5,40.668752,7036.0
2014-12-09,42.727499,42.727499,41.34375,41.34375,11788.0
2014-12-10,42.665624,42.665624,42.665624,42.665624,1.0
2014-12-11,42.637502,42.637502,42.637502,42.637502,1.0
2014-12-15,42.581248,42.581248,42.581248,42.581248,1.0
2014-12-17,42.581248,42.581248,42.524999,42.524999,10.0
2014-12-18,42.46875,42.46875,42.46875,42.46875,1.0
2014-12-19,41.371877,41.371877,41.371877,41.371877,2698.0
2014-12-25,43.734375,43.734375,43.734375,43.734375,3554.0
2014-12-26,46.125,46.125,46.125,46.125,6640.0
2014-12-29,46.125,46.125,46.125,46.125,106.0
2014-12-31,46.040624,46.040624,45.815623,45.815623,3421.0
2015-01-02,43.3125,43.3125,43.3125,43.3125,88.0
2015-01-06,45.0,45.0,45.0,45.0,1.0
2015-01-07,45.534373,45.534373,45.534373,45.534373,34.0
2015-01-09,45.225001,45.534373,45.225001,45.534373,1066.0
2015-01-12,44.71875,44.71875,44.71875,44.71875,17.0
2015-01-13,44.887502,45.506251,42.862498,45.506251,1560.0
2015-01-15,45.506251,45.506251,45.506251,45.506251,34.0
2015-01-19,45.0,45.0,45.0,45.0,28.0
2015-01-23,42.328125,44.71875,42.328125,42.356252,77.0
2015-01-27,42.46875,44.4375,42.46875,44.4375,6.0
2015-01-28,42.46875,44.943751,41.771251,41.771251,12762.0
2015-01-29,42.75,44.268748,42.75,44.268748,108.0
2015-02-03,42.1875,42.1875,42.1875,42.1875,12.0
2015-02-04,42.1875,43.875,42.1875,43.875,102.0
2015-02-06,43.875,43.875,42.75,42.75,3794.0
2015-02-09,43.875,43.875,43.875,43.875,13.0
2015-02-10,43.875,43.875,43.875,43.875,33.0
2015-02-11,43.875,43.875,43.875,43.875,501.0
2015-02-13,43.875,43.875,42.299998,42.299998,310.0
2015-02-16,44.212499,44.212499,44.212499,44.212499,22.0
2015-02-18,42.1875,44.212499,42.1875,44.212499,424.0
2015-02-20,42.1875,44.128123,42.1875,44.128123,765.0
2015-02-23,44.100001,44.128123,44.100001,44.128123,648.0
2015-02-27,43.59375,45.0,43.59375,45.0,950.0
2015-03-02,44.887502,45.0,44.887502,45.0,31768.0
2015-03-03,45.0,45.0,45.0,45.0,130.0
2015-03-04,45.0,45.0,45.0,45.0,3501.0
2015-03-05,45.0,45.0,45.0,45.0,1468.0
2015-03-06,45.0,45.5625,45.0,45.5625,7778.0
2015-03-09,45.0,47.25,45.0,47.25,11318.0
2015-03-10,47.8125,48.375,47.8125,48.375,232.0
2015-03-11,47.25,47.8125,45.506251,47.8125,504.0
2015-03-12,47.8125,49.5,47.8125,49.5,2134.0
2015-03-13,47.8125,50.625,47.8125,50.625,1584.0
2015-03-16,48.487498,50.850001,48.487498,50.850001,1638.0
2015-03-17,48.678751,50.625,48.678751,50.625,1013.0
2015-03-19,48.712499,48.712499,48.712499,48.712499,17.0
2015-03-20,48.712499,49.5,48.712499,49.5,266.0
2015-03-24,50.34375,50.34375,50.34375,50.34375,8.0
2015-03-25,50.0625,50.568751,50.0625,50.568751,533.0
2015-03-30,48.965627,50.625,48.965627,50.625,28138.0
2015-03-31,48.965627,50.619374,48.965627,48.965627,1040.0
2015-04-01,49.049998,50.619374,49.049998,50.619374,2897.0
2015-04-02,48.965627,48.965627,48.965627,48.965627,1394.0
2015-04-03,48.965627,48.965627,48.965627,48.965627,194.0
2015-04-08,48.993749,48.993749,48.965627,48.965627,21205.0
2015-04-10,48.965627,48.965627,48.965627,48.965627,15608.0
2015-04-13,49.443751,50.619374,49.443751,50.619374,60.0
2015-04-15,50.613752,50.613752,50.613752,50.613752,177.0
2015-04-17,47.581873,47.581873,47.581873,47.581873,88.0
2015-04-21,47.728124,47.728124,47.728124,47.728124,1.0
2015-04-27,48.881251,48.881251,48.881251,48.881251,5.0
2015-04-28,45.978749,47.25,45.978749,47.25,2477.0
2015-04-30,47.756251,48.9375,47.756251,48.9375,586.0
2015-05-04,48.9375,48.9375,46.181249,46.181249,161.0
2015-05-07,48.9375,48.9375,48.909373,48.909373,124.0
2015-05-11,46.659373,46.659373,46.659373,46.659373,17.0
2015-05-12,48.9375,48.9375,48.9375,48.9375,213.0
2015-05-13,46.153127,46.153127,46.125,46.125,2669.0
2015-05-14,45.5625,45.5625,45.0,45.0,501.0
2015-05-15,47.25,47.25,47.25,47.25,8.0
2015-05-19,44.184377,46.237498,44.184377,46.237498,92.0
2015-05-20,45.534373,45.534373,45.534373,45.534373,6.0
2015-05-21,45.0,45.0,45.0,45.0,8888.0
2015-05-22,43.875,43.875,42.46875,42.46875,277.0
2015-05-25,40.274999,40.5,40.274999,40.303126,1162.0
2015-05-26,42.716251,42.716251,40.274999,40.274999,352.0
2015-05-27,40.5,40.5,40.5,40.5,50.0
2015-05-28,42.1875,42.1875,40.274999,40.274999,189.0
2015-05-29,40.5,40.5,40.5,40.5,381.0
2015-06-03,42.1875,42.1875,42.1875,42.1875,24.0
2015-06-04,41.0625,41.0625,41.0625,41.0625,21.0
2015-06-05,41.073748,41.073748,41.073748,41.073748,106.0
2015-06-09,40.78125,40.78125,40.78125,40.78125,177.0
2015-06-12,40.5,40.5,40.5,40.5,357.0
2015-06-15,41.0625,41.0625,41.0625,41.0625,5.0
2015-06-23,40.5,40.5,40.5,40.5,17.0
2015-06-24,42.75,42.75,42.75,42.75,2.0
2015-06-26,43.301252,43.301252,43.301252,43.301252,3554.0
2015-06-29,43.03125,43.03125,43.03125,43.03125,17.0
2015-06-30,40.78125,40.78125,40.556249,40.556249,88.0
2015-07-02,42.75,42.75,42.75,42.75,1.0
2015-07-03,40.5,40.5,40.5,40.5,17.0
2015-07-06,38.8125,38.924998,38.390625,38.396251,354.0
2015-07-07,39.375,40.5,39.375,40.5,18.0
2015-07-08,39.380626,39.380626,39.380626,39.380626,1.0
2015-07-09,39.9375,40.5,39.420001,40.5,10753.0
2015-07-13,42.75,42.75,42.75,42.75,12.0
2015-07-14,42.75,42.75,40.556249,40.556249,66.0
2015-07-20,40.556249,40.584376,40.5,40.5,4168.0
2015-07-21,40.78125,40.78125,40.78125,40.78125,28.0
2015-07-22,41.90625,42.1875,41.90625,41.90625,2409270.0
2015-07-29,40.5,40.5,40.5,40.5,533.0
2015-08-03,40.584376,40.584376,40.528127,40.528127,533.0
2015-08-04,40.528127,40.528127,40.528127,40.528127,88.0
2015-08-12,41.0625,41.0625,41.0625,41.0625,17.0
2015-08-13,40.556249,40.556249,40.556249,40.556249,88.0
2015-08-18,40.556249,40.556249,40.556249,40.556249,177.0
2015-08-19,41.0625,41.0625,41.0625,41.0625,514.0
2015-08-24,41.0625,41.0625,41.0625,41.0625,16000.0
2015-08-26,41.850001,41.850001,40.584376,40.584376,437.0
2015-09-01,39.9375,39.9375,39.9375,39.9375,924.0
2015-09-02,39.948748,39.948748,39.9375,39.9375,790.0
2015-09-03,39.9375,39.9375,39.9375,39.9375,53.0
2015-09-04,39.9375,39.9375,39.9375,39.9375,730.0
2015-09-08,39.948748,39.948748,39.948748,39.948748,156.0
2015-09-10,40.78125,40.78125,40.78125,40.78125,360.0
2015-09-11,39.380626,39.380626,39.380626,39.380626,1600.0
2015-09-18,39.47625,39.47625,39.47625,39.47625,5.0
2015-09-23,39.487498,39.487498,39.487498,39.487498,364.0
2015-09-28,39.47625,39.47625,39.47625,39.47625,197.0
2015-09-29,39.431249,39.431249,39.403127,39.403127,674.0
2015-10-02,41.0625,41.0625,41.0625,41.0625,5.0
2015-10-06,38.598752,38.598752,38.598752,38.598752,88.0
2015-10-08,40.905001,40.905001,40.905001,40.905001,8.0
2015-10-09,41.0625,41.0625,38.8125,38.8125,408.0
2015-10-12,39.403127,39.403127,39.403127,39.403127,177.0
2015-10-14,41.568751,41.625,41.568751,41.625,138.0
2015-10-16,41.625,43.3125,41.625,42.1875,1280.0
2015-10-19,42.1875,42.1875,40.584376,40.584376,497.0
2015-10-20,41.625,43.014376,41.625,43.014376,72.0
2015-10-21,41.686876,42.975001,41.686876,42.975001,310.0
2015-10-22,43.565623,43.565623,43.565623,43.565623,53.0
2015-10-23,41.709376,43.200002,41.686876,43.200002,257.0
2015-10-26,41.630626,41.630626,41.118749,41.118749,533.0
2015-10-27,41.152502,41.152502,41.152502,41.152502,16.0
2015-10-28,42.1875,43.3125,42.1875,43.3125,2853.0
2015-10-29,41.681249,41.681249,41.461874,41.461874,232.0
2015-10-30,41.512502,41.568751,41.512502,41.529376,346.0
2015-11-03,41.90625,43.115626,41.90625,43.115626,3558.0
2015-11-04,41.585625,41.585625,41.585625,41.585625,29.0
2015-11-05,43.171875,43.171875,43.171875,43.171875,8.0
2015-11-09,43.115626,43.115626,43.115626,43.115626,31532.0
2015-11-10,43.087499,43.649999,43.087499,43.649999,822.0
2015-11-12,43.3125,43.318126,43.3125,43.318126,672.0
2015-11-13,43.3125,43.3125,43.3125,43.3125,140.0
2015-11-17,43.3125,43.3125,41.585625,41.625,653.0
2015-11-20,41.579999,41.625,41.579999,41.625,813.0
2015-11-23,43.3125,43.3125,43.3125,43.3125,8.0
2015-11-25,40.78125,41.737498,40.78125,41.737498,213.0
2015-11-26,41.793752,41.793752,41.737498,41.737498,44.0
2015-11-27,41.850001,41.850001,41.793752,41.850001,2248.0
2015-11-30,41.850001,41.90625,41.850001,41.90625,85.0
2015-12-01,43.228124,44.268748,42.75,44.268748,312.0
2015-12-04,46.920001,46.920001,46.920001,46.920001,940.0
2015-12-07,46.4325,46.920001,46.425002,46.425002,6962.0
2015-12-08,46.439999,46.5,46.425002,46.5,1190.0
2015-12-09,46.5,46.5,46.425002,46.425002,113.0
2015-12-10,46.5,46.5,46.5,46.5,1.0
2015-12-11,43.897499,43.897499,43.897499,43.897499,12.0
2015-12-14,43.665001,43.665001,43.665001,43.665001,13.0
2015-12-16,44.25,44.849999,41.265,44.849999,1649.0
2015-12-17,45.0,45.0,45.0,45.0,8.0
2015-12-21,41.670001,44.925002,41.670001,44.925002,29.0
2015-12-29,42.599999,45.0,42.599999,45.0,2104.0
2016-01-05,47.699999,47.699999,47.699999,47.699999,1.0
2016-01-06,48.75,48.75,48.75,48.75,22.0
2016-01-07,50.25,51.0,50.25,51.0,4.0
2016-01-08,47.939999,47.939999,47.939999,47.939999,40.0
2016-01-14,50.774998,50.774998,50.774998,50.774998,13.0
2016-01-20,45.6975,45.6975,45.6975,45.6975,104.0
2016-01-21,43.875,43.875,43.875,43.875,66.0
2016-01-22,43.949999,43.949999,41.25,41.25,418.0
2016-01-26,43.5,43.5,43.125,43.125,134.0
2016-01-27,41.910001,41.917499,41.910001,41.910001,101.0
2016-01-28,42.0,42.0,41.910001,41.910001,34.0
2016-01-29,41.910001,43.125,41.910001,43.125,670.0
2016-02-03,41.910001,41.910001,41.910001,41.910001,189.0
2016-02-05,41.910001,41.910001,39.397499,39.397499,1805.0
2016-02-08,41.647499,41.647499,41.647499,41.647499,4.0
2016-02-10,39.75,39.75,39.150001,39.150001,80.0
2016-02-11,41.324999,41.497502,39.150001,41.25,27052.0
2016-02-12,41.625,43.5,39.75,39.75,1985.0
2016-02-15,42.135,42.135,42.0,42.0,8.0
2016-02-16,42.135,44.520001,42.0,42.0,4845.0
2016-02-17,42.75,44.25,42.0,44.25,7968.0
2016-02-19,44.227501,44.227501,42.0,43.875,808.0
2016-02-22,43.462501,43.462501,41.625,42.75,226.0
2016-02-23,42.75,42.757499,42.75,42.757499,1765.0
2016-02-24,43.087501,43.087501,43.087501,43.087501,850.0
2016-02-25,42.824999,42.900001,42.824999,42.900001,280.0
2016-02-26,43.012499,43.012499,42.0,42.0,694.0
2016-02-29,42.375,44.474999,42.375,42.375,5030.0
2016-03-01,44.175002,44.175002,44.175002,44.175002,13.0
2016-03-03,42.0,43.875,42.0,43.875,434.0
2016-03-04,41.400001,41.400001,41.400001,41.400001,69.0
2016-03-07,41.699999,43.5,41.699999,43.5,414.0
2016-03-09,41.625,43.995,41.5575,43.995,166.0
2016-03-11,44.002499,44.474999,44.002499,44.474999,200.0
2016-03-15,42.097501,44.242502,42.097501,44.242502,534.0
2016-03-16,44.474999,44.474999,44.474999,44.474999,188.0
2016-03-17,43.5,44.25,43.5,44.25,2245.0
2016-03-18,44.25,45.0,44.25,44.625,257.0
2016-03-21,44.992502,44.992502,44.992502,44.992502,4.0
2016-03-24,44.925002,44.992502,44.925002,44.992502,312.0
2016-03-25,45.0,45.0,45.0,45.0,1680.0
2016-03-28,45.0,45.0,43.912499,43.912499,554.0
2016-03-29,43.920001,44.625,43.920001,44.625,13460.0
2016-03-30,45.0,46.5,45.0,45.300002,16370.0
2016-03-31,46.5,46.5,44.25,44.25,13986.0
2016-04-01,44.25,44.25,44.25,44.25,2436.0
2016-04-04,44.25,44.25,44.25,44.25,5.0
2016-04-05,44.25,44.25,44.25,44.25,3178.0
2016-04-06,43.650001,45.0,43.650001,45.0,1057.0
2016-04-07,45.0,45.0,44.25,44.25,1981.0
2016-04-08,43.912499,44.25,43.5,43.657499,2313.0
2016-04-11,45.877499,45.877499,45.877499,45.877499,9.0
2016-04-12,45.75,45.75,45.375,45.742502,6162.0
2016-04-13,45.742502,45.742502,45.0,45.0,384.0
2016-04-14,44.849999,44.849999,43.5,44.242502,2722.0
2016-04-15,43.574999,45.0,43.574999,44.25,13902.0
2016-04-18,44.25,44.257499,44.25,44.25,14930.0
2016-04-19,44.324999,44.324999,44.25,44.25,5342.0
2016-04-20,44.25,44.25,44.25,44.25,1880.0
2016-04-21,44.25,44.25,44.25,44.25,1594.0
2016-04-22,44.25,44.25,44.099999,44.099999,4833.0
2016-04-25,44.25,44.25,44.137499,44.25,4873.0
2016-04-26,44.25,44.25,44.25,44.25,2133.0
2016-04-27,44.25,44.25,44.099999,44.212501,2604.0
2016-04-28,44.099999,44.099999,44.099999,44.099999,56.0
2016-04-29,45.300002,45.300002,44.025001,44.025001,428.0
2016-05-02,44.0625,44.25,43.5,44.25,42690.0
2016-05-03,44.25,44.25,43.5,43.589999,694.0
2016-05-04,44.25,44.25,43.597501,44.25,2537.0
2016-05-05,44.925002,44.925002,43.612502,44.212501,2944.0
2016-05-06,44.212501,44.25,43.905001,43.905001,5568.0
2016-05-09,44.242502,44.25,44.242502,44.25,1437.0
2016-05-10,44.925002,46.5,44.25,46.5,471761.0
2016-05-11,46.5,46.875,45.224999,45.224999,13042.0
2016-05-12,45.262499,46.5,45.262499,45.412499,17276.0
2016-05-13,45.375,46.079999,45.0,45.089999,22144.0
2016-05-16,45.75,45.75,44.745,45.375,20037.0
2016-05-17,44.737502,44.737502,44.040001,44.25,31046.0
2016-05-18,42.0,42.0,39.75,41.189999,1750.0
2016-05-19,40.5,41.092501,39.75,40.995,2972.0
2016-05-20,39.900001,39.900001,39.742502,39.742502,2321.0
2016-05-23,39.824999,40.5,39.75,40.5,1166.0
2016-05-24,40.5,40.5,40.222501,40.492502,4750.0
2016-05-26,40.829999,40.829999,40.5,40.5,77.0
2016-05-27,40.837501,40.837501,39.75,40.5,2072.0
2016-05-30,40.814999,40.814999,39.862502,40.199999,498.0
2016-05-31,40.800002,40.800002,40.425002,40.425002,177.0
2016-06-01,40.425002,40.425002,40.425002,40.425002,160.0
2016-06-02,40.425002,40.5,39.832501,39.832501,552.0
2016-06-03,39.930002,40.792499,39.930002,40.792499,3405.0
2016-06-06,40.792499,40.837501,40.792499,40.837501,198.0
2016-06-09,39.930002,40.425002,39.930002,40.425002,322.0
2016-06-10,40.5,40.837501,39.839999,39.839999,840.0
2016-06-13,39.847501,40.5,39.824999,39.824999,20382.0
2016-06-14,40.275001,40.275001,37.439999,37.439999,3958.0
2016-06-15,40.125,40.125,38.332501,40.117502,126.0
2016-06-16,40.125,40.125,40.125,40.125,6.0
2016-06-17,39.0,40.237502,39.0,39.037499,2142.0
2016-06-20,38.287499,40.087501,38.287499,40.087501,146.0
2016-06-21,39.824999,39.832501,39.8175,39.8175,10438.0
2016-06-22,39.712501,39.75,39.0,39.0,82.0
2016-06-23,39.824999,39.824999,39.824999,39.824999,2.0
2016-06-24,39.0,39.0,39.0,39.0,404.0
2016-06-27,39.824999,39.824999,39.824999,39.824999,1333.0
2016-06-28,39.824999,39.824999,39.824999,39.824999,2922.0
2016-06-29,39.839999,40.5,39.839999,40.5,154.0
2016-06-30,39.862502,40.875,39.862502,40.875,6.0
2016-07-01,40.5,40.5,40.5,40.5,1333.0
2016-07-04,40.5,40.792499,40.5,40.792499,160.0
2016-07-05,40.777499,40.777499,40.770001,40.770001,2086.0
2016-07-11,40.5,40.5,40.492502,40.492502,273.0
2016-07-12,40.5,40.5,39.839999,39.839999,1773.0
2016-07-13,39.839999,40.125,39.839999,40.125,1849.0
2016-07-14,39.839999,40.125,39.839999,40.125,209.0
2016-07-15,39.839999,40.5,39.074999,39.75,28302.0
2016-07-18,40.5,40.5,39.75,39.75,41.0
2016-07-19,39.75,39.75,37.5,37.5,7733.0
2016-07-20,39.742502,39.742502,38.25,38.324999,480.0
2016-07-21,39.0,39.0,39.0,39.0,26.0
2016-07-22,38.25,39.337501,37.507499,39.300002,2960.0
2016-07-25,37.574999,39.0,37.574999,39.0,70.0
2016-07-26,38.257499,39.112502,37.5,37.5,8534.0
2016-07-27,37.574999,37.582501,37.5,37.5,1338.0
2016-07-28,37.5,37.5,36.75,36.75,11496.0
2016-07-29,36.75,37.5,36.449999,37.5,4870.0
2016-08-01,36.0,38.4375,36.0,38.4375,3741.0
2016-08-02,38.400001,38.400001,36.765,38.400001,300.0
2016-08-03,38.25,38.25,38.25,38.25,26.0
2016-08-05,39.75,39.75,39.75,39.75,1373.0
2016-08-09,39.0,39.0,39.0,39.0,666.0
2016-08-10,39.0,39.0,39.0,39.0,28.0
2016-08-11,38.992502,38.992502,37.5,37.5,1806.0
2016-08-12,38.25,38.925002,38.25,38.925002,254.0
2016-08-15,37.5,39.0,37.5,39.0,2834.0
2016-08-16,38.992502,38.992502,38.992502,38.992502,113.0
2016-08-17,39.367502,39.375,38.25,38.25,134.0
2016-08-18,38.25,39.0,37.875,39.0,41.0
2016-08-22,37.875,37.949999,37.875,37.875,390.0
2016-08-23,39.0,39.0,39.0,39.0,1.0
2016-08-25,38.01,39.0,38.01,38.01,800.0
2016-08-26,38.25,38.25,37.5,37.5,3026.0
2016-08-29,39.0,39.0,37.875,37.912499,206.0
2016-08-30,38.992502,38.992502,38.992502,38.992502,1.0
2016-08-31,38.25,38.25,38.25,38.25,228.0
2016-09-01,38.25,38.25,38.25,38.25,70.0
2016-09-02,38.887499,38.887499,37.680002,37.724999,21630.0
2016-09-05,37.724999,38.775001,37.6875,38.775001,17.0
2016-09-06,38.400001,38.625,37.724999,37.724999,13360.0
2016-09-07,37.724999,38.775001,37.709999,38.775001,934.0
2016-09-09,38.775001,38.88,37.732501,38.88,140.0
2016-09-16,38.842501,38.842501,38.842501,38.842501,1.0
2016-09-20,37.964999,37.964999,37.964999,37.964999,34.0
2016-09-21,38.055002,38.8125,38.055002,38.8125,109.0
2016-09-22,37.964999,38.775001,37.650001,38.775001,448.0
2016-09-23,37.665001,38.729999,37.650001,38.729999,356.0
2016-09-26,37.665001,38.722501,37.665001,38.722501,101.0
2016-09-27,37.800002,37.875,37.800002,37.875,46.0
2016-09-28,38.714999,38.714999,38.714999,38.714999,1.0
2016-09-29,37.875,38.722501,37.724999,38.722501,10696.0
2016-09-30,37.912499,37.912499,37.5,37.5,6642.0
2016-10-04,37.5,38.625,37.5,37.5,428.0
2016-10-05,37.507499,38.25,36.75,38.25,926.0
2016-10-06,37.162499,37.875,37.162499,37.875,21881.0
2016-10-07,38.25,38.25,37.875,38.25,2029.0
2016-10-10,38.25,38.25,38.25,38.25,80888.0
2016-10-11,38.175002,38.625,37.882499,38.625,1914.0
2016-10-12,37.882499,37.89,37.875,37.875,1013.0
2016-10-13,38.25,38.25,38.25,38.25,1333.0
2016-10-17,37.732501,37.732501,37.612502,37.724999,197.0
2016-10-18,37.650001,38.25,37.612502,37.657499,866.0
2016-10-19,37.650001,37.724999,37.5,37.5,9070.0
2016-10-21,38.25,38.25,38.25,38.25,4834.0
2016-10-24,38.25,38.25,38.25,38.25,1066.0
2016-10-25,37.515,38.25,37.515,38.25,284.0
2016-10-26,37.515,37.515,37.515,37.515,176.0
2016-10-27,37.515,37.515,36.75,36.75,9373.0
2016-10-28,36.974999,38.242502,36.974999,38.175002,145.0
2016-11-01,38.025001,38.025001,38.025001,38.025001,1.0
2016-11-03,37.875,38.25,37.875,38.25,13334.0
2016-11-04,37.5,38.175002,37.357501,38.175002,197.0
2016-11-07,38.219999,38.219999,38.219999,38.219999,40.0
2016-11-08,38.219999,38.242502,38.219999,38.242502,270.0
2016-11-09,37.574999,37.574999,37.574999,37.574999,220.0
2016-11-10,38.242502,38.242502,37.0575,37.0575,2484.0
2016-11-14,38.242502,38.242502,37.357501,37.365,94.0
2016-11-15,38.175002,38.175002,38.099999,38.099999,6.0
2016-11-16,38.25,38.25,37.372502,37.800002,73.0
2016-11-17,38.212501,38.25,37.38,37.387499,9264.0
2016-11-21,37.170001,37.170001,37.170001,37.170001,480.0
2016-11-22,37.875,37.875,37.800002,37.875,229.0
2016-11-23,37.5,38.25,37.5,37.5,2216.0
2016-11-24,38.235,38.235,38.235,38.235,1.0
2016-11-25,38.235,38.25,37.574999,38.235,1929.0
2016-11-28,36.007499,38.25,36.007499,38.25,4602.0
2016-11-29,38.242502,38.25,38.242502,38.25,1069.0
2016-12-01,36.765,36.765,36.765,36.765,64.0
2016-12-02,38.212501,38.212501,38.212501,38.212501,1.0
2016-12-07,37.3125,38.25,37.3125,38.25,6694.0
2016-12-08,38.25,38.25,38.25,38.25,1.0
2016-12-14,37.357501,38.625,37.357501,38.625,160997.0
2016-12-15,38.6925,40.125,38.625,40.125,2900.0
2016-12-16,40.125,40.9275,40.125,40.9275,22553.0
2016-12-19,41.160001,41.235,39.974999,39.974999,1617.0
2016-12-20,39.974999,39.974999,39.495,39.75,3712.0
2016-12-22,40.5,40.724999,39.75,39.75,781.0
2016-12-23,39.75,41.242502,39.75,41.242502,9734.0
2016-12-26,40.125,40.125,40.125,40.125,397.0
2016-12-27,40.5,40.5,39.832501,40.125,498.0
2016-12-28,39.907499,40.125,39.75,40.125,1042.0
2016-12-29,40.349999,41.167499,40.349999,41.167499,2.0
2016-12-30,40.987502,40.987502,39.495,40.492502,16432.0
2017-01-03,40.949999,40.949999,40.949999,40.949999,13.0
2017-01-04,41.025001,41.025001,40.125,40.125,18184.0
2017-01-05,41.025001,41.025001,41.025001,41.025001,500.0
2017-01-06,41.242502,42.0,39.907499,40.5,37790.0
2017-01-09,40.5,40.800002,40.14,40.14,13032.0
2017-01-10,40.5,40.762499,39.742502,39.742502,12692.0
2017-01-12,39.375,40.800002,39.015,40.5,9393.0
2017-01-13,40.5,41.992502,40.5,40.574999,83034.0
2017-01-16,41.962501,44.212501,41.962501,42.150001,29290.0
2017-01-17,42.157499,43.275001,41.625,41.625,2002.0
2017-01-18,42.75,43.477501,41.625,43.477501,22813.0
2017-01-19,42.074999,43.785001,42.074999,42.75,15237.0
2017-01-20,42.074999,42.75,41.699999,41.699999,12018.0
2017-01-23,41.8125,42.75,41.8125,42.75,18.0
2017-01-24,41.887499,42.967501,41.775001,41.775001,2709.0
2017-01-25,41.8275,42.0,41.8125,42.0,1050.0
2017-01-26,42.0,42.75,42.0,42.75,562.0
2017-01-27,42.037499,42.712501,42.007499,42.712501,2356.0
2017-01-30,42.1875,42.1875,41.8125,42.0,5448.0
2017-01-31,42.0,42.0,42.0,42.0,20.0
2017-02-01,42.0,42.0,41.25,41.25,7918.0
2017-02-02,41.4375,42.0,41.4375,42.0,6826.0
2017-02-03,42.0,42.0,42.0,42.0,170.0
2017-02-06,42.0,42.525001,42.0,42.112502,4585.0
2017-02-07,41.25,42.75,41.25,42.074999,8585.0
2017-02-08,42.75,42.75,42.224999,42.224999,5205.0
2017-02-09,42.224999,42.224999,42.0,42.0,7200.0
2017-02-10,42.0,43.800002,41.474999,43.800002,4646.0
2017-02-14,43.417499,44.137499,43.417499,44.137499,8000.0
2017-02-15,43.5,43.5,43.485,43.485,1334.0
2017-02-16,43.5,43.5,43.5,43.5,106.0
2017-02-17,43.485,43.875,43.125,43.125,6580.0
2017-02-20,43.125,43.875,43.125,43.86,3024.0
2017-02-21,43.867502,43.867502,43.86,43.86,102.0
2017-02-22,42.824999,42.824999,42.75,42.75,333.0
2017-02-23,43.5,43.5,42.742502,42.742502,3756.0
2017-02-24,41.324999,41.324999,41.324999,41.324999,1773.0
2017-02-27,41.25,42.0,41.25,42.0,612.0
2017-03-01,42.375,43.485,42.375,43.485,9301.0
2017-03-02,43.477501,44.025001,43.125,43.5,4730.0
2017-03-03,43.867502,43.875,42.8025,43.875,1801.0
2017-03-06,43.867502,43.867502,43.5,43.5,120.0
2017-03-07,43.86,43.86,42.75,43.829999,2534.0
2017-03-08,43.425002,43.425002,42.150001,42.75,425.0
2017-03-09,42.75,42.75,42.742502,42.75,12065.0
2017-03-10,42.824999,43.5,42.375,43.5,1326.0
2017-03-13,42.75,43.349999,42.75,43.349999,133.0
2017-03-14,43.349999,43.5,43.349999,43.5,610.0
2017-03-15,43.5,43.5,43.5,43.5,133.0
2017-03-16,43.800002,43.800002,42.75,42.757499,842.0
2017-03-17,42.757499,43.5,42.757499,43.5,5301.0
2017-03-21,42.75,42.75,42.75,42.75,66.0
2017-03-22,42.599999,42.652499,42.5625,42.5625,666.0
2017-03-23,42.382499,43.117502,42.375,43.117502,2550.0
2017-03-24,42.375,43.125,42.375,43.125,640.0
2017-03-28,42.75,43.5,42.0,42.0,3861.0
2017-03-29,42.75,42.75,42.75,42.75,4.0
2017-03-30,43.5,43.800002,42.75,42.75,8282.0
2017-03-31,42.0,42.75,42.0,42.75,5097.0
2017-04-03,42.150001,42.150001,42.150001,42.150001,1.0
2017-04-04,43.5,43.5,43.5,43.5,80.0
2017-04-05,43.5,44.625,43.5,44.625,27998.0
2017-04-06,44.625,45.0,44.625,44.992502,3322.0
2017-04-07,42.75,45.0,42.75,45.0,14000.0
2017-04-10,45.375,45.75,45.0,45.0,2812.0
2017-04-11,45.742502,45.742502,44.849999,45.0,180.0
2017-04-12,44.625,44.625,44.625,44.625,133.0
2017-04-13,45.0,45.0,42.900001,43.537499,3362.0
2017-04-14,43.650001,44.992502,43.650001,44.992502,5000.0
2017-04-17,44.992502,44.992502,44.962501,44.985,362.0
2017-04-18,44.985,45.0,44.25,44.25,2466.0
2017-04-19,44.25,45.0,44.25,45.0,1124.0
2017-04-24,44.985,44.985,44.985,44.985,93.0
2017-04-25,44.925002,45.0,44.925002,45.0,1281.0
2017-04-27,45.375,45.375,45.375,45.375,533.0
2017-04-28,45.675002,45.75,45.675002,45.75,19353.0
2017-05-02,45.074999,45.75,45.074999,45.75,385.0
2017-05-03,45.772499,46.11,45.772499,46.11,225.0
2017-05-04,46.11,47.175002,45.824999,45.824999,2820.0
2017-05-05,47.227501,47.257499,47.227501,47.257499,548.0
2017-05-08,47.324999,47.324999,47.324999,47.324999,306.0
2017-05-09,45.9375,47.25,45.9375,46.5,1902.0
2017-05-10,46.5,46.5,46.5,46.5,66726.0
2017-05-11,46.5,46.574999,46.5,46.574999,76.0
2017-05-12,46.574999,47.400001,46.14,47.400001,3660.0
2017-05-15,47.400001,47.400001,47.400001,47.400001,106.0
2017-05-16,47.099999,47.400001,47.099999,47.400001,93413.0
2017-05-17,47.587501,47.587501,47.587501,47.587501,64.0
2017-05-18,47.594999,47.594999,47.594999,47.594999,173.0
2017-05-19,47.587501,47.587501,47.587501,47.587501,20.0
2017-05-22,47.25,47.76,47.25,47.76,43473.0
2017-05-23,46.574999,47.625,46.574999,47.542499,61813.0
2017-05-24,47.550002,47.775001,47.550002,47.775001,12598.0
2017-05-25,47.737502,47.985,47.287499,47.662499,10808.0
2017-05-26,43.155001,46.949999,43.155001,46.949999,106.0
2017-05-29,44.25,46.11,43.582501,46.102501,88209.0
2017-06-05,45.667499,46.125,45.0,46.125,81452.0
2017-06-06,45.0,46.125,45.0,46.125,19580.0
2017-06-07,45.974999,46.349999,45.974999,46.349999,7933.0
2017-06-13,44.25,46.574999,44.25,46.5,4000.0
2017-06-14,46.5,46.5,46.5,46.5,66.0
2017-06-16,42.974999,48.75,42.974999,48.75,10264.0
2017-06-19,48.742499,48.742499,48.742499,48.742499,13.0
2017-06-20,48.742499,48.742499,45.0,46.5,1134.0
2017-06-21,48.517502,48.517502,48.517502,48.517502,21.0
2017-06-28,48.300002,48.300002,46.5,46.5,300.0
2017-06-29,46.125,46.125,46.125,46.125,266.0
2017-06-30,46.199999,48.375,45.900001,48.375,4609.0
2017-07-03,45.915001,46.5,45.915001,46.5,80.0
2017-07-05,47.9325,47.9325,47.9325,47.9325,1.0
2017-07-06,47.25,47.324999,47.25,47.25,1120.0
2017-07-07,47.25,48.375,46.875,48.375,7494.0
2017-07-10,48.0,48.375,48.0,48.375,71232.0
2017-07-11,46.905001,48.292499,46.905001,48.284998,1254.0
2017-07-12,48.0,53.100002,48.0,52.462498,15553.0
2017-07-13,52.462498,54.300002,51.0,54.300002,69657.0
2017-07-14,54.337498,54.337498,51.270001,53.25,36381.0
2017-07-17,49.507502,53.925002,49.507502,50.625,533.0
2017-07-18,50.625,51.899998,50.25,50.625,10572.0
2017-07-19,51.75,51.75,51.75,51.75,1.0
2017-07-20,49.350002,51.75,49.350002,51.75,40.0
2017-07-21,51.600002,51.600002,49.6875,49.987502,1068.0
2017-07-24,49.995003,51.51,49.995003,51.337498,33532.0
2017-07-25,50.25,51.667499,47.25,51.667499,338.0
2017-07-27,51.449999,56.827498,51.0,55.5,30738.0
2017-07-28,55.5,55.5,53.324999,53.324999,6468.0
2017-07-31,52.612502,52.612502,50.707501,51.75,5609.0
2017-08-01,49.882502,52.560002,49.882502,52.560002,298.0
2017-08-02,52.5,53.235002,52.5,52.5,1194.0
2017-08-03,52.492499,52.492499,52.492499,52.492499,132.0
2017-08-04,52.5,52.5,52.5,52.5,214.0
2017-08-07,50.272499,50.272499,50.272499,50.272499,333.0
2017-08-08,50.362502,50.550002,50.362502,50.550002,578.0
2017-08-09,50.399998,50.399998,50.399998,50.399998,200.0
2017-08-10,50.4375,52.304999,50.399998,52.304999,158.0
2017-08-11,50.264998,53.25,50.264998,53.25,4878.0
2017-08-15,53.25,53.25,50.49,50.49,3137.0
2017-08-16,52.492499,52.492499,50.790001,52.492499,285.0
2017-08-17,51.074999,51.735002,51.030001,51.037502,333.0
2017-08-18,51.75,51.75,51.675002,51.75,2880.0
2017-08-22,53.324999,54.75,52.050002,52.050002,8674.0
2017-08-23,53.25,54.0,53.25,53.25,668.0
2017-08-24,52.125,52.875,51.787502,51.824999,1870.0
2017-08-25,53.25,54.75,52.5,54.75,21512.0
2017-08-28,52.350002,54.675002,52.125,52.125,12342.0
2017-08-29,52.5,53.925002,51.157499,53.925002,370.0
2017-08-30,52.5,52.5,51.375,51.824999,11214.0
2017-08-31,51.75,51.75,51.449999,51.449999,716.0
2017-09-04,51.75,53.242499,51.75,52.5,3324.0
2017-09-05,51.524998,53.917499,50.527502,52.5,6237.0
2017-09-06,52.5,52.5,52.5,52.5,37.0
2017-09-07,52.5,52.514998,52.5,52.5,793.0
2017-09-08,52.5,52.5,52.5,52.5,266.0
2017-09-12,52.5,52.5,52.5,52.5,433.0
2017-09-13,52.5,53.25,52.5,52.5,2294.0
2017-09-14,52.507502,52.507502,52.5,52.5,1880.0
2017-09-15,52.5,53.175002,52.5,52.5,1689.0
2017-09-18,52.5,52.5,52.5,52.5,552.0
2017-09-19,52.5,53.212498,52.5,52.5,2021.0
2017-09-20,52.5,52.5,51.824999,51.824999,2422.0
2017-09-21,52.5,52.5,52.5,52.5,1884.0
2017-09-25,52.5,52.949999,52.5,52.5,3060.0
2017-09-26,52.574999,52.574999,52.574999,52.574999,217.0
2017-09-27,52.5,52.5,52.5,52.5,1442.0
2017-09-29,51.112502,52.5,51.112502,51.149998,813.0
2017-10-03,51.382502,51.382502,51.375,51.375,266.0
2017-10-04,51.389998,51.389998,51.375,51.375,30.0
2017-10-05,52.5,52.507502,52.5,52.507502,2813.0
2017-10-06,52.5,52.905001,52.5,52.5,1125.0
2017-10-09,52.5,52.5,51.112502,51.112502,613.0
2017-10-10,51.157499,52.5,51.112502,52.5,1890.0
2017-10-11,52.5,52.875,52.5,52.875,1461.0
2017-10-12,52.5,53.25,52.5,53.25,5602.0
2017-10-13,54.0,54.0,53.925002,53.925002,1740.0
2017-10-16,53.925002,53.925002,53.925002,53.925002,13.0
2017-10-17,53.925002,55.5,52.507502,53.925002,2328.0
2017-10-18,54.742499,54.742499,52.5,52.5,937.0
2017-10-19,52.574999,52.574999,52.574999,52.574999,2.0
2017-10-20,54.0,55.425002,53.287502,53.287502,4478.0
2017-10-23,53.287502,53.287502,53.287502,53.287502,13.0
2017-10-24,53.287502,53.287502,53.25,53.25,436.0
2017-10-25,53.324999,53.324999,53.25,53.25,5888.0
2017-10-26,53.25,53.25,53.25,53.25,129.0
2017-10-27,55.237502,55.237502,55.237502,55.237502,744.0
2017-10-30,54.75,55.297502,54.75,55.297502,1340.0
2017-10-31,54.0,54.0,51.75,54.0,1334.0
2017-11-02,54.0,54.0,54.0,54.0,1.0
2017-11-03,54.0,56.242499,54.0,56.242499,8000.0
2017-11-07,53.25,53.699999,53.25,53.699999,1426.0
2017-11-08,54.0,54.0,54.0,54.0,2136.0
2017-11-09,54.75,55.5,53.4375,55.425002,896.0
2017-11-10,55.125,60.952498,55.125,60.952498,43530.0
2017-11-13,67.042499,67.042499,60.75,60.9375,4633.0
2017-11-14,65.850002,65.850002,61.5,61.5,614.0
2017-11-15,60.0,60.0,58.5,60.0,1956.0
2017-11-16,60.0,60.0,60.0,60.0,17.0
2017-11-17,62.25,64.5,62.25,64.5,3633.0
2017-11-20,61.574999,61.612502,61.574999,61.612502,4016.0
2017-11-22,61.800002,61.800002,61.612502,61.612502,296.0
2017-11-23,64.5,64.5,62.5725,62.5725,8.0
2017-11-24,62.287502,64.342501,62.287502,64.342501,17514.0
2017-11-27,63.0,63.0,63.0,63.0,13.0
2017-11-28,62.324999,63.75,62.324999,63.0,546.0
2017-11-30,62.100002,63.0,62.100002,63.0,493.0
2017-12-04,62.0625,63.75,62.0625,63.75,3140.0
2017-12-05,62.362502,62.362502,62.25,62.25,346.0
2017-12-06,62.0625,62.25,61.5,61.5,3378.0
2017-12-07,61.5,61.5,60.899998,61.5,2081.0
2017-12-11,61.574999,62.25,61.574999,62.25,400.0
2017-12-12,63.0,63.0,62.25,62.25,1837.0
2017-12-13,63.0,64.5,63.0,63.074999,1966.0
2017-12-14,64.5,64.5,63.0,63.0,15597.0
2017-12-15,62.4375,63.75,62.399998,63.75,2180.0
2017-12-18,62.399998,62.399998,59.707501,60.0,36078.0
2017-12-19,60.0,60.0,58.237502,58.237502,84.0
2017-12-20,58.350002,58.350002,58.350002,58.350002,266.0
2017-12-21,58.357499,58.357499,58.357499,58.357499,66.0
2017-12-22,59.992499,59.992499,56.475002,59.992499,5208.0
2017-12-25,58.5,60.037502,58.5,60.0,5364.0
2017-12-26,60.0,60.0,58.649998,58.649998,50.0
2017-12-27,58.657499,63.75,58.657499,60.472498,73262.0
2017-12-28,62.992499,62.992499,60.082501,61.5,2673.0
2017-12-29,61.5,61.5,61.4475,61.4475,2500.0
2018-01-02,61.425002,61.425002,57.787502,58.949999,5906.0
2018-01-03,59.992499,60.75,59.992499,60.742499,2566.0
2018-01-05,60.735002,60.75,60.735002,60.75,2158.0
2018-01-12,60.75,62.925002,60.75,62.925002,16474.0
2018-01-15,62.925002,63.75,60.75,61.237502,5289.0
2018-01-16,61.574999,61.574999,60.75,61.350002,1378.0
2018-01-17,61.350002,62.962498,61.350002,62.962498,922.0
2018-01-18,62.25,62.25,62.25,62.25,133.0
2018-01-19,62.25,63.675002,62.25,63.675002,4022.0
2018-01-22,63.712498,65.925002,63.712498,65.850002,3380.0
2018-01-23,65.8125,67.462498,63.75,66.524998,2773.0
2018-01-24,65.25,69.75,65.25,69.0,3730.0
2018-01-25,68.850002,68.850002,66.0,68.25,840.0
2018-01-26,68.850002,69.0,68.25,68.25,1376.0
2018-01-30,66.75,67.5,66.75,67.5,3466.0
2018-01-31,66.1875,66.1875,66.149998,66.149998,106.0
2018-02-01,66.75,66.75,66.75,66.75,240.0
2018-02-02,66.75,67.425002,66.0,66.0,13905.0
2018-02-05,68.992499,68.992499,65.324999,65.324999,6601.0
2018-02-06,66.375,67.6875,66.375,66.75,35168.0
2018-02-07,66.0,66.0,64.649998,66.0,2053.0
2018-02-08,66.75,66.75,64.875,64.875,605.0
2018-02-09,65.324999,65.324999,65.25,65.25,2430.0
2018-02-12,66.0,66.75,66.0,66.75,48.0
2018-02-13,66.0,66.0,64.875,64.875,1154.0
2018-02-14,66.225002,66.75,66.225002,66.75,666.0
2018-02-15,65.070002,65.084999,64.5,64.574999,889.0
2018-02-16,65.25,65.25,65.25,65.25,32.0
2018-02-20,65.175002,65.25,65.175002,65.25,73.0
2018-02-21,65.25,66.75,65.25,66.75,1176.0
2018-02-22,67.125,67.125,67.125,67.125,1.0
2018-02-23,67.267502,67.267502,67.267502,67.267502,781.0
2018-02-26,67.267502,67.274998,66.75,66.75,2166.0
2018-02-27,65.475002,65.475002,65.475002,65.475002,232.0
2018-02-28,66.75,66.75,66.742499,66.742499,320.0
2018-03-01,64.612502,66.51,64.612502,65.25,3404.0
2018-03-02,66.75,66.75,66.75,66.75,1361.0
2018-03-05,65.362502,65.362502,65.362502,65.362502,13.0
2018-03-06,67.117499,67.117499,67.117499,67.117499,4.0
2018-03-07,65.362502,65.362502,65.362502,65.362502,26.0
2018-03-08,64.574999,65.625,64.574999,65.25,785.0
2018-03-09,65.625,66.75,65.625,66.742499,1680.0
2018-03-13,64.5,67.064999,64.5,67.064999,736.0
2018-03-14,67.057503,67.057503,66.0,66.0,53.0
2018-03-15,66.675002,66.675002,66.675002,66.675002,9.0
2018-03-16,66.712498,66.712498,66.712498,66.712498,1600.0
2018-03-20,66.975002,67.5,65.324999,65.324999,1373.0
2018-03-21,66.0,66.0,66.0,66.0,5333.0
2018-03-22,65.287502,66.75,65.25,65.25,201.0
2018-03-23,65.8125,66.675002,65.8125,66.675002,14125.0
2018-03-26,66.675002,66.675002,64.912502,64.912502,166.0
2018-03-27,66.1875,66.1875,64.800002,66.1875,330.0
2018-03-29,65.25,66.1875,64.574999,66.1875,361.0
2018-03-30,66.0,66.0,66.0,66.0,136.0
2018-04-02,66.0,66.0,66.0,66.0,5.0
2018-04-04,64.5,64.725002,64.5,64.5,448.0
2018-04-05,63.824999,66.0,63.75,66.0,48.0
2018-04-06,65.925002,66.0,64.5,65.8125,1664.0
2018-04-10,65.324999,65.324999,65.324999,65.324999,85.0
2018-04-11,64.5,64.5,64.5,64.5,34.0
2018-04-12,65.324999,65.324999,64.574999,64.574999,1670.0
2018-04-13,65.850002,66.975002,65.625,66.0,28300.0
2018-04-16,66.675002,66.675002,66.600002,66.600002,9.0
2018-04-17,65.625,66.667499,65.625,66.667499,6.0
2018-04-18,65.850002,65.865,64.5,64.5,613.0
2018-04-19,64.537502,64.537502,62.774998,64.5,160.0
2018-04-20,63.75,66.0,63.75,66.0,25293.0
2018-04-23,65.25,65.25,65.25,65.25,2.0
2018-04-25,63.75,63.75,63.382502,63.382502,266.0
2018-04-27,64.5,64.5,64.5,64.5,9.0
2018-05-04,64.5,64.5,64.5,64.5,6.0
2018-05-07,63.412502,65.25,63.375,65.25,898.0
2018-05-08,65.25,65.902502,65.25,65.902502,74.0
2018-05-11,63.75,65.617499,63.419999,65.25,5034.0
2018-05-14,62.632502,62.632502,62.632502,62.632502,13.0
2018-05-17,63.0,63.0,63.0,63.0,5.0
2018-05-18,62.797502,66.75,62.797502,66.75,1765.0
2018-05-21,66.675002,66.675002,66.675002,66.675002,133.0
2018-05-22,63.75,63.75,62.850002,62.850002,462.0
2018-05-23,63.037502,63.037502,63.037502,63.037502,1.0
2018-05-24,65.850002,65.850002,63.074999,63.074999,18.0
2018-05-29,66.607499,66.75,66.607499,66.75,1333.0
2018-05-30,66.367499,66.367499,66.367499,66.367499,265.0
2018-05-31,66.0,66.0,66.0,66.0,2.0
2018-06-01,62.482499,62.482499,62.482499,62.482499,1550.0
2018-06-04,63.0,63.0,62.324999,62.324999,240.0
2018-06-07,63.375,63.375,63.375,63.375,36.0
2018-06-08,63.375,64.5,63.375,64.5,1790.0
2018-06-12,63.75,64.125,63.75,64.125,653.0
2018-06-13,58.5,61.350002,58.5,61.350002,1777.0
2018-06-14,61.5,61.5,60.75,60.75,80.0
2018-06-18,58.912502,60.75,58.912502,60.75,1345.0
2018-06-20,60.75,60.75,60.75,60.75,9.0
2018-06-21,60.75,60.75,60.75,60.75,1.0
2018-06-22,60.75,60.75,60.75,60.75,1082.0
2018-06-25,62.25,62.25,60.0,60.0,16.0
2018-06-28,60.0,60.0,60.0,60.0,2.0
2018-06-29,60.0,60.0,58.5,58.5,6.0
2018-07-02,58.574999,62.235002,57.449999,62.235002,185.0
2018-07-03,61.387499,61.387499,61.387499,61.387499,13.0
2018-07-10,60.0,60.0,60.0,60.0,1.0
2018-07-13,60.0,60.675002,60.0,60.0,669.0
2018-07-16,59.850002,59.850002,59.850002,59.850002,2.0
2018-07-17,57.375,58.5,57.375,58.425002,40496.0
2018-07-18,58.425002,58.425002,57.75,57.75,33361.0
2018-07-19,58.350002,58.350002,58.350002,58.350002,284.0
2018-07-20,57.75,57.75,57.75,57.75,33345.0
2018-07-23,58.350002,58.350002,58.350002,58.350002,12.0
2018-07-24,57.375,57.75,57.0,57.75,2141.0
2018-07-25,59.100002,59.100002,59.100002,59.100002,6.0
2018-07-26,58.5,58.5,58.5,58.5,10.0
2018-07-27,56.324999,58.5,56.324999,58.5,204.0
2018-08-02,57.75,57.75,57.0,57.0,33573.0
2018-08-03,56.25,56.25,54.375,54.75,674.0
2018-08-06,51.75,51.75,51.75,51.75,284.0
2018-08-07,51.75,51.75,51.75,51.75,516.0
2018-08-08,52.5,56.850002,51.899998,56.850002,2849.0
2018-08-09,56.242499,56.242499,52.875,52.875,29.0
2018-08-10,51.232499,55.117499,51.232499,55.117499,364.0
2018-08-13,55.125,55.125,55.125,55.125,200.0
2018-08-15,51.757502,53.25,51.757502,53.25,33.0
2018-08-29,54.75,54.75,54.75,54.75,53.0
2018-08-30,54.75,55.125,54.75,55.125,13.0
2018-08-31,54.75,54.75,54.75,54.75,149.0
2018-09-03,49.5,49.875,49.5,49.875,133.0
2018-09-04,50.257502,53.850002,50.257502,53.850002,33.0
2018-09-07,53.804999,53.804999,53.804999,53.804999,400.0
2018-09-10,53.804999,55.125,53.804999,54.75,238.0
2018-09-12,51.0,57.75,51.0,57.75,136.0
2018-09-17,52.050002,56.167499,51.982499,55.5,713.0
2018-09-18,53.625,55.117499,52.574999,55.117499,109.0
2018-09-19,55.125,55.125,55.117499,55.117499,46.0
2018-09-20,52.5,52.5,52.5,52.5,960.0
2018-09-21,54.742499,54.742499,54.742499,54.742499,13.0
2018-09-24,54.0,54.0,52.5,52.5,82.0
2018-09-25,52.5,52.5,51.0,51.0,397.0
2018-09-26,52.5,53.992499,51.007502,51.007502,109.0
2018-09-28,51.0,54.75,51.0,54.75,254.0
2018-10-02,54.75,54.75,54.75,54.75,6.0
2018-10-03,54.75,54.75,54.75,54.75,193.0
2018-10-05,54.75,54.75,50.25,50.25,1768.0
2018-10-08,51.75,51.75,51.75,51.75,1.0
2018-10-09,52.5,52.5,52.5,52.5,216.0
2018-10-10,51.75,52.5,51.75,52.5,38608.0
2018-10-11,52.5,52.5,52.5,52.5,2.0
2018-10-12,53.955002,53.955002,52.5,52.5,50.0
2018-10-15,51.097498,52.5,51.097498,52.5,168.0
2018-10-16,51.375,51.375,51.0,51.0,2061.0
2018-10-18,50.4375,50.4375,50.25,50.25,98.0
2018-10-19,53.850002,53.850002,53.850002,53.850002,133.0
2018-10-23,50.287502,54.367499,50.287502,54.367499,120.0
2018-10-30,50.264998,50.264998,50.264998,50.264998,213.0
2018-10-31,54.0,54.0,51.0,51.0,109.0
2018-11-01,52.5,52.5,52.5,52.5,2.0
2018-11-02,51.0,51.0,51.0,51.0,349.0
2018-11-09,51.0,51.0,51.0,51.0,732.0
2018-11-12,51.0,51.0,51.0,51.0,1.0
2018-11-14,51.0,51.0,51.0,51.0,2.0
2018-11-15,51.0,53.925002,51.0,53.925002,488.0
2018-11-16,52.5,52.5,52.5,52.5,1066.0
2018-11-19,51.0,51.0,51.0,51.0,232.0
2018-11-22,50.25,50.25,50.25,50.25,13.0
2018-11-26,47.737502,48.0,47.699999,47.699999,270.0
2018-11-27,50.182503,50.182503,50.182503,50.182503,13.0
2018-11-28,50.175002,50.175002,50.175002,50.175002,1.0
2018-11-29,47.745,50.175002,47.745,50.175002,26.0
2018-11-30,46.650001,48.0,45.9225,45.9225,3065.0
2018-12-03,46.5,46.5,46.1775,46.1775,62.0
2018-12-04,46.875,46.875,46.875,46.875,1.0
2018-12-05,48.0,48.0,48.0,48.0,4.0
2018-12-06,48.0,48.0,47.992502,47.992502,17.0
2018-12-07,47.985,47.985,46.5,46.5,126.0
2018-12-10,46.507499,46.507499,46.507499,46.507499,6.0
2018-12-11,47.925002,47.925002,46.507499,46.507499,4660.0
2018-12-13,47.25,47.25,47.25,47.25,133.0
2018-12-14,47.25,47.25,46.125,46.125,874.0
2018-12-17,47.175002,47.212501,46.125,47.212501,669.0
2018-12-18,46.875,47.212501,46.875,47.212501,101.0
2018-12-19,47.212501,47.212501,47.212501,47.212501,22.0
2018-12-21,46.949999,46.949999,46.5,46.5,1149.0
2018-12-24,46.875,46.875,46.875,46.875,28.0
2018-12-25,47.0625,47.0625,47.0625,47.0625,20.0
2018-12-26,47.0625,47.0625,47.0625,47.0625,46.0
2018-12-27,46.515,47.0625,46.5,47.0625,176.0
2018-12-28,47.0625,47.0625,45.487502,45.487502,952.0
2018-12-31,46.5,46.5,46.5,46.5,22.0
2019-01-02,47.167499,47.167499,47.152499,47.160001,126.0
2019-01-03,47.160001,47.160001,47.025001,47.025001,232.0
2019-01-04,46.507499,46.507499,45.0,45.0,1637.0
2019-01-07,45.75,45.75,45.0,45.0,261.0
2019-01-08,45.959999,45.974999,45.959999,45.974999,46668.0
2019-01-09,46.125,46.125,46.125,46.125,13.0
2019-01-10,46.162499,46.162499,45.0,45.0,200.0
2019-01-14,45.375,45.375,45.375,45.375,26.0
2019-01-15,45.75,45.75,45.75,45.75,58.0
2019-01-16,45.900001,45.900001,45.900001,45.900001,40.0
2019-01-17,45.75,45.75,45.75,45.75,141.0
2019-01-18,46.125,46.125,45.375,45.375,194.0
2019-01-21,46.5,46.875,46.5,46.875,20.0
2019-01-23,46.837501,46.837501,46.837501,46.837501,13.0
2019-01-25,45.75,45.75,45.75,45.75,1024.0
2019-01-28,46.125,46.837501,45.75,45.75,140.0
2019-01-29,46.800002,46.800002,46.724999,46.724999,58.0
2019-01-30,46.125,46.125,46.125,46.125,13.0
2019-01-31,45.9375,46.6875,45.449999,45.487502,1488.0
2019-02-01,45.449999,45.449999,45.0,45.0,897.0
2019-02-04,48.735002,48.735002,48.735002,48.735002,26.0
2019-02-05,45.037499,45.037499,45.037499,45.037499,10.0
2019-02-06,45.082501,45.082501,45.082501,45.082501,1.0
2019-02-07,45.112502,45.127499,45.112502,45.127499,8.0
2019-02-08,46.425002,46.425002,46.425002,46.425002,2.0
2019-02-11,46.425002,46.425002,45.074999,45.75,441.0
2019-02-12,45.772499,45.787499,45.772499,45.787499,2602.0
2019-02-13,46.5,46.574999,46.5,46.5,253.0
2019-02-14,46.537499,46.574999,46.5,46.5,218.0
2019-02-15,46.650001,46.724999,46.650001,46.724999,36.0
2019-02-18,47.25,47.775001,47.25,47.25,750.0
2019-02-19,47.25,47.25,47.25,47.25,53.0
2019-02-20,47.265,47.625,47.25,47.625,240.0
2019-02-21,47.25,47.25,47.25,47.25,44.0
2019-02-22,47.775001,47.775001,47.775001,47.775001,10401.0
2019-02-25,47.775001,47.775001,47.25,47.25,29.0
2019-02-26,47.324999,47.775001,47.324999,47.775001,9.0
2019-02-27,47.775001,47.775001,47.775001,47.775001,2.0
2019-03-01,47.775001,47.775001,45.75,45.75,634.0
2019-03-05,47.25,47.25,47.25,47.25,6.0
2019-03-07,47.25,47.587501,47.25,47.587501,226.0
2019-03-08,47.25,47.25,47.25,47.25,33.0
2019-03-11,47.775001,47.775001,47.775001,47.775001,13.0
2019-03-12,48.0,48.0,48.0,48.0,6.0
2019-03-19,47.099999,47.099999,47.099999,47.099999,133.0
2019-03-20,46.5,46.5,46.5,46.5,400.0
2019-03-22,47.25,47.25,45.75,45.75,5637.0
2019-03-25,48.0,48.0,45.75,48.0,1065.0
2019-03-27,45.75,47.992502,45.75,47.992502,189.0
2019-03-28,45.757499,45.757499,45.757499,45.757499,177.0
2019-03-29,45.787499,47.25,45.75,47.25,1880.0
2019-04-03,45.75,47.25,45.75,47.25,121.0
2019-04-08,46.5,46.5,46.5,46.5,1.0
2019-04-09,46.875,46.875,45.757499,45.757499,446.0
2019-04-11,45.8175,45.8175,45.75,45.75,37.0
2019-04-12,45.787499,45.787499,45.412499,45.412499,89.0
2019-04-15,46.462501,46.462501,45.397499,45.397499,66.0
2019-04-16,45.39,45.39,45.39,45.39,10.0
2019-04-17,45.0,47.204999,45.0,47.204999,213.0
2019-04-19,47.204999,47.204999,45.0,45.0,1264.0
2019-04-22,45.375,45.375,45.375,45.375,1.0
2019-04-23,46.485,46.485,45.0,45.0,5170.0
2019-04-24,46.462501,46.462501,46.454999,46.454999,8254.0
2019-04-29,46.417499,46.417499,46.410001,46.410001,2.0
2019-04-30,46.349999,46.349999,46.3275,46.3275,13.0
2019-05-02,46.305002,46.305002,46.305002,46.305002,2.0
2019-05-03,46.3125,46.3125,46.3125,46.3125,13.0
2019-05-06,45.0,46.267499,42.285001,46.267499,30.0
2019-05-07,46.252499,46.252499,46.252499,46.252499,4.0
2019-05-13,46.125,46.125,46.125,46.125,4.0
2019-05-14,42.907499,45.974999,42.907499,45.974999,194.0
2019-05-21,45.0,47.25,45.0,47.25,346.0
2019-05-24,47.175002,47.175002,46.125,46.125,402953.0
2019-05-27,46.125,46.125,46.125,46.125,133.0
2019-05-28,46.125,46.125,46.125,46.125,6.0
2019-05-29,46.125,46.125,46.125,46.125,13.0
2019-05-30,47.137499,50.175002,47.137499,50.175002,44.0
2019-05-31,46.125,46.125,46.125,46.125,193.0
2019-06-03,48.75,48.75,48.75,48.75,12.0
2019-06-04,48.735002,48.735002,45.824999,46.125,26.0
2019-06-10,48.592501,48.600002,48.592501,48.600002,18.0
2019-06-11,45.262499,45.262499,45.262499,45.262499,5.0
2019-06-12,48.5625,48.5625,48.524998,48.524998,14.0
2019-06-14,45.0,48.524998,45.0,48.517502,6074.0
2019-06-18,45.75,45.75,43.89,44.625,229.0
2019-06-21,45.0,48.517502,44.625,48.517502,1166.0
2019-06-24,45.75,48.375,45.75,48.375,84.0
2019-06-27,44.099999,47.992502,44.099999,45.502499,678.0
2019-06-28,41.25,41.25,41.25,41.25,998.0
2019-07-02,45.0,45.0,45.0,45.0,13.0
2019-07-04,44.925002,45.0,44.925002,45.0,1724.0
2019-07-05,45.0,45.0,45.0,45.0,56.0
2019-07-08,45.0,45.0,45.0,45.0,13.0
2019-07-09,47.242502,47.242502,47.242502,47.242502,6.0
2019-07-12,44.25,44.699999,44.25,44.699999,9.0
2019-07-15,44.25,47.175002,44.25,47.175002,16.0
2019-07-16,43.574999,47.175002,43.574999,47.175002,1789.0
2019-07-17,44.287499,45.0,44.287499,45.0,24.0
2019-07-19,46.342501,46.342501,46.342501,46.342501,66.0
2019-07-22,43.912499,43.912499,43.912499,43.912499,1.0
2019-07-23,46.2975,46.2975,46.2975,46.2975,4.0
2019-07-24,46.275001,46.275001,45.0,46.26,41.0
2019-07-25,46.26,46.26,46.229999,46.229999,14.0
2019-07-31,46.170001,46.170001,45.0,45.0,98.0
2019-08-01,45.375,45.75,45.0,45.0,13629.0
2019-08-06,45.974999,45.974999,45.75,45.75,78.0
2019-08-07,45.824999,45.824999,45.824999,45.824999,6.0
2019-08-08,45.824999,46.5,45.0,46.5,330.0
2019-08-27,42.007499,46.425002,42.007499,46.425002,1924.0
2019-08-28,45.0,45.0,45.0,45.0,5526.0
2019-08-30,46.417499,46.417499,43.612502,43.612502,258.0
2019-09-02,45.75,45.75,45.75,45.75,13.0
2019-09-06,45.75,45.75,45.75,45.75,640.0
2019-09-11,45.75,45.75,43.507499,45.75,1930.0
2019-09-16,46.199999,46.199999,46.199999,46.199999,266.0
2019-09-18,45.0,45.75,45.0,45.75,380.0
2019-09-19,45.75,45.75,45.75,45.75,10.0
2019-09-20,44.625,44.625,43.5,43.5,722.0
2019-09-23,46.267499,46.267499,46.267499,46.267499,13.0
2019-09-25,45.0,45.0,45.0,45.0,621.0
2019-09-30,43.987502,43.987502,43.912499,43.912499,66.0
2019-10-01,46.1925,46.1925,46.1925,46.1925,2.0
2019-10-02,44.8125,44.849999,44.8125,44.8125,485.0
2019-10-03,44.362502,44.362502,43.912499,43.912499,66.0
2019-10-04,45.75,45.75,39.525001,39.525001,12700.0
2019-10-07,43.425002,43.425002,39.75,39.75,2793.0
2019-10-08,43.365,43.365,43.117502,43.117502,16.0
2019-10-11,42.525001,42.712501,38.8125,38.8125,5868.0
2019-10-14,41.25,41.25,41.25,41.25,2982.0
2019-10-15,41.257499,41.257499,41.257499,41.257499,6.0
2019-10-16,42.599999,42.599999,41.324999,41.324999,12018.0
2019-10-17,42.0,42.0,42.0,42.0,14.0
2019-10-18,42.5625,42.584999,42.1875,42.1875,13.0
2019-10-21,42.712501,45.0,42.712501,45.0,113.0
2019-10-22,43.5,45.0,43.5,45.0,66.0
2019-10-23,45.0,45.0,41.400001,45.0,160.0
2019-10-25,41.512499,44.962501,41.512499,42.074999,428.0
2019-10-29,42.375,42.75,42.375,42.75,168.0
2019-11-01,42.75,43.5,42.75,43.5,22.0
2019-11-05,42.1875,42.194999,42.1875,42.194999,265.0
2019-11-07,41.25,41.25,41.25,41.25,2562.0
2019-11-13,41.25,41.25,41.25,41.25,1465.0
2019-11-20,41.400001,41.400001,41.400001,41.400001,2.0
2019-11-21,41.400001,41.625,41.400001,41.625,5.0
2019-11-25,42.0,42.0,41.474999,41.474999,294.0
2019-11-26,41.474999,42.525001,41.474999,42.525001,153.0
2019-11-27,42.517499,42.517499,42.517499,42.517499,26.0
2019-11-29,41.324999,41.324999,41.324999,41.324999,280.0
2019-12-02,41.25,41.25,41.25,41.25,1305.0
2019-12-03,41.25,41.25,39.900001,39.900001,286.0
2019-12-04,40.5,40.5,40.5,40.5,2.0
2019-12-05,41.25,41.25,40.537499,41.25,5265.0
2019-12-06,42.0,44.25,42.0,44.25,354.0
2019-12-10,43.387499,43.387499,43.387499,43.387499,13.0
2019-12-12,42.0,44.175002,42.0,42.0,821.0
2019-12-13,43.867502,43.867502,42.75,42.75,993.0
2019-12-16,42.1875,43.462501,42.1875,43.462501,181.0
2019-12-17,43.462501,43.492502,43.462501,43.492502,40.0
2019-12-19,43.462501,43.462501,43.462501,43.462501,53.0
2019-12-23,42.1875,43.485,42.1875,43.125,272.0
2019-12-24,43.125,43.125,42.75,42.75,10454.0
2019-12-25,42.75,42.75,42.75,42.75,13348.0
2019-12-26,42.75,43.125,42.75,43.125,4624.0
2019-12-27,43.125,43.125,42.569999,42.569999,64.0
2019-12-30,42.569999,42.569999,42.569999,42.569999,152.0
2019-12-31,42.599999,42.599999,41.925002,41.925002,1570.0
2020-01-02,42.599999,43.485,42.599999,43.485,26.0
2020-01-03,43.477501,43.5,43.477501,43.5,4000.0
2020-01-07,44.25,44.25,44.25,44.25,16.0
2020-01-10,42.75,44.25,42.75,44.25,133.0
2020-01-13,44.25,44.992502,44.25,44.992502,1333.0
2020-01-14,42.87,42.87,42.87,42.87,66.0
2020-01-16,44.819999,44.985,44.8125,44.985,348.0
2020-01-22,43.064999,44.985,43.064999,43.125,145.0
2020-01-23,43.199999,43.199999,43.087501,43.087501,150.0
2020-01-24,44.25,44.25,44.25,44.25,13.0
2020-01-27,44.25,44.25,44.25,44.25,66.0
2020-01-30,43.425002,43.425002,43.425002,43.425002,476.0
2020-02-05,44.167499,44.167499,43.125,43.125,1782.0
2020-02-10,41.25,43.5,41.25,43.5,416.0
2020-02-12,41.625,41.662499,41.625,41.662499,180.0
2020-02-13,41.685002,41.685002,41.685002,41.685002,1.0
2020-02-14,42.0,43.125,42.0,43.125,4176.0
2020-02-18,41.670001,43.425002,41.670001,43.425002,26.0
2020-02-24,42.75,42.75,42.75,42.75,40.0
2020-03-02,41.362502,43.349999,41.362502,43.349999,293.0
2020-03-03,41.265,41.625,41.25,41.625,177.0
2020-03-04,41.265,41.287499,41.25,41.287499,33404.0
2020-03-05,41.25,43.342501,41.25,43.342501,20.0
2020-03-09,41.25,41.25,40.5,40.5,293.0
2020-03-13,37.5,37.5,37.5,37.5,2497.0
2020-03-16,36.75,36.75,36.75,36.75,206.0
2020-03-17,36.0,36.0,36.0,36.0,13.0
2020-03-18,34.574999,34.574999,34.574999,34.574999,14.0
2020-03-19,33.194999,33.194999,33.194999,33.194999,2317.0
2020-03-20,31.875,33.974999,31.875,33.974999,3529.0
2020-03-23,33.974999,35.324999,33.757499,35.324999,1100.0
2020-03-24,36.675002,36.735,36.675002,36.735,693.0
2020-03-25,37.462501,38.189999,35.625,35.625,720.0
2020-03-26,36.727501,36.727501,36.727501,36.727501,1.0
2020-04-01,37.454999,37.454999,37.454999,37.454999,1.0
2020-04-06,36.0,36.0,36.0,36.0,2802.0
2020-04-07,34.5675,36.0,34.5675,36.0,58.0
2020-04-08,34.5675,34.5675,34.5675,34.5675,4.0
2020-04-09,33.300002,35.842501,33.1875,35.842501,1364.0
2020-04-10,36.675002,36.675002,36.675002,36.675002,13.0
2020-04-16,35.992502,35.992502,35.992502,35.992502,2.0
2020-04-17,35.25,35.25,35.25,35.25,4.0
2020-04-24,34.5,34.5,34.5,34.5,14.0
2020-04-29,34.5,34.5,34.5,34.5,14.0
2020-05-05,33.75,33.75,33.712501,33.75,36.0
2020-05-06,33.75,33.75,33.75,33.75,1464.0
2020-05-13,34.417499,34.417499,34.417499,34.417499,6.0
2020-05-14,35.242502,35.242502,35.242502,35.242502,2.0
2020-05-15,33.900001,33.900001,33.900001,33.900001,160.0
2020-05-19,33.75,33.75,33.75,33.75,80.0
2020-05-22,34.5,34.5,34.5,34.5,266.0
2020-05-26,34.5,35.872502,34.5,35.872502,36.0
2020-05-27,34.574999,37.305002,34.574999,37.305002,244.0
2020-05-28,37.305002,37.305002,37.305002,37.305002,26.0
2020-05-29,37.305002,38.167499,37.305002,38.167499,186.0
2020-06-01,39.689999,39.689999,39.689999,39.689999,28.0
2020-06-02,41.175002,41.175002,41.175002,41.175002,13.0
2020-06-03,41.242502,41.25,41.235,41.25,561.0
2020-06-04,41.25,41.25,40.875,40.875,150.0
2020-06-05,40.875,40.875,40.875,40.875,213.0
2020-06-10,40.875,40.875,40.875,40.875,129.0
2020-06-11,42.375,42.375,42.375,42.375,13.0
2020-06-17,40.6875,40.6875,40.6875,40.6875,6.0
2020-06-18,40.6875,40.6875,39.074999,39.074999,2017.0
2020-06-19,39.150001,39.150001,39.0,39.0,106.0
2020-06-22,40.462501,40.462501,40.462501,40.462501,1.0
2020-06-23,40.462501,40.462501,40.462501,40.462501,1.0
2020-07-02,38.962501,39.0,38.962501,39.0,6521.0
2020-07-03,38.25,40.050002,37.5,40.050002,37.0
2020-07-07,39.0,39.0,39.0,39.0,8.0
2020-07-09,37.5,40.5,37.5,40.5,494.0
2020-07-10,39.0,41.25,38.887499,38.887499,404.0
2020-07-13,40.349999,40.349999,40.349999,40.349999,13.0
2020-07-16,38.887499,38.887499,38.887499,38.887499,5.0
2020-07-20,37.74,37.74,37.5,37.5,1020.0
2020-07-22,37.522499,37.522499,37.5,37.5,653.0
2020-07-23,38.992502,38.992502,38.992502,38.992502,13.0
2020-07-24,39.689999,39.689999,39.689999,39.689999,6.0
2020-07-27,39.667499,39.667499,39.667499,39.667499,4000.0
2020-07-29,39.0,39.0,38.084999,38.084999,12.0
2020-08-03,37.5,37.5,37.5,37.5,276.0
2020-08-07,37.5,37.5,37.492502,37.492502,149.0
2020-08-11,37.125,37.125,37.125,37.125,8.0
2020-08-12,37.125,37.125,37.125,37.125,5.0
2020-08-13,35.647499,35.647499,35.647499,35.647499,82.0
2020-08-17,34.222501,37.0725,34.222501,37.0725,108.0
2020-08-24,36.892499,36.892499,36.892499,36.892499,2.0
2020-08-26,35.4225,35.4225,35.4225,35.4225,66.0
2020-08-27,34.275001,34.5,34.275001,34.5,228.0
2020-08-28,35.872502,35.872502,35.872502,35.872502,13.0
2020-08-31,36.5775,37.282499,36.5775,37.282499,26.0
2020-09-02,37.282499,37.282499,36.532499,37.275001,14.0
2020-09-04,37.282499,37.282499,37.282499,37.282499,2.0
2020-09-14,37.275001,37.275001,37.275001,37.275001,26.0
2020-09-15,37.275001,37.275001,37.275001,37.275001,24.0
2020-09-17,37.275001,37.275001,37.275001,37.275001,2.0
2020-09-18,36.0,37.275001,36.0,37.275001,53.0
2020-09-21,35.805002,35.805002,35.805002,35.805002,29.0
2020-09-22,34.395001,37.199999,34.395001,37.199999,154.0
2020-09-24,36.0,36.75,36.0,36.75,6.0
2020-09-28,36.742502,36.742502,35.4375,36.742502,49.0
2020-09-30,36.75,37.162499,36.75,37.162499,8.0
2020-10-05,36.0,36.0,35.699999,35.699999,40.0
2020-10-06,34.987502,34.987502,34.5,34.987502,486.0
2020-10-07,34.987502,35.842501,34.650001,35.842501,586.0
2020-10-09,35.625,35.625,35.625,35.625,6.0
2020-10-14,36.367502,36.367502,36.367502,36.367502,6.0
2020-10-15,36.0,36.0,35.257499,35.257499,156.0
2020-10-16,35.632499,36.367502,35.632499,35.632499,446.0
2020-10-19,35.265,35.265,35.265,35.265,57.0
2020-10-21,36.0,36.0,36.0,36.0,6.0
2020-10-22,36.0,36.0,36.0,36.0,4.0
2020-10-26,36.217501,36.217501,34.589999,34.589999,20.0
2020-10-27,35.25,35.962501,35.25,35.962501,20.0
2020-11-03,35.324999,35.962501,34.530001,34.530001,430.0
2020-11-04,34.530001,34.530001,34.530001,34.530001,76.0
2020-11-05,35.910001,35.910001,35.910001,35.910001,2.0
2020-11-09,36.217501,36.217501,36.217501,36.217501,16.0
2020-11-10,34.777499,36.217501,34.777499,36.1875,68.0
2020-11-11,36.150001,36.150001,36.150001,36.150001,13.0
2020-11-12,36.150001,36.150001,34.875,34.875,406.0
2020-11-13,36.150001,36.150001,36.0,36.0,20.0
2020-11-16,36.135,36.217501,36.135,36.217501,13.0
2020-11-17,35.625,36.1875,35.625,36.1875,734.0
2020-11-19,36.1875,37.387499,36.1875,37.387499,53.0
2020-11-23,37.492502,38.242502,37.14,37.14,12718.0
2020-11-24,36.074999,38.084999,36.074999,36.150001,156065.0
2020-11-25,36.150001,36.224999,36.150001,36.224999,64.0
2020-11-26,36.75,36.75,36.75,36.75,58.0
2020-11-27,37.050002,37.050002,36.0,36.0,817.0
2020-11-30,36.675002,36.675002,36.0,36.0,737.0
2020-12-01,36.675002,36.675002,35.625,35.625,21000.0
2020-12-02,35.632499,35.632499,35.632499,35.632499,12.0
2020-12-04,35.77500075,35.77500075,35.77500075,35.77500075,26.66666667
2020-12-07,36.2624985,36.375,36.2624985,36.375,177.33333333
2020-12-08,36.34499925,36.75,36.34499925,36.75,893.33333333
2020-12-09,36.6750015,36.6750015,36.6750015,36.6750015,4.0
2020-12-10,36.75,36.75,36.7425015,36.7425015,160.0
2020-12-11,36.75,36.75,35.64,36.0,13288.0
2020-12-14,36.0,36.75,36.0,36.0,5218.66666667
2020-12-15,36.4499985,36.59999925,36.4499985,36.59999925,13.33333333
2020-12-16,36.7425015,36.75,35.77500075,35.77500075,14841.33333333
2020-12-17,35.8125,35.8125,35.8125,35.8125,2690.66666667
2020-12-18,35.84999925,36.375,35.3625015,36.375,1068.0
2020-12-21,35.40000075,35.5575,35.25,35.25,2178.66666667
2020-12-22,35.25,36.51749925,35.25,36.51749925,116.0
2020-12-24,36.375,37.125,36.375,37.04249925,1973.33333333
2020-12-25,36.66749925,37.0500015,35.57999925,37.03500075,820.0
2020-12-30,35.625,36.96750075,35.625,36.96750075,2085.33333333
2020-12-31,36.3675015,36.3675015,36.3675015,36.3675015,2.66666667
2021-01-04,35.6324985,35.6324985,35.6324985,35.6324985,112.0
2021-01-05,36.3675015,36.3675015,36.3675015,36.3675015,21.33333333
2021-01-06,36.3675015,36.3675015,36.3675015,36.3675015,6.66666667
2021-01-07,36.3000015,36.3000015,36.3000015,36.3000015,13.33333333
2021-01-13,36.3675015,36.3675015,36.3675015,36.3675015,66.66666667
2021-01-14,34.92000075,36.36,34.92000075,35.02500075,7198.66666667
2021-01-15,34.125,35.25,34.125,34.5074985,103652.0
2021-01-18,34.17000075,35.385,34.17000075,34.89749925,2300.0
2021-01-19,34.89749925,35.53500075,34.8000015,35.46750075,2160.0
2021-01-20,34.58250075,35.235,34.58250075,35.235,1306.66666667
2021-01-21,34.77749925,35.4225,34.7624985,35.4225,1092.0
2021-01-22,35.385,35.385,35.25,35.25,44.0
2021-01-25,34.91249925,35.25,34.91249925,35.25,34.66666667
2021-01-26,35.25,35.54249925,35.25,35.54249925,31293.33333333
2021-01-27,35.25,35.5124985,35.25,35.5124985,1205.33333333
2021-01-28,35.03249925,35.5500015,35.02500075,35.5500015,1116.0
2021-01-29,35.5500015,35.625,34.1999985,34.1999985,9844.0
2021-02-01,35.25,35.25,35.25,35.25,33.33333333
2021-02-02,35.1750015,35.1750015,35.1750015,35.1750015,29.33333333
2021-02-03,35.2425015,35.25,34.875,34.875,574.66666667
2021-02-04,34.8824985,35.1374985,34.875,35.1374985,461.33333333
2021-02-05,35.25,35.54249925,34.92000075,35.54249925,3212.0
2021-02-08,36.66000075,36.66000075,35.4375,36.0,598.66666667
2021-02-09,36.0,36.0,35.40000075,35.91749925,270.66666667
2021-02-10,35.47499925,35.91000075,35.3249985,35.91000075,1028.0
2021-02-11,35.90249925,35.90249925,34.9275,35.88,165.33333333
2021-02-12,35.8050015,35.8050015,35.8050015,35.8050015,2000.0
2021-02-15,36.41249925,36.41249925,36.375,36.375,849.33333333
2021-02-16,36.29249925,36.52500075,36.29249925,36.3000015,1582.66666667
2021-02-18,35.2574985,35.28749925,35.2574985,35.28749925,120.0
2021-02-19,35.28749925,36.0525,35.25,36.0525,1741.33333333
2021-02-22,35.25,35.25,35.25,35.25,413.33333333
2021-02-23,35.90249925,35.90249925,35.90249925,35.90249925,6.66666667
2021-02-24,35.25,35.9250015,35.25,35.25,5412.0
2021-02-25,35.29500075,35.84250075,35.28749925,35.84250075,20541.33333333
2021-02-26,36.75,36.75,36.75,36.75,8922.66666667
2021-03-01,36.75,36.7574985,36.75,36.7574985,560.0
2021-03-02,36.0,36.7425015,36.0,36.7425015,3904.0
2021-03-03,36.0,36.0,36.0,36.0,197.33333333
2021-03-04,36.7425015,36.7425015,36.7425015,36.7425015,6.66666667
2021-03-05,36.0,36.0,36.0,36.0,772.0
2021-03-08,36.735,36.735,36.0,36.71999925,1522.66666667
2021-03-09,36.59250075,36.59250075,36.0,36.41249925,22348.0
2021-03-11,36.41249925,36.41249925,36.41249925,36.41249925,126.66666667
2021-03-12,36.0,36.0,36.0,36.0,292.0
2021-03-15,34.92000075,36.72750075,34.92000075,36.72750075,60.0
2021-03-19,38.1899985,38.1899985,38.1899985,38.1899985,2325.33333333
2021-03-22,39.71250075,39.71250075,39.71250075,39.71250075,1977.33333333
2021-03-23,41.29500075,41.29500075,41.29500075,41.29500075,3740.0
2021-03-24,42.9449985,42.9449985,42.75,42.75,17373.33333333
2021-03-25,42.15749925,42.6750015,42.0,42.0749985,1442.66666667
2021-03-26,42.0,42.5699985,41.3249985,42.5699985,141.33333333
2021-03-29,41.78249925,42.59999925,41.78249925,42.375,254.66666667
2021-03-30,41.8125,42.75,41.77500075,42.75,19462.66666667
2021-03-31,42.99,43.5,42.41249925,42.75,9976.0
2021-04-01,42.75,43.4250015,42.75,43.4250015,50.66666667
2021-04-02,42.53249925,42.53249925,42.53249925,42.53249925,13506.66666667
2021-04-05,42.0,42.0,42.0,42.0,1361.33333333
2021-04-06,43.27500075,43.27500075,42.75,42.75,1350.66666667
2021-04-08,42.08250075,43.02000075,42.08250075,43.02000075,34.66666667
2021-04-09,43.09499925,43.09499925,43.09499925,43.09499925,2.66666667
2021-04-12,42.24,42.24,42.0,42.0,709.33333333
2021-04-13,42.0,42.0,41.76749925,41.77500075,1890.66666667
2021-04-14,42.0,42.0,41.8050015,41.8050015,526.66666667
2021-04-15,41.9250015,42.0,41.40000075,41.52000075,6381.33333333
2021-04-16,42.0,42.0,41.625,41.625,100.0
2021-04-20,41.70750075,41.70750075,41.6999985,41.6999985,333.33333333
2021-04-21,41.58750075,41.77500075,41.25,41.77500075,1258.66666667
2021-04-22,41.3625015,41.625,41.3625015,41.47499925,684.0
2021-04-23,41.76749925,42.375,41.76749925,42.375,8008.0
2021-04-26,41.5500015,42.375,41.5500015,42.375,17109.33333333
2021-04-27,42.375,42.375,42.375,42.375,1772.0
2021-04-28,42.54000075,43.5,42.52500075,43.5,15669.33333333
2021-04-29,42.75,43.27500075,42.75,43.27500075,3022.66666667
2021-04-30,42.765,43.26749925,42.765,43.26,144.0
2021-05-03,43.26,44.6925,42.47999925,44.625,3668.0
2021-05-04,44.60250075,44.77500075,43.1324985,44.5500015,201.33333333
2021-05-05,44.59499925,44.59499925,44.09250075,44.09250075,138.66666667
2021-05-06,43.27500075,43.83750075,43.1324985,43.82999925,13360.0
2021-05-07,44.02500075,45.5775,43.5,45.5775,2910.66666667
2021-05-10,46.4250015,47.3774985,45.78749925,47.1750015,11270.66666667
2021-05-11,47.2574985,47.91749925,47.2425015,47.57999925,5566.66666667
2021-05-12,47.5500015,47.5500015,46.53749925,47.265,12300.0
2021-05-17,47.0699985,47.25,47.0625,47.1750015,3356.0
2021-05-18,45.3000015,45.3000015,44.25,44.25,1194.66666667
2021-05-19,43.1999985,44.77500075,43.125,43.84499925,216.0
2021-05-20,43.8675015,43.8675015,42.9375,42.9449985,2778.66666667
2021-05-21,43.5,43.5749985,42.8249985,43.5600015,3294.66666667
2021-05-24,42.75,43.4925015,42.75,43.4925015,2746.66666667
2021-05-25,43.4399985,43.4399985,42.375,42.75,7692.0
2021-05-26,42.3824985,43.4250015,42.0,43.4250015,1098.66666667
2021-05-28,42.75,43.41749925,42.0749985,43.125,3258.66666667
2021-05-31,43.1175015,43.125,43.1175015,43.125,53.33333333
2021-06-01,42.75,42.75,42.75,42.75,60.0
2021-06-02,42.75,42.75,42.1125015,42.1125015,6461.33333333
2021-06-03,42.0749985,42.1125015,42.0,42.0,7320.0
2021-06-04,41.9250015,42.375,41.70750075,42.0,7320.0
2021-06-07,41.66249925,42.75,41.66249925,42.75,237.33333333
2021-06-08,42.75,43.04249925,42.75,43.04249925,101.33333333
2021-06-09,42.75,43.38,42.75,43.38,1664.0
2021-06-10,43.875,43.875,43.875,43.875,148.0
2021-06-11,43.8000015,43.8000015,43.8000015,43.8000015,266.66666667
2021-06-14,43.5,43.79249925,42.75,43.79249925,52.0
2021-06-15,43.8000015,43.8000015,43.78500075,43.8000015,4878.66666667
2021-06-16,43.5,43.78500075,42.7574985,43.78500075,2324.0
2021-06-17,43.77749925,43.77749925,43.7475015,43.7475015,37.33333333
2021-06-18,42.375,43.755,42.375,42.75,2446.66666667
2021-06-21,43.7475015,43.8000015,42.8774985,43.8000015,24424.0
2021-06-22,44.21250075,44.21250075,43.5,43.5749985,77.33333333
2021-06-23,43.875,43.875,43.0124985,43.0500015,2736.0
2021-06-24,42.90000075,43.5,42.90000075,43.5,26741.33333333
2021-06-25,43.27500075,43.875,43.27500075,43.875,15714.66666667
2021-06-28,44.1374985,44.1374985,43.5,43.5,9.33333333
2021-06-29,44.1374985,44.1374985,44.1374985,44.1374985,1.33333333
2021-06-30,44.1374985,44.2425015,43.5,44.2425015,14438.66666667
2021-07-01,44.2425015,44.58750075,44.2425015,44.58750075,13536.0
2021-07-02,44.58750075,45.0,44.58750075,45.0,9538.66666667
2021-07-05,43.9275,45.0,43.9275,45.0,20.0
2021-07-06,44.3249985,44.37,44.3249985,44.37,2900.0
2021-07-07,45.6374985,45.75,45.6374985,45.75,1129.33333333
2021-07-08,44.9250015,47.5725,44.9250015,47.5725,9961.33333333
2021-07-09,48.0,48.0,47.5725,47.5725,122.66666667
2021-07-12,45.75,47.54249925,45.75,47.4375,824.0
2021-07-13,47.3625015,47.3625015,47.3625015,47.3625015,102.66666667
2021-07-14,47.13,47.13,47.13,47.13,1018.66666667
2021-07-15,47.8125,47.8125,47.8125,47.8125,1325.33333333
2021-07-16,47.8125,47.8125,46.1324985,47.8125,366.66666667
2021-07-19,47.91000075,47.91000075,47.91000075,47.91000075,206.66666667
2021-07-23,47.9475,48.0,47.9475,48.0,1826.66666667
2021-07-26,48.0,48.0,48.0,48.0,66.66666667
2021-07-27,48.0,48.20999925,47.84999925,48.20249775,186.66666667
2021-07-28,48.20999925,48.375,48.20999925,48.375,170.66666667
2021-07-29,48.33749775,48.33749775,48.33749775,48.33749775,26.66666667
2021-08-02,48.75,48.75,48.75,48.75,13.33333333
2021-08-03,48.75,48.75,48.75,48.75,108.0
2021-08-04,49.125,49.125,49.125,49.125,26.66666667
2021-08-05,49.125,49.125,49.125,49.125,13.33333333
2021-08-06,49.125,49.125,48.75,49.04249925,16169.33333333
2021-08-09,49.04249925,49.5,48.0749985,49.5,11798.66666667
2021-08-11,49.5,49.5,49.5,49.5,513.33333333
2021-08-12,49.3874985,49.5,49.3874985,49.5,374.66666667
2021-08-16,49.4924985,49.5,47.52749925,47.53500075,6240.0
2021-08-17,48.66749925,48.66749925,48.66749925,48.66749925,546.66666667
2021-08-18,47.52749925,48.5175015,47.52749925,48.5175015,286.66666667
2021-08-19,47.5500015,48.4875015,47.5500015,48.4875015,16.0
2021-08-23,48.6750015,48.6750015,48.6750015,48.6750015,8890.66666667
2021-08-24,48.0,48.75,48.0,48.75,65.33333333
2021-08-27,48.73500225,48.75,46.83750075,48.75,3802.66666667
2021-08-30,47.01,49.40999775,47.01,49.40999775,13.33333333
2021-08-31,49.2675015,49.34250075,48.75,49.33499925,504.0
2021-09-02,47.47499925,49.34250075,47.47499925,49.34250075,18.66666667
2021-09-06,47.505,49.2375015,47.505,49.22999925,172.0
2021-09-07,48.75,48.75,48.75,48.75,13.33333333
2021-09-09,47.5575,48.75,47.5575,48.75,321.33333333
2021-09-10,47.64,49.21500225,47.64,49.125,282.66666667
2021-09-13,49.125,49.125,49.125,49.125,133.33333333
2021-09-14,48.75,49.125,48.75,49.125,186.66666667
2021-09-15,49.0500015,49.0500015,49.0500015,49.0500015,133.33333333
2021-09-17,48.75,48.75,48.75,48.75,266.66666667
2021-09-20,48.75,48.75,48.75,48.75,720.0
2021-09-21,48.75,48.75,48.75,48.75,36.0
2021-09-22,48.75,48.75,47.65500075,48.73500225,326.66666667
2021-09-23,47.66249925,49.02750225,47.66249925,47.745,86.66666667
2021-09-24,48.7424985,48.7424985,47.625,48.7424985,774.66666667
2021-09-27,48.75,48.75,47.625,47.625,846.66666667
2021-09-28,48.6374985,48.65250225,47.625,48.65250225,174.66666667
2021-09-30,47.985,48.0,47.985,48.0,36.0
2021-10-01,48.0,48.0,46.125,46.125,786.66666667
2021-10-04,47.84999925,47.84999925,45.75,46.83750075,10890.66666667
2021-10-05,48.5175015,48.5175015,48.5175015,48.5175015,1.33333333
2021-10-06,48.442497,48.442497,48.442497,48.442497,13.33333333
2021-10-07,48.442497,48.442497,48.4350015,48.4350015,106.66666667
2021-10-08,46.5,48.4199985,46.5,46.875,342.66666667
2021-10-11,48.41250225,48.41250225,46.875,46.875,4.0
2021-10-12,48.40500075,48.40500075,48.40500075,48.40500075,6.66666667
2021-10-13,47.61,48.3674985,47.61,48.3674985,33334.66666667
2021-10-14,47.61,48.35250075,47.61,48.33749775,10.66666667
2021-10-15,47.64,48.3674985,47.64,48.3674985,2.66666667
2021-10-18,47.25,48.39749925,47.25,48.39749925,4.0
2021-10-21,47.02500075,48.0,46.5,47.9925015,969.33333333
2021-10-22,47.25,47.25,47.25,47.25,6.66666667
2021-10-25,44.625,47.1750015,44.625,45.75,213594.66666667
2021-10-26,45.75,46.0500015,45.75,45.90000075,192.0
2021-10-27,46.0500015,46.0500015,44.625,46.0500015,258108.0
2021-10-28,46.0500015,47.625,46.0500015,47.25,897.33333333
2021-10-29,48.0,48.0,47.625,48.0,1409.33333333
2021-11-01,47.9925015,47.9925015,47.9925015,47.9925015,162.66666667
2021-11-02,46.5749985,47.9925015,46.5749985,47.9925015,14.66666667
2021-11-03,47.97750075,48.4499985,47.97750075,48.4499985,701.33333333
2021-11-04,48.5549985,48.60000225,48.5549985,48.58499925,306.66666667
2021-11-08,48.0,48.3000015,46.39500075,48.29249925,157.33333333
2021-11-09,48.29249925,48.29249925,48.29249925,48.29249925,18.66666667
2021-11-11,48.27750225,48.27750225,48.27750225,48.27750225,26.66666667
2021-11-12,48.0,48.0,48.0,48.0,26.66666667
2021-11-15,45.42000075,47.9925015,45.42000075,45.90749925,193.33333333
2021-11-16,45.90749925,47.9399985,45.75,45.75,1054.66666667
2021-11-17,45.46499925,47.13,45.4499985,47.13,154.66666667
2021-11-19,45.75,48.0,45.75,45.75,257.33333333
2021-11-22,45.75,47.2425015,45.75,47.2425015,124.0
2021-11-25,46.65000075,46.65000075,46.65000075,46.65000075,2.66666667
2021-11-26,46.86,46.86,45.4499985,46.86,73.33333333
2021-11-29,45.0,45.0,44.6999985,44.6999985,270.66666667
2021-11-30,45.75,47.1750015,45.75,46.5,138.66666667
2021-12-01,47.21250075,47.21250075,45.75,45.75,96.0
2021-12-02,47.2425015,47.2425015,45.0,45.0,605.33333333
2021-12-03,46.47750075,46.47750075,44.72250075,44.72250075,81.33333333
2021-12-06,47.22750075,47.22750075,44.72250075,47.21999925,21.33333333
2021-12-07,44.72999925,47.21250075,44.72999925,47.1975,525.33333333
2021-12-08,47.1750015,47.1750015,45.02249925,45.02249925,13.33333333
2021-12-09,45.0074985,45.02249925,45.0,45.0,552.0
2021-12-10,44.91749925,47.21250075,44.91749925,47.21250075,2673.33333333
2021-12-13,44.865,47.21250075,44.865,46.5,278.66666667
2021-12-14,44.40000075,46.485,44.40000075,46.485,1461.33333333
2021-12-15,44.52749925,46.45499925,44.52749925,46.45499925,1029.33333333
2021-12-17,46.4250015,47.09999925,46.4250015,47.09250075,3890.66666667
2021-12-20,46.9425,47.08499925,46.9425,47.08499925,66.66666667
2021-12-21,46.5,47.0625,46.5,47.0625,17.33333333
2021-12-24,49.875,49.875,49.875,49.875,3836.0
2021-12-31,49.875,51.0,49.875,51.0,11120.0
2022-01-03,50.25,50.96249775,47.96250075,50.9250015,190.66666667
2022-01-07,47.9250015,50.932503,47.9250015,50.932503,1154.66666667
2022-01-14,51.03750225,51.03750225,51.03750225,51.03750225,10.66666667
2022-01-17,51.02249925,51.02249925,49.58250075,49.58250075,14001.33333333
2022-01-18,51.03750225,51.03750225,51.03750225,51.03750225,2.66666667
2022-01-19,51.0,51.75,51.0,51.75,2197.33333333
2022-01-21,49.807503,52.5,49.807503,52.5,2005.33333333
2022-01-24,50.932503,52.5,50.932503,51.75,152.0
2022-01-27,51.75,51.75,51.75,51.75,294.66666667
2022-01-28,51.375,51.375,51.375,51.375,20001.33333333
2022-01-31,51.3000015,51.3000015,50.25,51.3000015,22.66666667
2022-02-02,50.25,51.0,50.25,51.0,102.66666667
2022-02-03,51.0,51.0,51.0,51.0,2.66666667
2022-02-07,50.625,50.625,50.25,50.25,157.33333333
2022-02-08,51.0,51.0,51.0,51.0,26.66666667
2022-02-09,51.0,52.27499775,51.0,52.26,198.66666667
2022-02-10,51.4499985,52.27499775,51.4499985,52.27499775,80.0
2022-02-11,52.27499775,52.27499775,52.27499775,52.27499775,6.66666667
2022-02-14,52.27499775,52.27499775,51.75,51.75,46.66666667
2022-02-16,52.125,52.125,52.0500015,52.125,2385.33333333
2022-02-17,52.125,52.125,52.125,52.125,326.66666667
2022-02-21,51.0,52.48500225,51.0,52.48500225,398.66666667
2022-02-22,52.1174985,52.1174985,51.0,51.0,585.33333333
2022-02-23,51.75,51.75,50.3925015,50.3925015,6670.66666667
2022-02-24,50.3925015,51.7424985,48.6750015,48.6750015,512.0
2022-02-25,48.75,51.22500225,48.6750015,51.22500225,597.33333333
2022-02-28,51.21750075,51.21750075,51.21750075,51.21750075,6.66666667
2022-03-01,51.7424985,51.7424985,51.0,51.0,174.66666667
2022-03-02,47.9475,48.96750075,47.9475,48.0,1038.66666667
2022-03-03,49.4250015,49.4250015,49.4250015,49.4250015,5.33333333
2022-03-04,48.75,48.75,46.9499985,46.9499985,1390.66666667
2022-03-07,48.75,48.75,45.0,45.52500075,364.0
2022-03-08,45.0,45.75,45.0,45.0,5018.66666667
2022-03-09,47.25,47.25,45.0,45.0,3952.0
2022-03-10,47.2425015,47.6925,46.26,47.47499925,417.33333333
2022-03-11,47.57999925,47.57999925,46.16249925,47.1750015,68.0
2022-03-14,46.5,46.5,46.5,46.5,200.0
2022-03-15,47.21250075,47.3249985,47.21250075,47.3249985,81.33333333
2022-03-16,47.3249985,47.3249985,47.3249985,47.3249985,26.66666667
2022-03-17,46.16249925,46.16249925,45.0074985,46.16249925,590.66666667
2022-03-18,47.25,47.76749925,46.5,47.76749925,106.66666667
2022-03-22,49.9499985,49.9499985,48.7424985,48.75,4840.0
2022-03-23,48.0,48.0,46.27500075,47.25,357.33333333
2022-03-24,48.4499985,48.4499985,48.375,48.375,794.66666667
2022-03-25,48.0,48.0,46.53749925,46.53749925,30756.0
2022-03-28,47.3249985,48.36000225,46.5,48.36000225,597.33333333
2022-03-29,48.3674985,49.4250015,48.3674985,48.75,2046.66666667
2022-03-30,48.3825015,49.35000225,48.375,48.375,844.0
2022-03-31,48.75,48.75,48.75,48.75,25.33333333
2022-04-01,48.7424985,48.75,48.7424985,48.75,1337.33333333
2022-04-04,48.75,48.75,48.0,48.75,336.0
2022-04-05,49.5,49.5,49.5,49.5,1.33333333
2022-04-06,49.4924985,49.4924985,49.4924985,49.4924985,13.33333333
2022-04-07,49.4250015,49.4250015,49.4250015,49.4250015,53.33333333
2022-04-08,49.125,49.125,49.125,49.125,40.0
2022-04-11,49.4250015,49.4250015,49.4250015,49.4250015,1.33333333
2022-04-12,48.4499985,49.5,48.4499985,49.5,56.0
2022-04-13,49.5,49.5,49.5,49.5,141.33333333
2022-04-14,48.75,49.4924985,48.75,48.75,1556.0
2022-04-15,48.75,48.75,48.0,48.0,690.66666667
2022-04-18,48.0,48.75,48.0,48.0,96.0
2022-04-19,48.2624985,48.2624985,47.25,47.25,113.33333333
2022-04-20,48.2624985,48.2624985,47.625,47.625,114.66666667
2022-04-21,48.75,48.75,48.75,48.75,2.66666667
2022-04-22,48.75,48.75,48.0,48.0,8.0
2022-04-25,49.5,49.5,49.5,49.5,474.66666667
2022-04-26,49.5,49.5,48.75,48.75,254.66666667
2022-04-27,48.75,48.75,48.75,48.75,266.66666667
2022-04-28,49.4924985,49.5,49.4924985,49.5,45.33333333
2022-05-04,49.5,49.5,49.5,49.5,26.66666667
2022-05-05,49.875,49.875,48.0,49.8674985,1101.33333333
2022-05-06,49.5,49.5,49.5,49.5,1.33333333
2022-05-09,48.01499775,49.86000225,48.01499775,49.86000225,150.66666667
2022-05-10,49.5,49.5,48.75,48.75,66.66666667
2022-05-11,48.6750015,48.6750015,48.0,48.0,85.33333333
2022-05-12,48.0,48.6750015,48.0,48.6750015,81.33333333
2022-05-13,48.6750015,49.0500015,48.6750015,49.0500015,478.66666667
2022-05-16,49.875,49.875,48.0075015,49.5,1006.66666667
2022-05-17,49.5,49.5,49.5,49.5,186.66666667
2022-05-18,48.8249985,48.8249985,48.0,48.1875,2188.0
2022-05-19,47.9925015,48.0,47.25,48.0,160.0
2022-05-20,47.25,48.2624985,47.25,48.2624985,269.33333333
2022-05-25,47.9925015,47.9925015,47.9925015,47.9925015,10.66666667
2022-05-26,46.5749985,47.625,45.75,47.625,846.66666667
2022-05-27,47.25,47.625,47.25,47.625,50.66666667
2022-05-31,47.625,47.625,47.625,47.625,140.0
2022-06-01,45.5775,47.25,45.5775,47.25,4.0
2022-06-02,47.25,48.6750015,47.25,48.375,522.66666667
2022-06-03,47.96250075,47.96250075,47.96250075,47.96250075,40.0
2022-06-07,47.8125,47.8125,47.8125,47.8125,38.66666667
2022-06-08,46.5,46.5,46.5,46.5,80.0
2022-06-09,46.20750075,47.91749925,46.20750075,46.65000075,96.0
2022-06-10,47.91749925,48.375,47.25,48.375,1348.0
2022-06-13,51.27,51.27,51.27,51.27,2.0
2022-06-14,54.34,54.34,54.34,54.34,631.0
2022-06-15,57.59,57.599998,57.5,57.599998,912.0
2022-06-16,59.75,61.0,58.5,61.0,225.0
2022-06-17,58.0,59.0,58.0,58.0,108.0
2022-06-20,55.0,55.009998,54.529999,54.529999,668.0
2022-06-21,53.599998,53.599998,52.0,53.0,865.0
2022-06-22,53.099998,53.099998,52.450001,52.450001,942.0
2022-06-23,52.450001,52.450001,50.0,52.0,291.0
2022-06-24,48.91,51.0,48.889999,50.959999,455.0
2022-06-27,49.0,49.049999,49.0,49.049999,804.0
2022-06-28,49.209999,50.419998,49.209999,50.419998,102.0
2022-06-29,50.43,50.43,50.389999,50.389999,133.0
2022-06-30,50.389999,50.389999,50.389999,50.389999,2.0
2022-07-01,49.990002,49.990002,49.990002,49.990002,4.0
2022-07-04,49.990002,49.990002,49.990002,49.990002,13.0
2022-07-05,49.0,49.0,49.0,49.0,508.0
2022-07-06,48.900002,49.5,48.5,48.5,1055.0
2022-07-07,48.049999,48.049999,48.0,48.0,548.0
2022-07-08,49.400002,49.400002,49.400002,49.400002,45.0
2022-07-12,49.400002,49.400002,46.91,46.91,111.0
2022-07-13,49.400002,49.400002,49.400002,49.400002,15.0
2022-07-14,47.02,49.389999,47.02,49.389999,4.0
2022-07-15,49.400002,49.400002,49.389999,49.389999,83.0
2022-07-18,49.400002,49.400002,49.0,49.0,245.0
2022-07-19,47.700001,47.700001,47.700001,47.700001,1.0
2022-07-20,48.099998,48.099998,48.099998,48.099998,20.0
2022-07-21,47.75,47.990002,45.220001,47.950001,2550.0
2022-07-22,45.220001,45.220001,45.080002,45.099998,2202.0
2022-07-25,47.470001,47.470001,45.0,45.900002,1034.0
2022-07-26,46.98,46.98,45.0,46.490002,1713.0
2022-07-27,46.439999,46.439999,45.0,46.279999,531.0
2022-07-29,45.0,45.049999,45.0,45.0,462.0
2022-08-01,45.98,45.98,45.0,45.970001,1234.0
2022-08-02,45.970001,47.599998,45.009998,45.009998,1422.0
2022-08-03,47.5,47.5,46.0,46.0,437.0
2022-08-04,45.5,45.5,45.0,45.0,1249.0
2022-08-08,46.0,46.0,46.0,46.0,3.0
2022-08-09,46.0,47.349998,46.0,47.349998,25.0
2022-08-10,47.0,47.0,47.0,47.0,11.0
2022-08-11,47.0,47.0,47.0,47.0,120.0
2022-08-12,47.389999,47.389999,45.139999,47.360001,503.0
2022-08-15,46.5,48.900002,46.5,48.900002,955.0
2022-08-16,48.98,49.299999,48.0,49.200001,638.0
2022-08-17,49.200001,50.0,49.200001,49.990002,1881.0
2022-08-18,49.959999,50.950001,49.959999,50.950001,1623.0
2022-08-19,50.220001,51.5,50.220001,50.220001,1494.0
2022-08-22,51.98,51.98,51.799999,51.799999,285.0
2022-08-23,51.0,51.0,49.5,50.98,419.0
2022-08-25,50.0,50.970001,50.0,50.970001,25.0
2022-08-26,48.099998,51.490002,48.099998,51.490002,147.0
2022-08-29,51.380001,51.380001,51.380001,51.380001,2.0
2022-08-30,51.0,51.0,49.990002,49.990002,379.0
2022-08-31,48.560001,50.990002,48.049999,50.900002,186.0
2022-09-01,50.869999,51.200001,50.869999,51.200001,1149.0
2022-09-02,51.639999,51.639999,51.639999,51.639999,20.0
2022-09-05,50.200001,51.0,50.200001,51.0,431.0
2022-09-06,50.200001,51.650002,50.200001,51.650002,22.0
2022-09-07,50.209999,51.650002,50.209999,51.650002,118.0
2022-09-08,51.779999,51.779999,51.779999,51.779999,2.0
2022-09-09,50.900002,50.900002,50.900002,50.900002,33.0
2022-09-12,50.549999,51.830002,50.5,51.830002,46.0
2022-09-14,50.549999,50.549999,50.549999,50.549999,100.0
2022-09-15,51.5,51.799999,51.5,51.799999,20.0
2022-09-16,49.509998,51.700001,49.509998,51.700001,210.0
2022-09-19,51.689999,51.689999,49.5,49.5,1519.0
2022-09-20,49.0,49.0,49.0,49.0,225.0
2022-09-21,49.0,51.400002,49.0,51.400002,62.0
2022-09-22,51.240002,51.240002,49.0,49.0,844.0
2022-09-23,51.16,51.16,49.990002,49.990002,40.0
2022-09-26,51.080002,51.080002,48.0,48.0,1135.0
2022-09-27,46.0,46.0,46.0,46.0,1000.0
2022-09-28,48.5,48.5,46.0,46.0,112.0
2022-09-29,46.0,48.75,46.0,46.0,1183.0
2022-09-30,48.619999,48.619999,46.0,46.0,211.0
2022-10-03,46.0,48.389999,46.0,48.0,67.0
2022-10-04,48.139999,48.139999,45.130001,45.130001,1078.0
2022-10-05,47.389999,47.389999,45.5,45.5,440.0
2022-10-06,47.939999,47.939999,44.0,44.0,2011.0
2022-10-07,45.990002,46.599998,44.0,46.599998,897.0
2022-10-11,45.02,46.48,45.02,46.48,17.0
2022-10-12,46.689999,46.689999,45.0,45.0,295.0
2022-10-13,46.689999,46.689999,45.0,46.540001,108.0
2022-10-14,46.790001,46.790001,46.740002,46.740002,14.0
2022-10-17,44.5,44.5,44.5,44.5,100.0
2022-10-18,45.990002,45.990002,44.02,44.02,804.0
2022-10-19,46.240002,46.240002,46.240002,46.240002,15.0
2022-10-21,45.919998,45.950001,45.900002,45.900002,34.0
2022-10-24,45.0,45.939999,45.0,45.939999,168.0
2022-10-25,45.889999,46.0,45.889999,45.950001,241.0
2022-10-26,45.049999,45.98,44.0,45.860001,1082.0
2022-10-27,45.5,45.5,45.5,45.5,5.0
2022-10-28,45.099998,45.200001,45.099998,45.099998,306.0
2022-10-31,44.099998,44.099998,44.0,44.0,129.0
2022-11-01,45.5,45.5,45.400002,45.400002,200.0
2022-11-02,45.75,45.75,45.689999,45.689999,3.0
2022-11-03,45.48,45.48,45.349998,45.349998,51.0
2022-11-04,45.299999,45.349998,45.299999,45.349998,321.0
2022-11-07,45.349998,45.349998,44.200001,44.200001,3.0
2022-11-09,44.009998,45.330002,44.009998,45.330002,65.0
2022-11-10,44.009998,44.099998,44.009998,44.099998,88.0
2022-11-14,44.900002,45.330002,44.009998,45.330002,291.0
2022-11-15,45.32,45.32,44.900002,44.900002,131.0
2022-11-16,44.950001,44.950001,44.950001,44.950001,50.0
2022-11-21,44.950001,44.950001,44.950001,44.950001,601.0
2022-11-22,44.549999,44.549999,44.549999,44.549999,100.0
2022-11-23,44.950001,44.950001,44.549999,44.950001,95.0
2022-11-24,44.299999,44.970001,44.299999,44.970001,208.0
2022-11-25,44.990002,44.990002,44.990002,44.990002,8.0
2022-11-28,44.5,44.5,44.5,44.5,40.0
2022-11-29,44.990002,44.990002,44.400002,44.990002,92.0
2022-11-30,44.400002,44.5,44.400002,44.5,2.0
2022-12-01,44.5,45.0,44.5,45.0,1108.0
2022-12-02,44.400002,46.0,44.400002,46.0,460.0
2022-12-05,46.0,46.0,46.0,46.0,202.0
2022-12-06,46.0,47.0,45.599998,47.0,138.0
2022-12-07,45.5,45.5,45.5,45.5,451.0
2022-12-08,45.5,45.5,45.5,45.5,870.0
2022-12-09,45.5,45.5,45.5,45.5,1858.0
2022-12-12,45.5,45.5,45.5,45.5,918.0
2022-12-13,45.5,45.5,45.5,45.5,543.0
2022-12-14,45.5,45.5,43.009998,45.419998,1337.0
2022-12-15,43.349998,45.0,43.349998,45.0,492.0
2022-12-16,45.450001,45.5,45.349998,45.5,2223.0
2022-12-19,45.490002,45.5,45.490002,45.5,29.0
2022-12-20,44.0,45.5,44.0,45.490002,13.0
2022-12-21,45.0,45.48,45.0,45.48,126.0
2022-12-22,45.349998,45.349998,45.34,45.349998,11.0
2022-12-23,45.459999,45.459999,45.459999,45.459999,3.0
2022-12-26,45.450001,45.450001,45.099998,45.099998,101.0
2022-12-28,43.75,44.990002,43.75,44.990002,304.0
2022-12-29,45.0,45.0,45.0,45.0,132.0
2022-12-30,42.310001,45.5,42.310001,45.5,5244.0
2023-01-02,45.950001,45.950001,45.950001,45.950001,21.0
2023-01-03,43.200001,45.619999,43.200001,43.200001,3529.0
2023-01-04,43.200001,43.200001,40.610001,40.610001,4603.0
2023-01-05,42.950001,42.950001,40.700001,40.700001,67.0
2023-01-06,41.5,42.73,41.5,42.73,23.0
2023-01-09,41.5,41.5,40.599998,40.599998,415.0
2023-01-10,40.0,40.009998,40.0,40.009998,509.0
2023-01-12,40.5,42.0,40.009998,41.990002,439.0
2023-01-13,42.490002,42.490002,41.990002,42.0,239.0
2023-01-16,40.599998,40.73,40.599998,40.700001,155.0
2023-01-18,42.0,42.0,41.959999,42.0,168.0
2023-01-23,42.0,43.889999,42.0,43.889999,111.0
2023-01-24,43.0,43.0,43.0,43.0,10.0
2023-01-25,41.009998,41.009998,41.009998,41.009998,17.0
2023-01-27,42.0,42.0,42.0,42.0,174.0
2023-01-31,43.98,43.98,40.75,40.759998,131.0
2023-02-01,43.200001,43.200001,43.200001,43.200001,10.0
2023-02-02,41.110001,42.0,41.0,42.0,115.0
2023-02-03,41.080002,42.049999,41.080002,42.0,115.0
2023-02-06,42.91,42.950001,42.91,42.950001,13.0
2023-02-08,42.900002,42.900002,42.900002,42.900002,115.0
2023-02-09,42.799999,42.900002,42.799999,42.900002,726.0
2023-02-10,42.900002,42.900002,42.900002,42.900002,78.0
2023-02-13,42.950001,43.0,42.950001,42.959999,519.0
2023-02-14,43.0,43.990002,43.0,43.950001,276.0
2023-02-15,43.0,43.91,43.0,43.91,49.0
2023-02-16,42.91,43.950001,42.91,43.950001,57.0
2023-02-17,43.959999,44.0,43.959999,44.0,230.0
2023-02-20,43.959999,43.959999,43.950001,43.950001,10.0
2023-02-21,43.939999,43.939999,43.200001,43.200001,75.0
2023-02-22,43.02,43.049999,42.950001,42.950001,71.0
2023-02-23,43.0,43.0,42.900002,42.900002,400.0
2023-02-24,42.5,43.450001,42.5,43.450001,17.0
2023-02-27,43.939999,43.939999,43.939999,43.939999,1.0
2023-02-28,43.939999,43.939999,43.939999,43.939999,1.0
2023-03-01,43.939999,43.939999,43.939999,43.939999,10.0
2023-03-02,43.0,43.0,43.0,43.0,2010.0
2023-03-03,43.0,43.91,43.0,43.91,18.0
2023-03-06,41.509998,43.790001,41.509998,43.790001,6.0
2023-03-07,43.689999,43.689999,42.900002,42.900002,2.0
2023-03-08,42.900002,42.900002,42.900002,42.900002,11.0
2023-03-09,42.900002,42.900002,42.900002,42.900002,15.0
2023-03-10,42.900002,42.900002,42.900002,42.900002,37.0
2023-03-14,42.099998,42.099998,42.099998,42.099998,2.0
2023-03-15,42.900002,42.900002,41.189999,41.189999,320.0
2023-03-16,42.900002,42.900002,42.799999,42.900002,1359.0
2023-03-17,42.900002,42.900002,42.900002,42.900002,12.0
2023-03-20,42.099998,42.939999,42.099998,42.939999,12.0
2023-03-21,42.900002,42.900002,42.900002,42.900002,20.0
2023-03-22,42.900002,42.900002,42.900002,42.900002,2.0
2023-03-23,42.009998,42.900002,42.0,42.900002,52.0
2023-03-24,42.0,42.889999,42.0,42.889999,66.0
2023-03-28,42.900002,42.900002,42.900002,42.900002,61.0
2023-03-29,42.889999,42.939999,40.330002,42.939999,9942.0
2023-03-30,41.900002,41.900002,41.900002,41.900002,30.0
2023-03-31,42.799999,42.799999,41.900002,41.900002,22.0
2023-04-03,41.98,41.98,41.93,41.93,69.0
2023-04-04,41.5,41.5,41.5,41.5,73.0
2023-04-05,41.490002,41.490002,40.009998,40.5,711.0
2023-04-06,41.490002,41.490002,40.5,41.490002,70.0
2023-04-07,42.0,42.369999,41.5,42.0,297.0
2023-04-10,41.990002,41.990002,41.990002,41.990002,50.0
2023-04-11,41.0,42.349998,41.0,42.0,281.0
2023-04-12,40.32,41.900002,40.32,41.900002,273.0
2023-04-13,41.990002,41.990002,41.990002,41.990002,2.0
2023-04-14,41.75,41.75,41.75,41.75,260.0
2023-04-17,41.990002,42.0,41.75,41.75,42.0
2023-04-18,41.009998,41.990002,41.0,41.990002,21.0
2023-04-19,41.009998,41.990002,41.009998,41.990002,40.0
2023-04-20,41.0,41.970001,41.0,41.970001,218.0
2023-04-21,41.099998,41.099998,41.099998,41.099998,2072.0
2023-04-26,42.189999,42.189999,42.119999,42.119999,43.0
2023-04-27,42.07,42.07,41.990002,41.990002,28.0
2023-04-28,41.990002,42.080002,41.5,41.5,29.0
2023-05-02,41.5,41.5,41.5,41.5,3.0
2023-05-03,42.07,42.07,42.07,42.07,44.0
2023-05-04,42.040001,42.040001,42.040001,42.040001,5.0
2023-05-05,42.07,42.080002,42.0,42.0,292.0
2023-05-08,42.0,42.080002,42.0,42.080002,43.0
2023-05-09,43.099998,43.099998,42.150002,42.150002,1297.0
2023-05-10,42.150002,43.099998,42.150002,43.099998,37.0
2023-05-11,43.099998,43.099998,43.099998,43.099998,388.0
2023-05-12,43.400002,44.0,43.0,44.0,2240.0
2023-05-15,44.0,44.450001,44.0,44.0,141.0
2023-05-16,44.099998,44.099998,43.200001,43.200001,550.0
2023-05-17,44.099998,44.549999,44.099998,44.549999,48.0
2023-05-18,44.450001,45.0,44.450001,44.549999,1044.0
2023-05-19,44.450001,44.5,44.450001,44.5,81.0
2023-05-22,45.0,45.0,45.0,45.0,12.0
2023-05-23,42.34,44.790001,42.34,44.490002,511.0
2023-05-24,44.0,44.0,43.990002,44.0,57.0
2023-05-25,44.0,44.0,43.0,43.889999,146.0
2023-05-29,43.990002,44.990002,43.799999,44.990002,443.0
2023-05-30,43.0,44.990002,43.0,43.5,760.0
2023-05-31,44.5,44.5,44.5,44.5,1022.0
2023-06-01,44.900002,44.900002,44.049999,44.099998,2480.0
2023-06-02,43.650002,45.0,43.650002,45.0,140.0
2023-06-05,45.0,45.0,43.66,44.950001,1758.0
2023-06-06,44.0,44.0,42.75,43.0,23004.0
2023-06-07,43.900002,44.990002,43.0,43.700001,2929.0
2023-06-08,44.0,44.450001,44.0,44.0,665.0
2023-06-09,43.25,43.5,43.25,43.5,73.0
2023-06-12,42.5,43.400002,42.5,42.599998,219.0
2023-06-13,43.400002,43.400002,42.599998,42.599998,262.0
2023-06-14,42.700001,43.25,42.700001,43.200001,377.0
2023-06-15,42.650002,42.900002,42.16,42.200001,1578.0
2023-06-16,42.200001,43.349998,42.200001,43.349998,605.0
2023-06-19,43.349998,43.349998,42.299999,43.349998,653.0
2023-06-20,42.5,43.0,42.220001,43.0,1191.0
2023-06-21,43.0,43.0,42.509998,42.509998,632.0
2023-06-22,43.0,43.450001,42.220001,43.450001,1269.0
2023-06-23,43.5,43.5,43.0,43.5,288.0
2023-06-27,42.27,43.48,42.259998,43.450001,363.0
2023-07-03,43.740002,43.740002,43.369999,43.68,47.0
2023-07-04,43.5,43.669998,43.5,43.669998,258.0
2023-07-05,43.5,43.5,43.5,43.5,1203.0
2023-07-06,43.66,43.669998,43.650002,43.650002,197.0
2023-07-07,42.630001,43.599998,42.630001,43.599998,79.0
2023-07-10,43.599998,43.599998,42.709999,43.5,52.0
2023-07-11,43.549999,43.549999,42.759998,42.759998,324.0
2023-07-12,43.650002,43.650002,42.5,43.5,882.0
2023-07-13,43.5,44.200001,43.5,43.5,845.0
2023-07-14,44.0,44.0,43.0,43.209999,421.0
2023-07-17,43.209999,44.189999,43.200001,43.200001,634.0
2023-07-18,44.5,44.5,43.5,43.5,344.0
2023-07-20,44.049999,44.049999,43.0,43.650002,523.0
2023-07-21,43.849998,43.849998,42.299999,43.84,329.0
2023-07-24,43.5,43.849998,43.5,43.849998,311.0
2023-07-25,43.84,43.84,42.610001,43.599998,1054.0
2023-07-26,43.150002,43.849998,43.150002,43.799999,1209.0
2023-07-27,43.799999,43.849998,43.150002,43.400002,751.0
2023-07-28,43.0,43.849998,42.529999,43.599998,2469.0
2023-07-31,44.0,44.5,44.0,44.0,619.0
2023-08-01,44.75,44.75,44.0,44.400002,4.0
2023-08-02,44.0,44.400002,43.200001,43.200001,3536.0
2023-08-03,44.490002,44.490002,43.849998,44.389999,43.0
2023-08-04,44.389999,44.389999,43.099998,44.200001,620.0
2023-08-07,44.200001,44.299999,43.029999,44.299999,171.0
2023-08-08,44.0,44.099998,43.040001,44.099998,44.0
2023-08-09,44.200001,44.200001,44.200001,44.200001,44.0
2023-08-10,44.200001,44.200001,44.200001,44.200001,50.0
2023-08-11,44.0,44.200001,44.0,44.0,25.0
2023-08-15,44.0,44.400002,43.5,44.389999,253.0
2023-08-16,44.389999,44.389999,44.389999,44.389999,11.0
2023-08-17,44.389999,44.389999,44.389999,44.389999,120.0
2023-08-18,44.0,44.290001,43.060001,44.290001,185.0
2023-08-22,43.119999,44.240002,43.119999,44.240002,11.0
2023-08-23,43.07,43.5,43.07,43.5,103.0
2023-08-24,44.0,44.0,43.5,43.5,284.0
2023-08-25,44.0,44.0,44.0,44.0,6.0
2023-08-28,44.0,44.0,44.0,44.0,1.0
2023-08-29,43.5,44.0,43.5,44.0,71.0
2023-08-30,44.0,44.279999,43.799999,44.279999,986.0
2023-08-31,43.599998,44.189999,42.0,43.400002,3292.0
2023-09-01,43.400002,43.400002,43.400002,43.400002,12.0
2023-09-04,43.400002,44.34,43.400002,43.400002,16.0
2023-09-05,44.279999,44.279999,43.990002,44.0,551.0
2023-09-06,43.5,43.5,43.5,43.5,61.0
2023-09-07,43.5,43.799999,43.5,43.799999,11.0
2023-09-11,43.5,43.849998,43.5,43.5,397.0
2023-09-12,44.0,44.0,42.700001,42.709999,45.0
2023-09-13,43.0,44.599998,43.0,44.59,343.0
2023-09-14,44.0,44.0,43.099998,44.0,76.0
2023-09-18,43.990002,43.990002,43.5,43.549999,34.0
2023-09-19,43.599998,44.700001,43.0,43.0,3938.0
2023-09-20,43.0,45.57,43.0,45.57,6499.0
2023-09-21,47.0,48.0,46.0,47.0,1197.0
2023-09-22,46.0,46.0,44.189999,44.189999,937.0
2023-09-25,45.990002,45.990002,44.299999,45.5,807.0
2023-09-26,44.400002,45.5,44.400002,45.439999,228.0
2023-09-27,45.5,45.5,44.700001,45.0,738.0
2023-10-02,44.349998,45.0,44.349998,45.0,208.0
2023-10-03,44.200001,44.200001,44.200001,44.200001,100.0
2023-10-04,44.200001,44.200001,43.299999,44.0,468.0
2023-10-05,44.0,46.630001,44.0,46.630001,3751.0
2023-10-06,47.990002,48.5,46.0,46.630001,11688.0
2023-10-09,47.5,47.5,47.0,47.0,438.0
2023-10-10,46.990002,47.0,46.990002,47.0,50.0
2023-10-11,46.939999,47.990002,46.939999,47.0,1626.0
2023-10-12,48.0,48.0,46.5,47.490002,59.0
2023-10-13,46.5,47.889999,43.0,43.0,6015.0
2023-10-16,47.259998,47.259998,44.110001,46.470001,892.0
2023-10-17,46.459999,46.459999,44.799999,44.799999,377.0
2023-10-18,46.0,47.5,45.599998,46.150002,2786.0
2023-10-19,47.5,47.5,46.900002,46.91,753.0
2023-10-20,47.389999,47.5,46.5,47.5,3346.0
2023-10-23,46.5,46.549999,46.5,46.5,175.0
2023-10-24,46.099998,47.0,46.099998,47.0,53.0
2023-10-25,46.950001,46.950001,46.950001,46.950001,10.0
2023-10-26,46.099998,47.900002,46.099998,47.490002,275.0
2023-10-27,46.099998,47.5,46.0,47.5,819.0
2023-10-30,47.5,47.5,47.5,47.5,5.0
2023-10-31,46.200001,47.880001,46.200001,47.880001,20.0
2023-11-01,47.5,47.5,46.0,47.5,78.0
2023-11-03,47.0,47.099998,45.799999,47.099998,117.0
2023-11-08,46.990002,47.0,46.799999,46.799999,55.0
2023-11-09,46.799999,46.799999,45.400002,45.400002,340.0
2023-11-10,46.5,46.990002,46.5,46.990002,13.0
2023-11-13,45.509998,45.509998,45.509998,45.509998,137.0
2023-11-14,46.98,46.98,46.98,46.98,9.0
2023-11-15,46.610001,46.610001,45.25,46.5,435.0
2023-11-17,47.5,47.5,47.5,47.5,3714.0
2023-11-20,47.400002,47.400002,47.400002,47.400002,150.0
2023-11-21,46.009998,46.5,46.0,46.5,791.0
2023-11-22,46.009998,46.5,46.009998,46.5,120.0
2023-11-23,46.990002,46.990002,46.0,46.0,563.0
2023-11-24,46.5,47.0,45.5,47.0,5020.0
2023-11-27,45.02,46.990002,45.02,46.990002,4.0
2023-11-28,46.5,46.5,45.110001,45.110001,20.0
2023-11-29,46.939999,46.939999,45.009998,46.799999,839.0
2023-11-30,46.439999,46.439999,45.049999,45.049999,115.0
2023-12-01,46.400002,46.990002,44.41,46.990002,2155.0
2023-12-04,46.5,46.5,46.490002,46.490002,34708.0
2023-12-05,46.400002,46.400002,46.400002,46.400002,3.0
2023-12-06,45.009998,46.990002,45.0,46.990002,192.0
2023-12-07,46.5,46.5,46.5,46.5,15.0
2023-12-11,46.990002,46.990002,45.009998,45.299999,306.0
2023-12-12,45.099998,46.490002,45.099998,46.490002,295.0
2023-12-13,46.400002,46.400002,46.400002,46.400002,87.0
2023-12-14,45.419998,46.490002,45.110001,46.490002,287.0
2023-12-15,47.0,47.0,47.0,47.0,1145.0
2023-12-18,47.400002,47.400002,47.400002,47.400002,10.0
2023-12-21,47.200001,47.200001,44.5,44.5,3331.0
2023-12-22,46.5,46.990002,45.0,46.990002,5076.0
2023-12-25,47.0,47.0,47.0,47.0,1.0
2023-12-26,45.0,47.0,45.0,47.0,1231.0
2023-12-27,47.0,47.0,47.0,47.0,2012.0
2023-12-28,46.0,46.98,46.0,46.98,22030.0
2023-12-29,46.66,46.959999,46.5,46.5,78.0
2024-01-02,46.900002,46.900002,46.900002,46.900002,31.0
2024-01-03,46.5,46.759998,46.5,46.759998,210.0
2024-01-04,46.5,47.0,45.509998,46.700001,705.0
2024-01-05,46.799999,46.799999,45.52,46.5,40.0
2024-01-08,46.490002,46.5,45.610001,45.610001,1276.0
2024-01-09,46.5,46.5,46.400002,46.400002,250.0
2024-01-10,47.09,47.09,47.09,47.09,18.0
2024-01-12,47.200001,47.200001,45.68,45.68,6436.0
2024-01-15,45.700001,47.0,45.5,45.509998,1528.0
2024-01-16,45.099998,46.470001,45.099998,46.459999,1174.0
2024-01-17,46.0,46.0,45.5,45.5,293.0
2024-01-18,46.0,46.0,45.0,45.5,1623.0
2024-01-19,45.25,46.0,45.25,46.0,45.0
2024-01-22,45.0,46.0,45.0,46.0,1222.0
2024-01-23,45.0,46.0,45.0,46.0,2131.0
2024-01-24,45.0,45.990002,45.0,45.990002,2001.0
2024-01-25,45.099998,46.0,45.099998,45.900002,2373.0
2024-01-26,45.0,45.599998,45.0,45.599998,6195.0
2024-01-29,45.099998,46.0,45.099998,45.889999,441.0
2024-01-30,45.799999,45.799999,44.950001,45.75,8173.0
2024-01-31,44.959999,45.689999,44.900002,45.689999,1271.0
2024-02-01,45.0,45.700001,45.0,45.0,4417.0
2024-02-02,45.689999,45.700001,45.689999,45.700001,13.0
2024-02-05,45.700001,45.700001,44.599998,45.700001,1252.0
2024-02-06,45.5,45.5,45.5,45.5,116.0
2024-02-07,45.009998,45.700001,45.009998,45.689999,188.0
2024-02-08,45.009998,45.689999,44.5,44.5,2290.0
2024-02-09,45.700001,45.700001,45.689999,45.689999,101.0
2024-02-12,45.5,45.599998,45.5,45.599998,1257.0
2024-02-13,45.599998,45.599998,45.009998,45.599998,450.0
2024-02-15,45.5,45.5,44.0,45.0,389.0
2024-02-16,44.0,44.299999,44.0,44.200001,4505.0
2024-02-19,44.099998,45.5,44.029999,44.400002,2172.0
2024-02-20,45.0,45.0,44.169998,44.169998,1005.0
2024-02-21,44.310001,45.5,44.18,45.490002,836.0
2024-02-22,45.470001,45.470001,44.200001,44.25,1323.0
2024-02-23,44.5,45.5,44.5,45.5,1760.0
2024-02-26,45.5,45.5,44.259998,45.490002,211.0
2024-02-27,44.400002,45.450001,44.400002,45.450001,74.0
2024-02-28,44.5,45.439999,44.23,45.439999,1759.0
2024-02-29,45.439999,45.439999,44.5,45.299999,389.0
2024-03-01,45.5,45.5,45.5,45.5,10.0
2024-03-04,45.0,45.0,44.799999,44.799999,125.0
2024-03-05,44.900002,44.900002,44.5,44.900002,222.0
2024-03-06,44.900002,44.939999,44.240002,44.240002,1901.0
2024-03-07,44.25,45.0,44.110001,45.0,828.0
2024-03-08,45.0,45.5,44.099998,45.5,1219.0
2024-03-11,44.950001,45.5,44.299999,45.5,495.0
2024-03-12,44.349998,45.5,44.349998,45.5,284.0
2024-03-13,45.0,46.200001,45.0,46.189999,5322.0
2024-03-14,44.509998,46.150002,44.509998,46.150002,22.0
2024-03-15,45.950001,45.950001,45.200001,45.200001,101.0
2024-03-18,46.0,46.0,46.0,46.0,409.0
2024-03-19,45.52,46.490002,45.52,46.400002,1395.0
2024-03-20,46.490002,47.0,46.400002,46.549999,3867.0
2024-03-21,46.970001,47.0,46.970001,47.0,75.0
2024-03-22,46.990002,47.0,46.560001,47.0,95.0
2024-03-26,46.150002,46.990002,46.150002,46.16,719.0
2024-03-27,46.16,46.98,46.16,46.98,593.0
2024-03-28,46.299999,50.0,46.299999,50.0,8811.0
2024-03-29,49.5,49.5,49.5,49.5,106.0
2024-04-01,49.490002,49.5,49.0,49.5,812.0
2024-04-02,48.200001,49.0,48.169998,49.0,2248.0
2024-04-03,48.900002,48.900002,48.400002,48.400002,742.0
2024-04-04,48.029999,49.0,48.0,49.0,1316.0
2024-04-05,49.400002,49.400002,49.0,49.389999,36.0
2024-04-08,48.0,48.990002,47.799999,48.0,1106.0
2024-04-09,49.400002,49.400002,48.0,49.290001,671.0
2024-04-15,49.400002,49.900002,49.349998,49.900002,3442.0
2024-04-16,50.0,52.0,48.619999,48.900002,16230.0
2024-04-17,51.189999,51.189999,49.02,51.0,47460.0
2024-04-18,51.900002,54.849998,49.509998,54.849998,40361.0
2024-04-19,54.0,55.0,54.0,54.0,5892.0
2024-04-22,54.0,54.0,52.0,52.0,4749.0
2024-04-23,53.0,53.0,51.049999,52.0,679.0
2024-04-24,51.09,52.400002,51.060001,51.990002,342.0
2024-04-25,52.0,53.5,51.990002,53.5,615.0
2024-04-26,53.5,53.990002,53.5,53.990002,1010.0
2024-04-29,54.0,54.0,53.900002,53.990002,6521.0
2024-04-30,49.599998,53.490002,49.599998,53.0,872.0
2024-05-02,53.0,53.0,52.049999,53.0,330.0
2024-05-03,53.0,53.349998,52.099998,52.950001,428.0
2024-05-06,53.400002,53.900002,50.169998,52.790001,704.0
2024-05-07,52.639999,52.799999,50.209999,52.799999,1279.0
2024-05-08,52.810001,52.82,52.0,52.82,1602.0
2024-05-09,51.5,53.869999,51.5,53.0,9518.0
2024-05-10,51.400002,54.0,51.400002,53.950001,3233.0
2024-05-13,54.200001,54.200001,52.07,53.950001,50709.0
2024-05-14,54.5,57.25,54.5,56.970001,42402.0
2024-05-15,56.959999,56.959999,56.0,56.5,3480.0
2024-05-16,56.0,56.0,55.200001,55.200001,851.0
2024-05-17,56.48,56.48,56.48,56.48,62.0
2024-05-20,55.0,56.380001,55.0,56.380001,30002.0
2024-05-21,55.5,56.299999,54.5,54.5,434.0
2024-05-22,55.900002,55.900002,54.5,54.900002,90.0
2024-05-23,54.900002,55.849998,54.900002,55.849998,13.0
2024-05-24,54.5,55.0,54.049999,55.0,269.0
2024-05-27,55.0,55.5,55.0,55.5,446.0
2024-05-28,55.48,55.5,54.049999,55.5,677.0
2024-05-29,54.009998,55.889999,54.0,55.849998,38222.0
2024-05-30,56.0,56.0,55.0,55.0,3234.0
2024-05-31,55.0,55.0,54.0,54.900002,43.0
2024-06-03,54.900002,55.990002,54.900002,55.990002,1130.0
2024-06-04,55.98,55.98,55.98,55.98,2.0
2024-06-05,55.950001,55.950001,55.0,55.0,322.0
2024-06-06,54.0,54.0,52.02,53.0,531.0
2024-06-07,54.0,54.0,54.0,54.0,50.0
2024-06-10,52.509998,54.450001,52.509998,53.990002,156.0
2024-06-11,52.560001,53.970001,52.560001,53.970001,51.0
2024-06-12,52.02,52.02,52.0,52.02,2435.0
2024-06-13,53.23,53.23,52.0,53.0,1008.0
2024-06-14,53.0,53.0,51.009998,52.98,35.0
2024-06-19,53.490002,53.490002,53.400002,53.400002,1045.0
2024-06-20,53.330002,53.330002,52.990002,52.990002,6773.0
2024-06-21,52.990002,53.790001,48.110001,53.709999,729.0
2024-06-24,48.599998,52.939999,48.599998,50.110001,359.0
2024-06-25,50.110001,52.869999,50.110001,52.0,13.0
2024-06-26,52.0,52.98,50.509998,52.98,1153.0
2024-06-27,52.599998,52.689999,51.5,52.689999,21.0
2024-06-28,52.689999,52.970001,52.689999,52.970001,17.0
2024-07-01,52.959999,52.959999,50.509998,52.93,48.0
2024-07-02,52.91,52.91,50.0,50.060001,1923.0
2024-07-03,51.299999,51.299999,50.049999,51.189999,954.0
2024-07-04,50.189999,51.16,50.189999,51.130001,502.0
2024-07-08,51.459999,51.459999,50.189999,50.990002,391.0
2024-07-09,51.330002,51.34,51.330002,51.34,30.0
2024-07-10,51.48,51.950001,50.200001,51.950001,24.0
2024-07-12,50.25,51.990002,50.25,51.990002,113.0
2024-07-15,50.200001,51.990002,50.200001,51.950001,93.0
2024-07-16,51.880001,51.880001,51.0,51.299999,13954.0
2024-07-17,51.939999,52.0,51.0,51.0,982.0
2024-07-18,52.0,52.0,50.0,50.0,838.0
2024-07-19,50.049999,51.990002,50.049999,51.990002,161.0
2024-07-22,51.990002,51.990002,51.990002,51.990002,10.0
2024-07-23,51.990002,52.0,51.990002,52.0,315.0
2024-07-24,51.889999,53.889999,51.0,53.889999,1104.0
2024-07-25,51.009998,52.990002,51.009998,52.990002,106.0
2024-07-26,52.0,53.599998,52.0,53.599998,198.0
2024-07-29,53.599998,53.880001,52.18,53.799999,285.0
2024-07-31,53.75,53.75,53.450001,53.450001,19.0
2024-08-01,52.509998,53.5,52.0,53.450001,1015.0
2024-08-02,51.040001,53.73,51.040001,53.73,1437.0
2024-08-05,53.73,53.73,52.099998,53.0,2514.0
2024-08-06,52.990002,53.0,52.990002,53.0,25.0
2024-08-07,52.150002,52.990002,51.130001,52.990002,297.0
2024-08-08,51.630001,52.0,51.599998,52.0,261.0
2024-08-09,52.0,52.490002,52.0,52.0,2190.0
2024-08-12,52.490002,52.490002,51.330002,52.0,81.0
2024-08-13,52.0,52.0,52.0,52.0,6.0
2024-08-15,51.139999,51.950001,49.599998,50.0,2693.0
2024-08-16,50.0,50.5,50.0,50.5,702.0
2024-08-19,51.5,51.5,51.5,51.5,206.0
2024-08-22,52.0,52.950001,51.950001,52.950001,3482.0
2024-08-23,52.959999,53.0,52.0,53.0,2069.0
2024-08-26,52.959999,52.959999,50.029999,52.389999,747.0
2024-08-27,52.0,52.0,50.209999,51.959999,45.0
2024-08-28,50.900002,51.720001,50.900002,51.720001,294.0
2024-08-29,51.5,51.939999,51.0,51.939999,418.0
2024-08-30,51.009998,52.0,51.0,52.0,1779.0
2024-09-02,51.990002,51.990002,50.259998,51.990002,246.0
2024-09-03,50.7,51.98,50.7,51.98,20.0
2024-09-04,51.98,51.98,51.0,51.0,212.0
2024-09-05,51.700001,51.700001,49.5,51.700001,8161.0
2024-09-06,51.5,51.5,51.0,51.0,11.0
2024-09-09,51.69,51.69,51.5,51.5,4.0
2024-09-10,49.09,51.56,49.09,51.39,258.0
2024-09-11,51.57,51.57,50.0,51.56,391.0
2024-09-12,50.11,51.57,50.11,51.57,760.0
2024-09-13,51.39,51.58,50.2,51.58,151.0
2024-09-18,51.58,51.58,50.31,51.54,121.0
2024-09-19,50.5,51.48,50.5,51.47,8.0
2024-09-20,51.49,51.49,50.0,51.0,9227.0
2024-09-23,49.2,50.99,49.2,50.99,550.0
2024-09-24,50.98,50.99,50.9,50.9,356.0
2024-09-25,50.98,50.98,50.0,50.98,1739.0
2024-09-26,50.98,50.98,50.0,50.5,911.0
2024-09-27,49.55,55.0,49.55,54.0,18601.0
2024-09-30,54.0,54.0,52.2,53.7,351.0
2024-10-01,52.55,52.6,51.1,51.5,834.0
2024-10-02,51.5,52.3,50.8,51.5,1023.0
2024-10-03,51.5,53.29,51.5,51.8,1351.0
2024-10-04,53.0,53.0,51.4,52.0,889.0
2024-10-07,52.0,52.0,51.2,51.2,523.0
2024-10-08,51.2,51.4,50.0,51.4,1870.0
2024-10-09,51.4,53.49,51.4,53.0,20106.0
2024-10-10,53.0,53.0,51.66,52.7,217.0
2024-10-14,52.62,52.62,51.6,52.55,287.0
2024-10-15,51.6,51.99,51.6,51.99,91.0
2024-10-16,52.79,52.79,50.55,51.0,1156.0
2024-10-17,49.0,51.19,49.0,51.19,1327.0
2024-10-18,50.0,52.8,50.0,52.8,2020.0
2024-10-21,51.0,51.5,50.05,51.5,1162.0
2024-10-22,51.99,51.99,51.99,51.99,32.0
2024-10-23,52.0,52.0,51.0,51.0,603.0
2024-10-25,51.0,52.0,51.0,51.0,357.0
2024-10-28,51.98,51.98,50.12,51.0,70.0
2024-10-29,51.97,51.98,51.0,51.98,2018.0
2024-10-30,50.53,50.99,49.51,50.99,2865.0
2024-10-31,50.5,50.5,50.0,50.25,1832.0
2024-11-01,49.61,50.99,49.61,50.99,35906.0
2024-11-04,51.88,51.88,51.87,51.88,294.0
2024-11-05,50.5,50.5,50.5,50.5,1.0
2024-11-07,51.9,51.9,51.0,51.89,23.0
2024-11-08,51.89,51.89,50.1,50.4,1261.0
2024-11-11,51.79,52.0,51.79,52.0,7616.0
2024-11-12,52.0,52.9,52.0,52.9,634.0
2024-11-13,51.5,51.5,50.21,50.21,910.0
2024-11-14,52.5,52.5,52.5,52.5,2.0
2024-11-15,52.52,52.52,51.0,52.52,6236.0
2024-11-19,51.1,52.52,51.0,51.0,5664.0
2024-11-20,51.01,51.06,51.0,51.06,107.0
2024-11-21,52.85,52.85,51.3,52.47,204.0
2024-11-22,52.68,52.68,52.47,52.6,2138.0
2024-11-26,51.0,52.69,51.0,52.69,1265.0
2024-11-27,52.69,52.85,52.5,52.5,1373.0
2024-11-28,52.5,52.84,51.26,51.26,804.0
2024-11-29,52.83,52.83,52.52,52.52,61.0
2024-12-02,51.22,52.38,51.22,52.38,65.0
2024-12-03,52.79,52.79,52.79,52.79,94.0
2024-12-04,51.4,52.5,51.4,52.5,155.0
2024-12-05,52.5,52.72,51.2,52.72,900.0
2024-12-06,51.21,52.5,51.21,52.5,401.0
2024-12-09,51.71,51.71,51.51,51.51,111.0
2024-12-10,52.0,52.0,52.0,52.0,30.0
2024-12-11,51.21,52.5,50.55,52.3,574.0
2024-12-12,51.01,52.29,51.0,52.29,471.0
2024-12-13,52.0,53.0,52.0,53.0,1396.0
2024-12-16,51.1,53.04,51.1,53.0,242.0
2024-12-17,51.65,52.99,51.65,51.9,127.0
2024-12-18,53.0,53.0,52.2,53.0,581.0
2024-12-20,52.0,52.97,52.0,52.97,2799.0
2024-12-23,52.97,52.97,52.97,52.97,6.0
2024-12-25,51.9,52.9,51.9,52.9,72.0
2024-12-26,52.97,53.0,51.7,53.0,2162.0
2024-12-27,53.2,53.5,53.19,53.5,305.0
2024-12-30,53.9,56.4,53.9,54.99,4865.0
2024-12-31,54.99,56.0,53.51,56.0,690.0
2025-01-02,56.39,59.0,56.39,58.85,3733.0
2025-01-03,58.65,62.0,58.65,61.98,2751.0
2025-01-06,61.98,61.98,58.65,59.0,2089.0
2025-01-07,57.3,60.0,57.05,60.0,2006.0
2025-01-08,58.0,61.0,58.0,60.58,1159.0
2025-01-09,58.57,61.94,58.56,61.94,961.0
2025-01-10,61.49,61.49,60.0,61.0,156.0
2025-01-13,61.37,61.37,60.0,60.99,113.0
2025-01-15,60.0,60.49,59.06,60.49,740.0
2025-01-16,60.49,60.49,60.0,60.4,555.0
2025-01-17,60.0,60.25,59.0,60.0,28493.0
2025-01-20,60.0,60.0,59.0,59.9,347.0
2025-01-21,58.9,59.9,58.8,59.8,1034.0
2025-01-22,59.7,59.7,58.0,58.01,612.0
2025-01-23,57.42,59.68,57.42,59.67,83.0
2025-01-24,57.72,61.0,57.72,59.0,5333.0
2025-01-27,59.5,59.5,58.0,59.5,134.0
2025-01-28,59.5,59.5,58.01,59.39,605.0
2025-01-29,59.0,59.5,59.0,59.5,5597.0
2025-01-30,60.97,61.0,60.88,61.0,1360.0
2025-01-31,60.5,60.5,59.5,59.5,443.0
2025-02-03,59.15,59.99,59.15,59.99,494.0
2025-02-04,60.0,60.0,59.0,59.9,3118.0
2025-02-05,58.11,59.79,58.11,59.79,392.0
2025-02-06,59.79,59.79,58.25,58.3,110.0
2025-02-07,59.78,59.78,58.0,59.5,5030.0
2025-02-10,59.79,59.79,58.03,58.6,1636.0
2025-02-11,59.49,59.49,58.61,58.61,32.0
2025-02-12,59.74,59.75,59.0,59.75,1027.0
2025-02-13,59.9,60.5,59.9,60.5,876.0
2025-02-14,60.0,60.49,58.5,60.49,310.0
2025-02-17,60.79,60.79,59.0,59.0,535.0
2025-02-18,58.0,58.0,57.2,57.5,27864.0
2025-02-19,57.97,57.97,57.2,57.5,504.0
2025-02-20,57.5,59.0,57.2,59.0,3954.0
2025-02-21,57.32,59.7,57.32,59.7,3611.0
2025-02-24,58.03,59.7,58.03,59.7,112.0
2025-02-25,59.7,59.7,58.02,59.0,290.0
2025-02-26,59.5,59.5,58.02,59.0,234.0
2025-02-27,59.5,59.5,58.7,58.7,1109.0
2025-02-28,59.0,59.49,57.53,59.48,4931.0
2025-03-03,59.49,59.49,57.5,57.5,8265.0
2025-03-04,59.4,59.4,57.62,59.34,423.0
2025-03-05,57.5,59.33,57.5,59.33,35.0
2025-03-06,59.34,59.34,58.99,58.99,29.0
2025-03-07,58.01,58.02,58.0,58.0,4421.0
2025-03-10,58.11,58.99,57.35,58.99,2175.0
2025-03-11,57.42,58.9,57.42,58.9,464.0
2025-03-12,58.89,58.89,58.7,58.7,16.0
2025-03-13,58.7,58.7,57.58,58.5,56.0
2025-03-14,57.65,58.69,57.65,58.69,1010.0
2025-03-17,58.69,58.69,58.69,58.69,118.0
2025-03-18,58.69,60.0,58.02,60.0,12566.0
2025-03-19,59.98,59.98,57.33,59.0,1100.0
2025-03-20,59.0,64.89,59.0,64.89,20973.0
2025-03-21,67.8,67.8,63.0,65.5,10079.0
2025-03-24,61.0,65.95,61.0,64.0,1312.0
2025-03-25,61.5,63.99,61.5,62.53,11056.0
2025-03-26,63.99,64.0,61.0,61.0,12865.0
2025-03-27,62.98,62.98,60.0,61.9,8320.0
2025-03-28,62.0,62.89,60.5,62.89,7417.0
2025-04-02,64.38,64.38,63.0,63.0,135.0
2025-04-03,62.8,62.8,60.9,61.1,767.0
2025-04-04,61.27,62.3,60.41,62.3,3044.0
2025-04-07,60.0,60.0,57.5,57.5,9947.0
2025-04-08,57.0,59.98,57.0,59.0,3645.0
2025-04-09,60.0,60.0,55.1,59.6,2722.0
2025-04-10,60.0,61.0,59.5,59.5,2503.0
2025-04-11,59.5,59.5,59.0,59.0,1074.0
2025-04-14,57.37,59.49,57.32,59.49,766.0
2025-04-15,58.0,61.9,58.0,61.9,3678.0
2025-04-16,61.0,61.9,60.0,60.0,1882.0
2025-04-17,60.5,60.5,59.0,60.5,14980.0
2025-04-18,59.02,60.49,59.02,60.49,2134.0
2025-04-21,59.02,60.48,59.02,60.0,107.0
2025-04-22,59.04,60.44,59.0,60.0,972.0
2025-04-23,60.0,60.0,58.5,58.56,726.0
2025-04-24,59.9,59.99,58.0,59.75,13112.0
2025-04-25,59.9,60.0,58.01,59.85,4423.0
2025-04-28,59.8,59.8,58.03,59.5,103.0
2025-04-29,59.79,59.79,57.11,59.48,3863.0
2025-04-30,58.3,59.47,58.3,59.47,54.0
2025-05-02,59.7,59.7,58.51,58.51,56.0
2025-05-05,58.71,58.73,58.7,58.72,419.0
2025-05-06,59.83,59.83,58.51,58.51,384.0
2025-05-07,59.48,59.49,59.48,59.49,1828.0
2025-05-08,59.49,59.49,59.49,59.49,8.0
2025-05-09,59.0,59.57,59.0,59.48,4883.0
2025-05-12,59.0,59.57,59.0,59.57,4159.0
2025-05-13,59.06,61.48,59.06,61.39,23671.0
2025-05-14,59.65,62.0,59.4,61.7,6440.0
2025-05-15,61.0,61.69,60.0,61.69,818.0
2025-05-16,60.0,60.3,59.5,60.3,45000.0
2025-05-19,59.3,61.0,59.3,61.0,404.0
2025-05-20,61.45,61.45,60.0,61.2,872.0
2025-05-21,61.0,61.0,59.35,60.9,284.0
2025-05-22,60.9,60.9,59.5,60.8,490.0
2025-05-23,59.6,61.18,59.0,61.18,5667.0
2025-05-26,59.0,59.11,59.0,59.1,398.0
2025-05-27,60.89,61.99,59.99,61.18,6671.0
2025-05-28,61.18,61.18,59.35,61.0,2695.0
2025-05-29,60.98,62.5,60.97,62.5,15989.0
2025-05-30,63.0,63.49,62.5,62.5,2184.0
2025-06-02,62.89,63.0,62.49,63.0,1869.0
2025-06-03,62.0,62.86,60.15,62.8,2497.0
2025-06-04,62.8,64.0,62.77,63.0,11260.0
2025-06-05,64.71,64.71,62.0,64.3,10296.0
2025-06-06,64.0,64.0,63.5,63.98,10951.0
2025-06-10,61.27,63.6,61.27,63.0,445.0
2025-06-11,63.0,63.4,62.5,63.0,1661.0
2025-06-12,63.98,63.98,61.49,62.0,941.0
2025-06-13,60.4,60.6,59.0,60.0,7790.0
2025-06-16,59.0,60.5,59.0,59.08,76.0
2025-06-17,60.0,60.0,59.08,59.99,768.0
2025-06-18,61.0,61.0,59.0,60.79,896.0
2025-06-19,60.6,60.6,58.0,60.0,2835.0
2025-06-20,60.8,60.8,59.0,60.6,973.0
2025-06-23,58.22,60.0,58.22,60.0,593.0
2025-06-24,61.0,61.93,60.5,61.0,1738.0
2025-06-25,58.52,59.02,58.52,59.02,833.0
2025-06-26,60.0,64.92,60.0,64.0,18742.0
2025-06-30,64.6,68.0,63.0,63.9,15403.0
2025-07-01,64.0,65.0,61.0,62.01,3788.0
2025-07-02,64.5,64.5,61.05,63.13,5778.0
2025-07-03,61.96,63.0,61.0,61.12,6136.0
2025-07-04,62.0,62.6,60.75,61.0,3767.0
2025-07-07,61.0,62.0,60.5,60.5,4095.0
2025-07-08,61.55,62.0,60.02,62.0,1834.0
2025-07-09,61.95,62.5,61.0,61.5,898.0
2025-07-10,61.5,62.59,61.5,62.59,4686.0
2025-07-11,62.85,62.85,61.5,62.5,1935.0
2025-07-14,60.63,61.95,60.63,61.95,2154.0
2025-07-15,62.44,62.44,62.0,62.0,32.0
2025-07-16,62.0,62.0,60.64,61.97,390.0
2025-07-17,60.64,61.98,60.64,61.01,2953.0
2025-07-18,61.0,62.3,61.0,62.2,1177.0
2025-07-21,62.29,62.29,61.0,61.0,280.0
2025-07-22,60.75,62.0,60.6,61.1,1372.0
2025-07-23,62.5,62.5,61.0,61.0,12928.0
2025-07-24,62.4,62.4,60.81,61.0,4122.0
2025-07-25,61.0,61.0,60.5,61.0,2985.0
2025-07-28,60.02,61.0,60.02,61.0,974.0
2025-07-29,60.52,61.0,60.02,61.0,1236.0
2025-07-31,61.0,61.0,60.05,61.0,9742.0
2025-08-01,60.3,61.99,60.3,61.5,8380.0
2025-08-04,61.95,61.95,60.52,61.0,690.0
2025-08-05,61.98,62.1,60.8,61.97,234.0
2025-08-06,61.97,63.0,61.96,62.01,2318.0
2025-08-07,62.99,64.0,62.5,63.9,10717.0
2025-08-08,67.3,70.28,67.3,68.21,113491.0
2025-08-11,70.9,75.03,70.0,75.03,112454.0
2025-08-12,79.0,82.53,79.0,82.53,117501.0
2025-08-13,90.78,90.78,90.78,90.78,18778.0
2025-08-15,90.0,96.9,84.0,85.7,212683.0
2025-08-18,85.0,88.98,78.51,83.04,50958.0
2025-08-19,83.99,84.6,81.0,84.0,13304.0
2025-08-22,85.0,87.8,82.0,87.2,40113.0
2025-08-25,87.8,89.0,85.01,85.06,22255.0
2025-08-26,86.0,86.0,83.3,84.0,9924.0
2025-08-27,85.0,92.39,84.05,92.39,62161.0
2025-08-28,95.0,99.99,90.3,90.61,114584.0
2025-08-29,91.9,92.0,88.01,89.0,12689.0
2025-09-01,87.05,88.85,85.8,87.9,13898.0
2025-09-02,88.99,96.68,88.0,96.68,75164.0
2025-09-03,97.79,97.79,94.0,96.45,36744.0
2025-09-04,96.45,99.85,96.0,99.0,72521.0
2025-09-08,100.0,105.8,100.0,103.65,149093.0
2025-09-09,104.8,104.8,97.4,98.0,42012.0
2025-09-10,101.5,101.5,99.1,100.0,30590.0
2025-09-11,102.0,104.5,101.25,102.85,33446.0
2025-09-12,101.5,104.5,100.0,100.0,23916.0
2025-09-15,102.0,102.0,96.8,97.0,13174.0
2025-09-16,96.0,99.0,96.0,98.8,5343.0
2025-09-17,100.0,100.0,97.0,97.0,4774.0
2025-09-18,97.0,97.99,93.5,96.5,3946.0
2025-09-19,95.5,96.75,94.2,94.2,4760.0
2025-09-22,96.5,98.79,92.03,94.8,13570.0
2025-09-23,95.0,96.5,94.6,94.8,6521.0
2025-09-24,94.11,95.0,94.0,95.0,3367.0
2025-09-25,95.99,95.99,93.2,93.2,1156.0
2025-09-26,91.7,94.5,91.0,91.0,4876.0
2025-09-29,91.0,92.84,89.0,90.0,3527.0
2025-09-30,82.29,92.0,82.29,90.98,29689.0
2025-10-01,86.51,89.8,86.51,86.55,4022.0
2025-10-02,78.25,85.0,78.25,84.7,18690.0
2025-10-03,84.9,89.9,84.9,87.5,19055.0
2025-10-06,89.9,95.5,89.9,93.0,4765.0
2025-10-07,95.58,95.58,90.0,90.0,16607.0
2025-10-08,90.99,92.49,88.1,88.1,27310.0
2025-10-09,91.29,91.29,88.0,88.0,6269.0
2025-10-10,90.9,90.9,87.0,87.0,12921.0
2025-10-13,88.5,90.1,85.0,85.3,4441.0
2025-10-14,85.3,85.3,82.5,84.99,4289.0
2025-10-15,84.83,86.38,83.0,85.9,1940.0
2025-10-16,83.0,86.5,83.0,83.0,13477.0
2025-10-17,85.98,90.0,85.98,87.0,3534.0
2025-10-20,87.99,90.0,87.0,87.0,4811.0
2025-10-21,88.0,92.0,88.0,89.8,8287.0
2025-10-22,90.0,92.3,90.0,90.0,5449.0
2025-10-23,92.5,92.5,89.54,89.54,17064.0
2025-10-24,89.65,91.5,88.0,88.0,8156.0
2025-10-27,91.39,91.39,87.0,87.11,68605.0
2025-10-28,88.0,88.0,86.0,88.0,8935.0
2025-10-29,88.0,90.0,88.0,89.98,3069.0
2025-10-30,89.97,90.0,88.03,89.5,1735.0
2025-10-31,89.5,89.5,87.5,89.47,3130.0
2025-11-03,90.0,90.99,88.0,89.7,6979.0
2025-11-04,89.0,90.0,87.0,87.0,6382.0
2025-11-05,88.0,88.2,86.5,86.5,6037.0
2025-11-07,86.53,89.0,86.0,88.0,20448.0
2025-11-10,88.99,88.99,87.0,87.0,2179.0
2025-11-11,87.0,87.0,84.0,85.0,4772.0
2025-11-12,87.0,87.0,83.14,85.0,584.0
2025-11-13,83.5,87.89,83.5,87.2,1110.0
2025-11-14,86.99,86.99,85.05,85.4,1921.0
2025-11-17,86.94,86.94,85.0,85.1,2391.0
2025-11-19,85.0,85.0,81.0,82.99,17997.0
2025-11-20,82.99,82.99,81.1,82.01,1122.0
2025-11-21,82.0,86.9,80.01,86.9,6570.0
2025-11-24,86.6,86.6,81.51,85.5,488.0
2025-11-25,85.0,85.2,82.5,84.5,1127.0
2025-11-26,84.4,84.4,82.0,84.4,521.0
2025-11-27,83.5,84.49,82.21,82.21,1209.0
2025-11-28,82.2,83.0,82.0,82.0,2688.0
2025-12-01,83.98,83.98,81.1,82.5,665.0
2025-12-02,81.15,82.99,81.0,81.02,1703.0
2025-12-03,81.0,82.0,81.0,81.01,1392.0
2025-12-04,82.5,82.5,81.06,81.06,502.0
2025-12-05,81.15,81.5,81.03,81.12,795.0
2025-12-08,82.4,82.4,80.16,80.16,2210.0
2025-12-09,80.3,81.0,80.3,80.3,1228.0
2025-12-10,80.3,82.0,80.15,81.0,468.0
2025-12-11,81.2,81.5,80.15,81.0,444.0
2025-12-12,81.0,82.1,80.0,82.1,3978.0
2025-12-15,82.5,82.5,80.22,82.4,17806.0
2025-12-16,82.99,82.99,81.05,81.5,338.0
2025-12-17,82.5,82.5,81.0,81.2,518.0
2025-12-18,82.38,82.38,81.2,82.0,652.0
2025-12-19,82.39,84.0,82.0,84.0,3111.0
2025-12-22,84.95,85.0,83.75,84.4,678.0
2025-12-23,84.38,84.38,82.5,83.9,2341.0
2025-12-24,83.0,83.9,81.01,81.01,1610.0
2025-12-25,81.09,83.48,81.09,83.2,4888.0
2025-12-26,82.0,85.2,81.5,85.2,10771.0
2025-12-29,84.99,86.0,81.11,86.0,9763.0
2025-12-30,84.0,86.0,84.0,86.0,8673.0
2025-12-31,82.1,86.37,82.1,85.79,701.0
2026-01-02,86.0,86.0,82.0,83.99,4670.0
2026-01-05,86.0,86.49,83.2,85.4,1068.0
2026-01-06,83.23,85.97,83.23,85.79,784.0
2026-01-07,85.99,86.0,85.0,85.0,2180.0
2026-01-08,85.98,86.0,85.0,85.8,2078.0
2026-01-09,84.12,86.0,84.12,86.0,9058.0
2026-01-12,84.11,85.5,84.0,84.5,791.0
2026-01-13,84.5,86.29,84.5,85.0,2120.0
2026-01-15,85.99,85.99,83.9,83.9,1168.0
2026-01-16,85.0,85.0,83.01,84.98,758.0
2026-01-19,85.89,85.89,83.0,84.92,1790.0
2026-01-20,84.94,84.94,83.5,83.99,2617.0
2026-01-21,85.0,85.0,83.0,84.0,1433.0
2026-01-22,84.0,85.0,83.0,85.0,740.0
2026-01-23,85.6,85.6,83.1,85.6,2105.0
2026-01-26,84.0,84.0,81.0,82.0,11253.0
2026-01-27,83.0,83.0,80.6,82.0,1181.0
2026-01-28,83.0,85.0,82.0,85.0,1951.0
2026-01-29,84.6,85.89,84.0,85.0,1131.0
2026-01-30,85.0,85.6,83.0,85.6,5249.0
2026-02-02,85.0,85.0,82.5,84.0,1367.0
2026-02-03,84.0,84.99,83.0,84.99,1063.0
2026-02-04,84.89,84.89,82.0,84.42,383.0
2026-02-05,84.39,84.39,81.5,81.5,3646.0
2026-02-06,83.5,85.0,81.0,85.0,6653.0
2026-02-09,85.0,85.7,83.2,84.94,1495.0
2026-02-10,84.98,84.98,83.21,84.0,853.0
2026-02-11,85.0,85.0,84.0,84.0,475.0
2026-02-12,85.0,90.0,85.0,89.5,22517.0
2026-02-13,90.0,90.0,88.01,90.0,12418.0
2026-02-16,90.0,90.6,88.0,90.0,5813.0
2026-02-17,90.05,90.6,89.98,89.98,3853.0
2026-02-18,90.8,91.5,89.0,91.5,8371.0
2026-02-19,91.5,92.99,91.5,92.0,4670.0
2026-02-20,92.0,92.5,91.0,92.5,10421.0
2026-02-23,93.9,93.9,91.4,92.75,6956.0
2026-02-24,92.75,93.93,92.75,93.79,6016.0
2026-02-25,93.0,93.0,92.75,92.75,6682.0
2026-02-26,93.0,93.5,92.0,92.0,20642.0
2026-02-27,92.98,92.98,88.0,90.0,7456.0
2026-03-02,82.0,86.1,82.0,83.0,5851.0
2026-03-03,83.0,85.0,80.0,80.0,15447.0
2026-03-04,77.0,86.0,77.0,85.0,4562.0
2026-03-05,89.0,90.0,85.0,90.0,2711.0
2026-03-06,91.0,91.0,88.0,89.98,7463.0
2026-03-09,87.79,87.79,84.0,86.95,1361.0
2026-03-10,90.1,92.3,85.0,85.0,10874.0
2026-03-11,89.98,91.0,84.0,84.0,5591.0
2026-03-12,85.09,87.56,84.0,84.0,10370.0
2026-03-13,86.9,86.9,82.5,82.5,10105.0
2026-03-16,82.5,85.9,82.5,85.9,710.0
2026-03-17,83.11,86.0,83.11,86.0,1357.0
2026-03-18,85.9,86.0,83.12,85.84,794.0
2026-03-19,85.0,85.99,84.0,85.8,242.0
2026-03-24,86.0,86.0,83.44,85.5,310.0
2026-03-25,85.5,85.5,82.7,84.9,413.0
2026-03-26,84.5,85.0,82.0,84.5,2476.0
2026-03-27,85.0,85.0,83.0,83.0,3375.0
