Time,Open,High,Low,Close,Volume
2012-03-26,73.77763,73.77763,73.77763,73.77763,6615.0
2012-03-27,76.399847,76.399847,76.399847,76.399847,22.0
2012-03-29,75.377627,75.377627,73.599853,75.377627,517.0
2012-03-30,75.555404,75.555404,75.555404,75.555404,337.0
2012-04-03,74.222074,75.377627,73.377631,74.222074,16380.0
2012-04-06,71.110969,73.46652,71.110969,71.110969,17887.0
2012-04-09,71.555412,72.222078,71.555412,71.555412,10620.0
2012-04-13,71.555412,73.333187,71.555412,71.555412,362137.0
2012-04-16,71.110969,71.110969,67.822087,71.110969,135.0
2012-04-17,71.555412,71.555412,71.555412,71.555412,20250.0
2012-04-19,74.222074,74.222074,72.0443,74.222074,18450.0
2012-04-24,72.933187,72.933187,72.4443,72.933187,6412.0
2012-04-27,73.155409,73.155409,73.155409,73.155409,2542.0
2012-05-02,73.333187,73.333187,73.333187,73.333187,112.0
2012-05-03,73.377631,73.377631,73.377631,73.377631,135.0
2012-05-04,75.466516,75.466516,75.466516,75.466516,157.0
2012-05-09,73.333187,75.555404,73.333187,73.333187,30195.0
2012-05-10,73.377631,73.377631,73.244298,73.377631,59332.0
2012-05-11,75.066517,75.066517,73.333187,75.066517,3195.0
2012-05-14,75.022072,75.022072,75.022072,75.022072,45.0
2012-05-15,73.77763,73.822075,73.77763,73.77763,270.0
2012-05-16,73.333187,73.377631,73.333187,73.333187,5940.0
2012-05-17,73.333187,73.333187,73.110965,73.333187,18945.0
2012-05-18,73.288742,73.288742,73.288742,73.288742,7042.0
2012-05-21,73.333187,73.333187,73.333187,73.333187,180.0
2012-05-24,74.666517,74.666517,73.77763,74.666517,247.0
2012-05-25,75.333183,75.333183,75.333183,75.333183,45.0
2012-05-29,76.666513,76.666513,75.555404,76.666513,3600.0
2012-05-30,75.955404,75.955404,75.110961,75.955404,2722.0
2012-05-31,76.355403,76.355403,76.355403,76.355403,225.0
2012-06-01,73.77763,75.555404,73.77763,73.77763,1822.0
2012-06-07,66.933199,66.933199,66.933199,66.933199,225.0
2012-06-08,68.888751,68.888751,68.888751,68.888751,6187.0
2012-06-11,68.666529,68.666529,68.666529,68.666529,247.0
2012-06-12,70.666525,70.666525,68.710974,70.666525,12892.0
2012-06-13,72.4443,72.4443,72.177633,72.4443,225.0
2012-06-15,75.333183,75.333183,68.888751,75.333183,175207.0
2012-06-18,75.999848,75.999848,74.222074,75.999848,4252.0
2012-06-19,75.999848,75.999848,75.999848,75.999848,247.0
2012-06-21,77.777622,77.777622,77.333179,77.777622,1125.0
2012-06-22,76.355403,76.355403,73.110965,76.355403,2565.0
2012-06-29,75.066517,75.110961,75.066517,75.066517,63562.0
2012-07-06,71.999856,74.666517,71.999856,71.999856,3420.0
2012-07-09,72.0443,72.0443,72.0443,72.0443,2970.0
2012-07-10,74.622073,74.622073,74.622073,74.622073,56430.0
2012-07-16,72.088745,72.088745,72.088745,72.088745,225.0
2012-07-18,74.533184,74.533184,74.533184,74.533184,337.0
2012-07-19,72.266522,72.266522,72.266522,72.266522,225.0
2012-07-20,70.222082,70.222082,70.222082,70.222082,1552.0
2012-07-25,71.110969,71.110969,71.110969,71.110969,22.0
2012-07-27,68.933195,68.933195,68.933195,68.933195,315.0
2012-08-13,71.110969,73.066521,71.110969,71.110969,405.0
2012-08-15,71.110969,71.110969,71.110969,71.110969,157.0
2012-08-17,71.110969,71.110969,71.110969,71.110969,450.0
2012-08-22,71.110969,71.110969,71.110969,71.110969,22.0
2012-08-28,71.555412,71.644301,71.555412,71.555412,1125.0
2012-08-31,71.555412,71.555412,71.555412,71.555412,742.0
2012-09-03,71.110969,71.110969,67.333199,71.110969,4972.0
2012-09-04,71.110969,71.110969,71.110969,71.110969,2250.0
2012-09-07,71.110969,71.110969,71.110969,71.110969,922.0
2012-09-11,71.110969,71.110969,71.110969,71.110969,1125.0
2012-09-12,71.110969,71.110969,71.110969,71.110969,90.0
2012-09-14,71.110969,71.110969,71.110969,71.110969,720.0
2012-09-17,67.288754,69.822083,67.24431,67.288754,1665.0
2012-09-18,69.466528,69.466528,68.888751,69.466528,6975.0
2012-09-20,69.99986,69.99986,69.99986,69.99986,1350.0
2012-09-21,70.222082,70.266526,70.222082,70.222082,13500.0
2012-09-24,70.222082,70.222082,70.222082,70.222082,1935.0
2012-09-25,70.266526,70.266526,70.222082,70.266526,36450.0
2012-09-27,70.222082,70.266526,70.222082,70.222082,16830.0
2012-09-28,70.666525,70.666525,70.222082,70.666525,19282.0
2012-10-01,69.333195,69.333195,69.333195,69.333195,450.0
2012-10-03,69.377639,69.377639,69.377639,69.377639,1192.0
2012-10-04,69.377639,69.377639,69.377639,69.377639,1732.0
2012-10-05,69.377639,69.377639,69.377639,69.377639,990.0
2012-10-08,69.377639,69.377639,69.377639,69.377639,135.0
2012-10-09,69.377639,69.377639,69.377639,69.377639,1485.0
2012-10-12,69.333195,69.333195,69.333195,69.333195,675.0
2012-10-15,71.066525,71.066525,71.066525,71.066525,1372.0
2012-10-17,69.377639,69.377639,69.377639,69.377639,427.0
2012-10-18,70.888747,70.888747,70.888747,70.888747,450.0
2012-10-19,69.377639,69.377639,69.377639,69.377639,2272.0
2012-10-24,69.377639,69.377639,69.377639,69.377639,2002.0
2012-10-25,69.377639,69.599861,69.377639,69.377639,2700.0
2012-11-01,69.377639,69.377639,69.377639,69.377639,1125.0
2012-11-05,69.333195,69.422083,69.333195,69.333195,450.0
2012-11-19,71.110969,71.110969,71.110969,71.110969,45.0
2012-11-23,69.777638,69.777638,69.777638,69.777638,945.0
2012-11-27,70.888747,70.888747,70.888747,70.888747,135.0
2012-11-29,69.777638,69.777638,69.777638,69.777638,2025.0
2012-12-03,69.599861,69.599861,69.555416,69.599861,5625.0
2012-12-06,69.777638,69.777638,69.777638,69.777638,945.0
2012-12-07,69.822083,69.822083,69.822083,69.822083,472.0
2012-12-12,69.377639,69.377639,69.377639,69.377639,67.0
2012-12-17,70.222082,70.222082,69.99986,70.222082,18630.0
2012-12-19,70.222082,70.222082,70.222082,70.222082,16875.0
2012-12-20,70.666525,70.666525,70.666525,70.666525,4435432.0
2012-12-21,70.222082,70.222082,70.222082,70.222082,30150.0
2012-12-26,70.577637,70.577637,69.99986,70.577637,62212.0
2012-12-27,69.777638,69.777638,69.777638,69.777638,5355.0
2012-12-28,65.599869,65.599869,65.599869,65.599869,675.0
2012-12-31,69.422083,69.422083,67.110977,69.422083,49837.0
2013-01-02,69.422083,69.422083,69.422083,69.422083,1125.0
2013-01-08,68.844307,68.844307,68.844307,68.844307,1350.0
2013-01-09,67.999864,67.999864,66.266534,67.999864,21600.0
2013-01-14,69.28875,69.28875,69.28875,69.28875,3465.0
2013-01-15,67.999864,67.999864,67.999864,67.999864,67.0
2013-01-16,67.999864,67.999864,67.999864,67.999864,20295.0
2013-01-17,69.333195,69.333195,67.999864,69.333195,4140.0
2013-01-18,67.999864,69.333195,67.999864,67.999864,9495.0
2013-01-21,69.333195,69.333195,68.044308,69.333195,3667.0
2013-01-29,70.177637,70.177637,68.444308,70.177637,5467.0
2013-01-30,70.177637,70.177637,70.177637,70.177637,22.0
2013-02-08,69.333195,69.333195,69.333195,69.333195,9787.0
2013-02-12,70.222082,70.222082,70.222082,70.222082,45.0
2013-02-22,67.110977,69.333195,67.110977,69.333195,4680.0
2013-02-27,69.333195,69.333195,69.333195,69.333195,405.0
2013-02-28,69.333195,69.333195,69.333195,69.333195,11250.0
2013-03-01,67.599865,69.28875,67.599865,69.28875,24570.0
2013-03-08,69.28875,69.28875,69.28875,69.28875,45.0
2013-03-11,69.333195,69.333195,69.333195,69.333195,180.0
2013-03-12,67.55542,67.55542,67.55542,67.55542,1980.0
2013-03-14,67.55542,67.55542,67.55542,67.55542,3352.0
2013-03-15,68.888751,68.888751,68.888751,68.888751,382.0
2013-03-21,67.599865,70.222082,67.55542,70.222082,35460.0
2013-03-27,70.177637,70.177637,70.177637,70.177637,562.0
2013-03-28,67.599865,70.177637,67.599865,70.177637,112.0
2013-04-03,70.222082,70.222082,70.222082,70.222082,1687.0
2013-04-04,68.666529,68.666529,68.666529,68.666529,45.0
2013-04-17,70.222082,75.51096,70.222082,75.51096,3420.0
2013-04-18,79.733174,79.99984,79.733174,79.733174,25042.0
2013-04-19,79.99984,79.99984,79.955396,79.99984,50872.0
2013-04-22,79.777618,79.777618,79.777618,79.777618,675.0
2013-04-23,77.777622,77.777622,77.777622,77.777622,472.0
2013-04-24,73.333187,73.422075,73.333187,73.377631,337.0
2013-04-26,77.777622,79.99984,77.777622,79.99984,97695.0
2013-04-29,79.99984,79.99984,79.99984,79.99984,8370.0
2013-04-30,80.044284,80.044284,79.99984,79.99984,19642.0
2013-05-10,77.999844,77.999844,77.999844,77.999844,472.0
2013-05-14,79.99984,79.99984,79.99984,79.99984,337.0
2013-05-15,79.99984,79.99984,79.99984,79.99984,9540.0
2013-05-20,79.99984,79.99984,79.99984,79.99984,11250.0
2013-05-21,79.99984,79.99984,79.99984,79.99984,7200.0
2013-05-22,79.99984,79.99984,79.99984,79.99984,56250.0
2013-05-23,79.99984,79.99984,79.955396,79.99984,270315.0
2013-05-24,80.444284,80.444284,80.444284,80.444284,225.0
2013-05-27,80.444284,80.444284,79.99984,79.99984,1170.0
2013-05-28,80.044284,80.044284,79.99984,79.99984,5175.0
2013-06-04,76.044292,76.044292,76.044292,76.044292,230332.0
2013-06-07,77.777622,77.777622,75.999848,75.999848,787.0
2013-06-12,76.044292,77.688734,75.999848,77.688734,148882.0
2013-06-13,75.999848,79.110953,75.999848,79.110953,2722.0
2013-06-14,79.110953,79.110953,79.110953,79.110953,855.0
2013-06-17,79.110953,79.110953,79.110953,79.110953,225.0
2013-06-18,79.110953,79.555396,77.822067,79.555396,7987.0
2013-06-19,79.333175,79.333175,79.333175,79.333175,26865.0
2013-06-20,79.333175,79.333175,79.333175,79.333175,22.0
2013-06-21,78.666509,78.666509,78.666509,78.666509,38790.0
2013-06-25,79.555396,79.555396,79.555396,79.555396,14400.0
2013-06-28,77.866511,82.133169,77.866511,82.133169,87952.0
2013-07-01,82.133169,82.133169,82.133169,82.133169,45.0
2013-07-02,82.133169,82.133169,82.133169,82.133169,45.0
2013-07-05,78.26651,78.444288,78.26651,78.444288,1507.0
2013-07-08,83.110945,83.110945,83.110945,83.110945,67.0
2013-07-09,82.888723,83.110945,82.888723,83.110945,90.0
2013-07-10,83.110945,84.444276,78.444288,84.444276,9270.0
2013-07-11,79.99984,85.777606,79.99984,85.777606,472.0
2013-07-12,80.666505,80.666505,80.666505,80.666505,45.0
2013-07-16,80.888727,80.888727,80.888727,80.888727,45.0
2013-07-17,80.888727,80.888727,80.888727,80.888727,45.0
2013-07-18,80.222062,80.222062,80.222062,80.222062,225.0
2013-07-19,80.888727,84.310942,80.888727,84.310942,180.0
2013-07-24,82.222058,84.310942,82.222058,84.310942,135.0
2013-07-25,82.222058,84.310942,82.222058,84.310942,67.0
2013-08-01,83.110945,83.999832,83.110945,83.999832,180.0
2013-08-12,84.577609,84.577609,84.577609,84.577609,427.0
2013-08-22,84.444276,84.444276,84.444276,84.444276,15885.0
2013-08-23,84.444276,84.444276,84.444276,84.444276,855.0
2013-08-29,84.666497,84.666497,84.444276,84.444276,157.0
2013-09-04,84.444276,84.444276,84.444276,84.444276,3375.0
2013-09-05,83.110945,84.444276,83.110945,84.444276,112.0
2013-09-11,80.088729,84.444276,80.088729,84.444276,2722.0
2013-09-12,84.444276,84.444276,84.444276,84.444276,2250.0
2013-09-13,84.444276,84.444276,84.444276,84.444276,2587.0
2013-09-16,84.399831,84.444276,84.399831,84.444276,14917.0
2013-09-17,84.444276,84.444276,84.444276,84.444276,2250.0
2013-09-18,84.444276,84.444276,84.444276,84.444276,3127.0
2013-09-23,84.444276,84.444276,84.444276,84.444276,2250.0
2013-09-26,84.444276,84.444276,84.444276,84.444276,1125.0
2013-09-30,84.444276,84.444276,84.444276,84.444276,1170.0
2013-10-01,84.444276,84.444276,84.444276,84.444276,2655.0
2013-10-02,84.444276,84.444276,84.444276,84.444276,2205.0
2013-10-04,84.444276,84.444276,84.444276,84.444276,2250.0
2013-10-07,84.444276,84.444276,84.444276,84.444276,2902.0
2013-10-08,84.444276,84.444276,84.444276,84.444276,2250.0
2013-10-09,84.444276,84.444276,84.444276,84.444276,2497.0
2013-10-10,84.444276,84.444276,84.399831,84.399831,3532.0
2013-10-11,84.399831,84.399831,81.999836,84.399831,1001071.0
2013-10-14,84.444276,84.444276,84.444276,84.444276,2250.0
2013-10-15,84.444276,85.333163,84.444276,85.333163,2365113.0
2013-10-21,84.666497,84.666497,84.666497,84.666497,45.0
2013-10-23,84.888719,84.888719,84.888719,84.888719,1125.0
2013-10-28,87.55538,87.55538,87.55538,87.55538,22.0
2013-10-29,87.110937,87.110937,86.888715,86.888715,11812.0
2013-10-30,86.888715,86.888715,86.888715,86.888715,360.0
2013-10-31,87.422047,87.777602,87.422047,87.777602,24727.0
2013-11-08,84.755386,88.844267,84.444276,88.844267,67.0
2013-11-12,85.333163,85.333163,84.444276,84.444276,1040333.0
2013-11-27,86.710938,86.710938,86.710938,86.710938,2250.0
2013-11-29,87.55538,87.55538,87.55538,87.55538,157.0
2013-12-02,87.777602,87.777602,87.777602,87.777602,22.0
2013-12-03,87.999824,88.444268,87.999824,88.444268,4500.0
2013-12-04,88.444268,88.444268,88.444268,88.444268,6075.0
2013-12-05,86.799826,88.444268,86.799826,88.444268,202.0
2013-12-06,88.399823,88.399823,86.710938,86.710938,6682.0
2013-12-10,86.710938,86.710938,86.710938,86.710938,67.0
2013-12-17,86.755382,86.755382,86.755382,86.755382,1605828.0
2013-12-23,86.710938,86.710938,86.710938,86.710938,292.0
2013-12-27,87.999824,87.999824,87.999824,87.999824,5625.0
2013-12-31,86.710938,86.710938,86.710938,86.710938,67.0
2014-01-02,87.999824,87.999824,87.999824,87.999824,675.0
2014-01-06,87.999824,87.999824,87.999824,87.999824,3825.0
2014-01-07,88.844267,88.888711,86.666493,86.666493,26640.0
2014-01-08,84.888719,84.888719,84.888719,84.888719,270.0
2014-01-09,84.444276,84.444276,84.444276,84.444276,11250.0
2014-01-10,84.48872,85.110941,84.444276,85.110941,18337.0
2014-01-13,84.444276,84.444276,84.444276,84.444276,11250.0
2014-01-22,84.48872,84.48872,84.444276,84.444276,427500.0
2014-02-12,84.444276,84.444276,84.444276,84.444276,36157.0
2014-02-17,84.933163,86.266494,84.933163,86.266494,135.0
2014-02-18,86.666493,86.666493,86.666493,86.666493,45.0
2014-02-20,84.977608,84.977608,84.977608,84.977608,19125.0
2014-02-21,86.666493,87.333159,84.444276,86.666493,12465.0
2014-02-25,84.444276,84.444276,84.444276,84.444276,112.0
2014-02-28,84.444276,84.444276,84.444276,84.444276,2655.0
2014-03-06,84.444276,84.444276,84.444276,84.444276,18000.0
2014-03-07,84.48872,84.48872,84.48872,84.48872,742.0
2014-03-11,84.444276,86.22205,84.444276,84.444276,28237.0
2014-03-12,84.533164,84.533164,84.444276,84.444276,1237.0
2014-03-13,84.444276,84.444276,84.444276,84.444276,3442.0
2014-03-18,84.444276,84.444276,84.444276,84.444276,225.0
2014-03-19,84.666497,84.666497,84.666497,84.666497,247.0
2014-03-21,84.444276,84.444276,84.444276,84.444276,1665.0
2014-03-25,80.488728,80.488728,80.488728,80.488728,2250.0
2014-03-27,85.244274,85.244274,85.244274,85.244274,225.0
2014-04-02,80.355395,80.355395,80.355395,80.355395,225.0
2014-04-04,83.110945,83.110945,83.110945,83.110945,9720.0
2014-04-07,82.666501,82.666501,82.666501,82.666501,225.0
2014-04-09,84.844275,84.844275,84.844275,84.844275,67.0
2014-04-11,84.844275,84.844275,84.844275,84.844275,337.0
2014-04-16,80.222062,84.444276,79.777618,84.444276,292.0
2014-04-17,80.355395,84.79983,80.355395,84.79983,112.0
2014-04-18,84.79983,84.844275,84.79983,84.844275,90.0
2014-04-22,80.577617,80.577617,80.577617,80.577617,3532.0
2014-04-25,84.355387,84.355387,84.355387,84.355387,225.0
2014-05-06,81.066505,81.333171,81.066505,81.066505,35685.0
2014-05-15,81.333171,81.333171,81.333171,81.333171,450.0
2014-05-16,81.199838,81.244282,81.199838,81.244282,652.0
2014-05-19,81.199838,81.199838,81.199838,81.199838,1125.0
2014-05-20,81.199838,81.199838,81.199838,81.199838,675.0
2014-05-22,79.99984,79.99984,79.99984,79.99984,67.0
2014-05-27,79.99984,79.99984,79.99984,79.99984,22.0
2014-06-02,83.288722,83.288722,83.288722,83.288722,112.0
2014-06-06,78.310954,78.310954,78.310954,78.310954,517.0
2014-06-13,82.977612,82.977612,82.977612,82.977612,225.0
2014-06-18,79.155397,79.155397,79.155397,79.155397,45.0
2014-06-19,79.333175,79.333175,79.333175,79.333175,67.0
2014-06-20,82.133169,82.133169,82.133169,82.133169,562.0
2014-06-26,82.666501,82.666501,82.222058,82.222058,562.0
2014-06-27,80.888727,80.888727,80.888727,80.888727,270.0
2014-07-01,81.377615,81.377615,81.377615,81.377615,225.0
2014-07-02,81.777614,81.777614,81.777614,81.777614,247.0
2014-07-04,78.222066,78.222066,78.222066,78.222066,112.0
2014-07-08,76.488736,76.488736,76.488736,76.488736,585.0
2014-07-15,76.933179,76.933179,76.933179,76.933179,45.0
2014-07-16,77.333179,77.333179,77.333179,77.333179,45.0
2014-07-22,79.910951,79.910951,79.910951,79.910951,45.0
2014-07-23,79.910951,79.910951,79.910951,79.910951,180.0
2014-08-04,79.955396,79.955396,79.955396,79.955396,22.0
2014-08-06,79.910951,79.955396,79.910951,79.955396,1935.0
2014-08-07,77.999844,81.110949,77.999844,81.110949,2272.0
2014-08-08,78.222066,78.222066,78.222066,78.222066,45.0
2014-08-11,78.444288,78.444288,78.222066,78.222066,67.0
2014-08-15,79.99984,79.99984,79.99984,79.99984,157.0
2014-08-18,78.310954,78.310954,78.310954,78.310954,45.0
2014-08-22,78.310954,78.310954,78.26651,78.26651,877.0
2014-08-26,78.26651,78.26651,77.777622,77.777622,67500.0
2014-08-28,79.99984,79.99984,79.99984,79.99984,11250.0
2014-08-29,78.888731,78.888731,77.866511,77.866511,1237.0
2014-09-01,78.222066,78.222066,78.222066,78.222066,202.0
2014-09-03,79.99984,79.99984,79.99984,79.99984,450.0
2014-09-04,79.99984,79.99984,79.99984,79.99984,2452.0
2014-09-05,79.99984,79.99984,79.99984,79.99984,90.0
2014-09-09,80.444284,80.444284,80.444284,80.444284,90.0
2014-09-12,79.99984,79.99984,79.99984,79.99984,5107.0
2014-09-15,79.99984,79.99984,79.99984,79.99984,180.0
2014-09-16,79.99984,79.99984,79.99984,79.99984,2587.0
2014-09-17,79.99984,79.99984,79.99984,79.99984,27607.0
2014-09-18,79.99984,79.99984,79.99984,79.99984,69750.0
2014-09-19,79.99984,81.066505,79.99984,81.066505,20880.0
2014-09-22,79.99984,79.99984,79.99984,79.99984,28125.0
2014-09-24,81.110949,81.110949,81.110949,81.110949,67.0
2014-09-26,79.99984,80.888727,79.99984,80.888727,33975.0
2014-09-30,79.99984,79.99984,79.99984,79.99984,11250.0
2014-10-03,79.99984,79.99984,79.955396,79.99984,895478.0
2014-10-10,79.99984,79.99984,79.99984,79.99984,11250.0
2014-10-14,79.99984,79.99984,79.99984,79.99984,6345.0
2014-10-16,79.955396,79.99984,79.955396,79.99984,72000.0
2014-10-17,79.99984,79.99984,79.99984,79.99984,29655.0
2014-10-21,79.99984,79.99984,79.99984,79.99984,1237.0
2014-10-23,79.99984,79.99984,79.99984,79.99984,27000.0
2014-10-24,80.444284,80.444284,78.710954,78.710954,5805.0
2014-10-28,75.822071,81.999836,75.822071,81.999836,382.0
2014-10-29,79.99984,79.99984,79.99984,79.99984,35347.0
2014-10-31,79.99984,79.99984,79.99984,79.99984,9922.0
2014-11-03,79.99984,79.99984,79.99984,79.99984,21105.0
2014-11-04,77.822067,79.99984,76.044292,79.99984,2587.0
2014-11-05,79.99984,79.99984,79.99984,79.99984,225.0
2014-11-11,79.99984,79.99984,79.99984,79.99984,8775.0
2014-11-13,77.866511,77.866511,77.777622,77.777622,13500.0
2014-11-17,76.22207,76.22207,75.555404,75.555404,5602.0
2014-11-20,75.555404,75.555404,75.555404,75.555404,18720.0
2014-11-21,75.555404,75.555404,75.555404,75.555404,22612.0
2014-11-25,73.422075,77.5554,73.422075,75.555404,4837.0
2014-11-26,76.444292,76.444292,71.110969,75.110961,15300.0
2014-11-27,75.110961,75.110961,75.110961,75.110961,337.0
2014-11-28,71.822079,75.51096,71.822079,73.77763,1282.0
2014-12-02,75.555404,75.555404,75.555404,75.555404,112.0
2014-12-03,75.555404,75.555404,75.51096,75.51096,9180.0
2014-12-04,75.51096,75.51096,75.51096,75.51096,292.0
2014-12-05,73.333187,73.333187,73.333187,73.333187,2025.0
2014-12-08,77.733178,77.733178,77.733178,77.733178,225.0
2014-12-10,74.222074,74.222074,74.222074,74.222074,6525.0
2014-12-11,74.444296,74.444296,74.222074,74.222074,4590.0
2014-12-12,77.733178,77.733178,73.77763,73.77763,2655971.0
2014-12-15,73.333187,73.333187,73.333187,73.333187,90.0
2014-12-16,73.333187,73.377631,73.333187,73.333187,14647.0
2014-12-17,73.333187,73.333187,73.333187,73.333187,12510.0
2014-12-18,73.333187,73.333187,73.333187,73.333187,225.0
2014-12-19,73.110965,73.110965,70.222082,70.222082,26122.0
2014-12-22,73.77763,73.77763,70.222082,70.222082,1012.0
2014-12-23,71.110969,71.110969,71.110969,71.110969,22.0
2014-12-25,74.310962,74.310962,74.310962,74.310962,337.0
2014-12-26,70.888747,74.310962,70.888747,71.333191,45540.0
2014-12-29,71.110969,71.110969,71.110969,71.110969,3375.0
2014-12-30,71.110969,71.110969,71.110969,71.110969,113962.0
2014-12-31,71.110969,71.110969,71.110969,71.110969,1462.0
2015-01-06,68.088753,74.177629,68.088753,74.177629,810.0
2015-01-08,71.599861,72.088745,71.599861,72.088745,455910.0
2015-01-09,74.888739,74.888739,74.888739,74.888739,3070.0
2015-01-12,74.888739,74.888739,74.288736,74.288736,679.0
2015-01-13,77.688734,77.688734,74.222074,75.999848,16116.0
2015-01-14,74.310962,77.688734,73.333187,77.688734,517.0
2015-01-15,77.688734,78.422065,77.199846,77.5554,47452.0
2015-01-16,77.777622,77.777622,77.777622,77.777622,22524.0
2015-01-19,74.222074,74.222074,74.222074,74.222074,1102.0
2015-01-20,74.222074,74.666517,74.222074,74.666517,92340.0
2015-01-22,75.110961,75.110961,75.110961,75.110961,180.0
2015-01-23,75.110961,75.333183,74.444296,75.333183,20382.0
2015-01-27,75.555404,75.777626,75.555404,75.777626,11251.0
2015-01-28,74.888739,74.888739,74.666517,74.666517,1030.0
2015-01-29,75.555404,75.555404,75.555404,75.555404,22.0
2015-02-03,75.999848,75.999848,75.999848,75.999848,108.0
2015-02-04,77.733173,77.777622,75.999848,77.777622,15030.0
2015-02-05,76.888735,77.777622,76.888735,77.777622,93888.0
2015-02-06,77.777622,77.777622,77.333179,77.777622,18622.0
2015-02-09,77.777622,77.777622,77.777622,77.777622,14625.0
2015-02-10,77.777622,78.222066,75.555404,78.222066,30127.0
2015-02-11,77.777622,78.666509,75.777626,78.666509,2632.0
2015-02-12,76.48874,78.97762,76.444292,78.97762,1507.0
2015-02-13,79.99984,79.99984,78.666509,78.666509,1893892.0
2015-02-16,78.888731,78.888731,78.888731,78.888731,229.0
2015-02-17,78.888731,78.888731,77.777622,77.777622,76.0
2015-02-19,78.244288,79.555396,78.244288,79.555396,7390.0
2015-02-20,79.555396,80.399835,79.555396,80.399835,18562.0
2015-02-24,80.222062,80.666505,79.99984,80.466506,5492586.0
2015-02-25,80.444284,80.799838,80.444284,80.466506,371205.0
2015-02-26,80.466506,80.488732,79.99984,79.99984,859.0
2015-02-27,82.222058,82.222058,82.222058,82.222058,10066.0
2015-03-02,82.177609,82.177609,82.177609,82.177609,45.0
2015-03-03,84.399827,84.444276,82.310946,84.399827,2058.0
2015-03-04,80.666505,83.999832,80.466506,80.466506,347166.0
2015-03-05,83.799832,83.799832,80.466506,82.399831,589637.0
2015-03-06,82.666501,83.110945,81.110949,81.110949,9069.0
2015-03-09,83.555388,83.555388,83.555388,83.555388,27.0
2015-03-10,81.333171,82.888723,81.110949,82.888723,1192.0
2015-03-11,81.110949,81.110949,80.444284,80.444284,11115.0
2015-03-12,80.022062,80.444284,80.022062,80.044289,108.0
2015-03-13,80.044289,83.110945,80.044289,83.088723,12001.0
2015-03-18,82.222058,82.222058,82.222058,82.222058,1921.0
2015-03-20,83.022056,84.399827,83.022056,83.555388,5698.0
2015-03-23,83.555388,83.555388,82.222058,82.222058,45006.0
2015-03-25,81.777614,81.777614,81.777614,81.777614,78.0
2015-03-26,83.110945,83.110945,83.110945,83.110945,1194751.0
2015-03-27,81.777614,83.110945,80.888727,83.110945,12205.0
2015-03-30,80.888727,80.933176,80.110951,80.888727,12519.0
2015-03-31,80.888727,80.888727,79.99984,79.99984,10162.0
2015-04-01,79.99984,79.99984,79.99984,79.99984,19899.0
2015-04-02,79.99984,79.99984,79.110953,79.110953,15777.0
2015-04-03,79.110953,81.755392,79.110953,81.755392,2551.0
2015-04-07,79.99984,79.99984,79.977618,79.99984,46764.0
2015-04-08,79.99984,79.99984,79.99984,79.99984,31635.0
2015-04-10,79.99984,79.99984,77.777622,77.777622,10143.0
2015-04-13,78.666509,78.666509,78.666509,78.666509,82080.0
2015-04-14,78.666509,78.666509,78.666509,78.666509,1.0
2015-04-15,80.799838,80.799838,78.710958,78.710958,450.0
2015-04-17,79.155402,80.110951,79.155402,80.022062,251707.0
2015-04-20,80.666505,80.666505,80.666505,80.666505,135.0
2015-04-21,79.110953,79.333175,79.110953,79.110953,51327.0
2015-04-22,79.555396,79.555396,79.110953,79.110953,16870.0
2015-04-24,80.444284,80.622057,80.444284,80.622057,1192.0
2015-04-27,80.666505,80.666505,79.99984,79.99984,171.0
2015-04-28,80.666505,80.666505,80.444284,80.444284,239895.0
2015-04-29,80.666505,80.666505,80.222062,80.222062,4164.0
2015-04-30,80.844278,80.844278,79.99984,79.99984,10279.0
2015-05-04,79.99984,79.99984,79.99984,79.99984,15736.0
2015-05-05,79.555396,80.599843,79.555396,80.422061,5154.0
2015-05-06,79.99984,79.99984,79.555396,79.99984,15765.0
2015-05-07,79.99984,79.99984,79.110953,79.99984,52470.0
2015-05-08,79.333175,79.333175,79.110953,79.110953,25006.0
2015-05-12,79.555396,79.555396,79.555396,79.555396,630.0
2015-05-15,79.99984,79.99984,79.99984,79.99984,1131.0
2015-05-18,79.99984,81.333171,79.99984,81.333171,33525.0
2015-05-20,81.333171,81.333171,79.99984,79.99984,6486.0
2015-05-21,80.088729,80.088729,79.99984,79.99984,495.0
2015-05-22,80.888727,80.888727,79.110953,79.110953,3268.0
2015-05-26,80.888727,80.888727,80.888727,80.888727,22.0
2015-05-27,79.99984,79.99984,79.99984,79.99984,27.0
2015-05-28,79.99984,79.99984,79.99984,79.99984,450.0
2015-05-29,79.99984,80.888727,79.99984,79.99984,49491.0
2015-06-02,80.088729,80.088729,79.555396,79.99984,34479.0
2015-06-03,80.844278,80.844278,80.844278,80.844278,325.0
2015-06-04,80.022062,81.333171,79.99984,81.333171,472.0
2015-06-05,80.022062,82.177609,79.99984,81.955387,98983.0
2015-06-08,82.222058,82.222058,79.99984,79.99984,56254.0
2015-06-10,80.022062,82.222058,79.99984,80.444284,97789.0
2015-06-11,82.622053,82.977612,82.222058,82.666501,900.0
2015-06-12,82.666501,84.399827,82.666501,84.399827,1845.0
2015-06-15,83.110945,85.733157,80.510946,80.510946,679.0
2015-06-17,84.399827,84.444276,84.399827,84.444276,21559.0
2015-06-18,83.955383,84.444276,83.955383,84.444276,2250.0
2015-06-22,81.133171,84.399827,81.110949,84.399827,280.0
2015-06-23,82.466502,82.466502,82.222058,82.24428,45882.0
2015-06-24,84.399827,84.399827,84.399827,84.399827,22.0
2015-06-26,82.222058,82.222058,82.222058,82.222058,38875.0
2015-06-29,82.310946,82.310946,82.222058,82.222058,2992.0
2015-06-30,82.266507,82.266507,82.222058,82.222058,4500.0
2015-07-02,82.222058,82.222058,82.222058,82.222058,22204.0
2015-07-03,83.555388,83.999832,82.222058,82.222058,847.0
2015-07-06,81.688726,81.688726,77.777622,80.444284,742.0
2015-07-07,77.777622,77.777622,76.888735,76.888735,15792.0
2015-07-08,76.910957,76.910957,76.910957,76.910957,56259.0
2015-07-09,79.666507,79.666507,77.110957,77.110957,75439.0
2015-07-10,77.133179,77.133179,77.110957,77.133179,58545.0
2015-07-14,79.110953,79.99984,79.110953,79.99984,792.0
2015-07-15,79.99984,79.99984,77.777622,78.222066,31545.0
2015-07-20,78.222066,78.222066,77.777622,77.777622,66838.0
2015-07-21,79.777618,79.777618,78.222066,78.222066,25701.0
2015-07-22,79.666507,79.99984,78.266515,79.99984,1909575.0
2015-07-23,79.333175,79.333175,78.244288,78.244288,122464.0
2015-07-24,78.288728,79.777618,78.288728,78.333177,72031.0
2015-07-28,79.777618,79.955391,78.310954,78.310954,6925.0
2015-07-29,78.310954,78.310954,77.822071,77.822071,75537.0
2015-07-31,79.777618,79.777618,77.777622,77.999844,31015.0
2015-08-03,79.755396,79.755396,77.777622,77.777622,118.0
2015-08-04,77.999844,77.999844,77.333179,77.999844,46053.0
2015-08-05,77.999844,78.222066,77.799844,77.822071,695097.0
2015-08-06,77.822071,77.822071,77.777622,77.822071,9339.0
2015-08-07,77.777622,77.777622,77.777622,77.777622,9022.0
2015-08-11,77.777622,77.777622,77.222068,77.222068,22542.0
2015-08-12,77.177619,77.177619,77.177619,77.177619,90.0
2015-08-13,77.177619,77.333179,77.155406,77.177619,9519.0
2015-08-17,77.7554,78.866509,77.7554,78.866509,270.0
2015-08-18,78.222066,78.222066,78.222066,78.222066,27450.0
2015-08-19,78.177617,78.177617,78.177617,78.177617,4275.0
2015-08-24,78.888731,78.888731,77.110957,77.110957,24576.0
2015-08-25,77.133179,77.133179,77.133179,77.133179,67.0
2015-08-26,78.177617,78.177617,77.110957,77.133179,22045.0
2015-08-27,77.777622,77.777622,77.777622,77.777622,225.0
2015-08-28,77.777622,77.777622,77.777622,77.777622,40725.0
2015-08-31,77.110957,77.110957,76.888735,76.888735,6750.0
2015-09-01,76.888735,76.888735,73.333187,74.666517,40006.0
2015-09-02,75.110961,75.510956,72.533188,75.088739,201510.0
2015-09-03,75.488742,75.488742,75.488742,75.488742,450.0
2015-09-04,75.510956,75.555404,75.444294,75.444294,180018.0
2015-09-07,73.46652,73.46652,73.46652,73.46652,972.0
2015-09-08,75.533182,75.555404,75.533182,75.555404,27.0
2015-09-09,74.444296,74.444296,74.444296,74.444296,125617.0
2015-09-10,74.888739,74.888739,74.444296,74.444296,11274.0
2015-09-11,74.444296,74.444296,74.444296,74.444296,6004.0
2015-09-14,74.066514,74.444296,74.022074,74.444296,12993.0
2015-09-15,74.110963,74.110963,74.110963,74.110963,112.0
2015-09-16,74.110963,75.555404,74.110963,75.510956,343621.0
2015-09-18,75.399845,75.555404,74.444296,74.666517,266995.0
2015-09-21,75.555404,75.555404,75.555404,75.555404,20458.0
2015-09-22,77.333179,78.399839,75.555404,75.555404,244021.0
2015-09-23,77.777622,77.777622,77.777622,77.777622,4.0
2015-09-28,75.577627,75.577627,75.555404,75.555404,14905.0
2015-09-29,77.733173,77.7554,74.577629,74.577629,70614.0
2015-09-30,74.666517,74.888739,74.422073,74.422073,157960.0
2015-10-01,77.28873,77.5554,74.666517,74.666517,43717.0
2015-10-02,75.555404,75.555404,74.666517,74.666517,38436.0
2015-10-05,74.666517,74.666517,74.133185,74.222074,48241.0
2015-10-06,74.222074,74.222074,74.222074,74.222074,906.0
2015-10-07,74.222074,74.222074,74.222074,74.222074,15300.0
2015-10-08,74.222074,74.222074,74.222074,74.222074,34785.0
2015-10-09,74.222074,75.510956,74.222074,75.510956,110809.0
2015-10-12,76.888735,76.888735,76.888735,76.888735,675.0
2015-10-13,74.244296,74.244296,74.199852,74.222074,99990.0
2015-10-14,74.222074,74.222074,74.222074,74.222074,78.0
2015-10-16,73.77763,74.222074,73.333187,74.177625,38850.0
2015-10-19,73.77763,74.222074,73.77763,74.222074,49770.0
2015-10-20,74.222074,74.222074,74.222074,74.222074,2619.0
2015-10-21,74.222074,74.222074,74.222074,74.222074,562.0
2015-10-22,74.577629,74.577629,74.222074,74.222074,14536.0
2015-10-23,74.577629,76.422069,74.577629,76.422069,463.0
2015-10-26,74.666517,74.666517,74.666517,74.666517,45000.0
2015-10-27,74.888739,74.888739,74.888739,74.888739,15.0
2015-10-28,75.110961,75.110961,75.110961,75.110961,202.0
2015-10-29,75.999848,75.999848,75.999848,75.999848,10.0
2015-10-30,75.222072,76.888735,75.222072,76.888735,10729.0
2015-11-02,76.888735,76.888735,76.110959,76.110959,16816.0
2015-11-04,76.888735,77.266517,76.888735,77.266517,18595.0
2015-11-05,77.28873,77.28873,76.888735,77.110957,21892.0
2015-11-09,76.888735,77.28873,76.444292,76.844286,2326.0
2015-11-10,76.444292,76.888735,76.22207,76.22207,17658.0
2015-11-11,76.866513,76.866513,76.866513,76.866513,22.0
2015-11-12,76.244292,76.244292,75.999848,75.999848,450.0
2015-11-13,76.044297,77.777622,76.044297,77.777622,61407.0
2015-11-16,77.777622,77.777622,76.53318,76.53318,8578.0
2015-11-17,77.777622,77.777622,77.777622,77.777622,22501.0
2015-11-19,77.7554,77.7554,77.7554,77.7554,3997.0
2015-11-20,77.7554,77.777622,77.7554,77.777622,11250.0
2015-11-23,77.7554,77.7554,77.7554,77.7554,1800.0
2015-11-26,76.510954,77.777622,76.48874,77.7554,77451.0
2015-11-27,77.333179,77.333179,77.333179,77.333179,1.0
2015-11-30,77.7554,77.7554,77.7554,77.7554,45751.0
2015-12-01,77.7554,77.7554,77.333179,77.5554,10066.0
2015-12-02,77.333179,77.333179,77.333179,77.333179,45.0
2015-12-04,77.777622,77.777622,77.777622,77.777622,10.0
2015-12-08,77.777622,77.777622,77.777622,77.777622,8014.0
2015-12-09,77.777622,77.777622,76.666513,76.666513,1381.0
2015-12-10,76.888735,76.888735,76.888735,76.888735,652.0
2015-12-11,77.333179,77.333179,77.333179,77.333179,29650.0
2015-12-14,77.333179,77.333179,76.666513,76.666513,787.0
2015-12-15,76.688736,76.888735,76.688736,76.888735,13167.0
2015-12-16,76.666513,76.666513,76.666513,76.666513,67.0
2015-12-17,76.844286,76.888735,76.310958,76.888735,14737.0
2015-12-18,76.444292,76.888735,76.444292,76.888735,21853.0
2015-12-22,77.333179,77.333179,76.888735,76.888735,724.0
2015-12-23,76.688736,77.310956,76.688736,77.310956,4365.0
2015-12-28,76.888735,77.110957,76.888735,77.110957,22644.0
2015-12-29,77.066508,77.066508,76.888735,76.888735,8493.0
2015-12-30,76.710962,76.710962,74.888739,75.999848,3642.0
2015-12-31,76.866513,76.866513,75.777626,75.777626,1390.0
2016-01-05,75.555404,75.555404,75.555404,75.555404,16809.0
2016-01-06,75.555404,75.555404,75.555404,75.555404,30372.0
2016-01-07,76.444292,77.333179,76.444292,77.333179,1957.0
2016-01-08,77.333179,77.333179,75.999848,75.999848,15444.0
2016-01-12,75.577627,75.999848,75.577627,75.577627,11080.0
2016-01-13,75.555404,76.444292,75.555404,76.444292,2025.0
2016-01-14,76.888735,77.28873,76.888735,77.28873,37530.0
2016-01-15,76.888735,77.28873,76.888735,77.28873,31987.0
2016-01-18,77.199846,77.222068,76.510954,76.510954,5062.0
2016-01-19,76.599851,76.888735,76.510954,76.888735,2925.0
2016-01-20,76.666513,76.666513,76.666513,76.666513,337.0
2016-01-21,77.110957,77.110957,77.110957,77.110957,33750.0
2016-01-22,77.110957,79.933178,77.110957,79.933178,9940.0
2016-01-25,79.888729,83.533166,79.888729,79.99984,7467.0
2016-01-26,79.99984,81.777614,79.99984,79.99984,3852.0
2016-01-27,79.99984,83.110945,79.99984,79.99984,121348.0
2016-01-28,80.133173,82.888723,80.133173,82.888723,27990.0
2016-01-29,82.888723,85.777606,82.888723,84.444276,25012.0
2016-02-01,85.333163,85.333163,84.444276,84.444276,945.0
2016-02-02,85.333163,85.333163,82.310946,82.310946,4563.0
2016-02-03,85.333163,85.333163,85.333163,85.333163,1422.0
2016-02-04,85.333163,85.333163,85.333163,85.333163,1248.0
2016-02-05,83.377615,86.555382,83.377615,86.555382,33103.0
2016-02-08,84.710946,84.710946,84.710946,84.710946,382.0
2016-02-09,84.710946,84.710946,84.444276,84.466498,57600.0
2016-02-10,84.488724,85.333163,84.444276,85.333163,13059.0
2016-02-11,85.333163,85.555384,85.333163,85.399825,16269.0
2016-02-12,85.333163,85.777606,85.333163,85.555384,145350.0
2016-02-15,82.75539,85.555384,82.75539,85.555384,4684.0
2016-02-16,84.444276,85.333163,84.444276,84.933168,2362.0
2016-02-17,84.888719,85.288714,84.888719,85.288714,95184.0
2016-02-18,85.31094,85.31094,84.888719,84.910941,17253.0
2016-02-19,84.910941,86.666493,84.888719,86.666493,26100.0
2016-02-22,86.666493,86.666493,86.644271,86.644271,19413.0
2016-02-23,84.888719,86.22205,84.888719,86.22205,2287.0
2016-02-24,86.22205,86.22205,86.22205,86.22205,36978.0
2016-02-26,84.444276,84.888719,84.444276,84.444276,8367.0
2016-02-29,86.644271,86.644271,83.999832,83.999832,12375.0
2016-03-01,83.999832,83.999832,83.222056,83.999832,25183.0
2016-03-02,84.888719,84.888719,84.888719,84.888719,81090.0
2016-03-03,84.888719,84.888719,84.888719,84.888719,15769.0
2016-03-04,84.266503,84.888719,84.222054,84.444276,34552.0
2016-03-07,84.888719,84.888719,84.888719,84.888719,6765.0
2016-03-08,84.977608,86.177601,84.977608,86.177601,49275.0
2016-03-09,86.177601,87.55538,86.177601,87.44427,1837.0
2016-03-10,86.266499,86.266499,85.333163,85.333163,54865.0
2016-03-11,85.333163,85.777606,85.110941,85.133163,25669.0
2016-03-14,85.333163,85.333163,85.110941,85.133163,2295.0
2016-03-15,85.333163,85.333163,85.333163,85.333163,870.0
2016-03-18,85.355385,87.55538,85.355385,87.110937,87801.0
2016-03-21,85.377611,85.377611,83.555388,84.444276,561155.0
2016-03-22,84.444276,84.444276,83.77761,83.77761,820.0
2016-03-23,83.77761,83.999832,83.110945,83.110945,4846.0
2016-03-24,83.110945,83.110945,83.110945,83.110945,514.0
2016-03-25,84.399827,84.444276,83.555388,83.555388,3547.0
2016-03-28,83.555388,83.77761,83.555388,83.77761,339.0
2016-03-29,83.77761,83.77761,83.555388,83.555388,499.0
2016-03-30,82.577613,83.555388,82.222058,82.222058,85420.0
2016-03-31,83.555388,83.555388,80.444284,80.444284,9792.0
2016-04-01,82.177609,82.222058,80.444284,82.222058,1707.0
2016-04-04,82.222058,83.999832,82.222058,83.999832,38535.0
2016-04-05,84.377613,85.110941,82.222058,84.644275,92566.0
2016-04-06,82.666501,84.399827,82.666501,84.399827,946.0
2016-04-07,82.666501,84.222054,82.666501,83.77761,54622.0
2016-04-08,84.155392,84.422053,80.466506,80.466506,33129.0
2016-04-11,84.133165,84.133165,80.910949,83.999832,3379.0
2016-04-12,83.555388,83.555388,82.222058,82.222058,6.0
2016-04-13,82.222058,83.333167,82.222058,82.222058,10354.0
2016-04-14,81.777614,81.777614,81.155398,81.155398,16965.0
2016-04-15,82.222058,82.222058,82.222058,82.222058,1311.0
2016-04-18,83.488726,83.488726,81.333171,81.422059,12628.0
2016-04-19,83.51094,83.51094,82.222058,82.222058,38733.0
2016-04-20,81.777614,82.666501,81.399833,82.666501,22590.0
2016-04-21,82.666501,82.666501,82.666501,82.666501,12456.0
2016-04-22,83.4665,83.4665,81.777614,81.777614,40407.0
2016-04-25,81.822063,81.822063,81.822063,81.822063,51.0
2016-04-26,81.999836,82.666501,81.999836,82.666501,56202.0
2016-04-27,82.399831,82.688724,82.399831,82.688724,16020.0
2016-04-28,84.355387,84.355387,84.355387,84.355387,67.0
2016-04-29,84.355387,85.333163,84.355387,84.444276,27787.0
2016-05-03,84.444276,85.777606,84.444276,85.777606,79074.0
2016-05-04,86.666493,87.977602,86.644271,87.55538,53371.0
2016-05-05,87.55538,88.888711,87.155386,87.155386,140400.0
2016-05-06,87.910935,88.399819,87.110937,87.110937,27634.0
2016-05-09,87.999824,88.888711,87.110937,88.888711,7206.0
2016-05-10,88.444268,88.444268,87.999824,87.999824,23130.0
2016-05-11,90.222042,90.222042,87.999824,88.888711,4968.0
2016-05-12,88.866489,88.866489,87.622043,87.999824,104445.0
2016-05-13,88.888711,88.888711,86.666493,86.666493,7974.0
2016-05-16,88.444268,88.444268,88.444268,88.444268,544.0
2016-05-17,88.444268,88.444268,84.444276,84.444276,12880.0
2016-05-18,88.844262,88.844262,88.844262,88.844262,675.0
2016-05-19,87.910935,87.910935,87.910935,87.910935,17248.0
2016-05-20,85.777606,85.777606,85.777606,85.777606,7650.0
2016-05-23,85.333163,85.333163,84.888719,84.888719,49.0
2016-05-24,87.71094,87.71094,87.71094,87.71094,225.0
2016-05-25,86.666493,86.666493,86.666493,86.666493,4983.0
2016-05-26,85.777606,85.777606,85.777606,85.777606,8871.0
2016-05-27,87.71094,87.71094,85.777606,85.777606,39091.0
2016-05-30,84.888719,85.777606,80.888727,82.888723,3215346.0
2016-05-31,83.155394,83.155394,82.333169,82.910945,9135.0
2016-06-01,83.555388,83.999832,83.555388,83.999832,2362.0
2016-06-02,83.133167,83.999832,83.133167,83.555388,21348.0
2016-06-03,84.444276,84.444276,84.444276,84.444276,486.0
2016-06-06,83.555388,84.422053,83.555388,84.377613,36769.0
2016-06-07,86.622045,86.622045,83.999832,84.888719,64923.0
2016-06-08,84.888719,85.333163,84.444276,85.333163,1003.0
2016-06-09,84.888719,84.888719,84.888719,84.888719,27150.0
2016-06-14,84.888719,84.888719,84.888719,84.888719,32287.0
2016-06-15,84.666497,84.666497,84.444276,84.444276,607.0
2016-06-16,83.599837,83.599837,83.555388,83.555388,436.0
2016-06-17,84.422053,84.422053,83.110945,83.110945,34326.0
2016-06-20,86.622045,86.622045,83.999832,83.999832,234.0
2016-06-21,83.999832,83.999832,83.199834,83.999832,2970.0
2016-06-22,83.999832,83.999832,83.999832,83.999832,6.0
2016-06-27,84.444276,84.444276,84.444276,84.444276,4612.0
2016-06-28,84.444276,84.444276,84.444276,84.444276,1575.0
2016-06-29,84.444276,84.444276,83.555388,84.444276,933159.0
2016-06-30,84.444276,84.888719,83.555388,84.888719,13015.0
2016-07-01,81.999836,81.999836,79.199842,79.199842,14059.0
2016-07-04,81.999836,81.999836,80.444284,80.888727,17056.0
2016-07-05,80.888727,81.999836,80.888727,81.999836,45675.0
2016-07-11,81.999836,81.999836,81.777614,81.999836,40302.0
2016-07-12,82.666501,82.666501,82.666501,82.666501,225.0
2016-07-13,82.44428,82.44428,81.333171,81.333171,132135.0
2016-07-14,82.422057,82.422057,82.422057,82.422057,4.0
2016-07-15,82.422057,83.555388,82.222058,83.555388,81078.0
2016-07-18,83.555388,83.555388,82.222058,82.222058,26820.0
2016-07-19,82.222058,82.222058,81.777614,81.777614,2508.0
2016-07-20,83.110945,83.110945,81.799836,81.799836,45.0
2016-07-21,81.777614,82.666501,81.777614,81.866503,98122.0
2016-07-22,83.110945,83.110945,81.910947,83.110945,270.0
2016-07-25,82.888723,82.888723,82.888723,82.888723,29013.0
2016-07-26,82.666501,82.666501,82.222058,82.222058,56290.0
2016-07-27,82.888723,82.888723,82.666501,82.666501,33205.0
2016-07-28,82.888723,82.888723,82.666501,82.666501,288.0
2016-07-29,82.666501,83.110945,82.666501,83.110945,1170.0
2016-08-03,84.399827,84.399827,82.222058,82.222058,11166.0
2016-08-04,83.110945,83.110945,83.110945,83.110945,99.0
2016-08-05,83.110945,83.110945,82.333169,82.666501,56353.0
2016-08-11,83.110945,83.999832,83.110945,83.999832,58.0
2016-08-12,82.933172,82.933172,82.733163,82.733163,29277.0
2016-08-15,82.733163,86.888715,82.733163,86.888715,23130.0
2016-08-16,86.22205,86.22205,83.999832,83.999832,1345.0
2016-08-17,83.555388,83.555388,82.888723,83.555388,12001.0
2016-08-19,84.333165,84.444276,84.222054,84.444276,10216.0
2016-08-22,84.444276,84.888719,84.444276,84.888719,34647.0
2016-08-23,84.444276,84.444276,84.444276,84.444276,247.0
2016-08-24,84.888719,85.955379,84.888719,85.955379,33817.0
2016-08-25,85.955379,85.955379,84.888719,84.888719,5827.0
2016-08-26,84.888719,84.888719,84.84427,84.888719,7479.0
2016-08-29,84.888719,84.888719,84.888719,84.888719,42750.0
2016-08-30,84.888719,84.888719,84.888719,84.888719,64.0
2016-08-31,85.333163,85.333163,85.110941,85.110941,162.0
2016-09-02,85.110941,86.666493,84.444276,86.666493,8329.0
2016-09-05,85.777606,85.777606,85.777606,85.777606,225.0
2016-09-06,86.644271,86.666493,86.622045,86.622045,8389.0
2016-09-07,85.777606,86.53316,85.777606,86.53316,9517.0
2016-09-08,86.444272,86.666493,85.777606,86.444272,48277.0
2016-09-09,86.355383,86.355383,85.999828,86.22205,24754.0
2016-09-15,86.22205,86.22205,86.22205,86.22205,10.0
2016-09-16,86.22205,86.22205,85.777606,85.777606,9225.0
2016-09-19,85.377611,85.377611,85.377611,85.377611,213.0
2016-09-21,86.310938,86.310938,85.333163,85.333163,789.0
2016-09-22,85.555384,85.555384,85.555384,85.555384,76.0
2016-09-23,85.777606,85.777606,85.777606,85.777606,23053.0
2016-09-26,86.666493,88.888711,86.666493,87.999824,8970.0
2016-09-27,87.110937,88.444268,87.110937,88.422045,1350.0
2016-09-28,87.999824,87.999824,87.599829,87.599829,568.0
2016-09-29,88.666489,91.53315,88.444268,88.888711,38215.0
2016-09-30,91.06648,91.06648,88.444268,90.666485,8128.0
2016-10-04,89.777598,90.666485,89.777598,89.777598,20281.0
2016-10-05,89.777598,89.777598,89.777598,89.777598,3628.0
2016-10-06,90.222042,90.222042,89.777598,89.777598,1372.0
2016-10-07,89.777598,90.622037,88.888711,88.888711,151947.0
2016-10-10,90.599823,90.599823,89.333155,89.777598,32197.0
2016-10-11,89.333155,91.110929,89.133155,89.377603,45328.0
2016-10-12,90.666485,90.666485,90.666485,90.666485,45.0
2016-10-13,89.422043,90.666485,89.422043,90.666485,393.0
2016-10-14,90.666485,90.666485,90.666485,90.666485,40002.0
2016-10-17,90.666485,90.688708,90.444264,90.688708,123511.0
2016-10-18,91.555372,95.555364,91.110929,94.577589,187723.0
2016-10-19,94.444256,94.444256,93.333147,93.333147,8149.0
2016-10-20,93.333147,93.77759,92.888703,92.888703,87891.0
2016-10-21,93.333147,93.333147,92.488708,93.310924,5958.0
2016-10-24,93.310924,93.333147,92.888703,93.310924,26826.0
2016-10-25,92.44426,92.44426,91.644261,92.110927,45276.0
2016-10-26,93.199814,93.333147,92.355371,92.355371,4038.0
2016-10-27,93.77759,96.444252,93.77759,95.555364,26406.0
2016-10-28,96.355363,99.199802,96.22203,97.777582,199374.0
2016-10-31,97.777582,99.555356,97.777582,99.555356,2953.0
2016-11-01,99.910911,100.888687,99.866467,99.9998,42201.0
2016-11-02,100.444244,102.222018,100.444244,100.866465,75300.0
2016-11-03,102.177569,102.177569,101.06646,101.06646,11673.0
2016-11-04,102.222018,103.110905,100.888687,101.755352,35623.0
2016-11-07,102.222018,103.77757,101.177571,103.110905,64828.0
2016-11-08,104.910901,109.777558,104.910901,106.666453,282471.0
2016-11-09,117.310881,117.310881,113.377555,117.310881,207528.0
2016-11-10,119.99976,121.777534,109.777558,111.555332,340348.0
2016-11-11,114.666437,114.666437,113.044223,113.333107,87795.0
2016-11-14,113.333107,115.777546,113.333107,115.777546,35560.0
2016-11-15,117.777542,124.444196,117.777542,121.333091,199080.0
2016-11-16,123.77753,123.999752,121.355308,121.377539,64563.0
2016-11-17,123.955303,124.221974,120.466421,122.221978,24481.0
2016-11-21,121.777534,122.666421,119.555316,119.555316,6621.0
2016-11-22,119.555316,119.99976,115.555324,116.48866,32874.0
2016-11-23,118.666429,118.666429,116.444212,116.444212,32949.0
2016-11-24,115.555324,116.444212,114.666437,116.421994,13029.0
2016-11-25,111.133111,116.799762,111.133111,116.799762,33646.0
2016-11-28,116.888655,119.99976,116.888655,119.99976,40563.0
2016-11-29,120.044209,125.777526,119.99976,122.155316,535554.0
2016-11-30,122.221978,123.110865,119.99976,123.110865,167959.0
2016-12-01,123.110865,123.110865,120.266431,120.488652,25233.0
2016-12-02,122.221978,122.666421,120.488652,121.733085,48466.0
2016-12-05,121.733085,121.733085,120.577532,120.710874,8124.0
2016-12-06,122.177529,122.244196,121.777534,122.133085,238470.0
2016-12-07,121.777534,122.4442,121.377539,121.777534,64198.0
2016-12-08,121.777534,123.066416,121.555312,122.244196,1398916.0
2016-12-09,123.021972,127.999744,122.244196,126.644196,138601.0
2016-12-14,131.999736,131.999736,126.666413,129.777518,194446.0
2016-12-15,130.221962,131.110849,129.7553,129.777518,80784.0
2016-12-16,130.621957,137.310841,130.444184,133.333067,252690.0
2016-12-19,136.444172,141.777494,136.444172,140.644168,122341.0
2016-12-20,142.221938,143.999712,133.333067,137.777502,71865.0
2016-12-21,137.755284,138.666389,133.42196,135.555284,600849.0
2016-12-22,136.5775,144.421938,136.533065,144.421938,187174.0
2016-12-23,148.888591,153.333027,145.333043,151.06636,151704.0
2016-12-26,152.44414,152.44414,146.666373,148.444148,131647.0
2016-12-27,147.999704,147.999704,146.666373,147.110817,5343.0
2016-12-28,146.666373,151.06636,146.666373,149.777478,339084.0
2016-12-29,148.888591,152.888583,148.888591,151.377479,350083.0
2016-12-30,153.333027,153.333027,151.333031,152.44414,152266.0
2017-01-02,153.999692,155.555244,151.555252,153.77747,1014.0
2017-01-03,152.44414,156.888575,152.221918,155.555244,245481.0
2017-01-04,157.777462,162.221898,157.777462,162.221898,127126.0
2017-01-05,164.444116,178.42187,163.999672,177.777422,256536.0
2017-01-06,195.110721,195.110721,177.777422,177.777422,646533.0
2017-01-09,186.666293,186.666293,179.555196,182.71075,343207.0
2017-01-10,180.488532,190.221842,180.488532,187.332959,296820.0
2017-01-12,187.55518,190.9774,184.444076,184.444076,360999.0
2017-01-13,184.444076,188.666289,176.888535,177.332979,178521.0
2017-01-16,177.332979,181.777414,171.110769,171.110769,152961.0
2017-01-17,177.777422,177.777422,171.110769,175.332983,2292.0
2017-01-18,171.999656,176.399643,168.888551,171.332991,261325.0
2017-01-19,174.666317,174.666317,171.999656,173.332987,114390.0
2017-01-20,171.555212,175.510756,171.555212,174.666317,63978.0
2017-01-23,175.555204,176.888535,175.555204,176.421874,50095.0
2017-01-24,176.888535,176.888535,173.77743,173.77743,78513.0
2017-01-25,175.555204,176.888535,175.555204,176.888535,1917.0
2017-01-26,177.310761,177.310761,174.666317,177.110757,8194.0
2017-01-27,175.110761,177.28853,174.666317,177.28853,40258.0
2017-01-30,177.5552,177.5552,177.5552,177.5552,253.0
2017-01-31,175.599653,177.688529,175.15521,175.555204,15664.0
2017-02-01,176.444092,176.444092,173.332987,174.221874,8167.0
2017-02-02,171.110769,173.332987,171.110769,171.110769,21060.0
2017-02-03,173.332987,173.332987,155.621907,170.221882,18537.0
2017-02-06,168.888551,171.110769,167.377447,171.110769,17344.0
2017-02-07,170.666325,171.110769,170.221882,170.221882,6589.0
2017-02-08,169.777438,172.4441,169.777438,172.4441,7110.0
2017-02-09,172.844094,174.666317,171.110769,171.999656,42201.0
2017-02-10,172.888543,173.332987,171.110769,173.332987,123882.0
2017-02-13,173.332987,173.332987,169.821887,169.955211,1264.0
2017-02-14,171.555212,171.777434,170.221882,170.221882,15615.0
2017-02-15,170.221882,170.221882,168.044113,168.888551,11614.0
2017-02-16,168.888551,169.777438,168.044113,168.444108,10729.0
2017-02-17,168.444108,168.888551,165.466331,167.999664,8662.0
2017-02-20,167.666331,168.444108,167.666331,167.999664,199.0
2017-02-21,167.577438,172.4441,167.577438,172.4441,49.0
2017-02-22,171.044107,171.044107,164.444116,164.444116,10053.0
2017-02-23,164.444116,166.666333,155.555244,155.555244,81787.0
2017-02-24,155.555244,159.99968,155.555244,157.333019,38461.0
2017-02-27,155.555244,162.221898,155.555244,157.777462,77887.0
2017-02-28,158.221906,161.333011,157.777462,157.777462,88917.0
2017-03-01,157.844124,157.844124,157.777462,157.777462,12511.0
2017-03-02,157.79968,157.79968,157.777462,157.777462,34456.0
2017-03-03,159.977462,159.977462,157.821911,159.977462,3762.0
2017-03-06,159.99968,161.777454,159.555236,160.888567,18738.0
2017-03-07,159.99968,161.955227,159.99968,161.955227,945.0
2017-03-08,161.777454,161.910783,159.977462,159.977462,2098.0
2017-03-09,158.310799,159.99968,158.310799,159.99968,90.0
2017-03-10,159.99968,159.99968,158.666349,159.977462,98919.0
2017-03-13,159.99968,159.99968,159.99968,159.99968,1395.0
2017-03-14,159.110793,159.99968,158.733011,159.777458,14679.0
2017-03-15,159.777458,162.221898,159.777458,162.221898,170932.0
2017-03-16,164.444116,168.888551,162.221898,166.132997,23355.0
2017-03-17,165.777446,165.777446,164.488564,165.555224,4698.0
2017-03-20,168.444108,168.933,163.133003,164.444116,382879.0
2017-03-21,164.444116,171.555212,164.444116,164.577444,153861.0
2017-03-22,166.666333,166.666333,164.666337,165.688553,6441.0
2017-03-23,165.688553,165.999668,162.177449,162.177449,33976.0
2017-03-24,161.777454,163.77745,160.533017,163.533011,9112.0
2017-03-27,163.977454,163.999672,163.955223,163.999672,1966.0
2017-03-28,163.999672,163.999672,163.110785,163.999672,58342.0
2017-03-29,163.77745,163.977454,162.977456,162.977456,1084.0
2017-03-30,163.51078,163.51078,162.221898,162.221898,85927.0
2017-03-31,162.666341,162.666341,159.99968,159.99968,19732.0
2017-04-03,162.221898,162.221898,159.99968,159.99968,5886.0
2017-04-04,159.99968,159.99968,159.777458,159.777458,40618.0
2017-04-05,162.221898,162.221898,161.110789,161.110789,2241.0
2017-04-06,162.221898,162.221898,157.777462,158.221906,26731.0
2017-04-07,158.221906,161.977458,158.221906,161.977458,5413.0
2017-04-11,161.777454,161.777454,161.777454,161.777454,36.0
2017-04-12,161.555232,162.221898,161.555232,162.221898,184.0
2017-04-13,159.110793,159.99968,159.110793,159.110793,1350.0
2017-04-14,159.99968,164.444116,159.99968,162.088569,2407.0
2017-04-17,163.110785,163.110785,163.110785,163.110785,18.0
2017-04-18,162.177449,163.999672,162.177449,163.999672,43665.0
2017-04-19,164.444116,164.444116,160.221902,164.421898,292.0
2017-04-20,161.333011,164.444116,160.888567,164.444116,9279.0
2017-04-21,164.444116,167.999664,164.444116,166.22189,73149.0
2017-04-24,167.866335,168.444108,166.22189,166.310783,5238.0
2017-04-25,165.999668,171.110769,165.999668,171.110769,85054.0
2017-04-26,171.110769,173.332987,170.621877,170.621877,15729.0
2017-04-27,170.577432,173.599657,170.110771,173.599657,177075.0
2017-04-28,173.288538,175.555204,173.288538,173.332987,215578.0
2017-05-02,175.532987,175.532987,172.888543,173.332987,16614.0
2017-05-03,176.888535,176.888535,173.466315,175.532987,51687.0
2017-05-04,175.532987,175.532987,174.221874,175.532987,2607.0
2017-05-05,175.532987,175.532987,173.999652,175.510756,6552.0
2017-05-08,174.088545,174.221874,174.044101,174.177425,10752.0
2017-05-09,175.488542,175.488542,174.666317,174.666317,27280.0
2017-05-10,174.666317,174.666317,172.844094,172.844094,37567.0
2017-05-11,174.621869,174.621869,172.021874,172.4441,1090.0
2017-05-12,174.177425,174.177425,171.555212,172.866325,60588.0
2017-05-15,173.266325,173.288538,170.288544,172.4441,294.0
2017-05-16,171.999656,171.999656,171.110769,171.110769,14451.0
2017-05-17,171.999656,171.999656,171.999656,171.999656,919.0
2017-05-18,170.932996,171.999656,170.932996,170.955209,3366.0
2017-05-19,171.110769,171.110769,168.888551,168.888551,2628.0
2017-05-22,168.999662,169.199666,168.999662,169.155222,3430.0
2017-05-23,172.4441,172.4441,169.332995,169.332995,6054.0
2017-05-24,171.110769,171.110769,169.599665,171.110769,4815.0
2017-05-25,171.977438,171.977438,170.221882,171.510764,7897.0
2017-05-26,171.777434,172.888543,166.666333,172.888543,196188.0
2017-05-30,168.910769,172.888543,168.910769,169.377443,12519.0
2017-05-31,169.444106,171.977438,169.444106,171.977438,18613.0
2017-06-01,172.421882,172.421882,169.332995,169.688545,3316.0
2017-06-02,172.399651,172.4441,170.221882,171.777434,52926.0
2017-06-05,172.866325,172.888543,172.221878,172.221878,15814.0
2017-06-06,172.221878,172.221878,171.110769,171.110769,1260.0
2017-06-07,172.666321,173.332987,172.666321,173.332987,2688.0
2017-06-08,174.666317,184.221854,174.666317,182.221858,215587.0
2017-06-09,182.221858,183.110745,177.332979,177.332979,149316.0
2017-06-12,173.332987,173.332987,171.110769,172.888543,14719.0
2017-06-13,172.888543,172.888543,170.666325,172.888543,23383.0
2017-06-14,174.221874,177.110757,174.221874,176.888535,21006.0
2017-06-15,176.888535,179.555196,176.844086,179.555196,72243.0
2017-06-16,175.555204,179.110753,175.555204,177.777422,7273.0
2017-06-19,179.777418,182.221858,178.288528,181.110749,105237.0
2017-06-20,181.821863,186.666293,181.821863,182.221858,192835.0
2017-06-21,183.999632,183.999632,182.221858,182.221858,13671.0
2017-06-22,184.332965,184.332965,182.177409,183.110745,14472.0
2017-06-23,182.266307,185.332963,182.266307,184.888519,33498.0
2017-06-28,185.332963,188.844062,185.332963,186.688511,46612.0
2017-06-29,187.999624,188.444068,186.888515,187.332959,144663.0
2017-06-30,188.444068,188.444068,185.555184,186.666293,309808.0
2017-07-03,188.444068,191.088511,187.55518,191.088511,41910.0
2017-07-04,188.888511,195.555164,188.888511,195.555164,95626.0
2017-07-05,199.333134,212.666454,198.666468,202.733137,39924.0
2017-07-06,206.66646,209.99979,203.69979,207.333126,89491.0
2017-07-07,210.666456,210.666456,209.333124,209.566464,43041.0
2017-07-10,213.33312,213.33312,209.933117,209.933117,25351.0
2017-07-11,212.299794,213.233127,209.933117,212.866447,39169.0
2017-07-12,212.866447,212.866447,211.333122,211.333122,197466.0
2017-07-13,211.333122,212.499788,207.799799,207.799799,51192.0
2017-07-14,211.633128,211.633128,206.66646,206.66646,37099.0
2017-07-17,206.66646,208.599785,206.66646,206.66646,3028.0
2017-07-18,207.333126,207.333126,200.13314,203.999796,35128.0
2017-07-19,201.999798,201.999798,189.99981,193.33314,190135.0
2017-07-20,193.999806,197.333136,193.33314,193.33314,32860.0
2017-07-21,197.166469,197.333136,194.666472,194.666472,28609.0
2017-07-24,197.799809,199.333134,196.66647,197.866462,8713.0
2017-07-25,198.633141,199.9998,197.333136,198.999801,58305.0
2017-07-26,199.9998,201.933125,198.999801,199.333134,29497.0
2017-07-27,199.333134,199.966473,193.56648,194.333139,111124.0
2017-07-28,196.66647,198.666468,193.33314,193.33314,80572.0
2017-07-31,193.6998,193.6998,186.66648,189.033138,88953.0
2017-08-01,189.066484,193.33314,189.066484,193.33314,876.0
2017-08-02,193.33314,195.333138,186.66648,187.533139,76113.0
2017-08-03,187.999812,190.999809,184.133156,184.133156,48450.0
2017-08-04,189.933137,190.666476,186.66648,190.666476,5113.0
2017-08-07,192.466481,192.466481,187.399819,191.966481,201.0
2017-08-08,187.866472,191.633148,187.699806,190.633149,939.0
2017-08-09,189.99981,195.666471,189.99981,195.666471,13938.0
2017-08-10,196.499803,199.899807,195.999804,197.966475,21214.0
2017-08-11,199.9998,199.9998,197.299809,197.299809,18079.0
2017-08-15,199.86646,209.333124,197.266463,197.266463,55950.0
2017-08-16,199.9998,201.933125,196.16647,199.933127,4312.0
2017-08-17,199.333134,199.333134,195.666471,195.666471,28047.0
2017-08-18,195.999804,196.66647,193.33314,193.33314,311256.0
2017-08-22,193.33314,197.999802,191.366469,191.366469,299041.0
2017-08-23,191.666475,195.999804,190.666476,195.999804,619.0
2017-08-24,191.433135,195.999804,191.433135,193.33314,36738.0
2017-08-25,193.33314,195.333138,193.33314,193.33314,28887.0
2017-08-28,194.666472,195.199798,193.033134,193.33314,7251.0
2017-08-29,193.399813,196.566477,193.399813,193.999806,17667.0
2017-08-30,194.333139,197.333136,193.999806,195.966477,1408.0
2017-08-31,194.399812,199.9998,193.999806,199.9998,39886.0
2017-09-04,199.9998,201.333132,195.333138,199.9998,235141.0
2017-09-05,202.633137,202.633137,199.9998,199.9998,49239.0
2017-09-06,200.333133,202.333131,199.9998,201.333132,38263.0
2017-09-07,199.9998,202.666464,199.9998,201.933125,38457.0
2017-09-08,200.533126,202.599791,200.533126,200.699793,23335.0
2017-09-11,201.033126,203.33313,200.999799,203.33313,18730.0
2017-09-12,203.33313,210.666456,203.33313,207.333126,85015.0
2017-09-13,209.99979,209.99979,206.66646,206.766453,19389.0
2017-09-14,208.666458,209.266451,206.866453,206.999793,20070.0
2017-09-15,208.666458,209.63313,207.066466,208.666458,76704.0
2017-09-18,209.899797,209.899797,199.9998,199.9998,260449.0
2017-09-19,205.266455,205.266455,195.966477,195.966477,97044.0
2017-09-20,199.9998,199.9998,194.733145,198.566475,835.0
2017-09-21,199.266461,199.9998,195.399811,195.666471,8472.0
2017-09-25,199.666467,199.666467,195.333138,196.66647,9550.0
2017-09-26,196.66647,197.333136,195.366465,195.999804,12870.0
2017-09-27,195.333138,195.333138,193.33314,193.33314,20926.0
2017-09-28,191.999808,195.999804,188.133152,193.33314,250519.0
2017-09-29,196.333137,196.333137,191.999808,193.33314,91399.0
2017-10-02,194.666472,195.999804,193.33314,194.133146,1165.0
2017-10-03,194.399812,195.866464,193.46648,195.866464,11658.0
2017-10-04,196.66647,203.33313,195.366465,199.966473,60727.0
2017-10-05,199.9998,202.666464,197.066476,199.266461,23671.0
2017-10-06,197.999802,197.999802,195.999804,196.566477,49302.0
2017-10-09,195.999804,198.666468,194.799812,197.999802,435.0
2017-10-10,196.199797,199.199794,196.199797,197.999802,4509.0
2017-10-11,196.66647,197.666469,196.53313,197.666469,6862.0
2017-10-12,197.933129,197.933129,196.566477,197.666469,3001.0
2017-10-13,198.333135,198.333135,195.333138,197.333136,16074.0
2017-10-16,195.333138,195.333138,195.333138,195.333138,2250.0
2017-10-17,197.666469,197.666469,195.999804,196.66647,2082.0
2017-10-18,197.933129,199.333134,195.999804,195.999804,10336.0
2017-10-19,195.999804,195.999804,194.666472,195.533131,55302.0
2017-10-20,195.999804,195.999804,194.666472,194.666472,57894.0
2017-10-23,194.733145,194.733145,194.733145,194.733145,172.0
2017-10-24,195.333138,197.266463,195.333138,197.266463,26596.0
2017-10-25,195.399811,195.399811,195.066478,195.333138,37993.0
2017-10-26,195.399811,195.399811,195.166471,195.333138,9021.0
2017-10-27,195.199798,197.999802,195.166471,197.999802,32689.0
2017-10-30,195.699798,197.966475,195.699798,195.999804,1948.0
2017-10-31,195.799811,198.666468,195.799811,198.666468,56050.0
2017-11-01,198.666468,199.299807,198.666468,199.299807,6762.0
2017-11-02,199.299807,199.933127,197.333136,197.366463,6646.0
2017-11-03,197.366463,202.666464,197.366463,202.533124,39067.0
2017-11-07,202.499797,202.499797,200.466473,200.666466,22125.0
2017-11-08,200.466473,200.733139,200.333133,200.666466,7269.0
2017-11-09,199.9998,201.999798,199.9998,201.999798,3930.0
2017-11-10,201.999798,203.733136,200.799806,203.33313,260982.0
2017-11-13,203.866456,204.599789,202.133138,204.599789,5656.0
2017-11-14,207.999792,209.333124,205.999794,206.66646,151186.0
2017-11-15,207.999792,207.999792,204.666462,204.699789,16546.0
2017-11-16,204.033123,204.033123,203.33313,203.999796,226521.0
2017-11-17,203.33313,203.33313,201.666465,202.599791,40477.0
2017-11-20,201.666465,202.333131,201.333132,202.333131,25344.0
2017-11-21,201.399805,203.33313,201.333132,203.33313,41434.0
2017-11-22,202.366458,203.166464,202.366458,202.599791,667.0
2017-11-23,202.633137,202.633137,202.033125,202.333131,9744.0
2017-11-24,202.266458,203.166464,202.266458,203.166464,6055.0
2017-11-27,202.099791,202.099791,202.066471,202.066471,571.0
2017-11-28,202.099791,204.666462,201.999798,203.33313,44916.0
2017-11-29,204.599789,204.599789,201.999798,201.999798,121783.0
2017-11-30,204.366456,204.366456,201.999798,202.666464,106675.0
2017-12-04,200.333133,201.333132,198.666468,199.9998,18892.0
2017-12-05,200.099793,200.099793,200.066473,200.066473,127.0
2017-12-06,200.466473,200.466473,198.666468,199.9998,13470.0
2017-12-07,202.666464,202.666464,199.9998,199.9998,7005.0
2017-12-08,199.9998,199.9998,198.666468,198.666468,3430.0
2017-12-11,198.666468,199.966473,196.66647,196.66647,21643.0
2017-12-12,196.733143,199.299807,196.66647,199.299807,49458.0
2017-12-13,198.666468,198.933128,198.666468,198.666468,2695.0
2017-12-14,198.666468,198.933128,197.999802,197.999802,4299.0
2017-12-15,198.066475,198.066475,194.666472,194.666472,43398.0
2017-12-18,196.66647,196.66647,194.666472,195.999804,6615.0
2017-12-19,195.333138,195.333138,194.666472,194.666472,975.0
2017-12-20,194.666472,197.333136,193.33314,193.33314,7711.0
2017-12-21,194.666472,194.666472,193.33314,193.33314,211116.0
2017-12-22,191.033136,192.666474,187.333146,189.99981,77037.0
2017-12-25,191.333142,194.666472,191.333142,194.666472,7357.0
2017-12-26,193.33314,193.33314,191.999808,193.33314,123712.0
2017-12-27,193.999806,194.666472,192.333141,192.333141,34756.0
2017-12-28,192.666474,193.666473,192.199801,193.33314,23308.0
2017-12-29,193.33314,196.66647,190.666476,196.66647,146976.0
2018-01-02,196.66647,199.333134,191.999808,191.999808,3375.0
2018-01-03,199.266461,199.266461,193.999806,198.533128,6169.0
2018-01-04,198.366462,198.666468,196.733143,197.333136,8062.0
2018-01-05,197.299809,199.333134,195.333138,199.333134,5227.0
2018-01-08,199.833133,199.9998,195.799811,199.9998,23119.0
2018-01-09,196.133144,199.9998,196.133144,199.333134,526.0
2018-01-10,199.966473,200.666466,199.966473,199.9998,232.0
2018-01-12,199.9998,202.533124,197.599796,202.533124,13396.0
2018-01-15,202.533124,206.66646,202.533124,202.733137,22902.0
2018-01-16,203.33313,205.333128,203.33313,203.999796,10665.0
2018-01-17,203.33313,203.46647,199.9998,199.9998,25032.0
2018-01-18,199.9998,199.9998,199.933127,199.933127,2208.0
2018-01-19,199.9998,202.666464,199.9998,202.666464,15538.0
2018-01-22,200.033127,202.599791,200.033127,202.599791,4539.0
2018-01-23,200.666466,200.699793,199.333134,199.333134,8875.0
2018-01-24,200.333133,200.666466,199.9998,200.666466,2097.0
2018-01-25,200.066473,203.266457,200.066473,203.266457,11773.0
2018-01-26,201.133139,202.666464,201.133139,201.999798,22872.0
2018-01-29,201.333132,202.999797,201.233139,201.233139,9975.0
2018-01-30,201.333132,201.333132,200.066473,200.666466,11517.0
2018-01-31,200.733139,202.599791,200.399806,202.599791,2418.0
2018-02-01,200.799806,201.333132,200.666466,200.666466,33159.0
2018-02-02,200.733139,202.333131,200.666466,202.333131,17958.0
2018-02-05,200.733139,201.066472,200.733139,201.066472,10159.0
2018-02-06,202.633137,202.633137,200.666466,200.666466,18859.0
2018-02-07,200.599793,201.999798,200.599793,200.666466,79887.0
2018-02-08,202.599791,202.599791,200.666466,201.333132,6412.0
2018-02-09,200.766459,200.999799,200.333133,200.333133,52228.0
2018-02-12,200.666466,200.666466,198.999801,198.999801,3778.0
2018-02-13,198.999801,200.26646,198.966474,199.9998,14611.0
2018-02-14,199.9998,199.9998,199.133141,199.133141,13441.0
2018-02-15,199.86646,199.9998,199.199794,199.9998,31405.0
2018-02-16,199.9998,200.666466,199.9998,200.333133,39034.0
2018-02-19,200.666466,200.666466,199.9998,200.333133,18802.0
2018-02-20,196.66647,196.66647,187.333146,191.333142,70015.0
2018-02-21,192.666474,194.599799,191.999808,192.999807,48000.0
2018-02-22,192.999807,194.333139,192.066481,193.33314,14325.0
2018-02-23,193.33314,193.33314,191.333142,193.33314,42006.0
2018-02-26,191.366469,191.999808,191.333142,191.366469,6151.0
2018-02-27,191.999808,193.266467,191.366469,193.1998,119563.0
2018-02-28,194.633145,198.666468,193.33314,198.666468,183388.0
2018-03-01,195.433131,198.666468,193.33314,197.333136,57051.0
2018-03-02,197.333136,199.333134,197.299809,198.999801,100213.0
2018-03-05,198.666468,198.666468,195.333138,195.333138,874.0
2018-03-06,197.333136,199.333134,195.999804,196.066477,39792.0
2018-03-07,198.666468,198.666468,195.999804,198.666468,36055.0
2018-03-08,198.599795,198.666468,197.333136,198.633141,24967.0
2018-03-09,198.633141,198.666468,197.533129,198.666468,24907.0
2018-03-12,198.666468,199.199794,197.333136,197.333136,14557.0
2018-03-13,198.999801,203.266457,198.999801,202.599791,26556.0
2018-03-14,203.299803,204.933122,203.166464,203.166464,30042.0
2018-03-15,203.09979,204.599789,202.199791,203.999796,3255.0
2018-03-16,203.33313,203.33313,201.333132,202.666464,25468.0
2018-03-19,199.9998,199.9998,197.03313,197.03313,24078.0
2018-03-20,197.666469,197.666469,195.333138,195.333138,12970.0
2018-03-21,197.666469,198.666468,193.33314,193.33314,19371.0
2018-03-22,194.666472,194.666472,193.33314,193.33314,442.0
2018-03-23,193.033134,196.333137,193.033134,196.333137,1420.0
2018-03-26,194.666472,194.666472,189.99981,191.666475,31869.0
2018-03-27,192.066481,192.066481,190.199803,191.866468,132516.0
2018-03-28,191.333142,193.999806,191.333142,193.999806,399.0
2018-03-29,193.966479,193.999806,193.966479,193.999806,17239.0
2018-03-30,193.999806,197.999802,193.33314,197.999802,28366.0
2018-04-02,192.666474,197.999802,192.666474,197.666469,22383.0
2018-04-03,197.666469,197.666469,190.333143,190.333143,15723.0
2018-04-04,193.33314,194.666472,193.299813,194.666472,12393.0
2018-04-05,195.666471,195.666471,191.333142,191.333142,5092.0
2018-04-06,191.399815,194.666472,191.333142,193.33314,18607.0
2018-04-09,192.666474,193.999806,191.333142,193.33314,262.0
2018-04-10,193.666473,194.533132,191.999808,191.999808,12055.0
2018-04-11,194.333139,194.333139,191.999808,191.999808,696.0
2018-04-12,191.999808,195.133145,191.433135,195.133145,3144.0
2018-04-13,193.999806,194.999805,191.666475,194.999805,5299.0
2018-04-16,191.533135,191.699802,191.499808,191.666475,2107.0
2018-04-17,193.399813,193.399813,193.399813,193.399813,1626.0
2018-04-18,193.33314,193.33314,192.066481,193.33314,2671.0
2018-04-19,192.499807,193.33314,192.499807,193.33314,1924.0
2018-04-20,193.33314,193.33314,192.099801,192.099801,3976.0
2018-04-23,192.133148,192.333141,192.099801,192.133148,34.0
2018-04-24,192.133148,193.33314,192.099801,193.33314,1381.0
2018-04-25,192.133148,192.233148,192.099801,192.166475,15526.0
2018-04-26,192.666474,193.33314,192.666474,192.666474,15718.0
2018-04-27,193.33314,193.33314,191.999808,191.999808,40666.0
2018-04-30,192.133148,192.666474,190.333143,190.333143,114079.0
2018-05-02,193.933133,193.933133,190.699803,193.666473,4935.0
2018-05-03,193.33314,194.666472,191.999808,191.999808,1851.0
2018-05-04,193.33314,194.666472,193.33314,194.666472,3007.0
2018-05-07,192.099801,195.266465,192.099801,195.266465,307.0
2018-05-08,195.266465,195.333138,190.466483,190.466483,7911.0
2018-05-09,194.666472,194.666472,191.999808,191.999808,60048.0
2018-05-10,190.999809,190.999809,190.733149,190.733149,9853.0
2018-05-11,193.233147,193.233147,190.799816,190.799816,18145.0
2018-05-14,191.333142,191.333142,190.533136,190.533136,1020.0
2018-05-15,190.866469,190.866469,188.666478,188.666478,11023.0
2018-05-16,188.666478,188.666478,184.066489,184.066489,18171.0
2018-05-17,183.999816,188.999811,183.999816,184.099809,6459.0
2018-05-18,184.133156,184.166482,182.666484,182.666484,106470.0
2018-05-21,182.666484,182.666484,180.733159,181.333152,6265.0
2018-05-22,181.333152,183.866476,180.666486,180.666486,27918.0
2018-05-23,183.299823,183.299823,179.99982,180.033147,9175.0
2018-05-24,180.033147,180.666486,179.99982,179.99982,3780.0
2018-05-28,183.999816,183.999816,183.999816,183.999816,1.0
2018-05-29,181.999818,181.999818,180.666486,180.666486,1839.0
2018-05-30,183.299823,183.299823,180.666486,180.666486,5773.0
2018-05-31,180.666486,183.33315,180.666486,183.266477,60288.0
2018-06-01,183.33315,188.333145,183.33315,185.999814,24102.0
2018-06-04,185.333148,188.999811,183.999816,183.999816,13480.0
2018-06-05,185.333148,185.333148,185.333148,185.333148,7500.0
2018-06-06,187.999812,187.999812,185.666481,185.766474,9349.0
2018-06-07,187.333146,193.33314,187.333146,193.33314,21723.0
2018-06-08,194.666472,196.66647,192.999807,192.999807,387016.0
2018-06-11,188.999811,188.999811,183.999816,183.999816,381501.0
2018-06-12,187.299819,187.299819,181.999818,181.999818,22164.0
2018-06-13,182.666484,182.666484,182.666484,182.666484,3.0
2018-06-14,182.666484,182.666484,180.699813,181.999818,19720.0
2018-06-18,181.333152,185.299821,180.866479,185.299821,5311.0
2018-06-19,183.33315,183.666483,183.33315,183.33315,4728.0
2018-06-20,183.33315,183.33315,181.333152,181.333152,74023.0
2018-06-21,180.666486,181.333152,180.666486,180.666486,876.0
2018-06-22,185.299821,185.299821,180.666486,180.666486,4521.0
2018-06-25,182.666484,182.666484,182.666484,182.666484,283.0
2018-06-26,182.666484,182.666484,179.99982,182.333151,312360.0
2018-06-27,180.666486,180.733159,180.333153,180.333153,264373.0
2018-06-28,180.26648,183.33315,179.99982,180.999819,247810.0
2018-06-29,181.933145,181.933145,179.399827,179.99982,35986.0
2018-07-02,181.333152,187.999812,179.99982,179.99982,4521.0
2018-07-03,181.333152,181.333152,173.33316,173.33316,39409.0
2018-07-04,173.366487,175.699818,173.366487,173.4665,7882.0
2018-07-05,174.0,185.89999,173.0,180.0,1999.0
2018-07-06,180.0,180.0,173.0,173.0,10730.0
2018-07-09,174.60001,175.75,174.0,175.75,4428.0
2018-07-10,176.5,182.0,176.0,181.95,670.0
2018-07-11,176.0,176.0,173.3,176.0,10961.0
2018-07-12,173.0,177.10001,172.0,175.0,14518.0
2018-07-13,175.0,175.0,170.0,170.0,1411.0
2018-07-16,175.89999,175.89999,175.89999,175.89999,2.0
2018-07-17,175.0,175.0,170.0,170.0,986.0
2018-07-18,170.0,170.0,170.0,170.0,3408.0
2018-07-19,170.0,170.0,161.05,161.05,1258.0
2018-07-20,167.5,172.89999,162.10001,172.89999,12524.0
2018-07-23,172.60001,172.95,165.0,172.0,427.0
2018-07-24,171.0,171.95,169.0,169.0,9650.0
2018-07-25,170.0,172.3,170.0,170.0,22820.0
2018-07-26,174.95,174.95,168.0,168.0,4318.0
2018-07-27,172.89999,173.0,170.10001,173.0,20544.0
2018-07-31,173.05,173.8,172.0,172.0,30086.0
2018-08-01,172.10001,172.14999,172.10001,172.10001,344.0
2018-08-02,177.95,177.95,172.14999,173.0,6105.0
2018-08-03,173.0,175.0,172.60001,173.0,26215.0
2018-08-06,173.0,173.0,172.55,172.55,605.0
2018-08-07,175.45,175.45,172.55,174.5,505.0
2018-08-08,173.5,174.55,173.5,174.5,728.0
2018-08-09,172.64999,174.0,172.64999,174.0,2712.0
2018-08-10,174.0,176.0,172.75,174.0,4678.0
2018-08-13,172.85001,178.0,172.85001,174.0,1982.0
2018-08-15,179.0,179.0,179.0,179.0,50.0
2018-08-16,179.0,179.0,178.85001,179.0,623.0
2018-08-17,177.0,178.5,176.95,178.0,1416.0
2018-08-24,173.5,173.5,173.5,173.5,596.0
2018-08-27,179.5,179.5,173.5,173.5,4977.0
2018-08-28,178.5,178.5,174.0,177.95,15200.0
2018-08-30,174.0,175.7,173.64999,173.64999,36716.0
2018-08-31,173.64999,174.0,173.64999,174.0,36900.0
2018-09-03,173.0,174.39999,171.0,171.60001,4870.0
2018-09-04,175.95,175.95,170.0,170.0,8712.0
2018-09-05,170.0,173.45,170.0,170.0,14758.0
2018-09-06,170.0,170.10001,168.05,170.0,86836.0
2018-09-07,169.95,172.0,165.0,165.0,29910.0
2018-09-10,170.0,170.0,170.0,170.0,100.0
2018-09-12,165.05,170.0,165.0,170.0,666.0
2018-09-13,165.3,170.89999,165.0,170.0,31513.0
2018-09-14,170.05,171.10001,170.05,171.10001,35502.0
2018-09-17,171.10001,173.0,170.5,173.0,3185.0
2018-09-18,171.10001,176.75,171.05,175.0,56011.0
2018-09-19,175.0,176.5,175.0,175.0,8126.0
2018-09-20,175.0,177.0,175.0,176.0,3666.0
2018-09-21,172.89999,172.89999,166.5,168.0,54134.0
2018-09-24,168.2,171.95,168.0,168.0,13628.0
2018-09-25,171.7,171.75,168.0,170.0,2231.0
2018-09-26,170.0,170.0,170.0,170.0,1199.0
2018-09-27,171.75,172.0,167.14999,170.0,32004.0
2018-09-28,169.0,170.0,169.0,170.0,103000.0
2018-10-01,170.0,170.0,169.0,169.0,1335.0
2018-10-02,167.75,174.0,167.75,174.0,6765.0
2018-10-03,174.85001,174.85001,170.39999,174.64999,163.0
2018-10-05,170.7,172.0,170.0,170.0,16565.0
2018-10-09,174.55,174.55,170.0,171.95,453.0
2018-10-10,171.95,171.95,171.0,171.0,6208.0
2018-10-11,171.0,171.0,169.0,169.0,230.0
2018-10-12,170.0,170.0,170.0,170.0,56915.0
2018-10-15,169.5,169.5,167.0,168.10001,3938.0
2018-10-16,168.2,170.5,168.2,170.5,15922.0
2018-10-17,171.39999,171.39999,171.39999,171.39999,140.0
2018-10-18,170.0,170.0,167.25,167.25,4129.0
2018-10-19,167.45,170.0,167.45,168.0,15207.0
2018-10-22,168.05,168.10001,168.0,168.10001,14837.0
2018-10-23,170.0,170.0,168.14999,170.0,30458.0
2018-10-24,169.0,169.0,169.0,169.0,7575.0
2018-10-25,170.0,170.0,167.14999,167.14999,1724.0
2018-10-26,167.2,169.0,166.75,169.0,12094.0
2018-10-29,167.10001,169.0,167.10001,169.0,286.0
2018-10-30,167.0,167.0,163.0,163.3,5076.0
2018-10-31,161.0,167.0,161.0,167.0,41779.0
2018-11-01,161.2,166.89999,161.2,166.89999,12.0
2018-11-02,165.0,167.0,163.5,165.0,229554.0
2018-11-05,166.0,166.0,165.0,165.0,2001.0
2018-11-07,163.05,163.05,163.05,163.05,2046.0
2018-11-08,165.89999,165.89999,162.5,163.05,14439.0
2018-11-09,164.0,168.89999,163.0,166.0,40620.0
2018-11-12,168.95,168.95,168.0,168.0,21.0
2018-11-13,165.0,166.89999,164.0,166.89999,11090.0
2018-11-14,166.45,166.45,166.45,166.45,155566.0
2018-11-15,166.7,166.7,166.7,166.7,668.0
2018-11-16,165.0,165.0,165.0,165.0,22058.0
2018-11-19,165.0,168.5,165.0,168.5,3069.0
2018-11-22,165.10001,165.10001,163.39999,163.55,3358.0
2018-11-23,163.55,164.0,163.39999,163.39999,400.0
2018-11-26,168.89999,168.89999,163.05,163.05,17031.0
2018-11-27,167.89999,167.89999,163.45,163.55,6677.0
2018-11-28,166.0,166.0,165.5,165.5,97.0
2018-11-29,165.5,165.5,163.89999,164.14999,21668.0
2018-11-30,168.0,168.89999,164.2,168.0,71965.0
2018-12-03,165.05,167.95,165.05,165.25,488105.0
2018-12-04,166.55,168.0,166.55,168.0,10503.0
2018-12-05,168.85001,172.8,168.0,171.05,49200.0
2018-12-06,171.10001,172.0,171.10001,172.0,45700.0
2018-12-07,172.7,172.7,170.0,170.0,22726.0
2018-12-10,171.0,171.0,171.0,171.0,2.0
2018-12-11,170.0,171.8,170.0,171.8,97838.0
2018-12-12,172.0,172.0,171.0,171.0,29128.0
2018-12-13,171.89999,172.0,168.55,171.0,6956.0
2018-12-14,171.0,172.0,171.0,171.5,34210.0
2018-12-17,171.5,171.5,171.5,171.5,5000.0
2018-12-18,171.0,172.0,171.0,172.0,9055.0
2018-12-19,172.95,172.95,171.3,171.35001,2434.0
2018-12-20,171.35001,173.89999,171.35001,172.10001,426837.0
2018-12-21,172.10001,174.0,172.0,174.0,55663.0
2018-12-24,174.0,174.0,172.5,172.5,159452.0
2018-12-25,173.0,173.0,172.10001,172.95,38537.0
2018-12-26,172.95,174.0,172.95,174.0,34353.0
2018-12-27,174.0,175.89999,173.75,175.89999,209809.0
2018-12-28,174.05,175.0,174.05,175.0,58092.0
2018-12-31,175.0,175.89999,174.0,174.5,535960.0
2019-01-02,175.0,175.0,173.2,174.85001,2668.0
2019-01-03,173.2,173.2,172.95,173.0,9175.0
2019-01-04,172.25,172.25,170.0,170.2,47895.0
2019-01-07,168.5,168.5,168.0,168.0,25000.0
2019-01-08,170.0,172.2,169.5,169.5,660.0
2019-01-10,169.55,169.55,168.0,168.0,56911.0
2019-01-14,167.0,172.0,167.0,168.0,37654.0
2019-01-15,166.7,170.0,166.7,168.0,42032.0
2019-01-16,170.0,170.0,168.0,170.0,110.0
2019-01-17,171.0,171.0,167.05,167.05,2.0
2019-01-18,170.0,170.0,168.0,168.0,101186.0
2019-01-21,169.0,169.0,169.0,169.0,19000.0
2019-01-22,167.05,171.89999,167.05,171.89999,3193.0
2019-01-23,172.0,172.0,167.10001,167.10001,9568.0
2019-01-24,169.0,171.89999,169.0,171.89999,79736.0
2019-01-25,169.2,172.0,169.2,172.0,16858.0
2019-01-28,170.0,170.0,170.0,170.0,40.0
2019-01-29,172.39999,172.39999,172.0,172.0,18021.0
2019-01-30,172.0,174.05,172.0,174.05,10518.0
2019-01-31,174.8,174.8,172.10001,172.10001,42799.0
2019-02-01,172.10001,174.0,172.10001,172.5,19472.0
2019-02-04,173.89999,173.89999,172.35001,172.5,569.0
2019-02-05,172.5,172.5,172.5,172.5,6670.0
2019-02-06,173.0,174.89999,173.0,174.89999,7259.0
2019-02-07,172.0,174.75,172.0,173.05,27305.0
2019-02-08,173.5,174.7,173.5,174.7,12980.0
2019-02-11,174.7,174.7,173.55,173.60001,14940.0
2019-02-12,173.60001,175.5,173.55,175.5,11004.0
2019-02-13,176.89999,177.0,175.5,175.5,11058.0
2019-02-14,176.0,176.05,176.0,176.05,471.0
2019-02-15,176.89999,177.0,174.35001,174.35001,18150.0
2019-02-18,177.0,177.0,177.0,177.0,1.0
2019-02-19,173.7,179.64999,173.60001,179.64999,4785.0
2019-02-20,174.5,174.5,174.5,174.5,55.0
2019-02-21,173.95,174.55,173.95,174.55,10010.0
2019-02-22,174.55,175.0,174.55,175.0,14030.0
2019-02-25,178.89999,178.89999,175.0,175.0,306.0
2019-02-26,174.5,174.5,174.5,174.5,130338.0
2019-02-27,174.5,174.5,174.5,174.5,2.0
2019-02-28,174.0,174.0,172.45,172.45,14018.0
2019-03-01,173.0,173.5,173.0,173.5,20977.0
2019-03-04,174.0,174.0,174.0,174.0,1.0
2019-03-05,173.5,175.5,173.5,175.5,6325.0
2019-03-06,175.39999,175.39999,175.39999,175.39999,100.0
2019-03-07,173.0,173.0,173.0,173.0,1198.0
2019-03-08,174.0,174.0,171.0,173.0,31175.0
2019-03-11,171.0,173.0,171.0,173.0,20020.0
2019-03-12,173.0,175.0,173.0,175.0,3050.0
2019-03-13,174.95,174.95,174.10001,174.10001,21029.0
2019-03-14,172.14999,172.14999,172.0,172.0,115463.0
2019-03-15,172.0,172.0,172.0,172.0,68540.0
2019-03-18,171.05,171.05,171.05,171.05,1695.0
2019-03-19,171.05,172.0,171.0,172.0,4222.0
2019-03-20,172.0,174.0,171.0,171.0,37449.0
2019-03-21,168.3,172.0,168.3,172.0,15452.0
2019-03-22,174.89999,181.2,174.89999,181.2,135801.0
2019-03-25,180.0,180.0,178.0,178.0,6029.0
2019-03-26,173.0,174.35001,173.0,174.35001,5494.0
2019-03-27,175.05,175.05,174.35001,174.35001,2320.0
2019-03-28,177.5,180.0,177.5,180.0,42283.0
2019-03-29,176.10001,177.5,176.10001,177.5,16093.0
2019-04-01,180.0,180.0,177.55,180.0,765.0
2019-04-02,177.64999,179.8,177.64999,179.8,690.0
2019-04-03,177.64999,177.64999,174.64999,174.64999,1410.0
2019-04-04,175.60001,175.64999,175.60001,175.60001,4385.0
2019-04-05,175.60001,176.0,174.35001,176.0,6219.0
2019-04-08,180.5,180.5,180.5,180.5,346.0
2019-04-09,177.10001,180.39999,177.10001,177.60001,8865.0
2019-04-10,180.0,180.5,179.95,180.5,28294.0
2019-04-11,180.5,184.0,178.60001,184.0,21718.0
2019-04-12,182.95,183.0,182.0,183.0,66848.0
2019-04-15,182.0,183.0,182.0,183.0,517.0
2019-04-16,183.0,185.0,183.0,185.0,13150.0
2019-04-17,185.0,189.7,185.0,186.05,19557.0
2019-04-18,185.75,189.7,185.75,187.0,16764.0
2019-04-19,187.0,189.7,186.14999,187.10001,68435.0
2019-04-22,187.0,187.95,187.0,187.95,4626.0
2019-04-23,187.95,189.0,185.0,189.0,57862.0
2019-04-24,189.0,190.0,185.2,190.0,6007.0
2019-04-25,191.39999,191.39999,187.0,189.95,21.0
2019-04-26,189.0,194.95,187.0,192.5,78047.0
2019-04-29,192.5,194.7,192.5,194.0,3070.0
2019-04-30,188.3,193.0,188.0,188.0,11570.0
2019-05-02,188.0,191.95,186.64999,188.0,7359.0
2019-05-03,190.8,191.0,187.05,190.0,1126.0
2019-05-06,188.05,188.05,188.05,188.05,450.0
2019-05-07,189.89999,191.05,189.89999,191.05,3026.0
2019-05-08,191.0,191.8,191.0,191.8,7694.0
2019-05-09,190.25,191.0,190.25,191.0,15046.0
2019-05-10,191.0,192.0,191.0,192.0,1460.0
2019-05-13,191.10001,191.10001,190.05,190.05,11432.0
2019-05-14,193.5,193.5,193.45,193.45,1501.0
2019-05-15,193.45,194.8,193.45,194.8,36373.0
2019-05-16,194.8,196.05,194.0,196.0,21354.0
2019-05-17,194.0,197.0,194.0,194.5,26291.0
2019-05-20,196.0,197.0,194.0,197.0,2794.0
2019-05-21,196.0,196.0,192.05,192.25,12379.0
2019-05-22,192.25,193.0,192.25,193.0,38.0
2019-05-23,189.05,193.0,189.05,192.5,6548.0
2019-05-24,192.3,192.3,192.0,192.0,9760.0
2019-05-27,186.35001,186.35001,186.35001,186.35001,1.0
2019-05-28,187.5,193.5,187.14999,193.5,40570.0
2019-05-29,193.5,193.5,191.0,191.0,46103.0
2019-05-30,191.0,191.0,191.0,191.0,3762.0
2019-05-31,190.0,194.0,188.45,191.0,6548.0
2019-06-03,190.05,190.05,190.05,190.05,1131.0
2019-06-04,192.39999,193.89999,190.14999,190.14999,1776.0
2019-06-10,189.14999,189.14999,189.14999,189.14999,764.0
2019-06-11,189.5,192.5,189.5,192.5,3260.0
2019-06-13,190.05,190.2,190.0,190.2,918.0
2019-06-14,190.0,194.0,190.0,194.0,8382.0
2019-06-17,194.7,199.0,194.7,197.0,178690.0
2019-06-18,197.0,197.0,197.0,197.0,3000.0
2019-06-19,197.0,201.0,197.0,201.0,40685.0
2019-06-20,202.0,202.0,198.14999,202.0,274078.0
2019-06-21,203.5,208.0,203.45,207.0,213880.0
2019-06-24,205.10001,206.8,202.0,202.0,41391.0
2019-06-25,200.10001,202.0,200.05,202.0,550965.0
2019-06-26,202.0,202.0,200.55,200.85001,19569.0
2019-06-27,201.89999,206.8,201.89999,206.8,92672.0
2019-06-28,204.2,205.0,202.10001,203.0,438356.0
2019-07-01,203.0,206.5,203.0,205.0,1797.0
2019-07-02,205.0,205.0,203.10001,203.10001,1902.0
2019-07-03,203.5,203.5,203.5,203.5,420.0
2019-07-04,190.10001,195.0,190.10001,195.0,2667.0
2019-07-05,192.0,192.3,191.25,192.3,18055.0
2019-07-08,193.0,193.0,192.0,193.0,1906.0
2019-07-09,192.14999,192.5,192.14999,192.5,1700.0
2019-07-10,193.5,193.5,193.5,193.5,1110.0
2019-07-11,193.5,193.5,192.2,192.2,801.0
2019-07-12,194.0,194.0,194.0,194.0,33.0
2019-07-15,194.0,195.0,194.0,195.0,15670.0
2019-07-16,196.0,202.5,196.0,196.5,91364.0
2019-07-17,200.0,206.0,200.0,205.60001,114822.0
2019-07-18,207.5,207.5,203.25,203.25,5517.0
2019-07-19,203.39999,207.39999,203.39999,204.0,50179.0
2019-07-22,204.0,204.0,203.0,203.0,549.0
2019-07-23,203.05,206.95,203.05,206.95,29959.0
2019-07-24,206.95,207.0,206.10001,207.0,8055.0
2019-07-25,208.0,212.5,208.0,211.0,86530.0
2019-07-26,211.5,212.5,208.0,211.0,21111.0
2019-07-29,210.0,211.89999,209.0,211.0,7684.0
2019-07-31,211.89999,212.0,209.0,212.0,26525.0
2019-08-01,212.0,212.0,210.0,211.0,6947.0
2019-08-02,210.0,212.5,210.0,212.0,76721.0
2019-08-05,211.0,212.45,211.0,212.0,880.0
2019-08-06,211.10001,211.10001,210.0,210.0,8287.0
2019-08-08,209.95,210.0,209.85001,209.85001,1010.0
2019-08-09,210.0,211.0,210.0,211.0,4318.0
2019-08-15,211.0,211.39999,210.0,211.39999,7290.0
2019-08-16,210.0,212.5,210.0,212.5,13960.0
2019-08-19,212.0,212.5,212.0,212.0,484.0
2019-08-22,211.0,212.0,211.0,212.0,4576.0
2019-08-23,212.0,212.55,212.0,212.0,13780.0
2019-08-26,212.0,214.0,212.0,213.14999,7697.0
2019-08-27,214.8,222.0,214.8,219.89999,29437.0
2019-08-28,220.95,224.0,219.0,221.0,522641.0
2019-08-29,221.0,223.64999,219.95,220.0,531646.0
2019-08-30,220.0,220.0,215.3,215.3,6953.0
2019-09-02,219.0,219.0,215.3,215.5,17324.0
2019-09-03,221.7,221.7,213.5,213.5,2.0
2019-09-04,214.10001,214.10001,210.0,210.0,7648.0
2019-09-05,211.3,217.0,211.3,217.0,15.0
2019-09-06,211.0,211.0,211.0,211.0,2568.0
2019-09-09,217.0,217.0,212.0,212.0,110.0
2019-09-10,217.0,217.0,215.0,215.0,2014.0
2019-09-11,212.7,213.0,212.7,213.0,1370.0
2019-09-12,213.0,213.0,213.0,213.0,10.0
2019-09-13,213.0,213.5,211.05,211.05,7199.0
2019-09-16,215.0,215.0,210.0,210.0,3572.0
2019-09-17,210.0,212.0,210.0,211.85001,8641.0
2019-09-18,210.0,210.10001,210.0,210.0,10622.0
2019-09-19,204.85001,205.10001,199.0,205.10001,58941.0
2019-09-20,204.0,208.0,200.60001,206.10001,52570.0
2019-09-23,203.0,209.5,203.0,209.5,110.0
2019-09-24,204.05,210.0,204.05,210.0,22382.0
2019-09-25,205.0,206.0,205.0,206.0,60.0
2019-09-26,206.05,206.05,204.3,204.3,1738.0
2019-09-27,204.5,210.0,204.0,208.2,25243.0
2019-09-30,204.0,210.0,203.5,210.0,5075.0
2019-10-01,209.0,209.0,205.0,206.2,503244.0
2019-10-02,206.2,207.0,206.2,207.0,103968.0
2019-10-03,206.0,206.0,206.0,206.0,2872.0
2019-10-04,206.5,208.0,204.0,208.0,16308.0
2019-10-07,208.0,208.0,208.0,208.0,37603.0
2019-10-08,206.10001,206.3,206.10001,206.3,570.0
2019-10-09,206.5,206.75,206.5,206.75,3015.0
2019-10-10,206.75,206.75,204.2,204.5,2186.0
2019-10-11,205.0,208.0,205.0,207.05,29245.0
2019-10-14,208.0,208.0,207.0,207.0,13883.0
2019-10-15,207.2,207.2,204.05,206.0,13891.0
2019-10-16,204.2,209.89999,204.2,209.89999,400.0
2019-10-17,205.0,205.0,205.0,205.0,269.0
2019-10-18,206.0,208.5,206.0,208.5,3140.0
2019-10-21,209.0,209.0,204.10001,206.05,7394.0
2019-10-22,206.05,209.0,206.0,209.0,3807.0
2019-10-23,207.0,207.5,206.3,207.0,197926.0
2019-10-24,207.0,209.0,207.0,209.0,2006.0
2019-10-25,205.0,207.89999,204.64999,207.45,35450.0
2019-10-28,205.0,208.0,204.5,208.0,381.0
2019-10-29,205.55,207.0,205.55,207.0,3467.0
2019-10-30,206.0,206.0,206.0,206.0,995.0
2019-10-31,204.5,206.55,204.5,206.55,1146.0
2019-11-01,207.0,207.0,206.05,207.0,11370.0
2019-11-04,206.14999,208.89999,206.14999,208.89999,72.0
2019-11-05,206.10001,207.5,206.10001,207.05,5830.0
2019-11-07,208.0,210.0,207.64999,210.0,2539.0
2019-11-08,207.55,210.5,207.55,210.5,9755.0
2019-11-12,210.0,210.05,210.0,210.05,62.0
2019-11-13,210.05,212.0,210.0,212.0,150031.0
2019-11-14,212.0,212.0,212.0,212.0,18566.0
2019-11-15,212.0,213.35001,211.25,211.25,2158.0
2019-11-20,211.3,212.55,211.3,212.55,1444.0
2019-11-21,212.60001,217.0,212.0,216.89999,2674.0
2019-11-22,216.5,219.7,216.5,216.5,33647.0
2019-11-25,219.0,219.0,219.0,219.0,23.0
2019-11-26,218.0,218.0,216.60001,216.60001,56299.0
2019-11-27,217.0,219.0,217.0,219.0,10096.0
2019-11-28,219.0,219.0,216.55,218.0,8030.0
2019-11-29,218.0,219.0,216.10001,216.10001,130116.0
2019-12-02,216.3,216.3,216.3,216.3,140.0
2019-12-03,217.0,217.0,213.0,213.5,4578.0
2019-12-04,215.0,215.0,215.0,215.0,35.0
2019-12-05,215.0,215.0,214.0,214.0,50005.0
2019-12-06,214.0,214.0,211.0,211.5,99721.0
2019-12-09,211.64999,211.64999,211.5,211.5,9606.0
2019-12-10,212.5,217.85001,212.5,215.05,6843.0
2019-12-11,215.10001,219.0,215.10001,219.0,37373.0
2019-12-12,215.3,217.0,215.2,217.0,3632.0
2019-12-13,217.0,219.0,217.0,219.0,12000.0
2019-12-16,219.5,220.0,218.0,220.0,29045.0
2019-12-17,220.0,221.3,219.0,221.3,79089.0
2019-12-18,217.64999,221.5,217.64999,221.5,4414.0
2019-12-19,220.0,224.0,220.0,223.95,25197.0
2019-12-20,221.2,224.0,220.14999,224.0,32446.0
2019-12-23,224.0,224.0,220.0,224.0,17151.0
2019-12-24,222.0,222.0,220.0,220.0,40257.0
2019-12-25,220.0,222.0,218.0,218.0,308055.0
2019-12-26,221.0,221.0,215.0,215.0,22048.0
2019-12-27,216.0,217.0,216.0,216.0,29825.0
2019-12-30,219.0,219.0,212.5,219.0,7031.0
2019-12-31,215.0,218.89999,215.0,218.89999,86723.0
2020-01-02,218.89999,219.0,218.89999,219.0,6604.0
2020-01-03,218.89999,219.0,218.89999,219.0,5588.0
2020-01-06,218.5,218.5,218.5,218.5,17944.0
2020-01-07,219.0,219.0,219.0,219.0,1700.0
2020-01-08,220.0,220.0,220.0,220.0,220.0
2020-01-09,220.0,227.0,220.0,224.0,71646.0
2020-01-10,226.89999,226.89999,221.14999,221.14999,45596.0
2020-01-13,221.25,221.25,221.25,221.25,1000.0
2020-01-14,224.95,224.95,221.35001,221.35001,7200.0
2020-01-15,223.95,223.95,221.35001,221.39999,8658.0
2020-01-16,223.95,223.95,223.95,223.95,5.0
2020-01-17,223.45,229.89999,223.35001,227.0,112002.0
2020-01-20,227.0,227.14999,226.25,227.14999,19118.0
2020-01-21,228.39999,228.5,227.10001,228.0,23335.0
2020-01-22,228.0,230.0,228.0,229.8,22294.0
2020-01-23,228.14999,229.95,224.0,224.0,95730.0
2020-01-24,224.0,225.5,224.0,225.5,86677.0
2020-01-27,223.0,224.89999,223.0,223.2,11826.0
2020-01-28,223.2,225.0,220.05,220.05,63496.0
2020-01-30,224.85001,224.85001,221.14999,221.14999,3035.0
2020-01-31,223.0,223.0,221.10001,221.10001,25022.0
2020-02-03,220.0,220.0,218.0,218.0,7417.0
2020-02-04,223.0,223.0,218.05,218.60001,17774.0
2020-02-05,219.0,219.0,218.75,218.75,1784.0
2020-02-06,218.75,218.75,218.0,218.0,5175.0
2020-02-07,218.8,218.8,215.0,216.10001,85806.0
2020-02-10,217.5,217.5,217.5,217.5,3385.0
2020-02-11,220.0,220.0,220.0,220.0,48.0
2020-02-12,220.0,220.0,217.0,217.5,2213.0
2020-02-13,218.0,220.5,218.0,219.0,100895.0
2020-02-14,219.0,220.0,218.10001,220.0,59339.0
2020-02-17,219.39999,224.0,219.39999,224.0,2911.0
2020-02-18,220.0,220.0,218.10001,218.10001,1000.0
2020-02-19,219.0,219.0,219.0,219.0,52.0
2020-02-20,218.5,219.05,218.10001,219.05,2732.0
2020-02-21,220.0,225.0,220.0,225.0,725958.0
2020-02-24,220.39999,224.0,220.39999,224.0,950.0
2020-02-25,223.3,225.5,221.05,224.0,30934.0
2020-02-26,222.0,224.0,222.0,222.05,5142.0
2020-02-27,220.0,222.0,219.5,222.0,13863.0
2020-02-28,223.0,223.0,220.0,220.0,128271.0
2020-03-02,216.0,216.0,216.0,216.0,6116.0
2020-03-03,215.2,216.95,211.14999,211.64999,31221.0
2020-03-04,211.60001,211.64999,208.0,208.0,59098.0
2020-03-05,207.0,207.0,202.0,205.5,148450.0
2020-03-06,206.5,206.5,195.0,195.0,82332.0
2020-03-09,192.0,192.0,182.0,188.05,222843.0
2020-03-10,188.05,205.0,188.05,201.0,175162.0
2020-03-11,208.0,208.95,200.0,201.0,123568.0
2020-03-12,195.0,195.0,181.0,182.0,174383.0
2020-03-13,182.0,182.5,175.0,180.0,160415.0
2020-03-16,180.0,180.0,162.05,162.05,198457.0
2020-03-17,163.0,167.0,155.8,155.8,493143.0
2020-03-18,156.0,156.0,149.60001,151.60001,99711.0
2020-03-19,157.0,157.64999,156.89999,157.64999,22130.0
2020-03-20,163.95,163.95,163.95,163.95,17194.0
2020-03-23,170.5,170.5,170.5,170.5,10.0
2020-03-24,177.3,177.3,177.3,177.3,23166.0
2020-03-25,184.3,184.3,172.0,173.14999,133921.0
2020-03-26,180.0,180.0,174.0,174.0,1356.0
2020-03-27,174.10001,178.0,174.0,178.0,930824.0
2020-03-30,172.10001,177.5,172.10001,176.0,35618.0
2020-03-31,176.0,176.0,175.0,175.0,34296.0
2020-04-01,175.0,176.0,175.0,175.0,54481.0
2020-04-02,175.0,177.0,175.0,177.0,36663.0
2020-04-03,175.0,175.5,175.0,175.0,22830.0
2020-04-06,175.0,175.05,173.0,175.05,11737.0
2020-04-07,175.0,176.0,172.0,172.0,128214.0
2020-04-08,175.14999,175.14999,174.0,174.89999,40553.0
2020-04-09,174.60001,174.60001,173.0,173.0,26461.0
2020-04-10,175.0,175.0,170.0,170.0,5706.0
2020-04-14,175.0,175.0,173.0,175.0,70655.0
2020-04-15,175.0,175.0,170.2,170.5,11016.0
2020-04-16,172.0,172.0,171.0,171.05,8716.0
2020-04-17,172.5,173.0,171.0,171.0,44001.0
2020-04-20,173.75,173.75,171.0,171.10001,3190.0
2020-04-21,174.8,174.8,171.05,171.05,13608.0
2020-04-22,172.89999,172.89999,172.0,172.0,220.0
2020-04-23,172.89999,172.89999,172.0,172.0,3078.0
2020-04-24,173.0,173.0,171.0,171.0,7402.0
2020-04-27,175.0,175.0,171.05,171.05,3884.0
2020-04-28,172.0,177.85001,172.0,177.85001,9869.0
2020-04-29,179.0,180.0,178.0,178.0,5314.0
2020-04-30,180.0,180.75,178.0,180.0,82923.0
2020-05-04,180.0,184.0,180.0,181.05,2171.0
2020-05-05,184.95,184.95,182.0,182.0,33338.0
2020-05-06,182.0,187.0,182.0,183.10001,65748.0
2020-05-07,186.5,186.7,185.5,185.5,4364.0
2020-05-08,186.0,187.0,181.0,181.0,19874.0
2020-05-11,181.5,185.95,181.5,185.95,1163.0
2020-05-12,184.85001,185.0,180.0,180.0,3261.0
2020-05-13,180.0,180.0,173.64999,178.89999,4741.0
2020-05-14,178.89999,180.0,178.89999,179.0,56458.0
2020-05-15,180.0,180.10001,179.0,180.0,39944.0
2020-05-18,180.0,182.89999,180.0,181.0,1853.0
2020-05-19,183.0,183.0,181.0,182.0,7638.0
2020-05-20,181.7,182.95,180.5,181.0,2275.0
2020-05-21,182.0,182.0,182.0,182.0,250.0
2020-05-22,181.60001,185.0,181.60001,185.0,6103.0
2020-05-26,185.0,192.35001,185.0,192.35001,25368.0
2020-05-27,195.0,195.0,192.35001,192.35001,44780.0
2020-05-28,194.0,194.0,187.0,187.0,1799.0
2020-05-29,190.0,192.0,186.0,186.0,34039.0
2020-06-01,191.45,191.45,188.0,188.0,96.0
2020-06-02,191.0,191.0,188.0,188.5,41509.0
2020-06-03,188.2,193.0,188.2,191.5,56653.0
2020-06-04,194.85001,195.0,194.0,194.89999,21501.0
2020-06-05,194.95,194.95,191.10001,191.10001,25587.0
2020-06-08,192.0,194.95,192.0,193.0,35955.0
2020-06-09,192.5,196.0,192.5,193.95,680.0
2020-06-10,194.95,194.95,194.0,194.0,42017.0
2020-06-11,194.0,194.0,190.05,190.25,3105.0
2020-06-12,190.2,190.2,187.5,187.5,18805.0
2020-06-15,190.0,190.0,188.0,188.0,4464.0
2020-06-16,189.10001,192.0,189.0,192.0,3089.0
2020-06-17,199.64999,199.64999,199.64999,199.64999,142560.0
2020-06-18,207.5,207.5,196.10001,198.8,244917.0
2020-06-19,203.8,203.8,198.8,202.0,15794.0
2020-06-22,202.0,202.0,198.10001,200.0,643447.0
2020-06-23,198.05,201.0,198.05,200.0,10666.0
2020-06-24,202.39999,202.39999,199.5,202.0,4414.0
2020-06-25,201.5,203.0,200.0,200.0,4709.0
2020-06-26,200.0,200.0,199.0,200.0,12051.0
2020-06-29,202.95,202.95,197.10001,197.10001,14590.0
2020-06-30,204.95,204.95,201.0,204.5,487445.0
2020-07-01,202.95,202.95,202.0,202.95,72.0
2020-07-02,202.0,202.0,201.05,201.05,3020.0
2020-07-03,201.05,204.75,201.0,204.75,1174.0
2020-07-06,202.0,202.0,201.0,201.0,8.0
2020-07-07,201.0,203.8,199.95,203.8,11583.0
2020-07-08,200.0,200.0,200.0,200.0,10.0
2020-07-09,200.10001,203.75,200.10001,201.10001,3413.0
2020-07-10,200.14999,201.0,200.0,200.0,62468.0
2020-07-13,203.0,203.0,198.10001,200.0,40671.0
2020-07-14,200.0,201.0,200.0,200.0,7013.0
2020-07-15,200.0,202.89999,200.0,201.05,21797.0
2020-07-16,201.05,201.05,201.05,201.05,5000.0
2020-07-20,200.0,200.0,197.0,200.0,60.0
2020-07-21,198.0,198.0,198.0,198.0,53892.0
2020-07-22,197.95,198.0,196.95,196.95,37906.0
2020-07-23,196.75,196.75,195.0,196.45,1219.0
2020-07-24,196.0,196.5,195.5,196.5,9404.0
2020-07-27,194.0,196.5,194.0,196.0,413.0
2020-07-28,195.0,195.89999,193.5,193.5,2630.0
2020-07-29,195.89999,196.0,193.5,193.5,9086.0
2020-08-03,194.5,194.5,191.14999,192.05,7527.0
2020-08-04,192.0,194.0,192.0,193.3,10808.0
2020-08-05,193.3,198.5,193.3,198.5,6003.0
2020-08-06,194.0,199.0,194.0,198.0,23280.0
2020-08-07,199.0,201.5,196.55,200.0,3255.0
2020-08-10,202.0,202.0,196.10001,201.89999,1345.0
2020-08-11,196.10001,201.60001,196.10001,197.05,26538.0
2020-08-12,200.0,200.0,199.0,199.0,101.0
2020-08-13,200.0,201.89999,200.0,201.89999,261.0
2020-08-17,200.0,200.0,197.0,200.0,69427.0
2020-08-18,201.89999,201.89999,196.5,200.14999,449888.0
2020-08-19,202.0,202.0,200.0,200.5,7060.0
2020-08-24,197.5,197.5,196.45,197.45,1035.0
2020-08-25,196.95,197.0,194.5,197.0,393.0
2020-08-26,196.0,196.0,196.0,196.0,10.0
2020-08-27,196.0,196.0,195.05,195.05,3819.0
2020-08-28,196.0,196.0,195.05,195.05,1088.0
2020-08-31,195.8,198.0,195.8,198.0,2789.0
2020-09-01,197.0,198.0,197.0,197.0,20004.0
2020-09-02,197.89999,198.5,197.89999,198.5,3407.0
2020-09-03,198.05,198.05,197.0,197.0,3020.0
2020-09-04,198.0,198.0,195.5,195.5,3352.0
2020-09-07,194.0,197.5,194.0,196.0,209.0
2020-09-08,195.5,195.5,195.39999,195.5,22637.0
2020-09-09,195.0,195.0,194.0,194.0,565.0
2020-09-10,195.45,195.45,195.0,195.0,6556.0
2020-09-11,194.5,196.0,193.0,195.45,17106.0
2020-09-14,195.45,195.45,192.0,192.0,5290.0
2020-09-15,196.0,196.0,192.0,192.0,430.0
2020-09-16,194.0,194.0,194.0,194.0,9.0
2020-09-17,193.0,193.0,191.0,191.0,5667.0
2020-09-18,191.10001,191.10001,191.10001,191.10001,399.0
2020-09-21,193.25,193.25,193.14999,193.14999,22.0
2020-09-22,191.5,192.89999,191.5,192.89999,91.0
2020-09-23,193.0,193.25,192.89999,193.0,122175.0
2020-09-24,192.95,193.5,192.89999,193.0,17253.0
2020-09-25,191.0,193.0,191.0,193.0,20302.0
2020-09-28,191.0,191.0,190.0,190.0,298.0
2020-09-29,191.0,193.35001,190.10001,193.35001,8249.0
2020-10-01,193.2,193.35001,193.2,193.35001,3170.0
2020-10-02,193.55,196.0,193.55,196.0,1497.0
2020-10-05,197.0,197.7,194.5,195.10001,72592.0
2020-10-06,197.0,200.0,197.0,200.0,14143.0
2020-10-07,200.0,200.0,196.0,198.0,27126.0
2020-10-08,196.0,196.0,196.0,196.0,232.0
2020-10-09,198.0,198.0,196.5,198.0,204.0
2020-10-12,193.60001,200.0,193.60001,199.7,75477.0
2020-10-13,198.8,198.8,198.8,198.8,12664.0
2020-10-14,197.0,199.7,197.0,199.3,20522.0
2020-10-15,199.45,201.85001,199.14999,199.35001,109675.0
2020-10-16,200.0,201.3,198.2,198.5,7269.0
2020-10-19,199.95,200.35001,196.5,196.5,233.0
2020-10-20,199.5,200.0,198.2,200.0,88516.0
2020-10-21,200.0,200.0,198.0,200.0,2133.0
2020-10-22,200.0,201.0,197.39999,200.5,13669.0
2020-10-23,201.25,202.5,201.25,202.0,32021.0
2020-10-26,202.75,203.0,202.75,203.0,116.0
2020-10-27,200.5,203.0,200.2,201.25,198394.0
2020-10-28,202.8,202.8,202.8,202.8,1.0
2020-11-02,200.14999,201.85001,200.14999,200.5,901.0
2020-11-03,200.5,202.89999,200.35001,202.89999,31949.0
2020-11-04,202.0,202.05,201.10001,201.10001,6553.0
2020-11-05,202.45,202.8,202.0,202.0,302.0
2020-11-09,201.5,203.5,201.5,203.5,18706.0
2020-11-10,204.0,204.95,203.0,204.0,24757.0
2020-11-11,204.95,205.0,204.0,204.5,408.0
2020-11-12,204.89999,204.89999,204.5,204.5,1533.0
2020-11-13,204.05,204.95,204.05,204.95,10715.0
2020-11-16,204.95,205.0,204.95,205.0,140.0
2020-11-17,205.0,206.45,205.0,206.45,412.0
2020-11-19,206.95,207.45,206.5,207.10001,15313.0
2020-11-20,207.89999,210.0,207.89999,210.0,82311.0
2020-11-23,210.95,210.95,208.10001,208.10001,83.0
2020-11-24,210.0,211.7,208.0,211.7,29862.0
2020-11-25,211.0,212.55,210.0,212.55,2875.0
2020-11-26,212.0,212.14999,210.5,212.0,10092.0
2020-11-27,212.0,212.0,210.0,210.0,40228.0
2020-11-30,211.0,212.0,210.0,212.0,11210.0
2020-12-01,210.0,210.0,210.0,210.0,600.0
2020-12-02,208.2,210.0,208.2,208.5,6783.0
2020-12-03,208.0,211.0,208.0,211.0,533.0
2020-12-04,211.0,212.0,210.0,210.0,5533.0
2020-12-07,211.0,211.0,210.0,210.0,57.0
2020-12-08,210.0,211.0,210.0,210.10001,5111.0
2020-12-09,210.10001,210.64999,210.10001,210.64999,2710.0
2020-12-10,211.0,212.0,211.0,211.10001,14375.0
2020-12-11,212.0,217.89999,212.0,217.0,26246.0
2020-12-14,215.0,216.95,213.0,216.95,7780.0
2020-12-15,217.0,223.89999,215.0,223.89999,37831.0
2020-12-16,217.14999,222.85001,217.14999,222.85001,156.0
2020-12-17,219.0,229.0,219.0,228.0,14261.0
2020-12-18,228.0,228.0,221.0,221.0,58442.0
2020-12-21,218.0,218.0,212.2,212.2,27399.0
2020-12-22,212.2,219.75,209.0,219.75,527148.0
2020-12-23,220.0,220.0,218.0,218.5,8303.0
2020-12-24,216.0,219.0,216.0,219.0,41507.0
2020-12-25,219.5,219.5,213.0,215.0,53906.0
2020-12-28,219.0,219.0,215.05,216.0,1345809.0
2020-12-29,214.3,217.0,214.0,214.0,1110.0
2020-12-30,216.89999,216.95,216.60001,216.60001,758985.0
2020-12-31,214.0,214.0,210.10001,210.10001,3230.0
2021-01-04,214.0,214.0,210.2,214.0,8589.0
2021-01-05,213.0,217.0,213.0,214.0,763.0
2021-01-06,216.95,218.0,214.5,215.5,8430.0
2021-01-07,216.0,218.89999,216.0,217.5,7610.0
2021-01-08,218.5,218.5,215.0,218.0,11592.0
2021-01-12,214.10001,218.95,214.0,218.95,7398.0
2021-01-13,219.0,221.0,216.0,216.39999,10041.0
2021-01-14,220.0,220.0,218.0,218.0,28624.0
2021-01-15,215.7,220.0,215.7,220.0,6854.0
2021-01-18,220.60001,220.64999,216.14999,216.14999,675.0
2021-01-19,217.25,222.5,216.2,222.5,9311.0
2021-01-20,222.0,227.39999,222.0,225.0,9605.0
2021-01-21,225.5,226.0,223.0,225.0,16913.0
2021-01-22,225.0,225.0,224.0,225.0,46231.0
2021-01-25,222.05,228.8,222.05,228.5,8336.0
2021-01-26,229.89999,229.89999,226.5,226.5,14337.0
2021-01-27,226.3,227.0,226.0,227.0,7278.0
2021-01-28,226.0,227.0,226.0,226.0,475.0
2021-01-29,228.5,233.0,228.5,231.10001,46784.0
2021-02-01,231.95,231.95,226.0,227.0,1370.0
2021-02-02,230.0,234.0,227.0,234.0,34209.0
2021-02-03,235.0,243.0,235.0,239.95,50229.0
2021-02-04,240.0,246.7,240.0,241.05,2827.0
2021-02-05,243.8,243.8,237.0,237.5,18771.0
2021-02-08,239.89999,240.0,237.0,237.0,54760.0
2021-02-09,237.0,237.0,235.0,235.0,38240.0
2021-02-10,235.0,235.0,233.7,233.7,452.0
2021-02-11,234.5,235.0,232.0,235.0,5653.0
2021-02-12,235.0,235.0,231.0,231.5,13974.0
2021-02-15,235.8,235.8,235.8,235.8,1.0
2021-02-16,236.0,236.0,233.05,234.95,716.0
2021-02-17,231.5,231.5,231.0,231.39999,5221.0
2021-02-18,234.5,234.5,233.0,233.0,4010.0
2021-02-19,231.35001,232.95,231.35001,232.95,575.0
2021-02-22,231.35001,233.85001,230.05,232.5,11588.0
2021-02-23,232.5,232.5,231.05,231.05,1505.0
2021-02-24,231.0,231.0,228.14999,230.0,4093.0
2021-02-25,229.0,233.5,228.14999,232.5,2526.0
2021-02-26,235.8,237.0,233.89999,233.89999,56914.0
2021-03-01,230.10001,234.0,230.10001,230.2,116.0
2021-03-02,233.0,234.89999,231.0,234.89999,10105.0
2021-03-03,231.0,231.0,230.5,230.5,195.0
2021-03-04,234.95,235.0,234.95,235.0,101.0
2021-03-05,235.0,239.5,235.0,239.0,2103.0
2021-03-08,239.0,243.0,239.0,241.0,1973.0
2021-03-09,239.05,239.05,239.0,239.0,664.0
2021-03-10,239.0,239.0,239.0,239.0,5.0
2021-03-11,239.0,240.0,239.0,240.0,3395.0
2021-03-12,240.0,242.8,240.0,242.0,34032.0
2021-03-15,242.0,248.25,242.0,246.0,12895.0
2021-03-16,244.2,245.95,244.2,245.95,6156.0
2021-03-17,246.0,254.0,246.0,252.39999,51219.0
2021-03-18,243.0,247.95,242.35001,242.35001,192706.0
2021-03-19,237.0,240.0,237.0,240.0,85173.0
2021-03-22,242.0,242.89999,241.89999,242.0,3163.0
2021-03-23,241.55,241.55,238.55,238.55,52816.0
2021-03-24,237.55,241.0,237.55,241.0,20150.0
2021-03-25,242.7,243.0,240.0,242.85001,11080.0
2021-03-26,240.14999,242.89999,240.14999,242.89999,5362.0
2021-03-29,240.5,240.60001,240.5,240.60001,78.0
2021-03-30,242.0,242.0,240.60001,240.60001,9711.0
2021-03-31,240.60001,240.7,240.10001,240.7,6574.0
2021-04-02,242.0,242.0,242.0,242.0,40.0
2021-04-05,240.35001,240.35001,240.0,240.05,1747.0
2021-04-06,240.05,242.0,240.0,240.05,705.0
2021-04-07,240.2,241.5,240.2,241.5,10006.0
2021-04-08,240.55,242.0,240.55,242.0,870.0
2021-04-09,241.5,243.10001,241.5,243.10001,27565.0
2021-04-12,243.5,246.0,242.55,245.0,15852.0
2021-04-13,243.60001,247.0,243.60001,244.05,535.0
2021-04-14,244.05,245.95,244.05,245.95,63.0
2021-04-15,244.10001,246.95,244.10001,246.95,1636.0
2021-04-16,245.0,246.95,245.0,245.0,1415.0
2021-04-19,245.0,245.0,244.14999,245.0,4114.0
2021-04-20,245.05,245.05,245.0,245.05,21052.0
2021-04-21,245.60001,245.60001,245.2,245.2,1675.0
2021-04-22,245.2,249.64999,245.2,249.0,64204.0
2021-04-23,250.0,256.89999,250.0,255.0,16347.0
2021-04-26,255.0,258.0,252.5,252.5,3456.0
2021-04-27,252.55,254.0,252.5,253.5,11115.0
2021-04-28,253.5,255.0,251.85001,253.5,81485.0
2021-04-29,252.0,253.0,251.85001,253.0,477.0
2021-04-30,253.5,255.0,253.0,253.0,53627.0
2021-05-03,254.0,256.5,254.0,256.0,43987.0
2021-05-04,255.0,256.0,254.05,256.0,31071.0
2021-05-05,257.0,258.39999,256.0,258.35001,13930.0
2021-05-06,258.5,260.0,258.0,259.0,52874.0
2021-05-07,259.0,259.0,257.79999,257.79999,20327.0
2021-05-10,257.79999,262.0,257.79999,259.5,8083.0
2021-05-11,261.0,262.0,259.5,259.5,15305.0
2021-05-12,259.5,259.5,259.0,259.0,4101.0
2021-05-17,262.0,268.0,261.0,264.89999,45821.0
2021-05-18,261.0,265.0,261.0,262.0,266287.0
2021-05-19,265.0,265.0,260.0,260.0,15452.0
2021-05-20,264.0,264.0,251.0,251.0,6454.0
2021-05-21,258.95001,258.95001,252.0,255.0,28271.0
2021-05-24,251.25,255.0,251.2,252.0,4014.0
2021-05-25,250.0,252.0,250.0,252.0,6663.0
2021-05-26,251.2,252.0,250.3,252.0,1556.0
2021-05-27,251.2,252.10001,250.5,250.5,74426.0
2021-05-28,251.0,259.0,250.7,258.0,2450.0
2021-05-31,253.10001,258.0,253.10001,254.5,2484.0
2021-06-01,256.0,257.0,254.05,254.05,49085.0
2021-06-02,260.0,264.20001,260.0,264.20001,17681.0
2021-06-03,274.75,274.75,270.0,274.35001,39338.0
2021-06-04,274.45001,274.75,270.0,270.5,63217.0
2021-06-07,270.0,271.0,268.0,271.0,50077.0
2021-06-08,267.10001,272.0,267.10001,272.0,392.0
2021-06-09,268.20001,270.5,264.10001,269.85001,3498.0
2021-06-10,269.0,278.0,269.0,273.0,135876.0
2021-06-11,277.5,283.89999,277.5,283.0,279250.0
2021-06-14,287.5,293.89999,287.0,293.0,15322.0
2021-06-15,293.20001,293.20001,285.20001,287.89999,23414.0
2021-06-16,292.79999,292.79999,287.10001,287.10001,303.0
2021-06-17,285.39999,285.39999,280.0,280.0,2436.0
2021-06-18,277.0,280.0,274.0,279.29999,112381.0
2021-06-21,288.0,288.0,276.0,284.39999,2966.0
2021-06-22,286.0,286.0,280.0,280.0,31468.0
2021-06-23,283.0,283.0,276.0,276.0,13635.0
2021-06-24,279.0,279.0,274.0,274.29999,15027.0
2021-06-25,273.10001,273.10001,268.0,268.0,54223.0
2021-06-28,270.0,274.89999,269.0,273.0,5089.0
2021-06-29,272.95001,272.95001,272.95001,272.95001,45.0
2021-06-30,271.95001,272.89999,270.5,272.85001,59683.0
2021-07-01,272.85001,272.89999,271.5,272.0,4377.0
2021-07-02,271.5,272.0,271.0,271.0,21328.0
2021-07-05,271.0,272.0,269.20001,272.0,16852.0
2021-07-06,269.0,272.0,268.0,268.0,590863.0
2021-07-07,269.0,269.0,260.54999,264.95001,593899.0
2021-07-08,265.0,266.0,264.20001,264.29999,23412.0
2021-07-09,264.0,264.0,261.0,261.0,53506.0
2021-07-12,262.0,262.0,260.0,261.0,24349.0
2021-07-13,261.0,261.95001,260.95001,261.95001,4730.0
2021-07-14,261.89999,261.95001,260.0,260.0,13502.0
2021-07-15,262.0,262.0,260.0,260.20001,15650.0
2021-07-16,261.0,262.0,261.0,261.10001,16403.0
2021-07-19,265.0,265.0,261.5,261.75,11775.0
2021-07-20,261.04999,262.0,261.04999,262.0,3100.0
2021-07-23,264.0,267.89999,263.89999,267.89999,6894.0
2021-07-26,267.89999,268.0,267.89999,268.0,927.0
2021-07-27,268.0,268.0,263.5,263.5,33606.0
2021-07-28,263.5,264.0,263.5,264.0,3710.0
2021-07-29,264.0,264.0,263.0,263.10001,37490.0
2021-08-02,263.39999,268.5,263.10001,268.5,21698.0
2021-08-03,269.5,269.5,268.5,268.5,14727.0
2021-08-04,270.0,270.0,270.0,270.0,7654.0
2021-08-05,268.10001,270.0,266.0,270.0,385.0
2021-08-06,269.0,270.0,269.0,270.0,30926.0
2021-08-09,271.39999,272.5,270.0,272.5,17.0
2021-08-11,272.79999,272.79999,272.0,272.0,43187.0
2021-08-12,270.0,272.89999,267.0,271.0,720.0
2021-08-13,269.10001,274.0,269.10001,274.0,8628.0
2021-08-16,268.0,273.79999,268.0,273.79999,95.0
2021-08-17,274.0,274.0,274.0,274.0,1392.0
2021-08-18,271.0,274.0,271.0,272.0,31709.0
2021-08-19,272.0,274.95001,272.0,272.0,1716.0
2021-08-23,272.04999,276.29999,272.0,272.0,10917.0
2021-08-24,270.0,275.0,270.0,275.0,6.0
2021-08-25,272.0,276.85001,272.0,272.5,16598.0
2021-08-26,273.0,274.95001,273.0,273.0,15055.0
2021-08-27,272.0,277.0,272.0,277.0,19278.0
2021-08-30,273.0,275.0,273.0,275.0,402.0
2021-08-31,273.5,274.0,271.0,272.0,31763.0
2021-09-01,271.5,275.0,271.0,273.0,6311.0
2021-09-02,270.29999,273.0,270.29999,272.0,88.0
2021-09-03,271.0,273.0,271.0,273.0,1150.0
2021-09-06,271.20001,272.0,271.0,272.0,1221.0
2021-09-07,271.14999,272.0,271.14999,272.0,1530.0
2021-09-08,271.14999,272.0,271.14999,272.0,236.0
2021-09-09,271.29999,282.0,271.29999,280.0,179221.0
2021-09-10,280.0,280.0,279.5,279.5,45042.0
2021-09-13,281.0,281.0,280.0,280.75,1075.0
2021-09-14,281.0,282.0,280.60001,280.60001,1065.0
2021-09-15,281.95001,281.95001,277.0,278.29999,4627.0
2021-09-16,280.0,280.0,276.60001,278.04999,3752.0
2021-09-17,277.10001,280.0,277.0,280.0,26869.0
2021-09-20,280.0,280.0,279.0,280.0,672.0
2021-09-21,278.0,278.10001,278.0,278.10001,150.0
2021-09-22,279.0,279.0,277.5,278.5,28049.0
2021-09-23,281.0,281.0,279.0,279.0,40877.0
2021-09-24,279.0,279.20001,279.0,279.20001,98157.0
2021-09-27,281.95001,281.95001,278.0,278.0,2391.0
2021-09-28,278.0,280.0,277.60001,280.0,53175.0
2021-09-29,280.0,280.0,275.95001,275.95001,25712.0
2021-09-30,275.5,275.89999,274.10001,275.0,2477.0
2021-10-01,274.0,274.0,270.0,270.20001,33002.0
2021-10-04,270.20001,270.20001,268.0,268.0,19843.0
2021-10-05,267.0,267.5,265.0,265.04999,7174.0
2021-10-06,267.95001,268.0,265.04999,265.5,4491.0
2021-10-07,266.5,270.0,266.5,270.0,38246.0
2021-10-08,268.60001,273.0,268.60001,273.0,26501.0
2021-10-11,274.0,275.0,271.0,271.0,8168.0
2021-10-13,274.0,274.0,269.10001,271.0,10659.0
2021-10-14,272.5,275.0,272.5,275.0,37582.0
2021-10-15,274.5,274.5,271.75,274.35001,70266.0
2021-10-18,271.54999,271.79999,271.54999,271.79999,1398.0
2021-10-21,272.0,275.0,271.0,274.0,9017.0
2021-10-22,271.0,274.95001,269.5,271.0,132861.0
2021-10-25,271.5,271.5,270.5,270.5,52205.0
2021-10-26,267.89999,273.89999,267.89999,273.89999,62047.0
2021-10-27,270.20001,272.0,270.0,270.20001,41738.0
2021-10-28,271.79999,271.89999,271.0,271.75,4883.0
2021-10-29,271.79999,271.89999,270.5,271.04999,23709.0
2021-11-01,270.60001,273.0,268.10001,268.10001,9139.0
2021-11-02,273.0,273.0,273.0,273.0,50.0
2021-11-03,271.0,272.89999,270.0,270.5,7255.0
2021-11-04,270.0,270.20001,269.0,270.0,4754.0
2021-11-05,269.0,271.0,267.0,267.0,46312.0
2021-11-08,267.0,270.35001,267.0,270.0,504.0
2021-11-09,270.39999,270.39999,267.0,267.0,246.0
2021-11-10,267.10001,267.10001,265.0,265.0,31199.0
2021-11-11,263.60001,265.0,262.95001,264.95001,37327.0
2021-11-12,261.0,264.0,261.0,263.0,30234.0
2021-11-15,264.0,265.0,264.0,265.0,1415.0
2021-11-16,269.0,269.0,262.0,262.10001,460.0
2021-11-17,262.0,264.0,261.60001,262.5,5539.0
2021-11-19,262.5,263.0,262.0,262.5,55099.0
2021-11-22,262.0,262.0,261.35001,261.35001,1265.0
2021-11-23,261.39999,261.39999,260.5,260.75,146015.0
2021-11-24,261.5,265.0,261.14999,265.0,7092.0
2021-11-25,269.95001,270.0,265.0,265.0,6602.0
2021-11-26,263.10001,265.0,263.0,263.0,19620.0
2021-11-29,264.0,264.0,260.0,260.10001,20738.0
2021-11-30,260.5,263.04999,260.0,263.04999,60971.0
2021-12-01,263.5,263.5,263.5,263.5,21265.0
2021-12-02,263.5,264.0,261.25,264.0,1333.0
2021-12-03,264.0,264.0,262.0,262.0,7690.0
2021-12-06,268.0,268.0,261.0,261.0,2269.0
2021-12-07,261.0,265.0,260.25,265.0,53513.0
2021-12-09,264.25,265.0,262.0,265.0,18380.0
2021-12-10,267.0,267.89999,265.0,265.0,76703.0
2021-12-13,265.0,268.0,265.0,266.0,40675.0
2021-12-14,265.0,267.95001,263.0,267.95001,83240.0
2021-12-15,264.04999,266.0,262.95001,262.95001,42553.0
2021-12-16,263.0,263.0,260.0,260.0,191024.0
2021-12-17,260.0,266.0,260.0,266.0,10260.0
2021-12-20,260.54999,264.95001,260.04999,264.95001,281.0
2021-12-21,260.29999,265.0,260.29999,265.0,552.0
2021-12-22,265.0,265.0,265.0,265.0,7.0
2021-12-23,261.0,264.75,261.0,264.75,11.0
2021-12-24,264.75,265.0,261.54999,265.0,1194016.0
2021-12-27,265.0,265.0,263.0,264.0,2669.0
2021-12-28,262.0,263.89999,262.0,263.89999,302.0
2021-12-29,264.0,266.0,262.04999,266.0,184333.0
2021-12-30,265.0,266.5,265.0,266.0,14718.0
2021-12-31,264.0,266.89999,261.0,261.0,53048.0
2022-01-03,264.0,264.0,260.29999,260.29999,2477.0
2022-01-04,260.5,260.5,260.5,260.5,500.0
2022-01-05,263.89999,267.0,263.89999,265.0,3084.0
2022-01-06,265.0,265.95001,265.0,265.95001,1125.0
2022-01-07,265.95001,269.79999,265.95001,269.0,79987.0
2022-01-10,269.0,269.5,265.10001,269.0,11633.0
2022-01-12,269.0,270.0,269.0,270.0,24948.0
2022-01-13,270.0,271.0,267.04999,270.95001,2864.0
2022-01-14,270.0,273.0,270.0,272.89999,51198.0
2022-01-17,272.95001,273.79999,272.79999,272.79999,15579.0
2022-01-18,273.79999,273.79999,268.0,269.04999,41693.0
2022-01-19,269.5,270.95001,269.5,269.60001,13693.0
2022-01-20,272.89999,273.0,270.0,270.0,62681.0
2022-01-21,270.0,271.95001,270.0,270.0,161085.0
2022-01-24,269.04999,269.04999,269.0,269.0,4024.0
2022-01-25,268.0,268.0,267.14999,267.5,9844.0
2022-01-26,270.79999,270.79999,270.79999,270.79999,1.0
2022-01-27,270.0,270.0,270.0,270.0,1026.0
2022-01-28,270.0,271.0,269.04999,271.0,54462.0
2022-01-31,271.0,273.0,271.0,273.0,7997.0
2022-02-01,271.5,273.70001,271.5,273.70001,6671.0
2022-02-02,271.5,273.0,270.5,273.0,21328.0
2022-02-04,273.0,273.0,270.54999,272.89999,21009.0
2022-02-07,272.10001,272.89999,272.0,272.89999,2691.0
2022-02-08,272.0,273.10001,272.0,272.04999,7967.0
2022-02-09,272.0,272.5,271.10001,271.10001,27459.0
2022-02-10,272.0,272.0,271.5,271.95001,10855.0
2022-02-11,272.39999,272.5,271.14999,271.45001,8502.0
2022-02-14,271.10001,272.0,270.0,270.0,21716.0
2022-02-15,270.0,271.0,269.0,269.0,20354.0
2022-02-16,268.0,271.45001,268.0,271.45001,21.0
2022-02-17,270.0,270.0,269.0,269.0,3509.0
2022-02-18,269.0,269.0,264.0,264.0,11645.0
2022-02-21,264.0,264.10001,262.5,262.5,3999.0
2022-02-22,261.10001,261.10001,253.0,253.05,54080.0
2022-02-23,263.95001,263.95001,256.0,256.0,1403.0
2022-02-24,252.5,252.5,241.0,245.0,62892.0
2022-02-25,230.35001,250.0,230.35001,246.0,24802.0
2022-02-28,250.0,254.0,241.0,241.0,15693.0
2022-03-01,242.0,247.95,241.10001,241.5,1301.0
2022-03-02,241.5,241.5,231.0,239.0,3835.0
2022-03-03,238.0,238.0,235.0,235.0,15403.0
2022-03-04,232.7,237.89999,232.7,236.0,29461.0
2022-03-07,233.0,233.0,221.85001,223.0,7526.0
2022-03-08,223.05,236.35001,223.05,236.35001,43045.0
2022-03-09,247.95,250.5,245.0,247.0,13757.0
2022-03-10,250.5,250.5,235.0,235.0,13004.0
2022-03-11,249.0,249.0,235.10001,237.10001,42942.0
2022-03-14,237.0,241.89999,235.10001,241.89999,933.0
2022-03-15,236.0,243.0,236.0,240.0,7307.0
2022-03-16,238.0,242.0,238.0,242.0,37.0
2022-03-17,240.0,243.0,237.0,243.0,25894.0
2022-03-18,243.89999,244.95,240.0,243.8,27100.0
2022-03-21,240.0,240.5,237.60001,237.60001,5675.0
2022-03-22,238.14999,241.0,238.05,240.0,18534.0
2022-03-23,239.0,239.0,232.05,232.05,1048.0
2022-03-24,235.10001,235.10001,233.0,233.0,7659.0
2022-03-25,233.0,238.95,232.05,236.0,1650.0
2022-03-28,236.0,236.0,234.05,234.14999,1032.0
2022-03-29,238.5,240.0,238.5,240.0,29015.0
2022-03-30,243.0,243.0,241.0,242.0,15186.0
2022-03-31,241.0,243.0,241.0,243.0,167.0
2022-04-01,243.0,243.0,240.0,243.0,43795.0
2022-04-04,243.0,245.85001,235.0,235.0,1785.0
2022-04-06,236.55,236.55,235.0,235.0,450.0
2022-04-07,238.0,246.0,235.0,236.64999,540506.0
2022-04-08,236.7,240.0,236.7,240.0,84453.0
2022-04-11,240.0,240.0,240.0,240.0,64534.0
2022-04-12,240.25,243.0,240.25,240.25,305.0
2022-04-13,240.55,244.0,240.0,240.0,301590.0
2022-04-14,240.0,240.0,239.10001,240.0,10271.0
2022-04-15,242.7,242.7,240.0,240.0,8631.0
2022-04-19,241.0,244.0,240.0,244.0,1015.0
2022-04-20,244.0,244.0,240.2,240.5,52988.0
2022-04-21,240.60001,241.0,240.25,240.25,7335.0
2022-04-22,240.2,245.39999,240.2,245.39999,8639.0
2022-04-25,248.0,248.0,246.0,247.45,1235.0
2022-04-26,245.0,248.5,245.0,248.5,23451.0
2022-04-27,248.39999,248.5,246.0,247.0,88.0
2022-04-28,247.0,249.0,247.0,249.0,1063.0
2022-04-29,249.5,254.0,249.5,250.0,30494.0
2022-05-04,250.0,250.10001,250.0,250.0,2434.0
2022-05-05,250.0,250.0,249.8,249.8,5914.0
2022-05-06,249.75,249.75,249.2,249.5,2050.0
2022-05-09,249.2,249.2,248.0,248.85001,300.0
2022-05-10,247.0,247.0,233.95,233.95,8400.0
2022-05-11,240.0,240.0,233.0,235.2,1525.0
2022-05-12,233.5,235.0,232.10001,235.0,14892.0
2022-05-13,234.0,243.0,234.0,243.0,5443.0
2022-05-16,236.0,237.0,235.0,235.0,1726.0
2022-05-18,237.0,237.0,234.10001,235.0,24332.0
2022-05-19,234.10001,235.0,234.0,234.0,2818.0
2022-05-20,233.10001,237.35001,233.10001,237.35001,106.0
2022-05-23,233.10001,235.0,230.14999,230.14999,1778.0
2022-05-24,237.0,237.0,229.0,229.0,27364.0
2022-05-25,229.0,230.25,225.0,225.0,2500.0
2022-05-26,229.0,229.0,225.0,225.0,2519.0
2022-05-27,225.0,225.0,224.89999,224.89999,8817.0
2022-05-30,225.0,225.0,223.0,223.0,312.0
2022-05-31,224.0,227.0,223.89999,227.0,18534.0
2022-06-01,228.0,230.0,228.0,230.0,7622.0
2022-06-02,229.5,234.95,229.5,230.0,244342.0
2022-06-03,230.0,233.05,230.0,233.05,105392.0
2022-06-06,238.89999,239.0,234.0,235.0,27065.0
2022-06-07,238.89999,238.89999,238.0,238.7,46807.0
2022-06-08,235.0,235.0,230.0,235.0,1242.0
2022-06-09,237.5,237.5,231.60001,231.60001,2294.0
2022-06-10,231.64999,232.5,228.89999,230.0,5451.0
2022-06-13,230.0,230.0,225.0,228.0,2065.0
2022-06-14,225.10001,225.10001,214.35001,214.35001,5412.0
2022-06-15,217.05,223.0,215.0,223.0,5520.0
2022-06-16,217.0,218.0,215.10001,215.10001,29685.0
2022-06-17,220.8,220.8,215.0,215.0,43515.0
2022-06-20,215.2,222.0,215.2,222.0,76.0
2022-06-21,222.0,222.0,221.0,221.85001,38946.0
2022-06-22,215.2,217.0,213.0,213.0,112472.0
2022-06-23,213.0,213.0,204.0,205.0,27871.0
2022-06-24,210.95,212.5,210.95,212.5,100.0
2022-06-27,212.45,212.5,210.0,210.0,109075.0
2022-06-28,210.0,215.0,210.0,215.0,1497.0
2022-06-29,212.0,217.0,212.0,215.0,3984.0
2022-06-30,221.0,221.0,220.0,220.0,1745.0
2022-07-01,221.5,221.5,206.85001,206.85001,3930.0
2022-07-04,205.25,205.25,205.0,205.0,46170.0
2022-07-05,205.0,205.0,204.10001,204.10001,940.0
2022-07-06,205.0,207.5,205.0,205.0,433.0
2022-07-07,215.89999,215.89999,214.85001,214.89999,325.0
2022-07-08,215.0,215.0,215.0,215.0,4.0
2022-07-12,215.0,215.0,215.0,215.0,1377.0
2022-07-13,218.95,222.0,216.0,216.0,365.0
2022-07-14,216.0,219.55,216.0,217.0,22287.0
2022-07-15,217.0,220.0,215.0,220.0,14220.0
2022-07-18,220.0,221.0,220.0,220.0,2982.0
2022-07-19,220.0,222.0,220.0,220.05,2271.0
2022-07-20,226.7,226.7,218.0,218.0,1426.0
2022-07-21,224.0,224.0,218.05,219.0,22546.0
2022-07-22,222.89999,222.89999,217.0,217.0,770.0
2022-07-25,218.10001,218.10001,215.0,215.0,6660.0
2022-07-26,214.0,214.0,209.0,209.0,22815.0
2022-07-27,214.0,215.0,210.0,210.0,2256.0
2022-07-28,214.89999,215.0,214.89999,215.0,80.0
2022-07-29,214.85001,214.85001,211.10001,214.85001,1449.0
2022-08-01,214.85001,214.85001,210.0,214.85001,562.0
2022-08-02,210.05,212.5,210.05,212.5,805.0
2022-08-03,210.0,214.8,210.0,210.0,290.0
2022-08-04,211.05,212.0,210.0,212.0,1090.0
2022-08-05,214.75,220.0,210.0,220.0,4351.0
2022-08-08,210.3,212.3,210.3,212.3,42.0
2022-08-09,213.3,214.89999,212.3,214.0,1545.0
2022-08-10,217.0,217.0,217.0,217.0,32.0
2022-08-11,221.5,221.5,220.0,220.0,2091.0
2022-08-12,220.0,220.25,220.0,220.25,669.0
2022-08-15,220.0,220.0,217.0,220.0,1012.0
2022-08-16,220.0,220.0,220.0,220.0,300.0
2022-08-17,217.05,223.0,217.05,220.0,856.0
2022-08-18,222.0,225.0,222.0,225.0,1295.0
2022-08-19,222.0,228.5,220.2,225.0,37106.0
2022-08-22,225.0,226.0,225.0,226.0,47.0
2022-08-23,225.0,225.0,224.0,224.0,17115.0
2022-08-24,224.0,224.0,222.0,223.5,6210.0
2022-08-25,225.0,225.0,225.0,225.0,24.0
2022-08-26,225.0,225.0,222.64999,222.64999,4501.0
2022-08-29,222.60001,222.60001,222.0,222.0,5167.0
2022-08-30,224.89999,224.89999,224.0,224.0,315.0
2022-08-31,222.0,222.0,220.0,220.0,3012.0
2022-09-01,220.0,220.0,220.0,220.0,3.0
2022-09-02,221.0,224.5,220.0,224.5,9317.0
2022-09-05,222.0,222.0,222.0,222.0,16.0
2022-09-06,224.7,224.7,222.0,222.0,45.0
2022-09-07,224.64999,224.75,224.64999,224.75,15.0
2022-09-08,224.85001,224.85001,222.5,223.0,3446.0
2022-09-09,222.10001,222.5,220.0,220.0,6955.0
2022-09-12,220.0,222.0,219.0,222.0,55.0
2022-09-13,224.95,225.0,221.60001,221.60001,1503.0
2022-09-14,220.25,220.25,220.0,220.0,12578.0
2022-09-15,224.39999,224.39999,220.05,220.05,48.0
2022-09-16,220.05,225.0,220.05,225.0,5056.0
2022-09-19,223.5,223.5,222.0,222.0,11000.0
2022-09-20,225.5,225.5,218.0,222.0,5532.0
2022-09-21,223.0,223.0,219.05,222.0,4015.0
2022-09-22,223.0,223.0,216.0,217.95,911.0
2022-09-23,217.89999,222.0,217.89999,220.0,10765.0
2022-09-26,220.0,220.0,215.0,215.0,50227.0
2022-09-27,214.75,214.75,212.10001,213.95,5374.0
2022-09-28,210.0,214.5,206.0,209.89999,31057.0
2022-09-29,206.0,209.8,204.0,205.0,253685.0
2022-09-30,205.0,209.89999,205.0,209.0,90048.0
2022-10-03,205.0,205.05,205.0,205.0,32030.0
2022-10-04,205.0,205.10001,201.0,205.0,51959.0
2022-10-05,203.89999,203.89999,201.0,201.0,77283.0
2022-10-06,201.0,204.89999,200.0,204.89999,373699.0
2022-10-07,202.0,202.0,200.0,202.0,16014.0
2022-10-11,207.0,207.0,206.89999,206.89999,20.0
2022-10-12,206.7,206.7,201.5,206.7,3999.0
2022-10-13,205.0,206.5,204.95,204.95,291003.0
2022-10-14,206.0,206.0,204.0,204.05,233830.0
2022-10-17,203.0,205.0,201.0,201.0,89077.0
2022-10-18,200.10001,203.64999,199.10001,203.64999,13.0
2022-10-19,200.0,200.0,199.0,199.0,21.0
2022-10-20,199.0,199.0,197.5,199.0,1166.0
2022-10-21,197.5,197.5,191.05,191.05,36579.0
2022-10-24,191.0,191.0,186.75,186.75,2142.0
2022-10-25,185.0,189.0,185.0,186.0,3341.0
2022-10-26,186.10001,189.0,185.0,185.0,5479.0
2022-10-27,186.0,186.0,185.14999,185.2,7800.0
2022-10-28,183.0,188.0,183.0,186.0,3011.0
2022-10-31,187.0,187.0,181.0,186.0,133878.0
2022-11-01,195.89999,196.0,190.14999,195.95,312.0
2022-11-02,188.95,188.95,188.95,188.95,13725.0
2022-11-03,190.0,190.0,187.0,187.0,39760.0
2022-11-04,187.0,187.0,186.0,186.0,1953.0
2022-11-07,196.0,196.0,185.0,185.0,1266.0
2022-11-08,185.0,185.0,184.8,184.8,14351.0
2022-11-09,184.8,189.0,183.0,183.0,11177.0
2022-11-10,183.0,184.0,181.45,181.45,5146.0
2022-11-11,181.39999,182.0,176.0,177.5,198722.0
2022-11-14,181.0,181.0,181.0,181.0,70.0
2022-11-15,184.0,184.0,178.0,180.95,2758.0
2022-11-16,175.2,181.0,175.2,175.35001,6246.0
2022-11-17,183.5,183.5,179.95,179.95,4244.0
2022-11-21,180.8,180.8,179.89999,179.89999,2186.0
2022-11-22,182.8,184.0,180.0,180.0,872.0
2022-11-23,180.0,180.0,180.0,180.0,1311.0
2022-11-24,183.95,183.95,176.0,176.0,1331.0
2022-11-25,180.0,185.0,180.0,185.0,150000.0
2022-11-28,186.5,186.5,181.0,181.0,4687.0
2022-11-29,181.0,191.85001,181.0,191.85001,290717.0
2022-11-30,190.0,200.0,185.10001,200.0,9874.0
2022-12-01,190.5,210.0,190.5,210.0,4501.0
2022-12-02,210.0,220.0,204.89999,204.89999,11471.0
2022-12-05,210.0,217.14999,206.0,217.14999,3329.0
2022-12-06,225.0,225.0,215.0,215.0,8412.0
2022-12-07,215.0,218.8,212.10001,217.0,40148.0
2022-12-08,221.0,223.0,216.95,223.0,3699.0
2022-12-09,222.0,223.0,222.0,223.0,3157.0
2022-12-12,222.95,222.95,219.0,220.0,11161.0
2022-12-13,220.0,229.89999,220.0,229.89999,14622.0
2022-12-14,229.0,232.0,228.95,228.95,4419.0
2022-12-15,230.0,230.0,226.0,227.0,2837.0
2022-12-16,225.0,225.0,216.5,216.5,2829.0
2022-12-19,222.95,222.95,220.0,220.0,60.0
2022-12-20,218.0,218.0,215.0,215.0,3.0
2022-12-21,213.60001,217.95,210.0,214.95,1210.0
2022-12-22,220.0,220.0,214.0,214.0,120225.0
2022-12-23,214.0,219.0,210.0,210.0,50579.0
2022-12-27,215.0,215.0,208.5,210.0,1214499.0
2022-12-28,213.0,213.0,200.0,200.0,11368.0
2022-12-29,200.0,205.0,190.0,190.0,15528.0
2022-12-30,199.95,200.0,190.0,190.0,20632.0
2023-01-02,190.0,200.0,185.0,185.0,2089.0
2023-01-03,189.85001,189.95,183.0,184.95,43049.0
2023-01-04,190.0,190.0,180.05,184.85001,14261.0
2023-01-05,182.0,182.0,173.8,173.8,15766.0
2023-01-06,176.0,176.5,163.39999,163.39999,115857.0
2023-01-09,164.0,168.5,164.0,164.5,359.0
2023-01-10,165.0,174.35001,164.0,174.35001,32951.0
2023-01-12,168.55,180.0,168.55,175.0,12099.0
2023-01-13,181.5,181.5,177.0,179.0,28934.0
2023-01-16,183.8,183.8,170.0,170.0,16118.0
2023-01-17,175.95,177.0,171.7,171.7,740.0
2023-01-18,174.95,174.95,170.05,172.0,6176.0
2023-01-19,173.0,174.89999,170.0,170.0,10889.0
2023-01-20,169.0,170.0,169.0,170.0,7123.0
2023-01-23,174.5,174.8,170.0,173.95,3155.0
2023-01-24,171.2,171.2,169.10001,169.10001,54.0
2023-01-25,171.0,175.0,171.0,174.5,1484.0
2023-01-26,175.0,182.0,170.0,170.0,4769.0
2023-01-27,175.0,175.0,170.0,170.0,980.0
2023-01-30,170.0,170.0,170.0,170.0,2.0
2023-01-31,170.14999,178.0,170.0,178.0,6760.0
2023-02-01,177.75,177.75,172.0,172.0,3254.0
2023-02-02,173.0,179.95,173.0,179.95,12059.0
2023-02-03,179.89999,179.95,176.10001,179.95,2571.0
2023-02-06,179.89999,180.0,176.0,176.0,570.0
2023-02-07,183.89999,183.89999,180.0,180.0,11.0
2023-02-08,180.0,185.0,180.0,185.0,4003.0
2023-02-09,189.0,189.0,184.95,184.95,1290.0
2023-02-10,185.10001,193.0,184.95,190.05,8610.0
2023-02-13,191.95,192.0,186.25,186.25,38.0
2023-02-14,186.35001,186.85001,180.0,180.0,13694.0
2023-02-15,180.0,180.0,180.0,180.0,22.0
2023-02-16,184.89999,184.89999,176.0,176.0,21883.0
2023-02-17,177.0,183.0,177.0,180.0,17886.0
2023-02-20,184.85001,184.85001,178.0,178.0,6902.0
2023-02-21,177.14999,179.0,177.14999,177.75,879.0
2023-02-22,179.0,182.45,171.5,171.5,2880.0
2023-02-23,175.0,179.89999,174.0,175.10001,2499.0
2023-02-24,177.95,179.0,175.0,178.95,344.0
2023-02-27,178.55,179.0,178.0,178.0,224.0
2023-02-28,182.0,182.39999,179.05,180.0,1811.0
2023-03-01,182.14999,184.0,180.0,180.0,336.0
2023-03-02,181.95,182.0,180.0,181.95,493.0
2023-03-03,180.0,180.0,175.10001,175.10001,1545.0
2023-03-06,180.0,180.0,178.0,179.0,51.0
2023-03-07,175.25,178.0,175.14999,178.0,101.0
2023-03-08,178.0,178.0,175.05,175.05,248.0
2023-03-09,175.05,177.89999,175.0,177.0,557.0
2023-03-10,177.0,177.0,176.0,176.0,53.0
2023-03-13,175.0,175.0,174.95,175.0,435.0
2023-03-14,175.0,175.89999,170.2,175.89999,20398.0
2023-03-15,175.0,175.0,166.0,170.0,2153.0
2023-03-16,174.95,175.0,171.55,171.55,5303.0
2023-03-17,175.0,175.0,170.0,170.0,12239.0
2023-03-20,175.0,175.0,175.0,175.0,5.0
2023-03-21,174.45,174.5,174.45,174.5,20.0
2023-03-22,170.35001,174.89999,170.35001,174.89999,6534.0
2023-03-23,174.8,176.0,174.8,175.0,330.0
2023-03-24,175.95,175.95,172.60001,174.05,5325.0
2023-03-27,175.0,176.0,175.0,176.0,3544.0
2023-03-28,172.05,175.89999,172.05,175.0,1082.0
2023-03-29,175.89999,175.89999,173.0,175.0,6049.0
2023-03-30,176.8,180.0,175.0,175.0,3912.0
2023-03-31,175.05,175.05,172.0,172.0,174845.0
2023-04-03,177.95,177.95,177.95,177.95,2.0
2023-04-05,177.75,178.0,175.0,177.89999,1554.0
2023-04-06,173.10001,177.7,173.10001,177.55,212.0
2023-04-07,176.89999,177.89999,174.0,174.0,5455.0
2023-04-10,173.64999,173.64999,173.60001,173.60001,288.0
2023-04-11,177.5,177.75,174.0,176.89999,4429.0
2023-04-12,177.0,178.0,175.0,178.0,36926.0
2023-04-13,178.0,180.5,177.89999,180.5,26386.0
2023-04-14,182.0,183.89999,182.0,183.0,1907.0
2023-04-17,183.85001,183.85001,180.0,182.0,20046.0
2023-04-18,183.75,183.75,180.0,180.0,10093.0
2023-04-19,181.95,181.95,176.0,180.5,5425.0
2023-04-20,180.5,180.5,180.39999,180.5,40480.0
2023-04-21,182.0,182.0,182.0,182.0,10.0
2023-04-25,180.5,183.0,180.5,183.0,4477.0
2023-04-26,183.0,183.0,178.0,178.0,32935.0
2023-04-27,181.8,181.8,180.5,180.5,90.0
2023-04-28,180.0,180.0,175.55,175.55,525.0
2023-05-02,180.5,180.5,176.5,177.2,6242.0
2023-05-03,175.10001,180.0,175.10001,180.0,43287.0
2023-05-04,177.0,180.5,177.0,177.0,16800.0
2023-05-05,180.0,180.0,180.0,180.0,10407.0
2023-05-08,180.95,182.89999,180.95,181.0,1747.0
2023-05-09,178.05,182.5,178.05,180.0,11569.0
2023-05-10,181.0,182.95,180.0,182.95,817.0
2023-05-11,182.0,183.0,180.05,183.0,267.0
2023-05-12,180.5,185.05,180.5,185.05,65651.0
2023-05-15,188.0,188.0,187.0,187.89999,1747.0
2023-05-16,184.05,196.0,184.05,194.2,19661.0
2023-05-17,192.0,194.0,191.10001,191.10001,272.0
2023-05-18,191.10001,193.75,190.5,191.10001,5028.0
2023-05-19,192.0,192.2,192.0,192.2,80.0
2023-05-23,191.0,192.10001,189.5,189.8,11361.0
2023-05-24,189.5,191.85001,189.5,190.0,86776.0
2023-05-25,188.0,190.0,188.0,188.60001,49763.0
2023-05-26,188.0,191.95,188.0,191.95,34464.0
2023-05-29,191.95,191.95,188.25,191.89999,200.0
2023-05-30,191.5,191.5,188.0,188.0,24354.0
2023-05-31,188.0,188.0,182.14999,182.14999,176412.0
2023-06-01,186.0,187.0,182.14999,183.05,13357.0
2023-06-02,183.10001,188.0,183.10001,188.0,4370.0
2023-06-05,188.0,189.0,186.10001,189.0,27834.0
2023-06-06,190.0,190.0,187.05,188.5,222.0
2023-06-07,188.0,188.5,188.0,188.5,57.0
2023-06-08,188.5,188.5,188.5,188.5,133.0
2023-06-09,187.10001,189.89999,185.2,187.5,17661.0
2023-06-12,185.5,188.89999,185.5,187.5,2073.0
2023-06-13,186.2,186.2,186.05,186.05,49826.0
2023-06-14,186.10001,188.0,186.0,187.5,20905.0
2023-06-15,188.7,193.0,188.60001,192.95,6354.0
2023-06-16,193.5,197.0,191.10001,194.0,9068.0
2023-06-19,194.0,194.0,188.0,188.0,630.0
2023-06-20,190.39999,199.0,190.0,192.0,44281.0
2023-06-21,195.0,195.0,191.95,191.95,16938.0
2023-06-22,194.3,194.3,193.5,193.5,21.0
2023-06-23,193.5,195.0,193.5,195.0,50543.0
2023-06-26,197.0,197.0,194.0,194.0,392.0
2023-06-27,194.0,194.0,193.3,193.55,11613.0
2023-06-28,195.0,197.0,193.7,195.0,33351.0
2023-07-03,197.55,198.0,195.0,197.0,3524.0
2023-07-04,198.0,198.0,197.0,197.0,523.0
2023-07-05,197.5,200.5,196.0,198.14999,11404.0
2023-07-06,197.5,198.0,195.0,195.0,105.0
2023-07-07,196.0,196.0,190.10001,195.89999,1239.0
2023-07-10,196.5,197.0,196.5,196.95,2041.0
2023-07-11,195.0,195.0,195.0,195.0,55.0
2023-07-12,195.0,196.95,195.0,196.0,1003.0
2023-07-13,196.0,196.0,196.0,196.0,2056.0
2023-07-14,191.2,197.0,191.0,197.0,9354.0
2023-07-17,192.0,196.5,192.0,196.0,5727.0
2023-07-18,197.75,201.5,197.60001,198.0,7321.0
2023-07-20,198.0,200.0,198.0,199.5,2120.0
2023-07-21,199.8,201.0,194.10001,200.0,4733.0
2023-07-24,200.5,201.89999,200.0,200.0,15053.0
2023-07-25,201.8,201.8,201.8,201.8,1.0
2023-07-26,201.8,201.8,198.10001,200.0,52690.0
2023-07-27,200.0,204.5,200.0,202.8,4290.0
2023-07-28,204.89999,214.95,203.10001,214.95,30229.0
2023-08-01,214.0,219.0,213.89999,218.55,1561.0
2023-08-02,214.0,215.0,212.0,215.0,4213.0
2023-08-03,215.0,215.0,212.0,212.0,2784.0
2023-08-04,217.0,218.0,212.0,214.95,10826.0
2023-08-07,215.0,215.0,210.3,211.0,2057.0
2023-08-08,213.95,213.95,208.10001,210.0,9705.0
2023-08-09,211.0,211.0,208.10001,210.0,3276.0
2023-08-10,207.10001,210.0,205.0,210.0,10293.0
2023-08-11,211.0,213.0,210.0,210.0,14088.0
2023-08-15,213.0,213.0,210.0,210.0,35.0
2023-08-16,210.0,210.0,208.0,208.0,138.0
2023-08-17,208.0,212.0,206.05,210.0,7042.0
2023-08-18,210.0,210.0,206.10001,210.0,578.0
2023-08-22,207.0,207.2,205.0,206.0,10717.0
2023-08-23,204.2,205.0,202.2,203.05,3983.0
2023-08-24,209.0,209.0,202.0,202.0,29092.0
2023-08-25,201.05,208.0,201.05,208.0,101.0
2023-08-28,206.0,206.0,201.05,201.05,2223.0
2023-08-29,204.89999,204.89999,201.0,202.5,14031.0
2023-08-30,202.5,205.0,202.2,202.35001,3234.0
2023-08-31,202.45,205.5,202.0,202.0,4158.0
2023-09-01,205.45,205.45,200.05,204.8,6432.0
2023-09-04,200.10001,202.0,199.0,200.60001,106838.0
2023-09-05,200.35001,202.0,200.35001,202.0,262.0
2023-09-06,202.95,202.95,200.3,200.3,344.0
2023-09-07,200.35001,200.35001,200.35001,200.35001,922.0
2023-09-08,200.3,203.0,200.3,203.0,7361.0
2023-09-11,202.0,202.39999,196.10001,202.39999,794.0
2023-09-12,202.0,202.0,197.60001,197.60001,1711.0
2023-09-13,200.0,202.0,200.0,200.0,49106.0
2023-09-14,200.0,202.5,199.0,202.5,12689.0
2023-09-15,199.10001,203.0,199.0,201.0,21733.0
2023-09-18,201.89999,206.95,201.89999,206.0,1105.0
2023-09-19,209.0,209.0,200.5,201.0,3214.0
2023-09-20,201.10001,205.45,200.0,200.0,27766.0
2023-09-21,204.45,204.45,196.95,196.95,30527.0
2023-09-22,200.0,200.0,196.0,200.0,18316.0
2023-09-25,197.0,200.0,197.0,197.05,693.0
2023-09-26,197.0,199.89999,195.0,195.0,4204.0
2023-09-27,200.0,200.0,195.0,195.0,5177.0
2023-10-02,200.0,200.0,192.10001,193.0,6973.0
2023-10-03,200.0,200.0,193.5,193.5,2208.0
2023-10-04,193.5,193.55,192.10001,192.10001,391.0
2023-10-05,203.0,203.5,196.0,203.5,28815.0
2023-10-06,214.89999,214.89999,200.2,200.2,19220.0
2023-10-09,201.0,201.0,198.0,198.0,10516.0
2023-10-10,201.0,201.0,194.0,198.0,11269.0
2023-10-11,201.0,201.0,199.0,199.0,41072.0
2023-10-12,201.0,203.0,200.05,202.10001,39755.0
2023-10-13,200.05,204.0,199.0,201.0,5150.0
2023-10-16,198.5,201.0,198.5,200.0,1277425.0
2023-10-17,202.0,203.7,200.0,203.0,35880.0
2023-10-18,203.8,204.0,203.0,204.0,1379.0
2023-10-19,203.5,206.0,201.0,205.0,49892.0
2023-10-20,206.0,206.0,202.0,202.0,559.0
2023-10-23,204.0,204.0,203.95,204.0,854.0
2023-10-24,204.89999,205.0,204.89999,205.0,33965.0
2023-10-25,202.0,202.5,202.0,202.5,128.0
2023-10-26,203.0,204.0,203.0,204.0,8347.0
2023-10-27,204.89999,204.89999,202.0,202.64999,3843.0
2023-10-30,202.0,204.89999,202.0,204.89999,117.0
2023-10-31,204.89999,204.89999,202.0,202.0,23283.0
2023-11-01,202.0,202.0,202.0,202.0,9.0
2023-11-02,202.0,204.5,202.0,204.5,148.0
2023-11-03,201.10001,202.0,201.10001,202.0,956.0
2023-11-07,204.95,204.95,202.05,202.14999,733.0
2023-11-09,203.10001,203.10001,203.0,203.0,700.0
2023-11-10,203.0,204.5,203.0,204.5,227.0
2023-11-13,203.0,204.45,203.0,203.0,33.0
2023-11-14,203.0,203.0,202.0,202.0,2685.0
2023-11-15,204.39999,204.39999,202.0,202.0,32.0
2023-11-16,202.0,205.0,202.0,205.0,32457.0
2023-11-17,205.0,205.05,205.0,205.05,7561.0
2023-11-20,206.8,206.8,202.0,205.5,36389.0
2023-11-21,202.39999,205.5,202.39999,205.5,235.0
2023-11-22,206.5,206.8,205.5,205.5,16131.0
2023-11-23,205.0,205.89999,205.0,205.0,25351.0
2023-11-24,206.0,206.0,205.0,205.5,4215.0
2023-11-27,205.39999,205.39999,201.05,201.05,760.0
2023-11-28,201.05,203.0,200.64999,201.35001,22286.0
2023-11-29,203.0,203.0,201.25,202.0,9242.0
2023-11-30,200.2,201.95,200.0,200.10001,11482.0
2023-12-01,206.8,206.8,201.25,202.0,17931.0
2023-12-04,201.64999,205.0,201.64999,201.64999,71.0
2023-12-05,203.5,205.0,202.0,202.0,35505.0
2023-12-06,204.45,204.45,201.2,202.0,74380.0
2023-12-07,205.0,205.0,201.3,201.3,2753.0
2023-12-08,203.5,203.5,201.2,201.2,10249.0
2023-12-11,201.10001,204.95,200.05,200.2,2483.0
2023-12-12,200.5,204.89999,200.5,202.0,339.0
2023-12-13,202.0,204.89999,201.0,201.0,5059.0
2023-12-14,202.0,202.95,202.0,202.95,232.0
2023-12-15,202.95,202.95,200.0,200.0,20365.0
2023-12-18,204.8,204.8,200.0,200.0,5244.0
2023-12-19,200.14999,200.14999,200.0,200.10001,8539.0
2023-12-20,200.14999,200.14999,200.10001,200.10001,163.0
2023-12-21,200.14999,204.39999,200.14999,202.0,15495.0
2023-12-22,202.10001,205.0,200.0,200.0,13622.0
2023-12-25,204.75,204.8,200.10001,200.10001,1631.0
2023-12-26,200.14999,202.0,195.39999,195.39999,18054.0
2023-12-27,196.0,199.85001,196.0,199.0,22140.0
2023-12-28,198.89999,199.0,196.5,196.5,5254.0
2023-12-29,196.5,200.0,195.0,195.0,31596.0
2024-01-02,202.39999,202.39999,195.14999,195.89999,5106.0
2024-01-03,196.0,200.0,195.89999,200.0,8032.0
2024-01-04,198.0,200.95,196.35001,196.35001,18390.0
2024-01-05,201.89999,201.89999,196.5,197.0,9309.0
2024-01-08,197.0,199.0,195.5,195.5,29080.0
2024-01-09,195.5,198.0,195.3,198.0,2084.0
2024-01-10,199.0,199.0,199.0,199.0,150.0
2024-01-12,200.0,200.0,195.0,195.0,5990.0
2024-01-15,195.0,195.0,193.0,195.0,1898.0
2024-01-16,193.0,197.0,193.0,197.0,14542.0
2024-01-17,198.8,198.8,193.0,193.2,10311.0
2024-01-18,195.0,195.0,193.25,194.5,1342.0
2024-01-19,194.10001,198.89999,194.10001,195.0,28761.0
2024-01-22,199.0,199.0,194.10001,194.10001,232.0
2024-01-23,194.10001,196.0,194.10001,195.0,468.0
2024-01-24,195.0,195.89999,195.0,195.0,1321.0
2024-01-25,195.75,195.8,188.0,188.0,15539.0
2024-01-26,189.0,192.0,188.0,188.0,16688.0
2024-01-29,187.7,189.0,186.2,189.0,8424.0
2024-01-30,188.89999,189.0,185.0,187.0,39588.0
2024-01-31,189.39999,189.39999,187.0,187.0,281521.0
2024-02-01,188.0,188.0,185.14999,187.95,4551.0
2024-02-02,188.0,193.35001,185.5,190.0,68955.0
2024-02-05,194.95,194.95,186.10001,190.0,1463.0
2024-02-06,194.0,194.0,190.0,190.0,34134.0
2024-02-07,190.0,192.0,189.89999,190.0,1736.0
2024-02-08,190.0,190.0,187.0,187.0,16851.0
2024-02-09,189.89999,189.89999,186.45,187.0,9735.0
2024-02-12,189.89999,189.89999,187.0,187.0,17340.0
2024-02-13,187.0,189.0,187.0,187.10001,841.0
2024-02-14,187.14999,189.8,186.5,187.14999,66920.0
2024-02-15,187.14999,189.8,187.14999,188.35001,37466.0
2024-02-16,188.5,191.0,188.5,190.95,41400.0
2024-02-19,194.8,194.8,190.10001,190.2,30751.0
2024-02-20,193.0,194.0,190.5,191.0,1340.0
2024-02-21,191.0,199.95,191.0,198.0,146897.0
2024-02-22,198.0,198.0,195.0,195.05,46610.0
2024-02-23,195.14999,197.89999,195.0,195.14999,24542.0
2024-02-26,198.0,198.0,196.2,196.2,1373.0
2024-02-27,196.2,197.8,195.05,195.10001,9711.0
2024-02-28,195.75,197.8,195.75,197.75,10530.0
2024-02-29,196.25,197.89999,190.2,194.0,840253.0
2024-03-01,192.5,197.0,192.5,194.0,2042.0
2024-03-04,193.55,195.0,193.5,195.0,218.0
2024-03-05,197.0,197.0,195.0,195.0,143.0
2024-03-06,194.89999,195.0,193.0,195.0,4532.0
2024-03-07,196.89999,196.89999,193.0,193.0,5285.0
2024-03-08,195.0,195.0,194.10001,194.10001,15932.0
2024-03-11,194.0,194.0,194.0,194.0,9.0
2024-03-12,195.0,195.0,193.95,194.0,4258.0
2024-03-13,195.0,195.0,191.5,193.0,554.0
2024-03-14,195.0,195.0,192.0,192.0,102.0
2024-03-15,192.0,194.0,192.0,192.0,11396.0
2024-03-18,200.0,204.2,195.89999,195.89999,68082.0
2024-03-19,197.95,197.95,191.0,192.0,42722.0
2024-03-20,199.0,200.0,192.0,193.0,17324.0
2024-03-22,193.0,196.0,193.0,196.0,23293.0
2024-03-25,196.0,196.0,193.0,193.0,5251.0
2024-03-26,196.0,198.5,193.14999,198.5,5163.0
2024-03-27,197.0,200.0,197.0,199.0,10614.0
2024-03-28,200.0,202.0,199.0,201.39999,9915.0
2024-03-29,201.39999,201.39999,200.0,200.5,3825.0
2024-04-01,199.95,199.95,197.0,197.0,6747.0
2024-04-02,199.85001,199.85001,199.85001,199.85001,2.0
2024-04-03,199.0,199.0,196.0,196.14999,10061.0
2024-04-04,198.85001,198.85001,197.0,197.0,22588.0
2024-04-05,199.0,199.0,197.0,197.0,27972.0
2024-04-08,198.89999,198.89999,197.0,198.3,365.0
2024-04-09,197.10001,199.7,195.0,199.7,19933.0
2024-04-15,198.89999,199.0,195.5,197.0,12767.0
2024-04-16,195.2,197.5,192.14999,192.7,15372.0
2024-04-17,192.8,199.0,191.0,199.0,26104.0
2024-04-18,197.95,198.0,195.10001,197.95,52229.0
2024-04-19,198.85001,199.5,197.0,198.0,110890.0
2024-04-22,199.0,199.0,197.10001,197.10001,1523.0
2024-04-23,196.0,198.0,195.55,198.0,791.0
2024-04-24,198.8,198.8,196.55,197.0,7718.0
2024-04-25,197.0,197.0,194.0,196.10001,2710.0
2024-04-26,198.0,198.0,196.0,197.8,40520.0
2024-04-29,198.39999,199.0,197.8,198.95,9445.0
2024-04-30,198.89999,198.89999,198.0,198.0,15537.0
2024-05-02,199.45,199.45,195.0,195.0,10405.0
2024-05-03,197.5,197.5,195.10001,197.5,4873.0
2024-05-06,195.2,199.0,195.2,197.0,30198.0
2024-05-07,196.0,196.5,196.0,196.0,47608.0
2024-05-08,196.0,196.0,195.3,196.0,4127.0
2024-05-09,196.0,196.0,195.25,196.0,2298.0
2024-05-10,196.0,197.39999,195.5,195.95,1513.0
2024-05-13,197.39999,197.39999,195.95,195.95,1241.0
2024-05-14,196.05,197.0,195.8,195.8,6982.0
2024-05-15,197.95,198.0,195.0,195.0,1059.0
2024-05-16,196.0,197.5,194.0,194.0,3195.0
2024-05-17,197.5,197.5,194.0,194.0,15161.0
2024-05-20,197.0,197.2,194.10001,194.5,20032.0
2024-05-21,194.60001,194.60001,194.60001,194.60001,7552.0
2024-05-22,197.0,197.0,194.64999,196.8,10088.0
2024-05-23,196.8,197.0,196.8,197.0,65.0
2024-05-24,196.5,196.5,195.05,196.0,10002.0
2024-05-27,196.0,197.89999,195.05,195.05,12418.0
2024-05-28,195.05,197.8,195.0,195.0,21630.0
2024-05-29,195.0,195.0,194.14999,194.14999,74.0
2024-05-30,194.3,195.0,194.3,195.0,23223.0
2024-05-31,195.0,195.0,194.14999,194.2,3052.0
2024-06-03,195.0,195.0,194.60001,195.0,3035.0
2024-06-04,194.2,195.0,193.0,193.0,20495.0
2024-06-05,195.0,195.0,193.0,193.0,24429.0
2024-06-06,193.0,193.5,193.0,193.5,31.0
2024-06-07,193.60001,194.0,193.5,194.0,974.0
2024-06-10,193.0,193.0,193.0,193.0,79.0
2024-06-11,193.14999,194.0,193.14999,193.2,32003.0
2024-06-12,194.95,194.95,194.0,194.95,60.0
2024-06-13,194.0,194.0,194.0,194.0,27248.0
2024-06-14,195.0,195.0,193.39999,193.39999,280.0
2024-06-19,193.25,194.0,192.60001,192.60001,4837.0
2024-06-20,192.8,194.0,192.14999,192.60001,8538.0
2024-06-21,193.89999,194.8,190.0,190.0,9626.0
2024-06-24,194.7,194.7,192.14999,192.14999,19097.0
2024-06-25,194.5,194.5,192.0,192.05,52.0
2024-06-26,192.05,197.0,192.05,195.0,34026.0
2024-06-27,195.95,195.95,194.95,194.95,1607.0
2024-06-28,195.95,195.95,193.39999,195.95,3065.0
2024-07-01,199.0,199.0,196.0,196.0,177.0
2024-07-02,196.14999,196.14999,195.0,195.10001,111.0
2024-07-03,195.0,195.0,193.5,194.5,13899.0
2024-07-04,195.0,195.0,193.5,194.0,587.0
2024-07-05,194.0,199.0,194.0,198.89999,13017.0
2024-07-08,198.89999,198.89999,194.10001,194.10001,11.0
2024-07-09,195.14999,199.0,195.14999,199.0,7711.0
2024-07-10,198.5,205.0,197.0,205.0,11824.0
2024-07-11,196.10001,197.95,193.0,194.0,25849.0
2024-07-12,194.0,194.0,193.0,193.0,7565.0
2024-07-15,193.0,195.89999,192.0,193.0,324.0
2024-07-16,193.0,193.0,192.89999,192.89999,4510.0
2024-07-17,195.45,195.45,191.5,191.5,23354.0
2024-07-18,194.0,194.0,190.75,192.0,16887.0
2024-07-19,191.0,191.8,190.0,190.0,11532.0
2024-07-22,190.0,190.0,190.0,190.0,845.0
2024-07-23,190.0,190.0,188.10001,189.0,1223.0
2024-07-24,189.0,190.0,188.0,190.0,2088.0
2024-07-25,190.0,190.0,189.0,189.0,311.0
2024-07-26,190.0,190.0,188.39999,190.0,26326.0
2024-07-29,191.95,193.0,190.0,193.0,25585.0
2024-07-31,193.0,194.0,191.0,191.0,8547.0
2024-08-01,192.75,192.75,188.14999,190.05,1989.0
2024-08-02,189.0,190.2,189.0,189.95,32604.0
2024-08-05,188.75,189.75,184.5,187.75,7367.0
2024-08-06,186.10001,189.5,186.10001,189.5,2228.0
2024-08-07,188.2,189.45,186.0,186.0,2895.0
2024-08-08,189.0,189.0,189.0,189.0,17.0
2024-08-09,186.89999,189.0,186.0,186.0,56388.0
2024-08-12,186.10001,189.0,186.10001,188.0,4060.0
2024-08-13,189.0,189.0,187.10001,188.89999,3581.0
2024-08-15,189.0,189.0,188.0,188.0,5411.0
2024-08-16,188.95,189.0,187.10001,188.89999,456.0
2024-08-19,183.0,189.0,183.0,188.89999,1209.0
2024-08-22,187.0,189.0,187.0,188.0,254.0
2024-08-23,188.0,189.0,187.0,187.8,11460.0
2024-08-26,187.8,189.5,187.0,187.5,2998.0
2024-08-27,188.0,189.0,187.5,187.5,33347.0
2024-08-28,189.45,189.45,188.0,188.0,22230.0
2024-08-29,188.5,189.5,180.05,180.05,15069.0
2024-08-30,188.45,188.45,184.0,184.0,15702.0
2024-09-02,188.39999,189.0,184.0,184.0,1485.0
2024-09-03,186.0,186.0,183.0,184.0,2774.0
2024-09-04,186.0,186.0,184.0,184.0,1522.0
2024-09-05,184.0,188.5,184.0,184.0,5571.0
2024-09-06,184.0,186.0,182.0,182.0,28559.0
2024-09-09,183.6,184.0,180.85,180.85,52013.0
2024-09-10,183.0,185.0,180.85,180.85,15976.0
2024-09-11,181.05,184.95,180.85,184.9,16373.0
2024-09-12,182.5,184.5,182.0,182.0,17330.0
2024-09-13,183.0,184.9,183.0,184.15,35518.0
2024-09-18,183.05,185.0,183.0,184.9,13025.0
2024-09-19,184.95,193.0,183.5,192.0,217373.0
2024-09-20,193.0,193.7,190.3,192.5,66637.0
2024-09-23,192.15,193.0,190.15,192.5,2236.0
2024-09-24,192.5,195.25,190.0,191.95,55833.0
2024-09-25,192.5,192.5,192.0,192.0,11880.0
2024-09-26,193.0,193.5,190.0,190.5,71857.0
2024-09-27,193.0,193.0,190.2,193.0,24078.0
2024-09-30,193.0,193.0,190.4,190.8,5118.0
2024-10-01,190.25,191.5,190.0,190.0,24229.0
2024-10-02,188.15,188.15,181.5,184.0,25320.0
2024-10-03,183.0,188.15,183.0,187.0,9557.0
2024-10-04,188.0,190.0,185.0,189.0,27392.0
2024-10-07,191.4,197.0,189.5,197.0,37099.0
2024-10-08,197.6,205.0,197.0,197.0,119015.0
2024-10-09,195.15,199.1,195.15,196.1,257.0
2024-10-10,199.5,199.8,197.0,199.1,109223.0
2024-10-11,199.85,200.0,196.0,196.0,63971.0
2024-10-14,199.0,199.0,196.0,196.1,31479.0
2024-10-15,196.1,198.5,196.0,198.5,513.0
2024-10-16,195.25,195.25,192.0,192.0,13149.0
2024-10-17,196.0,196.0,192.0,196.0,17547.0
2024-10-18,197.0,197.0,195.0,196.0,2038.0
2024-10-21,196.95,196.95,193.0,193.0,199.0
2024-10-22,193.0,193.0,193.0,193.0,440.0
2024-10-23,191.1,196.0,191.1,196.0,5260.0
2024-10-24,192.5,192.5,192.5,192.5,25.0
2024-10-25,193.75,197.0,192.1,196.05,33224.0
2024-10-28,196.0,196.0,193.0,195.0,316.0
2024-10-29,193.5,196.0,192.65,192.65,96989.0
2024-10-30,195.8,195.8,194.0,194.0,3262.0
2024-10-31,193.0,193.0,192.5,193.0,648.0
2024-11-01,192.6,196.5,192.6,196.5,391.0
2024-11-04,196.8,196.8,196.8,196.8,1.0
2024-11-05,196.8,197.0,193.0,193.0,6065.0
2024-11-07,195.9,198.0,195.9,196.15,221671.0
2024-11-08,195.5,198.0,195.1,197.05,21453.0
2024-11-11,197.1,198.0,195.8,195.8,87555.0
2024-11-12,195.85,196.0,195.0,195.0,16454.0
2024-11-13,195.0,195.0,194.0,194.75,2247.0
2024-11-14,194.75,196.5,194.5,195.95,35962.0
2024-11-15,195.0,196.0,194.6,196.0,49259.0
2024-11-19,195.0,197.5,193.35,197.5,17309.0
2024-11-20,197.3,198.0,197.3,197.3,10524.0
2024-11-21,197.5,197.5,197.35,197.35,545.0
2024-11-22,197.3,197.3,194.0,194.0,5158.0
2024-11-25,194.0,194.0,191.0,192.0,1880.0
2024-11-26,192.0,194.0,192.0,194.0,598.0
2024-11-27,194.5,194.9,193.1,194.9,8716.0
2024-11-28,194.9,196.9,193.5,196.9,75525.0
2024-11-29,196.0,197.5,195.0,197.5,2880.0
2024-12-02,196.0,196.0,194.0,196.0,18084.0
2024-12-03,196.0,199.0,196.0,196.0,6744.0
2024-12-04,195.15,195.15,195.15,195.15,500.0
2024-12-05,196.0,197.1,195.0,195.15,2920.0
2024-12-06,195.0,197.0,195.0,195.5,342.0
2024-12-09,195.0,195.0,193.5,195.0,13122.0
2024-12-10,193.5,195.0,193.5,195.0,8444.0
2024-12-11,193.7,194.0,193.7,194.0,53.0
2024-12-12,194.0,194.0,193.0,193.0,2399.0
2024-12-13,192.3,193.5,190.5,190.7,8989.0
2024-12-16,196.0,196.0,191.0,191.0,1103.0
2024-12-17,195.9,195.9,191.1,191.1,2010.0
2024-12-18,191.2,191.2,190.8,190.8,517.0
2024-12-19,190.8,191.0,190.0,190.0,23188.0
2024-12-20,190.0,192.5,190.0,190.0,12909.0
2024-12-23,190.0,192.0,190.0,190.0,3619.0
2024-12-24,190.0,190.0,186.0,186.0,37768.0
2024-12-25,190.0,190.0,185.7,185.7,12708.0
2024-12-26,190.0,190.0,181.0,186.0,10122.0
2024-12-27,190.0,190.0,185.0,186.05,22517.0
2024-12-30,186.2,191.95,186.1,191.0,1369.0
2024-12-31,193.0,193.0,190.0,190.0,4597.0
2025-01-02,187.0,188.0,187.0,187.0,1411.0
2025-01-03,187.8,194.0,187.0,194.0,104991.0
2025-01-06,194.0,194.0,191.0,191.5,3582.0
2025-01-07,194.0,194.0,188.5,188.6,23387.0
2025-01-08,188.7,194.0,188.6,192.0,50130.0
2025-01-09,193.0,196.8,192.0,195.25,148671.0
2025-01-10,196.0,199.0,193.0,199.0,103869.0
2025-01-13,196.0,215.0,188.0,208.0,187161.0
2025-01-15,213.0,216.9,212.05,215.0,217274.0
2025-01-16,215.9,215.9,210.1,213.0,75182.0
2025-01-17,212.0,213.0,209.0,209.1,50815.0
2025-01-20,209.0,209.0,201.6,204.45,24736.0
2025-01-21,204.5,205.0,200.0,200.25,77541.0
2025-01-22,200.0,203.9,196.1,201.5,78954.0
2025-01-23,205.0,207.95,200.1,207.0,83337.0
2025-01-24,208.0,208.85,204.0,208.0,47870.0
2025-01-27,208.85,208.85,204.5,207.95,312.0
2025-01-28,207.4,207.4,205.0,206.6,961.0
2025-01-29,206.5,206.5,203.0,206.45,6429.0
2025-01-30,207.0,209.9,204.0,209.0,43484.0
2025-01-31,205.0,209.0,205.0,205.0,58675.0
2025-02-03,214.0,214.0,210.0,210.0,4127.0
2025-02-04,210.0,210.0,206.5,210.0,5257.0
2025-02-05,205.2,210.0,205.1,205.1,2834.0
2025-02-06,205.0,209.9,205.0,209.9,5651.0
2025-02-07,210.0,210.0,207.0,209.8,11434.0
2025-02-10,209.7,209.7,205.1,208.9,1286.0
2025-02-11,208.0,208.0,205.5,206.0,4743.0
2025-02-12,206.0,206.0,205.0,205.5,761.0
2025-02-13,206.0,206.0,205.0,205.0,6340.0
2025-02-14,206.0,206.0,203.0,203.5,25433.0
2025-02-17,203.5,207.0,202.5,205.0,32101.0
2025-02-18,203.0,206.0,203.0,205.0,138008.0
2025-02-19,205.0,205.0,204.0,204.0,5501.0
2025-02-20,203.7,205.0,203.15,205.0,31683.0
2025-02-21,205.9,205.9,204.0,205.0,67204.0
2025-02-24,206.0,207.45,203.5,207.45,39272.0
2025-02-25,207.5,207.5,204.05,206.05,3163.0
2025-02-26,205.0,207.45,205.0,207.45,82224.0
2025-02-27,207.0,207.0,204.5,205.0,39481.0
2025-02-28,206.0,208.0,203.0,208.0,125505.0
2025-03-03,203.2,208.0,203.2,208.0,8614.0
2025-03-04,207.9,208.0,203.0,203.0,20908.0
2025-03-05,207.7,207.7,200.0,200.0,30661.0
2025-03-06,200.2,206.8,200.2,206.8,1050.0
2025-03-07,201.2,205.0,201.2,205.0,21702.0
2025-03-10,206.0,208.0,205.0,206.0,11415.0
2025-03-11,206.0,206.0,202.0,205.0,85.0
2025-03-12,205.0,205.0,202.2,205.0,3840.0
2025-03-13,202.0,205.0,201.0,201.0,5593.0
2025-03-14,201.0,206.0,200.6,205.0,101537.0
2025-03-17,204.95,204.95,200.6,200.6,9098.0
2025-03-18,201.45,205.0,201.4,202.0,1920.0
2025-03-19,204.5,206.0,202.5,206.0,144072.0
2025-03-20,209.5,219.0,209.5,213.0,439338.0
2025-03-21,215.95,217.0,214.9,216.0,135315.0
2025-03-24,215.0,216.05,214.1,216.05,45105.0
2025-03-25,216.05,216.5,213.1,213.1,10913.0
2025-03-26,215.1,215.45,210.0,214.5,19258.0
2025-03-27,215.0,215.0,212.0,213.85,11688.0
2025-03-28,213.85,226.0,213.85,226.0,217322.0
2025-04-02,226.2,233.0,225.0,227.0,10604.0
2025-04-03,225.1,228.4,219.0,222.6,39228.0
2025-04-04,219.9,221.0,218.0,218.1,73327.0
2025-04-07,216.95,216.95,207.0,207.0,20158.0
2025-04-08,210.0,219.8,207.1,207.1,30509.0
2025-04-09,208.0,209.5,206.5,207.8,14614.0
2025-04-10,216.0,219.3,213.05,214.0,59526.0
2025-04-11,211.0,216.85,208.3,208.3,47870.0
2025-04-14,216.9,216.9,214.95,214.95,55828.0
2025-04-15,211.0,218.0,211.0,218.0,6343.0
2025-04-16,218.0,219.5,215.9,219.0,84243.0
2025-04-17,219.0,223.9,217.0,217.25,11383.0
2025-04-18,220.0,229.0,220.0,226.0,283225.0
2025-04-21,224.7,226.1,224.15,226.1,23077.0
2025-04-22,227.0,228.7,225.0,225.2,1489.0
2025-04-23,228.6,238.95,228.6,236.15,125479.0
2025-04-24,236.05,244.0,236.05,239.0,76022.0
2025-04-25,240.0,241.95,239.0,239.0,12919.0
2025-04-28,240.0,241.9,231.1,238.7,2265.0
2025-04-29,232.1,240.0,232.1,240.0,23002.0
2025-04-30,239.95,239.95,233.55,237.0,63658.0
2025-05-02,239.0,239.0,237.0,238.0,7271.0
2025-05-05,236.1,238.0,233.1,235.0,1112.0
2025-05-06,238.0,238.0,235.0,235.0,375.0
2025-05-07,237.1,240.0,235.0,240.0,19570.0
2025-05-08,241.0,241.0,237.5,240.0,2002.0
2025-05-09,241.45,241.85,239.0,241.5,1460.0
2025-05-12,241.5,241.9,240.0,240.0,31555.0
2025-05-13,242.0,242.0,238.0,241.8,87640.0
2025-05-14,241.45,241.5,239.0,241.45,27044.0
2025-05-15,241.45,241.5,239.05,240.0,10804.0
2025-05-16,239.5,241.0,235.05,235.05,56434.0
2025-05-19,235.0,240.0,234.0,235.05,14427.0
2025-05-20,238.0,238.0,235.05,235.15,1128.0
2025-05-21,240.0,240.0,239.9,239.9,18578.0
2025-05-22,239.9,239.9,236.2,236.2,279.0
2025-05-23,236.35,239.95,235.05,235.05,19175.0
2025-05-26,239.95,239.95,230.0,230.0,20539.0
2025-05-27,230.0,235.0,230.0,230.0,8620.0
2025-05-28,230.1,234.95,230.0,230.2,11018.0
2025-05-29,230.1,230.1,227.2,230.0,2585.0
2025-05-30,228.15,234.0,228.15,230.0,52999.0
2025-06-02,230.0,233.0,228.5,233.0,552.0
2025-06-03,233.0,235.0,227.2,235.0,3857.0
2025-06-04,232.0,235.0,231.1,235.0,3505.0
2025-06-05,233.0,242.5,230.0,237.5,20230.0
2025-06-06,239.95,243.0,237.45,243.0,6389.0
2025-06-10,243.9,243.9,235.0,238.0,41538.0
2025-06-11,236.0,240.0,235.1,235.1,23546.0
2025-06-12,236.45,236.45,235.1,236.0,52588.0
2025-06-13,235.0,236.0,227.0,235.0,35099.0
2025-06-16,236.0,236.0,230.0,234.0,2086.0
2025-06-17,230.5,234.95,229.2,230.5,38983.0
2025-06-18,230.5,231.0,229.0,229.0,6495.0
2025-06-19,228.2,230.0,225.1,227.0,41338.0
2025-06-20,230.0,234.4,227.0,230.15,46477.0
2025-06-23,228.2,229.0,228.1,229.0,2838.0
2025-06-24,229.6,234.9,229.6,230.0,1417.0
2025-06-25,234.8,235.15,230.5,235.15,16032.0
2025-06-26,235.2,235.2,230.0,230.0,721.0
2025-06-30,235.0,235.0,230.0,235.0,1010.0
2025-07-01,230.0,235.75,230.0,235.75,3281.0
2025-07-02,237.8,243.0,236.0,242.0,51671.0
2025-07-03,242.0,252.95,242.0,250.75,126129.0
2025-07-04,252.85,252.85,246.6,252.1,94977.0
2025-07-07,252.4,252.4,247.0,252.0,2470.0
2025-07-08,245.4,260.0,245.4,259.9,65210.0
2025-07-09,259.0,260.85,254.0,260.85,1873.0
2025-07-10,260.9,260.9,255.0,255.2,35002.0
2025-07-11,260.0,262.0,259.9,261.6,116753.0
2025-07-14,261.6,262.2,258.0,258.0,1367.0
2025-07-15,257.0,259.0,255.0,256.5,45847.0
2025-07-16,256.5,257.0,255.1,255.1,16149.0
2025-07-17,258.5,260.0,255.0,260.0,10644.0
2025-07-18,259.0,266.0,255.0,266.0,31696.0
2025-07-21,255.0,260.0,246.0,253.9,842.0
2025-07-22,249.5,249.5,248.0,249.0,1671.0
2025-07-23,249.0,249.0,242.0,244.0,47752.0
2025-07-24,245.0,245.0,242.0,242.0,34296.0
2025-07-25,241.2,245.0,241.2,242.0,51808.0
2025-07-28,243.0,245.5,235.5,235.5,15164.0
2025-07-29,240.9,249.0,240.0,242.0,29948.0
2025-07-31,249.0,250.0,243.55,249.9,182128.0
2025-08-01,248.95,248.95,245.0,245.0,1380.0
2025-08-04,250.0,250.0,241.0,242.0,13789.0
2025-08-05,243.9,243.9,239.55,239.55,42043.0
2025-08-06,240.0,243.9,239.6,240.0,164095.0
2025-08-07,241.95,247.85,240.0,244.95,1432.0
2025-08-08,246.9,246.9,240.55,245.1,31746.0
2025-08-11,245.0,245.0,242.1,243.9,711.0
2025-08-12,244.0,244.9,240.0,240.15,13639.0
2025-08-13,244.5,244.8,240.0,244.0,9824.0
2025-08-15,245.0,245.0,240.1,243.95,21554.0
2025-08-18,243.9,243.9,240.0,240.0,109681.0
2025-08-19,240.0,240.0,234.9,235.0,101669.0
2025-08-22,232.2,239.0,232.2,237.0,11560.0
2025-08-25,236.5,239.0,236.0,236.05,1999.0
2025-08-26,238.9,238.9,232.05,232.05,8080.0
2025-08-27,238.0,238.0,236.1,237.8,1169.0
2025-08-28,240.0,240.0,234.9,234.9,6052.0
2025-08-29,236.0,238.0,232.15,237.95,40517.0
2025-09-01,234.7,238.0,232.0,237.2,19566.0
2025-09-02,234.0,237.95,232.0,233.05,27570.0
2025-09-03,235.85,239.0,235.0,236.0,67151.0
2025-09-04,236.0,236.0,233.0,233.0,17600.0
2025-09-08,235.9,235.9,229.95,229.95,38706.0
2025-09-09,230.0,232.0,215.5,215.5,67181.0
2025-09-10,224.9,228.9,220.05,226.0,5037.0
2025-09-11,232.45,232.45,227.0,227.0,5077.0
2025-09-12,227.0,230.0,219.95,222.0,14375.0
2025-09-15,230.9,230.9,222.0,222.0,6197.0
2025-09-16,226.0,226.0,216.2,216.2,10140.0
2025-09-17,223.9,223.9,216.0,216.0,17075.0
2025-09-18,224.95,224.95,220.0,220.1,9431.0
2025-09-19,222.0,230.0,219.0,230.0,56304.0
2025-09-22,229.95,229.95,225.0,225.0,68902.0
2025-09-23,228.9,228.9,223.6,223.6,8949.0
2025-09-24,222.0,223.0,220.0,220.0,12831.0
2025-09-25,219.5,219.5,217.0,217.0,28489.0
2025-09-26,217.15,220.0,215.0,215.0,29901.0
2025-09-29,215.0,219.55,207.0,207.0,27707.0
2025-09-30,217.7,217.7,205.0,214.0,23538.0
2025-10-01,215.0,215.0,201.0,201.0,23846.0
2025-10-02,207.0,208.0,198.0,203.0,17823.0
2025-10-03,209.0,214.0,207.5,207.5,114849.0
2025-10-06,213.9,218.75,212.0,213.95,875.0
2025-10-07,214.0,214.0,208.0,208.0,3799.0
2025-10-08,210.0,210.0,205.0,210.0,24201.0
2025-10-09,210.0,210.0,201.0,201.0,152451.0
2025-10-10,207.95,207.95,202.0,204.0,74429.0
2025-10-13,207.95,208.0,200.05,204.05,14533.0
2025-10-14,208.0,209.6,198.0,198.0,145746.0
2025-10-15,204.45,204.45,197.0,198.9,72953.0
2025-10-16,200.0,204.25,199.0,204.25,78101.0
2025-10-17,206.0,207.35,203.2,204.0,5863.0
2025-10-20,208.9,208.9,205.0,207.0,3954.0
2025-10-21,209.6,213.0,208.0,213.0,34307.0
2025-10-22,211.05,213.95,210.2,212.0,109576.0
2025-10-23,213.9,213.9,212.0,213.0,26444.0
2025-10-24,210.3,218.1,210.3,218.1,35491.0
2025-10-27,219.0,220.0,218.15,219.0,2291.0
2025-10-28,218.1,219.5,217.0,218.0,13121.0
2025-10-29,216.0,219.0,216.0,216.4,80360.0
2025-10-30,218.95,218.95,216.1,217.0,10775.0
2025-10-31,216.0,218.7,216.0,217.0,14950.0
2025-11-03,218.5,218.5,215.0,215.0,11232.0
2025-11-04,215.5,217.5,214.0,215.7,2443.0
2025-11-05,214.15,215.0,210.0,210.0,33086.0
2025-11-07,216.0,216.0,210.0,210.0,8182.0
2025-11-10,214.0,217.0,205.95,205.95,16579.0
2025-11-11,209.0,209.0,200.0,200.0,22990.0
2025-11-12,208.0,213.05,202.0,204.0,3539.0
2025-11-13,209.9,212.3,207.0,207.0,3997.0
2025-11-14,211.8,212.0,204.0,204.0,37892.0
2025-11-17,211.9,211.9,204.0,204.0,4131.0
2025-11-19,204.0,208.6,198.0,198.0,43773.0
2025-11-20,204.7,204.7,195.0,195.0,10909.0
2025-11-21,202.0,202.9,197.05,200.0,33607.0
2025-11-24,200.0,203.0,194.0,194.0,174732.0
2025-11-25,199.0,200.0,196.0,200.0,3706.0
2025-11-26,199.9,200.5,198.1,200.0,6811.0
2025-11-27,201.0,202.0,196.0,196.0,3166.0
2025-11-28,197.0,200.95,197.0,198.0,5519.0
2025-12-01,202.75,202.75,198.0,199.95,1294.0
2025-12-02,199.95,200.0,198.0,199.9,42645.0
2025-12-03,200.0,200.0,197.0,197.0,3828.0
2025-12-04,200.0,200.0,195.0,197.0,2363.0
2025-12-05,197.0,198.9,197.0,198.0,131244.0
2025-12-08,200.0,202.9,197.0,197.0,32798.0
2025-12-09,200.0,200.0,197.0,198.0,37537.0
2025-12-10,198.0,199.4,197.0,198.0,31735.0
2025-12-11,199.4,205.0,199.0,199.0,6874.0
2025-12-12,201.95,201.95,197.05,197.05,6706.0
2025-12-15,198.0,200.0,197.05,197.65,1126.0
2025-12-16,197.0,202.0,197.0,200.4,40484.0
2025-12-17,202.0,204.5,201.55,203.7,38995.0
2025-12-18,204.9,204.9,201.1,203.0,5636.0
2025-12-19,204.6,204.6,200.0,200.0,49537.0
2025-12-22,200.05,204.4,200.0,200.0,56132.0
2025-12-23,201.0,203.0,200.0,201.9,1134.0
2025-12-24,202.95,202.95,200.0,200.0,3044.0
2025-12-25,200.0,202.85,198.0,198.0,40484.0
2025-12-26,200.0,202.0,190.0,190.0,114809.0
2025-12-29,200.0,202.85,193.0,193.0,13349.0
2025-12-30,198.0,199.45,197.0,197.0,31709.0
2025-12-31,200.0,203.5,198.0,203.5,17844.0
2026-01-02,204.8,207.0,201.6,207.0,47664.0
2026-01-05,207.0,213.0,207.0,211.0,76943.0
2026-01-06,213.5,214.85,210.6,213.5,62934.0
2026-01-07,214.5,214.5,207.1,207.1,6041.0
2026-01-08,212.9,212.9,208.3,211.35,55307.0
2026-01-09,211.95,212.0,208.1,211.5,101105.0
2026-01-12,212.0,212.0,210.0,211.5,9745.0
2026-01-13,211.9,212.0,210.0,210.0,13716.0
2026-01-15,212.4,212.4,209.15,210.0,15944.0
2026-01-16,212.25,212.25,209.1,209.95,23548.0
2026-01-19,212.5,212.5,209.0,209.0,18925.0
2026-01-20,209.1,209.25,205.0,208.0,8153.0
2026-01-21,210.0,210.0,204.0,204.0,8416.0
2026-01-22,208.7,208.95,206.6,207.8,20836.0
2026-01-23,208.9,208.9,203.0,203.0,43249.0
2026-01-26,208.95,208.95,202.0,202.0,3546.0
2026-01-27,204.9,204.9,202.0,203.0,102326.0
2026-01-28,207.0,208.0,203.15,208.0,2289.0
2026-01-29,208.0,214.9,205.05,211.0,12878.0
2026-01-30,211.0,211.9,206.0,206.0,6199.0
2026-02-02,207.0,210.5,203.0,203.0,37183.0
2026-02-03,206.0,208.5,203.0,203.0,22538.0
2026-02-04,206.0,207.7,200.0,204.0,21621.0
2026-02-05,205.0,205.0,200.0,200.0,19235.0
2026-02-06,200.0,204.0,200.0,202.95,32499.0
2026-02-09,203.0,204.85,202.0,203.0,756.0
2026-02-10,204.85,204.85,200.0,203.0,10752.0
2026-02-11,202.0,203.1,200.3,203.0,23435.0
2026-02-12,203.9,203.9,201.0,203.0,19843.0
2026-02-13,203.85,203.85,200.0,200.0,36512.0
2026-02-16,203.45,203.45,200.5,202.9,9487.0
2026-02-17,202.0,202.0,201.2,202.0,22169.0
2026-02-18,202.0,202.0,201.25,201.5,34460.0
2026-02-19,204.8,204.8,202.0,203.0,10685.0
2026-02-20,204.0,204.0,201.5,202.0,38199.0
2026-02-23,204.0,204.0,200.0,204.0,36300.0
2026-02-24,201.05,204.75,201.05,201.9,41569.0
2026-02-25,204.4,204.4,199.4,199.4,24919.0
2026-02-26,202.45,202.45,196.35,196.35,29100.0
2026-02-27,197.5,199.95,190.0,190.0,83562.0
2026-03-02,185.0,189.0,185.0,185.0,96708.0
2026-03-03,186.0,189.0,167.0,167.0,163116.0
2026-03-04,183.0,183.0,150.35,150.35,96299.0
2026-03-05,165.35,165.35,165.35,165.35,176.0
2026-03-06,181.85,181.85,181.85,181.85,3555.0
2026-03-09,175.0,180.0,175.0,175.25,66346.0
2026-03-10,189.0,189.0,182.5,185.0,97093.0
2026-03-11,189.0,189.0,186.0,189.0,71963.0
2026-03-12,191.7,191.7,189.0,189.1,48199.0
2026-03-13,191.0,191.8,186.3,190.0,117619.0
2026-03-16,190.0,195.0,187.0,195.0,54879.0
2026-03-17,192.0,194.95,189.8,190.0,63762.0
2026-03-18,190.0,192.0,190.0,191.0,16517.0
2026-03-19,193.0,193.0,187.0,188.0,44048.0
2026-03-24,192.0,192.8,190.0,190.0,26930.0
2026-03-25,193.4,196.0,190.55,194.25,9720.0
2026-03-26,195.0,195.0,190.9,190.9,20039.0
2026-03-27,192.0,193.9,190.0,190.0,33901.0
