Time,Open,High,Low,Close,Volume
2012-03-26,253.0,254.10001,253.0,253.0,469.0
2012-03-27,237.85001,237.85001,237.85001,237.85001,2.0
2012-03-30,252.05,252.05,252.05,252.05,2.0
2012-04-03,240.5,240.5,240.5,240.5,100.0
2012-04-05,240.0,240.5,240.0,240.0,20.0
2012-04-06,240.0,240.0,240.0,240.0,540.0
2012-04-13,240.0,240.0,240.0,240.0,450.0
2012-04-17,247.0,247.0,247.0,247.0,3.0
2012-04-19,240.0,247.0,240.0,240.0,14.0
2012-04-20,240.0,240.0,240.0,240.0,1.0
2012-04-24,240.0,240.0,240.0,240.0,14.0
2012-04-26,240.0,240.0,240.0,240.0,12.0
2012-04-27,240.5,240.5,240.0,240.5,150.0
2012-04-30,240.0,240.5,240.0,240.0,70.0
2012-05-02,240.0,240.0,240.0,240.0,6.0
2012-05-03,250.0,250.0,240.0,250.0,492.0
2012-05-04,235.0,235.0,235.0,235.0,24.0
2012-05-11,227.0,227.0,227.0,227.0,10.0
2012-05-14,225.0,225.0,225.0,225.0,24.0
2012-05-15,225.0,225.0,225.0,225.0,1500.0
2012-05-17,216.0,216.5,216.0,216.0,24.0
2012-05-18,216.5,216.5,216.5,216.5,125.0
2012-05-22,227.89999,227.89999,227.89999,227.89999,8.0
2012-05-24,240.0,240.0,240.0,240.0,4.0
2012-05-29,226.0,226.0,226.0,226.0,197.0
2012-05-30,237.0,237.0,237.0,237.0,10.0
2012-05-31,240.0,240.0,230.05,240.0,208.0
2012-06-01,240.0,240.0,240.0,240.0,4.0
2012-06-04,249.89999,249.89999,249.89999,249.89999,3.0
2012-06-05,235.0,235.0,235.0,235.0,24.0
2012-06-07,240.0,240.05,240.0,240.0,208.0
2012-06-08,249.0,249.0,249.0,249.0,8.0
2012-06-12,235.05,236.0,235.05,235.05,19.0
2012-06-13,227.10001,227.10001,227.10001,227.10001,84.0
2012-06-15,240.64999,240.64999,240.64999,240.64999,3.0
2012-06-18,240.25,240.25,240.25,240.25,26.0
2012-06-19,240.7,240.7,228.55,240.7,30.0
2012-06-21,240.0,240.0,240.0,240.0,82000.0
2012-06-26,240.0,249.10001,240.0,240.0,150205.0
2012-06-27,240.0,240.0,240.0,240.0,250000.0
2012-06-28,250.0,250.0,226.0,250.0,100600.0
2012-06-29,265.0,265.0,240.0,265.0,100040.0
2012-07-03,274.0,274.0,249.10001,274.0,218.0
2012-07-05,280.0,280.0,278.0,280.0,10.0
2012-07-12,247.5,247.5,247.5,247.5,15.0
2012-07-13,262.29999,262.29999,262.29999,262.29999,2.0
2012-07-19,272.75,272.75,246.60001,272.75,81.0
2012-07-24,272.0,272.0,256.39999,272.0,111.0
2012-07-27,269.0,269.0,255.7,269.0,138.0
2012-07-31,267.0,267.0,252.89999,267.0,646.0
2012-08-01,266.0,266.0,251.0,266.0,101.0
2012-08-03,270.0,270.0,270.0,270.0,68.0
2012-08-09,256.0,256.0,256.0,256.0,50.0
2012-08-17,259.45001,259.45001,242.05,259.45001,60.0
2012-08-22,243.95,244.0,243.89999,243.95,23.0
2012-08-24,255.95,255.95,255.95,255.95,3.0
2012-08-27,243.0,243.0,243.0,243.0,20.0
2012-08-30,250.0,250.0,243.0,250.0,51.0
2012-08-31,263.79999,263.79999,263.79999,263.79999,50.0
2012-09-03,263.0,263.0,248.0,263.0,40.0
2012-09-04,269.95001,269.95001,269.95001,269.95001,1.0
2012-09-07,266.85001,266.85001,253.8,266.85001,27.0
2012-09-11,253.8,253.8,253.8,253.8,21.0
2012-09-17,240.0,240.0,240.0,240.0,6.0
2012-09-18,225.60001,225.60001,225.60001,225.60001,94.0
2012-09-20,239.0,239.0,216.0,239.0,28.0
2012-09-21,239.0,239.0,224.8,239.0,58.0
2012-09-25,224.7,224.7,224.7,224.7,27.0
2012-09-26,227.0,227.0,227.0,227.0,10.0
2012-09-27,217.0,217.0,217.0,217.0,249.0
2012-09-28,217.0,217.0,217.0,217.0,74.0
2012-10-02,217.0,217.0,217.0,217.0,263.0
2012-10-03,204.10001,205.0,204.05,204.10001,64.0
2012-10-04,212.89999,212.89999,212.89999,212.89999,2.0
2012-10-05,225.64999,225.64999,212.60001,225.64999,27.0
2012-10-08,214.0,214.10001,214.0,214.0,12.0
2012-10-09,214.0,214.0,214.0,214.0,13.0
2012-10-12,224.0,224.0,224.0,224.0,15.0
2012-10-15,236.0,236.0,224.5,236.0,391.0
2012-10-16,223.5,223.5,223.5,223.5,19.0
2012-10-17,214.0,214.0,214.0,214.0,2.0
2012-10-18,204.95,204.95,204.95,204.95,23.0
2012-10-19,217.2,217.2,217.2,217.2,60.0
2012-10-22,213.25,213.25,204.25,213.25,283.0
2012-10-25,210.0,210.0,204.0,210.0,558.0
2012-10-31,210.0,210.0,210.0,210.0,100.0
2012-11-01,210.0,210.0,210.0,210.0,60.0
2012-11-05,210.0,210.0,210.0,210.0,5.0
2012-11-07,210.0,210.0,210.0,210.0,169.0
2012-11-12,209.0,209.0,209.0,209.0,3.0
2012-11-13,205.0,205.0,205.0,205.0,2.0
2012-11-14,210.0,210.0,205.0,210.0,53.0
2012-11-15,214.89999,214.89999,210.0,214.89999,250.0
2012-11-19,204.10001,205.10001,204.10001,204.10001,48.0
2012-11-20,216.3,216.3,214.0,216.3,364.0
2012-11-22,219.8,219.8,219.8,219.8,10.0
2012-11-27,219.0,219.0,219.0,219.0,15.0
2012-11-29,207.25,207.25,207.25,207.25,1.0
2012-11-30,217.95,217.95,217.95,217.95,16.0
2012-12-03,218.0,218.0,218.0,218.0,12.0
2012-12-04,212.0,218.0,212.0,212.0,945952.0
2012-12-07,214.05,214.05,214.05,214.05,1.0
2012-12-12,212.5,212.5,212.5,212.5,1.0
2012-12-14,212.0,212.5,212.0,212.0,10.0
2012-12-19,212.0,212.0,212.0,212.0,1.0
2012-12-21,212.0,212.0,212.0,212.0,19.0
2012-12-24,210.0,212.0,210.0,210.0,24006.0
2012-12-25,206.14999,206.14999,206.14999,206.14999,30.0
2012-12-26,215.0,216.0,206.2,215.0,23.0
2012-12-27,206.14999,213.0,206.10001,206.14999,1642665.0
2012-12-28,206.0,210.0,206.0,206.0,13.0
2012-12-31,193.64999,210.0,193.64999,193.64999,295.0
2013-01-02,200.0,205.25,200.0,200.0,40.0
2013-01-03,188.0,188.0,188.0,188.0,23.0
2013-01-07,199.25,199.25,199.25,199.25,1.0
2013-01-10,190.0,190.0,190.0,190.0,5.0
2013-01-14,190.0,190.0,190.0,190.0,500.0
2013-01-15,178.60001,190.0,178.60001,178.60001,21.0
2013-01-16,188.0,188.0,178.0,188.0,276.0
2013-01-17,187.5,187.5,187.5,187.5,7.0
2013-01-21,176.25,176.25,176.25,176.25,44.0
2013-01-23,184.0,185.0,184.0,184.0,76.0
2013-01-28,184.0,185.0,184.0,184.0,40.0
2013-01-29,185.95,185.95,173.0,185.95,16.0
2013-02-01,174.8,174.8,174.8,174.8,2.0
2013-02-05,175.0,176.0,175.0,175.0,60.0
2013-02-06,175.0,180.0,175.0,175.0,20.0
2013-02-07,165.05,175.0,164.5,165.05,298.0
2013-02-08,155.14999,155.14999,155.14999,155.14999,521.0
2013-02-11,140.0,140.10001,139.64999,140.0,798.0
2013-02-12,136.10001,140.0,136.0,136.10001,350.0
2013-02-13,128.0,144.25,128.0,128.0,935.0
2013-02-14,120.35,135.64999,120.35,120.35,841.0
2013-02-15,120.35,126.0,113.15,120.35,401.0
2013-02-18,110.0,119.0,108.35,110.0,556.0
2013-02-19,121.0,121.0,110.0,121.0,6819.0
2013-02-20,133.10001,133.10001,121.0,133.10001,207.0
2013-02-21,146.39999,146.39999,146.0,146.39999,245.0
2013-02-22,158.95,161.0,151.0,161.0,485.0
2013-02-25,170.64999,170.64999,169.0,169.89999,411.0
2013-02-26,169.0,180.0,168.0,180.0,766.0
2013-02-27,185.0,190.3,185.0,190.0,203.0
2013-02-28,198.0,198.0,190.0,195.0,633.0
2013-03-01,183.5,183.5,183.3,183.3,311.0
2013-03-06,172.0,182.0,165.0,165.0,453.0
2013-03-07,155.10001,160.0,155.10001,160.0,60.0
2013-03-08,150.39999,165.0,150.39999,165.0,117.0
2013-03-11,155.10001,155.10001,155.10001,155.10001,14.0
2013-03-12,150.0,160.0,145.8,146.0,44.0
2013-03-13,145.8,146.0,145.8,146.0,39.0
2013-03-14,150.0,150.0,150.0,150.0,22.0
2013-03-15,159.0,159.0,159.0,159.0,4.0
2013-03-18,150.0,164.95,150.0,164.95,2.0
2013-03-19,174.8,174.8,174.8,174.8,10.0
2013-03-20,164.35001,170.0,164.35001,164.35001,220.0
2013-03-21,164.0,164.35001,154.5,164.35001,22.0
2013-03-22,155.0,164.35001,155.0,164.35001,62.0
2013-03-25,171.95,171.95,154.5,170.0,27.0
2013-03-27,153.0,168.95,153.0,168.95,88.0
2013-04-01,152.10001,152.10001,152.10001,152.10001,23.0
2013-04-03,155.0,169.0,155.0,155.0,233.0
2013-04-05,155.25,155.25,155.25,155.25,24.0
2013-04-08,156.0,164.55,156.0,164.0,47.0
2013-04-09,165.0,165.0,157.05,157.35001,6.0
2013-04-10,158.05,164.95,158.05,160.0,15.0
2013-04-11,165.0,165.0,155.0,155.5,118.0
2013-04-12,163.0,163.0,163.0,163.0,40.0
2013-04-15,163.95,163.95,163.95,163.95,3.0
2013-04-18,157.0,164.5,154.14999,154.14999,539.0
2013-04-29,150.0,150.0,140.0,140.25,42.0
2013-04-30,140.25,148.64999,140.25,148.64999,23.0
2013-05-03,150.0,150.0,150.0,150.0,1.0
2013-05-09,141.10001,141.10001,141.0,141.0,30.0
2013-05-10,140.10001,140.10001,140.10001,140.10001,26.0
2013-05-14,148.5,148.5,141.10001,141.10001,17.0
2013-05-15,140.10001,140.10001,140.10001,140.10001,66.0
2013-05-20,141.0,141.0,140.10001,140.10001,64.0
2013-05-22,140.10001,140.10001,140.10001,140.10001,25.0
2013-05-24,141.0,141.0,140.10001,140.10001,131.0
2013-05-28,145.0,145.0,145.0,145.0,4.0
2013-05-29,140.5,140.5,140.5,140.5,24.0
2013-06-03,140.5,140.5,140.5,140.5,1.0
2013-06-06,145.0,145.0,145.0,145.0,5.0
2013-06-07,140.5,140.5,140.5,140.5,90.0
2013-06-10,148.89999,148.89999,148.89999,148.89999,10.0
2013-06-12,140.10001,153.7,140.10001,153.7,15.0
2013-06-18,140.10001,152.8,140.10001,152.8,91.0
2013-06-20,143.75,143.75,143.75,143.75,23.0
2013-06-26,140.10001,140.10001,140.10001,140.10001,21.0
2013-06-28,140.10001,148.5,140.10001,148.5,36.0
2013-07-01,140.2,140.2,140.2,140.2,23.0
2013-07-04,140.2,140.2,140.10001,140.10001,22.0
2013-07-11,140.10001,140.10001,140.10001,140.10001,24.0
2013-07-15,140.10001,140.10001,138.5,138.5,55.0
2013-07-22,139.0,139.0,138.5,138.5,108.0
2013-07-23,138.5,138.5,138.5,138.5,23.0
2013-07-26,139.0,139.0,139.0,139.0,47.0
2013-07-29,139.0,147.0,139.0,147.0,102.0
2013-08-01,139.0,139.05,139.0,139.0,72.0
2013-08-05,146.0,146.0,139.0,139.0,235.0
2013-08-08,139.05,139.05,139.0,139.0,6.0
2013-08-23,138.7,138.7,138.7,138.7,20.0
2013-08-29,144.95,144.95,144.95,144.95,1.0
2013-09-04,138.60001,138.60001,138.60001,138.60001,32.0
2013-09-05,130.3,130.35001,130.3,130.3,224.0
2013-09-06,130.5,137.85001,122.5,137.85001,1463.0
2013-09-16,140.0,140.0,136.0,136.0,53.0
2013-09-17,122.45,122.45,122.45,122.45,118.0
2013-09-18,122.45,122.45,122.45,122.45,48.0
2013-09-19,122.45,122.45,122.45,122.45,38.0
2013-09-24,116.0,116.0,116.0,116.0,1.0
2013-09-27,122.0,122.0,116.0,116.0,98.0
2013-10-02,116.0,116.0,116.0,116.0,0.0
2013-10-03,122.95,122.95,122.35,122.35,26.0
2013-10-04,121.1,129.64999,121.0,129.64999,49.0
2013-10-07,130.0,137.39999,130.0,137.39999,134.0
2013-10-08,140.0,143.5,140.0,143.5,122.0
2013-10-09,143.39999,152.10001,143.39999,152.10001,337.0
2013-10-10,151.60001,154.0,151.60001,154.0,52.0
2013-10-11,144.8,144.8,139.0,141.0,988.0
2013-10-14,141.0,141.0,141.0,141.0,96.0
2013-10-21,140.0,140.0,140.0,140.0,5.0
2013-10-22,139.5,139.5,131.60001,131.60001,31.0
2013-10-25,125.05,139.25,125.0,139.25,1751.0
2013-10-28,131.0,143.89999,131.0,131.0,126.0
2013-10-29,138.8,138.85001,138.8,138.85001,35.0
2013-10-30,133.0,142.0,131.5,142.0,79.0
2013-10-31,144.0,144.0,144.0,144.0,60.0
2013-11-01,143.39999,150.0,143.39999,150.0,333.0
2013-11-04,150.0,150.0,149.5,149.5,10.0
2013-11-13,138.0,149.0,138.0,144.0,43.0
2013-11-14,144.0,144.0,144.0,144.0,93.0
2013-11-15,137.3,144.0,135.39999,144.0,246.0
2013-11-19,136.3,136.3,136.3,136.3,77.0
2013-11-20,136.35001,136.35001,135.0,135.0,880.0
2013-11-21,136.0,136.0,135.0,135.0,73.0
2013-11-22,132.14999,132.14999,130.0,130.0,683.0
2013-11-25,130.0,130.0,130.0,130.0,576.0
2013-11-26,130.0,137.64999,130.0,137.64999,171.0
2013-11-27,132.0,137.0,132.0,137.0,101.0
2013-11-28,128.10001,129.0,128.10001,129.0,170.0
2013-11-29,130.0,136.7,130.0,136.7,33.0
2013-12-02,136.7,139.7,130.0,130.0,203.0
2013-12-03,138.5,138.5,138.5,138.5,50.0
2013-12-04,131.05,131.05,131.05,131.05,3.0
2013-12-05,137.0,137.0,137.0,137.0,25.0
2013-12-06,136.8,137.0,131.0,131.0,312.0
2013-12-09,130.39999,138.0,130.39999,138.0,176.0
2013-12-10,131.05,131.05,130.2,130.3,532.0
2013-12-11,130.25,136.0,130.25,136.0,162.0
2013-12-12,137.39999,137.39999,137.39999,137.39999,10.0
2013-12-16,138.0,138.0,138.0,138.0,100.0
2013-12-17,138.5,138.5,137.0,137.0,56.0
2013-12-19,136.39999,136.45,136.0,136.0,86.0
2013-12-23,139.0,139.0,139.0,139.0,5.0
2013-12-24,136.0,139.0,136.0,136.0,261.0
2013-12-25,135.0,135.0,130.0,130.0,581.0
2013-12-26,138.0,138.0,138.0,138.0,50.0
2013-12-30,137.0,137.0,137.0,137.0,7.0
2013-12-31,130.5,130.5,130.0,130.0,23.0
2014-01-03,130.10001,130.10001,130.10001,130.10001,9.0
2014-01-07,131.05,136.45,131.05,136.45,192.0
2014-01-09,136.3,136.35001,136.3,136.35001,24.0
2014-01-10,131.10001,131.10001,131.05,131.10001,124.0
2014-01-13,131.2,131.2,131.0,131.0,300.0
2014-01-17,132.0,132.0,132.0,132.0,20.0
2014-01-20,132.0,132.0,132.0,132.0,3.0
2014-01-21,135.25,135.35001,130.0,130.0,522.0
2014-01-22,134.5,134.5,134.5,134.5,34.0
2014-01-24,134.0,134.0,134.0,134.0,4.0
2014-01-27,130.60001,130.8,130.0,130.0,301.0
2014-01-28,134.0,134.0,134.0,134.0,1.0
2014-01-29,130.05,130.05,130.05,130.05,110.0
2014-01-30,128.0,134.5,126.0,134.5,109.0
2014-01-31,130.5,134.0,128.14999,134.0,103.0
2014-02-05,126.45,126.45,126.45,126.45,8.0
2014-02-06,127.6,127.6,126.0,126.0,100.0
2014-02-07,126.0,126.0,126.0,126.0,24.0
2014-02-10,132.0,132.0,131.95,131.95,58.0
2014-02-12,129.0,129.0,129.0,129.0,8.0
2014-02-13,129.0,130.89999,129.0,130.89999,1510.0
2014-02-14,129.3,130.0,129.3,129.3,84.0
2014-02-17,130.05,131.64999,130.05,130.05,228.0
2014-02-18,130.0,130.0,126.0,130.0,796.0
2014-02-19,126.15,126.15,126.15,126.15,605.0
2014-02-20,126.0,126.0,125.0,125.0,1438.0
2014-02-21,125.0,125.0,125.0,125.0,1000.0
2014-02-24,125.0,125.0,125.0,125.0,64.0
2014-02-25,125.0,125.0,124.05,124.2,847.0
2014-02-26,124.2,124.2,124.0,124.0,256.0
2014-02-27,124.0,127.75,124.0,127.75,1442.0
2014-02-28,127.5,132.85001,127.5,132.85001,200.0
2014-03-03,132.8,137.0,129.0,136.95,229.0
2014-03-04,139.89999,140.0,139.89999,140.0,2219.0
2014-03-05,142.0,145.0,140.0,140.0,3049.0
2014-03-06,146.0,146.0,145.0,145.0,450.0
2014-03-07,138.14999,143.5,138.10001,143.5,133.0
2014-03-10,140.7,140.7,140.7,140.7,10.0
2014-03-11,139.05,142.95,135.14999,140.0,2560.0
2014-03-12,140.0,148.0,140.0,143.0,7444.0
2014-03-13,141.3,145.0,141.0,145.0,2806.0
2014-03-14,140.05,143.5,140.0,140.2,1585.0
2014-03-17,142.0,143.0,142.0,143.0,821.0
2014-03-18,143.0,143.0,140.0,140.0,955.0
2014-03-19,145.0,145.0,140.0,140.0,51.0
2014-03-20,140.0,144.95,140.0,144.95,719.0
2014-03-21,145.0,152.0,141.0,141.0,5906.0
2014-03-24,142.0,142.0,142.0,142.0,60.0
2014-03-25,138.2,145.0,138.2,145.0,1181.0
2014-03-26,140.0,140.0,140.0,140.0,114.0
2014-03-28,135.0,140.0,135.0,140.0,2545.0
2014-03-31,136.0,143.75,136.0,143.75,352.0
2014-04-01,136.0,143.75,136.0,143.64999,23.0
2014-04-02,143.5,143.5,135.10001,135.60001,2326.0
2014-04-03,136.10001,143.7,136.10001,143.7,3975.0
2014-04-04,148.0,156.0,148.0,151.05,5592.0
2014-04-07,157.5,160.10001,157.5,160.10001,3733.0
2014-04-08,176.10001,176.10001,168.0,168.0,2082.0
2014-04-09,170.05,174.95,167.0,168.0,1284.0
2014-04-10,167.0,170.89999,167.0,170.89999,67.0
2014-04-11,164.0,168.5,160.64999,168.5,53.0
2014-04-14,170.0,170.0,161.64999,161.64999,36.0
2014-04-15,163.95,163.95,158.5,158.5,13.0
2014-04-16,149.0,162.95,149.0,158.5,289.0
2014-04-17,164.8,167.95,164.8,166.89999,128.0
2014-04-18,168.89999,168.89999,156.89999,156.89999,1608.0
2014-04-21,156.89999,165.95,150.0,152.05,787.0
2014-04-22,156.55,158.95,153.0,158.95,112.0
2014-04-25,156.8,159.0,151.14999,158.85001,130.0
2014-04-28,156.0,156.0,151.5,152.0,732.0
2014-04-29,151.14999,157.0,150.10001,157.0,534.0
2014-04-30,156.64999,162.0,151.0,162.0,569.0
2014-05-02,152.5,162.5,152.5,162.5,12.0
2014-05-05,162.89999,162.89999,162.89999,162.89999,10.0
2014-05-06,155.0,161.0,153.2,161.0,279.0
2014-05-07,158.0,162.0,154.0,162.0,580.0
2014-05-08,154.0,163.5,154.0,163.5,15.0
2014-05-09,164.0,170.0,158.5,169.89999,721.0
2014-05-12,171.7,171.7,162.0,170.0,978.0
2014-05-13,169.7,169.89999,165.0,169.8,234.0
2014-05-14,165.10001,166.8,164.0,166.8,161.0
2014-05-15,160.0,168.39999,159.0,167.89999,760.0
2014-05-16,167.5,167.5,167.45,167.45,79.0
2014-05-19,168.5,168.5,160.0,160.25,422.0
2014-05-20,165.0,166.89999,155.0,166.89999,134.0
2014-05-21,167.0,168.45,163.0,168.39999,321.0
2014-05-22,165.0,165.0,165.0,165.0,9.0
2014-05-23,155.5,163.5,155.5,163.0,139.0
2014-05-26,157.0,163.0,157.0,157.0,80.0
2014-05-27,157.0,157.0,154.05,154.05,1388.0
2014-05-28,152.5,152.5,152.5,152.5,24.0
2014-05-29,161.64999,161.64999,153.0,153.0,71.0
2014-05-30,161.0,161.95,155.0,161.95,39.0
2014-06-02,157.0,157.0,157.0,157.0,178.0
2014-06-03,156.14999,156.14999,156.14999,156.14999,10.0
2014-06-05,160.0,160.0,150.0,150.0,861.0
2014-06-06,150.35001,150.35001,150.0,150.0,710.0
2014-06-09,152.0,158.0,152.0,158.0,21.0
2014-06-13,151.0,151.0,151.0,151.0,1.0
2014-06-18,150.10001,150.10001,147.0,147.0,101.0
2014-06-23,150.0,155.0,150.0,155.0,340.0
2014-06-24,151.0,151.0,151.0,151.0,3.0
2014-06-26,155.75,155.75,155.75,155.75,1.0
2014-06-27,151.0,151.0,151.0,151.0,51.0
2014-07-01,154.75,154.75,154.75,154.75,1.0
2014-07-02,145.7,145.75,145.0,145.0,36.0
2014-07-03,145.2,145.2,145.2,145.2,10.0
2014-07-04,145.0,145.0,145.0,145.0,30.0
2014-07-07,149.0,149.0,149.0,149.0,5.0
2014-07-10,153.3,155.5,153.3,155.5,15.0
2014-07-11,146.2,155.25,146.2,155.25,9.0
2014-07-17,153.0,153.0,153.0,153.0,4.0
2014-07-22,150.0,159.89999,150.0,159.89999,881.0
2014-07-23,151.89999,160.0,151.89999,160.0,27.0
2014-07-25,159.0,159.0,159.0,159.0,13.0
2014-07-31,160.5,164.0,160.5,163.39999,168.0
2014-08-04,160.14999,160.14999,153.60001,153.60001,114.0
2014-08-05,146.2,146.2,146.2,146.2,10.0
2014-08-06,147.0,147.0,146.2,146.2,43.0
2014-08-07,154.0,154.0,154.0,154.0,1.0
2014-08-08,146.60001,154.0,146.60001,154.0,1144.0
2014-08-11,159.89999,159.89999,147.14999,147.14999,2.0
2014-08-12,154.0,154.0,144.10001,144.10001,257.0
2014-08-19,144.2,144.2,144.0,144.0,468.0
2014-08-22,150.0,150.0,144.2,144.2,60.0
2014-08-25,140.0,140.0,140.0,140.0,1.0
2014-08-26,148.39999,148.39999,148.39999,148.39999,380.0
2014-08-27,154.95,154.95,154.95,154.95,1.0
2014-08-28,156.45,156.5,154.0,154.0,109.0
2014-08-29,156.0,157.0,154.0,157.0,1810.0
2014-09-01,157.5,157.5,157.5,157.5,1.0
2014-09-02,165.0,166.95,165.0,166.95,3370.0
2014-09-03,175.95,175.95,157.05,157.05,15.0
2014-09-04,165.0,165.0,165.0,165.0,1.0
2014-09-05,165.0,165.0,165.0,165.0,2.0
2014-09-08,165.0,165.0,165.0,165.0,3.0
2014-09-09,160.0,169.0,160.0,168.95,2911.0
2014-09-10,162.0,164.0,162.0,162.0,70.0
2014-09-11,163.0,163.0,161.0,161.0,287.0
2014-09-12,167.0,167.0,167.0,167.0,6.0
2014-09-15,166.89999,166.89999,166.89999,166.89999,440.0
2014-09-16,166.8,166.8,163.0,163.0,8.0
2014-09-18,163.0,163.0,160.0,162.5,239.0
2014-09-19,162.0,165.0,162.0,165.0,902.0
2014-09-22,164.0,165.0,162.0,165.0,165.0
2014-09-23,164.8,164.8,155.2,155.2,451.0
2014-09-24,155.0,161.95,155.0,155.25,198.0
2014-09-25,155.5,160.0,155.0,160.0,21.0
2014-09-26,160.0,160.0,160.0,160.0,105.0
2014-09-29,152.0,159.0,152.0,153.0,837.0
2014-09-30,153.0,153.0,153.0,153.0,57.0
2014-10-01,150.39999,158.89999,150.39999,158.89999,11.0
2014-10-02,159.10001,159.35001,159.10001,159.35001,30.0
2014-10-03,159.0,159.95,159.0,159.95,730.0
2014-10-07,159.5,162.5,159.5,162.5,157.0
2014-10-08,163.89999,163.95,161.5,161.5,1787.0
2014-10-10,163.0,163.0,163.0,163.0,55.0
2014-10-13,164.89999,172.75,164.89999,172.75,1050.0
2014-10-14,194.05,197.2,193.5,197.2,4634.0
2014-10-15,200.5,216.89999,200.5,216.89999,8899.0
2014-10-16,229.89999,229.89999,210.2,220.0,1937.0
2014-10-17,211.10001,219.0,211.10001,219.0,328.0
2014-10-20,212.3,217.0,212.3,217.0,236.0
2014-10-21,211.0,211.0,207.05,207.05,165.0
2014-10-22,207.2,211.0,201.2,211.0,227.0
2014-10-23,210.45,214.89999,205.60001,214.8,2029.0
2014-10-24,214.8,219.0,210.0,219.0,341.0
2014-10-27,211.0,219.0,211.0,219.0,863.0
2014-10-29,220.0,220.0,220.0,220.0,300.0
2014-10-30,214.0,222.0,214.0,222.0,1087.0
2014-10-31,214.0,232.0,214.0,232.0,1084.0
2014-11-03,218.2,231.5,218.2,231.5,16.0
2014-11-04,230.5,230.5,217.64999,229.0,427.0
2014-11-05,217.0,229.0,217.0,229.0,52.0
2014-11-07,219.25,220.10001,219.25,220.0,134.0
2014-11-11,214.5,214.5,214.3,214.3,57.0
2014-11-12,214.3,214.3,214.05,214.05,509.0
2014-11-13,219.0,219.95,219.0,219.95,11.0
2014-11-14,212.0,212.0,210.0,210.0,200.0
2014-11-19,210.0,219.0,210.0,219.0,13.0
2014-11-20,210.0,218.7,210.0,218.7,152.0
2014-11-21,210.0,210.0,210.0,210.0,42.0
2014-11-24,217.5,217.5,210.0,210.0,58.0
2014-11-26,202.0,202.0,197.5,200.0,3254.0
2014-11-27,200.0,212.0,197.0,212.0,161.0
2014-11-28,211.5,212.0,199.3,212.0,106.0
2014-12-01,212.0,212.0,212.0,212.0,4.0
2014-12-03,199.3,199.3,199.3,199.3,15.0
2014-12-08,211.0,211.0,199.0,199.0,272.0
2014-12-09,200.05,205.0,187.39999,200.0,905.0
2014-12-10,200.0,200.0,200.0,200.0,37.0
2014-12-11,190.05,199.75,190.0,199.75,425.0
2014-12-12,190.0,199.0,190.0,199.0,405.0
2014-12-17,188.25,188.25,187.10001,187.10001,250.0
2014-12-19,185.5,187.0,185.0,187.0,1535.0
2014-12-22,193.0,193.0,191.0,191.0,859.0
2014-12-26,172.0,192.0,172.0,189.95,100.0
2014-12-30,193.0,193.0,193.0,193.0,100.0
2015-01-02,191.0,191.0,191.0,191.0,14.0
2015-01-06,179.60001,179.60001,179.55,179.55,55.0
2015-01-07,174.05,185.0,174.05,185.0,42.0
2015-01-09,192.95,192.95,192.95,192.95,35.0
2015-01-12,175.0,175.0,175.0,175.0,16.0
2015-01-13,175.14999,175.14999,175.14999,175.14999,35.0
2015-01-15,185.64999,185.64999,185.64999,185.64999,10.0
2015-01-20,187.45,195.0,187.45,195.0,1292.0
2015-01-21,199.0,200.0,199.0,200.0,2000.0
2015-01-23,192.05,192.05,188.10001,188.10001,61.0
2015-01-27,194.0,199.35001,190.10001,190.10001,89.0
2015-01-28,199.35001,199.35001,199.0,199.0,2572.0
2015-01-29,189.0,189.0,189.0,189.0,20.0
2015-01-30,196.0,200.0,196.0,200.0,2367.0
2015-02-02,204.0,204.0,204.0,204.0,1.0
2015-02-03,202.0,202.0,202.0,202.0,2.0
2015-02-04,200.0,209.0,200.0,209.0,393.0
2015-02-06,209.0,219.5,209.0,219.0,121.0
2015-02-10,209.0,209.0,207.0,207.0,11.0
2015-02-11,196.0,209.8,196.0,209.8,851.0
2015-02-13,205.0,205.0,205.0,205.0,22.0
2015-02-16,195.0,195.0,195.0,195.0,2.0
2015-02-17,200.0,200.0,200.0,200.0,124.0
2015-02-19,208.7,208.7,207.0,207.0,4.0
2015-02-20,205.95,205.95,195.0,203.0,249.0
2015-02-23,202.0,206.89999,202.0,206.89999,100.0
2015-02-24,206.89999,215.75,206.89999,215.75,200.0
2015-02-27,203.0,215.0,202.85001,215.0,68.0
2015-03-06,205.0,205.0,202.10001,202.10001,28.0
2015-03-09,190.60001,212.0,190.60001,212.0,22.0
2015-03-10,211.89999,211.89999,211.89999,211.89999,20.0
2015-03-12,200.0,200.0,200.0,200.0,1.0
2015-03-13,190.64999,197.75,188.0,188.0,2471.0
2015-03-16,187.0,187.0,181.0,181.0,589.0
2015-03-17,181.0,185.0,180.0,185.0,1097.0
2015-03-19,184.8,194.0,184.8,194.0,60.0
2015-03-23,184.0,184.0,184.0,184.0,2.0
2015-03-27,175.0,175.10001,175.0,175.10001,295.0
2015-04-01,175.89999,176.0,175.89999,176.0,29.0
2015-04-02,159.0,172.85001,159.0,172.85001,201.0
2015-04-08,146.0,146.05,146.0,146.05,59.0
2015-04-09,154.0,154.0,147.10001,147.10001,2.0
2015-04-10,147.2,147.2,147.2,147.2,33.0
2015-04-14,147.14999,147.14999,147.14999,147.14999,3.0
2015-04-15,147.14999,147.14999,147.14999,147.14999,2.0
2015-04-17,138.35001,151.85001,138.35001,138.5,130.0
2015-04-20,138.5,138.5,136.0,138.5,86.0
2015-04-21,138.5,138.5,136.2,137.0,14.0
2015-04-22,136.3,136.3,136.10001,136.10001,17.0
2015-04-23,144.0,144.0,144.0,144.0,1.0
2015-04-30,149.85001,149.85001,140.0,140.0,5.0
2015-05-04,140.0,140.0,140.0,140.0,22.0
2015-05-05,144.0,144.0,140.0,140.0,71.0
2015-05-06,138.0,138.0,138.0,138.0,8.0
2015-05-13,140.0,140.0,140.0,140.0,10.0
2015-05-14,139.0,148.35001,139.0,148.35001,7.0
2015-05-15,133.55,147.5,133.55,147.5,171.0
2015-05-19,138.7,138.7,138.7,138.7,25.0
2015-05-20,135.0,145.0,135.0,145.0,571.0
2015-05-22,138.10001,138.10001,138.10001,138.10001,29.0
2015-05-25,138.0,138.0,138.0,138.0,99.0
2015-05-26,138.0,138.0,135.0,135.0,1517.0
2015-05-27,132.0,132.0,126.9,126.9,52.0
2015-05-28,126.9,126.9,126.9,126.9,71.0
2015-05-29,134.45,134.45,134.45,134.45,1.0
2015-06-02,134.45,134.45,134.45,134.45,3.0
2015-06-03,127.0,127.0,127.0,127.0,55.0
2015-06-08,121.6,134.39999,121.6,134.39999,43.0
2015-06-11,126.35,126.35,126.35,126.35,5.0
2015-06-16,122.0,123.0,122.0,122.1,144.0
2015-06-19,129.2,129.2,129.2,129.2,3.0
2015-06-24,129.0,130.0,129.0,130.0,110.0
2015-06-29,122.55,122.55,122.2,122.2,58.0
2015-06-30,122.2,129.5,122.2,129.5,67.0
2015-07-01,122.2,122.2,122.2,122.2,16.0
2015-07-02,125.0,125.0,125.0,125.0,2.0
2015-07-03,122.4,122.4,122.4,122.4,23.0
2015-07-06,122.4,122.4,116.0,116.0,262.0
2015-07-09,113.0,113.0,113.0,113.0,630.0
2015-07-10,113.0,113.0,113.0,113.0,234.0
2015-07-20,102.3,103.5,102.3,103.0,639.0
2015-07-21,101.9,109.15,101.9,109.15,123.0
2015-07-22,109.15,109.15,109.15,109.15,8.0
2015-07-23,109.15,109.15,109.15,109.15,22.0
2015-07-24,106.0,115.6,106.0,115.6,129.0
2015-07-27,122.0,122.5,122.0,122.5,24.0
2015-07-28,126.5,126.5,126.5,126.5,1.0
2015-07-29,129.0,129.0,129.0,129.0,1.0
2015-08-04,116.1,127.9,116.1,127.9,71.0
2015-08-07,122.0,122.0,122.0,122.0,12.0
2015-08-11,115.05,127.9,115.0,115.05,133.0
2015-08-12,121.95,121.95,121.95,121.95,1.0
2015-08-13,116.0,127.85,116.0,127.85,26.0
2015-08-24,116.5,124.85,116.5,124.85,2.0
2015-08-25,127.8,127.8,127.8,127.8,1.0
2015-08-28,125.0,125.0,125.0,125.0,10.0
2015-08-31,117.5,127.9,117.5,127.9,6.0
2015-09-07,115.65,127.4,115.5,124.85,590.0
2015-09-11,102.5,117.9,102.5,117.9,251.0
2015-09-14,118.0,123.9,110.85,121.95,100.0
2015-09-17,114.9,114.9,114.9,114.9,10.0
2015-09-18,112.0,112.0,108.05,108.05,53.0
2015-09-21,113.9,113.9,113.9,113.9,3.0
2015-09-29,113.9,120.7,113.9,120.7,200.0
2015-10-02,113.7,120.7,113.7,120.7,16.0
2015-10-06,113.5,113.5,113.5,113.5,10.0
2015-10-07,113.0,113.0,110.0,110.0,499.0
2015-10-16,110.0,113.5,110.0,113.5,395.0
2015-10-21,106.7,106.7,106.7,106.7,25.0
2015-10-23,110.0,110.0,109.0,109.0,185.0
2015-10-29,115.45,115.5,115.45,115.5,113.0
2015-10-30,118.95,119.5,118.95,119.5,386.0
2015-11-03,121.0,121.0,120.0,120.0,1271.0
2015-11-04,120.0,120.0,120.0,120.0,15.0
2015-11-05,120.0,120.0,120.0,120.0,484.0
2015-11-09,120.0,120.0,120.0,120.0,1.0
2015-11-13,120.0,120.0,120.0,120.0,174.0
2015-11-16,120.0,120.0,120.0,120.0,37.0
2015-11-17,120.0,120.0,120.0,120.0,34.0
2015-11-20,125.0,127.2,125.0,127.2,28.0
2015-11-23,129.5,129.5,129.5,129.5,26.0
2015-11-27,116.55,128.2,116.55,128.2,143.0
2015-12-01,120.55,120.55,120.55,120.55,22.0
2015-12-07,109.3,126.3,109.3,126.3,74.0
2015-12-10,118.75,118.75,118.75,118.75,44.0
2015-12-11,107.0,107.0,106.9,106.9,32.0
2015-12-14,105.1,105.1,104.0,104.0,71.0
2015-12-16,102.0,102.0,100.0,100.0,727.0
2015-12-18,98.0,105.0,98.0,105.0,527.0
2015-12-21,100.0,100.0,100.0,100.0,3200.0
2015-12-23,98.0,100.0,94.050003,100.0,248.0
2015-12-28,99.0,99.0,99.0,99.0,35.0
2015-12-30,100.0,100.0,100.0,100.0,601.0
2015-12-31,99.900002,100.0,99.900002,100.0,195.0
2016-01-06,106.0,106.0,106.0,106.0,22.0
2016-01-07,106.0,106.0,106.0,106.0,1.0
2016-01-13,105.95,109.9,105.95,109.9,41.0
2016-01-15,109.9,109.9,109.9,109.9,1.0
2016-01-18,109.9,112.0,109.9,112.0,2.0
2016-01-19,105.3,105.3,105.3,105.3,24.0
2016-01-21,100.1,100.1,99.0,100.0,331.0
2016-01-28,96.0,96.0,95.199997,95.199997,5.0
2016-02-01,96.0,96.0,95.209999,95.209999,6.0
2016-02-05,89.5,89.5,89.5,89.5,185.0
2016-02-09,94.800003,94.800003,94.800003,94.800003,14.0
2016-02-11,97.0,97.0,97.0,97.0,11.0
2016-02-12,87.400002,106.7,87.400002,106.7,601.0
2016-02-16,108.0,108.0,108.0,108.0,1.0
2016-02-17,101.55,108.9,101.55,108.9,41.0
2016-02-18,98.010002,107.45,98.010002,98.099998,30.0
2016-02-19,103.9,103.9,92.309998,103.5,100.0
2016-02-22,107.35,107.35,107.35,107.35,1.0
2016-02-25,100.95,106.9,100.95,106.9,70.0
2016-02-29,97.0,97.0,97.0,97.0,20.0
2016-03-02,91.199997,91.199997,91.18,91.18,8.0
2016-03-03,92.0,96.650002,90.0,96.650002,95.0
2016-03-04,96.650002,101.7,90.910004,90.910004,56.0
2016-03-11,98.900002,98.900002,98.900002,98.900002,109.0
2016-03-14,104.8,104.8,104.8,104.8,37.0
2016-03-15,105.0,105.0,105.0,105.0,70.0
2016-03-16,107.4,111.3,99.0,99.0,214.0
2016-03-21,101.0,104.9,100.0,100.0,3687.0
2016-03-22,106.0,106.0,96.110001,96.110001,754.0
2016-03-25,101.85,101.85,100.0,100.0,1516.0
2016-03-28,100.0,100.0,100.0,100.0,155.0
2016-03-29,106.0,106.0,106.0,106.0,1.0
2016-03-30,105.9,105.9,99.639999,99.639999,63.0
2016-03-31,105.3,105.3,105.3,105.3,20.0
2016-04-01,105.9,105.9,105.9,105.9,1.0
2016-04-07,99.660004,99.660004,99.550003,99.550003,83.0
2016-04-08,99.580002,99.580002,96.099998,97.0,51.0
2016-04-13,97.0,97.0,96.099998,96.099998,160.0
2016-04-19,96.5,100.0,96.5,100.0,47.0
2016-04-20,96.5,96.5,94.010002,94.010002,400.0
2016-04-21,92.0,92.0,92.0,92.0,1.0
2016-04-22,92.029999,92.029999,92.029999,92.029999,79.0
2016-04-25,97.449997,97.449997,97.449997,97.449997,16.0
2016-04-26,93.0,93.0,92.110001,92.110001,39.0
2016-04-27,92.099998,92.099998,92.099998,92.099998,5.0
2016-04-28,92.0,92.0,90.459999,90.459999,55.0
2016-04-29,91.010002,95.879997,91.010002,95.879997,234.0
2016-05-02,97.0,97.400002,97.0,97.400002,21345.0
2016-05-03,93.010002,97.0,93.010002,93.029999,34.0
2016-05-04,98.599998,98.599998,98.599998,98.599998,1.0
2016-05-05,101.75,101.75,101.75,101.75,1.0
2016-05-09,96.099998,99.940002,96.0,99.940002,87.0
2016-05-10,94.349998,99.75,94.099998,99.75,26.0
2016-05-11,96.099998,101.0,96.099998,99.989998,228.0
2016-05-12,97.099998,97.099998,97.0,97.0,1231.0
2016-05-13,99.949997,101.7,99.949997,101.7,11.0
2016-05-16,101.7,101.7,101.7,101.7,30.0
2016-05-17,97.019997,97.019997,97.019997,97.019997,1.0
2016-05-20,95.5,95.5,95.5,95.5,58.0
2016-05-25,96.0,96.0,96.0,96.0,5.0
2016-05-26,96.0,96.0,96.0,96.0,1.0
2016-05-27,96.099998,96.099998,96.099998,96.099998,27.0
2016-05-31,97.0,101.4,97.0,101.4,2707.0
2016-06-02,102.9,102.9,102.9,102.9,1.0
2016-06-10,96.739998,96.739998,96.739998,96.739998,57.0
2016-06-15,101.4,101.4,97.099998,97.099998,81.0
2016-06-16,97.099998,97.099998,97.099998,97.099998,5.0
2016-06-23,97.099998,97.099998,97.099998,97.099998,500.0
2016-06-28,95.599998,95.599998,95.599998,95.599998,23.0
2016-07-12,95.610001,95.610001,95.610001,95.610001,3676.0
2016-07-13,96.0,96.0,95.599998,95.599998,359.0
2016-07-15,95.599998,95.599998,95.599998,95.599998,12.0
2016-07-22,95.610001,95.610001,95.610001,95.610001,20.0
2016-07-26,95.0,95.199997,95.0,95.199997,16.0
2016-08-01,96.699997,96.699997,96.699997,96.699997,225.0
2016-08-05,95.010002,95.010002,95.010002,95.010002,1.0
2016-08-09,95.010002,95.010002,95.010002,95.010002,15.0
2016-08-15,96.0,96.0,96.0,96.0,2.0
2016-08-18,96.0,96.0,96.0,96.0,47.0
2016-08-23,98.25,98.25,98.25,98.25,11.0
2016-08-25,95.309998,98.25,90.0,98.25,160.0
2016-08-29,98.199997,98.199997,91.0,91.0,14.0
2016-08-30,95.0,95.0,95.0,95.0,153.0
2016-09-06,91.400002,91.400002,91.220001,91.220001,97.0
2016-09-09,91.25,91.25,91.25,91.25,9.0
2016-09-20,91.349998,91.349998,91.25,91.25,567.0
2016-09-22,95.0,98.0,95.0,98.0,15.0
2016-09-23,92.150002,97.989998,91.5,97.989998,45.0
2016-09-28,92.0,98.0,92.0,98.0,9.0
2016-09-30,100.0,100.0,100.0,100.0,100.0
2016-10-05,100.0,101.9,100.0,101.9,8.0
2016-10-06,102.95,104.0,91.720001,91.720001,10.0
2016-10-07,91.510002,91.510002,91.510002,91.510002,1600.0
2016-10-10,88.769997,88.769997,88.769997,88.769997,72.0
2016-10-11,90.0,90.0,87.050003,87.989998,5382.0
2016-10-12,86.059998,88.0,86.059998,88.0,128.0
2016-10-13,87.0,89.599998,87.0,89.599998,1298.0
2016-10-14,89.599998,96.5,89.599998,96.5,11.0
2016-10-17,87.0,87.0,87.0,87.0,5.0
2016-10-24,87.199997,95.0,87.199997,95.0,481.0
2016-10-25,99.0,99.0,99.0,99.0,7.0
2016-10-27,89.110001,99.620003,89.110001,99.620003,93.0
2016-11-02,89.699997,96.0,89.699997,96.0,82.0
2016-11-03,98.0,98.0,98.0,98.0,10.0
2016-11-04,98.900002,98.900002,89.75,89.75,423.0
2016-11-07,90.0,98.0,90.0,98.0,2209.0
2016-11-10,98.0,98.0,98.0,98.0,4.0
2016-11-11,90.0,90.0,89.980003,89.980003,362.0
2016-11-14,88.0,88.0,88.0,88.0,15.0
2016-11-15,88.050003,88.050003,88.050003,88.050003,4000.0
2016-11-16,87.510002,87.510002,87.0,87.0,1603.0
2016-11-17,87.199997,87.199997,86.0,86.0,1610.0
2016-11-21,84.529999,89.900002,84.0,86.980003,976.0
2016-11-22,83.0,87.989998,80.0,82.0,3598.0
2016-11-23,82.300003,86.879997,82.199997,86.0,529.0
2016-11-28,83.5,85.900002,83.5,85.900002,88.0
2016-11-30,85.900002,87.0,85.5,87.0,377.0
2016-12-01,87.980003,89.5,87.980003,89.5,338.0
2016-12-02,89.0,89.0,89.0,89.0,11.0
2016-12-05,89.0,89.5,89.0,89.5,180.0
2016-12-06,89.900002,92.0,87.25,92.0,1242.0
2016-12-08,92.0,92.0,92.0,92.0,40.0
2016-12-09,90.029999,93.949997,90.019997,93.949997,21.0
2016-12-14,90.07,90.07,90.050003,90.050003,21.0
2016-12-15,90.050003,92.5,90.050003,92.5,21.0
2016-12-16,90.099998,93.800003,90.099998,93.739998,176.0
2016-12-19,93.449997,93.449997,93.449997,93.449997,25.0
2016-12-20,91.220001,92.949997,91.010002,92.949997,213.0
2016-12-21,91.0,98.5,90.0,95.989998,8262.0
2016-12-22,93.5,96.75,92.0,96.75,2080.0
2016-12-23,96.0,96.5,95.5,95.5,265.0
2016-12-26,91.010002,92.0,91.0,92.0,13758.0
2016-12-27,94.699997,95.989998,94.699997,95.970001,179.0
2016-12-28,93.0,95.0,93.0,95.0,20100.0
2016-12-29,92.160004,93.989998,90.0,90.0,3157.0
2016-12-30,90.150002,90.150002,87.449997,87.449997,2454.0
2017-01-02,90.0,93.0,90.0,93.0,2001.0
2017-01-03,90.150002,91.0,90.150002,91.0,1406.0
2017-01-04,90.199997,90.199997,88.199997,88.25,3358.0
2017-01-05,90.0,90.0,89.199997,90.0,4324.0
2017-01-06,90.0,90.0,88.010002,88.010002,10073.0
2017-01-09,88.099998,89.989998,88.099998,88.599998,638.0
2017-01-10,90.0,95.5,88.0,94.989998,27429.0
2017-01-12,94.0,104.45,94.0,104.45,17085.0
2017-01-13,112.0,114.85,109.95,110.0,18907.0
2017-01-16,114.0,120.95,113.7,120.95,13703.0
2017-01-17,132.0,133.0,129.0,133.0,6494.0
2017-01-18,136.89999,139.0,125.0,130.5,12370.0
2017-01-19,134.85001,134.85001,117.5,117.5,7172.0
2017-01-20,124.95,124.95,117.0,117.0,2156.0
2017-01-23,117.45,117.45,117.35,117.35,83.0
2017-01-24,114.5,122.0,108.1,121.9,4705.0
2017-01-25,125.0,134.0,125.0,131.75,19419.0
2017-01-26,122.15,139.0,122.15,134.0,5882.0
2017-01-30,135.0,135.0,120.65,123.0,5511.0
2017-01-31,124.0,127.9,120.5,126.95,1437.0
2017-02-01,124.1,126.0,120.5,126.0,744.0
2017-02-02,120.1,123.0,120.0,123.0,834.0
2017-02-03,124.0,124.0,120.0,123.8,560.0
2017-02-06,124.0,124.0,124.0,124.0,1.0
2017-02-07,120.4,134.0,120.4,133.8,2142.0
2017-02-09,127.0,145.2,127.0,145.0,7105.0
2017-02-10,144.0,159.45,144.0,159.45,5519.0
2017-02-13,175.0,175.0,163.25,170.0,7853.0
2017-02-14,172.7,172.7,158.5,169.0,2492.0
2017-02-15,170.0,174.5,160.0,174.5,14845.0
2017-02-16,178.89999,185.0,175.5,177.0,29105.0
2017-02-17,177.0,179.5,160.0,173.0,7411.0
2017-02-20,170.0,180.0,168.10001,170.0,2589.0
2017-02-21,169.05,174.0,165.10001,172.85001,3668.0
2017-02-22,165.0,170.0,156.0,161.0,3776.0
2017-02-23,160.10001,165.0,157.0,163.0,672.0
2017-02-24,157.0,164.0,156.0,160.0,436.0
2017-02-27,156.0,156.0,149.5,149.5,1353.0
2017-02-28,149.60001,159.0,149.5,156.95,1324.0
2017-03-01,152.60001,161.39999,152.60001,160.85001,144.0
2017-03-02,153.0,160.0,153.0,159.89999,103.0
2017-03-03,154.0,159.0,154.0,159.0,54.0
2017-03-06,154.0,159.39999,153.60001,159.39999,143.0
2017-03-08,153.60001,158.39999,153.60001,158.39999,16.0
2017-03-09,146.5,158.5,146.5,158.5,192.0
2017-03-10,147.05,156.89999,147.05,156.5,186.0
2017-03-14,150.0,156.35001,150.0,155.0,315.0
2017-03-15,150.14999,155.55,150.0,150.0,379.0
2017-03-16,150.0,158.5,150.0,158.0,704.0
2017-03-17,155.0,156.0,151.10001,156.0,230.0
2017-03-20,151.64999,155.89999,151.60001,154.95,110.0
2017-03-21,155.0,155.0,155.0,155.0,50.0
2017-03-22,147.0,148.0,139.60001,148.0,8577.0
2017-03-23,140.0,140.10001,133.25,133.25,1404.0
2017-03-24,133.25,140.5,126.0,138.0,190.0
2017-03-27,138.0,140.0,138.0,138.0,246.0
2017-03-28,138.0,138.0,138.0,138.0,1.0
2017-03-29,127.0,137.0,127.0,137.0,205.0
2017-03-30,130.0,137.5,127.55,137.35001,189.0
2017-03-31,127.55,129.0,124.35,129.0,214.0
2017-04-03,124.5,128.89999,124.5,124.5,183.0
2017-04-04,124.4,127.9,124.35,126.0,79.0
2017-04-07,123.95,124.0,123.8,123.85,38.0
2017-04-10,113.5,124.0,113.5,124.0,157.0
2017-04-11,121.0,121.0,121.0,121.0,80.0
2017-04-12,121.0,124.4,119.0,123.9,53.0
2017-04-14,119.95,124.0,119.95,124.0,60.0
2017-04-17,123.9,124.0,123.9,124.0,10.0
2017-04-18,120.0,123.0,120.0,123.0,66.0
2017-04-19,119.35,123.0,119.35,123.0,150.0
2017-04-20,114.2,121.9,114.2,121.9,207.0
2017-04-24,121.8,131.95,121.7,131.85001,965.0
2017-04-25,131.0,134.5,126.5,133.8,447.0
2017-04-27,133.0,142.0,132.95,140.45,4296.0
2017-04-28,141.0,147.95,140.0,146.89999,4176.0
2017-05-02,145.8,147.85001,145.8,146.8,2491.0
2017-05-03,145.0,145.5,145.0,145.0,970.0
2017-05-04,144.2,144.2,140.10001,141.8,225.0
2017-05-05,136.0,143.85001,135.5,143.85001,323.0
2017-05-10,130.0,140.0,130.0,139.89999,672.0
2017-05-11,139.89999,140.0,139.89999,140.0,67.0
2017-05-12,140.0,140.0,140.0,140.0,80.0
2017-05-18,131.05,138.95,131.05,138.95,67.0
2017-05-22,138.8,138.85001,138.8,138.85001,29.0
2017-05-25,138.75,138.75,138.75,138.75,10.0
2017-05-26,138.7,138.7,131.25,138.0,89.0
2017-05-29,136.89999,136.89999,136.89999,136.89999,1.0
2017-05-30,136.89999,136.89999,136.89999,136.89999,1.0
2017-05-31,136.89999,136.89999,136.89999,136.89999,10.0
2017-06-06,131.10001,136.89999,131.10001,134.95,117.0
2017-06-08,122.05,133.95,122.0,133.95,280.0
2017-06-12,130.0,134.5,130.0,134.0,198.0
2017-06-13,133.89999,135.0,133.89999,135.0,470.0
2017-06-14,132.0,134.8,130.0,134.8,218.0
2017-06-16,134.8,134.8,134.0,134.0,83.0
2017-06-20,134.0,134.0,131.0,134.0,24.0
2017-06-21,133.0,134.0,133.0,134.0,3.0
2017-06-22,134.0,134.0,134.0,134.0,210.0
2017-06-23,134.0,134.95,134.0,134.95,331.0
2017-06-28,134.95,136.85001,134.0,135.95,803.0
2017-06-29,134.5,134.5,126.0,126.0,177.0
2017-06-30,126.6,134.5,126.6,133.0,1294.0
2017-07-03,134.0,134.0,130.0,134.0,128.0
2017-07-04,134.0,144.39999,134.0,144.39999,1642.0
2017-07-05,142.8,142.8,142.0,142.75,2267.0
2017-07-07,141.95,141.95,141.95,141.95,213.0
2017-07-10,141.55,141.95,137.64999,141.95,8811.0
2017-07-11,140.05,142.0,140.05,142.0,227.0
2017-07-12,141.89999,141.89999,141.8,141.89999,194.0
2017-07-13,139.14999,141.5,136.0,141.5,583.0
2017-07-14,141.5,141.89999,137.05,137.05,2196.0
2017-07-17,135.05,141.35001,135.05,141.0,3679.0
2017-07-18,137.0,140.75,137.0,140.75,118.0
2017-07-19,140.39999,140.5,135.3,140.5,40057.0
2017-07-20,141.89999,153.89999,141.89999,147.0,6792.0
2017-07-21,147.0,150.0,145.0,145.0,1244.0
2017-07-24,143.3,154.7,143.3,151.0,7368.0
2017-07-25,151.0,157.89999,148.5,153.45,4719.0
2017-07-26,150.5,154.5,147.0,152.85001,16710.0
2017-07-27,155.0,155.0,155.0,155.0,1.0
2017-07-28,148.2,153.89999,148.2,153.89999,905.0
2017-07-31,149.35001,151.89999,149.3,149.3,572.0
2017-08-01,149.3,152.95,148.05,152.95,875.0
2017-08-02,150.0,152.85001,150.0,152.85001,682.0
2017-08-04,151.89999,153.89999,151.89999,152.95,1875.0
2017-08-07,151.89999,152.60001,151.0,151.0,1723.0
2017-08-08,147.05,151.85001,146.64999,151.85001,448.0
2017-08-09,147.10001,147.10001,147.10001,147.10001,70.0
2017-08-10,145.2,151.60001,145.2,151.5,2504.0
2017-08-11,151.60001,151.60001,146.5,147.60001,2256.0
2017-08-15,147.5,151.5,147.5,151.39999,1201.0
2017-08-16,148.7,151.39999,147.5,147.5,3859.0
2017-08-17,149.8,150.0,146.8,147.5,331.0
2017-08-18,145.10001,149.0,145.0,149.0,1456.0
2017-08-22,147.0,150.0,147.0,150.0,1614.0
2017-08-23,149.0,149.0,149.0,149.0,50.0
2017-08-24,147.5,147.5,146.0,147.14999,440.0
2017-08-25,146.5,147.0,146.5,147.0,250.0
2017-08-28,147.0,147.0,147.0,147.0,1.0
2017-08-29,149.0,161.64999,149.0,161.64999,6383.0
2017-08-30,165.0,177.8,163.60001,173.0,19717.0
2017-08-31,176.8,188.8,173.75,181.10001,11580.0
2017-09-04,184.5,195.0,184.5,185.0,3322.0
2017-09-05,191.0,194.0,177.2,178.0,18874.0
2017-09-06,185.0,185.0,180.2,180.2,3134.0
2017-09-07,185.0,188.0,183.5,187.7,7733.0
2017-09-08,187.60001,189.0,184.0,184.0,1325.0
2017-09-11,186.45,186.45,170.0,173.0,4755.0
2017-09-12,179.85001,179.85001,168.0,168.0,2471.0
2017-09-13,168.0,168.0,166.8,167.0,1361.0
2017-09-14,167.0,168.0,167.0,168.0,14.0
2017-09-15,171.0,174.85001,166.2,166.2,1443.0
2017-09-18,174.89999,174.89999,166.14999,166.14999,66.0
2017-09-19,166.0,170.0,161.10001,161.10001,851.0
2017-09-20,157.10001,157.14999,152.05,153.0,1801.0
2017-09-21,153.0,164.75,153.0,157.0,162.0
2017-09-25,155.55,159.0,155.0,159.0,1430.0
2017-09-26,155.10001,155.10001,150.0,151.0,1709.0
2017-09-27,151.0,151.0,145.0,145.0,2403.0
2017-09-28,130.55,156.89999,130.55,136.10001,1337.0
2017-09-29,144.0,144.0,136.3,136.35001,9778.0
2017-10-02,137.0,149.95,137.0,149.95,1548.0
2017-10-03,160.0,160.0,153.3,157.85001,584.0
2017-10-04,158.0,168.0,154.0,161.0,2243.0
2017-10-05,161.0,161.0,148.0,148.0,1172.0
2017-10-06,146.14999,158.85001,138.0,143.2,5528.0
2017-10-09,149.2,152.0,143.25,144.3,274.0
2017-10-11,144.10001,152.0,144.0,144.05,80.0
2017-10-12,151.8,151.8,142.0,142.35001,474.0
2017-10-13,142.39999,144.10001,142.39999,143.5,336.0
2017-10-16,149.0,152.95,147.0,147.0,357.0
2017-10-17,150.75,160.89999,150.75,160.0,2270.0
2017-10-18,160.0,161.0,152.14999,152.14999,294.0
2017-10-19,152.25,154.60001,152.25,154.60001,184.0
2017-10-20,155.0,159.95,154.60001,156.10001,483.0
2017-10-23,155.0,158.5,153.0,153.0,180.0
2017-10-24,153.0,153.0,153.0,153.0,100.0
2017-10-25,158.0,162.95,157.0,157.0,874.0
2017-10-27,161.55,161.55,161.55,161.55,82.0
2017-10-31,154.05,154.10001,154.05,154.10001,70.0
2017-11-01,155.0,155.0,154.25,154.25,12.0
2017-11-02,155.0,160.89999,152.0,157.0,410.0
2017-11-07,156.89999,160.0,155.5,155.5,592.0
2017-11-08,159.89999,161.5,159.89999,161.5,922.0
2017-11-10,165.8,165.8,165.8,165.8,59.0
2017-11-13,155.60001,157.0,155.60001,156.60001,47.0
2017-11-14,162.0,167.0,162.0,162.0,66.0
2017-11-15,163.0,163.0,162.0,162.0,143.0
2017-11-16,162.0,164.0,157.5,162.0,505.0
2017-11-17,161.0,164.89999,161.0,164.8,154.0
2017-11-21,161.2,161.25,161.2,161.2,75.0
2017-11-22,158.10001,162.8,158.10001,162.8,10.0
2017-11-23,164.0,165.0,164.0,165.0,1015.0
2017-11-24,163.0,165.0,163.0,163.0,404.0
2017-11-27,162.8,162.8,162.8,162.8,17.0
2017-11-28,158.2,164.45,158.2,164.45,7.0
2017-11-30,159.2,164.0,159.0,164.0,670.0
2017-12-04,158.2,158.2,158.2,158.2,10.0
2017-12-05,158.2,158.2,158.0,158.0,213.0
2017-12-06,154.0,154.05,154.0,154.0,367.0
2017-12-07,154.05,154.05,150.0,150.0,430.0
2017-12-08,159.89999,159.89999,159.89999,159.89999,2.0
2017-12-11,153.0,159.8,153.0,159.8,31.0
2017-12-12,153.05,153.05,153.05,153.05,47.0
2017-12-13,153.05,153.05,152.0,152.0,131.0
2017-12-15,161.0,167.14999,161.0,162.0,4579.0
2017-12-18,174.0,178.0,163.0,164.95,2877.0
2017-12-19,160.0,172.95,160.0,172.95,557.0
2017-12-20,172.0,174.0,165.0,165.0,919.0
2017-12-21,172.75,172.75,166.0,171.85001,3850.0
2017-12-22,167.0,170.0,160.35001,160.35001,592.0
2017-12-25,160.0,160.0,160.0,160.0,105.0
2017-12-26,157.14999,166.95,157.14999,166.95,6.0
2017-12-27,158.0,166.2,158.0,166.2,105.0
2017-12-28,165.95,168.45,160.10001,164.0,315.0
2017-12-29,160.0,164.5,160.0,162.8,5657.0
2018-01-02,163.0,167.0,158.10001,158.10001,80.0
2018-01-03,166.0,166.0,156.0,156.0,2796.0
2018-01-04,153.10001,154.10001,153.10001,154.0,1115.0
2018-01-05,154.0,155.0,154.0,155.0,123.0
2018-01-09,154.0,154.0,153.0,153.0,1178.0
2018-01-10,160.0,160.0,150.55,155.0,311.0
2018-01-12,150.55,155.0,150.0,150.10001,1755.0
2018-01-15,148.14999,152.0,148.0,152.0,1341.0
2018-01-16,148.10001,158.95,148.0,158.95,643.0
2018-01-17,158.8,159.0,158.8,159.0,155.0
2018-01-19,158.0,158.0,150.05,150.05,1564.0
2018-01-22,159.85001,159.85001,150.0,150.0,4415.0
2018-01-23,157.0,157.0,149.0,149.0,1295.0
2018-01-24,157.0,157.0,149.0,149.0,2203.0
2018-01-25,149.5,149.5,149.5,149.5,5.0
2018-01-29,155.39999,155.39999,155.39999,155.39999,3.0
2018-01-30,155.0,155.0,149.60001,149.60001,471.0
2018-01-31,153.95,153.95,149.60001,150.0,555.0
2018-02-01,150.0,150.0,149.25,149.3,584.0
2018-02-02,151.0,155.0,150.05,151.0,2204.0
2018-02-06,158.45,158.45,155.0,155.0,4.0
2018-02-07,150.5,151.10001,150.5,151.10001,305.0
2018-02-12,152.0,152.0,152.0,152.0,6.0
2018-02-14,150.2,150.3,150.2,150.3,224.0
2018-02-15,149.55,149.55,149.2,149.2,398.0
2018-02-16,149.14999,149.14999,149.10001,149.10001,303.0
2018-02-19,149.14999,149.14999,149.14999,149.14999,100.0
2018-02-20,150.0,150.0,150.0,150.0,1.0
2018-02-21,157.5,157.5,149.5,149.5,110.0
2018-02-23,150.0,150.0,148.0,148.0,709.0
2018-02-26,149.05,149.05,147.2,147.2,1249.0
2018-02-27,134.64999,156.45,134.64999,150.0,218.0
2018-02-28,156.35001,156.35001,156.35001,156.35001,72.0
2018-03-02,142.0,142.0,142.0,142.0,243.0
2018-03-05,142.10001,142.10001,142.05,142.05,80.0
2018-03-06,143.05,143.05,143.0,143.0,153.0
2018-03-07,135.0,139.0,130.0,132.0,2614.0
2018-03-08,133.60001,133.60001,131.0,132.0,2076.0
2018-03-09,131.0,131.0,130.5,130.5,76.0
2018-03-12,130.5,130.5,128.2,128.2,361.0
2018-03-13,139.95,139.95,139.95,139.95,2.0
2018-03-14,129.39999,137.0,128.5,137.0,355.0
2018-03-15,130.0,130.0,130.0,130.0,128.0
2018-03-16,126.1,132.95,120.05,127.0,1224.0
2018-03-19,130.8,130.8,122.05,122.05,16.0
2018-03-20,125.0,125.0,125.0,125.0,150.0
2018-03-21,125.0,125.0,125.0,125.0,2.0
2018-03-22,120.0,121.1,120.0,121.0,151.0
2018-03-23,119.0,124.8,116.0,116.0,281.0
2018-03-26,120.0,120.0,110.05,110.05,2149.0
2018-03-27,115.0,115.85,114.0,114.0,650.0
2018-03-29,119.5,119.5,110.85,110.85,10.0
2018-03-30,110.9,112.0,110.85,110.85,262.0
2018-04-03,117.0,117.0,110.5,110.5,442.0
2018-04-04,110.5,110.5,102.1,102.1,369.0
2018-04-05,102.1,102.1,102.0,102.0,174.0
2018-04-06,103.0,107.9,99.0,100.2,1325.0
2018-04-09,99.120003,99.25,98.699997,98.699997,12924.0
2018-04-10,98.5,103.0,98.5,100.0,660.0
2018-04-11,100.0,100.0,100.0,100.0,1.0
2018-04-12,100.0,100.0,100.0,100.0,34.0
2018-04-13,106.6,106.6,100.65,100.65,300.0
2018-04-17,100.3,100.3,100.3,100.3,10.0
2018-04-18,100.2,100.2,100.2,100.2,20.0
2018-04-19,100.2,100.2,99.010002,99.010002,890.0
2018-04-20,105.7,105.7,99.050003,99.050003,116.0
2018-04-23,105.0,105.0,99.059998,99.059998,82.0
2018-04-24,102.0,102.0,99.110001,99.110001,102.0
2018-04-25,100.0,100.0,100.0,100.0,15.0
2018-04-26,100.0,100.0,100.0,100.0,24.0
2018-04-27,104.9,104.9,104.9,104.9,150.0
2018-04-30,106.35,106.35,106.35,106.35,5.0
2018-05-03,106.2,111.2,106.2,111.2,589.0
2018-05-04,107.0,107.0,107.0,107.0,87.0
2018-05-07,104.65,104.65,104.65,104.65,19.0
2018-05-08,104.5,104.5,104.5,104.5,10.0
2018-05-09,102.15,102.55,102.15,102.55,150.0
2018-05-10,102.6,102.6,102.6,102.6,150.0
2018-05-11,102.55,106.9,102.55,106.9,202.0
2018-05-15,106.9,106.9,106.9,106.9,2.0
2018-05-18,107.0,107.0,107.0,107.0,18.0
2018-05-21,101.65,101.65,101.65,101.65,36.0
2018-05-28,100.5,100.5,100.5,100.5,121.0
2018-05-29,102.0,102.0,100.5,100.5,850.0
2018-05-30,101.0,101.0,101.0,101.0,10.0
2018-06-01,100.0,100.0,100.0,100.0,34.0
2018-06-04,100.0,100.0,100.0,100.0,16.0
2018-06-06,99.0,100.0,99.0,100.0,130.0
2018-06-07,96.349998,103.9,96.050003,103.9,622.0
2018-06-13,96.099998,104.7,96.099998,104.7,58.0
2018-06-14,96.199997,96.199997,96.199997,96.199997,187.0
2018-06-18,96.25,96.25,96.199997,96.199997,5.0
2018-06-19,97.0,97.0,97.0,97.0,10.0
2018-06-20,97.0,97.099998,96.5,97.099998,105.0
2018-06-21,102.0,102.9,102.0,102.9,38.0
2018-06-22,102.8,103.0,102.8,103.0,1842.0
2018-06-25,105.9,105.9,105.9,105.9,15.0
2018-06-27,103.0,103.0,103.0,103.0,24.0
2018-06-28,97.099998,104.8,97.099998,104.8,126.0
2018-07-06,96.75,103.8,96.599998,96.669998,999.0
2018-07-11,97.019997,97.019997,96.199997,96.199997,1157.0
2018-07-13,96.199997,96.199997,96.199997,96.199997,860.0
2018-07-17,93.349998,93.349998,93.349998,93.349998,802.0
2018-07-18,100.9,100.9,94.0,94.0,81.0
2018-07-20,98.949997,98.949997,98.949997,98.949997,100.0
2018-07-23,100.0,100.0,100.0,100.0,150.0
2018-07-26,96.0,96.0,96.0,96.0,200.0
2018-07-27,95.0,95.0,95.0,95.0,100.0
2018-07-31,97.839996,97.839996,94.419998,94.419998,160.0
2018-08-01,100.75,100.75,100.75,100.75,106.0
2018-08-02,100.0,100.0,100.0,100.0,2.0
2018-08-03,94.400002,94.400002,94.400002,94.400002,8.0
2018-08-07,95.0,100.0,94.300003,100.0,57.0
2018-08-09,93.510002,93.510002,93.510002,93.510002,20.0
2018-08-10,94.0,94.0,93.0,93.050003,327.0
2018-08-13,93.050003,94.050003,93.050003,94.050003,347.0
2018-08-16,94.0,94.0,94.0,94.0,500.0
2018-08-17,94.0,94.0,94.0,94.0,15.0
2018-08-27,94.0,94.0,94.0,94.0,9.0
2018-08-29,90.610001,90.610001,90.610001,90.610001,40.0
2018-08-30,95.0,95.0,95.0,95.0,2.0
2018-09-03,85.510002,94.0,85.510002,94.0,424.0
2018-09-04,94.0,94.0,94.0,94.0,1.0
2018-09-07,86.199997,86.199997,86.199997,86.199997,166.0
2018-09-10,85.900002,85.900002,85.900002,85.900002,30.0
2018-09-12,90.0,90.0,90.0,90.0,40.0
2018-09-13,82.0,82.0,82.0,82.0,178.0
2018-09-17,81.599998,90.190002,81.599998,90.190002,300.0
2018-09-18,99.199997,99.199997,99.0,99.150002,473.0
2018-09-19,99.0,101.0,99.0,101.0,82.0
2018-09-20,100.75,101.5,99.989998,99.989998,243.0
2018-09-21,98.0,99.989998,98.0,99.989998,302.0
2018-09-25,98.0,98.0,98.0,98.0,100.0
2018-09-27,98.0,102.95,98.0,102.95,18.0
2018-09-28,95.0,95.0,95.0,95.0,1.0
2018-10-01,93.0,100.9,92.0,100.0,103.0
2018-10-02,99.949997,99.949997,99.949997,99.949997,2.0
2018-10-03,92.0,92.0,92.0,92.0,100.0
2018-10-05,91.410004,91.410004,90.599998,90.599998,43.0
2018-10-11,90.5,90.5,90.5,90.5,30.0
2018-10-12,90.010002,90.010002,90.010002,90.010002,40.0
2018-10-16,90.010002,90.010002,90.010002,90.010002,120.0
2018-10-17,90.510002,90.510002,81.010002,83.0,3766.0
2018-10-19,81.059998,90.0,81.059998,90.0,21.0
2018-10-24,90.0,90.0,90.0,90.0,2.0
2018-10-25,90.0,90.0,90.0,90.0,197.0
2018-10-29,90.0,90.0,90.0,90.0,5.0
2018-11-01,86.0,86.0,85.0,85.0,105.0
2018-11-12,91.0,91.0,91.0,91.0,1.0
2018-11-13,90.0,91.0,90.0,91.0,100.0
2018-11-23,85.0,85.0,85.0,85.0,6.0
2018-11-27,85.0,85.0,85.0,85.0,34.0
2018-12-03,85.0,85.0,85.0,85.0,5.0
2018-12-04,81.099998,81.099998,81.099998,81.099998,80.0
2018-12-05,86.0,86.0,86.0,86.0,45.0
2018-12-07,81.160004,81.160004,81.160004,81.160004,16.0
2018-12-10,82.0,82.0,82.0,82.0,110.0
2018-12-12,84.0,84.0,84.0,84.0,90.0
2018-12-13,84.989998,85.0,84.989998,85.0,193.0
2018-12-14,87.540001,87.540001,86.0,86.0,9.0
2018-12-21,81.650002,81.650002,81.650002,81.650002,10.0
2018-12-24,83.0,83.0,81.599998,81.599998,140.0
2018-12-27,81.160004,81.160004,81.160004,81.160004,5548.0
2018-12-31,82.0,82.0,81.300003,82.0,150.0
2019-01-02,82.0,82.0,82.0,82.0,20.0
2019-01-03,82.0,82.0,81.150002,81.150002,6.0
2019-01-04,81.5,89.0,81.5,89.0,63.0
2019-01-07,89.0,89.949997,89.0,89.949997,75.0
2019-01-10,82.010002,82.010002,82.010002,82.010002,75.0
2019-01-17,82.0,82.0,82.0,82.0,100.0
2019-01-18,82.0,82.0,82.0,82.0,22.0
2019-01-22,82.099998,82.099998,80.199997,80.199997,20.0
2019-01-23,80.199997,80.199997,80.199997,80.199997,27.0
2019-01-25,73.5,87.480003,73.5,87.480003,22.0
2019-01-30,78.739998,78.739998,78.739998,78.739998,94.0
2019-02-08,85.0,85.0,80.0,83.0,400.0
2019-02-11,80.0,80.0,80.0,80.0,3.0
2019-02-12,76.110001,76.110001,76.110001,76.110001,2.0
2019-02-13,76.510002,76.510002,76.5,76.5,161.0
2019-02-14,83.0,83.0,83.0,83.0,5.0
2019-02-15,81.949997,82.0,81.949997,82.0,800.0
2019-02-19,79.0,79.0,79.0,79.0,35.0
2019-02-20,81.0,81.0,81.0,81.0,100.0
2019-02-21,82.0,82.0,82.0,82.0,2.0
2019-02-22,79.0,79.0,77.300003,77.300003,240.0
2019-02-27,76.550003,76.550003,76.510002,76.510002,220.0
2019-03-05,76.5,78.0,76.5,78.0,28.0
2019-03-07,80.0,80.0,80.0,80.0,10.0
2019-03-08,74.0,75.0,73.550003,74.5,1110.0
2019-03-11,70.050003,70.050003,70.050003,70.050003,1.0
2019-03-12,77.050003,77.050003,77.050003,77.050003,137.0
2019-03-15,76.900002,76.900002,71.010002,71.010002,2.0
2019-03-18,71.0,71.0,70.0,70.0,778.0
2019-03-21,68.25,68.25,68.25,68.25,2000.0
2019-03-22,70.0,70.0,70.0,70.0,50.0
2019-03-28,72.0,72.5,69.0,69.0,665.0
2019-03-29,73.5,73.989998,68.019997,68.019997,302.0
2019-04-01,73.75,74.809998,69.0,69.0,559.0
2019-04-02,69.0,75.800003,68.599998,75.800003,200.0
2019-04-03,76.900002,83.370003,76.900002,83.370003,481.0
2019-04-04,85.010002,90.0,85.010002,89.900002,388.0
2019-04-08,82.25,82.25,82.25,82.25,1.0
2019-04-09,88.900002,88.900002,88.900002,88.900002,4.0
2019-04-12,82.599998,82.599998,82.599998,82.599998,16.0
2019-04-15,82.25,82.25,82.0,82.0,150.0
2019-04-19,74.0,74.0,74.0,74.0,656.0
2019-04-22,68.0,68.0,68.0,68.0,1763.0
2019-04-24,74.790001,74.790001,74.790001,74.790001,10.0
2019-04-25,78.900002,78.900002,78.900002,78.900002,2.0
2019-05-03,71.099998,79.449997,71.099998,79.449997,280.0
2019-05-08,78.900002,78.900002,78.900002,78.900002,1.0
2019-05-10,74.0,74.0,74.0,74.0,5.0
2019-05-14,72.0,72.0,72.0,72.0,5.0
2019-05-15,72.0,78.0,67.010002,78.0,64.0
2019-05-16,70.209999,70.209999,70.209999,70.209999,77.0
2019-05-17,70.0,70.0,70.0,70.0,25.0
2019-05-22,68.099998,76.989998,68.099998,76.989998,334.0
2019-05-23,71.0,71.0,71.0,71.0,123.0
2019-05-27,70.0,70.0,70.0,70.0,55.0
2019-05-29,69.0,69.0,69.0,69.0,30.0
2019-06-03,69.099998,69.099998,69.010002,69.010002,875.0
2019-06-04,69.059998,69.059998,69.059998,69.059998,30.0
2019-06-10,69.059998,69.080002,69.059998,69.080002,35.0
2019-06-11,69.099998,69.099998,69.080002,69.099998,810.0
2019-06-14,72.0,72.0,72.0,72.0,50.0
2019-06-18,67.519997,67.519997,67.519997,67.519997,8.0
2019-06-20,67.57,67.57,67.57,67.57,12.0
2019-06-21,72.0,72.0,72.0,72.0,20.0
2019-06-25,67.300003,75.699997,67.300003,75.699997,1210.0
2019-06-27,70.0,70.0,70.0,70.0,49.0
2019-06-28,69.800003,69.800003,63.009998,63.009998,598.0
2019-07-01,63.02,63.02,63.02,63.02,8.0
2019-07-04,68.900002,68.900002,68.900002,68.900002,1.0
2019-07-15,67.900002,69.0,67.900002,69.0,299.0
2019-07-18,63.060001,72.989998,63.060001,72.989998,42.0
2019-07-19,65.699997,66.0,65.699997,65.709999,809.0
2019-07-22,72.279999,72.279999,72.279999,72.279999,10.0
2019-07-23,65.080002,65.080002,65.080002,65.080002,20.0
2019-07-24,63.66,70.989998,63.549999,70.989998,10.0
2019-07-25,64.0,71.730003,64.0,71.730003,6.0
2019-08-02,64.559998,64.599998,64.559998,64.559998,522.0
2019-08-05,64.580002,70.980003,62.099998,62.099998,602.0
2019-08-06,62.25,62.25,62.25,62.25,445.0
2019-08-07,62.279999,62.279999,62.25,62.25,14.0
2019-08-08,58.0,68.239998,56.299999,68.239998,392.0
2019-08-16,63.5,63.5,63.5,63.5,200.0
2019-08-19,60.060001,60.099998,60.0,60.099998,573.0
2019-08-28,60.0,60.0,57.509998,60.0,735.0
2019-08-30,64.889999,65.0,64.889999,65.0,161.0
2019-09-02,64.980003,64.989998,64.980003,64.989998,20.0
2019-09-05,64.0,64.989998,64.0,64.989998,1000.0
2019-09-11,58.5,58.5,58.5,58.5,24.0
2019-09-12,59.75,59.75,59.5,59.5,224.0
2019-09-17,60.0,60.0,60.0,60.0,16.0
2019-09-18,60.0,60.0,60.0,60.0,80.0
2019-09-20,55.599998,56.0,55.599998,56.0,60.0
2019-09-23,58.0,58.0,58.0,58.0,26.0
2019-09-24,58.0,59.0,58.0,59.0,100.0
2019-09-27,56.029999,58.98,56.029999,58.880001,192.0
2019-09-30,58.880001,58.880001,58.880001,58.880001,100.0
2019-10-01,58.880001,60.900002,58.880001,60.900002,186.0
2019-10-04,60.799999,60.799999,60.799999,60.799999,23.0
2019-10-07,59.0,59.0,59.0,59.0,15.0
2019-10-08,54.849998,60.0,54.849998,60.0,21.0
2019-10-09,54.5,55.25,54.5,55.25,132.0
2019-10-16,59.0,59.0,59.0,59.0,1.0
2019-10-21,59.0,59.599998,59.0,59.599998,86.0
2019-10-22,59.48,59.650002,59.48,59.650002,41.0
2019-10-23,58.0,58.0,58.0,58.0,1.0
2019-10-24,59.490002,59.490002,59.490002,59.490002,80.0
2019-10-25,59.459999,59.459999,59.459999,59.459999,99.0
2019-11-04,59.560001,59.580002,59.049999,59.049999,213.0
2019-11-05,58.0,60.0,58.0,60.0,7.0
2019-11-07,62.900002,62.900002,56.099998,62.790001,20.0
2019-11-14,62.68,62.68,62.68,62.68,1.0
2019-11-22,62.650002,62.650002,62.5,62.5,3.0
2019-11-25,57.0,57.0,57.0,57.0,19.0
2019-11-26,57.0,57.009998,57.0,57.0,665.0
2019-11-27,57.0,62.0,57.0,62.0,9.0
2019-11-29,57.5,61.98,57.5,61.98,70.0
2019-12-04,57.599998,57.599998,57.599998,57.599998,71.0
2019-12-06,59.900002,59.900002,59.900002,59.900002,1.0
2019-12-10,57.700001,59.900002,57.700001,59.900002,2.0
2019-12-12,59.900002,59.900002,59.900002,59.900002,398.0
2019-12-13,60.900002,61.0,60.900002,61.0,149.0
2019-12-16,61.75,65.989998,61.75,65.980003,624.0
2019-12-17,67.400002,72.57,67.400002,72.57,406.0
2019-12-18,72.300003,75.0,72.300003,75.0,2320.0
2019-12-19,75.0,78.989998,74.989998,76.0,713.0
2019-12-20,75.0,75.010002,75.0,75.0,359.0
2019-12-23,72.029999,72.029999,72.029999,72.029999,108.0
2019-12-24,72.0,73.0,72.0,73.0,176.0
2019-12-25,75.0,78.519997,75.0,78.519997,787.0
2019-12-26,78.519997,78.540001,75.5,75.5,850.0
2019-12-27,75.0,75.0,74.0,74.0,330.0
2019-12-31,77.550003,77.550003,77.550003,77.550003,110.0
2020-01-09,73.0,77.400002,73.0,77.400002,29.0
2020-01-21,76.900002,76.900002,76.900002,76.900002,50.0
2020-02-04,70.0,70.0,70.0,70.0,95.0
2020-02-05,68.0,68.0,63.029999,63.029999,2046.0
2020-02-06,63.5,64.900002,63.0,64.900002,1027.0
2020-02-07,63.0,63.0,63.0,63.0,30.0
2020-02-10,63.150002,63.150002,63.0,63.0,3115.0
2020-02-13,60.0,60.0,60.0,60.0,23.0
2020-03-02,60.0,60.0,60.0,60.0,12.0
2020-03-03,55.200001,65.489998,55.200001,65.489998,336.0
2020-03-05,67.449997,67.449997,67.449997,67.449997,15.0
2020-03-24,65.449997,65.449997,65.449997,65.449997,21.0
2020-03-25,67.0,67.0,62.84,63.860001,2192.0
2020-03-26,62.849998,62.849998,61.310001,61.310001,250.0
2020-03-27,60.099998,60.099998,60.0,60.0,204.0
2020-04-07,57.849998,57.849998,57.849998,57.849998,24.0
2020-04-27,56.0,56.0,55.540001,56.0,34.0
2020-05-05,53.77,53.77,53.77,53.77,125.0
2020-05-06,53.77,55.919998,53.77,55.919998,87.0
2020-05-07,55.919998,56.5,55.919998,56.0,110.0
2020-05-20,58.200001,58.200001,58.200001,58.200001,20.0
2020-05-21,60.52,60.52,60.52,60.52,10.0
2020-05-26,62.900002,62.900002,62.900002,62.900002,1.0
2020-05-28,64.050003,64.050003,64.050003,64.050003,1.0
2020-05-29,65.5,66.419998,65.5,66.389999,81.0
2020-06-02,64.949997,64.949997,64.900002,64.900002,14.0
2020-06-03,62.310001,62.310001,62.310001,62.310001,140.0
2020-06-04,62.299999,62.299999,61.200001,61.200001,4567.0
2020-06-05,60.0,60.049999,60.0,60.049999,154.0
2020-06-10,57.66,62.0,57.66,62.0,95.0
2020-06-12,60.77,60.77,60.77,60.77,400.0
2020-06-17,58.349998,58.349998,58.349998,58.349998,80.0
2020-06-18,56.049999,60.650002,56.02,56.02,2605.0
2020-06-19,56.02,56.02,56.0,56.0,90.0
2020-06-22,53.779999,58.23,53.779999,58.23,541.0
2020-06-23,56.0,56.0,55.91,56.0,515.0
2020-06-25,58.189999,58.189999,53.82,53.82,698.0
2020-06-26,51.669998,52.0,51.669998,51.669998,454.0
2020-06-29,52.099998,52.099998,50.98,50.98,2115.0
2020-06-30,51.0,52.200001,49.0,52.200001,1510.0
2020-07-01,52.549999,54.200001,52.549999,54.200001,20.0
2020-07-02,56.0,56.0,56.0,56.0,5.0
2020-07-08,55.0,55.0,55.0,55.0,27.0
2020-07-09,55.0,55.0,55.0,55.0,10.0
2020-07-10,53.0,55.990002,53.0,55.990002,318.0
2020-07-14,54.990002,54.990002,54.990002,54.990002,20.0
2020-07-15,54.889999,57.099998,53.0,53.0,687.0
2020-07-20,52.5,52.5,52.5,52.5,20.0
2020-07-21,51.459999,51.459999,51.459999,51.459999,2.0
2020-07-22,50.439999,50.439999,50.439999,50.439999,12.0
2020-07-23,49.439999,49.439999,49.439999,49.439999,59.0
2020-07-24,48.459999,48.459999,48.459999,48.459999,63.0
2020-07-27,47.5,47.5,47.5,47.5,891.0
2020-07-29,46.560001,46.560001,46.560001,46.560001,429.0
2020-08-03,45.630001,45.630001,45.630001,45.630001,245.0
2020-08-04,44.720001,44.720001,44.720001,44.720001,268.0
2020-08-05,45.0,45.0,45.0,45.0,18.0
2020-08-07,44.110001,44.110001,44.110001,44.110001,22.0
2020-08-10,43.23,43.23,43.23,43.23,4.0
2020-08-11,42.369999,42.369999,42.369999,42.369999,65.0
2020-08-12,42.369999,42.369999,42.369999,42.369999,142.0
2020-08-24,41.529999,41.529999,41.529999,41.529999,432.0
2020-08-25,42.349998,42.349998,42.349998,42.349998,20.0
2020-08-26,43.189999,43.189999,43.189999,43.189999,320.0
2020-08-28,44.02,44.02,44.02,44.02,1.0
2020-09-01,43.139999,43.139999,43.139999,43.139999,6.0
2020-09-02,42.279999,42.279999,42.279999,42.279999,259.0
2020-09-04,41.639999,41.639999,41.639999,41.639999,23.0
2020-09-07,40.810001,40.810001,40.810001,40.810001,188.0
2020-09-08,40.0,40.0,40.0,40.0,110.0
2020-09-09,39.209999,39.209999,39.209999,39.209999,172.0
2020-09-10,38.43,38.43,38.43,38.43,14.0
2020-09-11,37.669998,37.669998,37.669998,37.669998,13.0
2020-09-14,36.93,36.93,36.93,36.93,510.0
2020-09-15,37.66,37.66,37.66,37.66,359.0
2020-09-16,36.939999,36.939999,36.939999,36.939999,23.0
2020-09-17,37.669998,37.669998,37.669998,37.669998,350.0
2020-09-24,38.200001,38.200001,38.200001,38.200001,216.0
2020-09-25,38.959999,38.959999,38.959999,38.959999,1.0
2020-10-01,39.73,39.73,39.73,39.73,125.0
2020-10-02,40.52,40.52,40.52,40.52,49.0
2020-10-05,41.330002,41.330002,41.330002,41.330002,11.0
2020-10-06,42.150002,42.150002,42.150002,42.150002,210.0
2020-10-07,42.990002,42.990002,42.990002,42.990002,240.0
2020-10-08,43.84,43.84,43.84,43.84,309.0
2020-10-09,44.689999,44.689999,44.689999,44.689999,295.0
2020-10-12,43.799999,43.799999,43.799999,43.799999,150.0
2020-10-13,42.93,42.93,42.93,42.93,1.0
2020-10-14,43.700001,43.700001,43.700001,43.700001,1.0
2020-10-15,42.830002,42.830002,42.830002,42.830002,1.0
2020-10-16,43.68,43.68,43.68,43.68,8.0
2020-10-21,42.810001,42.810001,42.810001,42.810001,10.0
2020-10-22,41.959999,41.959999,41.959999,41.959999,4.0
2020-10-23,42.700001,42.700001,42.700001,42.700001,1.0
2020-10-28,43.439999,43.439999,43.439999,43.439999,3.0
2020-11-02,42.599998,42.599998,42.599998,42.599998,101.0
2020-11-03,41.75,41.75,41.75,41.75,64.0
2020-11-04,42.0,42.0,42.0,42.0,1500.0
2020-11-09,41.169998,41.169998,41.169998,41.169998,260.0
2020-11-10,41.990002,41.990002,41.990002,41.990002,80.0
2020-11-11,42.0,42.0,42.0,42.0,20.0
2020-11-13,41.169998,41.169998,41.169998,41.169998,250.0
2020-11-16,40.5,40.5,40.5,40.5,110.0
2020-11-23,41.299999,41.299999,41.299999,41.299999,271.0
2020-11-24,40.48,40.48,40.48,40.48,200.0
2020-11-25,41.27,41.27,41.27,41.27,230.0
2020-11-27,40.459999,40.459999,40.459999,40.459999,329.0
2020-11-30,39.700001,39.700001,39.700001,39.700001,439.0
2020-12-01,40.490002,40.490002,40.490002,40.490002,1.0
2020-12-04,41.290001,41.290001,41.290001,41.290001,50.0
2020-12-07,41.490002,41.490002,41.490002,41.490002,37.0
2020-12-09,40.75,40.75,40.75,40.75,126.0
2020-12-10,41.549999,41.549999,41.549999,41.549999,50.0
2020-12-11,42.299999,42.299999,42.299999,42.299999,295.0
2020-12-14,42.299999,42.299999,42.299999,42.299999,200.0
2020-12-15,41.700001,41.700001,41.700001,41.700001,500.0
2020-12-16,41.689999,41.689999,41.689999,41.689999,335.0
2020-12-17,41.610001,41.610001,41.610001,41.610001,200.0
2020-12-18,41.610001,41.610001,41.610001,41.610001,114.0
2020-12-22,40.779999,40.779999,40.779999,40.779999,50.0
2020-12-23,39.98,39.98,39.98,39.98,10.0
2020-12-24,40.119999,40.119999,40.119999,40.119999,50.0
2020-12-28,40.900002,40.900002,40.900002,40.900002,112.0
2020-12-31,40.099998,40.099998,40.099998,40.099998,48.0
2021-01-05,40.099998,40.099998,40.099998,40.099998,100.0
2021-01-06,40.099998,40.099998,40.099998,40.099998,329.0
2021-01-07,40.5,40.5,40.5,40.5,109.0
2021-01-13,40.549999,40.549999,40.549999,40.549999,200.0
2021-01-14,40.709999,40.709999,40.709999,40.709999,150.0
2021-01-19,41.5,41.5,41.5,41.5,34.0
2021-01-20,41.5,41.5,41.5,41.5,88.0
2021-01-21,41.52,43.150002,41.099998,43.150002,491.0
2021-01-22,44.869999,44.869999,44.869999,44.869999,114.0
2021-01-25,46.66,46.66,46.66,46.66,36.0
2021-01-26,48.52,48.52,48.52,48.52,715.0
2021-01-27,50.459999,50.459999,50.459999,50.459999,907.0
2021-01-28,52.299999,52.41,51.0,51.0,1006.0
2021-01-29,50.0,50.0,50.0,50.0,20.0
2021-02-02,49.799999,50.0,49.009998,49.799999,144.0
2021-02-03,48.900002,49.700001,48.900002,49.700001,110.0
2021-02-04,51.0,51.0,51.0,51.0,150.0
2021-02-09,49.110001,49.110001,48.970001,48.98,1129.0
2021-02-10,49.990002,49.990002,48.799999,48.799999,46.0
2021-02-12,48.0,48.0,48.0,48.0,35.0
2021-02-16,47.0,49.450001,47.0,49.450001,331.0
2021-02-17,48.990002,48.990002,48.990002,48.990002,10.0
2021-02-19,47.040001,47.040001,47.040001,47.040001,100.0
2021-02-22,47.040001,47.040001,47.040001,47.040001,10.0
2021-02-23,47.040001,47.040001,47.0,47.0,150.0
2021-02-25,47.0,47.0,47.0,47.0,11.0
2021-03-02,47.0,47.900002,47.0,47.900002,81.0
2021-03-03,47.0,47.0,47.0,47.0,55.0
2021-03-09,47.0,47.0,47.0,47.0,105.0
2021-03-10,47.0,47.0,47.0,47.0,100.0
2021-03-11,47.0,47.93,47.0,47.93,15.0
2021-03-15,46.209999,46.209999,46.200001,46.200001,99.0
2021-03-17,45.299999,47.119999,45.299999,47.119999,5.0
2021-03-23,47.0,47.0,47.0,47.0,7.0
2021-03-30,46.0,47.0,46.0,46.990002,1152.0
2021-03-31,47.0,48.040001,46.099998,46.099998,1626.0
2021-04-01,47.93,47.93,47.93,47.93,20.0
2021-04-06,46.099998,46.099998,46.099998,46.099998,956.0
2021-04-13,47.0,47.939999,45.810001,47.939999,403.0
2021-04-15,49.490002,49.490002,49.490002,49.490002,2.0
2021-04-19,47.799999,47.799999,47.799999,47.799999,99.0
2021-04-20,49.68,49.68,48.0,48.0,201.0
2021-04-21,48.0,49.0,48.0,49.0,182.0
2021-04-23,49.0,50.950001,49.0,50.950001,1969.0
2021-04-26,52.98,52.98,52.98,52.98,322.0
2021-04-27,55.0,55.09,55.0,55.09,92.0
2021-04-28,57.290001,57.290001,57.290001,57.290001,1317.0
2021-04-29,59.5,59.580002,59.5,59.580002,430.0
2021-04-30,61.959999,61.959999,61.959999,61.959999,755.0
2021-05-03,64.43,64.43,64.43,64.43,556.0
2021-05-04,67.0,67.0,67.0,67.0,1055.0
2021-05-05,69.669998,69.669998,69.5,69.669998,2328.0
2021-05-06,72.449997,72.449997,70.199997,72.0,3816.0
2021-05-07,72.300003,72.300003,69.150002,72.25,246.0
2021-05-10,72.0,72.199997,71.900002,72.0,344.0
2021-05-11,71.5,71.5,71.400002,71.400002,22.0
2021-05-17,71.349998,71.400002,71.349998,71.400002,60.0
2021-05-19,69.010002,69.010002,68.550003,68.550003,42.0
2021-05-20,68.550003,68.550003,65.82,67.849998,261.0
2021-05-21,67.800003,67.800003,65.139999,65.5,76.0
2021-05-24,62.889999,64.0,62.889999,62.889999,988.0
2021-05-25,60.380001,62.0,60.380001,62.0,41.0
2021-05-26,60.0,60.0,60.0,60.0,45.0
2021-05-27,60.0,60.990002,57.610001,60.990002,440.0
2021-05-28,61.299999,61.490002,61.299999,61.490002,273.0
2021-05-31,61.48,61.490002,59.549999,59.549999,62.0
2021-06-01,59.099998,61.790001,59.0,61.5,529.0
2021-06-02,60.049999,63.900002,60.049999,63.400002,288.0
2021-06-03,63.0,63.5,63.0,63.5,202.0
2021-06-04,62.0,64.5,62.0,64.5,432.0
2021-06-07,64.0,64.0,64.0,64.0,77.0
2021-06-08,61.509998,61.509998,61.5,61.5,310.0
2021-06-09,61.599998,61.599998,61.5,61.5,85.0
2021-06-10,61.009998,61.5,59.049999,59.599998,485.0
2021-06-11,61.98,61.98,61.950001,61.98,1400.0
2021-06-14,64.449997,64.449997,64.449997,64.449997,406.0
2021-06-15,67.019997,67.019997,67.019997,67.019997,1536.0
2021-06-16,69.699997,69.699997,69.0,69.0,1460.0
2021-06-17,68.900002,70.889999,66.300003,70.889999,1276.0
2021-06-18,68.510002,68.599998,68.07,68.099998,1089.0
2021-06-21,68.150002,70.82,68.150002,70.82,419.0
2021-06-22,73.650002,73.650002,73.650002,73.650002,542.0
2021-06-23,75.0,76.589996,75.0,76.589996,4908.0
2021-06-24,79.650002,79.650002,79.650002,79.650002,935.0
2021-06-25,82.599998,82.599998,80.0,81.0,1683.0
2021-06-28,81.900002,84.199997,81.800003,83.900002,21423.0
2021-06-29,84.0,84.0,81.300003,82.889999,4653.0
2021-06-30,80.0,81.5,79.75,79.900002,931.0
2021-07-01,77.860001,79.0,77.790001,78.0,2022.0
2021-07-02,77.0,81.0,75.0,81.0,2901.0
2021-07-05,81.0,82.989998,77.769997,77.769997,1113.0
2021-07-06,75.0,75.25,75.0,75.0,256.0
2021-07-07,77.989998,77.989998,77.989998,77.989998,1.0
2021-07-08,80.989998,81.099998,80.650002,81.099998,6920.0
2021-07-09,83.989998,84.339996,83.989998,84.339996,3727.0
2021-07-12,87.690002,87.709999,86.0,87.709999,2083.0
2021-07-13,91.099998,91.190002,90.800003,91.190002,1827.0
2021-07-14,93.0,94.830002,93.0,94.830002,2463.0
2021-07-15,98.620003,98.620003,98.620003,98.620003,749.0
2021-07-16,102.5,102.55,101.9,102.55,1290.0
2021-07-19,106.65,106.65,106.65,106.65,12.0
2021-07-20,109.0,110.9,109.0,110.9,1218.0
2021-07-23,115.3,115.3,115.2,115.3,2545.0
2021-07-26,119.9,119.9,119.9,119.9,146.0
2021-07-27,124.65,124.65,124.65,124.65,499.0
2021-07-28,129.60001,129.60001,129.60001,129.60001,163.0
2021-07-29,134.75,134.75,134.75,134.75,2548.0
2021-08-02,139.89999,139.89999,129.39999,129.39999,6724.0
2021-08-03,124.25,124.25,124.25,124.25,105.0
2021-08-04,119.3,119.3,119.3,119.3,126.0
2021-08-05,114.55,114.55,114.55,114.55,328.0
2021-08-06,110.0,110.0,110.0,110.0,36.0
2021-08-09,105.65,114.35,105.65,114.35,8144.0
2021-08-11,118.9,118.9,118.9,118.9,1060.0
2021-08-12,114.35,122.3,114.15,114.15,2688.0
2021-08-13,116.0,116.65,109.6,114.5,2830.0
2021-08-16,109.95,119.05,109.95,117.75,2108.0
2021-08-17,114.0,121.95,114.0,120.85,4689.0
2021-08-18,121.0,123.95,121.0,123.5,605.0
2021-08-19,121.2,123.45,118.6,122.9,1642.0
2021-08-23,120.45,124.15,120.45,124.15,300.0
2021-08-24,123.95,123.95,122.0,123.5,53.0
2021-08-25,123.0,124.0,123.0,124.0,100.0
2021-08-26,120.6,121.95,120.0,121.95,217.0
2021-08-27,121.95,121.95,117.1,117.1,423.0
2021-08-30,112.5,118.5,112.5,118.5,1847.0
2021-08-31,123.2,123.2,123.2,123.2,2158.0
2021-09-01,124.25,124.25,122.95,122.95,821.0
2021-09-02,118.25,121.0,118.2,121.0,532.0
2021-09-03,118.5,120.95,118.2,120.95,185.0
2021-09-06,121.0,121.0,118.0,119.85,245.0
2021-09-07,119.0,119.85,116.1,118.5,107.0
2021-09-08,119.8,119.8,119.8,119.8,1.0
2021-09-09,119.7,121.0,119.7,120.0,240.0
2021-09-10,122.9,124.75,122.85,124.75,4593.0
2021-09-13,126.0,129.7,126.0,128.5,1621.0
2021-09-14,126.0,126.0,123.5,125.0,950.0
2021-09-15,127.0,127.0,123.0,125.4,1032.0
2021-09-16,122.9,125.3,121.5,125.3,54.0
2021-09-17,121.55,124.95,120.3,124.95,243.0
2021-09-20,125.8,128.0,122.1,126.0,533.0
2021-09-21,125.5,127.75,125.5,127.75,375.0
2021-09-22,127.65,127.65,127.65,127.65,100.0
2021-09-23,127.3,127.3,127.0,127.0,322.0
2021-09-24,128.0,129.0,128.0,129.0,1086.0
2021-09-27,129.0,134.14999,129.0,132.89999,1395.0
2021-09-28,130.10001,135.0,129.0,134.89999,5843.0
2021-09-29,135.0,140.25,135.0,140.25,4313.0
2021-09-30,142.5,142.5,134.64999,138.8,5243.0
2021-10-01,138.95,138.95,133.25,133.25,495.0
2021-10-04,136.0,136.0,136.0,136.0,80.0
2021-10-05,131.0,141.39999,131.0,131.0,1719.0
2021-10-06,135.0,135.0,125.8,125.8,1128.0
2021-10-07,124.0,128.95,123.0,123.0,1945.0
2021-10-08,122.25,122.3,118.1,120.2,3148.0
2021-10-11,118.3,122.0,118.3,121.9,551.0
2021-10-12,125.0,129.2,124.8,129.2,2478.0
2021-10-13,132.10001,136.0,130.0,132.05,2060.0
2021-10-14,131.14999,136.0,130.89999,131.0,1266.0
2021-10-15,130.05,136.7,130.0,133.0,1910.0
2021-10-18,136.7,138.89999,132.0,135.85001,415.0
2021-10-21,135.0,144.0,135.0,144.0,5353.0
2021-10-22,149.8,152.60001,149.8,152.60001,4983.0
2021-10-25,159.89999,161.75,150.0,156.8,9009.0
2021-10-26,160.0,164.75,155.39999,159.5,3356.0
2021-10-27,159.89999,164.0,159.89999,162.0,1566.0
2021-10-28,160.2,171.7,160.2,171.7,10286.0
2021-10-29,172.10001,178.89999,165.0,168.10001,7911.0
2021-11-01,171.0,171.45,168.0,170.39999,666.0
2021-11-02,170.95,172.85001,170.5,172.8,1331.0
2021-11-03,172.5,180.0,172.5,179.55,17898.0
2021-11-04,179.55,188.89999,179.55,186.0,5595.0
2021-11-05,186.0,191.0,176.0,176.0,4155.0
2021-11-08,180.0,180.0,168.0,172.89999,3100.0
2021-11-09,178.0,181.5,168.0,172.0,2835.0
2021-11-10,175.5,175.5,161.7,161.7,2652.0
2021-11-11,170.0,170.0,160.0,160.0,1858.0
2021-11-12,165.0,168.95,157.10001,160.0,1070.0
2021-11-15,166.0,167.0,164.89999,164.89999,475.0
2021-11-16,165.0,173.0,165.0,170.95,1120.0
2021-11-17,173.0,176.5,171.0,174.75,1268.0
2021-11-19,172.0,176.0,171.0,174.5,864.0
2021-11-22,174.89999,183.89999,172.55,175.39999,2928.0
2021-11-23,173.0,173.0,164.95,171.85001,4685.0
2021-11-24,172.5,172.5,168.0,170.0,577.0
2021-11-25,170.0,180.0,168.0,173.0,4379.0
2021-11-26,174.5,174.5,165.0,169.89999,2718.0
2021-11-29,159.89999,170.0,159.75,170.0,2339.0
2021-11-30,163.0,164.5,160.0,164.3,674.0
2021-12-01,164.39999,168.0,160.2,163.89999,710.0
2021-12-02,161.35001,169.0,160.05,162.95,947.0
2021-12-03,160.14999,161.89999,159.0,161.89999,460.0
2021-12-06,158.0,164.95,158.0,160.0,692.0
2021-12-07,160.0,160.0,154.95,158.0,4664.0
2021-12-08,160.0,162.5,155.0,157.95,2091.0
2021-12-09,159.0,162.5,156.0,158.0,673.0
2021-12-10,162.05,162.05,157.0,157.0,795.0
2021-12-13,156.0,156.0,153.5,154.0,264.0
2021-12-14,149.5,156.89999,146.0,154.0,1386.0
2021-12-15,150.0,154.39999,148.10001,154.39999,293.0
2021-12-16,150.0,153.8,150.0,153.8,10.0
2021-12-17,149.0,149.0,144.60001,144.60001,2579.0
2021-12-20,141.10001,141.10001,135.95,135.95,1522.0
2021-12-21,134.0,140.0,127.8,135.75,3903.0
2021-12-22,138.89999,143.0,136.0,139.0,307.0
2021-12-23,135.89999,137.0,133.0,137.0,283.0
2021-12-24,135.05,142.8,135.0,142.8,442.0
2021-12-27,135.05,145.0,134.25,140.0,1516.0
2021-12-28,137.0,138.0,134.25,135.0,955.0
2021-12-29,135.0,139.89999,134.5,139.89999,241.0
2021-12-30,139.7,141.89999,139.7,141.0,102.0
2021-12-31,141.89999,142.0,135.0,142.0,6437.0
2022-01-03,142.0,148.0,136.8,146.89999,353.0
2022-01-04,146.95,155.7,146.0,155.3,2073.0
2022-01-05,155.3,159.89999,154.3,158.0,3118.0
2022-01-06,156.39999,159.5,152.5,157.95,5581.0
2022-01-07,153.05,155.0,150.0,152.95,3370.0
2022-01-10,150.0,153.89999,145.60001,153.89999,1077.0
2022-01-12,150.0,151.39999,150.0,151.39999,335.0
2022-01-13,150.0,151.0,150.0,150.0,732.0
2022-01-14,148.2,149.0,148.10001,149.0,1575.0
2022-01-17,150.0,152.5,147.0,148.0,2675.0
2022-01-18,147.05,148.0,144.0,144.0,3903.0
2022-01-19,145.5,147.89999,145.5,147.89999,1937.0
2022-01-20,147.89999,153.75,147.89999,153.7,9434.0
2022-01-21,154.5,156.0,150.0,152.89999,5014.0
2022-01-24,151.89999,152.39999,148.0,152.39999,236.0
2022-01-25,148.0,151.0,147.55,151.0,17.0
2022-01-26,149.10001,150.0,148.0,150.0,569.0
2022-01-27,151.0,151.0,151.0,151.0,151.0
2022-01-28,150.0,151.0,148.10001,150.0,180.0
2022-01-31,150.75,150.75,147.0,147.0,573.0
2022-02-01,147.0,148.89999,145.0,148.0,730.0
2022-02-02,147.8,147.8,145.2,145.2,2032.0
2022-02-03,145.14999,145.14999,137.85001,144.5,13508.0
2022-02-04,141.0,142.95,140.10001,142.95,3065.0
2022-02-07,142.5,142.5,140.05,142.5,1725.0
2022-02-08,142.0,151.0,141.89999,151.0,5804.0
2022-02-09,155.0,160.05,154.0,160.05,9028.0
2022-02-10,167.5,167.5,161.0,164.8,10254.0
2022-02-11,167.0,170.0,163.0,165.0,2004.0
2022-02-14,163.10001,163.10001,155.14999,158.5,4392.0
2022-02-15,158.5,159.0,156.0,159.0,1111.0
2022-02-16,156.0,158.89999,156.0,158.89999,282.0
2022-02-17,159.89999,160.0,159.89999,159.89999,412.0
2022-02-18,160.0,162.0,157.2,161.89999,717.0
2022-02-21,161.0,161.0,156.0,158.5,719.0
2022-02-22,153.7,158.0,153.7,157.60001,715.0
2022-02-23,156.0,156.0,155.89999,156.0,400.0
2022-02-24,154.89999,154.89999,146.64999,146.64999,1924.0
2022-02-25,140.0,149.0,138.0,148.10001,5032.0
2022-02-28,144.05,147.0,144.05,144.25,333.0
2022-03-01,144.0,145.0,143.0,143.0,628.0
2022-03-02,142.0,142.0,134.5,138.89999,7310.0
2022-03-03,138.89999,138.89999,135.0,138.89999,327.0
2022-03-04,133.0,133.0,130.60001,130.60001,864.0
2022-03-07,122.8,122.8,122.8,122.8,431.0
2022-03-08,116.0,128.5,116.0,128.0,13650.0
2022-03-09,130.0,135.64999,128.0,130.10001,2698.0
2022-03-10,134.0,135.0,130.0,130.0,933.0
2022-03-11,129.89999,129.89999,126.0,129.89999,430.0
2022-03-14,136.0,136.0,127.0,133.95,768.0
2022-03-15,133.89999,133.89999,128.0,128.2,1106.0
2022-03-16,128.10001,132.45,128.0,132.45,470.0
2022-03-17,133.3,135.0,131.0,134.89999,677.0
2022-03-18,134.89999,134.89999,132.10001,134.89999,3034.0
2022-03-21,134.89999,137.3,134.89999,137.3,622.0
2022-03-22,134.10001,143.0,134.10001,142.0,814.0
2022-03-23,143.0,147.0,139.0,143.0,1192.0
2022-03-24,138.55,138.55,134.45,138.0,559.0
2022-03-25,138.0,140.0,138.0,138.0,186.0
2022-03-28,140.0,140.0,140.0,140.0,140.0
2022-03-29,143.0,143.0,143.0,143.0,210.0
2022-03-30,143.0,143.0,143.0,143.0,45.0
2022-03-31,140.0,142.75,134.45,140.0,3301.0
2022-04-01,140.0,142.0,140.0,140.0,1151.0
2022-04-05,132.05,138.5,132.05,138.5,563.0
2022-04-06,134.5,137.0,134.5,137.0,143.0
2022-04-07,133.05,134.89999,131.0,134.89999,654.0
2022-04-08,136.8,137.89999,136.8,137.89999,135.0
2022-04-12,137.89999,137.95,135.0,135.0,118.0
2022-04-13,131.0,134.89999,129.95,129.95,1784.0
2022-04-14,130.0,130.0,129.0,130.0,1410.0
2022-04-15,130.0,130.0,128.0,128.0,2837.0
2022-04-18,128.0,128.0,123.5,126.5,1875.0
2022-04-19,124.1,131.35001,124.1,131.35001,200.0
2022-04-20,131.14999,131.14999,131.14999,131.14999,304.0
2022-04-21,128.0,130.0,128.0,130.0,95.0
2022-04-22,130.0,130.0,130.0,130.0,600.0
2022-04-25,126.55,126.55,126.55,126.55,71.0
2022-04-26,129.75,129.75,129.75,129.75,2.0
2022-04-27,129.75,129.75,129.75,129.75,255.0
2022-04-28,129.75,131.0,125.0,125.0,1200.0
2022-04-29,126.0,126.0,126.0,126.0,15.0
2022-05-04,127.15,129.0,126.0,129.0,292.0
2022-05-05,129.0,131.0,129.0,131.0,429.0
2022-05-06,131.0,131.0,125.25,125.3,99.0
2022-05-09,125.2,125.2,125.2,125.2,92.0
2022-05-10,125.1,125.1,119.0,119.0,934.0
2022-05-11,119.0,123.0,119.0,123.0,618.0
2022-05-12,123.0,123.0,118.0,123.0,169.0
2022-05-13,124.9,126.0,124.9,126.0,126.0
2022-05-19,120.0,125.45,120.0,125.45,277.0
2022-05-20,121.0,122.0,120.0,122.0,547.0
2022-05-23,118.2,122.3,118.2,122.3,18.0
2022-05-25,118.05,118.05,115.0,118.0,320.0
2022-05-26,115.0,119.5,115.0,119.5,270.0
2022-05-31,119.0,119.4,119.0,119.4,95.0
2022-06-01,119.5,119.5,118.9,118.9,6.0
2022-06-02,115.0,118.4,115.0,118.4,327.0
2022-06-03,119.5,122.0,118.5,122.0,351.0
2022-06-07,118.4,123.9,118.4,123.9,40.0
2022-06-08,118.0,118.0,118.0,118.0,318.0
2022-06-09,123.7,123.7,123.7,123.7,10.0
2022-06-10,118.05,119.85,116.5,119.85,56.0
2022-06-13,116.35,116.35,116.35,116.35,162.0
2022-06-14,115.0,121.0,113.0,121.0,455.0
2022-06-15,113.75,119.45,113.75,119.45,110.0
2022-06-16,116.0,119.0,113.8,119.0,82.0
2022-06-17,118.85,118.85,113.0,117.95,89.0
2022-06-20,114.45,116.5,112.25,116.0,130.0
2022-06-22,115.0,115.0,115.0,115.0,10.0
2022-06-23,113.1,116.75,108.15,116.75,789.0
2022-06-28,113.25,116.0,110.0,116.0,106.0
2022-07-01,115.0,115.75,115.0,115.75,155.0
2022-07-04,112.3,113.85,109.0,113.85,380.0
2022-07-05,108.0,113.75,107.1,113.75,576.0
2022-07-07,116.0,116.0,116.0,116.0,100.0
2022-07-08,112.55,113.0,112.55,113.0,29.0
2022-07-14,112.5,116.95,112.5,116.95,130.0
2022-07-18,111.0,113.15,109.95,113.15,255.0
2022-07-19,110.1,111.85,107.1,111.85,933.0
2022-07-20,108.0,110.9,107.1,110.9,83.0
2022-07-21,111.5,111.5,108.2,108.2,2125.0
2022-07-22,108.5,108.5,108.5,108.5,912.0
2022-07-25,110.0,110.0,108.5,108.5,488.0
2022-07-26,110.0,113.0,110.0,113.0,110.0
2022-07-28,108.55,112.4,108.55,108.75,19.0
2022-07-29,113.0,113.0,110.0,110.0,893.0
2022-08-01,108.85,110.0,108.0,110.0,200.0
2022-08-02,115.15,115.15,111.7,115.0,211.0
2022-08-03,115.0,116.5,113.05,116.4,505.0
2022-08-04,116.0,122.9,116.0,122.9,150.0
2022-08-05,117.0,130.25,117.0,130.2,3230.0
2022-08-08,131.39999,138.0,131.39999,138.0,4380.0
2022-08-09,141.0,144.0,140.0,141.75,514.0
2022-08-10,137.0,142.60001,137.0,141.0,866.0
2022-08-11,135.10001,140.0,132.55,137.0,2387.0
2022-08-12,132.7,135.0,132.7,135.0,177.0
2022-08-15,135.0,138.2,133.0,134.0,1174.0
2022-08-16,137.45,137.45,130.10001,134.0,1113.0
2022-08-17,134.0,140.0,134.0,138.89999,1724.0
2022-08-18,138.0,138.0,138.0,138.0,197.0
2022-08-19,137.0,138.39999,137.0,138.39999,162.0
2022-08-22,134.0,136.95,134.0,136.95,32.0
2022-08-23,135.0,137.0,135.0,137.0,170.0
2022-08-24,135.10001,137.0,133.5,137.0,644.0
2022-08-29,131.05,134.0,130.0,134.0,454.0
2022-08-30,134.0,134.0,130.0,133.95,238.0
2022-08-31,133.8,134.0,133.8,134.0,100.0
2022-09-01,130.0,130.0,128.10001,129.8,278.0
2022-09-02,129.8,129.8,129.8,129.8,76.0
2022-09-06,129.5,129.5,129.5,129.5,10.0
2022-09-07,129.5,130.0,129.5,130.0,170.0
2022-09-09,132.0,132.0,131.0,131.0,26.0
2022-09-12,128.3,133.0,127.1,133.0,664.0
2022-09-13,134.0,134.0,130.0,132.5,133.0
2022-09-14,134.0,134.0,134.0,134.0,447.0
2022-09-15,135.0,142.0,135.0,142.0,4224.0
2022-09-16,146.0,146.0,140.0,143.0,4308.0
2022-09-19,141.5,143.5,140.0,141.85001,1483.0
2022-09-20,140.0,140.0,136.85001,136.85001,115.0
2022-09-21,137.0,139.89999,131.0,139.35001,334.0
2022-09-22,139.75,139.75,139.0,139.64999,257.0
2022-09-23,139.75,139.75,133.2,133.2,95.0
2022-09-26,133.5,137.0,133.0,137.0,2900.0
2022-09-27,134.0,136.95,134.0,134.5,62.0
2022-09-28,134.89999,134.89999,126.5,130.0,1079.0
2022-09-29,126.5,132.0,125.0,132.0,1045.0
2022-09-30,139.89999,139.89999,135.39999,139.89999,9071.0
2022-10-03,148.2,148.2,141.0,147.45,3523.0
2022-10-04,144.0,146.39999,141.0,146.2,284.0
2022-10-05,141.05,141.05,138.0,141.0,1654.0
2022-10-06,139.0,139.0,133.0,135.0,1705.0
2022-10-07,139.0,140.5,138.95,138.95,412.0
2022-10-11,137.14999,138.8,135.55,138.8,79.0
2022-10-12,139.89999,139.89999,139.89999,139.89999,41.0
2022-10-13,135.5,136.95,132.0,136.95,724.0
2022-10-14,132.85001,136.39999,132.0,136.39999,215.0
2022-10-18,132.0,132.0,132.0,132.0,30.0
2022-10-19,132.0,134.85001,132.0,134.85001,88.0
2022-10-20,130.0,133.95,130.0,133.95,120.0
2022-10-21,133.0,133.0,133.0,133.0,20.0
2022-10-24,131.7,132.95,131.5,132.95,51.0
2022-10-25,127.0,132.95,127.0,132.95,120.0
2022-10-26,132.8,132.85001,132.8,132.85001,43.0
2022-10-27,131.0,136.10001,131.0,136.10001,1275.0
2022-10-28,138.89999,142.0,136.10001,138.89999,1658.0
2022-10-31,140.0,140.0,140.0,140.0,2.0
2022-11-01,135.85001,135.85001,135.0,135.0,250.0
2022-11-02,132.55,139.0,132.55,139.0,39.0
2022-11-04,135.0,137.95,132.10001,137.95,141.0
2022-11-07,134.0,137.5,132.10001,137.5,110.0
2022-11-08,137.0,137.0,137.0,137.0,40.0
2022-11-09,136.95,136.95,136.95,136.95,55.0
2022-11-10,128.8,134.95,128.8,131.0,251.0
2022-11-11,131.0,134.5,127.1,134.5,474.0
2022-11-15,128.8,134.85001,128.8,134.39999,288.0
2022-11-16,130.0,130.0,130.0,130.0,85.0
2022-11-17,130.10001,137.75,130.10001,137.75,139.0
2022-11-21,129.5,138.55,129.5,138.55,59.0
2022-11-24,130.25,138.5,130.25,130.35001,267.0
2022-11-25,134.25,134.25,134.25,134.25,1.0
2022-11-29,129.0,132.0,129.0,132.0,167.0
2022-11-30,130.0,130.0,129.89999,129.89999,256.0
2022-12-01,128.60001,130.0,128.0,130.0,194.0
2022-12-02,128.0,128.10001,128.0,128.10001,169.0
2022-12-05,130.0,130.0,130.0,130.0,41.0
2022-12-06,129.95,130.0,129.95,130.0,397.0
2022-12-07,128.14999,128.14999,128.14999,128.14999,3.0
2022-12-08,129.8,129.8,128.0,128.0,89.0
2022-12-09,128.0,128.05,128.0,128.0,132.0
2022-12-12,128.0,128.0,128.0,128.0,43.0
2022-12-13,129.8,129.8,128.0,128.0,3.0
2022-12-14,126.05,128.89999,126.0,128.89999,88.0
2022-12-15,126.0,126.0,126.0,126.0,160.0
2022-12-16,128.39999,128.5,128.39999,128.5,60.0
2022-12-22,124.0,128.85001,120.8,128.60001,3189.0
2022-12-23,127.95,127.95,127.95,127.95,30.0
2022-12-27,121.2,127.25,121.2,127.0,45.0
2022-12-28,125.95,125.95,125.95,125.95,10.0
2022-12-29,123.0,126.6,123.0,125.9,205.0
2022-12-30,122.0,124.9,120.0,124.9,504.0
2023-01-03,119.05,122.9,119.0,122.5,55.0
2023-01-04,122.0,122.0,121.0,121.0,3795.0
2023-01-05,120.0,120.0,120.0,120.0,45.0
2023-01-06,115.05,119.5,115.05,116.0,30.0
2023-01-09,115.0,122.55,110.0,119.75,631.0
2023-01-10,119.6,119.6,119.6,119.6,1.0
2023-01-12,119.65,124.95,119.65,124.95,107.0
2023-01-17,123.5,127.6,117.5,117.5,484.0
2023-01-18,114.0,114.0,114.0,114.0,20.0
2023-01-19,111.05,117.35,111.0,113.0,50.0
2023-01-20,116.95,119.75,116.95,119.75,210.0
2023-01-24,112.65,116.9,112.65,116.9,219.0
2023-01-25,117.45,117.5,117.45,117.5,22.0
2023-01-26,117.3,117.3,117.3,117.3,2.0
2023-01-30,112.6,116.85,112.6,116.85,16.0
2023-01-31,114.0,116.9,112.05,116.85,153.0
2023-02-01,112.1,112.1,112.1,112.1,8.0
2023-02-02,116.45,118.0,116.45,118.0,79.0
2023-02-03,118.0,125.0,118.0,125.0,91.0
2023-02-06,128.95,128.95,128.95,128.95,2.0
2023-02-07,126.2,126.2,122.0,122.0,30.0
2023-02-08,118.5,125.65,115.05,122.75,110.0
2023-02-09,117.1,122.45,116.0,122.45,1329.0
2023-02-10,123.7,123.7,120.0,120.0,126.0
2023-02-13,119.0,123.4,116.0,122.6,2020.0
2023-02-14,122.4,122.4,122.4,122.4,1.0
2023-02-15,116.05,121.6,116.05,121.6,31.0
2023-02-16,121.5,121.5,121.5,121.5,5.0
2023-02-17,119.95,121.5,119.95,121.5,70.0
2023-02-20,120.95,125.0,120.95,125.0,75.0
2023-02-22,117.55,124.75,117.55,124.75,21.0
2023-02-24,124.65,125.0,124.65,125.0,25.0
2023-02-27,124.45,124.9,124.45,124.9,100.0
2023-03-03,117.45,123.0,117.45,123.0,20.0
2023-03-08,116.25,121.5,116.25,121.5,162.0
2023-03-13,114.35,120.0,114.35,120.0,18.0
2023-03-14,112.95,119.0,112.85,112.85,41.0
2023-03-15,118.35,118.35,118.35,118.35,10.0
2023-03-16,112.9,117.85,112.9,117.8,90.0
2023-03-17,113.0,113.0,113.0,113.0,129.0
2023-03-20,112.9,117.65,112.9,117.65,81.0
2023-03-21,113.0,116.95,113.0,116.95,21.0
2023-03-22,112.9,116.85,112.9,116.05,84.0
2023-03-23,116.05,118.0,116.05,118.0,70.0
2023-03-24,117.75,117.75,113.1,117.6,69.0
2023-03-27,117.65,124.65,117.65,124.25,1106.0
2023-03-28,123.9,123.9,123.9,123.9,1.0
2023-03-30,120.0,120.0,120.0,120.0,1.0
2023-03-31,118.35,118.35,118.0,118.0,11.0
2023-04-10,111.1,117.95,111.1,114.0,37.0
2023-04-12,111.05,118.1,111.05,118.1,2.0
2023-04-14,112.05,112.15,112.05,112.1,107.0
2023-04-17,118.8,118.8,118.8,118.8,701.0
2023-04-19,118.5,118.5,118.5,118.5,10.0
2023-04-21,118.0,118.0,118.0,118.0,50.0
2023-04-26,112.45,117.45,112.45,117.45,358.0
2023-04-27,110.45,117.0,110.45,116.8,771.0
2023-04-28,116.0,118.0,116.0,117.95,728.0
2023-05-02,116.0,116.0,116.0,116.0,3.0
2023-05-03,116.0,116.0,116.0,116.0,15.0
2023-05-04,116.0,116.0,116.0,116.0,10.0
2023-05-05,111.6,111.6,111.6,111.6,100.0
2023-05-08,115.8,115.8,115.8,115.8,2.0
2023-05-09,115.75,115.75,111.85,113.0,51.0
2023-05-10,111.9,117.75,111.9,117.75,267.0
2023-05-12,123.0,123.0,123.0,123.0,115.0
2023-05-15,123.0,123.0,115.65,115.65,1468.0
2023-05-16,115.65,115.65,113.0,115.0,240.0
2023-05-17,114.0,114.0,113.05,113.05,46.0
2023-05-18,113.15,114.9,110.0,114.75,849.0
2023-05-19,110.15,113.45,110.0,113.45,868.0
2023-05-23,110.0,113.95,110.0,113.95,2.0
2023-05-24,113.85,113.85,110.0,113.85,12.0
2023-05-25,110.05,110.1,110.0,110.0,58.0
2023-05-26,110.0,110.0,108.0,110.0,286.0
2023-05-29,110.0,113.9,110.0,113.9,193.0
2023-05-30,110.0,113.75,107.1,107.1,3542.0
2023-05-31,108.0,111.9,106.0,107.05,604.0
2023-06-01,110.0,110.0,106.5,109.95,173.0
2023-06-02,109.4,109.8,109.4,109.8,216.0
2023-06-05,110.0,112.0,107.0,111.8,345.0
2023-06-06,111.7,113.0,111.7,112.5,261.0
2023-06-07,112.95,112.95,112.75,112.8,22.0
2023-06-08,112.95,112.95,106.05,106.05,843.0
2023-06-09,106.1,109.0,106.0,109.0,696.0
2023-06-12,104.1,108.7,104.1,108.0,161.0
2023-06-13,108.0,108.0,105.1,108.0,184.0
2023-06-14,105.0,108.0,104.2,106.95,2310.0
2023-06-15,106.95,108.0,106.95,108.0,500.0
2023-06-16,106.95,107.0,105.6,105.6,212.0
2023-06-19,107.0,108.0,106.95,107.0,347.0
2023-06-20,107.0,107.0,105.2,107.0,1498.0
2023-06-21,105.35,107.0,105.0,107.0,1815.0
2023-06-22,105.2,106.5,101.5,106.5,351.0
2023-06-23,107.0,107.0,107.0,107.0,500.0
2023-06-26,107.0,107.0,107.0,107.0,223.0
2023-06-27,102.7,106.9,102.7,103.0,1375.0
2023-06-28,106.95,106.95,106.9,106.9,709.0
2023-07-03,106.95,106.95,106.95,106.95,102.0
2023-07-04,106.95,106.95,106.95,106.95,30.0
2023-07-05,103.8,103.85,103.8,103.8,19.0
2023-07-06,106.55,106.55,106.55,106.55,3.0
2023-07-07,106.0,106.0,105.0,105.0,398.0
2023-07-10,104.2,106.0,102.0,106.0,1064.0
2023-07-11,103.0,105.9,103.0,105.9,329.0
2023-07-12,104.0,105.8,102.0,105.8,84.0
2023-07-13,105.8,106.95,105.8,106.95,149.0
2023-07-14,105.0,106.95,103.9,106.95,1456.0
2023-07-17,106.0,107.85,104.25,107.85,581.0
2023-07-21,107.0,111.35,106.8,111.35,1197.0
2023-07-24,112.0,117.5,109.2,114.95,2838.0
2023-07-25,112.0,113.0,109.0,113.0,619.0
2023-07-26,108.0,111.8,108.0,111.8,250.0
2023-07-27,110.0,111.5,106.0,106.05,344.0
2023-07-28,106.75,109.7,106.75,106.75,119.0
2023-07-31,109.0,109.0,106.15,109.0,5111.0
2023-08-01,109.9,112.4,109.9,112.4,354.0
2023-08-03,108.5,110.0,107.5,110.0,229.0
2023-08-04,110.0,110.0,107.5,107.5,85.0
2023-08-07,107.55,107.55,107.4,107.4,100.0
2023-08-08,109.8,111.9,107.55,107.55,648.0
2023-08-09,110.0,110.0,107.55,110.0,151.0
2023-08-11,109.95,111.8,109.95,110.5,385.0
2023-08-15,111.75,111.9,111.7,111.7,60.0
2023-08-16,111.6,111.65,110.0,110.0,35.0
2023-08-17,110.85,110.9,110.85,110.9,25.0
2023-08-18,109.05,110.7,109.0,110.7,63.0
2023-08-22,109.05,110.5,104.1,109.75,1212.0
2023-08-23,104.1,109.55,104.0,108.95,664.0
2023-08-24,104.2,107.95,104.0,107.95,272.0
2023-08-29,108.55,108.55,105.3,105.3,70.0
2023-08-30,104.25,107.0,101.0,105.5,561.0
2023-08-31,100.5,106.75,100.5,106.65,437.0
2023-09-01,106.5,106.5,100.3,105.0,1139.0
2023-09-04,105.45,105.45,101.35,103.05,181.0
2023-09-05,100.6,102.0,100.6,102.0,235.0
2023-09-06,105.0,105.0,101.9,101.9,201.0
2023-09-07,101.9,101.9,98.0,100.15,2976.0
2023-09-08,100.25,100.25,95.830002,99.989998,317.0
2023-09-11,104.0,104.0,102.0,102.0,14.0
2023-09-12,101.9,101.9,101.9,101.9,5.0
2023-09-13,97.129997,101.2,97.129997,101.15,209.0
2023-09-14,100.5,100.55,97.489998,100.0,435.0
2023-09-15,98.0,99.0,97.150002,99.0,608.0
2023-09-18,99.889999,99.900002,97.300003,99.900002,116.0
2023-09-19,97.599998,99.800003,97.199997,97.199997,10533.0
2023-09-20,97.199997,100.5,97.0,100.5,2923.0
2023-09-21,97.099998,100.1,97.099998,97.110001,435.0
2023-09-22,97.120003,99.959999,97.110001,99.959999,160.0
2023-09-25,98.0,98.0,93.970001,97.900002,1105.0
2023-09-26,97.900002,97.900002,95.599998,97.900002,413.0
2023-09-27,95.610001,97.480003,92.099998,97.43,1715.0
2023-10-02,99.870003,99.870003,99.870003,99.870003,5.0
2023-10-04,94.0,98.940002,94.0,96.959999,181.0
2023-10-05,100.0,102.0,100.0,100.0,1838.0
2023-10-06,100.0,101.0,100.0,101.0,200.0
2023-10-10,102.45,105.0,102.45,105.0,1581.0
2023-10-11,104.95,104.95,100.0,104.35,186.0
2023-10-12,103.9,104.9,103.9,104.9,50.0
2023-10-13,104.35,104.4,104.35,104.4,50.0
2023-10-16,100.0,100.0,100.0,100.0,560.0
2023-10-17,97.910004,104.25,97.910004,100.0,19.0
2023-10-18,104.35,104.35,100.0,100.0,28.0
2023-10-19,100.1,100.1,100.1,100.1,10.0
2023-10-20,98.0,100.0,98.0,100.0,7.0
2023-10-23,98.110001,100.9,95.019997,100.9,37.0
2023-10-24,94.0,99.839996,94.0,99.839996,1601.0
2023-10-26,98.949997,98.949997,98.949997,98.949997,4.0
2023-10-27,94.019997,98.5,94.019997,98.5,32.0
2023-11-02,98.0,98.0,98.0,98.0,4.0
2023-11-03,98.0,98.0,98.0,98.0,50.0
2023-11-07,98.0,98.75,97.5,98.75,515.0
2023-11-10,95.010002,98.599998,95.010002,98.599998,16.0
2023-11-13,95.0,97.989998,94.510002,94.510002,123.0
2023-11-14,94.510002,98.489998,94.510002,98.489998,158.0
2023-11-15,94.529999,97.940002,94.5,97.940002,177.0
2023-11-20,97.900002,97.900002,97.900002,97.900002,2.0
2023-11-22,97.470001,97.470001,97.470001,97.470001,1.0
2023-11-24,97.470001,104.0,97.459999,100.0,1601.0
2023-11-27,99.989998,102.0,99.989998,100.0,383.0
2023-11-30,95.0,100.9,95.0,100.9,77.0
2023-12-01,92.050003,98.93,92.050003,97.970001,62.0
2023-12-04,92.050003,98.889999,92.050003,98.889999,8.0
2023-12-11,92.120003,98.889999,92.120003,98.5,21.0
2023-12-13,93.010002,98.389999,93.0,98.389999,79.0
2023-12-15,98.0,98.0,98.0,98.0,20.0
2023-12-18,97.970001,97.970001,97.0,97.0,6.0
2023-12-20,93.220001,97.459999,93.220001,97.459999,162.0
2023-12-21,94.0,94.5,94.0,94.5,227.0
2023-12-22,94.019997,97.459999,94.0,97.279999,317.0
2023-12-25,94.050003,97.169998,94.050003,97.169998,31.0
2023-12-26,94.260002,94.300003,94.0,94.199997,820.0
2023-12-27,94.209999,97.080002,94.199997,97.080002,441.0
2023-12-28,97.0,97.0,95.0,95.0,29.0
2023-12-29,94.32,94.32,94.32,94.32,5.0
2024-01-02,96.980003,96.980003,96.980003,96.980003,10.0
2024-01-04,96.889999,96.889999,96.889999,96.889999,2.0
2024-01-05,96.889999,96.900002,92.0,95.980003,655.0
2024-01-08,93.0,95.959999,93.0,93.349998,2762.0
2024-01-09,93.349998,95.879997,93.0,95.879997,112.0
2024-01-10,93.25,95.690002,93.25,93.25,148.0
2024-01-15,92.230003,94.0,92.099998,94.0,97.0
2024-01-16,94.989998,95.089996,92.0,95.089996,803.0
2024-01-17,94.0,95.110001,92.199997,94.889999,460.0
2024-01-18,92.260002,95.190002,92.25,94.900002,63.0
2024-01-19,92.5,94.989998,90.0,94.489998,1653.0
2024-01-22,95.080002,95.080002,90.220001,90.220001,338.0
2024-01-23,91.099998,93.970001,90.5,90.599998,4635.0
2024-01-24,90.610001,92.889999,89.900002,92.889999,851.0
2024-01-25,90.209999,90.209999,90.0,90.18,271.0
2024-01-26,90.199997,90.199997,90.0,90.0,710.0
2024-01-29,90.0,90.18,89.400002,89.400002,222.0
2024-01-30,89.400002,90.199997,88.75,88.800003,500.0
2024-01-31,90.199997,92.5,88.150002,92.269997,117.0
2024-02-01,90.5,92.199997,88.5,92.199997,214.0
2024-02-02,89.82,91.989998,89.82,91.989998,21.0
2024-02-05,92.389999,92.400002,92.360001,92.360001,57.0
2024-02-06,92.349998,92.449997,88.93,92.449997,123.0
2024-02-08,92.449997,92.5,92.449997,92.5,180.0
2024-02-09,92.0,92.0,89.300003,92.0,6504.0
2024-02-12,90.209999,92.389999,90.199997,92.389999,12.0
2024-02-13,88.699997,91.989998,88.699997,91.989998,2221.0
2024-02-14,88.779999,91.0,88.779999,90.989998,599.0
2024-02-15,88.900002,90.989998,88.800003,90.5,153.0
2024-02-16,88.809998,90.989998,88.709999,90.989998,789.0
2024-02-19,90.010002,90.980003,90.010002,90.980003,106.0
2024-02-20,92.290001,92.290001,92.290001,92.290001,22.0
2024-02-21,92.32,92.32,90.5,92.290001,125.0
2024-02-22,91.099998,92.290001,91.0,92.290001,232.0
2024-02-23,92.0,92.0,90.0,91.980003,280.0
2024-02-26,91.989998,91.989998,88.800003,91.959999,1788.0
2024-02-27,89.0,91.940002,88.709999,88.800003,2368.0
2024-02-28,90.0,91.940002,90.0,91.940002,178.0
2024-02-29,91.0,91.879997,88.0,91.879997,2938.0
2024-03-01,86.110001,91.800003,86.110001,91.449997,132.0
2024-03-04,90.0,91.379997,88.0,91.379997,1138.0
2024-03-05,89.0,89.0,89.0,89.0,100.0
2024-03-06,89.5,91.190002,89.0,90.989998,1359.0
2024-03-07,88.010002,90.0,86.510002,90.0,797.0
2024-03-08,88.099998,89.989998,87.800003,89.980003,470.0
2024-03-11,88.0,89.900002,88.0,88.0,412.0
2024-03-12,89.0,89.0,89.0,89.0,170.0
2024-03-13,87.099998,88.699997,85.599998,88.699997,551.0
2024-03-14,88.0,88.0,85.099998,85.099998,2662.0
2024-03-15,87.989998,87.989998,85.0,87.889999,2390.0
2024-03-18,87.889999,87.900002,87.0,87.0,957.0
2024-03-19,86.019997,87.0,86.019997,87.0,101.0
2024-03-20,86.010002,87.980003,85.610001,87.940002,1712.0
2024-03-21,85.730003,87.5,85.099998,87.5,1220.0
2024-03-22,85.25,87.480003,85.150002,87.480003,163.0
2024-03-25,85.199997,87.0,85.120003,87.0,68.0
2024-03-26,86.5,86.5,86.5,86.5,400.0
2024-03-27,86.050003,86.050003,86.050003,86.050003,1082.0
2024-03-28,87.25,87.25,86.050003,86.050003,103.0
2024-03-29,86.599998,87.0,85.199997,85.199997,441.0
2024-04-01,86.959999,86.959999,86.0,86.889999,652.0
2024-04-02,86.699997,86.699997,84.0,86.5,1908.0
2024-04-03,84.040001,86.480003,83.0,86.440002,806.0
2024-04-04,86.419998,86.419998,86.419998,86.419998,496.0
2024-04-05,83.660004,86.379997,83.300003,86.379997,1614.0
2024-04-08,84.0,86.290001,83.519997,85.800003,923.0
2024-04-09,85.940002,85.940002,83.599998,85.5,2857.0
2024-04-15,84.099998,92.5,84.099998,92.300003,8508.0
2024-04-16,90.139999,101.5,90.139999,101.5,13359.0
2024-04-17,106.0,111.6,103.0,108.0,12777.0
2024-04-18,107.0,118.75,105.6,118.75,11467.0
2024-04-19,119.5,119.5,112.0,114.85,14715.0
2024-04-22,114.0,123.0,114.0,122.0,19772.0
2024-04-23,122.0,122.0,118.1,121.4,2821.0
2024-04-24,116.0,121.3,116.0,120.65,610.0
2024-04-25,120.65,120.65,120.65,120.65,37.0
2024-04-26,117.0,119.5,108.6,108.6,3006.0
2024-04-29,108.0,114.0,107.0,113.0,293.0
2024-04-30,113.0,113.85,110.0,112.0,2365.0
2024-05-02,109.0,115.0,109.0,113.0,2161.0
2024-05-03,113.0,113.0,108.95,112.9,230.0
2024-05-06,112.9,112.9,109.0,111.9,226.0
2024-05-07,111.9,112.9,108.8,110.5,1919.0
2024-05-08,112.8,112.8,106.0,110.65,2021.0
2024-05-09,107.55,109.45,104.2,109.4,2314.0
2024-05-10,109.35,110.55,108.0,110.55,1622.0
2024-05-13,110.55,120.7,110.55,119.95,7108.0
2024-05-14,119.95,126.0,116.0,121.8,3865.0
2024-05-15,120.5,120.5,116.05,119.0,432.0
2024-05-16,119.7,119.7,116.0,119.25,236.0
2024-05-17,114.0,118.5,114.0,118.0,580.0
2024-05-20,114.1,119.0,114.1,118.95,121.0
2024-05-21,116.0,118.95,114.05,114.15,259.0
2024-05-22,115.0,116.45,114.0,116.35,200.0
2024-05-23,115.0,116.2,106.5,112.85,1519.0
2024-05-24,112.0,116.0,106.75,116.0,302.0
2024-05-27,107.5,114.95,107.5,114.0,332.0
2024-05-28,114.0,114.95,109.1,109.1,461.0
2024-05-29,110.0,115.55,110.0,112.0,822.0
2024-05-30,114.5,116.0,114.5,115.9,21.0
2024-05-31,115.9,118.9,115.9,118.05,62.0
2024-06-03,114.0,114.0,106.25,112.75,3494.0
2024-06-04,106.6,109.95,106.0,106.0,1306.0
2024-06-05,106.0,106.9,96.0,103.0,3034.0
2024-06-06,100.0,104.0,100.0,103.0,723.0
2024-06-07,100.3,103.0,100.3,102.8,113.0
2024-06-10,102.8,102.85,100.3,102.85,37.0
2024-06-11,99.019997,102.8,99.019997,102.8,58.0
2024-06-13,103.4,103.4,98.0,101.0,442.0
2024-06-14,102.4,106.8,102.4,106.0,549.0
2024-06-19,106.0,106.0,105.8,105.8,20.0
2024-06-20,100.0,104.85,100.0,104.7,216.0
2024-06-21,104.0,104.65,100.0,102.0,214.0
2024-06-24,100.0,100.0,98.010002,98.010002,3431.0
2024-06-25,104.85,105.5,103.0,103.0,2791.0
2024-06-26,102.0,102.0,100.0,100.0,170.0
2024-06-27,100.0,102.9,96.5,100.0,2918.0
2024-06-28,102.8,102.85,98.099998,98.099998,70.0
2024-07-01,103.9,103.9,103.7,103.7,30.0
2024-07-02,103.5,103.5,98.010002,98.010002,669.0
2024-07-03,98.010002,100.0,98.0,99.949997,122.0
2024-07-04,99.949997,102.0,99.949997,101.95,24.0
2024-07-05,100.95,101.9,99.0,101.85,528.0
2024-07-08,99.010002,101.9,99.0,101.9,80.0
2024-07-09,101.55,101.55,101.55,101.55,2.0
2024-07-10,97.550003,101.0,96.0,100.9,530.0
2024-07-11,100.9,100.9,96.0,99.980003,980.0
2024-07-12,90.010002,98.989998,90.010002,98.989998,192.0
2024-07-15,99.0,100.5,99.0,100.0,349.0
2024-07-16,99.449997,99.5,98.0,98.0,259.0
2024-07-17,98.059998,99.900002,97.510002,99.900002,664.0
2024-07-18,99.900002,99.900002,99.900002,99.900002,122.0
2024-07-19,95.220001,98.0,95.199997,98.0,2673.0
2024-07-22,96.0,98.440002,95.309998,95.32,959.0
2024-07-23,96.0,97.989998,95.0,97.989998,631.0
2024-07-24,98.0,99.0,98.0,98.0,1533.0
2024-07-25,97.989998,99.0,97.0,97.0,191.0
2024-07-26,97.0,97.0,97.0,97.0,104.0
2024-07-29,97.0,99.0,96.5,99.0,153.0
2024-07-31,97.0,98.900002,96.019997,96.019997,9974.0
2024-08-01,96.099998,96.099998,96.099998,96.099998,5.0
2024-08-02,98.889999,98.889999,96.139999,98.769997,74.0
2024-08-06,96.120003,98.5,96.120003,98.5,355.0
2024-08-08,98.0,98.0,98.0,98.0,164.0
2024-08-09,96.25,98.800003,96.25,98.800003,25.0
2024-08-12,98.449997,99.0,98.449997,98.989998,509.0
2024-08-13,98.0,98.0,98.0,98.0,1.0
2024-08-15,97.989998,107.75,97.989998,107.75,3708.0
2024-08-16,111.45,114.0,107.3,111.9,3289.0
2024-08-19,111.0,119.6,108.0,119.6,6819.0
2024-08-22,119.9,126.0,119.85,124.95,16656.0
2024-08-23,124.95,124.95,113.6,113.8,9460.0
2024-08-26,117.5,117.5,111.0,113.0,1510.0
2024-08-27,116.9,116.9,112.05,112.05,515.0
2024-08-28,112.0,116.15,110.5,114.0,2768.0
2024-08-29,116.1,117.5,114.0,114.0,324.0
2024-08-30,117.6,123.0,113.0,116.1,7795.0
2024-09-02,116.2,124.5,112.0,123.8,8897.0
2024-09-03,120.05,124.0,116.0,116.05,3369.0
2024-09-04,116.0,118.0,115.2,117.0,1449.0
2024-09-05,115.3,116.0,110.0,115.0,2510.0
2024-09-06,112.1,115.4,112.1,113.0,326.0
2024-09-09,113.0,113.95,110.0,112.5,4122.0
2024-09-10,113.4,113.9,110.0,113.9,603.0
2024-09-11,113.65,114.0,111.5,113.8,377.0
2024-09-12,111.0,113.8,111.0,113.8,513.0
2024-09-13,112.05,113.8,111.0,113.0,589.0
2024-09-18,111.05,113.75,110.05,113.75,156.0
2024-09-19,110.65,113.75,109.5,113.45,1348.0
2024-09-20,113.95,114.0,113.95,114.0,8.0
2024-09-23,113.95,114.0,110.55,113.7,1999.0
2024-09-24,111.05,115.0,111.0,114.9,2683.0
2024-09-25,111.2,115.95,111.2,114.5,107.0
2024-09-26,114.35,114.35,110.0,112.0,1198.0
2024-09-27,108.7,112.0,108.7,110.0,1938.0
2024-09-30,109.0,110.0,106.0,107.0,3473.0
2024-10-01,109.95,110.0,109.0,110.0,122.0
2024-10-02,105.05,109.95,105.05,109.95,63.0
2024-10-03,105.0,109.5,105.0,109.25,1219.0
2024-10-04,109.0,110.0,105.1,105.1,578.0
2024-10-07,107.5,107.5,106.0,106.5,137.0
2024-10-08,104.25,108.0,103.0,107.9,555.0
2024-10-10,105.0,107.0,104.8,104.8,1202.0
2024-10-11,103.5,107.85,103.5,105.0,470.0
2024-10-14,105.0,105.0,103.0,105.0,350.0
2024-10-15,103.0,103.0,103.0,103.0,10.0
2024-10-16,101.4,104.3,100.0,104.3,1206.0
2024-10-17,101.0,106.0,101.0,106.0,1014.0
2024-10-18,105.5,107.9,102.75,107.9,144.0
2024-10-21,102.15,107.3,102.0,102.1,1099.0
2024-10-22,106.45,106.8,106.45,106.8,7.0
2024-10-24,106.0,106.0,103.0,103.0,126.0
2024-10-25,103.0,106.0,103.0,106.0,828.0
2024-10-28,102.25,115.95,102.25,113.95,3461.0
2024-10-29,113.95,118.0,113.95,117.9,4506.0
2024-10-30,117.95,117.95,112.35,114.0,1239.0
2024-10-31,114.0,114.0,111.7,114.0,129.0
2024-11-01,115.9,115.9,112.0,112.0,341.0
2024-11-04,110.2,110.2,109.0,110.05,1030.0
2024-11-05,114.9,114.9,109.0,109.0,121.0
2024-11-07,112.9,112.9,109.55,112.0,82.0
2024-11-08,112.9,115.0,109.0,114.8,757.0
2024-11-11,110.55,114.75,110.55,114.75,270.0
2024-11-12,112.15,115.9,112.05,112.05,580.0
2024-11-13,115.0,115.0,107.1,110.0,1433.0
2024-11-14,109.15,114.45,109.15,110.0,863.0
2024-11-15,110.0,115.0,110.0,115.0,794.0
2024-11-19,111.25,114.75,111.25,114.0,170.0
2024-11-20,113.85,115.0,113.5,114.0,1138.0
2024-11-21,112.55,113.0,107.6,107.6,1810.0
2024-11-22,108.1,112.45,108.0,112.3,699.0
2024-11-25,110.9,112.25,110.9,112.25,220.0
2024-11-26,112.35,116.0,112.35,116.0,90.0
2024-11-27,113.0,114.1,113.0,114.1,281.0
2024-11-28,115.9,115.9,113.0,114.0,885.0
2024-11-29,115.9,115.95,110.25,111.9,1443.0
2024-12-02,110.5,110.5,110.4,110.4,210.0
2024-12-03,110.3,110.3,110.3,110.3,82.0
2024-12-04,107.55,109.75,105.0,109.75,2574.0
2024-12-05,111.5,111.5,105.2,105.2,201.0
2024-12-06,105.3,110.95,105.3,110.45,94.0
2024-12-09,105.35,109.9,104.2,109.9,2004.0
2024-12-10,107.0,109.8,107.0,109.8,860.0
2024-12-11,110.0,110.0,103.0,109.65,2045.0
2024-12-12,111.0,111.0,111.0,111.0,506.0
2024-12-13,110.0,110.0,110.0,110.0,400.0
2024-12-17,110.0,110.0,106.05,110.0,12.0
2024-12-18,110.0,110.7,110.0,110.7,10.0
2024-12-19,106.7,107.35,106.7,107.3,150.0
2024-12-20,109.95,109.95,109.95,109.95,3.0
2024-12-24,107.0,107.0,106.0,106.0,336.0
2024-12-25,109.5,109.5,109.5,109.5,4.0
2024-12-26,103.0,107.4,103.0,107.4,1647.0
2024-12-27,105.2,105.3,104.0,104.0,969.0
2024-12-30,107.0,107.0,103.7,103.7,162.0
2024-12-31,106.65,106.65,103.0,106.45,1286.0
2025-01-02,108.95,108.95,105.0,108.7,95.0
2025-01-03,107.9,107.9,103.65,105.1,2114.0
2025-01-06,108.4,108.4,101.5,106.1,4871.0
2025-01-07,108.4,116.0,107.0,114.0,2705.0
2025-01-08,115.9,115.9,111.0,114.0,1971.0
2025-01-09,114.0,123.8,114.0,121.0,17957.0
2025-01-10,121.5,133.0,121.0,132.0,13832.0
2025-01-13,132.0,139.0,132.0,138.0,8945.0
2025-01-15,141.0,145.0,132.25,132.55,6930.0
2025-01-16,139.7,139.7,132.0,132.0,3357.0
2025-01-17,136.95,136.95,132.0,135.0,1400.0
2025-01-20,132.25,132.25,130.0,132.0,2027.0
2025-01-21,131.0,131.0,128.0,128.0,363.0
2025-01-22,129.9,129.9,118.5,124.5,5964.0
2025-01-23,129.9,129.9,123.0,123.0,699.0
2025-01-24,123.1,125.0,122.7,125.0,266.0
2025-01-27,128.0,129.0,127.95,128.0,698.0
2025-01-28,127.8,127.8,125.0,125.0,22.0
2025-01-29,123.1,129.8,123.1,129.7,765.0
2025-01-30,123.65,129.0,123.65,128.0,165.0
2025-01-31,124.0,125.45,123.2,123.2,1730.0
2025-02-03,126.95,126.95,126.5,126.6,117.0
2025-02-04,123.1,126.0,123.0,123.1,2113.0
2025-02-05,123.1,125.0,122.5,125.0,2956.0
2025-02-06,122.2,125.9,121.8,125.8,276.0
2025-02-07,125.8,126.0,123.5,126.0,200.0
2025-02-10,123.25,126.0,123.25,123.7,353.0
2025-02-11,123.3,123.35,121.25,121.25,1517.0
2025-02-12,124.0,124.0,123.9,123.9,165.0
2025-02-13,123.8,125.4,122.1,125.35,488.0
2025-02-14,125.4,125.4,121.9,124.9,600.0
2025-02-17,124.8,124.8,124.0,124.8,50.0
2025-02-18,124.8,124.8,122.0,124.0,196.0
2025-02-19,124.8,136.35,124.8,136.0,11576.0
2025-02-20,139.0,149.55,138.0,149.55,10437.0
2025-02-21,160.0,164.5,156.0,164.5,16965.0
2025-02-24,180.0,180.9,174.0,180.9,21222.0
2025-02-25,185.0,186.0,163.0,165.2,22845.0
2025-02-26,169.8,179.0,163.0,178.0,8968.0
2025-02-27,180.0,195.75,180.0,190.0,29632.0
2025-02-28,193.9,194.0,178.0,180.0,2678.0
2025-03-03,190.8,191.0,189.0,189.8,3165.0
2025-03-04,190.0,190.05,180.0,187.85,4089.0
2025-03-05,188.9,205.0,188.5,202.9,14429.0
2025-03-06,207.0,211.9,203.0,206.9,6232.0
2025-03-07,206.9,206.9,200.0,205.85,3871.0
2025-03-10,206.0,217.0,206.0,212.0,8902.0
2025-03-11,215.0,218.0,214.0,214.0,5609.0
2025-03-12,216.0,234.5,216.0,230.0,19967.0
2025-03-13,233.0,252.95,233.0,252.95,9935.0
2025-03-14,272.0,274.0,250.0,256.5,33185.0
2025-03-17,269.5,282.0,264.0,282.0,31551.0
2025-03-18,299.9,305.0,295.0,303.0,13959.0
2025-03-19,315.0,315.0,285.0,290.0,19247.0
2025-03-20,280.0,289.0,262.0,271.9,12260.0
2025-03-21,262.0,294.0,262.0,286.0,10931.0
2025-03-24,286.0,295.0,281.0,292.0,2901.0
2025-03-25,293.0,295.0,283.25,283.6,4079.0
2025-03-26,288.5,288.5,273.2,273.5,2772.0
2025-03-27,276.0,280.0,272.0,273.0,2486.0
2025-03-28,273.0,279.0,265.0,279.0,16121.0
2025-04-02,284.9,286.0,278.5,283.0,9180.0
2025-04-03,280.0,280.0,254.75,269.75,4142.0
2025-04-04,256.0,270.0,255.2,270.0,3511.0
2025-04-07,264.95,264.95,243.05,243.05,4512.0
2025-04-08,220.0,250.0,220.0,235.0,4708.0
2025-04-09,235.0,235.0,214.0,220.0,3067.0
2025-04-10,232.0,241.95,232.0,240.0,8396.0
2025-04-11,239.8,239.8,223.15,232.95,3467.0
2025-04-14,238.6,247.9,235.0,247.9,3662.0
2025-04-15,258.0,267.9,249.5,260.0,3301.0
2025-04-16,270.0,270.0,259.1,263.9,5541.0
2025-04-17,258.0,265.5,258.0,260.0,630.0
2025-04-18,260.0,270.5,257.1,267.4,2827.0
2025-04-21,266.9,280.0,266.0,271.0,11087.0
2025-04-22,274.95,277.95,270.7,274.0,2443.0
2025-04-23,274.0,274.0,270.0,274.0,1945.0
2025-04-24,273.0,285.95,273.0,282.0,8352.0
2025-04-25,285.0,290.0,284.0,290.0,9051.0
2025-04-28,287.0,300.0,287.0,298.0,3232.0
2025-04-29,300.0,300.0,287.0,294.9,2823.0
2025-04-30,294.0,294.0,285.0,289.8,1123.0
2025-05-02,282.1,285.0,280.0,285.0,3601.0
2025-05-05,284.95,285.0,277.5,283.9,275.0
2025-05-06,284.0,285.0,278.1,280.0,1064.0
2025-05-07,279.5,281.5,279.0,280.0,610.0
2025-05-08,279.0,279.0,276.0,276.0,1368.0
2025-05-09,277.0,278.4,275.0,275.0,3027.0
2025-05-12,270.0,279.0,270.0,270.0,5081.0
2025-05-13,276.0,278.0,274.0,274.0,1305.0
2025-05-14,273.1,289.0,273.1,289.0,4025.0
2025-05-15,286.0,292.0,286.0,290.0,4023.0
2025-05-16,290.0,290.0,280.0,280.0,1582.0
2025-05-19,276.0,285.0,276.0,279.0,630.0
2025-05-20,276.0,280.0,270.0,278.95,3808.0
2025-05-21,279.0,279.0,270.0,276.95,1464.0
2025-05-22,280.0,280.0,270.0,271.1,6467.0
2025-05-23,275.0,278.0,270.0,277.0,2292.0
2025-05-26,273.0,276.0,270.15,270.6,1429.0
2025-05-27,270.35,272.95,263.0,272.95,1928.0
2025-05-28,274.85,274.85,267.0,272.95,213.0
2025-05-29,270.0,273.95,269.0,273.95,2455.0
2025-05-30,290.0,301.3,290.0,294.0,23324.0
2025-06-02,300.0,307.95,296.0,302.0,3935.0
2025-06-03,304.0,305.0,285.0,296.0,5443.0
2025-06-04,298.0,305.0,290.4,305.0,7161.0
2025-06-05,310.0,328.0,310.0,324.0,11942.0
2025-06-06,328.0,345.0,328.0,334.8,7835.0
2025-06-10,335.1,356.4,335.05,356.3,13367.0
2025-06-11,367.4,367.4,345.0,349.4,11024.0
2025-06-12,346.0,346.0,332.0,339.1,5271.0
2025-06-13,322.65,330.0,307.05,325.0,14927.0
2025-06-16,325.0,339.0,320.0,339.0,4766.0
2025-06-17,335.0,347.0,335.0,344.0,4365.0
2025-06-18,344.0,344.0,319.9,319.9,8051.0
2025-06-19,319.9,327.0,302.1,321.0,4019.0
2025-06-20,327.65,333.9,315.0,329.35,2702.0
2025-06-23,316.1,327.9,316.1,324.95,1462.0
2025-06-24,331.0,339.0,330.0,334.0,4839.0
2025-06-25,336.0,350.0,326.0,343.0,10434.0
2025-06-26,350.0,377.25,347.1,377.25,17643.0
2025-06-30,390.0,414.95,390.0,414.95,8309.0
2025-07-01,425.0,456.4,425.0,456.4,15492.0
2025-07-02,500.0,502.0,500.0,502.0,16876.0
2025-07-03,537.0,537.0,456.0,464.0,22520.0
2025-07-04,420.1,449.0,418.0,437.9,16208.0
2025-07-07,439.0,449.0,425.0,439.0,3074.0
2025-07-08,440.0,446.0,431.0,442.0,453.0
2025-07-09,433.5,476.95,420.0,450.0,13126.0
2025-07-10,460.0,469.9,438.0,459.9,2176.0
2025-07-11,460.0,460.0,440.0,449.0,5795.0
2025-07-14,436.3,448.0,430.0,443.75,2392.0
2025-07-15,432.0,440.0,425.2,425.2,2205.0
2025-07-16,425.0,425.2,416.0,422.0,2108.0
2025-07-17,417.0,423.0,400.0,410.0,3460.0
2025-07-18,403.9,419.0,401.0,419.0,867.0
2025-07-21,423.0,440.0,413.0,438.0,1218.0
2025-07-22,440.0,450.0,430.0,438.8,935.0
2025-07-23,438.0,438.0,415.0,417.5,3132.0
2025-07-24,426.0,426.0,417.0,419.95,1228.0
2025-07-25,422.0,430.0,420.0,420.0,4452.0
2025-07-28,430.0,430.0,419.0,421.0,1014.0
2025-07-29,422.0,424.0,408.0,417.0,2828.0
2025-07-31,419.95,430.0,416.0,418.0,2182.0
2025-08-01,426.9,459.0,426.0,438.0,16360.0
2025-08-04,455.0,481.75,450.0,481.75,14158.0
2025-08-05,503.1,529.2,495.2,520.0,31304.0
2025-08-06,529.0,571.9,528.0,571.9,24426.0
2025-08-07,584.0,608.0,542.0,550.0,33054.0
2025-08-08,569.6,569.6,508.0,513.0,23527.0
2025-08-11,513.0,556.0,513.0,538.0,12632.0
2025-08-12,530.0,539.0,522.6,534.9,1794.0
2025-08-13,530.2,558.0,530.2,535.0,7665.0
2025-08-15,536.1,565.0,536.1,549.0,8472.0
2025-08-18,550.0,550.0,529.0,534.9,3256.0
2025-08-19,534.0,534.0,520.0,522.8,3020.0
2025-08-22,524.0,540.0,521.0,527.0,1608.0
2025-08-25,526.0,538.0,525.4,537.0,1328.0
2025-08-26,530.0,549.0,526.0,543.0,4783.0
2025-08-27,543.0,567.0,543.0,555.0,4454.0
2025-08-28,559.0,560.0,538.0,544.7,2823.0
2025-08-29,491.0,510.0,490.25,490.25,29626.0
2025-09-01,487.0,500.0,450.0,482.0,15425.0
2025-09-02,490.3,508.8,490.3,500.0,6857.0
2025-09-03,506.0,518.0,495.2,503.9,7808.0
2025-09-04,505.0,505.0,496.1,498.2,2283.0
2025-09-08,498.0,498.0,490.0,490.0,3021.0
2025-09-09,485.2,499.0,475.0,480.0,2423.0
2025-09-10,484.0,485.0,471.5,475.0,5493.0
2025-09-11,486.0,497.0,485.0,486.0,1872.0
2025-09-12,486.0,489.0,480.0,481.0,2591.0
2025-09-15,489.0,489.0,475.0,478.4,1748.0
2025-09-16,477.0,485.0,465.0,474.95,1409.0
2025-09-17,475.0,475.0,468.0,473.0,248.0
2025-09-18,470.0,479.0,456.0,463.0,2379.0
2025-09-19,463.0,474.75,458.1,458.1,1239.0
2025-09-22,458.1,468.0,458.0,464.95,1781.0
2025-09-23,465.0,470.0,458.0,464.95,864.0
2025-09-24,460.0,463.0,455.0,463.0,637.0
2025-09-25,456.05,467.0,456.05,465.0,286.0
2025-09-26,465.0,465.0,452.0,459.0,1014.0
2025-09-29,455.0,458.0,436.2,440.0,10917.0
2025-09-30,432.2,434.7,400.0,433.9,2502.0
2025-10-01,433.0,433.0,421.0,421.0,1082.0
2025-10-02,405.0,419.9,379.0,415.0,3778.0
2025-10-03,410.0,448.0,410.0,436.0,2191.0
2025-10-06,450.0,465.0,439.0,463.9,754.0
2025-10-07,470.0,480.0,465.0,465.0,1119.0
2025-10-08,469.0,472.95,460.0,470.0,1083.0
2025-10-09,470.0,470.0,455.05,456.0,938.0
2025-10-10,456.0,456.0,440.1,455.0,1507.0
2025-10-13,446.0,455.0,446.0,449.95,525.0
2025-10-14,450.0,450.0,405.0,426.8,3468.0
2025-10-15,428.5,428.5,404.0,407.0,2042.0
2025-10-16,401.2,424.0,401.2,420.0,1324.0
2025-10-17,420.0,428.2,411.1,418.05,324.0
2025-10-20,428.2,439.0,428.2,439.0,1310.0
2025-10-21,439.7,470.0,439.0,465.0,3894.0
2025-10-22,465.0,484.0,465.0,475.0,3488.0
2025-10-23,481.0,481.0,465.15,474.0,1258.0
2025-10-24,476.5,483.0,475.05,479.35,3354.0
2025-10-27,475.0,482.0,466.05,470.0,1540.0
2025-10-28,453.0,473.7,453.0,460.2,9142.0
2025-10-29,460.3,473.0,460.1,462.1,3538.0
2025-10-30,465.0,465.0,455.0,455.0,932.0
2025-10-31,456.05,470.0,455.0,466.2,865.0
2025-11-03,475.0,490.0,465.1,472.0,6284.0
2025-11-04,474.9,474.9,454.0,460.0,1315.0
2025-11-05,454.0,464.0,449.0,454.85,1900.0
2025-11-07,456.75,456.75,445.0,449.9,1418.0
2025-11-10,450.0,450.0,435.0,449.0,850.0
2025-11-11,441.05,449.0,430.0,439.8,3903.0
2025-11-12,436.0,444.0,430.0,430.05,684.0
2025-11-13,441.8,441.8,430.0,437.9,198.0
2025-11-14,438.3,438.35,431.0,431.0,136.0
2025-11-17,430.05,437.0,428.3,430.0,798.0
2025-11-19,420.05,427.0,392.0,407.25,4241.0
2025-11-20,413.8,415.0,397.0,415.0,524.0
2025-11-21,410.0,414.0,410.0,410.0,444.0
2025-11-24,405.0,420.0,405.0,413.1,626.0
2025-11-25,420.05,420.05,414.0,420.0,1440.0
2025-11-26,420.0,423.8,412.8,421.9,383.0
2025-11-27,420.0,440.0,419.0,437.6,165.0
2025-11-28,437.9,450.0,426.0,428.0,2960.0
2025-12-01,448.0,448.0,410.0,412.1,780.0
2025-12-02,410.0,429.85,406.05,418.7,438.0
2025-12-03,418.0,418.0,410.0,416.95,1902.0
2025-12-04,416.0,418.0,406.0,413.0,1760.0
2025-12-05,405.0,416.9,405.0,405.3,517.0
2025-12-08,411.0,417.95,405.0,414.95,606.0
2025-12-09,417.9,423.9,407.1,423.9,424.0
2025-12-10,423.9,437.95,415.55,415.55,102.0
2025-12-11,410.0,428.95,410.0,424.0,1203.0
2025-12-12,420.0,424.0,413.0,415.0,358.0
2025-12-15,415.0,423.95,410.0,411.5,983.0
2025-12-16,410.0,417.9,405.0,415.65,641.0
2025-12-17,412.0,416.7,406.0,413.0,1465.0
2025-12-18,413.85,413.85,404.0,411.0,314.0
2025-12-19,411.4,415.0,406.05,412.0,614.0
2025-12-22,413.0,413.95,406.0,413.0,295.0
2025-12-23,413.75,414.0,406.5,412.0,601.0
2025-12-24,413.0,413.0,402.1,409.45,1566.0
2025-12-25,406.0,413.0,406.0,411.0,122.0
2025-12-26,402.0,411.95,391.3,395.0,2058.0
2025-12-29,407.0,407.0,385.0,389.95,7085.0
2025-12-30,385.0,390.0,368.0,389.0,2078.0
2025-12-31,389.0,397.5,381.0,381.55,1903.0
2026-01-02,398.9,408.0,381.55,408.0,932.0
2026-01-05,401.0,425.0,401.0,423.0,1521.0
2026-01-06,424.0,440.0,418.0,424.95,3141.0
2026-01-07,430.0,430.0,420.0,425.0,1261.0
2026-01-08,423.0,423.0,410.1,410.1,499.0
2026-01-09,415.5,420.0,409.5,419.0,729.0
2026-01-12,419.0,419.0,405.0,413.8,552.0
2026-01-13,412.75,412.75,390.0,390.0,3912.0
2026-01-15,402.85,402.85,390.0,395.2,726.0
2026-01-16,395.0,400.0,390.0,395.0,1291.0
2026-01-19,395.0,398.0,384.25,398.0,308.0
2026-01-20,384.25,399.0,384.25,394.0,407.0
2026-01-21,384.05,385.0,380.2,384.5,682.0
2026-01-22,386.0,398.0,386.0,394.7,514.0
2026-01-23,390.0,392.8,379.0,380.0,910.0
2026-01-26,375.0,380.0,345.1,365.0,3720.0
2026-01-27,362.0,389.0,362.0,380.0,2820.0
2026-01-28,380.0,391.0,380.0,391.0,758.0
2026-01-29,394.0,394.0,375.0,390.0,289.0
2026-01-30,370.6,384.95,370.0,370.0,1311.0
2026-02-02,371.0,372.0,365.5,369.0,491.0
2026-02-03,370.0,379.5,366.1,377.0,431.0
2026-02-04,366.55,376.5,366.0,374.95,144.0
2026-02-05,374.5,374.5,360.1,374.0,303.0
2026-02-06,350.05,384.0,350.0,384.0,1959.0
2026-02-09,362.3,383.95,362.3,380.0,875.0
2026-02-10,380.0,380.0,375.9,375.9,82.0
2026-02-11,376.0,376.0,368.05,368.05,63.0
2026-02-12,371.95,390.0,360.0,387.0,1025.0
2026-02-13,386.8,386.8,380.0,384.0,120.0
2026-02-16,375.0,385.95,375.0,375.0,404.0
2026-02-17,383.95,383.95,370.0,375.0,210.0
2026-02-18,370.0,375.0,368.5,370.0,77.0
2026-02-19,368.0,375.0,365.0,374.0,188.0
2026-02-20,365.2,372.0,365.2,372.0,255.0
2026-02-23,365.05,372.0,365.05,371.0,107.0
2026-02-24,370.0,370.0,365.2,365.2,59.0
2026-02-25,370.0,370.0,365.0,365.1,405.0
2026-02-26,362.2,362.3,362.2,362.2,281.0
2026-02-27,366.0,366.0,341.0,345.0,1680.0
2026-03-02,310.55,310.55,310.55,310.55,1361.0
2026-03-03,280.0,295.0,279.5,279.5,4019.0
2026-03-04,252.0,307.0,252.0,299.9,4002.0
2026-03-05,313.0,326.9,304.0,326.9,5086.0
2026-03-06,332.0,332.0,310.05,326.5,1035.0
2026-03-09,295.0,314.0,295.0,314.0,969.0
2026-03-10,319.1,330.0,319.1,320.5,1022.0
2026-03-11,314.0,318.7,305.0,310.0,1494.0
2026-03-12,310.0,319.0,306.0,311.0,548.0
2026-03-13,306.0,310.0,300.05,308.0,687.0
2026-03-16,292.15,310.95,292.15,309.0,295.0
2026-03-17,295.2,310.0,295.2,307.45,157.0
2026-03-18,298.0,307.8,298.0,307.75,903.0
2026-03-19,302.0,302.0,298.1,300.0,289.0
2026-03-24,302.0,303.0,290.0,300.0,2280.0
2026-03-25,302.0,313.75,298.1,313.0,823.0
2026-03-26,303.1,311.0,290.1,299.9,5407.0
2026-03-27,299.8,299.8,292.8,293.0,2578.0
