Time,Open,High,Low,Close,Volume
2012-03-26,28.3,28.310001,28.2,28.3,310.0
2012-03-27,29.789999,29.8,26.65,29.789999,19260.0
2012-03-28,28.004999,28.1,28.004999,28.004999,870.0
2012-03-29,26.5,28.0,26.5,26.5,1500.0
2012-03-30,27.989999,27.989999,26.0,27.989999,5570.0
2012-04-02,27.5,29.0,27.5,27.5,1750.0
2012-04-03,28.2,29.0,28.1,28.2,4350.0
2012-04-04,28.2,28.2,28.2,28.2,480.0
2012-04-06,28.1,28.2,28.1,28.1,480.0
2012-04-09,29.0,29.0,29.0,29.0,500.0
2012-04-16,27.260001,27.260001,27.260001,27.260001,100.0
2012-04-18,28.679999,28.679999,28.679999,28.679999,100.0
2012-04-19,29.0,29.0,29.0,29.0,100.0
2012-04-24,27.45,27.45,27.45,27.45,250.0
2012-04-26,28.8,29.0,28.7,28.8,25000.0
2012-04-27,27.420001,27.420001,27.420001,27.420001,440.0
2012-04-30,28.8,28.8,28.8,28.8,100.0
2012-05-02,27.5,27.5,27.5,27.5,170.0
2012-05-03,28.8,28.8,28.8,28.8,430.0
2012-05-04,28.995001,28.995001,28.95,28.995001,100.0
2012-05-07,28.5,28.5,28.5,28.5,8220.0
2012-05-08,30.210001,30.210001,28.504999,30.210001,2360.0
2012-05-09,30.0,30.0,30.0,30.0,100.0
2012-05-10,30.0,30.0,30.0,30.0,15430.0
2012-05-11,30.010001,30.010001,30.010001,30.010001,10.0
2012-05-15,29.995001,29.995001,28.210001,29.995001,270.0
2012-05-16,28.2,28.2,28.2,28.2,250.0
2012-05-17,29.889999,29.889999,29.8,29.889999,100.0
2012-05-21,31.679999,31.679999,29.989999,31.679999,3050.0
2012-05-22,30.0,30.014999,30.0,30.0,2000.0
2012-05-24,31.689999,31.689999,31.689999,31.689999,50.0
2012-05-25,33.3,33.3,31.7,33.3,330.0
2012-05-28,35.0,35.0,31.85,35.0,4850.0
2012-05-29,33.304999,33.304999,33.304999,33.304999,40.0
2012-05-30,34.589999,34.589999,31.504999,34.589999,210.0
2012-05-31,35.0,35.0,35.0,35.0,2000.0
2012-06-01,33.0,33.0,33.0,33.0,830.0
2012-06-04,34.695001,34.695001,34.5,34.695001,50.0
2012-06-08,34.7,34.7,34.7,34.7,1220.0
2012-06-11,33.35,33.35,33.35,33.35,10.0
2012-06-12,34.85,34.85,32.8,34.85,170.0
2012-06-21,32.760001,32.760001,32.760001,32.760001,100.0
2012-06-22,34.7,34.7,34.0,34.7,1050.0
2012-06-25,32.7,32.7,32.7,32.7,410.0
2012-06-28,34.0,34.0,30.9,34.0,6500.0
2012-06-29,34.8,34.8,34.8,34.8,6000.0
2012-07-02,32.714999,32.714999,32.714999,32.714999,90.0
2012-07-03,34.65,34.65,34.645001,34.65,50.0
2012-07-05,32.7,32.7,32.7,32.7,50.0
2012-07-06,34.660001,34.660001,34.660001,34.660001,670.0
2012-07-09,32.6,32.6,32.6,32.6,1000.0
2012-07-10,30.9,32.6,30.9,30.9,2330.0
2012-07-11,31.0,32.75,31.0,31.0,1560.0
2012-07-13,31.0,32.829999,31.0,31.0,1240.0
2012-07-16,31.0,31.0,31.0,31.0,10000.0
2012-07-18,32.779999,32.779999,32.779999,32.779999,50.0
2012-07-20,32.589999,32.589999,32.589999,32.589999,400.0
2012-07-23,30.635001,30.9,30.635001,30.635001,1310.0
2012-07-24,31.989999,31.989999,31.989999,31.989999,30.0
2012-07-26,31.9,31.9,30.110001,31.9,1070.0
2012-07-27,32.0,32.0,30.104999,32.0,1210.0
2012-07-31,32.5,32.5,32.5,32.5,4370.0
2012-08-01,32.6,32.6,32.6,32.6,10.0
2012-08-02,32.595001,32.595001,30.960001,32.595001,220.0
2012-08-03,33.0,33.0,32.6,33.0,990.0
2012-08-15,31.410001,32.995001,31.404999,31.410001,340.0
2012-08-16,31.604999,31.604999,31.604999,31.604999,50.0
2012-08-17,33.0,33.0,31.4,33.0,2100.0
2012-08-29,32.975,32.975,31.325,32.975,20.0
2012-08-30,32.970001,32.970001,31.325,32.970001,110.0
2012-08-31,33.489999,33.489999,31.025,33.489999,1780.0
2012-09-03,34.8,34.8,31.610001,34.8,310.0
2012-09-07,32.714999,32.714999,32.714999,32.714999,80.0
2012-09-10,30.754999,31.029999,30.754999,30.754999,1100.0
2012-09-13,32.2,32.2,32.2,32.2,200.0
2012-09-14,32.6,32.6,32.6,32.6,1300.0
2012-09-21,33.3,33.3,30.720001,33.3,13020.0
2012-09-26,31.345001,31.345001,31.345001,31.345001,80.0
2012-09-28,32.0,32.0,32.0,32.0,1000.0
2012-10-02,30.089999,30.089999,30.089999,30.089999,200.0
2012-10-04,28.4,30.8,28.4,28.4,1320.0
2012-10-05,30.1,30.1,30.1,30.1,370.0
2012-10-08,28.295001,28.295001,28.295001,28.295001,200.0
2012-10-12,29.779999,29.779999,27.6,29.779999,410.0
2012-10-15,30.995001,30.995001,29.779999,30.995001,2360.0
2012-10-16,29.220001,29.220001,29.220001,29.220001,100.0
2012-10-19,26.104999,29.1,25.825,26.104999,6110.0
2012-10-22,26.104999,26.104999,26.104999,26.104999,150.0
2012-10-24,26.5,27.5,26.5,26.5,640.0
2012-10-25,27.670001,27.670001,26.5,27.670001,740.0
2012-10-29,28.0,28.0,28.0,28.0,50.0
2012-10-30,28.0,28.0,26.604999,28.0,1030.0
2012-10-31,29.0,29.0,26.504999,29.0,850.0
2012-11-01,30.7,30.7,30.7,30.7,60.0
2012-11-05,29.8,29.8,28.860001,29.8,310.0
2012-11-07,28.014999,28.310001,28.014999,28.014999,1240.0
2012-11-09,29.470001,29.470001,29.470001,29.470001,140.0
2012-11-12,28.0,28.004999,28.0,28.0,13160.0
2012-11-13,27.7,27.7,27.7,27.7,20.0
2012-11-15,29.2,29.2,28.9,29.2,1600.0
2012-11-19,27.560001,27.560001,27.560001,27.560001,90.0
2012-11-20,29.0,29.0,29.0,29.0,500.0
2012-11-21,28.979999,28.979999,28.979999,28.979999,20.0
2012-11-22,28.0,28.9,28.0,28.0,5210.0
2012-11-23,28.0,28.0,28.0,28.0,500.0
2012-11-26,28.0,28.004999,28.0,28.0,640.0
2012-11-27,28.0,28.0,28.0,28.0,1830.0
2012-11-28,28.1,28.1,28.0,28.1,218260.0
2012-11-29,28.0,28.0,28.0,28.0,10.0
2012-11-30,28.9,28.9,28.0,28.9,1550.0
2012-12-07,28.6,28.6,28.6,28.6,1000.0
2012-12-10,28.0,28.0,28.0,28.0,200.0
2012-12-11,27.014999,27.014999,27.014999,27.014999,20.0
2012-12-12,28.0,28.635001,28.0,28.0,130.0
2012-12-13,28.0,28.0,28.0,28.0,40.0
2012-12-17,26.95,27.6,26.95,26.95,260.0
2012-12-18,26.95,26.960001,26.95,26.95,500.0
2012-12-19,28.0,28.0,26.95,28.0,650.0
2012-12-21,26.320001,26.320001,26.320001,26.320001,3280.0
2012-12-24,24.755,27.885001,24.755,24.755,300.0
2012-12-25,24.5,25.1,24.5,24.5,2340.0
2012-12-28,24.9,24.995,23.03,24.9,2650.0
2012-12-31,25.0,25.0,24.0,25.0,1250.0
2013-01-02,26.295001,26.295001,24.5,26.295001,650.0
2013-01-04,25.995001,25.995001,25.0,25.995001,220.0
2013-01-08,25.5,25.5,24.439999,25.5,800.0
2013-01-14,26.0,26.0,26.0,26.0,1000.0
2013-01-18,25.9,26.0,25.9,25.9,3960.0
2013-01-21,24.35,24.4,24.35,24.35,410.0
2013-01-23,25.795001,25.8,22.9,25.795001,1550.0
2013-01-28,25.4,25.4,24.35,25.4,1750.0
2013-01-30,25.345,25.345,25.345,25.345,990.0
2013-01-31,25.3,25.3,25.3,25.3,90.0
2013-02-01,23.785001,23.785001,23.785001,23.785001,1490.0
2013-02-04,23.105,23.105,23.105,23.105,10.0
2013-02-05,23.0,24.0,23.0,23.0,2700.0
2013-02-06,23.0,23.005,23.0,23.0,970.0
2013-02-07,24.2,24.2,24.2,24.2,100.0
2013-02-08,24.0,24.15,22.0,24.0,5050.0
2013-02-25,23.0,23.0,23.0,23.0,300.0
2013-02-26,23.95,24.0,22.35,24.0,3820.0
2013-02-27,23.0,24.0,23.0,24.0,270.0
2013-03-01,24.0,24.0,24.0,24.0,2000.0
2013-03-04,22.560001,22.560001,22.560001,22.560001,10.0
2013-03-05,22.6,22.6,22.6,22.6,3050.0
2013-03-06,23.885001,23.885001,21.264999,22.0,2810.0
2013-03-08,22.0,22.0,20.705,21.989999,410.0
2013-03-11,21.989999,21.989999,21.989999,21.989999,70.0
2013-03-12,24.0,24.0,21.2,23.995,11620.0
2013-03-13,24.9,24.9,24.9,24.9,10.0
2013-03-20,23.414999,24.795,23.414999,24.795,130.0
2013-03-21,23.310001,24.795,23.310001,24.795,510.0
2013-03-22,25.9,26.279999,25.1,25.1,14570.0
2013-03-25,25.2,26.604999,25.2,26.604999,1540.0
2013-03-26,26.7,26.7,26.2,26.2,1540.0
2013-03-27,25.4,27.289999,25.4,27.289999,110.0
2013-03-28,25.7,26.495001,25.7,26.495001,3610.0
2013-03-29,27.7,27.7,27.7,27.7,1300.0
2013-04-03,29.314999,29.314999,29.314999,29.314999,50.0
2013-04-05,27.560001,29.75,27.560001,29.75,1140.0
2013-04-08,27.964999,29.745001,27.964999,29.739999,70.0
2013-04-09,29.754999,29.760001,27.960001,29.2,1710.0
2013-04-10,28.0,28.9,28.0,28.9,210.0
2013-04-11,27.6,27.6,27.6,27.6,690.0
2013-04-12,29.2,29.2,29.2,29.2,1000.0
2013-04-16,29.0,29.285001,29.0,29.285001,40320.0
2013-04-18,28.5,28.5,28.5,28.5,3000.0
2013-04-19,29.3,29.3,29.3,29.3,1000.0
2013-04-24,29.4,29.5,29.4,29.5,110.0
2013-04-30,27.729999,27.729999,27.729999,27.729999,1370.0
2013-05-03,29.389999,29.389999,29.389999,29.389999,1000.0
2013-05-07,27.804999,27.804999,27.804999,27.804999,20.0
2013-05-08,27.820001,27.820001,27.820001,27.820001,10.0
2013-05-10,29.485001,29.485001,29.485001,29.485001,960.0
2013-05-15,29.0,29.3,29.0,29.0,1060.0
2013-05-16,28.025,28.025,28.020001,28.020001,250.0
2013-05-17,29.7,29.7,29.7,29.7,800.0
2013-05-20,29.0,29.0,28.1,28.5,34420.0
2013-05-23,28.110001,29.4,28.110001,29.4,350.0
2013-05-24,28.004999,29.8,28.004999,29.8,1030.0
2013-05-31,28.260001,28.260001,28.260001,28.260001,1500.0
2013-06-03,29.2,29.8,29.2,29.8,2370.0
2013-06-04,31.4,31.585001,29.010001,29.010001,83350.0
2013-06-05,30.0,30.75,30.0,30.75,11110.0
2013-06-07,31.4,32.589999,31.4,32.5,1420.0
2013-06-12,31.0,33.0,31.0,33.0,300.0
2013-06-18,31.5,33.0,31.5,33.0,130.0
2013-06-19,31.304999,31.304999,31.304999,31.304999,10.0
2013-06-20,32.7,34.435001,32.7,34.435001,36700.0
2013-06-21,34.560001,34.560001,34.560001,34.560001,670.0
2013-06-24,34.8,35.7,34.8,35.7,20890.0
2013-06-25,34.0,35.5,34.0,35.0,28340.0
2013-06-26,35.0,35.5,35.0,35.5,10990.0
2013-06-27,34.5,34.5,34.5,34.5,20.0
2013-06-28,34.014999,35.1,33.704999,35.1,110.0
2013-07-01,34.9,35.0,34.9,35.0,35000.0
2013-07-02,33.75,33.75,33.704999,33.704999,270.0
2013-07-03,33.9,33.9,33.7,33.7,3330.0
2013-07-04,33.0,33.9,33.0,33.9,2960.0
2013-07-05,33.910001,33.910001,33.2,33.2,660.0
2013-07-08,33.2,33.2,33.2,33.2,3430.0
2013-07-09,34.6,34.6,34.6,34.6,50.0
2013-07-12,32.8,32.8,32.8,32.8,230.0
2013-07-15,34.0,34.0,34.0,34.0,10.0
2013-07-19,30.720001,34.4,30.7,34.4,1450.0
2013-07-22,35.4,35.4,35.4,35.4,10.0
2013-07-26,33.279999,34.95,33.279999,34.95,2700.0
2013-07-31,34.9,34.9,34.9,34.9,22000.0
2013-08-02,32.810001,34.889999,32.810001,34.870001,830.0
2013-08-06,34.0,36.0,34.0,34.5,57070.0
2013-08-07,34.1,34.479999,34.1,34.479999,20160.0
2013-08-08,34.0,35.6,34.0,35.6,140.0
2013-08-12,33.464999,33.464999,33.464999,33.464999,280.0
2013-08-16,32.8,32.8,32.8,32.8,10.0
2013-08-22,31.9,31.9,31.9,31.9,10.0
2013-08-26,33.8,33.8,33.8,33.8,10.0
2013-08-29,34.0,35.825,34.0,35.825,7240.0
2013-09-02,35.5,36.0,35.5,36.0,6710.0
2013-09-09,36.0,37.9,36.0,37.9,750.0
2013-09-11,37.9,37.9,37.9,37.9,100.0
2013-09-12,37.8,37.8,37.8,37.8,100.0
2013-09-13,37.5,37.9,37.5,37.9,1030.0
2013-09-16,38.7,39.9,38.0,39.8,9150.0
2013-09-19,37.414999,37.414999,37.414999,37.414999,740.0
2013-09-20,39.395001,39.395001,39.395001,39.395001,10.0
2013-09-25,37.1,41.7,37.1,41.6,5990.0
2013-09-26,40.010001,40.020001,40.0,40.0,12150.0
2013-09-27,38.7,40.7,38.5,40.7,1100.0
2013-09-30,38.710001,40.0,38.5,40.0,20210.0
2013-10-02,40.0,40.0,40.0,40.0,0.0
2013-10-03,40.0,40.0,40.0,40.0,0.0
2013-10-04,39.7,39.7,39.7,39.7,10000.0
2013-10-08,39.0,39.0,39.0,39.0,1000.0
2013-10-09,38.7,38.7,38.7,38.7,10000.0
2013-10-10,37.0,37.0,37.0,37.0,11480.0
2013-10-11,37.8,37.8,37.8,37.8,40.0
2013-10-14,37.595001,37.595001,37.595001,37.595001,100.0
2013-10-21,35.4,37.5,35.339999,37.5,360.0
2013-10-22,35.5,37.0,35.4,37.0,1410.0
2013-10-24,37.7,39.220001,37.4,37.4,84670.0
2013-10-28,38.839999,38.854999,37.4,38.4,50780.0
2013-10-29,37.4,38.6,37.0,38.6,1180.0
2013-11-01,37.114999,38.979999,37.1,38.979999,560.0
2013-11-07,37.510001,37.510001,37.4,37.4,58700.0
2013-11-11,37.114999,37.114999,36.0,36.025,5640.0
2013-11-12,37.889999,37.889999,37.889999,37.889999,100.0
2013-11-13,37.35,37.35,37.35,37.35,140.0
2013-11-14,36.204999,37.2,36.0,37.2,5760.0
2013-11-15,36.039999,36.039999,36.039999,36.039999,140.0
2013-11-19,36.039999,37.5,36.0,37.5,2100.0
2013-11-21,37.0,37.0,37.0,37.0,190.0
2013-11-22,36.2,37.0,36.0,36.0,52480.0
2013-11-25,36.8,36.8,36.8,36.8,50.0
2013-11-26,35.05,37.9,35.05,37.9,340.0
2013-11-29,35.629999,37.395001,35.629999,36.989999,890.0
2013-12-04,36.5,36.5,36.5,36.5,80.0
2013-12-05,36.8,36.8,36.8,36.8,100.0
2013-12-06,36.5,38.0,36.5,38.0,8290.0
2013-12-09,37.75,37.75,35.8,37.745001,140.0
2013-12-11,35.804999,37.45,35.804999,37.45,80.0
2013-12-12,36.5,37.289999,35.7,37.2,1480.0
2013-12-13,38.0,38.0,38.0,38.0,2000.0
2013-12-16,36.0,37.85,36.0,37.85,230.0
2013-12-17,37.8,37.8,37.8,37.8,80.0
2013-12-20,36.6,37.9,36.6,37.9,1100.0
2013-12-24,36.614999,36.614999,36.4,36.4,80.0
2013-12-25,36.5,36.5,36.1,36.1,8200.0
2013-12-26,36.1,36.1,36.1,36.1,180.0
2013-12-27,37.2,37.4,37.2,37.4,2050.0
2013-12-30,35.660001,35.660001,35.660001,35.660001,110.0
2013-12-31,36.0,36.0,35.0,35.0,430.0
2014-01-02,35.0,35.0,35.0,35.0,10.0
2014-01-08,35.0,36.789999,35.0,36.789999,150.0
2014-01-10,35.1,36.5,34.585001,34.585001,5050.0
2014-01-13,36.3,36.3,36.3,36.3,50.0
2014-01-16,36.0,36.0,36.0,36.0,148680.0
2014-01-22,35.5,35.5,35.0,35.0,510.0
2014-01-23,35.010001,35.010001,34.989999,34.989999,7190.0
2014-01-28,35.495001,35.495001,35.495001,35.495001,10.0
2014-01-29,34.110001,35.495001,34.110001,35.495001,60.0
2014-01-30,35.495001,35.789999,35.4,35.4,10990.0
2014-01-31,34.15,35.5,34.15,34.4,540.0
2014-02-04,35.539999,35.7,35.539999,35.7,100.0
2014-02-05,34.6,34.6,34.554999,34.554999,50.0
2014-02-06,35.9,35.9,35.9,35.9,50.0
2014-02-07,35.889999,35.9,35.889999,35.9,260.0
2014-02-11,35.970001,35.970001,35.9,35.9,1050.0
2014-02-18,35.8,35.8,34.0,34.0,21890.0
2014-02-19,34.010001,34.010001,34.0,34.0,1230.0
2014-02-20,34.0,34.0,34.0,34.0,1160.0
2014-02-21,34.0,34.0,34.0,34.0,3140.0
2014-02-25,34.0,34.0,33.15,33.15,970.0
2014-02-26,33.0,35.0,33.0,35.0,18710.0
2014-02-27,35.175,35.175,35.0,35.0,17120.0
2014-02-28,35.5,35.95,35.5,35.9,2360.0
2014-03-03,35.9,36.0,35.8,36.0,1070.0
2014-03-04,36.85,36.85,35.6,36.75,300.0
2014-03-05,37.0,37.0,37.0,37.0,2320.0
2014-03-06,37.0,38.0,37.0,38.0,2100.0
2014-03-07,38.0,38.0,38.0,38.0,500.0
2014-03-10,37.05,37.05,35.720001,35.995001,21240.0
2014-03-11,36.95,36.989999,36.95,36.989999,150.0
2014-03-12,35.6,37.575,35.6,37.575,580.0
2014-03-13,36.0,36.854999,36.0,36.854999,16100.0
2014-03-17,37.1,37.5,37.1,37.4,2250.0
2014-03-18,36.225,37.295001,35.2,37.295001,1410.0
2014-03-20,36.8,36.8,36.8,36.8,2210.0
2014-03-21,37.0,37.0,37.0,37.0,500.0
2014-03-25,37.189999,37.189999,35.6,35.6,5230.0
2014-03-26,37.170001,37.170001,37.170001,37.170001,50.0
2014-03-27,35.3,37.129999,35.204999,37.1,350.0
2014-03-28,36.0,36.0,36.0,36.0,71540.0
2014-03-31,35.25,37.185001,35.2,37.185001,1250.0
2014-04-01,37.095001,37.095001,37.095001,37.095001,50.0
2014-04-02,36.985001,37.189999,36.985001,37.189999,3300.0
2014-04-03,35.620001,37.179999,35.620001,37.179999,900.0
2014-04-07,35.754999,35.754999,35.725,35.725,320.0
2014-04-08,35.810001,36.970001,35.810001,36.970001,380.0
2014-04-10,36.689999,36.695001,36.689999,36.695001,110.0
2014-04-11,36.6,36.6,36.6,36.6,420.0
2014-04-14,36.6,36.9,36.6,36.9,1960.0
2014-04-15,36.995001,37.989999,35.270001,37.979999,3200.0
2014-05-07,35.804999,35.820001,35.760001,35.760001,340.0
2014-05-08,35.760001,37.175,35.5,37.175,430.0
2014-05-09,37.35,37.35,37.35,37.35,2000.0
2014-05-16,36.054999,37.9,36.054999,37.9,2080.0
2014-05-19,36.110001,37.895001,36.1,37.895001,1360.0
2014-05-23,36.054999,37.3,36.054999,37.3,2130.0
2014-05-26,37.0,37.0,37.0,37.0,5000.0
2014-05-28,36.060001,36.060001,36.060001,36.060001,10.0
2014-05-29,37.0,37.0,37.0,37.0,150.0
2014-05-30,37.4,37.789999,37.4,37.5,34950.0
2014-06-02,37.795001,37.795001,37.795001,37.795001,100.0
2014-06-05,36.5,36.5,36.5,36.5,210.0
2014-06-06,36.5,37.795001,36.5,37.795001,1200.0
2014-06-11,37.7,37.8,36.5,37.8,5520.0
2014-06-12,37.85,41.579999,37.85,41.55,28980.0
2014-06-13,42.0,43.5,39.9,39.9,3310.0
2014-06-16,40.925,40.925,40.925,40.925,120.0
2014-06-17,39.4,40.875,39.4,40.875,1520.0
2014-06-18,39.9,40.675,38.7,40.675,4300.0
2014-06-19,40.4,41.0,40.4,40.9,2200.0
2014-06-20,40.925,40.925,40.925,40.925,160.0
2014-06-23,38.725,38.770001,38.7,38.7,670.0
2014-06-24,38.260001,40.3,38.260001,40.3,1050.0
2014-06-27,37.885001,40.8,37.885001,40.8,8300.0
2014-07-04,40.0,40.0,39.85,39.85,36380.0
2014-07-08,40.0,40.789999,40.0,40.789999,120.0
2014-07-09,39.2,39.2,39.2,39.2,100.0
2014-07-10,40.6,40.6,40.5,40.5,11000.0
2014-07-11,40.0,40.0,40.0,40.0,2710.0
2014-07-14,40.0,40.0,40.0,40.0,100.0
2014-07-15,40.489999,40.489999,40.0,40.0,540.0
2014-07-16,40.0,40.0,40.0,40.0,100.0
2014-07-22,39.6,40.0,39.6,40.0,10450.0
2014-07-23,40.495001,40.495001,40.495001,40.495001,60.0
2014-07-24,39.6,41.325,39.6,41.325,7640.0
2014-07-31,40.0,41.35,39.1,40.0,9470.0
2014-08-01,40.4,40.4,40.4,40.4,10.0
2014-08-05,40.0,40.989999,39.7,40.989999,3160.0
2014-08-07,39.9,40.5,39.7,40.5,4580.0
2014-08-08,40.960001,40.960001,40.954999,40.960001,400.0
2014-08-11,40.7,41.3,40.7,41.3,330.0
2014-08-12,41.3,41.3,41.3,41.3,2030.0
2014-08-18,40.9,40.9,40.9,40.9,300.0
2014-08-19,41.3,41.5,41.3,41.5,200.0
2014-08-22,42.0,42.0,42.0,42.0,2000.0
2014-08-26,40.604999,42.0,40.6,42.0,1650.0
2014-08-27,41.2,42.4,41.2,42.389999,640.0
2014-08-28,42.389999,42.4,41.5,41.5,70.0
2014-08-29,41.5,42.275,41.125,42.275,1880.0
2014-09-01,42.575,42.575,42.575,42.575,150.0
2014-09-04,41.0,41.0,40.7,40.7,970.0
2014-09-05,40.570001,42.4,40.4,42.4,2250.0
2014-09-08,42.0,43.0,42.0,43.0,10000.0
2014-09-09,43.4,45.0,43.35,45.0,8660.0
2014-09-10,45.389999,45.5,45.389999,45.5,6040.0
2014-09-11,45.1,47.8,45.1,47.8,6050.0
2014-09-12,47.7,48.0,47.7,48.0,2370.0
2014-09-17,46.210001,48.0,46.210001,48.0,800.0
2014-09-18,47.945001,48.489999,47.945001,48.489999,1490.0
2014-09-19,47.95,49.4,47.95,49.4,2570.0
2014-09-22,49.3,50.0,49.3,50.0,4500.0
2014-09-23,49.9,49.9,49.9,49.9,2000.0
2014-09-24,48.9,48.9,44.910001,46.3,8500.0
2014-09-26,37.504999,40.0,37.504999,39.0,9210.0
2014-09-29,38.8,39.2,38.8,39.2,200.0
2014-09-30,37.5,39.0,37.5,38.9,670.0
2014-10-02,37.760001,38.0,36.570001,36.6,5360.0
2014-10-03,36.0,36.495001,34.404999,36.470001,4830.0
2014-10-07,36.470001,36.470001,36.470001,36.470001,10.0
2014-10-08,36.985001,38.65,36.8,38.6,790.0
2014-10-09,39.089999,39.089999,36.9,36.9,220.0
2014-10-10,37.2,38.935001,36.9,38.929999,1970.0
2014-10-13,38.9,38.9,38.9,38.9,100.0
2014-10-14,38.7,39.0,38.7,39.0,11920.0
2014-10-15,39.0,39.8,39.0,39.8,3830.0
2014-10-17,40.9,40.9,40.9,40.9,1760.0
2014-10-20,40.9,42.9,40.9,42.9,88600.0
2014-10-21,42.9,42.9,42.9,42.9,10.0
2014-10-23,41.0,42.489999,40.35,40.35,2650.0
2014-10-24,40.0,42.2,40.0,42.0,3770.0
2014-10-27,40.3,41.964999,40.0,41.964999,1050.0
2014-10-30,41.5,41.5,41.5,41.5,50.0
2014-10-31,41.495001,42.0,41.0,42.0,2420.0
2014-11-03,42.0,42.0,42.0,42.0,1840.0
2014-11-04,41.989999,42.4,41.989999,42.4,850.0
2014-11-07,41.5,41.5,41.5,41.5,1710.0
2014-11-10,41.5,42.2,41.5,42.2,840.0
2014-11-12,39.8,41.814999,39.8,41.814999,20280.0
2014-11-14,42.0,42.0,42.0,42.0,500.0
2014-11-17,41.9,41.9,41.9,41.9,120.0
2014-11-19,40.004999,41.639999,39.9,41.639999,1050.0
2014-11-21,39.9,41.575,39.804999,41.575,620.0
2014-11-24,40.0,41.4,39.810001,41.4,3660.0
2014-11-26,40.0,40.0,40.0,40.0,9030.0
2014-11-27,41.3,41.3,41.3,41.3,20.0
2014-12-01,39.5,39.5,39.5,39.5,220.0
2014-12-02,39.7,39.7,39.7,39.7,810.0
2014-12-03,37.6,41.0,37.6,41.0,150.0
2014-12-15,38.539999,38.539999,38.539999,38.539999,1260.0
2014-12-16,38.539999,38.539999,38.539999,38.539999,200.0
2014-12-18,39.885001,40.0,39.5,39.5,2650.0
2014-12-19,39.5,39.5,37.129999,37.129999,1160.0
2014-12-22,38.0,38.0,38.0,38.0,300.0
2014-12-23,37.0,37.0,37.0,37.0,1780.0
2014-12-24,35.720001,35.720001,35.720001,35.720001,50.0
2014-12-25,37.8,37.8,37.8,37.8,2000.0
2014-12-26,37.5,39.3,37.5,39.3,9030.0
2014-12-29,39.3,39.3,39.2,39.2,2670.0
2014-12-30,36.9,39.2,36.9,39.2,3020.0
2014-12-31,37.210001,37.210001,37.210001,37.210001,300.0
2015-01-02,37.5,37.5,37.5,37.5,20.0
2015-01-06,37.0,37.0,37.0,37.0,1000.0
2015-01-07,37.1,37.1,37.1,37.1,200.0
2015-01-09,39.1,39.1,39.1,39.1,380.0
2015-01-14,39.2,39.9,37.610001,39.9,410.0
2015-01-15,39.895001,39.895001,39.895001,39.895001,2100.0
2015-01-16,39.895001,39.985001,37.8,39.85,13230.0
2015-01-21,37.604999,37.604999,37.604999,37.604999,50.0
2015-01-22,39.1,39.1,39.1,39.1,20.0
2015-01-23,37.5,38.4,37.5,38.4,3500.0
2015-01-27,37.0,38.4,37.0,38.4,3280.0
2015-01-30,36.6,36.620001,36.6,36.6,2990.0
2015-02-04,38.389999,38.4,38.389999,38.4,3000.0
2015-02-05,38.4,38.4,38.4,38.4,6620.0
2015-02-06,39.0,39.0,39.0,39.0,290.0
2015-02-12,38.9,38.9,38.9,38.9,500.0
2015-02-13,39.0,39.0,39.0,39.0,1000.0
2015-02-16,39.7,40.5,39.695001,40.5,1300.0
2015-02-17,40.0,42.9,38.310001,42.0,15910.0
2015-02-18,41.995001,42.895001,41.995001,42.895001,50.0
2015-02-19,42.895001,43.5,42.895001,43.5,1350.0
2015-02-20,43.9,45.0,43.9,45.0,2670.0
2015-02-23,45.9,46.85,45.9,46.75,650.0
2015-02-24,46.695001,51.420001,44.010001,50.0,23910.0
2015-02-25,47.2,47.2,47.0,47.0,1710.0
2015-02-26,49.0,49.495001,49.0,49.495001,160.0
2015-02-27,49.3,49.3,49.3,49.3,1330.0
2015-03-02,47.0,49.0,47.0,49.0,710.0
2015-03-03,49.0,49.0,49.0,49.0,50.0
2015-03-04,47.0,48.75,47.0,48.75,200.0
2015-03-06,48.75,48.8,48.75,48.8,5360.0
2015-03-09,48.75,48.75,48.75,48.75,220.0
2015-03-10,48.6,48.6,48.6,48.6,500.0
2015-03-11,46.5,46.5,46.5,46.5,70000.0
2015-03-12,48.3,48.3,48.3,48.3,200.0
2015-03-23,47.7,48.6,47.7,48.6,10000.0
2015-03-25,46.75,46.75,46.5,46.5,3870.0
2015-03-27,48.3,48.3,48.3,48.3,300.0
2015-04-01,48.3,48.3,48.3,48.3,400.0
2015-04-02,45.6,45.6,45.5,45.5,6280.0
2015-04-03,48.2,48.2,45.2,47.8,350.0
2015-04-06,45.2,46.0,45.2,46.0,20050.0
2015-04-07,45.2,45.2,44.9,44.9,300.0
2015-04-08,45.0,45.0,45.0,45.0,25000.0
2015-04-09,47.0,47.0,45.5,45.5,10060.0
2015-04-10,45.5,45.5,44.1,44.1,580.0
2015-04-14,44.1,44.1,43.9,43.9,1460.0
2015-04-23,45.0,45.0,45.0,45.0,1000.0
2015-04-27,45.0,45.0,45.0,45.0,60.0
2015-04-29,45.0,45.0,45.0,45.0,250.0
2015-05-08,44.0,44.9,42.3,44.9,450.0
2015-05-22,46.0,46.0,46.0,46.0,1000.0
2015-06-09,43.3,46.0,43.3,46.0,1010.0
2015-06-12,45.0,46.0,45.0,46.0,9260.0
2015-06-22,44.05,44.05,44.05,44.05,10.0
2015-06-30,46.5,46.5,46.5,46.5,100.0
2015-07-09,46.0,46.0,46.0,46.0,20000.0
2015-07-15,45.0,45.0,45.0,45.0,5000.0
2015-07-20,45.0,45.0,45.0,45.0,720.0
2015-07-27,42.3,47.7,42.3,47.7,110.0
2015-07-29,44.839999,48.5,44.839999,48.5,3200.0
2015-07-31,48.55,48.55,48.55,48.55,270.0
2015-08-10,47.5,47.5,47.5,47.5,450.0
2015-08-12,47.5,48.0,47.5,48.0,60.0
2015-08-17,46.0,46.0,46.0,46.0,40.0
2015-09-01,47.5,47.5,44.65,47.5,750.0
2015-09-02,45.310001,46.989999,45.310001,46.989999,250.0
2015-09-04,46.895001,46.9,46.895001,46.9,100.0
2015-09-09,47.5,47.5,47.0,47.0,17630.0
2015-09-10,47.489999,47.489999,47.489999,47.489999,20.0
2015-09-16,45.5,45.5,45.5,45.5,20.0
2015-09-18,43.25,43.25,42.8,42.8,710.0
2015-09-21,45.364999,45.364999,45.364999,45.364999,30.0
2015-09-28,44.5,44.5,44.5,44.5,30.0
2015-09-29,43.310001,43.320001,43.310001,43.320001,1890.0
2015-09-30,43.320001,43.320001,43.320001,43.320001,1100.0
2015-10-01,44.489999,44.489999,44.489999,44.489999,10.0
2015-10-02,43.320001,44.445001,43.320001,44.445001,510.0
2015-10-06,43.989999,43.989999,43.989999,43.989999,10.0
2015-10-07,43.985001,44.5,43.985001,44.5,3000.0
2015-10-08,41.85,44.2,41.839999,44.2,470.0
2015-10-09,42.0,44.1,41.55,44.1,3610.0
2015-10-12,42.0,42.0,41.6,41.6,330.0
2015-10-13,39.5,43.495001,39.2,43.495001,900.0
2015-10-14,44.2,44.2,44.2,44.2,1000.0
2015-10-20,44.0,44.0,44.0,44.0,1340.0
2015-10-23,41.55,44.0,41.360001,44.0,1750.0
2015-10-30,44.0,45.989999,44.0,45.989999,860.0
2015-11-04,44.995001,44.995001,44.995001,44.995001,280.0
2015-11-05,45.0,45.0,45.0,45.0,10.0
2015-11-09,43.235001,46.0,43.0,46.0,88480.0
2015-11-10,47.0,47.989999,47.0,47.989999,20.0
2015-11-20,47.985001,47.985001,47.985001,47.985001,800.0
2015-11-24,47.8,47.8,47.8,47.8,250.0
2015-11-27,44.935001,47.6,44.935001,47.6,300.0
2015-12-04,47.5,47.7,47.5,47.7,140.0
2015-12-09,47.7,47.7,47.7,47.7,130.0
2015-12-11,47.6,47.6,47.6,47.6,500.0
2015-12-14,47.55,47.6,47.55,47.6,2020.0
2015-12-15,47.5,47.6,47.5,47.6,8190.0
2015-12-18,47.5,49.989999,47.5,49.989999,4870.0
2015-12-28,47.0,52.5,47.0,47.0,8670.0
2015-12-31,47.2,48.9,47.0,48.9,690.0
2016-01-05,47.2,48.9,45.970001,48.9,800.0
2016-01-07,46.1,46.1,46.0,46.0,910.0
2016-01-08,48.0,48.0,48.0,48.0,20.0
2016-01-12,47.8,47.95,47.8,47.95,120.0
2016-01-13,47.0,48.3,47.0,48.3,25060.0
2016-01-14,47.0,47.0,46.5,46.5,48500.0
2016-01-15,48.5,48.5,48.5,48.5,100.0
2016-01-18,46.25,46.25,45.589999,45.589999,2000.0
2016-01-19,48.0,48.0,48.0,48.0,200.0
2016-01-20,47.995001,48.0,47.995001,48.0,960.0
2016-01-21,47.9,47.9,47.9,47.9,10.0
2016-01-22,48.0,49.489999,48.0,49.489999,165320.0
2016-01-25,49.6,50.8,49.6,50.6,4210.0
2016-01-26,50.9,51.4,49.0,49.0,3700.0
2016-01-27,49.0,49.0,47.9,47.9,810.0
2016-01-29,47.9,48.5,47.75,48.5,1180.0
2016-02-01,48.010001,48.05,48.010001,48.05,270.0
2016-02-02,47.720001,50.0,47.720001,50.0,40510.0
2016-02-03,49.5,50.9,49.5,50.9,190.0
2016-02-04,49.1,50.9,49.1,50.9,800.0
2016-02-05,50.0,50.9,50.0,50.9,320.0
2016-02-08,50.05,51.6,50.05,51.6,2120.0
2016-02-09,51.0,51.0,50.010001,50.8,1020.0
2016-02-10,50.010001,51.8,50.010001,51.8,1100.0
2016-02-12,50.15,50.3,50.15,50.3,330.0
2016-02-16,51.5,51.5,51.5,51.5,500.0
2016-02-17,50.0,50.0,50.0,50.0,55000.0
2016-02-18,51.0,51.0,51.0,51.0,500.0
2016-02-22,50.4,50.4,50.25,50.25,610.0
2016-02-23,50.3,50.3,50.25,50.25,6900.0
2016-02-24,50.8,52.0,50.8,52.0,12490.0
2016-02-25,52.0,52.0,52.0,52.0,650.0
2016-02-26,52.9,52.9,50.510001,50.510001,4520.0
2016-02-29,51.9,51.9,51.9,51.9,40.0
2016-03-01,51.0,51.0,51.0,51.0,1900.0
2016-03-02,52.4,52.490002,52.4,52.490002,470.0
2016-03-08,51.020001,52.3,50.5,52.3,3100.0
2016-03-09,52.290002,52.5,52.290002,52.5,6170.0
2016-03-10,52.8,55.0,52.8,55.0,17250.0
2016-03-11,54.95,54.95,54.95,54.95,1000.0
2016-03-14,55.0,55.0,54.9,54.9,700.0
2016-03-15,52.2,57.7,52.2,57.7,6070.0
2016-03-16,57.3,61.0,57.3,60.9,58100.0
2016-03-17,60.8,60.8,60.0,60.0,950.0
2016-03-18,59.9,60.0,59.9,60.0,360.0
2016-03-22,56.559998,56.6,56.559998,56.559998,17800.0
2016-03-23,56.55,58.5,53.190002,58.3,2240.0
2016-03-25,54.820001,57.9,54.820001,57.9,2220.0
2016-03-29,54.9,57.670001,54.5,57.670001,100040.0
2016-03-30,54.5,54.5,54.5,54.5,15000.0
2016-03-31,57.390002,57.390002,52.5,56.990002,43490.0
2016-04-01,54.5,54.5,54.5,54.5,12100.0
2016-04-04,54.5,54.5,54.5,54.5,9780.0
2016-04-06,56.8,56.8,56.8,56.8,500.0
2016-04-08,55.0,56.790002,54.5,54.5,138280.0
2016-04-11,54.5,54.5,54.5,54.5,45000.0
2016-04-12,54.5,54.5,54.4,54.4,510.0
2016-04-13,54.5,54.5,54.5,54.5,10.0
2016-04-14,54.4,54.4,54.009998,54.009998,120.0
2016-04-15,53.5,54.0,53.5,54.0,120.0
2016-04-18,54.0,54.5,53.0,53.009998,6960.0
2016-04-19,54.0,54.0,54.0,54.0,10.0
2016-04-20,53.9,53.9,53.0,53.9,560.0
2016-04-21,53.1,53.1,53.0,53.0,1400.0
2016-04-22,53.7,54.0,53.7,54.0,2670.0
2016-04-29,53.8,54.0,53.0,54.0,37610.0
2016-05-03,53.9,53.9,53.9,53.9,4960.0
2016-05-05,53.5,53.5,53.0,53.0,3990.0
2016-05-06,53.5,53.5,53.4,53.5,1520.0
2016-05-09,53.3,53.3,53.3,53.3,250.0
2016-05-12,53.0,54.9,52.5,54.9,32450.0
2016-05-13,54.7,54.7,54.7,54.7,1590.0
2016-05-16,52.609998,52.609998,52.609998,52.609998,400.0
2016-05-17,52.609998,52.609998,52.609998,52.609998,100.0
2016-05-20,54.690002,54.690002,54.5,54.5,2050.0
2016-05-25,54.0,54.0,54.0,54.0,6230.0
2016-05-27,54.5,54.5,54.4,54.5,153460.0
2016-05-30,54.7,54.890002,54.7,54.890002,100.0
2016-06-02,54.8,54.879999,54.8,54.879999,5270.0
2016-06-03,54.0,54.790002,54.0,54.7,4040.0
2016-06-06,53.029999,53.029999,53.029999,53.029999,20.0
2016-06-07,54.790002,54.790002,54.790002,54.790002,100.0
2016-06-16,53.9,54.0,53.9,54.0,6390.0
2016-06-17,53.0,54.0,53.0,54.0,710.0
2016-06-20,53.0,53.0,53.0,53.0,140.0
2016-06-21,54.9,56.0,54.9,56.0,120.0
2016-06-30,54.9,54.9,54.9,54.9,110.0
2016-07-04,54.0,54.0,54.0,54.0,19480.0
2016-07-12,54.0,55.990002,54.0,55.990002,16470.0
2016-07-13,55.5,55.5,55.5,55.5,50000.0
2016-07-18,55.5,56.479999,55.5,56.479999,710.0
2016-07-19,55.5,55.5,55.5,55.5,3690.0
2016-07-20,55.5,55.5,55.5,55.5,10.0
2016-07-21,56.990002,56.990002,56.990002,56.990002,10.0
2016-07-22,54.0,54.0,54.0,54.0,2290.0
2016-07-26,53.0,53.0,53.0,53.0,35530.0
2016-07-27,51.609998,52.0,51.609998,52.0,1750.0
2016-07-29,52.009998,52.8,52.009998,52.8,950.0
2016-08-04,53.0,53.0,53.0,53.0,150.0
2016-08-05,53.7,53.7,53.7,53.7,1870.0
2016-08-08,53.7,53.7,53.7,53.7,100.0
2016-08-12,50.1,52.7,49.9,52.7,11790.0
2016-08-15,49.1,51.2,49.0,51.2,2600.0
2016-08-16,50.0,50.0,50.0,50.0,680.0
2016-08-17,48.8,51.2,48.8,51.2,540.0
2016-08-19,52.690002,52.690002,52.690002,52.690002,750.0
2016-08-26,52.4,52.5,52.4,52.5,21000.0
2016-08-30,52.5,52.5,52.5,52.5,770.0
2016-09-01,52.5,52.5,52.5,52.5,400.0
2016-09-02,52.5,52.5,52.5,52.5,3740.0
2016-09-05,52.5,52.5,52.5,52.5,12890.0
2016-09-09,52.2,52.2,52.2,52.2,96560.0
2016-09-16,52.5,52.5,52.5,52.5,10.0
2016-09-20,50.45,50.45,50.45,50.45,90.0
2016-09-22,50.45,50.45,50.45,50.45,150.0
2016-09-23,52.6,52.6,52.6,52.6,1000.0
2016-09-27,50.6,50.6,50.6,50.6,3180.0
2016-09-28,50.5,50.5,50.5,50.5,460.0
2016-09-29,51.4,54.1,51.4,54.1,6320.0
2016-09-30,54.2,54.2,53.7,53.7,640.0
2016-10-04,52.7,52.7,52.7,52.7,390.0
2016-10-07,54.9,55.5,54.890002,54.95,6130.0
2016-10-10,56.3,56.3,56.3,56.3,100.0
2016-10-11,55.9,55.9,55.0,55.0,1100.0
2016-10-13,55.0,55.0,55.0,55.0,120.0
2016-10-14,55.020001,55.020001,55.0,55.0,2040.0
2016-10-17,55.0,55.0,55.0,55.0,6060.0
2016-10-20,56.5,58.5,56.5,58.5,2070.0
2016-10-21,59.5,61.0,59.4,61.0,9160.0
2016-10-24,62.8,62.820001,59.8,59.8,140.0
2016-10-25,60.0,60.0,60.0,60.0,10000.0
2016-10-26,61.7,63.0,61.7,63.0,14930.0
2016-11-01,62.8,64.6,62.8,64.6,18800.0
2016-11-04,64.5,64.5,64.5,64.5,190.0
2016-11-09,64.3,65.0,64.3,65.0,4060.0
2016-11-10,65.5,66.0,65.5,66.0,960.0
2016-11-14,67.1,68.0,67.1,67.1,6640.0
2016-11-15,67.9,70.0,67.9,70.0,36010.0
2016-11-16,71.9,71.95,71.9,71.95,1040.0
2016-11-17,72.6,74.0,70.5,70.7,15700.0
2016-11-21,70.7,73.4,70.7,73.4,520.0
2016-11-22,71.0,71.2,71.0,71.0,850.0
2016-11-23,70.1,71.5,70.0,71.5,10260.0
2016-11-28,70.9,75.0,70.1,75.0,134760.0
2016-12-06,71.029999,74.5,71.029999,74.5,120.0
2016-12-09,74.5,76.0,74.5,76.0,1500.0
2016-12-14,74.5,74.5,74.2,74.2,1130.0
2016-12-15,73.35,73.35,72.309998,72.309998,2000.0
2016-12-16,73.970001,74.0,73.970001,74.0,300.0
2016-12-19,71.809998,74.0,71.0,74.0,57370.0
2016-12-22,74.0,76.3,74.0,76.3,1000.0
2016-12-23,76.3,76.3,76.3,76.3,26070.0
2016-12-27,76.3,76.3,76.3,76.3,10.0
2016-12-28,76.3,76.320001,76.3,76.309998,1750.0
2016-12-29,78.0,78.0,78.0,78.0,10.0
2016-12-30,78.0,78.55,74.0,77.5,19430.0
2017-01-06,77.5,81.5,77.5,81.490002,12430.0
2017-01-09,79.1,81.5,74.0,81.5,13520.0
2017-01-10,82.0,82.0,82.0,82.0,2230.0
2017-01-12,81.990002,82.6,81.990002,82.6,9280.0
2017-01-13,82.6,84.9,82.6,84.9,730.0
2017-01-17,83.0,83.0,83.0,83.0,2250.0
2017-01-18,80.3,82.7,80.2,82.7,480.0
2017-01-19,82.8,82.8,82.8,82.8,2250.0
2017-01-20,82.8,82.8,82.8,82.8,8430.0
2017-01-23,80.5,82.8,80.5,82.8,1010.0
2017-01-25,80.509998,82.6,80.509998,82.6,110.0
2017-01-27,80.5,82.6,80.2,82.6,6810.0
2017-02-07,82.45,82.45,82.45,82.45,1200.0
2017-02-09,82.440002,82.590002,82.440002,82.590002,800.0
2017-02-14,82.590002,82.590002,82.590002,82.590002,500.0
2017-02-21,80.0,80.0,80.0,80.0,620.0
2017-02-24,80.0,80.0,75.0,75.0,56380.0
2017-02-28,75.1,75.8,75.0,75.8,4230.0
2017-03-01,76.0,76.1,76.0,76.1,20.0
2017-03-02,78.0,80.0,78.0,80.0,770.0
2017-03-03,81.8,81.8,81.8,81.8,160.0
2017-03-06,80.05,80.05,80.0,80.0,40.0
2017-03-08,81.879999,81.9,81.879999,81.9,1000.0
2017-03-09,88.0,90.079999,88.0,90.079999,35410.0
2017-03-10,97.0,97.0,90.090002,91.0,24360.0
2017-03-13,90.2,90.2,90.079999,90.079999,25110.0
2017-03-14,90.079999,90.079999,89.990002,89.990002,14000.0
2017-03-15,89.9,90.5,89.9,90.5,32000.0
2017-03-16,83.7,83.7,83.7,83.7,200.0
2017-03-17,87.0,87.0,87.0,87.0,4020.0
2017-03-23,87.0,87.0,87.0,87.0,62000.0
2017-03-29,83.1,86.990002,83.1,86.990002,500.0
2017-04-07,87.0,87.0,87.0,87.0,110.0
2017-04-13,87.9,87.9,87.9,87.9,20.0
2017-04-14,83.2,83.2,83.2,83.2,60.0
2017-04-17,88.0,88.0,88.0,88.0,50.0
2017-04-19,87.9,91.0,87.9,91.0,237800.0
2017-04-20,91.0,91.0,91.0,91.0,10380.0
2017-04-21,91.0,91.3,91.0,91.3,1350.0
2017-04-25,91.3,96.4,91.3,95.0,112750.0
2017-04-26,96.9,96.9,96.9,96.9,10.0
2017-04-27,97.0,97.0,95.0,95.0,5510.0
2017-04-28,95.0,95.9,95.0,95.9,3260.0
2017-05-02,96.0,105.4,96.0,105.4,15810.0
2017-05-03,108.5,108.5,105.0,105.0,1590.0
2017-05-04,105.0,105.0,105.0,105.0,70.0
2017-05-08,105.0,105.0,104.9,104.9,630.0
2017-05-09,104.9,108.0,104.9,105.5,7130.0
2017-05-10,106.9,107.5,106.9,107.5,1150.0
2017-05-11,105.6,107.5,105.6,107.5,14360.0
2017-05-12,105.6,105.6,105.5,105.5,1030.0
2017-05-15,107.4,109.9,107.4,107.5,33780.0
2017-05-16,106.0,107.5,106.0,107.4,1290.0
2017-05-17,106.2,107.5,106.1,107.5,2240.0
2017-05-18,107.5,107.5,107.5,107.5,23260.0
2017-05-19,107.5,109.0,107.5,109.0,260.0
2017-05-25,108.0,108.0,108.0,108.0,60.0
2017-05-26,107.0,108.0,106.5,108.0,1580.0
2017-05-29,106.5,106.5,106.0,106.0,2500.0
2017-06-07,106.9,109.6,106.9,108.0,27010.0
2017-06-08,109.0,109.0,105.8,105.8,510.0
2017-06-13,106.0,106.0,106.0,106.0,22920.0
2017-06-15,105.3,105.3,105.3,105.3,20.0
2017-06-19,106.3,107.5,106.3,107.5,3000.0
2017-06-20,107.5,107.5,107.5,107.5,930.0
2017-06-21,108.0,112.0,108.0,111.5,21430.0
2017-06-22,119.0,119.0,119.0,119.0,90.0
2017-06-28,119.0,119.0,119.0,119.0,30.0
2017-06-29,119.0,119.0,118.9,118.9,1360.0
2017-06-30,118.9,118.9,118.8,118.8,840.0
2017-07-04,112.4,113.0,112.4,113.0,210.0
2017-07-05,116.3,116.3,116.3,116.3,30.0
2017-07-07,118.7,118.7,118.7,118.7,4740.0
2017-07-10,118.9,128.0,118.9,128.0,4650.0
2017-07-11,121.5,127.0,121.2,127.0,350.0
2017-07-13,127.4,130.0,125.5,130.0,49670.0
2017-07-14,138.5,138.9,137.0,137.0,40420.0
2017-07-17,139.5,144.0,139.5,143.5,37320.0
2017-07-18,140.7,150.0,140.7,150.0,87600.0
2017-07-19,147.0,148.9,142.0,142.0,1290.0
2017-07-20,142.1,149.3,142.0,149.3,20400.0
2017-07-21,145.0,145.0,145.0,145.0,1040.0
2017-07-25,145.0,145.0,145.0,145.0,50.0
2017-07-26,139.0,139.0,136.5,138.0,740.0
2017-07-28,136.1,144.0,136.0,144.0,6320.0
2017-08-04,143.8,143.8,143.8,143.8,660.0
2017-08-07,134.2,144.0,134.2,144.0,1090.0
2017-08-11,139.9,142.9,136.0,142.9,820.0
2017-08-15,136.9,141.9,136.9,141.9,250.0
2017-08-16,136.2,136.2,136.1,136.1,1550.0
2017-08-17,136.0,136.0,136.0,136.0,50.0
2017-08-18,138.0,142.0,138.0,142.0,2010.0
2017-08-22,142.4,145.0,142.4,145.0,1420.0
2017-08-24,144.0,145.0,144.0,145.0,620.0
2017-08-25,141.1,145.0,141.1,145.0,520.0
2017-08-28,146.8,146.8,135.0,146.8,6160.0
2017-08-29,146.0,146.0,146.0,146.0,10.0
2017-08-30,146.8,146.8,146.8,146.8,110.0
2017-08-31,145.0,146.5,145.0,146.5,410.0
2017-09-04,138.2,146.8,138.2,146.8,420.0
2017-09-07,145.0,146.8,145.0,146.7,2580.0
2017-09-08,146.7,146.7,146.7,146.7,300.0
2017-09-12,147.5,147.5,145.0,145.0,15080.0
2017-09-14,145.9,145.9,145.9,145.9,140.0
2017-09-15,145.8,147.5,141.0,141.0,1780.0
2017-09-19,141.5,145.0,141.0,145.0,2180.0
2017-09-27,145.0,145.0,145.0,145.0,50.0
2017-09-28,144.9,145.0,144.9,145.0,2200.0
2017-09-29,144.0,145.0,144.0,145.0,2000.0
2017-10-04,144.1,144.5,144.1,144.5,1500.0
2017-10-05,144.1,144.5,144.1,144.1,590.0
2017-10-06,135.5,135.5,135.5,135.5,330.0
2017-10-10,143.0,143.0,143.0,143.0,50.0
2017-10-11,142.0,146.0,142.0,145.5,22980.0
2017-10-13,145.0,155.0,145.0,155.0,2560.0
2017-10-16,154.5,154.5,150.0,150.0,1800.0
2017-10-17,153.9,155.5,153.9,155.0,7500.0
2017-10-18,159.8,162.0,159.8,160.0,33490.0
2017-10-19,161.9,166.0,160.0,160.1,34040.0
2017-10-20,160.0,166.0,156.6,166.0,1760.0
2017-10-23,166.0,166.0,166.0,166.0,1010.0
2017-10-27,166.0,166.0,164.0,165.0,28220.0
2017-10-31,160.2,160.4,160.2,160.4,19260.0
2017-11-01,165.0,165.9,161.3,161.3,3240.0
2017-11-03,160.7,160.7,160.6,160.6,500.0
2017-11-07,160.4,160.4,160.4,160.4,150.0
2017-11-09,164.0,165.0,164.0,165.0,4140.0
2017-11-10,165.9,167.8,165.0,167.8,1770.0
2017-11-14,164.0,165.2,164.0,165.2,4710.0
2017-11-17,161.6,161.6,161.6,161.6,20.0
2017-11-20,161.6,161.6,161.6,161.6,10.0
2017-11-21,160.0,160.0,160.0,160.0,160.0
2017-11-23,168.6,168.6,168.6,168.6,10.0
2017-11-28,160.5,160.5,160.5,160.5,10000.0
2017-11-29,161.0,161.0,161.0,161.0,3000.0
2017-11-30,161.0,161.0,161.0,161.0,20.0
2017-12-04,161.2,162.0,161.0,162.0,630.0
2017-12-05,163.0,163.0,160.0,160.0,540.0
2017-12-06,160.0,160.0,160.0,160.0,250.0
2017-12-07,160.0,160.0,160.0,160.0,200.0
2017-12-08,160.0,160.0,160.0,160.0,190.0
2017-12-12,160.1,164.8,160.0,164.8,2020.0
2017-12-15,166.5,167.0,161.0,161.0,17020.0
2017-12-18,161.1,161.1,161.0,161.0,100.0
2017-12-21,160.1,160.1,160.0,160.0,2000.0
2017-12-22,155.3,162.1,155.3,162.1,2270.0
2017-12-25,164.4,164.4,164.4,164.4,12340.0
2017-12-26,161.0,161.0,161.0,161.0,500.0
2017-12-27,161.0,161.0,161.0,161.0,20.0
2017-12-28,160.2,160.2,160.0,160.0,290.0
2017-12-29,156.6,167.9,156.6,167.9,3030.0
2018-01-02,160.1,160.1,160.1,160.1,10.0
2018-01-03,160.1,161.6,160.0,161.5,190.0
2018-01-04,161.6,161.6,161.6,161.6,40.0
2018-01-05,162.0,166.0,162.0,166.0,670.0
2018-01-08,164.9,164.9,164.9,164.9,50.0
2018-01-09,164.0,164.9,164.0,164.0,2330.0
2018-01-10,164.1,165.0,164.1,165.0,900.0
2018-01-15,166.8,173.0,166.0,172.5,2070.0
2018-01-16,172.5,172.5,172.5,172.5,200.0
2018-01-17,167.1,167.1,167.1,167.1,10.0
2018-01-18,167.1,175.0,167.0,175.0,7880.0
2018-01-19,176.0,187.5,176.0,186.9,3560.0
2018-01-22,186.3,189.0,185.2,189.0,14020.0
2018-01-23,186.5,207.8,186.5,205.0,45940.0
2018-01-24,210.0,215.0,204.0,205.0,2420.0
2018-01-25,205.0,205.0,200.0,200.0,480.0
2018-01-26,207.9,207.9,207.9,207.9,530.0
2018-01-31,200.0,200.2,200.0,200.0,1990.0
2018-02-01,200.7,200.7,200.0,200.5,420.0
2018-02-02,200.0,204.8,197.3,204.8,1640.0
2018-02-07,198.7,198.7,198.0,198.0,200.0
2018-02-08,198.0,198.0,198.0,198.0,1150.0
2018-02-09,195.0,204.9,195.0,204.9,2410.0
2018-02-12,200.0,200.0,200.0,200.0,20.0
2018-02-13,195.5,195.5,195.0,195.0,200.0
2018-02-14,200.0,204.3,200.0,204.3,30.0
2018-02-16,200.0,200.0,200.0,200.0,520.0
2018-02-19,200.1,200.1,200.1,200.1,330.0
2018-02-20,200.0,200.0,200.0,200.0,4170.0
2018-02-22,200.1,201.5,200.0,201.5,2310.0
2018-02-23,204.0,204.0,204.0,204.0,2760.0
2018-02-26,204.0,204.0,204.0,204.0,2720.0
2018-02-27,204.0,204.0,204.0,204.0,400.0
2018-02-28,200.1,200.1,200.1,200.1,20.0
2018-03-02,204.0,204.8,204.0,204.8,4420.0
2018-03-06,201.5,201.5,201.5,201.5,13500.0
2018-03-09,201.5,201.5,200.0,200.0,26620.0
2018-03-19,201.2,201.2,200.0,200.0,180.0
2018-03-21,195.1,195.1,195.0,195.0,810.0
2018-03-23,195.0,200.0,195.0,200.0,450.0
2018-03-26,195.0,195.0,195.0,195.0,5050.0
2018-03-27,200.0,200.0,195.0,195.0,1200.0
2018-03-28,195.0,195.0,195.0,195.0,250.0
2018-03-29,195.0,195.0,195.0,195.0,20.0
2018-03-30,199.4,199.4,199.4,199.4,630.0
2018-04-02,200.0,200.0,200.0,200.0,710.0
2018-04-04,183.0,199.0,183.0,199.0,330.0
2018-04-06,184.1,200.0,184.0,200.0,1280.0
2018-04-09,200.0,200.0,200.0,200.0,2000.0
2018-04-10,196.5,196.5,196.0,196.0,1100.0
2018-04-13,190.3,194.0,190.2,194.0,9710.0
2018-04-16,190.2,190.3,190.2,190.2,250.0
2018-04-17,190.2,194.9,190.2,194.9,60.0
2018-04-20,190.5,190.6,190.2,190.5,5440.0
2018-04-23,190.3,193.1,187.5,187.5,37270.0
2018-04-27,187.5,199.5,185.1,199.5,1990.0
2018-05-02,187.1,198.9,187.1,198.9,70.0
2018-05-04,180.3,189.9,180.3,189.9,1510.0
2018-05-07,194.0,194.0,189.9,189.9,290.0
2018-05-08,181.3,194.9,181.3,188.5,110.0
2018-05-09,185.7,185.7,185.7,185.7,10.0
2018-05-10,186.0,186.0,185.6,185.6,5030.0
2018-05-11,185.7,195.0,185.5,195.0,2470.0
2018-05-18,194.9,194.9,194.9,194.9,1060.0
2018-05-24,194.7,194.7,194.7,194.7,34640.0
2018-05-28,183.0,183.5,183.0,183.0,270.0
2018-05-31,193.4,193.4,193.4,193.4,20.0
2018-06-01,193.0,193.0,193.0,193.0,600.0
2018-06-08,189.9,194.5,189.9,194.5,2660.0
2018-06-11,190.0,194.5,190.0,194.5,420.0
2018-06-14,194.5,195.0,194.5,195.0,36890.0
2018-06-18,195.0,197.0,195.0,197.0,1570.0
2018-06-22,194.9,194.9,194.9,194.9,6000.0
2018-06-26,195.0,195.0,195.0,195.0,18860.0
2018-06-29,190.1,198.0,190.0,197.9,5430.0
2018-07-06,188.0,188.0,188.0,188.0,1740.0
2018-07-09,195.0,195.0,195.0,195.0,10.0
2018-07-10,195.0,195.0,195.0,195.0,2500.0
2018-07-12,194.9,194.9,193.0,193.0,1800.0
2018-07-13,193.0,193.0,193.0,193.0,600.0
2018-07-20,192.9,192.9,192.9,192.9,80.0
2018-07-26,190.0,190.0,190.0,190.0,10.0
2018-07-27,190.0,192.9,190.0,192.9,660.0
2018-08-06,190.0,190.0,190.0,190.0,110.0
2018-08-07,190.1,192.9,190.1,192.9,110.0
2018-08-08,190.1,192.9,190.0,192.9,570.0
2018-08-10,192.9,192.9,192.9,192.9,240.0
2018-08-13,192.9,192.9,192.9,192.9,120.0
2018-08-15,192.9,192.9,192.9,192.9,220.0
2018-08-17,199.7,199.7,199.7,199.7,90.0
2018-08-28,191.0,194.0,191.0,194.0,3380.0
2018-08-29,191.0,191.0,191.0,191.0,250.0
2018-08-30,191.0,199.5,191.0,199.5,460.0
2018-08-31,199.5,199.5,199.4,199.4,1670.0
2018-09-05,199.4,199.5,195.2,195.2,24610.0
2018-09-06,199.0,199.5,199.0,199.5,700.0
2018-09-07,183.0,183.0,183.0,183.0,3440.0
2018-09-12,196.0,196.0,196.0,196.0,20.0
2018-09-13,190.5,190.6,190.5,190.6,16800.0
2018-09-14,191.1,192.0,191.1,192.0,850.0
2018-09-17,190.0,190.0,190.0,190.0,10.0
2018-09-19,190.0,190.0,190.0,190.0,10230.0
2018-09-21,180.7,192.0,180.7,190.0,300.0
2018-09-25,195.0,197.0,195.0,197.0,3790.0
2018-09-26,197.0,200.0,197.0,200.0,6580.0
2018-09-28,200.0,204.5,200.0,204.5,1480.0
2018-10-01,204.5,205.9,204.5,205.9,600.0
2018-10-02,200.7,220.0,200.7,210.0,40190.0
2018-10-03,216.2,216.2,216.2,216.2,10.0
2018-10-04,211.1,216.2,210.1,216.2,560.0
2018-10-05,216.2,217.0,210.1,210.1,5350.0
2018-10-09,210.2,210.2,210.0,210.0,45190.0
2018-10-12,210.1,218.7,210.1,218.7,4820.0
2018-10-15,218.7,222.0,218.7,222.0,11190.0
2018-10-16,216.0,220.0,216.0,220.0,2010.0
2018-10-17,223.0,223.0,222.0,222.0,250.0
2018-10-18,222.0,222.0,222.0,222.0,20.0
2018-10-19,223.0,225.0,223.0,225.0,10590.0
2018-10-22,225.1,228.0,225.0,228.0,45360.0
2018-10-23,228.0,230.0,228.0,230.0,4010.0
2018-10-24,230.0,230.0,230.0,230.0,30.0
2018-10-25,228.0,228.0,228.0,228.0,2570.0
2018-10-26,223.9,230.0,223.9,230.0,2430.0
2018-10-30,229.7,235.0,229.7,230.0,31840.0
2018-10-31,234.4,235.0,230.6,230.6,3010.0
2018-11-01,235.0,242.9,235.0,242.0,26120.0
2018-11-02,242.0,242.0,240.0,240.0,2440.0
2018-11-05,240.0,242.5,240.0,242.5,460.0
2018-11-07,242.5,242.5,242.5,242.5,14810.0
2018-11-08,241.2,241.2,241.2,241.2,150.0
2018-11-09,242.0,242.0,242.0,242.0,6450.0
2018-11-13,245.0,245.0,243.0,243.1,1030.0
2018-11-14,245.0,245.1,245.0,245.1,14070.0
2018-11-16,247.5,247.5,247.5,247.5,90.0
2018-11-19,247.5,247.5,247.5,247.5,570.0
2018-11-23,245.0,245.0,245.0,245.0,2450.0
2018-11-27,245.0,245.0,245.0,245.0,1550.0
2018-11-28,247.4,250.0,247.4,250.0,1950.0
2018-11-30,245.0,252.0,245.0,252.0,11420.0
2018-12-04,245.2,245.2,245.2,245.2,10.0
2018-12-07,246.0,250.0,245.5,250.0,16260.0
2018-12-11,250.0,250.0,247.0,250.0,6770.0
2018-12-12,251.9,255.0,251.9,254.0,5590.0
2018-12-13,254.0,254.0,254.0,254.0,1020.0
2018-12-14,254.0,254.0,254.0,254.0,28830.0
2018-12-17,254.0,255.0,254.0,255.0,500.0
2018-12-18,255.0,258.0,255.0,258.0,50.0
2018-12-20,258.0,259.9,258.0,259.9,19940.0
2018-12-21,259.0,259.0,259.0,259.0,54570.0
2018-12-26,259.9,260.0,259.9,260.0,1580.0
2018-12-27,259.0,260.0,259.0,260.0,8390.0
2018-12-28,262.0,262.0,258.0,258.0,19340.0
2018-12-31,250.3,258.4,250.3,258.4,880.0
2019-01-03,258.4,266.1,258.4,264.9,2860.0
2019-01-04,260.0,260.0,254.2,254.2,860.0
2019-01-09,254.2,254.2,254.2,254.2,250.0
2019-01-10,254.2,259.7,254.2,259.7,2000.0
2019-01-16,254.0,254.0,254.0,254.0,2000.0
2019-01-23,256.6,257.5,256.6,257.5,12620.0
2019-01-24,257.5,257.5,257.5,257.5,6210.0
2019-01-25,259.6,262.0,259.6,262.0,9290.0
2019-02-01,260.0,260.0,260.0,260.0,220.0
2019-02-06,257.1,259.0,257.1,259.0,9790.0
2019-02-07,257.0,257.0,257.0,257.0,400.0
2019-02-11,256.0,256.0,256.0,256.0,11700.0
2019-02-12,255.5,255.5,255.0,255.0,12830.0
2019-02-18,255.0,255.0,255.0,255.0,10.0
2019-02-19,255.0,257.0,254.0,257.0,6240.0
2019-02-22,255.0,255.0,255.0,255.0,7790.0
2019-02-25,250.0,250.0,250.0,250.0,2900.0
2019-02-26,250.0,250.0,250.0,250.0,2500.0
2019-03-05,250.0,250.0,250.0,250.0,500.0
2019-03-06,250.0,250.0,250.0,250.0,220.0
2019-03-07,250.0,250.0,250.0,250.0,20.0
2019-03-12,250.0,250.0,250.0,250.0,10.0
2019-03-13,250.0,250.0,250.0,250.0,490.0
2019-03-14,250.0,250.0,245.1,245.1,380.0
2019-03-15,240.6,240.6,240.6,240.6,3990.0
2019-03-18,242.5,245.1,242.5,245.1,15030.0
2019-03-19,249.9,253.0,249.9,253.0,800.0
2019-03-20,254.6,254.8,254.6,254.8,150.0
2019-03-21,260.0,280.2,260.0,275.0,27950.0
2019-03-22,275.0,275.0,252.1,252.1,6280.0
2019-03-25,253.0,273.0,253.0,273.0,80.0
2019-03-26,273.0,280.0,271.7,271.7,10680.0
2019-03-27,280.0,280.0,280.0,280.0,400.0
2019-03-28,279.9,280.0,279.9,280.0,14380.0
2019-03-29,282.0,282.0,278.5,280.0,6540.0
2019-04-01,282.0,285.5,282.0,285.5,2280.0
2019-04-02,287.0,292.0,285.2,290.0,20210.0
2019-04-03,290.0,290.0,290.0,290.0,90.0
2019-04-04,292.0,300.0,292.0,300.0,46560.0
2019-04-05,310.0,310.0,301.5,301.5,20.0
2019-04-08,301.5,301.5,301.5,301.5,160.0
2019-04-09,308.5,329.0,308.5,319.2,3210.0
2019-04-10,319.2,325.0,310.1,319.2,41010.0
2019-04-11,319.2,319.2,312.0,312.0,1110.0
2019-04-12,313.0,313.0,313.0,313.0,100.0
2019-04-15,310.0,310.0,310.0,310.0,780.0
2019-04-16,310.1,310.1,310.0,310.0,1650.0
2019-04-18,320.0,325.0,320.0,324.0,100220.0
2019-04-19,330.0,330.0,324.0,330.0,35890.0
2019-04-23,334.0,335.0,333.9,334.5,950.0
2019-04-24,334.5,335.5,334.5,335.5,4400.0
2019-04-25,335.2,338.0,322.0,322.0,4490.0
2019-04-29,331.6,331.6,331.6,331.6,120.0
2019-05-02,330.0,330.0,330.0,330.0,550.0
2019-05-06,330.0,330.0,330.0,330.0,40.0
2019-05-07,330.0,330.0,324.0,324.0,34950.0
2019-05-09,324.0,329.0,292.0,329.0,12330.0
2019-05-15,328.9,328.9,328.9,328.9,2000.0
2019-05-16,325.0,329.0,325.0,329.0,3780.0
2019-05-17,325.0,325.0,325.0,325.0,100.0
2019-05-21,325.0,325.0,325.0,325.0,10000.0
2019-05-23,320.0,320.0,320.0,320.0,20.0
2019-05-24,298.0,298.0,298.0,298.0,130.0
2019-05-27,318.9,318.9,318.9,318.9,100.0
2019-05-28,306.5,315.4,306.5,315.4,4550.0
2019-05-29,306.6,315.0,306.6,315.0,810.0
2019-05-30,330.0,337.5,329.9,335.0,18690.0
2019-05-31,335.0,339.0,331.0,331.0,610.0
2019-06-03,338.8,339.0,338.0,338.0,2050.0
2019-06-10,331.0,331.0,331.0,331.0,400.0
2019-06-11,337.9,337.9,337.9,337.9,110.0
2019-06-14,337.6,337.6,337.5,337.5,1080.0
2019-06-17,337.5,337.5,337.4,337.5,430.0
2019-06-18,337.5,337.5,337.5,337.5,870.0
2019-06-19,337.0,337.0,337.0,337.0,300.0
2019-06-20,332.5,336.5,331.0,336.5,2640.0
2019-06-21,329.0,336.9,329.0,330.0,2640.0
2019-06-25,330.0,330.0,330.0,330.0,21000.0
2019-06-26,330.0,337.0,330.0,337.0,8470.0
2019-06-27,325.5,336.8,325.5,336.8,28500.0
2019-06-28,333.0,336.0,333.0,336.0,1800.0
2019-07-02,330.0,335.0,330.0,330.0,93150.0
2019-07-03,330.0,335.0,330.0,330.0,56630.0
2019-07-05,330.0,330.0,330.0,330.0,1760.0
2019-07-08,330.0,330.0,327.0,327.0,930.0
2019-07-09,327.0,327.0,327.0,327.0,120.0
2019-07-10,329.7,329.7,329.7,329.7,1670.0
2019-07-11,329.8,330.0,329.5,330.0,7370.0
2019-07-15,329.5,329.5,329.5,329.5,50.0
2019-07-16,329.4,329.4,329.4,329.4,10.0
2019-07-17,329.8,330.0,329.8,330.0,17180.0
2019-07-18,329.9,329.9,329.9,329.9,3000.0
2019-07-19,329.0,329.0,327.0,327.0,5240.0
2019-07-23,327.0,327.0,327.0,327.0,120.0
2019-07-24,326.9,326.9,326.9,326.9,60.0
2019-07-25,326.0,329.9,326.0,327.0,1200.0
2019-07-26,326.5,326.5,326.5,326.5,30000.0
2019-07-31,326.0,326.0,326.0,326.0,70.0
2019-08-02,326.0,326.0,326.0,326.0,300.0
2019-08-06,325.0,325.0,325.0,325.0,16000.0
2019-08-08,324.0,324.0,324.0,324.0,50.0
2019-08-09,324.0,324.5,324.0,324.0,10820.0
2019-08-15,324.0,325.0,324.0,325.0,8130.0
2019-08-16,324.5,324.5,324.5,324.5,180.0
2019-08-19,330.0,330.0,330.0,330.0,10.0
2019-08-22,330.0,330.0,330.0,330.0,1040.0
2019-08-26,325.0,325.0,325.0,325.0,6620.0
2019-08-27,327.0,327.0,327.0,327.0,80.0
2019-08-28,330.0,330.0,330.0,330.0,40.0
2019-08-29,329.9,330.0,329.9,330.0,14010.0
2019-08-30,335.0,338.0,335.0,338.0,1260.0
2019-09-03,332.0,332.0,332.0,332.0,150.0
2019-09-04,330.0,330.0,330.0,330.0,1600.0
2019-09-05,330.0,330.0,330.0,330.0,2270.0
2019-09-06,326.0,330.0,322.5,330.0,1150.0
2019-09-09,330.0,330.0,330.0,330.0,150.0
2019-09-10,315.3,315.3,315.3,315.3,10.0
2019-09-12,330.0,334.0,330.0,334.0,67620.0
2019-09-13,335.1,339.9,335.0,335.1,101010.0
2019-09-17,331.1,338.5,331.1,338.5,80.0
2019-09-18,339.5,340.0,335.1,335.1,21090.0
2019-09-19,340.5,342.0,340.5,341.5,35000.0
2019-09-20,341.6,360.0,341.5,360.0,25330.0
2019-09-23,360.0,370.0,360.0,370.0,840.0
2019-09-24,355.0,360.0,351.0,360.0,22030.0
2019-09-25,360.0,360.0,355.0,360.0,42240.0
2019-09-26,360.0,360.0,360.0,360.0,29390.0
2019-09-27,360.0,360.0,360.0,360.0,36730.0
2019-09-30,365.0,365.0,360.0,360.0,3500.0
2019-10-01,365.0,368.0,365.0,368.0,40100.0
2019-10-02,368.0,368.0,368.0,368.0,18640.0
2019-10-03,365.0,365.0,365.0,365.0,260.0
2019-10-04,365.0,365.0,360.3,360.3,2350.0
2019-10-07,362.5,362.5,362.5,362.5,10000.0
2019-10-10,360.1,360.1,360.1,360.1,50.0
2019-10-11,362.5,362.5,362.5,362.5,1900.0
2019-10-14,366.0,372.0,365.0,372.0,41770.0
2019-10-15,373.9,380.0,373.9,380.0,2550.0
2019-10-16,376.6,376.6,364.0,364.0,18480.0
2019-10-17,365.0,365.0,365.0,365.0,15080.0
2019-10-18,365.0,365.0,360.1,360.1,6860.0
2019-10-21,365.0,365.0,365.0,365.0,2100.0
2019-10-25,365.0,365.0,365.0,365.0,20.0
2019-10-28,366.5,366.5,366.5,366.5,60.0
2019-10-30,365.0,365.0,365.0,365.0,20000.0
2019-10-31,366.0,366.0,366.0,366.0,140.0
2019-11-08,365.0,365.0,360.0,365.0,30510.0
2019-11-13,364.8,364.8,364.8,364.8,10.0
2019-11-14,364.0,364.0,364.0,364.0,60.0
2019-11-15,365.0,365.0,365.0,365.0,11400.0
2019-11-19,365.0,365.0,365.0,365.0,8560.0
2019-11-20,365.0,366.0,365.0,366.0,90.0
2019-11-22,369.5,370.0,366.5,366.5,2000.0
2019-11-25,367.5,367.5,367.5,367.5,3530.0
2019-11-26,367.0,368.0,367.0,367.5,16130.0
2019-11-27,367.5,367.5,367.5,367.5,1000.0
2019-11-28,367.6,367.6,367.5,367.5,5420.0
2019-12-03,367.5,367.5,367.5,367.5,20.0
2019-12-04,367.5,370.0,367.5,370.0,13860.0
2019-12-05,370.0,370.0,370.0,370.0,7230.0
2019-12-06,370.0,370.1,370.0,370.0,7940.0
2019-12-09,370.2,370.2,370.2,370.2,5000.0
2019-12-10,374.9,374.9,370.2,370.2,230.0
2019-12-12,374.9,374.9,370.2,370.2,5020.0
2019-12-13,370.3,370.3,370.2,370.2,7580.0
2019-12-16,370.2,370.2,370.2,370.2,5000.0
2019-12-17,370.2,375.0,370.0,375.0,16830.0
2019-12-19,365.3,374.9,365.3,374.9,7170.0
2019-12-20,375.0,375.0,365.4,375.0,34790.0
2019-12-23,375.0,375.0,375.0,375.0,10750.0
2019-12-24,374.9,374.9,374.9,374.9,3660.0
2019-12-25,370.1,374.6,362.6,374.6,300.0
2019-12-26,374.6,374.6,374.6,374.6,450.0
2019-12-27,360.0,360.0,360.0,360.0,10930.0
2019-12-30,374.5,374.5,374.5,374.5,250.0
2019-12-31,374.4,375.0,374.4,375.0,1360.0
2020-01-09,374.0,374.0,374.0,374.0,3000.0
2020-01-10,373.5,373.5,373.5,373.5,20.0
2020-01-14,375.0,375.0,375.0,375.0,30.0
2020-01-15,380.0,380.0,380.0,380.0,25850.0
2020-01-16,385.0,395.1,385.0,395.1,23870.0
2020-01-17,400.0,400.0,398.0,398.9,39510.0
2020-01-20,398.5,398.5,391.0,391.0,2650.0
2020-01-21,395.0,395.0,395.0,395.0,700.0
2020-01-22,395.0,398.5,395.0,398.5,9290.0
2020-01-23,395.0,400.0,395.0,395.2,13400.0
2020-01-24,396.0,396.0,396.0,396.0,100.0
2020-01-27,405.0,410.0,400.0,400.0,1560.0
2020-01-28,400.0,409.8,400.0,409.8,1670.0
2020-01-29,402.5,402.5,402.5,402.5,2000.0
2020-01-30,405.0,410.0,405.0,405.0,12830.0
2020-01-31,406.0,410.1,406.0,410.0,34510.0
2020-02-03,410.0,414.0,410.0,414.0,230.0
2020-02-04,414.0,414.8,414.0,414.8,1060.0
2020-02-06,410.1,410.1,410.1,410.1,4900.0
2020-02-07,410.5,410.5,410.5,410.5,400.0
2020-02-10,414.9,414.9,414.9,414.9,1200.0
2020-02-11,414.9,414.9,414.9,414.9,150.0
2020-02-12,410.5,410.5,410.0,410.0,13160.0
2020-02-14,410.0,410.0,410.0,410.0,17970.0
2020-02-17,414.9,414.9,410.0,410.0,200.0
2020-02-18,410.0,410.0,410.0,410.0,420.0
2020-02-19,410.0,410.0,410.0,410.0,60.0
2020-02-20,412.0,413.0,412.0,413.0,3480.0
2020-02-21,413.0,413.0,413.0,413.0,1650.0
2020-02-24,410.1,410.1,410.1,410.1,330.0
2020-02-25,410.1,414.9,410.0,414.9,3510.0
2020-02-26,410.3,410.3,410.1,410.1,170.0
2020-02-27,410.1,410.1,410.0,410.1,6640.0
2020-02-28,410.0,410.0,410.0,410.0,3190.0
2020-03-03,405.1,405.1,405.1,405.1,400.0
2020-03-05,405.0,405.0,405.0,405.0,300.0
2020-03-06,390.0,390.0,390.0,390.0,510.0
2020-03-09,390.0,390.0,351.1,351.1,4790.0
2020-03-10,370.0,370.0,360.6,360.6,270.0
2020-03-11,365.0,365.0,365.0,365.0,510.0
2020-03-12,365.0,365.0,330.0,330.0,1480.0
2020-03-13,330.0,330.0,301.1,320.0,20410.0
2020-03-16,310.5,310.5,289.5,290.0,15990.0
2020-03-17,278.5,278.5,278.5,278.5,320.0
2020-03-18,267.5,272.6,267.4,267.4,1830.0
2020-03-19,256.8,278.0,256.8,278.0,15420.0
2020-03-20,278.1,289.1,278.1,289.1,1370.0
2020-03-23,290.3,300.6,290.3,300.6,130.0
2020-03-24,312.6,312.6,312.6,312.6,13020.0
2020-03-25,315.0,320.0,315.0,315.0,4240.0
2020-03-26,315.4,320.0,315.3,320.0,550.0
2020-03-27,318.0,320.1,317.0,320.0,2030.0
2020-03-30,332.7,332.7,332.7,332.7,190.0
2020-03-31,345.0,345.0,333.5,343.0,4250.0
2020-04-02,350.0,350.0,350.0,350.0,19220.0
2020-04-03,351.0,351.0,336.1,336.1,2470.0
2020-04-06,339.5,339.5,339.0,339.0,200.0
2020-04-07,349.9,349.9,349.9,349.9,250.0
2020-04-10,336.0,336.0,336.0,336.0,330.0
2020-04-13,336.0,336.0,336.0,336.0,200.0
2020-04-14,336.0,336.0,333.0,333.0,24120.0
2020-04-15,339.0,339.0,335.1,335.1,6720.0
2020-04-16,339.0,339.0,339.0,339.0,23370.0
2020-04-17,333.0,339.0,333.0,339.0,23150.0
2020-04-20,339.0,339.0,333.0,339.0,30260.0
2020-04-21,339.0,339.0,339.0,339.0,510.0
2020-04-22,339.0,339.1,339.0,339.0,10150.0
2020-04-23,339.0,339.0,339.0,339.0,200.0
2020-04-28,339.1,340.0,339.0,340.0,270.0
2020-04-29,340.0,340.0,340.0,340.0,60.0
2020-04-30,350.0,350.0,350.0,350.0,5610.0
2020-05-05,351.0,363.9,351.0,363.9,3420.0
2020-05-07,370.0,370.0,370.0,370.0,22100.0
2020-05-12,380.0,380.0,372.5,372.5,31430.0
2020-05-14,375.0,375.0,375.0,375.0,10000.0
2020-05-15,375.0,375.0,375.0,375.0,360.0
2020-05-18,379.9,379.9,379.9,379.9,10.0
2020-05-19,376.0,383.5,376.0,383.5,4710.0
2020-05-20,380.0,383.5,380.0,383.5,1160.0
2020-05-21,383.8,383.8,383.8,383.8,50.0
2020-05-22,398.9,399.1,398.9,399.1,21140.0
2020-05-26,400.4,414.8,400.4,405.0,20820.0
2020-05-27,405.0,410.0,405.0,408.0,28180.0
2020-05-28,405.0,413.0,405.0,410.0,50850.0
2020-05-29,415.0,426.0,415.0,426.0,18760.0
2020-06-01,426.0,426.0,426.0,426.0,850.0
2020-06-02,420.0,430.0,420.0,430.0,16280.0
2020-06-03,430.0,430.0,430.0,430.0,1010.0
2020-06-04,434.0,447.0,434.0,440.0,33420.0
2020-06-05,440.0,445.0,430.0,430.0,2420.0
2020-06-08,430.0,430.0,430.0,430.0,3650.0
2020-06-09,430.0,430.0,430.0,430.0,1330.0
2020-06-10,430.0,430.0,422.0,422.0,2900.0
2020-06-11,415.0,415.0,408.0,410.0,2080.0
2020-06-12,412.1,412.1,410.0,410.2,1920.0
2020-06-15,410.8,426.6,410.8,410.8,2790.0
2020-06-16,427.0,427.2,427.0,427.2,1400.0
2020-06-17,440.0,444.2,440.0,444.0,730.0
2020-06-18,443.8,443.8,443.8,443.8,50.0
2020-06-19,435.0,435.0,435.0,435.0,120.0
2020-06-22,425.0,425.0,420.0,425.0,70.0
2020-06-23,425.0,433.3,425.0,433.3,14040.0
2020-06-24,439.9,440.1,439.9,440.1,6830.0
2020-06-25,443.7,444.9,443.7,444.9,3540.0
2020-06-26,444.9,444.9,440.0,440.0,1600.0
2020-06-29,449.4,449.6,449.4,449.6,100.0
2020-06-30,449.0,449.0,449.0,449.0,20.0
2020-07-01,448.9,449.0,448.9,449.0,70.0
2020-07-02,445.0,445.0,445.0,445.0,1000.0
2020-07-03,440.0,440.0,440.0,440.0,1050.0
2020-07-08,431.5,439.9,431.5,439.9,1350.0
2020-07-09,440.0,440.2,440.0,440.2,27750.0
2020-07-10,435.0,435.0,435.0,435.0,1000.0
2020-07-13,430.0,430.0,430.0,430.0,180.0
2020-07-16,430.5,430.5,430.0,430.0,1060.0
2020-07-20,430.0,430.0,430.0,430.0,6490.0
2020-07-24,435.0,435.0,435.0,435.0,50.0
2020-07-28,420.0,420.0,420.0,420.0,100.0
2020-07-29,403.5,433.5,403.5,410.1,950.0
2020-08-03,410.0,410.0,410.0,410.0,810.0
2020-08-04,410.0,410.0,410.0,410.0,21000.0
2020-08-06,420.0,425.0,420.0,425.0,590.0
2020-08-07,430.0,435.0,430.0,430.1,2050.0
2020-08-11,445.0,445.0,445.0,445.0,30.0
2020-08-17,445.0,445.0,431.0,431.0,1140.0
2020-08-18,431.0,431.0,431.0,431.0,5220.0
2020-08-19,431.0,431.0,431.0,431.0,30.0
2020-08-24,444.0,448.0,439.1,439.1,1500.0
2020-08-25,442.0,442.0,442.0,442.0,1320.0
2020-08-26,447.4,450.0,447.4,450.0,2550.0
2020-08-27,445.4,458.9,445.0,458.9,22870.0
2020-08-28,445.7,458.9,445.1,445.1,1460.0
2020-08-31,445.5,445.5,445.0,445.0,440.0
2020-09-01,445.1,446.0,445.0,446.0,220.0
2020-09-02,449.9,460.0,449.9,460.0,22510.0
2020-09-03,478.3,478.3,478.3,478.3,220.0
2020-09-04,460.0,460.0,460.0,460.0,80.0
2020-09-07,477.6,477.6,477.6,477.6,100.0
2020-09-08,470.0,475.0,470.0,475.0,50.0
2020-09-09,474.9,474.9,474.9,474.9,10.0
2020-09-10,470.0,475.0,470.0,475.0,1430.0
2020-09-11,470.0,478.0,470.0,473.1,3000.0
2020-09-15,473.1,475.1,470.0,475.0,4600.0
2020-09-17,475.0,477.0,475.0,477.0,5110.0
2020-09-18,477.0,477.0,477.0,477.0,5000.0
2020-09-21,479.0,479.0,472.0,472.0,1020.0
2020-09-22,472.0,472.0,472.0,472.0,1420.0
2020-09-23,472.0,472.0,472.0,472.0,5400.0
2020-09-24,470.0,470.0,470.0,470.0,10270.0
2020-09-25,470.0,470.0,470.0,470.0,10030.0
2020-09-28,470.0,470.0,470.0,470.0,200.0
2020-09-29,472.0,472.0,470.0,470.0,3320.0
2020-10-01,470.0,475.0,470.0,475.0,17210.0
2020-10-05,475.0,480.0,475.0,480.0,24800.0
2020-10-07,480.0,480.0,477.5,480.0,9630.0
2020-10-08,485.0,485.0,480.0,480.0,1270.0
2020-10-12,484.8,484.8,484.7,484.8,300.0
2020-10-14,480.1,480.2,480.1,480.2,200.0
2020-10-15,485.0,485.0,484.5,485.0,3300.0
2020-10-16,490.0,490.0,490.0,490.0,530.0
2020-10-20,485.2,490.0,485.2,490.0,510.0
2020-10-21,494.5,500.2,494.5,500.0,10940.0
2020-10-22,509.9,509.9,500.2,500.2,1700.0
2020-10-23,500.5,500.5,500.5,500.5,460.0
2020-10-26,501.1,501.1,500.0,500.0,10130.0
2020-10-27,500.1,500.3,500.1,500.3,9610.0
2020-10-28,500.5,500.5,500.2,500.2,50.0
2020-11-02,500.2,500.2,500.2,500.2,50.0
2020-11-03,500.3,505.0,500.2,505.0,5590.0
2020-11-05,500.3,500.3,500.3,500.3,10.0
2020-11-09,520.3,520.3,520.3,520.3,8750.0
2020-11-10,521.0,525.0,521.0,521.5,5360.0
2020-11-12,521.5,540.0,520.0,520.0,740.0
2020-11-13,510.5,519.9,510.5,519.9,20.0
2020-11-16,519.9,530.0,519.9,530.0,1050.0
2020-11-17,530.0,530.0,525.0,525.0,82490.0
2020-11-19,525.0,525.0,525.0,525.0,10.0
2020-11-20,525.0,525.0,525.0,525.0,2500.0
2020-11-23,530.0,540.0,530.0,540.0,510.0
2020-11-24,549.5,549.5,549.5,549.5,20.0
2020-11-25,538.6,560.0,538.6,560.0,8690.0
2020-11-26,565.0,579.9,565.0,579.9,8820.0
2020-11-27,565.1,575.0,565.1,575.0,1350.0
2020-11-30,572.0,584.0,572.0,584.0,15720.0
2020-12-01,575.0,585.0,575.0,584.0,8040.0
2020-12-02,580.0,583.5,580.0,580.0,5600.0
2020-12-03,580.0,585.0,580.0,585.0,66870.0
2020-12-04,580.1,580.1,580.0,580.0,9780.0
2020-12-07,580.4,583.0,580.0,580.0,19280.0
2020-12-08,580.0,580.0,580.0,580.0,4000.0
2020-12-09,580.0,580.2,580.0,580.2,5910.0
2020-12-10,585.0,600.0,585.0,590.0,12290.0
2020-12-11,613.5,613.5,613.5,613.5,1970.0
2020-12-14,620.0,632.3,620.0,632.3,1020.0
2020-12-15,644.0,655.0,644.0,655.0,13810.0
2020-12-16,644.0,659.5,644.0,650.0,14600.0
2020-12-17,660.0,670.0,659.9,660.0,7170.0
2020-12-18,659.5,659.5,659.5,659.5,1950.0
2020-12-21,659.9,659.9,635.0,635.0,420.0
2020-12-22,619.0,641.5,619.0,636.1,2810.0
2020-12-23,640.0,640.0,640.0,640.0,5030.0
2020-12-24,639.0,639.0,637.9,638.0,8380.0
2020-12-25,638.0,638.0,625.3,625.3,1620.0
2020-12-30,600.3,639.0,600.3,639.0,1500.0
2020-12-31,649.0,649.0,649.0,649.0,1960.0
2021-01-04,649.0,660.0,649.0,660.0,4640.0
2021-01-05,655.5,656.0,655.0,655.0,700.0
2021-01-06,650.1,652.0,650.0,652.0,290.0
2021-01-07,652.0,652.0,652.0,652.0,20.0
2021-01-08,668.8,669.0,668.0,668.5,1770.0
2021-01-12,670.0,670.0,670.0,670.0,30.0
2021-01-13,660.0,660.0,660.0,660.0,150.0
2021-01-14,652.5,652.5,652.5,652.5,8290.0
2021-01-15,659.8,659.9,658.2,659.5,850.0
2021-01-18,659.8,659.9,649.6,659.9,370.0
2021-01-19,659.5,660.0,659.5,660.0,26060.0
2021-01-20,649.8,649.8,646.9,646.9,60.0
2021-01-21,659.0,660.0,659.0,660.0,580.0
2021-01-22,648.0,659.8,648.0,659.8,5650.0
2021-01-26,650.0,659.0,650.0,659.0,1550.0
2021-01-27,650.0,650.0,640.0,640.0,7010.0
2021-01-28,641.1,641.1,631.0,631.0,1400.0
2021-01-29,641.0,650.0,641.0,650.0,12630.0
2021-02-01,650.0,660.0,650.0,660.0,660.0
2021-02-02,660.0,660.0,660.0,660.0,900.0
2021-02-03,660.0,666.0,660.0,660.0,1580.0
2021-02-04,660.0,670.0,653.0,653.0,10870.0
2021-02-05,660.0,660.0,660.0,660.0,3400.0
2021-02-10,686.3,686.3,673.0,673.0,13140.0
2021-02-11,675.0,679.9,673.0,673.0,1320.0
2021-02-12,685.0,685.0,678.0,678.0,33180.0
2021-02-15,678.0,688.0,678.0,688.0,410.0
2021-02-18,678.0,678.0,673.0,673.0,6480.0
2021-02-19,660.6,660.6,660.0,660.0,90.0
2021-02-22,670.0,673.9,670.0,673.9,390.0
2021-02-24,661.0,673.9,661.0,673.9,3760.0
2021-02-25,673.0,673.0,665.0,665.0,1520.0
2021-02-26,665.1,670.0,665.0,670.0,2370.0
2021-03-01,665.0,665.0,665.0,665.0,3350.0
2021-03-02,665.0,665.0,665.0,665.0,170.0
2021-03-03,678.0,678.0,678.0,678.0,20.0
2021-03-04,660.1,660.1,660.0,660.0,2520.0
2021-03-05,660.0,660.0,659.9,659.9,1420.0
2021-03-08,660.0,660.0,660.0,660.0,10.0
2021-03-09,660.0,660.0,659.5,659.5,3060.0
2021-03-12,650.0,650.0,650.0,650.0,3390.0
2021-03-15,650.5,650.6,650.0,650.0,3920.0
2021-03-16,645.0,645.0,645.0,645.0,70.0
2021-03-17,644.2,644.2,634.1,634.1,110.0
2021-03-18,640.0,640.0,640.0,640.0,7080.0
2021-03-19,630.0,630.0,630.0,630.0,150.0
2021-03-22,623.0,623.0,623.0,623.0,120.0
2021-03-23,623.0,623.0,623.0,623.0,20.0
2021-03-24,615.0,615.0,603.0,603.1,43720.0
2021-03-25,603.0,603.0,603.0,603.0,3280.0
2021-03-29,603.5,603.5,600.0,600.0,7220.0
2021-03-30,598.0,598.0,580.0,580.0,10870.0
2021-03-31,580.0,580.0,580.0,580.0,2520.0
2021-04-01,580.0,585.0,579.9,579.9,1160.0
2021-04-02,580.0,580.0,580.0,580.0,30.0
2021-04-05,570.0,580.0,570.0,580.0,1240.0
2021-04-06,591.0,591.0,579.2,579.2,5090.0
2021-04-07,580.0,580.0,580.0,580.0,20.0
2021-04-08,588.0,590.0,588.0,590.0,30.0
2021-04-09,580.0,580.0,580.0,580.0,15020.0
2021-04-13,580.0,580.0,580.0,580.0,15040.0
2021-04-14,580.0,580.0,580.0,580.0,19990.0
2021-04-15,580.0,580.0,580.0,580.0,90.0
2021-04-16,585.0,600.0,580.0,600.0,1730.0
2021-04-19,600.0,600.0,600.0,600.0,340.0
2021-04-20,600.1,600.1,590.0,590.0,21180.0
2021-04-22,590.0,590.0,590.0,590.0,2030.0
2021-04-23,595.0,595.0,590.0,590.0,5810.0
2021-04-26,590.0,590.0,590.0,590.0,5000.0
2021-04-27,599.9,599.9,599.9,599.9,90.0
2021-04-29,599.9,599.9,599.9,599.9,50.0
2021-04-30,599.9,600.0,599.9,600.0,16720.0
2021-05-03,600.0,600.0,600.0,600.0,40.0
2021-05-04,600.0,600.0,600.0,600.0,10.0
2021-05-05,595.0,595.0,595.0,595.0,16560.0
2021-05-06,595.0,595.0,590.0,590.0,10080.0
2021-05-07,595.0,600.0,595.0,600.0,12580.0
2021-05-10,600.0,600.0,600.0,600.0,500.0
2021-05-11,600.0,600.0,600.0,600.0,5000.0
2021-05-12,600.0,600.0,600.0,600.0,750.0
2021-05-17,615.0,615.0,600.0,600.0,2870.0
2021-05-18,600.1,605.0,600.1,605.0,10790.0
2021-05-19,605.0,605.0,605.0,605.0,1500.0
2021-05-20,610.0,610.0,594.1,594.1,7530.0
2021-05-21,605.0,605.0,605.0,605.0,10000.0
2021-05-25,593.0,593.0,593.0,593.0,10.0
2021-05-26,605.0,610.0,595.0,605.0,68700.0
2021-05-27,610.0,615.0,610.0,615.0,3980.0
2021-05-28,605.0,605.0,605.0,605.0,200.0
2021-05-31,610.0,610.0,599.1,599.1,3100.0
2021-06-01,599.2,599.2,599.2,599.2,30.0
2021-06-02,605.0,610.0,605.0,610.0,10050.0
2021-06-03,620.0,634.3,620.0,634.3,65380.0
2021-06-04,640.0,659.6,640.0,659.6,61410.0
2021-06-07,660.0,670.0,647.0,670.0,25800.0
2021-06-08,675.0,680.0,673.0,675.0,21590.0
2021-06-09,680.0,680.0,670.1,677.9,4170.0
2021-06-10,675.0,675.0,674.0,674.0,6500.0
2021-06-11,670.0,670.0,665.0,665.0,4130.0
2021-06-14,666.5,666.5,666.5,666.5,36720.0
2021-06-16,661.5,661.5,660.0,660.0,33650.0
2021-06-17,659.9,659.9,659.9,659.9,10.0
2021-06-18,655.0,655.0,655.0,655.0,4500.0
2021-06-21,659.8,660.0,659.8,660.0,410.0
2021-06-22,658.0,666.4,658.0,666.4,92640.0
2021-06-23,669.0,669.0,665.0,665.0,12710.0
2021-06-24,663.6,663.6,663.6,663.6,3000.0
2021-06-25,662.9,662.9,660.0,660.0,9260.0
2021-06-28,660.0,660.0,660.0,660.0,30.0
2021-06-29,650.0,650.0,645.0,645.0,50.0
2021-06-30,645.1,649.9,645.0,645.0,17920.0
2021-07-01,649.9,649.9,645.0,645.1,15110.0
2021-07-02,645.0,660.0,645.0,660.0,2500.0
2021-07-05,646.3,658.9,646.3,656.0,6660.0
2021-07-06,645.0,645.0,640.0,640.1,50.0
2021-07-07,655.9,660.0,655.9,660.0,130.0
2021-07-08,651.0,658.5,650.0,658.5,3170.0
2021-07-09,650.0,658.4,650.0,658.4,2040.0
2021-07-12,645.0,645.0,640.0,643.0,100.0
2021-07-13,643.0,645.0,643.0,645.0,43040.0
2021-07-15,640.0,640.0,640.0,640.0,400.0
2021-07-16,640.0,640.0,640.0,640.0,1670.0
2021-07-23,640.1,655.0,640.1,655.0,20.0
2021-07-26,640.0,640.0,640.0,640.0,70.0
2021-07-27,642.5,642.5,640.0,640.0,2370.0
2021-07-28,640.0,640.0,631.0,640.0,8520.0
2021-08-02,634.0,634.0,634.0,634.0,2100.0
2021-08-03,640.0,640.0,640.0,640.0,6780.0
2021-08-04,640.0,640.0,640.0,640.0,760.0
2021-08-06,660.0,660.0,660.0,660.0,4070.0
2021-08-13,651.5,669.9,651.5,669.9,4390.0
2021-08-16,660.0,660.0,660.0,660.0,20.0
2021-08-17,646.0,650.1,646.0,650.0,260.0
2021-08-23,667.0,667.0,667.0,667.0,1460.0
2021-08-24,660.0,660.0,660.0,660.0,40.0
2021-08-25,667.0,667.0,667.0,667.0,370.0
2021-08-26,667.0,667.0,666.9,667.0,2410.0
2021-08-27,667.0,667.0,667.0,667.0,1450.0
2021-08-30,667.0,667.0,667.0,667.0,1590.0
2021-08-31,665.0,665.0,664.5,665.0,3480.0
2021-09-01,665.0,665.0,665.0,665.0,650.0
2021-09-03,660.0,665.0,660.0,665.0,5880.0
2021-09-06,660.0,660.0,660.0,660.0,1920.0
2021-09-07,660.0,668.3,660.0,668.3,47100.0
2021-09-08,670.0,670.0,670.0,670.0,3000.0
2021-09-09,680.0,680.0,680.0,680.0,3980.0
2021-09-10,679.9,684.9,679.9,684.9,51250.0
2021-09-13,680.0,689.8,680.0,680.0,39170.0
2021-09-16,680.0,680.1,680.0,680.1,2310.0
2021-09-17,707.0,707.0,707.0,707.0,430.0
2021-09-20,690.0,690.0,690.0,690.0,15220.0
2021-09-23,690.0,690.0,690.0,690.0,90.0
2021-09-24,677.0,690.0,674.0,690.0,13480.0
2021-09-27,685.0,685.0,685.0,685.0,15530.0
2021-09-28,671.5,671.5,671.5,671.5,40.0
2021-09-29,680.0,680.0,680.0,680.0,250.0
2021-09-30,680.0,689.0,680.0,689.0,9800.0
2021-10-01,689.0,690.0,689.0,690.0,2340.0
2021-10-04,689.0,690.0,689.0,690.0,3000.0
2021-10-06,689.9,690.0,689.0,690.0,7470.0
2021-10-07,690.0,690.0,690.0,690.0,1030.0
2021-10-08,690.0,699.9,690.0,699.9,12640.0
2021-10-11,691.0,691.0,691.0,691.0,6250.0
2021-10-13,691.0,695.0,691.0,691.0,8290.0
2021-10-14,709.9,709.9,709.9,709.9,1150.0
2021-10-15,691.0,715.0,691.0,710.0,2910.0
2021-10-18,691.5,695.0,685.0,695.0,2850.0
2021-10-21,696.0,700.0,696.0,700.0,3400.0
2021-10-22,700.0,700.0,700.0,700.0,4000.0
2021-10-25,700.0,700.1,700.0,700.0,3300.0
2021-10-26,705.0,715.0,705.0,715.0,6260.0
2021-10-27,710.0,715.0,710.0,715.0,5620.0
2021-10-28,714.5,717.5,714.5,717.5,4460.0
2021-10-29,696.0,719.5,696.0,719.5,5620.0
2021-11-04,705.0,705.0,705.0,705.0,30540.0
2021-11-05,690.1,705.0,690.1,705.0,530.0
2021-11-10,695.0,700.0,695.0,700.0,2780.0
2021-11-11,690.0,690.0,690.0,690.0,1140.0
2021-11-12,685.0,685.0,685.0,685.0,2500.0
2021-11-16,680.0,680.0,680.0,680.0,2010.0
2021-11-19,680.1,685.0,680.1,685.0,3950.0
2021-11-23,681.0,681.0,680.0,680.0,80.0
2021-11-24,690.0,690.0,690.0,690.0,1730.0
2021-11-26,669.4,669.4,669.4,669.4,2770.0
2021-11-29,660.1,660.1,660.1,660.1,520.0
2021-11-30,690.0,690.0,690.0,690.0,4520.0
2021-12-01,690.0,690.0,690.0,690.0,550.0
2021-12-03,690.0,690.0,689.0,689.0,1760.0
2021-12-08,689.0,689.0,689.0,689.0,10.0
2021-12-09,689.0,690.0,689.0,689.0,3260.0
2021-12-10,689.0,689.0,689.0,689.0,4570.0
2021-12-14,678.0,685.0,678.0,685.0,910.0
2021-12-15,680.0,680.0,678.0,678.0,240.0
2021-12-16,678.0,678.0,678.0,678.0,70.0
2021-12-17,695.0,695.0,695.0,695.0,1000.0
2021-12-24,678.5,700.0,678.5,700.0,12140.0
2021-12-27,695.0,695.0,695.0,695.0,10000.0
2021-12-30,694.9,694.9,694.9,694.9,100.0
2021-12-31,690.0,698.5,678.0,678.0,730.0
2022-01-03,678.0,678.0,678.0,678.0,3650.0
2022-01-05,675.0,678.0,675.0,678.0,1590.0
2022-01-06,678.0,678.0,678.0,678.0,100.0
2022-01-07,675.0,675.0,670.0,675.0,3200.0
2022-01-10,675.0,675.0,675.0,675.0,70.0
2022-01-12,675.0,690.0,675.0,690.0,6500.0
2022-01-14,689.0,699.9,689.0,699.9,7130.0
2022-01-17,700.0,700.0,700.0,700.0,20.0
2022-01-19,691.1,691.1,690.0,690.0,140.0
2022-01-21,680.0,690.0,680.0,690.0,10480.0
2022-01-24,679.0,680.0,679.0,680.0,6200.0
2022-01-26,677.0,677.0,675.0,675.0,250.0
2022-01-27,675.0,680.0,675.0,680.0,2300.0
2022-01-28,689.8,689.8,689.8,689.8,370.0
2022-02-02,680.0,680.0,670.5,670.5,20.0
2022-02-03,670.2,670.2,670.0,670.0,52310.0
2022-02-04,670.0,670.0,670.0,670.0,3450.0
2022-02-07,670.0,670.0,670.0,670.0,4630.0
2022-02-08,670.0,670.0,666.0,666.0,1410.0
2022-02-09,665.3,665.3,663.2,663.2,20.0
2022-02-11,663.2,663.2,663.1,663.1,320.0
2022-02-14,663.0,663.0,663.0,663.0,160.0
2022-02-15,660.0,660.0,660.0,660.0,8220.0
2022-02-18,685.0,685.0,685.0,685.0,500.0
2022-02-21,680.0,680.0,644.0,644.0,500.0
2022-02-22,644.0,644.0,644.0,644.0,1690.0
2022-02-24,605.4,605.4,605.4,605.4,60.0
2022-02-25,605.0,620.0,605.0,620.0,6050.0
2022-02-28,615.0,617.2,615.0,615.0,17020.0
2022-03-01,620.0,620.0,616.0,616.0,340.0
2022-03-04,610.0,610.0,610.0,610.0,4140.0
2022-03-07,610.0,610.0,590.0,590.0,31570.0
2022-03-08,590.0,590.0,590.0,590.0,31140.0
2022-03-09,590.0,595.0,590.0,590.4,1380.0
2022-03-10,590.0,595.0,590.0,595.0,54130.0
2022-03-11,595.0,600.0,590.0,600.0,11600.0
2022-03-15,600.5,600.5,600.5,600.5,200.0
2022-03-16,600.5,600.5,600.5,600.5,90.0
2022-03-17,591.0,591.0,590.0,590.0,18630.0
2022-03-18,610.0,610.0,600.0,600.0,3010.0
2022-03-22,605.0,605.0,600.2,600.2,1570.0
2022-03-23,601.0,601.0,592.8,592.8,690.0
2022-03-24,593.0,593.0,593.0,593.0,1820.0
2022-03-25,600.0,600.0,600.0,600.0,3220.0
2022-03-28,600.9,601.0,600.0,600.0,320.0
2022-03-29,605.0,605.0,600.0,600.0,7460.0
2022-03-30,609.9,610.0,600.0,600.0,70.0
2022-03-31,610.0,610.0,610.0,610.0,190.0
2022-04-01,610.0,620.0,610.0,620.0,590.0
2022-04-04,620.0,620.0,620.0,620.0,1570.0
2022-04-07,624.9,624.9,624.0,624.0,3440.0
2022-04-08,630.0,630.0,630.0,630.0,800.0
2022-04-13,630.0,635.0,630.0,635.0,320.0
2022-04-14,635.0,635.0,635.0,635.0,9820.0
2022-04-15,630.5,638.0,622.0,638.0,2000.0
2022-04-19,638.0,638.0,638.0,638.0,7280.0
2022-04-20,638.0,638.0,638.0,638.0,8280.0
2022-04-21,638.0,640.0,638.0,640.0,5540.0
2022-04-22,638.0,645.0,630.0,645.0,20440.0
2022-04-25,640.0,640.0,630.0,630.0,1260.0
2022-04-26,640.0,640.0,640.0,640.0,280.0
2022-04-29,611.1,637.9,611.1,637.9,680.0
2022-05-05,637.9,637.9,637.9,637.9,70.0
2022-05-06,620.1,625.0,620.1,625.0,30.0
2022-05-10,620.1,620.1,620.0,620.0,15020.0
2022-05-11,619.9,619.9,600.0,600.0,180.0
2022-05-12,600.1,600.1,600.1,600.1,80.0
2022-05-13,600.1,620.0,600.1,620.0,730.0
2022-05-16,600.3,600.3,600.3,600.3,200.0
2022-05-17,607.5,607.5,607.5,607.5,1470.0
2022-05-19,609.0,609.0,604.1,604.1,26180.0
2022-05-20,600.3,600.3,600.2,600.2,1420.0
2022-05-24,600.0,600.0,600.0,600.0,30.0
2022-05-25,600.0,618.5,564.1,618.5,150.0
2022-06-02,590.0,618.5,590.0,618.5,80.0
2022-06-03,618.3,618.3,618.3,618.3,4430.0
2022-06-07,581.3,582.1,581.3,582.1,520.0
2022-06-09,605.0,610.0,605.0,605.0,1820.0
2022-06-10,615.0,615.0,615.0,615.0,1300.0
2022-06-13,583.0,583.0,583.0,583.0,160.0
2022-06-14,585.0,585.1,585.0,585.0,1170.0
2022-06-15,550.0,550.0,550.0,550.0,23760.0
2022-06-16,555.0,555.0,555.0,555.0,10080.0
2022-06-17,555.0,588.2,555.0,588.2,20140.0
2022-06-22,605.7,605.7,554.0,554.0,650.0
2022-06-23,570.0,570.0,570.0,570.0,8000.0
2022-06-24,570.0,570.0,538.0,538.0,17940.0
2022-06-29,547.4,547.4,538.0,538.1,4960.0
2022-06-30,540.0,540.0,540.0,540.0,1460.0
2022-07-06,540.0,540.0,540.0,540.0,60.0
2022-07-07,545.0,545.0,545.0,545.0,1030.0
2022-07-08,530.1,530.1,530.0,530.0,20.0
2022-07-12,530.0,530.0,530.0,530.0,200.0
2022-07-18,535.0,535.0,535.0,535.0,220.0
2022-07-19,535.0,535.0,535.0,535.0,18920.0
2022-07-21,540.0,540.0,535.0,535.0,3290.0
2022-07-25,535.0,535.1,535.0,535.1,200.0
2022-07-26,535.1,535.1,535.1,535.1,2540.0
2022-07-27,535.1,535.1,535.1,535.1,600.0
2022-08-02,535.0,535.0,535.0,535.0,20080.0
2022-08-03,540.0,540.1,540.0,540.0,17850.0
2022-08-04,545.0,545.0,545.0,545.0,10000.0
2022-08-05,550.0,566.0,550.0,566.0,570.0
2022-08-08,599.9,599.9,599.9,599.9,340.0
2022-08-10,564.1,564.1,564.1,564.1,490.0
2022-08-11,580.0,580.0,580.0,580.0,10900.0
2022-08-12,580.2,607.5,580.0,607.5,5940.0
2022-08-15,607.5,607.5,600.3,600.3,310.0
2022-08-16,606.0,606.0,600.3,600.3,750.0
2022-08-17,610.0,610.0,610.0,610.0,50.0
2022-08-19,602.0,602.0,602.0,602.0,10.0
2022-08-22,582.0,582.0,582.0,582.0,20.0
2022-08-23,590.0,600.0,590.0,600.0,1620.0
2022-08-24,595.0,595.0,595.0,595.0,18230.0
2022-08-25,590.1,600.0,590.1,600.0,8290.0
2022-08-26,600.0,600.0,600.0,600.0,1090.0
2022-08-30,615.0,615.0,615.0,615.0,240.0
2022-08-31,615.0,615.0,600.0,600.0,4720.0
2022-09-07,605.0,610.0,605.0,610.0,3420.0
2022-09-08,610.0,610.0,600.1,600.5,3790.0
2022-09-09,610.0,610.0,610.0,610.0,2600.0
2022-09-14,600.1,600.1,600.1,600.1,40.0
2022-09-15,610.0,610.0,608.0,608.0,1500.0
2022-09-22,614.0,615.0,610.0,610.0,1330.0
2022-09-23,619.5,646.5,619.5,646.5,7250.0
2022-09-26,674.9,674.9,650.0,650.0,19840.0
2022-09-27,655.0,655.5,650.0,654.0,23620.0
2022-09-28,650.0,650.0,640.0,640.0,19120.0
2022-09-29,640.0,648.0,640.0,648.0,530.0
2022-09-30,643.0,643.0,640.0,640.0,9340.0
2022-10-03,640.0,640.0,640.0,640.0,8820.0
2022-10-04,639.0,645.0,639.0,645.0,490.0
2022-10-05,650.0,650.0,650.0,650.0,17800.0
2022-10-06,650.0,655.0,650.0,655.0,5890.0
2022-10-07,655.0,670.0,655.0,670.0,160.0
2022-10-13,650.5,660.0,639.0,660.0,2030.0
2022-10-14,659.6,660.0,659.6,660.0,160.0
2022-10-17,639.0,665.0,639.0,665.0,190.0
2022-10-20,640.5,660.0,640.5,650.0,750.0
2022-10-21,650.0,650.0,630.6,648.0,5820.0
2022-10-27,645.0,649.4,640.0,649.4,17800.0
2022-10-28,658.0,658.0,658.0,658.0,500.0
2022-11-01,641.0,641.0,641.0,641.0,5000.0
2022-11-02,643.5,643.5,640.0,640.0,7900.0
2022-11-03,640.0,640.0,640.0,640.0,11980.0
2022-11-04,650.0,650.0,630.0,640.0,2150.0
2022-11-08,640.0,640.0,640.0,640.0,3920.0
2022-11-09,626.0,640.0,626.0,640.0,50.0
2022-11-11,626.1,638.5,626.1,638.5,8010.0
2022-11-15,630.0,636.9,630.0,636.9,170.0
2022-11-16,630.0,637.9,630.0,635.0,1730.0
2022-11-17,635.0,635.0,635.0,635.0,6340.0
2022-11-21,635.0,635.0,635.0,635.0,150.0
2022-11-22,635.0,635.0,635.0,635.0,60.0
2022-11-23,634.9,634.9,634.8,634.8,120.0
2022-11-25,634.8,634.8,634.8,634.8,60.0
2022-11-28,626.2,632.5,626.2,631.8,420.0
2022-11-29,631.8,631.8,631.0,631.0,750.0
2022-11-30,629.0,629.0,626.1,626.1,580.0
2022-12-01,635.0,635.0,630.0,630.9,560.0
2022-12-02,629.9,629.9,629.9,629.9,570.0
2022-12-05,630.0,630.0,630.0,630.0,90.0
2022-12-06,633.0,633.0,630.0,630.0,570.0
2022-12-07,633.0,640.0,633.0,640.0,210.0
2022-12-08,640.0,640.0,639.5,639.5,310.0
2022-12-09,639.0,639.0,630.0,630.0,420.0
2022-12-12,630.0,630.0,615.0,629.9,580.0
2022-12-13,630.0,630.0,630.0,630.0,690.0
2022-12-14,629.9,630.0,616.0,616.0,460.0
2022-12-15,630.0,630.0,616.0,616.0,510.0
2022-12-16,629.5,629.9,629.5,629.9,180.0
2022-12-19,615.0,615.0,615.0,615.0,1000.0
2022-12-20,600.0,600.0,600.0,600.0,2000.0
2022-12-23,600.0,600.0,600.0,600.0,1020.0
2022-12-27,600.0,600.0,600.0,600.0,1060.0
2022-12-28,595.0,630.0,590.0,630.0,8150.0
2022-12-29,615.0,615.0,615.0,615.0,22000.0
2022-12-30,596.6,650.0,596.6,650.0,58410.0
2023-01-02,630.0,630.0,630.0,630.0,580.0
2023-01-03,630.0,650.0,630.0,650.0,620.0
2023-01-04,650.0,650.0,650.0,650.0,210.0
2023-01-05,630.6,630.6,611.1,611.1,2000.0
2023-01-06,600.0,600.0,574.5,574.5,11170.0
2023-01-09,574.5,574.5,574.5,574.5,750.0
2023-01-10,574.5,608.9,574.5,608.9,11790.0
2023-01-12,619.5,620.0,619.5,619.9,630.0
2023-01-13,620.0,620.0,620.0,620.0,100.0
2023-01-18,619.8,619.8,619.8,619.8,420.0
2023-01-19,619.8,620.0,619.8,620.0,1480.0
2023-01-20,620.0,620.0,620.0,620.0,5140.0
2023-01-23,620.0,620.0,620.0,620.0,2480.0
2023-01-24,620.0,620.0,620.0,620.0,140.0
2023-01-25,620.0,620.0,620.0,620.0,10.0
2023-01-26,638.0,638.0,638.0,638.0,120.0
2023-01-27,620.0,620.0,620.0,620.0,5000.0
2023-01-31,601.5,620.0,601.5,620.0,4290.0
2023-02-02,620.0,620.0,619.7,619.7,880.0
2023-02-03,619.9,620.0,619.9,620.0,1620.0
2023-02-07,620.0,620.0,620.0,620.0,7030.0
2023-02-08,620.0,635.0,620.0,635.0,3170.0
2023-02-09,639.0,639.0,639.0,639.0,10.0
2023-02-10,635.0,635.0,631.5,635.0,2010.0
2023-02-14,635.0,635.0,635.0,635.0,500.0
2023-02-15,630.0,630.0,630.0,630.0,250.0
2023-02-16,620.1,630.0,620.1,630.0,250.0
2023-02-17,650.0,650.0,650.0,650.0,900.0
2023-02-21,620.0,649.9,620.0,649.9,210.0
2023-02-22,640.0,649.9,640.0,649.9,320.0
2023-02-24,649.9,649.9,649.9,649.9,10.0
2023-02-28,649.8,649.9,649.8,649.9,150.0
2023-03-08,648.5,648.5,648.5,648.5,10.0
2023-03-10,649.7,649.7,649.7,649.7,750.0
2023-03-14,649.8,649.8,649.8,649.8,150.0
2023-03-17,649.4,649.4,649.4,649.4,400.0
2023-03-22,649.4,649.4,647.0,647.0,180.0
2023-03-24,640.0,648.9,640.0,648.5,1530.0
2023-03-27,649.6,649.8,645.0,649.8,620.0
2023-03-28,645.0,649.9,645.0,649.9,1230.0
2023-03-30,650.0,650.0,650.0,650.0,300.0
2023-03-31,650.0,650.0,650.0,650.0,1030.0
2023-04-03,625.1,649.7,625.1,649.7,50.0
2023-04-04,650.0,650.0,650.0,650.0,220.0
2023-04-05,648.5,649.8,648.5,649.8,670.0
2023-04-11,649.5,649.5,649.5,649.5,100.0
2023-04-12,631.0,631.0,630.0,630.0,27470.0
2023-04-13,648.0,648.0,630.0,630.0,300.0
2023-04-14,630.0,630.0,615.0,630.0,9860.0
2023-04-18,630.0,630.0,630.0,630.0,21940.0
2023-04-19,629.8,629.8,629.8,629.8,800.0
2023-04-21,620.0,624.9,620.0,624.9,9500.0
2023-04-25,619.9,620.0,619.9,620.0,410.0
2023-04-26,602.0,620.0,602.0,620.0,250.0
2023-05-02,595.5,595.5,595.5,595.5,450.0
2023-05-03,595.1,600.0,595.0,600.0,180.0
2023-05-04,585.0,619.0,585.0,619.0,270.0
2023-05-05,620.0,620.0,620.0,620.0,900.0
2023-05-08,610.0,620.0,610.0,620.0,150.0
2023-05-09,600.0,632.0,600.0,632.0,10890.0
2023-05-10,632.0,632.0,600.0,600.0,140.0
2023-05-11,600.0,600.0,580.0,590.0,64230.0
2023-05-12,590.0,590.0,590.0,590.0,690.0
2023-05-15,619.8,619.8,600.0,600.0,120.0
2023-05-16,610.0,610.0,590.0,590.0,1730.0
2023-05-17,590.0,590.0,590.0,590.0,53320.0
2023-05-18,591.0,591.0,591.0,591.0,20.0
2023-05-19,591.1,591.1,591.0,591.0,50.0
2023-05-22,594.5,594.5,590.0,590.0,5020.0
2023-05-23,590.0,590.1,590.0,590.0,2050.0
2023-05-25,587.0,587.0,578.0,578.0,4800.0
2023-05-26,580.0,580.0,550.0,550.0,5190.0
2023-05-29,582.9,582.9,570.0,570.0,870.0
2023-05-30,570.0,570.0,570.0,570.0,3730.0
2023-05-31,570.0,570.1,550.0,550.0,21230.0
2023-06-01,553.5,556.0,553.5,556.0,3530.0
2023-06-02,589.0,589.0,589.0,589.0,2990.0
2023-06-05,589.0,589.0,589.0,589.0,9810.0
2023-06-06,587.5,587.5,563.0,563.0,7950.0
2023-06-07,578.0,578.0,578.0,578.0,870.0
2023-06-08,563.0,574.0,563.0,574.0,10450.0
2023-06-09,578.9,578.9,578.9,578.9,3850.0
2023-06-12,573.0,573.0,573.0,573.0,600.0
2023-06-13,580.0,580.0,580.0,580.0,10.0
2023-06-14,578.0,585.0,573.1,585.0,3890.0
2023-06-15,575.0,600.0,575.0,595.0,2040.0
2023-06-16,590.0,590.0,590.0,590.0,1950.0
2023-06-19,577.5,590.0,577.5,590.0,60.0
2023-06-20,576.3,594.9,576.0,590.0,11580.0
2023-06-21,595.0,595.0,589.0,589.0,11060.0
2023-06-22,600.0,600.0,600.0,600.0,14000.0
2023-06-23,589.0,589.0,589.0,589.0,9220.0
2023-06-28,589.0,589.0,585.3,585.3,1260.0
2023-07-03,600.0,600.0,585.0,585.0,2410.0
2023-07-05,563.1,590.0,563.0,590.0,270.0
2023-07-06,589.9,589.9,570.0,589.3,610.0
2023-07-07,590.0,590.0,590.0,590.0,50.0
2023-07-11,580.0,580.0,579.9,579.9,410.0
2023-07-12,580.0,580.0,572.0,572.0,1850.0
2023-07-13,572.0,572.0,572.0,572.0,520.0
2023-07-14,572.0,579.3,572.0,579.3,2080.0
2023-07-17,579.3,579.3,579.3,579.3,12000.0
2023-07-20,579.0,579.0,570.0,578.9,1270.0
2023-07-21,578.9,578.9,578.9,578.9,2000.0
2023-07-24,575.0,575.0,575.0,575.0,840.0
2023-07-25,570.6,574.0,559.9,559.9,5940.0
2023-07-26,545.0,545.0,539.0,540.0,16290.0
2023-07-27,540.3,571.0,540.0,571.0,18110.0
2023-07-28,571.0,585.0,550.6,580.0,26150.0
2023-07-31,566.0,580.0,566.0,571.0,2410.0
2023-08-01,574.0,580.0,574.0,580.0,1460.0
2023-08-02,580.1,594.0,580.0,586.0,15910.0
2023-08-03,586.0,596.0,586.0,595.0,11060.0
2023-08-04,595.0,596.7,595.0,595.0,30670.0
2023-08-07,595.1,596.5,595.0,595.0,6570.0
2023-08-08,595.0,596.0,595.0,595.0,3010.0
2023-08-09,592.2,596.0,592.2,596.0,5380.0
2023-08-10,592.2,596.0,592.2,595.0,23930.0
2023-08-11,590.0,596.0,590.0,596.0,4490.0
2023-08-15,582.0,590.0,582.0,590.0,1100.0
2023-08-16,582.1,595.0,582.1,590.1,3250.0
2023-08-17,590.6,595.0,590.0,590.1,2620.0
2023-08-18,595.0,600.0,590.6,598.0,10500.0
2023-08-22,595.0,599.0,591.3,595.0,1220.0
2023-08-23,591.5,591.5,590.0,590.0,7430.0
2023-08-24,585.0,592.5,585.0,592.4,2710.0
2023-08-25,590.0,594.5,585.2,594.5,1320.0
2023-08-28,590.1,592.0,590.1,591.0,520.0
2023-08-29,589.9,594.0,585.5,590.0,3770.0
2023-08-30,589.0,590.0,589.0,590.0,6180.0
2023-08-31,590.0,598.0,590.0,598.0,8610.0
2023-09-01,597.9,620.0,597.0,620.0,23720.0
2023-09-04,619.9,620.0,600.0,610.0,2060.0
2023-09-05,610.0,620.0,602.5,620.0,10600.0
2023-09-06,620.0,620.0,619.9,619.9,360.0
2023-09-07,617.0,625.0,617.0,625.0,5500.0
2023-09-08,620.0,627.9,620.0,627.9,18310.0
2023-09-11,620.0,620.0,620.0,620.0,100.0
2023-09-12,625.0,625.0,625.0,625.0,1000.0
2023-09-13,620.0,630.0,620.0,630.0,4410.0
2023-09-14,627.5,630.0,627.5,630.0,6480.0
2023-09-15,630.0,650.0,630.0,650.0,2820.0
2023-09-18,650.0,660.0,640.0,659.8,5240.0
2023-09-19,650.0,650.0,640.5,650.0,370.0
2023-09-20,649.0,650.1,649.0,650.0,14450.0
2023-09-21,650.0,660.0,650.0,660.0,5790.0
2023-09-22,650.0,660.0,650.0,660.0,12280.0
2023-09-25,640.3,650.0,630.0,649.9,4880.0
2023-09-26,649.9,649.9,635.0,635.0,16060.0
2023-09-27,630.0,635.5,630.0,630.6,2290.0
2023-10-02,630.0,640.0,625.1,635.5,5820.0
2023-10-03,639.9,639.9,630.0,630.0,4210.0
2023-10-04,628.2,639.8,625.6,639.8,640.0
2023-10-05,670.0,670.0,650.0,667.5,8300.0
2023-10-06,665.0,665.0,640.0,640.0,9240.0
2023-10-09,669.0,669.0,650.0,658.0,652.0
2023-10-10,658.0,658.0,642.09998,649.90002,522.0
2023-10-11,649.0,649.0,643.20001,649.0,153.0
2023-10-12,643.29999,643.29999,635.0,640.0,1204.0
2023-10-13,635.09998,640.0,625.09998,635.0,901.0
2023-10-16,635.0,635.0,634.0,635.0,106.0
2023-10-17,631.0,631.0,620.0,620.0,10678.0
2023-10-18,625.0,625.0,609.0,610.09998,320.0
2023-10-19,610.0,638.0,610.0,635.0,873.0
2023-10-20,633.0,640.0,616.59998,640.0,1036.0
2023-10-23,640.0,640.0,615.0,615.0,1130.0
2023-10-24,625.0,630.0,625.0,630.0,7119.0
2023-10-25,630.0,630.0,620.0,620.0,1160.0
2023-10-26,630.0,630.0,630.0,630.0,410.0
2023-10-27,630.0,630.0,630.0,630.0,253.0
2023-10-30,620.0,625.0,615.0,625.0,1820.0
2023-10-31,625.0,625.0,625.0,625.0,86.0
2023-11-01,625.0,625.0,624.0,624.0,20.0
2023-11-02,615.09998,624.5,615.0,624.5,355.0
2023-11-03,630.0,630.0,630.0,630.0,1000.0
2023-11-07,623.0,625.0,623.0,625.0,106.0
2023-11-08,619.0,619.0,615.0,615.0,200.0
2023-11-09,613.09998,620.0,613.09998,620.0,35.0
2023-11-10,615.0,620.0,614.0,619.0,1375.0
2023-11-13,618.0,618.0,610.0,610.0,5200.0
2023-11-14,615.0,615.0,605.20001,614.0,491.0
2023-11-15,610.0,610.0,605.5,605.5,6640.0
2023-11-16,605.20001,620.0,600.0,605.0,24547.0
2023-11-17,602.0,620.0,600.0,615.0,2495.0
2023-11-20,615.0,615.0,614.79999,614.90002,125.0
2023-11-21,605.0,605.0,600.29999,602.0,35739.0
2023-11-22,602.5,618.5,602.5,607.0,1154.0
2023-11-23,604.09998,608.0,604.09998,608.0,960.0
2023-11-24,608.0,615.0,608.0,615.0,11324.0
2023-11-27,613.0,615.0,613.0,615.0,4131.0
2023-11-28,607.0,607.0,600.0,600.0,1800.0
2023-11-29,614.0,614.0,593.0,612.0,667.0
2023-11-30,611.0,617.0,611.0,617.0,20065.0
2023-12-01,610.0,615.0,610.0,615.0,600.0
2023-12-04,615.0,615.0,595.0,605.0,113.0
2023-12-05,605.0,615.0,605.0,615.0,199.0
2023-12-06,610.0,614.0,605.0,610.0,5057.0
2023-12-07,613.0,614.0,610.0,614.0,5705.0
2023-12-08,611.0,611.0,609.0,609.0,5050.0
2023-12-11,604.0,605.0,590.0,605.0,1482.0
2023-12-12,608.0,608.0,608.0,608.0,260.0
2023-12-13,601.0,614.0,600.0,614.0,7645.0
2023-12-14,605.5,610.0,605.5,610.0,4895.0
2023-12-15,610.0,610.0,609.90002,610.0,56770.0
2023-12-18,609.90002,614.0,605.09998,614.0,543.0
2023-12-19,614.0,614.0,613.90002,614.0,1375.0
2023-12-20,615.0,624.0,614.70001,624.0,4301.0
2023-12-21,623.90002,623.90002,618.0,621.90002,2315.0
2023-12-22,620.0,624.0,616.40002,624.0,4739.0
2023-12-25,625.0,625.0,620.0,624.0,2655.0
2023-12-26,623.0,624.0,617.09998,624.0,551929.0
2023-12-27,623.79999,624.0,617.29999,622.90002,1424.0
2023-12-28,622.90002,624.0,622.90002,624.0,6890.0
2023-12-29,622.5,623.90002,622.0,622.0,75840.0
2024-01-02,628.0,628.0,622.0,622.0,154.0
2024-01-03,626.59998,626.59998,620.09998,620.09998,41375.0
2024-01-04,624.0,624.0,622.0,622.0,1104.0
2024-01-05,621.0,621.0,618.0,620.0,2865.0
2024-01-08,617.0,624.59998,617.0,624.59998,300.0
2024-01-09,624.0,624.0,620.0,623.90002,203.0
2024-01-10,623.70001,623.70001,620.0,620.0,116.0
2024-01-12,620.0,620.0,620.0,620.0,3154.0
2024-01-15,624.0,624.0,606.0,606.0,413.0
2024-01-16,601.0,620.0,601.0,619.90002,885.0
2024-01-17,620.0,620.0,606.5,615.0,102.0
2024-01-18,615.0,620.0,606.20001,606.20001,4181.0
2024-01-19,607.0,620.0,607.0,619.90002,1660.0
2024-01-22,620.0,620.0,619.90002,619.90002,4754.0
2024-01-23,619.79999,619.90002,619.70001,619.90002,18610.0
2024-01-24,620.0,620.0,611.29999,611.29999,1980.0
2024-01-25,611.40002,611.40002,611.40002,611.40002,10.0
2024-01-26,620.0,620.0,611.40002,611.40002,1611.0
2024-01-29,619.79999,619.79999,611.29999,611.29999,793.0
2024-01-30,611.40002,619.79999,611.29999,619.79999,30.0
2024-01-31,613.0,613.0,611.40002,611.40002,314.0
2024-02-01,615.0,617.90002,611.29999,617.90002,411.0
2024-02-02,617.79999,619.5,612.0,619.5,380.0
2024-02-05,615.0,619.0,612.0,619.0,86.0
2024-02-06,612.0,615.0,612.0,612.0,340.0
2024-02-07,612.0,612.0,610.0,610.0,401.0
2024-02-08,615.0,615.0,605.29999,605.29999,2117.0
2024-02-09,605.29999,612.0,605.29999,611.40002,1750.0
2024-02-12,610.90002,610.90002,610.90002,610.90002,6488.0
2024-02-13,610.90002,610.90002,600.0,600.0,1191.0
2024-02-14,606.0,606.0,595.0,595.0,1423.0
2024-02-15,597.0,597.0,589.90002,590.0,3881.0
2024-02-16,586.0,607.0,586.0,600.0,3576.0
2024-02-19,604.0,604.0,596.09998,596.09998,106.0
2024-02-20,607.0,608.0,595.0,595.0,1888.0
2024-02-21,595.0,595.09998,595.0,595.0,978.0
2024-02-22,596.0,600.0,595.09998,595.09998,600.0
2024-02-23,600.0,600.0,593.0,600.0,4020.0
2024-02-26,608.0,608.0,606.90002,607.0,140.0
2024-02-27,608.0,610.0,591.0,591.0,4463.0
2024-02-28,595.0,603.0,591.0,591.0,1323.0
2024-02-29,592.09998,595.0,570.0,570.0,3374.0
2024-03-01,586.5,594.0,586.0,590.0,4318.0
2024-03-04,590.0,597.0,576.0,588.90002,504.0
2024-03-05,580.0,594.0,579.09998,594.0,312.0
2024-03-06,590.0,593.90002,580.0,593.90002,184.0
2024-03-07,595.0,595.0,595.0,595.0,81.0
2024-03-08,590.0,597.0,590.0,597.0,843.0
2024-03-11,600.0,600.0,593.0,598.5,55.0
2024-03-12,590.0,590.0,590.0,590.0,108.0
2024-03-13,590.0,590.0,585.09998,585.09998,632.0
2024-03-14,589.90002,596.0,589.90002,595.0,132.0
2024-03-15,595.0,595.0,586.0,590.0,12039.0
2024-03-18,590.0,590.0,590.0,590.0,804.0
2024-03-19,595.0,595.0,586.0,586.0,5056.0
2024-03-20,590.0,590.0,580.0,580.0,489.0
2024-03-21,580.0,590.0,580.0,585.0,1176.0
2024-03-22,585.0,590.0,582.0,590.0,1083.0
2024-03-25,590.0,590.0,590.0,590.0,10.0
2024-03-26,588.0,589.0,580.0,580.0,318.0
2024-03-27,580.20001,580.20001,580.0,580.0,366.0
2024-03-28,580.0,580.0,575.0,578.0,932.0
2024-03-29,578.0,580.0,575.0,580.0,9982.0
2024-04-01,586.90002,586.90002,578.0,578.0,781.0
2024-04-02,575.0,575.09998,575.0,575.09998,33.0
2024-04-03,575.0,577.0,560.0,577.0,1332.0
2024-04-04,577.0,577.0,570.0,577.0,10015.0
2024-04-05,570.0,580.0,570.0,580.0,1463.0
2024-04-08,570.29999,575.0,566.09998,570.0,806.0
2024-04-09,576.0,576.0,565.0,565.0,2649.0
2024-04-15,565.0,570.0,564.0,570.0,3488.0
2024-04-16,570.0,576.0,566.20001,567.09998,1861.0
2024-04-17,579.90002,579.90002,567.09998,567.29999,535.0
2024-04-18,567.0,567.0,560.0,560.0,2439.0
2024-04-19,565.0,574.0,560.29999,574.0,2415.0
2024-04-22,566.09998,587.0,561.0,587.0,1201.0
2024-04-23,562.09998,565.0,561.20001,562.0,3746.0
2024-04-24,562.0,562.0,560.0,562.0,1742.0
2024-04-25,562.0,562.0,558.09998,562.0,1304.0
2024-04-26,562.0,562.0,558.0,560.0,4343.0
2024-04-29,579.0,579.0,557.0,557.0,40.0
2024-04-30,565.0,565.0,548.0,550.0,19186.0
2024-05-02,550.0,559.0,548.0,559.0,1583.0
2024-05-03,558.90002,559.0,550.0,559.0,2191.0
2024-05-06,560.0,560.0,548.0,548.0,299.0
2024-05-07,559.0,560.0,550.0,551.09998,146.0
2024-05-08,559.0,559.0,550.0,550.0,972.0
2024-05-09,559.90002,559.90002,547.5,547.5,2032.0
2024-05-10,559.79999,559.79999,548.0,559.0,2329.0
2024-05-13,558.5,560.0,551.0,560.0,179.0
2024-05-14,560.0,569.90002,560.0,560.5,239.0
2024-05-15,560.5,560.5,555.0,555.0,1349.0
2024-05-16,550.0,550.0,550.0,550.0,2222.0
2024-05-17,550.0,555.0,550.0,555.0,1191.0
2024-05-20,557.90002,557.90002,557.90002,557.90002,50.0
2024-05-21,559.90002,560.0,550.0,555.0,536.0
2024-05-22,555.0,560.0,530.0,530.0,3132.0
2024-05-23,560.0,560.0,545.0,559.0,4972.0
2024-05-24,560.0,560.0,543.29999,560.0,478.0
2024-05-27,565.0,565.0,562.0,565.0,1291.0
2024-05-28,565.0,565.0,563.0,565.0,24.0
2024-05-29,564.0,566.90002,550.0,566.90002,903.0
2024-05-30,565.0,565.0,555.0,565.0,214.0
2024-05-31,566.79999,566.79999,540.0,550.0,8228.0
2024-06-03,559.0,559.0,550.0,550.0,445.0
2024-06-04,555.0,555.0,553.0,553.0,265.0
2024-06-05,558.0,558.0,530.0,530.0,5197.0
2024-06-06,531.0,548.0,531.0,545.0,10908.0
2024-06-07,570.0,570.0,550.5,557.0,1505.0
2024-06-10,558.90002,558.90002,535.0,535.0,4923.0
2024-06-11,538.20001,540.09998,538.0,540.09998,639.0
2024-06-12,540.0,540.0,536.0,539.0,1217.0
2024-06-13,540.0,547.0,539.5,547.0,5110.0
2024-06-14,540.0,549.5,535.09998,539.0,500.0
2024-06-19,543.0,543.0,535.20001,535.20001,568.0
2024-06-20,537.0,540.0,535.0,535.0,898.0
2024-06-21,540.0,540.0,530.0,530.0,969.0
2024-06-24,531.0,531.0,521.0,521.0,571.0
2024-06-25,529.90002,530.0,522.0,523.0,23991.0
2024-06-26,526.0,530.0,523.29999,525.0,54777.0
2024-06-27,525.0,528.79999,520.0,528.0,270.0
2024-06-28,528.79999,529.0,520.0,520.0,1867.0
2024-07-01,521.09998,523.0,515.0,519.0,251.0
2024-07-02,520.0,520.0,500.0,508.0,6959.0
2024-07-03,518.0,518.0,500.0,510.0,2313.0
2024-07-04,505.5,508.0,500.0,500.0,6139.0
2024-07-05,500.10001,501.0,498.0,498.0,3043.0
2024-07-08,500.0,500.0,498.0,500.0,1689.0
2024-07-09,500.0,500.0,495.0,495.5,119.0
2024-07-10,492.0,499.79999,492.0,498.95001,23791.0
2024-07-11,500.0,514.5,495.0,509.0,154498.0
2024-07-12,514.0,520.0,502.0,502.0,7230.0
2024-07-15,509.0,520.0,509.0,518.0,347.0
2024-07-16,524.59998,534.0,520.0,525.0,3427.0
2024-07-17,525.0,525.0,517.0,518.0,2401.0
2024-07-18,520.0,520.0,514.0,514.0,800.0
2024-07-19,513.0,515.0,500.10001,500.10001,8260.0
2024-07-22,510.0,519.90002,505.0,508.0,32299.0
2024-07-23,518.0,522.0,509.0,520.0,22502.0
2024-07-24,525.0,550.0,521.0,529.90002,84472.0
2024-07-25,531.0,541.0,525.0,525.0,19519.0
2024-07-26,526.0,534.90002,521.0,521.0,8434.0
2024-07-29,528.0,532.0,522.5,527.0,7285.0
2024-07-31,527.0,538.90002,519.0,519.0,6211.0
2024-08-01,518.0,529.79999,518.0,520.0,4696.0
2024-08-02,528.90002,528.90002,516.0,516.0,6259.0
2024-08-05,516.09998,519.0,503.0,505.10001,2636.0
2024-08-06,503.5,517.0,503.5,510.5,554.0
2024-08-07,525.0,525.0,520.0,520.0,139.0
2024-08-08,515.20001,519.5,513.0,518.0,92.0
2024-08-09,518.0,522.0,517.0,519.0,2725.0
2024-08-12,519.0,526.0,515.0,525.0,1037.0
2024-08-13,517.09998,534.0,517.09998,529.90002,335.0
2024-08-15,528.90002,530.0,520.0,530.0,43652.0
2024-08-16,530.0,535.0,530.0,535.0,12180.0
2024-08-19,535.0,539.0,529.0,530.0,1148.0
2024-08-22,530.0,537.0,529.5,536.0,11381.0
2024-08-23,537.0,541.0,531.0,531.0,1610.0
2024-08-26,535.5,535.5,530.0,530.0,2578.0
2024-08-27,535.0,578.90002,534.0,561.0,24790.0
2024-08-28,572.0,588.0,562.20001,580.0,60958.0
2024-08-29,590.0,609.0,580.0,585.0,40139.0
2024-08-30,575.0,578.79999,565.0,571.09998,8246.0
2024-09-02,578.5,590.0,573.0,580.09998,15248.0
2024-09-03,580.2,588.0,568.0,585.0,15650.0
2024-09-04,586.0,586.0,579.0,580.0,2418.0
2024-09-05,585.0,585.0,575.0,580.0,6947.0
2024-09-06,580.0,584.90002,579.0,579.0,2693.0
2024-09-09,580.0,584.5,576.1,582.0,9232.0
2024-09-10,585.0,585.0,579.0,581.0,678.0
2024-09-11,582.0,582.0,576.1,580.0,343.0
2024-09-12,578.2,580.0,576.0,577.1,1799.0
2024-09-13,577.0,579.0,576.0,579.0,3712.0
2024-09-18,580.0,580.0,574.0,574.0,1416.0
2024-09-19,578.0,578.0,571.0,571.0,2798.0
2024-09-20,575.0,583.0,573.1,573.1,37410.0
2024-09-23,571.1,577.0,571.1,576.0,213.0
2024-09-24,579.0,579.0,570.0,576.0,1259.0
2024-09-25,570.1,579.0,569.0,579.0,20500.0
2024-09-26,576.0,579.0,569.0,577.0,11813.0
2024-09-27,573.0,585.0,560.0,585.0,13056.0
2024-09-30,565.0,565.1,545.5,546.1,15980.0
2024-10-01,550.0,570.0,535.1,560.0,11937.0
2024-10-02,575.0,575.0,550.0,565.0,37882.0
2024-10-03,560.0,579.0,560.0,575.0,27831.0
2024-10-04,572.0,593.0,572.0,590.0,8287.0
2024-10-07,594.7,594.7,575.0,590.0,4701.0
2024-10-08,570.0,583.0,570.0,583.0,8926.0
2024-10-09,583.0,585.0,575.0,575.2,11302.0
2024-10-10,583.0,583.0,577.0,583.0,5495.0
2024-10-11,577.0,583.5,576.0,576.1,828.0
2024-10-14,580.0,585.0,572.0,572.0,3452.0
2024-10-15,572.0,572.0,565.0,572.0,4696.0
2024-10-16,579.9,579.9,570.0,575.0,3957.0
2024-10-17,575.0,585.0,575.0,585.0,15698.0
2024-10-18,585.0,585.0,583.1,585.0,2021.0
2024-10-21,570.0,582.0,570.0,575.0,185.0
2024-10-22,576.0,582.0,570.0,579.0,1038.0
2024-10-23,577.5,579.0,570.1,579.0,179.0
2024-10-24,578.0,578.4,577.0,578.4,85.0
2024-10-25,577.0,577.0,570.0,571.0,533.0
2024-10-28,572.0,572.0,570.0,570.0,11999.0
2024-10-29,570.1,574.7,565.1,566.0,20930.0
2024-10-30,571.9,571.9,566.2,566.5,3481.0
2024-10-31,566.5,570.0,566.0,566.5,38334.0
2024-11-01,566.0,570.0,566.0,570.0,8455.0
2024-11-04,566.5,567.1,566.5,566.5,479.0
2024-11-05,566.7,574.0,564.0,569.6,2636.0
2024-11-07,573.0,573.0,560.0,560.0,1049.0
2024-11-08,574.0,580.0,566.0,580.0,12937.0
2024-11-11,570.1,579.9,570.0,575.0,1413.0
2024-11-12,577.8,577.8,570.0,575.0,11829.0
2024-11-13,570.0,576.0,570.0,570.0,1015.0
2024-11-14,575.0,575.0,570.0,570.0,6918.0
2024-11-15,570.0,573.7,560.0,570.1,17008.0
2024-11-19,565.0,570.0,565.0,566.1,903.0
2024-11-20,569.0,570.0,565.2,567.5,998.0
2024-11-21,570.0,570.0,564.0,567.5,5711.0
2024-11-22,560.1,568.9,560.1,565.0,467.0
2024-11-25,565.0,565.0,561.0,561.0,489.0
2024-11-26,560.0,563.9,550.0,562.0,712.0
2024-11-27,553.0,563.4,550.0,550.0,1574.0
2024-11-28,560.0,563.5,545.0,545.0,811.0
2024-11-29,562.0,563.6,540.0,550.0,2195.0
2024-12-02,552.0,552.0,540.0,550.0,3189.0
2024-12-03,558.0,558.0,542.1,542.1,824.0
2024-12-04,550.0,550.0,542.0,547.0,52.0
2024-12-05,549.9,549.9,535.0,540.0,1690.0
2024-12-06,540.0,545.5,537.0,545.5,20207.0
2024-12-09,544.0,550.0,544.0,550.0,1625.0
2024-12-10,555.0,555.0,545.0,545.0,569.0
2024-12-11,549.5,555.0,549.5,550.2,1475.0
2024-12-12,555.0,557.0,551.5,557.0,18715.0
2024-12-13,557.0,557.0,555.0,557.0,853.0
2024-12-16,550.0,557.9,550.0,550.0,6772.0
2024-12-17,550.0,558.0,550.0,558.0,2580.0
2024-12-18,557.5,565.0,557.5,565.0,3429.0
2024-12-19,570.0,579.0,567.0,569.0,8395.0
2024-12-20,570.0,572.0,568.0,570.0,14063.0
2024-12-23,562.0,573.0,562.0,573.0,14418.0
2024-12-24,573.0,573.0,560.0,560.0,903.0
2024-12-25,560.0,568.0,550.0,565.8,464.0
2024-12-26,556.1,575.0,556.1,575.0,38793.0
2024-12-27,574.9,578.0,562.0,575.0,91309.0
2024-12-30,575.0,580.0,565.2,580.0,18419.0
2024-12-31,575.0,624.0,575.0,607.0,79670.0
2025-01-02,611.0,639.0,611.0,630.0,34308.0
2025-01-03,630.0,655.0,630.0,630.1,70062.0
2025-01-06,630.1,650.0,630.1,639.9,63133.0
2025-01-07,644.0,645.0,631.1,643.0,16724.0
2025-01-08,642.0,648.0,637.0,640.0,15907.0
2025-01-09,650.0,701.0,640.0,666.2,185191.0
2025-01-10,688.9,688.9,670.0,679.7,40497.0
2025-01-13,679.7,688.9,670.5,677.9,1984.0
2025-01-15,680.0,685.0,679.0,679.0,3455.0
2025-01-16,688.8,688.8,673.5,675.0,34710.0
2025-01-17,674.1,678.0,670.0,670.0,5935.0
2025-01-20,672.0,688.0,670.0,671.0,8298.0
2025-01-21,680.0,680.0,661.0,666.0,14982.0
2025-01-22,678.9,678.9,660.0,665.0,8969.0
2025-01-23,665.0,670.0,655.0,664.0,31748.0
2025-01-24,672.0,674.7,664.0,668.0,3755.0
2025-01-27,655.0,668.0,655.0,659.0,1211.0
2025-01-28,660.0,660.0,650.5,660.0,906.0
2025-01-29,662.0,680.0,662.0,674.0,5813.0
2025-01-30,675.0,695.0,674.0,691.0,15905.0
2025-01-31,695.0,695.0,679.0,679.0,963.0
2025-02-03,683.0,683.0,660.0,660.0,6248.0
2025-02-04,678.0,678.0,655.0,655.0,8747.0
2025-02-05,660.0,669.9,655.0,655.5,5289.0
2025-02-06,656.1,666.0,656.0,666.0,3762.0
2025-02-07,677.0,677.0,660.0,663.0,8888.0
2025-02-10,674.0,674.0,657.0,657.0,10600.0
2025-02-11,656.0,670.0,650.1,650.1,3088.0
2025-02-12,640.1,660.0,640.1,657.0,1283.0
2025-02-13,657.1,660.0,650.0,656.8,7030.0
2025-02-14,652.1,656.9,647.3,650.0,7979.0
2025-02-17,655.0,655.0,647.1,650.0,4425.0
2025-02-18,650.0,650.0,648.0,648.5,3416.0
2025-02-19,654.9,655.0,645.7,654.9,2369.0
2025-02-20,650.1,650.1,638.0,645.0,6959.0
2025-02-21,638.0,668.0,601.0,601.0,17283.0
2025-02-24,621.0,639.0,620.0,625.0,1734.0
2025-02-25,633.9,648.0,625.0,648.0,4425.0
2025-02-26,648.0,648.0,636.0,640.0,6167.0
2025-02-27,640.0,640.0,625.0,625.0,1443.0
2025-02-28,603.0,640.0,603.0,634.8,9592.0
2025-03-03,634.5,634.5,624.0,624.0,1570.0
2025-03-04,635.0,635.0,620.0,620.0,957.0
2025-03-05,630.0,634.0,620.0,620.0,724.0
2025-03-06,629.9,629.9,614.0,625.0,53.0
2025-03-07,620.0,629.0,600.0,600.0,20571.0
2025-03-10,620.0,620.0,606.0,619.9,630.0
2025-03-11,606.0,619.6,606.0,606.2,11459.0
2025-03-12,606.0,614.0,605.1,609.9,3799.0
2025-03-13,608.9,609.0,605.0,608.1,1206.0
2025-03-14,605.0,625.0,605.0,625.0,10468.0
2025-03-17,625.0,625.0,618.0,618.0,641.0
2025-03-18,620.0,620.0,610.1,613.0,296.0
2025-03-19,625.0,625.0,614.0,624.4,642.0
2025-03-20,624.0,624.0,614.1,616.1,1884.0
2025-03-21,624.5,624.5,613.0,615.0,35415.0
2025-03-24,616.0,620.0,612.0,617.0,2446.0
2025-03-25,617.0,619.5,616.5,617.0,301.0
2025-03-26,615.6,619.0,605.0,606.1,16676.0
2025-03-27,605.2,625.0,600.0,625.0,4757.0
2025-03-28,606.0,624.0,602.5,620.0,14897.0
2025-04-02,611.0,620.0,600.0,615.0,8407.0
2025-04-03,600.0,610.0,585.0,599.0,3899.0
2025-04-04,595.0,608.0,585.0,595.0,4079.0
2025-04-07,575.0,584.0,561.0,561.0,5853.0
2025-04-08,563.0,581.0,550.0,565.0,4609.0
2025-04-09,565.0,579.0,535.0,548.9,1680.0
2025-04-10,561.0,580.0,561.0,569.0,6537.0
2025-04-11,589.9,589.9,555.0,570.0,1119.0
2025-04-14,570.0,588.7,570.0,586.9,2591.0
2025-04-15,576.0,590.0,575.0,587.0,3974.0
2025-04-16,589.9,600.1,588.0,595.0,4627.0
2025-04-17,590.0,590.0,585.0,589.0,486.0
2025-04-18,594.9,595.0,585.0,585.0,4955.0
2025-04-21,599.0,599.0,595.0,595.0,108.0
2025-04-22,592.0,598.5,569.9,569.9,23934.0
2025-04-23,575.0,590.0,565.0,565.0,6225.0
2025-04-24,588.8,588.8,574.5,574.5,1474.0
2025-04-25,571.1,578.0,570.0,570.0,1726.0
2025-04-28,571.0,591.9,570.0,580.0,279.0
2025-04-29,572.0,579.0,550.0,560.0,2217.0
2025-04-30,565.0,582.0,565.0,569.0,81894.0
2025-05-02,580.0,580.0,570.0,570.0,3055.0
2025-05-05,572.0,575.0,570.0,570.0,1096.0
2025-05-06,575.0,575.0,570.0,570.0,12436.0
2025-05-07,570.0,570.0,568.0,569.9,350.0
2025-05-08,570.0,570.0,567.0,567.0,453.0
2025-05-09,565.0,570.0,561.1,567.0,1013.0
2025-05-12,570.0,570.0,565.0,567.9,2651.0
2025-05-13,567.0,580.0,566.0,569.5,42125.0
2025-05-14,579.0,580.0,567.0,570.0,36948.0
2025-05-15,575.5,580.0,567.0,567.0,6126.0
2025-05-16,574.8,574.8,560.0,560.0,3123.0
2025-05-19,553.5,567.5,551.0,556.1,1026.0
2025-05-20,550.2,563.0,546.0,550.0,4649.0
2025-05-21,550.0,560.0,540.0,540.0,6264.0
2025-05-22,546.0,555.0,545.0,550.0,1028.0
2025-05-23,555.0,565.0,545.0,550.0,7757.0
2025-05-26,541.0,550.0,541.0,549.5,354.0
2025-05-27,550.0,550.0,540.0,549.0,4878.0
2025-05-28,560.0,575.0,558.9,564.0,13195.0
2025-05-29,568.0,576.0,550.0,550.0,17211.0
2025-05-30,560.0,560.0,550.0,550.0,52763.0
2025-06-02,570.0,570.0,553.1,566.0,619.0
2025-06-03,561.2,568.0,550.0,550.0,9579.0
2025-06-04,567.9,567.9,551.0,559.0,9456.0
2025-06-05,559.0,568.0,555.0,568.0,14173.0
2025-06-06,568.0,580.0,568.0,571.0,34135.0
2025-06-10,571.0,585.0,570.0,580.0,4332.0
2025-06-11,582.0,585.0,579.9,579.9,1032.0
2025-06-12,585.0,585.0,566.0,580.0,4394.0
2025-06-13,566.5,575.0,550.1,565.0,4328.0
2025-06-16,565.0,565.0,550.0,559.9,10891.0
2025-06-17,556.0,572.0,556.0,568.0,2297.0
2025-06-18,568.0,575.0,555.0,560.0,17233.0
2025-06-19,552.2,563.9,543.2,550.0,4558.0
2025-06-20,550.0,562.9,550.0,553.1,724.0
2025-06-23,553.0,553.0,545.1,550.0,1607.0
2025-06-24,567.7,575.0,560.0,572.0,16292.0
2025-06-25,574.9,593.9,574.0,585.0,24519.0
2025-06-26,580.0,589.9,580.0,585.0,3333.0
2025-06-30,580.0,589.0,570.0,580.0,9555.0
2025-07-01,580.0,581.0,570.0,580.0,3075.0
2025-07-02,578.0,584.7,575.0,583.9,3718.0
2025-07-03,576.0,589.5,576.0,589.5,3798.0
2025-07-04,580.0,600.0,577.0,600.0,15222.0
2025-07-07,603.0,604.0,598.0,603.0,3262.0
2025-07-08,600.0,603.0,585.0,600.0,2071.0
2025-07-09,600.0,608.0,590.0,608.0,3153.0
2025-07-10,607.0,607.0,591.5,593.0,430.0
2025-07-11,591.5,605.0,591.5,605.0,8570.0
2025-07-14,605.0,607.0,602.0,602.0,924.0
2025-07-15,607.0,607.0,591.0,592.0,3141.0
2025-07-16,595.0,595.0,578.0,590.0,7032.0
2025-07-17,585.0,594.0,585.0,590.0,540.0
2025-07-18,580.0,593.5,580.0,591.0,2443.0
2025-07-21,590.0,592.0,585.0,591.0,1274.0
2025-07-22,590.0,590.0,587.0,590.0,1901.0
2025-07-23,594.9,595.0,587.0,587.0,525.0
2025-07-24,600.0,600.0,585.5,598.0,1180.0
2025-07-25,600.0,600.0,590.0,598.9,3481.0
2025-07-28,591.1,599.0,591.1,596.0,1086.0
2025-07-29,595.9,600.0,588.0,588.0,14943.0
2025-07-31,599.0,600.0,588.0,588.1,40056.0
2025-08-01,588.1,595.0,588.0,590.0,12637.0
2025-08-04,585.3,599.5,585.1,599.5,4291.0
2025-08-05,599.0,599.0,588.0,597.5,23918.0
2025-08-06,595.0,597.0,589.9,589.9,2124.0
2025-08-07,590.0,591.9,589.6,590.4,3610.0
2025-08-08,591.5,595.0,588.1,590.0,9697.0
2025-08-11,590.0,590.0,588.0,588.2,1020.0
2025-08-12,595.0,595.0,589.0,589.0,982.0
2025-08-13,594.9,600.0,590.2,590.2,8419.0
2025-08-15,590.2,595.0,589.1,589.9,7655.0
2025-08-18,597.0,597.0,590.0,590.0,406.0
2025-08-19,590.0,590.0,580.0,589.3,3354.0
2025-08-22,591.0,596.9,590.0,590.1,3185.0
2025-08-25,595.0,595.0,590.0,591.0,2297.0
2025-08-26,594.9,594.9,585.0,585.0,4133.0
2025-08-27,590.0,593.0,585.0,589.0,9782.0
2025-08-28,593.0,593.0,589.0,593.0,3043.0
2025-08-29,591.0,595.0,585.0,585.0,10461.0
2025-09-01,590.0,590.0,580.1,585.0,3182.0
2025-09-02,585.0,589.0,583.1,585.0,1019.0
2025-09-03,583.1,588.0,579.9,579.9,5324.0
2025-09-04,580.0,583.0,575.0,575.0,3177.0
2025-09-08,584.9,584.9,580.0,580.0,635.0
2025-09-09,584.4,584.4,566.0,566.0,949.0
2025-09-10,579.0,579.0,567.0,567.0,1503.0
2025-09-11,572.0,578.0,570.0,570.0,2115.0
2025-09-12,571.0,579.0,570.5,570.5,1269.0
2025-09-15,573.0,573.0,560.0,560.0,2024.0
2025-09-16,562.0,570.0,562.0,570.0,192.0
2025-09-17,565.0,570.0,565.0,567.1,227.0
2025-09-18,567.2,569.0,560.0,560.0,1163.0
2025-09-19,560.5,569.0,560.5,565.0,6208.0
2025-09-22,569.0,589.9,560.3,577.0,10666.0
2025-09-23,583.0,584.0,565.2,565.2,4602.0
2025-09-24,508.7,508.7,508.7,508.7,83384.0
2025-09-25,547.0,557.0,530.0,530.0,16309.0
2025-09-26,535.0,540.0,515.0,515.0,59469.0
2025-09-29,517.0,530.0,500.0,500.0,35162.0
2025-09-30,507.5,520.0,498.0,500.0,43990.0
2025-10-01,502.0,510.0,490.0,490.0,2792.0
2025-10-02,490.0,509.5,480.0,505.0,2540.0
2025-10-03,510.0,530.0,490.0,490.0,20214.0
2025-10-06,499.0,514.0,490.3,490.3,20861.0
2025-10-07,509.8,515.0,503.9,510.0,65251.0
2025-10-08,520.0,520.0,510.0,510.0,2288.0
2025-10-09,510.0,519.0,500.0,500.0,4621.0
2025-10-10,500.0,510.0,500.0,510.0,22894.0
2025-10-13,505.0,518.0,505.0,515.0,19786.0
2025-10-14,515.0,515.0,506.1,507.0,15251.0
2025-10-15,509.0,509.7,505.0,507.0,11835.0
2025-10-16,507.0,510.0,507.0,509.0,9577.0
2025-10-17,517.0,517.0,508.1,510.2,1150.0
2025-10-20,519.0,519.0,511.0,514.9,21766.0
2025-10-21,519.2,538.9,519.2,520.1,13460.0
2025-10-22,533.9,534.0,526.0,528.0,10670.0
2025-10-23,530.0,537.9,530.0,531.0,1118.0
2025-10-24,531.0,535.0,530.0,530.0,1842.0
2025-10-27,532.0,535.0,530.0,534.9,5796.0
2025-10-28,522.6,534.0,522.6,533.0,1394.0
2025-10-29,534.8,534.8,529.0,529.0,317.0
2025-10-30,532.0,537.0,525.0,535.0,5007.0
2025-10-31,540.0,558.0,539.0,545.0,4104.0
2025-11-03,548.0,559.7,545.0,545.0,1000.0
2025-11-04,545.0,553.5,530.0,545.0,836.0
2025-11-05,540.0,545.0,538.0,542.0,418.0
2025-11-07,529.0,546.0,529.0,545.0,15203.0
2025-11-10,545.0,545.0,533.0,540.0,6286.0
2025-11-11,535.1,543.0,528.0,528.0,14018.0
2025-11-12,539.9,540.0,524.9,524.9,10968.0
2025-11-13,524.9,529.0,510.0,524.9,398.0
2025-11-14,524.0,524.0,516.0,524.0,92.0
2025-11-17,522.0,525.0,520.0,524.9,7736.0
2025-11-19,511.1,519.0,510.5,515.0,14491.0
2025-11-20,515.0,515.0,508.5,513.0,35730.0
2025-11-21,513.0,519.0,510.0,519.0,2764.0
2025-11-24,520.0,520.0,510.1,512.0,13239.0
2025-11-25,512.5,520.0,512.3,515.0,973.0
2025-11-26,515.1,523.0,515.1,521.0,1071.0
2025-11-27,524.0,534.5,523.0,534.5,9651.0
2025-11-28,530.0,531.0,520.0,530.0,5493.0
2025-12-01,523.0,533.0,519.0,522.0,564.0
2025-12-02,520.1,526.0,520.1,525.0,444.0
2025-12-03,522.0,535.0,521.2,525.0,911.0
2025-12-04,535.0,539.7,520.1,530.0,426.0
2025-12-05,533.8,534.0,530.0,530.0,815.0
2025-12-08,522.1,537.0,522.1,535.0,1516.0
2025-12-09,535.0,540.0,535.0,540.0,1315.0
2025-12-10,545.0,550.0,540.0,550.0,26253.0
2025-12-11,544.0,551.0,544.0,544.0,3310.0
2025-12-12,550.0,570.0,548.0,566.0,57801.0
2025-12-15,570.0,570.0,563.6,563.8,1503.0
2025-12-16,566.0,568.0,559.0,568.0,1269.0
2025-12-17,565.0,568.0,560.0,565.0,4811.0
2025-12-18,565.0,568.0,561.0,561.0,844.0
2025-12-19,564.9,570.0,560.0,570.0,12707.0
2025-12-22,561.1,570.0,561.1,563.0,340.0
2025-12-23,563.0,565.0,560.0,564.8,379.0
2025-12-24,564.9,564.9,531.0,531.0,2073.0
2025-12-25,559.9,559.9,545.0,545.0,532.0
2025-12-26,549.0,559.0,549.0,550.0,16072.0
2025-12-29,554.8,558.9,545.5,550.0,6463.0
2025-12-30,548.9,549.0,532.0,549.0,6512.0
2025-12-31,545.0,556.0,543.0,556.0,5686.0
2026-01-02,556.1,565.0,556.1,565.0,8209.0
2026-01-05,566.0,580.0,565.5,580.0,6498.0
2026-01-06,584.0,586.0,580.0,580.0,1419.0
2026-01-07,575.0,586.9,575.0,582.9,33312.0
2026-01-08,584.8,585.0,575.1,579.0,3151.0
2026-01-09,579.0,585.0,575.0,581.0,22676.0
2026-01-12,588.0,588.0,580.0,580.0,3125.0
2026-01-13,578.0,585.0,575.0,585.0,993.0
2026-01-15,573.0,585.0,561.0,580.0,1708.0
2026-01-16,582.0,582.0,566.0,566.0,539.0
2026-01-19,573.0,573.0,560.0,560.0,1413.0
2026-01-20,551.0,558.0,539.9,539.9,4596.0
2026-01-21,549.9,550.0,530.0,530.0,1826.0
2026-01-22,534.0,549.8,534.0,549.8,291.0
2026-01-23,538.0,554.0,530.2,537.0,5128.0
2026-01-26,533.0,535.0,520.0,520.0,12537.0
2026-01-27,524.0,533.0,524.0,530.0,18292.0
2026-01-28,534.1,541.0,534.0,540.0,340.0
2026-01-29,545.0,548.0,531.0,540.0,471.0
2026-01-30,540.0,540.1,526.0,526.0,1365.0
2026-02-02,526.1,529.0,515.1,529.0,1664.0
2026-02-03,526.0,535.0,526.0,526.0,1687.0
2026-02-04,526.0,526.0,521.0,521.0,136.0
2026-02-05,525.0,534.0,514.0,525.0,1529.0
2026-02-06,515.0,520.0,500.0,520.0,20002.0
2026-02-09,520.0,530.0,520.0,520.1,309.0
2026-02-10,513.0,529.9,513.0,520.0,634.0
2026-02-11,530.0,530.0,529.0,529.0,50.0
2026-02-12,517.0,520.0,510.0,520.0,2148.0
2026-02-13,525.0,530.0,525.0,526.0,2578.0
2026-02-16,535.0,535.0,525.0,530.0,20204.0
2026-02-17,537.0,538.0,534.0,535.0,418.0
2026-02-18,540.0,540.0,530.0,530.0,162.0
2026-02-19,528.0,537.9,526.0,526.0,226.0
2026-02-20,525.0,537.0,525.0,536.0,400.0
2026-02-23,525.0,533.0,525.0,525.0,571.0
2026-02-24,535.0,535.0,522.0,524.9,30736.0
2026-02-25,530.0,530.0,517.0,517.0,50301.0
2026-02-26,520.0,523.0,520.0,520.0,6856.0
2026-02-27,524.9,534.0,524.8,525.0,19156.0
2026-03-02,500.0,511.0,500.0,510.0,6491.0
2026-03-03,491.0,505.0,485.0,485.0,2061.0
2026-03-04,481.0,510.0,481.0,509.0,1255.0
2026-03-05,510.0,529.9,509.0,520.0,44627.0
2026-03-06,525.0,525.0,510.0,520.0,12048.0
2026-03-09,496.0,510.0,496.0,500.0,16268.0
2026-03-10,520.0,520.0,511.0,517.9,3783.0
2026-03-11,518.0,518.0,516.0,518.0,170.0
2026-03-12,518.0,519.0,515.0,515.0,312.0
2026-03-13,516.0,520.0,500.0,500.0,2406.0
2026-03-16,519.0,519.0,500.0,500.0,10108.0
2026-03-17,509.9,509.9,500.0,509.5,1791.0
2026-03-18,509.0,517.5,509.0,517.5,22107.0
2026-03-19,519.0,519.0,510.0,510.0,3665.0
2026-03-24,519.0,519.0,506.0,506.0,1566.0
2026-03-25,528.0,528.0,506.1,510.0,24542.0
2026-03-26,530.0,556.0,520.1,545.0,74574.0
2026-03-27,545.0,552.0,534.0,540.5,329.0
