Time,Open,High,Low,Close,Volume
2015-03-31,207.0,209.10001,207.0,209.10001,210.0
2015-04-01,218.35001,218.45,217.0,217.0,66.0
2015-04-03,209.0,209.0,209.0,209.0,133.0
2015-04-06,205.0,205.5,205.0,205.0,115.0
2015-04-08,214.0,217.3,214.0,217.3,314.0
2015-04-09,219.95,220.0,219.95,220.0,3020.0
2015-04-10,210.0,210.0,210.0,210.0,204.0
2015-04-14,206.8,206.8,206.8,206.8,7.0
2015-04-15,206.85001,206.85001,206.85001,206.85001,20.0
2015-04-21,217.05,219.25,217.05,219.25,6400.0
2015-04-22,208.05,208.10001,208.0,208.0,320.0
2015-04-28,216.89999,216.89999,216.89999,216.89999,10.0
2015-05-11,206.10001,206.10001,206.10001,206.10001,5.0
2015-05-12,206.10001,206.10001,206.10001,206.10001,7.0
2015-05-13,203.0,203.0,203.0,203.0,15.0
2015-05-22,205.55,205.55,192.10001,192.10001,155.0
2015-05-27,189.0,189.0,189.0,189.0,84.0
2015-06-01,191.0,191.0,191.0,191.0,80.0
2015-06-02,192.0,192.0,192.0,192.0,10.0
2015-06-03,192.0,192.0,192.0,192.0,5.0
2015-06-04,195.0,203.0,195.0,203.0,115.0
2015-06-05,196.5,200.0,190.85001,190.85001,77.0
2015-06-12,189.0,189.0,189.0,189.0,28.0
2015-06-15,193.0,200.0,193.0,200.0,120.0
2015-06-16,201.0,201.0,189.0,201.0,34.0
2015-06-17,201.0,201.0,190.10001,190.10001,34.0
2015-06-18,199.85001,200.0,199.85001,200.0,44.0
2015-06-19,196.10001,219.95,196.10001,205.0,460.0
2015-06-22,206.0,206.0,206.0,206.0,10.0
2015-06-26,203.0,214.95,203.0,214.95,512.0
2015-06-29,215.0,215.0,215.0,215.0,10.0
2015-06-30,202.60001,215.0,202.60001,215.0,30.0
2015-07-03,203.0,203.0,203.0,203.0,10.0
2015-07-08,203.0,203.0,203.0,203.0,35.0
2015-07-14,203.0,203.0,203.0,203.0,109.0
2015-07-16,203.0,203.0,203.0,203.0,70.0
2015-07-20,215.14999,215.14999,215.14999,215.14999,195.0
2015-07-22,203.5,215.0,203.0,215.0,55.0
2015-07-24,214.89999,214.89999,214.89999,214.89999,22.0
2015-08-10,213.89999,213.89999,213.89999,213.89999,90.0
2015-08-13,203.5,203.5,203.5,203.5,70.0
2015-08-17,204.0,204.0,204.0,204.0,18.0
2015-08-19,204.0,214.0,204.0,214.0,4020.0
2015-08-24,204.0,204.0,204.0,204.0,1613.0
2015-08-25,193.2,193.2,193.2,193.2,100.0
2015-08-26,193.2,193.2,181.64999,181.64999,144.0
2015-08-27,192.0,192.0,192.0,192.0,18.0
2015-09-02,192.0,192.0,192.0,192.0,22.0
2015-09-03,192.0,192.0,192.0,192.0,43.0
2015-09-07,180.0,180.0,176.0,176.0,50.0
2015-09-16,180.0,180.0,180.0,180.0,2.0
2015-09-17,177.0,177.0,170.0,170.0,6.0
2015-09-18,170.0,175.0,159.8,175.0,343.0
2015-10-01,180.2,180.2,180.2,180.2,16.0
2015-10-02,190.0,190.0,190.0,190.0,11.0
2015-10-05,190.0,201.3,179.0,201.3,106.0
2015-10-09,201.3,201.3,201.3,201.3,5.0
2015-10-14,176.2,177.0,176.2,177.0,159.0
2015-10-19,177.10001,177.10001,176.2,176.2,10.0
2015-10-20,185.0,185.0,185.0,185.0,332.0
2015-10-21,179.89999,179.89999,179.89999,179.89999,16.0
2015-10-22,175.0,175.0,175.0,175.0,3.0
2015-10-23,180.0,185.0,170.0,185.0,357.0
2015-10-27,175.0,175.0,175.0,175.0,480.0
2015-10-30,180.0,180.0,180.0,180.0,500.0
2015-11-04,169.25,185.0,169.2,169.2,264.0
2015-11-05,168.0,175.0,167.2,175.0,95.0
2015-11-09,174.89999,180.0,174.89999,180.0,207.0
2015-11-17,169.2,169.2,169.2,169.2,25.0
2015-12-01,170.0,170.0,170.0,170.0,7.0
2015-12-08,170.0,170.0,170.0,170.0,1.0
2015-12-09,170.0,170.0,169.3,169.3,31.0
2015-12-10,169.3,169.3,169.2,169.2,28.0
2015-12-11,159.05,159.05,159.05,159.05,128.0
2015-12-14,168.55,168.55,168.55,168.55,5.0
2015-12-15,175.0,175.0,175.0,175.0,10.0
2015-12-16,174.95,175.0,174.95,175.0,50.0
2015-12-17,174.89999,174.89999,174.89999,174.89999,40.0
2015-12-18,174.89999,179.89999,174.89999,179.89999,510.0
2015-12-23,179.89999,179.89999,179.89999,179.89999,25.0
2015-12-29,190.64999,190.64999,190.64999,190.64999,230.0
2015-12-30,202.05,202.05,202.05,202.05,62.0
2016-01-06,214.0,214.0,214.0,214.0,254.0
2016-01-07,226.0,226.0,226.0,226.0,19.0
2016-01-08,234.0,234.0,234.0,234.0,123.0
2016-01-15,220.0,220.0,220.0,220.0,20.0
2016-01-22,200.0,200.0,190.0,190.0,211.0
2016-01-25,200.0,200.0,200.0,200.0,100.0
2016-01-28,200.0,200.0,200.0,200.0,1.0
2016-02-02,188.05,199.0,188.05,199.0,111.0
2016-02-05,200.0,200.0,187.10001,187.10001,747.0
2016-02-08,198.0,198.0,198.0,198.0,200.0
2016-02-09,200.0,200.0,200.0,200.0,30.0
2016-02-10,188.2,188.2,188.2,188.2,60.0
2016-02-11,190.0,190.0,190.0,190.0,250.0
2016-02-12,179.95,179.95,179.95,179.95,2893.0
2016-02-15,180.10001,180.10001,180.0,180.0,485.0
2016-02-16,170.10001,180.0,170.10001,180.0,52.0
2016-02-17,179.89999,186.0,179.89999,186.0,50.0
2016-02-18,174.85001,196.8,174.85001,196.8,226.0
2016-02-19,186.5,200.0,185.0,190.0,627.0
2016-02-24,185.5,195.0,178.75,195.0,87.0
2016-02-25,185.05,195.0,185.05,195.0,276.0
2016-02-26,183.5,183.5,183.3,183.3,390.0
2016-02-29,183.0,183.0,180.0,180.0,30.0
2016-03-01,178.89999,178.89999,170.0,170.0,5102.0
2016-03-04,171.0,171.0,170.10001,170.10001,35.0
2016-03-07,171.05,180.10001,171.05,180.10001,26.0
2016-03-08,188.89999,188.89999,188.89999,188.89999,57.0
2016-03-10,190.0,190.0,190.0,190.0,148.0
2016-03-11,178.64999,190.0,178.64999,190.0,297.0
2016-03-14,179.5,179.5,179.2,179.25,207.0
2016-03-16,179.39999,179.39999,179.10001,179.10001,646.0
2016-03-17,179.10001,179.10001,179.10001,179.10001,105.0
2016-03-21,179.10001,179.10001,175.5,175.5,200.0
2016-03-22,175.10001,175.10001,175.10001,175.10001,2.0
2016-03-23,179.10001,179.10001,170.10001,170.10001,354.0
2016-03-29,170.0,170.0,170.0,170.0,200.0
2016-03-31,178.89999,178.89999,178.89999,178.89999,40.0
2016-04-06,161.05,170.0,161.05,170.0,86.0
2016-04-07,162.7,162.7,162.7,162.7,120.0
2016-04-08,169.89999,169.89999,160.0,160.0,2814.0
2016-04-11,169.60001,169.60001,169.60001,169.60001,3.0
2016-04-15,164.0,164.0,164.0,164.0,18.0
2016-04-18,160.0,160.0,160.0,160.0,20.0
2016-04-19,164.0,164.0,164.0,164.0,1.0
2016-04-21,164.0,164.0,164.0,164.0,40.0
2016-04-22,161.0,161.0,160.25,160.25,439.0
2016-04-25,160.5,160.5,160.5,160.5,4.0
2016-04-26,162.5,162.5,162.5,162.5,10.0
2016-04-28,160.25,163.89999,158.0,163.89999,131.0
2016-05-03,163.8,163.8,160.0,160.0,662.0
2016-05-04,160.0,160.05,160.0,160.0,9316.0
2016-05-05,160.5,160.5,159.0,160.0,5594.0
2016-05-06,163.8,165.0,159.0,159.0,2178.0
2016-05-10,156.39999,159.89999,155.05,155.05,1501.0
2016-05-12,155.5,163.95,155.10001,155.10001,5388.0
2016-05-13,164.39999,170.60001,156.0,170.0,23893.0
2016-05-16,175.0,184.85001,172.0,174.25,9579.0
2016-05-17,171.0,176.95,168.0,168.0,1673.0
2016-05-18,170.0,170.0,167.0,169.95,399.0
2016-05-19,175.0,175.0,161.0,168.0,4159.0
2016-05-20,162.5,165.95,158.55,160.2,659.0
2016-05-23,164.89999,165.0,160.25,165.0,718.0
2016-05-24,163.95,168.85001,163.95,168.85001,290.0
2016-05-25,168.0,174.5,167.5,167.5,1535.0
2016-05-26,172.0,172.45,167.10001,169.89999,511.0
2016-05-27,170.0,170.0,163.14999,163.14999,151.0
2016-05-30,169.95,170.0,164.10001,164.10001,95.0
2016-05-31,169.0,169.0,163.85001,168.89999,180.0
2016-06-01,168.8,168.8,168.8,168.8,19.0
2016-06-03,168.0,169.0,164.0,164.0,35.0
2016-06-06,168.0,168.0,164.0,164.0,227.0
2016-06-07,163.0,163.0,163.0,163.0,1000.0
2016-06-08,168.0,168.0,168.0,168.0,3.0
2016-06-09,169.8,169.8,169.8,169.8,4.0
2016-06-10,164.0,169.0,164.0,164.0,1105.0
2016-06-13,163.3,163.3,163.10001,163.10001,73.0
2016-06-15,166.89999,166.89999,163.0,163.0,355.0
2016-06-17,163.0,163.0,160.3,160.3,222.0
2016-06-20,160.3,160.3,160.3,160.3,10.0
2016-06-23,160.5,168.0,160.5,168.0,65.0
2016-06-24,167.0,167.0,167.0,167.0,1.0
2016-06-28,165.0,165.0,165.0,165.0,4.0
2016-06-30,166.0,168.0,166.0,168.0,75.0
2016-07-01,162.0,162.0,162.0,162.0,15.0
2016-07-05,167.8,167.8,167.8,167.8,5.0
2016-07-12,164.0,166.0,157.75,166.0,3548.0
2016-07-13,161.0,161.0,161.0,161.0,25.0
2016-07-14,161.0,161.0,161.0,161.0,102.0
2016-07-15,166.0,166.0,166.0,166.0,5.0
2016-07-18,156.10001,163.95,156.10001,163.89999,2343.0
2016-07-19,163.0,163.0,159.0,159.0,267.0
2016-07-20,165.95,165.95,160.0,160.0,109.0
2016-07-21,160.0,160.0,160.0,160.0,322.0
2016-07-22,165.0,165.0,164.0,164.0,10.0
2016-07-25,164.0,164.0,160.0,160.0,104.0
2016-07-26,159.14999,159.14999,159.0,159.0,113.0
2016-07-27,160.0,160.5,158.35001,159.0,1092.0
2016-07-28,164.95,164.95,158.14999,158.14999,13.0
2016-07-29,159.0,159.0,158.0,158.0,374.0
2016-08-01,154.10001,154.10001,154.10001,154.10001,25.0
2016-08-02,154.3,154.3,154.25,154.25,100.0
2016-08-03,154.0,155.0,150.0,150.0,3148.0
2016-08-04,150.0,150.0,145.60001,150.0,927.0
2016-08-05,159.95,159.95,150.0,157.0,323.0
2016-08-09,155.0,155.0,145.0,145.0,2930.0
2016-08-10,146.0,146.0,145.0,145.0,1263.0
2016-08-11,147.0,149.3,147.0,149.3,100.0
2016-08-16,145.05,152.0,145.0,152.0,129.0
2016-08-18,149.5,149.5,149.5,149.5,5.0
2016-08-19,149.5,153.89999,148.0,148.0,122.0
2016-08-22,148.0,148.0,145.5,147.5,60.0
2016-08-25,149.0,150.0,149.0,150.0,70.0
2016-08-29,154.39999,154.39999,150.0,150.0,30.0
2016-08-30,147.2,154.75,147.2,154.75,480.0
2016-08-31,154.5,154.5,154.5,154.5,8.0
2016-09-01,153.0,153.0,153.0,153.0,2.0
2016-09-02,152.89999,152.89999,152.89999,152.89999,4.0
2016-09-05,152.89999,152.89999,149.0,149.0,200.0
2016-09-07,149.0,149.0,149.0,149.0,7.0
2016-09-08,145.3,145.3,145.0,145.0,135.0
2016-09-14,143.75,143.75,143.10001,143.10001,150.0
2016-09-15,143.3,143.3,143.3,143.3,81.0
2016-09-16,144.10001,144.10001,143.25,143.25,40.0
2016-09-19,143.25,143.25,143.25,143.25,200.0
2016-09-20,143.55,143.55,143.55,143.55,60.0
2016-09-21,145.0,146.0,145.0,146.0,230.0
2016-09-22,147.0,147.5,146.5,146.5,184.0
2016-09-23,147.5,147.5,147.5,147.5,15.0
2016-09-26,147.89999,147.89999,145.2,145.2,72.0
2016-09-27,147.64999,147.64999,145.7,145.7,118.0
2016-09-28,146.60001,146.60001,145.7,145.7,146.0
2016-09-29,146.5,147.39999,146.45,147.0,420.0
2016-09-30,147.14999,157.60001,145.0,145.0,1477.0
2016-10-04,147.0,147.0,144.0,145.10001,240.0
2016-10-05,145.0,145.0,143.5,143.5,674.0
2016-10-06,145.0,150.0,145.0,145.10001,14.0
2016-10-07,147.89999,147.89999,145.14999,145.2,14.0
2016-10-10,148.0,148.0,143.2,144.5,352.0
2016-10-11,143.0,143.0,143.0,143.0,280.0
2016-10-12,148.0,148.0,143.60001,143.60001,15.0
2016-10-13,144.0,144.0,142.0,142.0,545.0
2016-10-14,143.0,143.0,143.0,143.0,110.0
2016-10-17,145.39999,145.39999,137.60001,140.0,1337.0
2016-10-18,143.0,143.0,143.0,143.0,101.0
2016-10-19,144.0,144.0,139.05,140.0,344.0
2016-10-20,140.0,140.0,139.10001,140.0,447.0
2016-10-21,139.10001,146.0,139.05,146.0,1529.0
2016-10-24,147.89999,147.89999,147.89999,147.89999,1.0
2016-10-25,140.10001,140.10001,137.0,137.0,464.0
2016-10-26,140.0,145.0,140.0,145.0,2581.0
2016-10-31,140.10001,142.0,138.25,142.0,574.0
2016-11-01,141.0,141.0,141.0,141.0,5.0
2016-11-03,144.0,144.0,144.0,144.0,30.0
2016-11-04,140.0,143.0,140.0,143.0,38.0
2016-11-07,140.10001,140.10001,140.0,140.0,3190.0
2016-11-08,140.0,141.0,140.0,141.0,6790.0
2016-11-09,140.5,140.5,140.5,140.5,150.0
2016-11-10,140.60001,143.2,140.60001,143.2,5150.0
2016-11-15,141.05,145.5,141.0,145.5,10364.0
2016-11-16,145.0,145.0,145.0,145.0,5.0
2016-11-17,147.0,147.0,143.0,143.0,35.0
2016-11-21,146.0,146.0,146.0,146.0,25.0
2016-11-22,142.2,146.0,142.2,146.0,66.0
2016-11-25,140.0,140.10001,140.0,140.0,15626.0
2016-11-28,145.0,145.0,145.0,145.0,724.0
2016-11-29,145.39999,147.5,145.39999,146.0,541.0
2016-11-30,146.0,146.0,146.0,146.0,20.0
2016-12-01,145.0,146.7,145.0,146.7,185.0
2016-12-02,148.0,151.5,148.0,151.5,700.0
2016-12-05,153.0,153.0,153.0,153.0,155.0
2016-12-06,152.60001,153.45,148.05,153.45,347.0
2016-12-09,150.10001,154.95,150.0,154.95,15612.0
2016-12-14,155.0,165.5,155.0,160.0,3190.0
2016-12-15,160.0,169.5,160.0,167.5,6761.0
2016-12-16,164.10001,168.0,164.0,167.0,2147.0
2016-12-19,165.5,168.0,165.0,168.0,1030.0
2016-12-20,168.89999,173.0,159.0,159.0,2453.0
2016-12-21,159.0,167.0,154.3,167.0,356.0
2016-12-22,160.10001,165.0,160.10001,165.0,4430.0
2016-12-23,161.10001,167.5,160.0,167.5,3740.0
2016-12-26,160.35001,162.64999,160.35001,162.64999,385.0
2016-12-27,167.45,167.45,162.10001,162.10001,58.0
2016-12-28,162.14999,165.95,162.10001,165.45,451.0
2016-12-29,162.5,162.5,162.10001,162.10001,490.0
2016-12-30,163.89999,163.89999,163.89999,163.89999,15103.0
2017-01-02,165.0,173.0,165.0,173.0,2522.0
2017-01-03,170.0,170.0,168.0,168.0,550.0
2017-01-04,169.0,169.0,168.55,169.0,892.0
2017-01-05,166.35001,176.0,166.35001,173.0,2142.0
2017-01-06,173.0,178.0,171.0,171.0,1337.0
2017-01-09,174.0,186.5,174.0,178.0,1282.0
2017-01-10,186.45,186.45,173.0,173.0,1271.0
2017-01-12,175.0,175.0,168.0,168.0,1140.0
2017-01-13,176.0,183.0,170.0,170.0,248.0
2017-01-16,168.55,168.55,160.0,160.0,5743.0
2017-01-17,175.75,175.75,174.75,174.8,36.0
2017-01-18,161.14999,166.5,161.14999,161.14999,425.0
2017-01-19,170.0,170.0,167.0,167.0,8.0
2017-01-20,167.0,167.0,165.0,165.0,184.0
2017-01-23,173.89999,174.0,165.5,165.5,155.0
2017-01-24,173.0,173.0,165.2,165.2,8.0
2017-01-25,162.10001,170.0,161.3,170.0,150.0
2017-01-27,165.0,165.0,161.10001,161.10001,640.0
2017-01-30,162.5,167.95,160.10001,167.95,815.0
2017-01-31,162.95,162.95,162.0,162.0,25.0
2017-02-01,162.0,162.0,158.0,158.0,480.0
2017-02-02,160.0,160.0,155.2,156.0,1125.0
2017-02-03,156.0,156.0,154.0,154.0,406.0
2017-02-06,155.0,155.0,151.0,151.0,1333.0
2017-02-07,155.0,155.0,153.0,155.0,2909.0
2017-02-08,155.0,155.0,154.10001,154.10001,575.0
2017-02-09,154.10001,155.0,152.14999,152.14999,327.0
2017-02-10,151.75,151.85001,149.0,150.0,3030.0
2017-02-13,150.10001,150.10001,149.0,150.0,1336.0
2017-02-14,150.0,150.0,141.0,141.0,1036.0
2017-02-15,149.8,149.8,145.39999,146.39999,329.0
2017-02-16,146.5,149.5,146.3,146.55,428.0
2017-02-17,146.64999,150.0,146.64999,149.0,1096.0
2017-02-20,150.0,150.0,147.35001,150.0,1050.0
2017-02-21,150.0,150.0,147.3,150.0,1833.0
2017-02-22,150.0,150.0,148.10001,148.10001,642.0
2017-02-23,148.0,150.0,148.0,148.0,809.0
2017-02-24,148.0,149.0,147.0,147.0,463.0
2017-02-28,150.0,150.0,143.5,143.5,2629.0
2017-03-01,149.85001,149.85001,142.75,142.75,217.0
2017-03-02,143.75,147.0,143.75,147.0,134.0
2017-03-03,146.0,147.0,144.5,144.5,30.0
2017-03-06,144.5,150.0,144.5,150.0,201.0
2017-03-08,149.0,149.0,149.0,149.0,9.0
2017-03-09,145.0,149.85001,145.0,149.85001,125.0
2017-03-10,146.5,146.5,146.5,146.5,90.0
2017-03-13,145.05,149.5,144.7,149.5,110.0
2017-03-14,149.45,149.5,145.05,149.5,273.0
2017-03-15,149.45,150.0,149.45,150.0,100.0
2017-03-16,146.2,150.0,146.2,150.0,562.0
2017-03-17,149.89999,150.0,147.05,150.0,697.0
2017-03-20,146.0,146.0,146.0,146.0,46.0
2017-03-21,149.0,149.5,149.0,149.5,61.0
2017-03-22,147.0,149.0,146.0,149.0,304.0
2017-03-23,146.14999,148.0,144.7,144.7,1073.0
2017-03-24,143.75,144.0,143.75,144.0,44.0
2017-03-27,148.5,148.5,148.5,148.5,3.0
2017-03-28,148.75,150.0,148.75,149.0,1355.0
2017-03-29,149.0,149.0,143.0,148.5,832.0
2017-03-30,143.25,144.0,143.25,144.0,2.0
2017-03-31,144.0,144.0,144.0,144.0,30.0
2017-04-03,148.0,148.0,143.60001,146.95,5.0
2017-04-04,149.95,149.95,149.95,149.95,6.0
2017-04-05,143.10001,148.89999,143.10001,148.0,3.0
2017-04-07,141.45,141.45,141.45,141.45,86.0
2017-04-10,141.5,144.0,141.5,142.10001,235.0
2017-04-11,142.0,143.7,142.0,142.14999,729.0
2017-04-12,141.55,145.0,141.5,145.0,445.0
2017-04-13,142.0,146.0,142.0,146.0,16.0
2017-04-14,141.64999,145.0,141.64999,145.0,347.0
2017-04-17,145.95,145.95,145.95,145.95,2.0
2017-04-19,142.0,144.95,142.0,144.95,3.0
2017-04-20,144.95,147.0,144.95,147.0,183.0
2017-04-24,142.2,145.0,142.2,145.0,303.0
2017-04-25,145.0,145.5,145.0,145.5,50.0
2017-04-26,145.0,146.0,142.2,146.0,5410.0
2017-04-27,146.0,147.0,146.0,147.0,3205.0
2017-04-28,143.0,146.89999,143.0,143.0,9.0
2017-05-02,143.10001,144.0,143.10001,144.0,5084.0
2017-05-04,147.0,147.0,145.95,145.95,220.0
2017-05-05,145.0,145.0,145.0,145.0,21.0
2017-05-08,146.0,146.0,146.0,146.0,50.0
2017-05-09,146.0,146.0,145.95,146.0,793.0
2017-05-10,146.0,146.0,146.0,146.0,2.0
2017-05-11,146.0,146.0,145.0,145.0,119.0
2017-05-12,146.0,146.0,146.0,146.0,10.0
2017-05-15,146.0,146.0,145.85001,145.85001,31.0
2017-05-16,144.60001,144.60001,144.0,144.0,510.0
2017-05-17,145.0,145.95,137.0,138.2,8580.0
2017-05-18,138.5,140.05,138.5,138.5,3615.0
2017-05-19,142.0,142.0,142.0,142.0,92.0
2017-05-22,141.0,142.0,140.0,140.0,86.0
2017-05-24,142.0,142.0,142.0,142.0,593.0
2017-05-26,140.0,140.0,139.05,140.0,381.0
2017-05-30,143.89999,143.89999,143.5,143.5,12.0
2017-05-31,143.0,143.0,143.0,143.0,8.0
2017-06-01,143.0,143.0,143.0,143.0,4.0
2017-06-02,143.0,143.0,138.0,142.95,2785.0
2017-06-05,143.0,143.0,143.0,143.0,3.0
2017-06-07,143.0,143.0,143.0,143.0,5.0
2017-06-08,143.0,143.0,143.0,143.0,1.0
2017-06-09,138.10001,138.10001,138.10001,138.10001,280.0
2017-06-12,143.0,143.0,143.0,143.0,2.0
2017-06-14,142.5,142.5,142.5,142.5,5.0
2017-06-15,142.5,142.5,142.5,142.5,900.0
2017-06-16,142.5,142.5,140.0,142.5,462.0
2017-06-19,142.0,142.0,140.0,140.0,39.0
2017-06-20,142.5,142.5,140.0,142.0,277.0
2017-06-21,142.3,142.3,138.0,141.95,98066.0
2017-06-22,141.95,143.0,141.95,143.0,10.0
2017-06-28,140.0,142.0,138.3,142.0,280.0
2017-06-29,139.0,142.0,139.0,142.0,3002.0
2017-06-30,140.0,142.0,139.0,142.0,5241.0
2017-07-03,143.0,143.0,139.0,143.0,213.0
2017-07-04,143.0,143.0,143.0,143.0,608.0
2017-07-05,129.0,141.8,129.0,141.75,3935.0
2017-07-07,141.0,141.0,140.0,140.0,102.0
2017-07-10,140.0,140.0,138.0,138.0,1466.0
2017-07-11,139.95,139.95,138.0,139.95,102.0
2017-07-12,139.85001,139.85001,137.60001,139.45,523.0
2017-07-13,138.0,139.5,136.0,139.39999,475.0
2017-07-14,137.60001,139.5,135.0,135.0,1725.0
2017-07-17,138.8,138.8,133.2,138.0,1062.0
2017-07-18,138.75,138.75,134.0,137.5,2742.0
2017-07-19,137.45,137.45,135.0,136.39999,343.0
2017-07-20,134.5,137.0,133.8,136.89999,399.0
2017-07-21,136.89999,138.0,134.0,134.0,2008.0
2017-07-24,134.0,134.05,130.0,130.0,1948.0
2017-07-25,139.89999,142.95,139.5,142.95,39007.0
2017-07-26,157.2,157.2,157.2,157.2,317.0
2017-07-27,172.89999,172.89999,172.89999,172.89999,31021.0
2017-07-28,180.0,186.0,170.0,175.0,52764.0
2017-07-31,177.0,191.95,174.89999,186.0,10683.0
2017-08-01,187.0,190.0,172.7,188.0,20829.0
2017-08-02,189.89999,191.95,187.0,190.0,6675.0
2017-08-03,190.0,195.0,190.0,192.0,7735.0
2017-08-04,194.85001,194.85001,187.0,192.0,14659.0
2017-08-07,192.10001,192.10001,187.05,191.85001,991.0
2017-08-08,191.8,193.64999,191.8,192.89999,1678.0
2017-08-09,190.0,192.60001,187.0,187.60001,4938.0
2017-08-10,188.2,206.35001,187.2,206.35001,27399.0
2017-08-11,210.0,226.5,210.0,217.0,38884.0
2017-08-15,220.0,238.0,212.2,237.95,38794.0
2017-08-16,237.95,238.0,223.25,229.5,29388.0
2017-08-17,252.39999,252.39999,229.5,252.39999,75742.0
2017-08-18,255.0,267.5,249.0,251.89999,33018.0
2017-08-22,250.0,250.0,235.0,242.0,9020.0
2017-08-23,234.0,249.0,233.0,248.95,38191.0
2017-08-24,255.0,263.95001,245.05,245.05,16583.0
2017-08-25,242.10001,252.8,236.0,238.0,18508.0
2017-08-28,241.0,243.0,234.25,238.0,3593.0
2017-08-29,235.5,243.7,235.0,236.7,26510.0
2017-08-30,239.2,239.2,232.0,233.5,9715.0
2017-08-31,232.10001,240.0,225.0,240.0,10286.0
2017-09-04,239.0,248.0,239.0,244.2,4111.0
2017-09-05,242.0,242.5,235.0,239.0,5696.0
2017-09-06,240.0,240.0,237.0,239.95,230.0
2017-09-07,238.0,239.2,235.0,235.0,4389.0
2017-09-08,238.5,240.0,234.0,234.0,5118.0
2017-09-11,238.0,240.0,235.0,235.0,4141.0
2017-09-12,239.0,242.0,234.10001,234.10001,2956.0
2017-09-13,237.0,240.0,234.10001,235.0,2819.0
2017-09-14,239.89999,248.0,239.89999,242.0,26277.0
2017-09-15,246.95,251.8,246.5,246.5,6251.0
2017-09-18,246.89999,246.89999,242.2,245.0,6722.0
2017-09-19,242.2,242.2,235.5,236.95,3801.0
2017-09-20,237.60001,239.89999,223.0,229.89999,4294.0
2017-09-21,234.8,236.89999,227.0,233.0,2042.0
2017-09-25,231.10001,233.5,226.5,227.10001,868.0
2017-09-26,249.8,249.8,249.8,249.8,909.0
2017-09-27,274.75,274.75,274.75,274.75,5617.0
2017-09-28,299.0,299.0,280.20001,285.0,154355.0
2017-09-29,289.0,313.45001,285.0,312.0,91740.0
2017-10-02,320.0,329.75,310.0,315.0,22539.0
2017-10-03,318.0,346.45001,310.0,346.45001,59853.0
2017-10-04,365.0,379.0,365.0,370.0,58344.0
2017-10-05,376.0,385.0,355.0,355.0,50037.0
2017-10-06,350.20001,386.0,350.0,370.0,57259.0
2017-10-09,370.0,393.0,365.0,377.0,59381.0
2017-10-10,381.89999,393.0,377.29999,388.70001,7156.0
2017-10-11,382.14999,392.95001,382.14999,389.0,6824.0
2017-10-12,387.20001,427.85001,387.20001,427.85001,76738.0
2017-10-13,430.0,455.0,416.0,424.89999,101768.0
2017-10-16,420.0,445.0,412.5,415.0,40686.0
2017-10-17,410.0,420.0,388.5,388.5,52527.0
2017-10-18,382.0,404.0,356.0,403.0,246266.0
2017-10-19,412.0,425.0,395.0,395.0,34419.0
2017-10-20,401.0,403.89999,390.0,390.0,34013.0
2017-10-23,390.0,394.0,381.0,389.10001,2493.0
2017-10-24,384.10001,388.0,377.20001,385.0,2975.0
2017-10-25,377.39999,383.0,375.0,376.0,8088.0
2017-10-26,379.0,384.0,373.0,378.0,7519.0
2017-10-27,380.0,391.89999,380.0,383.0,14262.0
2017-10-30,390.0,395.0,385.20001,386.5,36855.0
2017-10-31,390.0,392.5,385.5,389.5,14529.0
2017-11-01,391.0,395.0,386.5,386.5,13013.0
2017-11-02,386.0,392.39999,385.0,387.0,8477.0
2017-11-03,385.10001,389.89999,383.0,389.0,9453.0
2017-11-07,390.0,394.89999,385.04999,388.0,354.0
2017-11-08,388.0,390.0,384.10001,390.0,2385.0
2017-11-09,384.10001,389.0,384.10001,387.89999,512.0
2017-11-10,388.0,395.0,385.20001,395.0,3868.0
2017-11-13,394.0,395.0,385.0,392.89999,3826.0
2017-11-14,386.0,392.39999,386.0,386.0,5865.0
2017-11-15,392.0,392.0,385.0,385.0,5538.0
2017-11-16,391.0,391.0,375.0,375.0,10014.0
2017-11-17,370.14999,378.89999,360.0,360.0,9677.0
2017-11-20,361.0,370.0,360.10001,363.0,2446.0
2017-11-21,363.10001,375.0,363.10001,369.0,2616.0
2017-11-22,375.0,375.0,362.79999,362.79999,6594.0
2017-11-23,370.0,370.0,361.0,368.39999,3074.0
2017-11-24,370.0,370.0,367.89999,367.89999,886.0
2017-11-27,369.89999,369.89999,361.0,361.0,1748.0
2017-11-28,365.0,365.0,343.20001,350.0,19664.0
2017-11-29,344.0,356.0,344.0,348.04999,26522.0
2017-11-30,350.0,357.5,344.04999,344.04999,5131.0
2017-12-04,338.60001,345.0,315.10001,325.0,14472.0
2017-12-05,323.25,352.0,319.89999,341.0,14239.0
2017-12-06,349.79999,349.79999,320.0,325.0,18393.0
2017-12-07,325.0,347.79999,320.10001,341.0,7335.0
2017-12-08,344.0,354.39999,343.0,354.0,7177.0
2017-12-11,360.0,362.0,345.0,349.0,4482.0
2017-12-12,349.0,357.5,341.0,350.0,18345.0
2017-12-13,358.5,358.5,345.0,354.39999,8260.0
2017-12-14,354.0,362.79999,354.0,361.0,12460.0
2017-12-15,369.89999,380.0,367.10001,367.60001,14061.0
2017-12-18,369.0,377.95001,358.10001,358.10001,9700.0
2017-12-19,359.0,369.5,358.0,358.0,2685.0
2017-12-20,365.95001,375.0,360.0,365.0,23642.0
2017-12-21,368.89999,375.0,363.0,363.0,4529.0
2017-12-22,361.0,362.0,342.0,362.0,14116.0
2017-12-25,357.5,368.0,357.5,358.20001,3021.0
2017-12-26,366.89999,373.75,362.10001,365.0,6763.0
2017-12-27,367.0,375.5,366.0,368.60001,20928.0
2017-12-28,373.0,373.0,365.0,370.0,3973.0
2017-12-29,366.20001,372.89999,365.0,370.0,9362.0
2018-01-02,374.0,390.0,374.0,389.89999,9654.0
2018-01-03,391.0,405.0,390.5,400.0,22248.0
2018-01-04,402.0,407.95001,395.0,395.0,8438.0
2018-01-05,396.0,396.0,385.0,393.79999,4368.0
2018-01-08,392.0,397.0,387.70001,392.5,13755.0
2018-01-09,396.0,396.0,389.0,390.0,873.0
2018-01-10,390.0,396.0,390.0,390.0,2604.0
2018-01-12,388.10001,400.0,388.0,396.89999,8148.0
2018-01-15,396.89999,414.0,396.89999,403.04999,33128.0
2018-01-16,403.04999,409.0,400.04999,400.04999,3990.0
2018-01-17,400.0,403.0,400.0,402.0,948.0
2018-01-18,391.5,398.0,391.0,398.0,404.0
2018-01-19,398.0,409.0,397.5,409.0,28787.0
2018-01-22,402.0,413.89999,402.0,409.75,12443.0
2018-01-23,407.0,413.89999,407.0,407.0,15002.0
2018-01-24,406.10001,410.0,406.0,406.10001,4630.0
2018-01-25,406.04999,409.89999,406.04999,406.5,5885.0
2018-01-26,409.29999,410.0,405.5,410.0,4113.0
2018-01-29,409.89999,413.85001,407.0,407.0,1885.0
2018-01-30,413.79999,428.0,407.10001,424.79999,29714.0
2018-01-31,430.0,430.0,419.5,424.95001,18807.0
2018-02-01,424.95001,429.0,419.10001,428.0,7020.0
2018-02-02,427.89999,427.89999,418.54999,422.0,5646.0
2018-02-05,420.0,423.0,414.5,414.5,4210.0
2018-02-06,413.0,413.0,393.5,395.10001,16115.0
2018-02-07,390.29999,409.0,385.04999,395.10001,22607.0
2018-02-08,397.0,400.0,394.04999,395.0,10740.0
2018-02-09,400.95001,408.35001,396.04999,402.79999,3446.0
2018-02-12,408.0,408.0,400.0,400.0,72.0
2018-02-13,406.0,406.0,395.0,404.0,1021.0
2018-02-14,402.0,406.0,398.04999,400.0,203.0
2018-02-15,400.0,405.0,397.0,402.0,3427.0
2018-02-16,405.0,414.0,400.04999,408.0,11533.0
2018-02-19,407.0,413.85001,402.10001,412.0,6041.0
2018-02-20,419.5,419.5,408.04999,410.0,4354.0
2018-02-21,414.0,414.0,410.0,414.0,4064.0
2018-02-22,414.0,420.0,414.0,420.0,5556.0
2018-02-23,426.5,435.0,420.29999,420.29999,17524.0
2018-02-26,428.0,428.0,422.0,422.0,945.0
2018-02-27,420.0,420.0,412.0,412.0,6047.0
2018-02-28,410.20001,424.95001,410.0,417.0,5423.0
2018-03-01,422.0,422.0,414.0,416.0,1991.0
2018-03-02,415.0,419.95001,413.0,419.89999,3765.0
2018-03-05,414.0,419.0,414.0,414.0,308.0
2018-03-06,414.60001,417.0,413.0,417.0,642.0
2018-03-07,410.0,412.0,408.14999,409.0,3619.0
2018-03-08,408.5,418.95001,408.29999,415.0,1226.0
2018-03-09,416.0,427.0,416.0,424.0,8302.0
2018-03-12,424.0,424.0,415.5,415.5,964.0
2018-03-13,419.95001,420.0,416.5,420.0,3447.0
2018-03-14,420.0,422.89999,417.0,417.0,2106.0
2018-03-15,420.0,423.0,410.0,422.89999,5616.0
2018-03-16,417.0,421.95001,413.10001,419.79999,4693.0
2018-03-19,414.0,421.0,413.0,413.0,2252.0
2018-03-20,418.95001,418.95001,405.0,405.14999,7345.0
2018-03-21,406.0,415.0,383.0,390.0,13862.0
2018-03-22,395.0,395.0,375.0,385.95001,7390.0
2018-03-23,385.0,398.89999,370.0,392.89999,34167.0
2018-03-26,381.14999,397.0,381.0,385.29999,780.0
2018-03-27,386.0,395.0,385.0,385.0,1318.0
2018-03-28,385.0,390.89999,378.04999,385.0,4931.0
2018-03-29,393.0,393.0,380.10001,387.0,2251.0
2018-03-30,390.0,390.0,377.04999,390.0,8583.0
2018-04-03,375.04999,389.5,365.20001,370.04999,4550.0
2018-04-04,360.10001,368.0,350.0,360.0,16128.0
2018-04-05,360.0,379.0,360.0,370.0,707.0
2018-04-06,377.0,383.89999,370.0,383.89999,1408.0
2018-04-09,373.0,383.0,371.39999,383.0,168.0
2018-04-10,381.95001,381.95001,372.54999,381.0,155.0
2018-04-11,383.75,389.0,373.04999,388.0,780.0
2018-04-12,384.0,384.0,375.5,376.0,861.0
2018-04-13,375.54999,381.5,372.54999,381.5,208.0
2018-04-16,377.0,377.0,369.0,369.89999,3387.0
2018-04-17,366.54999,373.5,366.54999,367.0,625.0
2018-04-18,367.0,377.0,367.0,368.0,590.0
2018-04-19,377.0,377.29999,370.0,373.5,1519.0
2018-04-20,377.0,379.5,372.0,377.0,2278.0
2018-04-23,377.0,378.0,370.0,370.0,975.0
2018-04-24,367.10001,373.0,367.0,368.25,111.0
2018-04-25,366.14999,366.14999,366.10001,366.10001,1890.0
2018-04-26,370.0,371.0,370.0,371.0,90.0
2018-04-27,367.0,378.0,367.0,378.0,1852.0
2018-04-30,369.0,382.89999,369.0,379.89999,2219.0
2018-05-02,371.10001,371.5,370.0,370.0,563.0
2018-05-03,370.60001,376.0,370.60001,376.0,3078.0
2018-05-04,380.0,387.45001,376.0,379.0,2394.0
2018-05-08,371.64999,384.95001,371.64999,384.95001,2.0
2018-05-09,373.04999,379.45001,372.10001,372.10001,594.0
2018-05-10,370.0,380.95001,370.0,370.0,4089.0
2018-05-11,370.0,376.0,367.0,367.0,4348.0
2018-05-14,370.0,371.0,367.0,367.0,1820.0
2018-05-15,370.0,379.39999,370.0,370.0,3666.0
2018-05-16,366.10001,369.5,359.95001,360.0,1284.0
2018-05-17,364.0,364.0,364.0,364.0,4.0
2018-05-18,354.20001,369.0,354.20001,368.5,1473.0
2018-05-22,370.0,370.0,360.0,360.0,284.0
2018-05-23,360.10001,369.0,360.0,368.39999,475.0
2018-05-24,360.5,375.0,360.5,370.0,1887.0
2018-05-28,370.0,370.0,370.0,370.0,417.0
2018-05-29,368.0,375.0,364.0,364.0,158.0
2018-05-30,363.0,371.0,363.0,371.0,646.0
2018-05-31,371.0,372.0,371.0,372.0,5.0
2018-06-01,369.89999,370.0,369.89999,370.0,18.0
2018-06-04,369.0,371.0,369.0,371.0,1200.0
2018-06-05,369.0,375.0,369.0,374.0,1221.0
2018-06-06,380.0,383.0,375.0,382.0,23.0
2018-06-07,381.0,384.0,380.95001,384.0,2781.0
2018-06-08,385.0,393.95001,381.5,381.5,4944.0
2018-06-11,381.5,393.60001,377.0,381.5,11940.0
2018-06-12,387.5,388.0,378.0,388.0,3183.0
2018-06-13,378.04999,380.0,370.04999,375.0,7450.0
2018-06-14,375.04999,385.89999,375.0,375.0,1647.0
2018-06-18,371.0,379.0,370.0,375.0,2907.0
2018-06-19,375.0,382.5,374.0,374.0,1523.0
2018-06-20,379.5,380.0,371.0,371.0,35.0
2018-06-21,371.10001,376.89999,371.0,376.79999,620.0
2018-06-22,376.79999,376.79999,376.0,376.70001,124.0
2018-06-26,374.95001,377.0,374.95001,377.0,6.0
2018-06-27,371.20001,372.0,371.20001,372.0,1300.0
2018-06-28,363.04999,363.04999,360.04999,360.25,2348.0
2018-06-29,368.89999,370.0,368.79999,369.0,134.0
2018-07-02,364.0,370.0,363.0,370.0,369.0
2018-07-03,362.0,362.0,352.0,359.0,10784.0
2018-07-04,352.0,352.0,340.0,349.89999,7896.0
2018-07-05,360.0,360.0,360.0,360.0,952.0
2018-07-06,364.0,365.0,355.0,360.0,508.0
2018-07-09,367.0,368.0,367.0,368.0,9.0
2018-07-10,357.0,357.0,357.0,357.0,11.0
2018-07-11,357.0,357.0,347.10001,352.0,8296.0
2018-07-12,352.0,359.85001,352.0,359.0,2228.0
2018-07-13,352.0,359.0,349.0,349.0,3838.0
2018-07-16,346.5,350.0,346.5,350.0,285.0
2018-07-17,350.0,360.0,346.29999,349.0,4161.0
2018-07-18,357.0,358.70001,348.0,354.95001,6634.0
2018-07-19,348.0,348.0,348.0,348.0,18.0
2018-07-20,347.0,355.0,340.0,355.0,2046.0
2018-07-23,321.20001,352.0,321.20001,351.89999,724.0
2018-07-24,345.0,345.79999,340.0,342.0,7552.0
2018-07-25,332.0,340.0,332.0,340.0,735.0
2018-07-26,343.95001,343.95001,336.10001,336.10001,2210.0
2018-07-27,339.0,343.89999,337.0,343.89999,629.0
2018-07-31,345.0,345.0,338.10001,342.0,713.0
2018-08-01,348.70001,348.70001,339.0,339.0,147.0
2018-08-02,339.0,347.0,338.39999,347.0,19016.0
2018-08-03,347.89999,355.0,341.0,341.0,600.0
2018-08-06,331.60001,347.0,331.60001,347.0,97.0
2018-08-07,341.0,347.0,340.04999,345.0,7082.0
2018-08-08,344.95001,350.0,344.95001,350.0,1084.0
2018-08-09,353.0,359.0,350.0,350.0,3825.0
2018-08-10,348.0,355.0,346.0,355.0,402.0
2018-08-13,358.95001,359.75,355.0,359.75,104.0
2018-08-15,359.85001,359.89999,351.25,359.70001,29.0
2018-08-16,353.95001,354.0,353.95001,354.0,14.0
2018-08-17,345.0,352.0,341.10001,351.0,102.0
2018-08-24,341.29999,354.89999,341.29999,354.89999,8.0
2018-08-28,346.0,346.0,346.0,346.0,35.0
2018-08-29,345.0,347.39999,326.20001,335.5,468.0
2018-08-30,335.5,343.89999,330.0,340.0,1809.0
2018-08-31,340.0,345.0,339.0,340.0,1890.0
2018-09-03,350.0,350.0,345.0,345.0,299.0
2018-09-04,345.0,345.0,345.0,345.0,21.0
2018-09-05,344.95001,350.0,340.0,349.0,1280.0
2018-09-06,348.89999,354.5,348.89999,354.5,200.0
2018-09-07,345.0,345.0,345.0,345.0,200.0
2018-09-10,345.0,350.0,345.0,350.0,165.0
2018-09-12,335.0,335.0,335.0,335.0,4000.0
2018-09-13,335.0,349.89999,335.0,349.89999,433.0
2018-09-14,342.0,344.0,339.0,344.0,1065.0
2018-09-17,354.85001,354.85001,350.0,350.0,45.0
2018-09-18,341.04999,345.0,336.0,345.0,435.0
2018-09-19,340.0,340.10001,336.0,340.10001,1201.0
2018-09-20,338.0,347.95001,338.0,346.0,1134.0
2018-09-21,347.0,347.0,317.0,320.35001,17575.0
2018-09-24,336.0,336.0,325.0,329.0,3694.0
2018-09-25,320.20001,335.0,320.0,334.95001,2817.0
2018-09-26,336.0,342.0,330.0,330.0,463.0
2018-09-27,330.0,339.0,330.0,339.0,1923.0
2018-09-28,340.0,340.0,334.95001,334.95001,7444.0
2018-10-01,335.0,335.0,330.0,333.0,886.0
2018-10-02,330.0,335.0,330.0,330.0,1406.0
2018-10-03,329.0,329.0,329.0,329.0,50.0
2018-10-04,329.04999,329.04999,328.0,328.0,211.0
2018-10-05,327.0,332.95001,326.0,332.95001,452.0
2018-10-08,323.10001,323.10001,323.0,323.0,571.0
2018-10-09,334.85001,334.85001,320.0,320.0,1698.0
2018-10-10,317.5,320.0,317.04999,320.0,456.0
2018-10-11,321.0,322.5,320.0,320.0,668.0
2018-10-12,320.0,326.95001,318.0,320.0,859.0
2018-10-15,330.0,330.0,319.79999,328.39999,216.0
2018-10-16,328.39999,328.39999,311.25,314.0,1090.0
2018-10-17,316.89999,316.89999,297.0,312.0,3139.0
2018-10-18,312.0,315.0,312.0,315.0,171.0
2018-10-19,319.89999,324.0,312.14999,312.14999,3059.0
2018-10-22,321.0,321.0,312.14999,320.0,1985.0
2018-10-23,312.10001,320.0,307.20001,313.60001,1904.0
2018-10-24,315.0,315.10001,315.0,315.10001,70.0
2018-10-25,317.0,325.0,317.0,325.0,1533.0
2018-10-26,318.04999,325.0,318.04999,323.0,826.0
2018-10-29,326.0,330.0,321.0,330.0,840.0
2018-10-30,321.10001,321.10001,318.0,320.0,765.0
2018-10-31,326.79999,326.79999,326.79999,326.79999,1.0
2018-11-01,324.5,326.0,317.0,317.0,3829.0
2018-11-02,325.89999,326.0,320.0,320.0,169.0
2018-11-08,319.0,319.0,319.0,319.0,100.0
2018-11-09,310.0,318.0,307.60001,318.0,2353.0
2018-11-12,309.0,309.10001,309.0,309.0,120.0
2018-11-13,310.0,315.0,310.0,310.0,5002.0
2018-11-14,305.0,306.20001,305.0,306.20001,275.0
2018-11-15,306.20001,310.0,302.39999,310.0,3633.0
2018-11-16,305.0,310.0,305.0,306.0,542.0
2018-11-19,306.0,315.0,303.0,303.0,599.0
2018-11-22,303.0,312.0,303.0,304.0,2142.0
2018-11-23,309.0,309.0,303.0,303.0,5880.0
2018-11-26,304.0,304.0,303.0,303.0,890.0
2018-11-27,303.0,303.0,300.0,300.0,495.0
2018-11-28,300.0,311.39999,300.0,311.39999,473.0
2018-11-29,309.75,311.79999,309.75,310.0,511.0
2018-11-30,311.10001,311.10001,305.0,305.0,266.0
2018-12-03,310.10001,310.10001,303.0,303.0,452.0
2018-12-04,325.20001,333.25,322.0,333.25,8075.0
2018-12-05,335.0,349.0,330.0,330.0,6963.0
2018-12-06,337.95001,337.95001,324.0,336.14999,386.0
2018-12-07,339.0,339.29999,330.0,330.0,2420.0
2018-12-10,325.0,325.04999,325.0,325.04999,190.0
2018-12-11,332.0,338.79999,325.0,338.79999,1785.0
2018-12-12,327.10001,327.10001,327.04999,327.04999,200.0
2018-12-13,325.14999,328.0,320.0,320.0,8345.0
2018-12-14,322.0,330.04999,322.0,330.04999,7343.0
2018-12-17,333.75,348.0,333.75,340.0,11779.0
2018-12-18,345.89999,355.0,340.10001,347.0,17982.0
2018-12-19,343.5,343.5,342.5,342.5,203.0
2018-12-20,346.0,346.0,346.0,346.0,5.0
2018-12-21,345.0,345.0,336.75,340.0,3904.0
2018-12-24,340.0,347.0,340.0,340.0,538.0
2018-12-25,345.0,345.0,339.0,339.0,10536.0
2018-12-26,345.0,345.0,340.0,340.0,31.0
2018-12-27,337.0,339.89999,336.54999,339.89999,113.0
2018-12-28,340.0,344.0,325.0,325.0,29987.0
2018-12-31,325.25,339.5,325.25,330.0,1875.0
2019-01-02,337.89999,337.89999,329.0,329.0,501.0
2019-01-03,328.35001,347.45001,328.29999,345.0,17057.0
2019-01-04,342.39999,347.0,341.0,346.95001,14725.0
2019-01-07,350.0,353.89999,345.0,345.20001,5794.0
2019-01-08,348.79999,348.89999,340.04999,340.79999,653.0
2019-01-09,344.89999,344.89999,341.04999,341.04999,1403.0
2019-01-10,345.0,345.0,338.10001,340.0,435.0
2019-01-14,343.5,344.0,340.0,340.0,4127.0
2019-01-15,334.0,339.95001,334.0,339.0,10259.0
2019-01-16,332.10001,339.0,326.10001,339.0,16.0
2019-01-18,328.10001,338.5,326.35001,338.5,117.0
2019-01-21,339.0,339.0,339.0,339.0,70.0
2019-01-22,330.25,330.25,330.25,330.25,1.0
2019-01-23,338.0,338.0,330.0,331.5,15685.0
2019-01-24,331.70001,339.0,331.70001,339.0,474.0
2019-01-25,341.0,343.5,331.10001,331.10001,897.0
2019-01-28,330.0,338.0,328.89999,338.0,97.0
2019-01-29,339.0,339.45001,339.0,339.45001,20.0
2019-01-30,335.0,335.04999,330.0,335.04999,1618.0
2019-01-31,340.0,340.0,330.0,338.89999,156.0
2019-02-01,331.70001,339.0,331.70001,339.0,150.0
2019-02-05,329.0,335.0,321.10001,334.0,4520.0
2019-02-07,330.10001,330.10001,330.0,330.0,64.0
2019-02-08,330.0,336.5,330.0,336.5,297.0
2019-02-11,330.0,330.0,330.0,330.0,5.0
2019-02-12,326.0,326.0,326.0,326.0,10.0
2019-02-13,326.0,330.0,326.0,330.0,14486.0
2019-02-14,333.0,339.95001,330.0,339.79999,7627.0
2019-02-15,332.0,343.79999,332.0,334.5,1745.0
2019-02-18,340.95001,340.95001,334.5,340.95001,324.0
2019-02-19,341.0,341.0,335.0,339.95001,932.0
2019-02-20,335.29999,340.45001,335.29999,340.45001,21.0
2019-02-21,340.0,340.0,335.20001,335.20001,60.0
2019-02-22,335.25,340.79999,335.25,335.5,19.0
2019-02-25,340.95001,340.95001,335.20001,335.20001,1962.0
2019-02-26,335.29999,339.89999,335.29999,339.89999,6.0
2019-02-28,339.0,339.5,332.0,335.0,2706.0
2019-03-01,334.0,335.0,332.10001,335.0,3392.0
2019-03-04,310.0,329.89999,310.0,329.89999,60.0
2019-03-05,326.0,326.0,325.0,325.0,116.0
2019-03-06,322.10001,322.10001,322.0,322.0,56.0
2019-03-08,320.0,324.89999,316.10001,324.89999,1212.0
2019-03-13,305.0,314.04999,305.0,310.04999,155.0
2019-03-14,323.0,323.0,323.0,323.0,3.0
2019-03-15,316.0,316.0,316.0,316.0,14.0
2019-03-18,307.10001,312.0,307.0,310.14999,627.0
2019-03-19,311.10001,311.10001,305.0,305.0,261.0
2019-03-20,305.0,305.0,304.0,305.0,15.0
2019-03-21,305.0,305.0,305.0,305.0,20.0
2019-03-22,303.10001,319.0,303.0,303.04999,2814.0
2019-03-25,305.0,305.0,305.0,305.0,30.0
2019-03-26,312.0,319.5,312.0,319.5,1072.0
2019-03-27,312.0,320.0,303.0,319.0,627.0
2019-03-28,315.0,319.0,300.0,309.95001,3048.0
2019-03-29,300.0,303.75,291.45001,300.0,216.0
2019-04-01,300.0,300.0,295.0,300.0,1044.0
2019-04-02,300.0,300.0,300.0,300.0,2240.0
2019-04-04,298.0,298.0,295.0,295.0,4107.0
2019-04-05,295.0,295.0,286.20001,287.0,78.0
2019-04-08,285.0,285.0,281.10001,281.10001,70.0
2019-04-09,281.5,289.0,281.20001,289.0,51.0
2019-04-10,296.89999,307.0,296.89999,299.0,145.0
2019-04-11,300.0,300.10001,300.0,300.0,2656.0
2019-04-12,300.10001,306.0,291.0,304.95001,3459.0
2019-04-15,300.0,300.0,300.0,300.0,91.0
2019-04-16,302.0,304.0,300.0,304.0,2193.0
2019-04-17,300.0,303.5,300.0,303.5,125.0
2019-04-18,301.0,308.0,300.0,300.0,906.0
2019-04-19,300.0,300.0,300.0,300.0,300.0
2019-04-22,297.0,297.0,294.29999,294.29999,419.0
2019-04-23,294.29999,294.29999,294.29999,294.29999,277.0
2019-04-24,295.04999,295.04999,295.0,295.0,235.0
2019-04-25,296.0,300.0,296.0,300.0,501.0
2019-04-26,302.85001,302.85001,295.0,295.0,255.0
2019-04-29,299.0,299.0,294.0,299.0,110.0
2019-04-30,303.89999,303.89999,303.89999,303.89999,1.0
2019-05-02,293.0,295.0,293.0,295.0,625.0
2019-05-03,295.0,300.0,291.04999,300.0,1809.0
2019-05-06,295.0,295.0,293.0,293.0,561.0
2019-05-07,293.0,293.0,284.25,284.25,2954.0
2019-05-08,290.89999,290.89999,284.29999,284.29999,207.0
2019-05-09,287.0,287.0,287.0,287.0,10.0
2019-05-10,290.0,293.0,290.0,293.0,318.0
2019-05-13,293.0,294.0,293.0,293.0,219.0
2019-05-14,293.0,293.0,290.0,290.0,1355.0
2019-05-15,290.0,298.0,290.0,298.0,55.0
2019-05-16,290.0,307.79999,290.0,307.79999,480.0
2019-05-17,291.0,307.0,290.0,307.0,18529.0
2019-05-20,290.0,290.0,289.0,289.0,776.0
2019-05-21,302.89999,302.89999,289.0,289.0,182.0
2019-05-22,289.0,289.0,286.0,286.0,68.0
2019-05-23,286.0,290.0,285.25,290.0,989.0
2019-05-24,305.0,305.0,305.0,305.0,600.0
2019-05-27,295.0,295.0,295.0,295.0,6.0
2019-05-29,286.5,286.60001,278.0,278.0,2279.0
2019-05-30,279.04999,279.20001,279.04999,279.20001,45.0
2019-05-31,290.0,290.0,290.0,290.0,100.0
2019-06-03,278.35001,278.35001,278.35001,278.35001,16.0
2019-06-04,290.0,290.0,290.0,290.0,47.0
2019-06-10,288.0,289.95001,282.0,282.0,43.0
2019-06-11,289.0,289.0,276.14999,278.04999,106.0
2019-06-12,280.0,282.0,280.0,280.0,970.0
2019-06-13,280.0,280.0,280.0,280.0,4.0
2019-06-14,280.0,288.0,277.5,286.89999,1662.0
2019-06-17,287.89999,294.89999,287.89999,294.0,192.0
2019-06-18,294.75,294.75,294.75,294.75,105.0
2019-06-19,289.0,295.0,281.25,281.25,572.0
2019-06-20,294.75,294.75,294.0,294.0,113.0
2019-06-25,283.0,283.0,283.0,283.0,90.0
2019-06-26,282.75,283.0,276.20001,283.0,330.0
2019-06-28,277.0,289.89999,277.0,289.89999,3284.0
2019-07-01,280.04999,280.04999,280.04999,280.04999,100.0
2019-07-02,289.89999,289.89999,280.25,280.25,54.0
2019-07-03,279.04999,289.70001,278.0,289.70001,257.0
2019-07-05,289.70001,295.0,284.0,295.0,1567.0
2019-07-08,295.0,295.0,282.29999,294.85001,3637.0
2019-07-09,290.0,295.0,290.0,295.0,220.0
2019-07-10,287.54999,287.54999,287.54999,287.54999,17.0
2019-07-11,287.54999,287.54999,284.0,284.10001,392.0
2019-07-12,287.5,293.79999,284.04999,293.0,1108.0
2019-07-15,286.0,286.25,286.0,286.0,58.0
2019-07-16,290.0,290.0,290.0,290.0,200.0
2019-07-17,285.0,290.0,285.0,285.0,4.0
2019-07-18,282.0,282.0,280.04999,280.29999,378.0
2019-07-19,285.0,289.79999,284.5,289.79999,749.0
2019-07-22,284.5,284.5,284.5,284.5,75.0
2019-07-23,284.5,284.54999,284.5,284.5,513.0
2019-07-25,288.0,288.0,285.0,288.0,503.0
2019-07-26,287.0,290.0,285.0,290.0,769.0
2019-07-29,290.0,294.5,290.0,294.5,153.0
2019-07-31,290.0,294.5,290.0,294.5,5355.0
2019-08-01,294.0,294.0,286.0,294.0,346.0
2019-08-02,293.95001,294.0,286.0,294.0,393.0
2019-08-05,286.10001,290.0,286.10001,290.0,622.0
2019-08-06,288.0,288.0,288.0,288.0,76.0
2019-08-07,290.0,293.0,288.10001,288.10001,428.0
2019-08-08,292.89999,294.0,288.0,288.0,128.0
2019-08-09,292.0,294.0,288.10001,288.10001,1646.0
2019-08-15,294.0,294.0,294.0,294.0,30.0
2019-08-16,293.70001,308.0,291.0,301.0,2733.0
2019-08-19,300.5,320.0,300.0,319.70001,779.0
2019-08-22,319.0,323.95001,314.0,321.0,1471.0
2019-08-23,321.0,340.0,321.0,340.0,4349.0
2019-08-26,349.0,349.0,334.5,336.0,949.0
2019-08-27,328.60001,339.95001,327.5,327.5,919.0
2019-08-28,327.5,348.0,327.5,340.0,9298.0
2019-08-29,345.0,347.0,338.5,343.89999,1532.0
2019-08-30,330.0,330.0,309.54999,309.54999,9706.0
2019-09-02,318.10001,318.10001,302.0,302.0,815.0
2019-09-03,302.10001,313.89999,302.10001,310.0,677.0
2019-09-04,308.0,317.0,307.10001,308.0,842.0
2019-09-05,310.0,316.0,310.0,316.0,80.0
2019-09-06,316.0,320.0,310.35001,320.0,741.0
2019-09-09,323.0,323.0,315.0,320.0,359.0
2019-09-10,320.0,320.0,314.89999,314.89999,683.0
2019-09-11,325.0,325.0,305.10001,317.0,106.0
2019-09-12,317.0,319.0,317.0,319.0,27.0
2019-09-13,319.89999,319.89999,319.89999,319.89999,100.0
2019-09-16,309.0,311.0,309.0,311.0,321.0
2019-09-17,314.79999,314.79999,314.79999,314.79999,33.0
2019-09-18,311.0,311.0,305.04999,307.0,523.0
2019-09-19,315.0,315.0,305.04999,305.04999,232.0
2019-09-20,297.0,297.0,296.0,296.0,72.0
2019-09-23,313.0,313.0,313.0,313.0,5.0
2019-09-24,310.0,310.0,305.0,305.0,580.0
2019-09-25,301.0,302.0,301.0,302.0,755.0
2019-09-26,312.95001,323.89999,310.0,310.0,3813.0
2019-09-27,318.0,318.0,318.0,318.0,210.0
2019-09-30,310.0,310.0,300.0,300.0,1327.0
2019-10-01,317.95001,317.95001,317.95001,317.95001,1.0
2019-10-03,306.0,314.95001,301.5,314.95001,266.0
2019-10-04,318.95001,318.95001,318.95001,318.95001,200.0
2019-10-07,318.60001,318.60001,306.14999,306.25,51.0
2019-10-08,307.25,317.39999,307.25,317.39999,12.0
2019-10-09,304.0,304.0,304.0,304.0,204.0
2019-10-10,302.0,302.0,300.0,300.0,1030.0
2019-10-11,301.0,308.95001,300.04999,301.0,474.0
2019-10-14,308.89999,308.89999,308.89999,308.89999,1.0
2019-10-15,300.20001,312.5,300.20001,312.5,6.0
2019-10-16,300.20001,300.20001,300.20001,300.20001,20.0
2019-10-17,311.60001,311.60001,311.60001,311.60001,10.0
2019-10-18,312.95001,319.0,300.0,300.0,4488.0
2019-10-21,300.10001,315.95001,300.10001,315.95001,3.0
2019-10-24,301.10001,310.0,301.10001,310.0,301.0
2019-10-25,304.5,309.0,300.10001,309.0,1198.0
2019-10-28,300.25,311.0,300.25,302.0,99.0
2019-10-29,303.04999,303.04999,303.04999,303.04999,140.0
2019-10-30,303.20001,309.95001,303.20001,305.0,1546.0
2019-10-31,306.0,306.0,305.0,305.0,142.0
2019-11-01,310.0,310.0,310.0,310.0,451.0
2019-11-04,305.0,305.0,303.0,303.0,2001.0
2019-11-05,303.0,303.0,301.75,301.75,63.0
2019-11-07,302.10001,302.10001,302.10001,302.10001,1.0
2019-11-08,303.0,307.0,302.10001,307.0,2152.0
2019-11-12,302.0,302.0,302.0,302.0,120.0
2019-11-13,303.0,303.0,302.5,302.5,14046.0
2019-11-14,308.89999,308.89999,300.0,301.75,1138.0
2019-11-15,309.0,309.0,309.0,309.0,500.0
2019-11-19,301.0,301.0,300.20001,300.20001,12.0
2019-11-20,300.5,300.64999,300.39999,300.64999,14120.0
2019-11-21,299.0,310.0,299.0,310.0,485.0
2019-11-22,315.5,315.5,307.0,312.0,1429.0
2019-11-25,300.0,302.0,300.0,302.0,507.0
2019-11-26,300.85001,309.79999,300.85001,309.79999,331.0
2019-11-27,311.0,311.0,309.79999,309.79999,1005.0
2019-11-29,303.0,303.0,300.0,300.0,2217.0
2019-12-02,297.5,297.5,297.0,297.0,32.0
2019-12-03,299.0,299.0,299.0,299.0,23.0
2019-12-04,306.0,306.0,300.0,302.0,2301.0
2019-12-05,300.0,300.0,300.0,300.0,20.0
2019-12-06,299.0,305.0,298.54999,305.0,419.0
2019-12-09,300.04999,300.04999,300.04999,300.04999,200.0
2019-12-10,300.0,300.0,299.0,300.0,552.0
2019-12-11,300.0,306.0,300.0,300.04999,3185.0
2019-12-12,299.10001,299.10001,299.10001,299.10001,7480.0
2019-12-13,305.0,305.0,305.0,305.0,300.0
2019-12-16,305.0,305.0,300.0,300.10001,201.0
2019-12-17,305.0,305.0,299.04999,299.04999,329.0
2019-12-18,300.10001,300.10001,299.0,300.0,1706.0
2019-12-19,302.0,305.0,300.0,305.0,2018.0
2019-12-20,305.0,307.0,300.0,307.0,5330.0
2019-12-23,300.0,306.79999,300.0,301.0,539.0
2019-12-24,275.0,282.0,275.0,276.20001,16441.0
2019-12-25,280.0,280.0,276.20001,279.0,1349.0
2019-12-26,275.29999,275.45001,265.10001,266.0,9008.0
2019-12-27,268.0,290.0,267.0,290.0,7227.0
2019-12-30,288.89999,288.89999,281.0,284.0,16783.0
2019-12-31,284.0,285.0,280.10001,280.10001,314.0
2020-01-02,280.0,280.0,276.5,276.5,34.0
2020-01-03,276.10001,276.10001,274.0,274.0,157.0
2020-01-06,273.0,273.0,270.0,270.0,221.0
2020-01-08,267.5,277.95001,264.0,277.95001,390.0
2020-01-09,277.95001,295.0,277.95001,294.89999,49063.0
2020-01-10,294.79999,305.70001,291.04999,291.04999,3092.0
2020-01-13,298.95001,298.95001,288.0,288.0,1842.0
2020-01-14,288.04999,289.0,288.0,288.20001,1195.0
2020-01-15,290.10001,294.0,288.25,289.0,1032.0
2020-01-16,294.0,296.0,294.0,294.0,1744.0
2020-01-17,288.29999,297.0,288.29999,293.0,3507.0
2020-01-20,295.0,295.0,293.0,293.20001,2626.0
2020-01-21,292.5,292.5,292.0,292.0,148.0
2020-01-22,292.0,293.0,292.0,293.0,331.0
2020-01-23,291.0,300.0,291.0,300.0,9536.0
2020-01-24,291.20001,299.0,291.20001,298.89999,1615.0
2020-01-27,297.5,297.89999,293.0,293.0,750.0
2020-01-28,291.14999,295.0,290.10001,295.0,6622.0
2020-01-30,292.0,292.0,292.0,292.0,540.0
2020-01-31,291.0,294.89999,291.0,294.89999,1700.0
2020-02-03,290.10001,291.0,290.0,290.0,263.0
2020-02-04,289.10001,289.10001,289.0,289.04999,58.0
2020-02-05,289.04999,289.04999,289.04999,289.04999,3.0
2020-02-06,289.14999,294.89999,289.0,294.89999,1129.0
2020-02-10,285.0,287.0,285.0,287.0,311.0
2020-02-11,285.0,285.0,285.0,285.0,414.0
2020-02-13,285.0,285.0,285.0,285.0,482.0
2020-02-14,285.04999,300.0,284.0,300.0,7192.0
2020-02-18,292.0,292.0,292.0,292.0,790.0
2020-02-19,289.54999,289.54999,289.14999,289.14999,500.0
2020-02-20,290.0,292.0,285.20001,292.0,674.0
2020-02-21,292.10001,292.10001,286.14999,286.14999,355.0
2020-02-26,292.0,292.0,285.5,286.0,1228.0
2020-02-27,286.0,286.10001,286.0,286.0,1000.0
2020-02-28,292.0,292.0,280.0,280.0,2386.0
2020-03-02,281.0,281.0,281.0,281.0,15.0
2020-03-03,281.0,281.0,275.0,278.0,1227.0
2020-03-04,278.0,278.0,275.0,275.0,1100.0
2020-03-05,275.0,278.0,275.0,275.0,543.0
2020-03-06,275.0,275.0,260.0,260.0,5041.0
2020-03-09,260.0,260.0,239.0,250.0,1801.0
2020-03-10,259.0,273.0,259.0,272.0,1436.0
2020-03-12,251.0,251.0,244.85001,245.5,9625.0
2020-03-13,230.05,231.5,223.0,231.0,11940.0
2020-03-16,210.0,210.0,208.0,208.0,653.0
2020-03-17,199.7,199.7,199.7,199.7,1065.0
2020-03-18,191.8,191.8,191.8,191.8,16.0
2020-03-19,184.2,195.3,184.2,195.3,3795.0
2020-03-20,195.0,203.10001,195.0,203.10001,7126.0
2020-03-23,203.10001,211.14999,203.0,211.0,3031.0
2020-03-24,215.0,219.39999,214.0,219.0,1235.0
2020-03-25,215.0,215.0,211.0,211.5,800.0
2020-03-27,203.05,203.05,203.05,203.05,48.0
2020-03-30,194.95,194.95,194.95,194.95,20.0
2020-03-31,187.2,187.2,187.2,187.2,520.0
2020-04-01,180.05,193.95,179.75,179.75,930.0
2020-04-02,179.85001,179.85001,173.39999,173.39999,2617.0
2020-04-03,173.39999,178.0,173.39999,178.0,571.0
2020-04-06,179.0,179.89999,179.0,179.89999,42.0
2020-04-07,185.0,185.0,173.0,173.0,231.0
2020-04-08,172.5,172.5,169.10001,169.10001,36.0
2020-04-09,165.0,170.10001,165.0,170.10001,258.0
2020-04-10,171.89999,171.89999,165.10001,171.89999,75.0
2020-04-14,168.0,168.0,168.0,168.0,567.0
2020-04-15,170.5,171.0,170.5,171.0,10.0
2020-04-16,164.3,167.39999,164.3,164.89999,770.0
2020-04-17,164.5,167.0,164.5,167.0,810.0
2020-04-20,161.10001,170.85001,161.10001,170.85001,120.0
2020-04-22,165.0,165.0,164.05,164.05,1298.0
2020-04-23,157.5,157.5,157.5,157.5,130.0
2020-04-24,157.5,157.5,157.5,157.5,2.0
2020-04-27,157.5,157.5,157.5,157.5,35.0
2020-04-28,157.5,163.0,151.5,163.0,334.0
2020-04-29,160.0,160.0,159.0,159.0,81.0
2020-04-30,163.0,165.35001,163.0,165.35001,4073.0
2020-05-04,168.64999,171.95,168.64999,171.95,3923.0
2020-05-05,172.0,178.8,172.0,178.8,7675.0
2020-05-06,184.45,185.95,180.0,180.0,5729.0
2020-05-07,185.0,185.0,179.0,180.0,5791.0
2020-05-08,180.10001,181.0,177.0,177.0,2388.0
2020-05-11,178.0,180.0,177.0,180.0,4910.0
2020-05-12,183.0,185.0,175.0,175.0,665.0
2020-05-13,175.0,175.0,171.0,175.0,573.0
2020-05-14,176.0,176.0,175.0,175.0,28.0
2020-05-15,176.0,176.0,175.0,175.0,2256.0
2020-05-18,176.0,176.0,175.10001,175.10001,273.0
2020-05-19,179.7,179.7,176.0,176.0,551.0
2020-05-20,173.0,173.0,173.0,173.0,89.0
2020-05-21,179.0,179.0,174.14999,177.0,1081.0
2020-05-22,181.0,184.05,181.0,184.05,4439.0
2020-05-26,190.89999,191.39999,190.89999,191.39999,3082.0
2020-05-27,196.75,196.75,186.14999,186.14999,2014.0
2020-05-28,187.3,191.10001,187.0,191.10001,1484.0
2020-05-29,187.14999,187.14999,183.5,183.5,4681.0
2020-06-01,176.2,182.39999,176.2,179.0,3685.0
2020-06-02,179.0,186.14999,178.89999,186.14999,14820.0
2020-06-03,193.55,193.55,193.5,193.55,10382.0
2020-06-04,198.0,200.0,193.55,196.0,5348.0
2020-06-05,199.0,200.0,188.2,193.0,7106.0
2020-06-08,193.0,196.0,192.95,195.0,781.0
2020-06-09,191.0,198.7,191.0,195.0,6704.0
2020-06-10,192.0,192.0,192.0,192.0,950.0
2020-06-11,191.5,191.5,187.0,187.5,1830.0
2020-06-12,187.0,192.0,187.0,192.0,312.0
2020-06-15,186.0,189.0,186.0,189.0,391.0
2020-06-16,188.89999,190.0,188.89999,189.0,90.0
2020-06-17,196.55,196.55,193.0,194.0,18062.0
2020-06-18,195.95,195.95,192.0,194.0,1340.0
2020-06-19,192.0,193.89999,187.0,191.0,3141.0
2020-06-22,190.0,196.5,186.5,196.0,3390.0
2020-06-23,190.55,191.5,188.2,188.2,2356.0
2020-06-24,190.0,190.0,185.0,185.0,1713.0
2020-06-25,183.0,192.0,183.0,192.0,691.0
2020-06-26,185.10001,189.89999,185.0,188.0,2469.0
2020-06-29,184.5,191.3,182.05,191.3,21.0
2020-06-30,184.0,188.0,184.0,188.0,360.0
2020-07-01,189.85001,189.85001,189.85001,189.85001,5.0
2020-07-02,190.0,190.0,190.0,190.0,200.0
2020-07-03,182.60001,189.95,182.60001,183.0,3978.0
2020-07-06,187.89999,187.89999,187.89999,187.89999,320.0
2020-07-07,185.0,185.0,181.5,181.5,203.0
2020-07-08,181.5,185.0,181.5,185.0,49.0
2020-07-09,181.5,184.5,181.5,184.5,112.0
2020-07-10,181.5,184.0,180.0,184.0,2426.0
2020-07-13,185.0,185.0,181.0,181.0,1264.0
2020-07-14,183.95,184.0,179.10001,179.10001,1330.0
2020-07-15,179.10001,183.5,175.7,183.5,94.0
2020-07-16,182.0,183.0,180.0,183.0,1022.0
2020-07-17,180.0,189.0,180.0,189.0,1514.0
2020-07-20,186.0,188.0,186.0,188.0,6.0
2020-07-21,188.0,188.0,188.0,188.0,7.0
2020-07-22,185.0,185.0,185.0,185.0,114.0
2020-07-23,185.0,188.0,185.0,188.0,636.0
2020-07-24,185.0,188.0,184.0,188.0,1106.0
2020-07-27,181.60001,187.89999,180.5,180.5,1550.0
2020-07-28,180.5,180.5,173.5,174.0,4594.0
2020-07-29,178.95,178.95,178.95,178.95,239.0
2020-08-03,179.45,179.45,179.45,179.45,4.0
2020-08-04,175.89999,175.95,175.0,175.0,49.0
2020-08-05,172.0,175.0,168.05,175.0,261.0
2020-08-06,175.95,181.95,175.95,180.85001,3322.0
2020-08-07,176.0,181.0,176.0,180.0,474.0
2020-08-10,175.0,179.89999,175.0,179.89999,110.0
2020-08-11,179.89999,183.7,179.89999,179.89999,8368.0
2020-08-12,186.0,186.0,185.0,185.5,747.0
2020-08-13,186.8,186.8,180.0,180.0,602.0
2020-08-17,180.0,184.0,180.0,184.0,23.0
2020-08-18,179.0,184.95,179.0,184.95,11.0
2020-08-19,180.0,180.0,177.60001,177.60001,3392.0
2020-08-24,177.60001,177.60001,174.0,174.0,1445.0
2020-08-25,174.0,177.60001,167.10001,167.10001,3210.0
2020-08-26,167.10001,167.10001,160.45,160.45,2205.0
2020-08-27,160.0,164.0,160.0,160.0,1042.0
2020-08-28,160.0,163.95,156.10001,156.10001,5722.0
2020-08-31,162.0,162.3,162.0,162.3,38.0
2020-09-01,168.75,168.75,168.75,168.75,11.0
2020-09-02,175.45,175.45,175.45,175.45,2237.0
2020-09-03,177.89999,177.89999,175.0,177.5,5094.0
2020-09-04,175.05,178.0,175.05,178.0,531.0
2020-09-07,178.0,179.0,175.0,177.45,733.0
2020-09-08,175.0,175.0,172.0,175.0,566.0
2020-09-09,174.95,174.95,174.95,174.95,203.0
2020-09-10,174.0,174.0,173.95,174.0,26.0
2020-09-11,175.0,175.0,175.0,175.0,700.0
2020-09-14,177.8,177.8,171.0,177.7,6.0
2020-09-16,177.0,177.0,176.8,176.8,170.0
2020-09-17,172.2,175.60001,172.2,175.60001,100.0
2020-09-18,175.39999,175.39999,175.39999,175.39999,600.0
2020-09-22,175.0,175.0,172.0,175.0,14.0
2020-09-23,175.0,177.5,172.0,175.89999,421.0
2020-09-24,172.0,175.89999,169.0,175.89999,292.0
2020-09-25,170.0,177.95,170.0,175.0,552.0
2020-09-28,171.64999,175.0,171.60001,175.0,143.0
2020-09-29,171.60001,176.0,171.60001,176.0,161.0
2020-09-30,177.8,177.8,177.8,177.8,1.0
2020-10-02,172.0,177.0,172.0,177.0,1105.0
2020-10-06,179.0,179.0,179.0,179.0,300.0
2020-10-07,179.0,179.0,174.0,179.0,1819.0
2020-10-08,179.0,179.0,179.0,179.0,5.0
2020-10-09,178.0,178.95,174.2,178.95,604.0
2020-10-12,178.95,180.0,178.95,180.0,588.0
2020-10-13,182.89999,184.0,180.0,181.89999,650.0
2020-10-14,181.89999,181.89999,179.0,181.75,1022.0
2020-10-15,183.0,184.95,181.0,181.0,2887.0
2020-10-16,183.89999,183.89999,180.0,182.0,981.0
2020-10-19,182.0,182.0,180.0,182.0,263.0
2020-10-20,180.95,180.95,180.95,180.95,700.0
2020-10-21,178.7,181.5,178.5,181.5,68.0
2020-10-22,178.60001,182.85001,178.5,182.85001,137.0
2020-10-23,183.7,183.7,183.7,183.7,5.0
2020-10-26,183.85001,187.0,183.85001,186.0,1608.0
2020-10-27,189.64999,189.64999,184.0,184.0,1902.0
2020-10-28,183.0,185.95,181.0,185.95,558.0
2020-11-02,185.85001,185.85001,178.55,179.95,2460.0
2020-11-03,178.60001,181.39999,177.0,181.39999,248.0
2020-11-04,181.95,182.0,181.95,182.0,106.0
2020-11-05,181.0,181.45,180.0,181.45,361.0
2020-11-09,181.0,182.0,180.0,180.0,4368.0
2020-11-10,180.0,183.0,179.05,183.0,9750.0
2020-11-11,183.0,183.0,180.0,182.0,907.0
2020-11-12,182.89999,182.89999,182.85001,182.85001,4.0
2020-11-13,182.85001,182.85001,180.0,182.5,1003.0
2020-11-16,182.85001,182.89999,180.05,180.05,314.0
2020-11-17,182.89999,187.25,182.0,187.10001,5393.0
2020-11-19,187.0,193.5,187.0,191.95,6114.0
2020-11-20,190.0,193.89999,187.55,190.0,7498.0
2020-11-23,189.0,190.0,185.0,185.05,1570.0
2020-11-24,185.0,188.95,184.55,188.95,643.0
2020-11-25,188.0,189.89999,183.14999,189.89999,920.0
2020-11-26,182.7,189.0,182.7,187.0,7490.0
2020-11-27,185.0,187.89999,185.0,187.89999,533.0
2020-11-30,185.05,187.0,181.5,187.0,2389.0
2020-12-01,183.5,185.0,180.10001,185.0,1245.0
2020-12-02,182.0,184.5,180.0,182.5,3870.0
2020-12-03,182.0,183.95,179.0,183.0,952.0
2020-12-04,184.0,185.0,180.0,185.0,1079.0
2020-12-07,181.0,184.0,181.0,184.0,1585.0
2020-12-08,185.0,185.0,183.0,184.5,963.0
2020-12-09,185.0,185.89999,183.3,183.3,3443.0
2020-12-10,185.0,185.0,183.0,183.0,691.0
2020-12-11,190.0,190.10001,183.5,188.85001,35116.0
2020-12-14,188.5,188.5,182.14999,187.0,1371.0
2020-12-15,186.95,186.95,183.85001,185.0,511.0
2020-12-16,183.60001,186.45,183.60001,185.0,4535.0
2020-12-17,183.60001,189.89999,183.0,189.89999,4224.0
2020-12-18,188.85001,189.0,187.0,189.0,8445.0
2020-12-21,187.0,187.0,181.45,181.45,7113.0
2020-12-22,178.14999,186.0,178.14999,185.0,2192.0
2020-12-23,186.89999,192.0,183.14999,192.0,11702.0
2020-12-24,193.0,199.64999,192.0,199.64999,33075.0
2020-12-25,207.0,207.60001,207.0,207.60001,16884.0
2020-12-28,213.5,213.5,207.60001,210.0,17051.0
2020-12-29,209.55,212.0,203.5,209.39999,5897.0
2020-12-30,210.0,210.0,205.0,208.5,6736.0
2020-12-31,207.0,207.0,202.0,202.0,7985.0
2021-01-04,203.0,205.0,200.2,205.0,1184.0
2021-01-05,204.0,213.14999,204.0,213.14999,4298.0
2021-01-06,221.64999,221.64999,218.0,220.0,10785.0
2021-01-07,220.0,226.89999,214.60001,214.60001,7950.0
2021-01-08,218.0,223.0,214.0,220.0,11415.0
2021-01-12,223.0,227.89999,220.10001,224.0,1653.0
2021-01-13,226.0,231.85001,224.0,227.0,7362.0
2021-01-14,226.0,232.95,226.0,228.55,3053.0
2021-01-15,230.0,231.89999,221.0,227.0,8259.0
2021-01-18,230.0,236.05,225.2,236.05,15901.0
2021-01-19,238.0,245.45,233.10001,239.0,53558.0
2021-01-20,240.0,248.55,240.0,248.55,29218.0
2021-01-21,252.0,257.75,246.0,246.0,30443.0
2021-01-22,245.10001,249.0,240.0,243.95,12268.0
2021-01-25,245.0,249.7,243.14999,247.0,5107.0
2021-01-26,248.0,251.2,247.60001,249.0,7384.0
2021-01-27,251.89999,252.0,241.14999,241.14999,4506.0
2021-01-28,243.0,243.0,232.5,238.0,10237.0
2021-01-29,242.39999,242.39999,236.05,236.05,2375.0
2021-02-01,236.05,245.0,232.5,244.0,8122.0
2021-02-02,245.10001,250.0,245.0,246.5,4278.0
2021-02-03,249.0,249.0,240.2,241.05,1582.0
2021-02-04,246.0,246.0,239.0,241.0,1323.0
2021-02-05,240.0,240.0,238.0,238.0,5494.0
2021-02-08,238.0,238.0,235.05,235.05,456.0
2021-02-09,237.0,239.0,234.2,234.2,4383.0
2021-02-10,234.0,234.0,226.5,227.5,5850.0
2021-02-11,227.0,232.0,227.0,230.0,1717.0
2021-02-12,228.0,236.7,228.0,236.7,1705.0
2021-02-15,231.0,231.10001,231.0,231.10001,256.0
2021-02-16,234.0,234.0,228.55,228.7,741.0
2021-02-17,228.7,232.0,228.0,232.0,384.0
2021-02-18,227.39999,231.5,227.39999,231.5,19.0
2021-02-19,227.60001,232.89999,227.0,232.89999,1587.0
2021-02-22,230.0,230.0,225.0,227.0,25178.0
2021-02-23,225.14999,229.0,223.2,227.0,752.0
2021-02-24,223.2,226.0,220.0,220.0,2202.0
2021-02-25,220.0,220.0,214.0,215.0,1917.0
2021-02-26,222.0,223.0,221.0,222.0,7395.0
2021-03-01,228.0,228.0,225.5,228.0,360.0
2021-03-02,227.39999,227.39999,222.0,222.89999,641.0
2021-03-03,220.0,220.0,216.0,220.0,1457.0
2021-03-04,224.45,224.5,216.0,216.0,1224.0
2021-03-05,219.0,223.0,219.0,223.0,7243.0
2021-03-08,218.60001,219.0,218.0,218.5,305.0
2021-03-09,222.5,222.5,218.0,218.0,3060.0
2021-03-10,219.95,220.0,219.95,220.0,476.0
2021-03-11,221.8,221.8,216.5,216.5,482.0
2021-03-12,219.89999,219.89999,219.89999,219.89999,1466.0
2021-03-15,219.0,219.0,215.0,215.10001,3792.0
2021-03-16,215.2,219.0,215.0,218.0,11650.0
2021-03-17,215.5,217.0,210.39999,215.0,20219.0
2021-03-18,217.0,217.0,217.0,217.0,10.0
2021-03-19,215.0,215.0,213.0,213.0,1292.0
2021-03-22,213.0,213.25,211.0,212.0,3888.0
2021-03-23,211.5,211.5,205.05,206.0,4351.0
2021-03-24,197.8,197.8,197.8,197.8,30802.0
2021-03-25,193.10001,205.0,193.10001,198.0,33901.0
2021-03-26,198.0,198.0,194.14999,196.0,1988.0
2021-03-29,202.85001,203.8,199.0,203.8,15590.0
2021-03-30,200.10001,203.89999,200.10001,203.89999,424.0
2021-03-31,201.0,203.0,200.10001,201.0,1782.0
2021-04-01,203.0,204.5,203.0,204.5,363.0
2021-04-02,204.5,212.64999,204.5,212.64999,5140.0
2021-04-05,210.10001,217.0,210.10001,216.0,4719.0
2021-04-06,216.0,216.0,214.5,214.8,2379.0
2021-04-07,214.0,215.0,213.10001,213.10001,219.0
2021-04-08,213.0,214.0,213.0,214.0,194.0
2021-04-09,213.5,215.8,213.0,215.8,1202.0
2021-04-12,215.0,215.0,214.0,215.0,1934.0
2021-04-13,213.0,215.0,212.0,213.3,205.0
2021-04-14,213.39999,213.39999,213.39999,213.39999,15.0
2021-04-15,213.3,213.3,213.3,213.3,14.0
2021-04-16,213.3,213.3,212.3,212.3,52.0
2021-04-19,212.10001,213.0,212.10001,213.0,53.0
2021-04-20,214.0,215.0,214.0,215.0,615.0
2021-04-21,213.0,216.0,213.0,216.0,2301.0
2021-04-22,217.35001,220.0,217.0,219.5,1554.0
2021-04-23,220.0,222.45,219.64999,221.89999,3637.0
2021-04-26,222.0,224.5,220.5,223.95,5073.0
2021-04-27,223.95,224.8,220.7,224.39999,790.0
2021-04-28,222.0,224.0,221.60001,223.7,250.0
2021-04-29,222.0,222.0,221.0,222.0,430.0
2021-04-30,219.7,223.35001,218.0,218.0,1789.0
2021-05-03,220.0,220.0,216.55,218.0,243.0
2021-05-04,221.95,223.0,218.0,221.0,5080.0
2021-05-05,219.25,222.85001,218.60001,222.85001,420.0
2021-05-06,223.0,229.0,220.0,228.85001,5291.0
2021-05-07,229.95,234.85001,228.0,229.5,13888.0
2021-05-10,233.89999,233.89999,229.0,230.0,513.0
2021-05-11,230.0,230.0,223.10001,223.2,6203.0
2021-05-12,227.0,227.0,223.2,225.0,594.0
2021-05-17,225.0,229.85001,222.39999,229.85001,3154.0
2021-05-18,225.55,229.0,225.0,229.0,961.0
2021-05-19,229.0,234.89999,225.64999,232.5,10775.0
2021-05-20,232.0,233.89999,230.0,230.0,793.0
2021-05-21,232.0,235.0,230.0,235.0,3777.0
2021-05-24,235.0,238.89999,231.5,237.5,6339.0
2021-05-25,235.0,237.0,233.05,233.05,13971.0
2021-05-26,236.0,236.0,232.10001,235.8,12318.0
2021-05-27,233.0,235.89999,231.0,231.60001,4232.0
2021-05-28,230.0,230.0,224.0,227.0,4707.0
2021-05-31,236.05,236.05,236.05,236.05,1183.0
2021-06-01,245.45,245.45,245.45,245.45,4191.0
2021-06-02,245.45,248.5,235.75,237.60001,10142.0
2021-06-03,237.60001,245.0,237.60001,245.0,9688.0
2021-06-04,247.0,247.0,241.2,241.25,2569.0
2021-06-07,243.5,243.5,240.05,240.60001,1329.0
2021-06-08,242.95,245.0,239.85001,245.0,4005.0
2021-06-09,245.0,250.0,240.05,250.0,12558.0
2021-06-10,254.0,259.95001,254.0,257.0,48756.0
2021-06-11,260.0,265.95001,257.0,260.0,10158.0
2021-06-14,265.0,266.5,260.0,265.0,7604.0
2021-06-15,264.5,264.5,254.45,255.0,10521.0
2021-06-16,258.39999,258.39999,250.0,250.0,3933.0
2021-06-17,245.0,254.60001,242.05,249.0,991.0
2021-06-18,249.0,252.0,245.5,247.5,3638.0
2021-06-21,251.0,253.0,247.0,253.0,2065.0
2021-06-22,252.0,259.0,250.0,254.0,12391.0
2021-06-23,258.89999,258.89999,253.0,253.0,1068.0
2021-06-24,252.39999,255.0,251.0,254.0,3051.0
2021-06-25,254.0,254.0,247.2,248.0,5703.0
2021-06-28,246.35001,250.0,246.35001,248.0,4278.0
2021-06-29,248.0,250.0,248.0,250.0,256.0
2021-06-30,250.0,257.0,250.0,255.0,4589.0
2021-07-01,258.0,258.79999,253.0,257.0,2373.0
2021-07-02,256.95001,259.0,255.3,256.95001,8465.0
2021-07-05,246.75,248.0,246.7,246.7,4174.0
2021-07-06,246.10001,246.10001,242.0,243.05,405.0
2021-07-07,252.0,252.0,244.5,252.0,960.0
2021-07-08,254.0,259.89999,252.0,258.10001,19339.0
2021-07-09,258.0,264.95001,258.0,264.0,44187.0
2021-07-12,265.0,274.54999,265.0,274.54999,45363.0
2021-07-13,279.95001,283.95001,274.60001,283.0,29138.0
2021-07-14,289.0,289.0,271.70001,274.0,13387.0
2021-07-15,274.0,276.95001,270.0,276.95001,629.0
2021-07-16,271.04999,279.89999,271.04999,275.0,107.0
2021-07-19,278.5,278.5,270.0,270.0,1389.0
2021-07-20,269.0,269.0,265.0,265.5,874.0
2021-07-23,265.5,269.0,263.64999,269.0,861.0
2021-07-26,266.10001,273.5,266.10001,270.0,6141.0
2021-07-27,270.0,270.10001,270.0,270.0,294.0
2021-07-28,266.0,266.0,263.54999,265.0,637.0
2021-07-29,269.95001,269.95001,265.14999,266.0,622.0
2021-08-02,269.89999,269.89999,269.89999,269.89999,130.0
2021-08-03,269.0,273.0,269.0,270.10001,256.0
2021-08-04,273.89999,278.0,273.89999,277.89999,1844.0
2021-08-05,277.89999,281.0,274.04999,274.39999,1840.0
2021-08-06,275.0,275.0,270.0,270.0,5532.0
2021-08-09,270.0,270.0,269.0,269.0,913.0
2021-08-11,268.0,268.54999,267.20001,267.20001,441.0
2021-08-12,267.5,272.0,266.5,267.04999,1756.0
2021-08-13,267.0,275.95001,267.0,268.0,1004.0
2021-08-16,277.89999,278.70001,276.0,278.70001,7674.0
2021-08-17,280.10001,286.0,279.0,279.0,2775.0
2021-08-18,280.0,284.95001,279.10001,283.95001,2944.0
2021-08-19,284.0,284.0,280.54999,281.0,246.0
2021-08-23,277.0,285.0,277.0,285.0,1176.0
2021-08-24,285.0,290.0,285.0,289.89999,4745.0
2021-08-25,290.0,293.0,290.0,292.0,3685.0
2021-08-26,293.0,296.0,292.85001,295.10001,7077.0
2021-08-27,295.5,299.89999,295.5,299.89999,6347.0
2021-08-30,303.0,305.0,300.0,304.95001,1117.0
2021-08-31,292.79999,292.79999,292.79999,292.79999,83.0
2021-09-01,281.10001,281.10001,281.10001,281.10001,2789.0
2021-09-02,275.79999,279.0,269.89999,274.0,21220.0
2021-09-03,274.0,279.0,270.0,270.0,4576.0
2021-09-06,278.0,278.0,270.0,270.04999,1138.0
2021-09-07,271.5,277.0,270.0,275.0,20774.0
2021-09-08,272.5,274.70001,270.0,272.0,1276.0
2021-09-09,272.0,280.0,272.0,278.0,10250.0
2021-09-10,282.0,285.0,277.0,277.0,1495.0
2021-09-13,277.0,277.0,276.0,276.0,305.0
2021-09-14,280.0,280.0,273.20001,278.0,1097.0
2021-09-15,279.89999,280.0,279.0,279.0,312.0
2021-09-16,276.0,279.0,274.70001,279.0,171.0
2021-09-17,278.0,278.0,274.0,277.0,2026.0
2021-09-20,274.0,274.0,270.0,273.0,1548.0
2021-09-21,274.0,274.0,267.5,272.0,502.0
2021-09-23,267.10001,270.0,264.0,265.0,1574.0
2021-09-24,265.0,270.0,265.0,269.0,3144.0
2021-09-27,265.0,268.95001,264.29999,268.95001,408.0
2021-09-28,268.75,268.75,267.0,267.0,210.0
2021-09-29,267.0,267.0,260.0,263.95001,1950.0
2021-09-30,253.39999,253.39999,253.39999,253.39999,253.0
2021-10-01,243.3,243.3,243.3,243.3,606.0
2021-10-04,236.0,245.0,235.10001,241.5,3603.0
2021-10-05,250.89999,250.89999,243.25,245.5,137.0
2021-10-06,250.95,252.0,247.0,250.0,2439.0
2021-10-07,255.0,259.95001,255.0,259.95001,1107.0
2021-10-08,267.89999,267.89999,260.0,260.10001,1052.0
2021-10-11,261.10001,261.39999,261.10001,261.39999,219.0
2021-10-12,263.5,263.5,263.0,263.0,800.0
2021-10-13,262.10001,264.75,261.60001,264.75,261.0
2021-10-14,264.89999,265.0,260.10001,264.89999,381.0
2021-10-15,266.0,266.0,261.54999,266.0,1361.0
2021-10-18,264.5,265.0,262.29999,265.0,836.0
2021-10-21,260.04999,265.70001,258.0,260.25,437.0
2021-10-22,260.60001,265.0,260.0,265.0,1943.0
2021-10-25,260.54999,260.54999,260.20001,260.20001,400.0
2021-10-26,265.0,265.0,260.0,261.0,1128.0
2021-10-27,264.0,265.0,261.0,261.0,4579.0
2021-10-28,264.89999,268.0,264.79999,267.0,258.0
2021-11-01,266.60001,266.89999,260.0,260.0,184.0
2021-11-02,266.45001,267.0,260.0,260.5,1691.0
2021-11-03,261.5,261.5,253.0,260.0,16711.0
2021-11-04,258.0,262.0,258.0,261.79999,65611.0
2021-11-05,258.0,265.0,258.0,264.0,474.0
2021-11-10,256.10001,260.0,256.10001,260.0,69.0
2021-11-15,255.7,256.10001,253.5,256.10001,211.0
2021-11-16,256.10001,256.10001,256.10001,256.10001,261.0
2021-11-17,254.0,256.10001,253.0,256.0,2614.0
2021-11-19,256.0,257.0,256.0,256.0,178.0
2021-11-22,254.0,256.0,251.60001,256.0,450.0
2021-11-23,258.0,258.0,257.0,257.0,15275.0
2021-11-24,255.0,255.0,255.0,255.0,11.0
2021-11-25,255.0,255.0,253.0,255.0,113.0
2021-11-26,253.0,255.89999,247.0,250.0,1874.0
2021-11-29,247.0,247.0,237.10001,246.0,6487.0
2021-11-30,233.10001,244.0,231.25,244.0,5680.0
2021-12-01,243.8,244.0,239.0,239.0,2974.0
2021-12-02,240.0,240.0,237.0,238.0,622.0
2021-12-03,236.5,245.0,232.5,245.0,600.0
2021-12-06,245.0,245.0,245.0,245.0,20.0
2021-12-08,232.75,244.0,232.75,235.0,4042.0
2021-12-09,239.89999,240.0,237.0,239.95,14638.0
2021-12-10,240.0,240.0,235.0,235.0,4271.0
2021-12-13,240.0,240.0,240.0,240.0,4.0
2021-12-14,239.89999,239.89999,239.0,239.0,120.0
2021-12-15,239.95,239.95,239.95,239.95,5.0
2021-12-16,240.0,251.60001,240.0,246.95,2930.0
2021-12-17,240.0,245.0,238.10001,245.0,2605.0
2021-12-20,245.0,245.0,237.0,237.0,207.0
2021-12-21,237.10001,237.10001,234.2,235.0,3944.0
2021-12-22,235.0,238.0,232.0,238.0,3055.0
2021-12-23,231.10001,241.0,229.0,241.0,3837.0
2021-12-24,233.85001,237.0,230.0,234.0,3670.0
2021-12-27,234.10001,239.89999,234.0,235.95,1330.0
2021-12-28,235.0,239.64999,235.0,239.64999,1530.0
2021-12-29,234.2,235.0,230.0,230.0,9010.0
2021-12-30,231.10001,238.39999,230.0,230.0,5385.0
2021-12-31,232.89999,232.89999,229.55,230.0,6092.0
2022-01-03,230.0,230.0,230.0,230.0,316.0
2022-01-04,230.0,230.0,229.0,229.0,170.0
2022-01-05,230.0,230.0,230.0,230.0,655.0
2022-01-06,230.0,235.0,230.0,234.95,287.0
2022-01-07,230.0,236.0,230.0,236.0,5955.0
2022-01-10,235.89999,236.0,232.0,232.0,44.0
2022-01-12,236.0,240.0,236.0,240.0,2382.0
2022-01-13,245.0,254.3,242.5,254.3,7990.0
2022-01-14,262.0,262.0,255.0,258.20001,2339.0
2022-01-17,254.3,256.0,245.35001,251.05,1553.0
2022-01-18,250.95,255.0,250.0,255.0,490.0
2022-01-19,255.0,255.0,251.0,251.3,104.0
2022-01-20,253.0,254.95,250.0,252.89999,8271.0
2022-01-21,254.85001,254.85001,246.2,250.0,12302.0
2022-01-24,251.0,251.0,246.0,246.0,35.0
2022-01-25,245.0,245.0,241.3,242.05,2252.0
2022-01-26,242.05,242.2,242.05,242.10001,2050.0
2022-01-27,242.0,254.89999,242.0,252.25,29256.0
2022-01-28,254.0,254.0,247.5,252.89999,436.0
2022-01-31,253.8,253.95,246.2,248.5,545.0
2022-02-01,248.0,250.0,248.0,250.0,40.0
2022-02-02,247.5,247.5,247.5,247.5,46.0
2022-02-03,246.10001,247.5,246.10001,247.0,313.0
2022-02-04,249.5,250.0,249.5,250.0,2922.0
2022-02-07,250.0,250.0,247.10001,247.10001,1759.0
2022-02-08,250.0,250.0,247.25,249.8,641.0
2022-02-09,249.85001,250.0,249.0,249.8,1373.0
2022-02-10,248.0,249.45,245.3,245.3,526.0
2022-02-11,246.0,246.0,244.3,245.75,1993.0
2022-02-14,247.0,249.64999,245.0,245.0,156.0
2022-02-15,245.0,245.0,245.0,245.0,490.0
2022-02-16,245.0,245.0,245.0,245.0,435.0
2022-02-17,238.0,238.0,238.0,238.0,700.0
2022-02-18,238.55,247.95,236.10001,247.0,2763.0
2022-02-21,242.0,244.89999,240.05,244.89999,273.0
2022-02-22,240.14999,240.14999,231.10001,236.75,5585.0
2022-02-23,234.0,235.0,229.0,235.0,640.0
2022-02-24,236.5,236.5,220.95,220.95,1893.0
2022-02-25,215.0,230.0,215.0,230.0,17695.0
2022-02-28,229.05,243.0,229.05,230.0,46840.0
2022-03-01,238.0,238.0,228.0,228.0,823.0
2022-03-02,228.0,228.0,220.0,220.10001,1456.0
2022-03-03,220.0,220.0,210.2,210.3,2582.0
2022-03-04,210.5,210.5,197.7,197.7,1859.0
2022-03-07,185.85001,185.85001,185.85001,185.85001,290.0
2022-03-08,177.10001,197.0,177.10001,195.0,24104.0
2022-03-09,204.0,206.64999,203.89999,206.64999,2959.0
2022-03-10,219.0,219.0,204.0,208.0,5262.0
2022-03-11,200.0,207.89999,198.0,200.5,1716.0
2022-03-14,200.10001,205.95,200.0,200.2,1148.0
2022-03-15,208.8,208.8,200.0,200.0,1514.0
2022-03-16,207.0,207.0,203.0,203.0,436.0
2022-03-17,206.95,208.0,206.95,208.0,290.0
2022-03-18,207.89999,208.0,205.0,205.0,3173.0
2022-03-21,202.0,208.89999,202.0,208.75,1015.0
2022-03-22,203.0,205.89999,199.0,205.89999,796.0
2022-03-23,200.5,201.95,199.0,201.95,521.0
2022-03-24,200.0,200.0,196.8,197.0,1237.0
2022-03-25,199.85001,202.5,197.0,201.95,826.0
2022-03-28,206.5,206.5,198.0,206.0,334.0
2022-03-29,203.0,204.0,200.0,204.0,1262.0
2022-03-30,201.0,204.0,200.0,200.10001,437.0
2022-03-31,200.0,200.0,200.0,200.0,777.0
2022-04-01,200.0,203.5,199.25,203.5,2536.0
2022-04-04,205.8,207.8,202.0,205.8,441.0
2022-04-05,201.05,204.0,200.0,200.0,3931.0
2022-04-06,204.0,205.75,200.0,205.0,1094.0
2022-04-07,200.5,207.5,200.0,207.5,2277.0
2022-04-08,207.39999,207.45,207.0,207.0,371.0
2022-04-11,201.75,206.39999,201.5,206.39999,434.0
2022-04-12,206.0,206.0,203.0,205.8,4930.0
2022-04-13,205.75,206.0,200.05,205.5,1025.0
2022-04-14,204.0,204.0,200.0,202.0,281.0
2022-04-15,205.0,206.0,200.0,206.0,3285.0
2022-04-18,201.14999,202.5,201.14999,202.5,61.0
2022-04-19,206.0,206.0,206.0,206.0,250.0
2022-04-20,202.0,202.10001,202.0,202.05,362.0
2022-04-21,202.0,204.5,200.05,200.05,694.0
2022-04-22,204.0,204.0,200.0,203.45,2298.0
2022-04-25,203.95,203.95,200.0,200.0,48.0
2022-04-26,200.0,200.0,199.95,200.0,34.0
2022-04-27,199.7,200.0,197.0,200.0,332.0
2022-04-28,197.14999,200.0,194.0,200.0,5026.0
2022-04-29,199.95,203.0,199.95,203.0,802.0
2022-05-04,200.0,200.0,194.05,199.0,685.0
2022-05-05,201.85001,201.95,198.0,199.0,333.0
2022-05-06,196.64999,198.89999,196.60001,198.89999,1191.0
2022-05-09,201.0,201.0,198.0,199.95,115.0
2022-05-10,197.64999,198.0,197.0,198.0,77.0
2022-05-11,198.0,198.0,197.0,198.0,32.0
2022-05-12,197.0,197.0,197.0,197.0,149.0
2022-05-13,196.14999,208.0,192.10001,208.0,2615.0
2022-05-17,196.0,204.0,196.0,204.0,347.0
2022-05-18,198.0,204.5,198.0,204.5,16.0
2022-05-19,197.05,202.64999,197.05,202.64999,2.0
2022-05-24,193.0,193.0,193.0,193.0,33.0
2022-05-25,193.10001,197.89999,193.0,197.89999,617.0
2022-05-26,190.0,190.3,186.05,186.05,1270.0
2022-05-27,188.0,188.0,186.0,186.0,291.0
2022-05-30,186.0,187.0,185.0,185.0,2374.0
2022-06-01,192.95,192.95,192.95,192.95,2.0
2022-06-02,194.0,194.0,194.0,194.0,1.0
2022-06-03,197.7,199.0,196.0,197.2,4613.0
2022-06-08,196.0,196.5,196.0,196.35001,35.0
2022-06-09,194.0,194.0,194.0,194.0,510.0
2022-06-10,194.0,197.5,190.0,190.0,234.0
2022-06-13,187.0,193.0,187.0,193.0,41.0
2022-06-14,186.0,188.0,183.10001,183.10001,1098.0
2022-06-15,177.2,190.0,177.2,190.0,901.0
2022-06-16,189.95,195.5,189.95,195.5,1719.0
2022-06-17,197.0,197.0,193.0,195.0,687.0
2022-06-20,196.85001,196.85001,196.75,196.8,15.0
2022-06-24,200.0,200.0,200.0,200.0,900.0
2022-06-27,195.0,195.0,194.0,194.0,102.0
2022-06-29,188.2,192.89999,188.2,192.89999,6.0
2022-06-30,187.5,195.0,185.60001,195.0,1409.0
2022-07-01,185.05,193.0,185.05,193.0,1073.0
2022-07-04,186.0,187.0,182.0,187.0,121.0
2022-07-05,182.5,183.95,180.0,183.95,338.0
2022-07-07,180.05,180.05,180.05,180.05,10.0
2022-07-08,180.10001,182.0,176.3,182.0,648.0
2022-07-12,173.5,174.14999,173.5,174.0,955.0
2022-07-13,172.10001,175.0,172.10001,175.0,412.0
2022-07-14,174.0,179.85001,174.0,179.85001,176.0
2022-07-15,175.0,175.0,175.0,175.0,18.0
2022-07-18,175.95,176.0,175.95,176.0,119.0
2022-07-19,179.95,179.95,176.14999,177.0,101.0
2022-07-20,180.0,184.0,180.0,184.0,947.0
2022-07-21,184.0,186.89999,184.0,185.0,2254.0
2022-07-22,185.0,187.0,185.0,187.0,20.0
2022-07-25,187.0,187.0,185.0,186.0,957.0
2022-07-26,185.0,185.0,185.0,185.0,1500.0
2022-07-27,178.64999,185.0,178.64999,185.0,1583.0
2022-07-28,185.0,187.0,185.0,187.0,135.0
2022-07-29,187.0,187.0,187.0,187.0,500.0
2022-08-02,190.0,190.0,190.0,190.0,60.0
2022-08-03,190.0,190.0,190.0,190.0,17.0
2022-08-04,190.0,190.0,190.0,190.0,175.0
2022-08-05,190.0,193.85001,190.0,193.85001,264.0
2022-08-08,192.0,199.0,192.0,198.7,751.0
2022-08-09,195.0,196.0,195.0,195.2,200.0
2022-08-10,195.05,195.05,195.0,195.0,207.0
2022-08-11,193.2,193.2,193.0,193.05,110.0
2022-08-12,193.0,199.0,193.0,199.0,104.0
2022-08-15,191.0,191.0,191.0,191.0,38.0
2022-08-16,193.5,193.5,193.5,193.5,80.0
2022-08-17,192.5,193.05,192.5,193.05,326.0
2022-08-19,193.05,197.89999,193.05,197.5,1105.0
2022-08-22,197.5,197.5,197.5,197.5,30.0
2022-08-23,193.10001,193.60001,193.10001,193.10001,120.0
2022-08-24,191.25,191.25,189.0,189.0,250.0
2022-08-25,194.95,194.95,194.95,194.95,5.0
2022-08-26,190.64999,195.0,190.0,195.0,150.0
2022-08-30,190.10001,194.5,188.0,194.5,123.0
2022-09-02,190.0,195.0,188.7,195.0,1722.0
2022-09-05,190.0,190.0,190.0,190.0,6.0
2022-09-06,190.2,195.0,190.0,195.0,72.0
2022-09-08,195.0,195.0,194.89999,194.89999,260.0
2022-09-09,191.0,195.0,190.0,195.0,352.0
2022-09-12,189.25,190.10001,189.25,190.0,49.0
2022-09-13,195.0,195.0,195.0,195.0,50.0
2022-09-14,194.89999,194.89999,190.7,190.7,11.0
2022-09-15,195.0,195.0,195.0,195.0,300.0
2022-09-16,194.89999,195.0,191.2,194.0,4124.0
2022-09-19,191.25,191.25,191.25,191.25,20.0
2022-09-20,191.2,191.2,191.2,191.2,15.0
2022-09-21,191.10001,191.10001,190.0,190.0,310.0
2022-09-22,190.10001,190.14999,189.0,190.0,2215.0
2022-09-23,189.0,200.0,189.0,200.0,3631.0
2022-09-26,196.0,203.95,195.0,203.95,509.0
2022-09-27,199.95,204.0,199.5,200.0,903.0
2022-09-28,199.89999,203.5,189.0,203.0,2263.0
2022-09-29,200.0,204.0,194.0,204.0,2272.0
2022-09-30,192.2,202.89999,192.0,199.89999,9554.0
2022-10-03,201.0,202.89999,200.85001,202.89999,710.0
2022-10-12,191.5,197.0,191.5,197.0,392.0
2022-10-13,199.0,199.0,199.0,199.0,1.0
2022-10-14,191.5,200.0,191.5,200.0,4722.0
2022-10-17,189.2,197.0,189.2,197.0,210.0
2022-10-18,189.10001,189.10001,189.10001,189.10001,100.0
2022-10-19,199.0,199.0,190.0,190.0,147.0
2022-10-20,190.0,197.8,183.0,197.8,618.0
2022-10-21,192.0,192.0,192.0,192.0,1328.0
2022-10-25,189.89999,197.0,189.89999,197.0,10.0
2022-10-26,186.05,186.05,186.05,186.05,34.0
2022-10-27,196.0,196.0,196.0,196.0,2.0
2022-10-28,194.8,194.8,194.8,194.8,1200.0
2022-10-31,194.7,196.0,194.0,194.0,4060.0
2022-11-02,195.5,195.5,195.5,195.5,210.0
2022-11-04,195.39999,195.39999,194.0,194.0,511.0
2022-11-09,190.0,194.0,190.0,194.0,2430.0
2022-11-28,182.39999,183.5,182.39999,183.5,2332.0
2022-11-29,183.7,193.7,183.60001,193.7,140.0
2022-11-30,194.0,195.35001,194.0,195.35001,28.0
2022-12-01,195.35001,195.35001,195.35001,195.35001,4.0
2022-12-02,191.0,200.0,191.0,200.0,1073.0
2022-12-05,198.0,198.0,195.0,197.8,317.0
2022-12-06,192.10001,192.10001,192.0,192.0,46.0
2022-12-07,191.35001,191.35001,191.0,191.0,65.0
2022-12-08,198.89999,198.89999,198.89999,198.89999,62.0
2022-12-09,194.89999,199.5,191.10001,199.39999,1366.0
2022-12-16,199.5,199.5,199.5,199.5,1000.0
2022-12-21,193.55,196.95,188.0,196.89999,3195.0
2022-12-23,199.0,199.0,199.0,199.0,2000.0
2022-12-26,195.0,195.0,189.35001,195.0,1002.0
2022-12-27,183.35001,183.35001,183.35001,183.35001,1620.0
2022-12-28,187.89999,190.0,187.89999,190.0,15002.0
2022-12-29,190.0,195.0,190.0,195.0,10016.0
2022-12-30,206.0,206.0,206.0,206.0,23000.0
2023-01-03,203.0,203.0,193.64999,193.64999,1782.0
2023-01-04,190.0,198.0,190.0,198.0,209.0
2023-01-06,187.0,187.0,187.0,187.0,141.0
2023-01-09,187.0,187.0,187.0,187.0,551.0
2023-01-10,186.75,186.75,186.55,186.55,250.0
2023-01-12,195.89999,195.89999,195.89999,195.89999,300.0
2023-01-13,204.0,204.0,204.0,204.0,674.0
2023-01-17,202.0,202.0,202.0,202.0,300.0
2023-01-20,200.0,200.0,200.0,200.0,1000.0
2023-01-23,199.5,199.5,199.5,199.5,113.0
2023-01-31,199.5,199.5,199.5,199.5,10.0
2023-02-02,200.0,200.0,200.0,200.0,500.0
2023-02-06,192.0,202.5,192.0,202.5,210.0
2023-02-07,190.39999,202.0,190.39999,202.0,1050.0
2023-02-08,200.0,200.0,200.0,200.0,10.0
2023-02-10,195.0,200.0,195.0,200.0,4300.0
2023-02-13,201.0,201.0,194.0,201.0,8158.0
2023-02-14,202.0,202.0,202.0,202.0,310.0
2023-02-17,200.0,200.0,200.0,200.0,8.0
2023-02-20,202.0,202.0,202.0,202.0,5.0
2023-02-22,199.0,199.0,199.0,199.0,10.0
2023-02-24,201.5,207.0,201.5,207.0,1001.0
2023-02-28,201.5,205.0,200.5,205.0,37.0
2023-03-01,200.0,206.89999,200.0,206.89999,766.0
2023-03-06,195.55,203.0,195.55,203.0,400.0
2023-03-07,205.0,205.0,205.0,205.0,1.0
2023-03-13,201.0,201.0,201.0,201.0,1.0
2023-03-14,193.35001,205.0,193.35001,205.0,285.0
2023-03-16,203.0,205.0,203.0,205.0,46.0
2023-03-24,201.0,205.0,198.0,205.0,888.0
2023-03-29,203.89999,203.89999,203.89999,203.89999,21.0
2023-03-30,204.95,204.95,204.95,204.95,1700.0
2023-03-31,205.0,205.0,204.0,204.0,5676.0
2023-04-03,200.0,200.0,200.0,200.0,710.0
2023-04-04,200.0,200.0,200.0,200.0,760.0
2023-04-05,200.0,200.0,196.2,196.2,69.0
2023-04-07,204.0,204.0,204.0,204.0,202.0
2023-04-10,204.0,204.0,204.0,204.0,1.0
2023-04-12,200.0,200.0,200.0,200.0,6.0
2023-04-14,204.0,204.0,204.0,204.0,1000.0
2023-04-27,201.89999,202.0,196.39999,202.0,1802.0
2023-04-28,203.0,203.0,197.05,200.0,2071.0
2023-05-02,196.14999,196.14999,196.0,196.0,25.0
2023-05-03,201.85001,201.85001,201.85001,201.85001,5.0
2023-05-04,201.0,201.0,201.0,201.0,300.0
2023-05-05,201.7,201.89999,201.7,201.89999,38.0
2023-05-08,201.0,201.0,193.0,200.7,57.0
2023-05-09,194.14999,199.95,194.14999,199.95,6.0
2023-05-10,199.95,200.0,193.0,193.0,131.0
2023-05-12,194.5,194.5,194.45,194.45,20.0
2023-05-15,197.7,197.7,195.0,195.0,15.0
2023-05-16,199.60001,199.60001,194.0,194.0,30.0
2023-05-17,193.0,198.5,193.0,198.5,102.0
2023-05-19,197.89999,197.89999,197.89999,197.89999,300.0
2023-05-22,198.0,198.0,198.0,198.0,12.0
2023-05-23,197.89999,197.89999,197.89999,197.89999,10.0
2023-05-25,194.0,197.75,194.0,197.75,201.0
2023-05-26,194.0,198.0,194.0,198.0,1081.0
2023-05-29,198.0,199.0,198.0,199.0,43.0
2023-05-30,210.89999,210.89999,210.89999,210.89999,11193.0
2023-05-31,223.5,223.55,223.39999,223.55,5733.0
2023-06-01,220.0,220.0,217.0,217.0,9893.0
2023-06-02,217.95,226.0,215.0,226.0,2053.0
2023-06-05,227.10001,232.45,226.0,226.0,6273.0
2023-06-06,226.0,229.0,226.0,229.0,691.0
2023-06-07,226.0,229.95,226.0,229.89999,525.0
2023-06-08,228.89999,228.89999,227.85001,227.85001,551.0
2023-06-09,227.85001,233.0,227.0,233.0,3194.0
2023-06-12,231.95,231.95,225.0,230.0,570.0
2023-06-13,229.89999,229.89999,220.0,225.0,3410.0
2023-06-14,226.55,226.55,225.0,225.0,1501.0
2023-06-15,226.45,233.0,220.0,232.8,6856.0
2023-06-16,231.89999,237.89999,229.5,229.5,4955.0
2023-06-19,229.0,234.0,222.05,222.05,2755.0
2023-06-20,222.60001,230.0,220.0,225.0,3089.0
2023-06-21,226.0,226.0,220.0,220.0,6357.0
2023-06-22,220.0,223.89999,220.0,223.89999,1529.0
2023-06-23,223.0,224.7,220.0,220.0,1110.0
2023-06-26,220.0,223.0,220.0,223.0,87.0
2023-06-27,218.14999,220.0,218.14999,220.0,75.0
2023-06-28,223.95,225.0,215.0,215.0,2696.0
2023-07-03,215.0,223.5,215.0,223.5,1052.0
2023-07-04,224.0,226.95,224.0,226.95,50.0
2023-07-05,226.95,229.85001,217.05,222.7,2344.0
2023-07-06,228.89999,228.89999,226.0,226.0,12.0
2023-07-07,222.5,222.5,220.0,220.0,2016.0
2023-07-10,223.0,223.0,223.0,223.0,60.0
2023-07-11,221.0,221.0,221.0,221.0,20.0
2023-07-12,221.0,221.0,219.5,219.5,578.0
2023-07-13,219.5,221.0,217.10001,221.0,54.0
2023-07-14,222.0,222.0,222.0,222.0,500.0
2023-07-17,219.0,222.0,219.0,222.0,6020.0
2023-07-18,225.5,226.0,225.0,226.0,157.0
2023-07-20,221.0,228.7,221.0,228.7,6.0
2023-07-21,228.7,228.7,227.95,227.95,310.0
2023-07-24,222.5,225.0,222.0,225.0,519.0
2023-07-25,223.0,226.7,223.0,226.7,9.0
2023-07-26,226.5,226.89999,218.2,225.3,590.0
2023-07-27,225.0,231.5,225.0,229.95,2469.0
2023-07-28,229.89999,233.0,225.0,225.0,3663.0
2023-07-31,228.0,238.45,228.0,238.45,8429.0
2023-08-01,240.0,244.95,240.0,241.0,3048.0
2023-08-02,239.05,244.0,239.0,240.05,1876.0
2023-08-03,244.0,244.0,237.0,238.5,1499.0
2023-08-04,232.0,240.0,232.0,240.0,5232.0
2023-08-07,236.0,250.0,236.0,243.2,2991.0
2023-08-08,245.5,248.0,245.5,248.0,710.0
2023-08-09,245.55,254.35001,245.55,250.0,3683.0
2023-08-10,252.0,254.25,245.2,254.25,5038.0
2023-08-11,250.0,263.0,250.0,259.89999,3195.0
2023-08-15,255.0,263.0,255.0,263.0,57.0
2023-08-17,259.95001,261.0,256.0,261.0,601.0
2023-08-18,259.0,274.89999,258.0,273.25,41255.0
2023-08-22,269.79999,274.89999,265.79999,273.5,1050.0
2023-08-23,271.89999,273.5,269.0,269.0,4145.0
2023-08-24,266.25,270.0,266.0,269.0,6446.0
2023-08-25,268.79999,269.5,268.5,269.5,4534.0
2023-08-28,267.79999,267.79999,267.79999,267.79999,1155.0
2023-08-29,267.0,267.0,267.0,267.0,215.0
2023-08-30,269.39999,280.0,268.0,278.0,14282.0
2023-08-31,261.35001,261.35001,261.35001,261.35001,179.0
2023-09-01,245.7,245.7,245.7,245.7,1090.0
2023-09-04,237.0,244.0,231.0,231.0,21274.0
2023-09-05,232.0,235.8,225.0,231.39999,12019.0
2023-09-06,236.55,239.89999,235.0,239.89999,12377.0
2023-09-07,236.0,239.7,236.0,236.0,702.0
2023-09-08,238.89999,238.89999,233.0,235.0,7973.0
2023-09-11,226.5,230.89999,225.0,230.3,1698.0
2023-09-12,227.10001,233.0,227.0,233.0,603.0
2023-09-13,233.0,236.5,231.0,236.0,244.0
2023-09-14,236.0,238.89999,231.0,238.89999,2992.0
2023-09-15,238.89999,238.89999,231.60001,238.89999,1749.0
2023-09-18,232.39999,232.39999,232.0,232.0,423.0
2023-09-19,232.2,233.5,226.0,233.5,2567.0
2023-09-20,230.0,233.0,227.10001,230.05,2307.0
2023-09-21,230.05,233.0,227.5,233.0,6088.0
2023-09-22,233.0,233.0,227.0,228.0,18044.0
2023-09-25,228.5,230.0,226.14999,226.5,1068.0
2023-09-26,227.5,229.0,226.10001,226.10001,3800.0
2023-09-27,227.0,228.0,226.3,228.0,3637.0
2023-10-02,227.0,233.7,227.0,227.14999,6296.0
2023-10-03,226.10001,230.0,225.05,229.5,2253.0
2023-10-04,226.0,229.89999,224.0,229.89999,12240.0
2023-10-05,243.64999,243.64999,243.64999,243.64999,861.0
2023-10-06,250.0,254.0,249.0,253.95,30420.0
2023-10-09,250.0,250.0,249.5,250.0,1461.0
2023-10-10,250.0,269.0,250.0,265.10001,11280.0
2023-10-11,265.10001,270.0,265.10001,269.14999,552.0
2023-10-12,266.0,266.0,263.5,263.5,910.0
2023-10-13,265.0,267.89999,259.95001,259.95001,16449.0
2023-10-17,266.0,266.0,250.2,250.2,1359.0
2023-10-18,264.85001,264.85001,253.2,262.89999,5459.0
2023-10-19,255.60001,258.0,251.0,258.0,10293.0
2023-10-20,259.0,259.0,251.3,259.0,521.0
2023-10-23,251.5,251.5,251.5,251.5,14.0
2023-10-25,251.5,254.89999,251.5,254.89999,108.0
2023-10-26,251.3,251.3,251.3,251.3,64.0
2023-10-27,251.3,251.3,244.0,251.3,810.0
2023-10-30,250.0,250.0,250.0,250.0,1.0
2023-11-01,250.0,250.0,249.89999,249.89999,90.0
2023-11-02,249.0,250.0,245.0,245.0,1595.0
2023-11-03,251.0,251.0,250.0,250.0,15.0
2023-11-07,251.89999,251.89999,251.89999,251.89999,4.0
2023-11-08,247.0,247.0,247.0,247.0,80.0
2023-11-09,245.0,245.0,243.0,245.0,2197.0
2023-11-10,244.0,251.0,244.0,251.0,2428.0
2023-11-14,244.0,249.95,244.0,249.95,35.0
2023-11-15,244.0,248.89999,244.0,248.89999,86.0
2023-11-16,244.0,249.95,244.0,249.95,577.0
2023-11-17,245.05,248.8,245.0,248.8,274.0
2023-11-20,245.05,250.0,245.0,250.0,416.0
2023-11-21,250.0,250.0,250.0,250.0,2049.0
2023-11-22,247.0,250.0,247.0,250.0,1591.0
2023-11-23,250.0,250.0,250.0,250.0,2380.0
2023-11-24,248.0,250.0,248.0,250.0,1195.0
2023-11-27,250.0,250.0,250.0,250.0,4.0
2023-11-28,247.2,249.39999,247.14999,249.39999,241.0
2023-11-29,247.0,248.0,247.0,247.0,200.0
2023-11-30,247.0,247.0,235.0,246.60001,1070.0
2023-12-04,244.39999,244.39999,244.39999,244.39999,24324.0
2023-12-05,244.0,244.0,244.0,244.0,107.0
2023-12-12,237.0,242.0,236.10001,242.0,1951.0
2023-12-13,241.0,253.0,241.0,253.0,7321.0
2023-12-14,256.45001,260.0,256.0,259.89999,1895.0
2023-12-15,258.5,259.5,253.0,253.0,2506.0
2023-12-18,253.0,253.05,253.0,253.0,265.0
2023-12-19,253.0,253.0,250.0,253.0,266.0
2023-12-21,250.0,250.0,250.0,250.0,218.0
2023-12-22,250.0,260.0,250.0,259.0,1317.0
2023-12-25,255.0,258.0,255.0,258.0,1000.0
2023-12-27,255.0,257.0,255.0,257.0,1080.0
2023-12-28,248.10001,257.0,248.10001,257.0,660.0
2023-12-29,250.0,255.0,250.0,255.0,9254.0
2024-01-02,251.0,256.0,251.0,256.0,1010.0
2024-01-03,250.10001,255.5,250.0,255.5,344.0
2024-01-04,254.95,256.95001,254.0,255.0,2255.0
2024-01-05,252.0,255.0,252.0,255.0,55.0
2024-01-08,254.5,258.75,254.5,258.5,1188.0
2024-01-09,258.79999,270.0,258.79999,265.0,35846.0
2024-01-10,265.10001,284.0,265.0,281.89999,5766.0
2024-01-12,282.0,292.0,281.5,292.0,10930.0
2024-01-15,297.95001,319.0,297.95001,299.0,14894.0
2024-01-16,299.0,322.0,294.0,306.0,30915.0
2024-01-17,308.0,315.0,306.0,311.10001,11693.0
2024-01-18,315.0,325.0,311.0,321.70001,15425.0
2024-01-19,323.0,326.0,319.0,320.0,5178.0
2024-01-22,320.0,320.0,312.20001,317.45001,12582.0
2024-01-23,313.04999,319.85001,312.04999,316.89999,2581.0
2024-01-24,319.89999,323.70001,313.5,317.04999,1946.0
2024-01-25,316.0,317.0,315.0,317.0,5759.0
2024-01-26,317.0,320.0,315.10001,320.0,5144.0
2024-01-29,322.5,322.5,305.0,314.89999,3845.0
2024-01-30,310.5,315.0,307.10001,310.0,394.0
2024-01-31,310.20001,318.0,310.10001,312.5,2789.0
2024-02-01,316.0,320.0,312.75,315.0,4771.0
2024-02-02,313.0,319.89999,310.0,319.89999,6943.0
2024-02-05,315.0,319.89999,311.04999,319.0,703.0
2024-02-06,319.0,319.0,313.10001,318.0,92.0
2024-02-07,313.20001,317.0,313.20001,316.0,12888.0
2024-02-08,313.85001,343.89999,313.04999,343.89999,33759.0
2024-02-09,341.0,359.85001,337.0,350.0,22836.0
2024-02-12,350.0,350.0,342.0,347.0,6315.0
2024-02-13,348.0,360.0,340.0,355.0,72982.0
2024-02-14,359.89999,362.0,350.10001,353.89999,10352.0
2024-02-15,351.70001,351.70001,349.0,350.0,2799.0
2024-02-16,350.0,350.0,342.5,350.0,2509.0
2024-02-19,350.0,352.85001,343.0,343.0,1803.0
2024-02-20,343.39999,343.39999,340.0,341.04999,3768.0
2024-02-21,341.0,360.0,341.0,357.0,7282.0
2024-02-22,359.0,359.5,355.0,355.0,4018.0
2024-02-23,352.0,360.0,352.0,355.0,8341.0
2024-02-26,359.0,359.89999,352.0,354.89999,314.0
2024-02-27,354.0,354.0,347.0,350.0,1167.0
2024-02-28,350.0,380.0,349.0,375.0,18035.0
2024-02-29,369.0,379.79999,368.0,370.0,15459.0
2024-03-01,370.0,397.0,370.0,387.85001,3817.0
2024-03-04,377.0,387.75,374.0,387.0,3479.0
2024-03-05,386.0,386.0,374.0,376.29999,1038.0
2024-03-06,384.0,384.0,372.0,373.79999,967.0
2024-03-07,373.0,375.0,370.0,375.0,982.0
2024-03-08,375.0,375.0,370.0,370.0,1054.0
2024-03-11,374.0,374.0,366.0,370.0,1605.0
2024-03-12,361.20001,370.0,361.20001,370.0,24.0
2024-03-13,380.0,380.0,380.0,380.0,500.0
2024-03-14,370.0,379.89999,370.0,375.0,724.0
2024-03-15,370.14999,378.89999,370.0,370.0,2335.0
2024-03-18,375.0,386.0,375.0,379.79999,1963.0
2024-03-19,375.0,375.0,370.0,374.89999,1266.0
2024-03-20,370.10001,375.0,370.0,374.89999,4161.0
2024-03-21,372.10001,374.0,371.0,374.0,388.0
2024-03-22,373.0,374.89999,369.0,374.89999,2634.0
2024-03-25,374.0,374.0,371.0,373.0,407.0
2024-03-26,372.0,372.0,366.0,368.0,1948.0
2024-03-27,400.0,404.75,395.0,404.75,25828.0
2024-03-28,408.0,425.0,408.0,422.0,40525.0
2024-03-29,426.0,429.0,422.5,425.0,12141.0
2024-04-01,426.10001,445.0,426.10001,444.0,30046.0
2024-04-02,448.0,484.0,448.0,475.0,10026.0
2024-04-03,480.0,507.0,475.10001,475.10001,10262.0
2024-04-04,480.0,490.0,465.0,484.89999,7226.0
2024-04-05,487.0,487.0,480.0,481.0,4702.0
2024-04-08,484.0,524.90002,482.0,523.0,17933.0
2024-04-09,522.0,540.0,520.0,521.09998,33057.0
2024-04-15,520.0,538.0,511.0,530.0,18759.0
2024-04-16,537.0,540.0,525.5,532.0,25026.0
2024-04-17,530.20001,530.20001,490.0,517.5,4711.0
2024-04-18,517.0,538.0,515.0,538.0,2339.0
2024-04-19,537.5,582.0,537.0,550.0,49438.0
2024-04-22,564.0,570.0,535.0,540.0,14670.0
2024-04-23,535.0,540.0,500.0,540.0,12686.0
2024-04-24,574.0,574.0,548.0,550.0,4276.0
2024-04-25,554.90002,565.0,550.0,550.0,6733.0
2024-04-26,550.0,559.0,550.0,559.0,1294.0
2024-04-29,568.90002,584.0,560.0,580.0,5624.0
2024-04-30,598.90002,610.0,581.0,605.0,26606.0
2024-05-02,615.0,635.0,609.0,630.0,7253.0
2024-05-03,633.0,633.0,609.0,609.0,4941.0
2024-05-06,617.40002,617.40002,590.20001,600.0,2819.0
2024-05-07,595.0,599.90002,591.0,593.0,2552.0
2024-05-08,591.09998,609.0,591.09998,598.0,2150.0
2024-05-09,605.0,605.0,594.0,597.0,2558.0
2024-05-10,597.0,605.0,597.0,603.0,2896.0
2024-05-13,607.0,612.90002,605.0,612.0,827.0
2024-05-14,615.0,615.0,610.09998,614.0,9357.0
2024-05-15,616.0,616.0,608.09998,610.0,2531.0
2024-05-16,608.0,617.70001,596.09998,596.09998,7706.0
2024-05-17,591.0,599.0,562.70001,573.90002,10401.0
2024-05-20,590.0,599.0,584.0,594.0,858.0
2024-05-21,586.0,590.0,584.0,588.40002,1899.0
2024-05-22,587.0,587.0,569.0,580.0,1669.0
2024-05-23,590.0,590.0,569.09998,580.0,395.0
2024-05-24,580.0,580.0,570.0,579.0,1650.0
2024-05-27,579.0,579.0,560.0,573.0,460.0
2024-05-28,564.0,576.0,564.0,575.0,276.0
2024-05-29,570.0,572.0,566.09998,572.0,259.0
2024-05-30,570.0,570.0,564.0,570.0,348.0
2024-05-31,565.0,569.0,545.0,568.0,1317.0
2024-06-03,570.0,570.0,566.0,568.0,203.0
2024-06-04,565.0,568.0,557.0,566.0,375.0
2024-06-05,566.0,567.0,549.0,549.0,618.0
2024-06-06,545.0,550.0,520.0,550.0,2712.0
2024-06-07,550.0,556.0,537.0,556.0,67.0
2024-06-10,546.0,555.5,546.0,555.0,669.0
2024-06-11,548.0,585.0,548.0,560.0,10948.0
2024-06-12,578.0,590.0,570.0,579.90002,6029.0
2024-06-13,580.0,586.90002,579.90002,579.90002,8579.0
2024-06-14,580.0,586.90002,577.0,577.90002,611.0
2024-06-19,580.0,589.79999,570.0,570.0,4427.0
2024-06-20,579.90002,579.90002,570.0,570.0,670.0
2024-06-21,570.0,570.0,565.0,570.0,3043.0
2024-06-24,574.0,574.0,560.0,561.0,570.0
2024-06-25,562.0,574.0,560.0,574.0,1219.0
2024-06-26,571.20001,573.0,571.0,573.0,9.0
2024-06-27,570.0,572.0,569.90002,570.0,1030.0
2024-06-28,565.09998,575.0,565.0,575.0,1018.0
2024-07-01,574.0,574.0,566.0,573.40002,123.0
2024-07-02,570.0,570.0,550.0,565.0,184.0
2024-07-03,570.0,570.0,550.0,565.0,1901.0
2024-07-04,565.0,573.40002,560.0,573.40002,4118.0
2024-07-05,580.0,590.0,578.79999,590.0,3461.0
2024-07-08,580.0,584.0,575.0,584.0,2447.0
2024-07-09,577.0,584.0,560.09998,583.0,73.0
2024-07-10,580.0,587.40002,570.0,583.0,702.0
2024-07-11,560.09998,587.0,560.09998,584.0,403.0
2024-07-12,582.0,590.0,575.09998,590.0,1126.0
2024-07-15,592.0,624.90002,590.0,609.0,3933.0
2024-07-16,610.09998,616.90002,603.0,609.0,11547.0
2024-07-17,616.0,618.0,609.0,613.0,1610.0
2024-07-18,610.0,617.79999,604.5,604.5,1304.0
2024-07-19,610.0,615.0,606.20001,615.0,2161.0
2024-07-22,616.0,616.0,611.0,615.0,1005.0
2024-07-23,615.09998,630.0,615.0,616.0,1001.0
2024-07-24,627.0,627.0,616.0,627.0,19516.0
2024-07-25,618.0,626.40002,616.0,625.5,2709.0
2024-07-26,627.0,635.0,623.59998,630.0,6807.0
2024-07-29,631.0,637.0,631.0,637.0,1202.0
2024-07-31,640.0,650.0,633.0,633.0,1766.0
2024-08-01,647.79999,647.79999,629.0,630.0,3089.0
2024-08-02,629.79999,629.79999,620.0,629.0,1479.0
2024-08-05,607.0,619.0,596.0,596.09998,13302.0
2024-08-06,618.90002,618.90002,605.0,617.0,702.0
2024-08-07,617.0,619.0,608.0,610.0,990.0
2024-08-08,610.0,614.0,600.09998,614.0,307.0
2024-08-09,610.0,620.0,610.0,620.0,1398.0
2024-08-12,620.0,620.0,607.0,620.0,990.0
2024-08-13,615.0,624.5,615.0,618.0,7813.0
2024-08-15,617.70001,618.0,613.0,614.0,377.0
2024-08-16,624.90002,630.0,616.0,630.0,2394.0
2024-08-19,629.20001,635.0,626.0,634.0,1080.0
2024-08-22,633.90002,634.0,625.09998,633.0,2924.0
2024-08-23,631.29999,645.0,625.09998,633.0,12437.0
2024-08-26,633.0,638.5,633.0,638.5,1908.0
2024-08-27,638.5,649.0,635.0,635.0,1137.0
2024-08-28,637.0,670.0,637.0,670.0,6189.0
2024-08-29,675.0,735.0,675.0,735.0,14930.0
2024-08-30,770.0,793.0,745.0,760.0,5976.0
2024-09-02,760.0,779.0,746.0,760.0,1540.0
2024-09-03,758.0,759.0,740.0,740.1,2301.0
2024-09-04,750.0,750.0,731.0,740.0,1160.0
2024-09-05,740.0,808.90002,740.0,808.90002,8482.0
2024-09-06,806.0,848.0,806.0,837.0,11741.0
2024-09-09,845.0,875.0,821.0,822.0,4223.0
2024-09-10,836.0,870.0,831.0,831.0,4385.0
2024-09-11,843.0,855.0,831.0,833.0,603.0
2024-09-12,837.0,860.0,837.0,850.0,669.0
2024-09-13,841.0,867.0,840.0,866.0,2329.0
2024-09-18,868.0,868.0,860.0,868.0,1398.0
2024-09-19,868.4,920.0,868.4,900.0,6783.0
2024-09-20,900.0,908.0,889.4,889.4,1671.0
2024-09-23,899.0,900.0,895.0,895.0,659.0
2024-09-24,880.1,895.0,860.0,878.0,4718.0
2024-09-25,878.0,892.8,863.0,873.1,862.0
2024-09-26,887.9,930.0,875.0,930.0,13812.0
2024-09-27,930.0,949.9,910.0,940.0,13730.0
2024-09-30,950.0,1010.0,950.0,980.0,21902.0
2024-10-01,1039.0,1048.0,990.1,990.1,7863.0
2024-10-02,991.1,1040.0,961.0,1000.0,21663.0
2024-10-03,1048.0,1070.0,1023.0,1060.0,7308.0
2024-10-04,1127.0,1165.0,1101.0,1165.0,18877.0
2024-10-07,1248.0,1257.0,1205.0,1205.0,24204.0
2024-10-08,1210.0,1210.0,1091.0,1150.0,13407.0
2024-10-09,1155.0,1219.0,1150.0,1186.0,1515.0
2024-10-10,1207.0,1220.0,1150.0,1166.0,8078.0
2024-10-11,1151.0,1178.0,1141.0,1149.0,6416.0
2024-10-14,1170.0,1170.0,1091.0,1100.0,9222.0
2024-10-15,1094.0,1130.0,1040.0,1090.0,13711.0
2024-10-16,1099.0,1099.0,1065.0,1090.0,9705.0
2024-10-17,1100.0,1198.0,1091.0,1160.0,23465.0
2024-10-18,1197.0,1268.0,1185.0,1268.0,21104.0
2024-10-21,1394.0,1394.0,1354.0,1394.0,35199.0
2024-10-22,1450.0,1460.0,1400.0,1445.0,28765.0
2024-10-23,1420.0,1440.0,1394.0,1401.0,14562.0
2024-10-24,1425.0,1425.0,1381.0,1407.0,3632.0
2024-10-25,1409.0,1460.0,1408.0,1458.0,3317.0
2024-10-28,1501.0,1589.0,1501.0,1570.0,13642.0
2024-10-29,1600.0,1615.0,1547.0,1570.0,35083.0
2024-10-30,1590.0,1590.0,1550.0,1550.0,7781.0
2024-10-31,1550.0,1550.0,1500.0,1506.0,6616.0
2024-11-01,1501.0,1515.0,1491.0,1491.0,11732.0
2024-11-04,1498.0,1498.0,1480.0,1480.0,2745.0
2024-11-05,1490.0,1568.0,1489.0,1540.0,14576.0
2024-11-07,1550.0,1588.0,1550.0,1555.0,11370.0
2024-11-08,1555.0,1685.0,1555.0,1655.0,7824.0
2024-11-11,1665.0,1688.0,1648.0,1650.0,3704.0
2024-11-12,1670.0,1670.0,1618.0,1636.0,3028.0
2024-11-13,1660.0,1660.0,1630.0,1635.0,4589.0
2024-11-14,1650.0,1656.0,1635.0,1650.0,1746.0
2024-11-15,1720.0,1720.0,1660.0,1670.0,12364.0
2024-11-19,1686.0,1714.0,1670.0,1670.0,4696.0
2024-11-20,1671.0,1678.0,1635.0,1665.0,1923.0
2024-11-21,1660.0,1660.0,1638.0,1638.0,2479.0
2024-11-22,1638.0,1652.0,1600.0,1600.0,12331.0
2024-11-25,1580.0,1580.0,1500.0,1512.0,9170.0
2024-11-26,1557.0,1594.0,1550.0,1580.0,2518.0
2024-11-27,1595.0,1604.0,1550.0,1580.0,3593.0
2024-11-28,1590.0,1590.0,1568.0,1570.0,274.0
2024-11-29,1570.0,1580.0,1555.0,1580.0,22965.0
2024-12-02,1556.0,1586.0,1510.0,1560.0,8030.0
2024-12-03,1567.0,1575.0,1551.0,1560.0,3527.0
2024-12-04,1551.0,1598.0,1551.0,1581.0,1289.0
2024-12-05,1589.0,1635.0,1589.0,1599.0,3840.0
2024-12-06,1629.0,1649.0,1601.0,1605.0,6580.0
2024-12-09,1640.0,1640.0,1610.0,1610.0,1155.0
2024-12-10,1635.0,1638.0,1607.0,1616.0,2080.0
2024-12-11,1611.0,1611.0,1593.0,1600.0,1649.0
2024-12-12,1611.0,1629.0,1600.0,1614.0,463.0
2024-12-13,1630.0,1630.0,1601.0,1620.0,7975.0
2024-12-16,1629.0,1631.0,1621.0,1631.0,584.0
2024-12-17,1633.0,1715.0,1628.0,1680.0,18646.0
2024-12-18,1690.0,1738.0,1690.0,1715.0,3901.0
2024-12-19,1740.0,1745.0,1715.0,1730.0,2020.0
2024-12-20,1740.0,1824.0,1735.0,1800.0,13556.0
2024-12-23,1830.0,1879.0,1821.0,1860.0,9294.0
2024-12-24,1890.0,1895.0,1760.0,1760.0,13894.0
2024-12-25,1769.0,1769.0,1722.0,1730.0,3535.0
2024-12-26,1750.0,1830.0,1750.0,1752.0,4138.0
2024-12-27,1763.0,1790.0,1752.0,1790.0,2871.0
2024-12-30,1801.0,1829.0,1796.0,1810.0,1624.0
2024-12-31,1829.0,1910.0,1816.0,1890.0,6200.0
2025-01-02,1939.0,2078.0,1939.0,2078.0,18530.0
2025-01-03,2106.0,2196.0,2106.0,2160.0,26030.0
2025-01-06,2201.0,2210.0,2070.0,2125.0,14615.0
2025-01-07,2125.0,2178.0,2125.0,2178.0,11207.0
2025-01-08,2211.0,2227.0,2180.0,2180.0,14138.0
2025-01-09,2201.0,2210.0,2170.0,2200.0,6962.0
2025-01-10,2200.0,2220.0,2139.0,2200.0,5946.0
2025-01-13,2140.0,2200.0,2140.0,2200.0,1440.0
2025-01-15,2199.0,2249.0,2199.0,2220.0,3973.0
2025-01-16,2244.0,2314.0,2225.0,2280.0,15979.0
2025-01-17,2310.0,2310.0,2231.0,2231.0,6592.0
2025-01-20,2249.0,2249.0,2210.0,2215.0,3104.0
2025-01-21,2210.0,2210.0,2140.0,2142.0,13770.0
2025-01-22,2142.0,2145.0,2101.0,2145.0,4431.0
2025-01-23,2190.0,2200.0,2162.0,2190.0,11321.0
2025-01-24,2199.0,2230.0,2179.0,2230.0,4635.0
2025-01-27,2249.0,2298.0,2228.0,2228.0,2970.0
2025-01-28,2250.0,2251.0,2200.0,2202.0,3280.0
2025-01-29,2244.0,2244.0,2205.0,2222.0,727.0
2025-01-30,2242.0,2260.0,2220.0,2230.0,5108.0
2025-01-31,2250.0,2280.0,2237.0,2242.0,1059.0
2025-02-03,2275.0,2275.0,2234.0,2234.0,956.0
2025-02-04,2233.0,2263.0,2230.0,2249.0,1076.0
2025-02-05,2258.0,2258.0,2219.0,2240.0,863.0
2025-02-06,2230.0,2254.0,2221.0,2240.0,891.0
2025-02-07,2230.0,2265.0,2215.0,2265.0,3930.0
2025-02-10,2270.0,2270.0,2236.0,2238.0,541.0
2025-02-11,2257.0,2269.0,2230.0,2260.0,9281.0
2025-02-12,2250.0,2292.0,2250.0,2284.0,2307.0
2025-02-13,2280.0,2280.0,2265.0,2280.0,4120.0
2025-02-14,2297.0,2300.0,2280.0,2300.0,6283.0
2025-02-17,2351.0,2446.0,2351.0,2440.0,4254.0
2025-02-18,2489.0,2524.0,2480.0,2518.0,15805.0
2025-02-19,2600.0,2682.0,2550.0,2682.0,32775.0
2025-02-20,2701.0,2799.0,2650.0,2690.0,14392.0
2025-02-21,2714.0,2714.0,2621.0,2625.0,4478.0
2025-02-24,2630.0,2648.0,2551.0,2605.0,3419.0
2025-02-25,2645.0,2669.0,2610.0,2633.0,2167.0
2025-02-26,2668.0,2698.0,2635.0,2698.0,6310.0
2025-02-27,2698.0,2750.0,2550.0,2550.0,7920.0
2025-02-28,2600.0,2620.0,2485.0,2500.0,17176.0
2025-03-03,2550.0,2593.0,2500.0,2500.0,2585.0
2025-03-04,2520.0,2550.0,2500.0,2500.0,1303.0
2025-03-05,2540.0,2540.0,2480.0,2480.0,3429.0
2025-03-06,2471.0,2509.0,2450.0,2450.0,2433.0
2025-03-07,2480.0,2599.0,2400.0,2599.0,3445.0
2025-03-10,2521.0,2530.0,2466.0,2479.0,4383.0
2025-03-11,2461.0,2472.0,2440.0,2440.0,2634.0
2025-03-12,2420.0,2440.0,2330.0,2349.0,11838.0
2025-03-13,2360.0,2450.0,2360.0,2425.0,4244.0
2025-03-14,2454.0,2470.0,2426.0,2470.0,5760.0
2025-03-17,2470.0,2580.0,2470.0,2540.0,3159.0
2025-03-18,2550.0,2600.0,2542.0,2600.0,6429.0
2025-03-19,2652.0,2700.0,2640.0,2690.0,15683.0
2025-03-20,2700.0,2739.0,2650.0,2700.0,8677.0
2025-03-21,2700.0,2730.0,2670.0,2700.0,30181.0
2025-03-24,2690.0,2699.0,2655.0,2670.0,4711.0
2025-03-25,2661.0,2680.0,2640.0,2640.0,7006.0
2025-03-26,2650.0,2669.0,2610.0,2610.0,1967.0
2025-03-27,2351.0,2400.0,2350.0,2350.0,48484.0
2025-03-28,2340.0,2450.0,2340.0,2400.0,13783.0
2025-04-02,2406.0,2450.0,2320.0,2360.0,5371.0
2025-04-03,2320.0,2348.0,2125.0,2181.0,23682.0
2025-04-04,2180.0,2270.0,2054.0,2270.0,15770.0
2025-04-07,2100.0,2140.0,2044.0,2044.0,16542.0
2025-04-08,2102.0,2150.0,2070.0,2080.0,7723.0
2025-04-09,2006.0,2077.0,1905.0,1930.0,14774.0
2025-04-10,2120.0,2122.0,2050.0,2059.0,16909.0
2025-04-11,2001.0,2094.0,1950.0,2060.0,4845.0
2025-04-14,2090.0,2130.0,2070.0,2080.0,9251.0
2025-04-15,2113.0,2190.0,2089.0,2100.0,8500.0
2025-04-16,2149.0,2149.0,2090.0,2114.0,10126.0
2025-04-17,2100.0,2137.0,2090.0,2129.0,3321.0
2025-04-18,2130.0,2159.0,2100.0,2130.0,8911.0
2025-04-21,2150.0,2150.0,2095.0,2100.0,2434.0
2025-04-22,2140.0,2140.0,2100.0,2100.0,1700.0
2025-04-23,2100.0,2134.0,2070.0,2090.0,3244.0
2025-04-24,2090.0,2149.0,2050.0,2125.0,14580.0
2025-04-25,2160.0,2223.0,2130.0,2177.0,5597.0
2025-04-28,2196.0,2280.0,2180.0,2220.0,5132.0
2025-04-29,2245.0,2280.0,2175.0,2180.0,4859.0
2025-04-30,2180.0,2200.0,2150.0,2150.0,1931.0
2025-05-02,2150.0,2200.0,2150.0,2170.0,1355.0
2025-05-05,2170.0,2170.0,2080.0,2099.0,700.0
2025-05-06,2101.0,2150.0,2099.0,2120.0,1036.0
2025-05-07,2150.0,2170.0,2094.0,2135.0,16669.0
2025-05-08,2120.0,2135.0,2096.0,2120.0,1571.0
2025-05-09,2125.0,2164.0,2095.0,2164.0,3224.0
2025-05-12,2111.0,2179.0,2111.0,2160.0,3469.0
2025-05-13,2160.0,2275.0,2136.0,2275.0,24275.0
2025-05-14,2320.0,2359.0,2281.0,2347.0,13581.0
2025-05-15,2308.0,2417.0,2300.0,2400.0,14432.0
2025-05-16,2417.0,2448.0,2390.0,2416.0,6505.0
2025-05-19,2378.0,2410.0,2320.0,2399.0,3314.0
2025-05-20,2395.0,2410.0,2335.0,2410.0,3298.0
2025-05-21,2440.0,2440.0,2361.0,2410.0,2606.0
2025-05-22,2399.0,2415.0,2350.0,2415.0,1008.0
2025-05-23,2400.0,2410.0,2333.0,2400.0,7728.0
2025-05-26,2270.0,2338.0,2266.0,2267.0,21284.0
2025-05-27,2280.0,2330.0,2268.0,2280.0,8271.0
2025-05-28,2264.0,2289.0,2149.0,2149.0,12474.0
2025-05-29,2180.0,2202.0,2161.0,2179.0,7479.0
2025-05-30,2209.0,2240.0,2100.0,2240.0,9277.0
2025-06-02,2265.0,2265.0,2175.0,2199.0,2971.0
2025-06-03,2219.0,2219.0,2170.0,2170.0,3492.0
2025-06-04,2171.0,2187.0,2120.0,2170.0,2880.0
2025-06-05,2170.0,2200.0,2142.0,2160.0,6091.0
2025-06-06,2170.0,2175.0,2150.0,2150.0,7609.0
2025-06-10,2159.0,2185.0,2140.0,2140.0,1433.0
2025-06-11,2140.0,2140.0,2049.0,2049.0,7727.0
2025-06-12,2050.0,2059.0,1950.0,1995.0,9883.0
2025-06-13,1989.0,1989.0,1831.0,1959.0,20843.0
2025-06-16,1939.0,1940.0,1854.0,1925.0,5299.0
2025-06-17,1923.0,1965.0,1890.0,1890.0,11899.0
2025-06-18,1898.0,1950.0,1845.0,1886.0,6534.0
2025-06-19,1880.0,1880.0,1700.0,1833.0,10038.0
2025-06-20,1851.0,1980.0,1851.0,1939.0,7953.0
2025-06-23,1900.0,1900.0,1864.0,1890.0,2925.0
2025-06-24,1980.0,2033.0,1979.0,1985.0,12620.0
2025-06-25,2021.0,2021.0,1990.0,2009.0,7034.0
2025-06-26,2020.0,2025.0,1996.0,2002.0,4302.0
2025-06-30,2000.0,2001.0,1970.0,1998.0,11145.0
2025-07-01,1998.0,2100.0,1951.0,1951.0,5658.0
2025-07-02,2004.0,2020.0,1952.0,1960.0,1854.0
2025-07-03,1960.0,1998.0,1943.0,1998.0,798.0
2025-07-04,1988.0,2053.0,1950.0,2053.0,2303.0
2025-07-07,2003.0,2099.0,2003.0,2099.0,1894.0
2025-07-08,2090.0,2090.0,2057.0,2083.0,520.0
2025-07-09,2080.0,2082.0,2040.0,2040.0,1576.0
2025-07-10,2089.0,2089.0,2024.0,2040.0,2667.0
2025-07-11,2030.0,2079.0,2030.0,2079.0,3776.0
2025-07-14,2035.0,2060.0,2031.0,2060.0,790.0
2025-07-15,2150.0,2220.0,2138.0,2140.0,11358.0
2025-07-16,2158.0,2158.0,2120.0,2150.0,1012.0
2025-07-17,2126.0,2150.0,2100.0,2130.0,2542.0
2025-07-18,2130.0,2200.0,2100.0,2200.0,3350.0
2025-07-21,2198.0,2200.0,2150.0,2150.0,1669.0
2025-07-22,2165.0,2180.0,2140.0,2165.0,1002.0
2025-07-23,2167.0,2167.0,2129.0,2145.0,517.0
2025-07-24,2169.0,2170.0,2130.0,2150.0,1888.0
2025-07-25,2151.0,2180.0,2150.0,2151.0,7555.0
2025-07-28,2179.0,2179.0,2135.0,2150.0,1404.0
2025-07-29,2149.0,2149.0,2090.0,2099.0,13710.0
2025-07-31,2099.0,2148.0,2099.0,2110.0,23737.0
2025-08-01,2149.0,2149.0,2100.0,2100.0,9681.0
2025-08-04,2112.0,2200.0,2112.0,2160.0,11511.0
2025-08-05,2170.0,2250.0,2162.0,2238.0,14327.0
2025-08-06,2250.0,2265.0,2221.0,2223.0,5210.0
2025-08-07,2230.0,2280.0,2230.0,2238.0,2321.0
2025-08-08,2249.0,2275.0,2249.0,2265.0,5141.0
2025-08-11,2266.0,2335.0,2266.0,2329.0,4826.0
2025-08-12,2340.0,2475.0,2302.0,2475.0,15039.0
2025-08-13,2498.0,2498.0,2410.0,2468.0,4287.0
2025-08-15,2478.0,2479.0,2410.0,2479.0,4214.0
2025-08-18,2479.0,2479.0,2360.0,2435.0,3965.0
2025-08-19,2403.0,2430.0,2361.0,2361.0,1675.0
2025-08-22,2597.0,2597.0,2597.0,2597.0,5474.0
2025-08-25,2700.0,2700.0,2600.0,2610.0,10700.0
2025-08-26,2600.0,2600.0,2540.0,2569.0,3658.0
2025-08-27,2555.0,2569.0,2511.0,2545.0,8299.0
2025-08-28,2545.0,2568.0,2365.0,2381.0,27935.0
2025-08-29,2380.0,2380.0,2360.0,2370.0,6044.0
2025-09-01,2400.0,2550.0,2375.0,2426.0,10397.0
2025-09-02,2426.0,2520.0,2426.0,2511.0,8648.0
2025-09-03,2528.0,2585.0,2465.0,2565.0,22056.0
2025-09-04,2575.0,2575.0,2535.0,2565.0,4210.0
2025-09-08,2564.0,2564.0,2500.0,2540.0,10892.0
2025-09-09,2511.0,2520.0,2432.0,2445.0,7735.0
2025-09-10,2436.0,2499.0,2436.0,2470.0,8161.0
2025-09-11,2470.0,2500.0,2470.0,2500.0,1421.0
2025-09-12,2500.0,2565.0,2491.0,2565.0,13071.0
2025-09-15,2531.0,2564.0,2490.0,2499.0,1124.0
2025-09-16,2480.0,2540.0,2480.0,2521.0,5770.0
2025-09-17,2537.0,2537.0,2486.0,2501.0,181.0
2025-09-18,2500.0,2539.0,2480.0,2539.0,3064.0
2025-09-19,2535.0,2535.0,2490.0,2534.0,3588.0
2025-09-22,2500.0,2526.0,2492.0,2520.0,358.0
2025-09-23,2500.0,2525.0,2470.0,2470.0,2957.0
2025-09-24,2492.0,2492.0,2420.0,2480.0,1592.0
2025-09-25,2430.0,2539.0,2421.0,2539.0,2487.0
2025-09-26,2527.0,2527.0,2420.0,2435.0,9074.0
2025-09-29,2405.0,2449.0,2380.0,2403.0,31207.0
2025-09-30,2427.0,2427.0,2196.0,2390.0,14118.0
2025-10-01,2389.0,2389.0,2307.0,2370.0,2880.0
2025-10-02,2350.0,2395.0,2251.0,2360.0,13825.0
2025-10-03,2400.0,2449.0,2400.0,2439.0,7422.0
2025-10-06,2451.0,2477.0,2403.0,2432.0,6388.0
2025-10-07,2499.0,2499.0,2420.0,2460.0,3708.0
2025-10-08,2468.0,2468.0,2405.0,2443.0,2878.0
2025-10-09,2470.0,2470.0,2401.0,2462.0,471.0
2025-10-10,2405.0,2469.0,2405.0,2469.0,2616.0
2025-10-13,2455.0,2455.0,2414.0,2440.0,667.0
2025-10-14,2440.0,2440.0,2365.0,2399.0,3211.0
2025-10-15,2363.0,2399.0,2307.0,2390.0,971.0
2025-10-16,2380.0,2439.0,2380.0,2400.0,1591.0
2025-10-17,2376.0,2437.0,2376.0,2437.0,1218.0
2025-10-20,2480.0,2480.0,2400.0,2469.0,807.0
2025-10-21,2421.0,2570.0,2421.0,2570.0,7893.0
2025-10-22,2570.0,2575.0,2525.0,2550.0,2942.0
2025-10-23,2526.0,2540.0,2510.0,2540.0,1928.0
2025-10-24,2516.0,2548.0,2509.0,2548.0,1478.0
2025-10-27,2514.0,2548.0,2514.0,2545.0,1133.0
2025-10-28,2510.0,2549.0,2498.0,2529.0,630.0
2025-10-29,2543.0,2568.0,2530.0,2567.0,5076.0
2025-10-30,2568.0,2698.0,2568.0,2660.0,10708.0
2025-10-31,2680.0,2767.0,2680.0,2700.0,16535.0
2025-11-03,2800.0,2820.0,2726.0,2726.0,6861.0
2025-11-04,2730.0,2730.0,2636.0,2649.0,1345.0
2025-11-05,2633.0,2694.0,2621.0,2631.0,1179.0
2025-11-07,2658.0,2658.0,2590.0,2629.0,1053.0
2025-11-10,2629.0,2629.0,2539.0,2592.0,690.0
2025-11-11,2590.0,2590.0,2463.0,2500.0,2278.0
2025-11-12,2500.0,2545.0,2490.0,2524.0,1719.0
2025-11-13,2524.0,2549.0,2500.0,2540.0,85.0
2025-11-14,2544.0,2550.0,2500.0,2550.0,1073.0
2025-11-17,2550.0,2550.0,2500.0,2530.0,143.0
2025-11-19,2462.0,2490.0,2301.0,2420.0,2134.0
2025-11-20,2489.0,2489.0,2390.0,2390.0,571.0
2025-11-21,2446.0,2446.0,2400.0,2400.0,2644.0
2025-11-24,2401.0,2440.0,2400.0,2440.0,1326.0
2025-11-25,2448.0,2450.0,2420.0,2450.0,324.0
2025-11-26,2485.0,2490.0,2411.0,2490.0,10106.0
2025-11-27,2494.0,2588.0,2493.0,2540.0,1709.0
2025-11-28,2550.0,2550.0,2490.0,2525.0,2038.0
2025-12-01,2500.0,2500.0,2426.0,2500.0,1187.0
2025-12-02,2480.0,2480.0,2460.0,2461.0,361.0
2025-12-03,2548.0,2548.0,2441.0,2500.0,1248.0
2025-12-04,2542.0,2542.0,2455.0,2541.0,942.0
2025-12-05,2541.0,2548.0,2466.0,2548.0,7028.0
2025-12-08,2479.0,2545.0,2475.0,2540.0,168.0
2025-12-09,2490.0,2540.0,2467.0,2534.0,427.0
2025-12-10,2539.0,2539.0,2485.0,2494.0,3254.0
2025-12-11,2491.0,2590.0,2491.0,2590.0,1116.0
2025-12-12,2584.0,2590.0,2501.0,2590.0,2978.0
2025-12-15,2516.0,2583.0,2509.0,2560.0,879.0
2025-12-16,2590.0,2750.0,2590.0,2618.0,3423.0
2025-12-17,2640.0,2644.0,2600.0,2644.0,740.0
2025-12-18,2644.0,2678.0,2640.0,2677.0,2109.0
2025-12-19,2680.0,2720.0,2678.0,2701.0,8365.0
2025-12-22,2700.0,2708.0,2685.0,2700.0,1291.0
2025-12-23,2700.0,2710.0,2650.0,2710.0,2973.0
2025-12-24,2713.0,2713.0,2635.0,2700.0,871.0
2025-12-25,2640.0,2728.0,2633.0,2728.0,2017.0
2025-12-26,2720.0,2740.0,2656.0,2740.0,4569.0
2025-12-29,2665.0,2700.0,2630.0,2700.0,2895.0
2025-12-30,2645.0,2699.0,2645.0,2680.0,977.0
2025-12-31,2685.0,2685.0,2631.0,2650.0,434.0
2026-01-02,2680.0,2680.0,2645.0,2680.0,490.0
2026-01-05,2689.0,2800.0,2650.0,2800.0,8990.0
2026-01-06,2800.0,2915.0,2800.0,2850.0,12473.0
2026-01-07,2822.0,2865.0,2806.0,2830.0,1746.0
2026-01-08,2830.0,2886.0,2750.0,2818.0,973.0
2026-01-09,2800.0,2833.0,2755.0,2833.0,2740.0
2026-01-12,2844.0,2844.0,2751.0,2798.0,2290.0
2026-01-13,2779.0,2780.0,2700.0,2721.0,5830.0
2026-01-15,2786.0,2786.0,2650.0,2698.0,2153.0
2026-01-16,2647.0,2720.0,2646.0,2699.0,1443.0
2026-01-19,2640.0,2699.0,2604.0,2650.0,1111.0
2026-01-20,2688.0,2688.0,2610.0,2629.0,639.0
2026-01-21,2601.0,2650.0,2601.0,2649.0,516.0
2026-01-22,2620.0,2698.0,2620.0,2650.0,1388.0
2026-01-23,2630.0,2650.0,2630.0,2647.0,1585.0
2026-01-26,2604.0,2645.0,2500.0,2500.0,4474.0
2026-01-27,2516.0,2565.0,2505.0,2530.0,888.0
2026-01-28,2560.0,2688.0,2560.0,2680.0,2165.0
2026-01-29,2750.0,2770.0,2660.0,2735.0,2746.0
2026-01-30,2727.0,2727.0,2619.0,2700.0,1688.0
2026-02-02,2640.0,2696.0,2560.0,2649.0,542.0
2026-02-03,2619.0,2659.0,2566.0,2650.0,404.0
2026-02-04,2635.0,2635.0,2630.0,2630.0,14362.0
2026-02-05,2600.0,2630.0,2552.0,2552.0,12916.0
2026-02-06,2555.0,2600.0,2491.0,2600.0,1960.0
2026-02-09,2595.0,2627.0,2522.0,2522.0,486.0
2026-02-10,2615.0,2615.0,2525.0,2584.0,5728.0
2026-02-11,2618.0,2618.0,2525.0,2599.0,323.0
2026-02-12,2531.0,2659.0,2531.0,2650.0,6028.0
2026-02-13,2680.0,2680.0,2600.0,2600.0,1469.0
2026-02-16,2649.0,2650.0,2610.0,2650.0,27053.0
2026-02-17,2649.0,2802.0,2649.0,2720.0,8060.0
2026-02-18,2720.0,2745.0,2660.0,2730.0,4499.0
2026-02-19,2730.0,2730.0,2630.0,2727.0,584.0
2026-02-20,2651.0,2727.0,2632.0,2727.0,702.0
2026-02-23,2650.0,2727.0,2605.0,2630.0,947.0
2026-02-24,2685.0,2685.0,2631.0,2650.0,4623.0
2026-02-25,2622.0,2689.0,2601.0,2639.0,3195.0
2026-02-26,2602.0,2675.0,2571.0,2675.0,784.0
2026-02-27,2603.0,2673.0,2600.0,2600.0,4246.0
2026-03-02,2350.0,2464.0,2341.0,2392.0,6955.0
2026-03-03,2275.0,2350.0,2153.0,2153.0,8929.0
2026-03-04,2200.0,2298.0,2153.0,2153.0,4403.0
2026-03-05,2277.0,2295.0,2200.0,2295.0,5206.0
2026-03-06,2375.0,2375.0,2190.0,2190.0,7463.0
2026-03-09,2020.0,2088.0,2003.0,2005.0,7081.0
2026-03-10,2169.0,2170.0,2100.0,2100.0,2955.0
2026-03-11,2145.0,2170.0,2120.0,2120.0,912.0
2026-03-12,2145.0,2147.0,2090.0,2100.0,5408.0
2026-03-13,2100.0,2139.0,2080.0,2139.0,2112.0
2026-03-16,2100.0,2100.0,2065.0,2079.0,831.0
2026-03-17,2099.0,2099.0,2070.0,2070.0,1536.0
2026-03-18,2100.0,2160.0,2086.0,2100.0,2594.0
2026-03-19,2055.0,2100.0,2055.0,2075.0,432.0
2026-03-24,2150.0,2150.0,2100.0,2100.0,1129.0
2026-03-25,2149.0,2199.0,2138.0,2165.0,4232.0
2026-03-26,2180.0,2180.0,2147.0,2150.0,1565.0
2026-03-27,2160.0,2170.0,2136.0,2170.0,1099.0
