Time,Open,High,Low,Close,Volume
2012-03-27,1548.055419,1548.055419,1480.963151,1548.055419,348.0
2012-03-29,1529.30905,1529.30905,1529.30905,1529.30905,50.0
2012-03-30,1519.44254,1519.44254,1519.44254,1519.44254,152.0
2012-04-06,1523.389144,1523.389144,1523.389144,1523.389144,263.0
2012-04-13,1430.64395,1519.44254,1430.64395,1430.64395,476.0
2012-04-16,1498.722869,1499.70952,1345.791964,1498.722869,72.0
2012-04-17,1470.10999,1470.10999,1430.64395,1470.10999,4870.0
2012-04-19,1478.989849,1478.989849,1478.989849,1478.989849,10.0
2012-04-20,1470.10999,1470.10999,1401.04442,1470.10999,2032.0
2012-04-24,1470.10999,1470.10999,1410.91093,1470.10999,21.0
2012-04-25,1439.523809,1439.523809,1410.91093,1439.523809,223.0
2012-04-26,1405.977675,1405.977675,1405.977675,1405.977675,7202.0
2012-04-27,1450.37697,1450.37697,1450.37697,1450.37697,10.0
2012-05-02,1386.244655,1386.244655,1386.244655,1386.244655,126.0
2012-05-03,1391.17791,1391.17791,1391.17791,1391.17791,4.0
2012-05-04,1439.523809,1439.523809,1391.17791,1439.523809,953.0
2012-05-09,1429.657299,1429.657299,1381.3114,1429.657299,146.0
2012-05-11,1419.790789,1419.790789,1419.790789,1419.790789,25.0
2012-05-14,1410.91093,1410.91093,1410.91093,1410.91093,1013.0
2012-05-15,1419.790789,1419.790789,1419.790789,1419.790789,5.0
2012-05-18,1429.657299,1429.657299,1429.657299,1429.657299,10.0
2012-05-23,1439.523809,1439.523809,1381.3114,1439.523809,349.0
2012-05-24,1439.523809,1439.523809,1361.57838,1439.523809,52.0
2012-05-25,1460.24348,1460.24348,1460.24348,1460.24348,162.0
2012-05-28,1388.217957,1430.64395,1381.3114,1388.217957,2452.0
2012-05-29,1391.17791,1456.296876,1391.17791,1391.17791,51.0
2012-05-30,1459.256829,1459.256829,1459.256829,1459.256829,20.0
2012-05-31,1468.136688,1468.136688,1468.136688,1468.136688,152.0
2012-06-01,1519.44254,1549.04207,1420.77744,1519.44254,1320.0
2012-06-04,1437.550507,1484.909755,1437.550507,1437.550507,177.0
2012-06-05,1513.522634,1513.522634,1513.522634,1513.522634,50.0
2012-06-06,1443.470413,1443.470413,1443.470413,1443.470413,43.0
2012-06-08,1513.522634,1513.522634,1513.522634,1513.522634,101.0
2012-06-11,1509.57603,1509.57603,1437.550507,1509.57603,81.0
2012-06-12,1509.57603,1509.57603,1508.589379,1509.57603,17.0
2012-06-21,1423.737393,1423.737393,1423.737393,1423.737393,47.0
2012-06-22,1508.589379,1508.589379,1424.724044,1508.589379,115.0
2012-06-29,1499.70952,1499.70952,1499.70952,1499.70952,1402.0
2012-07-13,1499.70952,1499.70952,1499.70952,1499.70952,405.0
2012-07-19,1499.70952,1499.70952,1499.70952,1499.70952,15316.0
2012-07-24,1421.764091,1434.590554,1416.830836,1421.764091,65.0
2012-07-25,1489.84301,1489.84301,1489.84301,1489.84301,5.0
2012-07-27,1436.563856,1479.9765,1436.563856,1436.563856,5091.0
2012-08-02,1465.176735,1465.176735,1465.176735,1465.176735,30.0
2012-08-03,1465.176735,1465.176735,1464.190084,1465.176735,203.0
2012-08-07,1465.176735,1465.176735,1465.176735,1465.176735,152.0
2012-08-09,1469.123339,1469.123339,1404.004373,1469.123339,2632.0
2012-08-24,1456.296876,1456.296876,1456.296876,1456.296876,14.0
2012-08-29,1479.9765,1479.9765,1420.77744,1479.9765,33446.0
2012-09-05,1477.016547,1477.016547,1477.016547,1477.016547,2229.0
2012-09-07,1478.003198,1478.003198,1436.563856,1478.003198,95.0
2012-09-11,1430.64395,1430.64395,1430.64395,1430.64395,116.0
2012-09-12,1420.77744,1420.77744,1420.77744,1420.77744,56.0
2012-09-14,1465.176735,1465.176735,1465.176735,1465.176735,253.0
2012-09-18,1421.764091,1421.764091,1421.764091,1421.764091,8.0
2012-09-19,1421.764091,1421.764091,1421.764091,1421.764091,7.0
2012-09-20,1465.176735,1465.176735,1465.176735,1465.176735,5067.0
2012-09-21,1422.750742,1465.176735,1422.750742,1422.750742,26.0
2012-09-24,1421.764091,1421.764091,1421.764091,1421.764091,1.0
2012-09-25,1422.750742,1422.750742,1422.750742,1422.750742,1205.0
2012-09-28,1465.176735,1465.176735,1425.710695,1465.176735,283.0
2012-10-01,1460.24348,1470.10999,1460.24348,1460.24348,4966.0
2012-10-02,1421.764091,1421.764091,1421.764091,1421.764091,9.0
2012-10-04,1420.77744,1420.77744,1420.77744,1420.77744,60.0
2012-10-05,1391.17791,1459.256829,1391.17791,1391.17791,2164.0
2012-10-08,1384.271353,1384.271353,1384.271353,1384.271353,5.0
2012-10-09,1392.164561,1392.164561,1392.164561,1392.164561,46.0
2012-10-12,1382.298051,1382.298051,1382.298051,1382.298051,55.0
2012-10-15,1401.04442,1401.04442,1381.3114,1401.04442,616.0
2012-10-16,1402.031071,1403.017722,1383.284702,1402.031071,1329.0
2012-10-17,1402.031071,1403.017722,1402.031071,1402.031071,1469.0
2012-10-18,1391.17791,1391.17791,1391.17791,1391.17791,399.0
2012-10-19,1322.11234,1381.3114,1322.11234,1322.11234,1121.0
2012-10-22,1401.04442,1401.04442,1401.04442,1401.04442,10.0
2012-10-23,1322.11234,1327.045595,1322.11234,1322.11234,180.0
2012-10-25,1327.045595,1391.17791,1327.045595,1327.045595,64.0
2012-10-29,1381.3114,1381.3114,1380.324749,1381.3114,101.0
2012-10-30,1336.912105,1336.912105,1336.912105,1336.912105,587.0
2012-11-02,1361.57838,1361.57838,1331.97885,1361.57838,2050.0
2012-11-09,1334.938803,1334.938803,1303.365971,1334.938803,733.0
2012-11-12,1343.818662,1343.818662,1308.299226,1343.818662,55.0
2012-11-15,1302.37932,1302.37932,1302.37932,1302.37932,30.0
2012-11-19,1343.818662,1343.818662,1343.818662,1343.818662,10.0
2012-11-21,1292.51281,1331.97885,1292.51281,1292.51281,1803.0
2012-11-22,1302.37932,1302.37932,1302.37932,1302.37932,2027.0
2012-11-23,1361.57838,1361.57838,1361.57838,1361.57838,24.0
2012-11-26,1331.97885,1331.97885,1293.499461,1331.97885,598.0
2012-11-27,1400.057769,1400.057769,1400.057769,1400.057769,5.0
2012-11-28,1316.192434,1426.697346,1316.192434,1316.192434,36.0
2012-11-30,1331.97885,1331.97885,1316.192434,1331.97885,6846.0
2012-12-03,1390.191259,1390.191259,1298.432716,1390.191259,63.0
2012-12-06,1381.3114,1381.3114,1318.165736,1381.3114,31.0
2012-12-07,1381.3114,1381.3114,1381.3114,1381.3114,152.0
2012-12-11,1380.324749,1380.324749,1298.432716,1380.324749,55.0
2012-12-12,1379.338098,1379.338098,1323.098991,1379.338098,24.0
2012-12-14,1380.324749,1380.324749,1309.285877,1380.324749,55.0
2012-12-18,1331.97885,1331.97885,1331.97885,1331.97885,1520.0
2012-12-20,1386.244655,1386.244655,1379.338098,1386.244655,10.0
2012-12-21,1386.244655,1386.244655,1386.244655,1386.244655,45.0
2012-12-24,1331.97885,1386.244655,1331.97885,1331.97885,1023.0
2012-12-25,1331.97885,1381.3114,1331.97885,1331.97885,1355.0
2012-12-26,1370.458239,1386.244655,1370.458239,1370.458239,1226.0
2012-12-27,1289.552857,1331.97885,1289.552857,1289.552857,1001.0
2012-12-28,1301.392669,1312.24583,1291.526159,1301.392669,1412.0
2012-12-31,1322.11234,1331.97885,1303.365971,1322.11234,3524.0
2013-01-02,1307.312575,1307.312575,1307.312575,1307.312575,2038.0
2013-01-04,1336.912105,1336.912105,1336.912105,1336.912105,40.0
2013-01-07,1331.97885,1331.97885,1307.312575,1331.97885,3040.0
2013-01-08,1330.005548,1330.005548,1330.005548,1330.005548,64.0
2013-01-09,1330.005548,1330.005548,1307.312575,1330.005548,2564.0
2013-01-14,1264.886582,1293.499461,1264.886582,1264.886582,52.0
2013-01-15,1193.84771,1321.125689,1193.84771,1193.84771,2260.0
2013-01-16,1193.84771,1259.953327,1193.84771,1193.84771,97.0
2013-01-18,1193.84771,1193.84771,1192.861059,1193.84771,999.0
2013-01-23,1193.84771,1193.84771,1193.84771,1193.84771,88.0
2013-01-28,1264.886582,1264.886582,1183.9812,1264.886582,228.0
2013-01-29,1243.18026,1243.18026,1243.18026,1243.18026,2736.0
2013-01-30,1243.18026,1243.18026,1243.18026,1243.18026,1013.0
2013-02-01,1317.179085,1317.179085,1301.392669,1317.179085,1030.0
2013-02-04,1317.179085,1317.179085,1317.179085,1317.179085,12348.0
2013-02-05,1317.179085,1317.179085,1317.179085,1317.179085,33.0
2013-02-06,1317.179085,1317.179085,1317.179085,1317.179085,1.0
2013-02-08,1317.179085,1317.179085,1243.18026,1317.179085,1834.0
2013-02-11,1317.179085,1317.179085,1317.179085,1317.179085,3.0
2013-02-12,1317.179085,1331.97885,1317.179085,1317.179085,12723.0
2013-02-15,1307.312575,1307.312575,1238.247005,1307.312575,152.0
2013-02-19,1300.406018,1300.406018,1300.406018,1300.406018,8.0
2013-02-20,1299.419367,1299.419367,1262.91328,1299.419367,744.0
2013-02-22,1282.6463,1282.6463,1221.473938,1221.473938,228.0
2013-02-25,1282.6463,1282.6463,1282.6463,1282.6463,129.0
2013-02-27,1262.91328,1262.91328,1262.91328,1262.91328,1013.0
2013-03-01,1233.31375,1233.31375,1233.31375,1233.31375,2074.0
2013-03-04,1213.58073,1213.58073,1213.58073,1213.58073,101.0
2013-03-05,1197.794314,1223.44724,1186.941153,1223.44724,500.0
2013-03-06,1184.967851,1184.967851,1184.967851,1184.967851,15.0
2013-03-07,1113.928979,1113.928979,1113.928979,1113.928979,152.0
2013-03-08,1088.276053,1174.11469,1085.3161,1085.3161,985.0
2013-03-11,1142.541858,1144.51516,1095.18261,1095.18261,262.0
2013-03-12,1151.421717,1160.301576,1151.421717,1160.301576,1520.0
2013-03-13,1183.9812,1227.393844,1183.9812,1227.393844,568.0
2013-03-14,1252.060119,1292.51281,1252.060119,1292.51281,202.0
2013-03-15,1322.11234,1322.11234,1322.11234,1322.11234,304.0
2013-03-18,1282.6463,1322.11234,1282.6463,1322.11234,2422.0
2013-03-21,1282.6463,1282.6463,1282.6463,1282.6463,2805.0
2013-03-22,1282.6463,1282.6463,1282.6463,1282.6463,5708.0
2013-03-25,1282.6463,1282.6463,1282.6463,1282.6463,60.0
2013-03-27,1331.97885,1331.97885,1330.992199,1331.97885,216.0
2013-03-29,1270.806488,1351.71187,1270.806488,1350.725219,81.0
2013-04-02,1331.97885,1331.97885,1331.97885,1331.97885,3040.0
2013-04-04,1331.97885,1331.97885,1331.97885,1331.97885,65.0
2013-04-09,1283.632951,1364.538333,1283.632951,1364.538333,12240.0
2013-04-11,1356.645125,1405.977675,1355.658474,1405.977675,20666.0
2013-04-12,1381.3114,1430.64395,1381.3114,1430.64395,45608.0
2013-04-17,1429.657299,1430.64395,1429.657299,1430.64395,510.0
2013-04-18,1478.003198,1478.003198,1478.003198,1478.003198,10.0
2013-04-19,1479.9765,1479.9765,1479.9765,1479.9765,101.0
2013-04-22,1391.17791,1392.164561,1391.17791,1392.164561,35.0
2013-04-24,1392.164561,1392.164561,1392.164561,1392.164561,193.0
2013-04-29,1420.77744,1420.77744,1420.77744,1420.77744,8280.0
2013-05-08,1418.804138,1478.989849,1418.804138,1478.989849,456.0
2013-05-09,1478.989849,1479.9765,1478.989849,1479.9765,32257.0
2013-05-16,1479.9765,1479.9765,1479.9765,1479.9765,12130.0
2013-05-17,1396.111165,1396.111165,1391.17791,1391.17791,24.0
2013-05-21,1474.056594,1474.056594,1474.056594,1474.056594,40.0
2013-05-22,1470.10999,1479.9765,1470.10999,1479.9765,4374.0
2013-05-23,1479.9765,1479.9765,1479.9765,1479.9765,4800.0
2013-05-31,1479.9765,1479.9765,1479.9765,1479.9765,5.0
2013-06-07,1401.04442,1401.04442,1401.04442,1401.04442,27.0
2013-06-11,1479.9765,1479.9765,1479.9765,1479.9765,36.0
2013-06-14,1478.003198,1478.003198,1478.003198,1478.003198,253.0
2013-06-28,1401.04442,1459.256829,1401.04442,1459.256829,3244.0
2013-07-05,1372.431541,1372.431541,1372.431541,1372.431541,201.0
2013-07-08,1372.431541,1372.431541,1372.431541,1372.431541,1207.0
2013-07-09,1454.323574,1454.323574,1454.323574,1454.323574,10.0
2013-07-12,1367.498286,1478.003198,1367.498286,1478.003198,60.0
2013-07-24,1474.056594,1474.056594,1474.056594,1474.056594,70.0
2013-07-25,1391.17791,1474.056594,1386.244655,1474.056594,107.0
2013-08-02,1386.244655,1386.244655,1386.244655,1386.244655,11.0
2013-08-12,1386.244655,1386.244655,1386.244655,1386.244655,20.0
2013-08-22,1343.818662,1462.216782,1341.84536,1462.216782,29.0
2013-08-27,1420.77744,1420.77744,1420.77744,1420.77744,1013.0
2013-08-29,1353.685172,1429.657299,1353.685172,1429.657299,30.0
2013-08-30,1420.77744,1420.77744,1420.77744,1420.77744,2027.0
2013-09-03,1420.77744,1420.77744,1420.77744,1420.77744,506.0
2013-09-13,1443.470413,1443.470413,1443.470413,1443.470413,10.0
2013-09-17,1381.3114,1381.3114,1381.3114,1381.3114,3547.0
2013-09-27,1381.3114,1449.390319,1351.71187,1449.390319,5797.0
2013-10-02,1449.390319,1449.390319,1449.390319,1449.390319,0.0
2013-10-03,1363.551682,1381.3114,1363.551682,1381.3114,21.0
2013-10-04,1371.44489,1371.44489,1371.44489,1371.44489,17.0
2013-10-22,1371.44489,1371.44489,1371.44489,1371.44489,3040.0
2013-10-24,1410.91093,1445.443715,1410.91093,1445.443715,60.0
2013-10-25,1381.3114,1381.3114,1381.3114,1381.3114,4818.0
2013-10-28,1445.443715,1449.390319,1430.64395,1430.64395,287.0
2013-10-29,1455.310225,1455.310225,1455.310225,1455.310225,20.0
2013-11-01,1383.284702,1383.284702,1383.284702,1383.284702,881.0
2013-11-15,1383.284702,1383.284702,1361.57838,1361.57838,136.0
2013-11-20,1410.91093,1410.91093,1410.91093,1410.91093,2346.0
2013-11-21,1410.91093,1410.91093,1410.91093,1410.91093,2361.0
2013-11-22,1410.91093,1410.91093,1371.44489,1371.44489,7555.0
2013-11-29,1349.738568,1349.738568,1349.738568,1349.738568,2.0
2013-12-05,1337.898756,1337.898756,1337.898756,1337.898756,4.0
2013-12-06,1283.632951,1283.632951,1283.632951,1283.632951,249.0
2013-12-13,1360.591729,1360.591729,1360.591729,1360.591729,6.0
2013-12-16,1360.591729,1360.591729,1360.591729,1360.591729,89.0
2013-12-20,1361.57838,1361.57838,1361.57838,1361.57838,28.0
2013-12-25,1430.64395,1430.64395,1430.64395,1430.64395,25.0
2013-12-26,1361.57838,1420.77744,1361.57838,1420.77744,75619.0
2013-12-31,1430.64395,1430.64395,1430.64395,1430.64395,2226.0
2014-01-07,1351.71187,1351.71187,1351.71187,1351.71187,40.0
2014-01-10,1292.51281,1292.51281,1292.51281,1292.51281,313.0
2014-01-17,1369.471588,1369.471588,1369.471588,1369.471588,10.0
2014-01-20,1419.790789,1419.790789,1419.790789,1419.790789,5.0
2014-01-21,1418.804138,1418.804138,1418.804138,1418.804138,4.0
2014-01-22,1418.804138,1418.804138,1418.804138,1418.804138,10.0
2014-01-23,1418.804138,1418.804138,1418.804138,1418.804138,5.0
2014-01-27,1427.683997,1427.683997,1427.683997,1427.683997,5.0
2014-01-28,1361.57838,1361.57838,1361.57838,1361.57838,2542.0
2014-01-30,1416.830836,1416.830836,1416.830836,1416.830836,5.0
2014-01-31,1413.870883,1413.870883,1413.870883,1413.870883,5.0
2014-02-03,1416.830836,1416.830836,1416.830836,1416.830836,10.0
2014-02-05,1347.765266,1347.765266,1347.765266,1347.765266,12.0
2014-02-06,1408.937628,1408.937628,1408.937628,1408.937628,5.0
2014-02-07,1404.991024,1404.991024,1404.991024,1404.991024,5.0
2014-02-11,1381.3114,1381.3114,1381.3114,1381.3114,1520.0
2014-02-12,1401.04442,1401.04442,1401.04442,1401.04442,5.0
2014-02-14,1381.3114,1381.3114,1381.3114,1381.3114,1013.0
2014-02-17,1401.04442,1401.04442,1401.04442,1401.04442,10.0
2014-02-18,1424.724044,1424.724044,1424.724044,1424.724044,10.0
2014-02-19,1381.3114,1381.3114,1381.3114,1381.3114,1530.0
2014-02-20,1428.670648,1428.670648,1428.670648,1428.670648,10.0
2014-02-21,1428.670648,1428.670648,1428.670648,1428.670648,10.0
2014-02-25,1478.989849,1478.989849,1478.989849,1478.989849,10.0
2014-02-27,1478.003198,1478.003198,1478.003198,1478.003198,5.0
2014-02-28,1478.003198,1478.003198,1478.003198,1478.003198,5.0
2014-03-03,1478.989849,1478.989849,1478.989849,1478.989849,5.0
2014-03-04,1478.989849,1478.989849,1478.989849,1478.989849,5.0
2014-03-05,1478.989849,1478.989849,1478.989849,1478.989849,5.0
2014-03-06,1391.17791,1391.17791,1391.17791,1391.17791,615.0
2014-03-07,1376.378145,1376.378145,1376.378145,1376.378145,724.0
2014-03-12,1361.57838,1361.57838,1361.57838,1361.57838,4368.0
2014-03-13,1341.84536,1341.84536,1341.84536,1341.84536,5075.0
2014-03-14,1331.97885,1331.97885,1331.97885,1331.97885,6870.0
2014-03-17,1361.57838,1361.57838,1361.57838,1361.57838,50.0
2014-03-21,1361.57838,1361.57838,1361.57838,1361.57838,202.0
2014-03-25,1398.084467,1398.084467,1396.111165,1396.111165,20.0
2014-03-26,1398.084467,1398.084467,1398.084467,1398.084467,10.0
2014-03-28,1381.3114,1381.3114,1381.3114,1381.3114,405.0
2014-04-02,1381.3114,1381.3114,1381.3114,1381.3114,304.0
2014-04-04,1337.898756,1337.898756,1337.898756,1337.898756,1.0
2014-04-09,1337.898756,1337.898756,1337.898756,1337.898756,1.0
2014-04-11,1380.324749,1380.324749,1380.324749,1380.324749,20.0
2014-04-15,1379.338098,1379.338098,1379.338098,1379.338098,20.0
2014-04-16,1379.338098,1379.338098,1379.338098,1379.338098,10135.0
2014-04-17,1378.351447,1378.351447,1378.351447,1378.351447,30.0
2014-04-22,1371.44489,1371.44489,1371.44489,1371.44489,5067.0
2014-04-29,1289.552857,1289.552857,1289.552857,1289.552857,1023.0
2014-05-02,1366.511635,1366.511635,1366.511635,1366.511635,5.0
2014-05-06,1293.499461,1293.499461,1293.499461,1293.499461,8.0
2014-05-07,1360.591729,1360.591729,1360.591729,1360.591729,1.0
2014-05-08,1303.365971,1303.365971,1303.365971,1303.365971,1.0
2014-05-09,1305.339273,1305.339273,1305.339273,1305.339273,36.0
2014-05-16,1357.631776,1357.631776,1357.631776,1357.631776,1.0
2014-05-22,1378.351447,1378.351447,1378.351447,1378.351447,20.0
2014-05-27,1304.352622,1304.352622,1304.352622,1304.352622,7.0
2014-05-28,1331.97885,1331.97885,1331.97885,1331.97885,1185.0
2014-06-02,1367.498286,1377.364796,1367.498286,1377.364796,15.0
2014-06-06,1314.219132,1314.219132,1314.219132,1314.219132,6.0
2014-06-09,1315.205783,1375.391494,1315.205783,1375.391494,34.0
2014-06-10,1377.364796,1377.364796,1377.364796,1377.364796,20.0
2014-06-18,1371.44489,1371.44489,1371.44489,1371.44489,5075.0
2014-06-20,1302.37932,1302.37932,1302.37932,1302.37932,5.0
2014-06-25,1375.391494,1375.391494,1375.391494,1375.391494,5.0
2014-06-26,1298.432716,1298.432716,1298.432716,1298.432716,1.0
2014-06-30,1361.57838,1361.57838,1361.57838,1361.57838,3.0
2014-07-01,1297.446065,1297.446065,1297.446065,1297.446065,15.0
2014-07-11,1365.524984,1365.524984,1365.524984,1365.524984,3.0
2014-07-15,1331.97885,1331.97885,1331.97885,1331.97885,658.0
2014-07-16,1331.97885,1331.97885,1331.97885,1331.97885,13.0
2014-07-17,1356.645125,1356.645125,1331.97885,1331.97885,5.0
2014-07-18,1357.631776,1357.631776,1357.631776,1357.631776,5.0
2014-07-21,1357.631776,1357.631776,1357.631776,1357.631776,406.0
2014-07-24,1276.726394,1276.726394,1276.726394,1276.726394,50.0
2014-07-31,1331.97885,1345.791964,1331.97885,1341.84536,624.0
2014-08-04,1341.84536,1341.84536,1341.84536,1341.84536,933.0
2014-08-12,1341.84536,1341.84536,1341.84536,1341.84536,24.0
2014-08-13,1346.778615,1375.391494,1346.778615,1375.391494,12.0
2014-08-15,1371.44489,1371.44489,1371.44489,1371.44489,2.0
2014-08-19,1369.471588,1369.471588,1369.471588,1369.471588,29.0
2014-08-26,1374.404843,1374.404843,1374.404843,1374.404843,10.0
2014-08-29,1378.351447,1378.351447,1378.351447,1378.351447,6.0
2014-09-01,1376.378145,1376.378145,1376.378145,1376.378145,1.0
2014-09-03,1331.97885,1331.97885,1331.97885,1331.97885,4.0
2014-09-04,1300.406018,1331.97885,1300.406018,1331.97885,4191.0
2014-09-05,1331.97885,1331.97885,1331.97885,1331.97885,24.0
2014-09-09,1334.938803,1334.938803,1331.97885,1332.965501,3243.0
2014-09-10,1331.97885,1372.431541,1331.97885,1331.97885,8214.0
2014-09-17,1370.458239,1370.458239,1331.97885,1331.97885,4.0
2014-09-18,1331.97885,1331.97885,1331.97885,1331.97885,912.0
2014-09-19,1331.97885,1331.97885,1330.992199,1330.992199,3040.0
2014-09-23,1330.992199,1330.992199,1330.992199,1330.992199,3.0
2014-09-26,1330.992199,1331.97885,1330.992199,1331.97885,131.0
2014-10-16,1330.005548,1330.005548,1330.005548,1330.005548,2258.0
2014-10-17,1330.992199,1370.458239,1330.992199,1370.458239,2092.0
2014-10-20,1370.458239,1401.04442,1370.458239,1401.04442,25.0
2014-10-21,1381.3114,1381.3114,1381.3114,1381.3114,10.0
2014-10-23,1331.97885,1331.97885,1331.97885,1331.97885,506.0
2014-10-24,1331.97885,1331.97885,1331.97885,1331.97885,159.0
2014-10-27,1304.352622,1327.045595,1304.352622,1327.045595,2057.0
2014-10-30,1331.97885,1331.97885,1331.97885,1331.97885,989.0
2014-10-31,1312.24583,1312.24583,1312.24583,1312.24583,506.0
2014-11-07,1331.97885,1331.97885,1331.97885,1331.97885,5.0
2014-11-11,1330.992199,1330.992199,1330.992199,1330.992199,573.0
2014-11-21,1330.992199,1330.992199,1330.992199,1330.992199,86.0
2014-11-28,1307.312575,1307.312575,1307.312575,1307.312575,3.0
2014-12-05,1330.005548,1331.97885,1330.005548,1331.97885,76.0
2014-12-11,1282.6463,1282.6463,1282.6463,1282.6463,1.0
2014-12-12,1327.045595,1327.045595,1327.045595,1327.045595,121.0
2014-12-16,1322.11234,1322.11234,1322.11234,1322.11234,15.0
2014-12-18,1287.579555,1287.579555,1282.6463,1282.6463,46.0
2014-12-19,1205.687522,1205.687522,1205.687522,1205.687522,168.0
2014-12-23,1252.060119,1277.713045,1252.060119,1277.713045,2622.0
2014-12-25,1277.713045,1331.97885,1277.713045,1277.713045,1209.0
2014-12-26,1245.153562,1245.153562,1243.18026,1243.18026,446.0
2014-12-29,1282.6463,1317.179085,1282.6463,1317.179085,427.0
2014-12-30,1380.324749,1380.324749,1317.179085,1317.179085,152.0
2014-12-31,1316.192434,1316.192434,1316.192434,1316.192434,3040.0
2015-01-09,1314.219132,1314.219132,1314.219132,1314.219132,20.0
2015-01-12,1282.6463,1282.6463,1282.6463,1282.6463,23.0
2015-01-13,1264.886582,1282.6463,1264.886582,1282.6463,1419.0
2015-01-14,1272.77979,1272.77979,1272.77979,1272.77979,567.0
2015-01-21,1218.513985,1218.513985,1216.540683,1216.540683,1378.0
2015-01-22,1223.44724,1223.44724,1202.727569,1202.727569,290.0
2015-01-23,1183.9812,1183.9812,1183.9812,1183.9812,5902.0
2015-01-27,1158.328274,1158.328274,1158.328274,1158.328274,121.0
2015-01-28,1183.9812,1227.393844,1183.9812,1183.9812,10348.0
2015-01-29,1150.435066,1251.073468,1112.942328,1183.9812,3336.0
2015-01-30,1181.021247,1181.021247,1181.021247,1181.021247,4226.0
2015-02-06,1183.9812,1183.9812,1183.9812,1183.9812,4.0
2015-02-09,1114.91563,1183.9812,1113.928979,1183.9812,601.0
2015-02-13,1119.848885,1119.848885,1119.848885,1119.848885,278.0
2015-02-16,1119.848885,1119.848885,1095.18261,1118.862234,37893.0
2015-02-17,1114.91563,1114.91563,1085.3161,1114.91563,417.0
2015-02-19,1085.3161,1119.848885,1053.743268,1053.743268,6189.0
2015-02-20,1058.676523,1113.928979,1046.836711,1053.743268,7633.0
2015-02-24,1053.743268,1053.743268,1053.743268,1053.743268,5067.0
2015-02-25,1053.743268,1053.743268,1053.743268,1053.743268,831.0
2015-02-26,1050.783315,1050.783315,1035.98355,1035.98355,2501.0
2015-02-27,1035.98355,1084.329449,1035.98355,1035.98355,7980.0
2015-03-02,992.570906,1097.155912,978.264467,1097.155912,61.0
2015-03-04,1129.715395,1129.715395,1129.715395,1129.715395,20.0
2015-03-05,1062.623127,1129.715395,1062.623127,1129.715395,270.0
2015-03-06,1127.742093,1158.328274,1062.623127,1065.58308,288.0
2015-03-09,1066.569731,1128.728744,1036.970201,1128.728744,153.0
2015-03-10,1182.994549,1182.994549,1182.994549,1182.994549,50.0
2015-03-11,1114.91563,1114.91563,1114.91563,1114.91563,51.0
2015-03-13,1085.3161,1085.3161,1085.3161,1085.3161,118.0
2015-03-16,1085.3161,1150.435066,1085.3161,1150.435066,1015.0
2015-03-18,1144.51516,1148.461764,1085.3161,1133.661999,2038.0
2015-03-19,1085.3161,1131.688697,1084.329449,1084.329449,3700.0
2015-03-23,1085.3161,1148.461764,1020.197134,1085.3161,5598.0
2015-03-24,1085.3161,1085.3161,1085.3161,1085.3161,55.0
2015-03-27,1085.3161,1085.3161,1085.3161,1085.3161,61.0
2015-03-31,1085.3161,1085.3161,1085.3161,1085.3161,658.0
2015-04-03,1144.51516,1144.51516,1144.51516,1144.51516,20.0
2015-04-06,1085.3161,1085.3161,1085.3161,1085.3161,5.0
2015-04-07,1085.3161,1144.51516,1085.3161,1085.3161,9.0
2015-04-08,1085.3161,1085.3161,1085.3161,1085.3161,281.0
2015-04-09,1085.3161,1085.3161,1084.329449,1084.329449,10.0
2015-04-10,1084.329449,1084.329449,1084.329449,1084.329449,25.0
2015-04-14,1060.649825,1060.649825,1060.649825,1060.649825,506.0
2015-04-16,1036.970201,1036.970201,1036.970201,1036.970201,20.0
2015-04-20,1060.649825,1084.329449,1060.649825,1084.329449,516.0
2015-04-22,1060.649825,1060.649825,1026.11704,1026.11704,129.0
2015-04-23,1035.98355,1035.98355,1035.98355,1035.98355,570.0
2015-04-24,1035.98355,1035.98355,1035.98355,1035.98355,56.0
2015-04-27,1035.98355,1035.98355,1035.98355,1035.98355,143.0
2015-04-28,1035.98355,1035.98355,1035.98355,1035.98355,10.0
2015-05-04,1035.98355,1035.98355,1035.98355,1035.98355,405.0
2015-05-08,1026.11704,1026.11704,1026.11704,1026.11704,15.0
2015-05-13,987.637651,987.637651,986.651,986.651,1723.0
2015-05-14,986.651,986.651,986.651,986.651,50.0
2015-05-15,1045.85006,1045.85006,1045.85006,1045.85006,105.0
2015-05-19,1045.85006,1045.85006,1034.996899,1034.996899,15202.0
2015-05-22,991.584255,991.584255,991.584255,991.584255,20.0
2015-05-27,992.570906,992.570906,991.584255,991.584255,22.0
2015-05-28,991.584255,991.584255,937.31845,991.584255,13995.0
2015-05-29,991.584255,1050.783315,937.31845,1050.783315,42772.0
2015-06-01,988.624302,1049.796664,988.624302,1049.796664,41.0
2015-06-03,1043.876758,1154.38167,1043.876758,1154.38167,23718.0
2015-06-04,1183.9812,1183.9812,1183.9812,1183.9812,12770.0
2015-06-05,1247.126864,1255.020072,1233.31375,1233.31375,7353.0
2015-06-08,1225.420542,1288.566206,1183.9812,1183.9812,3237.0
2015-06-09,1253.04677,1253.04677,1183.9812,1183.9812,307.0
2015-06-19,1223.44724,1226.407193,1183.9812,1225.420542,21703.0
2015-06-22,1225.420542,1282.6463,1225.420542,1280.672998,308.0
2015-06-23,1279.686347,1285.606253,1279.686347,1285.606253,2432.0
2015-06-25,1252.060119,1253.04677,1252.060119,1253.04677,557.0
2015-06-26,1253.04677,1253.04677,1252.060119,1252.060119,16525.0
2015-07-01,1214.567381,1214.567381,1214.567381,1214.567381,2.0
2015-07-02,1139.581905,1241.206958,1139.581905,1241.206958,253.0
2015-07-07,1241.206958,1254.033421,1241.206958,1254.033421,16487.0
2015-07-09,1254.033421,1254.033421,1254.033421,1254.033421,2409.0
2015-07-14,1179.047945,1179.047945,1179.047945,1179.047945,1.0
2015-07-15,1182.994549,1183.9812,1182.994549,1183.9812,2946.0
2015-07-16,1183.9812,1183.9812,1183.9812,1183.9812,4085.0
2015-07-20,1255.020072,1255.020072,1255.020072,1255.020072,43.0
2015-07-21,1254.033421,1254.033421,1254.033421,1254.033421,3321.0
2015-07-24,1185.954502,1262.91328,1179.047945,1262.91328,150.0
2015-07-27,1188.914455,1188.914455,1188.914455,1188.914455,2.0
2015-07-28,1259.953327,1259.953327,1259.953327,1259.953327,10.0
2015-07-31,1213.58073,1262.91328,1213.58073,1262.91328,1750.0
2015-08-03,1262.91328,1275.739743,1262.91328,1275.739743,202.0
2015-08-04,1270.806488,1270.806488,1270.806488,1270.806488,4864.0
2015-08-24,1266.859884,1266.859884,1266.859884,1266.859884,102.0
2015-08-25,1267.846535,1267.846535,1267.846535,1267.846535,2.0
2015-08-26,1275.739743,1275.739743,1275.739743,1275.739743,1.0
2015-08-28,1270.806488,1270.806488,1270.806488,1270.806488,6555.0
2015-09-04,1271.793139,1302.37932,1271.793139,1302.37932,443.0
2015-09-08,1298.432716,1298.432716,1298.432716,1298.432716,1007.0
2015-09-18,1286.592904,1286.592904,1286.592904,1286.592904,101.0
2015-09-21,1285.606253,1285.606253,1285.606253,1285.606253,2084.0
2015-09-22,1284.619602,1284.619602,1284.619602,1284.619602,6702.0
2015-10-06,1207.660824,1264.886582,1207.660824,1264.886582,44.0
2015-10-12,1266.859884,1266.859884,1266.859884,1266.859884,2344.0
2015-10-13,1265.873233,1265.873233,1265.873233,1265.873233,1.0
2015-10-23,1191.874408,1252.060119,1183.9812,1183.9812,655.0
2015-10-26,1139.581905,1181.021247,1112.942328,1112.942328,964.0
2015-10-27,1174.11469,1174.11469,1174.11469,1174.11469,10.0
2015-10-28,1183.9812,1191.874408,1183.9812,1191.874408,5.0
2015-10-29,1183.9812,1183.9812,1183.9812,1183.9812,5.0
2015-10-30,1174.11469,1174.11469,1174.11469,1174.11469,44.0
2015-11-02,1122.808838,1178.061294,1122.808838,1174.11469,9.0
2015-11-03,1179.047945,1179.047945,1179.047945,1179.047945,50.0
2015-11-05,1171.154737,1171.154737,1171.154737,1171.154737,40.0
2015-11-10,1173.128039,1173.128039,1173.128039,1173.128039,40.0
2015-11-11,1182.994549,1182.994549,1182.994549,1182.994549,65.0
2015-11-12,1183.9812,1183.9812,1183.9812,1183.9812,35.0
2015-11-24,1183.9812,1183.9812,1183.9812,1183.9812,5926.0
2015-11-25,1114.91563,1182.994549,1112.942328,1114.91563,4913.0
2015-11-26,1174.11469,1174.11469,1174.11469,1174.11469,3.0
2015-11-27,1173.128039,1173.128039,1173.128039,1173.128039,50.0
2015-11-30,1109.982375,1109.982375,1109.982375,1109.982375,50.0
2015-12-04,1164.24818,1167.208133,1066.569731,1085.3161,4621.0
2015-12-07,1085.3161,1085.3161,1085.3161,1085.3161,11.0
2015-12-08,1085.3161,1085.3161,1033.023597,1033.023597,719.0
2015-12-09,1031.050295,1075.44959,1025.130389,1030.063644,6020.0
2015-12-10,1035.98355,1035.98355,1026.11704,1026.11704,280.0
2015-12-18,1026.11704,1085.3161,1026.11704,1085.3161,27906.0
2015-12-21,1085.3161,1085.3161,1026.11704,1085.3161,33120.0
2015-12-22,1085.3161,1085.3161,1042.890107,1042.890107,48547.0
2015-12-23,1031.050295,1084.329449,988.624302,1035.98355,162972.0
2015-12-28,1036.970201,1081.369496,1035.98355,1081.369496,15520.0
2015-12-29,1080.382845,1144.51516,1080.382845,1143.528509,30492.0
2015-12-30,1144.51516,1183.9812,1144.51516,1174.11469,35509.0
2015-12-31,1174.11469,1174.11469,1164.24818,1164.24818,20422.0
2016-01-04,1164.24818,1164.24818,1164.24818,1164.24818,283.0
2016-01-15,1095.18261,1095.18261,1095.18261,1095.18261,12.0
2016-01-22,1030.063644,1030.063644,1030.063644,1030.063644,6.0
2016-01-25,1091.236006,1091.236006,1091.236006,1091.236006,2.0
2016-01-26,1040.916805,1156.354972,1040.916805,1156.354972,283.0
2016-01-27,1100.115865,1100.115865,1100.115865,1100.115865,3.0
2016-01-29,1164.24818,1164.24818,1164.24818,1164.24818,4.0
2016-02-01,1172.141388,1172.141388,1172.141388,1172.141388,187.0
2016-02-04,1109.982375,1109.982375,1109.982375,1109.982375,2.0
2016-02-05,1109.982375,1159.314925,1108.995724,1159.314925,652.0
2016-02-15,1101.102516,1101.102516,1100.115865,1100.115865,706.0
2016-02-16,1100.115865,1100.115865,1100.115865,1100.115865,162.0
2016-02-19,1056.703221,1110.969026,1035.98355,1110.969026,4268.0
2016-02-24,1044.863409,1085.3161,1044.863409,1085.3161,555.0
2016-02-25,1074.462939,1074.462939,1074.462939,1074.462939,5.0
2016-02-26,1027.103691,1074.462939,1016.25053,1035.98355,1400.0
2016-02-29,1016.25053,1035.98355,1016.25053,1035.98355,2288.0
2016-03-02,1035.98355,1035.98355,1034.996899,1034.996899,2138.0
2016-03-04,1035.98355,1050.783315,1035.98355,1050.783315,32.0
2016-03-07,1035.98355,1035.98355,1035.98355,1035.98355,15.0
2016-03-10,1012.303926,1045.85006,986.651,1045.85006,351.0
2016-03-11,1045.85006,1045.85006,1044.863409,1044.863409,508.0
2016-03-15,1073.476288,1076.436241,1044.863409,1067.556382,338.0
2016-03-16,1036.970201,1036.970201,1035.98355,1035.98355,433.0
2016-03-17,1035.98355,1035.98355,1035.98355,1035.98355,1013.0
2016-03-18,1035.98355,1035.98355,1035.98355,1035.98355,253.0
2016-03-22,1018.223832,1020.197134,1017.237181,1020.197134,30.0
2016-03-23,1058.676523,1058.676523,1058.676523,1058.676523,20.0
2016-03-24,1057.689872,1057.689872,1057.689872,1057.689872,5.0
2016-03-25,1064.596429,1065.58308,1064.596429,1065.58308,70.0
2016-03-28,1064.596429,1064.596429,1062.623127,1062.623127,101.0
2016-03-30,1075.44959,1075.44959,1035.98355,1035.98355,207.0
2016-03-31,1035.98355,1035.98355,1035.98355,1035.98355,304.0
2016-04-01,1035.98355,1070.516335,1035.98355,1070.516335,784.0
2016-04-04,1070.516335,1070.516335,1055.71657,1055.71657,5067.0
2016-04-06,1039.930154,1039.930154,1035.98355,1035.98355,45728.0
2016-04-08,1050.783315,1066.569731,1035.98355,1066.569731,3324.0
2016-04-11,1027.103691,1027.103691,1006.38402,1006.38402,22.0
2016-04-13,1035.98355,1035.98355,1035.98355,1035.98355,10135.0
2016-04-14,1035.98355,1045.85006,1035.98355,1045.85006,17589.0
2016-04-20,1010.330624,1010.330624,1010.330624,1010.330624,1.0
2016-04-22,1035.98355,1035.98355,1035.98355,1035.98355,557.0
2016-04-28,1035.98355,1035.98355,1035.98355,1035.98355,456.0
2016-04-29,1035.98355,1035.98355,1035.98355,1035.98355,912.0
2016-05-02,1035.98355,1035.98355,1035.98355,1035.98355,9.0
2016-05-05,1083.342798,1084.329449,1083.342798,1084.329449,13.0
2016-05-10,1075.44959,1075.44959,1039.930154,1065.58308,31.0
2016-05-13,1075.44959,1079.396194,1075.44959,1075.44959,77.0
2016-05-16,1071.502986,1071.502986,1071.502986,1071.502986,21.0
2016-05-20,1073.476288,1074.462939,1073.476288,1074.462939,152.0
2016-05-27,1074.462939,1074.462939,1074.462939,1074.462939,119.0
2016-06-01,1074.462939,1074.462939,1074.462939,1074.462939,189.0
2016-06-10,1042.890107,1081.369496,1042.890107,1081.369496,19.0
2016-06-14,1074.462939,1074.462939,1074.462939,1074.462939,101.0
2016-06-17,1060.649825,1060.649825,1060.649825,1060.649825,5.0
2016-06-21,1056.703221,1056.703221,1056.703221,1056.703221,1.0
2016-06-24,1070.516335,1070.516335,1070.516335,1070.516335,1.0
2016-06-27,1056.703221,1056.703221,1056.703221,1056.703221,25.0
2016-06-29,1119.848885,1119.848885,1119.848885,1119.848885,1503.0
2016-06-30,1154.38167,1154.38167,1052.756617,1052.756617,321.0
2016-07-01,1115.902281,1115.902281,1043.876758,1065.58308,14.0
2016-07-11,1043.876758,1060.649825,1035.98355,1060.649825,165.0
2016-07-14,1007.370671,1007.370671,1007.370671,1007.370671,5.0
2016-07-19,1017.237181,1017.237181,1017.237181,1017.237181,25.0
2016-07-21,1018.223832,1018.223832,1002.437416,1016.25053,248.0
2016-07-26,1011.317275,1011.317275,1011.317275,1011.317275,50.0
2016-07-28,1011.317275,1011.317275,1011.317275,1011.317275,1.0
2016-07-29,1011.317275,1011.317275,1011.317275,1011.317275,43.0
2016-08-02,1011.317275,1011.317275,1011.317275,1011.317275,1254.0
2016-08-03,1011.317275,1011.317275,1011.317275,1011.317275,55.0
2016-08-04,1011.317275,1011.317275,1006.38402,1006.38402,38.0
2016-08-08,1011.317275,1011.317275,1011.317275,1011.317275,10.0
2016-08-10,1011.317275,1011.317275,1011.317275,1011.317275,99.0
2016-08-11,1006.38402,1006.38402,1006.38402,1006.38402,1.0
2016-08-16,988.624302,988.624302,987.637651,987.637651,16.0
2016-08-17,986.651,987.637651,986.651,987.637651,488.0
2016-08-19,1005.397369,1005.397369,1005.397369,1005.397369,50.0
2016-09-05,1005.397369,1005.397369,986.651,1005.397369,15.0
2016-09-06,1005.397369,1005.397369,986.651,986.651,511.0
2016-09-08,971.851235,986.651,971.851235,986.651,136.0
2016-09-09,986.651,986.651,986.651,986.651,101.0
2016-09-14,976.78449,976.78449,976.78449,976.78449,368.0
2016-09-15,976.78449,976.78449,966.91798,976.685845,762.0
2016-09-16,976.685845,976.685845,976.685845,976.685845,5.0
2016-09-19,976.685845,976.685845,976.685845,976.685845,325.0
2016-09-20,974.021877,974.021877,974.021877,974.021877,1.0
2016-09-21,976.78449,1006.38402,976.78449,1004.410718,12613.0
2016-09-22,1004.410718,1035.98355,1004.410718,1024.143738,7096.0
2016-09-23,1040.916805,1050.783315,1040.916805,1050.783315,101.0
2016-09-29,996.51751,996.51751,996.51751,996.51751,5.0
2016-09-30,988.624302,1006.38402,986.651,986.651,1113.0
2016-10-05,987.637651,987.637651,986.651,986.651,341.0
2016-10-07,986.651,986.651,981.22442,981.323065,763.0
2016-10-10,981.915085,981.915085,981.915085,981.915085,50.0
2016-10-11,981.717745,981.717745,980.731094,980.731094,443.0
2016-10-12,976.78449,986.651,976.78449,986.651,4660.0
2016-10-13,991.584255,991.584255,986.651,986.651,5204.0
2016-10-14,1006.38402,1006.38402,1006.38402,1006.38402,15557.0
2016-10-17,1006.38402,1006.38402,1006.38402,1006.38402,3040.0
2016-10-18,1031.050295,1031.050295,1031.050295,1031.050295,101.0
2016-10-24,1031.050295,1031.050295,1031.050295,1031.050295,30.0
2016-10-25,1001.450765,1001.450765,1001.450765,1001.450765,1025.0
2016-10-26,1002.437416,1002.437416,1001.450765,1001.450765,30.0
2016-10-31,996.51751,1006.38402,996.51751,1006.38402,14.0
2016-11-01,1026.11704,1045.85006,1026.11704,1026.11704,47804.0
2016-11-02,1026.11704,1026.11704,995.530859,1026.11704,17862.0
2016-11-03,998.490812,1026.11704,998.490812,1026.11704,8005.0
2016-11-04,1034.010248,1050.783315,1034.010248,1050.783315,10403.0
2016-11-07,1031.050295,1085.3161,1031.050295,1085.3161,2321.0
2016-11-08,1084.329449,1134.64865,1084.329449,1134.64865,4951.0
2016-11-09,1154.38167,1154.38167,1113.928979,1114.91563,1266.0
2016-11-10,1114.91563,1132.675348,1102.089167,1102.089167,14523.0
2016-11-11,1122.808838,1122.808838,1122.808838,1122.808838,1.0
2016-11-14,1114.91563,1124.78214,1114.91563,1122.808838,1378.0
2016-11-15,1064.596429,1129.715395,1064.596429,1129.715395,482.0
2016-11-21,1124.78214,1134.64865,1124.78214,1134.64865,13050.0
2016-11-22,1115.902281,1182.994549,1115.902281,1182.994549,585.0
2016-11-23,1124.78214,1183.9812,1112.942328,1134.64865,17033.0
2016-11-24,1134.64865,1134.64865,1134.64865,1134.64865,10845.0
2016-11-25,1181.021247,1181.021247,1181.021247,1181.021247,405.0
2016-11-29,1146.488462,1146.488462,1144.51516,1144.51516,10658.0
2016-12-02,1173.128039,1174.11469,1164.24818,1164.24818,310.0
2016-12-05,1164.24818,1197.794314,1164.24818,1197.794314,435.0
2016-12-06,1164.24818,1164.24818,1164.24818,1164.24818,1.0
2016-12-08,1164.24818,1218.513985,1164.24818,1218.513985,7991.0
2016-12-14,1243.18026,1288.566206,1243.18026,1288.566206,202.0
2016-12-15,1272.77979,1282.6463,1272.77979,1282.6463,4295.0
2016-12-16,1282.6463,1282.6463,1282.6463,1282.6463,6334.0
2016-12-19,1288.566206,1291.526159,1282.6463,1282.6463,2152.0
2016-12-20,1291.526159,1295.472763,1291.526159,1295.472763,101.0
2016-12-21,1282.6463,1282.6463,1282.6463,1282.6463,1579.0
2016-12-22,1254.033421,1293.499461,1254.033421,1293.499461,117.0
2016-12-23,1282.6463,1283.632951,1282.6463,1282.6463,3196.0
2016-12-26,1292.51281,1294.486112,1290.539508,1290.539508,15.0
2016-12-28,1291.526159,1301.392669,1291.526159,1301.392669,59872.0
2016-12-29,1301.392669,1307.312575,1301.392669,1301.392669,3097.0
2016-12-30,1307.312575,1322.11234,1291.526159,1322.11234,2227.0
2017-01-04,1341.84536,1351.71187,1341.84536,1351.71187,1042.0
2017-01-05,1351.71187,1380.324749,1351.71187,1352.698521,54.0
2017-01-06,1381.3114,1396.111165,1341.84536,1341.84536,10690.0
2017-01-12,1425.710695,1429.657299,1351.71187,1351.71187,5122.0
2017-01-13,1429.657299,1429.657299,1341.84536,1341.84536,14327.0
2017-01-16,1343.818662,1343.818662,1343.818662,1343.818662,14.0
2017-01-18,1343.818662,1381.3114,1343.818662,1343.818662,541.0
2017-01-23,1380.324749,1381.3114,1351.71187,1351.71187,465.0
2017-01-24,1416.830836,1416.830836,1381.3114,1381.3114,923.0
2017-01-25,1381.3114,1381.3114,1347.765266,1347.765266,101.0
2017-01-26,1366.511635,1381.3114,1366.511635,1381.3114,1698.0
2017-01-27,1381.3114,1384.271353,1381.3114,1384.271353,1383.0
2017-01-30,1386.244655,1386.244655,1381.3114,1381.3114,314.0
2017-01-31,1401.04442,1401.04442,1361.57838,1361.57838,481.0
2017-02-01,1381.3114,1381.3114,1361.57838,1361.57838,2236.0
2017-02-02,1381.3114,1381.3114,1361.57838,1361.57838,102.0
2017-02-03,1381.3114,1381.3114,1381.3114,1381.3114,5169.0
2017-02-06,1381.3114,1381.3114,1381.3114,1381.3114,2685.0
2017-02-07,1381.3114,1381.3114,1381.3114,1381.3114,975.0
2017-02-09,1361.57838,1361.57838,1361.57838,1361.57838,4388.0
2017-02-10,1397.097816,1397.097816,1351.71187,1351.71187,405.0
2017-02-14,1342.832011,1342.832011,1342.832011,1342.832011,31.0
2017-02-20,1379.338098,1381.3114,1378.351447,1378.351447,3032.0
2017-02-22,1361.57838,1361.57838,1341.84536,1341.84536,2749.0
2017-02-23,1341.84536,1341.84536,1341.84536,1341.84536,30.0
2017-02-24,1341.84536,1341.84536,1331.97885,1331.97885,415.0
2017-03-01,1307.312575,1307.312575,1282.6463,1282.6463,5124.0
2017-03-02,1282.6463,1282.6463,1282.6463,1282.6463,16548.0
2017-03-03,1283.632951,1312.24583,1283.632951,1312.24583,10778.0
2017-03-06,1302.37932,1322.11234,1302.37932,1322.11234,39283.0
2017-03-07,1379.338098,1379.338098,1361.57838,1361.57838,2870.0
2017-03-08,1361.57838,1361.57838,1341.84536,1341.84536,20878.0
2017-03-13,1322.11234,1322.11234,1322.11234,1322.11234,50.0
2017-03-14,1327.045595,1327.045595,1322.11234,1322.11234,36.0
2017-03-15,1381.3114,1381.3114,1322.11234,1331.97885,944.0
2017-03-16,1326.058944,1326.058944,1300.406018,1300.406018,3144.0
2017-03-17,1322.11234,1322.11234,1322.11234,1322.11234,507.0
2017-03-20,1302.37932,1322.11234,1302.37932,1322.11234,3155.0
2017-03-22,1302.37932,1322.11234,1302.37932,1322.11234,4043.0
2017-03-28,1322.11234,1322.11234,1322.11234,1322.11234,1990.0
2017-03-29,1322.11234,1323.098991,1322.11234,1322.11234,4056.0
2017-03-30,1321.125689,1321.125689,1321.125689,1321.125689,1670.0
2017-04-03,1322.11234,1322.11234,1282.6463,1282.6463,401.0
2017-04-05,1320.139038,1322.11234,1320.139038,1322.11234,5574.0
2017-04-06,1321.125689,1321.125689,1321.125689,1321.125689,1013.0
2017-04-10,1322.11234,1322.11234,1322.11234,1322.11234,237.0
2017-04-11,1322.11234,1322.11234,1322.11234,1322.11234,1013.0
2017-04-12,1322.11234,1322.11234,1322.11234,1322.11234,506.0
2017-04-14,1203.71422,1203.71422,1203.71422,1203.71422,8.0
2017-04-18,1317.179085,1322.11234,1317.179085,1322.11234,506.0
2017-04-28,1322.11234,1322.11234,1322.11234,1322.11234,820.0
2017-05-02,1263.899931,1267.846535,1263.899931,1267.846535,61.0
2017-05-08,1292.51281,1307.312575,1292.51281,1307.312575,4568.0
2017-05-10,1322.11234,1332.965501,1322.11234,1332.965501,18199.0
2017-05-11,1346.778615,1347.765266,1346.778615,1347.765266,3337.0
2017-05-12,1381.3114,1383.284702,1347.765266,1383.284702,21936.0
2017-05-16,1391.17791,1401.04442,1391.17791,1401.04442,6609.0
2017-05-17,1410.91093,1410.91093,1410.91093,1410.91093,6390.0
2017-05-18,1408.937628,1409.924279,1408.937628,1409.924279,22.0
2017-05-22,1429.657299,1450.37697,1429.657299,1440.51046,13.0
2017-05-23,1440.51046,1440.51046,1381.3114,1381.3114,5071.0
2017-05-26,1381.3114,1410.91093,1381.3114,1381.3114,42.0
2017-05-29,1381.3114,1383.284702,1381.3114,1381.3114,17882.0
2017-06-01,1366.511635,1366.511635,1361.57838,1361.57838,274.0
2017-06-02,1381.3114,1381.3114,1381.3114,1381.3114,50.0
2017-06-07,1362.565031,1362.565031,1362.565031,1362.565031,34.0
2017-06-08,1362.565031,1381.3114,1362.565031,1381.3114,881.0
2017-06-09,1430.64395,1430.64395,1430.64395,1430.64395,50.0
2017-06-12,1401.04442,1401.04442,1401.04442,1401.04442,1013.0
2017-06-13,1401.04442,1401.04442,1401.04442,1401.04442,2415.0
2017-06-14,1401.04442,1420.77744,1401.04442,1420.77744,660.0
2017-06-15,1401.04442,1401.04442,1401.04442,1401.04442,1216.0
2017-06-19,1401.04442,1401.04442,1401.04442,1401.04442,2523.0
2017-06-20,1401.04442,1401.04442,1401.04442,1401.04442,16469.0
2017-06-22,1419.790789,1419.790789,1419.790789,1419.790789,2179.0
2017-06-23,1401.04442,1401.04442,1381.3114,1381.3114,1013.0
2017-06-29,1401.04442,1401.04442,1401.04442,1401.04442,7753.0
2017-06-30,1401.04442,1401.04442,1401.04442,1401.04442,39.0
2017-07-03,1409.924279,1410.91093,1409.924279,1410.91093,835.0
2017-07-04,1405.977675,1410.91093,1405.977675,1410.91093,52.0
2017-07-05,1410.91093,1410.91093,1410.91093,1410.91093,388.0
2017-07-06,1410.91093,1420.77744,1410.91093,1420.77744,7500.0
2017-07-07,1460.24348,1460.24348,1460.24348,1460.24348,17.0
2017-07-12,1440.51046,1470.10999,1425.710695,1470.10999,5356.0
2017-07-14,1469.123339,1469.123339,1469.123339,1469.123339,4.0
2017-07-17,1465.176735,1470.10999,1465.176735,1470.10999,7216.0
2017-07-18,1465.176735,1465.176735,1429.657299,1429.657299,2945.0
2017-07-19,1450.37697,1450.37697,1450.37697,1450.37697,567.0
2017-07-21,1465.176735,1465.176735,1465.176735,1465.176735,3121.0
2017-07-24,1477.016547,1479.9765,1460.24348,1460.24348,17.0
2017-07-25,1465.176735,1465.176735,1465.176735,1465.176735,2635.0
2017-07-26,1465.176735,1465.176735,1465.176735,1465.176735,3060.0
2017-07-28,1475.043245,1475.043245,1475.043245,1475.043245,66.0
2017-07-31,1475.043245,1479.9765,1475.043245,1479.9765,8361.0
2017-08-01,1438.537158,1438.537158,1436.563856,1436.563856,28.0
2017-08-02,1438.537158,1439.523809,1437.550507,1439.523809,2312.0
2017-08-03,1439.523809,1439.523809,1439.523809,1439.523809,1520.0
2017-08-04,1439.523809,1439.523809,1439.523809,1439.523809,23.0
2017-08-07,1439.523809,1439.523809,1439.523809,1439.523809,639.0
2017-08-11,1450.37697,1470.10999,1450.37697,1470.10999,1832.0
2017-08-15,1478.003198,1498.722869,1478.003198,1498.722869,18.0
2017-08-16,1549.04207,1576.668298,1549.04207,1576.668298,45.0
2017-08-17,1480.963151,1574.694996,1480.963151,1547.068768,59.0
2017-08-18,1479.9765,1499.70952,1479.9765,1499.70952,15865.0
2017-08-22,1570.748392,1570.748392,1499.70952,1529.30905,657.0
2017-08-23,1550.0,1551.0,1530.0,1530.0,3651.0
2017-08-24,1520.0,1520.0,1500.0,1500.0,275.0
2017-08-25,1456.0,1500.0,1456.0,1500.0,124.0
2017-08-29,1500.0,1525.0,1500.0,1525.0,2558.0
2017-09-04,1501.0,1525.0,1500.0,1525.0,601.0
2017-09-05,1530.0,1530.0,1530.0,1530.0,1000.0
2017-09-06,1535.0,1535.0,1535.0,1535.0,3294.0
2017-09-07,1544.0,1550.0,1544.0,1550.0,8177.0
2017-09-08,1549.0,1555.0,1532.0,1555.0,773.0
2017-09-11,1550.0,1550.0,1550.0,1550.0,2363.0
2017-09-12,1550.0,1550.0,1519.0,1519.0,1001.0
2017-09-13,1501.0,1550.0,1501.0,1550.0,1239.0
2017-09-14,1602.0,1631.0,1580.0,1580.0,10098.0
2017-09-15,1599.0,1645.0,1599.0,1645.0,13153.0
2017-09-18,1491.0,1579.0,1491.0,1550.0,18019.0
2017-09-19,1580.0,1580.0,1580.0,1580.0,5.0
2017-09-20,1585.0,1585.0,1585.0,1585.0,3000.0
2017-09-21,1630.0,1630.0,1585.0,1585.0,13589.0
2017-09-25,1600.0,1600.0,1580.0,1580.0,24.0
2017-09-26,1580.0,1600.0,1580.0,1600.0,49.0
2017-09-27,1585.0,1600.0,1585.0,1585.0,4119.0
2017-09-28,1600.0,1600.0,1585.0,1585.0,1365.0
2017-09-29,1580.0,1627.0,1580.0,1627.0,21.0
2017-10-02,1531.0,1531.0,1501.0,1507.0,73.0
2017-10-03,1520.0,1579.0,1520.0,1579.0,12.0
2017-10-04,1579.0,1585.0,1579.0,1585.0,24048.0
2017-10-06,1600.0,1600.0,1600.0,1600.0,44.0
2017-10-09,1600.0,1600.0,1600.0,1600.0,5844.0
2017-10-10,1600.0,1600.0,1600.0,1600.0,8202.0
2017-10-11,1600.0,1600.0,1600.0,1600.0,7.0
2017-10-12,1630.0,1630.0,1630.0,1630.0,4.0
2017-10-13,1606.0,1698.0,1606.0,1698.0,1833.0
2017-10-16,1698.0,1698.0,1698.0,1698.0,40.0
2017-10-17,1610.0,1616.0,1610.0,1616.0,2238.0
2017-10-19,1620.0,1620.0,1620.0,1620.0,5.0
2017-10-20,1620.0,1698.0,1620.0,1698.0,1636.0
2017-10-24,1697.0,1698.0,1697.0,1698.0,844.0
2017-10-26,1695.0,1695.0,1695.0,1695.0,13.0
2017-10-27,1698.0,1698.0,1698.0,1698.0,10260.0
2017-10-30,1698.0,1698.0,1698.0,1698.0,110.0
2017-11-02,1698.0,1698.0,1660.0,1660.0,26868.0
2017-11-03,1720.0,1720.0,1720.0,1720.0,1500.0
2017-11-07,1720.0,1720.0,1720.0,1720.0,31.0
2017-11-09,1669.0,1669.0,1660.0,1660.0,1429.0
2017-11-10,1700.0,1750.0,1700.0,1750.0,23761.0
2017-11-13,1749.0,1750.0,1749.0,1750.0,104.0
2017-11-20,1745.0,1750.0,1745.0,1750.0,382.0
2017-11-23,1748.0,1748.0,1748.0,1748.0,300.0
2017-11-24,1748.0,1750.0,1748.0,1750.0,8435.0
2017-11-27,1749.0,1749.0,1749.0,1749.0,3.0
2017-11-28,1700.0,1749.0,1700.0,1749.0,96.0
2017-11-29,1749.0,1749.0,1749.0,1749.0,166.0
2017-11-30,1749.0,1750.0,1749.0,1750.0,714.0
2017-12-04,1750.0,1798.0,1750.0,1798.0,6097.0
2017-12-05,1750.0,1750.0,1750.0,1750.0,423.0
2017-12-07,1750.0,1796.0,1750.0,1795.0,281.0
2017-12-12,1790.0,1790.0,1790.0,1790.0,1433.0
2017-12-13,1750.0,1788.0,1750.0,1788.0,66.0
2017-12-15,1780.0,1780.0,1780.0,1780.0,438.0
2017-12-19,1780.0,1780.0,1780.0,1780.0,22.0
2017-12-22,1770.0,1770.0,1770.0,1770.0,3003.0
2017-12-26,1764.0,1764.0,1764.0,1764.0,26000.0
2017-12-28,1750.0,1774.0,1750.0,1774.0,2824.0
2017-12-29,1774.0,1774.0,1774.0,1774.0,583.0
2018-01-02,1750.0,1751.0,1750.0,1750.0,3620.0
2018-01-03,1772.0,1772.0,1772.0,1772.0,2.0
2018-01-04,1770.0,1772.0,1770.0,1770.0,336.0
2018-01-05,1770.0,1790.0,1770.0,1790.0,4712.0
2018-01-09,1790.0,1790.0,1790.0,1790.0,2860.0
2018-01-10,1790.0,1790.0,1790.0,1790.0,280.0
2018-01-12,1790.0,1790.0,1790.0,1790.0,1022.0
2018-01-19,1798.0,1798.0,1798.0,1798.0,73.0
2018-01-24,1790.0,1790.0,1790.0,1790.0,3248.0
2018-01-26,1790.0,1790.0,1790.0,1790.0,131.0
2018-01-29,1790.0,1790.0,1790.0,1790.0,4954.0
2018-02-01,1703.0,1785.0,1703.0,1784.0,484.0
2018-02-02,1782.0,1784.0,1770.0,1770.0,9159.0
2018-02-05,1770.0,1770.0,1770.0,1770.0,300.0
2018-02-07,1770.0,1770.0,1770.0,1770.0,900.0
2018-02-09,1770.0,1770.0,1770.0,1770.0,341.0
2018-02-12,1770.0,1770.0,1770.0,1770.0,300.0
2018-02-14,1770.0,1798.0,1770.0,1798.0,3630.0
2018-02-15,1740.0,1770.0,1740.0,1770.0,3008.0
2018-02-16,1770.0,1823.0,1770.0,1823.0,1487.0
2018-02-20,1800.0,1800.0,1800.0,1800.0,3050.0
2018-02-21,1823.0,1823.0,1800.0,1800.0,1552.0
2018-02-22,1790.0,1800.0,1771.0,1800.0,229.0
2018-02-23,1800.0,1950.0,1800.0,1950.0,37.0
2018-02-26,1900.0,1900.0,1900.0,1900.0,3.0
2018-02-27,1875.0,1875.0,1855.0,1855.0,2104.0
2018-02-28,1855.0,1900.0,1855.0,1900.0,520.0
2018-03-01,1950.0,1950.0,1945.0,1945.0,149.0
2018-03-02,1860.0,1900.0,1855.0,1861.0,7700.0
2018-03-06,1865.0,1865.0,1850.0,1850.0,1001.0
2018-03-07,1861.0,1861.0,1861.0,1861.0,374.0
2018-03-08,1910.0,1910.0,1910.0,1910.0,10000.0
2018-03-09,1915.0,1915.0,1915.0,1915.0,4.0
2018-03-12,1910.0,1935.0,1910.0,1935.0,10287.0
2018-03-14,1920.0,1920.0,1919.0,1919.0,625.0
2018-03-19,1835.0,1835.0,1835.0,1835.0,8.0
2018-03-20,1900.0,1900.0,1835.0,1850.0,1795.0
2018-03-21,1885.0,1900.0,1840.0,1900.0,13435.0
2018-03-23,1910.0,1999.0,1910.0,1950.0,14966.0
2018-03-26,1999.0,1999.0,1950.0,1998.0,1013.0
2018-03-28,1970.0,1998.0,1970.0,1998.0,50.0
2018-03-30,1998.0,1998.0,1998.0,1998.0,58.0
2018-04-03,1990.0,1990.0,1990.0,1990.0,42.0
2018-04-06,1974.0,1974.0,1974.0,1974.0,13.0
2018-04-16,1950.0,1950.0,1950.0,1950.0,35.0
2018-04-17,1921.0,1921.0,1899.0,1921.0,547.0
2018-04-20,1950.0,1950.0,1940.0,1950.0,1370.0
2018-04-23,1974.0,1974.0,1974.0,1974.0,46.0
2018-04-24,1999.0,1999.0,1999.0,1999.0,1.0
2018-04-25,1974.0,1999.0,1974.0,1999.0,1350.0
2018-04-27,1999.0,2000.0,1999.0,1999.0,903.0
2018-05-02,2000.0,2098.0,2000.0,2098.0,2432.0
2018-05-10,2050.0,2095.0,2050.0,2095.0,3871.0
2018-05-11,2095.0,2110.0,2020.0,2020.0,438.0
2018-05-15,2050.0,2050.0,2050.0,2050.0,200.0
2018-05-18,2088.0,2088.0,2088.0,2088.0,905.0
2018-05-21,2088.0,2088.0,2088.0,2088.0,304.0
2018-05-24,2118.0,2140.0,2118.0,2140.0,45.0
2018-05-31,2200.0,2200.0,2200.0,2200.0,50.0
2018-06-01,2125.0,2125.0,2080.0,2080.0,104.0
2018-06-04,2100.0,2100.0,2100.0,2100.0,1000.0
2018-06-06,2080.0,2080.0,2080.0,2080.0,730.0
2018-06-07,2080.0,2080.0,2080.0,2080.0,4255.0
2018-06-08,2080.0,2080.0,2080.0,2080.0,50.0
2018-06-12,2079.0,2079.0,2079.0,2079.0,1411.0
2018-06-14,2080.0,2080.0,2071.0,2071.0,115.0
2018-06-18,2080.0,2080.0,2020.0,2020.0,567.0
2018-06-20,2020.0,2020.0,2020.0,2020.0,143.0
2018-06-21,2021.0,2079.0,2020.0,2079.0,1840.0
2018-06-22,2100.0,2100.0,2100.0,2100.0,108.0
2018-06-25,2147.0,2200.0,2100.0,2100.0,333.0
2018-06-26,2274.0,2274.0,2040.0,2040.0,522.0
2018-06-28,2040.0,2040.0,2040.0,2040.0,872.0
2018-06-29,2100.0,2147.0,2100.0,2100.0,50.0
2018-07-02,2042.0,2042.0,2020.0,2030.0,210.0
2018-07-03,2040.0,2040.0,2040.0,2040.0,427.0
2018-07-06,2190.0,2190.0,2190.0,2190.0,10.0
2018-07-09,2100.0,2100.0,2100.0,2100.0,1104.0
2018-07-10,2101.0,2101.0,2100.0,2100.0,192.0
2018-07-11,2101.0,2101.0,2100.0,2100.0,1939.0
2018-07-12,2134.0,2135.0,2134.0,2135.0,106.0
2018-07-13,2107.0,2108.0,2107.0,2108.0,15.0
2018-07-17,2106.0,2106.0,2100.0,2100.0,914.0
2018-07-19,2040.0,2040.0,2040.0,2040.0,32.0
2018-07-20,2041.0,2100.0,2040.0,2100.0,838.0
2018-07-23,2100.0,2100.0,2100.0,2100.0,13.0
2018-07-24,2022.0,2022.0,2022.0,2022.0,21.0
2018-07-25,2076.0,2076.0,2069.0,2069.0,40.0
2018-07-26,2076.0,2100.0,2076.0,2100.0,206.0
2018-07-27,2100.0,2120.0,2100.0,2120.0,619.0
2018-07-31,2042.0,2120.0,2042.0,2120.0,64.0
2018-08-01,2120.0,2120.0,2075.0,2075.0,101.0
2018-08-10,2080.0,2080.0,2080.0,2080.0,48.0
2018-08-15,2081.0,2082.0,2081.0,2082.0,1326.0
2018-08-16,2082.0,2082.0,2061.0,2061.0,326.0
2018-08-17,2100.0,2100.0,2100.0,2100.0,16.0
2018-08-27,2040.0,2040.0,2040.0,2040.0,4.0
2018-08-28,2040.0,2050.0,2020.0,2020.0,142.0
2018-08-30,2000.0,2010.0,2000.0,2010.0,8.0
2018-08-31,2010.0,2011.0,1977.0,1977.0,2881.0
2018-09-05,2010.0,2010.0,2000.0,2000.0,965.0
2018-09-06,2020.0,2020.0,2020.0,2020.0,2100.0
2018-09-07,1900.0,1900.0,1900.0,1900.0,929.0
2018-09-10,1956.0,2035.0,1956.0,2035.0,200.0
2018-09-12,2035.0,2035.0,2035.0,2035.0,288.0
2018-09-14,1925.0,1925.0,1925.0,1925.0,658.0
2018-09-18,1900.0,1900.0,1850.0,1850.0,531.0
2018-09-19,1900.0,1910.0,1900.0,1910.0,613.0
2018-09-21,1900.0,1900.0,1900.0,1900.0,57.0
2018-09-24,1900.0,1901.0,1900.0,1900.0,88.0
2018-09-25,1900.0,1950.0,1900.0,1950.0,2657.0
2018-09-26,1950.0,1950.0,1950.0,1950.0,283.0
2018-09-27,1950.0,1950.0,1950.0,1950.0,1800.0
2018-09-28,1965.0,1965.0,1950.0,1950.0,1414.0
2018-10-01,1901.0,1901.0,1901.0,1901.0,88.0
2018-10-02,1900.0,1900.0,1900.0,1900.0,191.0
2018-10-03,1900.0,1900.0,1900.0,1900.0,10.0
2018-10-04,1901.0,1901.0,1901.0,1901.0,4431.0
2018-10-10,1950.0,1970.0,1950.0,1970.0,3057.0
2018-10-11,2000.0,2000.0,1999.0,2000.0,3604.0
2018-10-12,2000.0,2000.0,2000.0,2000.0,8427.0
2018-10-15,2000.0,2000.0,2000.0,2000.0,10.0
2018-10-16,2000.0,2000.0,2000.0,2000.0,4.0
2018-10-17,2000.0,2000.0,2000.0,2000.0,11.0
2018-10-18,1999.0,2000.0,1999.0,2000.0,327.0
2018-10-19,1900.0,1900.0,1900.0,1900.0,600.0
2018-10-22,1986.0,1986.0,1986.0,1986.0,4.0
2018-10-26,1997.0,1997.0,1997.0,1997.0,310.0
2018-10-30,1965.0,1965.0,1965.0,1965.0,75.0
2018-10-31,1965.0,1965.0,1965.0,1965.0,2.0
2018-11-01,1965.0,1965.0,1965.0,1965.0,3965.0
2018-11-02,1960.0,1960.0,1909.0,1909.0,146.0
2018-11-08,1959.0,1965.0,1955.0,1955.0,1686.0
2018-11-09,1915.0,1915.0,1911.0,1911.0,2.0
2018-11-13,1915.0,1915.0,1900.0,1911.0,2519.0
2018-11-15,1902.0,1902.0,1901.0,1901.0,1950.0
2018-11-16,1957.0,1957.0,1957.0,1957.0,18.0
2018-11-23,1950.0,1950.0,1950.0,1950.0,1706.0
2018-11-29,1949.0,1949.0,1949.0,1949.0,41002.0
2018-11-30,1945.0,1960.0,1945.0,1960.0,41000.0
2018-12-05,1949.0,1949.0,1949.0,1949.0,24200.0
2018-12-11,1947.0,1947.0,1947.0,1947.0,3575.0
2018-12-12,1944.0,1944.0,1943.0,1943.0,1238.0
2018-12-13,1944.0,1944.0,1944.0,1944.0,2.0
2018-12-14,1945.0,1945.0,1945.0,1945.0,20.0
2018-12-17,1945.0,1945.0,1945.0,1945.0,50.0
2018-12-18,1941.0,1941.0,1941.0,1941.0,51274.0
2018-12-19,1938.0,1938.0,1929.0,1929.0,529.0
2018-12-24,1930.0,1930.0,1930.0,1930.0,156.0
2018-12-27,1930.0,1930.0,1930.0,1930.0,1240.0
2018-12-28,1930.0,1930.0,1901.0,1901.0,2168.0
2018-12-31,1910.0,1949.0,1909.0,1949.0,17930.0
2019-01-03,1940.0,1940.0,1940.0,1940.0,375.0
2019-01-04,1835.0,1835.0,1835.0,1835.0,127.0
2019-01-07,1900.0,1900.0,1900.0,1900.0,823.0
2019-01-09,1900.0,1900.0,1900.0,1900.0,3076.0
2019-01-15,1900.0,1900.0,1900.0,1900.0,5150.0
2019-01-16,1900.0,1900.0,1900.0,1900.0,124.0
2019-01-17,1899.0,1924.0,1851.0,1924.0,17.0
2019-01-18,1856.0,1856.0,1856.0,1856.0,117.0
2019-01-23,1899.0,1900.0,1860.0,1900.0,930.0
2019-01-24,1900.0,1900.0,1900.0,1900.0,1952.0
2019-01-25,1900.0,1901.0,1900.0,1900.0,601.0
2019-01-29,1900.0,1900.0,1900.0,1900.0,18.0
2019-01-30,1910.0,1930.0,1910.0,1930.0,5418.0
2019-01-31,1940.0,1940.0,1930.0,1930.0,3075.0
2019-02-01,1944.0,1950.0,1930.0,1930.0,1632.0
2019-02-05,1951.0,1951.0,1951.0,1951.0,679.0
2019-02-07,1955.0,1955.0,1955.0,1955.0,4000.0
2019-02-08,1980.0,1980.0,1980.0,1980.0,2.0
2019-02-12,2000.0,2045.0,2000.0,2045.0,1055.0
2019-02-14,2050.0,2050.0,2050.0,2050.0,896.0
2019-02-18,2080.0,2120.0,2080.0,2120.0,10198.0
2019-02-19,2120.0,2120.0,2120.0,2120.0,3582.0
2019-02-20,2120.0,2120.0,2120.0,2120.0,769.0
2019-02-22,2120.0,2120.0,2120.0,2120.0,422.0
2019-02-25,2120.0,2150.0,2120.0,2150.0,2200.0
2019-02-28,2150.0,2150.0,2150.0,2150.0,445.0
2019-03-01,2120.0,2149.0,2120.0,2149.0,1450.0
2019-03-05,2123.0,2123.0,2120.0,2120.0,1571.0
2019-03-06,2120.0,2120.0,2120.0,2120.0,50.0
2019-03-11,2120.0,2120.0,2120.0,2120.0,905.0
2019-03-13,2100.0,2100.0,2100.0,2100.0,200.0
2019-03-15,2100.0,2100.0,2100.0,2100.0,200.0
2019-03-18,2195.0,2195.0,2195.0,2195.0,36.0
2019-03-19,2185.0,2185.0,2185.0,2185.0,20.0
2019-03-20,2150.0,2195.0,2150.0,2195.0,5354.0
2019-03-21,2150.0,2185.0,2150.0,2185.0,586.0
2019-03-22,2197.0,2220.0,2152.0,2200.0,4399.0
2019-03-25,2200.0,2200.0,2200.0,2200.0,900.0
2019-03-26,2199.0,2199.0,2199.0,2199.0,30.0
2019-03-27,2151.0,2151.0,2151.0,2151.0,100.0
2019-03-29,2119.0,2119.0,2085.0,2085.0,802.0
2019-04-02,2100.0,2200.0,2100.0,2150.0,3550.0
2019-04-03,2100.0,2100.0,2100.0,2100.0,45.0
2019-04-04,2105.0,2105.0,2105.0,2105.0,11.0
2019-04-09,2100.0,2100.0,2100.0,2100.0,1.0
2019-04-10,2100.0,2200.0,2100.0,2200.0,100.0
2019-04-11,2101.0,2200.0,2101.0,2200.0,6309.0
2019-04-12,2200.0,2200.0,2200.0,2200.0,2002.0
2019-04-15,2200.0,2200.0,2200.0,2200.0,5.0
2019-04-16,2199.0,2200.0,2199.0,2200.0,10555.0
2019-04-18,2248.0,2315.0,2215.0,2310.0,1635.0
2019-04-19,2250.0,2300.0,2250.0,2300.0,3050.0
2019-04-22,2300.0,2300.0,2300.0,2300.0,6.0
2019-04-29,2300.0,2300.0,2300.0,2300.0,786.0
2019-04-30,2300.0,2300.0,2289.0,2289.0,786.0
2019-05-02,2250.0,2250.0,2250.0,2250.0,76.0
2019-05-07,2210.0,2210.0,2200.0,2200.0,1360.0
2019-05-09,2200.0,2200.0,2200.0,2200.0,890.0
2019-05-10,2200.0,2200.0,2200.0,2200.0,8.0
2019-05-15,2249.0,2250.0,2249.0,2250.0,1898.0
2019-05-16,2300.0,2301.0,2300.0,2301.0,8534.0
2019-05-17,2300.0,2380.0,2300.0,2380.0,1459.0
2019-05-21,2380.0,2380.0,2380.0,2380.0,10523.0
2019-05-22,2380.0,2380.0,2380.0,2380.0,8288.0
2019-05-23,2380.0,2380.0,2380.0,2380.0,15540.0
2019-05-24,2380.0,2380.0,2380.0,2380.0,5610.0
2019-05-27,2380.0,2380.0,2380.0,2380.0,4000.0
2019-05-28,2400.0,2400.0,2380.0,2380.0,4257.0
2019-05-29,2400.0,2400.0,2400.0,2400.0,3.0
2019-05-30,2380.0,2380.0,2270.0,2270.0,2080.0
2019-05-31,2380.0,2380.0,2380.0,2380.0,20.0
2019-06-10,2379.0,2380.0,2379.0,2380.0,80.0
2019-06-12,2400.0,2400.0,2320.0,2320.0,6580.0
2019-06-13,2380.0,2380.0,2320.0,2320.0,2189.0
2019-06-14,2320.0,2320.0,2320.0,2320.0,1133.0
2019-06-17,2379.0,2379.0,2320.0,2320.0,13919.0
2019-06-18,2320.0,2379.0,2320.0,2379.0,6024.0
2019-06-20,2400.0,2400.0,2400.0,2400.0,3960.0
2019-06-21,2420.0,2480.0,2420.0,2480.0,433.0
2019-06-25,2407.0,2500.0,2407.0,2500.0,37371.0
2019-06-26,2499.0,2500.0,2499.0,2500.0,249.0
2019-06-27,2475.0,2495.0,2475.0,2495.0,2323.0
2019-07-02,2460.0,2460.0,2460.0,2460.0,500.0
2019-07-03,2460.0,2460.0,2460.0,2460.0,10.0
2019-07-04,2445.0,2445.0,2445.0,2445.0,2658.0
2019-07-05,2445.0,2445.0,2445.0,2445.0,566.0
2019-07-10,2445.0,2445.0,2445.0,2445.0,5536.0
2019-07-11,2445.0,2445.0,2400.0,2400.0,1020.0
2019-07-15,2400.0,2400.0,2400.0,2400.0,20.0
2019-07-16,2400.0,2400.0,2400.0,2400.0,2306.0
2019-07-17,2400.0,2400.0,2400.0,2400.0,5928.0
2019-07-18,2400.0,2400.0,2400.0,2400.0,1505.0
2019-07-19,2405.0,2405.0,2405.0,2405.0,3716.0
2019-07-22,2405.0,2405.0,2405.0,2405.0,349.0
2019-07-24,2548.0,2548.0,2450.0,2450.0,540.0
2019-07-25,2450.0,2450.0,2450.0,2450.0,1.0
2019-07-26,2430.0,2430.0,2420.0,2420.0,3000.0
2019-07-31,2433.0,2433.0,2420.0,2420.0,595.0
2019-08-07,2500.0,2500.0,2500.0,2500.0,11175.0
2019-08-08,2500.0,2500.0,2500.0,2500.0,6320.0
2019-08-09,2500.0,2500.0,2500.0,2500.0,2.0
2019-08-15,2500.0,2550.0,2500.0,2550.0,673.0
2019-08-16,2551.0,2551.0,2551.0,2551.0,20.0
2019-08-22,2551.0,2551.0,2551.0,2551.0,165.0
2019-08-23,2557.0,2575.0,2557.0,2560.0,1060.0
2019-08-26,2590.0,2601.0,2590.0,2601.0,1851.0
2019-08-27,2799.0,2799.0,2799.0,2799.0,68.0
2019-08-29,2627.0,2627.0,2627.0,2627.0,70.0
2019-08-30,2700.0,2700.0,2700.0,2700.0,4197.0
2019-09-02,2700.0,2700.0,2700.0,2700.0,2000.0
2019-09-04,2700.0,2700.0,2700.0,2700.0,1100.0
2019-09-05,2700.0,2750.0,2700.0,2750.0,16530.0
2019-09-06,2701.0,2702.0,2700.0,2700.0,2572.0
2019-09-11,2700.0,2700.0,2700.0,2700.0,1663.0
2019-09-12,2670.0,2700.0,2670.0,2700.0,400.0
2019-09-13,2700.0,2700.0,2700.0,2700.0,505.0
2019-09-16,2710.0,2710.0,2710.0,2710.0,6.0
2019-09-17,2710.0,2740.0,2710.0,2740.0,257.0
2019-09-18,2750.0,2750.0,2750.0,2750.0,40.0
2019-09-19,2701.0,2701.0,2701.0,2701.0,2.0
2019-09-20,2720.0,2720.0,2620.0,2620.0,5807.0
2019-09-24,2670.0,2670.0,2670.0,2670.0,439.0
2019-09-25,2660.0,2660.0,2660.0,2660.0,500.0
2019-09-26,2659.0,2659.0,2620.0,2620.0,1034.0
2019-09-27,2420.0,2420.0,2420.0,2420.0,307.0
2019-09-30,2620.0,2659.0,2620.0,2659.0,1459.0
2019-10-01,2650.0,2700.0,2650.0,2650.0,3726.0
2019-10-02,2626.0,2626.0,2620.0,2620.0,8120.0
2019-10-04,2511.0,2511.0,2511.0,2511.0,415.0
2019-10-09,2585.0,2585.0,2585.0,2585.0,1218.0
2019-10-10,2585.0,2585.0,2585.0,2585.0,1484.0
2019-10-11,2585.0,2600.0,2585.0,2585.0,2831.0
2019-10-16,2600.0,2677.0,2600.0,2677.0,6267.0
2019-10-17,2710.0,2710.0,2650.0,2650.0,6649.0
2019-10-18,2650.0,2700.0,2650.0,2665.0,7785.0
2019-10-21,2620.0,2620.0,2620.0,2620.0,1.0
2019-10-23,2650.0,2650.0,2650.0,2650.0,10.0
2019-10-24,2700.0,2700.0,2700.0,2700.0,5.0
2019-10-25,2700.0,2740.0,2700.0,2740.0,1530.0
2019-10-28,2709.0,2710.0,2709.0,2710.0,310.0
2019-10-30,2750.0,2750.0,2750.0,2750.0,5207.0
2019-10-31,2701.0,2701.0,2701.0,2701.0,34.0
2019-11-01,2750.0,2750.0,2720.0,2720.0,3843.0
2019-11-05,2750.0,2750.0,2750.0,2750.0,7125.0
2019-11-07,2751.0,2751.0,2750.0,2750.0,422.0
2019-11-08,2704.0,2750.0,2704.0,2750.0,56.0
2019-11-13,2750.0,2750.0,2750.0,2750.0,616.0
2019-11-14,2750.0,2751.0,2750.0,2750.0,5660.0
2019-11-15,2780.0,2800.0,2755.0,2755.0,620.0
2019-11-20,2770.0,2800.0,2770.0,2800.0,2432.0
2019-11-21,2800.0,2850.0,2800.0,2850.0,3413.0
2019-11-22,2850.0,2853.0,2850.0,2853.0,2257.0
2019-11-25,2850.0,2853.0,2850.0,2853.0,2083.0
2019-11-26,2899.0,2938.0,2899.0,2938.0,17702.0
2019-11-27,2938.0,2950.0,2938.0,2938.0,7661.0
2019-11-28,2988.0,2998.0,2920.0,2948.0,3051.0
2019-11-29,2922.0,2950.0,2901.0,2950.0,6881.0
2019-12-02,2950.0,2950.0,2947.0,2947.0,1138.0
2019-12-03,2950.0,2950.0,2945.0,2945.0,1812.0
2019-12-05,2945.0,2947.0,2945.0,2947.0,2656.0
2019-12-06,2944.0,2944.0,2944.0,2944.0,4.0
2019-12-09,2900.0,2900.0,2900.0,2900.0,4496.0
2019-12-10,2900.0,2900.0,2900.0,2900.0,1851.0
2019-12-12,2850.0,2900.0,2850.0,2899.0,4923.0
2019-12-13,2899.0,2899.0,2899.0,2899.0,944.0
2019-12-16,2899.0,2900.0,2899.0,2900.0,10565.0
2019-12-17,2900.0,2900.0,2900.0,2900.0,1440.0
2019-12-18,2860.0,2900.0,2860.0,2900.0,310.0
2019-12-19,2898.0,2900.0,2898.0,2900.0,1917.0
2019-12-20,2900.0,2947.0,2850.0,2947.0,6532.0
2019-12-23,2900.0,2947.0,2900.0,2945.0,7818.0
2019-12-24,2945.0,2945.0,2945.0,2945.0,5649.0
2019-12-25,2901.0,2901.0,2901.0,2901.0,1.0
2019-12-27,2820.0,2990.0,2820.0,2990.0,6856.0
2019-12-30,2901.0,2990.0,2901.0,2980.0,51264.0
2019-12-31,2967.0,3000.0,2683.0,2683.0,72570.0
2020-01-02,2750.0,2750.0,2750.0,2750.0,1.0
2020-01-06,2900.0,2900.0,2900.0,2900.0,243.0
2020-01-07,2899.0,2900.0,2899.0,2900.0,80.0
2020-01-08,2980.0,2980.0,2950.0,2950.0,5900.0
2020-01-09,2999.0,3050.0,2999.0,3050.0,7196.0
2020-01-10,3100.0,3100.0,3100.0,3100.0,65.0
2020-01-14,3050.0,3050.0,3050.0,3050.0,2016.0
2020-01-15,3099.0,3100.0,3099.0,3099.0,3269.0
2020-01-16,3101.0,3102.0,3100.0,3100.0,5274.0
2020-01-17,3100.0,3150.0,3100.0,3150.0,1854.0
2020-01-20,3100.0,3110.0,3100.0,3100.0,2366.0
2020-01-21,3110.0,3150.0,3100.0,3150.0,714.0
2020-01-22,3130.0,3130.0,3130.0,3130.0,3608.0
2020-01-23,3150.0,3200.0,3150.0,3200.0,5209.0
2020-01-24,3200.0,3200.0,3150.0,3200.0,4671.0
2020-01-27,3388.0,3489.0,3200.0,3200.0,1870.0
2020-01-28,3210.0,3210.0,3200.0,3200.0,192.0
2020-01-29,3230.0,3230.0,3200.0,3200.0,730.0
2020-01-30,3177.0,3200.0,3176.0,3200.0,6458.0
2020-01-31,3200.0,3200.0,3200.0,3200.0,2849.0
2020-02-03,3174.0,3174.0,3174.0,3174.0,13.0
2020-02-04,3199.0,3199.0,3150.0,3150.0,2622.0
2020-02-06,3120.0,3120.0,3120.0,3120.0,1438.0
2020-02-07,3100.0,3110.0,3100.0,3110.0,230.0
2020-02-10,3100.0,3100.0,3092.0,3092.0,3391.0
2020-02-11,3099.0,3099.0,3095.0,3095.0,102.0
2020-02-12,3070.0,3070.0,3050.0,3050.0,2523.0
2020-02-13,3050.0,3199.0,3049.0,3199.0,6522.0
2020-02-14,3200.0,3200.0,3200.0,3200.0,254.0
2020-02-18,3170.0,3170.0,3170.0,3170.0,628.0
2020-02-21,3200.0,3200.0,3200.0,3200.0,622.0
2020-02-26,3150.0,3200.0,3150.0,3200.0,4772.0
2020-02-27,3102.0,3200.0,3102.0,3199.0,2481.0
2020-02-28,3200.0,3200.0,3180.0,3180.0,4139.0
2020-03-02,3180.0,3180.0,3180.0,3180.0,664.0
2020-03-03,3180.0,3180.0,3170.0,3170.0,263.0
2020-03-04,3030.0,3030.0,3030.0,3030.0,277.0
2020-03-05,3031.0,3031.0,2960.0,2960.0,253.0
2020-03-06,2950.0,2950.0,2860.0,2860.0,6643.0
2020-03-09,2750.0,2751.0,2630.0,2638.0,6548.0
2020-03-10,2800.0,2900.0,2800.0,2870.0,6735.0
2020-03-11,2900.0,2900.0,2860.0,2860.0,6157.0
2020-03-12,2799.0,2799.0,2700.0,2700.0,10015.0
2020-03-13,2560.0,2700.0,2560.0,2700.0,5980.0
2020-03-16,2660.0,2660.0,2650.0,2650.0,205.0
2020-03-17,2545.0,2546.0,2545.0,2545.0,6767.0
2020-03-18,2555.0,2555.0,2444.0,2455.0,3615.0
2020-03-19,2500.0,2553.0,2451.0,2553.0,6256.0
2020-03-20,2604.0,2655.0,2604.0,2655.0,4251.0
2020-03-23,2655.0,2761.0,2655.0,2761.0,4039.0
2020-03-24,2764.0,2800.0,2763.0,2764.0,1765.0
2020-03-25,2765.0,2800.0,2700.0,2700.0,694.0
2020-03-26,2650.0,2651.0,2650.0,2650.0,20016.0
2020-03-27,2650.0,2700.0,2650.0,2700.0,1164.0
2020-03-30,2700.0,2700.0,2700.0,2700.0,867.0
2020-03-31,2800.0,2800.0,2800.0,2800.0,252.0
2020-04-01,2800.0,2850.0,2800.0,2820.0,6519.0
2020-04-03,2800.0,2800.0,2750.0,2750.0,1908.0
2020-04-06,2700.0,2700.0,2700.0,2700.0,19.0
2020-04-07,2700.0,2700.0,2650.0,2650.0,3332.0
2020-04-08,2650.0,2650.0,2650.0,2650.0,1.0
2020-04-09,2681.0,2681.0,2681.0,2681.0,78.0
2020-04-10,2680.0,2680.0,2680.0,2680.0,211.0
2020-04-13,2780.0,2780.0,2780.0,2780.0,2.0
2020-04-14,2725.0,2725.0,2700.0,2700.0,2273.0
2020-04-15,2701.0,2720.0,2700.0,2710.0,1303.0
2020-04-16,2710.0,2710.0,2650.0,2650.0,227.0
2020-04-17,2650.0,2700.0,2650.0,2700.0,6242.0
2020-04-20,2650.0,2650.0,2650.0,2650.0,2576.0
2020-04-21,2650.0,2700.0,2640.0,2650.0,495.0
2020-04-22,2700.0,2700.0,2652.0,2680.0,1864.0
2020-04-23,2651.0,2651.0,2651.0,2651.0,3.0
2020-04-24,2700.0,2700.0,2700.0,2700.0,550.0
2020-04-27,2700.0,2700.0,2700.0,2700.0,4427.0
2020-04-28,2700.0,2700.0,2700.0,2700.0,4645.0
2020-04-29,2700.0,2700.0,2655.0,2655.0,422.0
2020-04-30,2700.0,2720.0,2671.0,2720.0,558.0
2020-05-04,2720.0,2750.0,2720.0,2750.0,694.0
2020-05-05,2780.0,2799.0,2780.0,2799.0,83.0
2020-05-06,2751.0,2751.0,2751.0,2751.0,40.0
2020-05-07,2780.0,2780.0,2780.0,2780.0,400.0
2020-05-08,2891.0,2891.0,2800.0,2800.0,332.0
2020-05-11,2850.0,2850.0,2850.0,2850.0,3.0
2020-05-12,2810.0,2810.0,2740.0,2740.0,800.0
2020-05-13,2750.0,2750.0,2750.0,2750.0,4051.0
2020-05-14,2750.0,2750.0,2750.0,2750.0,30.0
2020-05-15,2790.0,2850.0,2790.0,2850.0,3750.0
2020-05-18,2950.0,2950.0,2900.0,2901.0,5869.0
2020-05-19,2925.0,2980.0,2925.0,2950.0,4894.0
2020-05-20,2982.0,2982.0,2900.0,2939.0,9049.0
2020-05-21,2939.0,2940.0,2939.0,2940.0,1000.0
2020-05-22,2940.0,2940.0,2940.0,2940.0,2499.0
2020-05-26,2960.0,2960.0,2960.0,2960.0,254.0
2020-05-27,2960.0,2960.0,2960.0,2960.0,935.0
2020-05-28,2970.0,2970.0,2949.0,2949.0,1023.0
2020-05-29,2900.0,2940.0,2900.0,2940.0,931.0
2020-06-01,2950.0,2950.0,2940.0,2940.0,308.0
2020-06-02,2930.0,2940.0,2930.0,2940.0,2643.0
2020-06-03,2940.0,2949.0,2940.0,2940.0,5765.0
2020-06-04,2940.0,2940.0,2940.0,2940.0,5061.0
2020-06-05,2940.0,2940.0,2940.0,2940.0,15.0
2020-06-08,2945.0,2945.0,2905.0,2905.0,707.0
2020-06-09,2940.0,2940.0,2930.0,2930.0,1557.0
2020-06-10,2930.0,2930.0,2930.0,2930.0,4855.0
2020-06-11,2931.0,2931.0,2931.0,2931.0,2.0
2020-06-15,2930.0,2930.0,2930.0,2930.0,10.0
2020-06-16,2940.0,2969.0,2930.0,2930.0,4221.0
2020-06-17,2970.0,3047.0,2956.0,3047.0,7661.0
2020-06-18,3168.0,3168.0,3001.0,3050.0,5494.0
2020-06-19,3101.0,3101.0,3050.0,3051.0,6051.0
2020-06-22,3051.0,3150.0,3051.0,3148.0,5367.0
2020-06-23,3100.0,3146.0,3100.0,3145.0,2412.0
2020-06-24,3146.0,3200.0,3146.0,3167.0,5648.0
2020-06-25,3200.0,3200.0,3162.0,3162.0,21.0
2020-06-26,3161.0,3161.0,3155.0,3155.0,22.0
2020-06-29,3198.0,3198.0,3198.0,3198.0,25.0
2020-07-01,3190.0,3190.0,3170.0,3170.0,35.0
2020-07-02,3161.0,3199.0,3160.0,3170.0,163.0
2020-07-03,3150.0,3150.0,3150.0,3150.0,500.0
2020-07-10,3101.0,3139.0,3050.0,3139.0,741.0
2020-07-14,3050.0,3050.0,3050.0,3050.0,3521.0
2020-07-15,3050.0,3050.0,3050.0,3050.0,500.0
2020-07-16,3045.0,3045.0,3045.0,3045.0,10.0
2020-07-17,3098.0,3098.0,3098.0,3098.0,150.0
2020-07-20,3000.0,3000.0,3000.0,3000.0,2.0
2020-07-21,3020.0,3030.0,3019.0,3030.0,2316.0
2020-07-22,3030.0,3090.0,3030.0,3090.0,281.0
2020-07-23,3000.0,3000.0,2967.0,2967.0,48.0
2020-07-24,3005.0,3005.0,2970.0,2970.0,254.0
2020-07-27,2980.0,2980.0,2954.0,2954.0,4753.0
2020-07-28,2933.0,2990.0,2933.0,2950.0,794.0
2020-07-29,2940.0,2951.0,2930.0,2950.0,11946.0
2020-08-03,2950.0,2950.0,2950.0,2950.0,1201.0
2020-08-05,2979.0,2979.0,2950.0,2950.0,290.0
2020-08-06,2950.0,2979.0,2940.0,2979.0,2176.0
2020-08-07,2950.0,3039.0,2950.0,3039.0,945.0
2020-08-11,2982.0,2985.0,2953.0,2985.0,1693.0
2020-08-12,3029.0,3030.0,3029.0,3030.0,12.0
2020-08-13,2970.0,3050.0,2970.0,3000.0,947.0
2020-08-17,2965.0,2989.0,2965.0,2989.0,2173.0
2020-08-18,3099.0,3099.0,3035.0,3035.0,2009.0
2020-08-19,3069.0,3069.0,3069.0,3069.0,2.0
2020-08-24,3000.0,3000.0,3000.0,3000.0,271.0
2020-08-25,3000.0,3000.0,2990.0,2990.0,1413.0
2020-08-26,2990.0,2990.0,2961.0,2961.0,22.0
2020-08-27,2961.0,2961.0,2950.0,2955.0,7272.0
2020-08-28,2961.0,2961.0,2950.0,2950.0,751.0
2020-08-31,2978.0,2978.0,2935.0,2951.0,4088.0
2020-09-01,2951.0,3035.0,2951.0,3035.0,571.0
2020-09-03,3000.0,3001.0,3000.0,3000.0,2793.0
2020-09-04,3000.0,3003.0,3000.0,3000.0,1567.0
2020-09-07,2976.0,2976.0,2976.0,2976.0,10428.0
2020-09-08,2976.0,2978.0,2976.0,2977.0,4705.0
2020-09-09,3000.0,3000.0,3000.0,3000.0,436.0
2020-09-10,2977.0,2977.0,2976.0,2976.0,2500.0
2020-09-11,2980.0,3000.0,2976.0,2980.0,2353.0
2020-09-14,2975.0,2980.0,2960.0,2975.0,1404.0
2020-09-15,2975.0,2975.0,2911.0,2940.0,1187.0
2020-09-16,2930.0,2950.0,2930.0,2930.0,2157.0
2020-09-17,2940.0,2940.0,2940.0,2940.0,298.0
2020-09-18,2930.0,2950.0,2930.0,2940.0,788.0
2020-09-21,2940.0,2940.0,2940.0,2940.0,390.0
2020-09-22,2940.0,2948.0,2940.0,2948.0,1695.0
2020-09-23,2940.0,2948.0,2940.0,2940.0,1900.0
2020-09-24,2985.0,2985.0,2960.0,2980.0,3521.0
2020-09-25,2995.0,2995.0,2940.0,2975.0,502.0
2020-09-28,2975.0,2975.0,2975.0,2975.0,1.0
2020-09-29,2961.0,2970.0,2961.0,2970.0,493.0
2020-09-30,2949.0,2949.0,2949.0,2949.0,117.0
2020-10-01,2949.0,2950.0,2930.0,2950.0,5406.0
2020-10-02,2950.0,2950.0,2950.0,2950.0,1004.0
2020-10-05,2950.0,2950.0,2950.0,2950.0,1200.0
2020-10-06,2970.0,2970.0,2970.0,2970.0,160.0
2020-10-07,2950.0,2960.0,2950.0,2950.0,7714.0
2020-10-08,3008.0,3008.0,2960.0,2999.0,5823.0
2020-10-09,2980.0,3020.0,2980.0,3000.0,8881.0
2020-10-12,3079.0,3079.0,3000.0,3050.0,127.0
2020-10-13,3000.0,3030.0,3000.0,3030.0,1285.0
2020-10-14,3050.0,3050.0,3001.0,3050.0,692.0
2020-10-15,3050.0,3050.0,3050.0,3050.0,4.0
2020-10-16,3050.0,3050.0,3050.0,3050.0,433.0
2020-10-19,3035.0,3070.0,3035.0,3070.0,61.0
2020-10-20,3050.0,3050.0,3050.0,3050.0,1256.0
2020-10-21,3050.0,3084.0,3050.0,3084.0,4219.0
2020-10-22,3089.0,3089.0,3030.0,3030.0,5206.0
2020-10-23,3089.0,3090.0,3089.0,3090.0,35.0
2020-10-26,3056.0,3056.0,3049.0,3049.0,3087.0
2020-10-27,3049.0,3049.0,3003.0,3039.0,1199.0
2020-10-28,3030.0,3049.0,2951.0,2951.0,2913.0
2020-11-02,2951.0,3000.0,2951.0,3000.0,3728.0
2020-11-03,3000.0,3000.0,2956.0,2956.0,1064.0
2020-11-04,2990.0,2990.0,2956.0,2956.0,4031.0
2020-11-05,2956.0,2956.0,2956.0,2956.0,335.0
2020-11-09,2960.0,3015.0,2955.0,3015.0,6997.0
2020-11-10,3015.0,3015.0,3015.0,3015.0,10.0
2020-11-11,3029.0,3030.0,3029.0,3030.0,150.0
2020-11-12,3030.0,3030.0,3000.0,3030.0,196.0
2020-11-13,2980.0,3030.0,2970.0,3030.0,643.0
2020-11-16,3000.0,3030.0,3000.0,3030.0,8685.0
2020-11-17,3030.0,3050.0,3030.0,3050.0,4554.0
2020-11-19,3060.0,3060.0,3050.0,3050.0,6531.0
2020-11-20,3050.0,3070.0,3050.0,3060.0,1041.0
2020-11-23,3100.0,3100.0,3050.0,3050.0,5102.0
2020-11-24,3100.0,3100.0,3050.0,3100.0,5403.0
2020-11-25,3070.0,3100.0,3070.0,3100.0,5427.0
2020-11-26,3099.0,3100.0,3085.0,3100.0,6578.0
2020-11-27,3100.0,3100.0,3100.0,3100.0,40.0
2020-11-30,3150.0,3150.0,3150.0,3150.0,856.0
2020-12-01,3189.0,3199.0,3175.0,3175.0,1187.0
2020-12-02,3199.0,3199.0,3175.0,3175.0,420.0
2020-12-03,3172.0,3173.0,3061.0,3061.0,46.0
2020-12-04,3100.0,3100.0,3100.0,3100.0,78.0
2020-12-07,3100.0,3200.0,3100.0,3200.0,5216.0
2020-12-08,3200.0,3200.0,3170.0,3170.0,8.0
2020-12-09,3141.0,3200.0,3140.0,3199.0,2587.0
2020-12-10,3200.0,3245.0,3183.0,3183.0,3190.0
2020-12-11,3310.0,3310.0,3200.0,3310.0,2709.0
2020-12-14,3211.0,3300.0,3211.0,3211.0,830.0
2020-12-15,3232.0,3232.0,3232.0,3232.0,1540.0
2020-12-16,3232.0,3232.0,3220.0,3220.0,3252.0
2020-12-17,3220.0,3250.0,3220.0,3220.0,2398.0
2020-12-18,3290.0,3290.0,3230.0,3290.0,3948.0
2020-12-21,3170.0,3190.0,3170.0,3170.0,2322.0
2020-12-22,3170.0,3220.0,3170.0,3220.0,508.0
2020-12-23,3219.0,3260.0,3219.0,3260.0,110.0
2020-12-24,3260.0,3260.0,3260.0,3260.0,50.0
2020-12-25,3230.0,3259.0,3200.0,3200.0,2763.0
2020-12-28,3156.0,3157.0,3156.0,3156.0,15.0
2020-12-29,3218.0,3218.0,3218.0,3218.0,18096.0
2020-12-30,3199.0,3199.0,3199.0,3199.0,2.0
2020-12-31,3190.0,3200.0,3190.0,3200.0,1326.0
2021-01-04,3200.0,3200.0,3200.0,3200.0,700.0
2021-01-05,3200.0,3200.0,3200.0,3200.0,9.0
2021-01-06,3180.0,3180.0,3180.0,3180.0,1400.0
2021-01-07,3182.0,3182.0,3118.0,3118.0,209.0
2021-01-08,3180.0,3180.0,3180.0,3180.0,55.0
2021-01-12,3180.0,3180.0,3101.0,3180.0,1279.0
2021-01-13,3111.0,3180.0,3111.0,3180.0,101.0
2021-01-14,3180.0,3180.0,3160.0,3160.0,1195.0
2021-01-15,3180.0,3180.0,3150.0,3150.0,1486.0
2021-01-18,3150.0,3150.0,3150.0,3150.0,749.0
2021-01-19,3150.0,3150.0,3150.0,3150.0,2946.0
2021-01-21,3130.0,3130.0,3130.0,3130.0,2723.0
2021-01-22,3130.0,3150.0,3130.0,3149.0,3968.0
2021-01-25,3194.0,3194.0,3194.0,3194.0,3.0
2021-01-26,3150.0,3151.0,3150.0,3150.0,772.0
2021-01-27,3160.0,3160.0,3150.0,3150.0,2528.0
2021-01-28,3151.0,3197.0,3150.0,3197.0,8.0
2021-01-29,3197.0,3242.0,3175.0,3175.0,982.0
2021-02-01,3181.0,3240.0,3181.0,3200.0,483.0
2021-02-02,3199.0,3200.0,3199.0,3200.0,701.0
2021-02-03,3180.0,3180.0,3180.0,3180.0,10.0
2021-02-04,3180.0,3180.0,3169.0,3169.0,2855.0
2021-02-05,3170.0,3200.0,3170.0,3200.0,317.0
2021-02-08,3170.0,3170.0,3170.0,3170.0,5707.0
2021-02-09,3180.0,3180.0,3180.0,3180.0,741.0
2021-02-11,3199.0,3200.0,3170.0,3170.0,134.0
2021-02-12,3170.0,3170.0,3170.0,3170.0,200.0
2021-02-16,3150.0,3150.0,3150.0,3150.0,3136.0
2021-02-17,3190.0,3190.0,3190.0,3190.0,84.0
2021-02-18,3199.0,3240.0,3199.0,3220.0,9997.0
2021-02-19,3270.0,3270.0,3220.0,3220.0,4358.0
2021-02-22,3215.0,3220.0,3215.0,3220.0,3525.0
2021-02-25,3220.0,3260.0,3220.0,3240.0,319.0
2021-02-26,3240.0,3268.0,3240.0,3268.0,377.0
2021-03-01,3268.0,3270.0,3260.0,3260.0,589.0
2021-03-02,3240.0,3240.0,3240.0,3240.0,47.0
2021-03-03,3239.0,3239.0,3230.0,3230.0,50.0
2021-03-05,3220.0,3220.0,3215.0,3220.0,2001.0
2021-03-09,3210.0,3210.0,3210.0,3210.0,700.0
2021-03-10,3210.0,3220.0,3210.0,3210.0,12240.0
2021-03-11,3220.0,3230.0,3220.0,3230.0,3215.0
2021-03-12,3240.0,3240.0,3240.0,3240.0,788.0
2021-03-15,3230.0,3230.0,3230.0,3230.0,4990.0
2021-03-16,3240.0,3240.0,3240.0,3240.0,400.0
2021-03-17,3240.0,3240.0,3240.0,3240.0,3313.0
2021-03-18,3240.0,3250.0,3240.0,3250.0,1092.0
2021-03-19,3245.0,3245.0,3245.0,3245.0,2096.0
2021-03-22,3241.0,3245.0,3241.0,3244.0,2997.0
2021-03-23,3241.0,3241.0,3240.0,3240.0,50.0
2021-03-24,3250.0,3250.0,3250.0,3250.0,1656.0
2021-03-25,3260.0,3260.0,3235.0,3235.0,2.0
2021-03-26,3250.0,3250.0,3237.0,3237.0,3878.0
2021-03-29,3237.0,3237.0,3230.0,3230.0,120.0
2021-03-30,3250.0,3250.0,3250.0,3250.0,4038.0
2021-03-31,3240.0,3240.0,3240.0,3240.0,15.0
2021-04-01,3250.0,3251.0,3250.0,3251.0,2233.0
2021-04-02,3250.0,3250.0,3250.0,3250.0,592.0
2021-04-05,3250.0,3310.0,3250.0,3258.0,436.0
2021-04-06,3300.0,3300.0,3270.0,3300.0,521.0
2021-04-07,3309.0,3309.0,3262.0,3262.0,2009.0
2021-04-08,3300.0,3300.0,3300.0,3300.0,501.0
2021-04-09,3300.0,3300.0,3300.0,3300.0,1750.0
2021-04-12,3300.0,3300.0,3300.0,3300.0,575.0
2021-04-13,3300.0,3300.0,3295.0,3295.0,1214.0
2021-04-14,3285.0,3285.0,3285.0,3285.0,8596.0
2021-04-16,3285.0,3285.0,3282.0,3282.0,312.0
2021-04-19,3290.0,3300.0,3290.0,3290.0,1796.0
2021-04-20,3290.0,3290.0,3290.0,3290.0,300.0
2021-04-21,3290.0,3290.0,3290.0,3290.0,271.0
2021-04-22,3300.0,3398.0,3300.0,3398.0,2822.0
2021-04-23,3320.0,3398.0,3320.0,3398.0,2978.0
2021-04-26,3397.0,3397.0,3397.0,3397.0,5.0
2021-04-27,3397.0,3397.0,3389.0,3389.0,17.0
2021-04-28,3397.0,3398.0,3380.0,3380.0,267.0
2021-04-29,3398.0,3500.0,3398.0,3500.0,3462.0
2021-04-30,3500.0,3502.0,3500.0,3500.0,1187.0
2021-05-03,3500.0,3600.0,3500.0,3600.0,309.0
2021-05-04,3560.0,3580.0,3560.0,3580.0,7026.0
2021-05-05,3599.0,3599.0,3580.0,3580.0,15492.0
2021-05-06,3580.0,3649.0,3580.0,3649.0,5100.0
2021-05-07,3650.0,3650.0,3625.0,3625.0,7907.0
2021-05-10,3625.0,3650.0,3625.0,3650.0,1110.0
2021-05-12,3613.0,3613.0,3613.0,3613.0,61.0
2021-05-17,3625.0,3625.0,3613.0,3613.0,172.0
2021-05-18,3600.0,3625.0,3588.0,3588.0,244.0
2021-05-19,3583.0,3600.0,3581.0,3600.0,291.0
2021-05-20,3600.0,3600.0,3600.0,3600.0,1971.0
2021-05-24,3600.0,3600.0,3600.0,3600.0,1903.0
2021-05-25,3700.0,3700.0,3650.0,3650.0,501.0
2021-05-26,3650.0,3650.0,3650.0,3650.0,2399.0
2021-05-27,3698.0,3698.0,3659.0,3677.0,944.0
2021-05-28,3618.0,3697.0,3618.0,3678.0,4206.0
2021-05-31,3678.0,3696.0,3678.0,3696.0,601.0
2021-06-01,3678.0,3699.0,3678.0,3698.0,1805.0
2021-06-02,3698.0,3748.0,3698.0,3748.0,2137.0
2021-06-03,3748.0,3820.0,3748.0,3820.0,1297.0
2021-06-04,3896.0,3896.0,3819.0,3819.0,601.0
2021-06-07,3752.0,3847.0,3700.0,3847.0,64.0
2021-06-08,3840.0,3850.0,3810.0,3850.0,4840.0
2021-06-09,3880.0,3900.0,3880.0,3900.0,5257.0
2021-06-10,3850.0,3850.0,3825.0,3825.0,507.0
2021-06-11,3901.0,3948.0,3900.0,3948.0,2504.0
2021-06-14,3948.0,4000.0,3948.0,3956.0,3775.0
2021-06-15,3950.0,3950.0,3950.0,3950.0,3550.0
2021-06-16,3921.0,3921.0,3910.0,3910.0,5250.0
2021-06-18,3900.0,3950.0,3882.0,3950.0,4198.0
2021-06-21,4000.0,4000.0,4000.0,4000.0,50.0
2021-06-22,3900.0,4000.0,3900.0,4000.0,7124.0
2021-06-23,3950.0,3950.0,3950.0,3950.0,200.0
2021-06-24,3970.0,3970.0,3905.0,3950.0,8042.0
2021-06-25,3950.0,3988.0,3950.0,3988.0,1293.0
2021-06-29,3950.0,3950.0,3950.0,3950.0,376.0
2021-06-30,3950.0,3950.0,3950.0,3950.0,370.0
2021-07-01,3921.0,3921.0,3921.0,3921.0,33.0
2021-07-02,3980.0,4045.0,3980.0,4045.0,5040.0
2021-07-05,3950.0,4045.0,3950.0,4045.0,6955.0
2021-07-06,3910.0,3910.0,3910.0,3910.0,4.0
2021-07-07,3980.0,3980.0,3970.0,3980.0,9491.0
2021-07-08,3980.0,3981.0,3980.0,3980.0,4047.0
2021-07-09,3980.0,3999.0,3980.0,3999.0,1373.0
2021-07-12,4030.0,4030.0,4030.0,4030.0,40.0
2021-07-13,3980.0,3980.0,3980.0,3980.0,2380.0
2021-07-15,3980.0,3980.0,3980.0,3980.0,1236.0
2021-07-16,3980.0,3980.0,3980.0,3980.0,380.0
2021-07-23,3950.0,4030.0,3950.0,4030.0,92.0
2021-07-26,3921.0,3921.0,3921.0,3921.0,7.0
2021-07-27,3920.0,3920.0,3920.0,3920.0,92.0
2021-07-28,3920.0,3950.0,3920.0,3950.0,3159.0
2021-07-29,4000.0,4000.0,4000.0,4000.0,406.0
2021-08-02,4000.0,4049.0,4000.0,4049.0,1095.0
2021-08-03,4077.0,4077.0,4077.0,4077.0,1.0
2021-08-06,4077.0,4077.0,4048.0,4048.0,867.0
2021-08-09,4000.0,4000.0,4000.0,4000.0,744.0
2021-08-11,4000.0,4000.0,4000.0,4000.0,510.0
2021-08-13,4000.0,4000.0,4000.0,4000.0,818.0
2021-08-16,3925.0,3927.0,3925.0,3927.0,375.0
2021-08-17,3927.0,3927.0,3927.0,3927.0,762.0
2021-08-23,3935.0,4084.0,3935.0,4084.0,794.0
2021-08-24,4003.0,4080.0,4003.0,4080.0,1022.0
2021-08-25,4000.0,4000.0,4000.0,4000.0,55.0
2021-08-26,4000.0,4000.0,4000.0,4000.0,761.0
2021-08-27,4050.0,4150.0,4050.0,4150.0,2237.0
2021-08-31,4060.0,4060.0,4060.0,4060.0,664.0
2021-09-01,4100.0,4100.0,4100.0,4100.0,1620.0
2021-09-02,4100.0,4100.0,4100.0,4100.0,3.0
2021-09-06,4106.0,4106.0,4106.0,4106.0,632.0
2021-09-08,4099.0,4106.0,4099.0,4106.0,590.0
2021-09-09,4200.0,4252.0,4200.0,4252.0,5120.0
2021-09-10,4252.0,4270.0,4252.0,4270.0,2258.0
2021-09-14,4270.0,4270.0,4270.0,4270.0,641.0
2021-09-15,4300.0,4300.0,4300.0,4300.0,225.0
2021-09-16,4300.0,4300.0,4300.0,4300.0,350.0
2021-09-17,4290.0,4440.0,4290.0,4440.0,8093.0
2021-09-20,4300.0,4300.0,4300.0,4300.0,2398.0
2021-09-21,4300.0,4300.0,4300.0,4300.0,2.0
2021-09-22,4300.0,4300.0,4280.0,4280.0,450.0
2021-09-23,4300.0,4300.0,4300.0,4300.0,1518.0
2021-09-24,4300.0,4300.0,4300.0,4300.0,4474.0
2021-09-27,4300.0,4300.0,4299.0,4299.0,1914.0
2021-09-28,4300.0,4300.0,4300.0,4300.0,1433.0
2021-09-29,4300.0,4300.0,4300.0,4300.0,2000.0
2021-10-01,4300.0,4300.0,4180.0,4205.0,3360.0
2021-10-05,4215.0,4215.0,4215.0,4215.0,109.0
2021-10-06,4250.0,4250.0,4250.0,4250.0,6650.0
2021-10-07,4250.0,4251.0,4250.0,4251.0,10175.0
2021-10-08,4290.0,4290.0,4250.0,4288.0,680.0
2021-10-11,4250.0,4299.0,4250.0,4299.0,363.0
2021-10-13,4250.0,4290.0,4250.0,4251.0,1144.0
2021-10-14,4299.0,4400.0,4299.0,4400.0,6323.0
2021-10-15,4360.0,4499.0,4360.0,4499.0,2488.0
2021-10-18,4365.0,4500.0,4365.0,4500.0,490.0
2021-10-21,4400.0,4400.0,4310.0,4400.0,10964.0
2021-10-22,4400.0,4400.0,4400.0,4400.0,190.0
2021-10-25,4499.0,4499.0,4499.0,4499.0,155.0
2021-10-26,4450.0,4499.0,4450.0,4499.0,2233.0
2021-10-27,4350.0,4498.0,4350.0,4498.0,7282.0
2021-10-28,4401.0,4490.0,4370.0,4490.0,2073.0
2021-10-29,4499.0,4700.0,4499.0,4700.0,2182.0
2021-11-01,4700.0,4730.0,4700.0,4730.0,10.0
2021-11-02,4600.0,4600.0,4500.0,4500.0,176.0
2021-11-04,4650.0,4655.0,4650.0,4650.0,8524.0
2021-11-05,4650.0,4650.0,4650.0,4650.0,4727.0
2021-11-08,4650.0,4700.0,4641.0,4641.0,573.0
2021-11-09,4724.0,4724.0,4718.0,4720.0,3.0
2021-11-10,4603.0,4650.0,4601.0,4650.0,73.0
2021-11-11,4700.0,4700.0,4650.0,4650.0,836.0
2021-11-12,4690.0,4690.0,4690.0,4690.0,900.0
2021-11-15,4690.0,4690.0,4685.0,4685.0,3269.0
2021-11-16,4685.0,4685.0,4685.0,4685.0,966.0
2021-11-17,4685.0,4686.0,4601.0,4686.0,659.0
2021-11-19,4694.0,4694.0,4690.0,4694.0,281.0
2021-11-22,4694.0,4694.0,4694.0,4694.0,261.0
2021-11-23,4694.0,4694.0,4694.0,4694.0,250.0
2021-11-24,4694.0,4710.0,4694.0,4710.0,1983.0
2021-11-25,4700.0,4700.0,4691.0,4694.0,2795.0
2021-11-26,4700.0,4750.0,4700.0,4750.0,656.0
2021-11-29,4690.0,4690.0,4690.0,4690.0,447.0
2021-11-30,4749.0,4800.0,4700.0,4700.0,2621.0
2021-12-01,4607.0,4709.0,4604.0,4709.0,139.0
2021-12-02,4709.0,4709.0,4709.0,4709.0,500.0
2021-12-03,4715.0,4717.0,4715.0,4717.0,7687.0
2021-12-06,4720.0,4720.0,4717.0,4717.0,2032.0
2021-12-09,4730.0,4730.0,4730.0,4730.0,425.0
2021-12-10,4730.0,4799.0,4700.0,4750.0,7374.0
2021-12-13,4750.0,4750.0,4750.0,4750.0,825.0
2021-12-14,4750.0,4750.0,4750.0,4750.0,100.0
2021-12-16,4760.0,4760.0,4760.0,4760.0,1014.0
2021-12-17,4760.0,4775.0,4760.0,4775.0,600.0
2021-12-20,4775.0,4775.0,4775.0,4775.0,279.0
2021-12-21,4775.0,4775.0,4775.0,4775.0,1.0
2021-12-22,4800.0,4800.0,4776.0,4776.0,235.0
2021-12-23,4808.0,4810.0,4800.0,4800.0,301.0
2021-12-24,4800.0,4800.0,4800.0,4800.0,8034.0
2021-12-27,4800.0,4800.0,4800.0,4800.0,1917.0
2021-12-28,4895.0,4895.0,4800.0,4800.0,105.0
2021-12-29,4802.0,4950.0,4802.0,4831.0,11119.0
2021-12-30,4810.0,4950.0,4810.0,4950.0,2965.0
2021-12-31,4900.0,4950.0,4850.0,4950.0,11707.0
2022-01-03,4837.0,4950.0,4837.0,4950.0,401.0
2022-01-05,4900.0,4900.0,4900.0,4900.0,300.0
2022-01-06,4900.0,4950.0,4900.0,4950.0,200.0
2022-01-07,4950.0,4950.0,4950.0,4950.0,1702.0
2022-01-12,4970.0,5000.0,4970.0,5000.0,176.0
2022-01-13,5000.0,5190.0,5000.0,5050.0,1085.0
2022-01-14,5294.0,5294.0,5100.0,5285.0,3220.0
2022-01-18,5285.0,5301.0,5285.0,5301.0,5323.0
2022-01-19,5350.0,5500.0,5350.0,5370.0,45.0
2022-01-20,5390.0,5390.0,5390.0,5390.0,2.0
2022-01-21,5400.0,5400.0,5340.0,5340.0,15170.0
2022-01-24,5400.0,5400.0,5340.0,5340.0,518.0
2022-01-25,5340.0,5340.0,5311.0,5311.0,135.0
2022-01-26,5300.0,5300.0,5250.0,5250.0,2884.0
2022-01-27,5250.0,5250.0,5250.0,5250.0,97.0
2022-01-28,5260.0,5260.0,5240.0,5249.0,818.0
2022-01-31,5250.0,5250.0,5200.0,5250.0,2088.0
2022-02-02,5255.0,5256.0,5255.0,5256.0,1673.0
2022-02-03,5256.0,5256.0,5256.0,5256.0,200.0
2022-02-04,5256.0,5290.0,5256.0,5290.0,2251.0
2022-02-07,5299.0,5302.0,5299.0,5301.0,3484.0
2022-02-08,5300.0,5301.0,5300.0,5301.0,423.0
2022-02-09,5300.0,5301.0,5300.0,5301.0,1213.0
2022-02-10,5330.0,5330.0,5330.0,5330.0,1.0
2022-02-11,5330.0,5330.0,5301.0,5301.0,18.0
2022-02-14,5302.0,5310.0,5302.0,5302.0,673.0
2022-02-15,5300.0,5300.0,5300.0,5300.0,841.0
2022-02-21,5250.0,5251.0,5250.0,5251.0,11.0
2022-02-22,5255.0,5255.0,5097.0,5097.0,1571.0
2022-02-23,5097.0,5097.0,4950.0,4950.0,1250.0
2022-02-24,4820.0,4851.0,4711.0,4790.0,2492.0
2022-02-25,4710.0,4943.0,4710.0,4900.0,2109.0
2022-02-28,4721.0,4995.0,4721.0,4734.0,928.0
2022-03-01,4741.0,4849.0,4710.0,4849.0,4272.0
2022-03-02,4800.0,4820.0,4800.0,4820.0,1730.0
2022-03-03,4820.0,4900.0,4800.0,4900.0,775.0
2022-03-04,4855.0,4855.0,4800.0,4800.0,1617.0
2022-03-07,4800.0,4900.0,4800.0,4800.0,679.0
2022-03-08,4800.0,4994.0,4800.0,4994.0,1259.0
2022-03-09,4990.0,4990.0,4989.0,4989.0,52.0
2022-03-10,4862.0,4862.0,4800.0,4800.0,91.0
2022-03-11,4943.0,4943.0,4800.0,4850.0,1500.0
2022-03-15,4752.0,4800.0,4751.0,4800.0,305.0
2022-03-16,4800.0,4800.0,4800.0,4800.0,169.0
2022-03-17,4800.0,4850.0,4800.0,4850.0,1718.0
2022-03-18,4850.0,4850.0,4850.0,4850.0,664.0
2022-03-21,4998.0,5139.0,4950.0,4950.0,768.0
2022-03-22,4950.0,4950.0,4850.0,4850.0,2435.0
2022-03-23,4849.0,4849.0,4849.0,4849.0,1713.0
2022-03-24,4800.0,4800.0,4800.0,4800.0,2118.0
2022-03-25,4900.0,4900.0,4800.0,4800.0,1257.0
2022-03-28,4895.0,4895.0,4800.0,4800.0,48.0
2022-03-29,4990.0,4990.0,4770.0,4770.0,319.0
2022-03-30,4817.0,4840.0,4817.0,4840.0,751.0
2022-03-31,4850.0,4870.0,4840.0,4870.0,585.0
2022-04-01,4850.0,4870.0,4850.0,4870.0,5100.0
2022-04-04,4884.0,4884.0,4815.0,4815.0,60.0
2022-04-06,4994.0,4994.0,4850.0,4860.0,1565.0
2022-04-07,4860.0,4860.0,4860.0,4860.0,1475.0
2022-04-08,4870.0,4870.0,4870.0,4870.0,100.0
2022-04-12,4950.0,4950.0,4870.0,4870.0,173.0
2022-04-13,4860.0,4860.0,4860.0,4860.0,5000.0
2022-04-15,4890.0,4890.0,4890.0,4890.0,557.0
2022-04-19,4890.0,4890.0,4890.0,4890.0,26.0
2022-04-20,4900.0,4900.0,4900.0,4900.0,1971.0
2022-04-21,4950.0,4950.0,4950.0,4950.0,28.0
2022-04-22,5099.0,5099.0,5094.0,5094.0,254.0
2022-04-25,5090.0,5090.0,5090.0,5090.0,1.0
2022-04-26,4938.0,4938.0,4931.0,4931.0,139.0
2022-04-27,4906.0,4906.0,4903.0,4903.0,109.0
2022-04-28,5038.0,5038.0,4950.0,4950.0,4402.0
2022-04-29,4950.0,4950.0,4950.0,4950.0,2800.0
2022-05-04,4910.0,4910.0,4910.0,4910.0,3.0
2022-05-05,4950.0,4955.0,4910.0,4955.0,2102.0
2022-05-06,4955.0,4955.0,4955.0,4955.0,7720.0
2022-05-09,4875.0,5100.0,4875.0,5100.0,41.0
2022-05-10,4800.0,4800.0,4800.0,4800.0,167.0
2022-05-11,4800.0,4800.0,4750.0,4750.0,56.0
2022-05-16,4750.0,4750.0,4750.0,4750.0,65.0
2022-05-17,4800.0,4800.0,4800.0,4800.0,604.0
2022-05-18,4939.0,4939.0,4800.0,4801.0,91.0
2022-05-19,4800.0,4801.0,4800.0,4800.0,2368.0
2022-05-20,4800.0,4800.0,4730.0,4750.0,1088.0
2022-05-24,4800.0,4800.0,4800.0,4800.0,2.0
2022-05-25,4721.0,4800.0,4721.0,4800.0,49.0
2022-05-27,4799.0,4799.0,4721.0,4726.0,27.0
2022-05-30,4720.0,4720.0,4700.0,4700.0,331.0
2022-05-31,4700.0,4700.0,4700.0,4700.0,302.0
2022-06-01,4700.0,4700.0,4700.0,4700.0,3047.0
2022-06-03,4700.0,4800.0,4700.0,4800.0,1802.0
2022-06-07,4780.0,4780.0,4780.0,4780.0,200.0
2022-06-08,4780.0,4780.0,4780.0,4780.0,57.0
2022-06-09,4750.0,4750.0,4730.0,4730.0,5029.0
2022-06-10,4730.0,4730.0,4700.0,4700.0,6311.0
2022-06-13,4700.0,4700.0,4602.0,4602.0,188.0
2022-06-14,4602.0,4602.0,4500.0,4520.0,2762.0
2022-06-15,4655.0,4769.0,4519.0,4700.0,1933.0
2022-06-17,4561.0,4696.0,4500.0,4500.0,567.0
2022-06-20,4501.0,4501.0,4500.0,4500.0,1005.0
2022-06-21,4507.0,4618.0,4500.0,4500.0,3447.0
2022-06-22,4500.0,4500.0,4500.0,4500.0,59.0
2022-06-23,4500.0,4590.0,4500.0,4590.0,325.0
2022-06-27,4590.0,4590.0,4590.0,4590.0,35625.0
2022-07-01,4580.0,4581.0,4550.0,4550.0,1502.0
2022-07-04,4412.0,4550.0,4412.0,4550.0,282.0
2022-07-05,4550.0,4550.0,4543.0,4543.0,242.0
2022-07-06,4285.0,4538.0,4285.0,4538.0,78.0
2022-07-08,4400.0,4400.0,4400.0,4400.0,350.0
2022-07-12,4400.0,4400.0,4390.0,4390.0,264.0
2022-07-13,4400.0,4400.0,4390.0,4390.0,111.0
2022-07-14,4388.0,4395.0,4388.0,4390.0,1223.0
2022-07-15,4301.0,4400.0,4301.0,4400.0,51.0
2022-07-18,4401.0,4406.0,4400.0,4406.0,113.0
2022-07-19,4500.0,4500.0,4500.0,4500.0,711.0
2022-07-20,4500.0,4500.0,4500.0,4500.0,80.0
2022-07-21,4525.0,4525.0,4500.0,4525.0,1577.0
2022-07-25,4525.0,4525.0,4525.0,4525.0,65.0
2022-07-26,4525.0,4525.0,4525.0,4525.0,500.0
2022-07-29,4525.0,4525.0,4525.0,4525.0,888.0
2022-08-01,4600.0,4600.0,4600.0,4600.0,2.0
2022-08-09,4600.0,4600.0,4600.0,4600.0,20.0
2022-08-10,4600.0,4600.0,4600.0,4600.0,5.0
2022-08-12,4515.0,4600.0,4515.0,4600.0,822.0
2022-08-16,4615.0,4615.0,4600.0,4600.0,11.0
2022-08-18,4620.0,4620.0,4600.0,4600.0,474.0
2022-08-19,4601.0,4620.0,4601.0,4620.0,92.0
2022-08-22,4620.0,4620.0,4620.0,4620.0,277.0
2022-08-23,4605.0,4605.0,4600.0,4600.0,76.0
2022-08-24,4600.0,4600.0,4600.0,4600.0,27.0
2022-08-25,4600.0,4600.0,4600.0,4600.0,364.0
2022-08-26,4600.0,4600.0,4599.0,4599.0,722.0
2022-08-31,4620.0,4626.0,4620.0,4626.0,2303.0
2022-09-01,4680.0,4800.0,4680.0,4800.0,2601.0
2022-09-02,4845.0,4870.0,4700.0,4700.0,1207.0
2022-09-06,4680.0,4680.0,4675.0,4675.0,1301.0
2022-09-07,4680.0,4680.0,4680.0,4680.0,300.0
2022-09-09,4680.0,4680.0,4680.0,4680.0,533.0
2022-09-13,4700.0,4700.0,4680.0,4680.0,47.0
2022-09-15,4680.0,4680.0,4680.0,4680.0,647.0
2022-09-16,4750.0,4750.0,4750.0,4750.0,20.0
2022-09-22,4706.0,4870.0,4706.0,4870.0,239.0
2022-09-23,4930.0,4930.0,4930.0,4930.0,1450.0
2022-09-26,4975.0,4990.0,4930.0,4930.0,354.0
2022-09-27,4950.0,4955.0,4830.0,4830.0,1334.0
2022-09-28,4800.0,4850.0,4800.0,4800.0,1621.0
2022-09-30,4900.0,4900.0,4800.0,4800.0,2462.0
2022-10-03,4705.0,4705.0,4705.0,4705.0,74.0
2022-10-05,4705.0,4705.0,4680.0,4680.0,2370.0
2022-10-06,4720.0,4720.0,4720.0,4720.0,53.0
2022-10-07,4720.0,4720.0,4720.0,4720.0,4.0
2022-10-11,4720.0,4720.0,4720.0,4720.0,1.0
2022-10-12,4725.0,4740.0,4725.0,4740.0,477.0
2022-10-13,4720.0,4720.0,4720.0,4720.0,159.0
2022-10-14,4800.0,4800.0,4720.0,4720.0,640.0
2022-10-17,4540.0,4540.0,4540.0,4540.0,2.0
2022-10-18,4550.0,4720.0,4500.0,4720.0,20.0
2022-10-19,4505.0,4700.0,4505.0,4700.0,18.0
2022-10-20,4600.0,4610.0,4505.0,4599.0,1653.0
2022-10-21,4580.0,4580.0,4580.0,4580.0,500.0
2022-10-24,4561.0,4561.0,4560.0,4560.0,20.0
2022-10-25,4580.0,4580.0,4507.0,4555.0,9.0
2022-10-26,4505.0,4505.0,4500.0,4501.0,1858.0
2022-10-27,4500.0,4500.0,4500.0,4500.0,2700.0
2022-10-31,4500.0,4500.0,4500.0,4500.0,401.0
2022-11-03,4500.0,4500.0,4500.0,4500.0,120.0
2022-11-04,4521.0,4523.0,4500.0,4500.0,641.0
2022-11-08,4500.0,4500.0,4400.0,4400.0,587.0
2022-11-09,4400.0,4400.0,4400.0,4400.0,72.0
2022-11-10,4400.0,4400.0,4400.0,4400.0,1.0
2022-11-11,4500.0,4500.0,4400.0,4400.0,3001.0
2022-11-14,4400.0,4400.0,4400.0,4400.0,1978.0
2022-11-15,4350.0,4350.0,4350.0,4350.0,2097.0
2022-11-16,4320.0,4350.0,4300.0,4350.0,1950.0
2022-11-17,4350.0,4350.0,4350.0,4350.0,1644.0
2022-11-21,4400.0,4400.0,4400.0,4400.0,9234.0
2022-11-22,4450.0,4450.0,4450.0,4450.0,26.0
2022-11-23,4500.0,4500.0,4500.0,4500.0,52.0
2022-11-25,4550.0,4550.0,4550.0,4550.0,34.0
2022-11-28,4590.0,4600.0,4590.0,4600.0,532.0
2022-11-29,4600.0,4601.0,4600.0,4600.0,731.0
2022-11-30,4600.0,4698.0,4600.0,4698.0,1794.0
2022-12-01,4700.0,4838.0,4700.0,4800.0,208.0
2022-12-02,4800.0,4850.0,4800.0,4800.0,411.0
2022-12-05,4800.0,4935.0,4800.0,4935.0,51.0
2022-12-06,4870.0,4930.0,4870.0,4870.0,323.0
2022-12-07,4899.0,4900.0,4899.0,4900.0,119.0
2022-12-08,4896.0,4897.0,4889.0,4889.0,170.0
2022-12-09,4890.0,4890.0,4884.0,4884.0,168.0
2022-12-12,4884.0,4884.0,4880.0,4880.0,170.0
2022-12-13,4880.0,4880.0,4869.0,4869.0,905.0
2022-12-14,4849.0,4850.0,4610.0,4610.0,202.0
2022-12-15,4610.0,4610.0,4500.0,4500.0,5332.0
2022-12-16,4750.0,4750.0,4750.0,4750.0,100.0
2022-12-20,4500.0,4500.0,4500.0,4500.0,5.0
2022-12-21,4500.0,4500.0,4500.0,4500.0,730.0
2022-12-22,4500.0,4500.0,4500.0,4500.0,66.0
2022-12-23,4500.0,4500.0,4500.0,4500.0,1.0
2022-12-26,4650.0,4650.0,4650.0,4650.0,14.0
2022-12-27,4650.0,4650.0,4650.0,4650.0,85.0
2022-12-28,4650.0,4650.0,4650.0,4650.0,592.0
2022-12-29,4575.0,4700.0,4575.0,4700.0,5070.0
2022-12-30,4560.0,4650.0,4560.0,4650.0,9320.0
2023-01-03,4650.0,4650.0,4500.0,4500.0,343.0
2023-01-04,4500.0,4500.0,4231.0,4231.0,893.0
2023-01-05,4235.0,4235.0,4225.0,4225.0,348.0
2023-01-06,4225.0,4225.0,4225.0,4225.0,167.0
2023-01-09,4225.0,4225.0,4222.0,4222.0,252.0
2023-01-10,4200.0,4200.0,4200.0,4200.0,10.0
2023-01-12,4151.0,4220.0,4151.0,4200.0,4283.0
2023-01-13,4190.0,4190.0,4188.0,4188.0,1895.0
2023-01-16,4188.0,4188.0,4010.0,4010.0,1299.0
2023-01-18,4130.0,4160.0,4130.0,4130.0,790.0
2023-01-19,4250.0,4250.0,4250.0,4250.0,119.0
2023-01-20,4499.0,4499.0,4150.0,4150.0,1783.0
2023-01-23,4200.0,4200.0,4150.0,4150.0,69.0
2023-01-26,4200.0,4200.0,4200.0,4200.0,68.0
2023-01-31,4200.0,4200.0,4150.0,4150.0,402.0
2023-02-01,4150.0,4150.0,4150.0,4150.0,3901.0
2023-02-02,4300.0,4300.0,4300.0,4300.0,442.0
2023-02-03,4300.0,4300.0,4300.0,4300.0,68.0
2023-02-06,4173.0,4173.0,4173.0,4173.0,2017.0
2023-02-08,4180.0,4400.0,4180.0,4400.0,4245.0
2023-02-10,4380.0,4380.0,4380.0,4380.0,2.0
2023-02-13,4380.0,4380.0,4380.0,4380.0,76.0
2023-02-14,4251.0,4251.0,4250.0,4250.0,1201.0
2023-02-15,4250.0,4250.0,4250.0,4250.0,150.0
2023-02-16,4250.0,4250.0,4250.0,4250.0,1040.0
2023-02-17,4250.0,4250.0,4250.0,4250.0,162.0
2023-02-20,4200.0,4200.0,4200.0,4200.0,1.0
2023-02-21,4200.0,4200.0,4100.0,4101.0,34.0
2023-02-22,4250.0,4250.0,4101.0,4250.0,805.0
2023-02-23,4340.0,4500.0,4340.0,4500.0,10.0
2023-02-28,4366.0,4400.0,4366.0,4400.0,215.0
2023-03-01,4400.0,4400.0,4400.0,4400.0,16.0
2023-03-03,4530.0,4530.0,4530.0,4530.0,20.0
2023-03-06,4500.0,4530.0,4500.0,4530.0,40.0
2023-03-07,4505.0,4505.0,4450.0,4450.0,43.0
2023-03-08,4400.0,4410.0,4250.0,4300.0,1170.0
2023-03-09,4250.0,4250.0,4250.0,4250.0,312.0
2023-03-10,4250.0,4499.0,4250.0,4499.0,370.0
2023-03-14,4400.0,4400.0,4250.0,4390.0,571.0
2023-03-15,4250.0,4350.0,4230.0,4350.0,557.0
2023-03-16,4455.0,4455.0,4455.0,4455.0,4.0
2023-03-17,4300.0,4300.0,4300.0,4300.0,17.0
2023-03-22,4300.0,4300.0,4300.0,4300.0,102.0
2023-03-24,4302.0,4302.0,4150.0,4150.0,488.0
2023-03-27,4300.0,4300.0,4299.0,4300.0,83.0
2023-03-28,4300.0,4300.0,4300.0,4300.0,518.0
2023-03-30,4400.0,4400.0,4400.0,4400.0,100.0
2023-03-31,4350.0,4350.0,4350.0,4350.0,500.0
2023-04-04,4300.0,4301.0,4300.0,4300.0,4034.0
2023-04-05,4280.0,4280.0,4280.0,4280.0,6060.0
2023-04-07,4399.0,4399.0,4399.0,4399.0,23.0
2023-04-10,4276.0,4276.0,4200.0,4200.0,4217.0
2023-04-11,4200.0,4300.0,4200.0,4200.0,1188.0
2023-04-12,4162.0,4162.0,4150.0,4150.0,4000.0
2023-04-13,4150.0,4150.0,4150.0,4150.0,25.0
2023-04-14,4249.0,4249.0,4249.0,4249.0,100.0
2023-04-19,4150.0,4249.0,4100.0,4249.0,3818.0
2023-04-21,4495.0,4495.0,4495.0,4495.0,15.0
2023-04-26,4226.0,4311.0,4226.0,4311.0,638.0
2023-04-27,4350.0,4430.0,4349.0,4430.0,2314.0
2023-04-28,4440.0,4440.0,4440.0,4440.0,1.0
2023-05-02,4255.0,4255.0,4188.0,4188.0,255.0
2023-05-03,4249.0,4250.0,4220.0,4249.0,129.0
2023-05-04,4105.0,4250.0,4105.0,4250.0,412.0
2023-05-05,4440.0,4440.0,4440.0,4440.0,232.0
2023-05-08,4181.0,4211.0,4181.0,4211.0,68.0
2023-05-09,4211.0,4211.0,4211.0,4211.0,400.0
2023-05-11,4211.0,4211.0,4211.0,4211.0,4.0
2023-05-12,4221.0,4400.0,4221.0,4400.0,18681.0
2023-05-15,4250.0,4250.0,4250.0,4250.0,2.0
2023-05-16,4425.0,4425.0,4293.0,4399.0,660.0
2023-05-17,4399.0,4423.0,4399.0,4423.0,1530.0
2023-05-18,4399.0,4399.0,4399.0,4399.0,3029.0
2023-05-25,4350.0,4350.0,4269.0,4269.0,1446.0
2023-05-26,4272.0,4500.0,4272.0,4500.0,236.0
2023-05-29,4500.0,4500.0,4500.0,4500.0,3.0
2023-05-30,4499.0,4499.0,4445.0,4445.0,868.0
2023-05-31,4495.0,4540.0,4480.0,4540.0,1069.0
2023-06-02,4520.0,4520.0,4520.0,4520.0,235.0
2023-06-05,4518.0,4518.0,4400.0,4412.0,1342.0
2023-06-08,4510.0,4510.0,4510.0,4510.0,6001.0
2023-06-09,4510.0,4540.0,4510.0,4540.0,9773.0
2023-06-12,4500.0,4500.0,4500.0,4500.0,14.0
2023-06-13,4510.0,4529.0,4500.0,4500.0,1314.0
2023-06-14,4520.0,4640.0,4510.0,4640.0,359.0
2023-06-15,4655.0,4655.0,4655.0,4655.0,2.0
2023-06-16,4690.0,4690.0,4690.0,4690.0,100.0
2023-06-19,4698.0,4698.0,4698.0,4698.0,3.0
2023-06-20,4696.0,4794.0,4696.0,4794.0,2082.0
2023-06-21,4745.0,4745.0,4745.0,4745.0,100.0
2023-06-22,4690.0,4690.0,4690.0,4690.0,150.0
2023-06-23,4794.0,4794.0,4510.0,4510.0,3149.0
2023-06-26,4644.0,4644.0,4644.0,4644.0,50.0
2023-06-27,4600.0,4668.0,4600.0,4668.0,53.0
2023-06-28,4650.0,4650.0,4600.0,4600.0,409.0
2023-07-03,4520.0,4520.0,4520.0,4520.0,103.0
2023-07-04,4520.0,4600.0,4520.0,4600.0,82.0
2023-07-05,4699.0,4699.0,4688.0,4688.0,11.0
2023-07-06,4600.0,4600.0,4600.0,4600.0,162.0
2023-07-07,4523.0,4600.0,4523.0,4600.0,1367.0
2023-07-10,4481.0,4481.0,4481.0,4481.0,54.0
2023-07-11,4550.0,4550.0,4550.0,4550.0,67.0
2023-07-12,4523.0,4523.0,4480.0,4480.0,1071.0
2023-07-13,4523.0,4523.0,4500.0,4500.0,692.0
2023-07-14,4500.0,4502.0,4500.0,4502.0,1521.0
2023-07-18,4650.0,4650.0,4650.0,4650.0,250.0
2023-07-20,4650.0,4667.0,4650.0,4667.0,72.0
2023-07-21,4660.0,4680.0,4660.0,4680.0,156.0
2023-07-24,4600.0,4600.0,4600.0,4600.0,2354.0
2023-07-25,4650.0,4650.0,4650.0,4650.0,410.0
2023-07-26,4650.0,4650.0,4580.0,4580.0,1260.0
2023-07-27,4650.0,4715.0,4650.0,4715.0,279.0
2023-07-28,4715.0,4720.0,4715.0,4720.0,33.0
2023-07-31,4720.0,4720.0,4720.0,4720.0,697.0
2023-08-01,4855.0,4855.0,4855.0,4855.0,185.0
2023-08-02,4855.0,4855.0,4755.0,4755.0,50.0
2023-08-03,4854.0,4854.0,4765.0,4765.0,501.0
2023-08-04,4850.0,4855.0,4830.0,4830.0,251.0
2023-08-07,4860.0,4860.0,4800.0,4800.0,626.0
2023-08-08,4800.0,4800.0,4800.0,4800.0,306.0
2023-08-10,4800.0,4800.0,4800.0,4800.0,6.0
2023-08-11,4800.0,4800.0,4798.0,4798.0,3110.0
2023-08-16,4798.0,4798.0,4798.0,4798.0,218.0
2023-08-22,4795.0,4795.0,4650.0,4650.0,195.0
2023-08-23,4650.0,4650.0,4645.0,4650.0,337.0
2023-08-24,4641.0,4650.0,4641.0,4649.0,4093.0
2023-08-25,4649.0,4790.0,4649.0,4790.0,137.0
2023-08-28,4749.0,4749.0,4749.0,4749.0,134.0
2023-08-29,4738.0,4738.0,4738.0,4738.0,20.0
2023-08-30,4671.0,4671.0,4650.0,4650.0,923.0
2023-08-31,4650.0,4650.0,4599.0,4599.0,223.0
2023-09-01,4597.0,4597.0,4597.0,4597.0,1.0
2023-09-04,4589.0,4589.0,4589.0,4589.0,18.0
2023-09-05,4580.0,4580.0,4579.0,4580.0,745.0
2023-09-06,4588.0,4588.0,4588.0,4588.0,57.0
2023-09-11,4588.0,4588.0,4551.0,4588.0,847.0
2023-09-12,4558.0,4558.0,4523.0,4523.0,131.0
2023-09-13,4523.0,4577.0,4523.0,4577.0,98.0
2023-09-14,4535.0,4588.0,4521.0,4588.0,2320.0
2023-09-15,4480.0,4480.0,4480.0,4480.0,42.0
2023-09-18,4700.0,4700.0,4700.0,4700.0,35.0
2023-09-19,4535.0,4535.0,4480.0,4480.0,1582.0
2023-09-20,4600.0,4600.0,4600.0,4600.0,450.0
2023-09-21,4600.0,4600.0,4600.0,4600.0,250.0
2023-09-22,4600.0,4600.0,4600.0,4600.0,251.0
2023-09-25,4525.0,4530.0,4520.0,4530.0,2968.0
2023-09-26,4530.0,4600.0,4530.0,4600.0,1053.0
2023-09-27,4600.0,4600.0,4530.0,4600.0,611.0
2023-10-03,4550.0,4555.0,4550.0,4550.0,1708.0
2023-10-04,4520.0,4600.0,4480.0,4600.0,34.0
2023-10-05,4798.0,4798.0,4710.0,4760.0,5661.0
2023-10-06,4759.0,4759.0,4700.0,4700.0,1311.0
2023-10-09,4620.0,4620.0,4620.0,4620.0,480.0
2023-10-10,4620.0,4620.0,4620.0,4620.0,1500.0
2023-10-11,4580.0,4581.0,4550.0,4570.0,2996.0
2023-10-12,4570.0,4570.0,4570.0,4570.0,319.0
2023-10-13,4520.0,4520.0,4480.0,4520.0,1201.0
2023-10-16,4482.0,4500.0,4482.0,4500.0,75.0
2023-10-17,4480.0,4500.0,4480.0,4500.0,155.0
2023-10-19,4480.0,4500.0,4400.0,4500.0,57.0
2023-10-20,4500.0,4500.0,4355.0,4500.0,248.0
2023-10-24,4500.0,4500.0,4500.0,4500.0,300.0
2023-10-25,4500.0,4500.0,4500.0,4500.0,50.0
2023-10-26,4449.0,4449.0,4400.0,4400.0,2799.0
2023-10-27,4350.0,4390.0,4350.0,4390.0,723.0
2023-10-30,4350.0,4400.0,4350.0,4400.0,23.0
2023-10-31,4353.0,4437.0,4350.0,4437.0,2794.0
2023-11-01,4437.0,4437.0,4437.0,4437.0,116.0
2023-11-02,4400.0,4437.0,4400.0,4437.0,318.0
2023-11-03,4300.0,4300.0,4300.0,4300.0,636.0
2023-11-07,4300.0,4300.0,4300.0,4300.0,302.0
2023-11-08,4299.0,4300.0,4120.0,4120.0,1859.0
2023-11-09,4125.0,4182.0,4120.0,4182.0,3034.0
2023-11-10,4239.0,4239.0,4196.0,4196.0,1301.0
2023-11-13,4201.0,4320.0,4200.0,4298.0,1419.0
2023-11-14,4300.0,4300.0,4300.0,4300.0,35.0
2023-11-15,4300.0,4300.0,4250.0,4250.0,1000.0
2023-11-16,4300.0,4300.0,4250.0,4299.0,558.0
2023-11-17,4200.0,4250.0,4200.0,4250.0,5756.0
2023-11-20,4201.0,4201.0,4201.0,4201.0,1.0
2023-11-21,4299.0,4299.0,4250.0,4299.0,116.0
2023-11-24,4200.0,4200.0,4200.0,4200.0,191.0
2023-11-28,4200.0,4200.0,4180.0,4180.0,2127.0
2023-11-29,4180.0,4200.0,4180.0,4200.0,566.0
2023-11-30,4180.0,4180.0,4074.0,4074.0,8670.0
2023-12-01,4074.0,4074.0,4050.0,4050.0,279.0
2023-12-05,4100.0,4190.0,4075.0,4190.0,269.0
2023-12-06,4190.0,4190.0,4190.0,4190.0,146.0
2023-12-08,4175.0,4190.0,4100.0,4100.0,1351.0
2023-12-11,4021.0,4150.0,4021.0,4150.0,271.0
2023-12-12,4150.0,4150.0,4150.0,4150.0,429.0
2023-12-13,4150.0,4150.0,4100.0,4150.0,386.0
2023-12-14,4160.0,4190.0,4160.0,4190.0,5962.0
2023-12-15,4200.0,4205.0,4191.0,4200.0,10880.0
2023-12-18,4290.0,4300.0,4205.0,4211.0,4860.0
2023-12-19,4226.0,4226.0,4226.0,4226.0,16.0
2023-12-20,4231.0,4231.0,4225.0,4225.0,164.0
2023-12-21,4298.0,4299.0,4200.0,4200.0,1778.0
2023-12-22,4250.0,4250.0,4200.0,4200.0,2523.0
2023-12-25,4280.0,4280.0,4152.0,4152.0,328.0
2023-12-26,4180.0,4200.0,4180.0,4200.0,761.0
2023-12-27,4200.0,4200.0,4200.0,4200.0,3520.0
2023-12-28,4200.0,4200.0,4153.0,4200.0,2760.0
2023-12-29,4200.0,4200.0,4200.0,4200.0,4666.0
2024-01-02,4154.0,4200.0,4100.0,4200.0,66.0
2024-01-03,4200.0,4200.0,4200.0,4200.0,1197.0
2024-01-04,4200.0,4201.0,4200.0,4200.0,391.0
2024-01-05,4206.0,4206.0,4206.0,4206.0,1130.0
2024-01-08,4161.0,4161.0,4161.0,4161.0,376.0
2024-01-09,4161.0,4280.0,4151.0,4280.0,106.0
2024-01-10,4200.0,4280.0,4200.0,4280.0,124.0
2024-01-12,4202.0,4212.0,4200.0,4212.0,1659.0
2024-01-15,4212.0,4250.0,4212.0,4250.0,2161.0
2024-01-16,4278.0,4280.0,4278.0,4280.0,30.0
2024-01-17,4279.0,4315.0,4279.0,4315.0,4092.0
2024-01-18,4300.0,4300.0,4300.0,4300.0,2970.0
2024-01-19,4251.0,4349.0,4251.0,4349.0,654.0
2024-01-24,4450.0,4450.0,4349.0,4349.0,1246.0
2024-01-25,4470.0,4474.0,4370.0,4370.0,2246.0
2024-01-26,4465.0,4465.0,4371.0,4371.0,5318.0
2024-01-29,4460.0,4489.0,4250.0,4250.0,134.0
2024-01-30,4449.0,4459.0,4200.0,4200.0,236.0
2024-01-31,4220.0,4220.0,4220.0,4220.0,170.0
2024-02-02,4205.0,4280.0,4205.0,4280.0,1552.0
2024-02-05,4280.0,4280.0,4252.0,4252.0,75.0
2024-02-06,4252.0,4265.0,4252.0,4265.0,728.0
2024-02-07,4265.0,4265.0,4230.0,4230.0,145.0
2024-02-08,4250.0,4250.0,4230.0,4249.0,11021.0
2024-02-09,4250.0,4348.0,4250.0,4348.0,867.0
2024-02-12,4390.0,4390.0,4320.0,4340.0,1183.0
2024-02-13,4300.0,4300.0,4300.0,4300.0,1000.0
2024-02-14,4213.0,4270.0,4213.0,4270.0,1004.0
2024-02-16,4250.0,4250.0,4250.0,4250.0,2001.0
2024-02-19,4250.0,4346.0,4233.0,4233.0,55.0
2024-02-20,4346.0,4346.0,4250.0,4250.0,831.0
2024-02-21,4300.0,4325.0,4251.0,4251.0,2068.0
2024-02-22,4299.0,4324.0,4299.0,4324.0,8030.0
2024-02-23,4324.0,4340.0,4324.0,4340.0,34.0
2024-02-26,4369.0,4369.0,4300.0,4300.0,2457.0
2024-02-27,4300.0,4300.0,4250.0,4250.0,1432.0
2024-02-28,4300.0,4300.0,4210.0,4300.0,36.0
2024-02-29,4250.0,4345.0,4210.0,4345.0,37.0
2024-03-01,4344.0,4400.0,4220.0,4400.0,1405.0
2024-03-05,4399.0,4399.0,4350.0,4350.0,1963.0
2024-03-06,4275.0,4276.0,4275.0,4276.0,57.0
2024-03-07,4379.0,4379.0,4275.0,4275.0,61.0
2024-03-08,4275.0,4495.0,4275.0,4495.0,2690.0
2024-03-12,4495.0,4495.0,4450.0,4450.0,2028.0
2024-03-13,4450.0,4600.0,4450.0,4500.0,1147.0
2024-03-14,4500.0,4600.0,4500.0,4600.0,2365.0
2024-03-15,4736.0,4738.0,4500.0,4500.0,75.0
2024-03-18,4689.0,4700.0,4689.0,4700.0,200.0
2024-03-19,4700.0,4700.0,4700.0,4700.0,20.0
2024-03-20,4600.0,4750.0,4600.0,4750.0,3091.0
2024-03-21,4513.0,4700.0,4513.0,4699.0,3750.0
2024-03-22,4690.0,4690.0,4640.0,4640.0,52.0
2024-03-26,4561.0,4600.0,4510.0,4550.0,807.0
2024-03-28,4550.0,4550.0,4550.0,4550.0,1.0
2024-03-29,4599.0,4599.0,4599.0,4599.0,1580.0
2024-04-01,4470.0,4500.0,4470.0,4500.0,240.0
2024-04-03,4501.0,4501.0,4416.0,4489.0,281.0
2024-04-04,4372.0,4569.0,4372.0,4569.0,60.0
2024-04-05,4550.0,4550.0,4550.0,4550.0,450.0
2024-04-08,4550.0,4590.0,4550.0,4590.0,200.0
2024-04-09,4590.0,4599.0,4475.0,4599.0,5309.0
2024-04-15,4415.0,4415.0,4415.0,4415.0,94.0
2024-04-16,4584.0,4584.0,4575.0,4575.0,21.0
2024-04-17,4584.0,4584.0,4584.0,4584.0,50.0
2024-04-18,4430.0,4581.0,4430.0,4581.0,103.0
2024-04-19,4579.0,4579.0,4578.0,4578.0,1450.0
2024-04-22,4550.0,4578.0,4550.0,4578.0,85.0
2024-04-23,4475.0,4475.0,4450.0,4450.0,2050.0
2024-04-24,4550.0,4600.0,4550.0,4600.0,706.0
2024-04-26,4470.0,4470.0,4430.0,4430.0,4498.0
2024-04-29,4430.0,4430.0,4430.0,4430.0,4.0
2024-04-30,4373.0,4373.0,4312.0,4312.0,397.0
2024-05-02,4312.0,4315.0,4290.0,4290.0,594.0
2024-05-03,4290.0,4305.0,4285.0,4305.0,270.0
2024-05-06,4285.0,4285.0,4250.0,4251.0,27754.0
2024-05-07,4251.0,4251.0,4251.0,4251.0,103.0
2024-05-08,4250.0,4405.0,4250.0,4405.0,24.0
2024-05-09,4400.0,4400.0,4389.0,4389.0,501.0
2024-05-10,4389.0,4600.0,4389.0,4599.0,615.0
2024-05-14,4590.0,4650.0,4400.0,4400.0,850.0
2024-05-15,4399.0,4399.0,4399.0,4399.0,50.0
2024-05-16,4400.0,4400.0,4397.0,4397.0,483.0
2024-05-17,4400.0,4400.0,4360.0,4399.0,555.0
2024-05-20,4500.0,4650.0,4400.0,4400.0,161.0
2024-05-21,4312.0,4360.0,4312.0,4360.0,48.0
2024-05-22,4321.0,4321.0,4250.0,4250.0,1984.0
2024-05-23,4250.0,4252.0,4200.0,4200.0,749.0
2024-05-24,4252.0,4252.0,4120.0,4200.0,3241.0
2024-05-27,4220.0,4220.0,4180.0,4180.0,1036.0
2024-05-28,4180.0,4200.0,4180.0,4200.0,17.0
2024-05-29,4124.0,4200.0,4110.0,4130.0,6873.0
2024-05-30,4120.0,4120.0,4120.0,4120.0,1440.0
2024-05-31,4150.0,4180.0,4130.0,4180.0,4213.0
2024-06-03,4200.0,4200.0,4200.0,4200.0,4.0
2024-06-04,4299.0,4499.0,4150.0,4150.0,790.0
2024-06-05,4460.0,4460.0,4135.0,4150.0,61.0
2024-06-06,4135.0,4380.0,4125.0,4380.0,903.0
2024-06-07,4145.0,4145.0,4145.0,4145.0,35.0
2024-06-10,4120.0,4350.0,4120.0,4189.0,208.0
2024-06-11,4350.0,4350.0,4185.0,4300.0,614.0
2024-06-12,4170.0,4200.0,4170.0,4170.0,1941.0
2024-06-13,4170.0,4170.0,4170.0,4170.0,1544.0
2024-06-14,4170.0,4200.0,4170.0,4170.0,2655.0
2024-06-19,4345.0,4400.0,4345.0,4400.0,187.0
2024-06-20,4120.0,4120.0,4118.0,4118.0,800.0
2024-06-21,4199.0,4199.0,4198.0,4199.0,731.0
2024-06-24,4120.0,4300.0,4120.0,4300.0,135.0
2024-06-25,4120.0,4400.0,4114.0,4289.0,6521.0
2024-06-26,4347.0,4400.0,4200.0,4200.0,8774.0
2024-06-27,4400.0,4400.0,4299.0,4300.0,700.0
2024-06-28,4300.0,4390.0,4300.0,4390.0,3040.0
2024-07-01,4399.0,4400.0,4399.0,4400.0,17.0
2024-07-02,4394.0,4500.0,4394.0,4500.0,509.0
2024-07-03,4400.0,4400.0,4250.0,4250.0,9773.0
2024-07-04,4218.0,4497.0,4218.0,4497.0,652.0
2024-07-05,4260.0,4319.0,4260.0,4319.0,5875.0
2024-07-08,4300.0,4300.0,4300.0,4300.0,398.0
2024-07-09,4300.0,4300.0,4300.0,4300.0,60.0
2024-07-10,4289.0,4289.0,4289.0,4289.0,260.0
2024-07-11,4289.0,4400.0,4289.0,4300.0,962.0
2024-07-12,4299.0,4300.0,4298.0,4300.0,1500.0
2024-07-16,4300.0,4300.0,4280.0,4300.0,3773.0
2024-07-17,4300.0,4400.0,4300.0,4400.0,14617.0
2024-07-18,4386.0,4449.0,4302.0,4400.0,715.0
2024-07-19,4400.0,4490.0,4400.0,4446.0,1413.0
2024-07-22,4446.0,4446.0,4400.0,4400.0,115.0
2024-07-23,4400.0,4470.0,4400.0,4450.0,905.0
2024-07-24,4478.0,4490.0,4400.0,4400.0,2623.0
2024-07-25,4400.0,4400.0,4360.0,4400.0,4598.0
2024-07-26,4400.0,4480.0,4400.0,4480.0,2302.0
2024-07-31,4479.0,4800.0,4479.0,4550.0,2680.0
2024-08-01,4500.0,4797.0,4500.0,4600.0,1006.0
2024-08-02,4735.0,4735.0,4600.0,4600.0,675.0
2024-08-05,4600.0,4600.0,4500.0,4575.0,169.0
2024-08-06,4500.0,4600.0,4500.0,4599.0,60.0
2024-08-07,4600.0,4700.0,4463.0,4500.0,491.0
2024-08-08,4500.0,4599.0,4470.0,4599.0,543.0
2024-08-09,4500.0,4500.0,4460.0,4500.0,1959.0
2024-08-12,4550.0,4550.0,4550.0,4550.0,100.0
2024-08-13,4580.0,4580.0,4580.0,4580.0,100.0
2024-08-15,4580.0,4580.0,4580.0,4580.0,10.0
2024-08-16,4578.0,4578.0,4470.0,4500.0,2339.0
2024-08-19,4471.0,4600.0,4471.0,4600.0,75.0
2024-08-22,4500.0,4690.0,4500.0,4690.0,102.0
2024-08-23,4505.0,4550.0,4505.0,4550.0,280.0
2024-08-27,4599.0,4599.0,4500.0,4550.0,1535.0
2024-08-29,4550.0,4550.0,4483.0,4500.0,2103.0
2024-08-30,4500.0,4500.0,4495.0,4495.0,6483.0
2024-09-02,4445.0,4451.0,4445.0,4451.0,35.0
2024-09-03,4540.0,4540.0,4450.0,4450.0,1014.0
2024-09-04,4450.0,4583.0,4435.0,4435.0,4857.0
2024-09-05,4401.0,4520.0,4400.0,4498.0,3003.0
2024-09-06,4450.0,4450.0,4450.0,4450.0,70.0
2024-09-09,4519.0,4565.0,4437.0,4545.0,727.0
2024-09-10,4440.0,4559.0,4440.0,4500.0,4698.0
2024-09-11,4470.0,4470.0,4420.0,4420.0,6507.0
2024-09-13,4395.0,4395.0,4395.0,4395.0,824.0
2024-09-18,4420.0,4500.0,4420.0,4500.0,200.0
2024-09-23,4375.0,4488.0,4375.0,4488.0,843.0
2024-09-24,4395.0,4400.0,4395.0,4400.0,40.0
2024-09-25,4400.0,4400.0,4400.0,4400.0,52.0
2024-09-26,4400.0,4600.0,4373.0,4399.0,2196.0
2024-09-27,4400.0,4499.0,4400.0,4499.0,951.0
2024-09-30,4480.0,4480.0,4480.0,4480.0,490.0
2024-10-01,4450.0,4450.0,4425.0,4425.0,3312.0
2024-10-02,4381.0,4480.0,4375.0,4480.0,92.0
2024-10-04,4400.0,4400.0,4400.0,4400.0,47.0
2024-10-07,4375.0,4479.0,4372.0,4479.0,48.0
2024-10-09,4499.0,4499.0,4475.0,4475.0,273.0
2024-10-10,4430.0,4496.0,4430.0,4496.0,550.0
2024-10-11,4392.0,4430.0,4392.0,4430.0,21.0
2024-10-14,4494.0,4494.0,4494.0,4494.0,5.0
2024-10-15,4393.0,4393.0,4393.0,4393.0,10.0
2024-10-16,4373.0,4373.0,4350.0,4350.0,24.0
2024-10-17,4311.0,4320.0,4299.0,4300.0,900.0
2024-10-18,4310.0,4310.0,4200.0,4200.0,1994.0
2024-10-21,4160.0,4340.0,4160.0,4340.0,14.0
2024-10-22,4400.0,4400.0,4400.0,4400.0,105.0
2024-10-23,4250.0,4250.0,4250.0,4250.0,460.0
2024-10-24,4350.0,4350.0,4350.0,4350.0,20.0
2024-10-25,4350.0,4350.0,4350.0,4350.0,401.0
2024-10-28,4397.0,4397.0,4397.0,4397.0,25.0
2024-10-29,4226.0,4400.0,4226.0,4400.0,138.0
2024-10-31,4350.0,4350.0,4350.0,4350.0,50.0
2024-11-01,4250.0,4250.0,4250.0,4250.0,1000.0
2024-11-04,4251.0,4297.0,4250.0,4297.0,1725.0
2024-11-05,4380.0,4480.0,4260.0,4260.0,1629.0
2024-11-07,4260.0,4400.0,4242.0,4260.0,3207.0
2024-11-08,4370.0,4450.0,4260.0,4299.0,857.0
2024-11-11,4300.0,4300.0,4300.0,4300.0,1.0
2024-11-12,4281.0,4281.0,4161.0,4200.0,1267.0
2024-11-13,4325.0,4325.0,4325.0,4325.0,34.0
2024-11-15,4320.0,4320.0,4320.0,4320.0,10.0
2024-11-19,4250.0,4280.0,4201.0,4280.0,90.0
2024-11-20,4300.0,4300.0,4300.0,4300.0,25.0
2024-11-21,4300.0,4300.0,4300.0,4300.0,11.0
2024-11-22,4215.0,4295.0,4215.0,4295.0,3736.0
2024-11-26,4218.0,4218.0,4215.0,4215.0,3000.0
2024-11-27,4216.0,4290.0,4203.0,4290.0,58.0
2024-11-28,4210.0,4215.0,4210.0,4215.0,180.0
2024-11-29,4296.0,4296.0,4150.0,4150.0,521.0
2024-12-02,4160.0,4200.0,4160.0,4200.0,21.0
2024-12-03,4233.0,4233.0,4200.0,4200.0,346.0
2024-12-04,4199.0,4287.0,4199.0,4287.0,22.0
2024-12-05,4160.0,4199.0,4151.0,4199.0,40.0
2024-12-06,4150.0,4150.0,4150.0,4150.0,970.0
2024-12-09,4150.0,4175.0,4150.0,4150.0,10.0
2024-12-10,4150.0,4150.0,4150.0,4150.0,131.0
2024-12-11,4110.0,4111.0,4110.0,4110.0,132.0
2024-12-12,4103.0,4103.0,4100.0,4100.0,201.0
2024-12-13,4150.0,4150.0,4090.0,4090.0,254.0
2024-12-16,4090.0,4090.0,4085.0,4085.0,598.0
2024-12-17,4085.0,4150.0,4085.0,4099.0,1038.0
2024-12-18,4085.0,4085.0,4025.0,4025.0,1097.0
2024-12-19,4027.0,4090.0,4025.0,4025.0,287.0
2024-12-20,4020.0,4080.0,4010.0,4010.0,77.0
2024-12-23,4050.0,4149.0,4000.0,4149.0,1699.0
2024-12-24,4100.0,4140.0,4100.0,4140.0,169.0
2024-12-25,4100.0,4100.0,4011.0,4080.0,31.0
2024-12-26,4098.0,4100.0,4005.0,4005.0,1060.0
2024-12-27,4050.0,4092.0,4012.0,4090.0,9506.0
2024-12-30,4093.0,4093.0,4093.0,4093.0,2.0
2024-12-31,4020.0,4200.0,3900.0,4200.0,2762.0
2025-01-02,4194.0,4350.0,4192.0,4250.0,550.0
2025-01-03,4250.0,4250.0,4250.0,4250.0,683.0
2025-01-06,4250.0,4350.0,4250.0,4250.0,626.0
2025-01-07,4240.0,4240.0,4130.0,4132.0,806.0
2025-01-08,4123.0,4200.0,4036.0,4080.0,4905.0
2025-01-09,4198.0,4400.0,4100.0,4299.0,6076.0
2025-01-10,4318.0,4318.0,4153.0,4249.0,899.0
2025-01-13,4235.0,4235.0,4235.0,4235.0,210.0
2025-01-15,4201.0,4300.0,4201.0,4299.0,354.0
2025-01-16,4300.0,4375.0,4295.0,4295.0,763.0
2025-01-17,4300.0,4300.0,4299.0,4299.0,61.0
2025-01-20,4360.0,4360.0,4360.0,4360.0,10.0
2025-01-21,4360.0,4373.0,4360.0,4373.0,15.0
2025-01-22,4300.0,4370.0,4300.0,4369.0,440.0
2025-01-23,4224.0,4349.0,4224.0,4295.0,828.0
2025-01-24,4300.0,4300.0,4295.0,4295.0,852.0
2025-01-28,4295.0,4295.0,4295.0,4295.0,327.0
2025-01-29,4250.0,4325.0,4250.0,4325.0,37.0
2025-01-30,4325.0,4497.0,4241.0,4300.0,9440.0
2025-01-31,4226.0,4226.0,4226.0,4226.0,333.0
2025-02-03,4227.0,4356.0,4220.0,4295.0,370.0
2025-02-04,4295.0,4400.0,4295.0,4400.0,662.0
2025-02-05,4350.0,4350.0,4350.0,4350.0,100.0
2025-02-06,4300.0,4300.0,4220.0,4220.0,1400.0
2025-02-07,4280.0,4280.0,4220.0,4250.0,2617.0
2025-02-10,4375.0,4375.0,4375.0,4375.0,15.0
2025-02-11,4252.0,4252.0,4250.0,4250.0,297.0
2025-02-12,4250.0,4368.0,4250.0,4368.0,459.0
2025-02-13,4237.0,4300.0,4210.0,4300.0,59.0
2025-02-14,4270.0,4270.0,4270.0,4270.0,360.0
2025-02-17,4299.0,4323.0,4299.0,4323.0,652.0
2025-02-18,4270.0,4270.0,4250.0,4250.0,782.0
2025-02-19,4250.0,4252.0,4200.0,4200.0,10883.0
2025-02-20,4200.0,4324.0,4200.0,4324.0,45.0
2025-02-21,4212.0,4212.0,3900.0,3900.0,1825.0
2025-02-24,4230.0,4230.0,4102.0,4199.0,346.0
2025-02-25,4199.0,4200.0,4100.0,4200.0,44.0
2025-02-26,4199.0,4199.0,4133.0,4133.0,258.0
2025-02-27,4199.0,4200.0,4050.0,4200.0,936.0
2025-02-28,4125.0,4150.0,4050.0,4099.0,4474.0
2025-03-03,4071.0,4100.0,4050.0,4100.0,1564.0
2025-03-04,4100.0,4100.0,4020.0,4020.0,1000.0
2025-03-05,4025.0,4025.0,4020.0,4020.0,77.0
2025-03-06,4020.0,4020.0,4020.0,4020.0,7.0
2025-03-07,4000.0,4002.0,4000.0,4000.0,1093.0
2025-03-11,4002.0,4010.0,4000.0,4010.0,512.0
2025-03-12,4000.0,4000.0,3950.0,3950.0,349.0
2025-03-13,3952.0,4000.0,3950.0,3950.0,2842.0
2025-03-14,3951.0,4117.0,3930.0,3930.0,12463.0
2025-03-17,3955.0,4100.0,3930.0,4100.0,334.0
2025-03-18,4088.0,4200.0,3952.0,4200.0,896.0
2025-03-19,3970.0,4400.0,3970.0,4400.0,900.0
2025-03-20,4398.0,4500.0,4107.0,4449.0,2024.0
2025-03-21,4449.0,4500.0,4430.0,4450.0,2529.0
2025-03-24,4450.0,4650.0,4430.0,4450.0,2178.0
2025-03-25,4580.0,4580.0,4580.0,4580.0,100.0
2025-03-26,4529.0,4529.0,4529.0,4529.0,635.0
2025-03-27,4500.0,4500.0,4500.0,4500.0,1114.0
2025-03-28,4371.0,4429.0,4371.0,4429.0,2972.0
2025-04-02,4300.0,4550.0,4240.0,4540.0,261.0
2025-04-03,4452.0,4540.0,4200.0,4200.0,2599.0
2025-04-04,4150.0,4388.0,4150.0,4150.0,20626.0
2025-04-07,4150.0,4200.0,4060.0,4200.0,447.0
2025-04-08,4001.0,4200.0,4001.0,4200.0,888.0
2025-04-09,4014.0,4179.0,4000.0,4000.0,1092.0
2025-04-10,4299.0,4299.0,4100.0,4100.0,568.0
2025-04-11,4100.0,4150.0,4000.0,4000.0,4842.0
2025-04-14,4172.0,4172.0,4000.0,4070.0,781.0
2025-04-15,4150.0,4150.0,4075.0,4075.0,359.0
2025-04-16,4121.0,4180.0,4121.0,4180.0,58.0
2025-04-17,4199.0,4199.0,4180.0,4180.0,386.0
2025-04-18,4060.0,4200.0,4003.0,4200.0,5103.0
2025-04-21,4200.0,4270.0,4200.0,4200.0,530.0
2025-04-22,4190.0,4190.0,4189.0,4190.0,3128.0
2025-04-23,4190.0,4190.0,4140.0,4140.0,26901.0
2025-04-24,4160.0,4170.0,4150.0,4150.0,21669.0
2025-04-25,4160.0,4200.0,4150.0,4167.0,27005.0
2025-04-28,4200.0,4298.0,4200.0,4297.0,3356.0
2025-04-29,4296.0,4350.0,4250.0,4250.0,794.0
2025-04-30,4299.0,4300.0,4298.0,4298.0,2465.0
2025-05-02,4300.0,4346.0,4250.0,4300.0,247.0
2025-05-05,4251.0,4300.0,4251.0,4300.0,11.0
2025-05-06,4601.0,4729.0,4578.0,4578.0,16652.0
2025-05-07,4600.0,4648.0,4580.0,4600.0,6139.0
2025-05-08,4600.0,4645.0,4530.0,4600.0,12016.0
2025-05-09,4601.0,4800.0,4601.0,4729.0,8851.0
2025-05-12,4879.0,4880.0,4740.0,4800.0,188.0
2025-05-13,4800.0,4800.0,4799.0,4800.0,6097.0
2025-05-14,4736.0,4800.0,4699.0,4699.0,17227.0
2025-05-15,4700.0,4700.0,4620.0,4700.0,2838.0
2025-05-16,4700.0,4769.0,4640.0,4680.0,3670.0
2025-05-19,4651.0,4651.0,4635.0,4635.0,59.0
2025-05-20,4550.0,4680.0,4550.0,4680.0,133.0
2025-05-21,4700.0,4847.0,4679.0,4679.0,892.0
2025-05-22,4679.0,4728.0,4620.0,4728.0,1018.0
2025-05-23,4700.0,4736.0,4669.0,4669.0,1228.0
2025-05-26,4620.0,4670.0,4620.0,4670.0,21.0
2025-05-27,4680.0,4680.0,4620.0,4649.0,2908.0
2025-05-28,4620.0,4666.0,4450.0,4666.0,130.0
2025-05-29,4650.0,4650.0,4551.0,4551.0,7482.0
2025-05-30,4551.0,4648.0,4500.0,4500.0,4699.0
2025-06-02,4599.0,4599.0,4455.0,4598.0,26.0
2025-06-03,4597.0,4597.0,4501.0,4501.0,1358.0
2025-06-04,4455.0,4670.0,4450.0,4500.0,615.0
2025-06-05,4501.0,4793.0,4500.0,4589.0,4358.0
2025-06-06,4580.0,4580.0,4550.0,4550.0,1014.0
2025-06-10,4570.0,4570.0,4530.0,4530.0,15683.0
2025-06-11,4513.0,4580.0,4513.0,4580.0,10842.0
2025-06-12,4580.0,4580.0,4516.0,4516.0,167.0
2025-06-13,4580.0,4580.0,4500.0,4500.0,161.0
2025-06-16,4423.0,4470.0,4423.0,4450.0,1776.0
2025-06-17,4430.0,4450.0,4422.0,4447.0,238.0
2025-06-18,4422.0,4422.0,4235.0,4235.0,4283.0
2025-06-19,4160.0,4235.0,4150.0,4200.0,1771.0
2025-06-20,4380.0,4530.0,4250.0,4250.0,1743.0
2025-06-23,4400.0,4400.0,4250.0,4250.0,1635.0
2025-06-24,4515.0,4640.0,4266.0,4299.0,5441.0
2025-06-25,4498.0,4498.0,4300.0,4447.0,981.0
2025-06-26,4475.0,4790.0,4450.0,4790.0,4178.0
2025-06-30,4500.0,4779.0,4400.0,4400.0,6442.0
2025-07-01,4450.0,4450.0,4450.0,4450.0,235.0
2025-07-02,4362.0,4599.0,4362.0,4599.0,129.0
2025-07-03,4598.0,4600.0,4470.0,4470.0,342.0
2025-07-04,4450.0,4450.0,4448.0,4448.0,1116.0
2025-07-07,4450.0,4500.0,4450.0,4500.0,579.0
2025-07-08,4500.0,4600.0,4500.0,4600.0,53.0
2025-07-09,4590.0,4694.0,4590.0,4694.0,257.0
2025-07-10,4690.0,4690.0,4600.0,4685.0,4167.0
2025-07-11,4685.0,4685.0,4598.0,4598.0,613.0
2025-07-14,4600.0,4750.0,4600.0,4700.0,26778.0
2025-07-15,4700.0,5000.0,4700.0,4920.0,45728.0
2025-07-16,4995.0,4995.0,4852.0,4979.0,301.0
2025-07-17,4852.0,4990.0,4852.0,4959.0,7560.0
2025-07-18,4900.0,4900.0,4780.0,4780.0,4738.0
2025-07-21,4726.0,4750.0,4702.0,4750.0,41.0
2025-07-22,4890.0,4890.0,4810.0,4810.0,1501.0
2025-07-23,4785.0,4850.0,4785.0,4850.0,4.0
2025-07-24,4752.0,4810.0,4751.0,4800.0,1115.0
2025-07-25,4800.0,4800.0,4797.0,4797.0,538.0
2025-07-29,4797.0,4799.0,4755.0,4799.0,57.0
2025-07-31,4798.0,4798.0,4704.0,4788.0,115.0
2025-08-01,4710.0,4787.0,4710.0,4786.0,208.0
2025-08-04,4785.0,4785.0,4785.0,4785.0,5.0
2025-08-05,4780.0,4780.0,4643.0,4660.0,1006.0
2025-08-06,4660.0,4700.0,4600.0,4700.0,3128.0
2025-08-07,4750.0,4750.0,4680.0,4680.0,58.0
2025-08-08,4759.0,4799.0,4700.0,4748.0,6399.0
2025-08-11,4798.0,4800.0,4760.0,4799.0,2383.0
2025-08-12,4800.0,4849.0,4800.0,4840.0,727.0
2025-08-13,4802.0,5000.0,4802.0,4949.0,1509.0
2025-08-15,4872.0,5000.0,4850.0,4945.0,1158.0
2025-08-18,4998.0,5000.0,4860.0,4945.0,113.0
2025-08-19,4995.0,4995.0,4945.0,4986.0,641.0
2025-08-22,4986.0,4990.0,4986.0,4990.0,1595.0
2025-08-25,4841.0,5080.0,4841.0,5000.0,19063.0
2025-08-26,5000.0,5080.0,4999.0,4999.0,7982.0
2025-08-27,5075.0,5075.0,4990.0,5000.0,1076.0
2025-08-28,5000.0,5000.0,5000.0,5000.0,1.0
2025-08-29,5000.0,5000.0,4903.0,4903.0,18.0
2025-09-01,4905.0,4950.0,4760.0,4950.0,264.0
2025-09-02,4939.0,4939.0,4900.0,4900.0,26.0
2025-09-03,4810.0,4919.0,4810.0,4900.0,29.0
2025-09-04,4849.0,4849.0,4849.0,4849.0,160.0
2025-09-08,4860.0,4900.0,4830.0,4900.0,113.0
2025-09-09,4880.0,4880.0,4801.0,4850.0,591.0
2025-09-10,4900.0,4900.0,4900.0,4900.0,5.0
2025-09-11,4802.0,4924.0,4802.0,4890.0,12.0
2025-09-12,4804.0,4860.0,4800.0,4800.0,254.0
2025-09-15,4767.0,4767.0,4720.0,4720.0,21.0
2025-09-16,4722.0,4924.0,4720.0,4799.0,147.0
2025-09-17,4710.0,4800.0,4700.0,4720.0,617.0
2025-09-18,4799.0,4800.0,4794.0,4794.0,4072.0
2025-09-19,4900.0,4900.0,4900.0,4900.0,1250.0
2025-09-22,4900.0,5000.0,4900.0,4949.0,320.0
2025-09-23,4850.0,4890.0,4849.0,4849.0,436.0
2025-09-24,4800.0,4800.0,4761.0,4779.0,2822.0
2025-09-25,4800.0,4800.0,4800.0,4800.0,2030.0
2025-09-26,4900.0,4900.0,4900.0,4900.0,4010.0
2025-09-29,4770.0,4770.0,4770.0,4770.0,14.0
2025-09-30,4770.0,4770.0,4610.0,4653.0,9888.0
2025-10-01,4650.0,4650.0,4300.0,4569.0,3287.0
2025-10-02,4569.0,4699.0,4569.0,4600.0,2594.0
2025-10-03,4700.0,4700.0,4550.0,4599.0,5381.0
2025-10-06,4786.0,4786.0,4650.0,4700.0,364.0
2025-10-07,4650.0,4700.0,4650.0,4700.0,1277.0
2025-10-08,4700.0,4750.0,4520.0,4750.0,584.0
2025-10-09,4600.0,4600.0,4600.0,4600.0,1218.0
2025-10-10,4600.0,4600.0,4600.0,4600.0,1117.0
2025-10-13,4545.0,4600.0,4545.0,4600.0,29.0
2025-10-14,4550.0,4550.0,4550.0,4550.0,30.0
2025-10-15,4538.0,4550.0,4511.0,4540.0,2480.0
2025-10-16,4530.0,4750.0,4500.0,4750.0,5062.0
2025-10-17,4550.0,4765.0,4550.0,4690.0,1660.0
2025-10-20,4690.0,4690.0,4690.0,4690.0,2.0
2025-10-21,4764.0,4800.0,4750.0,4750.0,370.0
2025-10-22,4611.0,4750.0,4610.0,4698.0,432.0
2025-10-23,4698.0,4698.0,4698.0,4698.0,372.0
2025-10-24,4621.0,4698.0,4621.0,4690.0,564.0
2025-10-28,4699.0,4700.0,4600.0,4600.0,3313.0
2025-10-29,4600.0,4699.0,4560.0,4697.0,200.0
2025-10-30,4576.0,4650.0,4575.0,4650.0,205.0
2025-10-31,4600.0,4740.0,4600.0,4650.0,2653.0
2025-11-03,4700.0,4700.0,4602.0,4690.0,60.0
2025-11-04,4687.0,4687.0,4687.0,4687.0,26.0
2025-11-05,4611.0,4611.0,4562.0,4589.0,396.0
2025-11-07,4698.0,4698.0,4562.0,4696.0,19.0
2025-11-10,4566.0,4670.0,4566.0,4649.0,61.0
2025-11-11,4580.0,4660.0,4575.0,4660.0,562.0
2025-11-12,4562.0,4650.0,4562.0,4599.0,13.0
2025-11-13,4562.0,4623.0,4562.0,4623.0,81.0
2025-11-14,4623.0,4623.0,4599.0,4599.0,4561.0
2025-11-17,4599.0,4600.0,4563.0,4563.0,1253.0
2025-11-19,4630.0,4630.0,4525.0,4560.0,59.0
2025-11-20,4531.0,4532.0,4530.0,4530.0,25.0
2025-11-21,4530.0,4530.0,4500.0,4500.0,1519.0
2025-11-24,4452.0,4480.0,4326.0,4326.0,1820.0
2025-11-25,4400.0,4479.0,4300.0,4400.0,1199.0
2025-11-26,4400.0,4598.0,4400.0,4598.0,660.0
2025-11-27,4480.0,4589.0,4480.0,4500.0,5272.0
2025-11-28,4500.0,4500.0,4486.0,4490.0,254.0
2025-12-01,4305.0,4645.0,4305.0,4645.0,136.0
2025-12-02,4645.0,4650.0,4645.0,4650.0,42.0
2025-12-03,4645.0,4650.0,4579.0,4579.0,590.0
2025-12-04,4579.0,4579.0,4579.0,4579.0,51.0
2025-12-05,4700.0,4700.0,4700.0,4700.0,700.0
2025-12-08,4700.0,4700.0,4600.0,4680.0,163.0
2025-12-09,4551.0,4699.0,4551.0,4699.0,847.0
2025-12-10,4600.0,4600.0,4235.0,4600.0,474.0
2025-12-11,4699.0,4720.0,4600.0,4600.0,150.0
2025-12-12,4500.0,4550.0,4350.0,4550.0,3546.0
2025-12-15,4549.0,4700.0,4500.0,4700.0,271.0
2025-12-16,4600.0,4600.0,4560.0,4560.0,653.0
2025-12-17,4560.0,4690.0,4560.0,4690.0,719.0
2025-12-18,4685.0,4698.0,4560.0,4698.0,1776.0
2025-12-19,4695.0,4695.0,4680.0,4690.0,2722.0
2025-12-22,4573.0,4685.0,4509.0,4640.0,326.0
2025-12-23,4509.0,4680.0,4501.0,4680.0,1438.0
2025-12-24,4685.0,4685.0,4450.0,4450.0,1402.0
2025-12-25,4583.0,4638.0,4500.0,4638.0,4003.0
2025-12-26,4501.0,4501.0,4449.0,4449.0,7879.0
2025-12-29,4530.0,4570.0,4440.0,4450.0,1210.0
2025-12-30,4451.0,4570.0,4263.0,4570.0,472.0
2025-12-31,4434.0,4600.0,4330.0,4600.0,5269.0
2026-01-02,4390.0,4650.0,4390.0,4650.0,1164.0
2026-01-05,4678.0,4680.0,4650.0,4650.0,101.0
2026-01-06,4650.0,4650.0,4640.0,4640.0,102.0
2026-01-07,4660.0,4680.0,4600.0,4676.0,75.0
2026-01-08,4510.0,4680.0,4510.0,4680.0,74.0
2026-01-09,4650.0,4650.0,4640.0,4640.0,3091.0
2026-01-12,4649.0,4650.0,4551.0,4650.0,739.0
2026-01-13,4536.0,4550.0,4350.0,4450.0,933.0
2026-01-15,4535.0,4535.0,4535.0,4535.0,9.0
2026-01-16,4400.0,4537.0,4400.0,4500.0,313.0
2026-01-19,4548.0,4548.0,4400.0,4400.0,991.0
2026-01-20,4400.0,4401.0,4400.0,4400.0,3213.0
2026-01-21,4400.0,4400.0,4302.0,4302.0,112.0
2026-01-22,4449.0,4449.0,4280.0,4280.0,4111.0
2026-01-23,4441.0,4441.0,4296.0,4440.0,1671.0
2026-01-26,4305.0,4350.0,4300.0,4350.0,327.0
2026-01-27,4351.0,4351.0,4299.0,4299.0,14.0
2026-01-28,4310.0,4459.0,4291.0,4459.0,2359.0
2026-01-29,4446.0,4446.0,4300.0,4300.0,4196.0
2026-01-30,4321.0,4399.0,4231.0,4231.0,401.0
2026-02-02,4245.0,4320.0,4245.0,4298.0,33016.0
2026-02-03,4252.0,4299.0,4252.0,4299.0,96.0
2026-02-04,4300.0,4395.0,4211.0,4211.0,616.0
2026-02-05,4299.0,4299.0,4285.0,4285.0,368.0
2026-02-06,4236.0,4290.0,4232.0,4280.0,649.0
2026-02-09,4288.0,4289.0,4212.0,4278.0,181.0
2026-02-10,4290.0,4290.0,4290.0,4290.0,12.0
2026-02-11,4295.0,4295.0,4295.0,4295.0,2.0
2026-02-12,4290.0,4300.0,4200.0,4300.0,1162.0
2026-02-13,4299.0,4299.0,4195.0,4195.0,1063.0
2026-02-16,4195.0,4200.0,4105.0,4190.0,2413.0
2026-02-17,4200.0,4200.0,4130.0,4200.0,57.0
2026-02-18,4160.0,4160.0,4150.0,4150.0,1524.0
2026-02-19,4159.0,4159.0,4115.0,4115.0,51.0
2026-02-20,4120.0,4140.0,4000.0,4000.0,3010.0
2026-02-23,4100.0,4130.0,4010.0,4130.0,89.0
2026-02-24,4130.0,4130.0,4050.0,4050.0,1772.0
2026-02-25,4195.0,4195.0,4040.0,4040.0,276.0
2026-02-26,4051.0,4051.0,4049.0,4049.0,17.0
2026-02-27,4049.0,4049.0,3949.0,3949.0,1022.0
2026-03-02,4000.0,4000.0,3890.0,3914.0,3000.0
2026-03-03,3900.0,3900.0,3740.0,3800.0,6102.0
2026-03-04,3799.0,3800.0,3750.0,3750.0,764.0
2026-03-05,3900.0,3900.0,3870.0,3900.0,1324.0
2026-03-06,3975.0,3975.0,3750.0,3750.0,11802.0
2026-03-09,3800.0,3800.0,3750.0,3750.0,36.0
2026-03-10,3900.0,3900.0,3750.0,3750.0,4634.0
2026-03-11,3860.0,3860.0,3750.0,3800.0,344.0
2026-03-12,3800.0,3800.0,3780.0,3780.0,785.0
2026-03-13,3800.0,3800.0,3600.0,3600.0,2017.0
2026-03-16,3710.0,3755.0,3650.0,3700.0,338.0
2026-03-17,3748.0,3900.0,3748.0,3797.0,505.0
2026-03-18,3799.0,3800.0,3780.0,3785.0,3417.0
2026-03-19,3799.0,4100.0,3785.0,4100.0,3149.0
2026-03-24,4089.0,4089.0,3900.0,3950.0,1614.0
2026-03-25,3999.0,4100.0,3999.0,4087.0,334.0
2026-03-26,4086.0,4100.0,4000.0,4100.0,1504.0
2026-03-27,4099.0,4099.0,3950.0,3950.0,1938.0
