Time,Open,High,Low,Close,Volume
2012-03-27,106.9,107.0,106.8,106.9,690.0
2012-03-29,105.5,105.55,105.5,105.5,151.0
2012-03-30,106.5,107.5,105.8,106.5,6065.0
2012-04-02,108.0,108.0,107.0,108.0,66805.0
2012-04-03,108.0,108.0,108.0,108.0,1405.0
2012-04-04,108.0,108.0,108.0,108.0,1325.0
2012-04-05,108.0,108.0,108.0,108.0,75.0
2012-04-06,108.0,108.0,107.95,108.0,3468.0
2012-04-09,108.0,108.0,108.0,108.0,500.0
2012-04-13,108.0,108.0,108.0,108.0,600.0
2012-04-16,108.0,111.0,107.5,108.0,101.0
2012-04-17,108.0,108.0,108.0,108.0,750.0
2012-04-18,111.9,111.9,111.9,111.9,6.0
2012-04-19,110.0,110.0,110.0,110.0,10.0
2012-04-20,108.0,108.0,108.0,108.0,397.0
2012-04-25,108.0,108.0,108.0,108.0,1.0
2012-04-27,108.0,108.0,108.0,108.0,1011.0
2012-05-02,108.0,108.0,108.0,108.0,25.0
2012-05-03,108.0,108.0,108.0,108.0,80.0
2012-05-07,108.0,109.0,108.0,108.0,11.0
2012-05-09,108.0,108.0,108.0,108.0,77.0
2012-05-11,108.0,109.0,108.0,108.0,1078.0
2012-05-14,108.95,108.95,108.0,108.95,9.0
2012-05-16,108.0,108.0,108.0,108.0,1012.0
2012-05-17,108.0,108.0,108.0,108.0,9.0
2012-05-18,108.0,108.0,108.0,108.0,4550.0
2012-05-21,108.0,108.0,108.0,108.0,150.0
2012-05-22,108.0,108.0,108.0,108.0,260.0
2012-05-23,108.75,108.8,108.75,108.75,15.0
2012-05-24,108.8,108.8,108.0,108.8,10.0
2012-05-25,108.0,108.0,108.0,108.0,2.0
2012-05-28,108.8,108.8,108.8,108.8,1.0
2012-05-29,108.0,108.0,108.0,108.0,40.0
2012-05-30,108.0,108.2,108.0,108.0,840.0
2012-06-01,108.0,108.2,108.0,108.0,508.0
2012-06-04,108.0,108.0,108.0,108.0,1963.0
2012-06-05,108.0,109.0,108.0,108.0,2729.0
2012-06-06,110.0,110.0,110.0,110.0,20.0
2012-06-12,108.95,109.0,108.0,108.95,267.0
2012-06-13,108.0,108.0,108.0,108.0,1990.0
2012-06-22,108.0,114.45,108.0,108.0,2054.0
2012-06-25,108.0,108.0,106.0,108.0,1061.0
2012-06-26,106.0,106.0,106.0,106.0,4.0
2012-06-28,108.0,108.0,106.0,108.0,2568.0
2012-06-29,109.0,109.0,107.95,109.0,6234.0
2012-07-04,109.0,109.0,108.0,109.0,41.0
2012-07-06,108.0,108.0,108.0,108.0,7.0
2012-07-11,108.0,108.0,108.0,108.0,1910.0
2012-07-13,108.0,108.0,108.0,108.0,1.0
2012-07-18,108.0,108.2,108.0,108.0,3001.0
2012-07-19,108.0,108.0,108.0,108.0,3000.0
2012-07-20,108.0,110.0,108.0,108.0,7081.0
2012-07-24,108.0,108.0,101.55,108.0,290.0
2012-07-25,108.0,108.0,108.0,108.0,3000.0
2012-07-26,107.0,107.0,107.0,107.0,50.0
2012-08-03,107.0,107.0,107.0,107.0,2970.0
2012-08-15,108.0,108.0,108.0,108.0,25.0
2012-08-22,107.95,107.95,107.0,107.95,167.0
2012-08-23,107.95,107.95,107.95,107.95,187.0
2012-08-29,107.0,107.0,107.0,107.0,1.0
2012-08-30,107.8,107.8,107.8,107.8,44.0
2012-08-31,107.0,107.0,103.0,107.0,1932.0
2012-09-03,107.0,107.0,107.0,107.0,200.0
2012-09-04,107.0,107.5,107.0,107.0,1175.0
2012-09-06,107.5,107.5,107.5,107.5,10.0
2012-09-07,107.0,107.5,107.0,107.0,3888.0
2012-09-11,107.5,107.5,107.5,107.5,4.0
2012-09-13,107.0,107.0,107.0,107.0,5.0
2012-09-14,107.0,107.0,107.0,107.0,1328.0
2012-09-18,107.0,107.5,107.0,107.0,293.0
2012-09-20,107.0,107.0,107.0,107.0,5.0
2012-09-21,107.0,107.2,107.0,107.0,11351.0
2012-09-25,106.0,106.0,106.0,106.0,1.0
2012-10-01,107.5,107.5,107.5,107.5,25.0
2012-10-03,106.0,106.0,106.0,106.0,499.0
2012-10-05,104.0,104.0,104.0,104.0,451.0
2012-10-11,104.0,104.0,104.0,104.0,13.0
2012-10-12,104.0,104.0,104.0,104.0,44.0
2012-10-16,104.15,104.15,104.15,104.15,590.0
2012-10-17,104.15,104.15,104.15,104.15,502.0
2012-10-18,104.15,104.15,104.15,104.15,18.0
2012-10-19,104.15,104.15,104.15,104.15,985.0
2012-10-22,104.15,104.15,104.15,104.15,455.0
2012-10-23,104.15,104.15,104.15,104.15,300.0
2012-10-25,104.15,107.0,104.15,104.15,548.0
2012-10-29,104.15,107.0,104.15,104.15,11.0
2012-10-31,104.15,104.15,104.15,104.15,14.0
2012-11-07,104.15,104.15,104.15,104.15,20.0
2012-11-08,104.2,104.2,104.2,104.2,50.0
2012-11-09,107.0,107.0,107.0,107.0,49100.0
2012-11-14,104.15,104.5,104.15,104.15,4500.0
2012-11-15,104.15,104.15,104.15,104.15,9.0
2012-11-21,104.0,104.15,104.0,104.0,2000.0
2012-11-22,104.0,106.0,104.0,104.0,560.0
2012-11-28,104.0,104.0,104.0,104.0,40.0
2012-12-03,106.0,106.0,106.0,106.0,4.0
2012-12-04,104.0,104.0,104.0,104.0,1.0
2012-12-07,104.0,104.0,104.0,104.0,25.0
2012-12-10,104.0,104.0,104.0,104.0,15.0
2012-12-13,104.0,104.0,104.0,104.0,8790.0
2012-12-14,104.0,104.0,104.0,104.0,3000.0
2012-12-21,104.0,104.0,97.760002,104.0,5055.0
2012-12-24,104.0,104.0,102.0,104.0,11500.0
2012-12-25,102.0,102.0,102.0,102.0,2500.0
2012-12-28,100.0,104.0,100.0,100.0,30001.0
2012-12-31,103.0,103.0,103.0,103.0,69100.0
2013-01-02,103.6,103.6,103.6,103.6,49100.0
2013-01-03,100.0,100.0,100.0,100.0,4.0
2013-01-14,100.0,100.0,100.0,100.0,36.0
2013-01-15,104.0,104.0,100.0,104.0,50100.0
2013-01-17,104.0,104.0,100.15,104.0,130.0
2013-01-23,102.0,104.0,102.0,102.0,2365.0
2013-01-28,102.0,102.0,102.0,102.0,50.0
2013-01-30,104.0,104.0,104.0,104.0,100.0
2013-02-01,102.0,104.2,102.0,102.0,7513.0
2013-02-05,104.0,104.0,104.0,104.0,49100.0
2013-02-08,104.0,104.0,102.0,104.0,341.0
2013-02-15,102.0,102.0,102.0,102.0,880.0
2013-02-22,102.0,102.0,102.0,102.0,817.0
2013-02-28,102.0,102.0,102.0,102.0,700.0
2013-03-01,102.0,102.0,102.0,102.0,492.0
2013-03-04,102.0,102.0,102.0,102.0,3000.0
2013-03-08,102.0,102.0,102.0,102.0,700.0
2013-03-11,103.5,103.5,103.5,103.5,30.0
2013-03-14,100.1,103.45,100.1,102.0,795.0
2013-03-15,100.1,103.5,100.1,102.0,4632.0
2013-03-18,102.0,102.0,102.0,102.0,5005.0
2013-03-19,100.1,103.45,100.1,102.0,4007.0
2013-03-21,102.0,102.0,102.0,102.0,8050.0
2013-03-22,102.0,102.0,102.0,102.0,10100.0
2013-03-25,100.1,102.0,100.1,102.0,3502.0
2013-03-26,102.0,102.0,102.0,102.0,4205.0
2013-03-27,100.1,102.0,100.1,102.0,3302.0
2013-03-28,102.0,102.0,102.0,102.0,2000.0
2013-03-29,102.0,102.0,102.0,102.0,8798.0
2013-04-03,100.65,102.0,100.65,102.0,102.0
2013-04-05,100.7,101.9,100.7,101.9,302.0
2013-04-08,102.0,102.0,102.0,102.0,10.0
2013-04-09,102.0,102.0,102.0,102.0,500.0
2013-04-11,100.7,102.0,100.0,102.0,600.0
2013-04-16,102.0,102.0,102.0,102.0,1000.0
2013-04-19,100.35,102.0,100.35,102.0,102.0
2013-04-23,102.0,102.0,102.0,102.0,10.0
2013-04-29,102.0,102.0,102.0,102.0,1.0
2013-05-09,102.0,102.0,102.0,102.0,5.0
2013-05-10,100.8,100.8,100.8,100.8,10.0
2013-05-13,102.0,102.0,102.0,102.0,100.0
2013-05-21,102.0,102.0,102.0,102.0,5.0
2013-05-22,101.0,102.0,101.0,102.0,602.0
2013-05-23,100.7,102.0,100.0,102.0,710.0
2013-05-27,100.05,102.0,100.05,102.0,494.0
2013-06-07,102.0,102.0,102.0,102.0,1000.0
2013-06-14,100.5,100.5,100.5,100.5,1930.0
2013-06-19,101.0,101.0,101.0,101.0,2800.0
2013-06-25,101.0,101.95,101.0,101.95,337.0
2013-06-26,100.15,100.15,100.0,100.0,9454.0
2013-06-28,100.0,100.0,100.0,100.0,1.0
2013-07-04,100.0,100.0,100.0,100.0,50.0
2013-07-05,100.0,100.0,100.0,100.0,1030.0
2013-07-08,101.5,101.5,100.0,100.0,180.0
2013-07-09,100.0,100.0,100.0,100.0,85.0
2013-07-18,100.0,100.0,100.0,100.0,2500.0
2013-07-19,100.0,100.0,100.0,100.0,1000.0
2013-07-25,100.0,100.05,100.0,100.05,4201.0
2013-07-26,100.05,100.05,100.05,100.05,775.0
2013-07-29,100.0,100.0,100.0,100.0,50.0
2013-08-02,100.05,100.05,100.05,100.05,5060.0
2013-08-12,100.15,100.15,100.15,100.15,25.0
2013-08-16,100.0,100.0,100.0,100.0,5000.0
2013-08-22,100.1,100.1,100.1,100.1,1370.0
2013-08-26,100.15,100.15,100.15,100.15,224.0
2013-08-29,100.15,100.15,100.15,100.15,1000.0
2013-09-04,100.5,100.5,100.5,100.5,5000.0
2013-09-12,102.0,102.0,102.0,102.0,5.0
2013-09-17,100.0,101.95,100.0,101.95,2006.0
2013-09-19,100.0,100.0,100.0,100.0,5951.0
2013-10-02,101.95,101.95,101.95,101.95,40.0
2013-10-07,100.0,100.0,100.0,100.0,5050.0
2013-10-08,100.0,100.0,100.0,100.0,1645.0
2013-10-09,100.0,100.0,100.0,100.0,7754.0
2013-10-10,100.0,100.0,100.0,100.0,6000.0
2013-10-21,100.0,100.0,100.0,100.0,202.0
2013-10-23,100.0,100.0,100.0,100.0,280.0
2013-10-24,100.0,100.0,100.0,100.0,100.0
2013-10-25,100.0,100.0,100.0,100.0,4207.0
2013-10-28,100.0,100.0,100.0,100.0,198.0
2013-10-29,100.0,100.0,100.0,100.0,225.0
2013-11-08,102.5,102.5,102.5,102.5,50.0
2013-11-11,100.0,103.0,100.0,103.0,290.0
2013-11-13,103.0,103.0,103.0,103.0,151.0
2013-11-14,105.0,105.0,105.0,105.0,10.0
2013-11-15,100.0,100.0,100.0,100.0,1000.0
2013-11-19,100.0,100.0,100.0,100.0,1055.0
2013-11-20,100.0,100.0,100.0,100.0,2945.0
2013-11-21,101.95,102.0,101.95,102.0,330.0
2013-11-22,102.0,102.0,102.0,102.0,500.0
2013-11-28,101.0,101.0,101.0,101.0,5000.0
2013-11-29,102.0,104.0,102.0,104.0,5067.0
2013-12-02,105.0,105.0,105.0,105.0,660.0
2013-12-03,105.0,105.0,105.0,105.0,506.0
2013-12-04,105.0,105.0,105.0,105.0,15.0
2013-12-05,105.0,105.0,105.0,105.0,17230.0
2013-12-06,103.0,103.0,103.0,103.0,300.0
2013-12-09,105.0,105.0,105.0,105.0,55.0
2013-12-12,104.9,104.9,104.9,104.9,25.0
2013-12-20,105.0,105.0,105.0,105.0,61.0
2013-12-23,104.0,104.0,104.0,104.0,7.0
2013-12-25,104.0,104.0,104.0,104.0,66.0
2013-12-27,103.9,103.9,103.9,103.9,6.0
2013-12-31,104.0,104.0,104.0,104.0,500.0
2014-01-08,104.0,104.0,104.0,104.0,3010.0
2014-01-09,105.0,105.0,105.0,105.0,20.0
2014-01-10,105.0,105.0,105.0,105.0,55.0
2014-01-16,105.0,105.0,105.0,105.0,50.0
2014-01-17,105.0,108.0,105.0,108.0,185.0
2014-01-21,110.0,110.0,110.0,110.0,16.0
2014-01-24,110.0,110.0,110.0,110.0,10.0
2014-01-28,105.0,109.0,105.0,109.0,2.0
2014-01-29,105.0,105.0,105.0,105.0,1401.0
2014-01-31,109.0,109.0,104.0,104.0,19.0
2014-02-03,102.0,102.15,102.0,102.0,103.0
2014-02-04,103.0,103.0,103.0,103.0,80.0
2014-02-05,109.0,109.0,109.0,109.0,60.0
2014-02-07,103.0,105.0,103.0,105.0,280.0
2014-02-12,103.0,105.0,102.0,105.0,815.0
2014-02-13,102.0,105.0,102.0,105.0,35.0
2014-02-14,102.5,104.9,102.5,104.9,11.0
2014-02-17,104.85,104.85,102.3,102.3,92.0
2014-02-18,102.0,102.05,102.0,102.0,590.0
2014-02-19,104.9,104.9,104.9,104.9,2.0
2014-02-20,102.2,104.4,102.05,104.4,103.0
2014-02-21,102.0,104.2,102.0,104.2,264.0
2014-02-25,102.0,105.0,102.0,105.0,388.0
2014-03-07,102.1,104.0,102.1,104.0,17.0
2014-03-10,102.05,105.0,102.05,105.0,70.0
2014-03-14,105.05,106.0,105.05,106.0,1169.0
2014-03-17,107.0,107.0,103.0,103.0,100150.0
2014-03-18,108.5,108.5,108.5,108.5,95.0
2014-03-19,106.0,106.0,106.0,106.0,48.0
2014-03-20,104.0,104.0,104.0,104.0,42.0
2014-03-27,104.0,104.0,103.25,103.25,107.0
2014-03-28,104.0,104.0,104.0,104.0,439.0
2014-04-01,107.9,107.9,107.9,107.9,5.0
2014-04-02,106.2,106.2,106.2,106.2,45.0
2014-04-09,104.9,104.9,104.9,104.9,87.0
2014-04-14,103.0,103.0,103.0,103.0,7000.0
2014-04-16,109.0,109.0,109.0,109.0,2500.0
2014-04-25,108.0,108.0,103.0,103.0,100035.0
2014-04-28,108.9,108.9,108.9,108.9,1.0
2014-05-08,105.8,105.8,105.8,105.8,20.0
2014-05-09,105.0,105.0,103.0,103.0,1851.0
2014-05-12,106.9,106.9,106.9,106.9,1.0
2014-05-15,103.5,106.9,103.5,106.9,148.0
2014-05-22,100.5,103.0,100.5,100.5,51603.0
2014-05-23,102.85,102.85,102.0,102.2,203.0
2014-05-26,102.8,102.9,98.099998,102.9,300.0
2014-05-27,102.9,102.9,102.9,102.9,9.0
2014-05-28,103.0,108.9,103.0,108.9,1385.0
2014-05-29,108.85,109.0,105.4,105.5,19890.0
2014-05-30,105.5,105.5,105.5,105.5,241.0
2014-06-02,106.0,106.0,106.0,106.0,9.0
2014-06-03,109.0,109.0,109.0,109.0,1981.0
2014-06-04,109.0,109.0,109.0,109.0,92.0
2014-06-06,108.8,108.8,108.8,108.8,100.0
2014-06-09,102.3,102.3,100.5,100.5,1061181.0
2014-06-10,100.55,101.9,100.5,101.9,208155.0
2014-06-11,100.55,103.0,100.55,103.0,423509.0
2014-06-12,102.5,103.0,102.5,102.95,30036.0
2014-06-13,102.5,103.0,102.0,103.0,91845.0
2014-06-16,102.5,102.5,101.05,102.45,47307.0
2014-06-17,102.1,102.3,102.0,102.3,32516.0
2014-06-18,102.0,102.3,101.0,102.0,63712.0
2014-06-19,101.0,101.0,100.5,100.5,43447.0
2014-06-20,100.5,100.85,100.5,100.55,65484.0
2014-06-23,100.5,101.0,100.5,100.55,64743.0
2014-06-24,101.0,101.95,100.5,101.8,26428.0
2014-06-25,101.95,101.95,100.5,101.8,16000.0
2014-06-26,101.0,101.8,100.5,101.8,13066.0
2014-06-27,100.5,101.95,100.5,101.95,30934.0
2014-06-30,100.6,101.8,100.6,101.7,8709.0
2014-07-01,101.0,101.5,100.6,101.5,11151.0
2014-07-02,101.0,101.4,100.6,101.4,9554.0
2014-07-03,100.7,101.4,100.65,101.4,11966.0
2014-07-04,99.900002,99.989998,95.5,99.0,29023.0
2014-07-07,98.5,98.949997,96.5,98.949997,10247.0
2014-07-08,98.0,98.949997,97.0,98.949997,20264.0
2014-07-09,98.940002,98.940002,97.029999,98.940002,71242.0
2014-07-10,97.099998,98.0,97.099998,98.0,11115.0
2014-07-11,98.0,98.5,97.099998,98.0,16791.0
2014-07-14,98.0,98.940002,97.309998,98.940002,14488.0
2014-07-15,98.0,99.0,97.309998,98.5,9919.0
2014-07-16,97.610001,98.790001,97.449997,98.790001,23728.0
2014-07-17,98.0,99.0,97.669998,99.0,18544.0
2014-07-18,98.120003,99.0,97.839996,99.0,14785.0
2014-07-21,98.300003,99.900002,98.220001,99.900002,19762.0
2014-07-22,99.0,100.0,98.669998,100.0,20942.0
2014-07-23,100.0,100.0,99.110001,100.0,66664.0
2014-07-24,100.0,100.45,99.510002,100.45,6984.0
2014-07-25,99.5,100.95,99.5,100.95,8864.0
2014-07-31,100.0,100.9,97.900002,100.9,11697.0
2014-08-01,100.0,100.0,99.010002,99.309998,4289.0
2014-08-04,99.099998,102.0,99.099998,102.0,32270.0
2014-08-05,100.5,101.9,100.5,101.9,6976.0
2014-08-06,101.05,102.0,101.05,102.0,19014.0
2014-08-07,101.0,102.5,100.5,102.5,11683.0
2014-08-08,102.0,102.5,101.75,102.5,87482.0
2014-08-11,102.0,103.0,102.0,103.0,6133.0
2014-08-12,102.5,103.0,102.5,103.0,15094.0
2014-08-13,102.0,103.5,102.0,103.5,9711.0
2014-08-15,103.0,104.0,103.0,104.0,59057.0
2014-08-18,103.2,104.0,102.55,104.0,5039.0
2014-08-19,103.05,103.55,103.0,103.55,92516.0
2014-08-22,104.0,104.0,102.0,103.5,17848.0
2014-08-25,103.0,104.0,102.15,104.0,125994.0
2014-08-26,103.0,103.9,103.0,103.9,6500.0
2014-08-27,102.2,103.0,102.2,103.0,5999.0
2014-08-28,103.0,103.0,101.0,102.5,15168.0
2014-08-29,102.3,102.85,101.2,102.85,24494.0
2014-09-01,101.5,102.85,101.3,102.0,23813.0
2014-09-02,101.25,103.0,101.25,103.0,4225.0
2014-09-03,103.0,103.85,102.15,103.85,23978.0
2014-09-04,103.0,103.85,102.6,103.85,4043.0
2014-09-05,103.0,103.5,103.0,103.5,47952.0
2014-09-08,104.0,105.0,103.1,105.0,119551.0
2014-09-09,103.7,104.95,103.3,104.0,10002.0
2014-09-10,102.55,103.0,102.0,102.0,9017.0
2014-09-11,102.0,103.95,101.0,102.0,7170.0
2014-09-12,101.4,104.0,101.0,104.0,8159.0
2014-09-15,102.0,102.9,101.0,102.9,1220.0
2014-09-16,101.0,102.5,101.0,102.5,2855.0
2014-09-17,100.85,103.0,100.85,102.8,21953.0
2014-09-18,101.75,102.05,101.75,102.0,154383.0
2014-09-19,102.0,102.8,102.0,102.5,67312.0
2014-09-22,102.0,102.0,101.5,101.65,3033.0
2014-09-23,101.6,102.05,101.55,102.05,4323.0
2014-09-24,101.8,102.0,101.5,101.7,2597.0
2014-09-25,101.4,101.5,101.0,101.4,5129.0
2014-09-26,100.8,102.5,100.8,102.5,13074.0
2014-09-29,101.15,102.5,101.15,101.25,7003.0
2014-09-30,101.1,102.3,101.1,102.0,334088.0
2014-10-01,101.3,102.0,101.1,101.25,248381.0
2014-10-02,101.15,101.95,101.15,101.95,12908.0
2014-10-03,101.35,101.9,101.0,101.0,3698.0
2014-10-07,101.0,101.85,101.0,101.5,2375.0
2014-10-08,101.0,101.3,101.0,101.0,1516.0
2014-10-09,101.0,101.0,101.0,101.0,716.0
2014-10-10,101.0,101.0,101.0,101.0,21363.0
2014-10-13,100.8,101.1,100.8,101.1,1134.0
2014-10-14,101.05,101.1,101.05,101.05,4374.0
2014-10-15,101.05,101.5,101.0,101.5,17967.0
2014-10-16,101.2,101.2,100.8,101.2,291455.0
2014-10-17,100.8,102.0,100.8,102.0,69684.0
2014-10-20,102.0,102.0,101.2,101.2,9666.0
2014-10-21,102.0,102.3,101.5,101.5,7195.0
2014-10-22,102.0,102.0,101.0,101.0,8040.0
2014-10-23,101.0,102.0,101.0,102.0,13246.0
2014-10-24,101.4,103.0,101.4,103.0,4107.0
2014-10-27,102.0,102.25,101.2,101.2,3863.0
2014-10-28,102.0,102.0,101.5,102.0,2812.0
2014-10-29,101.5,102.6,101.5,101.6,2869.0
2014-10-30,101.35,101.5,101.1,101.5,10824.0
2014-10-31,101.35,102.95,101.35,102.95,2044.0
2014-11-03,102.95,103.0,101.5,102.0,1677.0
2014-11-04,101.9,102.0,101.7,102.0,1577.0
2014-11-05,102.0,102.5,102.0,102.0,645.0
2014-11-07,102.0,102.3,102.0,102.05,5220.0
2014-11-10,101.5,102.0,101.5,102.0,1273.0
2014-11-11,102.0,102.5,102.0,102.15,11044.0
2014-11-12,102.0,102.0,102.0,102.0,1654.0
2014-11-13,101.6,102.1,101.6,102.0,11163.0
2014-11-14,102.0,102.05,102.0,102.0,8043.0
2014-11-17,102.0,102.8,102.0,102.8,7647.0
2014-11-19,102.0,102.85,102.0,102.15,6692.0
2014-11-20,102.05,102.05,102.0,102.0,2696.0
2014-11-21,102.05,102.85,101.5,102.85,42592.0
2014-11-24,101.75,101.8,101.4,101.45,3383.0
2014-11-25,101.45,101.5,101.45,101.45,4373.0
2014-11-26,101.45,101.45,101.05,101.15,8153.0
2014-11-27,100.0,100.9,95.160004,100.9,2881.0
2014-11-28,97.5,100.2,97.199997,100.2,1273.0
2014-12-01,97.199997,99.949997,97.199997,97.720001,800.0
2014-12-02,97.849998,99.0,97.800003,99.0,1164.0
2014-12-03,97.300003,99.0,97.300003,99.0,10557.0
2014-12-04,97.800003,100.0,97.800003,100.0,27135.0
2014-12-05,98.599998,100.45,98.5,100.0,5196.0
2014-12-08,98.550003,99.5,98.5,99.5,2639.0
2014-12-09,98.209999,99.949997,98.209999,99.949997,5083.0
2014-12-10,98.199997,98.599998,98.199997,98.599998,1224.0
2014-12-11,98.5,99.0,98.5,99.0,26138.0
2014-12-12,97.0,99.0,97.0,99.0,20926.0
2014-12-15,96.199997,96.349998,96.199997,96.300003,372.0
2014-12-16,97.0,97.199997,97.0,97.099998,872.0
2014-12-17,96.550003,100.0,96.550003,100.0,112405.0
2014-12-18,100.0,100.0,96.550003,99.989998,13513.0
2014-12-19,98.0,98.0,97.720001,97.720001,17075.0
2014-12-22,98.0,98.0,96.010002,98.0,1660.0
2014-12-23,96.199997,98.0,96.050003,96.050003,5382.0
2014-12-24,96.0,98.980003,96.0,96.5,2445.0
2014-12-25,96.050003,98.980003,96.050003,98.980003,2846.0
2014-12-26,97.0,97.099998,96.110001,97.099998,6716.0
2014-12-29,96.510002,96.800003,96.510002,96.800003,285.0
2014-12-30,97.0,98.0,96.510002,98.0,1833.0
2014-12-31,96.519997,99.989998,96.519997,99.989998,6020.0
2015-01-02,97.0,97.0,96.800003,96.800003,15.0
2015-01-06,96.550003,100.0,96.550003,100.0,1075.0
2015-01-07,97.0,98.940002,96.800003,98.940002,1238.0
2015-01-08,98.940002,98.940002,97.0,97.050003,344.0
2015-01-09,97.099998,101.8,97.099998,101.8,3387.0
2015-01-12,98.120003,100.0,98.120003,99.0,349.0
2015-01-13,99.040001,101.0,99.0,99.120003,2070.0
2015-01-14,99.599998,101.0,99.0,100.9,20983.0
2015-01-15,101.2,102.0,101.2,102.0,9465.0
2015-01-16,99.0,102.0,99.0,102.0,98353.0
2015-01-19,99.5,102.0,99.5,102.0,33950.0
2015-01-20,100.1,101.9,100.1,100.65,23810.0
2015-01-21,100.7,101.85,100.7,100.85,10327.0
2015-01-22,100.8,101.0,100.8,101.0,1180.0
2015-01-23,101.1,101.8,101.1,101.8,9224.0
2015-01-26,101.2,102.0,101.2,102.0,29283.0
2015-01-27,101.1,103.0,101.1,103.0,8791.0
2015-01-28,102.6,103.0,102.05,103.0,6538.0
2015-01-29,103.0,103.0,102.0,103.0,9921.0
2015-01-30,101.95,102.0,101.95,102.0,1360.0
2015-02-02,101.5,101.5,100.7,101.0,511.0
2015-02-03,100.9,101.1,100.9,101.1,6094.0
2015-02-04,100.85,104.15,100.85,104.05,88381.0
2015-02-05,103.0,104.5,102.35,104.45,21302.0
2015-02-06,102.5,104.45,102.5,104.45,1361.0
2015-02-09,104.4,104.5,102.9,104.5,6687.0
2015-02-10,102.95,104.5,102.35,104.5,13642.0
2015-02-11,103.2,105.0,103.2,104.05,24117.0
2015-02-12,104.15,104.5,103.85,104.0,29672.0
2015-02-13,103.7,104.0,103.7,104.0,46463.0
2015-02-16,102.55,103.0,102.0,102.1,981.0
2015-02-17,102.0,103.0,102.0,102.15,51166.0
2015-02-18,102.0,103.05,102.0,103.05,1967.0
2015-02-19,102.5,106.0,102.5,106.0,23833.0
2015-02-20,104.0,107.0,104.0,107.0,7140.0
2015-02-23,105.4,107.0,105.4,105.6,9774.0
2015-02-24,105.0,105.2,105.0,105.0,1184.0
2015-02-25,105.1,105.1,104.4,104.4,42615.0
2015-02-26,104.4,106.0,104.4,104.4,137255.0
2015-02-27,103.2,105.75,103.2,105.75,10730.0
2015-03-02,105.8,105.8,104.15,105.0,1487.0
2015-03-03,105.0,105.0,104.0,104.0,3527.0
2015-03-04,105.0,105.0,104.0,104.0,6300.0
2015-03-05,105.0,105.0,103.15,104.95,935.0
2015-03-06,104.0,104.55,104.0,104.55,6079.0
2015-03-09,103.2,103.5,103.2,103.35,1512.0
2015-03-10,105.8,105.8,103.3,105.5,36271.0
2015-03-11,103.3,106.0,103.3,106.0,72010.0
2015-03-12,105.0,105.05,105.0,105.05,429.0
2015-03-13,105.0,106.5,104.75,106.0,2196.0
2015-03-16,104.0,105.0,104.0,105.0,333.0
2015-03-17,105.0,105.0,104.05,104.3,2456.0
2015-03-18,104.3,104.9,103.3,104.3,15046.0
2015-03-19,104.1,104.4,104.1,104.35,3605.0
2015-03-20,104.05,105.7,104.05,105.7,4393.0
2015-03-23,104.3,105.7,104.3,105.0,87713.0
2015-03-24,104.2,104.2,104.2,104.2,358.0
2015-03-25,104.1,105.0,104.1,105.0,14324.0
2015-03-26,104.25,104.35,104.25,104.35,1889.0
2015-03-27,104.1,105.8,104.1,105.8,6055.0
2015-03-30,104.2,105.75,104.2,105.75,408.0
2015-03-31,105.9,105.95,104.3,104.3,255.0
2015-04-01,104.1,104.15,104.1,104.1,829.0
2015-04-02,104.1,104.1,103.9,103.9,2092.0
2015-04-03,103.9,104.1,103.8,104.1,5599.0
2015-04-06,104.1,104.5,103.6,103.65,335.0
2015-04-07,103.6,104.0,103.6,104.0,1331.0
2015-04-08,104.0,104.15,104.0,104.15,2821.0
2015-04-09,104.1,104.5,104.1,104.5,1911.0
2015-04-10,104.1,105.0,104.0,104.5,48164.0
2015-04-13,104.1,105.75,103.0,105.75,7278.0
2015-04-14,104.75,104.8,104.75,104.8,2169.0
2015-04-15,104.75,105.0,104.75,105.0,4605.0
2015-04-16,104.9,106.5,104.9,106.4,38846.0
2015-04-17,105.15,106.5,105.15,106.5,20756.0
2015-04-20,105.55,106.0,105.55,105.7,3989.0
2015-04-21,105.5,106.0,105.5,106.0,5149.0
2015-04-22,106.1,106.1,106.0,106.1,3086.0
2015-04-23,106.1,106.95,106.1,106.95,9640.0
2015-04-24,106.5,107.0,106.5,107.0,3524.0
2015-04-27,106.5,106.5,106.0,106.05,892.0
2015-04-28,106.65,107.0,106.4,106.4,3632.0
2015-04-29,106.5,108.0,106.4,108.0,9425.0
2015-04-30,106.65,108.0,106.65,108.0,3646.0
2015-05-04,106.8,107.0,106.8,106.8,23467.0
2015-05-05,106.65,107.0,106.65,106.7,120219.0
2015-05-06,105.7,106.2,105.7,106.0,46111.0
2015-05-07,106.2,106.2,106.0,106.0,1044.0
2015-05-08,105.9,106.0,105.9,106.0,282.0
2015-05-11,106.0,106.0,105.0,105.0,53.0
2015-05-12,105.0,106.0,105.0,105.05,2407.0
2015-05-13,105.1,105.2,105.05,105.15,1015.0
2015-05-14,105.3,106.0,105.3,106.0,2542.0
2015-05-15,105.55,105.55,105.55,105.55,38.0
2015-05-18,105.55,106.0,105.55,106.0,4452.0
2015-05-19,106.0,106.5,106.0,106.5,1148.0
2015-05-20,106.3,106.3,106.3,106.3,115.0
2015-05-21,106.3,106.3,106.3,106.3,278.0
2015-05-22,106.5,107.5,106.5,107.5,41216.0
2015-05-25,107.05,107.05,107.05,107.05,324.0
2015-05-26,107.05,107.05,107.0,107.0,601.0
2015-05-27,106.3,106.3,106.3,106.3,100.0
2015-05-28,106.3,106.6,106.05,106.05,18973.0
2015-05-29,105.1,105.2,105.1,105.2,330.0
2015-06-01,105.35,105.35,105.3,105.3,2740.0
2015-06-02,105.4,106.3,105.4,106.0,285.0
2015-06-03,106.0,106.5,106.0,106.0,52024.0
2015-06-04,105.0,106.05,105.0,106.05,1565.0
2015-06-05,105.0,107.4,105.0,107.4,265.0
2015-06-08,105.25,105.25,105.25,105.25,169.0
2015-06-09,105.6,107.45,105.6,107.45,83861.0
2015-06-10,107.45,109.8,107.45,109.8,1200.0
2015-06-11,109.65,109.65,107.0,109.5,1425.0
2015-06-12,106.6,109.5,106.6,109.5,4170.0
2015-06-15,106.2,109.95,106.2,106.85,1230.0
2015-06-16,107.0,107.0,107.0,107.0,1216.0
2015-06-17,106.6,106.7,106.6,106.7,1665.0
2015-06-18,107.05,108.9,107.0,108.85,4841.0
2015-06-19,107.5,109.0,107.1,108.9,950.0
2015-06-22,107.15,108.9,107.15,107.5,5801.0
2015-06-23,107.5,107.5,107.05,107.05,1325.0
2015-06-24,107.2,107.2,106.05,106.25,252.0
2015-06-25,101.05,106.0,101.05,101.25,1453.0
2015-06-26,101.55,103.0,101.5,103.0,2700.0
2015-06-29,104.5,104.5,102.5,102.5,361.0
2015-06-30,101.8,104.3,101.8,104.3,2850.0
2015-07-01,102.0,104.45,102.0,104.45,166.0
2015-07-02,102.8,103.2,102.8,103.15,3438.0
2015-07-03,103.0,103.95,103.0,103.6,21375.0
2015-07-06,102.55,102.55,102.5,102.55,425.0
2015-07-07,102.55,103.95,102.3,102.55,6470.0
2015-07-08,102.5,103.5,102.5,103.5,9881.0
2015-07-09,103.5,103.5,102.4,102.45,439.0
2015-07-10,102.6,103.5,102.6,103.0,1510.0
2015-07-13,103.5,103.5,103.2,103.2,1171.0
2015-07-14,103.5,104.0,103.5,103.55,13835.0
2015-07-15,104.0,104.2,104.0,104.0,404.0
2015-07-16,104.0,104.15,104.0,104.1,3067.0
2015-07-20,104.0,106.45,104.0,106.45,2491.0
2015-07-21,104.15,105.1,104.15,105.1,6599.0
2015-07-22,105.5,105.5,105.15,105.15,3181.0
2015-07-23,104.7,105.0,104.5,105.0,11188.0
2015-07-24,105.0,106.0,105.0,106.0,4349.0
2015-07-27,106.0,107.0,105.05,105.05,3565.0
2015-07-28,106.0,106.0,105.5,105.5,8643.0
2015-07-29,105.6,107.0,105.6,107.0,18337.0
2015-07-31,105.6,107.2,105.6,106.95,6648.0
2015-08-03,107.1,107.15,105.55,107.15,619.0
2015-08-04,105.6,107.2,105.6,106.15,6899.0
2015-08-05,106.1,107.0,106.1,107.0,8503.0
2015-08-06,107.0,107.0,106.55,106.55,1153.0
2015-08-07,106.5,107.5,106.5,107.5,2142.0
2015-08-10,106.6,107.25,106.6,107.25,8385.0
2015-08-11,107.0,108.0,107.0,107.5,41581.0
2015-08-12,107.25,108.0,107.25,107.5,6363.0
2015-08-13,107.1,107.55,107.1,107.55,4386.0
2015-08-17,107.3,109.0,106.2,109.0,1217.0
2015-08-18,108.0,108.0,107.25,107.5,17095.0
2015-08-19,107.15,107.55,107.15,107.55,15170.0
2015-08-24,107.0,107.55,107.0,107.55,39508.0
2015-08-25,107.5,107.55,107.5,107.55,47103.0
2015-08-26,107.5,107.6,107.5,107.6,2545.0
2015-08-27,107.5,108.0,107.5,107.6,1886.0
2015-08-28,107.6,107.6,107.5,107.6,919.0
2015-08-31,107.0,107.05,107.0,107.05,3884.0
2015-09-01,107.5,107.5,107.5,107.5,3174.0
2015-09-02,107.55,108.0,107.55,107.6,30661.0
2015-09-03,107.55,107.6,107.55,107.6,2405.0
2015-09-04,107.6,109.0,107.6,109.0,4510.0
2015-09-07,107.6,107.6,106.5,106.55,570.0
2015-09-08,106.55,106.6,106.55,106.6,39.0
2015-09-09,106.65,106.65,106.65,106.65,100.0
2015-09-10,107.0,107.0,107.0,107.0,600.0
2015-09-11,106.55,106.55,106.55,106.55,1310.0
2015-09-14,106.55,106.55,106.55,106.55,65.0
2015-09-15,105.65,107.5,105.65,107.5,11633.0
2015-09-16,107.5,107.5,107.5,107.5,352.0
2015-09-17,107.5,107.5,107.5,107.5,1733.0
2015-09-18,108.0,108.0,108.0,108.0,8422.0
2015-09-21,107.5,108.0,107.5,108.0,47708.0
2015-09-22,108.0,108.0,108.0,108.0,1025.0
2015-09-23,108.0,108.0,108.0,108.0,312.0
2015-09-28,108.0,108.5,108.0,108.0,4996.0
2015-09-29,108.5,109.0,108.0,108.0,22812.0
2015-09-30,109.95,110.0,108.0,110.0,53279.0
2015-10-01,108.55,108.55,108.55,108.55,50.0
2015-10-02,108.1,108.15,108.0,108.0,1020.0
2015-10-05,108.0,108.0,108.0,108.0,213.0
2015-10-06,108.15,108.15,108.1,108.1,399.0
2015-10-07,108.6,108.65,108.6,108.65,3716.0
2015-10-08,108.0,108.05,108.0,108.05,1181.0
2015-10-09,108.05,109.0,108.0,109.0,2488.0
2015-10-12,108.95,109.9,108.15,109.9,11634.0
2015-10-13,108.15,108.2,108.15,108.15,1297.0
2015-10-14,108.15,109.9,108.15,108.15,2774.0
2015-10-16,108.15,108.15,108.15,108.15,814.0
2015-10-19,108.15,108.15,108.15,108.15,1219.0
2015-10-20,108.15,109.0,108.15,108.15,5811.0
2015-10-21,108.15,108.35,108.15,108.35,2649.0
2015-10-22,108.25,109.5,108.25,108.55,4390.0
2015-10-23,108.65,110.0,108.65,109.0,28570.0
2015-10-26,109.0,109.0,108.85,108.85,213.0
2015-10-27,109.0,109.05,109.0,109.05,193.0
2015-10-28,109.05,109.05,109.0,109.05,1615.0
2015-10-29,109.05,109.05,109.05,109.05,219.0
2015-10-30,109.0,109.05,109.0,109.05,2372.0
2015-11-02,109.0,109.0,109.0,109.0,1106.0
2015-11-03,110.0,110.0,109.0,110.0,151.0
2015-11-04,109.5,110.45,109.5,110.4,77500.0
2015-11-05,110.5,112.5,110.0,111.0,32946.0
2015-11-09,110.05,112.5,110.05,112.0,20288.0
2015-11-10,110.7,110.7,110.4,110.4,387.0
2015-11-11,110.5,110.65,110.5,110.65,1599.0
2015-11-12,110.65,113.45,110.65,111.05,784.0
2015-11-13,111.0,112.0,111.0,112.0,1220.0
2015-11-16,111.05,111.05,111.05,111.05,230.0
2015-11-17,111.05,112.0,111.05,111.05,49761.0
2015-11-19,113.5,113.7,112.0,113.7,3608.0
2015-11-23,112.15,112.2,112.15,112.2,2378.0
2015-11-24,112.2,113.0,112.2,112.5,24792.0
2015-11-25,113.0,113.0,112.1,112.1,63069.0
2015-11-26,113.0,113.0,112.5,113.0,25503.0
2015-11-27,113.5,113.5,113.0,113.05,15728.0
2015-11-30,113.0,113.0,112.3,112.3,59005.0
2015-12-01,113.0,113.5,112.5,113.0,113134.0
2015-12-02,113.0,113.5,113.0,113.5,6040.0
2015-12-03,113.8,114.0,113.8,114.0,795.0
2015-12-04,115.95,119.0,114.65,116.0,782.0
2015-12-07,114.0,114.0,113.5,113.6,219063.0
2015-12-08,113.55,113.75,113.55,113.7,463.0
2015-12-09,113.65,115.0,113.65,115.0,18059.0
2015-12-10,114.05,115.0,114.05,115.0,645.0
2015-12-11,114.0,115.0,113.55,115.0,10021.0
2015-12-15,115.0,116.0,112.65,112.9,13399.0
2015-12-16,112.9,114.0,112.9,114.0,30771.0
2015-12-17,113.1,115.0,112.9,115.0,960.0
2015-12-18,115.75,115.75,112.95,115.0,351.0
2015-12-22,112.8,114.0,112.8,114.0,3539.0
2015-12-23,113.0,115.0,113.0,115.0,798.0
2015-12-28,113.0,114.0,113.0,114.0,43713.0
2015-12-29,113.0,114.9,113.0,113.05,1881.0
2015-12-30,113.0,113.05,113.0,113.05,75.0
2015-12-31,113.0,114.0,113.0,114.0,252.0
2016-01-04,113.0,114.0,112.55,114.0,149.0
2016-01-05,112.65,114.8,112.65,114.8,14755.0
2016-01-06,113.0,116.0,113.0,115.0,3398.0
2016-01-07,115.95,115.95,115.95,115.95,1.0
2016-01-08,115.95,117.25,115.95,117.25,42.0
2016-01-12,114.15,116.0,114.0,116.0,796.0
2016-01-13,114.15,118.0,114.15,118.0,5087.0
2016-01-14,115.6,122.0,115.6,120.0,24620.0
2016-01-15,118.2,120.0,118.2,118.2,1549.0
2016-01-18,115.25,121.85,115.25,121.0,4852.0
2016-01-19,118.6,125.0,118.6,125.0,11142.0
2016-01-20,124.0,124.0,120.0,123.5,21877.0
2016-01-21,120.6,120.7,120.6,120.7,2063.0
2016-01-22,121.0,123.0,121.0,123.0,8751.0
2016-01-25,121.35,123.4,121.35,123.0,2523.0
2016-01-26,123.0,123.9,121.0,123.0,29283.0
2016-01-27,122.0,129.89999,121.9,129.89999,5852.0
2016-01-28,122.6,123.0,122.6,123.0,5020.0
2016-01-29,124.0,128.89999,122.55,128.0,10194.0
2016-02-01,123.4,123.4,123.4,123.4,200.0
2016-02-02,125.0,127.0,125.0,127.0,29431.0
2016-02-03,125.25,127.5,125.25,125.5,1288.0
2016-02-04,125.6,129.5,125.6,129.5,282.0
2016-02-05,126.1,129.0,126.1,129.0,45282.0
2016-02-08,127.0,127.4,126.0,127.4,65585.0
2016-02-09,126.2,126.35,126.2,126.3,159.0
2016-02-10,126.0,130.0,126.0,127.0,7845.0
2016-02-11,127.0,129.0,127.0,129.0,5510.0
2016-02-12,127.0,127.5,127.0,127.0,16248.0
2016-02-15,127.0,128.0,127.0,127.0,674.0
2016-02-16,127.05,128.75,127.05,127.55,1591.0
2016-02-17,124.1,127.0,124.1,125.0,5934.0
2016-02-18,125.0,126.5,125.0,126.5,10241.0
2016-02-19,126.4,126.8,122.1,126.7,9479.0
2016-02-22,126.65,127.8,126.65,127.0,27894.0
2016-02-23,126.0,126.0,120.0,122.0,1113.0
2016-02-24,122.0,125.0,121.5,125.0,628.0
2016-02-25,121.6,121.6,121.5,121.5,140.0
2016-02-26,121.5,121.5,120.0,120.0,5274.0
2016-02-29,120.0,120.0,117.2,119.0,5649.0
2016-03-01,121.0,124.0,121.0,124.0,7035.0
2016-03-02,120.0,123.8,120.0,123.8,2311.0
2016-03-03,121.0,123.9,121.0,122.0,4209.0
2016-03-04,120.05,124.9,120.05,124.0,1021.0
2016-03-07,126.95,126.95,126.95,126.95,353.0
2016-03-08,121.25,125.0,121.25,125.0,6416.0
2016-03-09,125.0,125.0,125.0,125.0,100.0
2016-03-10,122.65,125.0,122.3,125.0,468.0
2016-03-11,126.0,126.0,126.0,126.0,100.0
2016-03-14,122.5,125.45,122.5,125.45,396.0
2016-03-15,125.5,125.5,122.0,124.9,731.0
2016-03-16,123.1,126.5,123.1,126.5,14142.0
2016-03-17,124.1,126.5,124.1,126.5,63500.0
2016-03-18,125.0,126.95,125.0,126.95,297.0
2016-03-21,125.05,125.05,125.05,125.05,42.0
2016-03-22,125.3,125.3,124.0,124.05,290.0
2016-03-23,124.05,129.0,124.05,127.9,1470.0
2016-03-24,125.2,128.39999,125.2,128.39999,380.0
2016-03-25,126.0,128.39999,126.0,126.5,5731.0
2016-03-29,126.2,128.0,126.2,127.5,172.0
2016-03-30,126.0,126.0,124.1,124.2,5590.0
2016-03-31,124.0,124.0,120.0,120.15,175730.0
2016-04-01,122.0,122.0,120.0,120.05,8155.0
2016-04-04,122.95,124.15,120.05,124.15,12217.0
2016-04-05,121.15,121.55,121.15,121.55,177.0
2016-04-06,124.0,124.0,122.05,124.0,3196.0
2016-04-07,125.0,126.25,125.0,126.25,28256.0
2016-04-08,127.0,127.8,122.05,122.05,27036.0
2016-04-11,122.05,122.9,122.05,122.2,2774.0
2016-04-12,125.0,126.5,125.0,126.5,88646.0
2016-04-13,126.7,129.0,126.7,129.0,92802.0
2016-04-14,126.3,130.0,126.3,130.0,22570.0
2016-04-15,129.95,130.0,129.95,130.0,6018.0
2016-04-18,129.95,129.95,124.2,124.2,1661.0
2016-04-19,124.7,124.7,124.7,124.7,104.0
2016-04-20,124.4,130.0,124.4,130.0,1406.0
2016-04-21,128.0,128.0,125.1,125.1,13021.0
2016-04-22,129.0,129.0,125.1,125.65,2517.0
2016-04-25,125.1,127.0,125.1,127.0,2016.0
2016-04-26,129.0,130.0,129.0,129.0,654960.0
2016-04-27,125.7,130.0,125.7,125.7,132.0
2016-04-29,127.4,129.0,127.4,129.0,295.0
2016-05-02,129.85001,129.89999,129.85001,129.89999,51.0
2016-05-03,129.89999,129.89999,126.8,129.5,19553.0
2016-05-04,127.0,127.3,127.0,127.3,22.0
2016-05-05,127.4,134.89999,127.4,133.0,133580.0
2016-05-06,130.05,134.89999,130.05,133.39999,6173.0
2016-05-09,127.35,132.0,127.35,129.10001,702.0
2016-05-10,128.3,131.5,128.2,131.5,2610.0
2016-05-12,128.7,133.0,128.7,133.0,271.0
2016-05-13,133.0,134.75,129.0,129.0,4155.0
2016-05-16,129.0,134.0,128.05,128.05,432.0
2016-05-17,132.7,132.7,128.3,129.0,41445.0
2016-05-18,128.2,131.5,127.7,129.95,192.0
2016-05-19,127.9,131.45,127.4,131.45,895.0
2016-05-20,127.5,130.0,127.3,127.3,1356.0
2016-05-23,127.3,127.3,127.3,127.3,107117.0
2016-05-24,127.0,127.5,127.0,127.3,105879.0
2016-05-26,126.1,129.95,126.1,129.95,289.0
2016-05-27,126.0,129.5,126.0,126.0,14449.0
2016-05-30,130.0,130.0,125.6,125.6,428.0
2016-06-01,126.1,129.0,126.0,129.0,133.0
2016-06-02,126.05,129.95,126.05,129.95,1156.0
2016-06-06,126.65,127.0,126.65,126.75,273.0
2016-06-07,129.0,129.89999,129.0,129.89999,49.0
2016-06-09,126.85,126.85,126.85,126.85,60.0
2016-06-10,127.6,127.6,127.6,127.6,191.0
2016-06-13,127.65,127.65,127.2,127.2,150.0
2016-06-14,126.95,130.0,126.95,130.0,4092.0
2016-06-15,128.05,129.05,128.05,129.05,48.0
2016-06-16,128.10001,128.7,128.10001,128.7,200.0
2016-06-17,128.25,129.05,128.25,129.0,5370.0
2016-06-20,128.10001,128.10001,128.0,128.0,698.0
2016-06-21,128.05,128.05,128.05,128.05,1163.0
2016-06-22,128.0,130.0,128.0,130.0,12768.0
2016-06-23,121.75,123.0,121.5,123.0,31779.0
2016-06-24,121.1,125.0,121.1,125.0,5910.0
2016-06-27,121.15,125.0,121.15,125.0,133.0
2016-06-28,125.0,126.25,121.6,126.25,40913.0
2016-06-30,125.0,126.25,125.0,126.25,205.0
2016-07-01,126.0,132.5,126.0,132.5,37905.0
2016-07-04,127.7,140.0,127.15,136.0,1670013.0
2016-07-05,128.39999,132.0,128.39999,132.0,20.0
2016-07-11,128.0,128.10001,126.0,126.0,858.0
2016-07-13,126.05,126.05,126.0,126.0,312.0
2016-07-14,126.0,126.0,122.0,122.0,100.0
2016-07-15,127.5,127.5,127.5,127.5,50.0
2016-07-18,127.5,128.0,125.0,125.0,1848.0
2016-07-19,125.0,125.0,123.0,123.25,1185.0
2016-07-20,123.5,123.5,123.1,123.5,1211.0
2016-07-21,123.6,123.6,123.6,123.6,743.0
2016-07-22,124.0,126.0,124.0,126.0,642.0
2016-07-25,124.1,124.1,124.1,124.1,20.0
2016-07-26,124.3,127.8,124.3,125.1,1075.0
2016-07-27,124.4,124.4,123.75,123.85,575.0
2016-07-28,124.4,125.0,123.75,125.0,215.0
2016-07-29,123.75,125.0,123.75,125.0,2856.0
2016-08-01,125.0,125.0,122.4,122.4,109.0
2016-08-02,123.3,123.3,123.2,123.2,100.0
2016-08-03,123.2,127.0,123.0,127.0,75984.0
2016-08-05,125.05,128.95,125.05,128.95,12315.0
2016-08-08,125.5,125.6,125.5,125.5,1759.0
2016-08-09,124.5,126.0,124.5,124.6,278.0
2016-08-10,124.6,124.6,124.6,124.6,10.0
2016-08-11,127.0,127.0,127.0,127.0,137.0
2016-08-12,125.6,128.25,125.6,128.25,11906.0
2016-08-15,127.0,127.0,125.7,125.7,215.0
2016-08-16,125.7,125.7,125.7,125.7,137.0
2016-08-17,125.75,125.75,125.7,125.75,1665.0
2016-08-18,129.0,129.0,129.0,129.0,44.0
2016-08-19,125.7,125.9,124.5,124.5,422.0
2016-08-22,124.65,124.65,124.6,124.6,215.0
2016-08-23,125.0,128.0,125.0,128.0,38856.0
2016-08-24,127.95,128.0,127.95,128.0,18050.0
2016-08-25,125.0,125.05,125.0,125.0,171.0
2016-08-26,125.0,128.64999,125.0,128.64999,300.0
2016-08-29,125.0,127.5,125.0,127.0,9367.0
2016-08-30,125.45,125.6,125.45,125.55,947.0
2016-08-31,125.6,125.6,125.55,125.55,100.0
2016-09-01,125.55,125.55,125.55,125.55,60.0
2016-09-02,125.8,128.0,125.8,128.0,931.0
2016-09-05,125.8,125.8,125.7,125.7,70.0
2016-09-06,126.5,126.55,126.5,126.55,4244.0
2016-09-07,126.15,129.39999,126.15,129.0,2865.0
2016-09-08,128.0,128.0,128.0,128.0,1109.0
2016-09-09,126.5,128.0,126.5,128.0,1454.0
2016-09-14,126.6,126.6,125.7,126.0,433.0
2016-09-15,123.5,127.0,123.5,127.0,140.0
2016-09-16,125.0,125.0,125.0,125.0,10.0
2016-09-19,125.0,125.0,120.0,120.0,448.0
2016-09-20,121.05,121.5,121.05,121.5,72.0
2016-09-21,123.0,123.0,121.0,121.05,234.0
2016-09-22,122.15,122.15,121.25,121.25,100.0
2016-09-23,121.25,126.5,121.25,126.5,510.0
2016-09-26,121.4,121.6,121.0,121.4,709.0
2016-09-28,122.0,122.0,121.1,121.1,2404.0
2016-09-29,121.55,124.9,121.55,121.55,3398.0
2016-09-30,121.4,122.0,121.4,122.0,57603.0
2016-10-04,122.0,122.0,122.0,122.0,1751.0
2016-10-05,124.0,124.0,122.2,122.2,119.0
2016-10-06,122.05,124.0,122.05,124.0,447.0
2016-10-07,122.55,124.0,122.55,124.0,60752.0
2016-10-10,124.0,124.0,122.3,123.9,10192.0
2016-10-11,123.0,123.9,122.2,122.5,371.0
2016-10-12,122.5,122.55,122.5,122.5,2611.0
2016-10-13,122.5,122.6,122.5,122.5,5996.0
2016-10-14,122.5,122.5,122.5,122.5,306.0
2016-10-17,122.5,122.5,122.5,122.5,820.0
2016-10-18,122.5,123.95,122.5,122.65,303.0
2016-10-19,122.55,122.6,122.55,122.55,152.0
2016-10-20,122.5,122.5,122.5,122.5,201.0
2016-10-21,123.45,123.9,123.45,123.9,2123.0
2016-10-24,122.55,122.55,122.55,122.55,10.0
2016-10-25,122.6,122.6,122.5,122.5,23932.0
2016-10-26,122.5,122.5,122.5,122.5,1158.0
2016-10-27,123.9,123.9,122.5,122.5,1100.0
2016-10-28,122.5,122.6,122.5,122.6,115.0
2016-10-31,123.95,123.95,122.5,122.5,3343.0
2016-11-01,119.0,123.0,119.0,122.0,15055.0
2016-11-02,120.2,123.0,120.2,120.65,29086.0
2016-11-03,120.9,120.9,120.9,120.9,1710.0
2016-11-04,121.3,123.35,119.2,119.2,12984.0
2016-11-08,119.05,123.0,119.05,120.0,39346.0
2016-11-11,120.3,120.3,120.3,120.3,15.0
2016-11-14,120.35,120.6,120.35,120.6,121.0
2016-11-15,121.0,121.0,120.35,120.5,504.0
2016-11-16,120.75,120.85,120.7,120.85,865.0
2016-11-17,122.9,123.0,122.9,123.0,10.0
2016-11-21,120.85,120.85,120.85,120.85,3.0
2016-11-22,121.0,122.0,121.0,122.0,1113.0
2016-11-23,120.9,123.0,120.9,121.0,25628.0
2016-11-24,121.1,121.1,121.0,121.0,333.0
2016-11-25,121.0,121.0,121.0,121.0,456.0
2016-11-28,123.0,126.4,123.0,126.4,1417.0
2016-11-30,123.05,126.0,123.05,125.0,3650.0
2016-12-01,122.15,122.6,122.15,122.6,5165.0
2016-12-02,123.1,125.0,123.1,125.0,34743.0
2016-12-05,123.15,123.25,123.15,123.25,249.0
2016-12-06,124.0,124.0,124.0,124.0,2.0
2016-12-07,124.0,125.0,124.0,125.0,33175.0
2016-12-08,124.0,124.15,124.0,124.15,1004.0
2016-12-09,125.0,135.0,125.0,135.0,10222.0
2016-12-14,126.1,136.0,126.1,135.89999,19070.0
2016-12-15,133.0,135.89999,133.0,135.0,33682.0
2016-12-16,135.0,135.8,133.5,135.8,10212.0
2016-12-19,134.0,137.95,134.0,135.55,12054.0
2016-12-20,134.0,134.0,129.10001,129.75,757.0
2016-12-21,129.10001,129.14999,127.0,127.0,1336.0
2016-12-22,127.0,135.95,127.0,135.95,10460.0
2016-12-23,134.0,140.0,131.0,140.0,15652.0
2016-12-26,133.10001,137.39999,133.10001,137.39999,2076.0
2016-12-27,137.39999,137.39999,133.3,133.5,1066.0
2016-12-28,134.0,136.0,134.0,136.0,8397.0
2016-12-29,135.0,137.39999,135.0,135.0,845.0
2016-12-30,135.0,136.0,127.6,135.0,27198.0
2017-01-02,134.89999,135.0,134.89999,135.0,135.0
2017-01-03,131.0,134.0,128.85001,134.0,4234.0
2017-01-04,135.10001,139.85001,135.10001,136.0,5277.0
2017-01-05,136.0,141.0,132.0,141.0,28446.0
2017-01-06,137.0,155.0,137.0,155.0,17605.0
2017-01-09,158.0,165.0,155.0,161.10001,1975.0
2017-01-10,161.25,161.25,147.5,154.0,2336.0
2017-01-12,154.0,158.60001,154.0,157.0,105635.0
2017-01-13,159.0,165.0,150.05,165.0,9693.0
2017-01-16,160.0,164.0,160.0,164.0,57027.0
2017-01-17,157.5,158.10001,155.0,155.0,4080.0
2017-01-18,152.45,155.0,152.45,155.0,432.0
2017-01-19,155.0,155.10001,155.0,155.0,523.0
2017-01-20,155.0,157.5,141.5,147.5,2831.0
2017-01-23,145.60001,147.5,145.60001,147.10001,347.0
2017-01-24,147.5,148.5,147.5,147.5,4344.0
2017-01-25,147.10001,147.10001,147.10001,147.10001,244.0
2017-01-26,147.10001,151.10001,147.10001,151.10001,140.0
2017-01-27,147.10001,153.0,147.10001,153.0,2803.0
2017-01-31,147.14999,147.14999,147.14999,147.14999,1184.0
2017-02-01,147.10001,147.10001,147.10001,147.10001,100.0
2017-02-02,147.10001,147.10001,147.10001,147.10001,335.0
2017-02-03,145.0,147.0,142.25,147.0,23916.0
2017-02-06,143.10001,143.10001,143.0,143.0,335.0
2017-02-08,143.25,152.0,143.25,152.0,465.0
2017-02-09,145.35001,145.35001,145.2,145.2,300.0
2017-02-10,146.3,150.0,144.0,150.0,1942.0
2017-02-14,142.7,145.0,142.7,143.35001,2660.0
2017-02-15,143.3,145.0,142.10001,145.0,416.0
2017-02-16,142.2,145.0,142.2,145.0,362.0
2017-02-17,145.0,145.0,141.10001,145.0,452.0
2017-02-21,143.0,143.0,142.0,142.0,170.0
2017-02-22,141.5,141.55,141.5,141.55,10112.0
2017-02-23,141.05,142.0,136.0,136.0,416.0
2017-02-24,135.10001,144.0,135.10001,144.0,550.0
2017-02-27,143.0,143.0,143.0,143.0,10.0
2017-03-02,143.0,143.0,143.0,143.0,5.0
2017-03-03,142.64999,142.64999,142.64999,142.64999,393.0
2017-03-07,136.2,142.0,136.2,142.0,9240.0
2017-03-08,137.10001,137.10001,137.10001,137.10001,120.0
2017-03-09,138.0,140.0,138.0,138.0,2542.0
2017-03-10,137.0,145.0,136.3,145.0,21986.0
2017-03-13,145.0,145.0,140.2,141.10001,157.0
2017-03-14,141.0,151.10001,141.0,150.0,30611.0
2017-03-15,149.5,149.5,149.39999,149.5,11320.0
2017-03-16,146.5,146.55,146.5,146.5,1238.0
2017-03-17,148.89999,149.0,146.5,146.5,34280.0
2017-03-20,146.5,146.5,146.5,146.5,100.0
2017-03-21,142.14999,142.14999,141.8,142.0,1010.0
2017-03-22,141.5,141.5,140.0,140.0,637.0
2017-03-23,140.2,141.0,140.0,141.0,35196.0
2017-03-24,135.0,143.0,130.0,134.5,17705.0
2017-03-27,139.0,139.0,139.0,139.0,40.0
2017-03-28,137.0,140.0,136.0,140.0,6884.0
2017-03-29,141.0,141.0,140.0,140.0,1180.0
2017-03-30,140.0,142.5,140.0,140.5,53552.0
2017-03-31,140.05,140.14999,140.0,140.14999,28087.0
2017-04-03,140.10001,140.14999,140.0,140.10001,1460.0
2017-04-04,140.0,140.0,140.0,140.0,104.0
2017-04-05,140.10001,140.10001,140.10001,140.10001,213.0
2017-04-06,140.10001,140.10001,140.0,140.0,78050.0
2017-04-07,134.2,143.7,134.2,143.7,356.0
2017-04-10,142.0,142.5,135.5,142.5,218.0
2017-04-11,143.39999,144.7,143.39999,144.7,500.0
2017-04-13,144.0,144.0,140.0,140.0,507.0
2017-04-14,137.2,138.0,137.2,138.0,1381.0
2017-04-17,136.5,136.5,136.0,136.0,316.0
2017-04-18,136.35001,136.35001,136.35001,136.35001,429.0
2017-04-19,136.5,136.5,134.5,134.5,600.0
2017-04-20,135.3,140.0,135.3,140.0,35890.0
2017-04-21,140.0,140.0,140.0,140.0,350.0
2017-04-24,140.0,140.10001,140.0,140.10001,20.0
2017-04-25,140.0,140.0,140.0,140.0,1237.0
2017-04-26,140.0,140.0,140.0,140.0,364.0
2017-04-27,141.0,145.0,141.0,145.0,1967.0
2017-04-28,142.2,145.05,142.2,145.0,26255.0
2017-05-02,142.5,143.60001,142.5,143.60001,27.0
2017-05-03,143.0,143.0,140.0,140.0,833.0
2017-05-04,140.10001,140.10001,140.10001,140.10001,158.0
2017-05-05,145.0,147.0,145.0,145.0,26498.0
2017-05-08,141.5,145.0,141.5,145.0,637.0
2017-05-09,140.75,140.75,140.75,140.75,7.0
2017-05-10,140.85001,140.95,140.75,140.75,6812.0
2017-05-11,140.8,141.0,140.0,140.05,311.0
2017-05-12,140.10001,149.0,140.05,149.0,1620.0
2017-05-15,142.5,148.5,142.5,148.5,101.0
2017-05-16,143.60001,143.60001,143.60001,143.60001,32.0
2017-05-17,148.3,148.3,148.3,148.3,10.0
2017-05-18,145.0,145.60001,145.0,145.60001,20246.0
2017-05-19,142.64999,147.8,142.64999,145.0,1042.0
2017-05-22,145.05,146.95,145.05,146.95,53.0
2017-05-23,146.89999,147.25,146.0,147.0,248.0
2017-05-24,146.0,146.0,146.0,146.0,3.0
2017-05-25,146.0,146.0,145.0,145.0,1004.0
2017-05-26,145.10001,145.10001,145.0,145.0,109.0
2017-05-29,145.10001,145.10001,145.0,145.0,229.0
2017-05-30,145.05,145.05,145.0,145.0,1655.0
2017-05-31,143.0,145.0,143.0,145.0,1901.0
2017-06-01,145.10001,145.10001,145.10001,145.10001,150.0
2017-06-02,145.10001,148.0,145.0,148.0,890.0
2017-06-05,145.14999,145.14999,145.0,145.0,548.0
2017-06-06,145.10001,148.39999,145.10001,148.39999,93.0
2017-06-07,145.14999,152.0,145.14999,146.0,58680.0
2017-06-12,146.0,146.10001,146.0,146.0,104.0
2017-06-13,146.0,148.95,146.0,148.95,140.0
2017-06-14,148.0,149.0,148.0,148.0,741.0
2017-06-15,148.0,148.0,146.0,146.0,4600.0
2017-06-16,146.0,150.0,146.0,150.0,48012.0
2017-06-19,151.95,151.95,146.25,146.25,113.0
2017-06-20,148.0,151.0,148.0,149.0,10124.0
2017-06-21,146.5,151.0,146.45,146.7,165.0
2017-06-23,147.05,151.89999,147.05,151.89999,179482.0
2017-06-28,148.3,148.3,148.3,148.3,1000.0
2017-06-29,151.89999,151.89999,148.5,148.5,376.0
2017-06-30,146.55,149.0,146.55,149.0,2063.0
2017-07-04,146.8,147.0,146.8,146.89999,377.0
2017-07-05,147.0,149.0,147.0,149.0,270.0
2017-07-06,147.10001,149.0,147.10001,149.0,2372.0
2017-07-07,150.0,151.95,148.0,151.95,23233.0
2017-07-10,154.0,162.05,154.0,162.05,21927.0
2017-07-11,160.10001,165.95,155.60001,165.95,17811.0
2017-07-12,166.5,174.0,166.39999,170.7,14232.0
2017-07-13,170.8,174.45,170.5,171.0,17841.0
2017-07-14,174.7,174.7,162.0,162.0,5303.0
2017-07-17,163.0,166.0,163.0,166.0,360.0
2017-07-18,162.0,162.0,160.0,160.0,3397.0
2017-07-19,155.89999,164.85001,155.89999,159.0,2030.0
2017-07-20,157.5,160.0,155.0,159.89999,748.0
2017-07-21,160.0,164.39999,156.5,156.5,2164.0
2017-07-24,163.0,163.0,163.0,163.0,10.0
2017-07-25,155.75,162.5,155.75,157.7,1103.0
2017-07-26,158.10001,168.0,157.7,167.5,17056.0
2017-07-27,163.2,165.0,159.0,160.10001,2661.0
2017-07-28,164.95,164.95,160.0,163.0,2893.0
2017-07-31,163.5,163.5,160.0,160.0,101.0
2017-08-01,157.0,158.0,155.0,158.0,14925.0
2017-08-02,160.0,160.0,155.0,155.0,12350.0
2017-08-03,152.55,153.25,152.55,153.25,411.0
2017-08-04,157.89999,158.0,157.89999,158.0,446.0
2017-08-07,155.05,159.89999,155.05,159.89999,24.0
2017-08-08,154.10001,162.0,154.10001,162.0,757.0
2017-08-09,162.0,162.0,156.10001,156.10001,693.0
2017-08-10,156.10001,160.89999,156.10001,160.0,2111.0
2017-08-11,160.0,161.89999,157.2,161.89999,4334.0
2017-08-15,158.0,159.0,157.75,158.7,1365.0
2017-08-16,159.0,161.89999,159.0,160.10001,2085.0
2017-08-17,162.8,163.5,160.0,163.5,249.0
2017-08-18,161.05,163.0,160.0,163.0,3026.0
2017-08-22,159.10001,159.10001,159.10001,159.10001,1.0
2017-08-23,159.10001,159.10001,157.10001,157.10001,652.0
2017-08-24,158.05,158.05,158.0,158.0,365.0
2017-08-25,159.0,159.0,157.10001,157.2,1071.0
2017-08-28,157.10001,158.05,157.10001,158.05,301.0
2017-08-29,160.0,160.0,160.0,160.0,5310.0
2017-08-30,155.0,165.0,155.0,160.0,8570.0
2017-08-31,160.0,160.10001,160.0,160.10001,224.0
2017-09-04,160.10001,165.89999,160.10001,165.89999,987.0
2017-09-05,161.10001,161.10001,161.0,161.0,62.0
2017-09-06,161.0,161.0,160.05,160.05,285.0
2017-09-07,160.5,160.5,160.5,160.5,8400.0
2017-09-08,167.0,173.0,167.0,169.0,166021.0
2017-09-11,169.0,170.0,169.0,170.0,6451.0
2017-09-12,168.0,171.95,168.0,168.0,8254.0
2017-09-13,170.0,171.5,167.0,170.0,12568.0
2017-09-14,166.5,166.5,156.3,162.0,25749.0
2017-09-15,160.0,161.2,159.2,160.0,18694.0
2017-09-18,159.75,159.75,158.0,158.0,848.0
2017-09-19,157.2,160.0,157.0,157.5,1160.0
2017-09-20,160.0,160.0,156.14999,160.0,477846.0
2017-09-21,160.0,160.0,160.0,160.0,10950.0
2017-09-25,156.14999,162.0,156.14999,162.0,2817.0
2017-09-26,161.0,163.85001,158.25,163.85001,8660.0
2017-09-27,159.10001,161.75,159.05,160.0,3313.0
2017-09-28,159.0,161.95,159.0,161.95,3352.0
2017-09-29,160.0,165.0,160.0,165.0,2200.0
2017-10-02,160.0,164.95,160.0,164.0,794.0
2017-10-03,165.0,165.0,160.0,160.0,4766.0
2017-10-04,160.0,165.0,160.0,165.0,47011.0
2017-10-05,160.0,164.89999,160.0,160.05,1031.0
2017-10-06,160.14999,163.95,160.0,163.95,2352.0
2017-10-09,164.89999,164.95,160.10001,160.10001,4313.0
2017-10-10,160.14999,164.0,160.14999,160.3,40.0
2017-10-11,163.95,163.95,163.5,163.5,11991.0
2017-10-12,160.60001,163.95,160.39999,163.95,2229.0
2017-10-13,160.7,164.8,160.10001,164.8,2460.0
2017-10-16,162.3,162.3,160.14999,160.14999,200.0
2017-10-17,160.55,160.55,160.5,160.5,50.0
2017-10-18,160.55,160.55,160.55,160.55,10.0
2017-10-19,160.7,160.7,160.55,160.60001,180.0
2017-10-20,160.60001,160.60001,160.0,160.0,15335.0
2017-10-23,160.0,160.0,160.0,160.0,50.0
2017-10-24,162.5,162.5,160.0,160.0,886.0
2017-10-26,160.0,161.0,160.0,161.0,5030.0
2017-10-27,155.10001,166.0,155.10001,166.0,12624.0
2017-11-02,161.0,161.10001,161.0,161.0,220.0
2017-11-03,161.25,168.5,161.25,168.5,24954.0
2017-11-07,163.0,163.05,160.14999,161.3,562.0
2017-11-08,162.05,162.10001,161.39999,162.10001,134.0
2017-11-09,162.0,162.5,162.0,162.5,9349.0
2017-11-10,164.95,169.5,162.55,169.5,73068.0
2017-11-14,163.55,164.0,163.55,164.0,182.0
2017-11-15,165.14999,168.0,165.14999,167.95,40.0
2017-11-17,164.8,170.0,164.5,170.0,7667.0
2017-11-21,165.05,165.2,165.05,165.14999,260.0
2017-11-22,165.25,165.3,165.25,165.3,237.0
2017-11-23,168.0,175.0,168.0,170.0,211040.0
2017-11-24,170.14999,173.0,170.0,173.0,1811.0
2017-11-27,173.0,174.95,173.0,174.95,1000.0
2017-11-28,170.2,170.2,170.0,170.0,100.0
2017-11-29,170.10001,173.2,170.0,173.2,4130.0
2017-11-30,170.10001,172.95,170.10001,170.14999,188.0
2017-12-04,170.10001,170.10001,168.0,169.89999,1223.0
2017-12-05,167.5,168.0,167.5,168.0,166.0
2017-12-06,168.05,169.0,168.0,169.0,23259.0
2017-12-07,168.10001,168.10001,168.10001,168.10001,182.0
2017-12-11,168.0,168.0,168.0,168.0,105.0
2017-12-12,170.0,170.0,168.2,170.0,5202.0
2017-12-13,168.05,168.55,168.05,168.55,57.0
2017-12-14,168.2,168.2,168.2,168.2,2.0
2017-12-15,170.05,172.89999,170.05,172.89999,4035.0
2017-12-20,170.10001,172.5,170.0,170.0,16890.0
2017-12-22,170.0,170.0,170.0,170.0,7906.0
2017-12-25,171.0,171.0,171.0,171.0,1002.0
2017-12-26,170.0,171.5,170.0,171.5,350.0
2017-12-27,170.5,171.10001,170.5,171.0,30000.0
2017-12-28,168.05,174.89999,168.0,174.89999,3870.0
2017-12-29,174.89999,175.0,169.89999,175.0,6434.0
2018-01-02,170.0,174.95,169.8,169.8,52297.0
2018-01-03,170.0,173.89999,170.0,173.89999,121.0
2018-01-04,173.8,173.8,168.85001,168.85001,150.0
2018-01-05,175.0,175.0,175.0,175.0,4008.0
2018-01-08,172.0,172.0,172.0,172.0,147.0
2018-01-09,170.05,174.0,170.05,174.0,160.0
2018-01-10,174.60001,174.95,174.60001,174.95,452.0
2018-01-12,170.64999,175.0,170.60001,175.0,14408.0
2018-01-15,175.0,180.0,175.0,175.0,20152.0
2018-01-16,173.64999,175.0,173.64999,175.0,1145.0
2018-01-17,174.0,179.0,174.0,179.0,7786.0
2018-01-18,175.0,175.0,175.0,175.0,15261.0
2018-01-19,175.0,182.0,175.0,182.0,6606.0
2018-01-22,184.0,188.39999,180.10001,188.39999,429.0
2018-01-23,188.39999,189.0,188.39999,188.89999,400.0
2018-01-24,188.39999,188.39999,186.5,186.5,509.0
2018-01-25,185.0,186.5,185.0,186.5,5521.0
2018-01-26,186.0,186.5,186.0,186.5,1374.0
2018-01-30,183.0,183.0,181.3,181.3,901.0
2018-01-31,180.0,183.0,179.60001,179.60001,969.0
2018-02-02,180.0,184.0,180.0,184.0,1768.0
2018-02-05,180.0,180.0,180.0,180.0,100.0
2018-02-06,178.60001,178.60001,177.3,177.60001,4643.0
2018-02-07,180.0,180.0,180.0,180.0,5500.0
2018-02-08,180.0,180.0,180.0,180.0,4000.0
2018-02-09,179.0,180.0,179.0,180.0,77958.0
2018-02-12,179.14999,179.3,179.10001,179.3,173.0
2018-02-13,180.0,183.0,180.0,180.0,9581.0
2018-02-14,179.10001,180.0,178.5,180.0,6202.0
2018-02-15,178.5,180.0,178.5,180.0,1020.0
2018-02-16,178.5,180.0,178.10001,178.5,7370.0
2018-02-19,179.95,180.0,179.0,179.0,4405.0
2018-02-20,180.0,180.0,178.60001,178.60001,520.0
2018-02-21,178.14999,180.0,178.14999,180.0,5500.0
2018-02-22,178.10001,178.10001,178.0,178.0,100.0
2018-02-23,179.0,180.0,179.0,180.0,3986.0
2018-02-26,178.0,178.25,178.0,178.2,110.0
2018-02-27,176.8,176.8,176.0,176.10001,2900.0
2018-02-28,178.2,178.2,178.2,178.2,256.0
2018-03-01,176.10001,176.10001,176.0,176.0,104.0
2018-03-02,179.89999,179.89999,179.89999,179.89999,7.0
2018-03-06,179.75,179.8,179.75,179.8,3093.0
2018-03-07,176.35001,178.0,176.25,178.0,20140.0
2018-03-08,178.0,178.0,178.0,178.0,9450.0
2018-03-09,178.0,178.0,178.0,178.0,16369.0
2018-03-12,176.14999,176.14999,171.10001,175.0,812.0
2018-03-13,177.5,178.0,177.5,178.0,210.0
2018-03-14,172.0,175.0,172.0,175.0,1843.0
2018-03-16,176.8,176.8,176.8,176.8,800.0
2018-03-19,176.5,176.5,176.5,176.5,217.0
2018-03-20,176.89999,176.89999,167.14999,168.0,56011.0
2018-03-21,168.5,174.8,168.5,170.0,4026.0
2018-03-23,170.0,170.0,170.0,170.0,3240.0
2018-03-26,168.0,168.3,168.0,168.3,368.0
2018-03-28,168.0,168.0,168.0,168.0,100.0
2018-03-29,166.55,167.0,163.0,167.0,710.0
2018-03-30,165.0,169.39999,163.2,169.39999,16215.0
2018-04-02,169.0,169.0,168.0,168.0,290.0
2018-04-03,168.0,168.0,168.0,168.0,3325.0
2018-04-04,165.0,165.0,165.0,165.0,593.0
2018-04-05,167.0,167.0,167.0,167.0,10908.0
2018-04-06,165.0,168.0,165.0,168.0,5467.0
2018-04-09,168.0,168.0,167.5,168.0,1785.0
2018-04-10,164.60001,168.0,164.0,168.0,5210.0
2018-04-11,167.95,167.95,167.95,167.95,30.0
2018-04-13,164.55,168.0,164.05,168.0,3684.0
2018-04-17,163.7,164.0,163.7,163.85001,15532.0
2018-04-18,163.7,163.7,163.7,163.7,110.0
2018-04-19,163.7,164.39999,163.5,164.39999,2856.0
2018-04-20,163.5,167.0,163.5,167.0,1681.0
2018-04-27,163.5,172.0,163.5,172.0,4600.0
2018-04-30,168.05,172.0,168.0,172.0,1607.0
2018-05-02,167.0,167.0,167.0,167.0,2137.0
2018-05-03,165.0,165.0,164.5,164.5,3320.0
2018-05-04,163.2,169.0,163.2,165.0,2784.0
2018-05-07,163.60001,163.64999,163.60001,163.60001,95.0
2018-05-08,164.0,165.0,163.39999,165.0,6056.0
2018-05-09,163.39999,164.0,163.39999,163.39999,238.0
2018-05-10,163.39999,167.0,163.2,167.0,425.0
2018-05-11,162.0,167.0,160.10001,163.0,8937.0
2018-05-14,160.10001,160.2,160.0,160.0,212.0
2018-05-15,160.05,160.05,158.7,160.0,1662.0
2018-05-16,158.8,158.8,157.2,157.2,39.0
2018-05-18,160.0,160.0,155.25,160.0,149059.0
2018-05-21,156.0,160.0,156.0,160.0,139769.0
2018-05-23,157.7,157.7,157.10001,157.10001,182.0
2018-05-24,157.10001,157.10001,156.60001,156.60001,222.0
2018-05-29,164.5,164.5,160.0,160.0,1282.0
2018-05-31,156.35001,156.35001,156.2,156.2,530.0
2018-06-01,156.5,156.5,152.2,154.5,1716.0
2018-06-04,152.2,155.0,150.25,154.0,2876.0
2018-06-05,153.0,159.8,153.0,159.8,656.0
2018-06-07,159.8,160.05,159.8,160.05,619.0
2018-06-08,160.0,165.0,160.0,165.0,16013.0
2018-06-11,160.10001,160.10001,160.10001,160.10001,140.0
2018-06-12,169.95,169.95,157.35001,160.0,530732.0
2018-06-14,157.64999,157.64999,157.64999,157.64999,150.0
2018-06-18,163.89999,163.89999,160.0,160.0,7044.0
2018-06-21,160.0,160.0,160.0,160.0,143347.0
2018-06-22,160.0,162.89999,160.0,162.89999,294448.0
2018-06-25,158.10001,158.3,158.10001,158.3,4930.0
2018-06-27,158.25,158.25,158.25,158.25,15.0
2018-06-28,156.14999,160.0,156.14999,160.0,302.0
2018-06-29,160.0,160.0,160.0,160.0,38357.0
2018-07-02,158.0,162.75,158.0,162.75,226990.0
2018-07-04,155.8,156.0,155.8,156.0,562.0
2018-07-05,156.10001,160.0,156.10001,156.14999,194941.0
2018-07-06,160.0,160.0,156.2,156.2,809.0
2018-07-09,160.0,160.0,160.0,160.0,5.0
2018-07-10,156.5,156.5,156.0,156.0,1100.0
2018-07-11,157.0,157.0,154.0,154.0,160.0
2018-07-12,157.0,157.0,157.0,157.0,5.0
2018-07-13,157.0,157.0,152.60001,152.60001,33.0
2018-07-16,152.0,152.0,150.0,150.2,279.0
2018-07-18,150.3,150.3,150.3,150.3,34.0
2018-07-19,150.25,153.95,150.25,153.95,82.0
2018-07-20,154.0,154.0,154.0,154.0,292.0
2018-07-23,148.0,154.85001,148.0,154.85001,183.0
2018-07-26,146.60001,150.0,146.60001,150.0,190.0
2018-07-27,148.0,152.7,147.75,152.7,330.0
2018-07-31,150.0,153.8,150.0,153.8,6070.0
2018-08-02,152.85001,152.85001,152.85001,152.85001,10.0
2018-08-08,147.0,152.0,147.0,152.0,102.0
2018-08-10,151.0,151.0,151.0,151.0,155.0
2018-08-13,146.0,147.0,146.0,146.2,120.0
2018-08-15,146.10001,151.0,146.10001,146.3,112.0
2018-08-16,146.10001,150.85001,145.0,149.0,5101.0
2018-08-17,146.0,160.0,146.0,153.0,12663.0
2018-08-27,146.45,146.45,146.45,146.45,18.0
2018-08-30,145.05,145.05,145.05,145.05,182.0
2018-08-31,145.10001,150.89999,145.10001,150.89999,8286.0
2018-09-03,145.25,145.25,145.25,145.25,288.0
2018-09-05,150.0,152.0,150.0,150.0,137945.0
2018-09-06,148.5,148.5,148.5,148.5,762.0
2018-09-07,148.5,148.5,148.5,148.5,7212.0
2018-09-10,140.10001,145.0,140.10001,141.05,4585.0
2018-09-12,140.10001,140.10001,140.10001,140.10001,190.0
2018-09-13,141.0,143.0,141.0,143.0,1074.0
2018-09-14,142.0,142.0,142.0,142.0,729.0
2018-09-17,141.5,141.5,141.5,141.5,347.0
2018-09-18,142.0,142.0,141.7,141.7,109.0
2018-09-19,142.10001,150.0,142.10001,149.35001,54720.0
2018-09-20,149.64999,153.8,149.64999,153.8,127515.0
2018-09-21,147.2,150.0,145.0,147.0,1097.0
2018-09-24,147.0,147.0,147.0,147.0,184.0
2018-09-25,147.0,151.0,143.10001,151.0,129.0
2018-09-26,147.14999,147.14999,147.14999,147.14999,602.0
2018-09-27,147.14999,151.0,147.14999,147.2,310.0
2018-09-28,149.0,149.0,148.0,148.0,10539.0
2018-10-01,148.0,148.0,148.0,148.0,51.0
2018-10-02,148.0,148.0,148.0,148.0,100000.0
2018-10-03,148.0,148.0,148.0,148.0,40.0
2018-10-04,150.0,150.0,150.0,150.0,1.0
2018-10-05,146.10001,150.0,146.10001,146.14999,1883.0
2018-10-08,148.5,149.89999,148.5,149.89999,123278.0
2018-10-09,148.0,149.0,148.0,148.0,25869.0
2018-10-10,148.0,148.0,148.0,148.0,33.0
2018-10-11,149.0,149.0,149.0,149.0,12255.0
2018-10-12,149.45,149.45,148.0,148.0,67233.0
2018-10-16,149.45,149.45,148.0,149.3,131155.0
2018-10-17,148.0,148.0,148.0,148.0,144.0
2018-10-18,148.0,148.0,148.0,148.0,4343.0
2018-10-19,148.0,149.5,148.0,149.3,219075.0
2018-10-22,145.5,145.5,145.14999,145.14999,101.0
2018-10-23,150.0,150.0,150.0,150.0,1.0
2018-10-24,149.5,149.5,149.5,149.5,150.0
2018-10-25,145.35001,149.5,145.35001,149.5,2281.0
2018-10-30,146.10001,149.3,146.0,146.0,2537.0
2018-10-31,149.39999,149.39999,149.39999,149.39999,1.0
2018-11-01,145.0,145.10001,145.0,145.10001,134.0
2018-11-02,149.25,149.25,143.89999,145.0,1035.0
2018-11-05,149.25,149.25,149.25,149.25,1.0
2018-11-07,145.0,145.0,145.0,145.0,158.0
2018-11-08,145.0,148.89999,145.0,148.89999,8519.0
2018-11-09,149.0,149.10001,146.0,146.0,1865.0
2018-11-12,149.0,149.0,145.0,145.0,111.0
2018-11-13,149.0,149.0,149.0,149.0,1.0
2018-11-14,145.05,145.05,145.0,145.0,91.0
2018-11-15,145.10001,145.10001,145.10001,145.10001,100.0
2018-11-16,147.0,147.0,147.0,147.0,369.0
2018-11-19,146.5,146.5,146.5,146.5,18.0
2018-11-22,148.95,148.95,148.95,148.95,1.0
2018-11-26,145.10001,145.10001,145.0,145.0,81.0
2018-11-27,148.89999,148.89999,148.89999,148.89999,1.0
2018-11-28,145.0,145.0,145.0,145.0,35.0
2018-11-29,148.89999,148.89999,148.89999,148.89999,1.0
2018-11-30,145.0,145.0,143.0,143.25,2935.0
2018-12-03,145.0,145.0,145.0,145.0,79.0
2018-12-04,145.0,145.0,145.0,145.0,44.0
2018-12-05,148.95,148.95,148.95,148.95,1.0
2018-12-06,145.0,148.89999,145.0,148.89999,11.0
2018-12-07,145.0,146.0,145.0,145.0,20300.0
2018-12-10,146.0,148.0,146.0,148.0,34719.0
2018-12-11,145.0,145.0,145.0,145.0,11970.0
2018-12-12,147.89999,147.89999,145.0,145.0,1555.0
2018-12-13,147.75,147.75,145.0,145.0,2000.0
2018-12-14,147.7,147.7,146.5,146.5,134268.0
2018-12-17,146.95,146.95,145.0,145.0,113.0
2018-12-18,147.85001,147.85001,145.0,145.0,2012.0
2018-12-19,146.0,146.0,145.0,146.0,2100.0
2018-12-20,136.89999,136.89999,131.45,133.2,4317.0
2018-12-21,133.2,135.8,133.0,133.0,3962.0
2018-12-25,137.8,137.8,137.8,137.8,1.0
2018-12-26,131.8,134.3,131.8,134.3,2710.0
2018-12-27,131.7,145.0,131.7,145.0,18101.0
2018-12-28,146.64999,146.64999,140.0,140.0,7370.0
2018-12-31,143.8,143.8,135.0,135.5,189293.0
2019-01-02,139.95,139.95,135.39999,137.0,313.0
2019-01-03,138.45,138.45,135.3,135.3,183785.0
2019-01-04,133.8,133.8,130.5,133.5,10723.0
2019-01-07,131.10001,132.5,131.10001,132.5,170.0
2019-01-10,132.0,132.5,132.0,132.5,60.0
2019-01-14,132.0,135.0,132.0,135.0,195.0
2019-01-15,135.0,135.0,135.0,135.0,100.0
2019-01-16,135.0,137.0,135.0,137.0,780.0
2019-01-17,136.95,137.0,136.95,137.0,285887.0
2019-01-18,138.5,138.5,137.0,137.10001,287684.0
2019-01-21,137.5,137.5,135.0,137.0,114211.0
2019-01-22,139.89999,139.89999,137.0,138.5,22714.0
2019-01-23,138.5,138.5,138.5,138.5,2470.0
2019-01-24,138.5,139.89999,138.5,139.89999,1345.0
2019-01-25,138.5,141.0,138.5,141.0,2821.0
2019-01-28,140.05,141.64999,138.5,141.64999,120300.0
2019-01-29,141.60001,141.60001,138.5,138.5,8212.0
2019-01-30,141.55,141.55,138.55,138.55,119.0
2019-01-31,140.0,141.5,140.0,141.5,1232.0
2019-02-01,141.60001,143.85001,138.75,141.5,2951.0
2019-02-05,141.5,141.5,141.5,141.5,11786.0
2019-02-06,146.3,146.3,145.0,145.0,2678.0
2019-02-07,146.5,148.75,146.5,146.5,1419.0
2019-02-08,146.5,146.5,146.5,146.5,264.0
2019-02-13,144.05,150.0,142.25,150.0,912.0
2019-02-15,150.0,152.0,147.5,147.5,360.0
2019-02-18,149.0,150.0,149.0,150.0,1233.0
2019-02-19,150.0,153.95,150.0,153.89999,11958.0
2019-02-20,150.0,152.0,150.0,152.0,10017.0
2019-02-21,152.0,154.0,152.0,154.0,61703.0
2019-02-22,147.2,152.0,147.2,152.0,7351.0
2019-02-25,153.75,153.75,153.75,153.75,1.0
2019-02-26,147.3,147.3,147.3,147.3,50.0
2019-02-27,148.0,152.0,148.0,152.0,200080.0
2019-03-01,151.8,151.8,151.8,151.8,20.0
2019-03-04,148.64999,148.64999,148.64999,148.64999,137.0
2019-03-05,148.60001,148.60001,147.3,147.3,1549.0
2019-03-06,147.35001,147.35001,147.0,147.0,68.0
2019-03-08,147.05,147.05,147.05,147.05,109.0
2019-03-11,147.05,147.05,147.05,147.05,109.0
2019-03-13,147.14999,147.14999,147.0,147.0,486.0
2019-03-14,147.05,147.05,147.05,147.05,20.0
2019-03-15,147.0,147.0,147.0,147.0,50.0
2019-03-18,147.0,147.0,147.0,147.0,366.0
2019-03-19,147.0,147.0,147.0,147.0,909.0
2019-03-20,148.0,148.0,148.0,148.0,899.0
2019-03-21,148.0,149.0,148.0,149.0,436.0
2019-03-22,147.5,147.5,147.5,147.5,209.0
2019-03-26,147.5,147.5,147.5,147.5,110.0
2019-03-27,147.5,147.5,147.5,147.5,681.0
2019-03-28,148.0,148.0,148.0,148.0,1109.0
2019-03-29,147.5,147.5,147.5,147.5,739.0
2019-04-02,147.5,147.5,147.5,147.5,170.0
2019-04-03,147.5,147.5,147.5,147.5,400.0
2019-04-04,147.5,147.5,147.5,147.5,53.0
2019-04-05,147.5,149.39999,147.5,149.39999,101.0
2019-04-08,148.5,148.5,148.5,148.5,104.0
2019-04-09,148.5,150.0,148.5,150.0,2217.0
2019-04-11,151.0,152.89999,151.0,152.89999,384.0
2019-04-12,151.0,152.85001,150.0,150.0,926.0
2019-04-15,150.0,150.0,150.0,150.0,40.0
2019-04-17,150.0,150.0,150.0,150.0,20.0
2019-04-19,149.05,149.05,149.05,149.05,1443.0
2019-04-22,149.5,150.0,149.5,150.0,910.0
2019-04-23,149.0,149.0,149.0,149.0,28.0
2019-04-24,149.0,150.0,149.0,149.0,610.0
2019-04-26,149.0,152.0,149.0,149.5,7149.0
2019-04-30,149.64999,149.64999,149.64999,149.64999,113.0
2019-05-02,149.14999,149.14999,149.10001,149.10001,138.0
2019-05-03,149.05,149.05,149.0,149.0,115.0
2019-05-06,149.0,149.0,149.0,149.0,6.0
2019-05-07,149.05,149.05,149.0,149.0,368.0
2019-05-09,152.0,152.0,152.0,152.0,509.0
2019-05-10,154.25,165.0,154.25,165.0,85255.0
2019-05-13,160.60001,160.60001,155.3,155.3,292.0
2019-05-14,154.2,154.2,152.0,152.0,2179.0
2019-05-15,152.35001,152.35001,152.35001,152.35001,565.0
2019-05-16,155.3,155.3,155.3,155.3,4.0
2019-05-17,152.60001,153.05,152.45,153.05,701.0
2019-05-20,160.0,160.0,160.0,160.0,7414.0
2019-05-21,166.0,170.0,166.0,170.0,200199.0
2019-05-23,160.60001,161.25,160.60001,161.25,464.0
2019-05-24,161.55,162.10001,161.55,162.10001,384.0
2019-05-27,162.0,162.0,157.35001,157.35001,509.0
2019-05-28,157.5,157.5,157.5,157.5,20.0
2019-05-30,158.25,158.25,158.2,158.2,188.0
2019-05-31,159.0,159.0,159.0,159.0,911.0
2019-06-10,158.25,158.25,158.25,158.25,128.0
2019-06-11,158.3,158.3,158.25,158.25,109.0
2019-06-12,170.0,171.0,169.0,170.0,6025.0
2019-06-13,165.3,165.3,165.25,165.25,200.0
2019-06-14,165.35001,170.0,165.35001,170.0,1045.0
2019-06-17,163.0,170.0,163.0,170.0,40751.0
2019-06-18,170.0,170.0,170.0,170.0,1194.0
2019-06-19,170.05,170.05,170.05,170.05,1.0
2019-06-20,170.0,170.0,170.0,170.0,110.0
2019-06-21,170.0,170.0,165.14999,166.05,310.0
2019-06-24,160.05,161.7,160.05,161.7,260.0
2019-06-25,164.0,164.0,160.05,164.0,100.0
2019-06-26,162.10001,162.10001,162.0,162.0,80.0
2019-06-28,166.5,166.5,164.60001,165.0,92200.0
2019-07-02,165.0,165.0,165.0,165.0,95.0
2019-07-04,165.0,165.0,163.0,163.0,213.0
2019-07-05,158.7,164.0,158.7,164.0,272.0
2019-07-08,160.0,160.0,160.0,160.0,119.0
2019-07-09,160.60001,165.0,160.10001,160.10001,295.0
2019-07-11,161.0,165.0,159.75,159.75,121.0
2019-07-12,164.89999,164.89999,159.60001,159.60001,210.0
2019-07-16,164.0,170.14999,164.0,170.14999,86600.0
2019-07-17,171.0,178.0,170.0,176.10001,17483.0
2019-07-18,172.45,185.0,172.45,185.0,80391.0
2019-07-19,184.0,185.0,183.0,183.0,2278.0
2019-07-22,183.0,183.0,178.0,178.0,262.0
2019-07-23,176.05,180.0,175.55,180.0,1658.0
2019-07-24,182.0,182.0,180.0,180.0,645.0
2019-07-25,178.0,178.0,177.0,177.10001,210.0
2019-07-26,177.14999,181.89999,177.0,181.0,353.0
2019-07-29,181.0,181.0,178.10001,178.10001,300.0
2019-07-31,178.10001,181.5,174.14999,181.5,2668.0
2019-08-01,180.0,180.0,180.0,180.0,1210.0
2019-08-02,179.05,179.14999,179.05,179.14999,325.0
2019-08-05,179.2,179.2,179.2,179.2,50.0
2019-08-06,179.2,182.5,179.2,182.5,1104.0
2019-08-07,179.2,179.2,179.2,179.2,100.0
2019-08-08,176.0,176.0,176.0,176.0,130.0
2019-08-15,179.0,179.0,176.0,176.0,5001.0
2019-08-23,176.0,176.0,174.05,175.0,417.0
2019-08-28,174.25,174.25,174.25,174.25,110.0
2019-08-29,174.05,174.05,174.05,174.05,50.0
2019-09-03,172.10001,172.10001,172.10001,172.10001,100.0
2019-09-04,170.2,172.0,170.05,172.0,400.0
2019-09-05,170.05,171.0,170.05,170.05,1053.0
2019-09-06,171.05,171.05,168.0,168.0,552.0
2019-09-09,177.0,178.0,177.0,177.5,19058.0
2019-09-10,177.0,178.0,175.7,178.0,6580.0
2019-09-11,178.0,178.95,177.0,178.95,6710.0
2019-09-12,178.95,178.95,178.95,178.95,557.0
2019-09-13,178.0,179.0,176.10001,179.0,1128.0
2019-09-16,176.25,178.0,176.2,176.2,1471.0
2019-09-17,176.2,176.2,175.0,175.0,3270.0
2019-09-18,171.0,171.0,171.0,171.0,70.0
2019-09-19,172.0,175.0,172.0,175.0,128.0
2019-09-20,175.0,175.0,172.45,172.45,930.0
2019-09-23,172.5,172.5,172.0,172.0,927.0
2019-09-25,171.60001,171.60001,171.5,171.5,70.0
2019-09-26,171.5,171.5,171.5,171.5,30.0
2019-09-27,171.14999,174.0,171.05,171.05,5868.0
2019-09-30,171.05,171.05,171.05,171.05,291.0
2019-10-01,170.0,170.0,170.0,170.0,182.0
2019-10-02,170.10001,180.85001,170.10001,180.0,78075.0
2019-10-03,175.05,180.0,175.05,180.0,41949.0
2019-10-04,175.39999,180.05,175.0,180.05,37426.0
2019-10-08,175.0,180.0,175.0,180.0,111220.0
2019-10-09,180.0,180.0,180.0,180.0,810.0
2019-10-10,181.0,181.0,180.0,180.0,1501.0
2019-10-11,175.25,175.25,175.25,175.25,118.0
2019-10-15,181.0,181.0,181.0,181.0,100.0
2019-10-16,175.64999,175.85001,175.64999,175.85001,127.0
2019-10-17,180.0,180.05,180.0,180.0,13625.0
2019-10-18,180.0,180.0,180.0,180.0,1241.0
2019-10-21,180.0,180.0,180.0,180.0,1790.0
2019-10-22,180.0,180.0,180.0,180.0,58.0
2019-10-23,180.0,180.0,180.0,180.0,190.0
2019-10-25,180.0,180.0,180.0,180.0,1301.0
2019-10-28,180.0,180.0,180.0,180.0,259.0
2019-10-29,180.0,180.0,180.0,180.0,110.0
2019-10-30,180.0,180.0,180.0,180.0,435.0
2019-10-31,180.0,180.0,180.0,180.0,1000.0
2019-11-01,180.0,180.0,180.0,180.0,100.0
2019-11-04,180.0,180.0,180.0,180.0,100.0
2019-11-05,179.89999,180.0,179.89999,180.0,787.0
2019-11-07,175.10001,175.10001,175.10001,175.10001,133.0
2019-11-08,176.05,176.05,176.05,176.05,60.0
2019-11-12,176.0,176.0,176.0,176.0,30.0
2019-11-13,177.5,180.0,177.5,180.0,55679.0
2019-11-14,178.55,178.55,178.55,178.55,1610.0
2019-11-20,179.0,179.0,176.05,176.05,449.0
2019-11-22,176.2,176.2,176.2,176.2,286.0
2019-11-26,174.0,179.0,174.0,179.0,1724.0
2019-11-27,180.0,180.0,180.0,180.0,430.0
2019-11-28,180.0,180.0,180.0,180.0,932.0
2019-11-29,176.10001,176.10001,176.10001,176.10001,30.0
2019-12-02,176.8,176.85001,176.75,176.85001,139.0
2019-12-03,180.0,180.5,180.0,180.5,655.0
2019-12-04,180.0,181.39999,180.0,181.39999,1602.0
2019-12-05,180.05,180.05,180.0,180.0,131.0
2019-12-06,180.10001,180.10001,180.0,180.0,520.0
2019-12-10,180.0,180.0,180.0,180.0,647.0
2019-12-11,180.0,180.0,180.0,180.0,542.0
2019-12-12,181.45,181.45,181.45,181.45,30.0
2019-12-13,181.45,181.45,181.45,181.45,4820.0
2019-12-16,180.05,180.05,180.05,180.05,43.0
2019-12-17,180.0,180.0,180.0,180.0,30.0
2019-12-18,180.0,180.0,180.0,180.0,753.0
2019-12-19,180.0,180.0,180.0,180.0,57.0
2019-12-20,180.0,181.0,180.0,181.0,4710.0
2019-12-23,180.05,180.05,180.05,180.05,20.0
2019-12-24,180.0,181.45,180.0,181.45,5247.0
2019-12-25,180.05,180.05,180.05,180.05,100.0
2019-12-26,180.0,180.05,180.0,180.0,489.0
2019-12-27,180.05,180.05,180.0,180.0,905.0
2019-12-30,180.0,180.0,180.0,180.0,4652.0
2019-12-31,180.0,180.0,180.0,180.0,22028.0
2020-01-02,180.0,180.0,180.0,180.0,164.0
2020-01-03,180.0,180.0,180.0,180.0,602.0
2020-01-07,180.0,180.0,180.0,180.0,356.0
2020-01-08,180.0,182.0,180.0,180.0,279.0
2020-01-09,182.0,182.0,180.0,180.0,501.0
2020-01-14,180.0,180.0,180.0,180.0,148.0
2020-01-15,180.0,180.0,180.0,180.0,150.0
2020-01-16,180.05,180.05,180.05,180.05,8756.0
2020-01-17,180.0,180.0,180.0,180.0,372.0
2020-01-21,180.05,181.45,180.05,181.45,112.0
2020-01-22,180.05,180.05,180.05,180.05,7.0
2020-01-23,185.0,185.0,180.0,180.0,690.0
2020-01-24,180.0,180.0,180.0,180.0,3.0
2020-01-27,180.0,180.0,180.0,180.0,50.0
2020-01-28,180.0,183.0,180.0,183.0,44177.0
2020-01-29,180.0,180.0,180.0,180.0,70834.0
2020-01-31,175.0,175.0,175.0,175.0,130.0
2020-02-03,175.0,175.0,175.0,175.0,76.0
2020-02-04,175.0,175.0,175.0,175.0,25.0
2020-02-10,171.25,171.25,157.55,160.0,1523.0
2020-02-11,160.10001,160.10001,160.10001,160.10001,83.0
2020-02-18,165.0,165.0,165.0,165.0,65.0
2020-02-19,165.0,165.0,165.0,165.0,52.0
2020-02-20,165.0,165.0,165.0,165.0,18.0
2020-02-21,161.10001,161.10001,161.10001,161.10001,20.0
2020-02-26,161.60001,161.60001,161.25,161.3,4269.0
2020-02-27,160.05,161.3,160.05,161.3,7120.0
2020-02-28,160.10001,161.3,160.10001,161.3,6026.0
2020-03-02,168.0,168.0,160.0,160.0,531.0
2020-03-03,160.0,160.0,160.0,160.0,53.0
2020-03-06,160.0,160.0,160.0,160.0,70934.0
2020-03-09,144.5,144.5,144.5,144.5,135.0
2020-03-10,150.05,155.0,150.05,151.25,706.0
2020-03-11,152.0,154.0,152.0,154.0,140.0
2020-03-12,148.5,150.0,144.0,150.0,131577.0
2020-03-13,145.0,145.0,144.0,144.0,100.0
2020-03-16,141.0,141.0,140.0,140.0,11.0
2020-03-17,144.0,144.0,144.0,144.0,2.0
2020-03-18,138.60001,141.35001,138.60001,140.0,2855.0
2020-03-19,137.55,137.55,137.25,137.25,1012.0
2020-03-20,135.0,135.0,135.0,135.0,50.0
2020-03-25,138.05,138.05,130.0,130.0,6470.0
2020-03-26,130.0,130.0,127.5,127.5,1249.0
2020-03-27,130.0,130.05,129.0,130.05,355450.0
2020-03-30,135.0,135.14999,130.0,130.0,186.0
2020-04-03,130.5,130.5,130.5,130.5,4007.0
2020-04-07,131.3,131.3,131.3,131.3,39.0
2020-04-15,133.5,133.5,133.5,133.5,77.0
2020-04-21,132.0,133.5,132.0,133.5,113.0
2020-04-22,133.5,133.5,133.5,133.5,43.0
2020-04-23,133.75,134.0,133.5,133.5,1187.0
2020-04-28,135.0,135.0,135.0,135.0,3.0
2020-04-30,140.0,140.0,140.0,140.0,229.0
2020-05-04,145.5,145.5,145.5,145.5,80.0
2020-05-05,151.3,151.3,145.5,145.5,504.0
2020-05-07,147.95,150.0,145.8,145.8,1071.0
2020-05-08,150.0,151.60001,150.0,151.60001,1156.0
2020-05-11,155.0,157.0,153.95,154.0,937.0
2020-05-12,156.5,156.5,148.25,148.25,90.0
2020-05-13,146.14999,146.5,146.14999,146.5,40.0
2020-05-14,146.55,146.55,146.55,146.55,10.0
2020-05-15,147.0,149.0,147.0,149.0,530.0
2020-05-18,149.0,149.0,149.0,149.0,300.0
2020-05-19,150.0,150.0,149.10001,149.10001,353.0
2020-05-20,151.0,151.0,151.0,151.0,100.0
2020-05-21,151.0,151.0,151.0,151.0,45.0
2020-05-22,150.14999,150.14999,150.14999,150.14999,200.0
2020-05-26,153.0,156.0,153.0,156.0,187.0
2020-05-28,156.0,156.0,152.5,152.5,607.0
2020-06-01,155.39999,156.0,155.35001,156.0,1751.0
2020-06-02,153.0,156.0,152.89999,156.0,6032.0
2020-06-03,153.10001,153.10001,153.0,153.0,200.0
2020-06-04,158.0,159.10001,155.0,155.0,457.0
2020-06-05,157.0,157.0,155.0,155.0,798.0
2020-06-08,155.5,155.5,155.0,155.0,6232.0
2020-06-09,155.0,155.10001,155.0,155.10001,110.0
2020-06-12,155.0,155.0,153.5,153.5,100.0
2020-06-16,155.0,155.0,155.0,155.0,100.0
2020-06-17,155.5,161.0,155.5,160.89999,515.0
2020-06-18,164.89999,164.89999,159.0,159.0,115.0
2020-06-19,156.5,156.5,155.05,155.05,204.0
2020-06-22,159.5,159.5,159.5,159.5,100.0
2020-06-23,159.45,159.5,159.45,159.5,50.0
2020-06-24,155.0,155.2,155.0,155.2,170.0
2020-06-25,155.25,155.25,155.25,155.25,13.0
2020-06-26,155.25,155.25,155.2,155.2,565.0
2020-06-29,155.2,155.2,155.0,155.10001,3121.0
2020-06-30,155.14999,155.14999,155.14999,155.14999,6.0
2020-07-02,156.0,156.0,156.0,156.0,300.0
2020-07-08,161.0,161.0,155.0,155.0,61.0
2020-07-10,150.0,150.0,150.0,150.0,23.0
2020-07-14,148.0,148.0,148.0,148.0,53.0
2020-07-15,150.89999,150.89999,150.89999,150.89999,15.0
2020-07-16,150.95,150.95,150.0,150.0,2204.0
2020-07-17,152.89999,155.95,152.89999,155.95,9230.0
2020-07-20,159.0,159.0,159.0,159.0,202.0
2020-07-21,159.0,159.0,159.0,159.0,158.0
2020-07-22,160.0,160.0,160.0,160.0,318.0
2020-07-23,160.0,160.05,160.0,160.0,4319.0
2020-07-29,154.10001,154.60001,154.10001,154.55,204.0
2020-08-04,154.55,154.55,154.55,154.55,83.0
2020-08-11,148.8,149.0,148.39999,148.39999,230.0
2020-08-12,148.0,148.0,148.0,148.0,32.0
2020-08-13,150.0,150.0,150.0,150.0,1.0
2020-08-17,150.0,150.0,150.0,150.0,7024.0
2020-08-18,148.0,148.0,148.0,148.0,1.0
2020-08-19,148.0,148.0,142.10001,143.55,569.0
2020-08-24,148.89999,149.25,148.89999,149.25,15559.0
2020-08-25,154.55,154.55,154.55,154.55,182.0
2020-08-26,157.60001,157.60001,157.0,157.0,163.0
2020-08-27,159.85001,159.85001,159.85001,159.85001,14.0
2020-08-28,153.5,158.95,153.5,158.95,190.0
2020-09-01,152.60001,155.5,152.60001,155.35001,8736.0
2020-09-02,151.0,155.0,151.0,155.0,507.0
2020-09-03,153.14999,154.0,153.14999,154.0,193.0
2020-09-04,156.0,156.0,156.0,156.0,5.0
2020-09-07,154.0,154.0,154.0,154.0,100.0
2020-09-08,156.0,156.2,156.0,156.2,100.0
2020-09-11,155.0,155.0,152.0,152.0,257.0
2020-09-14,152.5,152.5,152.5,152.5,5.0
2020-09-15,152.60001,152.60001,152.60001,152.60001,3.0
2020-09-17,152.60001,152.60001,152.60001,152.60001,20.0
2020-09-18,152.60001,154.5,152.55,152.55,334.0
2020-09-21,156.2,156.2,153.2,153.2,106.0
2020-09-22,151.3,154.5,151.3,154.5,1110.0
2020-09-23,154.0,154.0,151.3,151.3,300.0
2020-09-24,151.35001,153.55,151.35001,152.0,3069.0
2020-09-25,152.10001,152.10001,151.5,151.5,400.0
2020-09-28,154.5,154.5,154.5,154.5,10.0
2020-09-29,154.5,155.0,153.5,153.5,698.0
2020-10-01,153.5,153.5,150.55,150.55,258.0
2020-10-05,153.5,153.5,153.5,153.5,60.0
2020-10-06,153.5,153.5,153.5,153.5,45.0
2020-10-07,153.5,153.5,153.5,153.5,82.0
2020-10-08,155.0,156.55,155.0,156.55,111.0
2020-10-14,156.3,159.0,156.3,159.0,393.0
2020-10-15,160.0,160.0,160.0,160.0,33.0
2020-10-16,160.05,160.05,160.0,160.0,30.0
2020-10-19,162.0,162.05,162.0,162.0,676.0
2020-10-20,162.0,164.60001,162.0,164.60001,123.0
2020-10-21,162.0,162.0,162.0,162.0,70.0
2020-10-27,164.85001,164.85001,164.85001,164.85001,3.0
2020-11-02,164.8,164.8,162.0,162.0,16.0
2020-11-03,160.10001,162.0,160.0,162.0,26527.0
2020-11-04,160.0,160.0,160.0,160.0,308.0
2020-11-05,160.0,160.0,160.0,160.0,150.0
2020-11-10,160.0,160.0,160.0,160.0,2899.0
2020-11-17,155.0,156.10001,155.0,156.10001,161.0
2020-11-19,155.39999,155.39999,155.39999,155.39999,10.0
2020-11-20,155.60001,160.0,155.60001,155.60001,326.0
2020-11-23,155.60001,155.60001,154.64999,155.0,1170.0
2020-11-24,160.0,161.14999,159.89999,161.14999,448.0
2020-11-25,158.5,158.5,158.0,158.0,100.0
2020-11-26,162.0,162.0,162.0,162.0,43.0
2020-11-27,156.89999,162.89999,156.89999,162.89999,94.0
2020-12-01,162.0,162.0,162.0,162.0,2.0
2020-12-03,157.05,158.0,157.05,158.0,118.0
2020-12-04,163.45,163.5,162.0,162.0,1047.0
2020-12-07,157.14999,157.14999,157.14999,157.14999,64.0
2020-12-08,161.95,161.95,161.95,161.95,1200.0
2020-12-10,163.0,163.0,162.8,162.8,28.0
2020-12-11,162.8,163.39999,162.8,163.39999,6419.0
2020-12-17,158.10001,164.35001,158.10001,164.35001,254.0
2020-12-23,163.0,163.0,160.0,160.0,6179.0
2020-12-24,166.35001,166.35001,166.35001,166.35001,564.0
2020-12-25,160.0,169.0,160.0,169.0,7100.0
2020-12-28,169.85001,169.85001,162.25,162.25,12.0
2020-12-29,163.05,163.05,163.05,163.05,1.0
2020-12-30,162.25,162.25,162.25,162.25,1350.0
2020-12-31,158.0,162.0,158.0,162.0,110.0
2021-01-05,164.89999,165.0,164.89999,165.0,1006.0
2021-01-06,160.0,160.0,159.0,159.0,63.0
2021-01-12,165.35001,165.35001,165.35001,165.35001,82.0
2021-01-13,171.0,171.89999,165.35001,171.8,2723.0
2021-01-14,171.8,171.8,166.75,170.3,189.0
2021-01-15,170.0,170.10001,168.0,170.0,1209.0
2021-01-19,168.0,169.5,167.55,169.5,148.0
2021-01-20,168.0,168.0,168.0,168.0,2.0
2021-01-21,167.3,172.0,167.0,168.5,499.0
2021-01-22,168.0,168.0,168.0,168.0,286.0
2021-01-25,168.0,168.0,168.0,168.0,1.0
2021-01-26,171.95,171.95,167.0,167.0,425.0
2021-01-27,169.7,169.7,169.7,169.7,6.0
2021-01-28,167.0,167.0,167.0,167.0,142.0
2021-01-29,167.5,169.64999,167.5,169.64999,183.0
2021-02-01,169.64999,169.64999,169.64999,169.64999,6.0
2021-02-02,169.64999,171.5,169.64999,171.5,45.0
2021-02-03,170.0,172.0,170.0,172.0,1454.0
2021-02-04,172.0,178.85001,172.0,178.0,10484.0
2021-02-08,178.0,178.0,175.0,175.0,17.0
2021-02-09,175.0,175.0,175.0,175.0,4.0
2021-02-10,172.0,172.0,170.0,170.0,128.0
2021-02-11,169.0,174.95,169.0,174.95,6.0
2021-02-12,170.0,170.0,170.0,170.0,5.0
2021-02-17,174.89999,174.95,174.89999,174.95,25.0
2021-02-19,171.0,174.85001,171.0,171.0,117.0
2021-02-22,171.0,171.0,167.14999,167.7,151.0
2021-02-23,170.5,171.0,170.5,171.0,140.0
2021-02-24,173.8,173.8,167.0,167.0,243.0
2021-02-25,167.0,167.0,167.0,167.0,600.0
2021-02-26,167.10001,167.10001,167.0,167.0,40.0
2021-03-01,167.05,167.05,167.0,167.0,50.0
2021-03-04,165.05,165.05,165.0,165.0,100.0
2021-03-05,171.55,171.55,171.55,171.55,1.0
2021-03-11,168.0,168.0,168.0,168.0,30.0
2021-03-12,171.55,171.55,171.5,171.55,733.0
2021-03-15,171.0,171.0,171.0,171.0,100.0
2021-03-17,170.0,170.0,170.0,170.0,110.0
2021-03-22,168.05,168.05,168.05,168.05,9.0
2021-03-23,168.05,168.05,168.05,168.05,34.0
2021-03-24,172.0,172.0,168.0,171.0,145.0
2021-03-25,170.0,170.0,170.0,170.0,500.0
2021-03-26,170.0,170.0,170.0,170.0,98.0
2021-03-29,172.5,172.5,172.5,172.5,4.0
2021-03-30,170.0,170.0,170.0,170.0,10.0
2021-03-31,172.0,172.0,172.0,172.0,635.0
2021-04-01,173.5,174.0,170.0,170.0,223.0
2021-04-02,171.0,174.0,171.0,174.0,46.0
2021-04-05,172.0,172.0,172.0,172.0,340.0
2021-04-06,172.0,172.0,172.0,172.0,40.0
2021-04-07,174.0,174.0,174.0,174.0,2.0
2021-04-08,172.0,172.0,171.10001,171.10001,175.0
2021-04-09,174.0,174.0,172.2,172.2,12.0
2021-04-12,172.2,172.2,171.5,171.5,249.0
2021-04-13,172.10001,172.10001,172.0,172.0,160.0
2021-04-14,172.3,172.3,172.3,172.3,200.0
2021-04-15,172.5,172.5,172.5,172.5,215.0
2021-04-16,171.5,177.0,171.5,176.5,23551.0
2021-04-19,174.05,176.0,174.05,176.0,3549.0
2021-04-20,176.10001,176.10001,176.10001,176.10001,362.0
2021-04-21,176.14999,177.8,176.14999,177.8,5062.0
2021-04-22,177.0,179.5,177.0,179.5,8.0
2021-04-23,177.14999,177.14999,177.14999,177.14999,237.0
2021-04-26,177.14999,177.14999,177.14999,177.14999,2.0
2021-04-27,179.5,179.8,179.5,179.8,150.0
2021-04-28,179.8,185.0,177.55,180.0,12876.0
2021-04-29,187.0,187.0,181.0,181.0,55.0
2021-04-30,183.0,185.0,183.0,185.0,10532.0
2021-05-03,184.0,184.0,184.0,184.0,7221.0
2021-05-04,184.2,185.0,184.2,185.0,8343.0
2021-05-05,185.39999,185.39999,185.39999,185.39999,5783.0
2021-05-06,186.25,186.25,185.3,185.3,548.0
2021-05-07,186.2,189.0,186.0,189.0,225.0
2021-05-11,188.0,195.0,188.0,195.0,1041.0
2021-05-12,188.10001,188.10001,188.10001,188.10001,10.0
2021-05-17,188.5,190.0,188.5,188.5,125.0
2021-05-18,190.0,190.0,190.0,190.0,10.0
2021-05-19,188.55,189.25,188.5,188.5,327.0
2021-05-20,188.5,188.5,188.5,188.5,155.0
2021-05-21,189.0,189.0,189.0,189.0,60.0
2021-05-24,195.0,195.0,186.10001,186.10001,370.0
2021-05-25,186.2,186.35001,186.2,186.35001,4094.0
2021-05-26,186.35001,186.35001,186.35001,186.35001,300.0
2021-05-27,186.39999,186.39999,186.39999,186.39999,88.0
2021-05-31,186.5,186.5,186.35001,186.5,437.0
2021-06-01,186.60001,186.60001,186.60001,186.60001,100.0
2021-06-02,186.64999,186.64999,186.5,186.5,57.0
2021-06-03,186.55,186.60001,186.5,186.5,293.0
2021-06-04,187.35001,187.5,187.35001,187.5,161.0
2021-06-08,188.25,191.0,188.25,191.0,46.0
2021-06-09,188.3,191.0,188.0,191.0,977.0
2021-06-10,191.5,191.5,188.2,188.2,50.0
2021-06-11,191.5,192.0,190.0,190.0,492.0
2021-06-14,189.0,192.0,189.0,192.0,309.0
2021-06-15,190.10001,194.0,190.10001,194.0,304.0
2021-06-16,194.0,194.0,190.14999,190.14999,368.0
2021-06-17,190.14999,191.0,190.14999,191.0,4312.0
2021-06-18,191.0,191.0,188.10001,188.10001,100.0
2021-06-21,193.85001,194.0,193.85001,194.0,223.0
2021-06-22,194.95,201.0,194.95,201.0,737.0
2021-06-23,209.0,209.0,196.0,196.0,1092.0
2021-06-24,203.8,203.8,203.8,203.8,50.0
2021-06-25,196.0,202.3,196.0,196.0,1220.0
2021-06-29,192.5,199.85001,192.5,199.85001,52.0
2021-06-30,201.39999,201.39999,193.0,193.0,109.0
2021-07-05,191.0,191.0,190.25,191.0,211.0
2021-07-06,191.0,191.0,190.0,190.0,468.0
2021-07-07,190.0,197.55,190.0,190.0,202.0
2021-07-12,190.0,191.0,190.0,190.0,6182.0
2021-07-13,190.0,190.0,190.0,190.0,58.0
2021-07-15,190.0,190.0,186.25,190.0,619.0
2021-07-16,190.0,194.89999,190.0,190.0,130.0
2021-07-19,190.0,190.0,190.0,190.0,50.0
2021-07-26,190.5,190.5,190.5,190.5,1.0
2021-07-27,188.0,188.0,188.0,188.0,128.0
2021-07-28,190.0,190.0,188.0,188.0,5374.0
2021-08-02,187.2,187.2,187.2,187.2,363.0
2021-08-03,187.3,190.0,187.3,190.0,75.0
2021-08-04,190.0,193.5,190.0,190.0,667.0
2021-08-05,190.0,190.0,190.0,190.0,140.0
2021-08-06,190.0,193.5,190.0,190.0,141.0
2021-08-11,190.5,190.5,190.0,190.5,150.0
2021-08-12,191.0,191.0,191.0,191.0,100.0
2021-08-13,190.0,190.0,190.0,190.0,50.0
2021-08-16,190.0,192.0,190.0,192.0,204.0
2021-08-17,190.0,190.0,190.0,190.0,389.0
2021-08-18,190.10001,194.45,190.10001,191.10001,410.0
2021-08-19,190.10001,190.10001,190.0,190.0,657.0
2021-08-24,190.5,190.5,190.0,190.0,242.0
2021-08-26,190.0,190.0,190.0,190.0,50.0
2021-08-27,190.0,191.0,190.0,191.0,22.0
2021-08-31,190.05,190.05,190.05,190.05,11.0
2021-09-01,190.0,190.0,190.0,190.0,132.0
2021-09-02,190.0,190.0,190.0,190.0,50.0
2021-09-03,190.0,190.0,190.0,190.0,3.0
2021-09-06,190.0,190.05,185.0,185.0,1089.0
2021-09-10,187.0,192.0,187.0,187.0,250.0
2021-09-14,187.05,187.05,187.05,187.05,60.0
2021-09-15,187.0,192.39999,187.0,187.05,145.0
2021-09-17,188.25,188.25,187.0,187.0,42421.0
2021-09-20,187.10001,187.10001,187.0,187.0,232.0
2021-09-22,187.05,190.0,187.0,190.0,211.0
2021-09-23,190.0,190.0,190.0,190.0,188.0
2021-09-24,190.0,192.0,190.0,190.0,74.0
2021-09-28,190.0,190.0,187.0,187.0,183.0
2021-09-29,187.0,187.0,187.0,187.0,23.0
2021-09-30,187.0,187.05,187.0,187.05,4378.0
2021-10-01,193.0,193.0,193.0,193.0,1880.0
2021-10-04,187.0,187.0,186.14999,186.14999,256.0
2021-10-05,193.55,193.55,193.55,193.55,1000.0
2021-10-06,189.14999,189.14999,189.14999,189.14999,110.0
2021-10-07,187.5,187.5,186.14999,186.14999,1380.0
2021-10-08,186.60001,186.60001,186.60001,186.60001,30.0
2021-10-12,192.0,193.0,192.0,193.0,115.0
2021-10-13,187.0,187.0,187.0,187.0,1.0
2021-10-14,186.39999,186.39999,186.39999,186.39999,20.0
2021-10-18,186.45,186.5,186.45,186.5,290.0
2021-10-21,192.75,192.75,187.0,187.0,176.0
2021-10-22,187.45,187.45,187.05,187.05,320.0
2021-10-25,187.10001,187.10001,187.05,187.05,130.0
2021-10-26,187.5,192.5,187.05,192.45,55.0
2021-10-27,187.2,192.60001,187.2,192.60001,52.0
2021-10-28,187.55,192.0,187.55,192.0,3230.0
2021-10-29,191.89999,191.89999,188.75,188.75,23.0
2021-11-01,192.5,192.60001,188.60001,188.60001,35.0
2021-11-02,188.89999,188.89999,188.75,188.75,21.0
2021-11-05,187.39999,187.39999,187.2,187.2,119.0
2021-11-08,192.0,192.5,191.85001,192.0,8846.0
2021-11-09,192.7,192.7,192.0,192.0,72.0
2021-11-10,188.0,188.0,187.25,187.25,180.0
2021-11-12,192.0,195.0,187.25,189.55,29059.0
2021-11-15,189.55,189.60001,189.55,189.60001,1665.0
2021-11-16,189.60001,189.60001,189.55,189.55,214.0
2021-11-17,190.0,192.0,190.0,192.0,10767.0
2021-11-24,187.0,187.2,187.0,187.2,28.0
2021-11-29,188.0,188.0,187.2,187.2,365.0
2021-11-30,187.2,191.95,187.2,191.95,60.0
2021-12-01,187.64999,187.64999,187.64999,187.64999,10.0
2021-12-02,187.64999,194.0,187.64999,194.0,361.0
2021-12-03,187.85001,187.85001,187.85001,187.85001,10.0
2021-12-07,188.05,188.05,187.2,187.2,829.0
2021-12-09,187.25,187.25,187.25,187.25,10.0
2021-12-10,187.3,187.3,187.3,187.3,100.0
2021-12-14,187.3,187.3,187.3,187.3,342.0
2021-12-15,187.3,187.3,187.3,187.3,132.0
2021-12-17,187.3,188.0,187.3,188.0,130.0
2021-12-20,187.14999,187.14999,187.14999,187.14999,1.0
2021-12-22,187.10001,191.95,187.10001,191.95,14.0
2021-12-24,187.14999,187.14999,187.14999,187.14999,6.0
2021-12-28,187.5,189.0,187.3,187.5,43238.0
2021-12-30,187.5,192.89999,187.5,192.89999,1525.0
2021-12-31,194.0,196.0,192.89999,196.0,1240.0
2022-01-05,188.55,196.0,188.55,196.0,70.0
2022-01-07,196.0,196.0,196.0,196.0,23.0
2022-01-10,196.0,196.0,196.0,196.0,15.0
2022-01-13,190.0,190.14999,190.0,190.0,115.0
2022-01-14,195.0,195.0,190.0,190.0,102.0
2022-01-18,190.05,190.05,190.05,190.05,1.0
2022-01-19,194.5,194.5,194.5,194.5,81.0
2022-01-20,191.05,191.05,191.05,191.05,50.0
2022-01-21,191.14999,194.8,191.14999,194.8,16706.0
2022-01-24,192.10001,192.10001,191.10001,191.10001,100.0
2022-01-25,194.0,194.0,194.0,194.0,25.0
2022-01-27,191.2,191.2,191.14999,191.14999,100.0
2022-01-28,191.2,191.3,191.2,191.3,126.0
2022-01-31,194.0,194.0,194.0,194.0,50.0
2022-02-01,194.0,195.8,191.35001,195.8,107.0
2022-02-02,191.35001,192.0,191.35001,192.0,60.0
2022-02-03,193.0,193.0,193.0,193.0,109.0
2022-02-07,194.0,194.0,194.0,194.0,254.0
2022-02-08,194.0,195.5,192.0,192.0,66.0
2022-02-10,195.0,195.0,195.0,195.0,100.0
2022-02-15,192.0,195.0,192.0,195.0,5566.0
2022-02-17,191.3,191.3,191.3,191.3,155.0
2022-02-21,191.35001,191.35001,191.35001,191.35001,40.0
2022-02-22,191.25,191.25,185.55,186.0,218.0
2022-02-23,192.0,192.0,192.0,192.0,10.0
2022-02-28,188.0,188.0,188.0,188.0,1.0
2022-03-01,186.55,187.0,186.55,187.0,240.0
2022-03-03,186.55,186.55,186.55,186.55,450.0
2022-03-04,186.55,186.55,185.7,185.7,5366.0
2022-03-07,185.7,186.5,184.95,186.5,165.0
2022-03-08,175.35001,186.0,175.35001,186.0,30.0
2022-03-09,189.45,189.45,180.0,180.0,157.0
2022-03-10,180.2,180.3,180.2,180.3,7.0
2022-03-15,180.3,180.3,176.0,176.0,75.0
2022-03-21,176.5,176.5,176.5,176.5,119.0
2022-03-24,180.0,180.0,180.0,180.0,19.0
2022-03-25,176.55,176.55,170.10001,170.10001,1118.0
2022-03-28,171.05,171.05,171.05,171.05,20000.0
2022-03-29,171.14999,171.14999,171.14999,171.14999,1000.0
2022-03-30,172.10001,172.10001,171.10001,171.10001,296.0
2022-03-31,171.10001,171.10001,171.05,171.05,50.0
2022-04-04,171.5,171.5,171.5,171.5,10.0
2022-04-05,176.2,176.2,176.0,176.2,310.0
2022-04-07,176.0,176.0,176.0,176.0,50.0
2022-04-11,176.10001,176.10001,176.10001,176.10001,1.0
2022-04-12,178.0,180.0,176.3,176.35001,15391.0
2022-04-14,186.89999,186.89999,177.55,177.55,150.0
2022-04-15,180.0,180.0,177.0,177.0,200.0
2022-04-18,184.95,184.95,184.95,184.95,3.0
2022-04-19,184.10001,184.10001,182.0,182.0,177.0
2022-04-20,182.0,182.05,182.0,182.05,5020.0
2022-04-22,182.5,182.5,180.0,180.0,435.0
2022-04-25,176.5,176.5,176.5,176.5,90.0
2022-04-26,180.0,180.0,180.0,180.0,114.0
2022-04-27,176.5,176.5,176.5,176.5,100.0
2022-05-04,176.5,184.35001,176.5,184.35001,250.0
2022-05-05,184.45,184.45,180.0,180.0,31.0
2022-05-06,180.0,180.0,177.5,177.5,147.0
2022-05-11,180.0,180.0,176.64999,176.64999,1214.0
2022-05-12,176.64999,180.0,176.64999,180.0,282.0
2022-05-13,176.7,180.0,176.7,176.8,402.0
2022-05-16,180.0,180.0,180.0,180.0,104.0
2022-05-17,176.85001,176.85001,176.85001,176.85001,19.0
2022-05-26,180.0,180.0,180.0,180.0,3000.0
2022-05-27,176.89999,182.0,176.85001,176.85001,80.0
2022-05-30,180.0,181.85001,180.0,181.8,118.0
2022-05-31,181.8,181.8,181.8,181.8,6.0
2022-06-01,181.05,181.05,181.05,181.05,31.0
2022-06-02,181.05,182.0,181.05,181.10001,403.0
2022-06-03,182.0,182.0,181.05,181.05,58.0
2022-06-06,181.10001,181.10001,181.10001,181.10001,40.0
2022-06-07,178.2,178.2,178.2,178.2,400.0
2022-06-08,178.25,180.0,178.25,180.0,166.0
2022-06-09,178.45,178.45,178.45,178.45,100.0
2022-06-13,178.3,178.3,178.3,178.3,6.0
2022-06-14,178.60001,178.60001,178.60001,178.60001,15.0
2022-06-15,180.0,180.0,180.0,180.0,2.0
2022-06-17,180.0,180.0,178.85001,180.0,307.0
2022-06-21,180.0,180.0,180.0,180.0,50.0
2022-06-23,180.0,180.0,180.0,180.0,200.0
2022-06-24,180.0,185.0,180.0,185.0,1002.0
2022-06-27,175.10001,175.10001,175.10001,175.10001,100.0
2022-06-28,177.5,177.64999,177.5,177.64999,129.0
2022-06-29,180.0,183.89999,180.0,183.89999,1015.0
2022-06-30,180.0,180.0,180.0,180.0,218.0
2022-07-04,180.0,181.0,180.0,180.0,149.0
2022-07-06,180.0,180.0,180.0,180.0,1549.0
2022-07-07,180.0,180.0,180.0,180.0,170.0
2022-07-12,180.0,180.0,180.0,180.0,59.0
2022-07-13,181.5,181.5,181.5,181.5,22.0
2022-07-14,180.0,182.0,180.0,180.0,545.0
2022-07-15,180.0,180.0,180.0,180.0,22.0
2022-07-21,180.0,180.0,180.0,180.0,500.0
2022-07-22,183.89999,190.7,180.10001,180.10001,404.0
2022-07-25,181.0,190.89999,181.0,181.0,61.0
2022-07-27,181.0,181.0,181.0,181.0,286.0
2022-07-29,181.0,181.0,181.0,181.0,106.0
2022-08-02,185.0,185.0,185.0,185.0,130.0
2022-08-03,182.0,182.0,181.0,181.0,6.0
2022-08-04,181.0,181.0,181.0,181.0,24.0
2022-08-05,186.35001,186.39999,181.0,181.0,141.0
2022-08-08,183.0,183.0,183.0,183.0,19.0
2022-08-09,181.0,183.0,181.0,183.0,111.0
2022-08-10,181.0,181.0,181.0,181.0,20.0
2022-08-11,182.0,182.0,180.0,180.0,965.0
2022-08-12,181.0,181.0,181.0,181.0,17.0
2022-08-16,181.0,184.0,181.0,184.0,237.0
2022-08-17,186.8,186.89999,183.0,183.0,287.0
2022-08-22,181.05,182.5,181.05,182.10001,183.0
2022-08-25,180.05,180.14999,180.05,180.10001,378.0
2022-08-26,180.05,180.05,180.05,180.05,100.0
2022-08-31,185.0,190.0,185.0,190.0,3298.0
2022-09-01,193.0,201.35001,193.0,201.35001,1364.0
2022-09-02,213.39999,213.39999,212.0,213.39999,3912.0
2022-09-05,220.0,226.0,218.0,220.0,2681.0
2022-09-06,230.0,233.14999,224.0,233.14999,1124.0
2022-09-07,246.89999,246.89999,226.0,228.2,1637.0
2022-09-08,233.95,233.95,227.0,232.0,403.0
2022-09-09,226.25,233.0,222.0,223.0,551.0
2022-09-12,232.0,233.0,232.0,233.0,849.0
2022-09-13,234.0,246.95,234.0,246.95,1786.0
2022-09-14,249.95,261.75,249.89999,261.75,13318.0
2022-09-15,273.0,277.0,247.5,260.0,2250.0
2022-09-16,266.0,266.0,248.2,260.0,1285.0
2022-09-19,250.0,260.0,250.0,251.10001,219.0
2022-09-20,253.2,256.95001,250.0,251.0,617.0
2022-09-21,249.05,255.0,248.10001,254.0,661.0
2022-09-22,254.0,259.89999,249.0,251.0,535.0
2022-09-23,251.5,257.5,248.5,248.5,450.0
2022-09-26,258.0,258.0,248.10001,253.89999,29.0
2022-09-27,249.0,250.0,248.0,248.0,305.0
2022-09-28,246.0,246.0,236.0,236.0,3737.0
2022-09-29,231.0,236.0,231.0,236.0,2501.0
2022-09-30,242.89999,243.0,240.0,240.0,3058.0
2022-10-03,228.0,237.0,228.0,235.0,1137.0
2022-10-04,235.0,237.5,231.10001,236.0,307.0
2022-10-05,233.0,239.0,233.0,239.0,12.0
2022-10-06,237.0,240.0,235.0,235.0,172.0
2022-10-07,239.8,239.8,233.0,233.0,15.0
2022-10-13,238.5,240.0,234.0,234.0,48.0
2022-10-14,229.10001,234.0,229.0,229.0,450.0
2022-10-17,227.3,227.3,216.0,220.0,409.0
2022-10-18,219.10001,220.0,219.10001,219.10001,348.0
2022-10-20,218.0,218.0,215.0,215.0,290.0
2022-10-21,213.0,215.0,212.10001,212.10001,281.0
2022-10-24,219.89999,219.89999,212.0,212.0,192.0
2022-10-25,219.95,224.7,219.89999,224.7,251.0
2022-10-26,230.0,237.0,230.0,230.2,843.0
2022-10-27,234.0,244.0,233.3,238.0,1172.0
2022-10-28,244.85001,244.85001,237.89999,237.89999,605.0
2022-10-31,238.0,238.0,238.0,238.0,3779.0
2022-11-01,236.39999,236.39999,236.39999,236.39999,10.0
2022-11-02,232.39999,232.39999,232.39999,232.39999,40.0
2022-11-03,231.05,231.05,230.0,230.0,285.0
2022-11-04,234.0,238.0,226.05,226.05,568.0
2022-11-07,237.95,237.95,219.0,219.0,362.0
2022-11-08,217.0,229.0,215.10001,229.0,271.0
2022-11-09,233.0,233.0,233.0,233.0,1.0
2022-11-10,221.0,221.0,221.0,221.0,109.0
2022-11-11,231.95,231.95,218.0,218.0,385.0
2022-11-14,219.0,219.05,219.0,219.0,26.0
2022-11-15,226.95,226.95,226.95,226.95,10.0
2022-11-16,227.0,232.95,220.0,220.0,752.0
2022-11-17,220.0,221.0,220.0,220.0,232.0
2022-11-21,221.0,221.0,215.0,215.0,305.0
2022-11-22,222.8,223.0,222.8,223.0,66.0
2022-11-23,218.60001,224.0,218.0,224.0,199.0
2022-11-24,219.0,219.0,219.0,219.0,100.0
2022-11-25,219.0,222.0,215.2,215.2,100.0
2022-11-28,216.14999,216.14999,215.5,215.7,220.0
2022-11-29,223.0,223.0,216.0,216.2,188.0
2022-11-30,223.0,225.0,219.89999,219.89999,512.0
2022-12-02,221.55,224.0,220.0,220.0,267.0
2022-12-06,228.7,228.8,222.0,222.0,137.0
2022-12-07,222.5,222.5,222.5,222.5,11.0
2022-12-08,224.0,224.0,224.0,224.0,2.0
2022-12-09,215.0,215.0,215.0,215.0,92.0
2022-12-12,225.0,225.0,218.2,218.2,27.0
2022-12-13,219.0,219.0,218.0,218.0,128.0
2022-12-15,211.25,211.25,211.25,211.25,113.0
2022-12-16,215.0,215.10001,211.10001,211.10001,224.0
2022-12-19,212.0,212.0,210.5,210.5,8.0
2022-12-20,210.5,210.5,210.5,210.5,4.0
2022-12-21,216.0,216.0,207.60001,207.60001,80.0
2022-12-22,208.2,210.0,208.0,210.0,19.0
2022-12-23,217.85001,217.85001,206.10001,206.2,804.0
2022-12-26,218.55,218.55,218.55,218.55,754.0
2022-12-27,218.55,231.64999,210.5,231.64999,467362.0
2022-12-28,220.0,245.0,220.0,245.0,6459.0
2022-12-29,244.0,245.0,230.35001,230.35001,402.0
2022-12-30,231.60001,231.60001,230.0,230.0,2293.0
2023-01-02,241.75,241.75,241.75,241.75,51.0
2023-01-05,236.95,236.95,227.25,227.25,37.0
2023-01-06,221.5,221.5,220.0,220.0,95.0
2023-01-10,220.0,225.0,220.0,225.0,95.0
2023-01-12,216.60001,229.95,216.60001,229.95,105.0
2023-01-13,222.0,222.0,222.0,222.0,65.0
2023-01-16,234.0,234.0,233.0,233.95,20.0
2023-01-17,233.0,245.0,233.0,245.0,10508.0
2023-01-18,245.0,247.5,245.0,247.5,309.0
2023-01-19,245.0,247.89999,245.0,245.0,521.0
2023-01-20,240.0,240.0,240.0,240.0,50.0
2023-01-23,240.0,240.0,240.0,240.0,327.0
2023-01-24,240.0,245.95,240.0,245.0,10077.0
2023-01-25,246.0,247.0,246.0,247.0,75.0
2023-01-26,245.0,245.0,245.0,245.0,446.0
2023-01-27,245.0,245.0,245.0,245.0,6618.0
2023-01-30,245.0,245.0,245.0,245.0,317.0
2023-01-31,245.0,245.0,245.0,245.0,50.0
2023-02-01,245.0,245.0,245.0,245.0,100.0
2023-02-02,245.0,245.0,245.0,245.0,1000.0
2023-02-03,245.0,245.0,238.0,238.0,450.0
2023-02-06,245.0,249.0,245.0,249.0,874.0
2023-02-07,244.0,244.0,242.10001,242.10001,211.0
2023-02-08,245.0,245.0,242.14999,242.14999,107.0
2023-02-09,245.0,245.0,245.0,245.0,21.0
2023-02-10,248.95,249.0,245.0,245.0,180.0
2023-02-13,245.10001,245.10001,242.0,242.0,115.0
2023-02-14,242.14999,245.0,242.14999,245.0,613.0
2023-02-15,245.0,245.5,245.0,245.5,70.0
2023-02-16,245.0,245.0,245.0,245.0,500.0
2023-02-17,248.95,248.95,241.5,242.0,918.0
2023-02-20,240.0,240.0,240.0,240.0,100.0
2023-02-21,248.89999,254.35001,246.14999,246.14999,1818.0
2023-02-22,253.0,253.0,248.0,253.0,400.0
2023-02-23,255.0,255.0,243.0,243.0,700.0
2023-02-24,254.0,254.0,248.0,248.0,323.0
2023-02-27,253.89999,255.0,253.89999,255.0,417.0
2023-02-28,254.5,254.5,254.5,254.5,60.0
2023-03-01,248.2,253.0,248.2,248.2,71.0
2023-03-02,254.0,255.8,249.10001,249.10001,292.0
2023-03-06,254.60001,254.60001,249.0,249.0,61.0
2023-03-07,253.85001,253.85001,253.85001,253.85001,1.0
2023-03-08,250.0,253.7,250.0,253.7,106.0
2023-03-09,250.0,250.0,250.0,250.0,30.0
2023-03-10,250.0,250.05,250.0,250.0,4159.0
2023-03-13,250.0,250.05,250.0,250.0,175.0
2023-03-14,250.0,250.0,250.0,250.0,86.0
2023-03-15,250.0,250.0,250.0,250.0,279.0
2023-03-16,250.0,253.5,250.0,250.0,181.0
2023-03-17,250.05,250.05,250.0,250.0,455.0
2023-03-21,240.0,245.0,240.0,245.0,8053.0
2023-03-22,240.0,251.0,240.0,250.0,190.0
2023-03-23,250.0,251.89999,250.0,250.0,412.0
2023-03-24,248.0,248.0,248.0,248.0,3100.0
2023-03-27,248.0,248.0,248.0,248.0,50.0
2023-03-28,251.89999,251.89999,248.0,248.0,8.0
2023-03-29,248.2,248.25,248.2,248.25,202.0
2023-03-30,255.0,255.0,248.25,248.25,76.0
2023-03-31,248.5,248.5,248.25,248.25,2240.0
2023-04-05,250.0,250.0,250.0,250.0,1.0
2023-04-06,250.5,250.5,250.5,250.5,1.0
2023-04-07,254.89999,254.89999,250.0,250.0,60.0
2023-04-10,253.0,253.0,253.0,253.0,1.0
2023-04-12,250.0,254.75,250.0,250.0,1241.0
2023-04-14,250.05,250.05,250.05,250.05,1.0
2023-04-17,250.05,250.05,250.0,250.0,59.0
2023-04-18,250.0,250.0,250.0,250.0,318.0
2023-04-19,255.0,255.0,254.95,255.0,40.0
2023-04-20,250.05,255.0,250.05,250.05,28.0
2023-04-21,250.05,250.05,250.05,250.05,10.0
2023-04-25,250.05,250.05,250.05,250.05,179.0
2023-04-26,250.05,250.05,250.0,250.0,1336.0
2023-04-28,254.89999,254.89999,250.0,250.0,201.0
2023-05-02,250.05,250.05,250.0,250.0,1592.0
2023-05-03,254.0,254.0,254.0,254.0,11.0
2023-05-04,254.0,254.0,250.0,250.0,177.0
2023-05-05,250.10001,250.10001,250.10001,250.10001,4.0
2023-05-08,254.95,254.95,254.95,254.95,1.0
2023-05-09,251.0,251.0,251.0,251.0,12.0
2023-05-10,254.89999,254.89999,254.89999,254.89999,1.0
2023-05-11,250.0,250.5,250.0,250.5,1013.0
2023-05-12,250.0,250.0,250.0,250.0,10.0
2023-05-15,250.10001,258.85001,250.0,258.85001,101.0
2023-05-17,251.60001,251.60001,251.60001,251.60001,2.0
2023-05-18,250.0,254.0,250.0,250.0,302.0
2023-05-19,250.0,250.0,250.0,250.0,10.0
2023-05-23,250.0,254.0,250.0,254.0,130.0
2023-05-24,250.5,250.5,250.5,250.5,16000.0
2023-05-25,250.0,250.05,250.0,250.0,267.0
2023-05-26,250.0,250.0,250.0,250.0,100.0
2023-05-29,250.05,252.0,250.0,250.0,122.0
2023-05-30,250.0,250.0,250.0,250.0,22.0
2023-05-31,250.0,250.0,250.0,250.0,293.0
2023-06-01,250.0,250.0,250.0,250.0,150.0
2023-06-02,250.0,252.0,250.0,250.0,530.0
2023-06-06,251.0,251.0,251.0,251.0,10.0
2023-06-07,252.0,252.0,252.0,252.0,1.0
2023-06-09,250.0,250.0,250.0,250.0,95.0
2023-06-12,250.0,250.0,250.0,250.0,146.0
2023-06-13,250.0,250.0,250.0,250.0,55.0
2023-06-14,252.0,252.0,252.0,252.0,10.0
2023-06-15,250.0,250.0,250.0,250.0,80.0
2023-06-16,252.0,252.0,250.0,250.0,2679.0
2023-06-19,250.0,252.0,250.0,250.0,139.0
2023-06-20,250.0,250.0,250.0,250.0,70.0
2023-06-23,250.0,251.5,250.0,251.5,14.0
2023-06-26,251.5,251.5,251.5,251.5,21.0
2023-06-27,250.0,251.5,250.0,251.5,203225.0
2023-07-03,250.0,251.0,250.0,251.0,192.0
2023-07-04,251.0,251.0,251.0,251.0,54.0
2023-07-05,251.0,251.0,250.0,250.0,349.0
2023-07-07,250.0,250.0,250.0,250.0,69.0
2023-07-10,255.0,255.0,255.0,255.0,30.0
2023-07-11,253.5,253.5,253.5,253.5,120.0
2023-07-12,250.05,250.05,250.0,250.0,298.0
2023-07-13,250.0,250.0,250.0,250.0,5.0
2023-07-14,251.0,251.0,251.0,251.0,32.0
2023-07-18,250.0,250.0,250.0,250.0,4.0
2023-07-21,254.95,258.0,250.0,250.0,1023.0
2023-07-24,257.95001,257.95001,250.0,250.0,615.0
2023-07-25,250.05,250.05,250.0,250.0,40.0
2023-07-26,256.5,256.5,250.10001,250.10001,30.0
2023-07-27,250.10001,250.10001,250.10001,250.10001,3.0
2023-07-31,257.95001,257.95001,257.89999,257.89999,4.0
2023-08-01,250.5,251.0,250.0,251.0,1505.0
2023-08-02,251.0,251.0,251.0,251.0,25.0
2023-08-03,251.0,251.0,250.0,250.0,454.0
2023-08-04,257.89999,257.89999,250.0,250.0,108.0
2023-08-07,250.05,250.05,250.05,250.05,214784.0
2023-08-09,250.0,257.0,250.0,250.0,750.0
2023-08-10,256.95001,256.95001,250.0,250.0,12.0
2023-08-11,250.0,250.05,250.0,250.05,92480.0
2023-08-15,256.95001,258.0,256.95001,258.0,200.0
2023-08-16,256.0,256.0,250.10001,250.10001,43.0
2023-08-23,258.0,258.0,258.0,258.0,4.0
2023-08-24,250.0,250.0,250.0,250.0,50.0
2023-08-31,250.10001,250.10001,250.10001,250.10001,4.0
2023-09-01,257.0,257.0,251.0,251.0,50.0
2023-09-04,256.0,256.0,256.0,256.0,3.0
2023-09-05,257.95001,257.95001,257.95001,257.95001,1.0
2023-09-06,251.0,251.0,250.0,250.0,210.0
2023-09-07,253.95,262.0,250.0,262.0,36308.0
2023-09-08,262.0,267.0,255.0,267.0,18827.0
2023-09-12,251.0,251.0,251.0,251.0,200.0
2023-09-13,251.0,251.0,250.0,250.0,2000.0
2023-09-14,264.0,264.0,264.0,264.0,1044.0
2023-09-15,264.0,279.0,264.0,272.0,38862.0
2023-09-18,274.89999,275.0,274.89999,275.0,40000.0
2023-09-19,270.0,270.0,270.0,270.0,1188.0
2023-09-20,270.0,270.0,270.0,270.0,3.0
2023-09-21,278.89999,278.89999,260.0,260.0,26.0
2023-09-22,272.0,272.0,272.0,272.0,9891.0
2023-09-25,276.0,276.0,275.0,275.0,19.0
2023-09-26,261.0,275.0,261.0,275.0,71.0
2023-10-02,270.0,270.20001,270.0,270.04999,2245.0
2023-10-04,270.0,270.0,270.0,270.0,56582.0
2023-10-05,276.85001,277.0,272.0,277.0,10002.0
2023-10-06,275.0,275.0,275.0,275.0,6.0
2023-10-10,273.5,273.5,273.5,273.5,20000.0
2023-10-13,264.10001,275.0,264.10001,275.0,21460.0
2023-10-17,272.10001,276.10001,272.10001,276.10001,8.0
2023-10-19,265.04999,272.0,265.04999,272.0,633.0
2023-10-20,272.0,272.0,272.0,272.0,292.0
2023-10-23,272.0,272.0,272.0,272.0,113.0
2023-10-24,272.0,272.0,272.0,272.0,26.0
2023-10-26,278.0,278.0,272.0,272.0,17.0
2023-10-27,277.95001,277.95001,277.95001,277.95001,1.0
2023-10-30,277.95001,279.5,275.0,279.5,6515.0
2023-10-31,275.10001,277.5,275.0,277.5,50.0
2023-11-03,270.04999,270.10001,270.0,270.0,140.0
2023-11-07,270.04999,270.04999,270.04999,270.04999,182.0
2023-11-08,265.10001,265.10001,265.0,265.0,276.0
2023-11-09,265.0,265.0,265.0,265.0,100.0
2023-11-10,265.04999,265.04999,260.0,260.0,627.0
2023-11-13,260.04999,274.95001,260.0,274.95001,58.0
2023-11-14,284.95001,284.95001,284.95001,284.95001,1.0
2023-11-17,271.04999,271.04999,271.04999,271.04999,120.0
2023-11-20,271.25,271.25,271.04999,271.04999,73.0
2023-11-21,271.04999,271.04999,271.04999,271.04999,376320.0
2023-11-23,271.10001,271.10001,271.10001,271.10001,134.0
2023-11-24,280.0,280.0,271.10001,271.10001,235.0
2023-11-27,271.10001,271.10001,271.10001,271.10001,90.0
2023-11-29,271.10001,271.10001,271.10001,271.10001,96.0
2023-11-30,263.25,263.25,263.25,263.25,45.0
2023-12-01,263.25,263.25,263.25,263.25,10.0
2023-12-05,263.25,263.25,263.25,263.25,20.0
2023-12-06,263.25,263.25,263.25,263.25,30.0
2023-12-07,263.25,263.25,263.25,263.25,20.0
2023-12-08,265.0,265.0,265.0,265.0,84.0
2023-12-11,265.0,270.0,265.0,270.0,196.0
2023-12-12,265.0,265.0,265.0,265.0,250.0
2023-12-14,265.0,279.89999,265.0,265.0,23.0
2023-12-15,265.0,265.0,265.0,265.0,48.0
2023-12-20,279.54999,279.54999,265.0,265.0,190.0
2023-12-21,265.10001,265.10001,265.0,265.0,101.0
2023-12-22,270.0,270.0,270.0,270.0,662.0
2023-12-25,270.0,270.0,270.0,270.0,12.0
2023-12-26,270.10001,270.10001,270.04999,270.10001,807461.0
2023-12-27,279.54999,279.54999,270.0,270.0,50.0
2023-12-29,270.0,270.0,270.0,270.0,673.0
2024-01-03,270.04999,270.04999,270.0,270.0,10.0
2024-01-04,270.0,270.0,270.0,270.0,110.0
2024-01-08,270.0,270.0,270.0,270.0,26.0
2024-01-09,270.0,270.0,270.0,270.0,1.0
2024-01-10,270.0,270.0,270.0,270.0,6.0
2024-01-12,270.0,270.0,270.0,270.0,4.0
2024-01-15,278.70001,278.70001,270.54999,270.54999,24.0
2024-01-16,278.64999,278.64999,278.64999,278.64999,1.0
2024-01-17,275.0,275.0,275.0,275.0,20.0
2024-01-18,275.0,275.0,275.0,275.0,3349.0
2024-01-19,275.0,275.0,275.0,275.0,119.0
2024-01-23,275.0,275.0,275.0,275.0,90.0
2024-01-29,275.0,275.0,275.0,275.0,20.0
2024-01-30,275.0,275.0,275.0,275.0,239.0
2024-02-02,276.5,276.5,276.5,276.5,135.0
2024-02-06,278.0,278.0,278.0,278.0,11.0
2024-02-07,280.0,284.95001,278.0,278.0,12536.0
2024-02-08,270.14999,270.14999,267.0,267.0,274.0
2024-02-13,272.0,272.0,267.20001,272.0,165.0
2024-02-14,272.0,272.0,272.0,272.0,115.0
2024-02-20,271.95001,272.0,271.95001,272.0,1939.0
2024-02-21,272.0,272.0,272.0,272.0,5.0
2024-02-22,272.0,273.0,272.0,273.0,12.0
2024-02-23,272.0,273.5,272.0,273.5,2050.0
2024-02-26,255.05,273.5,255.05,273.5,715.0
2024-02-27,278.0,278.0,278.0,278.0,2.0
2024-02-28,273.5,273.5,273.5,273.5,297.0
2024-03-01,260.5,261.04999,260.5,261.04999,28.0
2024-03-04,273.0,273.0,273.0,273.0,33.0
2024-03-05,256.20001,256.20001,256.20001,256.20001,100.0
2024-03-06,272.39999,275.0,272.39999,275.0,947.0
2024-03-07,265.25,265.25,265.25,265.25,2.0
2024-03-08,266.0,273.0,265.25,268.0,14630.0
2024-03-11,282.0,282.0,268.0,268.0,605.0
2024-03-20,268.35001,268.35001,268.29999,268.29999,80.0
2024-03-25,268.5,268.5,268.5,268.5,389.0
2024-03-26,268.5,268.5,268.5,268.5,105.0
2024-03-27,268.60001,268.60001,268.60001,268.60001,113.0
2024-03-28,269.0,269.0,269.0,269.0,13.0
2024-04-01,268.54999,270.0,268.5,270.0,75.0
2024-04-02,270.0,270.0,270.0,270.0,12.0
2024-04-03,268.5,268.5,268.5,268.5,24.0
2024-04-05,268.60001,275.0,268.60001,268.60001,342.0
2024-04-08,274.0,274.0,274.0,274.0,10.0
2024-04-09,270.0,270.0,268.60001,268.60001,30.0
2024-04-15,272.0,272.0,268.60001,268.60001,1054.0
2024-04-16,268.60001,272.0,268.60001,272.0,2214.0
2024-04-17,272.0,272.0,272.0,272.0,237.0
2024-04-18,268.60001,268.60001,268.60001,268.60001,182.0
2024-04-19,271.0,272.0,271.0,272.0,32.0
2024-04-22,268.60001,268.60001,268.60001,268.60001,10.0
2024-04-24,268.60001,273.60001,268.60001,273.60001,98.0
2024-04-26,273.60001,273.60001,273.0,273.0,21.0
2024-04-29,273.0,275.0,268.89999,275.0,355.0
2024-05-02,281.85001,281.89999,275.0,275.0,1074.0
2024-05-03,275.10001,275.10001,275.10001,275.10001,2.0
2024-05-07,275.14999,275.14999,275.0,275.0,70.0
2024-05-08,279.0,279.0,275.0,275.0,18.0
2024-05-10,271.0,279.0,271.0,272.20001,499.0
2024-05-13,271.0,271.0,270.04999,270.04999,114.0
2024-05-16,280.0,280.0,270.60001,270.60001,206.0
2024-05-17,270.5,280.0,270.25,272.0,580144.0
2024-05-20,280.0,299.0,280.0,290.0,598.0
2024-05-21,290.0,290.0,273.04999,277.0,1111.0
2024-05-22,277.0,277.0,275.0,277.0,31.0
2024-05-24,275.0,275.0,275.0,275.0,109.0
2024-05-27,275.0,275.0,275.0,275.0,201.0
2024-05-28,275.0,275.0,275.0,275.0,52.0
2024-05-29,275.0,275.0,275.0,275.0,7.0
2024-05-31,275.0,275.0,275.0,275.0,329.0
2024-06-03,275.0,277.0,275.0,277.0,151.0
2024-06-06,275.0,275.0,275.0,275.0,123.0
2024-06-07,275.04999,275.04999,275.04999,275.04999,112061.0
2024-06-10,275.0,275.0,275.0,275.0,110.0
2024-06-11,275.0,275.0,275.0,275.0,246.0
2024-06-13,275.0,275.0,275.0,275.0,497.0
2024-06-14,277.0,277.0,277.0,277.0,46.0
2024-06-19,275.0,275.0,275.0,275.0,1.0
2024-06-21,280.0,280.0,279.5,279.5,11.0
2024-06-24,279.5,279.5,275.0,275.0,100.0
2024-06-25,275.0,275.0,275.0,275.0,262.0
2024-06-26,276.0,276.0,276.0,276.0,167766.0
2024-06-27,276.0,276.0,275.0,275.0,342.0
2024-06-28,275.04999,300.0,275.04999,300.0,17155.0
2024-07-01,299.0,299.0,299.0,299.0,11.0
2024-07-02,298.0,298.0,285.0,285.0,37.0
2024-07-03,285.0,285.0,285.0,285.0,8.0
2024-07-04,280.14999,280.14999,280.14999,280.14999,5.0
2024-07-05,280.14999,285.0,275.0,285.0,686.0
2024-07-09,275.0,276.10001,275.0,276.10001,202.0
2024-07-15,275.0,275.0,275.0,275.0,112.0
2024-07-16,276.0,276.0,276.0,276.0,3.0
2024-07-17,275.0,275.0,275.0,275.0,2979.0
2024-07-22,275.0,275.0,275.0,275.0,42.0
2024-07-23,276.0,276.0,249.0,274.95001,55.0
2024-07-24,251.10001,285.0,251.10001,285.0,173.0
2024-07-25,285.0,285.0,280.0,280.0,2011.0
2024-07-29,280.0,280.0,280.0,280.0,153.0
2024-08-01,260.5,280.0,260.5,280.0,209.0
2024-08-05,280.0,280.0,280.0,280.0,2.0
2024-08-07,278.0,280.0,278.0,280.0,51.0
2024-08-09,279.0,279.0,279.0,279.0,4.0
2024-08-12,268.0,268.0,260.0,260.0,164.0
2024-08-13,260.64999,280.0,260.64999,280.0,5050.0
2024-08-16,260.39999,275.95001,260.39999,275.95001,197.0
2024-08-19,249.0,274.0,249.0,274.0,1258.0
2024-08-23,265.89999,279.0,264.0,279.0,348.0
2024-08-26,278.89999,278.89999,274.0,274.0,24.0
2024-08-28,266.5,266.5,266.20001,266.20001,12.0
2024-08-29,267.0,267.0,267.0,267.0,3.0
2024-08-30,267.10001,279.0,267.10001,279.0,179.0
2024-09-02,280.0,280.0,280.0,280.0,20.0
2024-09-03,274.0,274.0,268.0,274.0,86.0
2024-09-04,273.95,273.95,270.0,270.0,58.0
2024-09-05,274.0,275.0,274.0,275.0,676.0
2024-09-06,275.04999,275.04999,275.0,275.0,20.0
2024-09-09,275.0,275.0,275.0,275.0,2500.0
2024-09-10,280.0,284.0,278.0,284.0,743.0
2024-09-11,277.0,277.0,277.0,277.0,20.0
2024-09-12,275.0,275.0,275.0,275.0,200.0
2024-09-13,275.0,275.0,275.0,275.0,147.0
2024-09-18,275.0,275.0,275.0,275.0,50.0
2024-09-19,280.0,280.0,275.0,275.0,131.0
2024-09-23,282.0,282.0,282.0,282.0,1.0
2024-09-24,280.0,280.0,275.0,275.0,165.0
2024-09-25,282.0,282.0,282.0,282.0,14.0
2024-09-26,275.0,285.0,275.0,285.0,123.0
2024-09-27,275.0,275.0,275.0,275.0,500.0
2024-09-30,276.1,290.0,276.1,290.0,805.0
2024-10-01,298.0,298.0,277.0,277.0,246.0
2024-10-04,275.0,275.0,275.0,275.0,15.0
2024-10-07,275.0,275.0,275.0,275.0,2.0
2024-10-08,275.0,275.05,275.0,275.0,1130.0
2024-10-09,274.0,284.95,273.0,284.95,111.0
2024-10-10,275.05,275.05,275.05,275.05,1.0
2024-10-15,275.25,275.25,275.0,275.0,100.0
2024-10-16,275.0,275.0,275.0,275.0,306.0
2024-10-17,275.0,280.0,275.0,280.0,51.0
2024-10-18,280.0,280.0,280.0,280.0,10.0
2024-10-23,275.1,275.35,275.1,275.35,10200.0
2024-10-28,275.1,275.1,275.1,275.1,120.0
2024-10-29,275.1,280.0,275.1,280.0,6.0
2024-10-30,280.0,280.0,280.0,280.0,1.0
2024-10-31,280.0,280.0,280.0,280.0,8.0
2024-11-01,275.1,275.1,275.05,275.05,226.0
2024-11-07,276.0,280.0,275.05,280.0,2029.0
2024-11-08,285.0,285.0,280.0,280.0,28.0
2024-11-12,280.0,280.0,280.0,280.0,36.0
2024-11-13,283.9,283.9,283.9,283.9,1.0
2024-11-14,280.05,280.05,275.0,275.0,196.0
2024-11-15,275.05,275.05,275.05,275.05,5.0
2024-11-25,275.0,275.0,275.0,275.0,406.0
2024-11-26,275.0,275.0,275.0,275.0,101.0
2024-11-28,275.0,275.0,275.0,275.0,182.0
2024-11-29,276.0,279.85,276.0,276.0,43.0
2024-12-02,275.0,275.0,275.0,275.0,15.0
2024-12-03,270.0,275.0,270.0,275.0,1280.0
2024-12-06,271.15,271.15,271.15,271.15,100.0
2024-12-10,272.1,272.1,272.1,272.1,10.0
2024-12-11,272.1,272.1,272.1,272.1,11.0
2024-12-17,272.1,280.0,272.1,280.0,108.0
2024-12-18,272.1,280.0,271.15,280.0,900.0
2024-12-20,280.0,280.0,271.4,280.0,276.0
2024-12-24,275.0,275.0,275.0,275.0,18.0
2024-12-25,275.0,279.95,275.0,279.95,439.0
2024-12-26,275.0,276.0,275.0,276.0,247748.0
2024-12-27,275.0,285.0,275.0,285.0,671.0
2024-12-30,289.9,298.0,281.5,289.0,94.0
2024-12-31,289.9,300.0,289.9,300.0,356.0
2025-01-02,290.0,290.0,290.0,290.0,56.0
2025-01-03,285.2,285.2,285.0,285.0,212.0
2025-01-06,290.0,290.0,290.0,290.0,11.0
2025-01-07,285.0,285.0,276.0,276.0,15.0
2025-01-08,276.0,276.0,275.0,275.1,2831.0
2025-01-09,285.0,293.95,285.0,285.0,190.0
2025-01-10,294.0,294.0,275.1,275.1,1243.0
2025-01-13,277.0,290.0,275.1,290.0,101.0
2025-01-15,290.0,290.0,284.0,285.0,67.0
2025-01-17,282.0,282.0,275.0,275.0,100.0
2025-01-20,275.55,275.55,275.55,275.55,1.0
2025-01-21,275.55,275.55,275.55,275.55,5.0
2025-01-22,275.3,279.9,275.3,279.9,24.0
2025-01-23,279.0,280.0,279.0,280.0,10877.0
2025-01-24,287.95,287.95,275.4,275.4,3067.0
2025-01-28,275.5,288.0,275.5,280.0,159.0
2025-01-29,276.0,280.0,275.65,280.0,2015.0
2025-01-30,280.5,280.5,280.5,280.5,50.0
2025-01-31,279.9,280.0,279.9,280.0,2015.0
2025-02-03,280.0,288.0,280.0,280.0,2143.0
2025-02-04,280.0,281.0,280.0,280.0,1045.0
2025-02-05,280.0,284.0,280.0,284.0,1101.0
2025-02-06,281.0,281.0,277.2,277.2,111.0
2025-02-07,280.0,280.0,280.0,280.0,1103.0
2025-02-10,285.0,285.0,280.0,280.05,41.0
2025-02-11,280.2,280.2,280.0,280.0,204.0
2025-02-12,280.0,280.0,280.0,280.0,2185.0
2025-02-13,280.1,280.1,280.0,280.0,88.0
2025-02-14,280.0,280.0,280.0,280.0,21.0
2025-02-17,284.45,284.45,280.05,280.05,3.0
2025-02-18,280.0,280.0,280.0,280.0,100.0
2025-02-19,280.0,280.0,280.0,280.0,9.0
2025-02-20,280.0,280.0,277.1,280.0,35.0
2025-02-25,277.15,277.15,277.15,277.15,1.0
2025-02-26,278.0,278.0,265.0,273.0,385.0
2025-02-27,265.05,268.0,265.05,267.0,171.0
2025-02-28,267.5,275.0,267.5,268.0,114.0
2025-03-03,266.1,266.1,266.1,266.1,113.0
2025-03-04,266.1,266.1,266.1,266.1,40.0
2025-03-05,266.1,266.1,266.0,266.1,171.0
2025-03-07,266.0,266.0,266.0,266.0,134.0
2025-03-10,279.5,279.5,279.5,279.5,80.0
2025-03-11,277.0,279.7,277.0,279.7,105.0
2025-03-12,279.55,279.55,270.0,270.0,7.0
2025-03-13,279.5,279.5,270.0,270.0,22.0
2025-03-14,270.0,270.0,265.1,265.1,109.0
2025-03-17,266.0,279.5,265.5,279.5,327.0
2025-03-18,275.0,275.0,275.0,275.0,20.0
2025-03-19,270.0,279.0,267.0,278.9,320.0
2025-03-21,278.9,290.0,278.9,290.0,3936.0
2025-03-26,290.0,290.0,290.0,290.0,110.0
2025-03-27,279.1,300.0,279.1,300.0,506.0
2025-03-28,280.0,290.0,280.0,290.0,4102.0
2025-04-02,285.0,285.0,285.0,285.0,39.0
2025-04-03,280.05,280.05,280.0,280.0,423.0
2025-04-04,285.0,285.0,280.0,280.0,502.0
2025-04-07,280.0,280.0,280.0,280.0,328.0
2025-04-08,280.0,280.0,280.0,280.0,751.0
2025-04-09,290.0,290.0,280.0,280.0,97.0
2025-04-11,280.5,280.5,280.0,280.0,461.0
2025-04-14,280.0,280.0,280.0,280.0,100.0
2025-04-15,280.05,280.05,280.05,280.05,2.0
2025-04-17,287.95,287.95,280.0,280.0,27.0
2025-04-21,282.0,282.0,282.0,282.0,58.0
2025-04-22,280.1,280.1,280.1,280.1,55.0
2025-04-23,280.1,280.1,280.0,280.0,109.0
2025-04-24,280.0,280.0,280.0,280.0,70.0
2025-04-29,280.05,284.9,280.0,284.9,1011.0
2025-05-05,284.0,284.0,280.0,280.0,13.0
2025-05-06,280.0,288.0,280.0,288.0,221.0
2025-05-07,280.0,288.0,280.0,281.15,103.0
2025-05-09,281.0,281.0,281.0,281.0,15.0
2025-05-12,284.95,284.95,280.0,280.0,26.0
2025-05-13,280.0,280.0,280.0,280.0,638.0
2025-05-14,280.5,280.5,280.0,280.0,25.0
2025-05-15,280.0,280.0,280.0,280.0,109.0
2025-05-16,280.0,282.0,280.0,282.0,30.0
2025-05-20,285.0,285.0,285.0,285.0,130.0
2025-05-21,282.0,282.0,282.0,282.0,100.0
2025-05-22,285.0,285.0,285.0,285.0,4.0
2025-05-23,283.0,283.0,280.0,280.0,110.0
2025-05-26,285.0,285.0,285.0,285.0,6.0
2025-05-27,285.0,285.0,280.0,280.05,591.0
2025-05-28,284.95,284.95,280.0,280.0,26.0
2025-05-30,280.0,280.0,280.0,280.0,40.0
2025-06-03,279.0,279.0,279.0,279.0,110.0
2025-06-05,296.95,296.95,279.0,279.0,41.0
2025-06-11,279.1,279.1,279.1,279.1,2.0
2025-06-12,280.0,280.0,279.0,279.0,2516.0
2025-06-17,272.15,275.05,272.15,273.0,919.0
2025-06-18,284.9,284.9,273.5,273.5,30.0
2025-06-19,273.5,273.5,273.5,273.5,2.0
2025-06-24,281.0,281.0,280.0,280.0,2601.0
2025-06-25,280.0,280.0,280.0,280.0,46.0
2025-06-26,280.0,280.15,280.0,280.0,452.0
2025-06-30,300.0,300.0,300.0,300.0,1514.0
2025-07-01,280.0,298.95,280.0,298.95,1055.0
2025-07-02,285.0,285.0,280.0,285.0,309.0
2025-07-03,283.0,284.95,277.0,277.25,746.0
2025-07-04,277.25,277.25,277.25,277.25,100.0
2025-07-08,282.0,285.0,282.0,285.0,80.0
2025-07-09,284.9,284.9,277.25,277.25,31.0
2025-07-10,284.85,284.95,284.85,284.95,40.0
2025-07-11,277.25,277.5,277.25,277.5,100.0
2025-07-14,277.25,278.0,277.25,277.25,384.0
2025-07-15,277.25,277.25,277.25,277.25,213.0
2025-07-16,277.25,277.25,277.25,277.25,5.0
2025-07-18,277.25,283.9,277.25,283.9,260.0
2025-07-21,285.0,285.0,277.55,277.55,50.0
2025-07-22,278.0,278.0,278.0,278.0,6.0
2025-07-24,283.85,283.9,279.05,279.05,36.0
2025-07-25,283.0,285.0,279.05,285.0,410.0
2025-07-28,279.0,280.0,279.0,280.0,159.0
2025-07-29,281.0,281.0,281.0,281.0,10.0
2025-07-31,280.05,283.95,280.0,283.95,41.0
2025-08-01,284.0,290.0,279.0,279.0,74.0
2025-08-04,285.0,285.0,285.0,285.0,2.0
2025-08-08,280.0,280.0,280.0,280.0,100.0
2025-08-11,284.0,284.0,280.0,284.0,14.0
2025-08-12,283.95,285.0,283.95,285.0,63.0
2025-08-13,285.0,285.0,279.9,280.0,2555.0
2025-08-15,281.0,300.0,281.0,300.0,2150.0
2025-08-18,285.0,285.0,285.0,285.0,197.0
2025-08-19,285.0,285.0,282.0,282.0,20.0
2025-08-22,281.1,281.1,281.1,281.1,2.0
2025-08-27,282.0,282.0,282.0,282.0,60.0
2025-08-28,285.0,286.0,285.0,285.0,2168.0
2025-08-29,283.0,300.0,283.0,300.0,2445.0
2025-09-01,300.0,300.0,282.05,282.05,142.0
2025-09-02,282.0,282.0,281.0,281.9,828.0
2025-09-04,282.0,282.0,280.5,280.5,431.0
2025-09-08,287.0,287.0,281.0,282.0,2170.0
2025-09-09,281.0,281.0,273.0,280.0,774.0
2025-09-11,275.0,275.0,275.0,275.0,99.0
2025-09-12,275.0,275.0,275.0,275.0,216.0
2025-09-15,282.9,282.9,270.0,270.0,1052.0
2025-09-16,272.0,280.0,272.0,280.0,45.0
2025-09-17,284.0,284.0,283.0,283.0,66.0
2025-09-18,289.5,289.5,272.0,281.8,246.0
2025-09-19,272.0,285.0,272.0,285.0,2104.0
2025-09-24,285.0,285.0,285.0,285.0,1000.0
2025-09-25,300.0,300.0,300.0,300.0,2138.0
2025-09-26,299.0,325.0,291.0,325.0,6102.0
2025-09-29,293.0,325.0,293.0,325.0,896.0
2025-09-30,303.0,330.0,292.55,330.0,4909.0
2025-10-01,303.05,318.95,303.05,318.95,382.0
2025-10-02,308.5,308.5,291.15,300.0,1024.0
2025-10-03,300.0,319.8,292.4,294.3,707.0
2025-10-06,318.7,318.7,291.1,308.9,455.0
2025-10-07,305.0,305.0,305.0,305.0,500.0
2025-10-08,300.0,300.0,300.0,300.0,500.0
2025-10-09,290.0,290.05,290.0,290.0,596.0
2025-10-10,300.0,300.0,300.0,300.0,150.0
2025-10-13,299.95,299.95,299.95,299.95,40.0
2025-10-14,285.05,300.0,285.05,300.0,145.0
2025-10-15,286.05,299.95,286.05,299.85,72.0
2025-10-16,288.0,299.95,288.0,299.95,128.0
2025-10-21,299.95,299.95,299.95,299.95,40.0
2025-10-22,299.0,299.0,299.0,299.0,1.0
2025-10-24,291.0,299.95,291.0,299.95,105.0
2025-10-27,299.9,299.9,299.9,299.9,1.0
2025-10-29,298.0,299.0,290.1,298.9,135.0
2025-10-30,298.9,298.9,290.0,298.0,2135.0
2025-10-31,299.0,299.0,290.1,299.0,153.0
2025-11-03,291.0,300.0,291.0,300.0,261.0
2025-11-04,291.05,295.0,290.05,295.0,140.0
2025-11-05,290.1,295.0,290.0,295.0,1366.0
2025-11-07,290.0,295.0,290.0,295.0,230.0
2025-11-10,299.3,299.3,290.0,290.0,651.0
2025-11-11,290.0,290.0,290.0,290.0,120.0
2025-11-12,290.0,290.0,290.0,290.0,500.0
2025-11-13,290.0,290.0,290.0,290.0,958.0
2025-11-14,290.05,298.95,290.0,296.0,240.0
2025-11-17,309.0,309.0,290.0,290.0,722.0
2025-11-19,290.0,290.1,290.0,290.0,62.0
2025-11-20,290.0,290.0,290.0,290.0,10.0
2025-11-21,290.05,290.05,290.0,290.0,13.0
2025-11-24,297.65,297.65,296.6,296.6,4.0
2025-11-25,290.05,290.05,290.0,290.0,54.0
2025-11-26,290.0,294.0,290.0,294.0,35004.0
2025-11-27,290.5,290.5,290.0,290.0,300.0
2025-12-01,281.5,281.5,281.5,281.5,21.0
2025-12-02,294.9,294.9,294.9,294.9,2.0
2025-12-10,294.45,294.45,294.45,294.45,10.0
2025-12-11,294.9,294.9,294.9,294.9,52.0
2025-12-12,294.9,294.9,288.0,294.85,736.0
2025-12-15,294.85,294.85,289.0,289.0,21.0
2025-12-17,299.9,300.0,288.05,288.05,56.0
2025-12-18,289.0,299.85,289.0,299.0,75.0
2025-12-19,299.0,299.0,286.0,286.0,8021.0
2025-12-22,287.0,300.0,287.0,292.0,5052.0
2025-12-23,301.0,301.0,299.85,300.0,782.0
2025-12-24,301.0,320.0,301.0,320.0,2210.0
2025-12-25,330.0,344.0,320.0,344.0,1286.0
2025-12-26,349.9,360.0,345.0,360.0,1232.0
2025-12-29,359.0,359.0,357.95,358.0,475.0
2025-12-30,340.0,340.0,330.0,330.0,144.0
2025-12-31,300.05,360.0,300.05,360.0,8127.0
2026-01-02,379.9,379.9,350.0,350.0,297.0
2026-01-05,381.0,381.0,351.0,351.0,344.0
2026-01-06,370.0,370.0,351.05,368.9,73.0
2026-01-07,368.9,368.9,366.0,366.0,72.0
2026-01-08,366.0,366.0,353.15,353.15,179.0
2026-01-09,355.15,355.15,351.0,351.0,40.0
2026-01-12,370.0,370.0,369.95,369.95,75.0
2026-01-13,369.45,369.5,369.0,369.0,37.0
2026-01-15,358.0,379.0,351.0,379.0,828.0
2026-01-16,353.0,365.0,353.0,355.0,63.0
2026-01-19,380.0,380.0,361.1,361.1,258.0
2026-01-20,361.4,378.5,361.35,378.5,51.0
2026-01-21,378.5,378.5,361.35,361.35,29.0
2026-01-22,363.0,363.05,363.0,363.0,20.0
2026-01-23,365.0,370.0,365.0,365.0,64.0
2026-01-26,355.0,355.0,340.0,340.0,118.0
2026-01-27,340.1,341.0,340.1,340.1,80.0
2026-01-28,340.1,340.1,340.1,340.1,18.0
2026-01-29,373.0,373.0,343.5,343.5,57.0
2026-01-30,343.0,343.05,343.0,343.0,63.0
2026-02-02,340.0,340.0,340.0,340.0,10.0
2026-02-03,331.0,340.0,331.0,340.0,6.0
2026-02-04,340.0,340.0,340.0,340.0,53.0
2026-02-05,335.05,347.5,335.05,347.5,17008.0
2026-02-06,320.0,345.0,320.0,344.95,297.0
2026-02-09,340.0,340.5,340.0,340.0,31.0
2026-02-10,340.0,340.0,340.0,340.0,3.0
2026-02-11,343.0,343.0,343.0,343.0,7.0
2026-02-12,355.0,355.0,355.0,355.0,24.0
2026-02-13,355.0,355.0,340.0,340.0,3291.0
2026-02-16,331.0,359.9,331.0,332.0,131.0
2026-02-20,333.1,365.0,333.1,337.0,244.0
2026-02-23,350.0,350.0,350.0,350.0,3.0
2026-02-24,334.0,360.0,334.0,360.0,70.0
2026-02-25,363.0,363.0,362.85,362.85,311.0
2026-02-26,362.0,362.0,336.0,360.0,19.0
2026-02-27,365.0,365.0,365.0,365.0,687.0
2026-03-02,350.0,364.0,350.0,360.0,166.0
2026-03-03,333.05,333.2,324.2,324.2,155.0
2026-03-04,291.8,291.8,291.8,291.8,697.0
2026-03-05,315.0,320.95,315.0,320.95,40.0
2026-03-06,353.0,353.0,330.0,330.0,1047.0
2026-03-09,352.9,352.9,343.0,349.0,77.0
2026-03-10,360.0,364.0,347.0,364.0,505.0
2026-03-11,368.95,368.95,368.95,368.95,220.0
2026-03-12,350.0,350.0,350.0,350.0,40.0
2026-03-13,340.5,369.0,340.5,369.0,2510.0
2026-03-16,369.9,369.9,343.0,343.0,60.0
2026-03-17,350.5,350.5,350.0,350.0,21.0
2026-03-18,350.0,365.0,350.0,365.0,102.0
2026-03-19,366.0,366.0,355.0,355.0,355.0
2026-03-24,345.0,386.0,345.0,386.0,3457.0
2026-03-25,363.0,420.0,363.0,420.0,2043.0
2026-03-26,410.0,425.0,384.0,425.0,2737.0
2026-03-27,415.0,425.0,407.0,425.0,82312.0
