Time,Open,High,Low,Close,Volume
2016-07-15,2000.0,2000.0,1940.0,1984.0,6030.0
2016-07-18,1983.0,2025.0,1983.0,2025.0,559.0
2016-07-19,2025.0,2040.0,1990.0,2040.0,2217.0
2016-07-20,2040.0,2049.0,2002.0,2041.0,4289.0
2016-07-21,2025.0,2050.0,2011.0,2050.0,662.0
2016-07-22,2050.0,2088.0,2050.0,2088.0,2519.0
2016-07-25,2070.0,2095.0,2070.0,2095.0,325.0
2016-07-26,2072.0,2220.0,2072.0,2198.0,13907.0
2016-07-27,2200.0,2200.0,2165.0,2197.0,7128.0
2016-07-28,2197.0,2197.0,2126.0,2126.0,861.0
2016-07-29,2100.0,2100.0,2100.0,2100.0,20.0
2016-08-01,2195.0,2195.0,2072.0,2072.0,77.0
2016-08-02,2133.0,2150.0,2120.0,2120.0,5194.0
2016-08-03,2102.0,2102.0,2101.0,2101.0,557.0
2016-08-04,2099.0,2116.0,2080.0,2090.0,2925.0
2016-08-05,2116.0,2120.0,2090.0,2090.0,1152.0
2016-08-08,2056.0,2149.0,2055.0,2149.0,1095.0
2016-08-09,2067.0,2067.0,2067.0,2067.0,1.0
2016-08-11,2182.0,2182.0,2182.0,2182.0,48.0
2016-08-12,2081.0,2081.0,2081.0,2081.0,250.0
2016-08-15,2081.0,2146.0,2081.0,2146.0,121.0
2016-08-16,2085.0,2086.0,2085.0,2086.0,1007.0
2016-08-17,2087.0,2087.0,2087.0,2087.0,25.0
2016-08-18,2091.0,2091.0,2089.0,2089.0,157.0
2016-08-19,2100.0,2100.0,2100.0,2100.0,1344.0
2016-08-23,2100.0,2139.0,2100.0,2139.0,523.0
2016-08-24,2139.0,2140.0,2110.0,2140.0,3584.0
2016-08-26,2138.0,2170.0,2138.0,2170.0,1205.0
2016-08-29,2140.0,2140.0,2135.0,2135.0,342.0
2016-08-30,2111.0,2150.0,2102.0,2106.0,430.0
2016-08-31,2141.0,2150.0,2123.0,2123.0,2959.0
2016-09-01,2150.0,2150.0,2125.0,2125.0,1126.0
2016-09-02,2130.0,2150.0,2130.0,2150.0,295.0
2016-09-06,2130.0,2164.0,2130.0,2164.0,7.0
2016-09-08,2189.0,2190.0,2175.0,2175.0,534.0
2016-09-09,2175.0,2175.0,2150.0,2150.0,263.0
2016-09-14,2150.0,2150.0,2150.0,2150.0,3000.0
2016-09-15,2175.0,2175.0,2175.0,2175.0,5.0
2016-09-16,2160.0,2175.0,2160.0,2175.0,1300.0
2016-09-19,2175.0,2175.0,2165.0,2165.0,3347.0
2016-09-20,2165.0,2170.0,2162.0,2170.0,3056.0
2016-09-21,2180.0,2180.0,2170.0,2170.0,501.0
2016-09-22,2166.0,2180.0,2166.0,2180.0,3510.0
2016-09-23,2170.0,2175.0,2166.0,2166.0,702.0
2016-09-26,2166.0,2180.0,2166.0,2180.0,1144.0
2016-09-27,2171.0,2185.0,2171.0,2180.0,2570.0
2016-09-28,2178.0,2178.0,2178.0,2178.0,4.0
2016-09-29,2177.0,2177.0,2171.0,2172.0,1557.0
2016-09-30,2179.0,2199.0,2179.0,2190.0,4930.0
2016-10-04,2171.0,2175.0,2170.0,2170.0,1338.0
2016-10-05,2175.0,2175.0,2175.0,2175.0,22.0
2016-10-06,2175.0,2175.0,2175.0,2175.0,1751.0
2016-10-07,2175.0,2180.0,2155.0,2180.0,4745.0
2016-10-10,2180.0,2180.0,2180.0,2180.0,994.0
2016-10-11,2250.0,2300.0,2240.0,2296.0,6977.0
2016-10-12,2295.0,2295.0,2260.0,2275.0,4548.0
2016-10-13,2285.0,2285.0,2230.0,2230.0,10802.0
2016-10-14,2230.0,2230.0,2229.0,2229.0,1630.0
2016-10-17,2230.0,2230.0,2200.0,2230.0,10085.0
2016-10-18,2230.0,2259.0,2230.0,2250.0,269.0
2016-10-19,2212.0,2260.0,2207.0,2260.0,93.0
2016-10-20,2212.0,2265.0,2212.0,2265.0,448.0
2016-10-21,2260.0,2270.0,2231.0,2270.0,260.0
2016-10-24,2241.0,2241.0,2241.0,2241.0,7.0
2016-10-25,2260.0,2278.0,2240.0,2278.0,4340.0
2016-10-26,2275.0,2275.0,2243.0,2243.0,261.0
2016-10-27,2245.0,2273.0,2245.0,2273.0,8839.0
2016-10-28,2273.0,2349.0,2261.0,2349.0,1500.0
2016-10-31,2349.0,2349.0,2335.0,2335.0,5375.0
2016-11-01,2282.0,2345.0,2282.0,2310.0,3822.0
2016-11-02,2320.0,2340.0,2320.0,2340.0,5132.0
2016-11-03,2340.0,2340.0,2340.0,2340.0,20.0
2016-11-04,2340.0,2340.0,2323.0,2327.0,3279.0
2016-11-07,2365.0,2365.0,2262.0,2262.0,946.0
2016-11-08,2270.0,2277.0,2270.0,2277.0,1036.0
2016-11-09,2318.0,2318.0,2273.0,2273.0,497.0
2016-11-10,2275.0,2295.0,2274.0,2280.0,6426.0
2016-11-11,2275.0,2280.0,2275.0,2275.0,5534.0
2016-11-14,2268.0,2275.0,2267.0,2275.0,4909.0
2016-11-15,2277.0,2279.0,2275.0,2279.0,1363.0
2016-11-16,2277.0,2320.0,2277.0,2280.0,480.0
2016-11-17,2327.0,2350.0,2305.0,2335.0,2371.0
2016-11-21,2335.0,2359.0,2320.0,2320.0,4408.0
2016-11-22,2315.0,2315.0,2300.0,2305.0,3436.0
2016-11-23,2290.0,2300.0,2261.0,2300.0,547.0
2016-11-24,2300.0,2300.0,2300.0,2300.0,30.0
2016-11-25,2275.0,2300.0,2270.0,2300.0,2376.0
2016-11-28,2325.0,2359.0,2325.0,2359.0,6262.0
2016-11-29,2359.0,2359.0,2314.0,2314.0,443.0
2016-11-30,2326.0,2326.0,2307.0,2307.0,7925.0
2016-12-01,2249.0,2249.0,2200.0,2205.0,334.0
2016-12-02,2220.0,2220.0,2170.0,2170.0,2271.0
2016-12-06,2186.0,2186.0,2185.0,2185.0,30.0
2016-12-07,2230.0,2230.0,2200.0,2200.0,8.0
2016-12-08,2186.0,2190.0,2186.0,2190.0,9.0
2016-12-09,2200.0,2224.0,2200.0,2224.0,2587.0
2016-12-14,2220.0,2228.0,2200.0,2204.0,385.0
2016-12-15,2230.0,2230.0,2230.0,2230.0,1.0
2016-12-16,2239.0,2310.0,2230.0,2310.0,6531.0
2016-12-19,2325.0,2450.0,2325.0,2400.0,9396.0
2016-12-20,2430.0,2430.0,2340.0,2340.0,4283.0
2016-12-21,2340.0,2385.0,2250.0,2317.0,4419.0
2016-12-22,2330.0,2385.0,2330.0,2378.0,9065.0
2016-12-23,2335.0,2460.0,2335.0,2460.0,15722.0
2016-12-26,2490.0,2500.0,2460.0,2460.0,15129.0
2016-12-27,2460.0,2460.0,2450.0,2456.0,56.0
2016-12-28,2450.0,2491.0,2450.0,2470.0,5702.0
2016-12-29,2460.0,2460.0,2354.0,2430.0,4575.0
2016-12-30,2405.0,2450.0,2400.0,2450.0,1814.0
2017-01-04,2449.0,2470.0,2390.0,2470.0,4143.0
2017-01-05,2390.0,2540.0,2390.0,2510.0,2820.0
2017-01-06,2590.0,2700.0,2580.0,2580.0,28221.0
2017-01-09,2520.0,2638.0,2520.0,2600.0,5719.0
2017-01-10,2560.0,2698.0,2560.0,2695.0,6094.0
2017-01-12,2695.0,2695.0,2630.0,2645.0,6515.0
2017-01-13,2600.0,2600.0,2580.0,2580.0,9597.0
2017-01-16,2600.0,2600.0,2580.0,2580.0,1003.0
2017-01-17,2560.0,2560.0,2500.0,2500.0,764.0
2017-01-18,2555.0,2555.0,2490.0,2510.0,1728.0
2017-01-19,2548.0,2550.0,2490.0,2500.0,2252.0
2017-01-20,2540.0,2590.0,2500.0,2590.0,7245.0
2017-01-23,2522.0,2586.0,2522.0,2586.0,45.0
2017-01-24,2525.0,2588.0,2525.0,2588.0,251.0
2017-01-25,2580.0,2600.0,2562.0,2600.0,1766.0
2017-01-26,2560.0,2580.0,2560.0,2580.0,1575.0
2017-01-27,2580.0,2600.0,2580.0,2600.0,3423.0
2017-01-30,2580.0,2580.0,2540.0,2543.0,848.0
2017-01-31,2560.0,2560.0,2537.0,2537.0,3034.0
2017-02-01,2550.0,2600.0,2541.0,2600.0,636.0
2017-02-02,2541.0,2541.0,2500.0,2515.0,3064.0
2017-02-03,2584.0,2584.0,2575.0,2575.0,1201.0
2017-02-06,2510.0,2580.0,2510.0,2580.0,172.0
2017-02-07,2578.0,2578.0,2578.0,2578.0,72.0
2017-02-08,2570.0,2570.0,2517.0,2568.0,2025.0
2017-02-09,2569.0,2569.0,2565.0,2565.0,101.0
2017-02-10,2520.0,2530.0,2520.0,2530.0,4134.0
2017-02-13,2517.0,2550.0,2515.0,2550.0,836.0
2017-02-14,2549.0,2550.0,2549.0,2550.0,3000.0
2017-02-15,2560.0,2560.0,2560.0,2560.0,769.0
2017-02-17,2560.0,2560.0,2550.0,2550.0,1384.0
2017-02-20,2550.0,2571.0,2550.0,2570.0,4027.0
2017-02-21,2570.0,2598.0,2570.0,2571.0,3264.0
2017-02-22,2570.0,2570.0,2550.0,2560.0,6826.0
2017-02-23,2527.0,2549.0,2501.0,2549.0,858.0
2017-02-24,2568.0,2568.0,2511.0,2511.0,616.0
2017-02-27,2511.0,2520.0,2511.0,2520.0,1100.0
2017-02-28,2556.0,2559.0,2521.0,2549.0,1629.0
2017-03-01,2565.0,2565.0,2520.0,2520.0,4263.0
2017-03-02,2525.0,2575.0,2525.0,2550.0,282.0
2017-03-03,2550.0,2550.0,2550.0,2550.0,182.0
2017-03-06,2575.0,2575.0,2560.0,2575.0,879.0
2017-03-07,2505.0,2568.0,2505.0,2568.0,3.0
2017-03-08,2569.0,2569.0,2550.0,2550.0,210.0
2017-03-09,2550.0,2566.0,2550.0,2566.0,72.0
2017-03-10,2530.0,2530.0,2530.0,2530.0,580.0
2017-03-13,2508.0,2568.0,2508.0,2530.0,2523.0
2017-03-14,2550.0,2550.0,2500.0,2508.0,6282.0
2017-03-15,2539.0,2539.0,2500.0,2530.0,1564.0
2017-03-16,2540.0,2540.0,2500.0,2540.0,122.0
2017-03-17,2420.0,2420.0,2420.0,2420.0,100.0
2017-03-20,2540.0,2540.0,2500.0,2500.0,36.0
2017-03-21,2499.0,2500.0,2431.0,2431.0,1492.0
2017-03-22,2539.0,2539.0,2431.0,2500.0,66.0
2017-03-23,2500.0,2500.0,2420.0,2420.0,54.0
2017-03-24,2255.0,2399.0,2200.0,2201.0,13689.0
2017-03-27,2211.0,2212.0,2200.0,2200.0,2028.0
2017-03-28,2211.0,2220.0,2200.0,2200.0,1480.0
2017-03-29,2215.0,2299.0,2215.0,2299.0,9.0
2017-03-30,2250.0,2250.0,2160.0,2160.0,4423.0
2017-03-31,2160.0,2160.0,2110.0,2160.0,1203.0
2017-04-03,2160.0,2160.0,2147.0,2147.0,324.0
2017-04-04,2120.0,2165.0,2120.0,2156.0,1458.0
2017-04-05,2156.0,2156.0,2156.0,2156.0,23.0
2017-04-06,2127.0,2156.0,2127.0,2156.0,11.0
2017-04-07,2135.0,2154.0,2127.0,2154.0,8820.0
2017-04-10,2130.0,2130.0,2130.0,2130.0,474.0
2017-04-12,2190.0,2190.0,2150.0,2150.0,160.0
2017-04-13,2150.0,2150.0,2130.0,2140.0,721.0
2017-04-14,2150.0,2150.0,2132.0,2132.0,319.0
2017-04-17,2130.0,2130.0,2110.0,2110.0,4925.0
2017-04-18,2110.0,2112.0,2110.0,2112.0,5800.0
2017-04-19,2120.0,2120.0,2115.0,2115.0,4130.0
2017-04-20,2150.0,2150.0,2117.0,2120.0,51.0
2017-04-21,2150.0,2150.0,2119.0,2120.0,5958.0
2017-04-24,2120.0,2122.0,2120.0,2120.0,1866.0
2017-04-25,2117.0,2125.0,2117.0,2120.0,3212.0
2017-04-26,2120.0,2120.0,2120.0,2120.0,7534.0
2017-04-27,2180.0,2180.0,2131.0,2131.0,2001.0
2017-04-28,2150.0,2170.0,2150.0,2170.0,12914.0
2017-05-02,2179.0,2305.0,2170.0,2305.0,3532.0
2017-05-03,2190.0,2200.0,2190.0,2200.0,578.0
2017-05-04,2250.0,2250.0,2209.0,2212.0,1367.0
2017-05-05,2230.0,2230.0,2187.0,2215.0,9228.0
2017-05-08,2149.0,2218.0,2149.0,2218.0,1717.0
2017-05-10,2218.0,2218.0,2200.0,2200.0,1830.0
2017-05-11,2280.0,2280.0,2200.0,2220.0,5368.0
2017-05-12,2201.0,2201.0,2188.0,2188.0,142.0
2017-05-16,2140.0,2140.0,2050.0,2065.0,4637.0
2017-05-17,2065.0,2065.0,2012.0,2050.0,13100.0
2017-05-18,2130.0,2130.0,2130.0,2130.0,10.0
2017-05-19,2070.0,2075.0,2070.0,2075.0,9600.0
2017-05-22,2130.0,2130.0,2076.0,2076.0,78.0
2017-05-24,2100.0,2100.0,2090.0,2090.0,58.0
2017-05-25,2100.0,2100.0,2080.0,2100.0,58.0
2017-05-26,2152.0,2152.0,2152.0,2152.0,100.0
2017-05-29,2150.0,2152.0,2075.0,2075.0,41474.0
2017-05-30,2080.0,2080.0,2079.0,2080.0,9511.0
2017-05-31,2100.0,2100.0,2080.0,2081.0,14980.0
2017-06-01,2125.0,2125.0,2082.0,2100.0,1251.0
2017-06-02,2082.0,2082.0,2081.0,2082.0,6655.0
2017-06-05,2082.0,2082.0,2082.0,2082.0,1000.0
2017-06-06,2082.0,2082.0,2008.0,2008.0,8743.0
2017-06-07,2003.0,2003.0,2003.0,2003.0,42.0
2017-06-08,2005.0,2029.0,1965.0,2029.0,1157.0
2017-06-09,2026.0,2026.0,1980.0,1980.0,4005.0
2017-06-12,2000.0,2001.0,1990.0,1990.0,2664.0
2017-06-13,2000.0,2020.0,2000.0,2020.0,99.0
2017-06-14,1982.0,1995.0,1981.0,1995.0,25.0
2017-06-15,2020.0,2020.0,1800.0,1800.0,2591.0
2017-06-16,1968.0,1979.0,1931.0,1979.0,4352.0
2017-06-19,2017.0,2017.0,1958.0,2010.0,13719.0
2017-06-20,2000.0,2008.0,2000.0,2008.0,4424.0
2017-06-21,1971.0,2008.0,1971.0,2008.0,1040.0
2017-06-22,2009.0,2064.0,2009.0,2020.0,101.0
2017-06-23,2060.0,2060.0,2025.0,2025.0,2025.0
2017-06-28,2074.0,2074.0,2074.0,2074.0,10.0
2017-06-29,2050.0,2059.0,2006.0,2059.0,1362.0
2017-06-30,2021.0,2090.0,2021.0,2090.0,15926.0
2017-07-03,2093.0,2100.0,2092.0,2100.0,1547.0
2017-07-04,2119.0,2119.0,2105.0,2105.0,102.0
2017-07-05,2105.0,2105.0,2105.0,2105.0,100.0
2017-07-06,2105.0,2126.0,2105.0,2126.0,4629.0
2017-07-07,2260.0,2290.0,2220.0,2261.0,3845.0
2017-07-10,2210.0,2275.0,2205.0,2260.0,5701.0
2017-07-11,2275.0,2305.0,2275.0,2285.0,871.0
2017-07-12,2286.0,2286.0,2270.0,2270.0,2031.0
2017-07-13,2275.0,2300.0,2270.0,2270.0,6000.0
2017-07-14,2271.0,2271.0,2260.0,2260.0,1703.0
2017-07-17,2245.0,2250.0,2236.0,2250.0,1688.0
2017-07-18,2202.0,2250.0,2202.0,2250.0,1242.0
2017-07-19,2230.0,2245.0,2230.0,2245.0,110.0
2017-07-20,2250.0,2250.0,2250.0,2250.0,500.0
2017-07-21,2233.0,2233.0,2225.0,2225.0,1524.0
2017-07-24,2257.0,2257.0,2257.0,2257.0,5.0
2017-07-25,2250.0,2258.0,2230.0,2258.0,4661.0
2017-07-28,2258.0,2258.0,2200.0,2230.0,1441.0
2017-07-31,2215.0,2215.0,2169.0,2169.0,3396.0
2017-08-01,2169.0,2200.0,2105.0,2200.0,324.0
2017-08-02,2200.0,2200.0,2155.0,2155.0,5179.0
2017-08-04,2151.0,2157.0,2151.0,2151.0,1797.0
2017-08-07,2152.0,2152.0,2151.0,2151.0,37.0
2017-08-08,2160.0,2200.0,2160.0,2170.0,5257.0
2017-08-09,2200.0,2200.0,2170.0,2170.0,1680.0
2017-08-10,2220.0,2230.0,2163.0,2170.0,968.0
2017-08-11,2224.0,2230.0,2202.0,2219.0,2615.0
2017-08-15,2220.0,2220.0,2169.0,2169.0,1252.0
2017-08-16,2170.0,2170.0,2135.0,2135.0,1657.0
2017-08-17,2140.0,2140.0,2140.0,2140.0,960.0
2017-08-18,2135.0,2140.0,2135.0,2135.0,2586.0
2017-08-22,2187.0,2187.0,2136.0,2150.0,50.0
2017-08-23,2150.0,2219.0,2100.0,2165.0,62.0
2017-08-24,2131.0,2165.0,2131.0,2132.0,1925.0
2017-08-25,2135.0,2135.0,2135.0,2135.0,2266.0
2017-08-28,2136.0,2136.0,2136.0,2136.0,2.0
2017-08-29,2199.0,2199.0,2199.0,2199.0,5.0
2017-08-30,2195.0,2195.0,2195.0,2195.0,60.0
2017-08-31,2192.0,2230.0,2130.0,2130.0,4194.0
2017-09-04,2199.0,2199.0,2130.0,2130.0,2245.0
2017-09-05,2190.0,2200.0,2190.0,2200.0,604.0
2017-09-06,2173.0,2173.0,2173.0,2173.0,50.0
2017-09-07,2160.0,2222.0,2160.0,2162.0,1027.0
2017-09-08,2200.0,2228.0,2200.0,2228.0,4616.0
2017-09-11,2229.0,2229.0,2229.0,2229.0,4.0
2017-09-12,2200.0,2201.0,2162.0,2162.0,4549.0
2017-09-13,2170.0,2218.0,2170.0,2218.0,20.0
2017-09-14,2200.0,2213.0,2172.0,2177.0,1289.0
2017-09-15,2180.0,2200.0,2177.0,2200.0,2746.0
2017-09-18,2219.0,2219.0,2172.0,2194.0,7140.0
2017-09-19,2180.0,2180.0,2151.0,2173.0,1807.0
2017-09-20,2160.0,2175.0,2130.0,2130.0,1811.0
2017-09-21,2141.0,2175.0,2130.0,2175.0,238.0
2017-09-25,2031.0,2140.0,2031.0,2087.0,744.0
2017-09-26,2087.0,2087.0,2084.0,2087.0,355.0
2017-09-27,2040.0,2040.0,1879.0,1879.0,32779.0
2017-09-28,1852.0,1931.0,1750.0,1782.0,33798.0
2017-09-29,1870.0,1870.0,1791.0,1791.0,14850.0
2017-10-02,1791.0,1887.0,1790.0,1830.0,1718.0
2017-10-03,1864.0,1880.0,1833.0,1880.0,3061.0
2017-10-04,1900.0,1950.0,1880.0,1935.0,15658.0
2017-10-05,1935.0,1980.0,1915.0,1934.0,460.0
2017-10-06,1934.0,1934.0,1920.0,1925.0,1667.0
2017-10-09,1906.0,1934.0,1906.0,1934.0,5.0
2017-10-10,1925.0,1930.0,1924.0,1930.0,696.0
2017-10-11,1930.0,1939.0,1926.0,1926.0,221.0
2017-10-13,1930.0,1930.0,1900.0,1930.0,1271.0
2017-10-16,1930.0,1930.0,1900.0,1900.0,48.0
2017-10-17,1891.0,1900.0,1880.0,1880.0,2062.0
2017-10-18,1890.0,1940.0,1890.0,1905.0,73.0
2017-10-19,1890.0,1908.0,1880.0,1880.0,352.0
2017-10-20,1920.0,1920.0,1900.0,1900.0,1747.0
2017-10-23,1900.0,1900.0,1900.0,1900.0,1120.0
2017-10-24,1885.0,1885.0,1880.0,1880.0,3999.0
2017-10-26,1893.0,1940.0,1893.0,1940.0,55.0
2017-10-27,1958.0,1958.0,1900.0,1900.0,3169.0
2017-10-30,1887.0,1932.0,1887.0,1890.0,486.0
2017-10-31,1891.0,1918.0,1891.0,1918.0,2179.0
2017-11-01,1918.0,1950.0,1886.0,1950.0,546.0
2017-11-02,1894.0,1895.0,1893.0,1895.0,598.0
2017-11-03,1895.0,1930.0,1895.0,1930.0,2153.0
2017-11-07,1986.0,1986.0,1900.0,1900.0,249.0
2017-11-08,1945.0,1945.0,1898.0,1898.0,114.0
2017-11-10,1930.0,1950.0,1930.0,1945.0,15290.0
2017-11-13,1959.0,1980.0,1955.0,1980.0,375.0
2017-11-14,1979.0,1980.0,1950.0,1977.0,3523.0
2017-11-15,1951.0,1951.0,1951.0,1951.0,2000.0
2017-11-17,1970.0,1970.0,1951.0,1964.0,1084.0
2017-11-21,1950.0,1950.0,1950.0,1950.0,3.0
2017-11-22,1921.0,1921.0,1921.0,1921.0,180.0
2017-11-23,1923.0,1924.0,1922.0,1924.0,135.0
2017-11-24,1954.0,1954.0,1949.0,1949.0,551.0
2017-11-27,1923.0,1923.0,1903.0,1911.0,210.0
2017-11-28,1911.0,1911.0,1904.0,1904.0,722.0
2017-11-29,1903.0,1950.0,1903.0,1950.0,2011.0
2017-11-30,1907.0,1935.0,1904.0,1935.0,630.0
2017-12-04,1906.0,1906.0,1869.0,1869.0,1431.0
2017-12-05,1861.0,1861.0,1860.0,1860.0,50.0
2017-12-06,1917.0,1917.0,1850.0,1850.0,8196.0
2017-12-07,1920.0,1920.0,1900.0,1910.0,758.0
2017-12-08,1855.0,1900.0,1855.0,1900.0,4811.0
2017-12-11,1865.0,1865.0,1850.0,1850.0,1114.0
2017-12-12,1888.0,1888.0,1888.0,1888.0,179.0
2017-12-13,1856.0,1856.0,1856.0,1856.0,1.0
2017-12-14,1860.0,1860.0,1860.0,1860.0,763.0
2017-12-15,1890.0,1900.0,1860.0,1899.0,12477.0
2017-12-20,1890.0,1897.0,1855.0,1860.0,6064.0
2017-12-21,1860.0,1860.0,1860.0,1860.0,4.0
2017-12-22,1860.0,1860.0,1849.0,1850.0,42162.0
2017-12-25,1822.0,1888.0,1822.0,1888.0,90.0
2017-12-26,1840.0,1938.0,1840.0,1938.0,19856.0
2017-12-27,1936.0,1950.0,1936.0,1939.0,8962.0
2017-12-28,1900.0,1900.0,1900.0,1900.0,100.0
2017-12-29,1939.0,1980.0,1939.0,1980.0,31098.0
2018-01-02,1921.0,1980.0,1921.0,1980.0,44.0
2018-01-03,1975.0,1975.0,1970.0,1970.0,22.0
2018-01-04,1888.0,1960.0,1875.0,1902.0,158.0
2018-01-05,1898.0,1903.0,1877.0,1903.0,1615.0
2018-01-08,1876.0,1876.0,1872.0,1872.0,728.0
2018-01-09,1878.0,1878.0,1877.0,1877.0,27.0
2018-01-12,1900.0,1930.0,1900.0,1930.0,1609.0
2018-01-15,1930.0,1930.0,1930.0,1930.0,2.0
2018-01-16,1930.0,1960.0,1911.0,1911.0,2350.0
2018-01-17,1910.0,1950.0,1910.0,1950.0,178.0
2018-01-18,1950.0,1950.0,1915.0,1915.0,658.0
2018-01-19,1916.0,1950.0,1915.0,1926.0,511.0
2018-01-23,1960.0,1975.0,1960.0,1975.0,775.0
2018-01-24,2000.0,2129.0,2000.0,2025.0,11079.0
2018-01-25,2025.0,2025.0,1989.0,1989.0,5133.0
2018-01-26,2000.0,2020.0,1995.0,2020.0,3011.0
2018-01-29,1970.0,1980.0,1961.0,1980.0,183.0
2018-01-30,2001.0,2039.0,2000.0,2001.0,3464.0
2018-01-31,2007.0,2037.0,2001.0,2037.0,372.0
2018-02-01,2049.0,2084.0,2002.0,2083.0,18762.0
2018-02-02,2090.0,2100.0,2052.0,2052.0,6661.0
2018-02-05,2015.0,2103.0,2000.0,2103.0,374.0
2018-02-06,2098.0,2098.0,2048.0,2048.0,180.0
2018-02-07,2076.0,2097.0,2022.0,2022.0,4442.0
2018-02-08,2015.0,2050.0,2015.0,2050.0,3835.0
2018-02-09,2055.0,2055.0,2055.0,2055.0,1750.0
2018-02-12,2055.0,2055.0,2055.0,2055.0,1000.0
2018-02-13,2019.0,2040.0,2011.0,2040.0,1451.0
2018-02-14,2025.0,2025.0,2012.0,2012.0,1100.0
2018-02-15,2011.0,2040.0,2010.0,2011.0,1165.0
2018-02-16,2000.0,2040.0,2000.0,2040.0,513.0
2018-02-20,2040.0,2040.0,2040.0,2040.0,247.0
2018-02-21,2040.0,2040.0,2039.0,2039.0,120.0
2018-02-22,2030.0,2030.0,2030.0,2030.0,650.0
2018-02-23,2029.0,2030.0,2010.0,2012.0,3351.0
2018-02-26,2012.0,2012.0,2012.0,2012.0,300.0
2018-02-27,2005.0,2028.0,2000.0,2028.0,1055.0
2018-02-28,2028.0,2028.0,2028.0,2028.0,588.0
2018-03-01,2000.0,2000.0,2000.0,2000.0,676.0
2018-03-02,2010.0,2010.0,2000.0,2000.0,6158.0
2018-03-05,2010.0,2010.0,2010.0,2010.0,4235.0
2018-03-06,2010.0,2010.0,2010.0,2010.0,43.0
2018-03-07,2010.0,2010.0,2003.0,2010.0,11313.0
2018-03-08,1994.0,2010.0,1994.0,2010.0,2316.0
2018-03-09,1956.0,2015.0,1955.0,2015.0,19.0
2018-03-12,2010.0,2010.0,2009.0,2009.0,3711.0
2018-03-13,1980.0,2000.0,1980.0,1980.0,940.0
2018-03-14,1940.0,2001.0,1940.0,2001.0,2802.0
2018-03-15,1995.0,1995.0,1995.0,1995.0,279.0
2018-03-16,2005.0,2020.0,2005.0,2020.0,4775.0
2018-03-19,2010.0,2011.0,2010.0,2011.0,2028.0
2018-03-20,2022.0,2022.0,2001.0,2001.0,1142.0
2018-03-21,2029.0,2029.0,2010.0,2010.0,6023.0
2018-03-22,2010.0,2020.0,2010.0,2020.0,3719.0
2018-03-23,1999.0,1999.0,1999.0,1999.0,969.0
2018-03-26,2004.0,2004.0,1990.0,1990.0,599.0
2018-03-27,1980.0,1980.0,1980.0,1980.0,525.0
2018-03-28,1960.0,1960.0,1950.0,1955.0,11947.0
2018-03-29,1993.0,1993.0,1975.0,1989.0,1202.0
2018-03-30,1921.0,2040.0,1921.0,2040.0,5148.0
2018-04-02,2038.0,2038.0,2030.0,2030.0,544.0
2018-04-03,2029.0,2029.0,1971.0,1971.0,2058.0
2018-04-04,1980.0,1980.0,1980.0,1980.0,130.0
2018-04-05,1972.0,1975.0,1956.0,1975.0,3928.0
2018-04-06,1970.0,1990.0,1925.0,1970.0,3096.0
2018-04-10,1990.0,2015.0,1990.0,2015.0,2046.0
2018-04-11,2015.0,2015.0,2000.0,2000.0,50.0
2018-04-12,2000.0,2005.0,1990.0,2005.0,460.0
2018-04-13,2000.0,2000.0,2000.0,2000.0,782.0
2018-04-17,1980.0,1980.0,1980.0,1980.0,2000.0
2018-04-19,1980.0,1980.0,1980.0,1980.0,564.0
2018-04-20,1925.0,1980.0,1925.0,1980.0,1290.0
2018-04-23,1979.0,1979.0,1918.0,1970.0,4242.0
2018-04-24,1970.0,1970.0,1970.0,1970.0,1000.0
2018-04-25,1960.0,1960.0,1960.0,1960.0,250.0
2018-04-26,1960.0,1960.0,1960.0,1960.0,2874.0
2018-04-27,1980.0,2019.0,1980.0,2019.0,1440.0
2018-04-30,1970.0,1970.0,1970.0,1970.0,479.0
2018-05-02,2021.0,2021.0,1960.0,1960.0,972.0
2018-05-03,2007.0,2007.0,2007.0,2007.0,51.0
2018-05-04,1961.0,2015.0,1961.0,2015.0,33.0
2018-05-07,2013.0,2013.0,2013.0,2013.0,4.0
2018-05-08,1975.0,1985.0,1957.0,1985.0,4511.0
2018-05-09,1971.0,1975.0,1971.0,1975.0,2510.0
2018-05-10,1972.0,1980.0,1960.0,1960.0,7505.0
2018-05-11,1957.0,1989.0,1957.0,1989.0,1975.0
2018-05-14,1955.0,1990.0,1955.0,1975.0,2149.0
2018-05-15,1960.0,1975.0,1960.0,1974.0,659.0
2018-05-16,1959.0,1970.0,1950.0,1970.0,1472.0
2018-05-17,1994.0,1994.0,1994.0,1994.0,1.0
2018-05-18,1936.0,1936.0,1936.0,1936.0,1110.0
2018-05-22,1969.0,1969.0,1920.0,1920.0,429.0
2018-05-23,1930.0,1930.0,1911.0,1911.0,2000.0
2018-05-24,1911.0,1911.0,1855.0,1855.0,1014.0
2018-05-28,1862.0,1862.0,1862.0,1862.0,14.0
2018-05-29,1864.0,1864.0,1834.0,1860.0,51029.0
2018-05-30,1850.0,1850.0,1845.0,1845.0,370.0
2018-05-31,1894.0,1895.0,1805.0,1805.0,6975.0
2018-06-01,1805.0,1820.0,1755.0,1755.0,1107.0
2018-06-04,1780.0,1780.0,1780.0,1780.0,200.0
2018-06-07,1786.0,1786.0,1780.0,1785.0,381.0
2018-06-11,1785.0,1785.0,1785.0,1785.0,900.0
2018-06-12,1788.0,1796.0,1788.0,1796.0,6560.0
2018-06-14,1828.0,1845.0,1780.0,1780.0,2628.0
2018-06-18,1787.0,1787.0,1770.0,1770.0,900.0
2018-06-19,1736.0,1760.0,1720.0,1760.0,5283.0
2018-06-20,1760.0,1760.0,1760.0,1760.0,8180.0
2018-06-21,1760.0,1760.0,1760.0,1760.0,7567.0
2018-06-22,1760.0,1760.0,1750.0,1751.0,16020.0
2018-06-25,1765.0,1765.0,1747.0,1747.0,1513.0
2018-06-26,1747.0,1773.0,1705.0,1740.0,721.0
2018-06-27,1749.0,1749.0,1711.0,1749.0,6053.0
2018-06-29,1746.0,1746.0,1706.0,1706.0,105.0
2018-07-02,1706.0,1730.0,1700.0,1730.0,844.0
2018-07-03,1706.0,1706.0,1663.0,1665.0,10717.0
2018-07-04,1680.0,1719.0,1680.0,1719.0,1001.0
2018-07-05,1700.0,1700.0,1630.0,1680.0,427.0
2018-07-06,1695.0,1700.0,1680.0,1680.0,7547.0
2018-07-09,1680.0,1730.0,1680.0,1730.0,63.0
2018-07-10,1738.0,1738.0,1738.0,1738.0,51.0
2018-07-11,1690.0,1700.0,1682.0,1690.0,1150.0
2018-07-12,1682.0,1719.0,1682.0,1719.0,8.0
2018-07-13,1680.0,1700.0,1667.0,1667.0,7086.0
2018-07-16,1680.0,1680.0,1661.0,1680.0,14715.0
2018-07-17,1662.0,1680.0,1660.0,1660.0,4132.0
2018-07-18,1661.0,1661.0,1660.0,1660.0,1162.0
2018-07-19,1635.0,1660.0,1635.0,1640.0,173.0
2018-07-20,1635.0,1650.0,1630.0,1636.0,646.0
2018-07-24,1640.0,1640.0,1636.0,1636.0,5.0
2018-07-25,1665.0,1665.0,1665.0,1665.0,155.0
2018-07-26,1670.0,1670.0,1670.0,1670.0,1.0
2018-07-27,1703.0,1703.0,1700.0,1700.0,611.0
2018-07-31,1680.0,1723.0,1680.0,1723.0,2821.0
2018-08-01,1704.0,1704.0,1704.0,1704.0,2.0
2018-08-02,1701.0,1800.0,1701.0,1721.0,232.0
2018-08-03,1725.0,1745.0,1725.0,1745.0,2000.0
2018-08-06,1797.0,1797.0,1797.0,1797.0,2.0
2018-08-07,1750.0,1796.0,1750.0,1796.0,2166.0
2018-08-08,1765.0,1796.0,1750.0,1790.0,506.0
2018-08-09,1750.0,1750.0,1750.0,1750.0,310.0
2018-08-10,1719.0,1719.0,1705.0,1705.0,424.0
2018-08-17,1749.0,1750.0,1706.0,1750.0,4876.0
2018-08-29,1703.0,1703.0,1700.0,1700.0,4717.0
2018-08-30,1700.0,1700.0,1700.0,1700.0,8.0
2018-08-31,1685.0,1690.0,1681.0,1690.0,1472.0
2018-09-03,1690.0,1690.0,1661.0,1663.0,37.0
2018-09-05,1636.0,1636.0,1636.0,1636.0,9.0
2018-09-06,1700.0,1700.0,1605.0,1605.0,1630.0
2018-09-07,1601.0,1601.0,1550.0,1550.0,2190.0
2018-09-10,1599.0,1599.0,1599.0,1599.0,1.0
2018-09-12,1570.0,1570.0,1570.0,1570.0,10606.0
2018-09-13,1570.0,1570.0,1540.0,1546.0,2310.0
2018-09-14,1541.0,1541.0,1533.0,1533.0,175.0
2018-09-17,1530.0,1530.0,1502.0,1508.0,1324.0
2018-09-18,1509.0,1509.0,1508.0,1508.0,27.0
2018-09-19,1501.0,1501.0,1500.0,1500.0,31.0
2018-09-20,1505.0,1505.0,1503.0,1503.0,31.0
2018-09-21,1540.0,1540.0,1540.0,1540.0,1000.0
2018-09-25,1520.0,1520.0,1520.0,1520.0,841.0
2018-09-26,1511.0,1600.0,1510.0,1600.0,4382.0
2018-09-27,1600.0,1634.0,1600.0,1634.0,9803.0
2018-09-28,1634.0,1640.0,1630.0,1630.0,21071.0
2018-10-01,1600.0,1600.0,1600.0,1600.0,100.0
2018-10-02,1600.0,1600.0,1600.0,1600.0,6.0
2018-10-03,1589.0,1589.0,1550.0,1580.0,1770.0
2018-10-04,1599.0,1599.0,1599.0,1599.0,1.0
2018-10-05,1534.0,1589.0,1515.0,1515.0,953.0
2018-10-11,1549.0,1549.0,1508.0,1508.0,28.0
2018-10-12,1520.0,1530.0,1520.0,1530.0,1388.0
2018-10-15,1515.0,1520.0,1511.0,1511.0,495.0
2018-10-16,1512.0,1525.0,1511.0,1511.0,2030.0
2018-10-17,1511.0,1535.0,1506.0,1535.0,6540.0
2018-10-18,1525.0,1579.0,1525.0,1579.0,3000.0
2018-10-19,1579.0,1599.0,1549.0,1549.0,4861.0
2018-10-22,1518.0,1549.0,1518.0,1549.0,123.0
2018-10-23,1550.0,1594.0,1526.0,1594.0,736.0
2018-10-24,1570.0,1570.0,1570.0,1570.0,300.0
2018-10-25,1570.0,1570.0,1529.0,1550.0,373.0
2018-10-26,1551.0,1598.0,1551.0,1598.0,1313.0
2018-10-29,1570.0,1570.0,1570.0,1570.0,1000.0
2018-10-30,1570.0,1570.0,1570.0,1570.0,706.0
2018-10-31,1569.0,1600.0,1568.0,1570.0,1671.0
2018-11-02,1570.0,1570.0,1533.0,1533.0,4153.0
2018-11-07,1535.0,1535.0,1533.0,1533.0,1120.0
2018-11-08,1592.0,1600.0,1588.0,1600.0,3396.0
2018-11-09,1590.0,1620.0,1590.0,1620.0,721.0
2018-11-12,1550.0,1550.0,1550.0,1550.0,50.0
2018-11-13,1568.0,1619.0,1568.0,1600.0,7004.0
2018-11-14,1600.0,1650.0,1600.0,1650.0,403.0
2018-11-15,1699.0,1699.0,1649.0,1670.0,199.0
2018-11-16,1670.0,1701.0,1670.0,1701.0,1557.0
2018-11-19,1606.0,1750.0,1606.0,1750.0,705.0
2018-11-22,1750.0,1750.0,1750.0,1750.0,5650.0
2018-11-23,1750.0,1750.0,1747.0,1747.0,3100.0
2018-11-26,1746.0,1746.0,1740.0,1740.0,550.0
2018-11-29,1690.0,1699.0,1670.0,1699.0,307.0
2018-11-30,1619.0,1699.0,1619.0,1699.0,1080.0
2018-12-03,1631.0,1631.0,1631.0,1631.0,56.0
2018-12-04,1631.0,1699.0,1581.0,1699.0,2229.0
2018-12-05,1699.0,1699.0,1699.0,1699.0,600.0
2018-12-07,1699.0,1728.0,1680.0,1719.0,4580.0
2018-12-11,1719.0,1719.0,1701.0,1718.0,10997.0
2018-12-12,1690.0,1719.0,1690.0,1690.0,57001.0
2018-12-14,1690.0,1719.0,1621.0,1621.0,2814.0
2018-12-17,1690.0,1690.0,1690.0,1690.0,1.0
2018-12-18,1688.0,1695.0,1650.0,1650.0,110.0
2018-12-19,1633.0,1688.0,1633.0,1642.0,16.0
2018-12-20,1688.0,1690.0,1688.0,1690.0,22427.0
2018-12-21,1690.0,1690.0,1638.0,1638.0,5209.0
2018-12-24,1650.0,1690.0,1650.0,1690.0,783.0
2018-12-26,1678.0,1680.0,1675.0,1680.0,2896.0
2018-12-27,1678.0,1678.0,1670.0,1670.0,468.0
2018-12-28,1674.0,1708.0,1650.0,1708.0,64534.0
2018-12-31,1652.0,1789.0,1652.0,1789.0,55094.0
2019-01-02,1731.0,1731.0,1680.0,1680.0,885.0
2019-01-03,1632.0,1678.0,1630.0,1650.0,608.0
2019-01-04,1695.0,1720.0,1633.0,1633.0,4353.0
2019-01-07,1633.0,1633.0,1633.0,1633.0,100.0
2019-01-08,1637.0,1637.0,1637.0,1637.0,81.0
2019-01-10,1660.0,1660.0,1630.0,1660.0,1674.0
2019-01-14,1699.0,1699.0,1631.0,1631.0,100.0
2019-01-15,1697.0,1697.0,1660.0,1696.0,1.0
2019-01-16,1670.0,1670.0,1634.0,1634.0,10.0
2019-01-18,1634.0,1637.0,1630.0,1637.0,2024.0
2019-01-21,1625.0,1630.0,1621.0,1621.0,34.0
2019-01-22,1620.0,1637.0,1620.0,1637.0,7436.0
2019-01-24,1620.0,1623.0,1620.0,1623.0,128.0
2019-01-25,1637.0,1637.0,1615.0,1615.0,5880.0
2019-01-28,1649.0,1649.0,1610.0,1610.0,934.0
2019-01-29,1620.0,1656.0,1600.0,1620.0,4794.0
2019-01-31,1621.0,1648.0,1620.0,1620.0,10802.0
2019-02-01,1621.0,1621.0,1620.0,1621.0,4667.0
2019-02-04,1610.0,1610.0,1610.0,1610.0,2500.0
2019-02-05,1649.0,1649.0,1600.0,1600.0,1075.0
2019-02-06,1605.0,1645.0,1600.0,1645.0,284.0
2019-02-07,1600.0,1601.0,1600.0,1601.0,1425.0
2019-02-08,1600.0,1600.0,1590.0,1590.0,977.0
2019-02-12,1610.0,1610.0,1600.0,1609.0,295.0
2019-02-13,1591.0,1591.0,1581.0,1581.0,260.0
2019-02-15,1576.0,1590.0,1557.0,1557.0,3801.0
2019-02-18,1570.0,1570.0,1551.0,1551.0,122.0
2019-02-19,1560.0,1580.0,1560.0,1580.0,256.0
2019-02-20,1580.0,1580.0,1550.0,1550.0,48.0
2019-02-21,1579.0,1579.0,1510.0,1559.0,4216.0
2019-02-22,1550.0,1550.0,1490.0,1490.0,4204.0
2019-02-25,1440.0,1440.0,1440.0,1440.0,2.0
2019-02-26,1489.0,1489.0,1470.0,1470.0,151.0
2019-02-27,1488.0,1490.0,1488.0,1488.0,846.0
2019-02-28,1486.0,1487.0,1434.0,1434.0,9953.0
2019-03-01,1435.0,1435.0,1435.0,1435.0,8818.0
2019-03-04,1460.0,1460.0,1430.0,1430.0,1700.0
2019-03-05,1460.0,1460.0,1420.0,1420.0,180.0
2019-03-06,1410.0,1495.0,1410.0,1495.0,636.0
2019-03-07,1430.0,1430.0,1430.0,1430.0,1489.0
2019-03-08,1470.0,1470.0,1430.0,1430.0,339.0
2019-03-14,1423.0,1450.0,1422.0,1430.0,10.0
2019-03-15,1435.0,1435.0,1435.0,1435.0,4032.0
2019-03-18,1420.0,1425.0,1420.0,1425.0,382.0
2019-03-19,1425.0,1490.0,1425.0,1490.0,230.0
2019-03-20,1495.0,1497.0,1495.0,1497.0,22.0
2019-03-21,1495.0,1587.0,1495.0,1587.0,373.0
2019-03-22,1586.0,1598.0,1502.0,1502.0,4903.0
2019-03-25,1503.0,1503.0,1464.0,1464.0,3.0
2019-03-26,1520.0,1520.0,1520.0,1520.0,10.0
2019-03-27,1590.0,1590.0,1495.0,1538.0,1226.0
2019-03-28,1550.0,1582.0,1505.0,1505.0,579.0
2019-03-29,1504.0,1505.0,1500.0,1500.0,2684.0
2019-04-01,1482.0,1530.0,1482.0,1530.0,177.0
2019-04-03,1488.0,1488.0,1484.0,1484.0,358.0
2019-04-04,1485.0,1485.0,1485.0,1485.0,2200.0
2019-04-05,1518.0,1520.0,1480.0,1480.0,10.0
2019-04-08,1484.0,1517.0,1484.0,1517.0,71.0
2019-04-09,1450.0,1451.0,1450.0,1451.0,350.0
2019-04-10,1451.0,1451.0,1450.0,1450.0,2160.0
2019-04-11,1450.0,1456.0,1450.0,1456.0,2050.0
2019-04-12,1456.0,1483.0,1450.0,1450.0,1609.0
2019-04-15,1450.0,1450.0,1450.0,1450.0,1023.0
2019-04-17,1480.0,1500.0,1480.0,1500.0,9085.0
2019-04-18,1500.0,1503.0,1500.0,1503.0,1813.0
2019-04-19,1515.0,1553.0,1487.0,1553.0,39.0
2019-04-22,1550.0,1556.0,1550.0,1550.0,754.0
2019-04-23,1577.0,1620.0,1556.0,1620.0,856.0
2019-04-24,1550.0,1550.0,1550.0,1550.0,300.0
2019-04-25,1566.0,1566.0,1561.0,1561.0,220.0
2019-04-26,1600.0,1600.0,1553.0,1560.0,1250.0
2019-04-29,1560.0,1560.0,1560.0,1560.0,1584.0
2019-04-30,1560.0,1600.0,1560.0,1568.0,4479.0
2019-05-02,1598.0,1620.0,1572.0,1605.0,84.0
2019-05-03,1600.0,1600.0,1580.0,1580.0,368.0
2019-05-06,1582.0,1582.0,1582.0,1582.0,55.0
2019-05-07,1600.0,1600.0,1600.0,1600.0,280.0
2019-05-08,1613.0,1645.0,1612.0,1645.0,480.0
2019-05-09,1658.0,1658.0,1658.0,1658.0,220.0
2019-05-10,1596.0,1596.0,1596.0,1596.0,350.0
2019-05-13,1600.0,1600.0,1600.0,1600.0,2164.0
2019-05-14,1600.0,1620.0,1600.0,1620.0,4178.0
2019-05-15,1620.0,1650.0,1620.0,1650.0,3771.0
2019-05-16,1640.0,1675.0,1640.0,1675.0,520.0
2019-05-17,1641.0,1645.0,1601.0,1601.0,2201.0
2019-05-21,1601.0,1630.0,1601.0,1630.0,223.0
2019-05-24,1597.0,1597.0,1597.0,1597.0,81404.0
2019-05-27,1522.0,1527.0,1522.0,1527.0,75200.0
2019-05-29,1526.0,1526.0,1458.0,1490.0,854.0
2019-05-30,1510.0,1522.0,1510.0,1522.0,1320.0
2019-05-31,1520.0,1522.0,1520.0,1522.0,1233.0
2019-06-04,1520.0,1520.0,1520.0,1520.0,83.0
2019-06-10,1559.0,1559.0,1559.0,1559.0,19.0
2019-06-11,1554.0,1555.0,1530.0,1530.0,400.0
2019-06-14,1539.0,1542.0,1539.0,1542.0,378.0
2019-06-17,1590.0,1650.0,1590.0,1650.0,11934.0
2019-06-18,1650.0,1660.0,1650.0,1660.0,168.0
2019-06-19,1680.0,1680.0,1680.0,1680.0,44038.0
2019-06-20,1680.0,1680.0,1680.0,1680.0,500.0
2019-06-21,1643.0,1650.0,1640.0,1640.0,971.0
2019-06-25,1630.0,1640.0,1600.0,1640.0,570.0
2019-06-27,1640.0,1640.0,1610.0,1610.0,8138.0
2019-06-28,1562.0,1650.0,1562.0,1650.0,24702.0
2019-07-01,1540.0,1630.0,1540.0,1630.0,260.0
2019-07-03,1678.0,1678.0,1678.0,1678.0,1.0
2019-07-05,1649.0,1649.0,1649.0,1649.0,199.0
2019-07-08,1585.0,1585.0,1585.0,1585.0,30.0
2019-07-09,1560.0,1609.0,1560.0,1609.0,11.0
2019-07-10,1610.0,1650.0,1610.0,1650.0,500.0
2019-07-11,1610.0,1610.0,1610.0,1610.0,10.0
2019-07-17,1640.0,1670.0,1640.0,1670.0,7729.0
2019-07-18,1586.0,1620.0,1586.0,1620.0,102.0
2019-07-19,1655.0,1655.0,1655.0,1655.0,2420.0
2019-07-22,1613.0,1613.0,1613.0,1613.0,4.0
2019-07-23,1670.0,1670.0,1670.0,1670.0,77.0
2019-07-26,1650.0,1675.0,1650.0,1675.0,1027.0
2019-07-29,1675.0,1700.0,1600.0,1675.0,2004.0
2019-07-31,1630.0,1699.0,1630.0,1699.0,21.0
2019-08-02,1680.0,1680.0,1680.0,1680.0,7.0
2019-08-05,1675.0,1698.0,1675.0,1675.0,45.0
2019-08-06,1675.0,1676.0,1675.0,1676.0,1412.0
2019-08-07,1680.0,1680.0,1680.0,1680.0,38.0
2019-08-08,1680.0,1699.0,1680.0,1699.0,103.0
2019-08-09,1720.0,1720.0,1720.0,1720.0,1300.0
2019-08-19,1695.0,1695.0,1695.0,1695.0,417.0
2019-08-23,1675.0,1695.0,1675.0,1695.0,344.0
2019-08-26,1695.0,1695.0,1695.0,1695.0,467.0
2019-08-27,1700.0,1749.0,1700.0,1745.0,7127.0
2019-08-28,1745.0,1745.0,1745.0,1745.0,312.0
2019-08-29,1750.0,1750.0,1750.0,1750.0,271.0
2019-08-30,1750.0,1750.0,1724.0,1724.0,77.0
2019-09-02,1710.0,1710.0,1710.0,1710.0,1852.0
2019-09-04,1690.0,1690.0,1690.0,1690.0,620.0
2019-09-06,1671.0,1671.0,1671.0,1671.0,369.0
2019-09-13,1671.0,1671.0,1671.0,1671.0,150.0
2019-09-16,1700.0,1700.0,1700.0,1700.0,1007.0
2019-09-17,1671.0,1700.0,1671.0,1700.0,685.0
2019-09-18,1676.0,1676.0,1676.0,1676.0,615.0
2019-09-19,1675.0,1699.0,1675.0,1699.0,3117.0
2019-09-20,1675.0,1675.0,1625.0,1650.0,4400.0
2019-09-23,1700.0,1700.0,1700.0,1700.0,17.0
2019-09-24,1680.0,1700.0,1680.0,1700.0,4891.0
2019-09-25,1699.0,1699.0,1699.0,1699.0,8.0
2019-09-26,1700.0,1700.0,1700.0,1700.0,508.0
2019-09-27,1701.0,1718.0,1700.0,1700.0,9176.0
2019-09-30,1700.0,1700.0,1700.0,1700.0,500.0
2019-10-02,1700.0,1715.0,1700.0,1715.0,3.0
2019-10-03,1700.0,1700.0,1700.0,1700.0,1032.0
2019-10-04,1700.0,1700.0,1698.0,1698.0,2166.0
2019-10-09,1670.0,1670.0,1670.0,1670.0,111.0
2019-10-10,1653.0,1653.0,1621.0,1621.0,21.0
2019-10-11,1623.0,1670.0,1623.0,1670.0,4939.0
2019-10-15,1631.0,1660.0,1620.0,1660.0,4224.0
2019-10-16,1657.0,1657.0,1657.0,1657.0,664.0
2019-10-17,1636.0,1657.0,1621.0,1657.0,696.0
2019-10-18,1657.0,1660.0,1657.0,1660.0,4008.0
2019-10-21,1646.0,1646.0,1646.0,1646.0,215.0
2019-10-22,1630.0,1646.0,1628.0,1628.0,20.0
2019-10-23,1635.0,1676.0,1631.0,1676.0,15.0
2019-10-24,1680.0,1680.0,1636.0,1680.0,2866.0
2019-10-25,1660.0,1707.0,1660.0,1707.0,11883.0
2019-10-28,1680.0,1680.0,1666.0,1666.0,47.0
2019-10-29,1675.0,1675.0,1675.0,1675.0,1000.0
2019-10-30,1675.0,1675.0,1675.0,1675.0,2037.0
2019-10-31,1675.0,1675.0,1675.0,1675.0,133.0
2019-11-01,1707.0,1707.0,1705.0,1705.0,1889.0
2019-11-04,1665.0,1665.0,1660.0,1660.0,36.0
2019-11-05,1675.0,1675.0,1675.0,1675.0,191.0
2019-11-07,1710.0,1710.0,1710.0,1710.0,20.0
2019-11-08,1681.0,1681.0,1675.0,1680.0,148.0
2019-11-13,1680.0,1700.0,1680.0,1700.0,11786.0
2019-11-14,1676.0,1709.0,1676.0,1709.0,11133.0
2019-11-15,1677.0,1710.0,1677.0,1710.0,6210.0
2019-11-20,1678.0,1690.0,1678.0,1690.0,5956.0
2019-11-21,1685.0,1750.0,1685.0,1750.0,18224.0
2019-11-22,1750.0,1779.0,1750.0,1760.0,12093.0
2019-11-25,1778.0,1780.0,1778.0,1780.0,21.0
2019-11-26,1761.0,1770.0,1711.0,1770.0,8062.0
2019-11-27,1770.0,1779.0,1770.0,1779.0,3154.0
2019-11-28,1760.0,1780.0,1755.0,1780.0,2054.0
2019-11-29,1755.0,1755.0,1750.0,1750.0,9074.0
2019-12-03,1710.0,1710.0,1710.0,1710.0,6.0
2019-12-05,1702.0,1703.0,1700.0,1700.0,18816.0
2019-12-06,1702.0,1702.0,1700.0,1702.0,15750.0
2019-12-09,1750.0,1750.0,1704.0,1704.0,3003.0
2019-12-10,1716.0,1716.0,1712.0,1713.0,7156.0
2019-12-12,1713.0,1750.0,1713.0,1750.0,2814.0
2019-12-13,1750.0,1788.0,1750.0,1788.0,9022.0
2019-12-17,1788.0,1788.0,1788.0,1788.0,1499.0
2019-12-18,1784.0,1784.0,1784.0,1784.0,92.0
2019-12-19,1775.0,1784.0,1775.0,1780.0,19113.0
2019-12-20,1780.0,1805.0,1780.0,1800.0,22784.0
2019-12-23,1785.0,1850.0,1785.0,1800.0,3158.0
2019-12-24,1840.0,1840.0,1801.0,1840.0,11355.0
2019-12-25,1803.0,1840.0,1803.0,1840.0,10493.0
2019-12-26,1805.0,1830.0,1800.0,1830.0,1058.0
2019-12-27,1830.0,1840.0,1829.0,1829.0,10786.0
2019-12-30,1825.0,1825.0,1800.0,1815.0,6428.0
2019-12-31,1800.0,1850.0,1800.0,1850.0,47998.0
2020-01-02,1805.0,1805.0,1805.0,1805.0,100.0
2020-01-03,1825.0,1825.0,1801.0,1801.0,900.0
2020-01-06,1805.0,1805.0,1805.0,1805.0,1408.0
2020-01-07,1805.0,1805.0,1805.0,1805.0,133.0
2020-01-08,1820.0,1820.0,1820.0,1820.0,1.0
2020-01-09,1820.0,1875.0,1820.0,1875.0,8503.0
2020-01-10,1870.0,1870.0,1870.0,1870.0,4000.0
2020-01-13,1869.0,1869.0,1806.0,1865.0,2121.0
2020-01-14,1865.0,1870.0,1865.0,1870.0,787.0
2020-01-15,1870.0,1872.0,1850.0,1851.0,1536.0
2020-01-16,1860.0,1860.0,1860.0,1860.0,985.0
2020-01-17,1875.0,1930.0,1875.0,1900.0,15600.0
2020-01-20,1905.0,1905.0,1905.0,1905.0,1117.0
2020-01-21,1905.0,1920.0,1864.0,1920.0,4408.0
2020-01-22,1925.0,1953.0,1922.0,1951.0,29159.0
2020-01-23,1951.0,1958.0,1920.0,1920.0,22286.0
2020-01-24,1950.0,1950.0,1915.0,1915.0,10394.0
2020-01-27,1930.0,1944.0,1915.0,1944.0,5206.0
2020-01-28,1920.0,1949.0,1920.0,1949.0,4087.0
2020-01-29,1949.0,1949.0,1949.0,1949.0,400.0
2020-01-30,1925.0,1925.0,1925.0,1925.0,2793.0
2020-01-31,1950.0,1950.0,1900.0,1925.0,5312.0
2020-02-03,1915.0,1915.0,1914.0,1914.0,1027.0
2020-02-06,1920.0,1920.0,1900.0,1900.0,2400.0
2020-02-07,1900.0,1900.0,1890.0,1890.0,1870.0
2020-02-10,1935.0,1935.0,1935.0,1935.0,2694.0
2020-02-11,1852.0,1853.0,1850.0,1850.0,26.0
2020-02-12,1880.0,1880.0,1880.0,1880.0,3000.0
2020-02-13,1890.0,1910.0,1890.0,1910.0,18615.0
2020-02-14,1910.0,1935.0,1910.0,1935.0,24256.0
2020-02-17,1850.0,1940.0,1850.0,1940.0,676.0
2020-02-18,1884.0,1884.0,1884.0,1884.0,328.0
2020-02-20,1888.0,1911.0,1831.0,1911.0,288.0
2020-02-21,1927.0,1947.0,1927.0,1947.0,12551.0
2020-02-24,1912.0,1912.0,1911.0,1911.0,262.0
2020-02-25,1913.0,1937.0,1913.0,1937.0,5876.0
2020-02-26,1935.0,1941.0,1935.0,1941.0,3160.0
2020-02-28,1940.0,1940.0,1920.0,1935.0,11975.0
2020-03-03,1913.0,1913.0,1812.0,1812.0,4660.0
2020-03-04,1810.0,1820.0,1800.0,1800.0,5379.0
2020-03-05,1800.0,1800.0,1796.0,1796.0,2520.0
2020-03-06,1710.0,1710.0,1710.0,1710.0,7432.0
2020-03-09,1662.0,1662.0,1580.0,1607.0,17713.0
2020-03-10,1655.0,1681.0,1655.0,1681.0,5315.0
2020-03-12,1600.0,1610.0,1534.0,1534.0,15570.0
2020-03-13,1450.0,1500.0,1450.0,1500.0,8889.0
2020-03-16,1457.0,1457.0,1352.0,1352.0,3524.0
2020-03-17,1352.0,1352.0,1298.0,1298.0,648.0
2020-03-18,1247.0,1247.0,1247.0,1247.0,36.0
2020-03-19,1200.0,1296.0,1200.0,1296.0,9294.0
2020-03-20,1347.0,1347.0,1347.0,1347.0,2911.0
2020-03-23,1400.0,1400.0,1400.0,1400.0,1020.0
2020-03-24,1455.0,1455.0,1400.0,1430.0,4132.0
2020-03-25,1447.0,1448.0,1377.0,1377.0,1275.0
2020-03-26,1390.0,1390.0,1350.0,1375.0,138.0
2020-03-27,1351.0,1380.0,1350.0,1350.0,12044.0
2020-03-30,1350.0,1350.0,1330.0,1330.0,1088.0
2020-03-31,1331.0,1331.0,1310.0,1310.0,8709.0
2020-04-01,1300.0,1300.0,1300.0,1300.0,5120.0
2020-04-02,1280.0,1300.0,1250.0,1300.0,20841.0
2020-04-03,1253.0,1255.0,1250.0,1255.0,5705.0
2020-04-06,1220.0,1221.0,1220.0,1220.0,410.0
2020-04-07,1205.0,1205.0,1174.0,1174.0,25414.0
2020-04-08,1174.0,1174.0,1151.0,1151.0,721.0
2020-04-09,1155.0,1194.0,1155.0,1189.0,2111.0
2020-04-10,1192.0,1205.0,1192.0,1205.0,8030.0
2020-04-13,1205.0,1227.0,1205.0,1227.0,41.0
2020-04-14,1227.0,1227.0,1205.0,1205.0,2192.0
2020-04-15,1202.0,1225.0,1200.0,1200.0,167.0
2020-04-16,1200.0,1200.0,1190.0,1190.0,233.0
2020-04-17,1190.0,1200.0,1170.0,1170.0,5218.0
2020-04-20,1170.0,1171.0,1170.0,1171.0,14.0
2020-04-21,1189.0,1189.0,1160.0,1160.0,716.0
2020-04-22,1160.0,1160.0,1155.0,1160.0,412.0
2020-04-23,1165.0,1169.0,1150.0,1150.0,3195.0
2020-04-24,1145.0,1145.0,1145.0,1145.0,507.0
2020-04-27,1145.0,1155.0,1145.0,1145.0,1041.0
2020-04-28,1145.0,1160.0,1145.0,1152.0,1339.0
2020-04-29,1174.0,1198.0,1174.0,1198.0,663.0
2020-04-30,1220.0,1220.0,1220.0,1220.0,790.0
2020-05-04,1239.0,1250.0,1220.0,1250.0,1767.0
2020-05-05,1260.0,1294.0,1260.0,1294.0,316.0
2020-05-06,1299.0,1342.0,1299.0,1300.0,1368.0
2020-05-07,1340.0,1340.0,1300.0,1338.0,2162.0
2020-05-08,1340.0,1340.0,1285.0,1285.0,8363.0
2020-05-11,1251.0,1279.0,1251.0,1279.0,112.0
2020-05-12,1230.0,1230.0,1230.0,1230.0,192.0
2020-05-13,1200.0,1200.0,1181.0,1200.0,6155.0
2020-05-14,1220.0,1220.0,1220.0,1220.0,1.0
2020-05-15,1219.0,1239.0,1210.0,1221.0,4332.0
2020-05-18,1200.0,1265.0,1200.0,1265.0,9.0
2020-05-19,1230.0,1230.0,1230.0,1230.0,10.0
2020-05-20,1232.0,1273.0,1232.0,1270.0,2004.0
2020-05-21,1298.0,1319.0,1295.0,1310.0,5439.0
2020-05-22,1337.0,1341.0,1330.0,1341.0,8657.0
2020-05-26,1344.0,1394.0,1344.0,1390.0,18251.0
2020-05-27,1400.0,1419.0,1400.0,1400.0,2545.0
2020-05-28,1373.0,1380.0,1345.0,1345.0,6660.0
2020-05-29,1306.0,1340.0,1306.0,1327.0,13055.0
2020-06-01,1353.0,1380.0,1353.0,1380.0,6345.0
2020-06-02,1386.0,1419.0,1380.0,1419.0,881.0
2020-06-03,1425.0,1450.0,1419.0,1443.0,727.0
2020-06-04,1443.0,1460.0,1440.0,1440.0,4993.0
2020-06-05,1460.0,1460.0,1400.0,1400.0,3002.0
2020-06-08,1400.0,1400.0,1400.0,1400.0,51.0
2020-06-09,1362.0,1400.0,1362.0,1385.0,24018.0
2020-06-10,1393.0,1393.0,1389.0,1389.0,3060.0
2020-06-11,1380.0,1397.0,1370.0,1376.0,723.0
2020-06-12,1349.0,1349.0,1349.0,1349.0,2687.0
2020-06-15,1389.0,1389.0,1389.0,1389.0,1.0
2020-06-16,1380.0,1395.0,1380.0,1395.0,9555.0
2020-06-17,1450.0,1450.0,1450.0,1450.0,16711.0
2020-06-18,1402.0,1486.0,1396.0,1396.0,1430.0
2020-06-19,1440.0,1440.0,1390.0,1390.0,672.0
2020-06-22,1390.0,1390.0,1390.0,1390.0,2.0
2020-06-23,1390.0,1390.0,1366.0,1366.0,550.0
2020-06-24,1370.0,1400.0,1366.0,1400.0,76.0
2020-06-25,1415.0,1416.0,1415.0,1416.0,5.0
2020-06-26,1360.0,1360.0,1360.0,1360.0,2572.0
2020-06-29,1342.0,1390.0,1331.0,1331.0,5358.0
2020-06-30,1335.0,1350.0,1335.0,1350.0,6.0
2020-07-01,1350.0,1378.0,1340.0,1378.0,42.0
2020-07-02,1379.0,1385.0,1379.0,1385.0,12.0
2020-07-03,1380.0,1380.0,1380.0,1380.0,136.0
2020-07-06,1380.0,1380.0,1380.0,1380.0,10.0
2020-07-07,1350.0,1395.0,1340.0,1395.0,176.0
2020-07-08,1400.0,1400.0,1395.0,1399.0,146.0
2020-07-10,1362.0,1362.0,1362.0,1362.0,2288.0
2020-07-13,1396.0,1396.0,1396.0,1396.0,20.0
2020-07-14,1390.0,1390.0,1370.0,1390.0,3949.0
2020-07-15,1385.0,1396.0,1385.0,1396.0,7398.0
2020-07-16,1395.0,1408.0,1395.0,1408.0,3641.0
2020-07-20,1405.0,1405.0,1405.0,1405.0,5.0
2020-07-21,1370.0,1400.0,1370.0,1390.0,1823.0
2020-07-22,1390.0,1390.0,1390.0,1390.0,5.0
2020-07-23,1381.0,1396.0,1370.0,1395.0,1301.0
2020-07-24,1401.0,1410.0,1370.0,1370.0,4500.0
2020-07-27,1341.0,1410.0,1341.0,1398.0,230.0
2020-07-28,1370.0,1370.0,1370.0,1370.0,78.0
2020-07-29,1399.0,1399.0,1369.0,1369.0,1246.0
2020-08-03,1399.0,1399.0,1370.0,1399.0,104.0
2020-08-05,1372.0,1390.0,1372.0,1390.0,5.0
2020-08-07,1389.0,1400.0,1389.0,1400.0,325.0
2020-08-10,1385.0,1385.0,1385.0,1385.0,1002.0
2020-08-11,1410.0,1410.0,1385.0,1385.0,1197.0
2020-08-12,1385.0,1400.0,1385.0,1400.0,2012.0
2020-08-13,1407.0,1414.0,1400.0,1414.0,2083.0
2020-08-18,1400.0,1419.0,1400.0,1419.0,101.0
2020-08-19,1400.0,1400.0,1400.0,1400.0,302.0
2020-08-24,1400.0,1400.0,1400.0,1400.0,159.0
2020-08-25,1376.0,1399.0,1376.0,1399.0,1718.0
2020-08-26,1390.0,1390.0,1390.0,1390.0,1716.0
2020-08-27,1390.0,1399.0,1390.0,1390.0,1717.0
2020-08-28,1381.0,1381.0,1351.0,1351.0,3092.0
2020-08-31,1352.0,1371.0,1352.0,1371.0,656.0
2020-09-02,1407.0,1407.0,1375.0,1400.0,1550.0
2020-09-03,1399.0,1400.0,1399.0,1400.0,972.0
2020-09-04,1407.0,1408.0,1380.0,1385.0,821.0
2020-09-08,1376.0,1376.0,1376.0,1376.0,40.0
2020-09-09,1385.0,1385.0,1376.0,1376.0,989.0
2020-09-11,1399.0,1401.0,1376.0,1385.0,768.0
2020-09-14,1380.0,1380.0,1365.0,1365.0,957.0
2020-09-15,1400.0,1400.0,1366.0,1366.0,84.0
2020-09-16,1398.0,1398.0,1365.0,1365.0,367.0
2020-09-17,1365.0,1365.0,1365.0,1365.0,361.0
2020-09-18,1377.0,1377.0,1367.0,1370.0,1455.0
2020-09-21,1390.0,1390.0,1390.0,1390.0,1.0
2020-09-22,1379.0,1379.0,1363.0,1363.0,307.0
2020-09-23,1375.0,1379.0,1355.0,1355.0,911.0
2020-09-24,1355.0,1363.0,1355.0,1355.0,19.0
2020-09-25,1331.0,1331.0,1331.0,1331.0,112.0
2020-09-28,1357.0,1379.0,1357.0,1379.0,4.0
2020-09-29,1379.0,1380.0,1329.0,1329.0,926.0
2020-10-02,1345.0,1380.0,1345.0,1379.0,2131.0
2020-10-05,1352.0,1379.0,1352.0,1379.0,5471.0
2020-10-06,1375.0,1379.0,1375.0,1379.0,214.0
2020-10-07,1379.0,1379.0,1379.0,1379.0,1149.0
2020-10-08,1385.0,1385.0,1385.0,1385.0,110.0
2020-10-09,1387.0,1392.0,1387.0,1387.0,634.0
2020-10-12,1390.0,1390.0,1370.0,1371.0,1108.0
2020-10-13,1379.0,1381.0,1379.0,1381.0,289.0
2020-10-14,1395.0,1436.0,1395.0,1430.0,7725.0
2020-10-15,1402.0,1458.0,1402.0,1430.0,6269.0
2020-10-16,1411.0,1444.0,1411.0,1425.0,1737.0
2020-10-19,1420.0,1425.0,1420.0,1420.0,129.0
2020-10-20,1425.0,1440.0,1413.0,1439.0,261.0
2020-10-21,1425.0,1440.0,1425.0,1440.0,7728.0
2020-10-22,1440.0,1440.0,1439.0,1440.0,1368.0
2020-10-23,1445.0,1478.0,1435.0,1469.0,11920.0
2020-10-26,1489.0,1489.0,1442.0,1442.0,1024.0
2020-10-27,1450.0,1470.0,1450.0,1460.0,2450.0
2020-10-28,1460.0,1470.0,1450.0,1470.0,5308.0
2020-11-02,1425.0,1450.0,1425.0,1426.0,1529.0
2020-11-03,1426.0,1426.0,1426.0,1426.0,639.0
2020-11-05,1420.0,1460.0,1420.0,1420.0,244.0
2020-11-09,1407.0,1465.0,1407.0,1465.0,5344.0
2020-11-10,1497.0,1497.0,1480.0,1485.0,10156.0
2020-11-11,1498.0,1500.0,1498.0,1500.0,482.0
2020-11-12,1500.0,1532.0,1500.0,1527.0,535.0
2020-11-13,1530.0,1549.0,1480.0,1530.0,1016.0
2020-11-16,1536.0,1547.0,1507.0,1530.0,1555.0
2020-11-17,1535.0,1550.0,1530.0,1530.0,2064.0
2020-11-19,1550.0,1550.0,1545.0,1550.0,4190.0
2020-11-20,1550.0,1574.0,1550.0,1560.0,16761.0
2020-11-23,1551.0,1551.0,1550.0,1550.0,794.0
2020-11-24,1550.0,1572.0,1520.0,1555.0,7708.0
2020-11-25,1560.0,1573.0,1555.0,1572.0,2947.0
2020-11-26,1570.0,1570.0,1560.0,1565.0,2026.0
2020-11-27,1550.0,1555.0,1550.0,1555.0,1949.0
2020-11-30,1550.0,1555.0,1550.0,1555.0,2964.0
2020-12-01,1555.0,1555.0,1555.0,1555.0,2.0
2020-12-02,1555.0,1555.0,1555.0,1555.0,92.0
2020-12-03,1545.0,1555.0,1545.0,1555.0,255.0
2020-12-04,1550.0,1550.0,1550.0,1550.0,1312.0
2020-12-08,1545.0,1546.0,1545.0,1546.0,1500.0
2020-12-09,1559.0,1580.0,1555.0,1580.0,3378.0
2020-12-10,1570.0,1570.0,1570.0,1570.0,4522.0
2020-12-11,1632.0,1632.0,1606.0,1632.0,34670.0
2020-12-15,1615.0,1630.0,1615.0,1620.0,3217.0
2020-12-16,1615.0,1675.0,1603.0,1603.0,1134.0
2020-12-17,1632.0,1648.0,1630.0,1640.0,1940.0
2020-12-18,1650.0,1669.0,1641.0,1650.0,11239.0
2020-12-21,1641.0,1641.0,1585.0,1585.0,5544.0
2020-12-22,1552.0,1620.0,1552.0,1605.0,3049.0
2020-12-24,1606.0,1610.0,1600.0,1600.0,1215.0
2020-12-25,1598.0,1598.0,1570.0,1570.0,7541.0
2020-12-28,1570.0,1595.0,1552.0,1595.0,2017.0
2020-12-29,1595.0,1595.0,1561.0,1561.0,5311.0
2020-12-30,1580.0,1580.0,1551.0,1551.0,20.0
2020-12-31,1575.0,1600.0,1551.0,1600.0,10021.0
2021-01-04,1613.0,1613.0,1613.0,1613.0,1.0
2021-01-05,1625.0,1625.0,1565.0,1565.0,802.0
2021-01-06,1568.0,1568.0,1555.0,1555.0,338.0
2021-01-07,1585.0,1585.0,1585.0,1585.0,2730.0
2021-01-08,1570.0,1570.0,1566.0,1570.0,939.0
2021-01-12,1585.0,1585.0,1555.0,1580.0,610.0
2021-01-13,1570.0,1570.0,1570.0,1570.0,10.0
2021-01-14,1570.0,1600.0,1570.0,1600.0,1352.0
2021-01-15,1610.0,1640.0,1610.0,1616.0,14402.0
2021-01-18,1637.0,1644.0,1636.0,1644.0,615.0
2021-01-19,1644.0,1644.0,1600.0,1605.0,265.0
2021-01-20,1640.0,1640.0,1639.0,1639.0,46.0
2021-01-21,1639.0,1650.0,1639.0,1650.0,7822.0
2021-01-22,1650.0,1650.0,1649.0,1649.0,3003.0
2021-01-25,1650.0,1650.0,1650.0,1650.0,1292.0
2021-01-26,1650.0,1690.0,1650.0,1680.0,6188.0
2021-01-27,1685.0,1690.0,1680.0,1685.0,2387.0
2021-01-28,1685.0,1690.0,1685.0,1690.0,50.0
2021-01-29,1680.0,1680.0,1640.0,1640.0,9149.0
2021-02-01,1640.0,1640.0,1640.0,1640.0,1.0
2021-02-02,1645.0,1650.0,1645.0,1650.0,149.0
2021-02-03,1657.0,1657.0,1657.0,1657.0,921.0
2021-02-04,1657.0,1680.0,1655.0,1655.0,2062.0
2021-02-05,1655.0,1655.0,1643.0,1643.0,2461.0
2021-02-08,1644.0,1660.0,1643.0,1658.0,11340.0
2021-02-09,1658.0,1658.0,1645.0,1645.0,5821.0
2021-02-10,1675.0,1675.0,1645.0,1655.0,99.0
2021-02-11,1660.0,1660.0,1660.0,1660.0,10.0
2021-02-12,1650.0,1650.0,1630.0,1630.0,206.0
2021-02-15,1600.0,1601.0,1600.0,1601.0,20.0
2021-02-16,1640.0,1640.0,1640.0,1640.0,77.0
2021-02-17,1611.0,1611.0,1611.0,1611.0,738.0
2021-02-19,1625.0,1625.0,1625.0,1625.0,3.0
2021-02-22,1625.0,1640.0,1618.0,1625.0,59.0
2021-02-26,1619.0,1620.0,1600.0,1600.0,3936.0
2021-03-01,1605.0,1605.0,1580.0,1581.0,24.0
2021-03-02,1600.0,1600.0,1600.0,1600.0,30.0
2021-03-04,1600.0,1600.0,1600.0,1600.0,2014.0
2021-03-05,1590.0,1600.0,1560.0,1600.0,2867.0
2021-03-10,1580.0,1580.0,1580.0,1580.0,283.0
2021-03-11,1535.0,1580.0,1535.0,1580.0,1151.0
2021-03-12,1560.0,1590.0,1560.0,1590.0,17467.0
2021-03-15,1599.0,1610.0,1580.0,1600.0,3297.0
2021-03-16,1601.0,1650.0,1601.0,1650.0,5638.0
2021-03-17,1650.0,1650.0,1650.0,1650.0,5.0
2021-03-18,1645.0,1651.0,1645.0,1651.0,5101.0
2021-03-19,1651.0,1651.0,1612.0,1612.0,1268.0
2021-03-22,1615.0,1621.0,1615.0,1621.0,3371.0
2021-03-23,1625.0,1625.0,1625.0,1625.0,2520.0
2021-03-24,1630.0,1630.0,1630.0,1630.0,20.0
2021-03-26,1630.0,1644.0,1610.0,1644.0,3066.0
2021-03-30,1625.0,1625.0,1600.0,1606.0,1600.0
2021-03-31,1608.0,1619.0,1608.0,1610.0,2783.0
2021-04-01,1603.0,1603.0,1603.0,1603.0,3.0
2021-04-02,1611.0,1612.0,1611.0,1612.0,277.0
2021-04-05,1616.0,1616.0,1615.0,1615.0,10.0
2021-04-06,1618.0,1645.0,1618.0,1635.0,15.0
2021-04-07,1644.0,1644.0,1644.0,1644.0,43.0
2021-04-08,1644.0,1672.0,1644.0,1671.0,19935.0
2021-04-09,1679.0,1679.0,1662.0,1662.0,106.0
2021-04-12,1685.0,1685.0,1675.0,1675.0,1501.0
2021-04-13,1673.0,1680.0,1673.0,1680.0,40.0
2021-04-14,1680.0,1680.0,1680.0,1680.0,24.0
2021-04-15,1676.0,1690.0,1670.0,1690.0,220.0
2021-04-16,1690.0,1720.0,1690.0,1720.0,2712.0
2021-04-19,1700.0,1745.0,1700.0,1706.0,13307.0
2021-04-20,1720.0,1725.0,1720.0,1720.0,6372.0
2021-04-21,1730.0,1730.0,1730.0,1730.0,4000.0
2021-04-22,1735.0,1741.0,1735.0,1740.0,285.0
2021-04-23,1742.0,1742.0,1735.0,1740.0,7194.0
2021-04-26,1735.0,1736.0,1735.0,1736.0,85.0
2021-04-27,1740.0,1740.0,1736.0,1740.0,5821.0
2021-04-28,1746.0,1747.0,1745.0,1746.0,21072.0
2021-04-29,1750.0,1750.0,1745.0,1745.0,504.0
2021-04-30,1745.0,1745.0,1745.0,1745.0,127853.0
2021-05-03,1718.0,1718.0,1685.0,1715.0,123414.0
2021-05-04,1716.0,1720.0,1715.0,1715.0,3734.0
2021-05-05,1755.0,1755.0,1730.0,1730.0,4555.0
2021-05-06,1740.0,1745.0,1730.0,1745.0,2000.0
2021-05-07,1745.0,1750.0,1725.0,1731.0,2011.0
2021-05-10,1735.0,1735.0,1735.0,1735.0,3400.0
2021-05-11,1722.0,1740.0,1721.0,1722.0,2574.0
2021-05-12,1740.0,1740.0,1724.0,1730.0,3275.0
2021-05-17,1730.0,1755.0,1730.0,1755.0,6603.0
2021-05-19,1760.0,1760.0,1750.0,1750.0,4449.0
2021-05-20,1750.0,1750.0,1720.0,1720.0,2121.0
2021-05-21,1725.0,1731.0,1725.0,1731.0,500.0
2021-05-24,1732.0,1732.0,1721.0,1721.0,8.0
2021-05-25,1721.0,1733.0,1721.0,1721.0,916.0
2021-05-26,1721.0,1723.0,1721.0,1723.0,1584.0
2021-05-27,1730.0,1765.0,1730.0,1765.0,899.0
2021-05-28,1731.0,1750.0,1731.0,1750.0,970.0
2021-05-31,1740.0,1740.0,1740.0,1740.0,605.0
2021-06-01,1740.0,1760.0,1739.0,1760.0,534.0
2021-06-02,1765.0,1767.0,1765.0,1767.0,2705.0
2021-06-03,1765.0,1800.0,1765.0,1790.0,13556.0
2021-06-04,1800.0,1800.0,1790.0,1790.0,1503.0
2021-06-07,1799.0,1799.0,1740.0,1790.0,1128.0
2021-06-08,1760.0,1795.0,1760.0,1795.0,14409.0
2021-06-09,1795.0,1795.0,1795.0,1795.0,4953.0
2021-06-10,1780.0,1780.0,1780.0,1780.0,90.0
2021-06-11,1781.0,1825.0,1780.0,1822.0,12039.0
2021-06-14,1838.0,1858.0,1838.0,1858.0,7011.0
2021-06-15,1880.0,1880.0,1840.0,1840.0,1643.0
2021-06-16,1840.0,1840.0,1825.0,1825.0,57.0
2021-06-17,1823.0,1830.0,1820.0,1830.0,7199.0
2021-06-18,1829.0,1830.0,1803.0,1803.0,2350.0
2021-06-21,1835.0,1835.0,1815.0,1820.0,1001.0
2021-06-22,1830.0,1836.0,1830.0,1836.0,3880.0
2021-06-23,1840.0,1850.0,1840.0,1850.0,13002.0
2021-06-24,1896.0,1896.0,1837.0,1845.0,3239.0
2021-06-25,1837.0,1837.0,1823.0,1825.0,10084.0
2021-06-28,1830.0,1844.0,1830.0,1844.0,124.0
2021-06-29,1840.0,1845.0,1830.0,1830.0,5542.0
2021-06-30,1838.0,1845.0,1838.0,1845.0,3204.0
2021-07-01,1842.0,1842.0,1841.0,1842.0,1144.0
2021-07-02,1842.0,1842.0,1820.0,1839.0,3288.0
2021-07-05,1817.0,1839.0,1815.0,1815.0,2178.0
2021-07-07,1815.0,1828.0,1811.0,1828.0,515.0
2021-07-08,1828.0,1828.0,1820.0,1820.0,1030.0
2021-07-09,1825.0,1825.0,1800.0,1810.0,3418.0
2021-07-12,1797.0,1800.0,1797.0,1800.0,477.0
2021-07-13,1792.0,1800.0,1765.0,1800.0,661.0
2021-07-14,1790.0,1790.0,1750.0,1760.0,3650.0
2021-07-15,1795.0,1795.0,1780.0,1780.0,104.0
2021-07-16,1800.0,1800.0,1770.0,1770.0,59.0
2021-07-19,1772.0,1780.0,1771.0,1780.0,474.0
2021-07-20,1780.0,1780.0,1780.0,1780.0,1000.0
2021-07-23,1800.0,1800.0,1800.0,1800.0,257.0
2021-07-26,1780.0,1780.0,1780.0,1780.0,637.0
2021-07-27,1780.0,1791.0,1780.0,1791.0,4713.0
2021-07-28,1775.0,1793.0,1775.0,1793.0,1612.0
2021-07-29,1799.0,1800.0,1795.0,1800.0,2475.0
2021-08-02,1800.0,1830.0,1780.0,1830.0,4234.0
2021-08-03,1829.0,1830.0,1829.0,1830.0,10.0
2021-08-04,1829.0,1829.0,1800.0,1800.0,28.0
2021-08-05,1802.0,1820.0,1800.0,1820.0,9632.0
2021-08-06,1850.0,1850.0,1820.0,1830.0,3477.0
2021-08-09,1830.0,1830.0,1830.0,1830.0,2.0
2021-08-11,1810.0,1840.0,1810.0,1840.0,1195.0
2021-08-12,1845.0,1850.0,1845.0,1848.0,3578.0
2021-08-13,1850.0,1870.0,1850.0,1870.0,9886.0
2021-08-16,1870.0,1875.0,1870.0,1875.0,2350.0
2021-08-17,1870.0,1897.0,1870.0,1897.0,1159.0
2021-08-18,1898.0,1898.0,1882.0,1885.0,2720.0
2021-08-19,1884.0,1895.0,1882.0,1895.0,6828.0
2021-08-23,1895.0,1900.0,1895.0,1900.0,3277.0
2021-08-24,1919.0,1920.0,1919.0,1920.0,5505.0
2021-08-25,1918.0,1918.0,1917.0,1917.0,23.0
2021-08-26,1920.0,1925.0,1920.0,1925.0,663.0
2021-08-27,1886.0,1950.0,1886.0,1950.0,7327.0
2021-08-30,1950.0,1974.0,1940.0,1940.0,2962.0
2021-08-31,1940.0,1940.0,1920.0,1920.0,1800.0
2021-09-01,1920.0,1920.0,1917.0,1917.0,558.0
2021-09-03,1917.0,1939.0,1917.0,1921.0,7169.0
2021-09-06,1940.0,1940.0,1903.0,1903.0,108.0
2021-09-07,1920.0,1930.0,1920.0,1930.0,1606.0
2021-09-08,1930.0,1945.0,1930.0,1945.0,3472.0
2021-09-09,1948.0,1999.0,1948.0,1990.0,7589.0
2021-09-10,1980.0,1990.0,1955.0,1970.0,11696.0
2021-09-13,1990.0,2000.0,1990.0,2000.0,8501.0
2021-09-14,2016.0,2020.0,2010.0,2010.0,2327.0
2021-09-15,2010.0,2010.0,2010.0,2010.0,3352.0
2021-09-16,2010.0,2025.0,2010.0,2025.0,6263.0
2021-09-17,2025.0,2049.0,2001.0,2048.0,9615.0
2021-09-20,2048.0,2048.0,2047.0,2048.0,1860.0
2021-09-21,2048.0,2048.0,2047.0,2048.0,5260.0
2021-09-22,2048.0,2075.0,2048.0,2070.0,3856.0
2021-09-23,2070.0,2118.0,2070.0,2101.0,9421.0
2021-09-24,2120.0,2130.0,2115.0,2130.0,6492.0
2021-09-27,2135.0,2138.0,2105.0,2135.0,2330.0
2021-09-28,2135.0,2150.0,2135.0,2150.0,766.0
2021-09-29,2159.0,2180.0,2159.0,2180.0,2093.0
2021-09-30,2180.0,2180.0,2175.0,2179.0,2270.0
2021-10-01,2180.0,2180.0,2165.0,2166.0,8684.0
2021-10-04,2151.0,2160.0,2151.0,2160.0,3825.0
2021-10-05,2160.0,2160.0,2150.0,2150.0,3309.0
2021-10-06,2160.0,2171.0,2160.0,2170.0,5292.0
2021-10-07,2180.0,2180.0,2166.0,2171.0,6024.0
2021-10-08,2180.0,2182.0,2180.0,2182.0,10378.0
2021-10-11,2185.0,2189.0,2170.0,2189.0,9050.0
2021-10-12,2175.0,2175.0,2172.0,2172.0,8.0
2021-10-13,2180.0,2190.0,2175.0,2190.0,15968.0
2021-10-14,2196.0,2198.0,2190.0,2198.0,7295.0
2021-10-15,2198.0,2199.0,2180.0,2198.0,5039.0
2021-10-18,2198.0,2198.0,2198.0,2198.0,3684.0
2021-10-21,2190.0,2198.0,2170.0,2198.0,7314.0
2021-10-22,2199.0,2200.0,2199.0,2200.0,4955.0
2021-10-25,2218.0,2218.0,2215.0,2215.0,4819.0
2021-10-26,2294.0,2339.0,2292.0,2339.0,4302.0
2021-10-27,2338.0,2338.0,2210.0,2253.0,1723.0
2021-10-28,2239.0,2335.0,2239.0,2301.0,5766.0
2021-10-29,2239.0,2329.0,2235.0,2300.0,1244.0
2021-11-01,2280.0,2280.0,2215.0,2215.0,2021.0
2021-11-02,2280.0,2280.0,2280.0,2280.0,8.0
2021-11-03,2270.0,2270.0,2270.0,2270.0,552.0
2021-11-04,2270.0,2270.0,2220.0,2220.0,13949.0
2021-11-05,2220.0,2220.0,2200.0,2200.0,2455.0
2021-11-08,2258.0,2258.0,2200.0,2200.0,924.0
2021-11-09,2172.0,2172.0,2172.0,2172.0,29.0
2021-11-10,2171.0,2171.0,2170.0,2170.0,63.0
2021-11-11,2166.0,2197.0,2166.0,2197.0,52.0
2021-11-12,2190.0,2190.0,2174.0,2174.0,3703.0
2021-11-15,2180.0,2180.0,2180.0,2180.0,3.0
2021-11-16,2175.0,2175.0,2174.0,2174.0,2022.0
2021-11-17,2170.0,2200.0,2165.0,2165.0,3572.0
2021-11-19,2200.0,2200.0,2170.0,2170.0,3004.0
2021-11-23,2165.0,2165.0,2165.0,2165.0,1418.0
2021-11-24,2165.0,2165.0,2165.0,2165.0,1522.0
2021-11-25,2164.0,2165.0,2164.0,2165.0,72.0
2021-11-26,2165.0,2165.0,2120.0,2120.0,6524.0
2021-11-29,2113.0,2121.0,2112.0,2120.0,5209.0
2021-11-30,2140.0,2140.0,2110.0,2110.0,14524.0
2021-12-01,2129.0,2129.0,2119.0,2120.0,163.0
2021-12-02,2120.0,2120.0,2028.0,2120.0,85.0
2021-12-03,2105.0,2106.0,2045.0,2106.0,7916.0
2021-12-06,2128.0,2128.0,2107.0,2107.0,251.0
2021-12-07,2056.0,2107.0,2056.0,2107.0,2068.0
2021-12-08,2107.0,2107.0,2107.0,2107.0,101.0
2021-12-09,2108.0,2120.0,2108.0,2120.0,1112.0
2021-12-10,2130.0,2170.0,2130.0,2170.0,3954.0
2021-12-13,2110.0,2170.0,2110.0,2170.0,128.0
2021-12-14,2123.0,2175.0,2123.0,2170.0,577.0
2021-12-15,2151.0,2175.0,2150.0,2175.0,6.0
2021-12-16,2175.0,2198.0,2175.0,2178.0,712.0
2021-12-17,2170.0,2199.0,2170.0,2199.0,1541.0
2021-12-20,2197.0,2199.0,2197.0,2199.0,25.0
2021-12-21,2170.0,2190.0,2115.0,2190.0,1412.0
2021-12-24,2170.0,2170.0,2154.0,2154.0,2132.0
2021-12-27,2160.0,2160.0,2151.0,2151.0,306.0
2021-12-28,2169.0,2170.0,2169.0,2170.0,1557.0
2021-12-29,2195.0,2200.0,2195.0,2200.0,1087.0
2021-12-30,2176.0,2200.0,2155.0,2200.0,2140.0
2021-12-31,2229.0,2229.0,2200.0,2200.0,8253.0
2022-01-05,2185.0,2185.0,2181.0,2181.0,274.0
2022-01-06,2199.0,2200.0,2199.0,2200.0,2053.0
2022-01-07,2181.0,2230.0,2181.0,2230.0,5856.0
2022-01-12,2210.0,2231.0,2210.0,2231.0,193.0
2022-01-13,2240.0,2295.0,2231.0,2295.0,2830.0
2022-01-14,2180.0,2299.0,2180.0,2290.0,9020.0
2022-01-17,2290.0,2290.0,2290.0,2290.0,931.0
2022-01-18,2290.0,2299.0,2290.0,2292.0,3096.0
2022-01-19,2227.0,2227.0,2211.0,2211.0,134.0
2022-01-20,2245.0,2270.0,2240.0,2270.0,2901.0
2022-01-21,2270.0,2270.0,2268.0,2270.0,6456.0
2022-01-24,2289.0,2289.0,2270.0,2270.0,1962.0
2022-01-25,2269.0,2270.0,2269.0,2270.0,3923.0
2022-01-26,2231.0,2255.0,2231.0,2255.0,1003.0
2022-01-28,2245.0,2245.0,2240.0,2240.0,3992.0
2022-01-31,2245.0,2287.0,2245.0,2287.0,2552.0
2022-02-01,2255.0,2255.0,2255.0,2255.0,500.0
2022-02-02,2287.0,2287.0,2287.0,2287.0,6.0
2022-02-03,2287.0,2290.0,2257.0,2257.0,70.0
2022-02-04,2258.0,2293.0,2255.0,2290.0,3848.0
2022-02-07,2256.0,2256.0,2256.0,2256.0,295.0
2022-02-08,2290.0,2290.0,2289.0,2290.0,196.0
2022-02-09,2290.0,2293.0,2285.0,2285.0,980.0
2022-02-10,2290.0,2290.0,2280.0,2280.0,2221.0
2022-02-11,2280.0,2290.0,2271.0,2271.0,3121.0
2022-02-14,2272.0,2275.0,2270.0,2270.0,1034.0
2022-02-15,2250.0,2255.0,2250.0,2255.0,361.0
2022-02-17,2260.0,2260.0,2239.0,2239.0,21.0
2022-02-18,2195.0,2195.0,2195.0,2195.0,984.0
2022-02-21,2200.0,2200.0,2180.0,2180.0,176.0
2022-02-22,2051.0,2179.0,2051.0,2179.0,14835.0
2022-02-23,2150.0,2150.0,2150.0,2150.0,145.0
2022-02-24,2145.0,2145.0,2022.0,2022.0,26862.0
2022-02-25,2045.0,2140.0,2045.0,2050.0,2826.0
2022-02-28,2070.0,2070.0,1950.0,1961.0,7418.0
2022-03-01,2055.0,2055.0,2000.0,2000.0,51.0
2022-03-02,2000.0,2049.0,1962.0,1966.0,1393.0
2022-03-03,1971.0,1980.0,1970.0,1971.0,2475.0
2022-03-04,1975.0,1994.0,1955.0,1994.0,3359.0
2022-03-07,1910.0,1915.0,1875.0,1880.0,1409.0
2022-03-08,1878.0,1930.0,1878.0,1890.0,113.0
2022-03-09,1900.0,1993.0,1900.0,1993.0,1041.0
2022-03-10,1993.0,1993.0,1877.0,1877.0,2805.0
2022-03-11,1879.0,1900.0,1850.0,1850.0,2971.0
2022-03-14,1851.0,1856.0,1831.0,1831.0,77.0
2022-03-15,1833.0,1900.0,1832.0,1900.0,635.0
2022-03-16,1900.0,1900.0,1860.0,1860.0,930.0
2022-03-17,1900.0,1919.0,1862.0,1919.0,1146.0
2022-03-18,1910.0,1910.0,1910.0,1910.0,1822.0
2022-03-21,1930.0,1930.0,1917.0,1917.0,104.0
2022-03-22,1922.0,1922.0,1904.0,1904.0,800.0
2022-03-23,1903.0,1906.0,1850.0,1850.0,12250.0
2022-03-24,1855.0,1855.0,1845.0,1845.0,1605.0
2022-03-25,1860.0,1860.0,1850.0,1850.0,6544.0
2022-03-28,1850.0,1899.0,1830.0,1899.0,2701.0
2022-03-29,1850.0,1860.0,1850.0,1860.0,3114.0
2022-03-30,1871.0,1898.0,1861.0,1861.0,222.0
2022-03-31,1899.0,1906.0,1899.0,1905.0,6526.0
2022-04-01,1905.0,1920.0,1905.0,1920.0,6815.0
2022-04-04,1920.0,1920.0,1920.0,1920.0,94.0
2022-04-05,1922.0,1935.0,1920.0,1935.0,49.0
2022-04-06,1920.0,1920.0,1920.0,1920.0,10.0
2022-04-07,1948.0,1949.0,1920.0,1945.0,1078.0
2022-04-08,1950.0,1960.0,1950.0,1960.0,7430.0
2022-04-11,1958.0,1958.0,1920.0,1921.0,127.0
2022-04-12,1922.0,1960.0,1922.0,1960.0,7554.0
2022-04-13,1967.0,1971.0,1960.0,1971.0,1575.0
2022-04-14,1971.0,1980.0,1965.0,1980.0,4970.0
2022-04-15,1980.0,1990.0,1980.0,1990.0,6646.0
2022-04-19,1931.0,1990.0,1931.0,1990.0,4002.0
2022-04-21,1980.0,1980.0,1980.0,1980.0,2.0
2022-04-22,1970.0,2000.0,1970.0,2000.0,959.0
2022-04-25,1971.0,1990.0,1941.0,1990.0,2034.0
2022-04-26,1995.0,2010.0,1995.0,2010.0,5797.0
2022-04-27,2000.0,2020.0,1946.0,1946.0,6183.0
2022-04-28,2004.0,2020.0,2004.0,2020.0,5001.0
2022-04-29,1975.0,2000.0,1975.0,2000.0,4856.0
2022-05-05,2000.0,2000.0,2000.0,2000.0,850.0
2022-05-06,2000.0,2000.0,1975.0,1975.0,3904.0
2022-05-09,1966.0,1975.0,1966.0,1970.0,10007.0
2022-05-10,1967.0,1967.0,1890.0,1891.0,11015.0
2022-05-11,1890.0,1891.0,1890.0,1890.0,40.0
2022-05-12,1860.0,1870.0,1860.0,1860.0,392.0
2022-05-13,1860.0,1860.0,1860.0,1860.0,567.0
2022-05-16,1900.0,1900.0,1900.0,1900.0,12.0
2022-05-18,1880.0,1882.0,1880.0,1882.0,3328.0
2022-05-19,1882.0,1890.0,1880.0,1880.0,11573.0
2022-05-20,1880.0,1880.0,1863.0,1865.0,8783.0
2022-05-23,1861.0,1861.0,1820.0,1822.0,483.0
2022-05-24,1826.0,1826.0,1750.0,1800.0,15567.0
2022-05-25,1820.0,1820.0,1800.0,1800.0,987.0
2022-05-26,1800.0,1800.0,1800.0,1800.0,109.0
2022-05-27,1801.0,1801.0,1747.0,1800.0,5538.0
2022-05-31,1802.0,1805.0,1802.0,1805.0,71948.0
2022-06-01,1729.0,1821.0,1729.0,1757.0,70315.0
2022-06-02,1761.0,1800.0,1760.0,1764.0,1448.0
2022-06-03,1773.0,1773.0,1773.0,1773.0,2973.0
2022-06-07,1800.0,1830.0,1800.0,1830.0,17881.0
2022-06-08,1821.0,1835.0,1821.0,1830.0,1687.0
2022-06-09,1835.0,1835.0,1780.0,1780.0,2190.0
2022-06-10,1780.0,1800.0,1780.0,1780.0,9671.0
2022-06-13,1845.0,1845.0,1800.0,1800.0,3002.0
2022-06-14,1780.0,1780.0,1770.0,1770.0,55.0
2022-06-15,1770.0,1800.0,1760.0,1760.0,12579.0
2022-06-16,1760.0,1760.0,1755.0,1755.0,4246.0
2022-06-17,1752.0,1755.0,1680.0,1680.0,7819.0
2022-06-20,1681.0,1700.0,1680.0,1700.0,480.0
2022-06-21,1700.0,1700.0,1700.0,1700.0,5160.0
2022-06-22,1700.0,1700.0,1695.0,1695.0,2985.0
2022-06-23,1690.0,1690.0,1660.0,1660.0,2404.0
2022-06-24,1670.0,1700.0,1650.0,1700.0,19397.0
2022-06-27,1720.0,1720.0,1720.0,1720.0,10.0
2022-06-28,1710.0,1710.0,1700.0,1700.0,1370.0
2022-06-29,1715.0,1715.0,1700.0,1700.0,532.0
2022-06-30,1750.0,1750.0,1700.0,1700.0,4109.0
2022-07-01,1691.0,1691.0,1630.0,1630.0,6938.0
2022-07-04,1604.0,1604.0,1598.0,1599.0,41.0
2022-07-05,1602.0,1610.0,1601.0,1610.0,1635.0
2022-07-06,1604.0,1685.0,1601.0,1685.0,21.0
2022-07-07,1602.0,1641.0,1602.0,1641.0,618.0
2022-07-08,1611.0,1611.0,1603.0,1603.0,42.0
2022-07-12,1685.0,1685.0,1640.0,1640.0,1255.0
2022-07-13,1640.0,1640.0,1640.0,1640.0,239.0
2022-07-14,1678.0,1680.0,1650.0,1650.0,626.0
2022-07-15,1661.0,1661.0,1661.0,1661.0,4402.0
2022-07-18,1684.0,1684.0,1670.0,1670.0,319.0
2022-07-19,1700.0,1700.0,1700.0,1700.0,105.0
2022-07-20,1750.0,1750.0,1700.0,1705.0,843.0
2022-07-21,1705.0,1705.0,1705.0,1705.0,666.0
2022-07-22,1700.0,1700.0,1700.0,1700.0,1592.0
2022-07-25,1700.0,1700.0,1700.0,1700.0,1362.0
2022-07-26,1666.0,1666.0,1666.0,1666.0,1287.0
2022-07-27,1671.0,1760.0,1671.0,1680.0,229.0
2022-07-28,1680.0,1680.0,1680.0,1680.0,100.0
2022-07-29,1680.0,1688.0,1680.0,1688.0,322.0
2022-08-02,1690.0,1690.0,1663.0,1670.0,189.0
2022-08-03,1665.0,1700.0,1665.0,1700.0,10853.0
2022-08-04,1700.0,1720.0,1695.0,1720.0,2801.0
2022-08-05,1749.0,1749.0,1702.0,1702.0,1533.0
2022-08-09,1750.0,1750.0,1702.0,1717.0,541.0
2022-08-10,1789.0,1789.0,1700.0,1720.0,201.0
2022-08-11,1790.0,1790.0,1730.0,1741.0,1504.0
2022-08-12,1790.0,1795.0,1742.0,1770.0,1275.0
2022-08-15,1761.0,1761.0,1761.0,1761.0,5.0
2022-08-16,1745.0,1745.0,1745.0,1745.0,3.0
2022-08-17,1745.0,1760.0,1745.0,1760.0,4003.0
2022-08-19,1789.0,1790.0,1760.0,1760.0,53.0
2022-08-22,1790.0,1790.0,1790.0,1790.0,55.0
2022-08-23,1785.0,1840.0,1780.0,1800.0,10856.0
2022-08-24,1800.0,1858.0,1785.0,1850.0,17139.0
2022-08-25,1869.0,1870.0,1869.0,1870.0,32.0
2022-08-26,1850.0,1850.0,1833.0,1833.0,2253.0
2022-08-29,1800.0,1850.0,1797.0,1830.0,307.0
2022-08-30,1830.0,1830.0,1825.0,1825.0,30.0
2022-08-31,1790.0,1790.0,1790.0,1790.0,472.0
2022-09-01,1790.0,1790.0,1781.0,1781.0,42.0
2022-09-02,1781.0,1781.0,1742.0,1762.0,500.0
2022-09-05,1800.0,1800.0,1770.0,1770.0,262.0
2022-09-06,1758.0,1758.0,1758.0,1758.0,1.0
2022-09-07,1754.0,1800.0,1754.0,1800.0,6204.0
2022-09-08,1844.0,1844.0,1810.0,1810.0,20058.0
2022-09-09,1820.0,1820.0,1766.0,1766.0,1922.0
2022-09-12,1768.0,1799.0,1766.0,1766.0,1002.0
2022-09-13,1780.0,1780.0,1780.0,1780.0,144.0
2022-09-14,1780.0,1782.0,1780.0,1782.0,1785.0
2022-09-15,1818.0,1818.0,1780.0,1780.0,13509.0
2022-09-16,1800.0,1813.0,1780.0,1780.0,7001.0
2022-09-19,1800.0,1800.0,1785.0,1800.0,517.0
2022-09-20,1799.0,1810.0,1799.0,1810.0,1135.0
2022-09-21,1815.0,1815.0,1800.0,1815.0,5017.0
2022-09-22,1805.0,1815.0,1805.0,1815.0,4092.0
2022-09-23,1805.0,1814.0,1800.0,1814.0,4202.0
2022-09-26,1799.0,1799.0,1735.0,1735.0,27231.0
2022-09-27,1736.0,1736.0,1700.0,1700.0,3860.0
2022-09-28,1700.0,1700.0,1670.0,1699.0,6472.0
2022-09-29,1698.0,1698.0,1650.0,1650.0,4538.0
2022-09-30,1652.0,1652.0,1605.0,1605.0,5899.0
2022-10-03,1605.0,1610.0,1605.0,1610.0,205.0
2022-10-06,1620.0,1620.0,1620.0,1620.0,10000.0
2022-10-07,1630.0,1640.0,1630.0,1640.0,3605.0
2022-10-11,1640.0,1640.0,1640.0,1640.0,588.0
2022-10-12,1640.0,1640.0,1640.0,1640.0,701.0
2022-10-13,1625.0,1625.0,1549.0,1556.0,9362.0
2022-10-14,1560.0,1570.0,1550.0,1550.0,4720.0
2022-10-17,1550.0,1580.0,1535.0,1535.0,129.0
2022-10-18,1535.0,1550.0,1530.0,1535.0,1450.0
2022-10-19,1550.0,1550.0,1531.0,1550.0,33.0
2022-10-20,1515.0,1515.0,1515.0,1515.0,2177.0
2022-10-21,1506.0,1506.0,1432.0,1432.0,1063.0
2022-10-24,1451.0,1451.0,1433.0,1435.0,554.0
2022-10-25,1475.0,1476.0,1455.0,1475.0,2542.0
2022-10-26,1481.0,1485.0,1480.0,1485.0,2217.0
2022-10-27,1501.0,1510.0,1490.0,1500.0,4637.0
2022-10-28,1510.0,1510.0,1439.0,1439.0,2136.0
2022-10-31,1450.0,1480.0,1441.0,1480.0,2752.0
2022-11-01,1514.0,1515.0,1514.0,1515.0,3.0
2022-11-02,1513.0,1514.0,1490.0,1490.0,921.0
2022-11-03,1505.0,1505.0,1440.0,1440.0,323.0
2022-11-04,1435.0,1480.0,1420.0,1420.0,3519.0
2022-11-07,1450.0,1464.0,1450.0,1459.0,1080.0
2022-11-08,1440.0,1440.0,1422.0,1422.0,2251.0
2022-11-09,1423.0,1445.0,1422.0,1430.0,3825.0
2022-11-10,1435.0,1435.0,1400.0,1400.0,9959.0
2022-11-11,1360.0,1400.0,1355.0,1400.0,11292.0
2022-11-14,1454.0,1454.0,1400.0,1420.0,4342.0
2022-11-15,1406.0,1439.0,1406.0,1439.0,3445.0
2022-11-16,1406.0,1440.0,1406.0,1439.0,161.0
2022-11-17,1440.0,1450.0,1440.0,1450.0,3288.0
2022-11-21,1432.0,1432.0,1431.0,1431.0,402.0
2022-11-22,1440.0,1474.0,1440.0,1440.0,1623.0
2022-11-23,1445.0,1450.0,1440.0,1440.0,161.0
2022-11-24,1441.0,1441.0,1440.0,1440.0,314.0
2022-11-25,1450.0,1450.0,1420.0,1420.0,222.0
2022-11-28,1420.0,1420.0,1413.0,1413.0,375.0
2022-11-30,1420.0,1430.0,1401.0,1429.0,2410.0
2022-12-01,1440.0,1470.0,1430.0,1430.0,180.0
2022-12-02,1431.0,1450.0,1420.0,1450.0,1307.0
2022-12-05,1465.0,1530.0,1465.0,1530.0,373.0
2022-12-06,1539.0,1539.0,1475.0,1475.0,103.0
2022-12-08,1547.0,1547.0,1462.0,1536.0,29.0
2022-12-09,1500.0,1501.0,1500.0,1501.0,1455.0
2022-12-12,1536.0,1536.0,1536.0,1536.0,60.0
2022-12-13,1536.0,1536.0,1536.0,1536.0,88.0
2022-12-14,1559.0,1560.0,1536.0,1536.0,121.0
2022-12-15,1500.0,1500.0,1500.0,1500.0,100.0
2022-12-16,1540.0,1540.0,1480.0,1500.0,2224.0
2022-12-19,1500.0,1500.0,1500.0,1500.0,500.0
2022-12-20,1530.0,1530.0,1430.0,1490.0,4936.0
2022-12-21,1431.0,1450.0,1430.0,1450.0,2494.0
2022-12-22,1431.0,1440.0,1430.0,1440.0,3459.0
2022-12-23,1440.0,1450.0,1440.0,1450.0,2402.0
2022-12-26,1451.0,1451.0,1450.0,1450.0,427.0
2022-12-27,1450.0,1450.0,1450.0,1450.0,3130.0
2022-12-28,1400.0,1400.0,1400.0,1400.0,1000.0
2022-12-29,1401.0,1401.0,1400.0,1400.0,9792.0
2022-12-30,1401.0,1401.0,1350.0,1350.0,18584.0
2023-01-02,1366.0,1400.0,1351.0,1400.0,439.0
2023-01-03,1360.0,1360.0,1350.0,1350.0,5429.0
2023-01-04,1350.0,1355.0,1325.0,1335.0,3364.0
2023-01-05,1340.0,1340.0,1255.0,1255.0,13901.0
2023-01-06,1255.0,1265.0,1187.0,1187.0,3519.0
2023-01-09,1250.0,1250.0,1200.0,1202.0,1018.0
2023-01-10,1203.0,1203.0,1203.0,1203.0,1.0
2023-01-12,1209.0,1274.0,1209.0,1265.0,3494.0
2023-01-13,1320.0,1340.0,1320.0,1340.0,1050.0
2023-01-16,1399.0,1419.0,1380.0,1415.0,12713.0
2023-01-17,1401.0,1415.0,1400.0,1415.0,1150.0
2023-01-18,1420.0,1425.0,1420.0,1420.0,4034.0
2023-01-19,1370.0,1370.0,1370.0,1370.0,482.0
2023-01-20,1411.0,1411.0,1360.0,1360.0,558.0
2023-01-23,1350.0,1350.0,1350.0,1350.0,15.0
2023-01-24,1350.0,1350.0,1310.0,1310.0,28.0
2023-01-25,1385.0,1385.0,1385.0,1385.0,2.0
2023-01-26,1308.0,1325.0,1302.0,1302.0,749.0
2023-01-27,1370.0,1370.0,1310.0,1311.0,4006.0
2023-01-30,1315.0,1347.0,1315.0,1347.0,1041.0
2023-01-31,1425.0,1425.0,1425.0,1425.0,679.0
2023-02-01,1355.0,1370.0,1355.0,1370.0,1206.0
2023-02-02,1400.0,1400.0,1400.0,1400.0,4123.0
2023-02-03,1400.0,1405.0,1376.0,1376.0,4001.0
2023-02-06,1370.0,1370.0,1350.0,1350.0,111.0
2023-02-07,1410.0,1410.0,1371.0,1371.0,4230.0
2023-02-08,1390.0,1400.0,1390.0,1400.0,12453.0
2023-02-09,1400.0,1405.0,1400.0,1405.0,10435.0
2023-02-10,1423.0,1423.0,1405.0,1405.0,2270.0
2023-02-14,1424.0,1425.0,1424.0,1425.0,7.0
2023-02-15,1405.0,1405.0,1400.0,1400.0,2905.0
2023-02-16,1405.0,1405.0,1405.0,1405.0,549.0
2023-02-20,1422.0,1422.0,1422.0,1422.0,130.0
2023-02-21,1421.0,1424.0,1388.0,1388.0,7872.0
2023-02-22,1385.0,1400.0,1360.0,1400.0,1918.0
2023-02-24,1373.0,1420.0,1360.0,1420.0,2332.0
2023-02-27,1430.0,1430.0,1381.0,1381.0,40.0
2023-02-28,1382.0,1382.0,1382.0,1382.0,75.0
2023-03-01,1410.0,1425.0,1400.0,1401.0,1480.0
2023-03-02,1389.0,1389.0,1389.0,1389.0,1.0
2023-03-06,1383.0,1383.0,1382.0,1382.0,58.0
2023-03-08,1390.0,1390.0,1390.0,1390.0,2602.0
2023-03-09,1390.0,1390.0,1390.0,1390.0,400.0
2023-03-10,1390.0,1402.0,1367.0,1367.0,1521.0
2023-03-15,1365.0,1365.0,1334.0,1334.0,99.0
2023-03-17,1398.0,1406.0,1351.0,1406.0,9618.0
2023-03-21,1331.0,1406.0,1331.0,1406.0,2032.0
2023-03-22,1406.0,1450.0,1406.0,1419.0,3599.0
2023-03-27,1373.0,1373.0,1373.0,1373.0,7.0
2023-03-29,1419.0,1419.0,1380.0,1380.0,210.0
2023-03-30,1380.0,1380.0,1380.0,1380.0,720.0
2023-03-31,1381.0,1406.0,1381.0,1382.0,44076.0
2023-04-04,1404.0,1404.0,1386.0,1386.0,1994.0
2023-04-05,1400.0,1400.0,1400.0,1400.0,30.0
2023-04-06,1386.0,1390.0,1385.0,1390.0,38.0
2023-04-07,1400.0,1430.0,1390.0,1390.0,10322.0
2023-04-10,1430.0,1430.0,1430.0,1430.0,3623.0
2023-04-11,1430.0,1449.0,1400.0,1400.0,136.0
2023-04-12,1402.0,1405.0,1400.0,1405.0,22378.0
2023-04-13,1389.0,1405.0,1389.0,1405.0,839.0
2023-04-14,1401.0,1450.0,1401.0,1450.0,19805.0
2023-04-17,1477.0,1477.0,1450.0,1450.0,2021.0
2023-04-18,1452.0,1452.0,1450.0,1450.0,681.0
2023-04-19,1450.0,1490.0,1450.0,1490.0,8376.0
2023-04-20,1489.0,1515.0,1489.0,1515.0,3071.0
2023-04-21,1470.0,1470.0,1470.0,1470.0,186.0
2023-04-25,1470.0,1471.0,1470.0,1471.0,346.0
2023-04-26,1490.0,1520.0,1490.0,1520.0,5754.0
2023-04-27,1460.0,1460.0,1460.0,1460.0,22.0
2023-04-28,1460.0,1490.0,1460.0,1490.0,1003.0
2023-05-02,1485.0,1519.0,1485.0,1519.0,474.0
2023-05-03,1495.0,1495.0,1495.0,1495.0,1113.0
2023-05-04,1450.0,1450.0,1450.0,1450.0,2.0
2023-05-08,1498.0,1500.0,1498.0,1500.0,66.0
2023-05-09,1512.0,1519.0,1481.0,1481.0,459.0
2023-05-10,1510.0,1510.0,1510.0,1510.0,8990.0
2023-05-11,1510.0,1550.0,1510.0,1549.0,27758.0
2023-05-12,1550.0,1578.0,1550.0,1577.0,898.0
2023-05-15,1577.0,1585.0,1577.0,1585.0,5.0
2023-05-16,1560.0,1575.0,1530.0,1560.0,10790.0
2023-05-17,1560.0,1560.0,1560.0,1560.0,1201.0
2023-05-18,1532.0,1550.0,1532.0,1540.0,2606.0
2023-05-19,1540.0,1560.0,1540.0,1560.0,5781.0
2023-05-22,1568.0,1568.0,1568.0,1568.0,17.0
2023-05-23,1567.0,1567.0,1540.0,1540.0,4006.0
2023-05-24,1520.0,1560.0,1514.0,1540.0,4065.0
2023-05-25,1506.0,1567.0,1506.0,1516.0,4604.0
2023-05-26,1540.0,1560.0,1540.0,1560.0,9391.0
2023-05-29,1559.0,1560.0,1559.0,1560.0,287.0
2023-05-30,1555.0,1638.0,1555.0,1625.0,4573.0
2023-05-31,1625.0,1670.0,1624.0,1624.0,4518.0
2023-06-01,1624.0,1624.0,1620.0,1620.0,1503.0
2023-06-02,1622.0,1680.0,1604.0,1680.0,3601.0
2023-06-05,1679.0,1680.0,1605.0,1605.0,6271.0
2023-06-06,1631.0,1665.0,1590.0,1590.0,512.0
2023-06-07,1592.0,1664.0,1572.0,1664.0,1803.0
2023-06-08,1664.0,1665.0,1663.0,1664.0,7.0
2023-06-09,1660.0,1660.0,1654.0,1654.0,13930.0
2023-06-12,1660.0,1660.0,1660.0,1660.0,771.0
2023-06-13,1660.0,1660.0,1660.0,1660.0,2500.0
2023-06-14,1666.0,1695.0,1666.0,1695.0,14782.0
2023-06-15,1698.0,1750.0,1698.0,1750.0,1195.0
2023-06-16,1750.0,1769.0,1720.0,1720.0,373.0
2023-06-19,1700.0,1760.0,1680.0,1681.0,7749.0
2023-06-20,1750.0,1780.0,1746.0,1750.0,35838.0
2023-06-21,1700.0,1774.0,1700.0,1720.0,2996.0
2023-06-22,1774.0,1774.0,1650.0,1650.0,51.0
2023-06-23,1651.0,1740.0,1651.0,1740.0,21982.0
2023-06-26,1773.0,1773.0,1700.0,1740.0,1050.0
2023-06-27,1765.0,1765.0,1740.0,1740.0,175.0
2023-06-28,1750.0,1790.0,1750.0,1780.0,20763.0
2023-07-03,1760.0,1788.0,1760.0,1770.0,3526.0
2023-07-04,1770.0,1820.0,1770.0,1820.0,704.0
2023-07-05,1820.0,1837.0,1800.0,1800.0,1600.0
2023-07-06,1800.0,1800.0,1780.0,1785.0,3101.0
2023-07-07,1751.0,1800.0,1748.0,1761.0,1617.0
2023-07-10,1799.0,1800.0,1748.0,1785.0,1029.0
2023-07-11,1800.0,1800.0,1795.0,1795.0,198.0
2023-07-12,1795.0,1800.0,1795.0,1800.0,47174.0
2023-07-13,1730.0,1790.0,1725.0,1730.0,3361.0
2023-07-14,1730.0,1735.0,1730.0,1735.0,2256.0
2023-07-17,1732.0,1735.0,1731.0,1735.0,1547.0
2023-07-18,1735.0,1775.0,1735.0,1775.0,3021.0
2023-07-20,1798.0,1798.0,1750.0,1790.0,1561.0
2023-07-21,1750.0,1800.0,1750.0,1800.0,2090.0
2023-07-24,1817.0,1817.0,1785.0,1785.0,107.0
2023-07-25,1785.0,1785.0,1741.0,1761.0,1404.0
2023-07-26,1800.0,1800.0,1755.0,1755.0,2760.0
2023-07-27,1790.0,1790.0,1755.0,1789.0,109.0
2023-07-28,1752.0,1798.0,1752.0,1798.0,1406.0
2023-07-31,1795.0,1795.0,1795.0,1795.0,100.0
2023-08-01,1751.0,1793.0,1751.0,1756.0,92.0
2023-08-02,1760.0,1800.0,1760.0,1800.0,2330.0
2023-08-03,1770.0,1795.0,1770.0,1795.0,2513.0
2023-08-04,1800.0,1800.0,1780.0,1780.0,9239.0
2023-08-07,1800.0,1800.0,1780.0,1780.0,82023.0
2023-08-08,1775.0,1800.0,1771.0,1800.0,2046.0
2023-08-09,1804.0,1804.0,1782.0,1782.0,1008.0
2023-08-10,1782.0,1800.0,1782.0,1800.0,46.0
2023-08-11,1795.0,1800.0,1794.0,1794.0,3938.0
2023-08-15,1794.0,1794.0,1780.0,1794.0,8000.0
2023-08-16,1794.0,1794.0,1772.0,1794.0,3641.0
2023-08-17,1771.0,1794.0,1770.0,1794.0,46.0
2023-08-18,1794.0,1794.0,1794.0,1794.0,120.0
2023-08-22,1751.0,1751.0,1751.0,1751.0,207.0
2023-08-23,1752.0,1761.0,1752.0,1761.0,97.0
2023-08-24,1760.0,1779.0,1751.0,1779.0,82.0
2023-08-25,1760.0,1775.0,1752.0,1775.0,180.0
2023-08-28,1750.0,1750.0,1750.0,1750.0,50.0
2023-08-29,1750.0,1750.0,1750.0,1750.0,47.0
2023-08-30,1788.0,1788.0,1787.0,1787.0,39.0
2023-08-31,1750.0,1751.0,1750.0,1750.0,2053.0
2023-09-01,1749.0,1749.0,1700.0,1700.0,353.0
2023-09-04,1700.0,1700.0,1700.0,1700.0,202.0
2023-09-05,1710.0,1730.0,1680.0,1680.0,559.0
2023-09-06,1680.0,1730.0,1650.0,1650.0,176.0
2023-09-07,1650.0,1655.0,1650.0,1650.0,4491.0
2023-09-08,1646.0,1680.0,1646.0,1650.0,3197.0
2023-09-11,1700.0,1748.0,1700.0,1748.0,2128.0
2023-09-12,1800.0,1849.0,1748.0,1750.0,11227.0
2023-09-13,1800.0,1800.0,1702.0,1702.0,101.0
2023-09-14,1750.0,1750.0,1705.0,1705.0,59.0
2023-09-15,1710.0,1730.0,1710.0,1730.0,2137.0
2023-09-18,1712.0,1712.0,1702.0,1702.0,69.0
2023-09-19,1705.0,1705.0,1655.0,1700.0,1288.0
2023-09-20,1700.0,1700.0,1651.0,1651.0,2100.0
2023-09-21,1700.0,1725.0,1680.0,1680.0,505.0
2023-09-22,1700.0,1700.0,1670.0,1680.0,4396.0
2023-09-25,1670.0,1680.0,1670.0,1680.0,28.0
2023-09-26,1700.0,1700.0,1655.0,1700.0,242.0
2023-09-27,1657.0,1700.0,1655.0,1700.0,343.0
2023-10-02,1722.0,1722.0,1662.0,1665.0,2050.0
2023-10-03,1700.0,1700.0,1670.0,1670.0,3412.0
2023-10-04,1667.0,1680.0,1651.0,1660.0,1167.0
2023-10-05,1759.0,1759.0,1759.0,1759.0,3942.0
2023-10-06,1864.0,1864.0,1801.0,1854.0,50842.0
2023-10-09,1855.0,1865.0,1855.0,1864.0,4056.0
2023-10-10,1864.0,1869.0,1855.0,1860.0,999.0
2023-10-11,1860.0,1860.0,1855.0,1855.0,46.0
2023-10-12,1850.0,1860.0,1835.0,1860.0,3655.0
2023-10-13,1850.0,1879.0,1850.0,1870.0,3525.0
2023-10-16,1866.0,1880.0,1866.0,1878.0,35.0
2023-10-17,1878.0,1878.0,1864.0,1865.0,1027.0
2023-10-18,1870.0,2000.0,1870.0,1972.0,10181.0
2023-10-19,1979.0,1979.0,1965.0,1965.0,1013.0
2023-10-20,1935.0,1950.0,1935.0,1949.0,1888.0
2023-10-23,1900.0,1960.0,1900.0,1960.0,456.0
2023-10-24,1959.0,1959.0,1950.0,1950.0,19.0
2023-10-25,1920.0,1920.0,1920.0,1920.0,2147.0
2023-10-26,1948.0,1948.0,1890.0,1890.0,2069.0
2023-10-27,1875.0,1875.0,1875.0,1875.0,717.0
2023-10-30,1910.0,1910.0,1835.0,1863.0,1105.0
2023-10-31,1832.0,1866.0,1830.0,1866.0,2020.0
2023-11-01,1866.0,1866.0,1811.0,1860.0,427.0
2023-11-02,1835.0,1875.0,1820.0,1875.0,3525.0
2023-11-03,1900.0,1900.0,1900.0,1900.0,2781.0
2023-11-07,1860.0,1900.0,1860.0,1900.0,552.0
2023-11-09,1860.0,1900.0,1860.0,1900.0,96.0
2023-11-10,1861.0,1899.0,1861.0,1899.0,100.0
2023-11-14,1861.0,1890.0,1835.0,1890.0,548.0
2023-11-15,1875.0,1875.0,1850.0,1850.0,1666.0
2023-11-16,1840.0,1885.0,1840.0,1885.0,214.0
2023-11-17,1850.0,1900.0,1850.0,1900.0,5043.0
2023-11-20,1861.0,1885.0,1860.0,1885.0,2605.0
2023-11-21,1860.0,1880.0,1860.0,1860.0,3621.0
2023-11-22,1865.0,1889.0,1860.0,1889.0,4551.0
2023-11-23,1888.0,1888.0,1865.0,1885.0,1108.0
2023-11-24,1885.0,1885.0,1872.0,1872.0,3500.0
2023-11-27,1890.0,1890.0,1861.0,1872.0,328.0
2023-11-28,1860.0,1861.0,1850.0,1852.0,5466.0
2023-11-29,1850.0,1851.0,1850.0,1851.0,4920.0
2023-11-30,1827.0,1856.0,1827.0,1852.0,4185.0
2023-12-01,1854.0,1886.0,1850.0,1886.0,4024.0
2023-12-04,1852.0,1852.0,1852.0,1852.0,3002.0
2023-12-05,1860.0,1870.0,1860.0,1860.0,1679.0
2023-12-06,1860.0,1870.0,1860.0,1870.0,1286.0
2023-12-07,1883.0,1886.0,1862.0,1886.0,2123.0
2023-12-08,1888.0,1900.0,1884.0,1900.0,486.0
2023-12-11,1900.0,1960.0,1900.0,1955.0,127.0
2023-12-12,1955.0,1970.0,1890.0,1910.0,2056.0
2023-12-13,1923.0,1964.0,1910.0,1959.0,9201.0
2023-12-14,1960.0,1969.0,1950.0,1950.0,4549.0
2023-12-15,1955.0,1960.0,1950.0,1950.0,2573.0
2023-12-18,1950.0,1950.0,1950.0,1950.0,1040.0
2023-12-19,1950.0,1960.0,1950.0,1960.0,5915.0
2023-12-20,1960.0,1960.0,1930.0,1950.0,6062.0
2023-12-21,1960.0,1960.0,1911.0,1911.0,835.0
2023-12-22,1951.0,1951.0,1950.0,1951.0,150.0
2023-12-25,1950.0,1950.0,1918.0,1918.0,1299.0
2023-12-26,1918.0,1920.0,1918.0,1920.0,898.0
2023-12-27,1925.0,1940.0,1925.0,1940.0,1650.0
2023-12-28,1926.0,1926.0,1920.0,1920.0,45.0
2023-12-29,1920.0,1920.0,1920.0,1920.0,10030.0
2024-01-02,1929.0,1949.0,1920.0,1920.0,486.0
2024-01-03,1950.0,1950.0,1940.0,1950.0,1238.0
2024-01-04,1950.0,1970.0,1931.0,1969.0,6810.0
2024-01-05,1940.0,1980.0,1940.0,1980.0,1345.0
2024-01-08,1980.0,1994.0,1951.0,1994.0,81.0
2024-01-10,1964.0,1995.0,1963.0,1994.0,263.0
2024-01-12,1994.0,2000.0,1994.0,2000.0,2747.0
2024-01-15,2038.0,2038.0,2000.0,2000.0,416.0
2024-01-16,2000.0,2074.0,2000.0,2074.0,4392.0
2024-01-17,2030.0,2070.0,2029.0,2070.0,119.0
2024-01-18,2032.0,2059.0,2029.0,2059.0,4302.0
2024-01-19,2022.0,2060.0,2022.0,2027.0,1571.0
2024-01-22,2068.0,2068.0,2020.0,2020.0,2001.0
2024-01-23,2050.0,2050.0,2050.0,2050.0,4301.0
2024-01-24,2049.0,2049.0,2045.0,2045.0,397.0
2024-01-25,2045.0,2045.0,2045.0,2045.0,140.0
2024-01-26,2055.0,2055.0,2010.0,2010.0,2439.0
2024-01-29,2046.0,2046.0,2000.0,2000.0,1373.0
2024-01-30,2010.0,2010.0,1940.0,1940.0,2962.0
2024-01-31,1980.0,1980.0,1951.0,1951.0,3500.0
2024-02-01,1960.0,1960.0,1935.0,1960.0,1804.0
2024-02-02,1999.0,2000.0,1970.0,1980.0,525.0
2024-02-06,1980.0,1990.0,1980.0,1989.0,876.0
2024-02-07,1980.0,2050.0,1980.0,1985.0,1245.0
2024-02-09,1986.0,2010.0,1980.0,2010.0,1372.0
2024-02-12,2010.0,2010.0,2009.0,2010.0,3173.0
2024-02-13,2009.0,2009.0,1985.0,1985.0,3427.0
2024-02-14,1990.0,2005.0,1980.0,2005.0,4362.0
2024-02-16,2010.0,2010.0,2010.0,2010.0,1567.0
2024-02-20,2007.0,2007.0,1977.0,1977.0,80.0
2024-02-21,2000.0,2000.0,2000.0,2000.0,2273.0
2024-02-22,2020.0,2020.0,1997.0,1997.0,37.0
2024-02-23,1998.0,2005.0,1990.0,2005.0,2339.0
2024-02-26,1992.0,2009.0,1920.0,2009.0,148.0
2024-02-27,2000.0,2000.0,2000.0,2000.0,4052.0
2024-02-28,1980.0,2004.0,1980.0,2004.0,3300.0
2024-02-29,1980.0,2005.0,1960.0,1999.0,2668.0
2024-03-01,1999.0,1999.0,1960.0,1973.0,1163.0
2024-03-04,1974.0,1974.0,1974.0,1974.0,1.0
2024-03-05,2000.0,2000.0,1960.0,2000.0,481.0
2024-03-06,2000.0,2000.0,1960.0,1960.0,573.0
2024-03-07,1965.0,1965.0,1965.0,1965.0,1.0
2024-03-08,1999.0,2000.0,1999.0,2000.0,1033.0
2024-03-11,1970.0,1970.0,1968.0,1969.0,374.0
2024-03-12,1970.0,1970.0,1965.0,1965.0,128.0
2024-03-13,1965.0,1970.0,1965.0,1970.0,5343.0
2024-03-14,1975.0,1997.0,1975.0,1997.0,9299.0
2024-03-15,1968.0,2000.0,1967.0,2000.0,7335.0
2024-03-18,2024.0,2024.0,2000.0,2000.0,2050.0
2024-03-19,2000.0,2010.0,1989.0,1989.0,4710.0
2024-03-20,1990.0,1999.0,1989.0,1989.0,2017.0
2024-03-21,1989.0,1989.0,1989.0,1989.0,10.0
2024-03-22,2000.0,2000.0,1990.0,1990.0,2785.0
2024-03-25,1990.0,1990.0,1990.0,1990.0,886.0
2024-03-26,1990.0,1990.0,1965.0,1965.0,3228.0
2024-03-27,1976.0,1990.0,1976.0,1990.0,4104.0
2024-03-28,1995.0,1995.0,1980.0,1980.0,9769.0
2024-03-29,1985.0,1990.0,1950.0,1950.0,3286.0
2024-04-01,1967.0,1967.0,1960.0,1960.0,5026.0
2024-04-02,1960.0,1960.0,1960.0,1960.0,501.0
2024-04-03,1950.0,1985.0,1950.0,1955.0,4397.0
2024-04-05,1975.0,1975.0,1960.0,1960.0,2900.0
2024-04-08,1960.0,1980.0,1960.0,1960.0,3602.0
2024-04-09,1962.0,1981.0,1960.0,1981.0,7664.0
2024-04-15,1961.0,1980.0,1961.0,1970.0,1553.0
2024-04-16,1970.0,1979.0,1970.0,1970.0,181.0
2024-04-17,1980.0,2050.0,1971.0,2000.0,11011.0
2024-04-18,2000.0,2020.0,2000.0,2020.0,4207.0
2024-04-19,2030.0,2050.0,2030.0,2045.0,5051.0
2024-04-22,2040.0,2040.0,2000.0,2000.0,60.0
2024-04-23,1990.0,2000.0,1990.0,2000.0,18840.0
2024-04-24,2001.0,2001.0,1987.0,1990.0,770.0
2024-04-25,1995.0,1995.0,1980.0,1990.0,925.0
2024-04-26,1980.0,2000.0,1980.0,1990.0,10570.0
2024-04-29,2030.0,2030.0,2000.0,2000.0,31.0
2024-04-30,1998.0,2000.0,1990.0,2000.0,3292.0
2024-05-02,2000.0,2020.0,2000.0,2020.0,3217.0
2024-05-03,2020.0,2039.0,2000.0,2000.0,6473.0
2024-05-07,2000.0,2005.0,2000.0,2000.0,2868.0
2024-05-08,2000.0,2000.0,1991.0,1991.0,425.0
2024-05-09,2005.0,2005.0,1975.0,2000.0,12838.0
2024-05-10,1995.0,2039.0,1995.0,2039.0,22.0
2024-05-13,2034.0,2034.0,2000.0,2000.0,394.0
2024-05-14,2000.0,2000.0,2000.0,2000.0,3711.0
2024-05-15,2000.0,2019.0,1999.0,1999.0,8666.0
2024-05-16,2000.0,2000.0,2000.0,2000.0,1205.0
2024-05-17,2000.0,2018.0,2000.0,2018.0,1803.0
2024-05-20,2018.0,2025.0,2000.0,2020.0,1487.0
2024-05-21,2018.0,2018.0,2002.0,2002.0,5023.0
2024-05-22,2002.0,2002.0,2000.0,2000.0,3513.0
2024-05-23,2000.0,2002.0,2000.0,2002.0,2047.0
2024-05-24,2002.0,2002.0,2000.0,2000.0,330.0
2024-05-27,1990.0,2000.0,1987.0,2000.0,1131.0
2024-05-28,2002.0,2020.0,1985.0,2000.0,2154.0
2024-05-29,1975.0,1999.0,1975.0,1999.0,1339.0
2024-05-30,1985.0,1985.0,1980.0,1980.0,7900.0
2024-05-31,1980.0,1980.0,1969.0,1970.0,8608.0
2024-06-03,1980.0,1980.0,1970.0,1970.0,702.0
2024-06-04,1970.0,1970.0,1970.0,1970.0,790.0
2024-06-05,1970.0,1970.0,1861.0,1861.0,7910.0
2024-06-06,1950.0,1950.0,1950.0,1950.0,4.0
2024-06-07,1948.0,1948.0,1948.0,1948.0,575.0
2024-06-10,1902.0,1948.0,1902.0,1935.0,411.0
2024-06-11,1945.0,1945.0,1935.0,1935.0,1545.0
2024-06-13,1925.0,1925.0,1925.0,1925.0,7319.0
2024-06-14,1910.0,1935.0,1910.0,1910.0,6501.0
2024-06-19,1948.0,1948.0,1910.0,1910.0,1459.0
2024-06-20,1913.0,1913.0,1910.0,1910.0,5157.0
2024-06-21,1912.0,1955.0,1910.0,1915.0,1507.0
2024-06-24,1910.0,1955.0,1910.0,1911.0,5107.0
2024-06-25,1950.0,1960.0,1903.0,1960.0,8815.0
2024-06-26,1975.0,1975.0,1929.0,1929.0,2575.0
2024-06-27,1915.0,1960.0,1915.0,1930.0,682.0
2024-06-28,1930.0,1931.0,1900.0,1900.0,6033.0
2024-07-01,1940.0,1940.0,1920.0,1920.0,977.0
2024-07-02,1901.0,1940.0,1875.0,1885.0,645.0
2024-07-03,1885.0,1900.0,1885.0,1895.0,31.0
2024-07-04,1885.0,1900.0,1852.0,1852.0,1024.0
2024-07-05,1855.0,1880.0,1855.0,1879.0,2690.0
2024-07-08,1900.0,1900.0,1900.0,1900.0,22.0
2024-07-09,1900.0,1900.0,1857.0,1857.0,184.0
2024-07-10,1897.0,1897.0,1851.0,1863.0,398.0
2024-07-11,1864.0,1900.0,1863.0,1900.0,1941.0
2024-07-12,1900.0,1924.0,1900.0,1924.0,2906.0
2024-07-15,1900.0,1900.0,1885.0,1900.0,117.0
2024-07-16,1949.0,1949.0,1949.0,1949.0,670.0
2024-07-17,1901.0,1935.0,1901.0,1930.0,1955.0
2024-07-18,1930.0,1960.0,1930.0,1960.0,12.0
2024-07-19,1950.0,1950.0,1930.0,1950.0,4397.0
2024-07-22,1970.0,1995.0,1960.0,1995.0,5103.0
2024-07-23,1952.0,1975.0,1950.0,1950.0,204.0
2024-07-24,1974.0,1975.0,1942.0,1944.0,123.0
2024-07-26,1978.0,1978.0,1960.0,1960.0,1800.0
2024-07-29,1979.0,1988.0,1979.0,1980.0,1118.0
2024-07-31,1969.0,1969.0,1939.0,1960.0,177.0
2024-08-01,1940.0,1943.0,1940.0,1943.0,667.0
2024-08-02,1955.0,1960.0,1943.0,1955.0,8629.0
2024-08-05,1935.0,1937.0,1880.0,1900.0,654.0
2024-08-06,1959.0,1959.0,1930.0,1930.0,1006.0
2024-08-07,1921.0,1959.0,1921.0,1950.0,2659.0
2024-08-08,1950.0,1950.0,1925.0,1950.0,33.0
2024-08-09,1920.0,1950.0,1920.0,1937.0,3749.0
2024-08-12,1925.0,1937.0,1925.0,1937.0,1570.0
2024-08-13,1975.0,1975.0,1921.0,1970.0,6.0
2024-08-15,1970.0,1970.0,1970.0,1970.0,1600.0
2024-08-16,1971.0,1971.0,1971.0,1971.0,1.0
2024-08-22,1922.0,1971.0,1922.0,1965.0,1521.0
2024-08-23,1969.0,1970.0,1935.0,1970.0,3400.0
2024-08-26,1920.0,1975.0,1920.0,1975.0,22.0
2024-08-27,1935.0,1935.0,1935.0,1935.0,2600.0
2024-08-28,1936.0,1936.0,1935.0,1935.0,1630.0
2024-08-29,1910.0,1949.0,1895.0,1900.0,7939.0
2024-08-30,1900.0,1910.0,1892.0,1900.0,5822.0
2024-09-02,1892.0,1920.0,1890.0,1892.0,779.0
2024-09-03,1900.0,1900.0,1900.0,1900.0,4.0
2024-09-04,1901.0,1902.0,1900.0,1901.0,7031.0
2024-09-05,1910.0,1910.0,1900.0,1910.0,542.0
2024-09-06,1895.0,1915.0,1881.0,1915.0,4065.0
2024-09-09,1938.0,1938.0,1938.0,1938.0,2270.0
2024-09-10,1910.0,1913.0,1883.0,1913.0,5971.0
2024-09-11,1900.0,1910.0,1882.0,1910.0,3042.0
2024-09-12,1890.0,1890.0,1850.0,1850.0,1165.0
2024-09-13,1831.0,1854.0,1821.0,1854.0,3326.0
2024-09-18,1866.0,1867.0,1858.0,1865.0,1216.0
2024-09-19,1880.0,1895.0,1859.0,1895.0,2443.0
2024-09-20,1900.0,1907.0,1870.0,1907.0,2121.0
2024-09-23,1902.0,1902.0,1902.0,1902.0,1000.0
2024-09-24,1902.0,1902.0,1890.0,1902.0,1129.0
2024-09-25,1900.0,1900.0,1873.0,1873.0,176.0
2024-09-26,1872.0,1900.0,1872.0,1896.0,284.0
2024-09-27,1898.0,1900.0,1880.0,1881.0,4537.0
2024-09-30,1881.0,1902.0,1880.0,1880.0,20511.0
2024-10-01,1872.0,1872.0,1803.0,1805.0,2378.0
2024-10-02,1887.0,1887.0,1803.0,1822.0,10227.0
2024-10-03,1879.0,1879.0,1850.0,1850.0,2025.0
2024-10-04,1850.0,1879.0,1850.0,1851.0,6607.0
2024-10-07,1826.0,1851.0,1826.0,1851.0,828.0
2024-10-08,1899.0,1899.0,1835.0,1835.0,6116.0
2024-10-09,1894.0,1894.0,1834.0,1836.0,6340.0
2024-10-10,1840.0,1840.0,1839.0,1839.0,6645.0
2024-10-11,1835.0,1838.0,1835.0,1838.0,208.0
2024-10-14,1824.0,1824.0,1820.0,1820.0,696.0
2024-10-15,1800.0,1800.0,1800.0,1800.0,615.0
2024-10-16,1800.0,1800.0,1760.0,1780.0,2293.0
2024-10-17,1800.0,1819.0,1800.0,1801.0,505.0
2024-10-18,1817.0,1821.0,1817.0,1821.0,4629.0
2024-10-21,1849.0,1849.0,1821.0,1821.0,352.0
2024-10-22,1821.0,1830.0,1821.0,1825.0,1248.0
2024-10-23,1832.0,1832.0,1825.0,1832.0,3607.0
2024-10-24,1829.0,1829.0,1829.0,1829.0,23.0
2024-10-25,1827.0,1832.0,1827.0,1832.0,2507.0
2024-10-28,1828.0,1828.0,1825.0,1825.0,372.0
2024-10-29,1830.0,1855.0,1740.0,1855.0,13994.0
2024-10-30,1851.0,1855.0,1851.0,1855.0,90.0
2024-10-31,1850.0,1870.0,1844.0,1845.0,16616.0
2024-11-01,1845.0,1864.0,1845.0,1861.0,3245.0
2024-11-04,1894.0,1894.0,1880.0,1880.0,171.0
2024-11-05,1892.0,1892.0,1880.0,1880.0,3733.0
2024-11-07,1890.0,1911.0,1890.0,1910.0,12201.0
2024-11-08,1910.0,1949.0,1905.0,1920.0,5357.0
2024-11-11,1922.0,1945.0,1920.0,1922.0,454.0
2024-11-12,1940.0,1945.0,1926.0,1929.0,435.0
2024-11-13,1931.0,1935.0,1930.0,1935.0,122.0
2024-11-14,1939.0,1959.0,1939.0,1958.0,3432.0
2024-11-15,1955.0,2000.0,1950.0,2000.0,41592.0
2024-11-19,2000.0,2021.0,1995.0,2021.0,6586.0
2024-11-20,2021.0,2021.0,2000.0,2000.0,2206.0
2024-11-21,1956.0,2020.0,1956.0,1987.0,1735.0
2024-11-22,1986.0,2000.0,1986.0,2000.0,1441.0
2024-11-25,1981.0,2035.0,1970.0,1980.0,312.0
2024-11-26,2000.0,2000.0,1971.0,1971.0,37.0
2024-11-27,2000.0,2000.0,1980.0,2000.0,1025.0
2024-11-28,2000.0,2000.0,2000.0,2000.0,11.0
2024-11-29,2000.0,2000.0,1960.0,2000.0,5977.0
2024-12-02,1985.0,1985.0,1985.0,1985.0,29.0
2024-12-03,1981.0,1995.0,1981.0,1995.0,3536.0
2024-12-04,1984.0,1999.0,1984.0,1990.0,291.0
2024-12-05,1985.0,1999.0,1985.0,1985.0,86.0
2024-12-06,1943.0,1990.0,1943.0,1983.0,3459.0
2024-12-09,1944.0,1989.0,1944.0,1989.0,8.0
2024-12-10,1990.0,1990.0,1985.0,1985.0,2997.0
2024-12-11,1943.0,1990.0,1943.0,1988.0,461.0
2024-12-12,1943.0,1950.0,1943.0,1946.0,1250.0
2024-12-13,1945.0,1947.0,1926.0,1947.0,481.0
2024-12-16,1947.0,1947.0,1940.0,1940.0,152.0
2024-12-17,1980.0,1981.0,1960.0,1960.0,1370.0
2024-12-18,1953.0,1953.0,1941.0,1941.0,160.0
2024-12-19,1942.0,1942.0,1941.0,1941.0,131.0
2024-12-20,1942.0,1942.0,1909.0,1910.0,1536.0
2024-12-23,1950.0,1950.0,1907.0,1907.0,1785.0
2024-12-24,1910.0,1910.0,1900.0,1910.0,1038.0
2024-12-25,1973.0,1973.0,1910.0,1910.0,2724.0
2024-12-26,1886.0,1951.0,1886.0,1951.0,3140.0
2024-12-27,1908.0,1950.0,1907.0,1949.0,8796.0
2024-12-30,1948.0,1948.0,1921.0,1925.0,102.0
2024-12-31,1940.0,1940.0,1935.0,1935.0,2526.0
2025-01-02,1948.0,1971.0,1948.0,1968.0,7019.0
2025-01-03,1989.0,2040.0,1988.0,2040.0,30006.0
2025-01-06,2045.0,2048.0,2039.0,2040.0,12153.0
2025-01-07,2040.0,2045.0,2018.0,2035.0,8067.0
2025-01-08,2045.0,2050.0,2030.0,2034.0,5384.0
2025-01-09,2070.0,2071.0,2036.0,2038.0,8193.0
2025-01-10,2037.0,2070.0,2036.0,2038.0,10248.0
2025-01-13,2040.0,2075.0,2040.0,2041.0,10062.0
2025-01-15,2040.0,2070.0,2037.0,2045.0,8404.0
2025-01-16,2050.0,2070.0,2049.0,2050.0,8450.0
2025-01-17,2070.0,2070.0,2045.0,2045.0,2777.0
2025-01-20,2045.0,2070.0,2030.0,2030.0,1768.0
2025-01-21,2059.0,2059.0,2040.0,2040.0,8602.0
2025-01-22,2036.0,2040.0,2010.0,2010.0,9414.0
2025-01-23,2064.0,2064.0,2006.0,2030.0,6847.0
2025-01-24,2030.0,2040.0,2025.0,2028.0,4662.0
2025-01-27,2040.0,2049.0,2020.0,2020.0,277.0
2025-01-28,2030.0,2045.0,2022.0,2022.0,1723.0
2025-01-29,2025.0,2040.0,2025.0,2026.0,5398.0
2025-01-30,2030.0,2030.0,2026.0,2026.0,614.0
2025-01-31,2045.0,2045.0,1961.0,2010.0,4206.0
2025-02-03,2025.0,2025.0,2001.0,2001.0,102.0
2025-02-04,2011.0,2050.0,2011.0,2020.0,5580.0
2025-02-05,2029.0,2029.0,2005.0,2005.0,1437.0
2025-02-06,2010.0,2010.0,2001.0,2001.0,6001.0
2025-02-07,2001.0,2001.0,1985.0,1985.0,5153.0
2025-02-10,1986.0,2030.0,1986.0,1986.0,3692.0
2025-02-11,1987.0,1990.0,1950.0,1990.0,2390.0
2025-02-12,1990.0,1990.0,1945.0,1989.0,97792.0
2025-02-13,2019.0,2020.0,1970.0,1970.0,1708.0
2025-02-14,1971.0,1989.0,1953.0,1953.0,5297.0
2025-02-17,2020.0,2020.0,2000.0,2000.0,1574.0
2025-02-18,1998.0,1998.0,1974.0,1980.0,2996.0
2025-02-19,2000.0,2000.0,1970.0,1980.0,2735.0
2025-02-20,1998.0,1998.0,1960.0,1960.0,4258.0
2025-02-21,1997.0,1997.0,1905.0,1905.0,7876.0
2025-02-24,1978.0,1978.0,1915.0,1925.0,490.0
2025-02-25,1956.0,1956.0,1902.0,1902.0,5558.0
2025-02-26,1912.0,1947.0,1912.0,1916.0,746.0
2025-02-27,1920.0,1940.0,1920.0,1926.0,85.0
2025-02-28,1921.0,1930.0,1900.0,1900.0,2267.0
2025-03-03,1901.0,1979.0,1901.0,1905.0,745.0
2025-03-04,1954.0,1954.0,1905.0,1905.0,1290.0
2025-03-05,1905.0,1931.0,1905.0,1931.0,8.0
2025-03-06,1941.0,1959.0,1900.0,1900.0,797.0
2025-03-07,1931.0,1940.0,1900.0,1912.0,4484.0
2025-03-10,1941.0,1945.0,1900.0,1900.0,2458.0
2025-03-11,1902.0,1904.0,1892.0,1895.0,3639.0
2025-03-12,1892.0,1903.0,1892.0,1893.0,2729.0
2025-03-13,1893.0,1940.0,1892.0,1900.0,509.0
2025-03-14,1900.0,1930.0,1900.0,1900.0,6560.0
2025-03-17,1927.0,1927.0,1905.0,1905.0,3207.0
2025-03-18,1905.0,1905.0,1890.0,1900.0,4391.0
2025-03-19,1895.0,1950.0,1895.0,1905.0,10802.0
2025-03-20,1910.0,1960.0,1910.0,1920.0,7539.0
2025-03-21,1949.0,1970.0,1920.0,1961.0,23355.0
2025-03-24,1980.0,1980.0,1961.0,1962.0,9414.0
2025-03-25,1963.0,1963.0,1930.0,1930.0,4977.0
2025-03-26,1921.0,1940.0,1920.0,1920.0,8702.0
2025-03-27,1910.0,1910.0,1910.0,1910.0,4247.0
2025-03-28,1911.0,1931.0,1903.0,1903.0,6782.0
2025-04-02,1958.0,1958.0,1903.0,1920.0,2018.0
2025-04-03,1945.0,1945.0,1871.0,1890.0,1469.0
2025-04-04,1920.0,1920.0,1895.0,1899.0,7874.0
2025-04-07,1771.0,1875.0,1710.0,1710.0,1214.0
2025-04-08,1760.0,1864.0,1760.0,1770.0,4585.0
2025-04-09,1808.0,1810.0,1800.0,1810.0,1636.0
2025-04-10,1938.0,1938.0,1750.0,1750.0,11742.0
2025-04-11,1770.0,1837.0,1720.0,1720.0,10406.0
2025-04-14,1761.0,1850.0,1761.0,1800.0,3176.0
2025-04-15,1822.0,1895.0,1822.0,1890.0,16746.0
2025-04-16,1852.0,1897.0,1851.0,1880.0,4638.0
2025-04-17,1862.0,1893.0,1860.0,1866.0,443.0
2025-04-18,1895.0,1899.0,1865.0,1865.0,7751.0
2025-04-21,1853.0,1900.0,1853.0,1865.0,2422.0
2025-04-22,1870.0,1895.0,1870.0,1870.0,2696.0
2025-04-23,1898.0,1898.0,1855.0,1856.0,2422.0
2025-04-24,1860.0,1894.0,1842.0,1890.0,949.0
2025-04-25,1888.0,1890.0,1880.0,1890.0,167.0
2025-04-28,1858.0,1895.0,1858.0,1895.0,114.0
2025-04-29,1860.0,1906.0,1860.0,1900.0,7886.0
2025-04-30,1901.0,1910.0,1890.0,1900.0,1917.0
2025-05-02,1900.0,1926.0,1869.0,1903.0,1459.0
2025-05-05,1905.0,1905.0,1900.0,1900.0,39.0
2025-05-06,1900.0,1920.0,1900.0,1920.0,3193.0
2025-05-07,1920.0,1960.0,1920.0,1937.0,8546.0
2025-05-08,1945.0,1950.0,1945.0,1945.0,3515.0
2025-05-09,1950.0,1960.0,1943.0,1960.0,10292.0
2025-05-12,1955.0,1998.0,1940.0,1998.0,4959.0
2025-05-13,1995.0,1995.0,1966.0,1975.0,17555.0
2025-05-14,1975.0,1991.0,1961.0,1964.0,4265.0
2025-05-15,1975.0,1978.0,1975.0,1975.0,3299.0
2025-05-16,1980.0,1980.0,1950.0,1960.0,10587.0
2025-05-19,1944.0,1953.0,1938.0,1953.0,3007.0
2025-05-20,1946.0,1975.0,1946.0,1970.0,4546.0
2025-05-21,1979.0,1979.0,1960.0,1974.0,8039.0
2025-05-22,1943.0,1990.0,1943.0,1973.0,7057.0
2025-05-23,1979.0,1979.0,1952.0,1960.0,7397.0
2025-05-26,1968.0,1970.0,1943.0,1956.0,2245.0
2025-05-27,1941.0,1970.0,1940.0,1970.0,3105.0
2025-05-28,1970.0,1970.0,1955.0,1970.0,5154.0
2025-05-29,1970.0,1970.0,1950.0,1954.0,184.0
2025-05-30,1957.0,1993.0,1955.0,1993.0,24065.0
2025-06-02,1995.0,1995.0,1994.0,1994.0,18.0
2025-06-03,1962.0,1980.0,1955.0,1962.0,1033.0
2025-06-04,1995.0,2000.0,1971.0,2000.0,9754.0
2025-06-05,2003.0,2020.0,1980.0,1980.0,7320.0
2025-06-06,1990.0,1999.0,1980.0,1980.0,1096.0
2025-06-10,1985.0,2038.0,1980.0,2000.0,1128.0
2025-06-11,2010.0,2020.0,2001.0,2020.0,1559.0
2025-06-12,2020.0,2052.0,2010.0,2050.0,12259.0
2025-06-13,1980.0,1980.0,1902.0,1966.0,11117.0
2025-06-16,1920.0,1920.0,1909.0,1910.0,359.0
2025-06-17,1916.0,1916.0,1845.0,1915.0,3878.0
2025-06-18,1940.0,1940.0,1920.0,1920.0,7860.0
2025-06-19,1919.0,1919.0,1870.0,1900.0,10182.0
2025-06-20,1881.0,1924.0,1877.0,1924.0,2494.0
2025-06-23,1900.0,1900.0,1900.0,1900.0,3319.0
2025-06-24,1878.0,1948.0,1878.0,1945.0,3707.0
2025-06-25,1945.0,1978.0,1945.0,1972.0,7651.0
2025-06-26,1975.0,1977.0,1920.0,1920.0,7136.0
2025-06-30,1920.0,1925.0,1920.0,1925.0,492.0
2025-07-01,1930.0,1940.0,1930.0,1940.0,2704.0
2025-07-02,1930.0,1950.0,1930.0,1930.0,552.0
2025-07-03,1931.0,1978.0,1931.0,1950.0,1590.0
2025-07-04,1933.0,1970.0,1930.0,1930.0,4599.0
2025-07-07,1925.0,1940.0,1925.0,1934.0,2314.0
2025-07-08,1950.0,1952.0,1950.0,1950.0,23217.0
2025-07-09,1938.0,1955.0,1938.0,1955.0,361.0
2025-07-10,1955.0,1955.0,1930.0,1950.0,18084.0
2025-07-11,1969.0,1970.0,1950.0,1953.0,16905.0
2025-07-14,1945.0,1945.0,1931.0,1932.0,125.0
2025-07-15,1930.0,1950.0,1885.0,1910.0,2008.0
2025-07-16,1915.0,1954.0,1915.0,1919.0,47.0
2025-07-17,1950.0,1959.0,1920.0,1959.0,4691.0
2025-07-18,1924.0,1960.0,1924.0,1960.0,1096.0
2025-07-21,1950.0,1970.0,1950.0,1970.0,81.0
2025-07-22,1966.0,1974.0,1951.0,1970.0,9485.0
2025-07-23,1951.0,1985.0,1951.0,1971.0,5498.0
2025-07-24,1975.0,2024.0,1968.0,1970.0,26764.0
2025-07-25,2005.0,2025.0,2000.0,2000.0,6894.0
2025-07-28,1980.0,2041.0,1980.0,2000.0,7504.0
2025-07-29,2037.0,2037.0,2000.0,2000.0,11077.0
2025-07-31,2000.0,2000.0,1970.0,2000.0,3271.0
2025-08-01,1998.0,2000.0,1950.0,2000.0,4249.0
2025-08-04,1999.0,1999.0,1952.0,1978.0,468.0
2025-08-05,1980.0,2000.0,1980.0,1990.0,6580.0
2025-08-06,1999.0,2000.0,1989.0,2000.0,1188.0
2025-08-07,1989.0,2009.0,1989.0,2000.0,3075.0
2025-08-08,2000.0,2008.0,2000.0,2000.0,2746.0
2025-08-11,2000.0,2010.0,1986.0,1986.0,5720.0
2025-08-12,1991.0,2000.0,1990.0,1990.0,4823.0
2025-08-13,2000.0,2040.0,2000.0,2039.0,18613.0
2025-08-15,2039.0,2040.0,2003.0,2003.0,4045.0
2025-08-18,2029.0,2029.0,2003.0,2003.0,1895.0
2025-08-19,2005.0,2015.0,1992.0,2012.0,4354.0
2025-08-22,2000.0,2040.0,2000.0,2030.0,9177.0
2025-08-25,2020.0,2090.0,2015.0,2058.0,22815.0
2025-08-26,2060.0,2154.0,2060.0,2125.0,36713.0
2025-08-27,2125.0,2180.0,2125.0,2148.0,29975.0
2025-08-28,2178.0,2190.0,2134.0,2144.0,3832.0
2025-08-29,2180.0,2180.0,2100.0,2144.0,14134.0
2025-09-01,2165.0,2165.0,2083.0,2100.0,2294.0
2025-09-02,2087.0,2098.0,2035.0,2060.0,4025.0
2025-09-03,2059.0,2091.0,2059.0,2065.0,2735.0
2025-09-04,2070.0,2091.0,2050.0,2050.0,2430.0
2025-09-08,2064.0,2064.0,2040.0,2040.0,2145.0
2025-09-09,2045.0,2045.0,1999.0,1999.0,5808.0
2025-09-10,2020.0,2020.0,2007.0,2013.0,16116.0
2025-09-11,2013.0,2060.0,2005.0,2012.0,4260.0
2025-09-12,2015.0,2050.0,1985.0,1985.0,44255.0
2025-09-15,1950.0,1990.0,1880.0,1900.0,29457.0
2025-09-16,1951.0,1989.0,1938.0,1938.0,7773.0
2025-09-17,1983.0,1983.0,1925.0,1925.0,12273.0
2025-09-18,1939.0,1940.0,1930.0,1938.0,5674.0
2025-09-19,1938.0,1938.0,1920.0,1921.0,2765.0
2025-09-22,1927.0,1970.0,1927.0,1930.0,4830.0
2025-09-23,1965.0,1965.0,1928.0,1928.0,1246.0
2025-09-24,1960.0,1960.0,1910.0,1910.0,5334.0
2025-09-25,1943.0,1955.0,1900.0,1900.0,11070.0
2025-09-26,1903.0,1940.0,1885.0,1885.0,11845.0
2025-09-29,1915.0,1950.0,1846.0,1846.0,9651.0
2025-09-30,1855.0,1940.0,1844.0,1900.0,10894.0
2025-10-01,1900.0,1900.0,1845.0,1845.0,4438.0
2025-10-02,1840.0,1923.0,1810.0,1878.0,14496.0
2025-10-03,1887.0,1937.0,1887.0,1898.0,7430.0
2025-10-06,1900.0,1940.0,1888.0,1888.0,5298.0
2025-10-07,1932.0,1932.0,1880.0,1880.0,1132.0
2025-10-08,1900.0,1900.0,1863.0,1870.0,2600.0
2025-10-09,1900.0,1900.0,1811.0,1811.0,13632.0
2025-10-10,1865.0,1865.0,1800.0,1800.0,14832.0
2025-10-13,1848.0,1860.0,1805.0,1860.0,1120.0
2025-10-14,1850.0,1879.0,1805.0,1806.0,16835.0
2025-10-15,1847.0,1866.0,1806.0,1837.0,4448.0
2025-10-16,1876.0,1876.0,1820.0,1860.0,356.0
2025-10-17,1860.0,1860.0,1844.0,1844.0,11022.0
2025-10-20,1875.0,1884.0,1828.0,1883.0,1416.0
2025-10-21,1885.0,1920.0,1875.0,1914.0,7075.0
2025-10-22,1920.0,1920.0,1882.0,1900.0,1810.0
2025-10-23,1900.0,1900.0,1890.0,1898.0,948.0
2025-10-24,1899.0,1900.0,1870.0,1900.0,8235.0
2025-10-27,1909.0,1910.0,1890.0,1908.0,340.0
2025-10-28,1908.0,1913.0,1890.0,1898.0,6801.0
2025-10-29,1897.0,1914.0,1893.0,1897.0,7972.0
2025-10-30,1919.0,1919.0,1899.0,1902.0,5135.0
2025-10-31,1902.0,1969.0,1902.0,1948.0,21648.0
2025-11-03,1993.0,2000.0,1966.0,1980.0,4218.0
2025-11-04,1985.0,1985.0,1945.0,1969.0,364.0
2025-11-05,1969.0,1969.0,1932.0,1964.0,64.0
2025-11-07,1959.0,1959.0,1933.0,1933.0,2855.0
2025-11-10,1954.0,1954.0,1932.0,1939.0,494.0
2025-11-11,1939.0,1939.0,1870.0,1870.0,1762.0
2025-11-12,1876.0,1902.0,1875.0,1898.0,43.0
2025-11-13,1902.0,1902.0,1899.0,1899.0,254.0
2025-11-14,1897.0,1897.0,1830.0,1830.0,11212.0
2025-11-17,1898.0,1898.0,1840.0,1859.0,1138.0
2025-11-19,1840.0,1870.0,1840.0,1860.0,284.0
2025-11-20,1840.0,1859.0,1802.0,1802.0,1123.0
2025-11-21,1866.0,1866.0,1802.0,1815.0,10418.0
2025-11-24,1867.0,1888.0,1817.0,1888.0,3597.0
2025-11-25,1889.0,1890.0,1835.0,1855.0,2074.0
2025-11-26,1850.0,1885.0,1850.0,1880.0,2920.0
2025-11-27,1850.0,1888.0,1850.0,1851.0,4040.0
2025-11-28,1879.0,1879.0,1850.0,1850.0,1552.0
2025-12-01,1870.0,1876.0,1840.0,1848.0,184.0
2025-12-02,1824.0,1859.0,1824.0,1830.0,1121.0
2025-12-03,1826.0,1840.0,1825.0,1825.0,22285.0
2025-12-04,1840.0,1840.0,1825.0,1830.0,508.0
2025-12-05,1826.0,1839.0,1812.0,1831.0,44568.0
2025-12-08,1832.0,1840.0,1832.0,1840.0,88.0
2025-12-09,1840.0,1849.0,1840.0,1842.0,756.0
2025-12-10,1868.0,1896.0,1850.0,1850.0,93458.0
2025-12-11,1870.0,1925.0,1850.0,1850.0,688.0
2025-12-12,1890.0,1890.0,1832.0,1832.0,2942.0
2025-12-15,1879.0,1884.0,1845.0,1850.0,5590.0
2025-12-16,1852.0,1880.0,1841.0,1850.0,1423.0
2025-12-17,1850.0,1865.0,1850.0,1862.0,155.0
2025-12-18,1850.0,1865.0,1850.0,1850.0,3394.0
2025-12-19,1865.0,1878.0,1840.0,1840.0,145843.0
2025-12-22,1877.0,1877.0,1842.0,1842.0,37.0
2025-12-23,1850.0,1850.0,1807.0,1807.0,1450.0
2025-12-24,1840.0,1844.0,1810.0,1810.0,2655.0
2025-12-25,1840.0,1870.0,1811.0,1811.0,4188.0
2025-12-26,1873.0,1873.0,1700.0,1700.0,16157.0
2025-12-29,1846.0,1846.0,1780.0,1780.0,2010.0
2025-12-30,1843.0,1843.0,1790.0,1805.0,36398.0
2025-12-31,1838.0,1842.0,1805.0,1840.0,4270.0
2026-01-02,1848.0,1860.0,1840.0,1850.0,8111.0
2026-01-05,1870.0,1876.0,1850.0,1870.0,7866.0
2026-01-06,1876.0,1876.0,1850.0,1873.0,4689.0
2026-01-07,1871.0,1871.0,1852.0,1870.0,3177.0
2026-01-08,1870.0,1877.0,1860.0,1872.0,1131.0
2026-01-09,1875.0,1875.0,1852.0,1870.0,10751.0
2026-01-12,1872.0,1877.0,1851.0,1877.0,3539.0
2026-01-13,1860.0,1877.0,1850.0,1850.0,5298.0
2026-01-15,1878.0,1878.0,1850.0,1865.0,5131.0
2026-01-16,1878.0,1878.0,1849.0,1849.0,8794.0
2026-01-19,1877.0,1877.0,1807.0,1807.0,5532.0
2026-01-20,1866.0,1866.0,1820.0,1820.0,7043.0
2026-01-21,1845.0,1845.0,1815.0,1820.0,1375.0
2026-01-22,1843.0,1850.0,1820.0,1844.0,3224.0
2026-01-23,1862.0,1862.0,1830.0,1830.0,11673.0
2026-01-26,1830.0,1840.0,1801.0,1801.0,2485.0
2026-01-27,1810.0,1830.0,1810.0,1820.0,5359.0
2026-01-28,1821.0,1840.0,1820.0,1820.0,2640.0
2026-01-29,1801.0,1840.0,1801.0,1811.0,2656.0
2026-01-30,1808.0,1841.0,1800.0,1806.0,4387.0
2026-02-02,1830.0,1830.0,1800.0,1800.0,1789.0
2026-02-03,1827.0,1827.0,1775.0,1775.0,3066.0
2026-02-04,1808.0,1814.0,1786.0,1799.0,4594.0
2026-02-05,1806.0,1806.0,1762.0,1762.0,1117.0
2026-02-06,1790.0,1799.0,1762.0,1799.0,7603.0
2026-02-09,1799.0,1830.0,1763.0,1792.0,3174.0
2026-02-10,1790.0,1804.0,1783.0,1783.0,5151.0
2026-02-11,1799.0,1800.0,1784.0,1785.0,5498.0
2026-02-12,1802.0,1802.0,1780.0,1785.0,10794.0
2026-02-13,1790.0,1799.0,1785.0,1785.0,16151.0
2026-02-16,1820.0,1823.0,1785.0,1818.0,3741.0
2026-02-17,1800.0,1800.0,1795.0,1800.0,7807.0
2026-02-18,1800.0,1800.0,1790.0,1790.0,2812.0
2026-02-19,1800.0,1810.0,1787.0,1800.0,299.0
2026-02-20,1809.0,1809.0,1790.0,1800.0,14573.0
2026-02-23,1800.0,1809.0,1791.0,1791.0,1297.0
2026-02-24,1792.0,1800.0,1781.0,1781.0,3675.0
2026-02-25,1780.0,1792.0,1750.0,1750.0,4531.0
2026-02-26,1750.0,1785.0,1690.0,1700.0,4852.0
2026-02-27,1699.0,1699.0,1655.0,1655.0,28512.0
2026-03-02,1597.0,1600.0,1549.0,1549.0,15813.0
2026-03-03,1560.0,1640.0,1500.0,1500.0,9124.0
2026-03-04,1599.0,1635.0,1500.0,1500.0,10359.0
2026-03-05,1600.0,1631.0,1573.0,1631.0,5082.0
2026-03-06,1635.0,1685.0,1600.0,1610.0,18629.0
2026-03-09,1600.0,1600.0,1550.0,1550.0,9025.0
2026-03-10,1632.0,1639.0,1600.0,1600.0,7991.0
2026-03-11,1716.0,1759.0,1701.0,1759.0,39541.0
2026-03-12,1760.0,1780.0,1723.0,1760.0,17302.0
2026-03-13,1763.0,1763.0,1721.0,1745.0,12412.0
2026-03-16,1743.0,1743.0,1725.0,1730.0,3764.0
2026-03-17,1738.0,1738.0,1730.0,1730.0,4077.0
2026-03-18,1728.0,1778.0,1726.0,1778.0,1100.0
2026-03-19,1776.0,1776.0,1740.0,1750.0,3645.0
2026-03-24,1767.0,1790.0,1745.0,1780.0,12556.0
2026-03-25,1799.0,1800.0,1770.0,1794.0,6277.0
2026-03-26,1790.0,1807.0,1740.0,1740.0,18073.0
2026-03-27,1793.0,1794.0,1720.0,1720.0,6214.0
