Time,Open,High,Low,Close,Volume
2013-02-22,110.0,114.0,110.0,114.0,1100.0
2013-02-27,110.05,110.05,110.0,110.0,7.0
2013-02-28,114.0,114.0,110.0,110.0,83.0
2013-03-01,110.0,110.0,110.0,110.0,183.0
2013-03-04,114.0,115.0,114.0,115.0,71.0
2013-03-05,108.1,119.95,108.1,119.95,17.0
2013-03-07,115.0,115.0,115.0,115.0,3.0
2013-03-08,110.0,119.8,110.0,115.0,59.0
2013-03-11,115.0,115.0,115.0,115.0,75.0
2013-03-14,115.0,115.15,115.0,115.15,172.0
2013-03-15,119.95,119.95,119.95,119.95,15.0
2013-03-18,134.2,134.2,130.0,130.0,467.0
2013-03-19,130.0,132.95,130.0,130.0,211.0
2013-03-20,122.5,129.0,122.2,129.0,117.0
2013-03-21,121.3,129.0,121.3,121.3,3090.0
2013-03-22,121.3,121.3,121.3,121.3,5.0
2013-03-25,124.95,124.95,115.0,115.0,140.0
2013-03-28,110.1,121.0,110.1,121.0,526.0
2013-03-29,113.75,113.75,113.75,113.75,6.0
2013-04-01,120.55,120.55,120.55,120.55,10.0
2013-04-02,108.5,119.0,108.5,119.0,801.0
2013-04-03,111.9,112.1,111.9,112.1,60.0
2013-04-04,115.0,116.8,115.0,116.8,15.0
2013-04-05,122.3,122.3,122.3,122.3,100.0
2013-04-08,115.0,123.95,115.0,123.95,26.0
2013-04-09,122.95,122.95,116.55,122.8,71.0
2013-04-10,116.6,121.8,115.45,121.8,126.0
2013-04-12,117.0,117.0,115.0,115.0,35.0
2013-04-15,116.0,116.0,116.0,116.0,16.0
2013-04-16,121.7,121.7,113.0,113.0,201.0
2013-04-18,115.0,115.0,115.0,115.0,63.0
2013-04-19,118.0,118.0,115.0,115.0,155.0
2013-04-22,112.2,112.2,111.15,111.15,64.0
2013-04-24,114.0,114.0,111.0,111.0,465.0
2013-04-26,116.0,116.0,115.0,115.0,120.0
2013-04-29,116.0,116.0,111.1,111.1,2359.0
2013-04-30,111.1,111.1,109.0,109.0,1644.0
2013-05-02,110.0,115.0,106.25,115.0,153.0
2013-05-03,108.5,110.0,108.5,110.0,64.0
2013-05-07,110.0,110.0,110.0,110.0,16.0
2013-05-08,110.0,110.0,110.0,110.0,42.0
2013-05-10,111.05,112.0,110.0,110.0,731.0
2013-05-13,114.0,114.0,114.0,114.0,1.0
2013-05-14,110.05,110.05,110.05,110.05,20.0
2013-05-15,110.1,110.1,110.05,110.05,112.0
2013-05-17,111.0,111.0,111.0,111.0,10.0
2013-05-22,111.0,111.0,111.0,111.0,14.0
2013-05-23,112.0,112.0,112.0,112.0,52.0
2013-05-24,111.0,111.0,111.0,111.0,28.0
2013-05-27,111.0,111.0,110.0,110.0,231.0
2013-05-28,108.5,108.55,108.5,108.5,204.0
2013-05-29,107.0,107.0,107.0,107.0,56.0
2013-05-30,111.0,111.0,111.0,111.0,204.0
2013-05-31,108.5,108.5,108.5,108.5,55.0
2013-06-03,109.05,109.3,109.05,109.3,32.0
2013-06-05,113.0,113.0,108.4,108.4,54.0
2013-06-06,113.35,113.35,113.35,113.35,120.0
2013-06-07,110.0,110.05,108.6,108.6,380.0
2013-06-10,110.0,110.0,110.0,110.0,2117.0
2013-06-13,110.0,110.0,110.0,110.0,3200.0
2013-06-14,110.0,110.0,109.0,109.0,50.0
2013-06-17,109.0,109.0,109.0,109.0,261.0
2013-06-18,109.0,109.0,109.0,109.0,36.0
2013-06-19,109.0,109.0,109.0,109.0,52.0
2013-06-24,108.45,108.45,107.0,107.0,500.0
2013-06-25,110.0,110.0,110.0,110.0,5.0
2013-06-26,106.5,107.0,106.5,107.0,48.0
2013-07-01,110.0,110.0,110.0,110.0,1742.0
2013-07-02,110.0,110.05,110.0,110.05,66.0
2013-07-03,110.0,111.0,110.0,110.0,304.0
2013-07-04,105.9,106.0,96.0,106.0,77.0
2013-07-08,97.029999,97.519997,97.029999,97.519997,155.0
2013-07-09,99.0,99.0,99.0,99.0,9.0
2013-07-10,104.0,104.0,104.0,104.0,300.0
2013-07-11,103.0,103.0,98.0,98.0,66.0
2013-07-12,103.5,103.5,103.5,103.5,14.0
2013-07-16,100.0,100.0,100.0,100.0,16.0
2013-07-17,100.0,100.0,97.599998,97.599998,32.0
2013-07-18,97.5,101.95,97.5,101.95,26.0
2013-07-19,97.519997,98.0,97.519997,98.0,463.0
2013-07-22,97.5,100.0,96.0,100.0,730.0
2013-07-24,95.0,98.0,94.5,98.0,68.0
2013-07-25,92.120003,99.5,92.120003,99.0,163.0
2013-07-29,95.25,99.489998,95.25,95.300003,117.0
2013-07-31,99.0,99.0,94.050003,94.050003,1796.0
2013-08-05,94.0,94.0,90.199997,90.199997,38.0
2013-08-06,90.199997,90.199997,90.199997,90.199997,18.0
2013-08-12,89.0,90.099998,89.0,90.099998,120.0
2013-08-13,92.0,92.0,92.0,92.0,327.0
2013-08-15,91.0,91.0,91.0,91.0,25.0
2013-08-16,90.0,90.0,90.0,90.0,10.0
2013-08-19,91.0,91.0,91.0,91.0,16.0
2013-08-22,90.199997,90.199997,90.199997,90.199997,300.0
2013-08-26,89.599998,89.620003,89.599998,89.620003,364.0
2013-08-27,90.0,90.0,90.0,90.0,16.0
2013-08-28,94.0,94.0,94.0,94.0,55.0
2013-08-29,90.029999,90.029999,90.029999,90.029999,10.0
2013-09-04,94.0,94.0,94.0,94.0,100.0
2013-09-05,92.5,92.5,92.0,92.0,28.0
2013-09-09,92.110001,92.110001,92.110001,92.110001,16.0
2013-09-11,91.0,95.0,91.0,95.0,365.0
2013-09-12,96.5,96.5,96.5,96.5,74.0
2013-09-13,95.0,95.0,95.0,95.0,80.0
2013-09-17,95.0,98.0,95.0,98.0,71.0
2013-09-19,101.75,103.0,101.75,103.0,50.0
2013-09-20,113.3,113.3,113.3,113.3,2013.0
2013-09-23,115.95,116.95,111.0,115.9,400.0
2013-09-24,112.0,112.0,111.0,111.0,48.0
2013-09-25,111.05,113.0,108.0,113.0,922.0
2013-09-27,113.0,113.0,106.25,110.1,161.0
2013-09-30,111.0,113.0,110.0,113.0,4207.0
2013-10-01,114.0,114.0,113.95,113.95,15.0
2013-10-02,113.0,114.0,113.0,114.0,1090.0
2013-10-03,114.0,114.9,114.0,114.9,30.0
2013-10-04,114.9,119.6,114.7,118.25,2265.0
2013-10-07,119.0,124.9,115.3,124.9,431.0
2013-10-08,126.9,130.0,126.0,129.0,8513.0
2013-10-09,129.8,129.8,122.0,127.5,37.0
2013-10-10,122.0,122.0,122.0,122.0,320.0
2013-10-11,122.0,122.0,121.1,121.1,114.0
2013-10-14,118.55,124.0,118.5,124.0,631.0
2013-10-15,125.0,125.0,125.0,125.0,74.0
2013-10-21,120.0,124.0,119.0,124.0,74.0
2013-10-22,119.0,119.0,118.9,118.9,52.0
2013-10-23,124.5,124.5,124.5,124.5,9.0
2013-10-24,125.0,125.0,125.0,125.0,10.0
2013-10-25,124.5,124.5,124.5,124.5,1.0
2013-10-28,123.0,124.5,123.0,124.5,92.0
2013-10-29,124.95,124.95,120.0,120.0,37.0
2013-10-30,124.0,124.0,120.0,120.0,500.0
2013-10-31,121.0,126.65,116.0,126.65,1818.0
2013-11-01,126.0,126.0,126.0,126.0,4.0
2013-11-04,125.0,125.0,125.0,125.0,80.0
2013-11-07,122.05,122.05,120.0,120.0,560.0
2013-11-08,120.1,120.6,120.1,120.25,72.0
2013-11-11,120.45,120.45,120.4,120.4,48.0
2013-11-13,125.0,125.0,125.0,125.0,360.0
2013-11-14,124.0,124.0,124.0,124.0,12.0
2013-11-20,124.9,127.0,124.9,127.0,182.0
2013-11-21,127.0,127.0,125.0,125.0,210.0
2013-11-22,124.1,124.1,124.1,124.1,48.0
2013-11-26,125.0,125.1,125.0,125.0,633.0
2013-11-27,124.2,124.2,124.05,124.05,357.0
2013-12-04,120.05,124.05,120.05,124.05,20.0
2013-12-05,122.0,124.05,122.0,124.05,60.0
2013-12-06,117.05,117.05,117.05,117.05,821.0
2013-12-10,121.0,121.0,121.0,121.0,42.0
2013-12-12,121.05,121.05,121.05,121.05,28.0
2013-12-17,120.1,120.1,120.0,120.0,219.0
2013-12-19,120.5,120.5,120.5,120.5,112.0
2013-12-20,120.5,120.5,120.5,120.5,65.0
2013-12-24,120.55,120.85,120.55,120.8,147.0
2013-12-26,120.6,120.6,120.6,120.6,16.0
2013-12-31,123.0,123.0,123.0,123.0,35.0
2014-01-03,120.1,120.1,120.1,120.1,471.0
2014-01-07,127.0,127.0,127.0,127.0,20.0
2014-01-10,125.0,126.0,120.25,120.25,568.0
2014-01-13,120.5,120.5,120.5,120.5,16.0
2014-01-16,120.5,125.95,120.25,120.25,136.0
2014-01-17,120.5,120.5,120.5,120.5,16.0
2014-01-20,120.65,120.65,120.65,120.65,16.0
2014-01-21,121.1,121.1,121.1,121.1,32.0
2014-01-22,122.1,127.45,122.1,127.45,678.0
2014-01-23,128.39999,132.0,123.8,130.39999,1640.0
2014-01-24,130.0,130.39999,125.3,125.3,41.0
2014-01-27,126.2,130.0,126.2,130.0,109.0
2014-01-28,130.0,130.0,130.0,130.0,18.0
2014-01-29,130.0,137.0,130.0,137.0,1427.0
2014-01-30,139.45,139.95,139.45,139.95,5.0
2014-01-31,133.0,133.0,132.0,132.0,165.0
2014-02-03,132.0,132.0,130.10001,130.10001,72.0
2014-02-04,130.10001,134.39999,126.6,126.6,230.0
2014-02-05,127.0,127.0,125.0,125.05,1080.0
2014-02-06,132.55,132.55,132.55,132.55,2.0
2014-02-07,133.89999,133.89999,133.89999,133.89999,2.0
2014-02-10,134.39999,134.39999,134.39999,134.39999,4.0
2014-02-12,134.35001,134.35001,134.35001,134.35001,1.0
2014-02-14,127.5,137.89999,127.5,137.89999,199.0
2014-02-17,130.0,137.0,129.64999,137.0,19.0
2014-02-18,130.14999,135.0,130.14999,135.0,101.0
2014-02-19,128.0,135.0,128.0,135.0,51.0
2014-02-20,128.0,128.2,128.0,128.2,210.0
2014-02-24,129.0,129.0,129.0,129.0,90.0
2014-02-25,133.0,135.8,133.0,135.8,136.0
2014-02-27,136.39999,141.8,136.39999,141.8,616.0
2014-02-28,141.8,143.85001,140.0,143.85001,187.0
2014-03-03,143.0,144.0,143.0,144.0,89.0
2014-03-04,140.0,143.0,140.0,143.0,102.0
2014-03-05,140.0,143.0,138.0,138.0,65.0
2014-03-06,138.14999,138.14999,137.60001,137.60001,89.0
2014-03-07,138.2,142.85001,138.05,138.14999,179.0
2014-03-10,140.0,148.45,140.0,147.0,1385.0
2014-03-11,148.0,159.95,148.0,159.95,2858.0
2014-03-12,163.0,163.0,151.0,155.0,1842.0
2014-03-13,155.0,155.0,150.0,150.0,1044.0
2014-03-14,146.0,154.95,145.75,154.95,33.0
2014-03-17,154.95,156.8,148.0,148.0,107.0
2014-03-18,150.0,155.0,148.5,155.0,187.0
2014-03-19,148.5,159.25,148.3,159.25,251.0
2014-03-20,157.89999,168.8,151.10001,162.0,8356.0
2014-03-21,158.2,167.0,152.3,153.10001,2973.0
2014-03-24,153.10001,158.0,150.0,158.0,318.0
2014-03-25,151.25,155.95,150.0,155.0,704.0
2014-03-26,150.14999,154.0,150.0,150.14999,281.0
2014-03-28,157.0,157.0,152.0,156.35001,175.0
2014-03-31,158.0,158.5,158.0,158.5,119.0
2014-04-01,152.05,158.0,150.10001,155.0,359.0
2014-04-02,155.0,155.0,155.0,155.0,17.0
2014-04-03,155.0,157.14999,155.0,156.95,45.0
2014-04-04,151.10001,152.0,150.60001,152.0,417.0
2014-04-07,151.10001,157.60001,151.05,157.60001,36.0
2014-04-09,156.60001,164.0,156.60001,164.0,2180.0
2014-04-10,165.0,169.0,165.0,166.0,2071.0
2014-04-11,168.95,168.95,165.95,165.95,107.0
2014-04-15,160.14999,163.95,160.10001,163.95,997.0
2014-04-16,156.5,156.5,156.5,156.5,110.0
2014-04-17,161.5,161.5,161.5,161.5,1.0
2014-04-18,153.0,161.5,153.0,161.5,71.0
2014-04-21,163.0,165.95,159.0,164.75,600.0
2014-04-22,164.85001,164.85001,157.0,157.0,745.0
2014-04-23,157.0,157.0,154.0,155.10001,1065.0
2014-04-24,162.0,162.0,162.0,162.0,1.0
2014-04-25,156.0,156.0,156.0,156.0,128.0
2014-04-28,160.60001,160.60001,160.60001,160.60001,9.0
2014-04-29,160.39999,160.5,156.0,156.0,1516.0
2014-04-30,160.5,160.5,153.5,153.5,17.0
2014-05-06,160.0,160.0,160.0,160.0,2500.0
2014-05-07,154.0,158.5,154.0,158.5,97.0
2014-05-08,156.0,156.0,156.0,156.0,55.0
2014-05-09,155.0,155.0,154.0,154.0,1035.0
2014-05-12,156.0,156.0,156.0,156.0,91.0
2014-05-13,157.0,157.0,157.0,157.0,5.0
2014-05-14,157.0,157.0,154.0,154.0,147.0
2014-05-16,154.0,154.05,149.3,149.3,1288.0
2014-05-19,150.0,155.89999,150.0,155.89999,410.0
2014-05-20,149.0,155.75,148.2,155.75,620.0
2014-05-21,147.39999,155.60001,147.39999,155.60001,17.0
2014-05-26,149.05,149.05,149.05,149.05,16.0
2014-05-27,154.0,154.0,148.35001,148.35001,506.0
2014-05-28,149.0,149.0,149.0,149.0,68.0
2014-05-29,148.3,153.89999,148.25,148.25,1074.0
2014-05-30,152.89999,152.89999,152.89999,152.89999,10.0
2014-06-02,148.35001,153.85001,147.0,147.0,320.0
2014-06-03,153.64999,153.64999,153.64999,153.64999,10.0
2014-06-04,147.05,152.75,147.0,147.0,100.0
2014-06-05,150.0,150.0,148.0,148.0,200.0
2014-06-06,152.14999,152.14999,147.0,147.0,56.0
2014-06-11,151.7,151.7,151.7,151.7,30.0
2014-06-12,152.0,152.5,150.0,150.0,128.0
2014-06-18,151.5,151.5,148.0,148.0,181.0
2014-06-19,150.0,150.0,150.0,150.0,39.0
2014-06-26,150.0,150.0,150.0,150.0,16.0
2014-06-27,150.0,150.0,150.0,150.0,31.0
2014-07-02,148.0,148.0,148.0,148.0,46.0
2014-07-03,148.0,148.0,148.0,148.0,36.0
2014-07-07,148.0,148.0,148.0,148.0,100.0
2014-07-11,147.60001,147.60001,147.5,147.5,300.0
2014-07-15,143.39999,149.0,143.05,149.0,65.0
2014-07-16,134.10001,140.0,134.10001,140.0,16.0
2014-07-17,143.0,148.39999,143.0,148.39999,49.0
2014-07-18,144.95,144.95,144.95,144.95,5.0
2014-07-21,139.0,139.0,139.0,139.0,16.0
2014-07-22,139.0,146.0,139.0,146.0,52.0
2014-07-23,144.89999,146.0,144.89999,146.0,135.0
2014-07-25,137.45,139.0,137.45,139.0,600.0
2014-07-31,144.55,144.55,144.55,144.55,24.0
2014-08-01,137.7,137.7,137.7,137.7,36.0
2014-08-04,144.25,144.25,137.2,137.2,515.0
2014-08-05,138.0,138.2,138.0,138.2,523.0
2014-08-06,141.45,145.95,141.45,145.95,254.0
2014-08-08,140.05,140.05,140.05,140.05,30.0
2014-08-11,140.0,140.0,140.0,140.0,78.0
2014-08-12,139.2,139.2,137.5,137.5,361.0
2014-08-13,143.89999,143.89999,138.5,138.5,310.0
2014-08-18,138.5,138.64999,138.5,138.60001,116.0
2014-08-22,139.5,139.5,138.5,139.0,98.0
2014-08-25,137.0,139.0,133.0,134.2,76.0
2014-08-26,139.0,139.0,139.0,139.0,97.0
2014-08-27,139.0,139.0,139.0,139.0,326.0
2014-08-29,143.0,143.0,143.0,143.0,12.0
2014-09-01,136.60001,145.0,136.60001,145.0,78.0
2014-09-02,138.0,138.0,138.0,138.0,1.0
2014-09-03,139.0,139.14999,139.0,139.14999,86.0
2014-09-04,139.10001,144.89999,137.5,144.89999,2088.0
2014-09-05,138.14999,138.14999,138.14999,138.14999,16.0
2014-09-08,139.0,139.0,138.14999,138.14999,56.0
2014-09-09,139.0,144.0,139.0,144.0,70.0
2014-09-10,139.0,146.0,139.0,146.0,1033.0
2014-09-11,140.35001,147.0,140.35001,147.0,24.0
2014-09-15,142.2,147.0,142.2,147.0,40.0
2014-09-16,142.25,150.0,142.25,150.0,81.0
2014-09-17,149.0,149.0,147.0,147.0,55.0
2014-09-18,149.5,149.5,149.5,149.5,1.0
2014-09-19,148.89999,149.5,148.89999,149.5,186.0
2014-09-25,144.0,144.0,140.55,141.0,1093.0
2014-09-26,141.10001,147.7,141.10001,147.7,149.0
2014-09-29,141.3,141.3,141.0,141.0,16.0
2014-09-30,143.0,147.89999,141.0,147.89999,73.0
2014-10-01,141.14999,141.14999,141.0,141.0,189.0
2014-10-02,141.10001,141.10001,141.0,141.0,30.0
2014-10-03,141.10001,141.10001,141.0,141.0,108.0
2014-10-07,142.0,145.0,142.0,145.0,151.0
2014-10-09,145.0,145.0,145.0,145.0,100.0
2014-10-10,146.5,146.95,146.5,146.95,40.0
2014-10-14,144.0,144.0,144.0,144.0,50.0
2014-10-15,144.0,144.0,141.10001,141.10001,115.0
2014-10-16,141.10001,141.10001,141.10001,141.10001,58.0
2014-10-17,146.39999,146.39999,146.39999,146.39999,199.0
2014-10-20,141.25,141.25,141.25,141.25,100.0
2014-10-21,141.3,141.3,141.0,141.0,196.0
2014-10-22,140.25,144.39999,140.25,144.39999,91.0
2014-10-23,140.55,140.55,140.55,140.55,1.0
2014-10-24,140.55,140.55,139.0,139.14999,1055.0
2014-10-27,144.0,144.0,144.0,144.0,10.0
2014-10-30,139.60001,143.7,139.60001,143.7,22.0
2014-10-31,140.0,143.5,139.8,143.5,131.0
2014-11-04,142.0,142.0,141.0,141.0,60.0
2014-11-07,143.0,143.0,140.0,140.0,37.0
2014-11-10,143.0,143.0,143.0,143.0,14.0
2014-11-11,139.8,140.0,139.8,140.0,1041.0
2014-11-12,143.0,143.0,143.0,143.0,10.0
2014-11-19,140.10001,140.10001,139.10001,139.10001,244.0
2014-11-20,139.0,139.0,139.0,139.0,31.0
2014-11-21,143.0,143.0,132.0,143.0,114.0
2014-11-26,140.0,140.0,140.0,140.0,160.0
2014-11-28,135.2,135.2,135.2,135.2,20.0
2014-12-01,135.3,135.3,135.2,135.2,35.0
2014-12-03,135.0,141.85001,132.0,141.85001,820.0
2014-12-04,134.0,134.0,134.0,134.0,18.0
2014-12-08,141.0,141.35001,141.0,141.35001,110.0
2014-12-09,134.0,134.0,134.0,134.0,36.0
2014-12-10,133.2,133.2,133.2,133.2,12.0
2014-12-11,133.2,135.0,133.2,135.0,32.0
2014-12-12,133.2,134.0,133.2,134.0,1002.0
2014-12-15,134.0,134.0,133.10001,133.10001,60.0
2014-12-17,139.85001,139.85001,139.85001,139.85001,2.0
2014-12-18,133.2,139.0,133.2,139.0,15.0
2014-12-19,132.0,132.0,132.0,132.0,396.0
2014-12-22,138.89999,138.89999,138.89999,138.89999,200.0
2014-12-23,130.60001,138.0,130.60001,138.0,14.0
2014-12-26,135.0,137.5,135.0,137.5,228.0
2014-12-30,132.2,136.95,132.2,136.95,40014.0
2014-12-31,136.95,136.95,136.95,136.95,10.0
2015-01-06,133.25,138.0,133.25,133.3,107.0
2015-01-07,133.0,136.0,133.0,136.0,99.0
2015-01-08,134.0,134.0,133.0,133.10001,25.0
2015-01-09,138.0,141.05,138.0,141.05,15832.0
2015-01-13,140.0,144.0,140.0,144.0,58.0
2015-01-16,137.5,143.0,135.39999,143.0,269.0
2015-01-20,138.0,138.0,138.0,138.0,31.0
2015-01-21,142.95,142.95,142.5,142.5,5005.0
2015-01-22,138.0,138.0,138.0,138.0,320.0
2015-01-23,134.05,134.05,134.05,134.05,152.0
2015-01-26,142.0,142.0,142.0,142.0,5.0
2015-01-27,136.0,138.0,136.0,138.0,74.0
2015-01-28,137.05,137.14999,137.05,137.14999,88.0
2015-01-30,138.0,138.0,138.0,138.0,32.0
2015-02-02,140.0,140.0,140.0,140.0,10.0
2015-02-03,143.0,143.0,143.0,143.0,100.0
2015-02-04,138.2,142.0,138.2,142.0,1005.0
2015-02-06,142.5,142.5,142.5,142.5,57.0
2015-02-09,140.0,140.0,138.5,138.5,75.0
2015-02-10,138.5,140.0,138.5,140.0,91.0
2015-02-11,142.0,142.5,140.0,140.0,7044.0
2015-02-12,141.0,141.0,141.0,141.0,34.0
2015-02-13,134.0,134.0,134.0,134.0,630.0
2015-02-16,134.0,139.0,134.0,139.0,403.0
2015-02-17,138.75,139.10001,138.75,139.0,50.0
2015-02-19,134.2,140.0,134.2,139.85001,40.0
2015-02-20,134.55,140.0,134.5,140.0,73.0
2015-02-24,139.0,139.05,139.0,139.0,438.0
2015-02-26,139.75,140.0,139.75,140.0,531.0
2015-02-27,140.0,142.0,139.0,142.0,278.0
2015-03-02,142.0,142.7,140.0,142.7,135.0
2015-03-03,139.0,142.7,139.0,142.7,1076.0
2015-03-04,140.0,143.0,140.0,143.0,125.0
2015-03-05,139.05,148.0,139.05,148.0,1024.0
2015-03-06,147.75,147.75,147.75,147.75,11.0
2015-03-11,143.10001,143.10001,143.0,143.0,41.0
2015-03-12,139.0,147.0,134.45,143.05,11002.0
2015-03-13,145.0,147.39999,144.0,144.0,524.0
2015-03-16,149.89999,149.89999,149.8,149.8,54.0
2015-03-19,144.0,148.5,143.2,143.2,16.0
2015-03-20,148.0,148.0,148.0,148.0,13.0
2015-03-23,148.5,149.0,148.2,148.2,176.0
2015-03-24,148.0,148.0,148.0,148.0,6.0
2015-03-25,148.5,149.89999,148.5,149.89999,171.0
2015-03-26,145.0,152.8,145.0,152.8,932.0
2015-03-27,146.0,146.0,145.3,145.3,16.0
2015-03-30,152.8,152.8,146.0,146.0,51.0
2015-03-31,146.0,152.75,146.0,152.75,150.0
2015-04-01,146.14999,146.14999,146.0,146.0,94.0
2015-04-02,146.5,146.5,145.5,145.5,100.0
2015-04-03,142.0,143.0,142.0,143.0,30.0
2015-04-09,146.5,146.5,146.5,146.5,2.0
2015-04-10,142.05,142.05,142.05,142.05,75.0
2015-04-13,143.0,143.0,143.0,143.0,70.0
2015-04-14,143.0,146.0,138.3,138.3,96.0
2015-04-15,142.10001,143.10001,142.10001,143.0,34.0
2015-04-16,146.39999,146.39999,142.0,142.0,42.0
2015-04-17,146.0,146.0,146.0,146.0,534.0
2015-04-20,140.0,142.0,138.8,142.0,182.0
2015-04-22,142.0,142.0,142.0,142.0,64.0
2015-04-23,140.0,146.5,140.0,146.5,44.0
2015-04-24,142.45,142.45,142.10001,142.10001,27.0
2015-04-28,140.2,140.2,140.2,140.2,176.0
2015-04-29,145.0,145.0,145.0,145.0,128.0
2015-05-05,146.0,146.0,146.0,146.0,9.0
2015-05-06,143.0,143.0,143.0,143.0,47.0
2015-05-08,143.0,143.0,143.0,143.0,20.0
2015-05-15,150.0,150.0,150.0,150.0,3.0
2015-05-18,144.05,144.05,144.05,144.05,8.0
2015-05-19,145.0,150.0,145.0,150.0,121.0
2015-05-22,141.5,145.0,141.05,145.0,450.0
2015-05-25,141.5,141.64999,141.10001,141.10001,164.0
2015-05-26,149.0,149.0,149.0,149.0,2.0
2015-06-02,144.0,148.45,144.0,144.0,38.0
2015-06-03,148.0,148.0,148.0,148.0,25.0
2015-06-10,145.0,145.0,144.0,144.0,75.0
2015-06-11,147.89999,147.89999,147.89999,147.89999,5.0
2015-06-12,142.60001,147.0,142.60001,142.60001,702.0
2015-06-15,142.0,145.0,142.0,142.60001,441.0
2015-06-16,144.5,144.5,144.5,144.5,50.0
2015-06-17,143.0,144.0,143.0,143.0,86.0
2015-06-18,146.0,150.0,146.0,150.0,4214.0
2015-06-19,150.0,150.0,150.0,150.0,2520.0
2015-06-22,143.2,150.0,143.2,150.0,65.0
2015-06-26,143.0,149.8,143.0,149.8,29.0
2015-06-29,143.10001,149.8,143.10001,149.8,32.0
2015-06-30,143.14999,149.8,143.14999,149.8,22.0
2015-07-01,143.25,149.5,143.2,149.5,256.0
2015-07-06,143.60001,143.60001,143.5,143.55,26.0
2015-07-07,143.5,146.39999,143.5,146.39999,383.0
2015-07-08,143.5,143.60001,143.5,143.60001,54.0
2015-07-09,143.60001,143.60001,143.60001,143.60001,42.0
2015-07-10,143.60001,144.05,143.60001,144.05,41.0
2015-07-13,148.8,148.8,148.8,148.8,19.0
2015-07-15,148.39999,148.39999,148.3,148.3,16.0
2015-07-16,144.05,144.05,144.05,144.05,15.0
2015-07-20,138.89999,139.39999,138.89999,139.39999,77.0
2015-07-21,140.0,140.0,140.0,140.0,50.0
2015-07-22,132.0,140.0,132.0,140.0,32.0
2015-07-23,132.3,132.3,131.60001,131.60001,48.0
2015-07-27,139.0,139.0,139.0,139.0,10.0
2015-07-28,135.0,138.0,135.0,138.0,3.0
2015-07-29,138.0,138.0,137.89999,138.0,71.0
2015-07-31,138.0,138.0,134.0,134.0,43.0
2015-08-03,134.10001,134.10001,134.0,134.0,32.0
2015-08-04,134.0,134.0,134.0,134.0,48.0
2015-08-05,126.05,126.1,126.0,126.0,1765.0
2015-08-06,125.9,125.9,113.4,125.9,5357.0
2015-08-07,124.9,124.9,124.75,124.75,140.0
2015-08-10,125.0,125.0,125.0,125.0,5.0
2015-08-11,118.0,125.0,118.0,125.0,35.0
2015-08-12,125.0,125.0,125.0,125.0,7.0
2015-08-13,124.0,125.0,124.0,125.0,28.0
2015-08-17,125.0,125.0,125.0,125.0,40.0
2015-08-19,118.0,125.0,118.0,118.1,52.0
2015-08-24,119.0,119.0,117.5,117.5,96.0
2015-08-25,118.1,118.1,111.0,111.0,425.0
2015-08-26,111.0,117.0,111.0,117.0,196.0
2015-08-31,117.0,117.0,117.0,117.0,19.0
2015-09-01,110.0,110.0,110.0,110.0,80.0
2015-09-02,110.0,110.0,110.0,110.0,42.0
2015-09-07,116.0,116.0,116.0,116.0,2.0
2015-09-09,116.0,120.0,110.0,110.0,107.0
2015-09-11,110.15,110.15,110.15,110.15,10.0
2015-09-16,116.0,116.0,116.0,116.0,60.0
2015-09-18,116.0,116.0,116.0,116.0,8.0
2015-10-06,120.0,120.0,120.0,120.0,5.0
2015-10-09,122.5,122.5,122.5,122.5,5.0
2015-10-13,120.0,120.0,120.0,120.0,10.0
2015-10-14,119.5,120.0,119.5,120.0,50.0
2015-10-19,112.8,112.8,112.8,112.8,37.0
2015-10-20,105.0,105.0,105.0,105.0,84.0
2015-10-21,109.95,109.95,109.95,109.95,18.0
2015-10-22,105.0,105.0,105.0,105.0,384.0
2015-10-26,109.95,109.95,109.95,109.95,7.0
2015-10-27,109.95,109.95,106.0,106.0,47.0
2015-10-28,106.0,106.0,106.0,106.0,5.0
2015-10-29,112.35,112.35,112.35,112.35,5.0
2015-10-30,106.6,115.0,106.0,115.0,21.0
2015-11-02,117.0,120.0,117.0,120.0,60.0
2015-11-04,112.8,120.0,112.8,119.95,3169.0
2015-11-05,112.8,119.95,112.8,116.0,21.0
2015-11-09,122.0,122.0,122.0,122.0,6.0
2015-11-10,114.0,123.45,114.0,123.45,110.0
2015-11-13,114.1,121.9,114.1,121.9,45.0
2015-11-17,120.95,120.95,120.95,120.95,26.0
2015-11-19,118.0,118.0,115.0,115.0,24.0
2015-11-20,113.7,120.0,113.1,119.95,76.0
2015-11-25,113.25,113.25,113.0,113.0,920.0
2015-11-26,113.5,115.9,106.25,115.85,923.0
2015-11-27,109.6,118.4,109.6,118.35,136.0
2015-12-08,115.0,116.0,112.0,112.0,64.0
2015-12-09,116.0,116.0,105.3,105.3,75.0
2015-12-10,105.3,105.3,105.3,105.3,10840.0
2015-12-11,106.1,106.1,106.1,106.1,48.0
2015-12-16,107.1,107.1,107.1,107.1,7092.0
2015-12-17,110.0,110.0,110.0,110.0,5.0
2015-12-18,111.0,111.1,111.0,111.0,20.0
2015-12-21,111.0,115.0,111.0,115.0,28.0
2015-12-23,111.0,111.0,111.0,111.0,2.0
2015-12-28,115.95,115.95,115.95,115.95,4.0
2016-01-05,109.0,115.5,109.0,115.5,16.0
2016-01-06,115.0,118.5,115.0,118.5,200.0
2016-01-08,118.5,118.5,118.5,118.5,7.0
2016-01-18,116.0,116.0,111.4,111.4,578.0
2016-01-19,112.0,112.0,112.0,112.0,15.0
2016-01-20,110.0,110.0,106.0,107.05,73.0
2016-01-21,108.0,108.0,107.1,107.1,23.0
2016-01-27,108.5,108.5,108.05,108.05,25.0
2016-01-29,113.0,113.5,108.65,113.5,203.0
2016-02-01,113.5,113.5,113.5,113.5,100.0
2016-02-04,110.75,110.75,108.7,108.7,85.0
2016-02-05,114.0,115.0,103.05,103.05,770.0
2016-02-08,109.0,109.0,109.0,109.0,30.0
2016-02-09,108.0,108.0,108.0,108.0,2.0
2016-02-11,108.0,108.0,103.05,103.05,64.0
2016-02-12,109.0,109.0,107.0,107.0,368.0
2016-02-15,113.0,113.0,113.0,113.0,2.0
2016-02-16,118.0,118.0,118.0,118.0,5.0
2016-02-17,118.5,122.0,118.5,120.0,165.0
2016-02-18,123.0,123.0,123.0,123.0,240.0
2016-02-19,122.0,122.0,122.0,122.0,170.0
2016-02-22,122.0,122.0,120.0,120.0,23.0
2016-02-23,120.0,120.0,120.0,120.0,1.0
2016-02-24,121.0,122.0,121.0,122.0,285.0
2016-02-25,124.0,129.3,124.0,129.3,404.0
2016-02-26,131.3,137.05,131.10001,132.55,920.0
2016-02-29,139.0,140.5,139.0,139.05,231.0
2016-03-01,137.0,147.3,137.0,147.3,128.0
2016-03-02,139.0,140.0,139.0,140.0,68.0
2016-03-03,139.0,146.75,135.0,146.75,3061.0
2016-03-04,138.5,140.0,138.0,140.0,549.0
2016-03-07,135.60001,145.0,135.60001,145.0,19.0
2016-03-09,138.0,140.0,138.0,140.0,11.0
2016-03-10,137.0,140.0,137.0,140.0,144.0
2016-03-11,143.0,143.0,143.0,143.0,7.0
2016-03-14,144.45,144.45,144.45,144.45,5.0
2016-03-15,137.05,138.0,137.05,138.0,393.0
2016-03-16,140.0,140.0,138.0,138.0,15256.0
2016-03-17,138.10001,141.89999,135.0,141.89999,1316.0
2016-03-22,138.0,138.0,135.0,135.0,250.0
2016-03-23,141.0,141.0,141.0,141.0,1.0
2016-03-24,136.10001,136.10001,136.10001,136.10001,62.0
2016-03-25,136.3,140.95,136.3,140.0,135.0
2016-03-29,135.10001,140.0,133.0,140.0,895.0
2016-03-30,139.5,140.0,133.60001,133.60001,212.0
2016-03-31,137.0,137.0,137.0,137.0,7079.0
2016-04-04,138.5,138.5,138.5,138.5,2.0
2016-04-06,139.95,139.95,139.85001,139.85001,17.0
2016-04-07,139.89999,139.89999,139.89999,139.89999,7.0
2016-04-08,139.8,139.89999,134.05,134.05,43.0
2016-04-11,137.0,139.5,134.5,139.5,511.0
2016-04-12,139.5,139.5,137.0,137.0,60.0
2016-04-13,138.0,138.0,137.95,137.95,6030.0
2016-04-14,135.0,139.85001,135.0,139.8,87.0
2016-04-15,139.89999,139.89999,139.89999,139.89999,36.0
2016-04-18,140.0,140.0,140.0,140.0,468.0
2016-04-20,135.0,135.0,135.0,135.0,5.0
2016-04-21,135.0,135.0,133.10001,135.0,2010.0
2016-04-22,133.0,133.0,133.0,133.0,101.0
2016-04-25,133.55,139.5,133.5,139.5,40.0
2016-04-26,139.85001,139.85001,133.5,133.5,17.0
2016-04-28,134.0,134.0,134.0,134.0,500.0
2016-05-02,134.0,134.0,134.0,134.0,10.0
2016-05-03,134.5,134.5,134.5,134.5,15.0
2016-05-05,140.0,140.0,140.0,140.0,1.0
2016-05-06,139.85001,139.85001,139.85001,139.85001,2.0
2016-05-09,139.0,139.0,135.0,135.0,20.0
2016-05-10,135.0,135.0,135.0,135.0,18.0
2016-05-12,134.0,134.0,134.0,134.0,12.0
2016-05-13,133.10001,133.10001,133.10001,133.10001,110.0
2016-05-16,139.0,139.0,139.0,139.0,10.0
2016-05-17,134.0,134.0,133.39999,133.39999,40.0
2016-05-20,138.85001,138.85001,134.0,134.0,49.0
2016-05-23,134.10001,134.10001,134.10001,134.10001,8.0
2016-05-24,134.05,134.05,134.05,134.05,20.0
2016-05-27,134.10001,135.0,134.10001,134.10001,106.0
2016-05-30,138.5,138.5,138.5,138.5,2.0
2016-06-02,132.0,132.0,132.0,132.0,29.0
2016-06-03,138.0,138.89999,138.0,138.89999,92.0
2016-06-06,137.0,137.0,137.0,137.0,250.0
2016-06-07,138.89999,138.89999,138.89999,138.89999,2.0
2016-06-08,133.0,138.8,133.0,138.8,18.0
2016-06-09,138.8,138.8,138.8,138.8,3.0
2016-06-13,138.0,138.8,138.0,138.8,25.0
2016-06-16,137.8,137.8,137.8,137.8,1.0
2016-06-20,135.0,135.0,135.0,135.0,138.0
2016-06-22,132.39999,132.39999,132.39999,132.39999,16.0
2016-06-24,132.45,132.45,132.45,132.45,1.0
2016-06-27,130.05,130.05,130.05,130.05,80.0
2016-06-28,130.05,136.0,130.05,136.0,26.0
2016-06-29,130.25,130.25,130.0,130.0,180.0
2016-06-30,134.5,135.0,134.5,135.0,23.0
2016-07-01,131.0,131.0,131.0,131.0,43.0
2016-07-04,135.0,135.0,134.0,134.0,151.0
2016-07-11,131.5,135.0,131.5,132.0,30.0
2016-07-12,135.0,135.0,133.0,133.0,116.0
2016-07-13,135.0,135.0,135.0,135.0,10.0
2016-07-14,137.2,137.2,137.2,137.2,5.0
2016-07-15,133.05,136.5,133.05,136.5,7.0
2016-07-19,135.0,137.0,135.0,137.0,21.0
2016-07-20,135.0,135.0,135.0,135.0,25.0
2016-07-21,135.0,135.0,135.0,135.0,42.0
2016-07-22,133.10001,133.10001,133.10001,133.10001,32.0
2016-07-26,137.0,137.0,137.0,137.0,10.0
2016-07-27,132.14999,136.89999,132.14999,136.89999,320.0
2016-07-28,136.89999,136.89999,136.89999,136.89999,73.0
2016-07-29,132.10001,132.25,132.0,132.25,95.0
2016-08-01,135.0,136.45,135.0,135.0,405.0
2016-08-02,135.0,136.0,131.0,131.0,446.0
2016-08-03,128.0,128.0,127.0,127.0,518.0
2016-08-04,126.5,126.7,126.5,126.7,150.0
2016-08-05,114.5,114.5,114.5,114.5,1.0
2016-08-08,125.7,125.7,125.7,125.7,5.0
2016-08-09,125.0,125.8,125.0,125.8,100.0
2016-08-10,115.0,115.0,115.0,115.0,48.0
2016-08-11,117.15,117.2,117.15,117.2,88.0
2016-08-12,117.0,117.1,117.0,117.0,14.0
2016-08-15,122.0,122.0,122.0,122.0,40.0
2016-08-16,121.0,121.0,117.5,117.5,52.0
2016-08-17,117.65,117.65,117.1,117.2,52.0
2016-08-18,118.0,120.0,118.0,120.0,21.0
2016-08-19,120.0,120.0,120.0,120.0,7.0
2016-08-22,117.5,117.5,117.2,117.2,16.0
2016-08-23,121.0,124.0,121.0,124.0,33.0
2016-08-24,123.0,123.0,123.0,123.0,320.0
2016-08-25,123.9,123.9,123.9,123.9,21.0
2016-08-26,123.9,123.9,123.9,123.9,60.0
2016-08-30,123.9,123.9,123.9,123.9,91.0
2016-09-02,123.9,123.95,121.15,123.95,205.0
2016-09-06,122.0,124.5,121.65,124.5,62.0
2016-09-08,125.0,133.0,125.0,133.0,179.0
2016-09-16,129.05,129.05,129.05,129.05,176.0
2016-09-19,132.0,132.0,132.0,132.0,2.0
2016-09-22,136.25,140.0,136.25,136.3,879.0
2016-09-23,133.5,139.45,133.5,137.0,251.0
2016-09-27,135.35001,135.35001,133.60001,133.60001,16.0
2016-09-28,137.0,137.0,133.75,135.0,87.0
2016-09-29,137.0,137.0,137.0,137.0,1.0
2016-09-30,134.05,135.10001,134.05,135.10001,52.0
2016-10-04,135.2,135.2,135.2,135.2,12.0
2016-10-05,135.39999,136.95,135.39999,136.95,169.0
2016-10-07,137.0,137.0,135.0,135.0,514.0
2016-10-11,134.05,134.10001,134.0,134.0,245.0
2016-10-12,131.60001,131.60001,130.0,130.0,495.0
2016-10-17,130.0,130.10001,130.0,130.0,6916.0
2016-10-18,130.60001,133.0,130.60001,133.0,17.0
2016-10-20,133.0,133.0,131.0,131.0,94.0
2016-10-21,131.0,131.0,131.0,131.0,30.0
2016-10-24,131.0,131.0,131.0,131.0,473.0
2016-10-25,132.0,132.0,131.0,131.0,1737.0
2016-10-31,131.5,133.0,131.10001,133.0,1544.0
2016-11-01,134.89999,134.89999,133.0,134.89999,62.0
2016-11-03,133.05,133.05,133.0,133.0,100.0
2016-11-04,134.89999,134.89999,134.89999,134.89999,12.0
2016-11-08,132.5,132.5,132.0,132.0,48.0
2016-11-09,135.0,135.0,135.0,135.0,268.0
2016-11-10,133.5,136.0,133.14999,136.0,4162.0
2016-11-14,136.0,140.0,136.0,140.0,2426.0
2016-11-15,134.05,139.75,134.05,139.75,26.0
2016-11-17,139.75,140.0,139.75,140.0,3207.0
2016-11-21,137.35001,140.0,137.35001,140.0,766.0
2016-11-22,136.0,139.0,131.60001,133.60001,3058.0
2016-11-23,133.5,138.5,133.0,138.5,944.0
2016-11-24,134.0,138.0,134.0,138.0,792.0
2016-11-28,135.0,135.0,135.0,135.0,20.0
2016-11-29,135.0,138.0,134.0,138.0,370.0
2016-11-30,138.0,140.0,138.0,140.0,200.0
2016-12-01,139.8,140.0,135.10001,140.0,782.0
2016-12-02,136.0,138.89999,135.3,138.89999,256.0
2016-12-05,136.0,139.75,135.3,139.75,420.0
2016-12-06,135.25,140.0,135.25,140.0,436.0
2016-12-07,140.0,140.0,139.89999,140.0,450.0
2016-12-08,137.0,137.0,136.05,136.05,170.0
2016-12-09,139.75,139.75,139.75,139.75,25.0
2016-12-14,136.3,136.3,136.3,136.3,20.0
2016-12-15,136.2,136.55,135.2,136.3,7618.0
2016-12-16,139.89999,141.5,139.89999,141.45,343.0
2016-12-19,138.0,140.0,137.2,140.0,991.0
2016-12-21,139.95,140.0,137.3,140.0,2469.0
2016-12-22,140.0,141.89999,137.0,141.89999,367.0
2016-12-23,140.0,144.0,138.10001,144.0,1354.0
2016-12-27,145.89999,145.89999,145.89999,145.89999,2.0
2016-12-30,144.0,149.8,143.0,149.8,10225.0
2017-01-02,149.5,149.5,149.5,149.5,10.0
2017-01-03,149.75,152.5,149.75,152.5,1075.0
2017-01-04,153.89999,156.0,148.0,148.0,510.0
2017-01-05,155.95,155.95,155.95,155.95,94.0
2017-01-06,154.0,159.39999,151.0,159.39999,1357.0
2017-01-09,154.0,155.0,154.0,155.0,417.0
2017-01-10,154.0,159.45,154.0,154.3,236.0
2017-01-12,155.0,155.0,154.5,154.5,398.0
2017-01-13,154.0,158.0,154.0,158.0,194.0
2017-01-16,155.0,158.0,155.0,158.0,25.0
2017-01-17,155.0,158.0,151.05,151.05,1255.0
2017-01-18,158.0,158.75,152.0,158.75,1521.0
2017-01-19,153.0,153.0,153.0,153.0,15.0
2017-01-20,156.95,156.95,156.95,156.95,2.0
2017-01-23,156.95,156.95,156.95,156.95,200.0
2017-01-25,155.0,155.0,155.0,155.0,1010.0
2017-01-26,157.0,158.5,157.0,158.5,22.0
2017-01-30,151.05,151.05,151.05,151.05,151.0
2017-01-31,157.0,157.0,151.0,151.0,1097.0
2017-02-01,147.05,151.0,147.0,151.0,136.0
2017-02-02,150.0,151.0,147.05,150.0,8751.0
2017-02-03,150.0,150.0,150.0,150.0,3200.0
2017-02-06,151.0,151.0,151.0,151.0,95.0
2017-02-07,152.0,153.95,152.0,153.95,439.0
2017-02-08,151.0,151.0,150.0,150.5,80.0
2017-02-09,150.35001,153.85001,150.35001,153.85001,11.0
2017-02-10,153.85001,153.89999,153.85001,153.89999,45.0
2017-02-13,150.35001,150.35001,150.35001,150.35001,30.0
2017-02-14,150.45,153.5,150.39999,153.5,13.0
2017-02-15,153.0,153.0,152.0,152.5,591.0
2017-02-16,153.0,153.0,153.0,153.0,50.0
2017-02-17,152.5,156.0,152.5,155.0,1026.0
2017-02-20,156.95,157.0,156.95,156.95,162.0
2017-02-21,157.0,162.0,157.0,162.0,585.0
2017-02-22,161.85001,166.0,160.0,165.0,6265.0
2017-02-23,165.0,166.8,165.0,165.0,2472.0
2017-02-24,165.0,165.0,164.89999,165.0,1887.0
2017-02-27,165.0,165.0,165.0,165.0,250.0
2017-02-28,166.0,166.8,165.0,166.5,602.0
2017-03-01,166.8,167.95,166.8,167.95,61.0
2017-03-03,165.89999,165.89999,165.89999,165.89999,19.0
2017-03-08,153.25,165.0,153.25,165.0,79.0
2017-03-09,170.0,181.45,170.0,181.45,3182.0
2017-03-10,199.55,199.55,199.55,199.55,40.0
2017-03-13,219.5,219.5,210.0,218.8,4744.0
2017-03-14,219.45,219.45,211.0,211.0,1769.0
2017-03-15,210.0,210.0,202.0,202.0,615.0
2017-03-16,201.5,201.5,199.89999,199.95,193.0
2017-03-17,196.10001,209.5,192.0,206.89999,882.0
2017-03-21,196.0,198.0,196.0,198.0,183.0
2017-03-22,199.0,204.0,199.0,200.0,56.0
2017-03-23,200.0,203.95,197.0,200.0,253.0
2017-03-24,204.5,204.5,204.5,204.5,3.0
2017-03-28,195.3,204.89999,195.3,204.89999,10.0
2017-03-29,195.3,195.60001,195.25,195.60001,122.0
2017-03-30,197.0,197.0,195.2,195.2,824.0
2017-04-04,195.10001,195.10001,191.55,191.55,96.0
2017-04-05,192.0,193.0,192.0,193.0,105.0
2017-04-06,193.5,193.5,193.0,193.0,40.0
2017-04-07,193.0,193.0,193.0,193.0,5.0
2017-04-10,194.14999,198.7,194.14999,198.7,193.0
2017-04-11,193.0,198.5,190.0,195.0,1524.0
2017-04-12,191.0,191.0,190.5,190.5,98.0
2017-04-13,190.5,194.8,190.10001,194.8,228.0
2017-04-14,194.8,194.8,194.8,194.8,40.0
2017-04-18,190.0,190.5,190.0,190.0,56.0
2017-04-19,195.25,196.0,195.0,195.5,250.0
2017-04-20,196.0,196.0,194.0,194.0,176.0
2017-04-21,199.0,199.0,195.0,195.0,4.0
2017-04-24,198.0,198.0,198.0,198.0,146.0
2017-04-25,198.0,198.0,196.0,196.10001,180.0
2017-04-26,197.0,197.0,197.0,197.0,12.0
2017-04-27,197.0,197.0,195.05,197.0,172.0
2017-04-28,199.89999,199.95,199.89999,199.95,6.0
2017-05-02,199.95,204.5,199.95,204.5,1373.0
2017-05-03,200.0,201.05,198.10001,198.10001,696.0
2017-05-04,205.0,207.0,200.0,207.0,955.0
2017-05-05,208.0,208.0,205.0,208.0,139.0
2017-05-09,202.0,208.0,202.0,208.0,93.0
2017-05-10,202.0,210.0,201.8,204.0,264.0
2017-05-12,204.2,205.2,200.0,200.0,1459.0
2017-05-15,200.0,200.2,200.0,200.14999,190.0
2017-05-16,200.25,200.5,200.25,200.5,85.0
2017-05-17,200.45,200.45,200.39999,200.39999,16.0
2017-05-18,200.10001,200.10001,200.10001,200.10001,5.0
2017-05-19,201.39999,201.39999,200.2,200.2,254.0
2017-05-22,201.0,201.0,201.0,201.0,32.0
2017-05-23,202.0,202.0,202.0,202.0,4.0
2017-05-24,202.5,210.0,202.5,210.0,626.0
2017-05-25,210.0,214.0,209.95,213.5,1745.0
2017-05-30,202.39999,205.0,202.39999,205.0,87.0
2017-06-01,205.0,205.5,204.0,205.5,1163.0
2017-06-02,205.60001,212.0,205.60001,212.0,37.0
2017-06-05,212.5,212.5,212.0,212.0,65.0
2017-06-06,211.89999,211.89999,211.89999,211.89999,200.0
2017-06-07,211.0,212.0,211.0,212.0,128.0
2017-06-08,211.89999,211.89999,210.0,211.89999,310.0
2017-06-09,210.0,212.0,210.0,212.0,400.0
2017-06-12,212.0,212.0,212.0,212.0,20.0
2017-06-13,212.2,212.2,212.2,212.2,240.0
2017-06-14,212.0,212.3,208.05,212.3,603.0
2017-06-15,212.0,212.0,212.0,212.0,304.0
2017-06-16,211.0,211.0,211.0,211.0,104.0
2017-06-19,212.0,212.0,212.0,212.0,190.0
2017-06-20,211.05,214.5,211.05,212.55,695.0
2017-06-21,214.5,214.5,213.0,214.5,225.0
2017-06-22,216.14999,216.14999,213.5,216.0,181.0
2017-06-23,216.10001,216.14999,214.0,216.14999,102.0
2017-06-28,215.0,215.95,213.8,215.95,175.0
2017-06-29,215.0,215.89999,215.0,215.0,209.0
2017-06-30,216.0,218.85001,216.0,218.8,1038.0
2017-07-03,215.0,218.0,214.60001,218.0,14.0
2017-07-04,215.25,216.0,215.2,215.39999,639.0
2017-07-05,219.0,224.5,219.0,222.0,2686.0
2017-07-06,223.0,227.95,223.0,227.95,349.0
2017-07-07,230.0,230.0,225.0,227.0,1750.0
2017-07-10,230.0,230.0,223.60001,230.0,609.0
2017-07-11,229.0,230.0,229.0,230.0,45.0
2017-07-12,229.0,230.0,227.0,228.0,318.0
2017-07-13,230.0,234.89999,230.0,233.89999,444.0
2017-07-14,232.0,235.0,227.5,227.5,796.0
2017-07-17,230.0,231.5,230.0,231.5,1148.0
2017-07-18,219.95,219.95,210.2,215.0,370.0
2017-07-19,215.0,215.2,215.0,215.2,114.0
2017-07-20,217.0,218.0,217.0,217.10001,230.0
2017-07-21,217.0,217.0,213.0,213.0,248.0
2017-07-24,218.0,225.0,210.3,210.3,476.0
2017-07-25,212.0,221.0,210.2,217.0,280.0
2017-07-26,218.95,218.95,215.0,215.0,51.0
2017-07-27,219.5,219.5,219.5,219.5,2.0
2017-07-28,220.0,220.0,210.5,213.0,373.0
2017-07-31,211.0,211.0,204.0,210.0,630.0
2017-08-01,208.0,208.0,208.0,208.0,25.0
2017-08-02,208.0,208.0,206.0,206.0,120.0
2017-08-08,209.95,209.95,206.0,206.0,31.0
2017-08-09,205.5,205.5,205.5,205.5,15.0
2017-08-10,201.0,207.95,201.0,207.95,188.0
2017-08-11,202.0,207.89999,200.0,200.14999,1227.0
2017-08-15,206.85001,206.85001,200.0,202.0,564.0
2017-08-17,202.0,202.0,202.0,202.0,105.0
2017-08-18,202.0,204.89999,202.0,204.89999,289.0
2017-08-22,203.5,203.5,200.0,201.0,527.0
2017-08-23,196.25,201.5,196.25,200.0,399.0
2017-08-25,202.89999,203.0,201.0,201.0,440.0
2017-08-28,200.25,205.10001,200.25,204.0,800.0
2017-08-29,200.25,200.25,200.25,200.25,16.0
2017-08-30,204.0,204.8,204.0,204.8,541.0
2017-08-31,202.10001,208.0,202.05,208.0,526.0
2017-09-04,209.5,209.5,209.5,209.5,7.0
2017-09-05,209.89999,226.55,209.89999,223.95,11153.0
2017-09-06,227.5,230.0,220.0,230.0,1922.0
2017-09-07,234.89999,234.89999,222.0,233.89999,434.0
2017-09-08,229.85001,229.85001,229.85001,229.85001,60.0
2017-09-11,223.10001,223.14999,222.0,222.0,872.0
2017-09-12,225.0,228.95,225.0,228.95,52.0
2017-09-13,226.0,226.0,226.0,226.0,2.0
2017-09-14,224.95,225.0,224.89999,225.0,163.0
2017-09-15,222.0,224.0,220.0,220.64999,784.0
2017-09-18,223.0,224.0,223.0,224.0,240.0
2017-09-19,223.0,223.0,223.0,223.0,2.0
2017-09-20,220.0,220.0,220.0,220.0,345.0
2017-09-21,220.0,226.0,220.0,224.89999,760.0
2017-09-25,223.0,223.0,212.0,212.0,204.0
2017-09-28,219.5,219.5,219.5,219.5,122.0
2017-09-29,220.0,220.0,220.0,220.0,82.0
2017-10-02,215.0,215.0,215.0,215.0,25.0
2017-10-04,215.60001,223.8,215.60001,223.60001,617.0
2017-10-05,224.0,229.0,224.0,228.95,316.0
2017-10-06,227.39999,227.5,221.2,221.2,323.0
2017-10-09,221.25,221.25,221.2,221.2,75.0
2017-10-10,226.89999,226.89999,225.0,225.0,27.0
2017-10-11,225.0,226.0,225.0,226.0,36.0
2017-10-12,225.0,225.95,223.0,223.0,266.0
2017-10-13,225.95,234.0,225.95,230.0,5184.0
2017-10-16,230.0,240.0,230.0,240.0,3961.0
2017-10-17,242.0,263.95001,242.0,263.95001,2496.0
2017-10-18,270.0,280.0,243.0,243.0,1349.0
2017-10-19,244.0,254.8,240.0,240.0,219.0
2017-10-20,251.89999,252.0,240.0,240.0,285.0
2017-10-23,238.05,256.35001,238.0,249.89999,86.0
2017-10-25,250.0,250.0,240.39999,240.5,97.0
2017-10-26,249.0,249.0,248.89999,248.89999,52.0
2017-10-27,241.10001,241.10001,241.10001,241.10001,169.0
2017-10-30,252.89999,252.89999,252.89999,252.89999,20.0
2017-10-31,249.5,249.5,240.10001,240.10001,550.0
2017-11-01,247.25,247.25,247.25,247.25,1.0
2017-11-02,242.3,242.3,240.10001,240.10001,500.0
2017-11-03,247.89999,249.5,247.89999,249.5,344.0
2017-11-07,254.39999,256.0,254.39999,256.0,383.0
2017-11-08,247.0,250.0,247.0,250.0,40.0
2017-11-09,251.0,251.0,251.0,251.0,1120.0
2017-11-10,254.0,254.0,254.0,254.0,55.0
2017-11-13,252.0,252.0,252.0,252.0,2.0
2017-11-14,250.0,253.89999,250.0,253.89999,8.0
2017-11-16,257.5,257.5,257.5,257.5,5.0
2017-11-20,250.25,257.0,250.25,257.0,14.0
2017-11-21,250.0,250.0,250.0,250.0,10.0
2017-11-24,250.0,254.7,250.0,253.0,1458.0
2017-11-27,251.0,251.0,251.0,251.0,100.0
2017-11-28,249.95,254.55,249.95,254.55,180.0
2017-11-29,247.85001,256.64999,242.8,256.64999,100.0
2017-12-04,250.0,250.0,245.10001,250.0,566.0
2017-12-05,245.0,245.0,245.0,245.0,18.0
2017-12-06,245.10001,249.95,243.0,249.95,127.0
2017-12-07,249.85001,255.14999,243.0,250.0,2033.0
2017-12-08,250.0,250.0,250.0,250.0,16.0
2017-12-12,243.0,250.0,243.0,250.0,30.0
2017-12-13,250.0,250.10001,243.0,243.0,257.0
2017-12-14,248.0,248.25,248.0,248.0,215.0
2017-12-15,246.0,246.0,246.0,246.0,898.0
2017-12-19,245.3,245.3,245.3,245.3,14.0
2017-12-20,245.5,245.5,245.5,245.5,2.0
2017-12-21,245.55,245.55,242.39999,242.39999,152.0
2017-12-22,245.0,245.0,236.10001,236.10001,1727.0
2017-12-25,251.39999,252.0,250.0,252.0,21.0
2017-12-28,245.0,245.0,245.0,245.0,1.0
2018-01-03,257.0,264.0,256.95001,261.0,2618.0
2018-01-04,264.0,264.0,263.0,263.0,38.0
2018-01-05,251.0,263.0,251.0,263.0,36.0
2018-01-08,256.5,263.0,256.5,263.0,13.0
2018-01-09,263.0,269.5,263.0,269.5,105.0
2018-01-10,268.95001,268.95001,268.95001,268.95001,1.0
2018-01-12,269.0,280.0,269.0,280.0,2230.0
2018-01-15,280.0,280.0,279.85001,280.0,1135.0
2018-01-16,275.0,279.5,275.0,279.5,12.0
2018-01-17,275.0,275.0,275.0,275.0,31.0
2018-01-18,271.0,271.0,270.0,270.0,168.0
2018-01-19,275.0,275.0,262.5,274.5,39.0
2018-01-22,274.89999,275.0,274.0,274.0,73.0
2018-01-23,272.5,275.0,271.0,275.0,398.0
2018-01-24,275.0,294.0,275.0,287.14999,9620.0
2018-01-25,295.70001,295.70001,285.0,293.0,435.0
2018-01-26,283.0,283.0,280.79999,280.79999,147.0
2018-01-29,276.0,276.5,276.0,276.5,17.0
2018-01-30,280.79999,289.5,280.79999,285.0,575.0
2018-01-31,290.0,303.0,290.0,303.0,1041.0
2018-02-01,299.0,300.0,291.0,291.0,169.0
2018-02-02,299.0,300.0,292.0,300.0,254.0
2018-02-05,295.0,295.0,290.0,295.0,1060.0
2018-02-06,299.0,300.0,299.0,300.0,209.0
2018-02-07,290.0,299.0,290.0,290.0,48.0
2018-02-09,291.0,291.0,290.0,290.0,670.0
2018-02-12,297.95001,298.39999,288.0,298.20001,214.0
2018-02-13,298.10001,298.10001,298.10001,298.10001,100.0
2018-02-14,298.04999,298.04999,297.89999,297.89999,10.0
2018-02-15,298.0,298.04999,298.0,298.04999,46.0
2018-02-16,298.60001,298.75,290.10001,290.10001,480.0
2018-02-19,292.0,295.0,292.0,295.0,28.0
2018-02-20,298.0,298.70001,293.0,293.0,117.0
2018-02-21,292.54999,292.54999,291.0,291.0,226.0
2018-02-22,297.5,297.5,291.0,291.0,55.0
2018-02-23,297.5,297.5,297.5,297.5,5.0
2018-02-26,291.0,297.39999,291.0,292.04999,537.0
2018-02-27,287.95001,297.89999,287.95001,297.89999,59.0
2018-02-28,297.0,297.95001,297.0,297.95001,56.0
2018-03-02,292.04999,295.0,290.0,295.0,37.0
2018-03-05,290.0,290.0,290.0,290.0,1.0
2018-03-07,297.39999,297.39999,297.39999,297.39999,5.0
2018-03-08,290.0,297.0,290.0,297.0,40.0
2018-03-09,287.20001,295.0,287.20001,290.10001,5018.0
2018-03-12,288.0,288.0,287.0,287.0,204.0
2018-03-13,287.0,290.0,287.0,290.0,154.0
2018-03-14,290.04999,295.0,290.0,295.0,152.0
2018-03-15,295.0,295.0,295.0,295.0,16.0
2018-03-16,275.04999,288.89999,275.04999,288.89999,300.0
2018-03-20,276.0,289.70001,268.0,289.70001,1221.0
2018-03-22,288.89999,289.0,288.89999,289.0,112.0
2018-03-26,288.89999,290.0,288.89999,290.0,20.0
2018-03-27,286.0,286.0,282.0,282.0,225.0
2018-03-28,281.0,284.5,280.0,284.5,37.0
2018-03-29,281.0,281.0,281.0,281.0,5.0
2018-03-30,280.14999,283.89999,280.14999,283.89999,37.0
2018-04-03,277.0,283.89999,277.0,283.89999,517.0
2018-04-04,280.0,283.89999,280.0,283.89999,54.0
2018-04-05,283.89999,284.70001,283.89999,284.70001,333.0
2018-04-06,282.5,283.20001,282.5,283.20001,42.0
2018-04-09,283.5,284.0,282.0,282.0,146.0
2018-04-10,283.0,283.10001,280.0,280.0,416.0
2018-04-11,288.0,289.0,288.0,289.0,10.0
2018-04-12,274.0,282.0,274.0,282.0,81.0
2018-04-13,280.0,282.0,280.0,282.0,233.0
2018-04-16,274.0,285.0,274.0,285.0,6.0
2018-04-18,285.0,285.0,285.0,285.0,6.0
2018-04-20,285.0,285.0,284.95001,285.0,717.0
2018-04-23,281.0,288.25,281.0,288.25,52.0
2018-04-24,288.25,288.25,283.0,285.0,2215.0
2018-04-25,282.20001,288.0,282.20001,283.0,28.0
2018-04-26,283.0,283.0,276.10001,276.10001,10.0
2018-04-27,277.5,288.0,277.14999,288.0,18.0
2018-05-03,280.0,288.20001,280.0,288.20001,660.0
2018-05-07,288.25,288.25,288.0,288.0,177.0
2018-05-08,288.0,288.0,288.0,288.0,123.0
2018-05-09,288.25,288.25,288.25,288.25,24.0
2018-05-10,280.54999,288.20001,280.5,288.04999,126.0
2018-05-11,287.0,288.0,287.0,288.0,56.0
2018-05-17,280.60001,280.60001,280.60001,280.60001,50.0
2018-05-18,287.95001,287.95001,287.95001,287.95001,5.0
2018-05-22,280.60001,280.60001,280.60001,280.60001,16.0
2018-05-24,287.95001,287.95001,287.95001,287.95001,5.0
2018-05-28,281.0,285.0,281.0,285.0,189.0
2018-05-29,281.0,281.0,281.0,281.0,8.0
2018-05-30,287.95001,288.0,287.95001,288.0,159.0
2018-06-01,277.29999,288.45001,277.0,277.04999,466.0
2018-06-05,284.79999,295.0,284.79999,295.0,4114.0
2018-06-06,289.0,289.0,285.0,285.0,439.0
2018-06-07,285.0,286.0,285.0,286.0,1325.0
2018-06-08,285.75,285.75,285.75,285.75,12.0
2018-06-11,299.95001,299.95001,299.95001,299.95001,1.0
2018-06-13,285.0,285.0,285.0,285.0,5.0
2018-06-14,295.0,295.0,295.0,295.0,1.0
2018-06-18,295.0,295.0,295.0,295.0,1.0
2018-06-20,294.0,294.0,286.0,286.0,74.0
2018-06-21,294.0,294.0,294.0,294.0,2.0
2018-06-25,285.39999,292.0,285.0,292.0,49.0
2018-06-27,285.0,292.0,285.0,285.0,776.0
2018-06-28,285.0,285.0,285.0,285.0,300.0
2018-06-29,285.0,285.04999,285.0,285.0,303.0
2018-07-02,293.89999,293.89999,293.89999,293.89999,1.0
2018-07-03,285.10001,292.89999,285.10001,292.89999,60.0
2018-07-04,290.0,290.0,290.0,290.0,35.0
2018-07-09,285.5,293.39999,285.5,285.5,54.0
2018-07-12,292.0,292.0,292.0,292.0,3.0
2018-07-16,285.20001,285.20001,285.0,285.0,672.0
2018-07-17,285.10001,285.10001,268.5,268.60001,49.0
2018-07-18,280.0,280.0,280.0,280.0,5.0
2018-07-20,268.5,276.0,268.5,269.0,3506.0
2018-07-25,274.95001,274.95001,274.95001,274.95001,5.0
2018-07-27,268.5,275.0,268.5,275.0,132.0
2018-08-01,270.0,270.0,270.0,270.0,20.0
2018-08-03,268.70001,268.70001,268.5,268.5,52.0
2018-08-08,268.5,268.5,268.5,268.5,105.0
2018-08-09,268.5,268.5,268.5,268.5,1958.0
2018-08-10,268.0,268.0,268.0,268.0,2.0
2018-08-16,268.20001,268.20001,268.20001,268.20001,2.0
2018-08-24,287.5,287.5,287.5,287.5,8.0
2018-08-28,280.0,280.0,280.0,280.0,60.0
2018-08-30,280.0,280.0,280.0,280.0,42.0
2018-08-31,270.04999,280.0,270.04999,280.0,34.0
2018-09-04,277.5,277.5,277.5,277.5,2.0
2018-09-05,270.0,270.0,269.0,269.0,40.0
2018-09-06,280.0,280.0,270.0,270.0,8.0
2018-09-10,277.5,277.5,277.5,277.5,4.0
2018-09-13,270.04999,275.0,270.0,275.0,150.0
2018-09-14,275.0,277.5,275.0,277.5,176.0
2018-09-17,250.0,256.0,250.0,255.10001,153.0
2018-09-18,247.8,247.8,247.7,247.7,16.0
2018-09-19,251.0,251.0,251.0,251.0,5.0
2018-09-20,253.0,272.45001,253.0,272.0,382.0
2018-09-26,275.0,275.0,275.0,275.0,10.0
2018-09-28,268.0,268.0,268.0,268.0,10000.0
2018-10-01,275.0,275.0,275.0,275.0,4.0
2018-10-02,274.89999,279.79999,274.89999,275.0,32.0
2018-10-04,277.0,277.0,277.0,277.0,1.0
2018-10-05,272.0,272.0,268.0,268.0,67.0
2018-10-08,269.0,276.0,268.0,268.0,505.0
2018-10-10,266.0,266.0,265.0,266.0,32.0
2018-10-12,266.0,266.0,266.0,266.0,16.0
2018-10-16,276.0,276.0,265.0,265.0,41.0
2018-10-18,265.0,265.0,265.0,265.0,50.0
2018-10-23,265.0,265.0,265.0,265.0,27.0
2018-10-24,270.0,270.0,270.0,270.0,2.0
2018-10-31,262.0,262.0,262.0,262.0,16.0
2018-11-01,260.0,260.0,260.0,260.0,1616.0
2018-11-09,265.0,265.0,252.3,252.3,94.0
2018-11-12,255.0,255.0,255.0,255.0,20.0
2018-11-14,255.0,255.0,250.10001,250.10001,45.0
2018-11-16,265.0,265.0,265.0,265.0,100.0
2018-11-22,265.0,265.0,265.0,265.0,19.0
2018-11-23,265.0,265.0,265.0,265.0,90.0
2018-11-26,260.0,260.0,260.0,260.0,340.0
2018-11-27,260.0,260.0,260.0,260.0,85.0
2018-11-28,268.89999,268.89999,268.89999,268.89999,10.0
2018-11-30,264.0,264.0,264.0,264.0,273.0
2018-12-03,267.0,267.0,267.0,267.0,2.0
2018-12-06,245.2,245.2,245.2,245.2,12.0
2018-12-07,246.0,246.0,245.2,246.0,512.0
2018-12-13,247.5,247.5,247.5,247.5,6.0
2018-12-14,250.10001,251.10001,250.0,250.0,384.0
2018-12-17,255.0,255.0,255.0,255.0,2587.0
2018-12-21,259.0,260.0,259.0,260.0,30.0
2018-12-24,259.95001,259.95001,259.95001,259.95001,12.0
2018-12-25,263.0,263.0,263.0,263.0,12.0
2018-12-26,263.0,263.0,263.0,263.0,28.0
2018-12-27,267.0,267.0,267.0,267.0,8.0
2018-12-28,246.5,246.5,246.5,246.5,106.0
2018-12-31,250.05,265.95001,250.05,265.95001,151.0
2019-01-04,260.0,260.0,260.0,260.0,40.0
2019-01-08,252.5,252.5,252.5,252.5,220.0
2019-01-10,260.0,260.0,260.0,260.0,10.0
2019-01-14,256.0,266.85001,256.0,266.5,86.0
2019-01-15,266.45001,270.0,266.45001,270.0,144.0
2019-01-16,264.04999,270.0,264.04999,270.0,34.0
2019-01-17,262.0,262.0,262.0,262.0,16.0
2019-01-18,262.5,262.5,262.5,262.5,15.0
2019-01-21,270.0,270.0,270.0,270.0,5.0
2019-01-23,278.0,278.0,278.0,278.0,5.0
2019-01-25,278.0,280.0,267.04999,267.04999,148.0
2019-01-29,260.0,260.0,260.0,260.0,64.0
2019-02-04,278.0,278.0,278.0,278.0,5.0
2019-02-07,279.95001,286.0,279.95001,286.0,51.0
2019-02-14,273.10001,273.10001,273.10001,273.10001,186.0
2019-02-15,280.0,280.0,280.0,280.0,4.0
2019-02-19,273.35001,280.0,273.29999,280.0,41.0
2019-02-21,273.29999,273.29999,268.0,268.0,136.0
2019-02-22,280.0,280.0,262.0,262.0,2028.0
2019-02-25,279.95001,279.95001,279.95001,279.95001,3.0
2019-02-26,280.0,280.0,280.0,280.0,456.0
2019-02-27,255.0,275.0,255.0,275.0,936.0
2019-02-28,254.0,255.0,254.0,255.0,48.0
2019-03-01,262.0,269.0,262.0,269.0,14.0
2019-03-13,258.0,266.0,258.0,266.0,77.0
2019-03-14,280.0,292.54999,280.0,288.14999,3226.0
2019-03-15,292.0,296.20001,286.25,290.0,2616.0
2019-03-18,286.5,290.0,286.5,290.0,2168.0
2019-03-19,290.0,294.0,290.0,290.0,131.0
2019-03-20,290.5,290.5,290.0,290.0,69.0
2019-03-21,290.0,290.0,290.0,290.0,5.0
2019-03-22,290.0,295.95001,290.0,295.89999,58.0
2019-03-25,290.0,290.0,289.0,289.0,35.0
2019-03-26,286.0,286.0,286.0,286.0,48.0
2019-03-27,286.25,295.0,286.25,295.0,5383.0
2019-03-28,296.20001,307.89999,295.0,300.0,3777.0
2019-03-29,300.0,300.0,300.0,300.0,20.0
2019-04-01,300.0,300.0,300.0,300.0,15.0
2019-04-02,300.0,300.0,300.0,300.0,40.0
2019-04-03,300.04999,300.04999,300.0,300.0,68.0
2019-04-04,300.0,300.0,300.0,300.0,15.0
2019-04-05,303.0,304.0,303.0,304.0,89.0
2019-04-08,300.20001,300.20001,300.20001,300.20001,16.0
2019-04-09,300.20001,308.89999,300.0,308.89999,1100.0
2019-04-10,308.0,308.0,300.20001,300.20001,237.0
2019-04-11,300.25,300.25,300.10001,300.10001,212.0
2019-04-12,294.39999,294.39999,294.39999,294.39999,29.0
2019-04-15,295.5,295.5,295.5,295.5,8.0
2019-04-16,304.0,308.89999,298.0,298.0,161.0
2019-04-17,305.0,305.0,305.0,305.0,5.0
2019-04-23,304.0,304.0,303.0,303.0,31.0
2019-04-24,298.0,298.0,298.0,298.0,32.0
2019-04-25,298.0,298.0,298.0,298.0,5.0
2019-04-29,303.95001,303.95001,298.20001,298.20001,22.0
2019-04-30,298.20001,300.0,298.20001,300.0,117.0
2019-05-03,298.20001,300.0,298.20001,300.0,37.0
2019-05-06,300.0,300.0,300.0,300.0,48.0
2019-05-07,298.20001,302.0,298.0,302.0,141.0
2019-05-15,299.0,299.0,299.0,299.0,15.0
2019-05-16,302.0,302.0,302.0,302.0,3.0
2019-05-20,302.0,302.0,302.0,302.0,30.0
2019-05-23,301.39999,301.39999,300.0,300.0,224.0
2019-05-28,302.0,302.0,302.0,302.0,5.0
2019-05-29,302.5,302.5,302.0,302.0,15.0
2019-05-30,302.0,302.0,301.0,301.0,426.0
2019-05-31,293.0,302.0,293.0,302.0,16.0
2019-06-11,302.0,302.0,302.0,302.0,55.0
2019-06-12,300.0,302.85001,300.0,302.85001,26.0
2019-06-17,302.89999,302.95001,302.89999,302.95001,2.0
2019-06-19,300.0,302.0,300.0,300.0,15.0
2019-06-20,300.0,300.0,300.0,300.0,4.0
2019-06-21,300.0,300.0,300.0,300.0,107.0
2019-06-24,300.0,300.0,300.0,300.0,46.0
2019-06-25,300.0,300.0,300.0,300.0,48.0
2019-06-26,295.0,302.89999,295.0,302.89999,36.0
2019-06-27,301.95001,307.0,301.95001,307.0,5623.0
2019-06-28,307.0,307.95001,307.0,307.0,499.0
2019-07-03,306.95001,310.0,306.95001,310.0,2815.0
2019-07-04,302.5,306.0,302.5,304.0,183.0
2019-07-05,304.0,304.0,301.0,301.0,64.0
2019-07-08,303.0,309.95001,303.0,309.95001,13.0
2019-07-09,309.95001,310.0,309.0,309.0,550.0
2019-07-12,309.0,310.0,309.0,310.0,252.0
2019-07-15,309.54999,309.60001,305.0,309.60001,21.0
2019-07-16,303.20001,308.0,303.20001,304.0,312.0
2019-07-18,288.0,300.0,288.0,300.0,15.0
2019-07-23,300.0,300.0,300.0,300.0,10.0
2019-07-24,300.0,300.0,300.0,300.0,56.0
2019-07-29,303.89999,303.89999,303.89999,303.89999,5.0
2019-07-31,302.0,302.0,300.0,300.0,59.0
2019-08-01,305.0,305.0,305.0,305.0,5.0
2019-08-02,302.0,302.0,302.0,302.0,85.0
2019-08-05,303.0,303.0,300.0,300.0,185.0
2019-08-07,303.0,303.0,303.0,303.0,62.0
2019-08-09,300.0,302.95001,291.0,302.95001,251.0
2019-08-15,302.95001,305.0,302.95001,305.0,5.0
2019-08-19,297.04999,297.04999,297.0,297.0,10.0
2019-08-26,300.0,300.0,291.10001,291.10001,206.0
2019-08-27,295.0,302.95001,295.0,302.95001,69.0
2019-08-28,295.70001,302.95001,295.70001,302.95001,18.0
2019-08-29,311.0,333.20001,311.0,333.20001,2778.0
2019-08-30,345.0,360.0,342.10001,345.0,665.0
2019-09-02,341.0,341.0,332.0,332.0,446.0
2019-09-03,332.04999,332.04999,332.04999,332.04999,100.0
2019-09-04,332.04999,346.0,330.0,346.0,343.0
2019-09-05,346.29999,346.29999,335.95001,345.0,21.0
2019-09-06,312.20001,344.20001,312.20001,344.20001,22.0
2019-09-09,315.54999,339.0,315.54999,339.0,464.0
2019-09-11,330.0,330.0,330.0,330.0,160.0
2019-09-13,330.0,330.0,330.0,330.0,5.0
2019-09-18,337.39999,337.39999,337.39999,337.39999,100.0
2019-09-19,343.0,346.5,343.0,346.5,1078.0
2019-09-20,340.5,360.0,340.5,343.14999,851.0
2019-09-23,350.0,355.0,348.10001,348.10001,750.0
2019-09-24,355.04999,372.0,355.04999,370.0,2787.0
2019-09-25,375.0,397.0,370.0,384.0,8142.0
2019-09-26,384.0,395.0,384.0,395.0,18505.0
2019-09-27,400.20001,434.45001,400.20001,434.29999,5278.0
2019-09-30,416.0,459.0,416.0,425.0,276.0
2019-10-01,430.0,450.0,425.0,440.0,9225.0
2019-10-02,450.0,455.0,450.0,450.0,279.0
2019-10-03,448.89999,450.0,433.20001,450.0,2221.0
2019-10-04,450.0,460.0,450.0,460.0,1745.0
2019-10-07,462.0,467.0,451.0,451.0,3511.0
2019-10-08,451.0,451.0,438.0,440.0,890.0
2019-10-09,439.0,439.0,425.0,425.0,1324.0
2019-10-10,403.10001,417.0,401.0,417.0,229.0
2019-10-11,403.0,435.0,403.0,435.0,2090.0
2019-10-14,448.0,448.0,421.0,425.0,27.0
2019-10-15,449.0,449.0,423.04999,435.0,8.0
2019-10-16,423.04999,435.0,423.04999,435.0,4.0
2019-10-17,424.0,445.0,423.04999,445.0,45.0
2019-10-18,440.0,465.0,440.0,463.0,2498.0
2019-10-21,460.0,473.75,460.0,460.0,72.0
2019-10-22,473.0,473.0,451.0,451.0,27.0
2019-10-23,449.0,460.0,449.0,460.0,68.0
2019-10-24,469.0,470.0,451.0,470.0,93.0
2019-10-25,455.0,470.0,450.0,470.0,703.0
2019-10-28,469.0,469.0,469.0,469.0,12.0
2019-10-29,469.0,470.0,458.0,458.0,1003.0
2019-10-30,458.0,458.0,458.0,458.0,2.0
2019-10-31,458.0,458.0,456.0,456.0,16.0
2019-11-01,463.0,463.0,450.25,455.0,1494.0
2019-11-07,446.5,455.0,446.5,455.0,70.0
2019-11-08,450.0,463.0,450.0,463.0,198.0
2019-11-12,460.0,460.0,460.0,460.0,100.0
2019-11-13,452.0,452.0,448.0,450.0,207.0
2019-11-14,450.0,450.0,448.0,448.0,160.0
2019-11-15,455.0,458.0,455.0,458.0,11.0
2019-11-19,458.0,465.0,450.0,465.0,311.0
2019-11-20,449.10001,462.0,449.10001,462.0,116.0
2019-11-21,462.0,464.95001,451.10001,464.0,336.0
2019-11-26,465.10001,488.20001,464.0,485.0,1831.0
2019-11-27,497.0,497.0,497.0,497.0,3.0
2019-11-28,494.0,494.0,476.0,485.0,1141.0
2019-11-29,480.0,487.0,480.0,487.0,368.0
2019-12-02,485.0,488.0,480.0,488.0,163.0
2019-12-03,488.0,489.0,488.0,489.0,90.0
2019-12-04,480.04999,485.85001,477.0,485.85001,120.0
2019-12-05,479.0,493.5,479.0,493.5,917.0
2019-12-06,492.95001,494.95001,492.95001,493.0,12.0
2019-12-09,492.5,492.95001,480.0,492.95001,125.0
2019-12-10,482.5,492.5,475.0,477.10001,2074.0
2019-12-11,480.0,488.0,475.0,479.85001,853.0
2019-12-13,488.0,490.0,488.0,490.0,1826.0
2019-12-16,489.95001,489.95001,489.95001,489.95001,35.0
2019-12-17,480.10001,489.0,480.10001,489.0,24.0
2019-12-18,478.0,478.0,478.0,478.0,7.0
2019-12-19,480.0,491.5,480.0,491.5,47.0
2019-12-20,480.0,499.0,480.0,490.0,3646.0
2019-12-23,497.89999,497.89999,484.0,484.0,51.0
2019-12-24,485.0,485.0,480.0,480.0,120.0
2019-12-25,479.0,484.0,470.0,484.0,131.0
2019-12-26,476.10001,480.0,472.0,480.0,326.0
2019-12-27,456.0,456.0,456.0,456.0,1834.0
2019-12-31,484.5,484.5,470.0,470.0,501.0
2020-01-02,484.0,484.0,467.0,467.0,153.0
2020-01-03,467.0,467.0,467.0,467.0,1300.0
2020-01-07,479.0,480.0,479.0,480.0,5.0
2020-01-08,470.0,483.45001,470.0,470.0,206.0
2020-01-09,483.35001,495.0,483.35001,495.0,973.0
2020-01-10,495.0,510.0,495.0,500.0,705.0
2020-01-13,510.0,510.0,509.5,509.5,104.0
2020-01-14,510.0,510.0,493.5,500.0,711.0
2020-01-15,509.39999,509.39999,495.20001,509.29999,596.0
2020-01-16,497.0,505.0,497.0,505.0,456.0
2020-01-17,509.0,509.0,502.0,508.0,112.0
2020-01-20,509.0,520.0,509.0,520.0,421.0
2020-01-21,520.0,520.0,520.0,520.0,167.0
2020-01-22,518.0,525.0,518.0,524.90002,84.0
2020-01-23,520.0,520.0,520.0,520.0,500.0
2020-01-24,513.0,513.5,512.0,512.0,237.0
2020-01-27,511.5,520.0,500.0,520.0,91.0
2020-01-31,505.0,505.0,505.0,505.0,100.0
2020-02-03,505.0,505.0,500.0,500.0,195.0
2020-02-04,496.5,497.79999,496.0,497.79999,18.0
2020-02-05,497.10001,497.10001,497.10001,497.10001,50.0
2020-02-06,500.0,505.0,500.0,500.0,1680.0
2020-02-07,497.0,510.0,497.0,510.0,49.0
2020-02-10,500.0,500.0,500.0,500.0,12442.0
2020-02-11,498.5,500.0,498.5,500.0,2004.0
2020-02-12,498.04999,498.04999,498.04999,498.04999,100.0
2020-02-13,500.0,500.10001,500.0,500.0,3891.0
2020-02-14,498.5,500.0,490.0,500.0,66.0
2020-02-17,492.0,512.40002,491.5,512.40002,5.0
2020-02-18,500.0,500.0,494.20001,494.20001,532.0
2020-02-19,503.0,505.0,503.0,505.0,41.0
2020-02-20,500.0,508.79999,498.0,508.79999,15659.0
2020-02-21,500.0,524.90002,500.0,510.0,22555.0
2020-02-24,502.0,502.0,500.0,500.0,151.0
2020-02-25,500.0,500.0,500.0,500.0,54.0
2020-02-26,508.0,508.0,500.0,500.0,624.0
2020-02-27,510.0,539.0,510.0,519.0,1062.0
2020-02-28,519.0,519.0,500.0,500.0,2116.0
2020-03-02,500.0,501.0,500.0,500.0,325.0
2020-03-03,499.0,500.0,495.04999,500.0,125.0
2020-03-04,495.04999,504.0,495.0,504.0,55.0
2020-03-06,504.0,504.89999,453.64999,453.64999,7609.0
2020-03-09,450.0,463.0,409.0,415.0,5714.0
2020-03-10,408.0,453.0,405.0,452.0,739.0
2020-03-11,463.0,475.0,463.0,475.0,151.0
2020-03-12,427.54999,427.54999,427.54999,427.54999,686.0
2020-03-13,424.0,424.0,401.0,401.0,502.0
2020-03-16,415.0,415.0,360.95001,360.95001,187.0
2020-03-17,346.54999,346.54999,346.54999,346.54999,91.0
2020-03-18,332.70001,332.70001,332.70001,332.70001,135.0
2020-03-19,332.70001,346.0,332.70001,346.0,2065.0
2020-03-20,359.79999,359.79999,359.79999,359.79999,481.0
2020-03-23,374.0,374.0,374.0,374.0,22364.0
2020-03-24,388.95001,388.95001,388.95001,388.95001,2646.0
2020-03-25,404.45001,404.45001,404.45001,404.45001,1191.0
2020-03-26,404.45001,410.0,404.45001,410.0,54.0
2020-03-27,406.0,410.0,405.0,410.0,30.0
2020-03-30,405.5,407.89999,400.0,407.89999,509.0
2020-03-31,407.0,414.0,407.0,414.0,29.0
2020-04-01,423.29999,423.29999,423.0,423.0,5.0
2020-04-02,435.0,435.0,427.0,427.0,2.0
2020-04-03,425.0,425.0,410.0,410.0,237.0
2020-04-06,410.0,410.0,410.0,410.0,41.0
2020-04-07,410.0,410.0,410.0,410.0,154.0
2020-04-09,405.0,405.0,396.10001,396.10001,48.0
2020-04-13,397.70001,407.95001,397.70001,397.70001,408.0
2020-04-14,392.5,397.70001,390.0,397.70001,804.0
2020-04-15,407.0,407.0,407.0,407.0,4.0
2020-04-16,400.0,400.0,397.64999,397.64999,33.0
2020-04-17,390.0,390.0,390.0,390.0,40.0
2020-04-20,390.0,390.0,390.0,390.0,2.0
2020-04-22,397.75,399.79999,397.75,399.79999,10.0
2020-04-23,399.95001,400.0,399.95001,400.0,19.0
2020-04-24,400.0,400.0,400.0,400.0,51.0
2020-04-27,392.04999,392.04999,390.0,390.0,148.0
2020-04-28,390.0,404.0,390.0,404.0,816.0
2020-04-29,410.0,418.14999,410.0,418.0,31.0
2020-04-30,418.0,430.0,418.0,425.79999,397.0
2020-05-04,439.0,439.0,434.0,434.0,7.0
2020-05-05,437.0,437.0,420.0,420.0,171.0
2020-05-06,428.35001,430.0,425.0,425.0,9.0
2020-05-07,433.79999,433.79999,408.04999,420.0,673.0
2020-05-08,422.0,422.0,422.0,422.0,15.0
2020-05-12,405.5,409.0,405.5,409.0,165.0
2020-05-13,410.0,410.0,407.0,408.0,135.0
2020-05-14,418.95001,422.0,418.0,422.0,110.0
2020-05-15,438.85001,438.85001,438.85001,438.85001,917.0
2020-05-18,456.0,456.0,454.0,454.0,29.0
2020-05-19,440.0,445.0,440.0,445.0,35.0
2020-05-20,448.0,449.95001,448.0,449.95001,26.0
2020-05-21,455.0,467.89999,454.0,467.89999,5973.0
2020-05-22,486.60001,486.60001,486.60001,486.60001,1165.0
2020-05-26,505.0,505.0,490.0,490.0,13412.0
2020-05-27,486.0,500.0,482.0,498.5,12865.0
2020-05-28,499.89999,499.89999,484.10001,489.0,632.0
2020-05-29,488.0,489.0,478.0,478.0,790.0
2020-06-01,487.5,487.5,479.0,480.5,234.0
2020-06-02,480.0,498.95001,471.0,494.95001,989.0
2020-06-03,495.0,495.0,486.0,494.89999,4211.0
2020-06-04,496.0,500.0,491.20001,498.0,870.0
2020-06-05,490.10001,497.79999,485.0,485.5,846.0
2020-06-08,499.0,499.0,498.95001,499.0,981.0
2020-06-09,500.0,504.89999,500.0,500.0,2946.0
2020-06-10,500.0,501.0,494.0,494.0,1039.0
2020-06-11,495.0,498.85001,480.20001,498.85001,6842.0
2020-06-12,498.0,498.79999,490.0,495.0,215.0
2020-06-15,490.0,499.0,487.0,495.0,751.0
2020-06-16,495.0,495.0,491.0,491.0,14.0
2020-06-17,499.0,510.60001,499.0,505.0,5833.0
2020-06-18,513.0,513.0,505.0,505.0,417.0
2020-06-19,503.10001,525.09998,500.0,525.09998,115225.0
2020-06-22,536.0,546.09998,535.90002,546.09998,3593.0
2020-06-23,555.90002,560.0,540.0,555.0,934.0
2020-06-24,556.0,575.0,550.0,555.0,1824.0
2020-06-25,560.0,560.0,550.0,550.0,1020.0
2020-06-26,541.0,545.0,538.0,540.09998,732.0
2020-06-29,543.09998,555.0,543.09998,555.0,796.0
2020-06-30,558.0,558.0,532.90002,540.0,3142.0
2020-07-01,550.0,550.0,530.0,532.09998,521.0
2020-07-02,533.0,539.0,530.0,539.0,697.0
2020-07-03,531.0,532.0,525.20001,529.90002,1585.0
2020-07-06,537.0,537.0,530.0,530.0,147.0
2020-07-07,534.0,541.0,525.59998,526.09998,2344.0
2020-07-08,523.09998,539.79999,523.0,539.0,790.0
2020-07-09,526.0,533.0,526.0,533.0,969.0
2020-07-10,528.0,528.0,518.0,518.0,12469.0
2020-07-13,528.90002,528.90002,510.0,520.0,2791.0
2020-07-14,502.0,502.0,500.0,501.79999,1127.0
2020-07-15,500.0,500.0,495.0,495.0,137.0
2020-07-16,492.0,499.0,481.0,495.0,4611.0
2020-07-17,490.5,499.0,490.0,493.0,274.0
2020-07-20,493.0,499.0,493.0,499.0,170.0
2020-07-21,498.0,498.0,490.10001,492.0,426.0
2020-07-22,493.0,510.0,493.0,509.0,791.0
2020-07-23,518.0,518.0,498.0,498.0,1100.0
2020-07-24,500.0,509.89999,496.0,497.0,468.0
2020-07-27,504.0,504.0,485.0,486.60001,1540.0
2020-07-28,486.79999,495.0,484.0,489.0,1014.0
2020-07-29,490.0,499.0,490.0,494.0,14.0
2020-08-03,484.20001,493.39999,480.0,493.39999,446.0
2020-08-04,480.0,489.0,480.0,480.10001,834.0
2020-08-05,484.0,484.0,480.0,484.0,354.0
2020-08-06,484.0,493.45001,484.0,493.45001,82.0
2020-08-07,485.0,485.0,480.10001,484.0,650.0
2020-08-10,480.35001,485.0,472.0,485.0,301.0
2020-08-11,485.0,485.0,475.0,475.0,987.0
2020-08-12,470.04999,474.79999,470.0,474.79999,487.0
2020-08-13,470.5,477.0,470.0,477.0,179.0
2020-08-17,470.29999,478.89999,470.0,470.0,458.0
2020-08-18,470.0,470.04999,470.0,470.0,128.0
2020-08-19,480.0,482.0,470.04999,482.0,248.0
2020-08-24,485.0,488.0,482.0,482.0,370.0
2020-08-25,483.0,483.0,483.0,483.0,150.0
2020-08-26,484.0,489.0,470.0,482.89999,3625.0
2020-08-27,473.5,473.5,467.0,467.0,1310.0
2020-08-28,469.89999,473.89999,469.89999,472.0,22.0
2020-08-31,472.0,472.0,470.0,470.0,963.0
2020-09-01,470.0,478.0,470.0,471.5,1233.0
2020-09-02,472.20001,472.20001,470.20001,470.20001,193.0
2020-09-03,471.0,473.0,471.0,472.04999,130.0
2020-09-04,472.0,472.0,470.0,470.0,205.0
2020-09-07,468.29999,474.0,465.04999,474.0,104.0
2020-09-09,474.0,492.95001,474.0,490.0,910.0
2020-09-10,494.89999,500.0,494.89999,499.95001,136.0
2020-09-11,499.0,500.0,495.0,495.0,918.0
2020-09-14,496.0,496.0,495.0,495.0,178.0
2020-09-15,495.0,495.0,495.0,495.0,2.0
2020-09-16,494.5,494.5,490.0,490.0,5.0
2020-09-17,490.0,490.0,490.0,490.0,12.0
2020-09-18,490.0,498.0,490.0,495.0,1751.0
2020-09-21,499.0,499.0,492.0,494.0,572.0
2020-09-22,498.0,513.70001,498.0,513.70001,8987.0
2020-09-23,515.0,525.0,515.0,519.79999,555.0
2020-09-24,520.0,520.0,518.0,518.0,202.0
2020-09-25,510.0,518.90002,510.0,518.90002,504.0
2020-09-28,530.0,539.59998,530.0,534.09998,3746.0
2020-09-29,539.59998,539.59998,523.5,530.0,562.0
2020-09-30,535.0,535.0,530.0,530.0,40.0
2020-10-05,528.0,528.0,528.0,528.0,3040.0
2020-10-06,527.0,530.0,527.0,530.0,2306.0
2020-10-07,528.0,535.0,528.0,535.0,582.0
2020-10-08,535.0,535.0,523.5,529.90002,519.0
2020-10-09,525.0,530.0,515.0,530.0,2457.0
2020-10-12,520.09998,530.0,520.0,530.0,234.0
2020-10-14,525.0,530.0,521.0,528.0,4537.0
2020-10-15,528.0,528.0,528.0,528.0,10.0
2020-10-16,528.0,528.0,525.0,525.0,189.0
2020-10-19,528.0,528.0,528.0,528.0,2.0
2020-10-20,525.0,528.90002,525.0,528.90002,263.0
2020-10-21,521.0,528.0,521.0,525.0,340.0
2020-10-22,524.0,527.0,520.09998,527.0,109.0
2020-10-23,527.90002,528.0,520.0,528.0,640.0
2020-10-26,525.0,525.0,520.0,520.0,155.0
2020-10-27,522.0,522.0,520.0,520.0,70.0
2020-10-28,522.0,525.0,516.20001,525.0,259.0
2020-11-03,520.0,520.0,516.20001,520.0,151.0
2020-11-04,520.0,520.0,519.90002,520.0,384.0
2020-11-05,520.0,530.0,518.09998,529.79999,3377.0
2020-11-09,528.0,538.90002,528.0,528.90002,4451.0
2020-11-10,528.0,533.0,528.0,533.0,1620.0
2020-11-11,512.0,531.90002,512.0,531.90002,17.0
2020-11-12,522.0,531.5,522.0,531.5,10.0
2020-11-13,533.0,533.0,529.0,532.0,447.0
2020-11-16,520.09998,532.90002,520.09998,532.90002,20.0
2020-11-17,529.0,530.0,513.20001,530.0,716.0
2020-11-19,520.0,530.0,520.0,530.0,169.0
2020-11-20,533.0,540.0,533.0,538.0,882.0
2020-11-23,538.0,544.0,530.0,530.09998,441.0
2020-11-24,531.0,534.70001,531.0,534.70001,177.0
2020-11-25,525.29999,535.0,525.29999,535.0,750.0
2020-11-27,534.0,550.0,534.0,548.0,1184.0
2020-11-30,549.29999,554.0,540.0,549.90002,1707.0
2020-12-01,545.0,555.0,536.09998,552.0,22815.0
2020-12-02,545.0,552.0,540.0,550.0,677.0
2020-12-03,555.0,555.20001,545.0,555.0,6636.0
2020-12-04,550.0,570.0,550.0,569.0,2061.0
2020-12-07,573.0,575.0,565.09998,574.5,748.0
2020-12-08,571.0,574.70001,565.09998,574.5,632.0
2020-12-09,574.5,574.5,560.0,568.79999,3526.0
2020-12-10,565.0,568.0,561.0,568.0,384.0
2020-12-11,565.0,572.0,555.0,570.0,2393.0
2020-12-14,565.0,580.0,560.5,577.0,182.0
2020-12-15,570.0,570.0,561.0,564.0,12352.0
2020-12-16,565.0,569.90002,561.0,564.0,12029.0
2020-12-17,564.0,576.0,561.0,576.0,9090.0
2020-12-18,580.0,596.0,574.0,596.0,2945.0
2020-12-21,585.0,585.0,572.20001,572.20001,1513.0
2020-12-22,572.20001,594.0,569.20001,589.20001,1271.0
2020-12-23,595.0,595.0,590.0,590.0,2603.0
2020-12-24,582.0,590.0,582.0,590.0,103.0
2020-12-25,590.0,590.0,584.0,590.0,2915.0
2020-12-28,576.0,580.20001,572.0,580.20001,62.0
2020-12-29,582.0,582.0,577.0,580.0,129.0
2020-12-30,581.0,581.0,576.0,576.0,100.0
2020-12-31,576.5,580.0,570.0,580.0,140.0
2021-01-04,587.0,587.0,587.0,587.0,120.0
2021-01-05,587.0,587.0,580.0,580.0,424.0
2021-01-06,580.0,580.0,580.0,580.0,747.0
2021-01-07,580.0,583.0,580.0,580.0,1216.0
2021-01-08,582.0,597.0,580.0,597.0,1415.0
2021-01-12,597.0,599.0,587.0,590.0,618.0
2021-01-13,590.0,598.90002,590.0,598.0,936.0
2021-01-14,598.59998,616.0,598.0,615.0,2513.0
2021-01-15,615.0,630.0,615.0,615.0,2492.0
2021-01-18,615.0,619.0,607.0,619.0,108.0
2021-01-19,615.0,629.5,615.0,618.0,365.0
2021-01-20,620.0,627.0,620.0,627.0,2673.0
2021-01-21,620.0,635.0,620.0,634.0,665.0
2021-01-22,640.0,655.0,640.0,645.0,4188.0
2021-01-25,646.0,664.90002,646.0,664.90002,992.0
2021-01-26,675.0,691.40002,675.0,691.40002,3998.0
2021-01-27,699.0,710.0,681.5,697.0,1148.0
2021-01-28,682.0,692.0,679.90002,690.0,587.0
2021-01-29,693.0,699.0,693.0,695.0,14.0
2021-02-01,690.0,700.0,680.0,682.0,4240.0
2021-02-02,682.0,688.0,680.0,680.0,427.0
2021-02-03,682.0,690.0,680.0,690.0,529.0
2021-02-04,685.5,693.0,682.0,692.0,1165.0
2021-02-05,690.0,693.0,687.0,692.90002,543.0
2021-02-08,692.0,696.0,675.20001,692.5,3000.0
2021-02-09,685.0,690.0,685.0,686.09998,595.0
2021-02-10,690.0,698.0,689.79999,696.0,1263.0
2021-02-11,697.0,697.0,696.0,696.0,110.0
2021-02-12,698.0,699.0,697.0,697.90002,433.0
2021-02-15,697.90002,699.0,692.0,692.0,411.0
2021-02-16,693.0,702.0,693.0,696.0,2581.0
2021-02-17,695.0,699.40002,691.0,691.0,1549.0
2021-02-18,694.0,695.0,694.0,695.0,5.0
2021-02-19,694.0,694.0,694.0,694.0,100.0
2021-02-22,686.0,692.5,677.09998,684.0,1366.0
2021-02-23,684.0,684.0,677.0,680.0,186.0
2021-02-24,670.09998,670.09998,652.90002,652.90002,2187.0
2021-02-25,635.0,664.90002,628.0,641.0,4815.0
2021-02-26,657.0,666.59998,654.0,666.59998,1042.0
2021-03-01,675.0,688.0,670.0,675.0,380.0
2021-03-02,676.0,690.0,675.0,687.0,783.0
2021-03-03,680.0,688.0,671.0,671.0,230.0
2021-03-05,684.0,697.79999,684.0,697.79999,6865.0
2021-03-08,701.0,705.79999,695.0,705.0,3907.0
2021-03-09,713.0,713.0,702.0,705.0,2009.0
2021-03-10,705.0,705.0,701.0,701.0,535.0
2021-03-11,701.5,701.5,673.0,676.5,3256.0
2021-03-12,676.5,689.0,674.0,689.0,1297.0
2021-03-15,677.5,680.0,672.0,680.0,2155.0
2021-03-16,675.0,680.0,671.5,671.5,672.0
2021-03-17,672.0,692.0,672.0,692.0,76.0
2021-03-18,680.0,692.0,678.5,692.0,646.0
2021-03-19,698.0,700.0,687.0,698.59998,517.0
2021-03-22,696.0,700.0,694.0,694.0,1358.0
2021-03-23,685.09998,699.0,672.0,680.0,7559.0
2021-03-24,680.0,688.0,667.0,680.0,1710.0
2021-03-26,680.0,690.0,680.0,690.0,13910.0
2021-03-29,694.0,695.0,693.90002,693.90002,10618.0
2021-03-30,694.0,699.90002,694.0,699.90002,3333.0
2021-03-31,698.0,698.0,698.0,698.0,37.0
2021-04-01,698.0,699.0,685.0,699.0,452.0
2021-04-02,696.0,699.0,680.0,680.0,637.0
2021-04-05,680.0,680.0,680.0,680.0,532.0
2021-04-06,680.0,689.0,676.0,680.0,67808.0
2021-04-07,677.0,677.0,668.0,670.0,54.0
2021-04-08,680.0,690.0,677.0,677.0,115.0
2021-04-09,677.0,677.0,677.0,677.0,21.0
2021-04-12,680.0,683.0,680.0,683.0,265.0
2021-04-13,683.0,683.0,670.0,680.0,30.0
2021-04-14,680.0,689.79999,680.0,689.79999,630.0
2021-04-15,688.0,690.0,688.0,690.0,100.0
2021-04-16,689.0,690.0,689.0,690.0,3006.0
2021-04-22,689.90002,690.0,689.90002,690.0,247.0
2021-04-23,676.59998,697.0,676.59998,697.0,674.0
2021-04-26,690.0,690.0,685.0,690.0,10435.0
2021-04-27,690.0,695.0,690.0,695.0,1800.0
2021-04-28,683.0,690.0,683.0,690.0,262.0
2021-04-29,690.0,693.0,690.0,690.0,303.0
2021-04-30,692.90002,692.90002,690.0,690.0,33.0
2021-05-03,690.0,690.0,690.0,690.0,319.0
2021-05-05,690.09998,699.0,690.09998,699.0,7.0
2021-05-06,696.0,700.0,696.0,700.0,1660.0
2021-05-07,700.0,700.0,700.0,700.0,401.0
2021-05-10,692.0,700.0,692.0,700.0,1119.0
2021-05-11,700.0,700.0,696.0,696.0,523.0
2021-05-12,691.0,691.0,680.0,690.0,335.0
2021-05-17,680.09998,699.0,680.0,699.0,4227.0
2021-05-19,685.20001,685.20001,685.20001,685.20001,16.0
2021-05-20,695.0,695.0,690.0,690.0,2945.0
2021-05-21,694.0,694.0,680.0,690.0,1637.0
2021-05-24,681.09998,681.09998,680.0,680.0,752.0
2021-05-25,680.0,680.0,680.0,680.0,200.0
2021-05-26,688.0,707.09998,688.0,707.09998,3152.0
2021-05-27,686.29999,706.40002,686.29999,706.40002,4.0
2021-05-28,678.20001,678.20001,678.20001,678.20001,601.0
2021-05-31,653.0,665.0,652.0,657.0,6711.0
2021-06-01,657.09998,670.0,657.09998,670.0,2317.0
2021-06-02,660.0,675.0,660.0,675.0,268.0
2021-06-03,675.0,678.0,670.0,670.0,211.0
2021-06-04,668.0,678.0,668.0,670.0,1206.0
2021-06-07,670.0,670.0,670.0,670.0,505.0
2021-06-08,668.20001,670.0,660.0,670.0,332.0
2021-06-09,660.0,669.0,655.0,655.0,1186.0
2021-06-10,669.0,669.0,655.0,669.0,361.0
2021-06-11,660.0,660.0,660.0,660.0,1922.0
2021-06-14,654.0,668.0,653.0,668.0,37.0
2021-06-15,656.0,667.5,656.0,667.5,30.0
2021-06-16,656.0,658.09998,656.0,658.0,505.0
2021-06-17,656.09998,656.09998,655.0,655.0,544.0
2021-06-18,653.0,656.0,653.0,656.0,2750.0
2021-06-21,656.0,657.0,656.0,657.0,21.0
2021-06-22,657.0,657.0,657.0,657.0,10.0
2021-06-23,657.0,657.0,653.20001,653.20001,84.0
2021-06-24,654.0,654.0,653.0,653.0,75.0
2021-06-25,646.5,646.5,646.5,646.5,47.0
2021-06-28,657.0,657.0,646.5,657.0,1840.0
2021-06-29,657.0,657.0,656.0,657.0,27.0
2021-06-30,655.0,655.0,655.0,655.0,2.0
2021-07-01,650.0,650.0,650.0,650.0,9.0
2021-07-02,654.0,655.0,654.0,655.0,1209.0
2021-07-06,655.0,655.0,655.0,655.0,43.0
2021-07-07,655.0,674.0,655.0,674.0,700.0
2021-07-08,673.0,678.0,673.0,678.0,3065.0
2021-07-09,678.0,684.90002,678.0,680.0,41.0
2021-07-12,660.0,660.0,654.0,654.0,45.0
2021-07-13,627.90002,627.90002,627.90002,627.90002,20.0
2021-07-15,652.0,652.0,652.0,652.0,5.0
2021-07-16,650.0,650.0,650.0,650.0,305.0
2021-07-19,643.0,650.0,643.0,648.0,53.0
2021-07-20,649.0,649.0,639.0,649.0,28.0
2021-07-23,634.0,640.0,634.0,640.0,216.0
2021-07-26,632.20001,640.0,632.20001,632.40002,520.0
2021-07-27,638.0,640.0,638.0,639.20001,1238.0
2021-07-28,639.5,639.5,630.0,630.0,1031.0
2021-07-29,623.0,630.0,623.0,630.0,3533.0
2021-08-03,631.0,644.90002,631.0,644.90002,64.0
2021-08-04,652.0,669.90002,652.0,669.90002,138.0
2021-08-05,669.0,669.0,668.40002,668.5,23.0
2021-08-06,668.0,668.0,668.0,668.0,29.0
2021-08-09,646.5,667.79999,646.5,667.79999,7.0
2021-08-13,660.0,660.0,660.0,660.0,150.0
2021-08-16,664.0,665.0,664.0,664.90002,366.0
2021-08-18,664.29999,664.29999,664.29999,664.29999,21.0
2021-08-19,655.0,664.90002,655.0,660.0,994.0
2021-08-23,661.0,661.0,661.0,661.0,4.0
2021-08-24,662.0,662.0,662.0,662.0,7.0
2021-08-25,662.0,662.0,658.5,658.5,96.0
2021-08-26,658.09998,658.09998,658.09998,658.09998,265.0
2021-08-27,650.5,665.0,650.5,665.0,1101.0
2021-08-30,664.90002,664.90002,663.90002,663.90002,163.0
2021-08-31,660.0,660.0,660.0,660.0,100.0
2021-09-01,657.0,657.0,636.0,648.0,794.0
2021-09-02,642.0,649.0,635.09998,649.0,450.0
2021-09-03,650.0,663.0,650.0,663.0,240.0
2021-09-07,650.0,650.0,650.0,650.0,77.0
2021-09-08,641.0,650.09998,641.0,650.09998,343.0
2021-09-09,650.09998,659.0,633.0,650.0,976.0
2021-09-10,664.0,664.0,660.0,660.0,192.0
2021-09-13,660.0,660.0,660.0,660.0,10.0
2021-09-14,650.0,650.0,650.0,650.0,50.0
2021-09-15,650.0,650.0,650.0,650.0,334.0
2021-09-16,650.0,660.0,645.0,660.0,330.0
2021-09-17,650.0,664.0,640.0,664.0,1300.0
2021-09-20,664.0,664.0,664.0,664.0,10.0
2021-09-22,655.0,664.5,641.5,664.5,106.0
2021-09-23,664.40002,679.0,664.40002,679.0,61.0
2021-09-24,680.0,683.0,680.0,683.0,18.0
2021-09-28,655.70001,655.70001,655.70001,655.70001,52.0
2021-09-29,655.70001,655.70001,633.0,654.0,598.0
2021-09-30,637.0,650.0,632.0,650.0,304.0
2021-10-01,633.0,650.0,633.0,650.0,119.0
2021-10-04,651.90002,654.0,651.90002,654.0,30.0
2021-10-05,654.40002,654.40002,645.0,645.0,8421.0
2021-10-07,654.0,655.0,650.0,651.0,1100.0
2021-10-08,650.0,660.0,650.0,660.0,402.0
2021-10-11,660.0,660.0,660.0,660.0,584.0
2021-10-13,650.0,650.0,650.0,650.0,30.0
2021-10-14,659.0,675.0,659.0,665.0,876.0
2021-10-15,671.5,674.90002,665.0,674.0,175.0
2021-10-21,665.09998,679.0,661.5,679.0,53.0
2021-10-22,678.0,678.0,678.0,678.0,10.0
2021-10-25,679.79999,680.0,679.79999,680.0,605.0
2021-10-26,681.0,699.90002,681.0,699.90002,253.0
2021-10-27,671.09998,671.09998,658.0,658.0,468.0
2021-10-28,618.59998,618.59998,618.59998,618.59998,245.0
2021-10-29,618.59998,643.90002,600.0,643.90002,4093.0
2021-11-01,634.0,634.0,634.0,634.0,1.0
2021-11-02,636.0,645.0,636.0,645.0,4.0
2021-11-03,645.0,645.0,638.0,645.0,120.0
2021-11-04,641.0,641.0,635.0,635.0,5059.0
2021-11-05,637.0,637.0,635.0,635.0,5918.0
2021-11-08,622.0,622.0,621.0,621.0,48.0
2021-11-09,621.09998,646.0,621.0,646.0,97.0
2021-11-10,640.0,640.0,640.0,640.0,10.0
2021-11-11,635.0,635.0,630.0,630.0,9702.0
2021-11-12,631.0,631.0,631.0,631.0,92.0
2021-11-15,625.0,625.0,625.0,625.0,32.0
2021-11-16,639.90002,639.90002,638.90002,639.0,1001.0
2021-11-17,626.0,638.0,605.0,638.0,179.0
2021-11-19,630.0,630.0,630.0,630.0,5.0
2021-11-22,630.0,630.0,620.0,620.0,3010.0
2021-11-23,615.5,615.5,615.0,615.0,57.0
2021-11-24,608.0,610.20001,608.0,610.20001,25.0
2021-11-25,637.79999,637.79999,637.79999,637.79999,10.0
2021-11-29,602.09998,603.09998,602.09998,603.09998,20.0
2021-11-30,620.0,620.0,620.0,620.0,1000.0
2021-12-01,620.0,620.0,607.09998,615.0,13466.0
2021-12-02,615.0,615.09998,615.0,615.09998,34.0
2021-12-03,629.90002,629.90002,610.0,625.0,249.0
2021-12-08,629.70001,630.0,629.70001,630.0,603.0
2021-12-10,627.90002,640.0,627.90002,640.0,304.0
2021-12-14,630.0,630.0,630.0,630.0,305.0
2021-12-16,635.0,635.0,629.0,629.0,400.0
2021-12-17,630.0,630.0,630.0,630.0,511.0
2021-12-21,630.0,630.0,630.0,630.0,504.0
2021-12-22,623.5,630.0,617.0,630.0,4559.0
2021-12-23,629.90002,630.0,629.90002,630.0,20418.0
2021-12-24,630.0,655.0,630.0,655.0,594.0
2021-12-27,650.0,650.0,650.0,650.0,10.0
2021-12-28,645.0,660.0,645.0,660.0,300.0
2021-12-29,666.90002,666.90002,666.90002,666.90002,1.0
2021-12-30,666.20001,666.20001,664.90002,664.90002,20.0
2021-12-31,665.0,679.0,664.90002,679.0,753.0
2022-01-03,664.90002,670.0,664.90002,670.0,927.0
2022-01-04,670.0,670.0,670.0,670.0,30.0
2022-01-06,665.0,665.0,665.0,665.0,5.0
2022-01-07,670.0,670.0,670.0,670.0,51.0
2022-01-10,656.0,663.0,655.0,663.0,52.0
2022-01-12,664.0,664.0,653.0,653.0,103.0
2022-01-13,655.09998,655.09998,655.09998,655.09998,7.0
2022-01-14,669.90002,669.90002,669.90002,669.90002,6.0
2022-01-17,669.90002,674.0,669.90002,674.0,470.0
2022-01-18,674.0,680.0,674.0,680.0,129.0
2022-01-19,680.0,680.0,680.0,680.0,1.0
2022-01-20,675.0,680.0,675.0,680.0,1089.0
2022-01-21,680.0,680.0,680.0,680.0,20.0
2022-01-24,675.09998,685.0,675.09998,680.0,1003.0
2022-01-26,660.0,679.0,656.0,679.0,710.0
2022-01-28,678.79999,678.79999,678.79999,678.79999,4111.0
2022-01-31,675.0,675.0,675.0,675.0,6.0
2022-02-01,660.09998,675.0,660.09998,675.0,17.0
2022-02-02,673.90002,674.79999,673.90002,674.79999,102.0
2022-02-03,656.5,674.59998,656.0,674.59998,18.0
2022-02-09,680.0,680.0,660.09998,675.0,338.0
2022-02-10,679.5,683.0,679.5,680.0,556.0
2022-02-11,670.0,673.0,655.0,655.0,2299.0
2022-02-14,656.09998,656.09998,655.09998,656.0,22.0
2022-02-16,656.0,656.0,655.0,655.0,159.0
2022-02-17,654.0,655.0,652.0,655.0,119.0
2022-02-18,655.0,660.0,655.0,660.0,100.0
2022-02-21,665.0,665.0,650.0,650.0,712.0
2022-02-22,654.90002,655.0,654.90002,655.0,52.0
2022-02-23,641.09998,664.90002,641.0,664.90002,809.0
2022-02-24,641.0,641.0,640.0,640.0,61.0
2022-02-25,640.0,640.0,640.0,640.0,18.0
2022-02-28,658.90002,658.90002,658.90002,658.90002,2.0
2022-03-01,657.0,658.0,657.0,658.0,3.0
2022-03-02,640.0,640.0,640.0,640.0,50.0
2022-03-04,630.0,640.0,626.0,626.0,866.0
2022-03-07,626.0,626.0,588.5,600.0,10211.0
2022-03-08,582.20001,600.0,567.0,600.0,74.0
2022-03-09,626.0,626.0,600.0,600.0,303.0
2022-03-10,619.90002,619.90002,591.0,591.0,217.0
2022-03-14,582.09998,617.0,582.09998,617.0,230.0
2022-03-16,615.0,615.0,605.0,605.0,89.0
2022-03-18,602.09998,602.09998,602.09998,602.09998,1.0
2022-03-22,605.0,605.0,600.0,600.0,1078.0
2022-03-23,600.0,600.0,600.0,600.0,50.0
2022-03-24,595.0,595.0,595.0,595.0,8.0
2022-03-25,600.0,600.0,600.0,600.0,1450.0
2022-03-28,600.0,600.0,600.0,600.0,6.0
2022-03-29,600.0,600.0,600.0,600.0,21.0
2022-03-30,600.0,600.0,600.0,600.0,17.0
2022-03-31,600.0,600.0,590.0,590.09998,638.0
2022-04-01,590.0,590.0,590.0,590.0,111.0
2022-04-04,590.0,590.0,590.0,590.0,81.0
2022-04-05,602.0,602.0,602.0,602.0,26.0
2022-04-11,595.0,596.0,594.90002,594.90002,33.0
2022-04-12,599.5,600.0,599.5,600.0,50.0
2022-04-13,594.09998,594.09998,590.0,590.0,571.0
2022-04-14,590.0,590.0,587.09998,587.09998,437.0
2022-04-15,587.0,587.0,580.0,580.0,206.0
2022-04-19,590.0,590.0,590.0,590.0,740.0
2022-04-21,596.5,599.0,596.5,599.0,4.0
2022-04-25,584.59998,584.59998,584.59998,584.59998,16.0
2022-04-26,589.0,589.0,585.0,585.0,18.0
2022-04-27,585.0,585.0,583.0,585.0,301.0
2022-04-29,580.20001,585.0,580.0,580.0,2944.0
2022-05-04,589.90002,589.90002,589.90002,589.90002,1.0
2022-05-06,578.0,589.90002,578.0,589.90002,54.0
2022-05-09,585.0,592.90002,585.0,592.90002,220.0
2022-05-10,592.90002,597.90002,585.0,597.90002,94.0
2022-05-11,585.09998,590.0,585.09998,590.0,55.0
2022-05-12,591.0,591.0,590.0,591.0,160.0
2022-05-13,590.0,590.0,590.0,590.0,70.0
2022-05-16,596.79999,600.0,596.79999,600.0,107.0
2022-05-19,592.0,592.0,592.0,592.0,14710.0
2022-05-23,570.0,600.0,570.0,571.59998,226.0
2022-05-24,572.09998,572.09998,572.09998,572.09998,10.0
2022-05-25,572.59998,572.59998,572.59998,572.59998,78.0
2022-05-26,573.0,573.0,570.0,570.0,49.0
2022-05-27,571.09998,571.09998,570.0,570.0,69.0
2022-05-31,570.0,570.0,568.0,568.0,397.0
2022-06-02,568.5,568.5,568.5,568.5,3.0
2022-06-03,568.90002,600.0,568.90002,600.0,776.0
2022-06-07,583.0,583.0,583.0,583.0,200.0
2022-06-09,583.0,583.0,580.0,580.0,46.0
2022-06-10,571.09998,585.0,571.09998,585.0,501.0
2022-06-13,599.90002,599.90002,590.0,590.0,502.0
2022-06-15,571.29999,580.0,570.0,570.0,58.0
2022-06-16,570.09998,570.09998,570.0,570.0,161.0
2022-06-22,553.0,553.0,553.0,553.0,400.0
2022-06-23,550.0,550.0,541.20001,550.0,58.0
2022-06-24,550.0,550.0,550.0,550.0,25.0
2022-06-27,551.0,552.0,550.0,550.0,53.0
2022-06-28,541.0,550.0,541.0,550.0,510.0
2022-06-29,550.0,550.0,550.0,550.0,10.0
2022-06-30,536.0,551.0,536.0,550.0,270.0
2022-07-04,541.09998,541.09998,541.09998,541.09998,10.0
2022-07-06,541.5,541.5,541.5,541.5,92.0
2022-07-07,541.20001,542.0,541.20001,542.0,34.0
2022-07-08,540.09998,540.20001,536.0,540.0,2092.0
2022-07-12,536.0,536.0,536.0,536.0,30.0
2022-07-15,545.0,550.0,545.0,550.0,16.0
2022-07-18,547.5,559.0,547.5,559.0,10.0
2022-07-19,560.0,560.0,560.0,560.0,10.0
2022-07-20,564.0,564.0,564.0,564.0,14.0
2022-07-22,547.0,547.0,531.0,531.0,166.0
2022-07-25,535.0,535.0,501.0,501.0,272.0
2022-07-26,530.0,530.0,530.0,530.0,36.0
2022-07-29,524.0,530.0,500.0,530.0,5173.0
2022-08-03,530.0,530.0,516.0,525.0,84.0
2022-08-04,520.0,520.0,520.0,520.0,5.0
2022-08-05,520.0,530.0,520.0,530.0,117.0
2022-08-11,525.0,525.0,525.0,525.0,23.0
2022-08-12,516.0,535.0,515.0,535.0,250.0
2022-08-16,511.0,511.0,511.0,511.0,12.0
2022-08-17,535.0,535.0,535.0,535.0,56.0
2022-08-19,542.0,542.0,542.0,542.0,7.0
2022-08-22,550.0,556.0,550.0,556.0,53.0
2022-08-23,556.0,556.0,523.0,523.0,1293.0
2022-08-24,521.0,521.0,521.0,521.0,120.0
2022-08-25,552.09998,552.09998,552.09998,552.09998,1.0
2022-08-26,535.0,535.0,520.0,520.0,337.0
2022-08-30,519.09998,520.0,517.29999,517.29999,91.0
2022-08-31,517.29999,517.29999,517.29999,517.29999,15.0
2022-09-06,520.0,520.0,520.0,520.0,7.0
2022-09-07,520.0,520.0,520.0,520.0,1.0
2022-09-09,511.0,511.0,511.0,511.0,23.0
2022-09-12,511.0,511.10001,505.0,505.0,5373.0
2022-09-13,520.0,526.90002,520.0,526.90002,2.0
2022-09-16,495.29999,495.29999,495.29999,495.29999,222.0
2022-09-19,518.0,518.0,518.0,518.0,9.0
2022-09-21,517.0,517.0,517.0,517.0,5.0
2022-09-22,545.0,548.0,540.0,548.0,350.0
2022-09-23,578.0,580.79999,566.0,580.79999,8269.0
2022-09-26,590.5,609.0,590.5,592.5,455.0
2022-09-27,593.0,593.0,560.0,560.0,1565.0
2022-09-28,579.79999,579.79999,550.0,551.0,2652.0
2022-09-29,576.0,576.0,530.0,530.0,5752.0
2022-09-30,560.0,560.0,515.0,515.0,240.0
2022-10-04,508.20001,545.5,508.20001,527.29999,200.0
2022-10-05,528.09998,528.20001,516.0,516.0,336.0
2022-10-06,521.0,521.0,516.0,516.0,350.0
2022-10-07,542.90002,542.90002,510.10001,510.10001,1070.0
2022-10-11,512.09998,512.09998,512.09998,512.09998,18.0
2022-10-12,536.79999,536.79999,510.0,510.0,548.0
2022-10-13,510.29999,525.0,510.0,510.0,3272.0
2022-10-14,523.0,523.5,510.0,523.5,2877.0
2022-10-17,510.10001,510.10001,510.0,510.0,11.0
2022-10-18,510.0,511.0,510.0,510.10001,196.0
2022-10-19,510.10001,510.10001,510.0,510.0,100.0
2022-10-20,506.0,506.0,502.0,502.0,109.0
2022-10-21,501.0,501.0,498.0,498.0,375.0
2022-10-24,500.0,500.0,493.0,493.0,166.0
2022-10-25,495.0,519.0,495.0,505.0,66.0
2022-10-26,505.5,505.5,505.5,505.5,100.0
2022-10-27,505.5,518.90002,505.5,515.0,67.0
2022-10-28,515.0,523.0,515.0,523.0,266.0
2022-10-31,511.0,511.0,510.0,510.0,60.0
2022-11-01,515.5,528.0,515.0,515.0,26.0
2022-11-02,515.0,515.0,510.20001,510.20001,32.0
2022-11-03,510.0,510.0,510.0,510.0,23.0
2022-11-04,524.0,524.0,524.0,524.0,1.0
2022-11-14,523.90002,536.0,523.90002,534.90002,48.0
2022-11-15,520.0,520.0,510.0,510.0,226.0
2022-11-17,519.90002,519.90002,519.90002,519.90002,5.0
2022-11-23,511.0,511.0,511.0,511.0,87.0
2022-11-24,525.0,525.0,525.0,525.0,1.0
2022-11-25,511.0,511.0,511.0,511.0,45.0
2022-11-28,515.0,515.0,515.0,515.0,24.0
2022-11-29,515.0,522.0,515.0,522.0,108.0
2022-11-30,509.0,509.0,506.10001,506.10001,15.0
2022-12-01,519.90002,519.90002,519.90002,519.90002,5.0
2022-12-02,522.79999,522.90002,521.90002,521.90002,8.0
2022-12-06,515.0,515.0,506.5,506.5,120.0
2022-12-09,507.79999,519.0,507.79999,519.0,12.0
2022-12-12,510.0,510.0,510.0,510.0,10.0
2022-12-13,508.0,520.90002,508.0,519.0,68.0
2022-12-14,510.0,520.5,510.0,520.5,87.0
2022-12-15,510.0,519.5,510.0,519.5,69.0
2022-12-16,510.5,510.5,510.0,510.0,459.0
2022-12-19,510.0,510.0,510.0,510.0,10.0
2022-12-20,510.0,510.0,510.0,510.0,90.0
2022-12-21,501.10001,533.59998,501.10001,533.59998,78.0
2022-12-23,527.0,540.0,527.0,540.0,85.0
2022-12-26,540.0,549.0,540.0,549.0,15.0
2022-12-27,540.0,549.0,540.0,549.0,20.0
2022-12-30,518.09998,541.79999,518.09998,541.79999,213.0
2023-01-03,520.09998,534.0,510.0,510.0,1370.0
2023-01-04,506.0,506.0,506.0,506.0,16.0
2023-01-05,500.10001,500.10001,479.0,500.0,181.0
2023-01-06,509.0,510.0,509.0,510.0,22.0
2023-01-10,514.90002,514.90002,480.60001,513.79999,13.0
2023-01-12,484.10001,519.90002,484.10001,519.90002,514.0
2023-01-13,510.0,523.90002,505.0,523.90002,34.0
2023-01-16,523.90002,523.90002,500.0,523.0,15219.0
2023-01-17,523.0,545.0,520.0,545.0,230.0
2023-01-18,513.09998,535.0,513.09998,535.0,129.0
2023-01-20,512.0,512.0,512.0,512.0,16.0
2023-01-23,527.0,527.0,527.0,527.0,1.0
2023-01-30,508.0,508.0,505.70001,505.70001,34.0
2023-01-31,506.10001,516.0,506.10001,516.0,211.0
2023-02-01,506.10001,521.20001,506.10001,521.20001,374.0
2023-02-02,510.0,550.0,510.0,521.70001,124.0
2023-02-03,537.20001,537.20001,521.0,521.0,1503.0
2023-02-06,522.0,530.0,516.0,516.0,565.0
2023-02-07,528.0,529.0,528.0,529.0,20.0
2023-02-09,532.0,559.0,521.0,551.70001,745.0
2023-02-10,552.5,552.5,552.5,552.5,1.0
2023-02-15,519.5,539.79999,519.5,539.79999,740.0
2023-02-16,525.09998,525.09998,525.09998,525.09998,2.0
2023-02-17,525.5,534.0,523.09998,534.0,8.0
2023-02-21,524.0,524.0,524.0,524.0,13.0
2023-02-22,542.0,542.0,542.0,542.0,6.0
2023-02-24,525.09998,538.0,525.09998,538.0,7.0
2023-02-27,537.70001,537.70001,531.0,531.0,9.0
2023-02-28,539.0,545.0,539.0,545.0,100.0
2023-03-01,548.0,548.0,548.0,548.0,35.0
2023-03-06,537.0,537.0,530.0,530.0,34.0
2023-03-07,530.09998,530.09998,530.0,530.0,23.0
2023-03-10,539.0,539.0,539.0,539.0,10.0
2023-03-13,530.0,539.0,530.0,539.0,101.0
2023-03-14,539.0,540.0,539.0,540.0,23.0
2023-03-15,525.0,538.90002,525.0,538.90002,22.0
2023-03-16,525.5,538.0,525.5,538.0,12.0
2023-03-17,519.0,519.0,519.0,519.0,2.0
2023-03-20,534.5,538.0,534.5,538.0,32.0
2023-03-22,535.0,536.0,530.0,530.0,155.0
2023-03-23,537.0,539.0,537.0,539.0,197.0
2023-03-24,522.0,522.0,506.70001,506.70001,825.0
2023-03-27,524.0,524.0,519.0,519.0,10.0
2023-03-31,510.10001,511.0,506.0,506.0,58.0
2023-04-03,510.0,510.0,510.0,510.0,33.0
2023-04-05,510.0,510.0,510.0,510.0,53.0
2023-04-06,510.0,510.0,506.0,508.0,1044.0
2023-04-10,478.0,513.0,478.0,492.0,819.0
2023-04-11,492.0,492.0,492.0,492.0,68.0
2023-04-13,506.0,506.0,506.0,506.0,2.0
2023-04-14,506.0,508.0,506.0,506.0,7.0
2023-04-20,492.60001,511.0,492.60001,511.0,7.0
2023-04-21,513.0,513.0,513.0,513.0,6.0
2023-04-26,512.90002,512.90002,492.29999,509.89999,21.0
2023-04-27,507.89999,509.89999,507.89999,509.89999,19.0
2023-04-28,509.0,510.0,509.0,510.0,80.0
2023-05-10,507.29999,507.29999,495.0,505.89999,39.0
2023-05-11,496.10001,496.10001,495.0,495.0,91.0
2023-05-12,495.10001,495.10001,495.0,495.0,160.0
2023-05-15,493.0,507.89999,493.0,507.89999,108.0
2023-05-18,497.0,497.0,496.0,496.0,20.0
2023-05-19,506.0,506.0,506.0,506.0,10.0
2023-05-22,505.89999,505.89999,505.79999,505.79999,24.0
2023-05-23,496.0,505.89999,495.0,505.89999,6.0
2023-05-24,500.0,500.0,500.0,500.0,5.0
2023-05-25,500.0,500.0,500.0,500.0,300.0
2023-05-26,500.0,507.0,495.0,507.0,37.0
2023-05-29,507.0,507.0,500.0,500.0,180.0
2023-05-30,501.0,505.0,500.0,505.0,54.0
2023-06-01,500.0,500.0,499.89999,499.89999,17.0
2023-06-02,496.10001,514.79999,496.10001,499.0,69.0
2023-06-05,499.0,499.0,495.0,495.0,549.0
2023-06-06,494.29999,500.0,494.29999,500.0,49.0
2023-06-07,492.0,500.0,485.04999,500.0,179.0
2023-06-08,500.0,509.20001,500.0,508.0,152.0
2023-06-09,500.0,512.0,497.0,497.0,205.0
2023-06-12,498.0,498.0,497.0,498.0,166.0
2023-06-13,500.0,507.0,497.0,507.0,289.0
2023-06-14,507.0,507.0,500.0,507.0,96.0
2023-06-15,495.20001,500.0,493.0,500.0,217.0
2023-06-16,505.0,507.5,500.0,500.0,263.0
2023-06-19,508.0,514.70001,508.0,510.0,53.0
2023-06-20,511.0,520.0,506.0,520.0,295.0
2023-06-21,518.0,519.90002,518.0,519.90002,47.0
2023-06-22,519.0,520.0,519.0,520.0,90.0
2023-06-23,520.0,524.70001,498.0,520.0,446.0
2023-06-26,518.0,518.0,518.0,518.0,14.0
2023-06-28,518.0,528.0,518.0,528.0,299.0
2023-07-03,527.0,527.0,526.0,526.0,12.0
2023-07-04,526.0,540.0,523.40002,530.0,218.0
2023-07-05,525.0,525.0,510.0,525.0,238.0
2023-07-06,515.0,525.0,515.0,525.0,100.0
2023-07-07,525.0,525.0,525.0,525.0,5.0
2023-07-10,527.0,528.0,526.0,526.0,3154.0
2023-07-11,526.0,534.0,526.0,527.09998,3858.0
2023-07-12,520.0,520.0,520.0,520.0,73.0
2023-07-14,518.0,519.5,518.0,519.5,36.0
2023-07-17,519.79999,519.79999,519.79999,519.79999,4.0
2023-07-18,510.5,519.70001,500.20001,515.0,113.0
2023-07-20,515.0,515.0,515.0,515.0,10.0
2023-07-24,515.0,517.0,515.0,517.0,3043.0
2023-07-25,515.0,517.0,515.0,517.0,7298.0
2023-07-26,508.0,518.0,505.10001,518.0,40.0
2023-07-27,517.0,519.0,517.0,518.0,43.0
2023-07-28,519.0,525.0,517.0,525.0,2207.0
2023-07-31,525.0,525.0,515.09998,525.0,70.0
2023-08-01,530.0,536.0,529.0,536.0,239.0
2023-08-02,536.0,536.0,523.0,523.0,43.0
2023-08-03,536.0,536.0,535.0,535.0,241.0
2023-08-04,539.79999,539.79999,530.0,530.0,310.0
2023-08-07,526.0,541.0,526.0,541.0,348.0
2023-08-09,539.0,539.0,538.0,538.0,4.0
2023-08-11,538.0,540.0,538.0,540.0,361.0
2023-08-15,531.0,539.5,530.0,539.5,125.0
2023-08-16,532.0,545.0,532.0,545.0,202.0
2023-08-17,540.0,550.0,540.0,550.0,194.0
2023-08-18,550.0,550.0,521.0,521.0,274.0
2023-08-22,523.79999,536.59998,523.0,536.59998,37.0
2023-08-23,536.59998,536.59998,536.59998,536.59998,22.0
2023-08-24,536.0,543.0,536.0,542.90002,66.0
2023-08-25,542.59998,543.0,525.0,525.0,1071.0
2023-08-28,530.20001,530.20001,530.09998,530.09998,276.0
2023-08-29,539.0,539.0,539.0,539.0,100.0
2023-08-30,540.0,540.0,530.20001,540.0,30.0
2023-08-31,530.29999,540.0,530.0,530.0,627.0
2023-09-01,540.0,544.0,540.0,543.90002,35.0
2023-09-04,530.5,530.5,530.09998,530.09998,10.0
2023-09-05,530.5,530.5,530.0,530.0,250.0
2023-09-06,530.0,530.0,525.5,525.5,10.0
2023-09-07,526.5,527.5,526.5,527.5,52.0
2023-09-08,526.5,530.0,526.5,530.0,1424.0
2023-09-11,526.59998,526.59998,525.0,525.0,35.0
2023-09-12,525.0,525.09998,525.0,525.09998,793.0
2023-09-13,525.0,525.20001,525.0,525.0,2492.0
2023-09-14,521.0,521.0,521.0,521.0,16.0
2023-09-15,525.0,525.0,525.0,525.0,2812.0
2023-09-18,521.0,533.79999,521.0,533.79999,14.0
2023-09-20,545.0,554.0,535.0,535.0,2160.0
2023-09-21,548.0,550.0,535.0,536.0,235.0
2023-09-22,526.09998,545.0,522.0,545.0,864.0
2023-09-25,544.79999,544.79999,544.79999,544.79999,3.0
2023-09-26,535.0,535.0,535.0,535.0,3.0
2023-09-27,530.0,531.5,530.0,530.5,131.0
2023-10-02,539.90002,539.90002,520.09998,520.09998,4836.0
2023-10-03,522.0,522.0,521.0,521.0,25.0
2023-10-04,531.0,552.0,531.0,552.0,380.0
2023-10-05,549.90002,550.0,545.0,550.0,13.0
2023-10-06,555.0,570.0,530.0,570.0,345.0
2023-10-11,574.40002,574.40002,550.0,550.0,4081.0
2023-10-12,570.90002,570.90002,570.90002,570.90002,10.0
2023-10-13,569.0,569.0,565.0,565.0,35.0
2023-10-16,550.0,569.0,550.0,569.0,113.0
2023-10-17,550.0,550.09998,550.0,550.09998,637.0
2023-10-18,565.0,565.0,550.0,550.0,3005.0
2023-10-19,565.90002,566.0,565.0,566.0,1053.0
2023-10-20,550.09998,563.0,550.0,563.0,130.0
2023-10-23,563.0,563.0,547.0,547.0,65.0
2023-10-24,565.79999,582.0,564.59998,580.0,473.0
2023-10-26,551.20001,578.90002,551.20001,578.90002,11.0
2023-10-30,547.20001,548.0,547.20001,547.5,20.0
2023-10-31,575.90002,575.90002,575.90002,575.90002,40.0
2023-11-01,574.79999,575.0,574.0,575.0,36.0
2023-11-02,565.0,565.0,565.0,565.0,100.0
2023-11-08,570.0,570.0,570.0,570.0,444.0
2023-11-09,570.0,570.0,570.0,570.0,26.0
2023-11-10,569.5,578.0,569.5,578.0,1561.0
2023-11-13,544.09998,579.90002,544.09998,579.90002,144.0
2023-11-14,554.0,554.09998,554.0,554.09998,53.0
2023-11-15,575.0,575.0,575.0,575.0,100.0
2023-11-16,575.0,575.0,574.79999,574.90002,5.0
2023-11-17,574.0,574.0,574.0,574.0,100.0
2023-11-20,560.09998,575.0,560.09998,575.0,184.0
2023-11-21,574.79999,574.90002,560.09998,574.79999,82.0
2023-11-22,574.70001,575.0,560.0,575.0,584.0
2023-11-23,558.29999,574.0,558.09998,573.0,159.0
2023-11-24,575.0,575.0,568.0,568.0,10349.0
2023-11-28,570.0,570.0,570.0,570.0,3.0
2023-11-29,564.5,564.5,564.0,564.0,6136.0
2023-11-30,560.0,560.0,560.0,560.0,57.0
2023-12-04,556.0,556.0,556.0,556.0,12.0
2023-12-06,557.0,557.0,550.0,550.0,506.0
2023-12-07,550.0,550.0,550.0,550.0,14.0
2023-12-08,545.0,545.0,545.0,545.0,300.0
2023-12-12,575.0,575.0,575.0,575.0,100.0
2023-12-13,564.0,564.0,564.0,564.0,5023.0
2023-12-15,576.79999,579.0,554.09998,554.09998,225.0
2023-12-20,564.0,578.0,564.0,565.0,2852.0
2023-12-21,575.70001,575.70001,575.70001,575.70001,20.0
2023-12-22,565.0,575.0,565.0,575.0,1502.0
2023-12-26,575.0,580.0,575.0,580.0,2745.0
2023-12-27,580.0,590.0,580.0,590.0,12.0
2023-12-29,600.0,600.0,600.0,600.0,5000.0
2024-01-02,600.0,600.0,600.0,600.0,1318.0
2024-01-03,600.0,600.0,600.0,600.0,2.0
2024-01-04,583.0,608.0,583.0,608.0,130.0
2024-01-05,608.0,625.0,608.0,625.0,14648.0
2024-01-08,639.5,649.0,639.5,649.0,106.0
2024-01-09,631.0,639.0,630.0,639.0,82.0
2024-01-10,640.0,640.0,620.0,620.0,117.0
2024-01-12,638.90002,639.0,620.0,620.0,84.0
2024-01-15,622.0,637.90002,620.0,637.90002,2510.0
2024-01-16,636.90002,636.90002,630.0,630.0,1662.0
2024-01-17,630.0,648.0,630.0,648.0,1472.0
2024-01-18,648.0,680.0,648.0,679.90002,286.0
2024-01-19,650.0,678.0,650.0,678.0,41.0
2024-01-23,650.09998,653.0,650.09998,652.0,310.0
2024-01-24,652.0,652.0,652.0,652.0,1.0
2024-01-25,652.0,652.0,650.0,650.0,1316.0
2024-01-26,640.0,640.0,640.0,640.0,800.0
2024-01-29,640.0,668.5,640.0,668.5,75.0
2024-01-30,660.0,660.90002,650.0,660.79999,14.0
2024-01-31,662.0,662.0,662.0,662.0,6.0
2024-02-01,642.29999,642.29999,642.29999,642.29999,282.0
2024-02-02,650.09998,650.09998,650.09998,650.09998,1079.0
2024-02-05,650.0,660.0,650.0,660.0,3573.0
2024-02-06,650.0,660.0,650.0,650.0,834.0
2024-02-07,644.09998,662.5,644.09998,662.5,3357.0
2024-02-08,660.0,685.0,650.0,685.0,260.0
2024-02-09,652.5,698.0,652.5,693.0,100.0
2024-02-12,690.0,695.0,690.0,694.90002,589.0
2024-02-13,694.90002,694.90002,662.0,662.0,19.0
2024-02-14,660.0,670.0,660.0,670.0,1198.0
2024-02-15,672.0,679.70001,672.0,675.0,43.0
2024-02-16,678.0,678.0,678.0,678.0,2.0
2024-02-20,678.0,678.0,678.0,678.0,10.0
2024-02-21,678.0,678.0,678.0,678.0,15.0
2024-02-22,661.09998,679.0,655.0,679.0,27.0
2024-02-23,677.79999,695.0,657.5,695.0,131.0
2024-02-26,694.90002,695.0,694.90002,694.90002,64.0
2024-02-27,670.0,690.0,670.0,690.0,2015.0
2024-02-28,692.0,692.0,692.0,692.0,5.0
2024-02-29,690.0,692.0,690.0,692.0,136.0
2024-03-01,691.90002,691.90002,670.90002,689.70001,25.0
2024-03-05,671.09998,671.09998,670.0,671.0,1715.0
2024-03-06,686.90002,686.90002,686.90002,686.90002,1.0
2024-03-08,682.0,682.0,665.0,665.0,55.0
2024-03-11,675.0,683.90002,670.0,670.0,1619.0
2024-03-13,684.0,688.0,684.0,685.0,396.0
2024-03-14,670.0,670.0,670.0,670.0,209.0
2024-03-15,670.0,678.0,670.0,678.0,83.0
2024-03-18,661.0,661.0,625.09998,660.0,953.0
2024-03-19,646.0,670.0,646.0,670.0,48.0
2024-03-21,650.0,650.0,650.0,650.0,50.0
2024-03-22,650.0,668.0,650.0,668.0,18.0
2024-03-25,667.79999,667.79999,667.79999,667.79999,5.0
2024-03-26,665.0,665.0,665.0,665.0,5.0
2024-03-27,667.79999,667.79999,660.0,660.0,22.0
2024-03-28,660.0,660.0,652.5,652.5,1598.0
2024-03-29,652.59998,659.0,652.59998,659.0,545.0
2024-04-02,659.0,659.0,659.0,659.0,1.0
2024-04-03,657.90002,657.90002,650.0,650.0,97.0
2024-04-04,650.09998,650.09998,650.09998,650.09998,556.0
2024-04-08,669.90002,695.0,655.0,695.0,1763.0
2024-04-09,666.0,684.0,666.0,684.0,76.0
2024-04-15,684.0,685.0,684.0,685.0,184.0
2024-04-16,684.0,684.0,660.09998,660.09998,325.0
2024-04-17,659.09998,684.0,657.0,684.0,128.0
2024-04-18,685.0,685.0,658.59998,658.59998,273.0
2024-04-19,684.79999,684.79999,663.0,663.0,239.0
2024-04-24,661.09998,680.40002,661.09998,680.40002,25.0
2024-04-25,661.29999,661.29999,660.20001,660.20001,14.0
2024-04-26,679.40002,679.40002,660.0,660.0,1359.0
2024-04-29,676.59998,678.29999,676.59998,678.29999,2.0
2024-05-03,677.40002,679.79999,665.0,665.0,149.0
2024-05-06,665.0,665.0,665.0,665.0,91.0
2024-05-07,670.0,670.0,665.0,665.0,53.0
2024-05-08,665.0,665.0,654.0,654.0,39.0
2024-05-10,670.0,670.0,664.0,664.0,2304.0
2024-05-13,675.79999,675.79999,665.0,665.0,4084.0
2024-05-14,665.0,665.0,665.0,665.0,2.0
2024-05-15,665.0,665.0,665.0,665.0,30.0
2024-05-16,664.90002,664.90002,664.90002,664.90002,15.0
2024-05-17,651.0,664.79999,650.0,664.79999,190.0
2024-05-20,664.90002,664.90002,664.90002,664.90002,4.0
2024-05-21,664.90002,664.90002,664.90002,664.90002,4.0
2024-05-22,664.0,665.0,664.0,665.0,9.0
2024-05-23,665.0,665.0,650.0,650.0,102.0
2024-05-24,650.0,665.0,650.0,665.0,24.0
2024-05-27,655.0,655.0,655.0,655.0,20.0
2024-05-29,655.0,655.0,646.0,646.0,17.0
2024-05-31,664.79999,665.0,664.79999,665.0,15.0
2024-06-03,646.09998,646.09998,646.09998,646.09998,14.0
2024-06-04,650.0,650.0,650.0,650.0,30.0
2024-06-06,646.0,646.0,646.0,646.0,2.0
2024-06-07,646.0,664.79999,646.0,664.79999,9.0
2024-06-10,625.0,627.0,625.0,627.0,9.0
2024-06-11,663.90002,663.90002,631.0,631.0,2001.0
2024-06-14,632.09998,657.0,632.09998,657.0,156.0
2024-06-19,630.59998,660.0,630.59998,660.0,153.0
2024-06-20,659.90002,659.90002,634.09998,634.09998,704.0
2024-06-25,649.90002,649.90002,649.90002,649.90002,900.0
2024-06-27,640.20001,640.20001,640.0,640.0,2010.0
2024-06-28,649.5,649.5,649.5,649.5,21.0
2024-07-01,650.0,650.0,650.0,650.0,5.0
2024-07-02,650.0,650.0,627.0,648.90002,26.0
2024-07-03,635.0,635.0,630.0,630.0,136.0
2024-07-04,631.0,649.5,631.0,649.5,31.0
2024-07-05,630.0,649.90002,630.0,649.90002,2460.0
2024-07-09,650.0,650.0,637.0,642.0,1076.0
2024-07-10,649.90002,649.90002,649.90002,649.90002,5.0
2024-07-11,650.0,650.0,650.0,650.0,2.0
2024-07-12,672.0,680.0,660.0,679.79999,876.0
2024-07-16,650.0,650.0,640.0,640.0,2571.0
2024-07-17,643.0,643.0,643.0,643.0,9.0
2024-07-18,643.0,645.0,643.0,645.0,300.0
2024-07-19,645.0,645.0,644.90002,644.90002,109.0
2024-07-22,644.0,644.0,644.0,644.0,27.0
2024-07-23,643.5,643.5,630.0,630.0,167.0
2024-07-24,644.0,644.0,630.09998,630.09998,105.0
2024-07-25,645.0,645.0,645.0,645.0,35.0
2024-07-26,644.0,644.0,643.0,644.0,42.0
2024-07-29,643.90002,643.90002,643.90002,643.90002,9.0
2024-07-31,631.40002,643.90002,630.0,630.0,852.0
2024-08-01,640.0,644.90002,640.0,644.90002,200.0
2024-08-02,642.0,645.0,640.0,640.0,2329.0
2024-08-05,645.0,645.0,632.0,632.0,88.0
2024-08-06,643.0,643.0,643.0,643.0,15.0
2024-08-07,640.0,640.0,640.0,640.0,2.0
2024-08-08,632.09998,632.09998,632.09998,632.09998,30.0
2024-08-09,632.20001,632.20001,629.0,630.0,62.0
2024-08-12,630.0,640.0,630.0,630.0,10.0
2024-08-19,630.0,630.0,630.0,630.0,20.0
2024-08-23,631.0,631.0,630.0,630.0,18.0
2024-08-26,638.5,638.5,638.0,638.0,77.0
2024-08-27,637.0,637.0,637.0,637.0,10.0
2024-08-28,638.0,638.0,625.0,625.0,70.0
2024-08-30,628.0,640.0,625.0,640.0,240.0
2024-09-02,649.5,649.59998,625.0,625.0,465.0
2024-09-03,640.0,640.0,625.0,625.0,28.0
2024-09-04,625.2,640.0,625.2,640.0,33.0
2024-09-05,640.0,649.90002,640.0,649.90002,14.0
2024-09-09,649.9,649.9,626.0,627.0,49.0
2024-09-10,627.3,627.3,627.0,627.0,60.0
2024-09-12,626.0,626.0,625.0,625.0,160.0
2024-09-13,630.0,630.0,630.0,630.0,14.0
2024-09-18,640.0,640.0,640.0,640.0,3.0
2024-09-19,625.1,625.1,625.1,625.1,1.0
2024-09-24,639.9,640.0,630.1,630.1,495.0
2024-09-25,631.0,646.0,631.0,646.0,17.0
2024-09-26,645.8,659.0,640.0,640.0,2452.0
2024-09-27,668.0,668.0,650.0,660.0,943.0
2024-09-30,650.0,658.0,650.0,658.0,33.0
2024-10-01,650.0,669.0,646.2,662.0,210.0
2024-10-02,646.2,646.2,630.0,630.0,840.0
2024-10-03,630.0,655.7,630.0,655.7,7.0
2024-10-04,630.2,659.0,630.0,640.0,1168.0
2024-10-07,631.1,653.0,631.0,653.0,59.0
2024-10-08,630.2,658.5,630.2,658.5,50.0
2024-10-10,640.0,640.0,640.0,640.0,1650.0
2024-10-11,640.0,655.0,640.0,655.0,113.0
2024-10-14,640.0,640.0,636.0,640.0,3.0
2024-10-15,630.0,630.0,630.0,630.0,356.0
2024-10-16,629.0,629.0,626.1,626.1,59.0
2024-10-17,626.1,645.9,626.1,630.0,24.0
2024-10-18,645.0,645.0,645.0,645.0,103.0
2024-10-23,639.0,639.0,639.0,639.0,6.0
2024-10-30,627.0,627.0,627.0,627.0,18.0
2024-10-31,630.0,630.0,620.0,620.0,556.0
2024-11-01,625.0,625.0,625.0,625.0,30.0
2024-11-04,625.0,625.0,601.2,601.2,74.0
2024-11-05,624.9,625.0,620.0,625.0,77.0
2024-11-07,634.9,635.0,634.9,635.0,112.0
2024-11-08,635.0,639.0,625.0,625.0,2093.0
2024-11-12,630.0,630.0,630.0,630.0,10.0
2024-11-13,625.0,625.0,625.0,625.0,14.0
2024-11-14,625.1,626.0,625.0,626.0,18.0
2024-11-15,625.0,625.0,625.0,625.0,61.0
2024-11-19,625.0,626.0,625.0,625.0,85.0
2024-11-20,634.0,634.0,634.0,634.0,1.0
2024-11-21,625.0,625.0,615.0,615.0,332.0
2024-11-25,627.9,627.9,627.9,627.9,5.0
2024-11-26,625.0,639.0,625.0,639.0,5.0
2024-11-27,645.0,645.0,645.0,645.0,4.0
2024-12-03,651.0,651.0,651.0,651.0,1.0
2024-12-06,615.8,650.0,615.7,650.0,255.0
2024-12-09,618.4,649.9,618.4,649.9,58.0
2024-12-10,621.5,622.1,621.5,622.0,17.0
2024-12-11,640.0,640.0,640.0,640.0,4000.0
2024-12-17,635.0,650.0,635.0,650.0,8613.0
2024-12-19,650.0,650.0,632.0,650.0,6.0
2024-12-25,639.0,639.0,631.0,631.0,399.0
2024-12-26,650.0,650.0,649.9,650.0,29.0
2024-12-27,649.9,650.0,649.0,650.0,33.0
2024-12-30,648.9,649.0,631.1,631.1,33.0
2024-12-31,640.0,640.0,605.0,605.0,4553.0
2025-01-02,624.9,630.0,624.9,629.0,112.0
2025-01-03,629.0,647.0,629.0,647.0,460.0
2025-01-06,647.0,647.0,647.0,647.0,1.0
2025-01-07,623.0,630.0,623.0,630.0,66.0
2025-01-08,624.5,630.0,624.3,630.0,278.0
2025-01-09,630.1,630.1,630.1,630.1,5.0
2025-01-10,640.0,685.0,631.1,685.0,4900.0
2025-01-13,685.0,685.0,652.1,652.1,342.0
2025-01-15,648.0,653.1,648.0,650.0,39.0
2025-01-16,650.0,650.0,650.0,650.0,5.0
2025-01-17,650.0,679.9,650.0,679.9,4225.0
2025-01-20,678.0,678.0,678.0,678.0,15.0
2025-01-21,660.1,660.1,660.1,660.1,1.0
2025-01-22,661.0,661.0,660.0,660.0,337.0
2025-01-23,660.0,660.0,660.0,660.0,108.0
2025-01-24,674.0,694.0,673.9,693.9,210.0
2025-01-27,693.0,693.0,670.0,670.0,49.0
2025-01-28,670.0,670.0,670.0,670.0,2.0
2025-01-29,691.8,691.8,691.8,691.8,1.0
2025-01-30,689.5,700.0,689.5,699.0,310.0
2025-01-31,700.0,729.0,670.0,729.0,841.0
2025-02-03,729.0,730.0,728.0,729.0,22.0
2025-02-04,682.1,707.2,682.1,700.0,451.0
2025-02-05,700.0,700.0,686.0,686.0,482.0
2025-02-07,689.1,699.0,686.0,699.0,359.0
2025-02-11,719.9,719.9,719.9,719.9,80.0
2025-02-12,707.9,708.9,686.2,700.0,262.0
2025-02-13,700.0,700.0,700.0,700.0,2047.0
2025-02-14,693.0,730.0,693.0,730.0,379.0
2025-02-17,730.0,789.0,729.0,735.0,361.0
2025-02-18,740.0,740.0,735.0,740.0,198.0
2025-02-19,738.0,779.8,735.0,779.8,973.0
2025-02-20,790.0,820.0,790.0,810.1,260.0
2025-02-21,815.0,815.0,778.0,778.0,18.0
2025-02-24,724.1,780.0,724.1,780.0,103.0
2025-02-25,732.0,779.9,732.0,760.0,70.0
2025-02-26,780.0,780.0,736.0,765.0,3037.0
2025-02-28,747.9,772.0,732.3,772.0,403.0
2025-03-03,765.0,770.0,765.0,770.0,30.0
2025-03-04,765.0,780.0,765.0,780.0,2110.0
2025-03-06,780.0,810.0,756.1,756.1,1833.0
2025-03-07,804.9,804.9,775.0,775.0,11.0
2025-03-10,770.1,789.9,770.1,789.9,12.0
2025-03-11,760.1,760.1,760.0,760.0,15.0
2025-03-12,760.0,799.9,760.0,799.9,67.0
2025-03-13,780.1,800.0,780.0,780.0,95.0
2025-03-14,790.0,790.0,790.0,790.0,30.0
2025-03-17,800.0,810.0,790.0,790.1,417.0
2025-03-19,790.1,805.0,785.0,805.0,1280.0
2025-03-20,810.0,823.0,790.0,820.0,5846.0
2025-03-21,817.0,848.0,817.0,848.0,4233.0
2025-03-24,840.0,850.0,838.7,850.0,5030.0
2025-03-25,830.1,850.0,827.0,827.0,112.0
2025-03-26,827.0,827.0,805.1,825.9,8.0
2025-03-27,810.0,824.0,805.0,824.0,538.0
2025-04-02,828.0,828.0,824.0,824.0,40.0
2025-04-03,809.0,820.0,776.0,791.0,339.0
2025-04-04,785.0,800.0,785.0,795.0,616.0
2025-04-07,780.0,799.0,750.0,750.0,111.0
2025-04-08,750.0,790.0,750.0,790.0,33.0
2025-04-09,790.0,790.0,780.0,780.0,15.0
2025-04-10,800.0,844.0,800.0,820.0,76.0
2025-04-11,820.0,820.0,783.1,820.0,233.0
2025-04-14,820.0,820.0,820.0,820.0,66.0
2025-04-15,820.0,849.9,820.0,849.9,307.0
2025-04-16,844.7,844.7,820.0,820.0,14.0
2025-04-17,849.8,850.0,820.0,820.0,326.0
2025-04-18,820.0,840.0,820.0,840.0,528.0
2025-04-21,760.1,839.9,760.1,839.9,120.0
2025-04-25,834.9,840.0,810.1,840.0,318.0
2025-04-28,790.1,791.1,790.1,791.1,20.0
2025-04-29,797.1,810.0,797.1,809.0,1445.0
2025-05-02,823.9,850.0,819.8,824.0,1280.0
2025-05-05,824.0,824.0,824.0,824.0,3.0
2025-05-06,857.0,857.0,855.7,855.7,18.0
2025-05-07,855.0,880.0,855.0,880.0,83.0
2025-05-08,878.0,878.0,825.3,835.0,276.0
2025-05-09,835.0,852.0,801.6,850.0,956.0
2025-05-12,848.5,850.0,848.5,850.0,4641.0
2025-05-13,850.0,878.0,850.0,878.0,13.0
2025-05-14,878.0,880.0,835.0,835.0,4171.0
2025-05-15,860.0,878.9,850.1,850.1,454.0
2025-05-16,850.1,877.0,830.0,830.0,4919.0
2025-05-21,830.0,840.0,830.0,840.0,3516.0
2025-05-23,850.0,850.0,850.0,850.0,70.0
2025-05-28,850.0,850.0,850.0,850.0,437.0
2025-05-29,860.0,866.9,850.0,850.0,562.0
2025-06-05,854.0,854.0,854.0,854.0,5.0
2025-06-06,859.0,860.0,850.0,850.0,276.0
2025-06-10,830.0,832.1,830.0,832.1,385.0
2025-06-12,832.5,864.6,808.1,864.6,81.0
2025-06-13,864.4,868.0,863.5,868.0,206.0
2025-06-16,867.8,867.8,805.2,855.0,65.0
2025-06-17,855.0,867.7,855.0,867.7,70.0
2025-06-18,867.4,867.8,867.4,867.7,33.0
2025-06-19,867.7,867.8,867.7,867.8,17.0
2025-06-20,858.0,860.0,858.0,860.0,104.0
2025-06-23,860.0,860.0,860.0,860.0,1.0
2025-06-24,860.0,860.0,860.0,860.0,3.0
2025-06-26,855.0,855.0,825.1,830.0,144.0
2025-06-30,830.0,830.0,830.0,830.0,31.0
2025-07-01,855.0,855.0,835.0,835.0,3050.0
2025-07-02,850.0,900.0,850.0,900.0,218.0
2025-07-03,900.0,900.0,835.0,860.0,122.0
2025-07-04,885.0,900.0,880.0,900.0,154.0
2025-07-07,910.0,939.0,910.0,939.0,27.0
2025-07-08,938.9,938.9,938.0,938.0,59.0
2025-07-09,938.9,950.0,938.9,950.0,111.0
2025-07-10,956.0,980.0,900.0,969.0,241.0
2025-07-11,912.0,973.9,912.0,973.9,463.0
2025-07-14,974.0,1000.0,974.0,1000.0,139.0
2025-07-15,1025.0,1025.0,1000.0,1000.0,43.0
2025-07-16,1000.0,1000.0,941.2,945.0,54.0
2025-07-17,945.2,973.0,945.0,960.0,219.0
2025-07-18,960.0,980.0,960.0,969.0,83.0
2025-07-21,968.0,973.0,968.0,972.0,7.0
2025-07-23,968.0,968.0,960.0,960.0,48.0
2025-07-24,966.0,966.0,960.0,960.0,141.0
2025-07-25,964.0,964.0,960.0,960.0,45.0
2025-07-28,963.0,963.0,940.0,940.0,240.0
2025-07-29,950.0,950.0,950.0,950.0,14.0
2025-07-31,949.9,964.0,940.0,964.0,459.0
2025-08-01,964.0,970.0,960.0,960.0,804.0
2025-08-04,960.0,960.0,940.0,950.0,69.0
2025-08-05,962.0,970.0,962.0,970.0,30.0
2025-08-06,969.0,969.0,950.0,950.0,492.0
2025-08-07,930.0,969.0,930.0,969.0,435.0
2025-08-08,969.0,980.0,940.0,940.0,1318.0
2025-08-11,977.3,977.3,950.0,969.8,158.0
2025-08-12,946.0,968.9,946.0,950.0,314.0
2025-08-13,960.0,1000.0,936.2,949.9,2261.0
2025-08-15,936.0,970.0,936.0,970.0,145.0
2025-08-18,983.0,983.0,970.0,982.8,75.0
2025-08-19,979.7,979.7,950.4,950.4,10.0
2025-08-22,950.5,985.0,950.0,950.0,302.0
2025-08-25,958.0,979.4,943.1,950.0,73.0
2025-08-26,950.0,950.0,944.0,944.0,74.0
2025-08-27,945.0,945.0,945.0,945.0,1800.0
2025-08-28,945.0,950.0,940.0,940.0,289.0
2025-08-29,935.0,935.0,935.0,935.0,89.0
2025-09-01,977.5,977.5,930.0,930.0,176.0
2025-09-02,930.0,932.0,930.0,931.0,171.0
2025-09-03,950.0,950.0,931.0,949.0,44.0
2025-09-04,949.0,949.0,912.0,948.9,286.0
2025-09-08,939.0,968.0,935.0,968.0,357.0
2025-09-09,910.0,924.9,890.0,900.0,3492.0
2025-09-10,925.9,925.9,925.9,925.9,8.0
2025-09-11,910.0,937.0,910.0,937.0,190.0
2025-09-12,939.0,939.0,935.0,935.0,550.0
2025-09-16,910.1,910.1,905.0,910.0,43.0
2025-09-18,910.0,934.9,910.0,934.9,31.0
2025-09-19,934.0,934.0,897.0,900.0,649.0
2025-09-22,898.0,900.0,890.0,890.0,46.0
2025-09-23,895.0,900.0,895.0,900.0,57.0
2025-09-24,895.0,895.0,864.0,889.9,68.0
2025-09-25,825.0,870.0,825.0,825.0,1119.0
2025-09-26,832.0,847.9,817.0,846.7,598.0
2025-09-29,839.0,840.0,799.0,840.0,645.0
2025-09-30,838.0,838.0,766.0,828.0,256.0
2025-10-01,829.8,829.8,829.8,829.8,30.0
2025-10-02,810.0,826.0,810.0,826.0,156.0
2025-10-03,840.0,840.0,810.0,839.9,133.0
2025-10-06,845.0,845.0,810.5,810.5,274.0
2025-10-07,845.0,845.0,845.0,845.0,54.0
2025-10-08,845.0,845.0,840.0,840.0,126.0
2025-10-09,800.0,842.0,800.0,800.0,684.0
2025-10-10,796.0,830.0,780.0,780.0,1323.0
2025-10-13,832.0,835.0,829.0,832.0,144.0
2025-10-14,837.0,837.0,828.0,828.0,17.0
2025-10-15,803.2,828.0,803.2,828.0,30.0
2025-10-16,821.0,821.0,821.0,821.0,3.0
2025-10-17,800.0,800.1,790.0,800.0,279.0
2025-10-20,800.0,800.0,777.0,777.0,313.0
2025-10-21,782.0,797.9,782.0,797.9,2020.0
2025-10-22,799.5,799.5,783.0,783.0,103.0
2025-10-23,790.0,790.0,783.0,783.0,14.0
2025-10-24,787.0,800.0,787.0,791.0,848.0
2025-10-27,799.9,799.9,799.0,799.9,93.0
2025-10-28,800.0,800.0,800.0,800.0,36.0
2025-10-29,800.0,800.0,786.0,786.0,367.0
2025-10-30,786.0,799.9,781.0,781.0,63.0
2025-10-31,783.1,834.9,780.1,829.9,571.0
2025-11-03,844.0,856.0,820.0,820.0,139.0
2025-11-04,820.0,820.0,800.0,815.0,40.0
2025-11-05,844.0,844.0,805.0,805.0,20.0
2025-11-07,839.5,840.1,839.0,839.0,140.0
2025-11-10,840.0,840.0,806.0,806.0,44.0
2025-11-11,806.0,806.0,782.0,782.0,322.0
2025-11-12,784.1,784.1,784.0,784.0,16.0
2025-11-13,785.1,829.7,785.0,829.7,15.0
2025-11-14,796.7,796.7,796.7,796.7,1.0
2025-11-17,806.9,806.9,806.9,806.9,15.0
2025-11-19,796.6,796.6,773.0,773.0,88.0
2025-11-20,761.0,773.0,761.0,773.0,73.0
2025-11-21,765.0,766.0,765.0,766.0,16.0
2025-11-24,766.0,770.0,766.0,768.0,400.0
2025-11-25,768.0,768.0,768.0,768.0,30.0
2025-11-27,768.0,769.0,767.0,769.0,77.0
2025-11-28,799.9,833.0,799.9,819.0,30.0
2025-12-01,825.0,825.0,809.0,809.0,61.0
2025-12-02,785.0,785.0,780.0,780.0,149.0
2025-12-03,780.0,780.0,780.0,780.0,222.0
2025-12-04,780.1,780.1,750.0,779.0,505.0
2025-12-05,739.0,766.0,739.0,766.0,391.0
2025-12-08,751.0,752.0,751.0,752.0,9.0
2025-12-09,777.0,777.0,765.0,765.0,30.0
2025-12-10,756.0,765.0,756.0,760.0,33.0
2025-12-11,765.0,765.0,761.0,765.0,49.0
2025-12-12,765.0,765.0,765.0,765.0,188.0
2025-12-15,766.0,780.0,760.0,770.0,242.0
2025-12-16,756.1,757.0,755.0,755.0,255.0
2025-12-17,780.0,780.0,778.7,780.0,60.0
2025-12-18,779.9,780.0,779.9,780.0,50.0
2025-12-19,779.9,779.9,770.0,779.8,15.0
2025-12-22,779.8,779.8,757.0,760.0,168.0
2025-12-23,780.0,780.0,761.0,771.1,756.0
2025-12-24,780.0,780.0,780.0,780.0,11.0
2025-12-25,770.0,780.0,760.0,780.0,190.0
2025-12-26,780.0,800.0,780.0,800.0,2290.0
2025-12-29,799.0,800.0,799.0,800.0,138.0
2025-12-30,800.0,800.0,800.0,800.0,1.0
2025-12-31,765.0,799.8,765.0,799.7,2895.0
2026-01-02,772.0,799.7,772.0,799.7,120.0
2026-01-05,800.0,800.0,776.0,800.0,58.0
2026-01-06,780.1,820.0,776.0,819.0,61.0
2026-01-07,819.0,825.0,807.0,807.0,16.0
2026-01-08,800.0,800.1,800.0,800.0,105.0
2026-01-09,849.9,849.9,844.0,847.0,130.0
2026-01-12,847.0,847.0,815.0,839.0,73.0
2026-01-13,839.0,839.0,819.0,836.0,66.0
2026-01-15,837.0,837.0,818.0,818.0,37.0
2026-01-16,830.0,830.0,815.0,817.0,35.0
2026-01-19,810.0,810.0,810.0,810.0,5.0
2026-01-20,810.0,810.0,805.2,806.0,39.0
2026-01-21,806.0,806.0,800.0,800.0,87.0
2026-01-22,795.1,800.0,795.1,797.0,38.0
2026-01-23,798.0,801.0,798.0,801.0,3.0
2026-01-26,800.0,808.0,780.0,808.0,90.0
2026-01-27,785.0,808.0,780.0,808.0,57.0
2026-01-28,800.0,833.0,800.0,833.0,37.0
2026-01-29,834.5,834.5,801.0,801.0,1005.0
2026-01-30,804.0,819.9,800.0,819.9,75.0
2026-02-03,819.0,819.0,819.0,819.0,1.0
2026-02-04,818.9,818.9,801.0,818.5,2027.0
2026-02-05,810.0,810.0,800.0,800.0,146.0
2026-02-06,790.0,810.0,790.0,810.0,126.0
2026-02-09,805.0,810.0,800.0,810.0,16.0
2026-02-12,809.0,809.0,809.0,809.0,1200.0
2026-02-13,810.0,810.0,800.0,800.0,331.0
2026-02-16,795.0,795.0,795.0,795.0,6.0
2026-02-17,809.0,828.0,809.0,828.0,62.0
2026-02-20,794.0,800.0,794.0,794.5,22.0
2026-02-23,819.0,827.0,819.0,824.9,60.0
2026-02-24,792.0,793.5,792.0,792.0,64.0
2026-02-25,822.0,822.0,780.0,780.0,1528.0
2026-02-26,799.0,799.0,799.0,799.0,15.0
2026-02-27,819.5,819.5,819.5,819.5,1.0
2026-03-02,760.0,810.0,760.0,809.9,191.0
2026-03-03,800.0,800.0,760.0,790.0,155.0
2026-03-04,780.0,822.0,760.0,822.0,171.0
2026-03-05,800.0,800.0,785.0,800.0,75.0
2026-03-06,799.9,799.9,799.9,799.9,20.0
2026-03-09,798.9,798.9,760.0,782.5,17.0
2026-03-10,797.0,797.9,704.7,704.7,3540.0
2026-03-11,748.0,748.0,746.0,746.0,211.0
2026-03-12,730.0,744.0,720.0,737.0,258.0
2026-03-13,737.0,740.0,710.0,710.0,2079.0
2026-03-16,711.0,711.0,710.0,710.0,48.0
2026-03-17,734.0,734.0,734.0,734.0,100.0
2026-03-19,746.0,749.9,713.0,749.9,2270.0
2026-03-24,714.3,770.0,714.3,770.0,214.0
2026-03-25,752.0,752.0,752.0,752.0,2085.0
2026-03-26,753.6,755.0,750.0,750.0,88.0
2026-03-27,750.0,770.0,731.0,770.0,573.0
