Time,Open,High,Low,Close,Volume
2016-07-20,78.599998,78.599998,72.0,74.519997,2373605.0
2016-07-21,74.199997,79.0,74.0,79.0,1727368.0
2016-07-22,79.129997,80.900002,78.0,78.0,625573.0
2016-07-25,76.0,77.5,76.0,77.300003,608692.0
2016-07-26,77.0,77.900002,77.0,77.400002,474205.0
2016-07-27,77.099998,77.5,77.099998,77.480003,267159.0
2016-07-28,77.5,77.699997,77.0,77.400002,369741.0
2016-07-29,77.400002,77.550003,77.209999,77.550003,270394.0
2016-08-01,77.400002,77.699997,77.18,77.5,84116.0
2016-08-02,77.5,78.199997,77.5,78.199997,182917.0
2016-08-03,78.5,79.699997,78.5,79.0,336128.0
2016-08-04,79.010002,79.190002,78.199997,79.0,107214.0
2016-08-05,78.5,78.940002,78.309998,78.5,54700.0
2016-08-08,78.5,79.0,78.400002,78.599998,41970.0
2016-08-09,78.5,78.900002,78.5,78.510002,52361.0
2016-08-10,78.5,78.949997,78.5,78.900002,116005.0
2016-08-11,78.75,79.690002,78.75,79.010002,146957.0
2016-08-12,79.0,79.040001,78.900002,79.0,36061.0
2016-08-15,79.459999,79.459999,78.900002,79.0,55210.0
2016-08-16,78.900002,79.0,78.800003,79.0,21632.0
2016-08-17,78.900002,78.900002,78.599998,78.82,55626.0
2016-08-18,78.800003,78.879997,78.610001,78.800003,21309.0
2016-08-19,78.660004,78.900002,78.650002,78.800003,23174.0
2016-08-22,78.650002,78.940002,78.5,78.699997,59972.0
2016-08-23,78.699997,78.739998,78.5,78.5,148913.0
2016-08-24,78.599998,78.599998,78.25,78.5,165567.0
2016-08-25,78.330002,78.550003,78.32,78.5,34533.0
2016-08-26,78.349998,78.980003,78.050003,78.980003,111594.0
2016-08-29,78.5,79.099998,78.5,79.099998,46848.0
2016-08-30,78.699997,79.0,78.699997,79.0,29370.0
2016-08-31,78.510002,78.989998,78.510002,78.989998,44192.0
2016-09-01,78.599998,78.989998,78.5,78.970001,14951.0
2016-09-02,78.5,79.0,78.010002,78.739998,142214.0
2016-09-05,78.099998,78.75,77.5,78.0,29751.0
2016-09-06,77.650002,78.68,77.650002,78.129997,43980.0
2016-09-07,78.199997,78.699997,78.160004,78.5,41684.0
2016-09-08,78.5,78.599998,78.199997,78.300003,47631.0
2016-09-09,78.220001,78.489998,78.099998,78.190002,25073.0
2016-09-14,78.199997,78.199997,77.5,77.5,15771.0
2016-09-15,77.510002,77.940002,76.220001,77.800003,20615.0
2016-09-16,77.290001,77.290001,76.5,76.889999,72329.0
2016-09-19,76.150002,77.0,76.150002,76.989998,13051.0
2016-09-20,76.599998,77.5,76.599998,77.459999,71061.0
2016-09-21,77.5,78.599998,77.5,78.300003,68164.0
2016-09-22,77.230003,78.0,77.230003,78.0,21501.0
2016-09-23,77.099998,77.989998,77.099998,77.900002,9678.0
2016-09-26,79.0,80.5,79.0,80.0,407185.0
2016-09-27,80.0,80.550003,80.0,80.550003,191365.0
2016-09-28,80.610001,82.0,80.610001,82.0,144365.0
2016-09-29,82.199997,82.980003,82.120003,82.699997,82464.0
2016-09-30,82.559998,82.849998,81.5,82.010002,88288.0
2016-10-04,82.050003,82.199997,81.540001,82.059998,87535.0
2016-10-05,82.010002,84.0,82.0,84.0,134533.0
2016-10-06,84.209999,87.989998,84.209999,86.0,553631.0
2016-10-07,86.0,87.879997,86.0,87.099998,242378.0
2016-10-10,87.949997,87.980003,87.0,87.550003,69979.0
2016-10-11,87.800003,90.5,87.800003,90.5,258322.0
2016-10-12,91.0,93.900002,91.0,92.959999,163342.0
2016-10-13,92.5,93.0,89.010002,90.0,86300.0
2016-10-14,87.699997,88.900002,87.699997,88.400002,48798.0
2016-10-17,87.709999,91.400002,87.709999,90.0,188473.0
2016-10-18,91.980003,91.980003,90.25,90.349998,55752.0
2016-10-19,90.400002,91.010002,90.400002,90.559998,71074.0
2016-10-20,90.300003,90.949997,90.300003,90.889999,143910.0
2016-10-21,91.0,98.0,91.0,94.900002,538308.0
2016-10-24,96.0,96.989998,93.720001,94.699997,124781.0
2016-10-25,94.5,96.0,94.5,95.400002,140334.0
2016-10-26,95.300003,95.300003,93.599998,93.800003,65478.0
2016-10-27,93.800003,93.800003,92.699997,93.010002,37714.0
2016-10-28,93.199997,93.800003,92.800003,93.5,26419.0
2016-10-31,93.5,93.650002,93.0,93.650002,8784.0
2016-11-01,94.25,96.879997,94.0,96.0,100333.0
2016-11-02,97.0,97.5,96.099998,96.099998,80479.0
2016-11-03,95.550003,96.599998,95.550003,95.599998,19843.0
2016-11-04,95.050003,95.980003,94.269997,95.099998,21372.0
2016-11-07,96.190002,96.190002,95.0,95.5,3458.0
2016-11-08,95.019997,96.5,95.019997,96.0,23226.0
2016-11-09,96.25,98.0,95.849998,97.489998,183529.0
2016-11-10,98.0,101.95,98.0,99.5,442872.0
2016-11-11,99.5,99.650002,98.260002,98.900002,51461.0
2016-11-14,99.550003,99.550003,98.610001,99.099998,40996.0
2016-11-15,99.599998,101.85,99.550003,100.5,100649.0
2016-11-16,100.5,103.45,100.5,102.5,121088.0
2016-11-17,102.9,105.4,102.9,104.75,121957.0
2016-11-21,105.0,107.95,104.0,106.3,56750.0
2016-11-22,108.8,109.95,107.5,108.8,145614.0
2016-11-23,109.0,109.0,103.0,105.0,136171.0
2016-11-24,105.0,106.0,104.1,105.2,45996.0
2016-11-25,104.5,105.4,104.15,104.9,10525.0
2016-11-28,103.5,105.0,103.5,105.0,34022.0
2016-11-29,105.05,107.45,105.05,107.45,39033.0
2016-11-30,106.05,107.45,106.05,107.45,70211.0
2016-12-01,105.5,107.4,105.5,107.0,53793.0
2016-12-02,107.0,107.0,105.6,105.6,37279.0
2016-12-05,106.0,107.0,105.0,105.9,41309.0
2016-12-06,105.5,106.7,105.1,106.0,45191.0
2016-12-07,106.5,106.5,105.05,105.9,62310.0
2016-12-08,105.5,105.9,105.0,105.5,60909.0
2016-12-09,105.0,106.45,105.0,106.45,442408.0
2016-12-14,106.2,109.0,106.2,108.0,32557.0
2016-12-15,108.0,111.5,108.0,110.1,63010.0
2016-12-16,110.15,112.7,110.15,112.5,57411.0
2016-12-19,112.2,120.0,112.2,119.4,326186.0
2016-12-20,119.15,119.2,115.0,118.0,213365.0
2016-12-21,117.2,118.55,115.0,115.2,104902.0
2016-12-22,115.6,118.5,115.6,117.0,101222.0
2016-12-23,118.85,122.1,117.0,120.0,340733.0
2016-12-26,120.0,120.0,118.0,118.0,19722.0
2016-12-27,119.0,119.0,116.1,117.0,137526.0
2016-12-28,117.0,117.9,114.0,116.0,860341.0
2016-12-29,116.0,119.0,116.0,116.0,124308.0
2016-12-30,115.35,117.0,114.0,117.0,184422.0
2017-01-02,116.0,116.0,115.35,116.0,5078.0
2017-01-03,116.0,118.0,116.0,118.0,82285.0
2017-01-04,118.1,121.0,118.05,120.55,269427.0
2017-01-05,121.0,129.0,121.0,128.0,335228.0
2017-01-06,133.0,140.75,133.0,136.89999,463936.0
2017-01-09,135.0,137.89999,130.14999,131.0,203372.0
2017-01-10,131.5,135.89999,131.5,134.05,142045.0
2017-01-12,135.0,139.8,135.0,138.10001,295898.0
2017-01-13,139.8,141.0,128.14999,137.89999,423041.0
2017-01-16,132.0,137.8,132.0,134.05,22023.0
2017-01-17,134.2,136.60001,132.0,133.05,57836.0
2017-01-18,132.3,133.5,128.5,133.35001,69209.0
2017-01-19,133.60001,138.0,133.60001,136.25,97697.0
2017-01-20,137.0,138.0,136.10001,138.0,79141.0
2017-01-23,138.0,139.0,137.7,138.0,135037.0
2017-01-24,138.8,138.85001,137.05,138.0,17068.0
2017-01-25,138.0,138.5,135.10001,138.0,86706.0
2017-01-26,138.0,138.95,136.2,137.95,52251.0
2017-01-27,136.5,139.0,136.39999,139.0,41263.0
2017-01-30,138.0,139.60001,136.5,137.0,20317.0
2017-01-31,137.0,137.5,135.14999,136.2,12056.0
2017-02-01,137.0,137.0,135.64999,136.0,110068.0
2017-02-02,135.64999,136.8,134.25,135.14999,44966.0
2017-02-03,134.7,137.89999,134.7,136.55,113881.0
2017-02-06,135.14999,137.0,134.2,136.55,16428.0
2017-02-07,137.0,137.0,135.14999,136.0,9255.0
2017-02-08,135.64999,137.45,135.64999,136.0,24671.0
2017-02-09,136.05,136.5,135.8,136.05,15930.0
2017-02-10,136.0,136.5,135.89999,135.89999,86933.0
2017-02-13,135.89999,135.89999,133.55,134.10001,25187.0
2017-02-14,134.2,135.0,133.64999,134.0,31953.0
2017-02-15,132.14999,133.0,132.14999,132.39999,40528.0
2017-02-16,132.10001,132.10001,128.0,130.0,67111.0
2017-02-17,130.5,134.7,130.5,133.0,240604.0
2017-02-20,130.25,134.5,130.25,134.0,37679.0
2017-02-21,132.0,133.95,131.05,131.7,4704.0
2017-02-22,131.05,133.0,129.85001,129.85001,127760.0
2017-02-23,127.5,127.5,118.65,118.65,148978.0
2017-02-24,120.2,125.0,119.1,124.5,131949.0
2017-02-27,127.0,129.75,124.5,127.0,68315.0
2017-02-28,128.0,129.0,127.5,128.05,30583.0
2017-03-01,129.89999,129.89999,127.3,127.3,30143.0
2017-03-02,127.0,128.0,125.0,127.0,3973.0
2017-03-03,127.0,127.0,124.0,125.1,125097.0
2017-03-06,125.25,127.85,122.0,122.5,46403.0
2017-03-07,122.0,124.0,122.0,124.0,64159.0
2017-03-08,123.05,124.45,122.05,123.0,21403.0
2017-03-09,122.3,125.0,122.2,123.05,19107.0
2017-03-10,126.0,126.0,122.6,125.4,7664.0
2017-03-13,125.0,125.25,123.2,125.25,1368.0
2017-03-14,123.2,129.0,123.2,127.0,53723.0
2017-03-15,126.55,127.0,126.0,126.5,32443.0
2017-03-16,126.0,128.8,126.0,127.8,9582.0
2017-03-17,126.5,134.0,126.5,132.5,386901.0
2017-03-20,133.10001,136.0,130.5,130.5,128647.0
2017-03-21,131.95,132.0,128.2,129.0,222106.0
2017-03-22,129.0,130.0,126.0,126.95,82069.0
2017-03-23,127.95,127.95,125.0,125.0,35450.0
2017-03-24,124.4,126.8,123.0,123.0,110259.0
2017-03-27,125.0,130.0,124.9,127.8,61667.0
2017-03-28,137.0,140.55,134.8,137.0,1068768.0
2017-03-29,135.05,137.0,133.05,136.60001,69849.0
2017-03-30,135.10001,138.0,134.60001,136.0,68173.0
2017-03-31,134.55,135.5,132.10001,132.8,231933.0
2017-04-03,132.89999,133.0,132.0,133.0,9520.0
2017-04-04,130.2,131.8,130.2,130.35001,28867.0
2017-04-05,131.89999,131.89999,130.25,130.39999,19355.0
2017-04-06,130.39999,132.75,130.39999,132.75,12221.0
2017-04-07,132.0,133.0,131.7,132.39999,2979.0
2017-04-10,133.0,133.0,130.89999,130.89999,6015.0
2017-04-11,130.89999,132.89999,130.89999,131.14999,5306.0
2017-04-12,132.75,132.75,131.3,132.0,2188.0
2017-04-13,132.0,132.5,131.60001,132.2,53336.0
2017-04-14,131.7,132.45,131.60001,131.89999,15753.0
2017-04-17,131.10001,132.2,131.10001,132.0,2715.0
2017-04-18,131.8,132.39999,131.25,132.0,17775.0
2017-04-19,131.7,133.0,131.7,133.0,147007.0
2017-04-20,134.0,134.0,132.5,132.5,3658.0
2017-04-21,132.5,134.0,132.5,133.25,7812.0
2017-04-24,133.25,134.0,133.0,133.0,13807.0
2017-04-25,133.0,134.0,132.25,132.55,17118.0
2017-04-26,132.95,133.89999,132.7,133.89999,39166.0
2017-04-27,133.10001,138.0,133.10001,138.0,57110.0
2017-04-28,138.39999,138.39999,135.35001,136.0,74379.0
2017-05-02,135.0,137.3,135.0,137.0,12061.0
2017-05-03,136.0,137.2,136.0,136.25,35674.0
2017-05-04,137.7,137.7,136.25,137.0,13517.0
2017-05-05,136.95,137.2,136.3,137.10001,30693.0
2017-05-08,136.14999,137.10001,136.14999,137.10001,27294.0
2017-05-09,136.55,138.95,136.55,138.0,55920.0
2017-05-10,138.0,140.0,138.0,140.0,124499.0
2017-05-11,141.0,143.39999,140.5,141.55,241067.0
2017-05-12,142.0,142.8,139.05,139.95,77134.0
2017-05-15,139.5,139.95,139.0,139.8,38599.0
2017-05-16,139.0,140.39999,139.0,139.0,11228.0
2017-05-17,139.0,140.3,138.5,139.89999,15458.0
2017-05-18,139.2,140.39999,139.10001,140.0,41207.0
2017-05-19,140.0,140.3,139.25,140.10001,35213.0
2017-05-22,140.0,141.95,140.0,141.35001,62616.0
2017-05-23,141.8,144.25,141.35001,143.0,362640.0
2017-05-24,143.05,144.0,143.0,144.0,5605.0
2017-05-25,142.8,143.7,142.0,143.0,12592.0
2017-05-26,143.0,143.55,142.55,143.0,32052.0
2017-05-29,143.95,143.95,142.14999,143.0,4779.0
2017-05-30,142.7,143.39999,142.7,143.2,30460.0
2017-05-31,143.0,144.45,143.0,144.0,598724.0
2017-06-01,137.0,137.75,135.14999,136.5,545540.0
2017-06-02,137.0,138.0,136.55,138.0,9501.0
2017-06-05,138.89999,139.8,137.60001,139.5,14723.0
2017-06-06,138.75,141.5,138.75,140.7,39929.0
2017-06-07,141.0,141.5,140.0,140.0,37013.0
2017-06-08,139.10001,140.3,138.0,138.05,8493.0
2017-06-09,138.39999,139.5,138.39999,138.5,15120.0
2017-06-12,137.5,138.55,137.5,138.55,57907.0
2017-06-13,138.45,138.45,137.55,137.64999,56303.0
2017-06-14,137.75,138.45,137.7,138.35001,53653.0
2017-06-15,138.14999,138.5,137.7,137.7,18726.0
2017-06-16,137.5,137.5,137.0,137.5,27595.0
2017-06-19,137.0,138.0,137.0,138.0,71236.0
2017-06-20,138.0,139.0,137.3,139.0,11277.0
2017-06-21,139.39999,139.39999,138.25,139.2,13614.0
2017-06-22,138.3,140.55,138.3,140.55,107102.0
2017-06-23,140.75,142.5,140.25,142.5,62991.0
2017-06-28,140.8,148.0,140.8,144.0,82927.0
2017-06-29,144.2,146.5,142.60001,142.60001,30055.0
2017-06-30,142.75,144.0,142.75,142.89999,197025.0
2017-07-03,142.5,144.0,142.5,143.8,8020.0
2017-07-04,143.5,145.5,143.0,145.25,77575.0
2017-07-05,146.10001,147.0,145.5,145.64999,21735.0
2017-07-06,146.89999,148.8,146.89999,147.0,41558.0
2017-07-07,147.10001,149.0,147.10001,149.0,44619.0
2017-07-10,149.10001,152.0,149.10001,151.5,42913.0
2017-07-11,150.60001,152.95,150.05,152.89999,142059.0
2017-07-12,152.95,156.5,152.95,154.0,186917.0
2017-07-13,155.35001,155.39999,153.55,155.0,66643.0
2017-07-14,154.0,154.8,153.5,153.95,22154.0
2017-07-17,155.39999,155.39999,153.2,153.2,13134.0
2017-07-18,153.2,153.2,148.0,148.64999,52017.0
2017-07-19,148.0,150.0,148.0,148.10001,31845.0
2017-07-20,148.5,148.5,147.5,148.5,23097.0
2017-07-21,148.55,148.95,147.5,147.7,11521.0
2017-07-24,148.8,151.05,147.0,149.64999,50436.0
2017-07-25,149.64999,152.5,149.64999,152.5,78966.0
2017-07-26,152.60001,155.14999,152.60001,155.0,138962.0
2017-07-27,154.2,154.95,151.10001,151.10001,86858.0
2017-07-28,151.5,153.39999,151.0,153.39999,14018.0
2017-07-31,153.75,153.75,151.14999,151.95,28018.0
2017-08-01,151.5,152.89999,151.2,151.95,104336.0
2017-08-02,151.14999,151.95,151.0,151.0,8130.0
2017-08-03,151.0,152.39999,151.0,152.0,4471.0
2017-08-04,152.3,152.8,150.64999,152.5,16004.0
2017-08-07,153.5,153.5,150.64999,151.95,2092.0
2017-08-08,151.0,152.0,151.0,151.5,11093.0
2017-08-09,152.5,152.5,151.35001,152.05,30407.0
2017-08-10,151.7,153.0,151.35001,152.0,26167.0
2017-08-11,151.5,153.0,151.5,153.0,59948.0
2017-08-15,152.0,152.5,152.0,152.2,12877.0
2017-08-16,151.60001,151.89999,151.2,151.2,17495.0
2017-08-17,151.60001,153.0,151.2,152.0,9063.0
2017-08-18,151.35001,152.0,151.2,151.2,15170.0
2017-08-22,151.0,151.0,150.10001,150.5,4186.0
2017-08-23,150.25,151.0,150.25,150.75,2935.0
2017-08-24,151.0,152.0,150.64999,151.10001,14663.0
2017-08-25,150.5,151.85001,150.5,151.0,28972.0
2017-08-28,150.3,151.8,150.0,150.05,6582.0
2017-08-29,150.05,151.0,150.0,151.0,9117.0
2017-08-30,151.39999,151.5,150.10001,150.5,10031.0
2017-08-31,150.55,153.0,150.55,153.0,34700.0
2017-09-04,152.85001,152.95,150.55,152.95,12054.0
2017-09-05,153.0,153.0,150.2,150.64999,106218.0
2017-09-06,150.5,151.5,150.5,151.0,86180.0
2017-09-07,151.05,153.5,151.05,153.45,55555.0
2017-09-08,151.10001,153.5,151.10001,153.5,33270.0
2017-09-11,153.0,154.0,152.05,153.5,82123.0
2017-09-12,152.5,153.5,152.5,153.5,31660.0
2017-09-13,152.60001,153.2,152.05,153.0,8766.0
2017-09-14,152.39999,153.45,152.2,153.2,4792.0
2017-09-15,152.10001,153.0,152.10001,152.89999,49690.0
2017-09-18,152.5,152.5,152.0,152.0,25207.0
2017-09-19,151.5,152.0,150.0,150.0,79016.0
2017-09-20,150.0,150.0,148.0,149.0,9719.0
2017-09-21,148.0,150.60001,148.0,150.60001,9200.0
2017-09-25,150.60001,150.89999,149.0,149.55,2590.0
2017-09-26,148.0,149.89999,148.0,148.0,35087.0
2017-09-27,148.0,148.0,138.0,141.8,107110.0
2017-09-28,133.89999,138.95,128.0,138.0,372027.0
2017-09-29,137.0,141.0,136.8,137.60001,41875.0
2017-10-02,139.95,139.95,136.60001,139.0,44317.0
2017-10-03,140.0,140.05,137.5,140.05,48201.0
2017-10-04,140.0,144.0,140.0,143.14999,32133.0
2017-10-05,143.14999,143.5,142.5,142.8,14153.0
2017-10-06,141.35001,142.5,141.35001,142.0,53101.0
2017-10-09,141.2,144.0,141.2,144.0,11263.0
2017-10-10,142.60001,144.5,142.05,142.60001,5199.0
2017-10-11,142.60001,143.89999,142.5,143.0,5526.0
2017-10-12,143.0,143.0,141.3,142.0,133171.0
2017-10-13,141.5,143.5,141.5,143.5,13692.0
2017-10-16,142.0,143.25,142.0,142.5,3631.0
2017-10-17,142.0,143.0,142.0,142.10001,23439.0
2017-10-18,142.10001,143.0,142.05,142.25,5886.0
2017-10-19,142.5,142.5,142.05,142.2,21896.0
2017-10-20,142.14999,142.8,142.10001,142.8,46310.0
2017-10-23,141.35001,142.25,141.35001,141.64999,2235.0
2017-10-24,141.55,142.5,141.55,142.14999,12649.0
2017-10-25,142.05,143.0,142.05,142.5,11620.0
2017-10-26,142.95,143.5,142.5,143.0,10138.0
2017-10-27,142.05,143.7,142.05,143.7,23671.0
2017-10-30,142.75,143.0,142.05,142.05,13974.0
2017-10-31,142.10001,146.0,142.10001,144.0,483613.0
2017-11-01,143.0,145.0,142.64999,145.0,71307.0
2017-11-02,145.8,145.8,144.0,144.5,9442.0
2017-11-03,144.5,145.0,143.14999,145.0,30118.0
2017-11-07,143.25,144.0,143.25,144.0,5698.0
2017-11-08,143.5,144.8,143.5,144.5,3985.0
2017-11-09,144.10001,145.0,144.10001,145.0,23115.0
2017-11-10,144.10001,149.0,144.10001,149.0,309318.0
2017-11-13,148.05,149.60001,145.3,149.60001,10547.0
2017-11-14,149.0,150.0,147.05,148.0,13347.0
2017-11-15,148.0,149.5,147.60001,149.45,6599.0
2017-11-16,147.75,148.8,147.75,147.85001,10349.0
2017-11-17,149.3,149.5,147.0,149.5,4410.0
2017-11-20,149.45,149.60001,146.7,149.0,104466.0
2017-11-21,149.0,150.0,148.3,149.5,16379.0
2017-11-22,149.5,150.5,148.3,150.5,87180.0
2017-11-23,149.05,150.5,149.0,149.14999,46425.0
2017-11-24,150.45,150.5,148.10001,150.5,31433.0
2017-11-27,149.64999,151.0,149.60001,151.0,5913.0
2017-11-28,149.2,150.0,149.2,150.0,4997.0
2017-11-29,149.14999,150.5,149.14999,150.0,5772.0
2017-11-30,149.5,150.60001,149.5,149.5,50841.0
2017-12-04,149.2,151.89999,149.2,151.0,124714.0
2017-12-05,149.95,150.7,149.5,150.7,25214.0
2017-12-06,149.55,151.0,149.0,151.0,19531.0
2017-12-07,150.0,152.0,149.39999,152.0,125708.0
2017-12-08,151.05,153.0,151.05,153.0,51361.0
2017-12-11,153.0,153.8,152.0,153.55,144724.0
2017-12-12,153.55,153.95,152.0,153.5,47267.0
2017-12-13,152.14999,156.0,152.14999,156.0,176221.0
2017-12-14,155.5,155.5,155.05,155.2,9426.0
2017-12-15,155.0,155.7,155.0,155.7,54998.0
2017-12-18,155.14999,155.5,154.5,155.0,49075.0
2017-12-19,154.5,155.7,154.14999,155.5,76630.0
2017-12-20,155.7,156.0,155.0,155.60001,198447.0
2017-12-21,155.55,156.0,155.10001,156.0,101957.0
2017-12-22,155.05,156.0,153.0,156.0,129834.0
2017-12-25,153.0,153.05,150.2,153.05,53378.0
2017-12-26,151.60001,154.0,151.55,152.10001,20090.0
2017-12-27,154.0,156.0,151.60001,156.0,46228.0
2017-12-28,157.0,160.0,155.0,160.0,147852.0
2017-12-29,160.0,163.0,158.5,160.0,128113.0
2018-01-02,158.3,161.0,158.25,161.0,21102.0
2018-01-03,158.55,161.89999,158.5,159.5,58866.0
2018-01-04,159.0,159.89999,157.14999,158.5,4807.0
2018-01-05,158.5,160.0,158.0,160.0,11044.0
2018-01-08,161.89999,161.89999,157.5,158.05,25453.0
2018-01-09,157.10001,158.5,157.10001,158.14999,68121.0
2018-01-10,157.5,160.0,157.5,160.0,42175.0
2018-01-12,159.8,164.5,159.8,164.5,26487.0
2018-01-15,164.0,168.0,160.25,168.0,14838.0
2018-01-16,168.0,174.0,168.0,171.0,93475.0
2018-01-17,172.0,172.0,170.3,172.0,30163.0
2018-01-18,172.0,172.0,168.0,170.0,31558.0
2018-01-19,170.0,172.0,170.0,172.0,47720.0
2018-01-22,174.0,174.0,172.0,173.0,12510.0
2018-01-23,173.0,177.7,173.0,175.35001,113256.0
2018-01-24,176.0,177.0,173.3,173.7,6368.0
2018-01-25,174.89999,174.89999,173.35001,174.0,7798.0
2018-01-26,173.2,175.0,173.0,175.0,9079.0
2018-01-29,175.5,175.5,171.55,173.2,50050.0
2018-01-30,173.05,173.05,171.0,171.60001,17762.0
2018-01-31,172.8,174.0,171.60001,172.5,12417.0
2018-02-01,172.89999,175.0,172.0,175.0,35250.0
2018-02-02,175.60001,175.60001,173.0,174.0,85253.0
2018-02-05,173.0,174.0,172.0,172.0,9295.0
2018-02-06,173.0,173.0,172.05,172.05,15173.0
2018-02-07,172.0,172.3,172.0,172.0,21034.0
2018-02-08,170.60001,172.8,170.60001,170.95,15261.0
2018-02-09,172.89999,172.89999,170.5,170.60001,65306.0
2018-02-12,170.3,170.7,170.0,170.05,25057.0
2018-02-13,170.5,170.55,163.0,164.95,44253.0
2018-02-14,164.3,169.0,164.3,165.05,8816.0
2018-02-15,169.0,170.0,168.7,170.0,25384.0
2018-02-16,168.10001,176.10001,168.10001,170.0,56478.0
2018-02-19,170.0,171.0,168.10001,171.0,602.0
2018-02-20,173.8,175.0,170.5,170.5,7890.0
2018-02-21,170.0,170.5,168.2,169.0,16392.0
2018-02-22,168.05,168.35001,168.0,168.35001,12853.0
2018-02-23,168.10001,169.5,166.05,169.5,23801.0
2018-02-26,170.0,170.0,168.0,168.0,953.0
2018-02-27,167.10001,169.85001,166.2,168.89999,6640.0
2018-02-28,166.5,169.89999,166.0,168.75,13465.0
2018-03-01,168.8,169.89999,166.05,167.05,53615.0
2018-03-02,167.0,169.35001,167.0,169.0,31844.0
2018-03-05,167.5,168.10001,167.0,167.3,3829.0
2018-03-06,167.0,169.0,167.0,168.0,18863.0
2018-03-07,168.0,168.0,167.55,167.60001,25372.0
2018-03-08,167.5,168.0,167.0,167.89999,8809.0
2018-03-09,167.05,168.89999,167.0,168.89999,3677.0
2018-03-12,169.75,169.75,167.0,168.5,9395.0
2018-03-13,168.14999,168.5,167.60001,168.5,7352.0
2018-03-14,167.5,167.7,167.5,167.5,13574.0
2018-03-15,167.5,167.60001,167.0,167.0,13953.0
2018-03-16,166.64999,167.5,166.0,166.0,25245.0
2018-03-19,165.10001,168.0,164.0,164.0,40050.0
2018-03-20,166.0,166.89999,163.0,163.0,17337.0
2018-03-21,162.60001,162.60001,155.2,156.7,14190.0
2018-03-22,153.10001,160.0,152.0,159.05,85118.0
2018-03-23,162.0,167.89999,162.0,164.7,80288.0
2018-03-26,181.14999,181.14999,176.05,180.0,776973.0
2018-03-27,181.0,185.0,180.10001,180.25,261619.0
2018-03-28,180.0,180.10001,178.0,180.0,12855.0
2018-03-29,177.0,179.95,177.0,179.89999,26626.0
2018-03-30,177.0,183.95,177.0,183.39999,50288.0
2018-04-02,183.0,184.75,181.55,181.55,42290.0
2018-04-03,182.0,183.95,180.05,181.0,61870.0
2018-04-04,180.8,183.45,180.8,182.5,58274.0
2018-04-05,182.3,182.8,181.10001,181.7,32927.0
2018-04-06,182.45,193.0,182.0,191.10001,274862.0
2018-04-09,190.10001,195.0,190.10001,193.95,52482.0
2018-04-10,193.5,193.5,192.39999,193.35001,102997.0
2018-04-11,193.0,197.0,193.0,194.0,49210.0
2018-04-12,193.0,196.0,191.2,191.55,7346.0
2018-04-13,192.0,192.0,191.0,191.0,13791.0
2018-04-16,190.14999,193.0,190.14999,191.0,41637.0
2018-04-17,191.05,192.0,190.8,191.55,33501.0
2018-04-18,192.0,192.0,191.0,191.5,13069.0
2018-04-19,190.8,192.0,190.8,191.05,3931.0
2018-04-20,191.0,192.0,190.85001,191.39999,62319.0
2018-04-23,191.10001,192.0,189.0,192.0,99402.0
2018-04-24,192.10001,195.0,192.10001,194.5,89785.0
2018-04-25,194.5,195.0,193.8,194.5,40717.0
2018-04-26,195.0,195.0,192.3,193.0,56593.0
2018-04-27,192.25,194.5,192.25,194.0,13074.0
2018-04-30,192.0,193.5,191.60001,191.60001,9324.0
2018-05-02,191.0,191.0,188.05,190.10001,10915.0
2018-05-03,189.0,190.89999,189.0,189.10001,6313.0
2018-05-04,191.89999,193.89999,188.75,193.89999,9035.0
2018-05-07,193.85001,194.45,191.10001,193.95,6214.0
2018-05-08,192.05,192.5,190.5,190.5,5156.0
2018-05-09,192.0,192.0,189.0,189.10001,14461.0
2018-05-10,190.95,190.95,188.60001,188.60001,9019.0
2018-05-11,188.60001,191.89999,188.60001,190.75,22612.0
2018-05-14,191.60001,191.60001,189.10001,189.10001,7651.0
2018-05-15,189.25,189.25,188.10001,188.10001,7385.0
2018-05-16,188.2,188.3,184.5,184.5,6363.0
2018-05-17,189.8,189.8,185.0,186.0,33376.0
2018-05-18,186.0,186.35001,185.05,185.05,73546.0
2018-05-21,184.05,186.5,183.05,183.05,10270.0
2018-05-22,189.5,189.5,184.0,185.0,14076.0
2018-05-23,184.10001,188.0,184.10001,185.10001,210.0
2018-05-24,184.25,188.0,184.25,185.0,52337.0
2018-05-28,187.89999,187.95,185.25,186.0,60548.0
2018-05-29,187.8,187.8,185.05,186.35001,14238.0
2018-05-30,187.0,188.0,187.0,187.35001,26497.0
2018-05-31,187.0,190.10001,185.5,190.10001,541675.0
2018-06-01,178.39999,178.39999,170.95,170.95,556619.0
2018-06-04,172.0,175.95,172.0,175.95,697.0
2018-06-05,170.14999,174.95,170.14999,171.45,105298.0
2018-06-06,174.45,175.89999,170.25,174.0,2067.0
2018-06-07,175.0,178.0,175.0,176.3,106308.0
2018-06-08,176.5,177.5,176.5,177.5,41923.0
2018-06-11,176.39999,176.5,172.05,172.05,20237.0
2018-06-12,175.0,175.0,172.2,173.0,29072.0
2018-06-13,172.05,176.0,171.0,174.0,16785.0
2018-06-14,172.3,175.5,172.3,172.5,36883.0
2018-06-18,171.5,175.8,171.5,175.0,3209.0
2018-06-19,173.5,173.5,172.14999,172.8,1237.0
2018-06-20,171.8,172.05,171.8,172.0,19412.0
2018-06-21,172.10001,173.0,172.05,173.0,15116.0
2018-06-22,171.10001,172.95,171.05,172.95,249820.0
2018-06-25,168.5,172.5,168.5,169.95,11933.0
2018-06-26,169.0,169.5,163.7,163.7,64013.0
2018-06-27,163.5,166.8,163.5,164.5,8906.0
2018-06-28,162.05,164.0,161.7,163.5,13160.0
2018-06-29,165.0,166.45,162.0,164.0,39549.0
2018-07-02,162.0,168.5,162.0,168.5,1212.0
2018-07-03,165.0,165.95,161.10001,162.0,45935.0
2018-07-04,162.0,164.0,162.0,164.0,210660.0
2018-07-05,162.05,167.0,162.05,166.89999,8350.0
2018-07-06,164.05,167.5,164.05,164.55,5583.0
2018-07-09,164.25,168.0,164.25,167.5,7744.0
2018-07-10,165.64999,168.95,165.64999,168.95,1747.0
2018-07-11,168.05,170.0,167.7,167.7,86251.0
2018-07-12,166.0,170.0,166.0,170.0,3526.0
2018-07-13,166.05,168.0,165.0,165.0,14464.0
2018-07-16,165.0,165.0,163.0,163.5,19640.0
2018-07-17,163.55,165.0,163.55,164.0,20792.0
2018-07-18,163.0,164.0,162.0,164.0,13704.0
2018-07-19,163.0,163.95,163.0,163.0,65667.0
2018-07-20,165.0,165.0,163.35001,163.35001,1713.0
2018-07-23,163.05,169.0,163.05,169.0,5989.0
2018-07-24,168.95,168.95,166.0,168.0,7938.0
2018-07-25,166.35001,171.0,166.35001,170.5,95969.0
2018-07-26,168.60001,171.95,166.60001,168.25,5902.0
2018-07-27,169.0,170.0,168.10001,170.0,11705.0
2018-07-31,168.2,172.0,168.2,172.0,20582.0
2018-08-01,170.05,171.0,170.0,171.0,284827.0
2018-08-02,172.25,174.0,172.05,173.0,33267.0
2018-08-03,171.0,174.0,171.0,173.95,24570.0
2018-08-07,171.60001,173.0,171.5,173.0,3082.0
2018-08-08,172.10001,173.0,172.0,173.0,780.0
2018-08-09,173.95,175.5,173.0,175.0,28299.0
2018-08-10,176.0,176.85001,175.0,175.0,32238.0
2018-08-13,172.7,175.0,172.7,175.0,2045.0
2018-08-15,173.5,173.5,172.60001,172.64999,9672.0
2018-08-16,172.64999,172.95,171.0,171.0,8602.0
2018-08-17,171.0,173.5,170.14999,173.5,3013.0
2018-08-24,171.10001,171.14999,171.05,171.10001,1960.0
2018-08-27,171.14999,171.60001,171.14999,171.5,1832.0
2018-08-28,172.0,174.0,172.0,174.0,64396.0
2018-08-29,174.85001,174.85001,173.0,173.0,1044.0
2018-08-30,173.05,173.05,172.85001,172.85001,7011.0
2018-08-31,172.05,172.5,172.05,172.5,60797.0
2018-09-03,172.0,172.55,170.0,170.0,33673.0
2018-09-04,174.60001,174.60001,165.05,169.95,4978.0
2018-09-05,170.0,170.0,166.10001,168.0,54583.0
2018-09-06,166.10001,169.89999,166.10001,166.14999,27666.0
2018-09-07,166.5,166.5,166.0,166.0,19085.0
2018-09-10,166.0,166.0,165.64999,165.95,7421.0
2018-09-12,165.60001,169.85001,165.10001,166.0,57984.0
2018-09-13,166.0,167.5,166.0,167.14999,19208.0
2018-09-14,167.0,167.14999,166.7,166.7,75579.0
2018-09-17,168.95,169.95,166.55,169.95,3034.0
2018-09-18,167.25,169.89999,167.0,169.89999,8328.0
2018-09-19,167.10001,170.0,167.10001,168.25,4489.0
2018-09-20,170.0,170.0,168.55,170.0,72488.0
2018-09-21,170.5,170.5,168.10001,169.0,7928.0
2018-09-24,174.0,174.0,169.3,170.05,129141.0
2018-09-25,169.10001,170.5,168.55,170.0,11510.0
2018-09-26,171.5,171.5,167.60001,169.89999,5482.0
2018-09-27,168.0,169.89999,165.3,169.85001,2873.0
2018-09-28,169.8,169.89999,166.8,169.0,30128.0
2018-10-01,168.0,169.0,166.25,166.60001,612.0
2018-10-02,168.0,169.0,167.0,169.0,2744.0
2018-10-03,167.0,168.89999,166.25,168.85001,1395.0
2018-10-04,166.55,169.0,166.39999,169.0,7825.0
2018-10-05,167.10001,169.0,167.0,168.7,10821.0
2018-10-08,167.0,169.0,166.5,167.2,7481.0
2018-10-09,168.3,168.3,167.5,168.0,92633.0
2018-10-10,168.8,168.89999,167.3,168.0,146285.0
2018-10-11,167.3,167.5,167.3,167.5,48782.0
2018-10-12,168.5,168.5,167.0,167.5,12587.0
2018-10-15,167.0,168.0,167.0,168.0,15413.0
2018-10-16,167.05,169.0,166.8,169.0,11836.0
2018-10-17,167.0,168.0,167.0,168.0,21447.0
2018-10-18,166.60001,168.0,166.60001,168.0,39179.0
2018-10-19,167.39999,168.0,166.75,166.75,6529.0
2018-10-22,166.89999,168.0,166.10001,168.0,12111.0
2018-10-23,167.5,168.95,167.5,168.95,87658.0
2018-10-24,168.95,168.95,167.5,167.5,2599.0
2018-10-25,167.10001,168.95,167.10001,168.2,204174.0
2018-10-26,168.39999,168.39999,167.0,167.0,56784.0
2018-10-29,167.0,168.75,166.0,166.0,209688.0
2018-10-30,165.05,165.2,163.0,164.14999,74869.0
2018-10-31,163.14999,167.0,163.14999,167.0,10581.0
2018-11-01,165.10001,165.10001,164.10001,164.75,6157.0
2018-11-02,164.05,166.0,164.0,164.75,3170.0
2018-11-05,164.0,164.05,164.0,164.05,740.0
2018-11-07,164.10001,165.0,162.39999,164.10001,2006.0
2018-11-08,164.0,165.0,160.0,161.14999,15992.0
2018-11-09,164.0,164.0,161.14999,163.10001,6709.0
2018-11-12,161.14999,162.5,161.0,162.5,731.0
2018-11-13,161.2,161.2,161.0,161.10001,80851.0
2018-11-14,161.10001,161.10001,160.0,160.05,17294.0
2018-11-15,160.0,161.0,159.25,159.95,32478.0
2018-11-16,159.5,159.5,157.14999,158.5,13398.0
2018-11-19,158.95,160.0,157.25,160.0,5489.0
2018-11-22,157.5,158.10001,157.35001,157.5,14198.0
2018-11-23,157.5,157.5,157.2,157.5,17344.0
2018-11-26,157.5,157.55,157.14999,157.14999,722.0
2018-11-27,157.2,158.0,157.05,157.05,11474.0
2018-11-28,157.0,161.0,157.0,160.10001,109007.0
2018-11-29,160.14999,162.95,160.0,162.39999,48532.0
2018-11-30,161.60001,165.0,160.60001,165.0,32250.0
2018-12-03,165.0,165.0,162.10001,162.10001,7108.0
2018-12-04,160.60001,165.0,160.60001,163.89999,7032.0
2018-12-05,162.0,164.0,161.75,161.85001,1262.0
2018-12-06,162.0,163.0,161.0,163.0,26650.0
2018-12-07,161.0,162.95,159.05,161.0,97005.0
2018-12-10,160.0,162.0,157.35001,158.10001,2019.0
2018-12-11,158.2,161.0,158.0,161.0,208118.0
2018-12-12,161.0,161.0,159.5,161.0,20493.0
2018-12-13,159.0,161.64999,158.60001,160.0,61084.0
2018-12-14,160.85001,162.0,160.0,161.64999,58712.0
2018-12-17,162.89999,164.89999,160.05,164.0,6685.0
2018-12-18,163.89999,165.0,162.5,163.0,16832.0
2018-12-19,162.55,165.0,162.14999,164.0,23435.0
2018-12-20,162.25,164.3,162.25,163.0,19291.0
2018-12-21,162.55,163.05,162.55,163.05,35717.0
2018-12-24,162.10001,164.0,162.05,162.25,5744.0
2018-12-25,162.3,164.0,162.3,164.0,1958.0
2018-12-26,163.0,164.5,162.7,164.5,5708.0
2018-12-27,164.25,164.25,163.0,164.25,28747.0
2018-12-28,164.0,164.05,161.0,161.0,83892.0
2018-12-31,163.0,164.0,161.0,164.0,59915.0
2019-01-02,164.95,165.0,160.10001,164.95,942.0
2019-01-03,161.75,162.0,160.55,162.0,2140.0
2019-01-04,161.05,162.64999,161.05,162.64999,9043.0
2019-01-07,165.0,165.0,163.2,163.2,5684.0
2019-01-08,162.0,162.2,162.0,162.2,11974.0
2019-01-09,162.05,164.85001,162.05,162.5,52861.0
2019-01-10,162.64999,163.0,162.60001,163.0,17672.0
2019-01-14,163.0,163.05,163.0,163.0,16169.0
2019-01-15,163.05,167.95,163.05,167.95,105889.0
2019-01-16,167.0,168.0,166.05,167.2,905.0
2019-01-17,167.25,172.14999,167.25,172.14999,287355.0
2019-01-18,172.14999,174.95,171.3,171.3,6251.0
2019-01-21,170.55,174.0,170.55,173.0,2518.0
2019-01-22,171.5,173.7,170.25,173.7,46139.0
2019-01-23,171.3,175.0,171.25,175.0,252878.0
2019-01-24,175.8,178.89999,175.8,178.89999,35502.0
2019-01-25,178.39999,184.0,177.39999,179.5,140362.0
2019-01-28,180.95,180.95,175.7,179.5,1294.0
2019-01-29,176.64999,179.0,176.3,179.0,54663.0
2019-01-30,179.39999,182.0,179.3,179.60001,67923.0
2019-01-31,180.0,180.10001,177.0,178.95,23694.0
2019-02-01,179.45,181.89999,176.75,180.0,21470.0
2019-02-04,178.60001,180.89999,178.60001,180.0,29326.0
2019-02-05,178.14999,180.0,178.14999,180.0,13599.0
2019-02-06,180.5,180.5,178.64999,178.7,8384.0
2019-02-07,179.0,179.5,179.0,179.3,28608.0
2019-02-08,179.3,179.3,177.10001,179.10001,70352.0
2019-02-11,178.10001,179.5,178.10001,179.39999,2651.0
2019-02-12,179.35001,182.0,178.0,182.0,60337.0
2019-02-13,183.0,185.5,183.0,185.0,60619.0
2019-02-14,184.0,185.0,182.2,182.25,2143.0
2019-02-15,182.39999,185.0,181.0,181.0,15988.0
2019-02-18,184.95,184.95,181.3,182.0,1306.0
2019-02-19,182.0,184.3,181.0,184.3,22442.0
2019-02-20,183.05,184.10001,182.0,182.5,3568.0
2019-02-21,181.2,181.5,180.10001,181.5,10923.0
2019-02-22,180.25,184.0,178.25,178.8,23495.0
2019-02-25,179.0,179.5,178.8,178.8,15390.0
2019-02-26,179.5,179.5,178.8,179.5,17448.0
2019-02-27,178.05,179.8,177.10001,178.89999,10882.0
2019-02-28,178.0,178.0,176.0,177.0,12994.0
2019-03-01,177.10001,178.5,176.5,177.0,10817.0
2019-03-04,176.10001,177.7,173.0,177.7,9659.0
2019-03-05,178.0,178.0,176.5,178.0,3098.0
2019-03-06,176.0,176.5,173.7,176.0,24649.0
2019-03-07,176.0,181.0,175.0,180.05,84784.0
2019-03-08,182.0,182.0,179.0,181.0,5526.0
2019-03-11,178.25,181.0,177.0,177.0,10281.0
2019-03-12,177.0,181.55,176.14999,180.39999,4771.0
2019-03-13,177.60001,180.0,177.60001,180.0,20688.0
2019-03-14,179.95,180.0,177.0,177.5,18474.0
2019-03-15,177.10001,178.5,177.10001,178.0,21546.0
2019-03-18,179.89999,181.0,178.05,178.05,28086.0
2019-03-19,181.45,181.45,178.14999,181.0,2923.0
2019-03-20,178.10001,181.39999,178.10001,180.05,10852.0
2019-03-21,180.0,183.89999,178.89999,180.5,99720.0
2019-03-22,180.7,182.5,180.55,182.0,56518.0
2019-03-25,183.39999,183.5,182.2,182.2,1329.0
2019-03-26,182.05,182.05,178.0,180.0,33605.0
2019-03-27,180.0,180.0,178.10001,180.0,8585.0
2019-03-28,180.0,180.10001,177.3,180.10001,44059.0
2019-03-29,180.05,180.10001,179.0,180.05,24357.0
2019-04-01,177.05,180.2,177.05,177.14999,190.0
2019-04-02,177.2,177.2,177.2,177.2,50.0
2019-04-03,178.0,178.0,178.0,178.0,20100.0
2019-04-04,178.05,179.0,178.05,178.05,1001.0
2019-04-05,178.10001,178.8,178.0,178.0,587.0
2019-04-08,177.10001,178.05,177.10001,178.05,7847.0
2019-04-09,178.0,178.05,177.75,178.0,2038.0
2019-04-10,177.8,180.0,177.8,180.0,179358.0
2019-04-11,180.95,181.0,179.10001,181.0,773.0
2019-04-12,180.55,181.2,180.10001,181.0,20596.0
2019-04-15,180.25,180.5,180.25,180.5,1028.0
2019-04-16,181.10001,184.89999,181.0,184.89999,25714.0
2019-04-17,182.10001,187.0,182.10001,186.05,26547.0
2019-04-18,181.89999,185.0,181.89999,185.0,1001.0
2019-04-19,185.89999,187.0,185.5,187.0,21240.0
2019-04-22,186.2,187.8,186.0,187.8,3251.0
2019-04-23,187.89999,188.5,186.10001,188.35001,15294.0
2019-04-24,187.10001,187.85001,187.10001,187.85001,23324.0
2019-04-25,186.45,188.0,186.45,186.45,19428.0
2019-04-26,187.5,187.5,187.0,187.3,2457.0
2019-04-29,186.39999,187.0,186.39999,187.0,913.0
2019-04-30,186.0,186.0,184.05,184.5,59977.0
2019-05-02,184.95,185.0,182.0,182.0,1517.0
2019-05-03,183.0,184.0,182.25,183.14999,774.0
2019-05-06,183.0,183.0,183.0,183.0,425.0
2019-05-07,183.0,185.89999,183.0,184.5,22644.0
2019-05-08,184.0,184.5,182.39999,184.5,22623.0
2019-05-10,184.5,184.55,184.5,184.5,3339.0
2019-05-13,182.60001,184.3,182.14999,183.14999,12992.0
2019-05-14,183.14999,185.3,183.14999,185.3,6770.0
2019-05-15,185.0,187.64999,183.7,187.05,18560.0
2019-05-16,187.0,187.5,186.64999,187.5,23058.0
2019-05-17,187.5,187.5,187.25,187.5,13236.0
2019-05-20,187.5,187.5,187.45,187.45,53.0
2019-05-21,185.0,185.0,183.3,183.3,6153.0
2019-05-22,183.5,185.2,183.5,185.0,13918.0
2019-05-23,186.95,187.0,185.0,185.0,12001.0
2019-05-24,185.05,185.05,185.0,185.0,17732.0
2019-05-27,185.0,185.0,185.0,185.0,1.0
2019-05-28,184.0,187.39999,184.0,187.39999,42185.0
2019-05-29,185.05,185.14999,184.0,184.0,17740.0
2019-05-30,184.0,185.0,183.0,183.0,34091.0
2019-05-31,183.0,184.0,181.14999,181.14999,38525.0
2019-06-03,180.39999,180.39999,176.0,180.05,17896.0
2019-06-04,176.10001,180.0,176.0,180.0,1015.0
2019-06-10,180.0,180.0,180.0,180.0,18754.0
2019-06-11,180.0,180.05,178.5,178.64999,8646.0
2019-06-12,180.0,180.5,180.0,180.0,29718.0
2019-06-13,180.0,180.10001,180.0,180.0,985.0
2019-06-14,182.0,183.0,181.0,182.5,43271.0
2019-06-17,183.0,184.89999,183.0,184.89999,6745.0
2019-06-18,185.05,186.05,185.05,186.05,20515.0
2019-06-19,186.0,187.14999,185.10001,187.14999,135629.0
2019-06-20,186.5,187.14999,185.10001,187.14999,2531.0
2019-06-21,184.05,192.89999,184.05,191.0,99457.0
2019-06-24,190.3,190.3,189.0,190.0,34823.0
2019-06-25,188.0,190.05,188.0,190.05,9586.0
2019-06-26,189.10001,190.5,189.0,189.0,36570.0
2019-06-27,190.0,190.0,189.2,190.0,29478.0
2019-06-28,188.5,190.0,188.5,189.0,634448.0
2019-07-01,188.05,189.0,188.0,189.0,19452.0
2019-07-02,187.10001,189.39999,187.10001,189.39999,5176.0
2019-07-03,190.0,190.0,187.2,190.0,31977.0
2019-07-04,189.0,189.0,188.35001,189.0,553166.0
2019-07-05,178.7,180.75,178.60001,179.2,600681.0
2019-07-08,179.55,179.55,178.0,178.0,7480.0
2019-07-10,179.2,179.2,175.2,178.0,362.0
2019-07-11,175.0,179.05,175.0,178.0,26673.0
2019-07-12,179.0,179.0,178.0,178.05,26898.0
2019-07-15,182.0,182.0,178.35001,178.35001,7299.0
2019-07-16,178.39999,179.95,176.0,179.95,12959.0
2019-07-17,180.0,183.39999,180.0,183.0,152529.0
2019-07-18,183.3,187.0,182.5,185.0,212673.0
2019-07-19,183.2,185.0,182.05,182.05,11867.0
2019-07-22,180.0,181.0,180.0,181.0,32629.0
2019-07-23,180.2,182.0,180.14999,181.0,14416.0
2019-07-24,180.25,181.2,180.25,181.2,3836.0
2019-07-25,183.8,185.95,181.05,184.75,87720.0
2019-07-26,185.0,187.95,181.05,187.05,27912.0
2019-07-29,186.5,187.0,185.05,186.0,82458.0
2019-07-31,186.0,187.0,185.05,187.0,84618.0
2019-08-01,185.10001,188.0,185.10001,185.5,36517.0
2019-08-02,185.25,185.7,185.25,185.7,18728.0
2019-08-05,185.7,185.7,183.0,185.7,1405.0
2019-08-06,183.60001,184.0,183.55,184.0,29563.0
2019-08-07,183.85001,185.5,183.64999,184.0,671.0
2019-08-08,183.64999,183.64999,181.3,183.0,50455.0
2019-08-09,182.0,184.0,181.55,182.0,34294.0
2019-08-15,181.5,182.95,181.5,182.95,820.0
2019-08-16,182.0,183.5,182.0,183.5,2536.0
2019-08-19,182.0,184.85001,182.0,183.0,1086.0
2019-08-22,185.0,185.0,183.0,183.0,497.0
2019-08-23,182.2,182.5,182.2,182.5,182.0
2019-08-26,182.5,183.0,182.25,183.0,2477.0
2019-08-27,183.0,187.0,183.0,187.0,22228.0
2019-08-28,183.64999,187.3,183.64999,186.95,2280.0
2019-08-29,184.39999,187.0,184.39999,187.0,179.0
2019-08-30,184.7,184.85001,184.7,184.8,8508.0
2019-09-02,184.8,186.5,184.8,186.5,378.0
2019-09-03,185.55,185.55,185.0,185.0,522.0
2019-09-04,185.0,185.0,184.39999,185.0,876.0
2019-09-05,186.45,186.45,184.0,185.0,2414.0
2019-09-06,184.0,186.5,184.0,185.0,5146.0
2019-09-09,184.5,184.85001,184.0,184.85001,15922.0
2019-09-10,183.55,185.0,183.2,183.2,7846.0
2019-09-11,183.05,184.0,182.0,182.0,4881.0
2019-09-12,183.0,184.8,182.2,184.75,2149.0
2019-09-13,182.5,184.5,182.5,184.5,1095.0
2019-09-16,184.39999,184.39999,182.0,182.89999,5710.0
2019-09-17,182.10001,183.89999,181.2,181.60001,5867.0
2019-09-18,182.0,182.0,181.45,181.60001,4138.0
2019-09-19,182.89999,182.89999,180.10001,180.10001,17979.0
2019-09-20,178.05,182.5,178.05,179.5,35345.0
2019-09-23,179.0,179.60001,179.0,179.10001,2851.0
2019-09-24,181.0,181.0,179.0,179.39999,21695.0
2019-09-25,181.0,181.35001,179.0,179.0,6033.0
2019-09-26,179.0,182.75,178.39999,180.0,4304.0
2019-09-27,179.0,180.0,178.64999,180.0,21131.0
2019-09-30,182.0,182.95,179.45,179.95,10301.0
2019-10-01,180.0,180.0,179.95,179.95,1532.0
2019-10-02,179.95,180.0,179.0,179.0,20502.0
2019-10-03,178.55,178.55,178.5,178.5,417.0
2019-10-04,181.7,181.7,179.0,179.0,87751.0
2019-10-07,179.0,179.0,178.5,178.5,270.0
2019-10-08,180.0,180.0,178.2,178.2,11050.0
2019-10-09,179.0,179.0,178.2,178.2,646.0
2019-10-10,178.10001,178.95,177.10001,177.10001,7893.0
2019-10-11,176.2,180.0,176.2,179.75,109571.0
2019-10-14,179.75,179.75,179.75,179.75,57.0
2019-10-15,180.0,180.0,175.2,177.0,9233.0
2019-10-16,177.05,177.05,176.0,177.0,31868.0
2019-10-17,176.35001,177.05,176.35001,177.05,6275.0
2019-10-18,177.10001,178.5,177.0,177.10001,8837.0
2019-10-21,177.14999,177.14999,175.10001,175.10001,4815.0
2019-10-22,175.25,179.39999,175.05,179.39999,11794.0
2019-10-23,176.5,182.0,175.25,180.0,2584.0
2019-10-24,178.0,179.89999,178.0,179.0,5768.0
2019-10-25,179.95,180.0,177.0,180.0,51385.0
2019-10-28,179.95,179.95,177.10001,177.10001,456.0
2019-10-29,177.39999,179.75,177.39999,179.75,1584.0
2019-10-30,177.8,177.8,177.8,177.8,75.0
2019-10-31,176.55,178.85001,176.55,177.5,2908.0
2019-11-01,178.2,179.0,178.2,178.75,6905.0
2019-11-04,178.95,179.0,178.25,178.39999,527.0
2019-11-05,180.0,181.39999,178.5,180.5,1570.0
2019-11-07,180.0,180.0,179.10001,180.0,8660.0
2019-11-08,180.0,180.35001,180.0,180.05,184115.0
2019-11-12,180.0,181.0,180.0,181.0,1432.0
2019-11-13,180.0,181.0,180.0,181.0,118402.0
2019-11-14,180.60001,180.89999,180.3,180.89999,5281.0
2019-11-15,180.05,180.8,180.05,180.8,3485.0
2019-11-19,181.8,181.8,180.2,180.3,1755.0
2019-11-20,180.14999,181.0,180.14999,181.0,2160.0
2019-11-21,182.0,184.05,182.0,184.05,16871.0
2019-11-22,184.14999,187.60001,184.14999,187.60001,62160.0
2019-11-25,185.60001,185.85001,185.60001,185.85001,3616.0
2019-11-26,185.95,188.0,185.89999,187.0,38747.0
2019-11-27,187.0,189.89999,187.0,189.89999,16629.0
2019-11-28,187.10001,190.0,187.10001,190.0,9014.0
2019-11-29,189.0,190.0,189.0,190.0,26866.0
2019-12-02,188.05,190.0,187.0,188.0,1284.0
2019-12-03,186.2,187.5,185.14999,187.0,2735.0
2019-12-04,187.5,187.5,186.05,187.0,2053.0
2019-12-05,186.2,187.0,185.5,185.8,5065.0
2019-12-06,186.2,190.0,186.2,190.0,15511.0
2019-12-09,187.5,191.95,187.5,190.0,13563.0
2019-12-10,188.14999,191.3,188.14999,191.3,1711.0
2019-12-11,188.2,200.0,188.2,195.10001,27310.0
2019-12-12,197.0,203.75,197.0,201.0,64220.0
2019-12-13,200.5,202.05,200.5,202.05,25031.0
2019-12-16,201.0,201.0,200.14999,200.39999,1045.0
2019-12-17,201.95,203.0,200.75,203.0,22140.0
2019-12-18,201.60001,203.7,201.60001,203.7,16834.0
2019-12-19,202.5,212.0,202.5,212.0,324828.0
2019-12-20,210.64999,218.89999,210.64999,212.0,127097.0
2019-12-23,212.10001,214.0,212.0,212.5,12564.0
2019-12-24,212.10001,218.0,212.10001,218.0,77765.0
2019-12-25,214.0,218.5,214.0,216.0,517103.0
2019-12-26,214.10001,215.95,213.60001,215.95,28589.0
2019-12-27,212.5,212.5,205.25,210.0,69124.0
2019-12-30,210.0,210.0,201.0,208.0,46929.0
2019-12-31,205.55,209.5,205.55,207.0,112499.0
2020-01-02,206.05,207.0,206.05,207.0,410.0
2020-01-03,207.0,210.5,206.14999,210.5,11398.0
2020-01-06,208.2,210.0,208.2,210.0,5464.0
2020-01-07,208.5,210.0,208.5,210.0,4730.0
2020-01-08,214.0,217.0,213.0,216.8,71653.0
2020-01-09,216.0,219.8,216.0,219.0,120637.0
2020-01-10,217.60001,219.75,215.8,215.8,11771.0
2020-01-13,219.75,219.75,214.0,214.60001,892.0
2020-01-14,214.64999,218.0,214.64999,218.0,97279.0
2020-01-15,217.5,219.85001,217.5,218.5,84669.0
2020-01-16,219.45,219.45,217.0,218.0,46145.0
2020-01-17,218.0,225.0,217.0,225.0,100573.0
2020-01-20,224.89999,229.0,224.0,227.39999,49384.0
2020-01-21,225.0,227.45,225.0,225.0,45010.0
2020-01-22,228.0,228.0,223.0,224.95,131478.0
2020-01-23,224.5,225.0,221.0,221.0,103358.0
2020-01-24,220.0,222.5,220.0,222.5,69183.0
2020-01-27,224.95,224.95,220.0,221.10001,23128.0
2020-01-28,221.0,224.25,221.0,224.0,45690.0
2020-01-29,225.0,225.0,221.3,221.3,4455.0
2020-01-30,221.3,224.95,221.3,221.3,13266.0
2020-01-31,220.0,220.5,220.0,220.5,2020.0
2020-02-03,217.0,220.0,215.0,215.0,29675.0
2020-02-04,220.0,220.0,215.0,217.5,1470.0
2020-02-05,216.0,218.0,216.0,216.55,6599.0
2020-02-06,215.14999,218.5,215.14999,215.60001,64077.0
2020-02-07,215.8,215.8,215.0,215.05,15725.0
2020-02-10,214.0,217.45,212.0,215.0,15441.0
2020-02-11,215.5,215.5,212.0,212.14999,18861.0
2020-02-12,213.0,213.10001,213.0,213.0,30104.0
2020-02-13,216.0,220.0,216.0,220.0,81410.0
2020-02-14,220.0,222.0,218.0,222.0,36171.0
2020-02-17,220.10001,223.5,219.10001,223.5,18099.0
2020-02-18,224.0,224.0,221.60001,222.10001,28925.0
2020-02-19,221.10001,223.0,221.10001,223.0,8829.0
2020-02-20,220.7,223.05,220.7,222.5,7010.0
2020-02-21,225.05,226.0,220.10001,220.10001,179918.0
2020-02-24,222.10001,222.10001,218.0,219.25,13857.0
2020-02-25,220.39999,222.0,220.39999,222.0,12052.0
2020-02-26,221.05,221.05,219.0,220.0,13860.0
2020-02-27,218.0,218.0,211.0,215.5,148166.0
2020-02-28,215.05,215.10001,211.5,211.5,146831.0
2020-03-02,211.7,211.7,208.14999,208.60001,7290.0
2020-03-03,208.5,208.60001,200.05,200.10001,182590.0
2020-03-04,199.10001,201.95,195.05,195.5,25728.0
2020-03-05,196.0,200.10001,196.0,198.0,110054.0
2020-03-06,197.0,197.0,187.5,187.5,195157.0
2020-03-09,169.95,175.0,168.89999,171.0,331139.0
2020-03-10,171.10001,187.0,171.10001,182.0,63978.0
2020-03-11,189.89999,194.95,187.0,187.0,30267.0
2020-03-12,187.89999,187.89999,168.35001,168.35001,170882.0
2020-03-13,164.89999,167.0,158.0,167.0,147420.0
2020-03-16,165.0,165.0,150.35001,150.35001,56242.0
2020-03-17,144.35001,144.35001,144.35001,144.35001,26326.0
2020-03-18,138.60001,138.60001,138.60001,138.60001,242267.0
2020-03-19,135.05,144.10001,135.05,144.10001,47131.0
2020-03-20,149.85001,149.85001,149.85001,149.85001,61672.0
2020-03-23,152.0,155.8,152.0,155.8,34641.0
2020-03-24,161.89999,161.89999,161.89999,161.89999,90701.0
2020-03-25,161.85001,161.85001,155.60001,155.60001,46415.0
2020-03-26,158.89999,158.89999,151.10001,151.10001,45251.0
2020-03-27,154.89999,155.85001,150.0,150.0,14972.0
2020-03-30,155.0,155.95,154.0,155.89999,1516.0
2020-03-31,155.0,157.0,154.0,155.0,27053.0
2020-04-01,156.85001,158.0,154.0,154.0,1907.0
2020-04-02,153.5,153.64999,148.10001,149.5,15971.0
2020-04-03,152.85001,152.85001,148.0,148.0,28179.0
2020-04-06,148.5,149.89999,144.8,144.8,7186.0
2020-04-07,144.0,147.95,140.0,140.10001,16100.0
2020-04-08,144.89999,145.7,143.0,145.7,4123.0
2020-04-09,149.89999,151.5,149.89999,151.5,34982.0
2020-04-10,157.0,157.0,153.60001,153.8,33741.0
2020-04-13,154.0,155.75,154.0,155.75,130.0
2020-04-14,156.85001,157.95,156.0,156.0,2235.0
2020-04-15,151.10001,153.45,150.0,150.0,14679.0
2020-04-16,150.0,153.75,144.5,144.5,24406.0
2020-04-17,144.8,148.0,144.8,146.0,14947.0
2020-04-20,146.0,147.89999,146.0,146.0,60151.0
2020-04-21,146.0,147.8,146.0,146.45,75261.0
2020-04-22,146.5,147.0,145.5,145.8,56076.0
2020-04-23,146.2,146.2,145.5,145.5,7097.0
2020-04-24,147.95,147.95,145.5,145.5,20839.0
2020-04-27,147.95,151.0,147.85001,150.0,20875.0
2020-04-28,151.0,154.89999,145.55,145.55,46744.0
2020-04-29,146.14999,151.35001,146.05,151.35001,18568.0
2020-04-30,154.10001,156.5,152.0,155.0,32521.0
2020-05-04,159.0,159.0,154.0,156.60001,32847.0
2020-05-05,159.89999,161.0,157.25,161.0,22540.0
2020-05-06,167.39999,167.39999,165.0,167.39999,98540.0
2020-05-07,171.0,173.35001,170.0,172.0,150887.0
2020-05-08,175.0,175.0,168.0,168.05,87396.0
2020-05-11,170.0,170.0,165.10001,166.8,12626.0
2020-05-12,166.64999,166.64999,164.0,165.0,11934.0
2020-05-13,165.0,165.95,163.0,165.7,34746.0
2020-05-14,165.7,170.0,165.7,168.89999,95628.0
2020-05-15,169.5,171.0,168.05,170.0,9531.0
2020-05-18,173.7,176.75,172.0,176.5,63854.0
2020-05-19,178.60001,178.60001,175.0,175.5,17487.0
2020-05-20,176.39999,177.0,175.0,176.0,3193.0
2020-05-21,176.3,178.3,175.39999,177.0,27760.0
2020-05-22,180.0,183.0,179.89999,183.0,84099.0
2020-05-26,187.5,190.3,185.0,190.3,46821.0
2020-05-27,194.89999,195.8,185.05,185.05,72621.0
2020-05-28,189.8,189.8,185.0,187.0,39878.0
2020-05-29,189.0,192.0,187.0,187.0,71346.0
2020-06-01,187.0,190.0,187.0,188.0,25281.0
2020-06-02,188.0,190.10001,188.0,190.0,47782.0
2020-06-03,190.0,192.5,190.0,191.0,45738.0
2020-06-04,193.75,193.75,189.7,189.7,80803.0
2020-06-05,190.0,191.85001,186.5,187.0,41904.0
2020-06-08,187.85001,188.0,187.0,188.0,1304.0
2020-06-09,189.0,190.0,188.0,188.0,14666.0
2020-06-10,189.3,189.5,188.0,188.0,15041.0
2020-06-11,189.0,189.0,180.5,186.14999,8249.0
2020-06-12,186.7,186.7,185.0,185.0,25366.0
2020-06-15,186.14999,186.14999,184.0,186.0,9126.0
2020-06-16,185.10001,188.0,185.10001,186.7,7104.0
2020-06-17,194.14999,194.14999,194.14999,194.14999,7761.0
2020-06-18,201.0,201.0,192.05,192.05,58313.0
2020-06-19,191.89999,193.5,191.89999,192.0,65246.0
2020-06-22,192.95,192.95,190.0,190.0,2791.0
2020-06-23,188.14999,189.45,188.14999,189.45,3816.0
2020-06-24,189.05,190.95,189.05,189.89999,45632.0
2020-06-25,190.0,192.95,190.0,191.0,12959.0
2020-06-26,190.05,191.0,188.10001,189.0,22490.0
2020-06-29,191.5,191.5,188.60001,188.60001,1045.0
2020-06-30,190.0,192.0,188.7,192.0,41705.0
2020-07-01,192.0,195.0,192.0,193.64999,28195.0
2020-07-02,194.0,194.0,191.0,192.0,22437.0
2020-07-03,192.5,193.0,191.5,193.0,55466.0
2020-07-06,193.95,193.95,192.0,192.0,2655.0
2020-07-07,192.05,194.5,192.0,194.0,24225.0
2020-07-08,194.5,194.5,191.60001,191.60001,560.0
2020-07-09,191.85001,196.5,191.85001,196.5,19848.0
2020-07-10,196.0,196.0,195.0,195.0,11378.0
2020-07-13,194.5,196.5,194.14999,196.0,5235.0
2020-07-14,195.05,197.0,195.0,196.0,22502.0
2020-07-15,196.5,200.0,196.5,200.0,38756.0
2020-07-16,201.0,203.0,198.5,201.05,10352.0
2020-07-17,202.0,202.0,198.05,200.0,90534.0
2020-07-20,200.0,201.45,199.05,200.0,49495.0
2020-07-21,195.0,195.0,187.2,188.05,10366.0
2020-07-22,188.05,193.0,188.05,192.0,594.0
2020-07-23,189.14999,189.2,189.0,189.0,16461.0
2020-07-24,189.0,191.5,189.0,190.0,10017.0
2020-07-27,191.0,191.5,188.05,189.0,19291.0
2020-07-28,191.45,191.89999,188.10001,191.89999,37496.0
2020-07-29,190.0,191.60001,190.0,191.60001,500.0
2020-08-03,188.3,188.60001,186.0,186.0,2986.0
2020-08-04,188.89999,188.89999,186.5,188.0,800.0
2020-08-05,186.0,186.89999,186.0,186.0,39080.0
2020-08-06,186.89999,188.0,186.0,186.3,23493.0
2020-08-07,188.0,188.0,182.3,185.05,18906.0
2020-08-10,185.0,186.0,184.0,186.0,489.0
2020-08-11,185.10001,186.2,185.0,186.2,1565.0
2020-08-12,186.0,186.0,185.0,185.0,11547.0
2020-08-13,185.89999,187.0,185.2,185.64999,5424.0
2020-08-17,185.2,186.39999,185.0,186.39999,1195.0
2020-08-18,185.10001,186.0,185.0,185.0,12584.0
2020-08-19,185.14999,186.39999,185.14999,185.39999,906.0
2020-08-24,185.64999,188.0,185.64999,188.0,20192.0
2020-08-25,188.0,189.0,187.5,188.05,12553.0
2020-08-26,188.0,190.5,187.95,190.0,35374.0
2020-08-27,190.5,191.0,190.0,190.0,65442.0
2020-08-28,191.39999,191.39999,189.0,189.0,5890.0
2020-08-31,188.0,188.0,186.0,186.5,13486.0
2020-09-01,189.95,191.0,186.2,191.0,42005.0
2020-09-02,191.3,192.0,188.55,191.8,3761.0
2020-09-03,189.0,191.7,188.0,191.7,404.0
2020-09-04,188.25,191.5,188.2,188.2,2723.0
2020-09-07,191.0,191.0,188.0,188.0,13.0
2020-09-08,187.2,188.0,187.2,188.0,30816.0
2020-09-09,188.0,188.0,187.39999,187.39999,8891.0
2020-09-10,187.39999,187.39999,186.89999,187.10001,3250.0
2020-09-11,187.0,188.0,185.0,186.5,5171.0
2020-09-14,187.89999,188.0,185.0,185.0,37706.0
2020-09-15,188.0,188.0,183.05,183.7,180879.0
2020-09-16,183.7,183.7,183.10001,183.3,542.0
2020-09-17,185.0,185.0,183.14999,183.14999,2600.0
2020-09-18,183.0,184.10001,183.0,184.0,671.0
2020-09-21,183.14999,184.0,183.14999,184.0,240.0
2020-09-22,183.2,184.95,183.2,184.95,546.0
2020-09-23,184.5,185.0,183.25,185.0,4237.0
2020-09-24,184.05,184.05,183.25,183.25,3353.0
2020-09-25,183.95,184.89999,183.95,183.95,16103.0
2020-09-28,184.89999,184.89999,183.0,183.10001,605.0
2020-09-29,183.89999,183.89999,181.5,183.89999,42502.0
2020-09-30,181.5,182.0,181.5,181.5,1269.0
2020-10-01,181.3,181.60001,180.05,181.60001,4308.0
2020-10-02,181.5,182.0,181.5,181.64999,673.0
2020-10-05,181.60001,183.0,181.60001,183.0,86661.0
2020-10-06,183.0,186.0,182.5,185.0,102844.0
2020-10-07,189.95,189.95,186.0,188.5,9743.0
2020-10-08,186.0,188.45,185.05,185.10001,4612.0
2020-10-09,188.0,188.5,185.14999,188.0,55268.0
2020-10-12,188.0,188.0,186.0,188.0,12079.0
2020-10-13,188.8,189.7,186.14999,189.0,31558.0
2020-10-14,188.5,190.95,188.5,190.0,270976.0
2020-10-15,190.0,191.95,188.60001,191.95,9059.0
2020-10-16,188.60001,191.5,188.2,188.5,7010.0
2020-10-19,188.10001,189.0,186.05,189.0,247.0
2020-10-20,186.2,188.0,186.0,188.0,15252.0
2020-10-21,189.95,190.0,186.10001,190.0,15567.0
2020-10-22,190.5,191.0,187.39999,190.0,11961.0
2020-10-23,190.0,191.25,189.0,190.0,10465.0
2020-10-26,189.05,191.0,189.05,190.5,5595.0
2020-10-27,190.0,190.95,190.0,190.0,1279.0
2020-10-28,190.8,190.8,189.0,189.0,6507.0
2020-11-02,188.0,188.0,186.0,186.2,1201.0
2020-11-03,185.10001,186.2,185.10001,186.0,6247.0
2020-11-04,186.0,186.0,185.5,186.0,10067.0
2020-11-05,186.05,186.5,186.0,186.05,21190.0
2020-11-09,186.05,191.95,186.05,191.95,29885.0
2020-11-10,191.95,192.95,190.14999,192.8,7792.0
2020-11-11,192.95,192.95,190.5,192.3,12127.0
2020-11-12,190.5,190.5,188.2,188.2,1238.0
2020-11-13,189.0,191.95,189.0,191.95,2830.0
2020-11-16,190.14999,191.60001,190.14999,191.60001,928.0
2020-11-17,190.14999,192.25,190.10001,192.25,3845.0
2020-11-19,192.5,193.5,191.5,193.5,9058.0
2020-11-20,193.0,195.0,192.0,195.0,64741.0
2020-11-23,195.0,197.0,195.0,195.3,23720.0
2020-11-24,196.0,198.5,195.0,198.5,27853.0
2020-11-25,199.0,206.0,199.0,203.95,55439.0
2020-11-26,204.95,205.0,200.25,200.25,5532.0
2020-11-27,204.0,204.0,195.0,195.0,29184.0
2020-11-30,199.7,199.7,196.2,196.2,11158.0
2020-12-01,196.5,200.0,196.5,197.2,12344.0
2020-12-02,197.5,199.5,197.0,197.60001,3881.0
2020-12-03,197.2,200.0,197.2,200.0,40412.0
2020-12-04,202.0,203.0,199.05,200.0,14129.0
2020-12-07,200.0,202.60001,200.0,200.0,346.0
2020-12-08,202.0,202.5,200.0,202.5,37058.0
2020-12-09,200.0,202.5,200.0,200.14999,1874.0
2020-12-10,202.89999,202.89999,200.14999,201.0,10525.0
2020-12-11,203.89999,205.35001,201.8,205.05,62633.0
2020-12-14,205.3,206.0,204.0,205.0,15964.0
2020-12-15,206.0,206.89999,205.0,205.35001,90308.0
2020-12-16,206.8,207.5,205.39999,207.0,4379.0
2020-12-17,206.0,212.0,206.0,211.95,39609.0
2020-12-18,211.95,214.5,210.5,212.0,81009.0
2020-12-21,209.95,209.95,203.55,203.55,44268.0
2020-12-22,202.0,211.5,202.0,211.5,54436.0
2020-12-23,213.89999,215.0,211.5,211.5,12465.0
2020-12-24,211.05,213.89999,208.10001,208.10001,27037.0
2020-12-25,208.64999,209.89999,206.95,208.0,49753.0
2020-12-28,212.5,213.0,210.0,212.0,2426.0
2020-12-29,212.0,212.89999,210.0,210.0,81981.0
2020-12-30,209.60001,212.0,209.60001,210.0,24270.0
2020-12-31,209.0,210.0,209.0,210.0,13830.0
2021-01-04,210.0,211.95,210.0,211.89999,35194.0
2021-01-05,211.95,212.0,210.05,212.0,8686.0
2021-01-06,212.2,215.89999,212.2,215.0,10615.0
2021-01-07,216.95,217.0,216.0,216.10001,20175.0
2021-01-08,216.89999,216.89999,215.0,215.0,22850.0
2021-01-12,215.0,216.10001,214.85001,215.0,25481.0
2021-01-13,215.0,215.0,212.2,214.0,14718.0
2021-01-14,215.0,216.45,214.0,216.39999,30312.0
2021-01-15,216.45,218.0,216.0,217.89999,78946.0
2021-01-18,218.5,218.5,215.0,218.5,4858.0
2021-01-19,218.89999,219.5,216.5,219.39999,10596.0
2021-01-20,218.95,219.89999,217.35001,218.0,21335.0
2021-01-21,218.5,219.75,217.5,217.5,10820.0
2021-01-22,217.5,217.5,215.10001,217.0,59833.0
2021-01-25,217.0,217.5,215.45,217.0,8415.0
2021-01-26,217.0,219.0,217.0,218.95,23003.0
2021-01-27,218.0,218.3,217.0,217.05,2316.0
2021-01-28,217.5,218.89999,217.2,217.35001,3995.0
2021-01-29,218.14999,219.89999,218.14999,219.0,114219.0
2021-02-01,217.10001,218.39999,217.0,217.5,30321.0
2021-02-02,218.5,219.5,217.10001,219.0,73455.0
2021-02-03,219.8,220.8,218.55,220.0,154603.0
2021-02-04,219.14999,220.8,219.14999,220.10001,35844.0
2021-02-05,220.89999,220.89999,219.0,220.0,19694.0
2021-02-08,218.10001,219.0,217.0,217.2,59916.0
2021-02-09,217.0,217.0,215.39999,216.0,16031.0
2021-02-10,216.0,216.0,209.5,210.60001,7567.0
2021-02-11,211.89999,215.0,211.0,215.0,15255.0
2021-02-12,214.5,215.39999,214.0,214.0,24386.0
2021-02-15,216.0,216.0,213.10001,214.5,847.0
2021-02-16,215.0,216.95,215.0,215.0,15045.0
2021-02-17,214.5,216.5,214.05,214.5,25319.0
2021-02-18,214.0,215.0,214.0,215.0,1941.0
2021-02-19,214.05,215.0,211.05,214.0,6472.0
2021-02-22,212.10001,214.5,212.10001,213.5,12004.0
2021-02-23,215.5,215.5,212.3,212.95,96520.0
2021-02-24,213.0,213.0,207.0,207.0,13362.0
2021-02-25,208.10001,209.89999,200.10001,209.0,1898.0
2021-02-26,209.95,213.5,209.95,213.0,63481.0
2021-03-01,210.7,211.05,210.7,211.05,29.0
2021-03-02,213.0,214.0,213.0,213.89999,5164.0
2021-03-03,215.0,215.0,214.0,214.0,10230.0
2021-03-04,211.55,212.8,211.55,212.10001,1063.0
2021-03-05,215.0,216.0,214.0,215.0,72602.0
2021-03-08,213.14999,213.14999,212.55,212.55,750.0
2021-03-09,215.0,216.0,214.0,214.95,13582.0
2021-03-10,214.0,214.5,214.0,214.0,22422.0
2021-03-11,215.95,215.95,212.55,213.05,5400.0
2021-03-12,215.0,215.3,214.0,215.0,144995.0
2021-03-15,214.14999,215.89999,214.10001,214.39999,1467.0
2021-03-16,214.3,215.75,214.3,215.75,2950.0
2021-03-17,215.8,217.0,215.8,216.5,36950.0
2021-03-18,216.5,217.0,215.0,215.0,57135.0
2021-03-19,216.0,216.0,214.8,214.8,32821.0
2021-03-22,214.8,216.8,214.8,215.0,8639.0
2021-03-23,214.8,215.0,210.0,210.0,38340.0
2021-03-24,215.7,216.89999,213.64999,216.85001,23316.0
2021-03-25,216.0,216.0,216.0,216.0,18.0
2021-03-26,215.14999,215.5,215.14999,215.5,44.0
2021-03-29,215.55,215.60001,212.75,215.60001,945.0
2021-03-30,216.95,217.0,214.05,215.5,34288.0
2021-03-31,214.89999,216.0,214.89999,216.0,1655.0
2021-04-01,216.0,217.0,216.0,217.0,5061.0
2021-04-02,215.7,216.14999,215.60001,216.10001,131.0
2021-04-05,216.5,217.0,216.0,216.05,1726.0
2021-04-06,216.5,217.5,215.10001,215.10001,17580.0
2021-04-07,215.3,216.89999,215.3,216.0,331.0
2021-04-08,216.0,216.89999,215.95,216.89999,15308.0
2021-04-09,217.0,217.5,216.14999,217.5,15090.0
2021-04-12,217.0,218.10001,217.0,218.0,2434.0
2021-04-13,218.89999,219.5,216.89999,218.0,121.0
2021-04-14,218.0,219.0,217.5,219.0,199.0
2021-04-15,218.55,219.95,218.55,219.89999,2582.0
2021-04-16,219.89999,219.89999,219.85001,219.85001,280.0
2021-04-19,219.8,219.8,219.0,219.0,15185.0
2021-04-20,219.3,220.0,219.0,220.0,22415.0
2021-04-21,220.0,220.35001,219.55,220.05,7488.0
2021-04-22,220.05,221.0,220.05,220.8,2896.0
2021-04-23,220.8,222.0,220.2,222.0,9896.0
2021-04-26,222.0,222.45,222.0,222.45,1532.0
2021-04-27,222.7,225.0,222.14999,225.0,9481.0
2021-04-28,226.0,230.0,224.0,229.0,26212.0
2021-04-29,229.35001,229.5,228.0,229.0,7423.0
2021-04-30,225.7,228.85001,225.0,228.0,6660.0
2021-05-03,228.89999,228.89999,226.5,226.5,14185.0
2021-05-04,228.89999,229.0,225.0,225.0,4331.0
2021-05-05,225.0,229.0,225.0,229.0,29799.0
2021-05-06,225.60001,228.95,225.60001,226.0,972.0
2021-05-07,228.0,230.10001,226.60001,230.10001,54053.0
2021-05-10,230.0,235.0,230.0,235.0,20579.0
2021-05-11,235.0,238.0,231.0,235.0,5890.0
2021-05-12,235.0,239.89999,235.0,238.05,79838.0
2021-05-17,236.5,244.5,236.5,243.0,68983.0
2021-05-18,243.0,243.0,241.0,241.0,34006.0
2021-05-19,245.0,250.60001,245.0,248.0,121931.0
2021-05-20,250.60001,254.0,245.05,245.05,24071.0
2021-05-21,245.2,250.0,245.2,249.45,77103.0
2021-05-24,251.89999,251.89999,248.0,249.0,4889.0
2021-05-25,250.95,251.0,247.0,247.0,6586.0
2021-05-26,247.0,249.39999,245.10001,249.0,11038.0
2021-05-27,246.14999,248.89999,241.2,247.5,20115.0
2021-05-28,243.0,247.39999,243.0,245.10001,839.0
2021-05-31,247.0,250.0,245.10001,245.10001,2339.0
2021-06-01,245.0,246.0,245.0,245.05,11493.0
2021-06-02,249.55,249.55,245.10001,249.35001,20953.0
2021-06-03,249.3,256.0,249.3,254.8,7414.0
2021-06-04,254.89999,254.89999,251.10001,251.25,5422.0
2021-06-07,252.3,252.8,250.5,250.55,1183.0
2021-06-08,254.0,254.0,245.2,247.3,9823.0
2021-06-09,252.89999,252.89999,250.0,250.0,48367.0
2021-06-10,248.10001,257.5,248.0,253.55,90366.0
2021-06-11,255.0,259.89999,255.0,258.0,17255.0
2021-06-14,260.0,261.0,258.10001,258.10001,37457.0
2021-06-15,257.0,258.0,253.8,256.5,18335.0
2021-06-16,252.25,255.0,252.25,252.5,62666.0
2021-06-17,257.64999,257.64999,251.45,251.45,15995.0
2021-06-18,251.10001,256.14999,251.0,256.14999,58229.0
2021-06-21,251.64999,253.0,246.5,253.0,1777.0
2021-06-22,253.05,256.89999,253.05,256.5,40798.0
2021-06-23,254.8,255.89999,254.8,255.0,2448.0
2021-06-24,257.20001,257.20001,254.0,254.0,338.0
2021-06-25,251.5,252.5,248.0,248.0,72279.0
2021-06-28,249.0,251.5,249.0,251.5,18305.0
2021-06-29,249.10001,249.5,245.0,245.0,8574.0
2021-06-30,245.55,250.0,245.55,250.0,52476.0
2021-07-01,251.5,252.0,249.95,250.0,41871.0
2021-07-02,250.0,250.0,246.0,246.0,75249.0
2021-07-05,250.95,250.95,246.0,246.0,47187.0
2021-07-06,245.0,249.0,242.39999,246.0,12913.0
2021-07-07,246.0,249.5,246.0,246.0,20727.0
2021-07-08,246.0,249.5,246.0,248.0,5956.0
2021-07-09,246.7,248.0,246.0,248.0,2490.0
2021-07-12,248.0,251.0,248.0,251.0,19771.0
2021-07-13,251.0,253.0,251.0,251.0,6894.0
2021-07-14,248.14999,253.0,248.0,250.0,2090.0
2021-07-15,253.85001,253.85001,248.7,248.7,2932.0
2021-07-16,250.0,251.95,249.0,250.0,40469.0
2021-07-19,251.0,251.89999,251.0,251.0,161.0
2021-07-20,250.0,253.5,250.0,251.5,1520.0
2021-07-23,253.0,255.0,251.0,251.60001,19615.0
2021-07-26,249.95,249.95,244.0,249.75,22584.0
2021-07-28,249.89999,255.8,249.89999,252.39999,75896.0
2021-07-29,257.95001,260.0,256.0,259.5,8145.0
2021-08-02,259.5,262.0,258.0,262.0,45087.0
2021-08-03,262.0,262.5,258.20001,261.0,2758.0
2021-08-04,262.0,262.0,255.0,258.0,4953.0
2021-08-05,256.25,259.39999,256.25,258.0,35521.0
2021-08-06,257.10001,260.0,257.04999,259.45001,51542.0
2021-08-09,258.0,259.85001,258.0,259.85001,1230.0
2021-08-11,262.10001,266.79999,262.10001,264.35001,53266.0
2021-08-12,265.0,266.0,260.0,263.0,20800.0
2021-08-13,262.0,263.89999,260.0,263.89999,10763.0
2021-08-16,261.10001,263.95001,261.0,261.14999,3937.0
2021-08-17,262.0,263.45001,262.0,263.45001,11345.0
2021-08-18,263.5,264.5,263.5,264.29999,3411.0
2021-08-19,262.35001,264.39999,262.35001,262.35001,8235.0
2021-08-23,264.0,264.0,261.5,261.5,29574.0
2021-08-24,261.0,263.0,261.0,261.04999,700.0
2021-08-25,261.60001,262.89999,261.04999,262.0,24091.0
2021-08-26,261.20001,264.35001,261.20001,264.35001,5769.0
2021-08-27,263.0,264.85001,263.0,264.85001,20150.0
2021-08-30,261.60001,264.89999,261.60001,264.89999,16234.0
2021-08-31,263.0,264.79999,263.0,263.0,34531.0
2021-09-01,262.20001,264.0,261.70001,262.20001,2734.0
2021-09-02,261.5,265.0,261.5,264.5,4910.0
2021-09-03,262.5,264.79999,262.5,263.5,13214.0
2021-09-06,264.75,264.79999,263.0,263.0,682.0
2021-09-07,262.5,263.0,261.5,262.10001,17180.0
2021-09-08,262.0,263.0,259.0,262.95001,8419.0
2021-09-09,263.5,268.0,262.20001,265.89999,123873.0
2021-09-10,266.5,269.0,264.0,264.0,30260.0
2021-09-13,263.75,267.0,263.04999,265.89999,4323.0
2021-09-14,266.89999,266.89999,263.20001,265.0,20156.0
2021-09-15,265.0,266.0,263.0,266.0,31706.0
2021-09-16,265.0,269.79999,265.0,269.0,56139.0
2021-09-17,270.0,275.85001,268.14999,272.64999,66058.0
2021-09-20,276.89999,276.89999,275.0,276.89999,732.0
2021-09-21,273.0,276.79999,273.0,273.29999,941.0
2021-09-22,276.0,276.0,273.10001,276.0,78068.0
2021-09-23,280.0,280.0,277.0,278.60001,30259.0
2021-09-24,277.0,279.95001,277.0,279.0,67042.0
2021-09-27,279.45001,279.45001,277.29999,277.29999,3081.0
2021-09-28,277.0,279.39999,277.0,278.0,69158.0
2021-09-29,280.20001,288.0,280.20001,286.0,14193.0
2021-09-30,286.95001,286.95001,283.0,283.0,1583.0
2021-10-01,284.89999,284.89999,277.20001,277.20001,19648.0
2021-10-04,277.10001,279.0,277.10001,277.45001,733.0
2021-10-05,277.04999,280.0,277.04999,280.0,7379.0
2021-10-06,279.89999,280.0,275.14999,277.0,11649.0
2021-10-07,276.0,277.04999,276.0,277.04999,5476.0
2021-10-08,279.95001,280.0,278.0,278.0,41513.0
2021-10-11,280.0,281.0,278.0,280.0,7375.0
2021-10-12,280.0,280.89999,278.39999,278.54999,15079.0
2021-10-13,279.89999,279.89999,278.45001,279.5,696.0
2021-10-14,279.0,279.5,278.54999,279.5,28453.0
2021-10-15,279.89999,280.0,278.45001,279.5,20920.0
2021-10-18,279.0,280.0,278.25,278.25,3050.0
2021-10-21,279.0,284.0,279.0,279.29999,17814.0
2021-10-22,279.10001,279.10001,278.89999,278.89999,5923.0
2021-10-25,279.0,280.0,278.10001,280.0,18887.0
2021-10-26,278.10001,284.95001,278.10001,282.0,21682.0
2021-10-27,284.0,284.95001,279.5,283.85001,35072.0
2021-10-28,284.89999,286.0,284.0,285.35001,47093.0
2021-10-29,284.0,286.0,284.0,286.0,14148.0
2021-11-01,286.0,287.0,284.0,286.0,1327.0
2021-11-02,286.0,286.0,283.0,286.0,5811.0
2021-11-03,284.0,285.0,283.0,283.0,30817.0
2021-11-04,283.0,283.5,280.35001,280.35001,5124.0
2021-11-05,280.35001,284.89999,276.0,277.5,52409.0
2021-11-08,277.5,280.0,277.5,278.0,9959.0
2021-11-09,277.0,279.85001,277.0,277.04999,4517.0
2021-11-10,276.0,277.95001,276.0,276.0,7172.0
2021-11-11,279.0,279.0,278.5,278.5,1123.0
2021-11-12,277.5,278.5,276.0,277.0,17331.0
2021-11-15,276.0,277.0,276.0,276.0,430.0
2021-11-16,276.04999,277.0,276.0,276.5,32335.0
2021-11-17,279.0,281.95001,279.0,280.0,8808.0
2021-11-19,277.5,280.0,277.5,280.0,6622.0
2021-11-22,278.04999,280.0,278.04999,280.0,388.0
2021-11-23,277.0,278.10001,277.0,278.0,32975.0
2021-11-24,281.5,281.5,278.04999,280.0,48311.0
2021-11-25,278.14999,280.95001,278.14999,280.85001,1540.0
2021-11-26,278.14999,278.14999,276.10001,278.0,45216.0
2021-11-29,275.10001,275.10001,270.0,275.0,11360.0
2021-11-30,273.0,276.0,271.0,271.0,38184.0
2021-12-01,273.0,276.0,272.0,276.0,44209.0
2021-12-02,274.0,278.95001,274.0,278.0,1993.0
2021-12-03,280.0,280.0,275.0,279.95001,3564.0
2021-12-06,277.0,279.95001,277.0,277.5,1173.0
2021-12-07,279.0,279.95001,279.0,279.95001,50.0
2021-12-08,278.0,279.95001,278.0,279.5,18225.0
2021-12-09,278.0,280.89999,276.0,280.0,93879.0
2021-12-10,281.0,281.5,281.0,281.0,107732.0
2021-12-13,278.0,280.0,278.0,278.5,1765.0
2021-12-14,282.0,282.0,279.14999,281.0,1488.0
2021-12-15,278.54999,280.89999,278.10001,278.10001,9288.0
2021-12-16,279.39999,279.5,276.04999,276.5,5049.0
2021-12-17,276.35001,279.0,276.35001,279.0,460.0
2021-12-20,276.5,280.0,276.5,280.0,758.0
2021-12-21,274.0,277.0,274.0,277.0,18969.0
2021-12-22,277.0,277.0,275.0,276.0,11632.0
2021-12-23,276.5,279.95001,276.0,277.0,8091.0
2021-12-24,276.0,276.0,275.60001,276.0,6095.0
2021-12-27,276.0,277.0,275.0,277.0,1726.0
2021-12-28,280.0,280.79999,279.89999,280.0,1975.0
2021-12-29,280.79999,282.0,280.5,281.0,65090.0
2021-12-30,282.0,284.0,277.0,284.0,91813.0
2021-12-31,280.10001,282.0,279.89999,279.89999,88508.0
2022-01-03,277.0,282.0,277.0,282.0,81.0
2022-01-04,278.20001,282.0,278.0,282.0,1552.0
2022-01-05,280.0,283.89999,280.0,283.0,1588.0
2022-01-06,283.89999,283.89999,280.04999,283.70001,11390.0
2022-01-07,283.89999,285.0,280.10001,285.0,34281.0
2022-01-10,285.0,285.0,282.10001,283.5,517.0
2022-01-12,282.20001,286.0,281.10001,286.0,25993.0
2022-01-13,285.0,295.0,283.20001,290.0,24833.0
2022-01-14,292.0,292.0,289.95001,291.0,43262.0
2022-01-17,290.10001,291.0,290.10001,291.0,19578.0
2022-01-18,291.95001,291.95001,290.0,290.0,39108.0
2022-01-19,290.10001,291.0,289.5,289.5,1983.0
2022-01-20,289.0,294.95001,288.0,289.0,15685.0
2022-01-21,288.5,290.89999,283.0,283.0,87069.0
2022-01-24,290.75,290.75,285.0,289.89999,36172.0
2022-01-25,286.0,286.0,284.5,284.5,14016.0
2022-01-26,284.20001,285.0,284.20001,285.0,2789.0
2022-01-27,284.5,285.0,284.39999,284.5,713.0
2022-01-28,285.0,291.5,285.0,287.5,38698.0
2022-01-31,287.0,289.5,286.60001,289.5,2033.0
2022-02-01,289.89999,289.89999,287.0,287.0,31412.0
2022-02-02,287.0,289.0,286.0,286.0,32203.0
2022-02-03,285.20001,285.5,285.20001,285.5,22.0
2022-02-04,288.89999,289.0,287.0,287.25,15138.0
2022-02-07,288.0,288.89999,287.5,288.89999,2360.0
2022-02-08,287.60001,288.95001,287.10001,288.0,23557.0
2022-02-09,287.5,288.54999,287.5,288.5,19872.0
2022-02-10,288.5,289.89999,287.20001,288.5,6391.0
2022-02-11,288.60001,289.70001,288.0,289.70001,5022.0
2022-02-14,288.0,288.0,285.0,287.0,3684.0
2022-02-15,285.0,286.0,284.79999,286.0,27583.0
2022-02-16,284.0,285.0,283.75,284.20001,3739.0
2022-02-17,285.0,286.95001,283.0,286.95001,1383.0
2022-02-18,286.95001,286.95001,285.10001,286.5,29537.0
2022-02-21,283.20001,287.0,283.20001,287.0,728.0
2022-02-22,286.0,286.0,283.0,284.0,17248.0
2022-02-23,283.10001,286.0,283.0,284.20001,33814.0
2022-02-24,282.0,282.0,271.5,271.5,97878.0
2022-02-25,264.0,274.0,264.0,270.0,37574.0
2022-02-28,276.0,279.89999,270.0,275.89999,7769.0
2022-03-01,270.0,277.60001,270.0,271.0,19541.0
2022-03-02,273.35001,273.35001,270.10001,270.20001,7850.0
2022-03-03,275.0,275.0,272.0,272.0,20029.0
2022-03-04,270.10001,272.5,264.5,264.5,20885.0
2022-03-07,256.0,258.0,248.64999,250.0,10853.0
2022-03-08,250.0,264.95001,250.0,264.95001,11490.0
2022-03-09,274.70001,274.70001,268.0,270.0,19828.0
2022-03-10,270.0,275.0,261.0,261.0,24884.0
2022-03-11,268.0,269.0,261.10001,263.0,48054.0
2022-03-14,263.04999,269.0,263.0,269.0,616.0
2022-03-15,265.5,269.0,264.0,268.0,14632.0
2022-03-16,268.0,270.0,265.0,269.89999,15577.0
2022-03-17,269.89999,270.0,266.0,270.0,5057.0
2022-03-18,270.0,272.0,268.60001,270.0,45966.0
2022-03-21,271.0,271.0,270.0,271.0,1719.0
2022-03-22,270.0,272.0,270.0,270.0,24642.0
2022-03-23,270.5,270.5,261.0,261.0,8811.0
2022-03-24,262.5,269.5,262.0,264.0,5159.0
2022-03-25,264.0,264.0,263.0,263.0,13960.0
2022-03-28,262.0,263.0,260.0,260.0,20715.0
2022-03-29,261.5,266.0,260.0,266.0,15856.0
2022-03-30,265.0,266.0,262.0,264.0,20129.0
2022-03-31,262.0,266.79999,262.0,265.0,11798.0
2022-04-01,265.0,266.0,263.0,264.10001,729.0
2022-04-04,266.0,266.89999,261.0,263.0,8870.0
2022-04-05,263.10001,265.0,262.5,262.5,717.0
2022-04-07,265.0,270.0,262.5,270.0,32825.0
2022-04-08,269.79999,272.0,269.79999,271.0,111800.0
2022-04-11,277.0,277.0,272.39999,276.75,1101.0
2022-04-12,271.0,276.75,271.0,275.0,13108.0
2022-04-13,272.04999,277.0,272.04999,277.0,29273.0
2022-04-14,274.04999,274.04999,274.04999,274.04999,518.0
2022-04-15,275.0,278.95001,275.0,278.95001,22441.0
2022-04-18,275.0,275.0,274.04999,275.0,1589.0
2022-04-19,277.0,279.0,276.95001,279.0,2383.0
2022-04-20,280.0,280.0,278.0,280.0,30047.0
2022-04-21,278.0,280.0,278.0,280.0,86041.0
2022-04-22,280.10001,282.0,280.0,282.0,17570.0
2022-04-25,282.0,283.0,281.0,282.0,20387.0
2022-04-26,281.0,281.0,280.0,281.0,19726.0
2022-04-27,280.0,281.0,280.0,280.0,1955.0
2022-04-28,280.0,280.04999,279.10001,279.10001,57132.0
2022-04-29,280.0,280.0,275.0,276.0,118724.0
2022-05-04,280.0,281.0,275.0,275.0,20845.0
2022-05-05,275.0,276.0,274.5,275.0,74291.0
2022-05-06,275.0,275.5,274.5,274.5,77474.0
2022-05-09,274.0,279.5,274.0,274.0,974.0
2022-05-10,274.5,274.5,273.0,273.0,3608.0
2022-05-11,272.10001,272.10001,264.0,267.10001,4540.0
2022-05-12,265.0,265.10001,265.0,265.04999,3449.0
2022-05-13,267.0,273.0,267.0,273.0,9373.0
2022-05-16,273.70001,273.70001,264.29999,265.10001,2061.0
2022-05-17,273.0,273.0,266.5,267.0,3212.0
2022-05-18,267.04999,270.0,265.0,265.14999,71529.0
2022-05-19,265.10001,270.0,265.0,265.0,29759.0
2022-05-20,268.0,268.0,267.0,267.0,48400.0
2022-05-23,269.89999,269.89999,265.0,265.0,2805.0
2022-05-24,264.04999,265.0,260.0,260.0,5237.0
2022-05-25,260.04999,268.0,260.0,260.10001,3338.0
2022-05-26,264.0,264.0,260.0,261.10001,2927.0
2022-05-27,261.20001,262.0,261.0,261.0,20913.0
2022-05-30,267.64999,267.64999,260.0,260.5,15579.0
2022-05-31,260.04999,263.0,260.0,260.0,45655.0
2022-06-01,264.85001,265.0,262.5,262.5,1170.0
2022-06-02,262.70001,270.0,262.70001,270.0,6900.0
2022-06-03,267.5,272.5,267.5,270.0,35318.0
2022-06-06,271.0,271.0,263.0,268.85001,442.0
2022-06-07,266.0,270.0,263.0,265.0,9600.0
2022-06-08,262.5,270.0,262.5,269.0,2328.0
2022-06-09,271.79999,271.79999,265.0,265.0,5242.0
2022-06-10,265.0,265.0,264.95001,264.95001,7195.0
2022-06-13,270.39999,270.39999,263.04999,265.0,8266.0
2022-06-14,267.89999,267.89999,260.0,260.0,24862.0
2022-06-15,258.5,260.0,258.0,260.0,2354.0
2022-06-16,256.0,259.89999,256.0,259.89999,124661.0
2022-06-17,259.0,260.0,251.0,260.0,20990.0
2022-06-20,263.0,263.0,258.0,258.0,47.0
2022-06-21,260.0,262.0,256.0,262.0,34681.0
2022-06-22,257.0,260.0,257.0,259.0,6593.0
2022-06-23,256.0,258.0,256.0,258.0,5193.0
2022-06-24,260.95001,260.95001,256.20001,258.0,15529.0
2022-06-27,255.2,258.0,255.0,258.0,7506.0
2022-06-28,256.0,258.0,256.0,258.0,146535.0
2022-06-29,256.0,260.0,251.0,258.0,27239.0
2022-06-30,255.0,261.89999,255.0,261.89999,21.0
2022-07-01,262.5,262.5,255.0,255.0,22296.0
2022-07-04,256.0,256.0,251.0,252.0,13739.0
2022-07-05,252.05,253.0,252.05,253.0,10.0
2022-07-06,252.3,252.3,243.5,249.0,15429.0
2022-07-07,249.0,252.0,249.0,252.0,19180.0
2022-07-08,248.3,255.0,245.0,255.0,14335.0
2022-07-12,255.0,260.0,253.0,260.0,1525.0
2022-07-13,261.95001,261.95001,260.0,260.0,372.0
2022-07-14,260.0,261.0,258.0,260.0,4030.0
2022-07-15,261.0,262.0,260.0,260.0,45915.0
2022-07-18,260.10001,264.0,260.0,263.89999,2273.0
2022-07-19,263.79999,263.79999,260.0,260.0,10433.0
2022-07-20,264.0,264.45001,258.0,258.0,5431.0
2022-07-21,262.5,264.39999,262.5,263.0,44467.0
2022-07-22,260.0,264.5,260.0,260.0,2572.0
2022-07-25,260.04999,264.70001,259.0,260.0,7184.0
2022-07-26,260.0,262.5,258.0,258.0,14739.0
2022-07-27,262.45001,262.45001,258.0,258.0,574.0
2022-07-28,259.0,259.5,259.0,259.0,27.0
2022-07-29,259.5,260.0,259.0,259.0,96.0
2022-08-01,259.0,260.0,257.10001,260.0,1160.0
2022-08-02,260.0,260.0,260.0,260.0,1976.0
2022-08-03,257.0,261.45001,257.0,261.0,2280.0
2022-08-04,256.0,260.89999,256.0,256.25,174.0
2022-08-05,259.0,260.0,259.0,260.0,1030.0
2022-08-08,260.04999,260.04999,257.10001,260.0,185.0
2022-08-09,257.60001,260.0,257.60001,257.60001,1533.0
2022-08-10,259.89999,259.89999,259.85001,259.89999,12967.0
2022-08-11,260.0,260.0,257.10001,260.0,30716.0
2022-08-12,258.0,260.0,258.0,260.0,21842.0
2022-08-15,260.5,260.5,258.20001,259.25,16487.0
2022-08-16,260.0,260.0,260.0,260.0,171.0
2022-08-17,261.0,261.0,260.0,260.0,1321.0
2022-08-19,259.10001,260.0,259.04999,260.0,6711.0
2022-08-22,260.0,260.0,259.95001,259.95001,108.0
2022-08-23,260.0,260.0,258.0,258.04999,2158.0
2022-08-24,260.0,260.0,256.0,258.5,11077.0
2022-08-25,257.0,257.04999,257.0,257.0,4070.0
2022-08-26,257.25,265.0,257.25,259.0,52414.0
2022-08-29,258.0,259.5,258.0,259.0,8882.0
2022-08-30,258.20001,258.5,257.0,258.0,1335.0
2022-08-31,256.5,259.0,256.5,257.0,2804.0
2022-09-01,259.95001,261.75,259.95001,260.0,3990.0
2022-09-02,260.0,260.0,258.0,260.0,1316.0
2022-09-05,259.5,260.0,258.10001,258.10001,1001.0
2022-09-06,258.0,260.0,257.0,258.0,543.0
2022-09-07,258.95001,259.0,258.04999,258.04999,2840.0
2022-09-08,258.0,260.0,258.0,258.95001,7357.0
2022-09-09,260.0,260.0,259.0,259.89999,3019.0
2022-09-12,259.95001,260.0,256.29999,256.35001,561.0
2022-09-13,257.0,257.04999,256.35001,256.45001,9857.0
2022-09-14,259.95001,259.95001,256.45001,257.0,8203.0
2022-09-15,258.0,258.0,256.0,257.0,21214.0
2022-09-16,258.95001,259.0,256.29999,257.0,11051.0
2022-09-19,257.0,257.0,257.0,257.0,601.0
2022-09-20,257.89999,258.0,250.0,256.0,13373.0
2022-09-21,253.10001,256.0,253.10001,255.95,429.0
2022-09-22,255.95,255.95,252.10001,253.95,46015.0
2022-09-23,253.95,255.0,253.95,255.0,15038.0
2022-09-26,255.0,255.0,252.0,252.0,7948.0
2022-09-27,254.0,254.0,251.0,251.0,1409.0
2022-09-28,250.0,250.0,238.0,240.0,83990.0
2022-09-29,247.95,247.95,240.0,242.0,28921.0
2022-09-30,237.0,240.0,236.0,240.0,99310.0
2022-10-03,240.0,248.8,240.0,248.8,1102.0
2022-10-04,245.0,249.45,240.0,240.0,14878.0
2022-10-05,247.5,247.5,240.5,240.5,120.0
2022-10-06,240.0,246.7,240.0,240.14999,2067.0
2022-10-07,240.2,245.0,240.2,241.0,7517.0
2022-10-11,241.0,241.0,235.2,240.89999,730.0
2022-10-12,240.89999,240.89999,236.2,239.0,7344.0
2022-10-13,238.0,238.0,235.0,235.0,3503.0
2022-10-14,227.5,235.0,223.0,229.75,64091.0
2022-10-17,223.0,229.5,222.0,222.0,15968.0
2022-10-18,218.5,224.45,218.5,218.55,30449.0
2022-10-19,218.05,219.0,216.0,216.0,12178.0
2022-10-20,215.0,218.0,210.0,218.0,36152.0
2022-10-21,209.0,215.95,209.0,210.0,26762.0
2022-10-24,210.0,210.0,205.0,205.0,9039.0
2022-10-25,204.0,215.95,204.0,212.0,17041.0
2022-10-26,205.2,214.89999,205.2,214.8,16876.0
2022-10-27,210.25,216.0,210.25,215.7,21006.0
2022-10-28,219.0,224.0,218.8,224.0,5558.0
2022-10-31,215.60001,222.0,215.60001,221.0,3081.0
2022-11-01,220.89999,222.0,220.89999,222.0,873.0
2022-11-02,222.0,222.0,221.0,221.0,214.0
2022-11-03,220.0,220.0,218.0,218.0,7993.0
2022-11-04,217.5,220.0,217.0,218.0,10632.0
2022-11-07,211.0,217.3,211.0,212.10001,11779.0
2022-11-08,217.89999,217.89999,210.0,210.0,256669.0
2022-11-09,210.0,212.0,210.0,210.0,15940.0
2022-11-10,208.8,209.0,204.89999,204.89999,10823.0
2022-11-11,205.0,208.7,200.0,200.0,322987.0
2022-11-14,205.0,209.0,198.0,198.10001,13729.0
2022-11-15,199.0,204.85001,199.0,202.05,26842.0
2022-11-16,200.0,210.0,200.0,210.0,9823.0
2022-11-17,214.0,214.0,210.0,213.0,22989.0
2022-11-21,216.0,216.0,211.0,211.0,12024.0
2022-11-22,215.0,215.0,205.0,205.0,15660.0
2022-11-23,208.0,214.0,208.0,212.0,1328.0
2022-11-24,212.0,212.0,205.0,210.0,4433.0
2022-11-25,213.85001,214.0,212.0,214.0,13436.0
2022-11-28,211.10001,215.0,211.0,211.0,3963.0
2022-11-29,211.0,214.0,211.0,213.0,11468.0
2022-11-30,214.0,214.89999,206.0,206.0,7561.0
2022-12-01,209.89999,218.35001,209.89999,218.35001,5313.0
2022-12-02,215.0,223.0,215.0,223.0,10767.0
2022-12-05,217.2,225.95,217.2,225.95,1667.0
2022-12-06,226.0,230.0,225.5,230.0,6579.0
2022-12-07,229.89999,230.0,227.0,229.0,1934.0
2022-12-08,229.95,229.95,226.0,227.0,45363.0
2022-12-09,229.89999,229.89999,225.0,225.0,3546.0
2022-12-12,224.5,226.8,223.8,224.0,3630.0
2022-12-13,229.85001,229.85001,224.0,225.0,7753.0
2022-12-14,225.55,228.55,218.0,227.95,4269.0
2022-12-15,226.0,226.0,218.39999,223.0,2449.0
2022-12-16,223.0,223.0,217.0,218.0,6907.0
2022-12-19,218.0,218.10001,217.0,218.10001,278.0
2022-12-20,211.0,218.0,207.2,207.2,13507.0
2022-12-21,214.95,218.89999,208.55,217.3,781.0
2022-12-22,217.89999,217.89999,217.0,217.5,855.0
2022-12-23,214.3,218.3,210.0,210.0,21010.0
2022-12-26,210.05,215.0,210.05,213.89999,279.0
2022-12-27,214.0,214.0,207.2,210.0,930298.0
2022-12-28,213.95,219.0,210.10001,219.0,21353.0
2022-12-29,218.85001,219.0,212.0,212.0,30526.0
2022-12-30,215.0,217.89999,210.10001,216.0,59382.0
2023-01-02,215.0,215.0,215.0,215.0,8.0
2023-01-03,213.0,213.0,207.0,207.0,14318.0
2023-01-04,207.60001,213.2,201.0,201.05,29441.0
2023-01-05,205.0,205.0,189.0,189.0,28515.0
2023-01-06,193.0,197.75,181.0,181.0,57733.0
2023-01-09,189.89999,189.89999,178.0,184.45,27326.0
2023-01-10,184.5,193.64999,180.0,185.0,70275.0
2023-01-12,186.0,191.95,186.0,190.0,52785.0
2023-01-13,195.0,200.0,194.0,200.0,34655.0
2023-01-16,205.0,207.95,201.5,201.5,20680.0
2023-01-17,201.0,207.0,201.0,207.0,403.0
2023-01-18,205.89999,206.0,203.0,203.0,85087.0
2023-01-19,205.0,205.0,200.0,201.95,3123.0
2023-01-20,200.0,203.0,199.0,200.0,20012.0
2023-01-23,204.95,204.95,196.10001,203.95,1320.0
2023-01-24,204.0,204.0,200.0,200.0,15.0
2023-01-25,200.0,203.0,199.0,200.0,54761.0
2023-01-26,200.05,200.05,199.0,200.0,17508.0
2023-01-27,203.0,203.0,198.0,198.0,10494.0
2023-01-30,198.05,206.0,198.05,204.89999,170040.0
2023-01-31,204.89999,204.89999,202.05,204.89999,4332.0
2023-02-01,204.95,206.0,204.0,205.0,26321.0
2023-02-02,205.0,208.0,202.0,208.0,122954.0
2023-02-03,208.0,208.0,207.0,208.0,29091.0
2023-02-06,210.0,210.0,205.0,209.85001,3572.0
2023-02-07,210.0,210.0,205.2,207.14999,125622.0
2023-02-08,206.0,215.0,206.0,214.85001,206833.0
2023-02-09,215.0,219.0,215.0,215.5,7454.0
2023-02-10,219.0,219.0,214.0,216.89999,27209.0
2023-02-13,216.25,217.0,211.0,213.0,896.0
2023-02-14,211.55,216.95,210.2,211.55,4295.0
2023-02-15,213.0,214.89999,211.7,214.85001,262.0
2023-02-16,215.0,215.0,213.5,213.5,6090.0
2023-02-17,215.0,215.95,211.5,215.0,46041.0
2023-02-20,215.0,215.95,211.10001,215.95,56381.0
2023-02-21,215.0,215.0,211.60001,212.89999,4035.0
2023-02-22,214.0,222.0,214.0,216.0,31023.0
2023-02-23,214.10001,219.0,214.10001,218.0,52077.0
2023-02-24,218.85001,222.0,216.0,222.0,5776.0
2023-02-27,223.85001,223.85001,218.05,219.05,808.0
2023-02-28,220.0,220.0,218.0,218.0,8626.0
2023-03-01,218.0,221.8,218.0,218.0,599.0
2023-03-02,215.0,218.0,215.0,215.0,2029.0
2023-03-03,218.0,218.0,214.0,217.64999,4231.0
2023-03-06,217.5,217.5,208.64999,216.89999,554.0
2023-03-07,216.0,216.0,215.0,215.0,336.0
2023-03-08,216.89999,217.0,215.0,216.7,3513.0
2023-03-09,214.3,216.25,211.05,212.0,1577.0
2023-03-10,215.89999,215.89999,208.10001,214.95,38447.0
2023-03-13,210.0,212.0,210.0,210.10001,944.0
2023-03-14,212.0,213.0,212.0,213.0,1560.0
2023-03-15,215.85001,215.85001,211.0,215.0,22510.0
2023-03-16,215.5,215.5,212.0,215.0,9771.0
2023-03-17,215.5,215.5,210.0,210.10001,8281.0
2023-03-20,210.25,214.10001,210.2,214.10001,319.0
2023-03-21,210.3,214.10001,210.2,214.10001,71.0
2023-03-22,210.5,217.05,210.45,217.05,11164.0
2023-03-23,217.05,218.45,217.05,218.39999,1291.0
2023-03-24,218.2,219.0,214.14999,219.0,5371.0
2023-03-27,214.0,219.0,214.0,219.0,1220.0
2023-03-28,219.0,219.0,217.0,217.0,49.0
2023-03-29,218.5,218.75,214.25,218.75,43424.0
2023-03-30,218.85001,220.0,218.85001,220.0,2014.0
2023-03-31,216.05,217.60001,214.0,214.0,16495.0
2023-04-03,219.0,219.89999,213.5,214.0,142.0
2023-04-04,214.0,219.5,214.0,219.5,27104.0
2023-04-05,215.0,219.89999,215.0,219.89999,52594.0
2023-04-06,216.0,218.89999,216.0,218.0,25100.0
2023-04-07,216.2,219.0,216.2,219.0,38035.0
2023-04-10,216.14999,219.7,216.14999,219.0,104343.0
2023-04-11,218.0,219.0,216.5,217.0,25225.0
2023-04-12,217.05,219.0,217.05,219.0,25269.0
2023-04-13,217.10001,219.0,217.10001,219.0,9399.0
2023-04-14,219.0,219.0,219.0,219.0,7040.0
2023-04-17,218.0,220.0,217.0,220.0,728.0
2023-04-18,218.10001,220.0,218.05,220.0,16159.0
2023-04-19,220.0,220.0,218.0,218.0,11093.0
2023-04-20,218.0,218.05,218.0,218.05,5219.0
2023-04-21,219.0,220.0,218.2,220.0,5091.0
2023-04-25,220.0,220.10001,218.5,220.0,9233.0
2023-04-26,220.0,223.89999,218.5,223.89999,30822.0
2023-04-27,223.95,223.95,220.10001,220.5,30608.0
2023-04-28,221.0,233.7,220.3,233.7,4172.0
2023-05-02,230.0,232.0,221.10001,221.10001,4572.0
2023-05-03,223.0,228.60001,222.0,223.60001,51708.0
2023-05-04,221.55,227.89999,221.55,227.89999,2037.0
2023-05-05,224.0,229.0,222.5,229.0,7536.0
2023-05-08,229.2,230.0,224.5,229.0,11419.0
2023-05-09,228.0,228.0,225.05,228.0,965.0
2023-05-10,225.60001,227.89999,225.05,226.05,2056.0
2023-05-11,227.0,230.0,227.0,230.0,60013.0
2023-05-12,230.0,235.0,230.0,234.5,52119.0
2023-05-15,234.0,237.7,234.0,237.0,12482.0
2023-05-16,237.0,239.0,235.5,239.0,12660.0
2023-05-17,239.0,239.89999,239.0,239.5,140.0
2023-05-18,239.5,239.95,237.0,239.95,2257.0
2023-05-19,239.8,239.8,239.0,239.10001,2025.0
2023-05-22,240.0,240.0,238.0,238.0,1029.0
2023-05-23,235.5,239.89999,235.5,239.89999,4625.0
2023-05-24,236.0,244.5,236.0,243.95,32072.0
2023-05-25,243.95,244.5,241.0,243.0,2190.0
2023-05-26,238.0,248.0,238.0,248.0,33507.0
2023-05-29,247.0,249.95,245.25,249.95,20540.0
2023-05-30,248.55,252.89999,248.55,249.89999,43272.0
2023-05-31,251.0,251.0,248.0,249.89999,28854.0
2023-06-01,249.05,249.05,246.0,248.8,3223.0
2023-06-02,249.75,249.75,245.05,249.0,5148.0
2023-06-05,247.95,248.95,245.0,245.0,30891.0
2023-06-06,245.0,245.0,243.0,243.05,17411.0
2023-06-07,244.5,244.5,243.0,243.0,203.0
2023-06-08,243.0,243.95,242.0,242.0,260.0
2023-06-09,242.05,244.89999,242.0,244.89999,10445.0
2023-06-12,245.0,245.0,240.05,243.0,8421.0
2023-06-13,243.0,243.0,240.14999,242.0,3062.0
2023-06-14,242.5,243.95,240.10001,243.95,33671.0
2023-06-15,243.89999,250.0,243.0,247.45,38395.0
2023-06-16,248.0,250.0,245.10001,248.89999,15126.0
2023-06-19,249.0,250.0,247.14999,249.95,24895.0
2023-06-20,247.0,258.85001,247.0,250.0,31087.0
2023-06-21,255.0,255.0,248.0,248.14999,176554.0
2023-06-22,250.0,250.0,248.10001,248.5,2557.0
2023-06-23,250.05,253.0,250.0,252.0,81357.0
2023-06-26,252.0,253.5,250.0,252.0,4713.0
2023-06-27,251.39999,254.0,251.39999,254.0,456907.0
2023-06-28,254.5,255.0,252.0,252.0,11358.0
2023-07-03,255.0,257.0,252.0,255.10001,20033.0
2023-07-04,255.0,259.95001,255.0,258.5,28199.0
2023-07-05,259.89999,260.0,258.0,260.0,21740.0
2023-07-06,260.0,264.0,260.0,263.54999,55691.0
2023-07-07,263.60001,263.85001,260.0,263.85001,37857.0
2023-07-10,264.89999,265.0,260.0,261.0,2880.0
2023-07-11,263.0,264.0,260.0,261.0,3108.0
2023-07-12,262.95001,263.0,260.10001,261.5,6180.0
2023-07-13,254.5,259.0,254.5,259.0,52222.0
2023-07-14,256.0,260.0,255.5,260.0,14835.0
2023-07-17,260.0,260.0,255.10001,260.0,20514.0
2023-07-18,256.5,265.0,256.5,265.0,18294.0
2023-07-20,265.0,270.0,264.0,269.0,34366.0
2023-07-21,265.60001,269.85001,265.60001,269.85001,7753.0
2023-07-24,269.79999,269.85001,266.10001,268.0,14606.0
2023-07-25,268.0,270.0,268.0,270.0,21464.0
2023-07-26,269.0,270.0,266.0,270.0,4680.0
2023-07-27,270.0,275.0,270.0,273.89999,27245.0
2023-07-28,272.0,277.0,272.0,275.0,18168.0
2023-07-31,275.0,277.0,274.95001,275.0,42270.0
2023-08-01,276.0,279.0,275.20001,277.95001,34911.0
2023-08-02,278.0,278.0,274.0,274.0,3878.0
2023-08-03,274.0,275.0,270.10001,273.0,1898.0
2023-08-04,273.0,275.0,271.0,275.0,25521.0
2023-08-07,274.0,274.0,270.10001,271.0,33727.0
2023-08-08,270.20001,274.0,266.20001,271.0,12044.0
2023-08-09,267.5,270.95001,267.5,269.0,3260.0
2023-08-10,267.5,270.0,267.5,270.0,14176.0
2023-08-11,271.0,271.0,269.04999,270.0,4422.0
2023-08-15,270.0,271.20001,265.20001,270.10001,8244.0
2023-08-16,266.20001,270.79999,266.20001,267.54999,1785.0
2023-08-17,268.0,272.5,268.0,270.04999,7932.0
2023-08-18,271.0,272.5,270.0,272.10001,227239.0
2023-08-22,272.0,272.0,268.0,268.0,4620.0
2023-08-23,270.0,270.0,267.0,267.5,54252.0
2023-08-24,268.95001,268.95001,268.95001,268.95001,19071.0
2023-08-25,269.79999,269.79999,268.0,268.0,28281.0
2023-08-28,265.20001,266.0,265.0,265.0,6219.0
2023-08-29,264.54999,267.5,263.0,263.0,18758.0
2023-08-30,266.0,266.0,256.0,262.0,4536.0
2023-08-31,264.0,264.89999,262.0,264.89999,35378.0
2023-09-01,264.0,266.0,264.0,266.0,2540.0
2023-09-04,261.5,264.95001,258.20001,260.0,2734.0
2023-09-05,260.0,262.0,260.0,262.0,58041.0
2023-09-06,261.04999,262.0,261.0,261.29999,1350.0
2023-09-07,261.20001,265.0,261.20001,265.0,5418.0
2023-09-08,264.95001,267.0,264.95001,267.0,5500.0
2023-09-11,267.75,267.95001,265.0,267.0,53536.0
2023-09-12,262.54999,267.5,262.54999,263.0,2304.0
2023-09-13,263.60001,264.10001,263.5,264.0,2154.0
2023-09-14,265.0,267.0,264.5,265.0,15192.0
2023-09-15,264.5,267.45001,264.5,265.0,8547.0
2023-09-18,263.0,264.89999,261.5,261.5,5063.0
2023-09-19,262.0,264.0,262.0,262.0,2670.0
2023-09-20,262.04999,263.5,262.04999,263.0,12141.0
2023-09-21,262.0,263.0,260.0,261.0,6361.0
2023-09-22,260.0,267.0,255.3,267.0,37446.0
2023-09-25,261.0,264.89999,261.0,264.0,3819.0
2023-09-26,267.89999,270.0,264.10001,269.0,37418.0
2023-09-27,269.64999,269.64999,266.04999,269.0,38697.0
2023-10-02,263.04999,269.0,263.04999,267.0,20715.0
2023-10-03,265.10001,267.0,264.25,267.0,623.0
2023-10-04,264.29999,266.0,264.29999,264.35001,8550.0
2023-10-05,277.0,280.20001,271.0,280.20001,172770.0
2023-10-06,284.89999,284.89999,278.04999,279.85001,110860.0
2023-10-09,272.60001,279.95001,272.60001,275.0,8618.0
2023-10-10,275.0,275.0,270.0,275.0,1004.0
2023-10-11,270.5,277.0,270.0,277.0,2577.0
2023-10-12,275.14999,277.0,273.20001,276.0,24413.0
2023-10-13,274.10001,276.95001,274.10001,276.95001,4608.0
2023-10-16,272.79999,276.89999,272.79999,273.0,21238.0
2023-10-17,270.54999,276.70001,270.54999,271.0,136250.0
2023-10-18,271.0,276.0,271.0,276.0,5210.0
2023-10-19,272.04999,275.0,271.10001,275.0,29975.0
2023-10-20,272.0,274.95001,272.0,274.95001,26701.0
2023-10-23,274.0,274.0,272.0,272.79999,16160.0
2023-10-24,271.75,273.0,271.5,273.0,8610.0
2023-10-25,273.5,273.5,271.5,273.0,18007.0
2023-10-26,271.54999,272.0,270.5,270.5,25403.0
2023-10-27,270.5,271.0,266.20001,271.0,41651.0
2023-10-30,267.14999,270.0,267.0,270.0,844.0
2023-10-31,270.0,270.0,266.0,269.0,25867.0
2023-11-01,266.0,269.0,265.04999,269.0,4224.0
2023-11-02,270.0,270.0,268.04999,269.95001,27744.0
2023-11-03,269.0,269.0,266.0,269.0,13990.0
2023-11-07,265.5,269.5,265.0,269.5,11122.0
2023-11-08,266.0,269.0,266.0,269.0,22207.0
2023-11-09,269.0,269.5,269.0,269.5,18647.0
2023-11-10,266.10001,269.5,266.10001,269.5,5905.0
2023-11-13,269.5,269.5,267.0,268.5,3178.0
2023-11-14,269.5,269.5,267.0,269.0,11569.0
2023-11-15,266.5,269.0,266.04999,266.04999,10545.0
2023-11-16,268.79999,271.95001,266.5,271.95001,9402.0
2023-11-17,271.95001,271.95001,270.0,271.95001,10447.0
2023-11-20,272.0,272.0,266.10001,266.10001,159.0
2023-11-21,269.0,269.0,267.10001,267.10001,317.0
2023-11-22,270.0,271.0,267.25,271.0,25695.0
2023-11-23,271.5,271.89999,267.89999,271.0,7780.0
2023-11-24,270.0,271.95001,267.5,271.95001,3847.0
2023-11-27,270.89999,270.89999,268.79999,268.79999,2785.0
2023-11-28,271.0,271.0,267.10001,267.14999,7016.0
2023-11-29,267.14999,271.0,267.14999,268.0,10255.0
2023-11-30,267.14999,272.39999,267.14999,272.39999,41822.0
2023-12-01,267.20001,273.70001,267.20001,272.0,5157.0
2023-12-04,267.29999,271.0,267.29999,271.0,7609.0
2023-12-05,267.5,271.0,267.14999,270.04999,17296.0
2023-12-06,270.0,271.0,268.0,270.0,60706.0
2023-12-07,270.0,270.0,267.5,268.04999,8268.0
2023-12-08,268.0,272.0,267.64999,272.0,56663.0
2023-12-11,271.95001,271.95001,267.04999,267.04999,16832.0
2023-12-12,270.0,270.0,267.10001,270.0,19007.0
2023-12-13,270.0,272.0,270.0,271.04999,21002.0
2023-12-14,272.0,275.20001,271.0,275.20001,6161.0
2023-12-15,270.25,277.0,270.0,277.0,30761.0
2023-12-18,278.0,278.0,271.54999,277.0,3300.0
2023-12-19,277.5,277.5,274.0,275.0,19358.0
2023-12-20,277.0,277.0,273.5,276.0,310.0
2023-12-21,276.0,276.0,270.70001,271.0,38955.0
2023-12-22,270.5,274.20001,270.5,274.20001,36364.0
2023-12-25,275.0,275.89999,271.04999,273.5,555.0
2023-12-26,274.79999,275.85001,274.75,275.85001,13100.0
2023-12-27,275.85001,276.0,270.10001,276.0,7449.0
2023-12-28,275.89999,280.0,272.5,280.0,16077.0
2023-12-29,279.89999,279.89999,278.0,278.0,41443.0
2024-01-02,272.0,276.0,272.0,275.0,10831.0
2024-01-03,277.95001,279.79999,273.0,279.79999,8272.0
2024-01-04,275.0,278.0,275.0,275.5,7654.0
2024-01-05,279.75,280.0,272.0,275.5,13478.0
2024-01-08,275.0,279.0,272.0,279.0,13291.0
2024-01-09,276.0,278.0,276.0,278.0,7360.0
2024-01-10,276.0,279.0,273.29999,278.89999,86914.0
2024-01-12,278.89999,279.5,275.04999,279.5,22399.0
2024-01-15,279.79999,279.79999,276.0,276.0,852.0
2024-01-16,274.20001,278.04999,274.20001,277.95001,28872.0
2024-01-17,275.0,277.0,275.0,277.0,15.0
2024-01-18,276.95001,277.0,273.0,277.0,20259.0
2024-01-19,275.04999,277.0,275.0,277.0,29526.0
2024-01-22,277.0,277.0,275.04999,276.0,15715.0
2024-01-23,276.0,278.79999,276.0,277.0,32862.0
2024-01-24,277.0,278.0,275.10001,277.0,15532.0
2024-01-25,275.10001,278.5,275.10001,277.04999,13635.0
2024-01-26,275.20001,278.89999,275.20001,277.0,34370.0
2024-01-29,278.35001,278.79999,274.54999,275.04999,6174.0
2024-01-30,274.60001,277.0,270.0,270.0,14364.0
2024-01-31,277.0,277.0,270.04999,275.04999,540.0
2024-02-01,276.95001,277.95001,272.5,273.14999,10609.0
2024-02-02,277.95001,277.95001,276.79999,276.79999,3279.0
2024-02-05,277.0,277.0,273.20001,274.0,16132.0
2024-02-06,273.95001,276.0,273.95001,274.14999,57182.0
2024-02-07,274.5,276.5,274.5,276.5,77900.0
2024-02-08,276.0,279.0,276.0,279.0,35737.0
2024-02-09,279.0,280.0,276.0,280.0,35033.0
2024-02-12,280.0,281.0,276.0,280.0,15454.0
2024-02-13,282.5,283.79999,280.10001,283.0,42366.0
2024-02-14,284.0,285.0,283.04999,284.89999,20715.0
2024-02-15,284.89999,285.0,280.0,284.0,2511.0
2024-02-16,278.60001,284.89999,278.60001,284.45001,2103.0
2024-02-19,280.60001,284.5,280.60001,284.5,4261.0
2024-02-20,284.5,285.5,283.5,285.5,6240.0
2024-02-21,285.5,294.0,284.10001,292.0,160103.0
2024-02-22,290.5,291.5,290.0,291.5,3172.0
2024-02-23,290.25,292.0,290.25,292.0,57888.0
2024-02-26,293.0,293.0,284.25,292.0,2675.0
2024-02-27,292.5,293.0,290.79999,292.0,2423.0
2024-02-28,290.0,292.0,290.0,292.0,8388.0
2024-02-29,292.0,292.89999,291.5,291.5,4757.0
2024-03-01,290.0,292.20001,285.0,290.04999,9026.0
2024-03-04,292.20001,292.20001,286.25,291.0,7224.0
2024-03-05,291.89999,291.89999,287.20001,291.0,14451.0
2024-03-06,291.0,291.0,286.0,291.0,14351.0
2024-03-07,289.0,289.0,289.0,289.0,49.0
2024-03-08,290.0,290.0,285.0,286.0,36433.0
2024-03-11,289.0,289.0,285.5,287.0,16687.0
2024-03-12,285.70001,289.0,285.70001,286.0,1280.0
2024-03-13,287.0,287.0,285.0,285.60001,16778.0
2024-03-14,285.5,285.5,284.0,285.5,2803.0
2024-03-15,284.0,286.0,284.0,285.5,16429.0
2024-03-18,285.0,286.5,280.0,281.5,5534.0
2024-03-19,281.20001,284.0,281.20001,284.0,16749.0
2024-03-20,281.70001,283.95001,281.10001,281.10001,33383.0
2024-03-21,280.60001,283.79999,280.60001,283.79999,6340.0
2024-03-22,281.0,284.0,280.0,280.0,15264.0
2024-03-25,280.0,281.0,276.0,279.0,2733.0
2024-03-26,281.89999,281.89999,276.20001,281.0,527.0
2024-03-27,278.04999,280.89999,278.04999,280.89999,1109.0
2024-03-28,280.89999,280.89999,279.04999,279.10001,490.0
2024-03-29,280.0,280.0,279.0,280.0,10527.0
2024-04-01,283.85001,283.85001,278.5,279.04999,24747.0
2024-04-02,279.0,280.0,276.0,279.04999,21088.0
2024-04-03,278.5,283.0,278.5,281.0,56713.0
2024-04-04,281.0,281.0,278.0,281.0,581.0
2024-04-05,281.0,283.0,281.0,283.0,4471.0
2024-04-08,281.0,285.5,280.5,285.5,36866.0
2024-04-09,286.0,293.79999,286.0,293.79999,53162.0
2024-04-15,290.0,293.5,288.29999,291.0,8740.0
2024-04-16,290.0,292.85001,286.5,289.0,3371.0
2024-04-17,282.5,289.89999,282.5,289.89999,10627.0
2024-04-18,290.0,296.0,288.0,292.89999,160883.0
2024-04-19,297.89999,297.89999,291.10001,292.0,122463.0
2024-04-22,287.0,293.0,287.0,290.0,5432.0
2024-04-23,290.0,290.0,286.10001,288.0,20882.0
2024-04-24,288.0,288.89999,286.14999,287.85001,22037.0
2024-04-25,290.95001,291.95001,286.0,288.0,4208.0
2024-04-26,286.04999,289.0,285.0,287.89999,13243.0
2024-04-29,288.0,293.0,285.0,288.0,2536.0
2024-04-30,290.0,290.0,285.04999,285.04999,14858.0
2024-05-02,284.0,287.95001,280.60001,283.25,8368.0
2024-05-03,289.0,289.0,282.04999,286.0,1558.0
2024-05-06,286.0,286.39999,280.14999,286.39999,1625.0
2024-05-07,283.20001,286.39999,283.20001,285.0,1840.0
2024-05-08,285.0,285.0,283.04999,283.04999,731.0
2024-05-09,283.5,287.0,283.5,285.0,35884.0
2024-05-10,284.10001,288.0,283.60001,285.04999,25263.0
2024-05-13,285.0,288.0,283.64999,285.04999,2154.0
2024-05-14,285.0,287.5,283.54999,285.0,3922.0
2024-05-15,288.0,288.0,283.04999,283.39999,13277.0
2024-05-16,284.89999,286.70001,283.14999,285.0,23530.0
2024-05-17,287.0,287.0,284.0,285.04999,12700.0
2024-05-20,284.0,287.5,284.0,285.95001,2952.0
2024-05-21,285.95001,290.0,285.5,285.5,30532.0
2024-05-22,284.20001,291.0,284.20001,286.0,31319.0
2024-05-23,286.04999,290.0,286.04999,289.0,30426.0
2024-05-24,291.0,291.0,285.5,285.5,6960.0
2024-05-27,289.89999,289.89999,288.0,288.0,19013.0
2024-05-28,288.0,289.0,286.0,287.04999,2324.0
2024-05-29,286.0,289.0,285.70001,288.0,20517.0
2024-05-30,288.0,288.89999,286.0,288.0,27662.0
2024-05-31,288.0,290.0,288.0,288.0,65251.0
2024-06-03,290.0,290.0,286.60001,288.0,33394.0
2024-06-04,287.0,289.0,287.0,289.0,23923.0
2024-06-05,289.89999,289.89999,283.14999,286.0,16059.0
2024-06-06,290.0,290.0,285.0,289.95001,2027.0
2024-06-07,289.0,295.0,286.0,292.04999,156567.0
2024-06-10,290.20001,292.0,290.0,291.0,83567.0
2024-06-11,294.0,297.0,291.0,293.10001,20427.0
2024-06-12,296.5,297.0,293.10001,295.0,6547.0
2024-06-13,294.89999,307.0,294.20001,305.95001,84164.0
2024-06-14,305.0,305.95001,301.0,301.0,32268.0
2024-06-19,301.0,305.95001,296.5,296.60001,19193.0
2024-06-20,296.60001,300.0,296.60001,298.75,102287.0
2024-06-21,299.0,300.0,299.0,300.0,14149.0
2024-06-24,301.0,304.89999,300.0,300.0,1820.0
2024-06-25,300.0,316.0,300.0,315.0,89989.0
2024-06-26,312.10001,315.95001,312.10001,313.0,330047.0
2024-06-27,313.0,314.89999,312.10001,312.79999,1563.0
2024-06-28,312.5,315.0,312.0,312.0,9603.0
2024-07-01,315.0,315.0,306.0,309.0,6751.0
2024-07-02,305.04999,309.0,305.0,306.0,96255.0
2024-07-03,301.04999,308.0,300.0,301.54999,34302.0
2024-07-04,301.5,302.0,301.5,302.0,550.0
2024-07-05,304.0,315.0,304.0,315.0,144196.0
2024-07-08,310.10001,315.0,309.0,309.0,1220.0
2024-07-09,303.5,314.95001,303.5,310.60001,7186.0
2024-07-10,314.5,320.0,312.0,320.0,59907.0
2024-07-11,320.0,335.04999,320.0,335.04999,55844.0
2024-07-12,332.0,343.0,332.0,340.0,28607.0
2024-07-15,340.0,340.0,330.0,335.0,2679.0
2024-07-16,333.14999,338.89999,333.14999,338.0,7414.0
2024-07-17,339.95001,368.0,335.0,360.0,100170.0
2024-07-18,360.0,372.0,358.0,370.0,38568.0
2024-07-19,371.0,385.0,368.5,385.0,89293.0
2024-07-22,389.0,393.0,380.0,380.0,10113.0
2024-07-23,380.0,380.0,371.0,377.5,21822.0
2024-07-24,378.0,380.0,370.10001,371.89999,10114.0
2024-07-25,371.0,377.0,365.0,368.0,42769.0
2024-07-26,367.0,375.0,367.0,368.0,16796.0
2024-07-29,367.0,372.0,362.04999,372.0,19616.0
2024-07-31,371.89999,377.0,371.89999,375.0,17141.0
2024-08-01,373.0,377.5,372.5,375.0,18009.0
2024-08-02,375.0,380.0,372.04999,375.0,55799.0
2024-08-05,372.04999,372.04999,355.10001,360.0,12667.0
2024-08-06,364.95001,374.0,363.20001,370.04999,17465.0
2024-08-07,375.0,375.0,372.0,374.95001,11282.0
2024-08-08,372.0,375.0,372.0,374.95001,6613.0
2024-08-09,374.5,375.0,368.0,375.0,16807.0
2024-08-12,378.45001,378.5,373.0,375.0,3976.0
2024-08-13,371.0,375.0,371.0,375.0,21625.0
2024-08-15,373.0,373.0,371.04999,372.95001,5483.0
2024-08-16,374.0,374.0,372.14999,374.0,4266.0
2024-08-19,370.10001,375.0,370.10001,371.14999,1730.0
2024-08-22,374.0,376.5,374.0,374.0,10239.0
2024-08-23,372.0,374.0,371.20001,373.0,6659.0
2024-08-26,376.75,376.75,372.0,372.0,4436.0
2024-08-27,372.10001,376.39999,370.0,370.10001,11569.0
2024-08-28,374.10001,378.79999,373.0,375.14999,42062.0
2024-08-29,378.0,381.0,376.0,379.0,70388.0
2024-08-30,380.95001,383.0,375.04999,383.0,64042.0
2024-09-02,381.89999,383.0,380.0,382.0,5070.0
2024-09-03,385.9,385.9,380.0,380.1,3152.0
2024-09-04,383.95,383.95,380.0,381.5,6317.0
2024-09-05,383.0,398.0,381.54999,390.0,107166.0
2024-09-06,390.0,392.0,389.0,389.0,64128.0
2024-09-09,390.0,401.0,390.0,400.5,64785.0
2024-09-10,405.0,410.0,402.0,402.0,12987.0
2024-09-11,409.0,409.0,400.0,402.5,4303.0
2024-09-12,407.0,407.0,399.0,399.0,7010.0
2024-09-13,402.0,402.0,395.0,398.0,27140.0
2024-09-18,401.5,403.0,395.2,402.0,4050.0
2024-09-19,406.0,412.8,405.0,410.0,31729.0
2024-09-20,411.9,411.9,408.0,408.0,9366.0
2024-09-23,408.0,408.0,406.0,406.0,9328.0
2024-09-24,406.1,407.95,398.0,400.0,37172.0
2024-09-25,403.5,408.0,401.0,405.0,15401.0
2024-09-26,430.0,430.0,415.0,427.8,80557.0
2024-09-27,430.0,460.0,430.0,440.0,59310.0
2024-09-30,445.0,478.9,445.0,472.0,44902.0
2024-10-01,475.0,475.0,456.5,458.0,10310.0
2024-10-02,441.0,455.0,425.0,440.0,116873.0
2024-10-03,440.0,453.9,440.0,447.0,3975.0
2024-10-04,452.45,452.45,440.05,442.0,31708.0
2024-10-07,444.0,446.9,440.0,440.0,41132.0
2024-10-08,427.0,431.0,423.0,425.0,23620.0
2024-10-09,422.5,434.8,422.5,430.0,34630.0
2024-10-10,432.0,445.0,429.95,429.95,50137.0
2024-10-11,430.25,434.95,430.0,430.0,43902.0
2024-10-14,431.5,434.0,425.0,425.0,26200.0
2024-10-15,424.9,425.0,411.0,420.0,51231.0
2024-10-16,420.0,420.0,414.05,415.0,72542.0
2024-10-17,417.95,435.0,417.95,430.05,113827.0
2024-10-18,436.0,444.5,432.2,432.2,69141.0
2024-10-21,432.0,441.0,430.0,432.9,5153.0
2024-10-22,433.1,439.8,432.0,433.45,40578.0
2024-10-23,434.05,444.5,432.0,440.0,30919.0
2024-10-24,440.0,445.0,440.0,445.0,24895.0
2024-10-25,441.0,449.0,441.0,448.4,59853.0
2024-10-28,454.95,460.0,449.5,449.5,55006.0
2024-10-29,470.0,479.9,465.0,467.0,112618.0
2024-10-30,469.95,469.95,460.3,464.9,15466.0
2024-10-31,460.0,468.0,460.0,465.0,86733.0
2024-11-01,468.0,475.2,463.0,472.0,31139.0
2024-11-04,477.9,478.0,470.0,472.0,12022.0
2024-11-05,476.0,476.0,468.0,473.0,18284.0
2024-11-07,475.0,484.0,475.0,484.0,91092.0
2024-11-08,488.0,506.5,488.0,500.0,95005.0
2024-11-11,501.0,504.9,498.0,502.3,34370.0
2024-11-12,504.9,515.0,504.9,506.0,94350.0
2024-11-13,535.0,538.0,523.0,528.1,78587.0
2024-11-14,531.0,540.0,530.0,530.0,56278.0
2024-11-15,538.0,541.9,531.1,540.0,125595.0
2024-11-19,555.0,568.9,550.8,557.0,35369.0
2024-11-20,564.7,564.7,552.0,558.9,20912.0
2024-11-21,559.8,559.8,545.0,545.0,26287.0
2024-11-22,550.0,552.0,540.0,545.0,17665.0
2024-11-25,545.0,556.3,540.0,540.0,71249.0
2024-11-26,540.0,546.0,540.0,546.0,8127.0
2024-11-27,549.0,569.0,544.0,555.0,80486.0
2024-11-28,565.0,565.0,555.1,558.1,9158.0
2024-11-29,557.9,560.0,548.6,548.6,65502.0
2024-12-02,545.0,551.0,541.1,541.1,26250.0
2024-12-03,547.9,547.9,541.0,541.1,19181.0
2024-12-04,541.1,544.5,540.0,540.0,4856.0
2024-12-05,543.5,543.5,535.0,535.0,11491.0
2024-12-06,540.0,540.0,522.0,530.0,23768.0
2024-12-09,530.0,537.0,526.2,530.0,8870.0
2024-12-10,530.0,534.0,525.5,525.5,10000.0
2024-12-11,525.5,525.5,520.0,522.0,33364.0
2024-12-12,529.9,536.0,524.0,527.0,13869.0
2024-12-13,529.9,535.0,528.1,529.4,14120.0
2024-12-16,535.0,535.0,525.0,530.0,2695.0
2024-12-17,530.0,540.0,528.1,535.0,102144.0
2024-12-18,530.0,534.9,526.3,528.0,13786.0
2024-12-19,537.9,537.9,526.2,528.0,23129.0
2024-12-20,528.0,534.0,524.5,525.0,10596.0
2024-12-23,530.0,533.0,524.0,526.0,8361.0
2024-12-24,532.0,532.0,521.0,528.0,4321.0
2024-12-25,522.5,528.0,522.5,525.0,21596.0
2024-12-26,526.0,532.0,525.1,529.0,83234.0
2024-12-27,533.0,533.0,527.5,529.0,122647.0
2024-12-30,530.0,536.0,527.6,536.0,19945.0
2024-12-31,536.0,542.0,528.0,536.0,42928.0
2025-01-02,540.0,561.0,536.0,559.9,86446.0
2025-01-03,561.0,583.4,560.0,578.8,167320.0
2025-01-06,600.0,615.0,591.0,591.0,82376.0
2025-01-07,595.0,604.0,584.0,600.1,64928.0
2025-01-08,608.9,630.0,607.0,610.1,87351.0
2025-01-09,618.9,628.8,605.0,609.0,176416.0
2025-01-10,618.0,618.0,596.0,610.0,87672.0
2025-01-13,610.0,610.0,591.0,603.2,22484.0
2025-01-15,615.0,616.0,600.0,615.0,23505.0
2025-01-16,620.0,620.0,605.0,605.0,58629.0
2025-01-17,614.0,614.0,605.0,605.0,44779.0
2025-01-20,609.9,609.9,602.1,604.0,15613.0
2025-01-21,605.0,605.0,597.0,597.0,15533.0
2025-01-22,598.0,599.0,592.6,597.0,18621.0
2025-01-23,600.0,605.0,599.0,604.9,22412.0
2025-01-24,600.0,604.9,600.0,604.0,30968.0
2025-01-27,605.0,607.0,599.0,599.0,17457.0
2025-01-28,604.9,608.0,601.3,602.0,8401.0
2025-01-29,606.0,613.9,601.5,606.1,45565.0
2025-01-30,614.0,614.0,606.0,609.0,6915.0
2025-01-31,607.5,611.0,605.8,605.8,9035.0
2025-02-03,609.9,610.0,600.5,600.5,10196.0
2025-02-04,602.0,605.0,599.0,605.0,14069.0
2025-02-05,600.2,609.0,600.2,602.8,13711.0
2025-02-06,602.0,606.0,600.7,601.0,18391.0
2025-02-07,601.0,605.9,600.0,601.9,18972.0
2025-02-10,600.2,602.0,600.1,601.0,8436.0
2025-02-11,601.0,606.0,597.0,597.0,27211.0
2025-02-12,605.0,617.0,605.0,611.8,64490.0
2025-02-13,614.0,614.0,609.0,609.0,18010.0
2025-02-14,613.0,613.0,607.0,607.0,37909.0
2025-02-17,610.0,622.0,606.0,620.0,86119.0
2025-02-18,629.0,629.0,621.1,628.0,71723.0
2025-02-19,630.0,649.1,630.0,649.1,73216.0
2025-02-20,652.3,709.0,652.3,700.0,197202.0
2025-02-21,730.0,760.0,700.0,725.9,89625.0
2025-02-24,719.0,724.9,701.4,704.0,35511.0
2025-02-25,709.0,710.0,700.0,701.5,35204.0
2025-02-26,711.0,757.0,711.0,742.5,64949.0
2025-02-27,746.2,756.0,739.9,739.9,66750.0
2025-02-28,742.9,742.9,720.1,729.0,49768.0
2025-03-03,730.0,735.0,715.0,720.0,5635.0
2025-03-04,730.0,730.0,718.4,718.4,35527.0
2025-03-05,720.0,728.0,718.4,718.4,9293.0
2025-03-06,718.4,720.0,710.0,714.0,16978.0
2025-03-07,713.0,713.0,699.0,701.1,37393.0
2025-03-10,705.0,710.0,705.0,710.0,2159.0
2025-03-11,710.0,710.0,703.0,706.0,87745.0
2025-03-12,701.9,705.0,686.0,693.1,24928.0
2025-03-13,692.0,712.0,692.0,711.0,84711.0
2025-03-14,716.0,720.0,710.0,718.0,70284.0
2025-03-17,725.0,726.0,716.8,716.8,14429.0
2025-03-18,730.0,736.0,725.0,730.0,207860.0
2025-03-19,747.0,749.6,739.0,749.6,127301.0
2025-03-20,750.0,755.0,738.0,745.1,35074.0
2025-03-21,740.0,747.0,738.0,744.0,101939.0
2025-03-24,744.0,760.0,744.0,760.0,65636.0
2025-03-25,762.0,764.9,741.0,741.0,30412.0
2025-03-26,742.0,744.0,735.1,736.1,6818.0
2025-03-27,736.2,740.0,727.0,740.0,15672.0
2025-03-28,744.9,750.0,740.0,750.0,81229.0
2025-04-02,750.0,798.9,747.0,750.0,33178.0
2025-04-03,750.0,756.0,735.0,735.0,84021.0
2025-04-04,735.0,743.9,728.0,735.5,107893.0
2025-04-07,701.0,710.0,669.0,691.4,235169.0
2025-04-08,699.0,713.0,680.0,687.0,84033.0
2025-04-09,672.9,673.0,632.0,645.0,129964.0
2025-04-10,708.0,709.4,670.0,681.0,115671.0
2025-04-11,693.5,693.5,670.0,670.0,54445.0
2025-04-14,704.0,704.0,684.0,695.0,54612.0
2025-04-15,709.0,724.0,705.0,720.0,208475.0
2025-04-16,729.7,729.7,715.0,715.0,43432.0
2025-04-17,715.0,720.0,705.0,718.0,10036.0
2025-04-18,720.0,729.0,715.0,729.0,67879.0
2025-04-21,730.0,735.0,723.3,732.2,27611.0
2025-04-22,732.0,738.0,731.0,732.0,23130.0
2025-04-23,734.0,743.0,732.9,732.9,11715.0
2025-04-24,737.0,737.9,733.0,735.0,41197.0
2025-04-25,738.0,744.8,733.3,742.9,55542.0
2025-04-28,744.2,750.0,739.1,749.5,19151.0
2025-04-29,749.8,755.0,740.0,741.6,10894.0
2025-04-30,741.1,749.9,741.1,743.0,50838.0
2025-05-02,742.0,743.8,738.0,743.0,14488.0
2025-05-05,743.0,743.0,735.0,736.1,872.0
2025-05-06,739.0,740.0,732.5,740.0,2706.0
2025-05-07,740.0,740.0,730.8,737.5,1115.0
2025-05-08,731.1,738.0,730.0,735.5,3345.0
2025-05-09,736.0,747.0,733.0,747.0,10393.0
2025-05-12,750.0,775.0,750.0,775.0,94950.0
2025-05-13,775.0,785.0,771.0,774.0,76776.0
2025-05-14,784.0,784.0,774.0,778.0,16247.0
2025-05-15,776.0,779.9,770.1,775.0,18275.0
2025-05-16,771.1,777.0,761.1,765.0,45487.0
2025-05-19,773.0,773.0,765.0,767.0,17568.0
2025-05-20,770.0,803.9,770.0,789.0,83333.0
2025-05-21,790.0,800.0,772.1,772.1,28245.0
2025-05-22,775.0,780.0,770.0,773.3,14368.0
2025-05-23,779.9,785.3,771.0,775.0,51410.0
2025-05-26,775.0,780.0,770.0,775.1,18177.0
2025-05-27,785.0,813.9,785.0,801.9,53513.0
2025-05-28,812.0,812.9,804.0,804.9,17715.0
2025-05-29,805.0,807.0,800.2,800.2,14277.0
2025-05-30,805.0,805.0,790.0,790.0,43564.0
2025-06-02,804.0,840.0,788.0,840.0,161165.0
2025-06-03,852.0,868.0,850.0,863.0,138351.0
2025-06-04,870.0,885.0,866.1,880.0,61043.0
2025-06-05,885.0,886.6,863.0,863.0,47746.0
2025-06-06,860.0,869.0,855.1,855.1,24910.0
2025-06-10,874.0,875.0,865.0,869.0,6900.0
2025-06-11,857.0,862.8,857.0,861.9,14026.0
2025-06-12,860.0,860.0,849.0,855.0,21795.0
2025-06-13,845.0,849.0,826.0,848.0,97104.0
2025-06-16,843.0,843.0,827.0,837.0,27919.0
2025-06-17,835.0,844.9,831.0,837.0,33316.0
2025-06-18,834.9,834.9,808.0,820.0,23272.0
2025-06-19,816.9,816.9,781.3,814.0,54163.0
2025-06-20,812.9,834.0,812.9,825.1,53415.0
2025-06-23,812.0,814.7,795.0,805.0,39714.0
2025-06-24,841.5,851.0,835.0,838.5,31023.0
2025-06-25,850.0,850.0,838.2,846.7,17958.0
2025-06-26,847.9,848.9,840.1,846.9,10156.0
2025-06-30,845.0,846.9,810.0,810.0,57123.0
2025-07-01,830.0,850.0,829.0,842.0,12935.0
2025-07-02,848.0,848.0,833.0,844.0,2855.0
2025-07-03,841.0,850.0,840.5,850.0,16206.0
2025-07-04,855.0,859.0,850.0,859.0,45350.0
2025-07-07,853.0,880.0,853.0,880.0,98736.0
2025-07-08,890.0,890.0,864.0,875.0,17843.0
2025-07-09,876.0,880.0,866.1,875.0,45474.0
2025-07-10,870.0,876.0,860.0,870.0,12801.0
2025-07-11,877.0,895.0,872.5,888.0,35279.0
2025-07-14,888.0,888.0,875.1,879.5,14846.0
2025-07-15,884.0,884.0,866.2,875.0,23295.0
2025-07-16,870.0,880.0,866.5,875.0,20970.0
2025-07-17,874.6,874.6,865.0,869.0,13035.0
2025-07-18,874.9,874.9,861.0,870.1,27061.0
2025-07-21,874.9,874.9,870.0,872.0,1358.0
2025-07-22,879.0,882.0,876.0,879.0,16089.0
2025-07-23,879.0,879.0,870.0,870.0,10428.0
2025-07-24,878.0,879.0,870.0,878.0,13793.0
2025-07-25,878.0,882.0,872.5,880.0,31871.0
2025-07-28,880.0,880.0,874.5,877.0,59664.0
2025-07-29,877.9,885.0,876.0,883.0,54516.0
2025-07-31,899.8,917.0,892.0,909.0,69954.0
2025-08-01,914.0,918.9,888.0,905.5,46183.0
2025-08-04,912.5,914.9,905.0,907.0,22014.0
2025-08-05,910.0,910.0,905.0,906.0,28225.0
2025-08-06,909.0,910.0,902.0,910.0,46262.0
2025-08-07,910.0,918.8,906.0,911.9,27470.0
2025-08-08,911.9,915.0,910.2,913.0,35102.0
2025-08-11,918.0,926.0,910.0,926.0,20566.0
2025-08-12,930.0,948.0,929.5,944.0,25884.0
2025-08-13,944.0,950.0,940.0,941.3,11991.0
2025-08-15,950.0,950.0,940.0,944.0,20052.0
2025-08-18,944.0,944.0,937.0,942.8,4722.0
2025-08-19,938.1,939.0,930.0,930.0,16757.0
2025-08-22,930.0,937.0,930.0,937.0,8542.0
2025-08-25,939.0,939.0,935.0,938.0,16814.0
2025-08-26,939.1,955.0,935.1,951.1,88961.0
2025-08-27,979.0,989.0,970.0,985.0,46366.0
2025-08-28,990.0,999.9,983.0,987.5,47716.0
2025-08-29,987.0,989.0,972.0,972.0,79807.0
2025-09-01,984.0,985.0,972.0,977.0,25915.0
2025-09-02,985.0,1018.0,976.0,1000.0,47511.0
2025-09-03,1009.0,1010.0,999.1,1000.0,95606.0
2025-09-04,1000.0,1009.0,999.0,1001.0,16431.0
2025-09-08,1002.0,1007.0,996.1,997.0,27528.0
2025-09-09,997.0,1000.0,969.0,970.0,30844.0
2025-09-10,980.0,993.0,980.0,985.0,28979.0
2025-09-11,990.0,990.0,975.1,980.0,40591.0
2025-09-12,982.0,993.0,970.0,986.5,131345.0
2025-09-15,993.0,998.0,974.0,974.0,15004.0
2025-09-16,980.0,984.0,970.0,972.1,27377.0
2025-09-17,970.0,979.5,969.0,970.1,75964.0
2025-09-18,976.0,997.0,976.0,995.0,19490.0
2025-09-19,999.9,999.9,985.0,997.0,25840.0
2025-09-22,997.0,999.9,990.0,990.0,61187.0
2025-09-23,991.0,999.8,981.1,989.0,27999.0
2025-09-24,995.0,995.0,971.5,972.3,41392.0
2025-09-25,979.0,979.0,939.0,961.0,42252.0
2025-09-26,963.0,975.0,954.0,960.0,59297.0
2025-09-29,962.1,990.0,953.0,955.0,68919.0
2025-09-30,955.0,956.0,900.0,950.0,128967.0
2025-10-01,930.0,938.1,910.0,910.0,43835.0
2025-10-02,900.0,950.0,852.0,915.0,68308.0
2025-10-03,946.0,955.0,935.0,936.0,46670.0
2025-10-06,950.0,969.9,950.0,950.0,26100.0
2025-10-07,956.0,969.7,950.0,950.0,10295.0
2025-10-08,953.0,953.0,930.0,935.5,18665.0
2025-10-09,939.1,944.0,922.0,922.0,9100.0
2025-10-10,930.0,935.0,920.0,935.0,24206.0
2025-10-13,935.0,949.9,931.1,931.1,11012.0
2025-10-14,947.6,948.9,919.0,919.0,36770.0
2025-10-15,910.1,926.0,896.0,903.8,48750.0
2025-10-16,915.0,919.4,902.1,910.0,22529.0
2025-10-17,910.0,920.0,910.0,920.0,18281.0
2025-10-20,940.0,949.0,935.0,946.2,11931.0
2025-10-21,953.0,969.9,953.0,967.0,9042.0
2025-10-22,975.0,995.0,973.0,985.0,43029.0
2025-10-23,985.0,986.0,975.0,983.0,30950.0
2025-10-24,975.0,988.9,975.0,985.0,37655.0
2025-10-27,993.4,993.4,985.6,987.0,41535.0
2025-10-28,992.9,992.9,985.0,986.2,12537.0
2025-10-29,987.1,998.2,987.1,998.0,18494.0
2025-10-30,998.0,998.0,990.0,998.0,25186.0
2025-10-31,998.0,999.0,995.0,998.0,31836.0
2025-11-03,1040.0,1042.0,1001.0,1001.0,44912.0
2025-11-04,1020.0,1020.0,991.0,992.0,7519.0
2025-11-05,990.0,995.0,990.0,990.0,17470.0
2025-11-07,994.9,994.9,979.9,979.9,12662.0
2025-11-10,975.0,975.0,961.5,967.0,27093.0
2025-11-11,960.1,965.0,956.0,959.0,21557.0
2025-11-12,955.1,966.0,955.1,960.0,12960.0
2025-11-13,960.0,960.0,957.0,960.0,2956.0
2025-11-14,958.0,965.0,958.0,960.0,31231.0
2025-11-17,960.0,960.0,950.0,950.0,10194.0
2025-11-19,950.0,952.0,935.0,940.0,26403.0
2025-11-20,938.1,950.0,936.0,942.0,68922.0
2025-11-21,950.0,950.5,943.0,950.5,45209.0
2025-11-24,951.0,970.0,951.0,970.0,9448.0
2025-11-25,955.2,975.1,955.2,975.1,47072.0
2025-11-26,975.0,988.0,970.5,980.0,52877.0
2025-11-27,982.0,985.0,967.0,982.0,35155.0
2025-11-28,971.0,982.0,971.0,978.0,13143.0
2025-12-01,977.9,977.9,967.0,967.0,9606.0
2025-12-02,960.0,969.0,952.0,953.0,13364.0
2025-12-03,950.5,964.9,950.5,951.5,2635.0
2025-12-04,955.0,960.0,950.0,951.1,9028.0
2025-12-05,951.1,959.0,951.0,952.4,16049.0
2025-12-08,952.4,952.4,935.0,935.0,4533.0
2025-12-09,938.0,960.0,938.0,959.9,1619.0
2025-12-10,950.2,960.0,950.2,959.0,552.0
2025-12-11,959.9,959.9,942.0,955.1,37019.0
2025-12-12,959.9,969.0,955.0,965.3,15067.0
2025-12-15,966.2,968.9,955.6,968.5,11393.0
2025-12-16,977.0,999.9,977.0,979.5,109032.0
2025-12-17,982.0,990.0,980.0,985.0,18901.0
2025-12-18,995.9,996.0,981.9,981.9,58655.0
2025-12-19,990.0,990.0,972.0,989.9,64578.0
2025-12-22,985.0,985.0,974.0,974.0,2280.0
2025-12-23,975.0,982.0,961.0,979.0,290914.0
2025-12-24,980.0,981.9,971.0,980.0,12140.0
2025-12-25,981.2,981.2,973.1,973.2,21421.0
2025-12-26,973.2,973.2,955.0,955.0,228316.0
2025-12-29,959.0,974.0,930.0,937.0,34810.0
2025-12-30,950.0,960.0,930.0,949.0,306398.0
2025-12-31,968.0,968.0,940.0,950.0,15522.0
2026-01-02,951.0,966.1,936.0,966.1,34354.0
2026-01-05,965.0,990.0,950.0,990.0,31426.0
2026-01-06,990.0,993.0,970.0,987.0,16027.0
2026-01-07,989.9,989.9,972.2,985.8,8562.0
2026-01-08,985.8,985.8,971.0,973.0,11765.0
2026-01-09,972.9,986.0,972.0,985.0,49164.0
2026-01-12,975.0,980.0,975.0,980.0,13489.0
2026-01-13,984.0,984.0,970.0,970.0,13081.0
2026-01-15,980.0,980.0,950.1,950.1,15489.0
2026-01-16,964.0,964.0,950.0,954.9,23642.0
2026-01-19,954.0,954.0,931.0,942.0,6454.0
2026-01-20,940.0,948.9,920.0,929.0,6148.0
2026-01-21,948.0,948.0,919.0,919.0,6640.0
2026-01-22,935.0,946.0,921.0,924.9,8086.0
2026-01-23,939.9,940.0,920.1,920.1,35442.0
2026-01-26,920.0,920.0,895.1,899.0,21522.0
2026-01-27,905.0,914.0,900.0,910.2,24495.0
2026-01-28,915.0,940.0,915.0,940.0,28577.0
2026-01-29,950.0,952.0,932.0,949.0,14107.0
2026-01-30,948.0,948.0,931.2,932.0,12078.0
2026-02-02,920.0,939.0,911.0,939.0,11031.0
2026-02-03,932.0,937.9,925.0,925.0,6774.0
2026-02-04,930.0,934.8,912.0,915.0,14317.0
2026-02-05,910.0,914.9,889.0,889.0,33270.0
2026-02-06,885.0,910.0,871.0,901.0,60145.0
2026-02-09,919.0,919.0,883.0,883.0,8139.0
2026-02-10,900.0,900.0,883.0,889.0,16221.0
2026-02-11,900.0,900.0,891.0,897.0,2073.0
2026-02-12,900.0,909.0,897.0,909.0,27641.0
2026-02-13,915.0,915.0,900.0,900.0,49283.0
2026-02-16,914.0,925.0,902.0,925.0,27504.0
2026-02-17,914.0,915.0,911.0,913.0,10043.0
2026-02-18,912.0,915.0,902.0,907.0,14250.0
2026-02-19,909.0,912.0,905.0,907.4,7208.0
2026-02-20,907.4,907.7,898.0,905.0,48381.0
2026-02-23,907.0,907.0,900.0,900.0,9063.0
2026-02-24,900.0,900.1,889.0,889.0,20368.0
2026-02-25,905.0,905.0,885.0,885.0,9313.0
2026-02-26,890.0,890.0,878.0,878.0,24162.0
2026-02-27,884.0,884.0,830.0,830.0,69499.0
2026-03-02,798.0,798.0,770.0,780.0,51638.0
2026-03-03,780.0,780.0,702.1,702.1,121601.0
2026-03-04,730.0,759.0,720.0,720.0,95167.0
2026-03-05,748.8,759.0,740.0,754.9,134894.0
2026-03-06,788.0,788.0,756.0,760.0,92912.0
2026-03-09,760.0,760.0,740.0,740.0,23181.0
2026-03-10,775.0,775.0,750.0,750.0,55608.0
2026-03-11,770.0,770.0,745.0,753.0,33505.0
2026-03-12,760.0,760.0,753.0,753.9,53391.0
2026-03-13,764.0,764.0,747.0,748.0,58896.0
2026-03-16,755.0,755.0,747.1,750.0,36081.0
2026-03-17,765.0,765.0,755.0,755.0,32580.0
2026-03-18,765.0,796.0,765.0,786.1,34593.0
2026-03-19,775.0,779.0,766.0,775.0,49588.0
2026-03-24,783.0,791.0,775.0,775.0,17083.0
2026-03-25,794.0,805.0,790.5,805.0,4350.0
2026-03-26,795.0,825.0,780.2,780.2,11876.0
2026-03-27,803.0,803.0,762.0,762.0,27113.0
