Time,Open,High,Low,Close,Volume
2014-12-18,215.0,216.0,210.0,214.95,211052.0
2014-12-19,212.0,212.0,203.0,212.0,32986.0
2014-12-22,205.0,206.0,202.0,202.0,41831.0
2014-12-23,205.0,208.0,195.10001,202.0,75750.0
2014-12-24,200.0,200.0,195.0,199.8,180198.0
2014-12-25,196.0,201.0,196.0,197.2,56666.0
2014-12-26,196.60001,198.95,196.3,198.5,10776.0
2014-12-29,196.0,198.5,196.0,198.5,19854.0
2014-12-30,198.05,198.75,196.60001,196.7,26192.0
2014-12-31,196.64999,197.5,195.0,197.5,63600.0
2015-01-02,195.3,195.5,195.0,195.0,672.0
2015-01-06,195.0,198.0,183.39999,198.0,5023.0
2015-01-07,192.14999,197.2,192.10001,197.0,9525.0
2015-01-08,195.0,196.95,193.3,193.3,3605.0
2015-01-09,193.35001,195.0,193.0,193.10001,183267.0
2015-01-12,193.10001,193.10001,187.0,190.0,8969.0
2015-01-13,190.0,190.0,184.0,188.0,14145.0
2015-01-14,189.75,189.75,183.60001,183.60001,26503.0
2015-01-15,173.60001,182.0,172.60001,172.60001,78735.0
2015-01-16,162.25,170.0,155.35001,165.2,67810.0
2015-01-19,167.0,181.7,167.0,181.7,42317.0
2015-01-20,185.0,192.60001,185.0,191.0,55356.0
2015-01-21,195.95,195.95,187.3,189.5,1551.0
2015-01-22,185.0,189.8,185.0,189.8,478.0
2015-01-23,185.0,189.89999,184.0,189.89999,7003.0
2015-01-26,178.60001,185.0,178.60001,184.0,17824.0
2015-01-27,184.0,184.0,179.5,179.5,27811.0
2015-01-28,181.0,181.0,176.25,179.85001,56129.0
2015-01-29,180.0,180.0,177.05,180.0,92837.0
2015-01-30,180.0,190.0,180.0,180.0,113256.0
2015-02-02,180.0,180.0,176.14999,179.89999,587.0
2015-02-03,179.85001,180.0,178.0,180.0,40314.0
2015-02-04,176.64999,180.0,176.0,178.89999,58856.0
2015-02-05,179.5,179.5,175.0,175.3,2552.0
2015-02-06,176.0,177.5,176.0,176.0,13320.0
2015-02-09,173.0,175.0,173.0,175.0,16303.0
2015-02-10,175.0,176.0,175.0,176.0,15283.0
2015-02-11,175.0,177.5,170.0,170.0,31563.0
2015-02-12,171.0,174.0,165.60001,170.0,10475.0
2015-02-13,170.0,173.25,167.05,170.0,17314.0
2015-02-16,165.0,169.0,161.39999,163.0,1119.0
2015-02-17,163.0,165.0,162.2,164.0,24486.0
2015-02-18,161.0,163.0,160.0,162.39999,9484.0
2015-02-19,161.0,170.0,155.0,170.0,5144.0
2015-02-20,160.0,175.0,160.0,166.10001,4986.0
2015-02-23,169.95,170.0,166.0,170.0,11078.0
2015-02-24,170.0,174.89999,167.05,174.89999,8011.0
2015-02-25,174.0,180.0,172.0,180.0,19186.0
2015-02-26,181.95,182.10001,178.0,181.0,14484.0
2015-02-27,182.0,182.89999,178.5,182.89999,2354.0
2015-03-02,180.0,180.0,173.0,180.0,16786.0
2015-03-03,172.55,179.89999,172.55,179.89999,2733.0
2015-03-04,175.5,179.7,174.14999,177.0,2257.0
2015-03-05,177.0,177.0,176.5,177.0,1165.0
2015-03-06,177.0,180.5,176.0,176.0,6592.0
2015-03-09,175.35001,176.0,175.35001,176.0,26607.0
2015-03-10,173.0,175.0,172.5,172.5,68207.0
2015-03-11,174.89999,179.55,174.89999,179.55,101.0
2015-03-12,174.0,174.0,174.0,174.0,645.0
2015-03-13,172.75,182.0,172.55,182.0,5804.0
2015-03-16,182.0,182.0,175.0,180.0,796.0
2015-03-17,175.2,178.0,175.0,175.5,293.0
2015-03-18,180.0,180.0,173.0,173.0,2830.0
2015-03-19,173.14999,178.45,173.14999,178.45,457.0
2015-03-20,173.55,183.0,173.55,183.0,5053.0
2015-03-23,182.89999,183.0,174.39999,174.39999,2081.0
2015-03-24,176.0,181.0,176.0,178.95,926.0
2015-03-25,179.5,180.0,176.25,180.0,15589.0
2015-03-26,180.0,185.0,176.14999,185.0,234480.0
2015-03-27,189.8,189.8,178.0,183.64999,24841.0
2015-03-30,183.0,183.0,179.0,183.0,47385.0
2015-03-31,183.0,184.8,182.0,182.2,11583.0
2015-04-01,182.10001,183.0,180.10001,180.10001,32964.0
2015-04-02,178.60001,178.60001,178.3,178.35001,773.0
2015-04-03,178.35001,180.0,177.05,177.05,1465.0
2015-04-06,174.55,177.0,174.55,177.0,559.0
2015-04-07,175.0,175.0,174.10001,174.10001,767.0
2015-04-08,175.3,178.0,175.3,178.0,5039.0
2015-04-09,174.25,175.3,174.25,175.3,75.0
2015-04-10,174.10001,174.10001,174.0,174.0,11810.0
2015-04-13,173.7,174.0,173.7,174.0,3643.0
2015-04-14,174.0,176.0,174.0,174.55,19870.0
2015-04-15,174.60001,176.0,174.55,176.0,646.0
2015-04-16,176.0,181.95,176.0,180.0,26992.0
2015-04-17,180.0,182.5,180.0,182.5,4573.0
2015-04-20,180.25,180.35001,178.55,180.0,6963.0
2015-04-21,180.0,182.0,180.0,180.2,1420.0
2015-04-22,182.89999,182.89999,177.05,181.5,2665.0
2015-04-23,180.2,182.5,180.0,182.5,20036.0
2015-04-24,181.0,182.5,181.0,182.45,6784.0
2015-04-27,182.0,182.5,182.0,182.5,15799.0
2015-04-28,181.0,182.95,181.0,182.5,29069.0
2015-04-29,182.5,182.5,177.0,181.0,2238.0
2015-04-30,181.0,181.0,181.0,181.0,1176.0
2015-05-04,181.0,181.0,173.64999,180.0,4675.0
2015-05-05,175.2,178.95,175.2,178.95,244.0
2015-05-06,175.55,177.05,175.55,177.0,443.0
2015-05-07,177.0,177.0,176.14999,176.2,260.0
2015-05-08,176.3,176.3,176.0,176.0,11970.0
2015-05-11,176.0,179.89999,175.55,176.0,5322.0
2015-05-12,176.0,179.89999,176.0,179.89999,2997.0
2015-05-13,176.0,183.0,176.0,183.0,6254.0
2015-05-14,181.0,182.0,180.0,182.0,1377.0
2015-05-15,177.05,182.89999,177.05,182.89999,1219.0
2015-05-18,180.05,180.05,180.0,180.05,4.0
2015-05-19,182.0,182.95,181.8,182.0,55636.0
2015-05-20,180.55,182.95,180.5,182.95,23688.0
2015-05-21,180.05,180.10001,180.05,180.10001,105.0
2015-05-22,179.0,179.10001,179.0,179.0,358.0
2015-05-25,177.5,177.5,177.5,177.5,42.0
2015-05-26,175.7,176.0,175.7,176.0,1480.0
2015-05-27,175.75,175.75,175.75,175.75,45.0
2015-05-28,175.75,185.0,175.55,185.0,2889.0
2015-05-29,177.25,188.0,177.25,188.0,10589.0
2015-06-01,185.0,185.0,180.0,184.45,243.0
2015-06-02,180.0,181.10001,180.0,181.0,602.0
2015-06-03,180.0,182.45,178.3,182.45,512.0
2015-06-04,181.05,181.95,178.35001,181.95,1805.0
2015-06-05,181.0,182.0,178.45,182.0,2753.0
2015-06-08,182.0,182.0,178.45,181.5,608.0
2015-06-09,178.64999,182.0,178.64999,181.45,68.0
2015-06-10,178.64999,180.0,178.64999,180.0,16.0
2015-06-11,180.0,183.89999,180.0,180.2,1609.0
2015-06-12,180.10001,181.89999,180.10001,181.89999,329.0
2015-06-15,178.45,180.05,178.45,178.7,9273.0
2015-06-16,178.8,178.8,178.0,178.0,5920.0
2015-06-17,178.0,181.0,174.14999,180.0,3230.0
2015-06-18,179.0,179.89999,175.5,179.89999,6532.0
2015-06-19,176.10001,180.0,176.10001,180.0,1660.0
2015-06-22,180.0,180.0,180.0,180.0,1500.0
2015-06-23,176.89999,178.0,176.89999,178.0,3233.0
2015-06-24,178.0,180.0,177.2,180.0,130.0
2015-06-25,177.35001,178.0,177.35001,178.0,256.0
2015-06-26,180.0,180.0,180.0,180.0,1.0
2015-06-29,177.5,178.0,177.5,178.0,1217.0
2015-06-30,176.8,177.0,176.0,177.0,21071.0
2015-07-01,176.0,177.0,176.0,177.0,1286.0
2015-07-02,176.10001,178.0,176.0,176.0,18702.0
2015-07-03,176.0,176.10001,176.0,176.10001,220.0
2015-07-06,176.10001,176.10001,176.10001,176.10001,40.0
2015-07-07,175.5,175.5,174.55,174.55,800.0
2015-07-08,174.55,174.64999,170.0,170.0,2179.0
2015-07-09,170.2,171.0,170.2,171.0,251.0
2015-07-10,174.0,179.0,170.05,170.05,7308.0
2015-07-13,174.0,174.0,167.0,173.8,4913.0
2015-07-14,171.0,171.0,171.0,171.0,106.0
2015-07-15,167.35001,171.0,167.35001,167.5,1730.0
2015-07-16,167.25,167.25,167.25,167.25,268.0
2015-07-20,168.0,168.0,168.0,168.0,30.0
2015-07-21,168.5,170.0,168.0,170.0,1343.0
2015-07-22,170.0,170.85001,167.2,167.2,978.0
2015-07-23,166.7,174.0,166.7,174.0,11582.0
2015-07-24,170.0,170.05,170.0,170.0,1192.0
2015-07-27,168.0,171.0,168.0,168.0,3713.0
2015-07-28,172.89999,172.89999,168.0,168.0,112.0
2015-07-29,168.0,173.0,157.95,169.5,976.0
2015-07-31,165.0,174.0,165.0,174.0,758.0
2015-08-03,167.5,172.0,167.5,170.0,3045.0
2015-08-04,167.5,169.0,167.5,169.0,734.0
2015-08-05,167.5,172.0,167.5,172.0,2327.0
2015-08-06,166.0,171.95,165.7,171.95,851.0
2015-08-07,165.85001,171.5,165.7,171.5,3416.0
2015-08-10,166.10001,168.0,165.10001,168.0,1483.0
2015-08-11,170.0,172.0,165.39999,169.0,2487.0
2015-08-12,169.0,171.7,168.0,171.7,515.0
2015-08-13,168.10001,171.0,167.0,171.0,1016.0
2015-08-17,167.2,167.3,167.2,167.25,144.0
2015-08-18,167.2,170.64999,166.5,170.64999,498.0
2015-08-19,166.35001,169.89999,166.25,169.89999,433.0
2015-08-25,166.5,166.5,159.75,159.75,1920.0
2015-08-26,154.60001,154.60001,150.2,150.2,2804.0
2015-08-27,158.8,159.2,141.2,152.0,5280.0
2015-08-28,152.10001,158.0,145.85001,158.0,2400.0
2015-08-31,150.10001,158.0,150.0,158.0,491.0
2015-09-01,154.05,159.5,154.05,159.5,520.0
2015-09-02,155.25,160.0,154.2,159.85001,3834.0
2015-09-03,155.05,160.0,155.05,159.85001,1622.0
2015-09-04,155.55,160.0,155.55,158.0,683.0
2015-09-07,158.0,158.0,156.64999,157.0,42.0
2015-09-08,159.0,160.0,155.05,158.5,712.0
2015-09-09,155.05,157.8,155.05,157.8,266.0
2015-09-10,155.39999,157.8,150.05,151.35001,3290.0
2015-09-11,151.7,155.89999,151.7,153.10001,694.0
2015-09-14,150.05,154.55,150.0,150.5,461.0
2015-09-15,150.5,151.0,147.5,150.0,17016.0
2015-09-16,150.0,150.0,146.14999,147.0,2227.0
2015-09-17,145.2,148.0,139.0,145.60001,3568.0
2015-09-18,140.2,149.89999,140.10001,149.89999,1708.0
2015-09-21,141.10001,149.45,141.10001,149.45,130.0
2015-09-22,143.0,143.0,141.55,141.60001,1505.0
2015-09-23,145.95,145.95,145.95,145.95,100.0
2015-09-28,146.0,148.0,140.5,148.0,2109.0
2015-09-29,140.64999,141.5,140.64999,141.14999,1198.0
2015-09-30,141.45,142.0,132.7,132.7,1830.0
2015-10-01,125.1,130.0,124.75,124.75,18923.0
2015-10-02,123.0,124.75,117.3,119.5,12217.0
2015-10-05,118.0,120.0,116.5,119.5,62750.0
2015-10-06,119.5,123.0,119.5,120.7,920.0
2015-10-07,125.0,125.0,120.0,121.0,1019.0
2015-10-08,122.95,122.95,117.1,121.0,2181.0
2015-10-09,118.0,131.89999,116.75,128.0,6506.0
2015-10-12,124.0,132.60001,123.8,123.8,32697.0
2015-10-13,123.65,123.65,120.5,120.75,26600.0
2015-10-14,123.0,126.0,123.0,126.0,10529.0
2015-10-16,128.10001,131.0,126.0,130.0,65935.0
2015-10-19,130.05,136.89999,130.0,136.10001,33760.0
2015-10-20,136.10001,144.25,136.10001,144.25,10978.0
2015-10-21,149.0,150.0,145.0,145.0,99274.0
2015-10-22,140.10001,144.8,140.10001,144.8,51.0
2015-10-23,140.3,144.8,140.3,144.0,2574.0
2015-10-26,142.10001,144.0,140.35001,140.39999,1892.0
2015-10-27,140.39999,140.60001,140.0,140.39999,1045.0
2015-10-28,140.60001,146.0,138.39999,141.2,95347.0
2015-10-30,144.5,144.5,140.14999,140.14999,31.0
2015-11-02,139.0,141.2,139.0,141.2,864.0
2015-11-03,145.5,149.64999,142.25,149.45,140948.0
2015-11-04,154.0,155.0,151.10001,152.2,44131.0
2015-11-05,150.0,153.0,150.0,153.0,1397.0
2015-11-09,148.2,156.0,148.2,154.55,3940.0
2015-11-10,152.0,153.10001,148.7,153.10001,4251.0
2015-11-11,150.10001,153.85001,150.0,152.14999,2843.0
2015-11-12,150.2,152.0,148.0,148.10001,7806.0
2015-11-13,148.0,150.0,145.05,150.0,236.0
2015-11-17,149.85001,149.89999,145.0,145.0,198.0
2015-11-19,145.0,150.0,140.05,150.0,27384.0
2015-11-20,149.95,152.0,149.95,150.05,45545.0
2015-11-23,150.05,154.89999,150.05,153.0,80795.0
2015-11-24,153.0,159.95,152.10001,158.45,99643.0
2015-11-25,158.45,160.0,158.45,160.0,19320.0
2015-11-26,155.10001,158.0,155.0,158.0,1216.0
2015-11-27,159.35001,159.35001,155.0,155.0,18553.0
2015-11-30,155.0,159.5,154.5,158.5,2049.0
2015-12-01,155.10001,158.0,155.10001,155.2,77891.0
2015-12-02,155.10001,155.2,153.2,153.2,4181.0
2015-12-03,153.2,153.2,151.5,151.75,562.0
2015-12-04,151.7,157.0,151.7,157.0,5001.0
2015-12-07,151.7,152.10001,151.60001,152.10001,69.0
2015-12-08,152.60001,156.89999,152.10001,156.0,141414.0
2015-12-09,152.14999,152.14999,150.0,150.10001,390.0
2015-12-10,152.0,153.85001,145.0,145.0,197113.0
2015-12-11,145.5,145.5,145.0,145.0,35183.0
2015-12-14,145.0,145.0,145.0,145.0,695.0
2015-12-15,145.0,150.0,145.0,145.0,3590.0
2015-12-16,145.0,145.0,143.0,143.0,5014.0
2015-12-17,140.10001,147.0,140.0,140.0,2839.0
2015-12-18,140.0,141.0,140.0,141.0,197.0
2015-12-21,139.14999,141.0,135.14999,135.64999,35070.0
2015-12-22,138.05,141.0,135.7,140.0,730.0
2015-12-23,135.14999,140.75,135.14999,139.95,853.0
2015-12-28,135.3,139.95,135.0,135.0,1809.0
2015-12-29,134.0,135.0,128.2,135.0,296.0
2015-12-30,135.0,135.0,134.10001,134.10001,27.0
2015-12-31,132.0,132.0,128.0,128.0,6703.0
2016-01-04,125.0,128.60001,125.0,128.60001,255.0
2016-01-05,129.0,134.95,129.0,134.95,424.0
2016-01-06,131.0,135.0,130.05,135.0,16029.0
2016-01-07,131.0,138.0,131.0,134.10001,18107.0
2016-01-08,135.0,137.85001,134.25,135.0,6802.0
2016-01-12,135.10001,135.10001,135.0,135.0,2773.0
2016-01-13,135.0,135.0,132.75,135.0,4453.0
2016-01-14,132.75,133.10001,132.75,133.05,3497.0
2016-01-15,133.35001,133.39999,128.75,133.0,18075.0
2016-01-18,130.10001,138.0,130.10001,138.0,18690.0
2016-01-19,139.0,146.25,139.0,146.25,59698.0
2016-01-20,147.25,147.25,145.0,145.0,1725.0
2016-01-21,144.05,144.05,140.10001,140.10001,2814.0
2016-01-22,140.0,143.89999,140.0,140.35001,5444.0
2016-01-25,140.0,143.0,138.0,138.0,25644.0
2016-01-26,136.95,142.8,136.95,142.8,1563.0
2016-01-27,140.0,141.85001,136.95,141.85001,5705.0
2016-01-28,140.2,141.89999,137.5,141.7,1026.0
2016-01-29,138.2,141.7,138.2,140.3,8701.0
2016-02-01,133.05,140.3,133.05,140.0,5885.0
2016-02-02,137.60001,144.0,137.60001,141.3,17613.0
2016-02-03,140.0,145.95,140.0,144.5,2564.0
2016-02-04,141.60001,152.95,141.14999,150.0,76095.0
2016-02-05,144.10001,153.0,144.10001,151.95,29465.0
2016-02-08,150.0,155.0,150.0,151.0,5453.0
2016-02-09,143.55,146.60001,143.55,146.60001,1341.0
2016-02-10,149.89999,155.35001,146.2,155.35001,47644.0
2016-02-11,156.0,161.0,155.5,160.0,39560.0
2016-02-12,160.0,160.0,155.10001,155.10001,7580.0
2016-02-15,152.5,155.0,152.5,155.0,2914.0
2016-02-16,158.0,161.0,158.0,159.0,8883.0
2016-02-17,156.5,160.0,156.5,156.7,8250.0
2016-02-18,157.0,160.0,155.14999,155.5,9043.0
2016-02-19,155.05,159.89999,155.0,155.0,4173.0
2016-02-22,151.89999,155.0,151.89999,155.0,20310.0
2016-02-23,151.5,157.75,151.5,152.5,351.0
2016-02-24,155.0,155.0,152.10001,152.10001,39.0
2016-02-25,150.5,154.89999,145.14999,145.14999,334.0
2016-02-26,150.0,153.8,145.64999,150.0,6378.0
2016-02-29,146.0,150.0,146.0,146.0,29815.0
2016-03-01,145.39999,148.8,145.39999,148.8,298.0
2016-03-02,147.0,155.0,147.0,155.0,16364.0
2016-03-03,152.0,155.5,152.0,155.5,21.0
2016-03-04,155.5,158.89999,151.10001,158.89999,492.0
2016-03-07,154.05,155.0,154.0,155.0,341.0
2016-03-08,153.05,153.05,153.05,153.05,165.0
2016-03-09,152.05,152.75,152.05,152.75,82.0
2016-03-10,151.3,151.3,150.3,151.0,20355.0
2016-03-11,152.0,152.0,150.60001,150.60001,388.0
2016-03-14,150.5,155.0,150.05,155.0,12059.0
2016-03-15,152.5,158.60001,152.5,158.60001,7765.0
2016-03-16,157.45,158.0,153.2,157.89999,952.0
2016-03-17,153.55,153.60001,151.5,152.10001,220.0
2016-03-18,152.5,157.0,152.5,157.0,2428.0
2016-03-21,153.60001,156.89999,153.60001,156.0,282.0
2016-03-22,157.0,161.0,154.0,160.0,49813.0
2016-03-23,158.0,168.0,158.0,165.0,34679.0
2016-03-24,165.0,167.0,162.7,167.0,3720.0
2016-03-25,164.60001,171.0,164.2,171.0,9853.0
2016-03-28,167.10001,167.2,165.0,165.10001,31227.0
2016-03-29,162.10001,166.0,162.05,165.0,22071.0
2016-03-30,161.0,164.95,156.14999,160.0,91286.0
2016-03-31,156.2,163.89999,154.0,155.3,89212.0
2016-04-01,151.0,155.0,149.2,153.5,6198.0
2016-04-04,160.0,162.0,156.3,162.0,4172.0
2016-04-05,160.10001,168.0,160.10001,168.0,19147.0
2016-04-06,168.89999,175.0,168.89999,170.0,49470.0
2016-04-07,170.0,170.0,168.39999,169.0,3535.0
2016-04-08,167.5,171.0,164.2,165.2,4483.0
2016-04-11,166.0,168.5,164.60001,168.5,1661.0
2016-04-12,166.5,172.0,165.0,170.0,17851.0
2016-04-13,170.0,177.0,170.0,175.05,18024.0
2016-04-14,176.0,185.0,175.10001,182.5,37369.0
2016-04-15,182.0,182.0,177.10001,180.0,10201.0
2016-04-18,180.0,183.0,180.0,183.0,15461.0
2016-04-19,182.0,188.0,182.0,186.0,9860.0
2016-04-20,183.0,183.2,178.14999,178.14999,4769.0
2016-04-21,178.14999,184.0,178.14999,178.55,211.0
2016-04-22,179.0,183.0,175.05,183.0,8894.0
2016-04-25,177.0,177.10001,176.5,176.5,646.0
2016-04-26,176.55,181.89999,176.5,181.89999,4901.0
2016-04-27,176.7,181.89999,176.5,181.89999,8794.0
2016-04-28,177.10001,182.0,176.0,182.0,9698.0
2016-04-29,178.10001,189.95,178.10001,189.0,63008.0
2016-05-02,183.0,189.0,183.0,189.0,838.0
2016-05-03,184.0,190.0,184.0,189.0,14040.0
2016-05-04,189.0,189.0,182.0,185.0,2644.0
2016-05-05,189.0,196.0,189.0,194.0,72066.0
2016-05-06,194.0,195.0,192.8,192.85001,47759.0
2016-05-09,190.0,193.0,188.0,193.0,1869.0
2016-05-10,190.0,194.0,190.0,192.0,150143.0
2016-05-11,190.0,192.0,187.0,190.0,15593.0
2016-05-12,187.5,190.0,185.05,190.0,1013.0
2016-05-13,187.5,190.0,187.5,190.0,4542.0
2016-05-16,186.55,189.0,186.5,186.5,379.0
2016-05-17,186.5,189.0,185.05,185.05,31350.0
2016-05-18,185.0,189.0,181.10001,187.0,1227.0
2016-05-19,188.0,189.0,184.0,188.0,16521.0
2016-05-20,184.10001,188.0,184.10001,188.0,1694.0
2016-05-23,182.5,182.55,182.5,182.5,211.0
2016-05-24,182.2,182.2,180.10001,180.10001,353.0
2016-05-25,181.0,181.0,180.0,180.0,751.0
2016-05-26,180.0,180.25,180.0,180.25,120.0
2016-05-27,180.39999,183.8,180.35001,183.0,1188.0
2016-05-30,182.0,184.5,182.0,182.0,444.0
2016-05-31,180.0,180.2,173.2,177.5,62920.0
2016-06-01,177.64999,180.0,177.64999,180.0,336.0
2016-06-02,178.2,185.0,178.14999,185.0,11147.0
2016-06-06,182.10001,182.10001,178.35001,178.35001,8715.0
2016-06-07,184.95,184.95,184.95,184.95,1.0
2016-06-08,178.75,178.75,178.55,178.55,50.0
2016-06-09,184.89999,184.89999,184.89999,184.89999,1.0
2016-06-10,178.75,183.0,178.75,183.0,560.0
2016-06-13,179.0,179.0,174.0,174.3,84.0
2016-06-14,174.05,174.5,173.89999,174.0,341.0
2016-06-15,174.0,179.0,173.0,179.0,430.0
2016-06-16,179.0,179.0,175.0,175.05,301.0
2016-06-17,173.05,182.5,173.0,182.5,613.0
2016-06-20,173.10001,173.10001,173.0,173.0,725.0
2016-06-21,170.0,179.75,170.0,179.75,377.0
2016-06-22,175.0,175.0,174.0,175.0,77.0
2016-06-23,171.2,174.0,171.10001,174.0,78.0
2016-06-24,170.0,180.0,170.0,180.0,3441.0
2016-06-27,172.10001,172.10001,172.0,172.0,210.0
2016-06-28,171.8,174.5,171.5,174.5,535.0
2016-06-29,180.0,180.0,171.39999,178.0,2789.0
2016-06-30,175.0,175.0,175.0,175.0,604.0
2016-07-01,172.60001,175.0,170.2,175.0,306.0
2016-07-05,172.0,172.60001,172.0,172.5,196.0
2016-07-11,172.2,175.0,171.85001,175.0,148.0
2016-07-12,171.8,171.89999,171.8,171.89999,70.0
2016-07-13,171.8,180.0,171.8,175.0,2641.0
2016-07-14,175.0,179.0,175.0,179.0,600.0
2016-07-15,173.10001,178.5,173.10001,178.5,400.0
2016-07-18,179.0,179.0,172.25,176.0,531.0
2016-07-19,177.89999,177.89999,166.0,170.0,1472.0
2016-07-20,174.8,174.8,167.0,167.0,3503.0
2016-07-21,167.0,167.05,165.0,165.0,1422.0
2016-07-22,161.0,162.0,161.0,162.0,16234.0
2016-07-25,161.10001,161.10001,161.0,161.0,437.0
2016-07-26,161.0,165.0,161.0,165.0,38657.0
2016-07-27,165.0,170.0,162.10001,169.5,2598.0
2016-07-28,171.95,171.95,163.60001,169.75,700.0
2016-07-29,167.0,170.0,165.10001,170.0,18093.0
2016-08-01,170.0,180.0,170.0,170.45,2454.0
2016-08-02,175.0,176.5,170.25,170.39999,3285.0
2016-08-03,170.25,175.0,170.0,170.5,58632.0
2016-08-04,174.95,174.95,170.0,170.10001,25220.0
2016-08-05,168.0,171.85001,168.0,168.5,3794.0
2016-08-08,168.10001,170.0,168.10001,170.0,3533.0
2016-08-09,168.3,170.0,168.0,168.0,22144.0
2016-08-10,166.0,170.0,166.0,166.2,21847.0
2016-08-11,166.55,167.0,166.55,166.60001,1096.0
2016-08-12,166.60001,170.0,166.60001,170.0,20410.0
2016-08-15,167.55,167.55,167.5,167.5,756.0
2016-08-16,166.10001,166.55,166.10001,166.55,429.0
2016-08-17,166.60001,170.0,166.2,170.0,1267.0
2016-08-18,166.3,170.0,166.10001,170.0,5306.0
2016-08-19,167.0,169.0,166.0,169.0,652.0
2016-08-22,164.39999,168.0,164.39999,167.0,3500.0
2016-08-23,166.0,166.0,166.0,166.0,123.0
2016-08-25,166.05,167.0,166.0,166.0,160.0
2016-08-26,166.0,166.2,166.0,166.0,1568.0
2016-08-30,169.0,169.0,166.0,166.0,28.0
2016-08-31,168.95,168.95,166.0,166.0,128.0
2016-09-01,168.0,168.0,168.0,168.0,50.0
2016-09-02,166.0,167.95,165.0,167.10001,54796.0
2016-09-05,167.0,170.0,165.8,170.0,46355.0
2016-09-06,168.5,176.3,168.05,176.3,9213.0
2016-09-07,176.8,183.89999,176.05,179.0,58862.0
2016-09-08,178.10001,180.0,174.05,175.0,337.0
2016-09-09,179.8,179.8,176.0,177.5,6490.0
2016-09-14,178.0,178.0,173.0,178.0,122.0
2016-09-15,173.14999,174.5,173.14999,174.0,4371.0
2016-09-16,174.0,176.85001,171.05,173.10001,5783.0
2016-09-19,173.10001,174.5,172.0,174.5,647.0
2016-09-20,173.14999,176.8,173.14999,176.5,2500.0
2016-09-21,174.5,174.5,164.89999,164.89999,43655.0
2016-09-22,168.0,168.0,168.0,168.0,3420.0
2016-09-23,165.2,170.0,165.0,170.0,308.0
2016-09-26,169.05,170.0,166.75,170.0,1145.0
2016-09-27,173.95,178.85001,173.95,178.85001,2203.0
2016-09-28,177.0,177.0,177.0,177.0,1.0
2016-09-29,168.3,177.75,168.3,177.0,4186.0
2016-09-30,175.0,179.89999,170.0,170.25,24310.0
2016-10-04,173.0,173.0,168.39999,170.0,2476.0
2016-10-05,170.2,175.0,169.95,175.0,1332.0
2016-10-06,170.14999,174.8,168.0,172.95,4855.0
2016-10-07,170.0,172.0,168.0,168.0,5047.0
2016-10-10,166.60001,175.0,165.0,169.85001,3456.0
2016-10-11,166.7,167.0,166.0,166.10001,1654.0
2016-10-12,165.14999,167.0,165.0,165.0,1027.0
2016-10-13,165.25,165.3,162.10001,165.0,3218.0
2016-10-14,163.0,167.0,162.45,167.0,1725.0
2016-10-17,168.85001,168.85001,165.0,166.89999,11176.0
2016-10-18,169.0,172.89999,169.0,171.95,61540.0
2016-10-19,172.95,173.5,170.3,170.3,10466.0
2016-10-20,170.3,170.5,170.3,170.5,305.0
2016-10-21,171.5,173.85001,170.0,170.0,21158.0
2016-10-24,169.10001,173.5,169.10001,170.0,7182.0
2016-10-25,170.0,170.0,168.39999,168.5,15474.0
2016-10-26,168.5,168.5,165.10001,165.5,1472.0
2016-10-27,169.95,169.95,169.95,169.95,450.0
2016-10-28,165.45,165.45,165.45,165.45,2208.0
2016-10-31,166.2,167.10001,166.0,166.0,20281.0
2016-11-01,169.39999,169.39999,166.10001,166.5,6768.0
2016-11-02,168.0,170.0,168.0,170.0,18074.0
2016-11-03,170.0,173.0,168.55,173.0,6273.0
2016-11-04,170.10001,174.89999,170.10001,173.0,4479.0
2016-11-07,170.5,174.64999,170.5,173.0,16446.0
2016-11-08,173.0,173.0,171.0,171.0,209.0
2016-11-09,174.0,174.0,171.0,174.0,251.0
2016-11-10,173.89999,173.89999,173.89999,173.89999,1.0
2016-11-11,171.10001,171.2,171.10001,171.2,51.0
2016-11-14,171.14999,175.0,171.14999,175.0,18106.0
2016-11-15,175.89999,178.0,173.10001,175.0,10950.0
2016-11-16,173.0,174.14999,173.0,174.0,8247.0
2016-11-17,174.89999,175.0,174.0,174.0,849.0
2016-11-21,174.8,174.8,172.14999,173.3,4316.0
2016-11-22,172.55,173.0,172.10001,172.10001,3097.0
2016-11-23,171.14999,173.8,170.10001,171.0,169.0
2016-11-24,171.05,172.0,170.0,170.0,13851.0
2016-11-25,168.0,170.0,168.0,168.2,535.0
2016-11-28,168.3,168.3,168.0,168.0,10799.0
2016-11-29,169.95,171.75,166.05,171.75,19265.0
2016-11-30,167.10001,167.10001,166.10001,166.10001,74868.0
2016-12-01,168.0,168.10001,168.0,168.10001,16596.0
2016-12-02,169.85001,169.95,167.0,169.0,2816.0
2016-12-05,168.2,168.2,168.0,168.0,10860.0
2016-12-06,171.0,171.0,170.0,170.0,29328.0
2016-12-07,171.45,175.95,171.0,174.0,1953.0
2016-12-08,171.39999,182.0,171.39999,182.0,41298.0
2016-12-09,182.0,186.0,180.0,183.0,144452.0
2016-12-14,184.25,186.0,182.05,186.0,32262.0
2016-12-15,185.05,195.0,185.05,190.0,118546.0
2016-12-16,191.0,195.10001,190.5,195.10001,292809.0
2016-12-19,200.0,210.0,200.0,210.0,143082.0
2016-12-20,211.89999,214.0,200.0,202.5,169127.0
2016-12-21,201.0,204.75,195.2,198.8,8192.0
2016-12-22,198.8,209.8,198.8,207.0,167458.0
2016-12-23,206.0,208.0,201.2,201.5,660091.0
2016-12-26,205.0,205.0,197.0,197.14999,25071.0
2016-12-27,197.05,199.95,196.10001,196.10001,12017.0
2016-12-28,196.0,198.95,188.0,190.0,17827.0
2016-12-29,189.0,193.5,184.5,185.2,120443.0
2016-12-30,189.95,189.95,181.0,185.0,50911.0
2017-01-02,182.0,189.0,181.64999,185.0,1745.0
2017-01-03,185.2,193.85001,185.14999,193.85001,1266.0
2017-01-04,193.85001,202.0,193.85001,200.0,96640.0
2017-01-05,200.0,213.0,200.0,209.0,489900.0
2017-01-06,210.0,217.89999,210.0,214.0,532976.0
2017-01-09,215.0,232.0,208.10001,228.0,662512.0
2017-01-10,235.0,239.89999,221.0,234.45,283071.0
2017-01-12,235.0,244.0,235.0,240.0,368590.0
2017-01-13,240.0,241.89999,217.39999,229.0,67751.0
2017-01-16,219.0,230.0,219.0,226.14999,47815.0
2017-01-17,223.0,228.14999,215.0,215.0,132575.0
2017-01-18,212.14999,218.0,207.2,212.60001,161491.0
2017-01-19,212.8,215.89999,208.05,208.85001,56002.0
2017-01-20,208.0,213.95,206.0,212.0,81173.0
2017-01-23,210.0,212.0,208.10001,212.0,1374.0
2017-01-24,210.0,210.0,208.10001,209.0,1923.0
2017-01-25,210.0,214.85001,208.05,208.05,35382.0
2017-01-26,206.2,208.05,200.0,200.0,58040.0
2017-01-27,204.0,204.60001,200.0,200.0,176023.0
2017-01-30,202.89999,202.89999,195.0,199.95,91270.0
2017-01-31,194.0,202.0,190.0,195.0,611352.0
2017-02-01,199.95,199.95,193.10001,195.0,9920.0
2017-02-02,194.0,195.0,190.5,194.5,104665.0
2017-02-03,194.5,197.0,191.10001,196.95,3808.0
2017-02-06,197.89999,198.0,195.0,197.95,2641.0
2017-02-07,196.2,204.95,195.0,200.14999,136937.0
2017-02-08,206.0,208.0,203.0,205.0,29421.0
2017-02-09,206.0,206.0,200.0,200.0,40959.0
2017-02-10,201.0,205.0,198.0,198.0,45030.0
2017-02-13,198.0,203.0,196.10001,200.0,14315.0
2017-02-14,200.05,200.10001,196.2,196.2,23773.0
2017-02-15,196.10001,199.0,193.60001,193.60001,13192.0
2017-02-16,194.55,198.0,187.2,190.5,36812.0
2017-02-17,190.8,191.95,186.0,188.3,24040.0
2017-02-20,188.55,191.39999,188.39999,188.39999,13655.0
2017-02-21,190.0,194.35001,188.39999,193.5,3061.0
2017-02-22,194.95,194.95,189.2,190.0,7123.0
2017-02-23,190.0,190.0,183.0,186.0,21664.0
2017-02-24,183.14999,192.0,183.0,186.5,45109.0
2017-02-27,189.89999,189.89999,186.10001,187.0,18248.0
2017-02-28,187.0,196.95,187.0,190.60001,24105.0
2017-03-01,190.64999,195.39999,190.64999,191.0,51350.0
2017-03-02,194.0,199.89999,193.5,193.5,58311.0
2017-03-03,194.3,195.0,193.5,194.5,13586.0
2017-03-06,192.0,195.0,192.0,192.5,793.0
2017-03-07,197.0,197.0,192.5,192.5,400.0
2017-03-08,195.95,195.95,192.0,192.0,5154.0
2017-03-09,191.5,192.35001,191.5,192.35001,392.0
2017-03-10,191.0,192.0,190.10001,191.0,16967.0
2017-03-13,191.05,194.75,191.05,194.0,252.0
2017-03-14,194.0,195.0,191.60001,194.64999,6174.0
2017-03-15,191.14999,194.2,191.14999,193.5,894.0
2017-03-17,191.05,194.0,190.14999,194.0,20775.0
2017-03-20,190.10001,192.10001,187.05,187.05,9552.0
2017-03-21,187.05,189.95,187.0,187.0,925.0
2017-03-22,187.0,189.0,185.0,185.0,2234.0
2017-03-23,180.0,186.95,180.0,186.0,8953.0
2017-03-24,181.0,181.0,180.0,180.0,1897.0
2017-03-27,180.0,180.0,180.0,180.0,650.0
2017-03-28,180.0,190.0,180.0,187.0,42083.0
2017-03-29,185.0,186.95,183.0,183.0,846.0
2017-03-30,186.0,186.0,175.05,175.05,38253.0
2017-03-31,173.8,175.0,170.0,175.0,40931.0
2017-04-03,170.14999,179.8,170.14999,179.0,61213.0
2017-04-04,175.0,179.0,175.0,179.0,127492.0
2017-04-05,176.0,181.0,170.0,170.0,30228.0
2017-04-06,172.0,177.0,172.0,172.3,43381.0
2017-04-07,173.0,176.89999,173.0,176.85001,228.0
2017-04-10,172.39999,175.0,172.0,172.0,50210.0
2017-04-11,171.0,172.64999,171.0,172.5,266.0
2017-04-12,177.39999,177.39999,173.0,173.0,21.0
2017-04-13,175.0,175.0,172.2,174.89999,350.0
2017-04-14,173.10001,173.10001,173.10001,173.10001,45253.0
2017-04-17,173.05,174.95,170.55,170.55,4412.0
2017-04-18,170.0,174.05,170.0,171.0,3178.0
2017-04-19,171.2,171.39999,171.0,171.0,2451.0
2017-04-20,171.10001,174.2,171.10001,172.5,2259.0
2017-04-21,173.95,177.0,173.95,174.95,34846.0
2017-04-24,175.0,175.0,173.14999,173.14999,1206.0
2017-04-25,173.14999,173.14999,172.7,172.8,1168.0
2017-04-26,172.85001,173.0,172.25,172.25,19992.0
2017-04-27,174.95,176.0,173.0,175.5,24999.0
2017-04-28,178.0,179.0,174.5,176.60001,9248.0
2017-05-02,179.5,184.0,178.85001,184.0,18989.0
2017-05-03,184.89999,189.0,184.0,187.0,56159.0
2017-05-04,187.0,189.89999,185.10001,185.10001,20658.0
2017-05-05,186.55,187.0,185.3,185.3,774.0
2017-05-08,185.3,185.3,185.3,185.3,30.0
2017-05-09,184.5,185.0,184.0,184.0,1545.0
2017-05-10,183.89999,184.0,183.89999,184.0,2444.0
2017-05-11,183.7,183.7,183.7,183.7,57.0
2017-05-12,183.8,185.0,183.8,184.2,2239.0
2017-05-15,186.0,186.0,184.0,184.0,476.0
2017-05-16,184.0,185.0,182.0,183.0,24574.0
2017-05-17,183.0,183.0,181.0,181.0,2750.0
2017-05-18,183.5,185.0,180.2,183.95,216.0
2017-05-19,182.0,182.0,181.0,181.0,2480.0
2017-05-22,180.0,181.89999,180.0,181.89999,3389.0
2017-05-23,180.0,180.0,176.8,179.8,1146.0
2017-05-24,179.8,181.0,179.8,181.0,474.0
2017-05-25,180.0,182.89999,180.0,182.0,423.0
2017-05-26,178.10001,180.0,163.85001,163.85001,116066.0
2017-05-29,175.0,175.0,164.5,166.5,5672.0
2017-05-30,167.0,169.95,165.7,165.75,578.0
2017-05-31,166.0,169.85001,165.0,169.85001,27381.0
2017-06-01,169.0,169.0,168.0,168.8,107.0
2017-06-02,169.0,175.0,166.0,175.0,40031.0
2017-06-05,168.0,169.0,168.0,169.0,2020.0
2017-06-06,168.0,172.95,168.0,168.35001,1152.0
2017-06-07,168.60001,172.95,168.60001,172.95,19695.0
2017-06-08,172.95,172.95,170.0,170.10001,21771.0
2017-06-09,171.0,173.0,171.0,173.0,278.0
2017-06-12,173.0,176.0,173.0,175.2,35191.0
2017-06-13,175.10001,177.0,175.0,175.0,24770.0
2017-06-14,174.0,178.0,174.0,178.0,30691.0
2017-06-15,178.0,180.0,176.3,180.0,42719.0
2017-06-16,180.0,180.0,178.3,180.0,13202.0
2017-06-19,180.10001,183.89999,177.39999,180.0,54339.0
2017-06-20,178.89999,181.0,178.89999,179.8,1440.0
2017-06-21,179.8,179.8,179.8,179.8,140.0
2017-06-22,180.0,180.0,178.5,179.0,367.0
2017-06-23,180.0,180.0,178.3,180.0,1668.0
2017-06-28,178.2,182.0,178.2,178.95,9966.0
2017-06-29,178.8,180.0,176.0,179.0,15592.0
2017-06-30,178.8,178.8,176.0,176.0,411267.0
2017-07-03,177.0,178.0,176.89999,177.89999,1471.0
2017-07-04,176.0,177.5,175.0,175.0,5130.0
2017-07-05,175.0,179.0,174.8,175.60001,8846.0
2017-07-06,176.0,176.0,174.35001,174.35001,4385.0
2017-07-07,175.10001,175.10001,173.39999,175.0,13733.0
2017-07-10,178.75,178.75,173.8,175.0,5363.0
2017-07-11,175.0,178.0,174.0,174.0,8897.0
2017-07-12,174.10001,174.10001,173.25,173.5,10941.0
2017-07-13,173.25,173.25,172.05,173.25,7046.0
2017-07-14,172.25,174.89999,171.0,172.3,22854.0
2017-07-17,172.2,173.85001,170.10001,173.0,7479.0
2017-07-18,173.5,178.0,173.0,177.95,23360.0
2017-07-19,174.55,176.45,173.0,173.8,7510.0
2017-07-20,173.0,175.0,173.0,175.0,205.0
2017-07-21,174.95,175.0,173.0,175.0,14988.0
2017-07-24,173.2,175.0,173.10001,173.2,3982.0
2017-07-25,173.8,190.5,173.5,188.0,117311.0
2017-07-26,191.0,197.0,190.0,192.0,82515.0
2017-07-27,191.10001,191.95,186.0,186.0,10336.0
2017-07-28,184.0,185.0,180.0,180.0,39716.0
2017-07-31,180.0,185.0,179.89999,179.89999,28328.0
2017-08-01,179.10001,179.25,176.60001,179.25,11522.0
2017-08-02,179.3,183.95,177.0,178.0,4473.0
2017-08-03,183.89999,183.89999,177.64999,181.0,913.0
2017-08-04,177.64999,182.45,177.64999,180.0,323.0
2017-08-07,178.10001,180.8,177.7,177.8,2142.0
2017-08-08,177.8,181.0,177.60001,177.64999,6683.0
2017-08-09,178.0,180.2,177.05,177.39999,6359.0
2017-08-10,179.5,184.0,177.5,182.0,12574.0
2017-08-11,183.5,183.95,181.55,182.45,7228.0
2017-08-15,184.0,186.0,181.64999,181.64999,6236.0
2017-08-16,182.2,184.0,178.0,181.5,7313.0
2017-08-17,181.0,181.2,178.5,179.5,11027.0
2017-08-18,183.5,185.5,179.10001,183.85001,2659.0
2017-08-22,180.05,186.0,180.05,181.0,5502.0
2017-08-23,185.5,185.5,182.0,184.55,13527.0
2017-08-24,179.3,184.8,179.3,182.0,12674.0
2017-08-25,179.3,183.0,179.3,181.0,19572.0
2017-08-28,182.8,186.0,181.0,181.0,1820.0
2017-08-29,181.10001,182.89999,181.10001,181.60001,3490.0
2017-08-30,182.60001,186.5,181.3,183.39999,2745.0
2017-08-31,181.2,183.5,181.2,183.0,1063.0
2017-09-04,183.0,183.89999,183.0,183.0,682.0
2017-09-05,181.75,184.8,181.75,184.8,7436.0
2017-09-06,182.0,184.89999,182.0,184.8,2019.0
2017-09-07,182.3,184.75,182.3,184.75,81.0
2017-09-08,182.35001,184.0,182.14999,183.0,2503.0
2017-09-11,182.35001,183.35001,182.14999,183.0,2962.0
2017-09-12,182.45,182.95,180.0,180.5,12883.0
2017-09-13,180.5,181.95,180.0,180.75,2425.0
2017-09-14,181.10001,182.95,180.25,182.55,1152.0
2017-09-15,182.95,182.95,181.3,181.55,10822.0
2017-09-18,182.5,182.7,182.0,182.0,267.0
2017-09-19,182.0,182.0,176.0,179.8,38580.0
2017-09-20,177.0,179.8,175.0,179.0,376.0
2017-09-21,177.0,177.95,176.2,176.2,134.0
2017-09-25,178.0,178.0,176.0,176.0,4040.0
2017-09-26,176.05,177.64999,175.0,175.0,1164.0
2017-09-27,171.75,176.60001,171.75,173.0,200.0
2017-09-28,177.5,177.5,166.2,170.0,57158.0
2017-09-29,171.0,174.89999,166.60001,166.60001,50077.0
2017-10-02,173.95,173.95,160.0,168.0,4065.0
2017-10-03,171.0,172.45,167.05,170.95,5910.0
2017-10-04,172.0,182.89999,167.2,179.0,26679.0
2017-10-05,181.89999,181.89999,173.0,173.0,1583.0
2017-10-06,173.0,174.89999,170.0,172.0,10024.0
2017-10-09,171.2,177.0,171.2,175.89999,193.0
2017-10-10,173.10001,175.0,170.10001,173.89999,1725.0
2017-10-11,172.0,174.89999,170.60001,172.10001,549.0
2017-10-12,174.0,174.0,170.0,170.0,8246.0
2017-10-13,171.5,172.95,168.0,168.89999,7298.0
2017-10-16,172.89999,172.89999,168.2,169.0,820.0
2017-10-17,169.10001,169.10001,168.05,168.05,780.0
2017-10-18,168.25,171.60001,164.2,169.45,4884.0
2017-10-19,167.14999,171.0,167.10001,169.89999,744.0
2017-10-20,168.5,169.8,164.89999,164.89999,10214.0
2017-10-23,164.89999,169.89999,164.89999,167.0,1493.0
2017-10-24,166.05,168.95,165.35001,168.95,5083.0
2017-10-25,165.39999,169.7,165.39999,168.0,133.0
2017-10-26,168.60001,169.0,165.05,165.05,7967.0
2017-10-27,165.05,167.95,163.0,166.0,41778.0
2017-10-30,166.0,167.95,163.5,163.5,14120.0
2017-10-31,164.0,164.0,160.05,161.35001,18943.0
2017-11-01,161.64999,168.0,161.64999,168.0,4423.0
2017-11-02,165.0,167.8,163.7,165.0,436.0
2017-11-03,167.55,167.8,165.10001,166.0,2084.0
2017-11-08,165.0,165.25,165.0,165.0,27554.0
2017-11-09,165.0,167.0,163.89999,167.0,1588.0
2017-11-10,166.0,167.55,164.10001,164.10001,10681.0
2017-11-13,164.60001,167.0,164.55,167.0,2107.0
2017-11-14,167.60001,169.3,167.60001,169.3,697.0
2017-11-15,165.0,168.89999,165.0,168.89999,2.0
2017-11-16,164.64999,166.85001,161.0,161.0,23120.0
2017-11-17,165.39999,165.39999,161.2,163.5,6184.0
2017-11-20,161.35001,166.0,161.3,166.0,230.0
2017-11-21,162.0,167.0,161.95,165.89999,1290.0
2017-11-22,163.25,165.85001,162.0,165.0,2282.0
2017-11-23,162.25,165.7,162.0,165.7,289.0
2017-11-24,163.10001,164.89999,162.5,162.55,1711.0
2017-11-27,163.0,165.3,162.3,165.3,778.0
2017-11-28,162.3,165.64999,162.14999,164.5,287.0
2017-11-29,162.2,165.2,162.2,163.64999,3557.0
2017-11-30,162.5,165.0,160.0,163.85001,6650.0
2017-12-04,160.05,164.64999,160.0,162.0,2978.0
2017-12-05,160.5,164.0,160.0,160.0,4901.0
2017-12-06,159.25,159.25,146.55,148.0,10750.0
2017-12-07,148.0,154.45,146.0,152.2,29983.0
2017-12-08,153.5,155.2,150.39999,150.39999,8547.0
2017-12-11,150.25,153.89999,150.2,150.25,1310.0
2017-12-12,150.60001,151.85001,150.0,150.0,1349.0
2017-12-13,150.5,152.5,150.10001,152.5,12459.0
2017-12-14,156.95,156.95,151.2,151.60001,643.0
2017-12-15,153.05,155.0,151.60001,153.0,8192.0
2017-12-18,153.0,153.64999,151.89999,153.0,37666.0
2017-12-19,153.0,153.0,150.60001,152.0,33659.0
2017-12-20,151.0,151.0,150.0,150.0,22505.0
2017-12-21,152.89999,152.89999,146.10001,146.2,1830.0
2017-12-22,146.5,149.8,140.05,149.8,67780.0
2017-12-25,149.89999,154.75,148.0,148.10001,37780.0
2017-12-26,148.5,150.0,146.0,146.0,16081.0
2017-12-27,147.5,150.0,147.0,150.0,26130.0
2017-12-28,150.0,150.0,147.60001,147.60001,512.0
2017-12-29,148.39999,153.0,146.0,153.0,96972.0
2018-01-02,153.0,156.0,149.0,156.0,990.0
2018-01-03,155.5,164.45,155.5,163.0,3384.0
2018-01-04,160.14999,160.2,151.3,154.0,10985.0
2018-01-05,152.7,154.0,152.7,154.0,376.0
2018-01-08,158.0,162.95,152.3,153.10001,10322.0
2018-01-09,153.10001,156.95,152.3,153.10001,2822.0
2018-01-10,152.10001,156.0,152.0,152.0,675.0
2018-01-12,152.55,154.89999,149.0,149.14999,15337.0
2018-01-15,149.2,150.0,148.60001,148.60001,18285.0
2018-01-16,150.0,150.0,148.75,149.10001,4371.0
2018-01-17,148.60001,149.0,147.0,147.0,7113.0
2018-01-18,149.95,149.95,147.39999,147.39999,29.0
2018-01-19,147.2,150.0,147.2,150.0,55318.0
2018-01-22,150.0,152.0,148.0,148.8,1558.0
2018-01-23,151.85001,151.95,146.95,146.95,19037.0
2018-01-24,147.0,147.0,144.10001,145.0,4845.0
2018-01-25,145.5,147.35001,143.0,144.0,9806.0
2018-01-26,146.45,146.45,142.5,144.89999,2277.0
2018-01-29,146.0,146.45,141.0,141.0,14797.0
2018-01-30,141.10001,142.0,137.85001,137.85001,139248.0
2018-01-31,139.85001,142.95,138.0,139.0,30431.0
2018-02-01,140.0,143.0,140.0,143.0,845.0
2018-02-02,142.0,150.0,142.0,143.10001,92749.0
2018-02-05,147.89999,147.89999,143.0,143.0,24640.0
2018-02-06,143.0,145.0,143.0,145.0,10581.0
2018-02-07,143.5,145.0,141.0,144.0,36793.0
2018-02-08,142.0,146.0,140.10001,143.0,62342.0
2018-02-09,143.0,144.5,142.5,142.5,2121.0
2018-02-12,142.5,144.0,142.10001,142.14999,1044.0
2018-02-13,145.8,145.8,142.45,143.0,54670.0
2018-02-14,142.85001,144.39999,142.0,142.0,8360.0
2018-02-15,142.0,143.5,140.0,140.0,6713.0
2018-02-16,143.0,143.0,138.0,138.0,24983.0
2018-02-19,138.0,139.89999,137.5,138.0,4031.0
2018-02-20,142.0,142.0,137.0,137.0,6879.0
2018-02-21,137.0,137.0,136.0,136.0,11981.0
2018-02-22,135.5,137.0,133.55,136.45,4003.0
2018-02-23,127.0,127.0,122.85,122.85,351192.0
2018-02-26,123.0,125.45,120.9,120.9,41373.0
2018-02-27,120.95,120.95,108.9,114.35,152477.0
2018-02-28,115.0,121.5,115.0,117.1,63414.0
2018-03-01,118.0,119.7,117.0,118.0,53654.0
2018-03-02,118.1,119.75,115.5,115.5,50404.0
2018-03-05,115.35,118.7,115.3,118.65,4079.0
2018-03-06,118.0,121.9,118.0,120.0,5442.0
2018-03-07,120.0,120.0,117.4,119.0,55224.0
2018-03-08,117.0,120.0,117.0,119.5,8959.0
2018-03-09,119.8,121.8,119.1,121.0,24324.0
2018-03-12,120.2,123.0,119.6,122.0,11237.0
2018-03-13,121.2,123.0,120.0,121.7,2347.0
2018-03-14,120.65,122.0,113.05,114.15,73615.0
2018-03-15,116.75,116.75,113.0,115.0,3088.0
2018-03-16,117.25,117.25,114.0,115.0,12220.0
2018-03-19,116.5,116.8,113.55,113.85,4075.0
2018-03-20,113.55,116.4,111.0,112.9,8551.0
2018-03-21,112.95,114.6,112.0,112.15,4988.0
2018-03-22,112.0,113.4,110.0,112.0,16788.0
2018-03-23,113.15,113.15,110.4,110.4,35917.0
2018-03-26,113.5,115.0,111.0,111.0,32984.0
2018-03-27,111.2,112.45,110.0,110.0,12451.0
2018-03-28,110.05,114.95,109.5,114.9,243543.0
2018-03-29,112.1,116.9,112.1,114.0,14691.0
2018-03-30,121.95,121.95,115.0,118.0,204792.0
2018-04-02,119.0,122.95,119.0,121.45,37977.0
2018-04-03,119.1,123.7,119.0,121.05,56158.0
2018-04-04,119.2,123.0,119.2,121.55,27498.0
2018-04-05,121.8,124.0,120.1,124.0,61131.0
2018-04-06,125.0,129.0,125.0,127.0,43980.0
2018-04-09,127.25,133.0,127.25,128.0,14861.0
2018-04-10,130.0,130.0,127.0,127.0,30008.0
2018-04-11,127.7,127.7,122.9,125.0,6588.0
2018-04-12,124.95,126.0,123.15,125.9,1213.0
2018-04-13,122.1,124.95,122.1,123.0,2854.0
2018-04-16,123.0,123.2,120.5,123.0,3705.0
2018-04-17,121.0,123.9,121.0,122.0,605.0
2018-04-18,123.0,124.0,121.6,121.6,4632.0
2018-04-19,124.3,125.0,121.6,121.6,8681.0
2018-04-20,123.0,125.0,120.0,125.0,15106.0
2018-04-23,124.95,125.0,120.0,121.0,14906.0
2018-04-24,122.95,122.95,120.0,120.0,2236.0
2018-04-25,119.5,122.45,117.6,118.0,21936.0
2018-04-26,122.1,122.1,118.0,120.0,103.0
2018-04-27,121.9,121.9,120.0,120.0,3415.0
2018-04-30,122.0,122.0,119.05,120.5,403.0
2018-05-02,121.0,121.95,119.85,121.85,55325.0
2018-05-03,123.5,123.5,119.0,121.85,693.0
2018-05-04,118.3,121.5,118.3,120.0,20808.0
2018-05-07,120.0,122.4,118.55,120.2,3262.0
2018-05-08,122.1,122.3,118.6,122.0,98485.0
2018-05-09,122.4,122.4,121.0,122.4,425.0
2018-05-10,122.4,122.85,122.0,122.0,22.0
2018-05-11,122.4,122.4,120.0,122.0,6238.0
2018-05-14,120.35,121.95,120.35,121.95,59.0
2018-05-15,120.05,121.45,120.0,121.4,124329.0
2018-05-16,120.1,121.45,120.0,120.0,38642.0
2018-05-17,120.0,120.0,120.0,120.0,15000.0
2018-05-18,120.0,121.0,119.0,119.0,25463.0
2018-05-21,122.3,122.3,119.0,119.0,635.0
2018-05-22,118.55,118.55,117.0,117.0,6900.0
2018-05-23,118.0,119.0,118.0,119.0,286.0
2018-05-24,118.95,119.0,117.65,118.0,10210.0
2018-05-28,118.95,120.9,118.0,120.5,1480.0
2018-05-29,118.05,120.0,118.0,120.0,1582.0
2018-05-30,118.55,120.0,118.55,120.0,981.0
2018-05-31,118.05,120.4,118.0,120.4,1254.0
2018-06-01,119.05,120.0,118.2,118.2,15219.0
2018-06-04,118.65,119.5,118.15,119.0,5811.0
2018-06-05,119.0,120.95,118.2,120.05,7818.0
2018-06-06,118.45,119.0,118.4,119.0,416.0
2018-06-07,118.25,121.0,118.25,121.0,4733.0
2018-06-08,120.0,123.0,120.0,123.0,3317.0
2018-06-11,123.0,124.1,121.15,121.15,680.0
2018-06-12,123.8,123.9,121.45,123.9,2201.0
2018-06-13,122.0,124.0,122.0,124.0,1299.0
2018-06-14,124.05,125.0,124.0,124.0,85248.0
2018-06-18,124.0,126.9,124.0,126.9,2021.0
2018-06-19,122.1,122.1,122.1,122.1,300.0
2018-06-20,125.0,125.0,125.0,125.0,10.0
2018-06-21,122.1,125.85,122.05,125.65,426.0
2018-06-22,122.35,125.6,122.35,125.0,73390.0
2018-06-25,122.75,125.6,122.75,125.0,124.0
2018-06-26,124.0,124.75,122.0,122.0,2506.0
2018-06-27,120.2,122.0,119.0,122.0,3995.0
2018-06-28,118.3,121.45,118.0,120.0,15567.0
2018-06-29,118.1,121.35,118.0,120.0,41026.0
2018-07-02,118.2,119.9,118.0,118.0,2043.0
2018-07-03,118.1,118.1,118.0,118.0,1483.0
2018-07-04,117.5,117.5,115.0,115.2,450.0
2018-07-05,119.4,119.4,116.0,119.0,13.0
2018-07-06,118.0,119.9,116.1,117.55,27109.0
2018-07-09,118.0,119.75,118.0,119.75,4005.0
2018-07-10,117.3,117.3,117.3,117.3,58.0
2018-07-11,117.5,117.5,117.5,117.5,30.0
2018-07-12,119.8,119.8,119.8,119.8,7.0
2018-07-13,117.2,118.0,117.2,117.5,14.0
2018-07-16,117.5,119.0,117.2,118.0,1061.0
2018-07-17,117.5,119.0,117.0,117.0,2165.0
2018-07-18,116.0,116.7,116.0,116.0,704.0
2018-07-19,115.6,118.0,115.5,118.0,2527.0
2018-07-20,117.85,117.85,117.85,117.85,32.0
2018-07-23,117.9,117.9,115.2,117.9,237.0
2018-07-24,115.25,116.9,114.0,116.9,3310.0
2018-07-25,114.0,117.75,114.0,117.75,20.0
2018-07-26,117.9,117.9,115.05,115.05,493.0
2018-07-27,117.5,117.5,115.0,115.0,262.0
2018-07-31,117.0,117.0,117.0,117.0,8.0
2018-08-01,115.35,115.35,115.0,115.0,1395.0
2018-08-02,112.1,117.8,112.1,117.8,133.0
2018-08-03,113.9,113.9,113.9,113.9,94.0
2018-08-06,113.9,115.5,112.0,115.5,23331.0
2018-08-07,116.9,117.0,115.5,115.5,10471.0
2018-08-08,116.9,116.9,116.9,116.9,11.0
2018-08-09,113.5,116.0,113.5,114.0,1589.0
2018-08-10,113.0,122.0,112.0,122.0,20629.0
2018-08-13,115.25,120.0,115.0,120.0,184281.0
2018-08-15,117.1,117.1,117.1,117.1,20.0
2018-08-16,115.75,115.8,112.6,115.7,1216.0
2018-08-17,117.0,118.9,113.05,118.9,2619.0
2018-08-24,115.4,118.0,115.35,118.0,730.0
2018-08-27,114.5,114.5,114.05,114.05,60.0
2018-08-28,114.05,114.05,114.05,114.05,197.0
2018-08-29,115.0,115.0,115.0,115.0,22.0
2018-08-30,117.9,117.9,112.0,115.0,2116.0
2018-08-31,112.0,117.2,110.05,115.9,4342.0
2018-09-03,107.9,109.85,104.35,107.5,21411.0
2018-09-04,107.0,107.1,105.0,107.1,1725.0
2018-09-05,108.9,108.9,108.85,108.85,60.0
2018-09-06,106.05,108.2,106.0,108.2,10201.0
2018-09-07,107.0,108.15,106.15,106.25,5726.0
2018-09-10,106.0,108.0,102.3,103.0,12707.0
2018-09-12,103.1,105.0,103.0,105.0,4261.0
2018-09-13,107.55,112.95,107.0,112.95,901.0
2018-09-14,114.0,114.0,108.5,110.85,1094.0
2018-09-17,108.25,113.55,108.2,113.55,259.0
2018-09-18,110.0,110.0,109.95,110.0,1138.0
2018-09-19,103.5,105.0,103.5,103.5,8506.0
2018-09-20,105.0,107.4,103.5,107.4,19.0
2018-09-21,106.5,106.55,103.0,103.0,22082.0
2018-09-24,103.0,103.0,103.0,103.0,522.0
2018-09-25,103.0,104.95,103.0,103.0,21389.0
2018-09-26,103.0,103.0,100.0,102.9,523.0
2018-09-27,103.0,103.0,100.6,102.0,32418.0
2018-09-28,100.0,100.0,92.0,98.0,111547.0
2018-10-01,98.0,100.0,95.0,100.0,3229.0
2018-10-02,100.0,101.8,97.0,97.5,2567.0
2018-10-03,100.95,106.0,100.95,103.9,1232.0
2018-10-04,103.95,105.5,103.95,105.0,5389.0
2018-10-05,105.0,107.35,98.599998,98.599998,196.0
2018-10-08,105.0,105.0,105.0,105.0,1.0
2018-10-09,97.0,99.900002,95.0,96.099998,4833.0
2018-10-10,96.199997,99.900002,96.199997,99.0,163.0
2018-10-11,99.900002,100.0,99.900002,100.0,709.0
2018-10-12,102.5,102.5,102.5,102.5,5034.0
2018-10-16,98.349998,99.0,97.5,97.5,2464.0
2018-10-17,100.0,100.0,100.0,100.0,19.0
2018-10-18,97.550003,98.0,95.0,95.099998,3546.0
2018-10-19,99.0,99.0,95.0,95.0,1578.0
2018-10-22,98.949997,98.949997,98.489998,98.489998,16.0
2018-10-24,98.0,98.0,95.260002,97.0,71.0
2018-10-25,97.0,97.0,90.0,91.5,278749.0
2018-10-26,92.209999,94.489998,90.0,94.489998,2311.0
2018-10-29,94.0,94.400002,90.150002,93.489998,16282.0
2018-10-30,90.510002,91.0,89.5,89.5,35187.0
2018-10-31,91.0,91.0,85.0,85.129997,267460.0
2018-11-01,86.0,87.0,84.559998,84.559998,123896.0
2018-11-02,85.0,87.0,82.010002,82.010002,2099.0
2018-11-05,82.139999,84.0,80.0,84.0,3596.0
2018-11-07,84.199997,85.0,84.0,85.0,2430.0
2018-11-08,87.849998,87.849998,82.5,86.5,55520.0
2018-11-09,87.5,87.5,85.0,86.449997,4032.0
2018-11-12,85.550003,87.400002,85.550003,87.400002,120.0
2018-11-13,87.0,87.0,85.0,87.0,2977.0
2018-11-14,87.25,88.199997,86.0,88.0,20649.0
2018-11-15,88.150002,94.940002,88.150002,94.889999,237132.0
2018-11-16,94.940002,96.099998,94.940002,95.010002,148762.0
2018-11-19,95.010002,95.959999,93.5,93.5,166.0
2018-11-22,93.720001,93.720001,91.5,91.5,7525.0
2018-11-23,91.0,91.5,90.0,91.5,3608.0
2018-11-26,94.0,94.0,94.0,94.0,750.0
2018-11-27,94.0,94.0,93.970001,93.970001,101.0
2018-11-28,95.0,95.0,95.0,95.0,2252.0
2018-11-29,95.5,95.739998,94.199997,94.199997,293.0
2018-11-30,94.25,98.800003,92.0,97.900002,78885.0
2018-12-03,98.5,101.9,96.620003,100.0,6615.0
2018-12-04,98.0,102.9,98.0,102.05,4775.0
2018-12-05,102.0,103.4,102.0,103.4,19069.0
2018-12-06,102.5,108.95,102.5,106.8,21023.0
2018-12-07,106.0,106.0,105.0,105.0,13368.0
2018-12-10,105.5,105.5,105.0,105.0,944.0
2018-12-11,105.0,105.0,104.0,105.0,10950.0
2018-12-12,105.0,105.0,105.0,105.0,1964.0
2018-12-13,105.0,105.0,102.1,102.1,125.0
2018-12-14,100.0,100.0,93.010002,93.010002,4471.0
2018-12-17,95.0,97.5,92.0,92.0,100892.0
2018-12-18,92.059998,94.82,92.059998,94.5,73313.0
2018-12-19,96.389999,96.389999,96.0,96.0,67.0
2018-12-20,94.0,94.0,93.0,93.0,640.0
2018-12-21,93.949997,93.949997,88.099998,88.099998,3419.0
2018-12-24,90.75,92.449997,90.75,92.449997,150.0
2018-12-25,90.5,94.0,90.0,94.0,16351.0
2018-12-26,93.0,98.0,93.0,98.0,2397.0
2018-12-27,98.870003,99.870003,92.0,92.0,17718.0
2018-12-28,95.699997,97.949997,94.0,96.5,232551.0
2018-12-31,97.199997,99.0,96.0,99.0,125263.0
2019-01-02,100.0,103.25,100.0,101.3,1827.0
2019-01-03,101.3,101.3,98.5,99.0,283.0
2019-01-04,95.059998,96.330002,92.0,93.0,8217.0
2019-01-07,94.0,94.989998,93.0,94.989998,301.0
2019-01-08,94.989998,97.0,94.989998,95.0,6345.0
2019-01-09,95.0,95.0,93.019997,95.0,56.0
2019-01-10,93.5,95.0,93.099998,95.0,123.0
2019-01-14,93.050003,95.349998,93.050003,95.349998,560.0
2019-01-15,93.0,94.470001,92.0,94.470001,371.0
2019-01-17,94.989998,95.0,94.989998,95.0,700.0
2019-01-18,92.669998,93.0,90.0,90.019997,13714.0
2019-01-21,93.989998,93.989998,88.0,88.050003,5477.0
2019-01-22,90.5,90.5,86.0,86.0,7318.0
2019-01-23,87.0,87.0,85.0,85.900002,271536.0
2019-01-24,86.0,86.0,84.5,84.5,1379.0
2019-01-25,85.0,86.0,84.010002,84.010002,9587.0
2019-01-28,85.900002,87.959999,85.0,87.959999,129.0
2019-01-29,88.940002,89.0,85.220001,86.5,28747.0
2019-01-30,88.860001,88.860001,85.650002,88.489998,653.0
2019-01-31,88.0,88.0,85.800003,85.800003,317.0
2019-02-01,86.989998,86.989998,84.0,84.0,17893.0
2019-02-04,84.0,84.0,83.5,83.519997,594.0
2019-02-05,85.0,85.0,85.0,85.0,64.0
2019-02-06,84.5,84.5,84.5,84.5,400.0
2019-02-07,85.0,88.889999,83.5,84.0,9901.0
2019-02-08,86.0,86.0,83.0,83.099998,4758.0
2019-02-11,84.059998,84.379997,82.25,84.379997,2190.0
2019-02-12,84.989998,84.989998,84.989998,84.989998,500.0
2019-02-14,82.5,84.870003,82.5,82.599998,636.0
2019-02-15,82.519997,83.0,80.019997,81.0,4191.0
2019-02-18,81.050003,81.050003,81.050003,81.050003,68.0
2019-02-19,82.0,82.5,82.0,82.5,110.0
2019-02-20,81.699997,83.080002,81.699997,83.080002,106.0
2019-02-21,82.949997,83.0,81.0,81.0,51565.0
2019-02-22,83.940002,83.940002,81.699997,82.0,571.0
2019-02-25,82.0,82.0,82.0,82.0,100.0
2019-02-26,82.0,83.93,82.0,83.5,123.0
2019-02-27,82.0,83.370003,82.0,83.199997,142.0
2019-02-28,82.0,83.919998,81.0,83.919998,2282.0
2019-03-01,83.0,83.900002,80.050003,80.050003,2364.0
2019-03-04,83.489998,83.489998,83.489998,83.489998,1.0
2019-03-05,83.360001,83.400002,82.0,82.0,118.0
2019-03-06,82.0,83.300003,81.150002,83.0,60205.0
2019-03-07,81.309998,83.489998,81.309998,83.489998,911.0
2019-03-08,82.0,83.0,81.449997,82.0,1293.0
2019-03-11,83.0,83.0,80.0,80.0,4121.0
2019-03-12,81.0,81.0,79.5,81.0,223.0
2019-03-13,81.0,81.980003,80.0,81.0,5195.0
2019-03-14,78.559998,78.68,76.25,78.68,6032.0
2019-03-15,78.699997,81.0,78.699997,81.0,5500.0
2019-03-18,77.0,80.980003,77.0,80.980003,475.0
2019-03-19,78.050003,78.050003,78.050003,78.050003,1105.0
2019-03-20,79.050003,80.0,78.360001,80.0,225.0
2019-03-21,80.0,80.0,80.0,80.0,672.0
2019-03-22,81.900002,83.0,80.0,80.0,10192.0
2019-03-25,79.599998,87.0,79.599998,87.0,10087.0
2019-03-26,87.0,89.989998,87.0,89.989998,15429.0
2019-03-27,89.989998,89.989998,85.0,88.949997,42240.0
2019-03-28,86.5,89.0,86.5,88.0,25969.0
2019-03-29,82.0,83.010002,80.5,82.0,57743.0
2019-04-01,83.0,85.949997,82.050003,83.0,20527.0
2019-04-02,85.400002,85.400002,83.0,83.0,1348.0
2019-04-03,82.989998,82.989998,82.0,82.0,33611.0
2019-04-04,82.5,82.5,82.0,82.0,1578.0
2019-04-05,81.800003,81.800003,78.0,78.0,254.0
2019-04-08,81.970001,82.879997,81.949997,82.879997,1886.0
2019-04-09,83.889999,84.989998,83.0,83.0,20208.0
2019-04-10,83.0,88.900002,83.0,88.190002,11848.0
2019-04-11,87.0,88.599998,87.0,88.5,25684.0
2019-04-12,88.5,88.5,85.25,87.889999,22840.0
2019-04-18,84.0,87.0,84.0,85.0,871.0
2019-04-19,85.099998,85.099998,85.099998,85.099998,106.0
2019-04-22,85.0,85.0,85.0,85.0,22.0
2019-04-23,85.0,85.0,85.0,85.0,284.0
2019-04-24,85.029999,85.029999,83.0,83.0,3053.0
2019-04-25,83.150002,83.150002,81.019997,82.0,2664.0
2019-04-26,84.919998,84.919998,83.919998,84.900002,76.0
2019-04-29,82.400002,84.349998,82.400002,84.349998,1581.0
2019-04-30,82.0,84.349998,82.0,84.129997,288.0
2019-05-03,80.0,81.989998,79.529999,80.0,13070.0
2019-05-06,82.0,82.0,80.0,80.019997,351.0
2019-05-07,83.43,83.43,83.43,83.43,20.0
2019-05-08,80.0,80.0,80.0,80.0,376.0
2019-05-09,80.010002,80.010002,80.0,80.0,2000.0
2019-05-10,79.660004,82.0,79.650002,80.0,996.0
2019-05-13,80.0,82.239998,80.0,81.0,2084.0
2019-05-15,80.0,81.800003,79.599998,80.0,490.0
2019-05-16,80.0,81.269997,80.0,80.0,235.0
2019-05-17,80.0,80.0,80.0,80.0,48065.0
2019-05-20,81.959999,81.970001,79.849998,80.0,5011.0
2019-05-21,79.349998,79.989998,79.0,79.0,3680.0
2019-05-22,78.349998,80.0,78.349998,79.5,86.0
2019-05-23,78.400002,79.5,78.400002,78.5,741.0
2019-05-24,79.970001,79.970001,78.25,79.949997,697.0
2019-05-27,78.5,78.5,78.25,78.309998,103.0
2019-05-28,78.32,79.0,78.32,79.0,522.0
2019-05-29,78.5,79.949997,78.0,78.0,4336.0
2019-05-30,77.0,78.0,77.0,78.0,8626.0
2019-05-31,77.010002,79.5,77.010002,79.5,53603.0
2019-06-03,79.0,79.5,77.199997,79.5,13450.0
2019-06-04,77.110001,78.5,77.110001,78.5,6675.0
2019-06-10,77.110001,79.0,77.099998,79.0,1050.0
2019-06-11,77.5,78.0,77.5,77.5,740.0
2019-06-12,78.0,78.0,77.5,77.5,4415.0
2019-06-13,78.0,78.0,77.199997,77.199997,1757.0
2019-06-14,77.220001,77.220001,76.309998,76.309998,6149.0
2019-06-17,76.400002,77.0,76.300003,77.0,2054.0
2019-06-18,76.300003,76.300003,75.0,76.0,658.0
2019-06-19,75.0,76.0,75.0,75.980003,190.0
2019-06-20,76.0,76.0,73.510002,75.639999,180378.0
2019-06-21,73.620003,74.5,73.019997,74.5,2428.0
2019-06-24,73.0,75.389999,73.0,73.0,11142.0
2019-06-25,72.0,73.0,71.0,73.0,61975.0
2019-06-26,70.830002,73.0,70.830002,73.0,3180.0
2019-06-27,72.989998,72.989998,71.010002,72.099998,320.0
2019-06-28,70.800003,72.879997,70.800003,72.879997,811.0
2019-07-01,71.0,71.0,68.110001,69.0,2582.0
2019-07-02,68.5,69.790001,68.0,68.300003,51220.0
2019-07-03,68.25,69.690002,66.400002,66.400002,57673.0
2019-07-04,68.989998,68.989998,68.5,68.989998,294.0
2019-07-05,68.989998,70.0,66.089996,69.0,6063.0
2019-07-08,69.0,69.0,66.739998,66.739998,60.0
2019-07-09,68.940002,68.940002,67.019997,68.790001,191.0
2019-07-11,67.019997,70.0,67.019997,70.0,33287.0
2019-07-12,72.0,74.0,71.400002,71.400002,1182.0
2019-07-15,73.480003,73.480003,70.0,70.0,292.0
2019-07-16,71.989998,71.989998,70.0,70.0,110.0
2019-07-17,70.989998,73.0,70.989998,73.0,117.0
2019-07-18,70.82,70.82,70.0,70.5,2448.0
2019-07-19,70.0,72.0,70.0,70.220001,198.0
2019-07-22,70.010002,71.940002,70.010002,70.989998,148.0
2019-07-23,70.0,70.790001,69.099998,70.790001,1111.0
2019-07-24,69.300003,70.5,69.300003,70.489998,491.0
2019-07-25,69.110001,69.989998,68.169998,69.989998,2887.0
2019-07-26,69.199997,69.989998,68.019997,69.889999,1887.0
2019-07-29,69.019997,69.870003,68.309998,69.870003,228.0
2019-07-31,69.050003,69.879997,68.0,68.0,4307.0
2019-08-01,68.0,69.489998,68.0,69.489998,120.0
2019-08-02,69.0,69.0,68.110001,68.5,15215.0
2019-08-05,68.099998,69.790001,68.099998,68.099998,138.0
2019-08-06,69.849998,69.849998,69.0,69.699997,16314.0
2019-08-07,69.639999,70.0,69.639999,69.949997,1756.0
2019-08-08,69.989998,71.050003,69.519997,70.050003,494.0
2019-08-09,70.050003,70.050003,69.0,69.0,10423.0
2019-08-15,68.599998,70.0,68.599998,68.599998,21.0
2019-08-16,71.470001,71.470001,68.709999,71.449997,311.0
2019-08-19,71.419998,71.419998,71.419998,71.419998,2.0
2019-08-22,71.43,74.480003,70.989998,70.989998,816.0
2019-08-23,73.120003,73.120003,71.0,71.209999,317.0
2019-08-26,73.550003,77.949997,73.0,76.029999,2914.0
2019-08-27,78.0,81.199997,78.0,78.209999,1232.0
2019-08-28,78.019997,79.68,76.110001,77.900002,760.0
2019-08-29,76.129997,78.0,76.120003,78.0,1266.0
2019-08-30,85.489998,85.790001,84.0,85.790001,25648.0
2019-09-02,87.900002,87.980003,85.0,85.5,11166.0
2019-09-03,83.019997,85.300003,80.559998,85.0,6819.0
2019-09-05,82.550003,86.0,82.550003,86.0,3866.0
2019-09-06,83.5,84.970001,83.019997,83.099998,304.0
2019-09-09,84.0,84.0,83.300003,83.889999,828.0
2019-09-10,83.800003,83.889999,83.019997,83.019997,34.0
2019-09-11,83.0,83.650002,82.099998,82.099998,145.0
2019-09-12,84.0,84.0,82.110001,82.5,276.0
2019-09-13,82.139999,83.940002,82.099998,83.940002,183.0
2019-09-16,82.120003,83.940002,81.5,83.139999,1205.0
2019-09-17,82.980003,83.900002,81.5,81.599998,11314.0
2019-09-18,81.309998,83.5,81.309998,83.5,2.0
2019-09-19,81.0,81.0,80.0,81.0,1074.0
2019-09-20,80.0,81.900002,78.010002,78.010002,1595.0
2019-09-23,78.010002,80.0,78.0,78.989998,747.0
2019-09-24,78.0,79.900002,76.0,79.699997,828.0
2019-09-26,79.199997,80.75,79.0,79.0,5883.0
2019-09-27,76.0,78.949997,76.0,76.0,8923.0
2019-09-30,70.059998,72.559998,68.410004,68.410004,27889.0
2019-10-01,69.0,72.0,69.0,70.050003,1617.0
2019-10-02,71.900002,71.900002,70.0,70.010002,19955.0
2019-10-03,70.099998,71.839996,70.099998,71.839996,21.0
2019-10-04,70.010002,70.989998,70.0,70.0,2111.0
2019-10-07,70.970001,70.970001,70.970001,70.970001,1.0
2019-10-08,67.599998,69.699997,67.0,68.989998,1019.0
2019-10-09,68.0,68.5,67.5,67.5,727.0
2019-10-10,67.239998,67.900002,66.68,67.25,1744.0
2019-10-11,68.599998,68.599998,66.230003,66.269997,4060.0
2019-10-14,66.300003,67.0,66.0,67.0,5565.0
2019-10-15,66.519997,67.18,66.5,66.989998,648.0
2019-10-16,66.099998,67.099998,65.639999,65.82,1899.0
2019-10-17,65.629997,66.0,64.029999,65.879997,1561.0
2019-10-18,65.449997,65.5,65.0,65.0,500.0
2019-10-21,65.0,65.290001,63.299999,65.0,603.0
2019-10-22,63.810001,65.489998,63.799999,64.5,439.0
2019-10-23,63.810001,65.0,63.810001,64.5,365.0
2019-10-24,64.050003,64.970001,64.010002,64.099998,288.0
2019-10-25,64.800003,64.800003,63.810001,63.830002,9169.0
2019-10-28,64.010002,64.099998,64.010002,64.099998,287.0
2019-10-29,63.720001,64.82,63.700001,64.82,927.0
2019-10-31,64.839996,64.849998,63.5,63.5,723.0
2019-11-01,63.5,64.870003,61.5,64.870003,3635.0
2019-11-04,62.549999,64.419998,62.549999,64.419998,260.0
2019-11-05,60.52,64.5,60.52,64.5,550.0
2019-11-07,61.290001,64.32,61.290001,62.700001,325.0
2019-11-08,62.5,62.5,60.849998,60.849998,1825.0
2019-11-12,61.0,64.0,60.939999,61.0,19005.0
2019-11-13,61.0,62.349998,61.0,61.0,5272.0
2019-11-14,60.950001,61.5,60.009998,60.009998,7520.0
2019-11-15,60.029999,61.400002,60.0,60.0,2727.0
2019-11-19,60.0,60.099998,58.0,58.0,5847.0
2019-11-20,58.900002,58.900002,56.0,57.0,1325.0
2019-11-21,55.5,55.52,53.360001,54.43,2089.0
2019-11-22,53.610001,55.5,53.610001,55.0,10694.0
2019-11-25,55.0,55.48,55.0,55.0,1142.0
2019-11-26,54.16,54.48,52.200001,54.48,8749.0
2019-11-27,54.400002,54.400002,52.200001,53.299999,9353.0
2019-11-28,53.279999,55.549999,53.279999,54.5,6645.0
2019-11-29,55.59,56.380001,55.0,55.0,13794.0
2019-12-02,55.040001,56.990002,54.799999,54.810001,6988.0
2019-12-03,55.200001,55.5,55.0,55.0,2702.0
2019-12-04,55.779999,55.799999,55.779999,55.790001,3826.0
2019-12-05,55.799999,55.799999,55.0,55.0,6700.0
2019-12-06,56.0,60.349998,56.0,59.990002,54097.0
2019-12-09,61.099998,61.099998,58.080002,58.080002,5935.0
2019-12-10,59.82,62.799999,58.5,61.709999,27806.0
2019-12-11,63.450001,63.450001,58.799999,59.25,13591.0
2019-12-12,61.0,61.0,59.0,59.0,3637.0
2019-12-13,60.0,62.0,59.0,60.0,104487.0
2019-12-16,61.970001,63.849998,61.25,62.599998,7047.0
2019-12-17,62.099998,64.400002,62.0,62.169998,130748.0
2019-12-18,63.459999,63.459999,60.0,60.0,14951.0
2019-12-19,60.25,61.400002,59.98,60.110001,32091.0
2019-12-20,60.900002,61.439999,59.599998,59.599998,8214.0
2019-12-23,59.299999,61.889999,58.169998,59.049999,50524.0
2019-12-24,61.48,62.799999,60.0,60.509998,58499.0
2019-12-25,61.5,62.900002,61.200001,62.84,88268.0
2019-12-26,63.0,63.490002,59.5,59.990002,603023.0
2019-12-27,59.900002,60.0,59.0,59.799999,3671.0
2019-12-30,59.0,59.98,58.259998,58.400002,3211.0
2019-12-31,58.200001,58.200001,56.0,56.0,10571.0
2020-01-02,56.900002,57.93,54.259998,55.299999,5295.0
2020-01-03,55.299999,55.299999,54.759998,54.759998,630.0
2020-01-06,55.0,55.98,54.5,54.5,2796.0
2020-01-07,54.509998,54.509998,53.799999,54.0,4989.0
2020-01-08,53.990002,53.990002,52.25,52.25,7698.0
2020-01-09,52.150002,52.889999,51.0,52.889999,11939.0
2020-01-10,52.0,52.0,50.700001,52.0,7411.0
2020-01-13,51.290001,51.860001,51.0,51.860001,3760.0
2020-01-14,51.0,51.0,50.0,50.25,10382.0
2020-01-15,50.029999,50.25,49.200001,49.240002,40316.0
2020-01-16,49.25,49.75,47.599998,48.349998,2653790.0
2020-01-17,48.009998,53.18,48.009998,51.549999,34745.0
2020-01-20,52.0,53.400002,52.0,53.389999,1159.0
2020-01-21,52.169998,53.27,51.5,52.91,7410.0
2020-01-22,52.0,52.66,51.200001,51.27,2827.0
2020-01-23,51.25,51.299999,49.950001,50.0,159296.0
2020-01-24,50.0,50.0,49.5,50.0,4116.0
2020-01-27,50.0,50.0,49.5,49.98,11956.0
2020-01-28,49.939999,49.939999,48.52,48.52,2693.0
2020-01-29,48.560001,49.900002,48.560001,49.0,3632.0
2020-01-30,49.0,49.0,49.0,49.0,1555.0
2020-01-31,49.0,49.02,49.0,49.02,860.0
2020-02-03,49.009998,49.099998,49.0,49.099998,1125.0
2020-02-04,49.959999,49.959999,48.0,48.0,11170.0
2020-02-05,48.02,48.02,48.0,48.0,2211.0
2020-02-06,48.0,48.0,47.700001,47.700001,4773.0
2020-02-07,47.650002,47.700001,45.860001,47.0,13883.0
2020-02-10,47.0,48.0,46.52,46.950001,4385.0
2020-02-11,46.599998,46.939999,46.5,46.5,2012.0
2020-02-12,46.5,46.5,46.200001,46.299999,6413.0
2020-02-13,46.150002,46.290001,45.619999,46.27,7094.0
2020-02-14,46.389999,46.400002,45.720001,46.369999,2800.0
2020-02-17,46.0,48.450001,45.639999,48.450001,6496.0
2020-02-18,48.450001,48.450001,47.5,48.380001,983.0
2020-02-19,48.990002,48.990002,48.990002,48.990002,100.0
2020-02-20,49.25,49.25,49.25,49.25,20.0
2020-02-21,47.57,48.0,47.57,48.0,47190.0
2020-02-24,47.5,47.5,46.400002,46.400002,49072.0
2020-02-25,46.5,46.669998,45.900002,46.0,3970.0
2020-02-26,46.0,47.0,45.700001,45.799999,2290.0
2020-02-27,45.709999,46.0,45.0,46.0,2167.0
2020-02-28,45.700001,45.700001,41.41,41.41,27495.0
2020-03-02,41.5,42.349998,40.009998,40.5,6309.0
2020-03-03,40.900002,41.0,38.0,38.549999,12726.0
2020-03-04,38.5,39.200001,38.5,38.990002,1511.0
2020-03-05,38.68,39.900002,38.68,39.130001,13427.0
2020-03-06,40.490002,41.990002,40.0,40.0,228212.0
2020-03-09,39.040001,39.040001,36.009998,36.040001,32959.0
2020-03-10,38.700001,38.990002,38.5,38.970001,3391.0
2020-03-11,38.990002,38.990002,37.310001,38.900002,6624.0
2020-03-12,37.950001,37.950001,35.02,36.990002,16641.0
2020-03-13,35.900002,35.900002,33.400002,34.849998,15633.0
2020-03-16,34.400002,34.400002,31.4,31.4,9616.0
2020-03-17,31.0,31.0,30.15,30.15,275.0
2020-03-18,28.950001,28.950001,28.950001,28.950001,596.0
2020-03-19,27.799999,29.969999,27.799999,29.969999,19582.0
2020-03-20,29.969999,31.16,29.969999,31.16,19774.0
2020-03-23,32.279999,32.400002,31.16,32.400002,3759.0
2020-03-24,33.689999,33.689999,33.689999,33.689999,1440.0
2020-03-25,34.990002,34.990002,32.419998,33.0,12539.0
2020-03-26,33.0,33.0,32.400002,32.450001,2402.0
2020-03-27,31.209999,32.5,31.16,31.16,5839.0
2020-03-30,32.0,32.0,32.0,32.0,60.0
2020-03-31,30.73,30.73,30.73,30.73,715.0
2020-04-01,29.51,29.51,29.51,29.51,2671.0
2020-04-02,28.33,29.950001,28.33,29.950001,5928.0
2020-04-03,31.139999,31.139999,30.0,30.0,17901.0
2020-04-06,28.82,28.82,28.809999,28.809999,3078.0
2020-04-07,29.0,29.0,28.0,28.0,714.0
2020-04-08,28.799999,28.799999,28.799999,28.799999,5000.0
2020-04-09,28.01,28.799999,28.0,28.0,1948.0
2020-04-10,28.23,28.799999,28.0,28.0,8728.0
2020-04-13,28.030001,28.030001,28.0,28.0,3857.0
2020-04-14,28.02,28.02,28.0,28.0,7383.0
2020-04-15,28.0,28.0,28.0,28.0,1577.0
2020-04-16,28.0,28.49,27.9,28.0,905.0
2020-04-17,28.0,28.0,27.700001,27.700001,1050.0
2020-04-20,27.700001,27.700001,27.700001,27.700001,100.0
2020-04-21,27.5,27.98,26.950001,26.950001,1260.0
2020-04-22,26.6,27.469999,25.879999,25.879999,3967.0
2020-04-23,25.0,25.5,24.85,24.85,8329.0
2020-04-24,24.85,24.85,24.85,24.85,1498.0
2020-04-27,24.85,24.85,24.85,24.85,1272.0
2020-04-28,24.860001,25.83,24.85,24.85,3575.0
2020-04-29,25.82,25.84,25.309999,25.84,2642829.0
2020-04-30,25.85,26.870001,25.85,26.870001,6933.0
2020-05-04,27.0,27.940001,27.0,27.940001,965.0
2020-05-05,29.0,29.049999,29.0,29.049999,1908.0
2020-05-06,30.209999,30.209999,30.200001,30.209999,8285.0
2020-05-07,31.41,31.41,31.4,31.41,4054.0
2020-05-08,32.66,32.66,32.66,32.66,252.0
2020-05-11,33.790001,33.959999,32.700001,33.700001,26228.0
2020-05-12,33.700001,35.040001,32.360001,32.360001,31354.0
2020-05-13,31.200001,31.200001,31.07,31.07,3555.0
2020-05-14,29.85,32.290001,29.85,32.290001,4123.0
2020-05-15,31.15,33.580002,31.15,33.0,30215.0
2020-05-18,33.48,34.290001,32.790001,32.900002,15189.0
2020-05-19,31.709999,33.299999,31.709999,32.990002,3296.0
2020-05-20,31.690001,32.599998,31.68,31.68,9056.0
2020-05-21,32.0,32.0,31.0,31.0,3236.0
2020-05-22,31.0,31.0,30.15,30.15,6000.0
2020-05-26,30.969999,31.35,30.969999,31.0,29879.0
2020-05-27,31.0,32.169998,30.6,31.459999,19808.0
2020-05-28,31.5,32.099998,31.0,31.0,23067.0
2020-05-29,31.41,32.23,31.0,31.51,22026.0
2020-06-01,32.009998,32.77,32.0,32.77,3878.0
2020-06-02,34.080002,34.080002,33.330002,34.080002,32778.0
2020-06-03,35.0,35.0,34.610001,35.0,55629.0
2020-06-04,34.98,34.98,33.639999,33.799999,31250.0
2020-06-05,34.0,34.0,32.450001,32.450001,12251.0
2020-06-08,33.349998,33.349998,33.259998,33.259998,6566.0
2020-06-09,33.0,33.299999,32.720001,32.720001,7065.0
2020-06-10,33.299999,33.299999,32.75,33.259998,621.0
2020-06-11,33.209999,33.209999,31.93,31.93,3391.0
2020-06-12,31.48,31.48,30.969999,31.0,5042.0
2020-06-15,31.110001,31.110001,31.0,31.02,6334.0
2020-06-16,32.0,32.0,31.01,31.01,17976.0
2020-06-17,32.150002,32.25,32.150002,32.25,46725.0
2020-06-18,33.0,33.0,31.620001,31.620001,3063.0
2020-06-19,31.0,31.610001,30.5,30.76,17885.0
2020-06-22,31.0,31.0,29.950001,30.110001,22190.0
2020-06-23,30.799999,30.799999,30.200001,30.24,2562.0
2020-06-24,31.0,31.0,30.450001,30.799999,5720.0
2020-06-25,31.0,31.0,29.57,29.57,10804.0
2020-06-26,29.6,29.99,29.0,29.5,10660.0
2020-06-29,29.0,29.9,29.0,29.9,113.0
2020-06-30,29.9,31.08,29.07,31.0,1913.0
2020-07-01,30.969999,31.0,30.950001,30.950001,2705.0
2020-07-02,30.879999,30.889999,30.879999,30.889999,930.0
2020-07-03,30.0,30.01,30.0,30.0,5238.0
2020-07-06,30.0,30.1,30.0,30.1,2210.0
2020-07-07,30.09,30.09,30.09,30.09,80.0
2020-07-08,29.940001,30.0,29.799999,29.799999,1370.0
2020-07-09,29.799999,29.799999,28.610001,28.66,6166.0
2020-07-10,28.620001,29.65,28.52,29.0,2654.0
2020-07-13,28.040001,28.450001,28.040001,28.41,2973.0
2020-07-14,28.040001,28.450001,28.040001,28.209999,3983.0
2020-07-15,28.15,28.35,27.700001,27.99,9811.0
2020-07-16,27.99,28.0,27.76,28.0,9241.0
2020-07-17,27.76,28.0,27.76,28.0,301.0
2020-07-20,27.99,28.1,27.610001,28.0,23290.0
2020-07-21,28.0,28.0,28.0,28.0,1287.0
2020-07-22,28.0,28.0,27.77,27.98,2223.0
2020-07-23,28.0,28.299999,27.4,27.9,5357.0
2020-07-24,27.200001,27.5,27.200001,27.219999,1805.0
2020-07-27,27.219999,27.219999,26.469999,26.5,10602.0
2020-07-28,26.790001,26.790001,26.35,26.35,446.0
2020-07-29,26.49,27.34,26.49,27.34,2020.0
2020-08-03,26.799999,26.799999,26.459999,26.469999,2340.0
2020-08-04,26.5,26.5,26.0,26.0,14316.0
2020-08-05,26.0,26.0,25.83,26.0,53702.0
2020-08-06,26.0,26.620001,25.5,26.0,25285.0
2020-08-07,26.49,26.5,25.5,26.0,35934.0
2020-08-10,26.049999,26.049999,25.25,25.25,1836.0
2020-08-11,25.25,25.99,25.25,25.9,1680.0
2020-08-13,25.299999,25.950001,25.0,25.32,15263.0
2020-08-17,25.5,25.5,25.299999,25.5,2558.0
2020-08-18,25.5,25.5,25.209999,25.5,17389.0
2020-08-19,25.5,25.5,25.0,25.030001,8661.0
2020-08-24,25.9,25.9,25.0,25.0,4567.0
2020-08-25,25.889999,25.889999,24.6,25.0,1100.0
2020-08-26,25.0,25.0,24.66,24.9,572.0
2020-08-27,24.67,24.67,24.16,24.23,4312.0
2020-08-28,24.5,24.5,24.16,24.299999,5496.0
2020-08-31,24.16,24.200001,24.16,24.18,12642.0
2020-09-01,25.139999,25.139999,25.129999,25.139999,864.0
2020-09-02,25.5,26.139999,24.139999,25.040001,46536.0
2020-09-03,25.0,25.389999,25.0,25.0,900.0
2020-09-04,25.389999,25.389999,25.0,25.0,825.0
2020-09-07,24.66,24.66,24.5,24.5,3262.0
2020-09-08,24.98,25.1,24.610001,24.799999,6344.0
2020-09-09,24.700001,24.700001,24.1,24.15,960.0
2020-09-10,25.0,25.0,23.92,24.200001,6002.0
2020-09-11,24.98,25.0,24.0,25.0,22460.0
2020-09-14,25.940001,25.99,25.9,25.99,4546.0
2020-09-15,27.02,27.02,27.02,27.02,3463.0
2020-09-16,27.02,27.049999,25.940001,25.940001,25580.0
2020-09-17,25.02,25.98,25.0,25.940001,1229.0
2020-09-18,25.0,25.799999,25.0,25.15,1169.0
2020-09-21,25.0,25.0,24.82,24.82,462.0
2020-09-22,25.1,25.549999,25.1,25.540001,3462.0
2020-09-23,25.299999,25.299999,25.0,25.0,2855.0
2020-09-24,25.1,25.1,25.0,25.0,798.0
2020-09-25,25.940001,25.940001,25.0,25.440001,316.0
2020-09-28,25.9,25.9,25.01,25.01,162.0
2020-09-29,25.0,25.0,24.02,24.040001,6544.0
2020-09-30,24.15,24.870001,24.049999,24.83,2424.0
2020-10-01,24.83,25.0,24.83,24.99,1403.0
2020-10-02,24.0,24.0,24.0,24.0,7843.0
2020-10-05,24.0,24.0,24.0,24.0,2091.0
2020-10-06,23.799999,24.48,23.65,23.65,9984.0
2020-10-07,23.0,23.01,22.9,23.0,25069.0
2020-10-08,23.0,23.4,22.9,22.99,11913.0
2020-10-09,23.0,23.440001,23.0,23.0,1983.0
2020-10-12,23.15,23.450001,22.809999,23.440001,2182.0
2020-10-13,23.450001,23.459999,23.0,23.34,3839.0
2020-10-14,23.34,23.34,23.0,23.0,25254.0
2020-10-15,23.049999,23.049999,22.860001,23.0,2821.0
2020-10-16,23.0,23.0,22.860001,23.0,1790.0
2020-10-19,23.6,23.6,22.950001,23.0,11849.0
2020-10-20,22.950001,22.950001,22.84,22.84,20.0
2020-10-21,22.84,22.950001,22.700001,22.700001,5261.0
2020-10-22,22.620001,22.66,22.32,22.389999,2742.0
2020-10-23,22.790001,22.790001,22.790001,22.790001,1700.0
2020-10-26,23.139999,23.139999,22.76,23.0,3586.0
2020-10-27,23.0,23.0,23.0,23.0,365.0
2020-10-28,22.99,23.0,22.99,23.0,1752.0
2020-11-02,22.6,22.6,22.299999,22.4,7126.0
2020-11-03,22.4,22.41,22.309999,22.309999,3755.0
2020-11-04,22.4,22.4,22.200001,22.35,466.0
2020-11-05,22.4,22.4,22.200001,22.4,1610.0
2020-11-09,22.389999,23.280001,22.389999,23.280001,6509.0
2020-11-10,24.16,24.209999,23.1,24.209999,13738.0
2020-11-11,25.16,25.16,24.309999,24.9,21917.0
2020-11-12,24.790001,24.84,24.0,24.84,5404.0
2020-11-13,24.9,25.0,24.5,25.0,12768.0
2020-11-16,25.190001,25.190001,24.23,24.23,2058.0
2020-11-17,24.9,25.190001,24.5,25.190001,56240.0
2020-11-19,26.190001,26.190001,25.809999,26.190001,66816.0
2020-11-20,27.219999,27.219999,26.610001,27.219999,83533.0
2020-11-23,28.25,28.25,26.51,27.08,113227.0
2020-11-24,27.08,27.9,26.809999,26.93,15551.0
2020-11-25,27.0,27.09,26.549999,27.0,15329.0
2020-11-26,28.0,28.0,27.0,27.5,69300.0
2020-11-27,27.0,27.5,26.799999,26.799999,6726.0
2020-11-30,27.4,27.4,26.200001,26.200001,12516.0
2020-12-01,26.17,26.17,25.200001,25.200001,12595.0
2020-12-02,24.99,25.67,24.99,25.67,3250.0
2020-12-03,26.34,26.4,25.27,25.299999,45960.0
2020-12-04,25.98,25.98,25.1,25.1,24256.0
2020-12-07,25.309999,26.0,25.299999,25.35,1168.0
2020-12-08,25.35,26.0,25.35,26.0,5440.0
2020-12-09,26.9,26.9,26.280001,26.68,1087.0
2020-12-10,26.790001,26.84,26.42,26.42,2312.0
2020-12-11,27.0,27.469999,27.0,27.469999,74417.0
2020-12-14,27.99,28.200001,27.700001,27.709999,33415.0
2020-12-15,27.66,27.98,27.0,27.0,23555.0
2020-12-16,26.940001,27.469999,26.01,26.35,126302.0
2020-12-17,26.24,27.389999,26.24,27.23,5333.0
2020-12-18,27.700001,27.700001,26.709999,26.709999,15962.0
2020-12-21,26.459999,26.459999,25.65,25.65,39962.0
2020-12-22,25.0,26.67,25.0,26.67,37286.0
2020-12-23,26.99,27.450001,26.67,27.26,26144.0
2020-12-24,27.0,27.290001,26.5,27.030001,8717.0
2020-12-25,27.65,27.700001,26.639999,26.99,27844.0
2020-12-28,27.5,27.5,26.5,26.5,6460.0
2020-12-29,27.200001,27.200001,26.51,26.889999,21155.0
2020-12-30,26.969999,26.969999,26.200001,26.9,8895.0
2020-12-31,26.9,27.559999,26.299999,27.0,144885.0
2021-01-04,27.0,27.530001,27.0,27.0,1555.0
2021-01-05,27.0,27.0,26.379999,26.959999,7914.0
2021-01-06,26.99,27.700001,26.459999,27.6,34558.0
2021-01-07,27.700001,27.790001,27.110001,27.110001,2930.0
2021-01-08,27.200001,27.639999,27.02,27.5,3255.0
2021-01-12,27.0,28.0,27.0,27.959999,16343.0
2021-01-13,27.950001,28.0,27.85,27.969999,3659.0
2021-01-14,27.969999,28.0,27.5,27.5,3501.0
2021-01-15,27.5,28.25,27.5,28.0,53678.0
2021-01-18,28.0,28.49,28.0,28.450001,4731.0
2021-01-19,28.0,28.4,28.0,28.0,5417.0
2021-01-20,28.200001,28.200001,27.5,27.799999,32818.0
2021-01-21,27.549999,27.66,27.35,27.450001,22977.0
2021-01-22,27.48,27.9,27.299999,27.450001,8009.0
2021-01-25,27.73,28.52,27.450001,28.5,16154.0
2021-01-26,29.4,29.530001,29.110001,29.5,92541.0
2021-01-27,29.99,30.549999,29.99,30.450001,89001.0
2021-01-28,30.299999,30.299999,29.24,29.24,17221.0
2021-01-29,28.65,29.799999,28.65,29.549999,1739.0
2021-02-01,29.5,29.5,28.370001,29.18,19771.0
2021-02-02,29.290001,29.299999,28.219999,28.700001,11410.0
2021-02-03,28.700001,29.0,28.6,28.9,835.0
2021-02-04,28.5,28.799999,28.34,28.799999,4520.0
2021-02-05,29.1,29.450001,28.969999,29.4,20357.0
2021-02-08,29.49,29.5,28.360001,28.43,4589.0
2021-02-09,29.280001,29.280001,28.5,28.530001,6907.0
2021-02-10,28.549999,28.9,28.0,28.0,22961.0
2021-02-11,27.799999,27.98,27.5,27.98,4564.0
2021-02-12,27.98,28.6,27.98,28.25,11537.0
2021-02-15,28.25,28.5,28.25,28.25,2244.0
2021-02-16,28.15,28.6,28.15,28.299999,332.0
2021-02-17,28.6,28.6,28.0,28.200001,3032.0
2021-02-18,28.5,28.5,28.200001,28.200001,6158.0
2021-02-19,28.200001,28.4,28.200001,28.200001,3518.0
2021-02-22,28.0,28.299999,28.0,28.299999,1110.0
2021-02-23,27.799999,28.49,27.629999,28.49,11940.0
2021-02-24,28.0,28.200001,28.0,28.200001,81983.0
2021-02-25,27.700001,28.280001,27.700001,28.280001,25443.0
2021-02-26,28.299999,29.0,27.15,29.0,56369.0
2021-03-01,27.860001,28.84,27.860001,27.860001,16086.0
2021-03-02,27.860001,27.860001,27.5,27.52,1021.0
2021-03-03,27.200001,27.799999,27.200001,27.799999,451.0
2021-03-04,27.799999,27.799999,27.799999,27.799999,10.0
2021-03-05,27.75,27.75,27.219999,27.75,631.0
2021-03-08,27.23,27.75,27.219999,27.719999,378.0
2021-03-09,27.5,27.5,26.799999,27.200001,16507.0
2021-03-10,27.0,27.0,26.120001,26.889999,7258.0
2021-03-11,26.790001,26.790001,26.17,26.68,5038.0
2021-03-12,26.16,26.700001,26.16,26.690001,1966.0
2021-03-15,26.299999,26.6,26.299999,26.6,1481.0
2021-03-16,26.360001,26.809999,26.360001,26.690001,110.0
2021-03-17,26.709999,26.709999,25.629999,25.940001,16180.0
2021-03-18,26.0,26.0,25.700001,25.700001,4065.0
2021-03-19,25.209999,26.620001,25.209999,25.52,403.0
2021-03-22,26.0,26.1,25.0,25.790001,1990.0
2021-03-23,25.75,25.780001,25.01,25.4,283.0
2021-03-24,25.42,25.42,25.01,25.17,1650.0
2021-03-25,25.209999,25.950001,25.209999,25.950001,727.0
2021-03-26,25.99,25.99,25.25,25.82,1098.0
2021-03-29,25.82,25.889999,25.799999,25.879999,1871.0
2021-03-30,25.0,25.299999,25.0,25.07,7631.0
2021-03-31,25.860001,26.0,25.01,25.07,11745.0
2021-04-01,25.200001,26.07,25.200001,26.0,19443.0
2021-04-02,26.0,26.9,26.0,26.07,14096.0
2021-04-05,26.139999,26.200001,25.32,25.32,2510.0
2021-04-06,25.4,25.99,25.4,25.99,167.0
2021-04-08,26.0,26.5,26.0,26.370001,590.0
2021-04-09,26.5,26.5,25.51,26.0,2036.0
2021-04-12,26.59,26.59,25.709999,25.85,536.0
2021-04-13,26.370001,26.370001,25.59,26.33,148.0
2021-04-15,26.0,26.0,25.57,25.99,23282.0
2021-04-16,25.530001,26.469999,25.530001,26.0,8599.0
2021-04-19,26.0,26.1,25.610001,26.1,4446.0
2021-04-20,26.200001,26.200001,25.99,26.0,34955.0
2021-04-21,26.0,26.0,26.0,26.0,2.0
2021-04-22,25.799999,25.799999,25.700001,25.799999,2835.0
2021-04-23,25.799999,26.370001,25.700001,25.700001,8193.0
2021-04-26,25.700001,26.0,25.700001,26.0,686.0
2021-04-27,26.389999,26.389999,26.1,26.1,292.0
2021-04-28,26.370001,26.4,26.15,26.389999,873.0
2021-04-29,26.469999,26.469999,26.01,26.01,600.0
2021-04-30,25.75,25.799999,25.190001,25.5,23079.0
2021-05-03,25.5,26.299999,25.5,25.5,12610.0
2021-05-04,25.98,26.48,25.799999,25.799999,31164.0
2021-05-05,26.33,26.459999,25.299999,25.299999,11087.0
2021-05-06,25.290001,25.68,25.0,25.0,31634.0
2021-05-07,25.459999,25.469999,25.0,25.0,42037.0
2021-05-10,25.389999,25.389999,25.040001,25.1,6884.0
2021-05-11,25.290001,25.290001,24.82,25.1,5597.0
2021-05-12,25.1,25.18,25.0,25.1,8077.0
2021-05-17,25.1,25.1,25.0,25.0,18780.0
2021-05-18,25.73,25.73,25.0,25.0,28662.0
2021-05-19,25.02,25.1,25.0,25.0,2173.0
2021-05-20,25.0,25.01,24.860001,24.950001,6253.0
2021-05-21,25.15,25.6,25.1,25.200001,21475.0
2021-05-24,25.6,26.200001,25.450001,26.200001,58305.0
2021-05-25,27.23,27.24,26.549999,27.24,34984.0
2021-05-26,27.450001,28.32,27.450001,28.32,238696.0
2021-05-27,29.299999,29.299999,28.43,28.870001,54391.0
2021-05-28,28.98,28.98,27.719999,27.719999,24238.0
2021-05-31,27.0,27.9,26.620001,27.0,48939.0
2021-06-01,27.799999,27.799999,27.1,27.110001,11689.0
2021-06-02,27.389999,28.190001,27.040001,28.190001,63324.0
2021-06-03,29.0,29.309999,29.0,29.309999,32260.0
2021-06-04,30.200001,30.200001,29.110001,29.299999,337927.0
2021-06-07,29.4,30.469999,29.299999,30.0,79379.0
2021-06-08,30.85,31.190001,29.879999,31.0,112615.0
2021-06-09,31.6,32.23,31.209999,32.23,171473.0
2021-06-10,32.240002,33.5,31.74,32.900002,84382.0
2021-06-11,33.5,34.209999,33.400002,34.209999,249022.0
2021-06-14,35.57,35.57,35.57,35.57,519.0
2021-06-15,35.549999,36.990002,35.549999,36.990002,179092.0
2021-06-16,36.099998,37.880001,35.52,35.52,101185.0
2021-06-17,34.110001,34.959999,34.099998,34.119999,80426.0
2021-06-18,34.09,35.48,34.07,35.48,157333.0
2021-06-21,36.759998,36.889999,36.689999,36.889999,56914.0
2021-06-22,37.400002,37.990002,36.799999,37.0,32828.0
2021-06-23,37.0,38.200001,37.0,38.200001,284783.0
2021-06-24,38.970001,38.970001,37.0,38.0,50653.0
2021-06-25,37.099998,37.490002,36.490002,37.490002,63737.0
2021-06-28,37.700001,37.75,36.080002,36.25,11879.0
2021-06-29,35.16,37.689999,35.16,37.400002,50978.0
2021-06-30,37.099998,37.48,36.599998,36.599998,3590.0
2021-07-01,37.59,37.59,36.599998,37.200001,3181.0
2021-07-02,37.200001,37.200001,35.720001,35.73,26995.0
2021-07-05,34.32,35.700001,34.310001,34.310001,17593.0
2021-07-06,32.939999,33.5,32.939999,32.939999,22164.0
2021-07-07,34.25,34.25,34.25,34.25,3522.0
2021-07-08,35.610001,35.610001,35.599998,35.610001,28305.0
2021-07-09,36.009998,36.849998,35.720001,36.049999,36834.0
2021-07-12,36.400002,36.549999,35.0,35.98,7132.0
2021-07-13,36.459999,36.459999,35.099998,35.939999,1561.0
2021-07-14,35.0,35.0,34.509998,34.990002,12296.0
2021-07-15,35.68,35.830002,35.59,35.59,1205.0
2021-07-16,35.5,35.5,34.169998,34.18,11975.0
2021-07-19,34.099998,35.27,34.099998,34.16,2306.0
2021-07-20,34.119999,34.490002,33.66,34.0,1996.0
2021-07-23,33.799999,34.470001,33.040001,34.389999,3448.0
2021-07-26,34.389999,34.389999,33.150002,33.150002,7683.0
2021-07-27,33.200001,33.950001,32.0,32.900002,10767.0
2021-07-28,32.599998,33.400002,32.5,33.400002,9896.0
2021-07-29,33.5,33.990002,32.07,33.279999,7974.0
2021-08-02,33.610001,33.610001,32.02,32.099998,2709.0
2021-08-03,32.299999,33.380001,32.299999,33.380001,2589.0
2021-08-04,34.700001,34.709999,34.200001,34.200001,13535.0
2021-08-05,34.0,35.369999,33.669998,34.669998,4063.0
2021-08-06,33.540001,34.200001,33.32,33.32,5923.0
2021-08-09,33.5,33.990002,33.5,33.900002,2349.0
2021-08-11,33.310001,33.900002,32.900002,33.16,221.0
2021-08-12,33.009998,33.860001,32.599998,33.400002,1211.0
2021-08-13,32.75,34.380001,32.75,33.91,7252.0
2021-08-16,34.380001,35.259998,34.23,35.259998,70060.0
2021-08-17,35.599998,36.5,35.299999,35.689999,14396.0
2021-08-18,35.029999,36.5,35.029999,35.990002,28714.0
2021-08-19,35.900002,36.380001,34.560001,35.099998,41642.0
2021-08-23,34.5,35.5,34.5,34.599998,3164.0
2021-08-24,34.560001,35.5,34.0,35.5,18763.0
2021-08-25,35.849998,35.849998,34.57,35.110001,2188.0
2021-08-26,34.549999,35.599998,34.549999,35.599998,187.0
2021-08-27,35.790001,36.0,35.0,35.75,7998.0
2021-08-30,35.849998,36.400002,35.799999,35.799999,69595.0
2021-08-31,34.369999,35.389999,34.369999,34.400002,116075.0
2021-09-01,34.0,34.200001,33.029999,33.029999,36321.0
2021-09-02,32.849998,33.889999,32.849998,33.790001,12163.0
2021-09-03,34.0,34.669998,33.900002,34.200001,812.0
2021-09-06,34.200001,34.48,33.830002,34.34,4724.0
2021-09-07,34.689999,34.700001,33.650002,34.5,15366.0
2021-09-08,34.5,34.799999,34.099998,34.099998,36475.0
2021-09-09,34.759998,35.459999,34.5,35.459999,59312.0
2021-09-10,35.970001,36.189999,34.990002,34.990002,44803.0
2021-09-13,35.0,36.0,34.900002,35.299999,5899.0
2021-09-14,35.529999,35.529999,34.310001,34.900002,914.0
2021-09-15,35.0,35.549999,34.25,34.25,43056.0
2021-09-16,34.919998,35.0,32.889999,34.950001,83355.0
2021-09-17,34.93,34.93,33.700001,34.77,1864.0
2021-09-20,34.77,34.77,33.380001,33.790001,11637.0
2021-09-21,33.049999,34.200001,33.049999,33.779999,53736.0
2021-09-22,33.759998,33.759998,33.32,33.32,4130.0
2021-09-23,33.529999,33.529999,32.650002,33.389999,38087.0
2021-09-24,32.91,33.459999,32.650002,32.869999,3892.0
2021-09-27,33.41,33.41,32.5,32.5,12131.0
2021-09-28,32.099998,33.389999,32.099998,32.959999,8409.0
2021-09-29,32.950001,34.0,32.299999,33.119999,28976.0
2021-09-30,34.189999,34.200001,32.52,32.709999,7674.0
2021-10-01,32.720001,33.0,31.59,32.0,17188.0
2021-10-04,31.59,31.59,30.73,30.73,16262.0
2021-10-05,30.73,30.799999,30.200001,30.27,9115.0
2021-10-06,30.299999,31.35,30.299999,30.450001,65771.0
2021-10-07,31.290001,31.5,30.99,31.450001,8124.0
2021-10-08,32.139999,32.200001,31.48,31.700001,1783.0
2021-10-11,32.200001,32.84,32.200001,32.709999,1604.0
2021-10-12,33.0,33.0,32.32,32.439999,5749.0
2021-10-13,32.330002,32.990002,32.200001,32.200001,3574.0
2021-10-14,32.889999,32.889999,31.309999,31.450001,1330.0
2021-10-15,31.450001,32.84,31.450001,32.490002,447.0
2021-10-18,32.52,32.52,32.02,32.290001,13698.0
2021-10-21,32.009998,32.5,32.0,32.0,1759.0
2021-10-22,32.330002,32.330002,31.65,32.0,10244.0
2021-10-25,32.0,32.200001,31.719999,32.0,4717.0
2021-10-26,32.0,32.0,30.9,31.200001,14476.0
2021-10-27,31.299999,32.25,31.200001,32.0,76992.0
2021-10-28,32.0,33.0,32.0,32.189999,121948.0
2021-10-29,32.18,32.450001,31.6,31.6,14712.0
2021-11-01,31.52,32.0,31.5,31.559999,8310.0
2021-11-02,31.6,32.200001,31.559999,32.0,11079.0
2021-11-03,32.169998,32.169998,31.620001,31.620001,836.0
2021-11-04,31.559999,32.0,31.51,31.940001,113373.0
2021-11-05,31.799999,31.799999,31.26,31.49,9012.0
2021-11-08,31.790001,31.790001,30.700001,31.0,7911.0
2021-11-09,30.51,31.4,30.51,31.0,800.0
2021-11-10,31.0,31.0,30.620001,31.0,527.0
2021-11-11,30.620001,31.0,30.51,30.99,1020.0
2021-11-12,30.99,31.780001,30.77,31.0,9681.0
2021-11-15,31.299999,31.700001,31.01,31.68,6389.0
2021-11-16,31.700001,32.0,31.370001,31.5,20545.0
2021-11-17,31.5,32.400002,31.35,31.5,16557.0
2021-11-19,31.799999,31.799999,31.52,31.799999,309.0
2021-11-22,31.799999,31.799999,31.299999,31.5,14353.0
2021-11-23,31.5,31.5,31.299999,31.5,2042.0
2021-11-24,31.1,31.1,30.75,30.75,12344.0
2021-11-25,31.0,31.0,30.610001,30.99,306.0
2021-11-26,30.6,30.99,30.1,30.690001,18433.0
2021-11-29,29.0,29.889999,28.85,29.68,37959.0
2021-11-30,29.77,29.99,29.0,29.99,9548.0
2021-12-01,29.99,30.889999,29.5,29.68,2818.0
2021-12-02,29.370001,30.23,29.370001,30.15,1375.0
2021-12-03,29.43,30.450001,29.43,29.5,1596.0
2021-12-06,30.0,30.0,29.65,29.99,1005.0
2021-12-07,29.51,30.82,29.5,30.82,668.0
2021-12-08,30.77,30.77,29.9,30.0,4370.0
2021-12-09,30.65,30.65,29.6,29.98,3465.0
2021-12-10,29.67,30.0,29.58,29.6,22888.0
2021-12-13,29.610001,29.99,29.0,29.0,13770.0
2021-12-14,29.799999,29.799999,28.639999,29.5,6456.0
2021-12-15,28.65,29.4,28.65,29.34,2915.0
2021-12-16,29.1,29.5,29.0,29.0,1753.0
2021-12-17,28.629999,29.49,28.6,28.6,4002.0
2021-12-20,28.629999,29.049999,28.6,28.6,2409.0
2021-12-21,28.6,29.08,28.530001,29.0,7729.0
2021-12-22,29.0,29.27,28.700001,29.209999,5339.0
2021-12-23,29.0,29.299999,28.67,29.299999,2307.0
2021-12-24,28.82,29.190001,28.82,29.190001,1612.0
2021-12-27,29.0,29.0,28.6,28.99,2315.0
2021-12-28,28.99,29.0,28.629999,28.799999,1264.0
2021-12-29,28.799999,29.0,28.709999,29.0,31939.0
2021-12-30,29.0,29.0,28.709999,28.75,1152.0
2021-12-31,28.98,28.98,27.5,27.5,21546.0
2022-01-03,28.0,28.75,27.559999,28.09,1095.0
2022-01-04,28.0,28.0,27.799999,27.860001,1217.0
2022-01-05,27.719999,28.75,27.709999,28.620001,15944.0
2022-01-06,28.99,28.99,28.200001,28.790001,18165.0
2022-01-07,28.98,29.68,28.98,29.68,11157.0
2022-01-10,29.0,29.700001,29.0,29.690001,3424.0
2022-01-12,29.700001,30.280001,29.5,29.98,72256.0
2022-01-13,29.549999,30.290001,29.549999,29.950001,4970.0
2022-01-14,30.0,30.18,29.700001,30.139999,1707.0
2022-01-17,30.129999,30.299999,29.93,30.17,3084.0
2022-01-18,30.17,30.5,29.77,30.5,37655.0
2022-01-19,30.690001,31.48,30.690001,31.139999,15492.0
2022-01-20,31.15,31.690001,31.15,31.43,8092.0
2022-01-21,31.15,31.15,30.32,30.5,27135.0
2022-01-24,30.299999,30.49,30.219999,30.49,3031.0
2022-01-25,30.5,30.5,30.01,30.370001,6919.0
2022-01-26,30.48,30.48,29.98,30.25,788.0
2022-01-27,30.25,30.440001,30.0,30.01,337.0
2022-01-28,30.389999,30.389999,30.01,30.299999,3431.0
2022-01-31,30.5,31.5,30.01,30.120001,12325.0
2022-02-01,30.950001,30.950001,30.700001,30.700001,2736.0
2022-02-02,30.950001,30.950001,30.4,30.690001,310.0
2022-02-03,30.68,30.68,30.6,30.6,57.0
2022-02-04,30.6,30.6,30.24,30.24,5686.0
2022-02-07,30.6,30.959999,30.32,30.5,15228.0
2022-02-08,30.950001,30.950001,30.309999,30.5,7666.0
2022-02-09,30.35,31.59,30.309999,30.99,18024.0
2022-02-10,30.99,30.99,30.01,30.299999,52028.0
2022-02-11,30.35,31.23,30.299999,30.799999,21076.0
2022-02-14,30.4,31.34,30.4,30.5,115570.0
2022-02-15,30.299999,30.99,30.299999,30.299999,8239.0
2022-02-16,30.940001,31.0,30.299999,30.799999,3915.0
2022-02-17,30.5,30.9,30.299999,30.51,21873.0
2022-02-18,31.059999,32.34,31.040001,32.34,403782.0
2022-02-21,33.830002,34.0,33.0,33.900002,219539.0
2022-02-22,33.900002,33.900002,32.0,33.639999,70203.0
2022-02-23,33.349998,33.98,32.349998,33.259998,57343.0
2022-02-24,32.0,32.790001,31.27,31.27,25388.0
2022-02-25,29.4,31.98,29.4,30.559999,29010.0
2022-02-28,32.290001,32.290001,31.200001,31.42,111740.0
2022-03-01,30.200001,30.25,29.540001,29.540001,45130.0
2022-03-02,29.0,30.389999,28.6,29.219999,16780.0
2022-03-03,29.959999,29.959999,27.469999,27.469999,34759.0
2022-03-04,27.469999,27.469999,25.83,25.83,64903.0
2022-03-07,25.83,26.25,24.290001,24.290001,49213.0
2022-03-08,23.1,25.74,23.1,25.74,144868.0
2022-03-09,27.280001,27.280001,27.280001,27.280001,142289.0
2022-03-10,28.91,28.91,28.450001,28.889999,267298.0
2022-03-11,28.49,28.879999,27.5,28.030001,69772.0
2022-03-14,28.85,28.85,27.01,27.01,49594.0
2022-03-15,27.4,28.17,27.049999,28.059999,35504.0
2022-03-16,28.07,28.4,27.639999,28.24,10942.0
2022-03-17,28.190001,28.66,27.940001,28.27,19117.0
2022-03-18,28.27,28.5,27.700001,28.049999,26562.0
2022-03-21,28.25,28.370001,27.82,28.290001,24512.0
2022-03-22,27.82,28.379999,27.700001,28.190001,21767.0
2022-03-23,27.549999,27.690001,26.5,27.0,13730.0
2022-03-24,27.889999,27.889999,25.530001,25.799999,12673.0
2022-03-25,27.0,27.200001,26.4,26.5,5549.0
2022-03-28,27.0,27.5,27.0,27.15,5586.0
2022-03-29,27.25,27.9,27.07,27.9,1026.0
2022-03-30,27.9,28.35,27.5,28.200001,2257.0
2022-03-31,27.049999,28.0,26.700001,27.0,38846.0
2022-04-01,27.200001,27.790001,27.200001,27.5,5701.0
2022-04-04,27.84,27.85,27.26,27.83,2568.0
2022-04-05,27.57,29.35,27.57,29.299999,25438.0
2022-04-06,29.799999,31.049999,29.33,30.6,39590.0
2022-04-07,30.85,31.49,29.51,30.48,18629.0
2022-04-08,30.0,30.299999,28.809999,29.889999,18235.0
2022-04-11,29.93,29.93,29.0,29.74,22619.0
2022-04-12,29.889999,30.5,29.5,29.559999,11162.0
2022-04-13,29.6,30.0,28.0,28.0,26393.0
2022-04-14,28.790001,28.790001,28.299999,28.66,4541.0
2022-04-15,28.67,28.68,28.0,28.68,2806.0
2022-04-18,28.68,29.25,28.299999,28.309999,3690.0
2022-04-19,28.6,28.969999,28.51,28.799999,2205.0
2022-04-20,28.6,28.85,28.0,28.73,5535.0
2022-04-21,28.0,28.75,28.0,28.75,819.0
2022-04-22,28.75,28.75,28.299999,28.59,2321.0
2022-04-25,28.030001,28.5,27.799999,27.99,29333.0
2022-04-26,27.549999,27.6,27.0,27.5,13850.0
2022-04-27,27.5,28.0,27.219999,27.5,3089.0
2022-04-28,27.76,27.76,27.0,27.32,12401.0
2022-04-29,27.23,27.65,27.23,27.299999,4734.0
2022-05-04,27.299999,27.639999,27.299999,27.639999,9070.0
2022-05-05,27.5,27.639999,27.5,27.6,2978.0
2022-05-06,27.610001,27.85,27.5,27.790001,4248.0
2022-05-09,27.98,27.98,27.52,27.940001,9406.0
2022-05-10,27.98,27.98,27.370001,27.370001,111.0
2022-05-11,27.4,27.620001,27.4,27.4,1392.0
2022-05-12,27.879999,27.879999,27.0,27.459999,22185.0
2022-05-13,27.459999,27.459999,26.809999,27.0,2363.0
2022-05-16,27.48,27.5,26.799999,27.469999,6905.0
2022-05-17,27.49,27.49,27.0,27.0,3698.0
2022-05-18,27.379999,27.389999,27.02,27.389999,648.0
2022-05-19,27.1,27.1,27.01,27.01,1950.0
2022-05-20,27.1,27.290001,26.799999,27.0,14701.0
2022-05-23,26.809999,27.09,26.799999,27.09,2334.0
2022-05-24,26.65,26.98,26.139999,26.200001,728.0
2022-05-25,25.700001,26.290001,25.700001,26.290001,7232.0
2022-05-26,26.0,26.73,26.0,26.16,10582.0
2022-05-27,26.299999,26.68,26.1,26.68,5762.0
2022-05-30,26.299999,26.98,26.23,26.93,43720.0
2022-05-31,25.32,25.32,25.32,25.32,14981.0
2022-06-01,23.83,25.4,23.83,24.99,29502.0
2022-06-02,24.450001,24.98,24.450001,24.98,2984.0
2022-06-03,24.98,25.0,24.799999,24.98,9871.0
2022-06-06,25.0,25.299999,25.0,25.0,10142.0
2022-06-07,25.4,25.4,25.0,25.0,2225.0
2022-06-08,25.0,25.200001,24.860001,25.0,7347.0
2022-06-09,25.0,25.0,24.75,24.99,8387.0
2022-06-10,24.75,24.99,24.75,24.809999,2549.0
2022-06-13,24.75,24.950001,24.5,24.84,10297.0
2022-06-14,24.5,24.9,23.92,23.92,16562.0
2022-06-15,23.9,24.5,23.85,24.450001,4093.0
2022-06-16,24.01,24.459999,23.700001,24.0,11961.0
2022-06-17,24.0,24.0,23.51,24.0,3959.0
2022-06-20,24.0,24.75,23.52,23.540001,6825.0
2022-06-21,23.549999,24.4,23.52,24.389999,3800.0
2022-06-22,24.4,24.4,23.799999,23.85,925.0
2022-06-23,23.85,23.98,23.52,23.969999,6666.0
2022-06-24,23.98,23.98,23.799999,23.799999,551.0
2022-06-27,23.620001,23.65,23.610001,23.65,1348.0
2022-06-28,23.799999,23.940001,23.799999,23.940001,2.0
2022-06-29,23.969999,24.389999,23.969999,24.389999,2000.0
2022-06-30,24.35,24.389999,23.67,23.67,2010.0
2022-07-01,24.35,24.35,23.65,24.290001,1730.0
2022-07-04,24.280001,24.280001,24.0,24.280001,213.0
2022-07-05,24.15,24.18,23.52,24.18,6260.0
2022-07-06,23.52,24.139999,23.0,23.1,7225.0
2022-07-07,23.889999,23.889999,23.110001,23.16,1289.0
2022-07-08,23.200001,23.26,23.110001,23.110001,5827.0
2022-07-12,23.110001,23.389999,23.01,23.01,3556.0
2022-07-13,23.4,23.4,22.639999,23.389999,510.0
2022-07-14,23.0,23.440001,22.85,23.0,23212.0
2022-07-15,23.0,23.0,22.9,23.0,11468.0
2022-07-18,22.93,23.0,22.92,22.93,3268.0
2022-07-19,22.92,23.450001,22.92,23.450001,2625.0
2022-07-20,23.440001,23.450001,23.110001,23.120001,2057.0
2022-07-21,23.299999,23.9,23.01,23.9,1599.0
2022-07-22,23.030001,23.1,23.030001,23.1,540.0
2022-07-25,23.450001,23.450001,23.129999,23.16,1208.0
2022-07-26,23.16,23.16,22.91,23.0,3003.0
2022-07-27,23.0,23.0,22.91,23.0,1478.0
2022-07-28,23.0,23.0,22.91,22.91,891.0
2022-07-29,22.91,23.0,22.5,23.0,4497.0
2022-08-01,23.74,23.74,23.030001,23.5,34.0
2022-08-02,23.700001,23.700001,22.98,22.98,3171.0
2022-08-03,23.1,23.48,22.98,23.190001,374.0
2022-08-04,23.049999,23.049999,23.0,23.0,541.0
2022-08-05,23.01,23.450001,23.0,23.450001,2997.0
2022-08-08,23.0,23.209999,23.0,23.200001,2202.0
2022-08-09,23.450001,23.49,23.450001,23.49,1422.0
2022-08-10,23.48,24.85,23.48,24.75,7633.0
2022-08-11,24.75,25.299999,24.0,25.209999,6023.0
2022-08-12,25.0,25.9,24.5,25.690001,8135.0
2022-08-15,25.059999,26.65,25.059999,26.07,18557.0
2022-08-16,26.1,26.48,25.799999,25.799999,8496.0
2022-08-17,24.610001,26.389999,24.610001,25.110001,113.0
2022-08-18,25.799999,25.799999,25.23,25.23,70.0
2022-08-19,25.5,25.75,25.200001,25.75,2896.0
2022-08-22,25.799999,25.799999,25.0,25.0,11926.0
2022-08-23,25.0,25.0,24.799999,24.969999,1402.0
2022-08-24,25.49,25.49,24.549999,24.799999,1549.0
2022-08-25,25.0,25.0,24.799999,24.959999,870.0
2022-08-26,24.799999,25.0,24.23,25.0,4681.0
2022-08-29,24.51,25.66,24.4,25.4,899.0
2022-08-31,25.25,25.25,25.23,25.23,1285.0
2022-09-01,25.23,25.23,24.549999,24.549999,1181.0
2022-09-02,25.190001,25.190001,24.4,24.4,3757.0
2022-09-05,25.129999,25.129999,25.120001,25.120001,510.0
2022-09-06,24.969999,25.4,24.42,25.1,498.0
2022-09-07,25.24,25.24,25.09,25.09,236.0
2022-09-08,24.540001,25.26,24.540001,25.200001,2435.0
2022-09-09,25.280001,25.280001,24.51,24.51,2235.0
2022-09-12,24.5,24.9,24.5,24.9,2544.0
2022-09-13,24.85,24.9,24.26,24.26,2919.0
2022-09-14,24.299999,24.74,24.26,24.74,2386.0
2022-09-15,24.07,24.440001,24.0,24.370001,8335.0
2022-09-16,25.25,25.27,24.620001,24.620001,10597.0
2022-09-19,25.200001,25.200001,24.5,24.99,725.0
2022-09-20,24.959999,24.959999,24.27,24.77,674.0
2022-09-21,24.75,24.75,24.0,24.6,6606.0
2022-09-22,24.0,24.049999,23.870001,23.870001,2064.0
2022-09-23,24.0,24.49,23.870001,24.450001,4359.0
2022-09-26,23.51,24.219999,23.51,23.58,1965.0
2022-09-27,23.58,23.959999,23.57,23.58,1985.0
2022-09-28,23.549999,23.549999,23.1,23.459999,4607.0
2022-09-29,23.01,23.440001,23.01,23.059999,3753.0
2022-09-30,23.0,23.0,21.68,21.85,31581.0
2022-10-03,21.85,22.01,21.82,22.0,3873.0
2022-10-04,22.98,23.0,22.110001,22.799999,543.0
2022-10-05,22.040001,22.780001,22.040001,22.07,1222.0
2022-10-06,22.1,22.74,22.08,22.5,363.0
2022-10-11,22.700001,22.700001,22.700001,22.700001,36.0
2022-10-12,22.23,22.639999,22.200001,22.639999,1024.0
2022-10-13,22.17,22.540001,22.0,22.0,12785.0
2022-10-14,22.0,22.4,21.85,22.0,2500.0
2022-10-17,22.0,22.0,21.799999,21.799999,2007.0
2022-10-18,22.0,22.0,21.799999,21.799999,2306.0
2022-10-19,21.709999,22.0,21.5,21.5,2989.0
2022-10-20,21.91,21.91,21.07,21.07,14066.0
2022-10-21,21.0,21.0,20.379999,21.0,25191.0
2022-10-25,20.99,21.0,20.0,20.950001,2640.0
2022-10-26,20.700001,20.969999,20.030001,20.200001,345.0
2022-10-27,21.389999,21.389999,20.43,21.0,2106.0
2022-10-28,21.0,21.889999,21.0,21.889999,487.0
2022-10-31,21.65,21.65,21.0,21.49,2296.0
2022-11-01,21.6,21.6,21.0,21.0,530.0
2022-11-02,21.0,21.49,21.0,21.450001,2075.0
2022-11-03,21.379999,21.379999,21.379999,21.379999,91.0
2022-11-04,21.27,21.34,21.0,21.34,1139.0
2022-11-07,21.34,21.34,21.34,21.34,73.0
2022-11-08,21.0,21.24,20.059999,20.15,1230.0
2022-11-09,20.68,20.68,20.68,20.68,10.0
2022-11-10,20.6,20.6,20.120001,20.120001,2214.0
2022-11-11,20.120001,20.15,20.07,20.139999,3072.0
2022-11-14,20.1,20.969999,20.1,20.889999,1425.0
2022-11-15,20.51,20.51,20.299999,20.5,5337.0
2022-11-16,20.5,20.5,20.0,20.49,7417.0
2022-11-17,20.49,20.49,20.49,20.49,21.0
2022-11-21,20.48,20.48,20.27,20.48,281.0
2022-11-22,20.110001,20.48,20.0,20.48,6173.0
2022-11-23,20.02,20.02,20.0,20.0,981.0
2022-11-24,20.0,20.389999,19.799999,20.389999,1054.0
2022-11-25,20.0,20.0,20.0,20.0,887.0
2022-11-28,19.76,20.34,19.16,20.299999,630.0
2022-11-29,20.0,20.5,19.799999,19.799999,2056.0
2022-11-30,20.15,20.15,19.42,19.52,1216.0
2022-12-01,19.52,20.0,19.48,19.99,1607.0
2022-12-02,20.0,20.48,20.0,20.4,362.0
2022-12-05,20.0,20.5,20.0,20.299999,668.0
2022-12-06,20.200001,20.200001,19.09,19.690001,44482.0
2022-12-07,19.129999,19.5,19.049999,19.1,7621.0
2022-12-08,19.389999,19.389999,18.5,18.5,22722.0
2022-12-09,19.0,19.290001,18.52,18.6,8815.0
2022-12-12,19.25,19.26,18.299999,19.26,5755.0
2022-12-13,18.52,18.99,18.5,18.5,21535.0
2022-12-14,18.5,18.52,18.4,18.48,15693.0
2022-12-15,18.5,19.5,18.5,19.42,469692.0
2022-12-16,19.42,19.77,19.0,19.67,606.0
2022-12-19,19.0,19.59,18.700001,19.0,2672.0
2022-12-20,18.66,18.99,18.389999,18.99,10691.0
2022-12-21,18.940001,18.940001,18.5,18.5,1022.0
2022-12-22,18.5,19.389999,18.5,18.9,312.0
2022-12-23,19.120001,19.120001,18.5,18.9,783.0
2022-12-26,19.280001,19.280001,18.0,18.0,6001.0
2022-12-27,17.9,18.4,17.85,17.91,10346.0
2022-12-28,17.85,18.360001,17.6,17.6,8720.0
2022-12-29,17.4,18.049999,17.4,17.4,4066.0
2022-12-30,18.0,18.0,17.35,18.0,4143.0
2023-01-02,17.99,18.4,16.940001,16.940001,14297.0
2023-01-03,16.940001,16.940001,15.93,16.879999,25002.0
2023-01-04,16.5,16.5,15.87,15.9,12445.0
2023-01-05,15.9,15.96,15.21,15.45,3574.0
2023-01-06,15.47,16.0,15.21,15.5,3401.0
2023-01-09,15.22,15.45,15.21,15.36,428.0
2023-01-10,15.21,15.4,15.02,15.38,7389.0
2023-01-12,15.38,16.1,15.38,15.99,791.0
2023-01-13,16.0,16.4,15.62,15.62,51080.0
2023-01-16,16.4,16.4,15.6,15.6,5423.0
2023-01-17,15.6,16.4,14.67,14.67,171757.0
2023-01-18,14.72,14.99,13.79,13.79,107078.0
2023-01-19,13.7,13.7,13.27,13.7,4655.0
2023-01-20,13.51,13.66,12.98,13.0,28157.0
2023-01-23,12.91,13.47,12.91,13.3,11452.0
2023-01-24,13.0,13.3,12.51,13.14,319950.0
2023-01-25,12.7,13.92,12.7,13.92,11303.0
2023-01-26,14.75,14.75,13.98,14.75,209170.0
2023-01-27,15.0,15.05,13.87,13.87,67885.0
2023-01-30,14.0,14.23,13.6,14.18,3405.0
2023-01-31,14.17,14.49,14.0,14.0,5488.0
2023-02-01,13.99,14.2,13.6,13.6,40466.0
2023-02-02,13.8,14.24,12.92,13.38,44959.0
2023-02-03,13.01,13.89,13.01,13.75,5209.0
2023-02-06,13.5,13.93,13.1,13.1,20092.0
2023-02-07,13.09,13.54,13.09,13.54,491.0
2023-02-08,13.06,13.59,13.06,13.52,11301.0
2023-02-09,13.6,13.67,13.4,13.4,3640.0
2023-02-10,13.41,13.61,13.35,13.59,4471.0
2023-02-13,13.4,13.6,13.15,13.37,8839.0
2023-02-14,13.54,13.54,13.31,13.49,1579.0
2023-02-15,13.51,13.52,13.3,13.3,6231.0
2023-02-16,13.43,13.5,13.26,13.26,20515.0
2023-02-17,13.26,13.48,13.26,13.3,1773.0
2023-02-20,13.43,13.43,12.92,13.25,10193.0
2023-02-21,13.25,13.25,13.0,13.15,14140.0
2023-02-22,13.23,13.23,12.93,13.0,8007.0
2023-02-23,13.13,13.13,13.0,13.0,2611.0
2023-02-24,13.0,13.0,12.81,12.86,9914.0
2023-02-27,12.9,13.0,12.87,13.0,11517.0
2023-02-28,12.99,13.0,12.85,12.99,5297.0
2023-03-01,12.9,12.97,12.6,12.8,14936.0
2023-03-02,12.8,12.91,12.6,12.9,4257.0
2023-03-03,12.55,12.89,12.4,12.41,9301.0
2023-03-06,12.68,12.73,12.07,12.49,3092.0
2023-03-07,12.56,12.56,12.4,12.48,1294.0
2023-03-08,12.49,12.49,12.12,12.4,492.0
2023-03-09,12.13,12.3,11.9,11.9,9949.0
2023-03-10,11.94,12.26,11.76,11.76,6298.0
2023-03-13,12.1,12.1,11.12,11.31,6054.0
2023-03-14,11.16,11.74,11.01,11.3,9881.0
2023-03-15,11.23,11.56,11.0,11.0,12821.0
2023-03-16,11.32,11.32,11.0,11.18,3132.0
2023-03-17,11.2,11.2,10.7,10.7,12858.0
2023-03-20,10.1,10.45,10.06,10.3,21531.0
2023-03-21,9.7,10.91,9.7,10.91,47698.0
2023-03-22,10.91,10.99,10.42,10.9,1026.0
2023-03-23,10.99,10.99,10.56,10.56,897.0
2023-03-24,10.95,10.96,10.61,10.9,5217.0
2023-03-27,11.05,11.05,10.99,10.99,690.0
2023-03-28,10.89,10.89,10.72,10.88,195.0
2023-03-29,10.74,10.8,10.3,10.3,9243.0
2023-03-30,10.3,10.45,10.3,10.3,11000.0
2023-03-31,10.25,10.3,10.0,10.0,11918.0
2023-04-03,10.0,10.0,10.0,10.0,10399.0
2023-04-04,10.48,10.48,10.0,10.27,1957.0
2023-04-05,10.0,10.28,9.87,10.0,3874.0
2023-04-06,9.87,10.38,9.87,10.38,252.0
2023-04-07,10.36,10.6,10.0,10.0,8340.0
2023-04-10,10.2,10.39,10.2,10.36,3216.0
2023-04-11,10.35,10.5,10.0,10.1,10278.0
2023-04-12,10.1,10.36,10.0,10.0,4155.0
2023-04-13,10.24,10.24,10.0,10.0,981.0
2023-04-14,10.0,10.13,9.92,10.0,401059.0
2023-04-17,10.19,10.19,10.0,10.15,550.0
2023-04-18,10.0,10.14,9.85,10.14,3322.0
2023-04-19,10.0,10.25,9.89,10.25,545.0
2023-04-20,10.25,10.48,10.2,10.48,3148.0
2023-04-21,10.22,10.43,10.15,10.39,2524.0
2023-04-25,10.39,10.75,10.3,10.71,2947.0
2023-04-26,10.72,11.32,10.37,10.89,9754.0
2023-04-27,11.28,11.28,10.87,11.0,15283.0
2023-04-28,11.06,11.2,10.7,10.7,15325.0
2023-05-02,10.7,11.12,10.5,11.0,3841.0
2023-05-03,11.28,11.65,11.13,11.65,72176.0
2023-05-04,11.65,12.25,11.65,12.1,54725.0
2023-05-05,12.24,12.46,12.12,12.12,74362.0
2023-05-08,12.12,12.74,12.12,12.73,109740.0
2023-05-09,12.79,13.3,12.65,13.22,133130.0
2023-05-10,13.36,13.55,13.2,13.42,63639.0
2023-05-11,13.78,13.78,12.62,12.62,146579.0
2023-05-12,12.53,12.97,12.2,12.78,83976.0
2023-05-15,13.0,13.28,12.78,13.22,37199.0
2023-05-16,13.25,13.39,13.0,13.3,38506.0
2023-05-17,13.32,13.4,13.0,13.05,33775.0
2023-05-18,13.0,13.22,12.61,12.9,38634.0
2023-05-19,12.71,13.08,12.66,13.08,2901.0
2023-05-22,12.77,13.0,12.77,13.0,2371.0
2023-05-23,12.77,13.0,12.77,12.96,1726.0
2023-05-24,12.8,12.98,12.8,12.98,941.0
2023-05-25,12.95,12.98,12.65,12.65,6168.0
2023-05-26,12.65,13.19,12.65,13.1,15804.0
2023-05-29,13.18,13.88,13.05,13.88,70268.0
2023-05-30,14.05,14.5,14.05,14.4,108269.0
2023-05-31,14.72,15.25,13.9,14.9,166098.0
2023-06-01,14.63,14.8,14.25,14.59,67807.0
2023-06-02,14.25,14.84,14.2,14.48,18712.0
2023-06-05,14.48,14.96,14.27,14.8,100403.0
2023-06-06,14.93,15.2,14.7,14.9,75437.0
2023-06-07,14.8,15.1,14.7,14.7,33461.0
2023-06-08,14.6,14.99,14.25,14.6,17203.0
2023-06-09,14.25,14.59,14.25,14.3,7126.0
2023-06-12,14.17,14.49,13.9,13.9,157311.0
2023-06-13,13.9,14.73,13.9,14.73,131667.0
2023-06-14,15.0,15.49,14.74,15.46,127463.0
2023-06-15,15.51,16.200001,15.51,16.02,158560.0
2023-06-16,16.1,16.200001,15.06,15.06,94810.0
2023-06-19,15.1,15.48,14.5,14.85,38508.0
2023-06-20,15.2,15.74,14.92,15.74,35555.0
2023-06-21,16.51,16.51,16.0,16.219999,87243.0
2023-06-22,16.1,16.370001,15.74,16.1,21253.0
2023-06-23,15.74,16.4,15.74,16.4,17286.0
2023-06-26,16.0,16.4,16.0,16.33,2590.0
2023-06-27,16.35,16.4,15.98,16.4,614377.0
2023-06-28,16.5,17.299999,16.5,17.299999,83396.0
2023-07-03,17.35,18.33,17.0,18.33,98749.0
2023-07-04,19.360001,19.42,18.68,19.309999,167675.0
2023-07-05,19.870001,20.049999,19.309999,19.379999,95358.0
2023-07-06,19.1,19.82,18.620001,19.379999,48612.0
2023-07-07,19.5,19.5,19.0,19.15,16476.0
2023-07-10,19.0,19.280001,18.6,18.6,20554.0
2023-07-11,18.4,18.9,18.34,18.700001,42541.0
2023-07-12,18.6,19.0,18.6,18.85,29722.0
2023-07-13,18.77,19.450001,18.6,19.43,36309.0
2023-07-14,19.4,19.43,19.049999,19.299999,7723.0
2023-07-17,19.379999,19.379999,18.870001,18.870001,3300.0
2023-07-18,18.870001,19.389999,18.870001,19.1,11167.0
2023-07-20,19.389999,19.389999,19.1,19.1,567.0
2023-07-21,19.1,19.1,18.6,19.0,6167.0
2023-07-24,18.709999,19.1,18.709999,19.0,302.0
2023-07-25,18.98,19.0,18.6,18.879999,2307.0
2023-07-26,18.549999,18.879999,18.25,18.299999,36157.0
2023-07-27,18.309999,18.32,18.209999,18.27,30712.0
2023-07-28,18.32,18.99,18.120001,18.790001,53332.0
2023-07-31,18.700001,18.969999,18.5,18.9,29930.0
2023-08-01,18.940001,18.99,18.67,18.98,10323.0
2023-08-02,18.629999,18.98,18.620001,18.950001,17446.0
2023-08-03,18.950001,18.950001,18.559999,18.85,6986.0
2023-08-04,18.42,18.91,18.42,18.700001,1298.0
2023-08-07,18.690001,18.690001,18.59,18.59,5950.0
2023-08-08,18.5,18.5,18.299999,18.299999,4553.0
2023-08-09,18.290001,18.290001,17.23,17.73,73925.0
2023-08-10,17.530001,17.799999,17.51,17.559999,7071.0
2023-08-11,17.559999,18.389999,17.559999,18.17,9767.0
2023-08-15,18.280001,18.280001,17.9,17.9,3563.0
2023-08-16,17.99,17.99,17.66,17.98,1080.0
2023-08-17,17.75,18.0,17.700001,17.98,11795.0
2023-08-18,17.68,17.700001,17.48,17.690001,5821.0
2023-08-22,17.99,17.99,17.42,17.74,4340.0
2023-08-23,17.76,17.76,16.799999,16.799999,16247.0
2023-08-24,17.0,17.440001,16.01,16.49,68002.0
2023-08-25,16.700001,16.700001,16.200001,16.450001,18436.0
2023-08-28,16.5,16.73,16.25,16.549999,1275.0
2023-08-29,16.77,16.77,16.4,16.559999,3592.0
2023-08-30,17.0,17.549999,17.0,17.549999,37475.0
2023-08-31,18.15,18.5,16.5,17.02,173513.0
2023-09-01,16.700001,17.15,16.700001,16.76,48520.0
2023-09-04,16.620001,17.76,16.5,17.76,88373.0
2023-09-05,17.5,17.99,17.0,17.67,5639.0
2023-09-06,17.4,17.84,17.25,17.57,17507.0
2023-09-07,17.299999,17.549999,17.110001,17.450001,2458.0
2023-09-08,17.25,17.25,17.110001,17.24,2828.0
2023-09-11,17.43,17.43,16.799999,17.139999,5476.0
2023-09-12,17.200001,17.33,16.83,17.299999,13436.0
2023-09-13,17.0,17.9,17.0,17.690001,36614.0
2023-09-14,17.799999,18.73,17.5,18.73,164766.0
2023-09-15,18.700001,18.940001,18.0,18.68,44452.0
2023-09-18,18.59,19.690001,18.59,19.549999,121850.0
2023-09-19,19.709999,20.700001,19.58,20.690001,244986.0
2023-09-20,20.879999,21.93,20.719999,21.93,112599.0
2023-09-21,23.200001,23.200001,20.620001,22.5,424213.0
2023-09-22,22.9,23.540001,21.540001,23.540001,131393.0
2023-09-25,24.35,24.469999,23.07,23.969999,144968.0
2023-09-26,23.9,23.9,22.540001,22.540001,61237.0
2023-09-27,22.01,22.02,21.190001,21.799999,44077.0
2023-10-02,20.5,20.51,20.5,20.5,10294.0
2023-10-03,20.0,20.799999,19.280001,19.280001,95846.0
2023-10-04,19.4,19.4,18.15,18.5,55039.0
2023-10-05,19.25,19.6,19.25,19.6,4306.0
2023-10-06,20.76,20.76,19.6,19.92,54405.0
2023-10-09,20.549999,20.549999,19.77,19.85,3256.0
2023-10-10,20.200001,20.700001,20.190001,20.690001,5125.0
2023-10-11,20.5,21.700001,20.5,21.5,16962.0
2023-10-12,21.9,22.99,21.610001,21.85,34374.0
2023-10-13,22.0,22.469999,21.25,21.34,21940.0
2023-10-16,21.34,21.99,20.4,21.75,1952.0
2023-10-17,21.940001,21.940001,20.25,20.9,5476.0
2023-10-18,22.98,22.98,22.98,22.98,22561.0
2023-10-19,24.0,24.690001,22.889999,24.290001,289039.0
2023-10-20,24.200001,24.200001,23.35,23.5,67445.0
2023-10-23,23.700001,23.700001,22.0,22.5,20183.0
2023-10-24,22.5,23.379999,22.1,23.0,31907.0
2023-10-25,23.440001,23.440001,22.700001,22.9,9330.0
2023-10-26,22.9,22.9,22.0,22.0,16575.0
2023-10-27,21.110001,22.93,21.110001,22.5,16464.0
2023-10-30,22.98,22.99,22.24,22.379999,16117.0
2023-10-31,22.93,22.93,22.299999,22.799999,31701.0
2023-11-01,22.17,22.68,22.15,22.209999,11895.0
2023-11-02,22.5,22.5,22.1,22.200001,6054.0
2023-11-03,21.85,22.809999,21.85,22.49,602.0
2023-11-07,22.01,22.6,22.01,22.040001,986.0
2023-11-08,22.030001,22.5,22.030001,22.110001,2822.0
2023-11-09,22.5,22.5,22.049999,22.059999,9892.0
2023-11-10,22.299999,22.299999,22.059999,22.290001,2448.0
2023-11-13,22.110001,22.6,22.110001,22.6,11274.0
2023-11-14,22.799999,23.379999,22.6,22.879999,9376.0
2023-11-15,22.879999,22.879999,22.18,22.18,7367.0
2023-11-16,22.200001,22.879999,22.200001,22.6,5500.0
2023-11-17,22.299999,22.889999,22.299999,22.379999,2384.0
2023-11-20,22.68,22.68,22.32,22.32,6266.0
2023-11-21,22.68,22.940001,22.51,22.6,2439.0
2023-11-22,22.5,22.5,22.299999,22.299999,4118.0
2023-11-23,22.23,22.41,21.799999,22.34,6409.0
2023-11-24,21.860001,22.32,21.799999,22.200001,5507.0
2023-11-27,22.389999,22.4,21.01,22.110001,21642.0
2023-11-28,22.0,22.200001,21.5,21.969999,2978.0
2023-11-29,22.0,22.0,21.5,21.889999,6630.0
2023-11-30,21.219999,22.139999,21.219999,21.959999,785.0
2023-12-01,20.17,21.860001,20.17,20.5,18630.0
2023-12-04,21.5,21.5,20.6,20.99,2111.0
2023-12-05,21.219999,21.219999,20.15,20.450001,3118.0
2023-12-06,20.32,20.92,20.02,20.5,6694.0
2023-12-07,20.92,20.92,20.0,20.0,9888.0
2023-12-08,20.98,20.98,20.049999,20.860001,3320.0
2023-12-11,20.790001,20.790001,20.129999,20.690001,240.0
2023-12-12,20.92,20.92,20.5,20.67,3223.0
2023-12-13,20.25,20.799999,20.25,20.799999,12221.0
2023-12-14,21.0,21.4,20.5,21.4,20199.0
2023-12-15,21.4,21.98,21.02,21.6,11730.0
2023-12-18,21.6,21.98,21.219999,21.799999,3592.0
2023-12-19,21.799999,21.950001,21.25,21.9,6340.0
2023-12-20,21.5,22.0,21.5,21.99,20316.0
2023-12-21,22.0,22.16,21.5,21.5,6319.0
2023-12-22,21.309999,22.0,21.1,21.1,13490.0
2023-12-25,21.1,21.5,20.0,20.0,12384.0
2023-12-26,20.15,21.84,20.15,21.84,10060.0
2023-12-27,21.84,21.84,20.370001,21.15,111.0
2023-12-28,20.51,21.75,20.51,21.75,17488.0
2023-12-29,21.5,21.709999,21.219999,21.700001,32042.0
2024-01-02,21.700001,22.9,21.700001,22.5,30998.0
2024-01-03,22.780001,22.950001,22.4,22.48,15401.0
2024-01-04,22.5,22.860001,22.5,22.549999,14335.0
2024-01-05,22.84,23.0,22.549999,22.73,23415.0
2024-01-08,22.99,25.0,22.99,24.75,202234.0
2024-01-09,25.0,25.85,23.9,23.9,73498.0
2024-01-10,23.91,24.549999,23.9,24.5,18203.0
2024-01-12,24.5,24.5,23.9,24.0,26243.0
2024-01-15,24.299999,24.459999,23.73,23.780001,12622.0
2024-01-16,24.0,24.0,23.559999,23.610001,8932.0
2024-01-17,23.99,24.35,23.99,24.25,16440.0
2024-01-18,24.450001,25.25,24.450001,25.0,110159.0
2024-01-19,25.34,25.34,24.809999,25.0,8690.0
2024-01-22,25.25,26.4,25.0,26.389999,44646.0
2024-01-23,26.549999,28.5,26.4,27.940001,121567.0
2024-01-24,28.0,29.290001,27.940001,28.35,92999.0
2024-01-25,28.5,29.049999,27.6,28.299999,59746.0
2024-01-26,28.889999,28.889999,28.0,28.120001,13745.0
2024-01-29,28.799999,28.799999,27.75,27.799999,19756.0
2024-01-30,27.799999,28.0,25.4,28.0,39889.0
2024-01-31,28.15,29.25,28.0,29.0,74841.0
2024-02-01,28.309999,29.1,28.309999,28.5,12741.0
2024-02-02,28.9,29.1,26.9,26.9,73061.0
2024-02-05,26.9,28.379999,26.700001,27.0,28241.0
2024-02-06,27.75,27.799999,27.1,27.700001,8313.0
2024-02-07,27.799999,27.98,27.0,27.0,43130.0
2024-02-08,27.5,27.690001,26.99,27.0,28776.0
2024-02-09,27.889999,27.889999,26.5,26.549999,46571.0
2024-02-12,26.139999,27.0,25.299999,25.299999,41916.0
2024-02-13,26.290001,26.42,25.370001,25.5,5032.0
2024-02-14,26.799999,26.9,25.549999,25.75,31931.0
2024-02-15,25.799999,26.700001,25.700001,26.700001,23262.0
2024-02-16,26.65,29.360001,26.1,29.360001,152388.0
2024-02-19,32.290001,32.290001,32.290001,32.290001,80267.0
2024-02-20,29.07,29.07,29.07,29.07,35548.0
2024-02-21,27.0,29.82,27.0,29.379999,440479.0
2024-02-22,29.870001,30.950001,29.0,29.99,137643.0
2024-02-23,30.389999,31.299999,30.0,31.25,178464.0
2024-02-26,31.549999,31.879999,30.799999,30.91,45388.0
2024-02-27,31.49,31.49,29.35,29.5,114013.0
2024-02-28,29.51,29.6,28.51,29.4,87070.0
2024-02-29,32.330002,32.330002,32.330002,32.330002,214401.0
2024-03-01,33.009998,34.0,32.5,33.0,218198.0
2024-03-04,33.720001,35.0,33.720001,34.990002,112512.0
2024-03-05,35.509998,36.880001,35.509998,36.299999,184905.0
2024-03-06,36.68,37.490002,36.400002,36.400002,147108.0
2024-03-07,36.009998,36.25,35.009998,35.889999,91068.0
2024-03-08,35.900002,36.880001,35.799999,36.25,52830.0
2024-03-11,36.200001,36.200001,35.509998,35.509998,28942.0
2024-03-12,35.990002,35.990002,34.549999,34.549999,34021.0
2024-03-13,34.900002,35.0,33.66,33.98,58858.0
2024-03-14,34.389999,35.09,34.0,34.959999,104806.0
2024-03-15,35.110001,35.900002,35.110001,35.5,66522.0
2024-03-18,36.290001,36.799999,35.799999,36.049999,103789.0
2024-03-19,36.299999,37.200001,36.0,36.490002,226671.0
2024-03-20,36.490002,36.490002,35.400002,35.98,42384.0
2024-03-21,35.52,36.490002,35.509998,36.0,12561.0
2024-03-22,35.700001,36.5,35.700001,36.5,71565.0
2024-03-25,36.5,36.5,35.700001,35.919998,27084.0
2024-03-26,35.919998,36.0,35.5,35.93,30288.0
2024-03-27,35.25,35.900002,34.0,34.5,40264.0
2024-03-28,34.200001,34.93,32.599998,34.400002,40952.0
2024-03-29,34.0,34.0,32.630001,33.0,177259.0
2024-04-01,35.0,36.290001,34.0,36.290001,103880.0
2024-04-02,36.990002,37.400002,35.610001,37.25,159101.0
2024-04-03,39.049999,40.970001,38.0,40.970001,317323.0
2024-04-04,42.0,44.490002,40.98,43.970001,330576.0
2024-04-05,42.5,46.0,42.299999,44.990002,176451.0
2024-04-08,45.200001,49.48,45.200001,49.48,165488.0
2024-04-09,54.419998,54.419998,50.150002,54.419998,516813.0
2024-04-15,56.900002,59.860001,55.650002,59.860001,201901.0
2024-04-16,65.839996,65.839996,64.050003,65.839996,501122.0
2024-04-17,68.0,68.0,59.259998,61.299999,482005.0
2024-04-18,58.099998,66.900002,58.099998,66.0,278569.0
2024-04-19,69.0,70.0,66.349998,68.5,285750.0
2024-04-22,69.440002,69.440002,61.66,61.66,223445.0
2024-04-23,55.5,64.25,55.5,64.25,548987.0
2024-04-24,69.400002,69.400002,63.009998,64.0,370011.0
2024-04-25,64.050003,70.389999,63.02,70.389999,700905.0
2024-04-26,75.0,77.419998,72.0,77.419998,760013.0
2024-04-29,79.0,83.0,76.0,78.0,580826.0
2024-04-30,76.800003,80.900002,75.0,76.5,235997.0
2024-05-02,77.0,79.400002,76.5,77.099998,160453.0
2024-05-03,76.940002,77.5,72.489998,72.489998,147820.0
2024-05-06,72.800003,79.0,66.099998,74.800003,315927.0
2024-05-07,75.0,80.0,75.0,77.599998,188222.0
2024-05-08,78.0,82.550003,78.0,81.199997,334998.0
2024-05-09,82.400002,87.900002,82.400002,85.0,439917.0
2024-05-10,85.519997,87.879997,84.0,84.5,177444.0
2024-05-13,85.400002,87.400002,84.599998,86.0,94167.0
2024-05-14,86.5,94.589996,86.0,94.5,333276.0
2024-05-15,100.0,100.0,96.110001,96.110001,336633.0
2024-05-16,96.489998,101.95,92.0,99.300003,272206.0
2024-05-17,100.8,102.0,99.0,100.0,121648.0
2024-05-20,101.15,101.5,100.0,100.0,77816.0
2024-05-21,103.1,106.8,90.099998,90.099998,404679.0
2024-05-22,92.199997,93.0,82.400002,92.0,384685.0
2024-05-23,91.699997,91.699997,87.199997,88.029999,64281.0
2024-05-24,86.5,88.949997,82.25,84.699997,110062.0
2024-05-27,83.010002,84.800003,80.050003,83.0,248938.0
2024-05-28,82.239998,88.360001,82.239998,88.0,105976.0
2024-05-29,90.0,90.989998,85.400002,85.400002,65848.0
2024-05-30,85.400002,86.800003,84.5,84.660004,90511.0
2024-05-31,81.5,84.959999,80.599998,81.080002,127689.0
2024-06-03,83.879997,85.0,79.199997,83.400002,127674.0
2024-06-04,82.0,83.400002,81.0,81.0,104555.0
2024-06-05,80.989998,80.989998,72.910004,72.910004,276824.0
2024-06-06,72.93,77.0,70.129997,77.0,125704.0
2024-06-07,78.0,78.989998,75.0,75.0,50965.0
2024-06-10,76.989998,76.989998,74.800003,76.0,33359.0
2024-06-11,76.489998,77.980003,75.800003,77.5,11141.0
2024-06-12,78.0,81.790001,77.010002,81.300003,65133.0
2024-06-13,81.400002,82.5,80.0,81.300003,91817.0
2024-06-14,82.0,82.0,81.0,82.0,34307.0
2024-06-19,83.989998,84.5,81.5,81.5,16971.0
2024-06-20,83.300003,83.300003,79.849998,81.0,18790.0
2024-06-21,80.800003,80.860001,80.0,80.0,13435.0
2024-06-24,80.5,80.68,78.0,79.099998,20693.0
2024-06-25,79.800003,81.989998,76.0,81.0,80695.0
2024-06-26,81.0,82.0,79.099998,79.5,36012.0
2024-06-27,79.5,80.900002,79.099998,80.0,16061.0
2024-06-28,80.0,80.5,79.050003,79.050003,42685.0
2024-07-01,80.800003,80.800003,77.019997,77.050003,25632.0
2024-07-02,75.010002,78.690002,75.010002,76.099998,53492.0
2024-07-03,75.559998,76.0,72.099998,76.0,62201.0
2024-07-04,76.0,77.900002,76.0,77.0,17299.0
2024-07-05,77.510002,79.599998,77.199997,77.5,40909.0
2024-07-08,78.0,78.0,76.599998,77.5,4393.0
2024-07-09,76.620003,77.989998,75.0,77.589996,22400.0
2024-07-10,77.900002,77.980003,75.029999,75.989998,17160.0
2024-07-11,75.25,76.0,72.0,74.0,84608.0
2024-07-12,73.989998,74.0,72.0,72.849998,71954.0
2024-07-15,72.849998,75.989998,72.150002,75.550003,22568.0
2024-07-16,77.349998,77.349998,76.309998,76.309998,18188.0
2024-07-17,77.5,79.989998,75.099998,77.110001,150698.0
2024-07-18,77.400002,79.0,77.0,77.5,55157.0
2024-07-19,78.989998,78.989998,77.0,77.010002,34109.0
2024-07-22,78.5,81.949997,77.720001,81.949997,53551.0
2024-07-23,83.790001,86.0,83.010002,84.0,113889.0
2024-07-24,85.0,85.5,82.510002,83.650002,65248.0
2024-07-25,83.5,84.099998,81.949997,82.220001,30887.0
2024-07-26,83.400002,84.699997,83.400002,83.900002,16529.0
2024-07-29,84.5,87.0,84.489998,86.900002,76281.0
2024-07-31,90.0,90.0,87.300003,87.449997,100305.0
2024-08-01,87.800003,88.400002,85.139999,85.5,35743.0
2024-08-02,85.010002,86.459999,83.029999,85.0,81450.0
2024-08-05,82.199997,83.010002,77.599998,78.0,175817.0
2024-08-06,81.489998,82.0,79.0,80.75,73961.0
2024-08-07,82.0,82.5,81.0,81.879997,28951.0
2024-08-08,81.989998,81.989998,79.169998,81.199997,8042.0
2024-08-09,80.059998,81.25,79.580002,79.699997,5630.0
2024-08-12,81.290001,83.489998,80.099998,83.0,369397.0
2024-08-13,83.410004,84.730003,83.0,83.900002,124081.0
2024-08-15,83.010002,85.5,83.0,85.489998,204744.0
2024-08-16,85.599998,86.419998,84.25,84.5,88133.0
2024-08-19,83.900002,84.440002,82.099998,84.059998,133739.0
2024-08-22,84.07,85.949997,84.07,85.260002,64293.0
2024-08-23,85.800003,85.900002,84.099998,84.5,30984.0
2024-08-26,85.0,85.5,84.300003,84.5,57545.0
2024-08-27,84.099998,84.800003,83.709999,83.989998,35875.0
2024-08-28,84.699997,85.900002,83.5,85.57,34519.0
2024-08-29,85.300003,85.900002,84.099998,84.599998,89673.0
2024-08-30,84.199997,85.0,76.199997,76.199997,348127.0
2024-09-02,80.199997,82.980003,78.900002,79.599998,156135.0
2024-09-03,78.0,78.0,74.0,76.0,166235.0
2024-09-04,75.55,77.3,75.0,75.31,41421.0
2024-09-05,75.900002,77.300003,75.800003,76.980003,24961.0
2024-09-06,76.760002,78.0,76.760002,77.489998,29456.0
2024-09-09,77.5,77.65,76.2,76.5,109597.0
2024-09-10,76.0,76.5,74.01,74.01,107522.0
2024-09-11,75.24,76.4,75.24,76.28,7675.0
2024-09-12,76.0,77.48,76.0,77.0,14129.0
2024-09-13,77.45,77.45,76.0,76.79,58698.0
2024-09-18,76.89,76.89,75.5,76.25,40741.0
2024-09-19,76.01,76.24,74.01,75.45,128772.0
2024-09-20,75.5,75.89,74.2,74.35,80687.0
2024-09-23,75.0,75.8,74.01,74.88,37402.0
2024-09-24,74.22,75.0,73.0,73.22,93985.0
2024-09-25,73.22,73.22,70.02,70.02,122020.0
2024-09-26,69.0,69.78,64.7,69.49,212778.0
2024-09-27,69.19,69.48,67.5,68.9,53985.0
2024-09-30,74.94,75.78,71.1,75.78,236598.0
2024-10-01,77.4,77.4,74.01,74.53,113089.0
2024-10-02,72.53,75.49,70.0,75.49,90699.0
2024-10-03,76.0,79.0,76.0,79.0,126418.0
2024-10-04,79.31,83.15,79.31,80.0,167821.0
2024-10-07,81.14,81.14,78.52,79.6,89707.0
2024-10-08,78.0,79.7,73.5,76.0,105458.0
2024-10-09,76.25,79.0,75.0,77.0,61796.0
2024-10-10,77.9,78.85,76.15,76.15,61789.0
2024-10-11,77.9,77.9,75.95,75.95,6600.0
2024-10-14,76.94,76.95,74.5,75.15,6401.0
2024-10-15,74.5,75.1,72.55,73.07,29074.0
2024-10-16,72.0,73.4,69.0,71.9,53728.0
2024-10-17,70.51,78.0,70.51,75.62,71829.0
2024-10-18,77.0,77.86,73.0,74.5,32927.0
2024-10-21,74.5,77.95,74.4,75.3,54007.0
2024-10-22,76.9,82.2,76.0,80.0,342166.0
2024-10-23,80.5,84.0,80.5,81.4,111066.0
2024-10-24,81.5,82.6,77.0,77.9,128967.0
2024-10-25,78.4,79.4,77.11,78.2,40274.0
2024-10-28,79.0,80.0,77.0,77.0,86093.0
2024-10-29,77.2,78.8,76.1,77.24,25346.0
2024-10-30,77.66,79.5,74.0,76.5,123407.0
2024-10-31,76.0,77.0,74.5,74.5,177353.0
2024-11-01,75.0,76.25,73.8,73.8,21434.0
2024-11-04,74.5,76.0,73.5,73.5,31046.0
2024-11-05,74.89,75.5,74.08,74.08,7947.0
2024-11-07,75.5,76.5,74.5,74.52,17587.0
2024-11-08,75.5,77.0,75.0,76.0,78808.0
2024-11-11,76.96,77.53,75.02,75.02,40962.0
2024-11-12,75.5,76.8,75.0,75.0,27563.0
2024-11-13,75.0,75.99,74.7,75.0,6968.0
2024-11-14,75.48,75.48,73.5,74.0,57769.0
2024-11-15,74.0,76.4,74.0,74.51,54897.0
2024-11-19,75.02,75.99,74.5,74.5,33293.0
2024-11-20,74.0,75.25,74.0,74.6,33181.0
2024-11-21,74.75,74.75,72.8,73.08,101050.0
2024-11-22,73.03,74.25,72.9,72.9,71202.0
2024-11-25,73.0,73.39,71.5,71.6,59851.0
2024-11-26,72.5,75.0,70.8,73.91,85436.0
2024-11-27,73.98,75.3,71.88,71.88,78186.0
2024-11-28,72.2,73.43,71.88,72.1,69709.0
2024-11-29,73.0,75.49,72.82,75.48,302062.0
2024-12-02,72.05,73.49,70.5,72.99,77229.0
2024-12-03,72.7,74.94,72.0,73.97,72662.0
2024-12-04,73.99,74.49,73.6,73.6,30102.0
2024-12-05,74.2,74.39,73.0,73.01,73175.0
2024-12-06,73.48,73.48,72.4,72.7,65901.0
2024-12-09,73.0,73.95,72.61,73.65,44110.0
2024-12-10,73.8,80.05,73.5,78.7,414303.0
2024-12-11,84.0,84.0,80.0,80.45,286107.0
2024-12-12,80.2,80.89,78.0,78.0,90743.0
2024-12-13,78.0,79.1,76.9,78.86,200442.0
2024-12-16,78.99,81.35,78.99,79.9,101863.0
2024-12-17,80.0,81.99,79.45,79.45,84295.0
2024-12-18,79.45,80.88,78.9,80.0,46085.0
2024-12-19,78.8,80.0,77.61,77.99,77002.0
2024-12-20,77.31,77.9,76.3,76.66,74004.0
2024-12-23,77.8,77.8,75.0,76.98,82205.0
2024-12-24,76.99,76.99,75.21,75.95,40866.0
2024-12-25,75.01,76.0,75.0,75.3,75985.0
2024-12-26,75.95,76.69,74.8,76.0,96773.0
2024-12-27,76.25,77.0,75.0,76.0,79091.0
2024-12-30,76.5,76.99,75.91,76.75,121310.0
2024-12-31,76.74,76.74,74.0,75.2,93430.0
2025-01-02,76.29,79.99,76.29,78.69,224212.0
2025-01-03,79.4,79.99,76.7,77.0,329909.0
2025-01-06,78.0,79.4,77.5,77.98,198114.0
2025-01-07,77.93,81.5,77.0,81.5,161942.0
2025-01-08,85.0,89.64,85.0,89.64,542083.0
2025-01-09,95.9,98.5,90.0,91.0,805534.0
2025-01-10,91.98,93.46,86.9,87.61,255066.0
2025-01-13,86.25,89.77,86.25,89.0,71191.0
2025-01-15,89.5,94.77,89.5,94.77,168582.0
2025-01-16,97.0,104.2,96.5,104.2,592900.0
2025-01-17,105.9,114.6,105.05,114.6,539679.0
2025-01-20,120.1,126.0,118.0,119.5,560525.0
2025-01-21,118.0,118.9,111.0,113.0,389069.0
2025-01-22,114.0,120.1,108.0,120.1,327092.0
2025-01-23,125.2,125.2,121.1,123.0,239066.0
2025-01-24,121.5,123.0,112.0,117.0,360386.0
2025-01-27,114.0,118.0,113.55,115.5,162641.0
2025-01-28,116.5,116.5,114.6,115.6,73231.0
2025-01-29,116.85,120.0,115.0,118.9,83777.0
2025-01-30,119.5,119.95,116.3,116.3,67327.0
2025-01-31,116.0,116.75,110.4,113.0,110126.0
2025-02-03,112.9,112.9,109.7,110.75,63963.0
2025-02-04,111.2,115.9,111.2,113.1,222748.0
2025-02-05,115.85,115.9,113.0,115.0,85267.0
2025-02-06,114.95,115.0,113.8,114.0,17711.0
2025-02-07,114.95,115.35,113.5,115.0,78061.0
2025-02-10,115.0,115.6,113.0,114.8,35537.0
2025-02-11,115.0,115.0,112.0,112.0,40150.0
2025-02-12,112.0,113.0,109.0,110.0,145742.0
2025-02-13,110.15,117.0,109.5,116.0,208480.0
2025-02-14,122.0,122.0,117.0,117.0,195968.0
2025-02-17,119.0,120.0,117.1,118.0,50713.0
2025-02-18,119.45,119.45,115.95,115.95,87002.0
2025-02-19,117.0,118.7,114.0,118.0,164745.0
2025-02-20,118.0,119.8,116.2,117.0,90192.0
2025-02-21,117.95,125.0,117.5,122.0,194624.0
2025-02-24,127.0,132.0,125.1,128.0,278340.0
2025-02-25,128.8,130.9,126.0,130.0,163868.0
2025-02-26,131.45,132.9,126.3,126.3,142579.0
2025-02-27,126.7,126.7,118.5,124.0,125864.0
2025-02-28,122.0,130.0,115.2,115.2,281110.0
2025-03-03,112.0,118.0,111.7,115.85,75660.0
2025-03-04,115.85,117.0,113.0,113.0,36289.0
2025-03-05,113.0,114.65,111.8,113.0,70435.0
2025-03-06,115.0,119.0,114.1,115.0,57128.0
2025-03-07,114.4,116.8,114.4,114.6,28708.0
2025-03-10,115.0,117.9,115.0,115.0,46546.0
2025-03-11,116.0,116.0,113.5,114.2,67096.0
2025-03-12,114.9,116.0,110.7,112.75,96595.0
2025-03-13,112.0,114.0,112.0,112.95,31393.0
2025-03-14,113.0,115.75,113.0,114.0,21288.0
2025-03-17,115.0,116.8,113.2,116.4,82294.0
2025-03-18,116.8,116.8,114.5,114.8,49359.0
2025-03-19,117.7,117.7,114.05,114.05,61318.0
2025-03-20,114.05,115.7,111.0,115.0,69085.0
2025-03-21,115.1,115.3,113.0,114.8,59528.0
2025-03-24,115.0,115.0,114.0,114.0,47503.0
2025-03-25,114.75,115.0,113.7,113.7,70023.0
2025-03-26,114.0,114.0,112.3,112.3,39997.0
2025-03-27,112.7,113.9,108.0,113.9,168914.0
2025-03-28,112.0,115.0,111.0,115.0,115774.0
2025-04-02,112.1,115.6,112.1,115.0,161565.0
2025-04-03,116.0,116.8,111.0,112.0,78779.0
2025-04-04,112.0,113.0,108.1,111.85,99226.0
2025-04-07,105.0,107.55,100.7,100.7,269418.0
2025-04-08,102.0,105.6,96.02,101.8,179969.0
2025-04-09,95.5,104.4,92.5,98.0,365553.0
2025-04-10,106.95,106.95,106.95,106.95,132003.0
2025-04-11,102.1,102.1,97.2,97.7,115010.0
2025-04-14,99.66,105.0,99.1,105.0,156826.0
2025-04-15,107.15,111.9,107.0,110.5,91569.0
2025-04-16,112.0,113.9,109.0,111.25,164165.0
2025-04-17,109.6,111.8,109.5,109.9,30636.0
2025-04-18,109.95,111.7,108.75,111.0,116632.0
2025-04-21,110.9,113.9,110.4,111.0,59380.0
2025-04-22,111.0,112.55,110.0,110.15,26599.0
2025-04-23,111.0,112.8,110.65,112.2,43832.0
2025-04-24,113.0,116.9,113.0,116.0,250206.0
2025-04-25,116.0,117.45,114.2,116.0,38176.0
2025-04-28,116.4,116.4,114.35,114.45,11000.0
2025-04-29,112.1,114.9,111.0,111.0,59675.0
2025-04-30,111.7,112.95,102.0,102.0,330068.0
2025-05-02,100.0,103.3,98.0,102.0,161402.0
2025-05-05,103.3,104.75,102.5,104.0,7307.0
2025-05-06,105.0,108.0,104.0,104.0,38651.0
2025-05-07,106.0,106.0,103.0,103.0,22414.0
2025-05-08,101.0,103.0,96.0,96.89,236050.0
2025-05-09,96.8,99.7,95.0,95.0,121833.0
2025-05-12,95.1,99.5,95.1,99.0,123146.0
2025-05-13,99.15,100.7,96.5,96.8,46182.0
2025-05-14,96.15,97.7,95.0,96.47,85628.0
2025-05-15,96.0,98.0,96.0,96.0,48869.0
2025-05-16,97.49,97.49,95.0,96.0,79060.0
2025-05-19,95.01,95.89,93.1,95.0,75606.0
2025-05-20,94.5,98.99,93.18,96.55,153042.0
2025-05-21,99.0,99.0,96.7,97.0,34091.0
2025-05-22,97.0,99.0,96.0,96.0,41136.0
2025-05-23,97.98,97.98,95.1,97.0,22897.0
2025-05-26,95.0,97.7,95.0,96.0,32432.0
2025-05-27,96.0,96.9,95.02,96.01,19376.0
2025-05-28,96.21,97.0,95.5,96.0,8227.0
2025-05-29,95.55,99.49,95.55,98.7,86221.0
2025-05-30,99.0,102.0,96.04,101.0,110752.0
2025-06-02,103.1,103.9,101.2,103.9,46597.0
2025-06-03,104.85,105.9,102.0,102.25,25251.0
2025-06-04,102.0,103.5,100.0,103.5,71639.0
2025-06-05,103.9,113.8,102.1,113.8,177210.0
2025-06-06,113.85,119.0,111.1,112.8,149511.0
2025-06-10,112.0,117.8,111.2,117.15,236500.0
2025-06-11,119.0,119.2,115.1,117.95,158843.0
2025-06-12,116.05,117.25,114.15,115.35,70344.0
2025-06-13,108.0,113.0,103.85,108.2,310948.0
2025-06-16,107.1,109.6,105.05,108.5,54046.0
2025-06-17,108.85,111.9,107.5,110.0,65117.0
2025-06-18,110.0,110.5,105.1,107.7,47415.0
2025-06-19,105.2,107.0,100.0,105.0,81812.0
2025-06-20,106.8,112.85,106.8,111.1,194069.0
2025-06-23,111.65,116.95,110.0,116.8,268057.0
2025-06-24,120.1,123.7,120.1,123.05,167271.0
2025-06-25,123.7,126.8,121.0,122.9,270628.0
2025-06-26,124.95,124.95,121.5,122.9,79021.0
2025-06-30,122.5,126.0,119.0,125.0,99306.0
2025-07-01,125.05,128.0,125.05,126.6,151489.0
2025-07-02,126.3,127.0,123.1,123.75,45121.0
2025-07-03,123.5,126.5,122.25,124.05,67976.0
2025-07-04,126.0,132.0,124.1,132.0,279047.0
2025-07-07,135.0,136.95,133.5,134.0,101117.0
2025-07-08,134.0,134.0,129.5,131.55,51012.0
2025-07-09,131.0,131.0,128.3,128.5,72554.0
2025-07-10,129.8,133.0,125.35,130.2,71572.0
2025-07-11,132.0,132.5,130.0,132.0,26270.0
2025-07-14,132.0,132.0,129.1,131.7,30550.0
2025-07-15,130.9,131.0,128.35,129.0,32178.0
2025-07-16,129.0,131.8,127.25,127.6,14058.0
2025-07-17,128.0,140.35,127.75,140.35,323085.0
2025-07-18,142.9,146.0,141.0,142.2,143840.0
2025-07-21,141.5,147.9,140.0,146.1,87803.0
2025-07-22,148.0,148.1,144.0,146.45,33413.0
2025-07-23,145.5,146.0,142.05,143.0,52726.0
2025-07-24,143.0,144.5,140.6,142.0,53425.0
2025-07-25,141.6,146.4,141.6,144.0,90050.0
2025-07-28,144.0,145.0,142.1,142.1,53408.0
2025-07-29,143.2,143.2,141.4,141.75,29950.0
2025-07-31,141.0,143.0,140.1,141.8,89365.0
2025-08-01,142.8,142.8,139.8,139.8,55935.0
2025-08-04,136.3,141.95,136.3,141.5,50339.0
2025-08-05,142.5,146.6,141.5,141.5,112455.0
2025-08-06,143.5,144.0,141.5,142.9,58799.0
2025-08-07,143.5,148.85,141.55,147.5,235768.0
2025-08-08,146.15,153.0,146.15,152.7,136719.0
2025-08-11,155.1,156.6,150.2,150.25,72402.0
2025-08-12,148.1,154.0,148.1,153.85,44813.0
2025-08-13,154.0,154.3,150.2,153.85,29799.0
2025-08-15,153.85,156.8,150.6,152.0,56805.0
2025-08-18,151.9,153.0,149.85,149.85,43733.0
2025-08-19,148.9,150.95,146.0,149.0,48599.0
2025-08-22,149.9,151.0,147.0,150.0,23834.0
2025-08-25,148.1,154.9,148.0,154.6,94817.0
2025-08-26,155.0,158.85,155.0,156.7,180151.0
2025-08-27,157.0,159.9,153.1,159.9,123810.0
2025-08-28,162.05,163.0,153.85,155.9,121863.0
2025-08-29,155.0,156.85,151.1,152.0,132210.0
2025-09-01,160.15,163.0,156.0,163.0,369615.0
2025-09-02,165.1,169.0,164.0,165.05,158660.0
2025-09-03,164.0,164.7,162.05,162.4,156760.0
2025-09-04,162.0,163.9,160.05,160.05,44400.0
2025-09-08,158.9,164.75,157.1,162.05,70871.0
2025-09-09,163.0,164.75,157.0,157.9,127369.0
2025-09-10,158.0,163.5,158.0,162.5,133167.0
2025-09-11,165.0,174.0,165.0,174.0,197050.0
2025-09-12,181.1,185.0,178.1,182.75,195914.0
2025-09-15,185.0,188.9,184.3,186.2,236633.0
2025-09-16,186.0,194.85,185.0,193.9,139496.0
2025-09-17,195.05,199.4,185.0,185.0,140011.0
2025-09-18,185.0,189.5,181.55,184.0,63302.0
2025-09-19,186.9,186.9,174.2,175.0,208446.0
2025-09-22,179.0,183.7,172.7,181.0,104701.0
2025-09-23,183.35,185.0,176.2,180.0,43904.0
2025-09-24,179.4,182.7,175.0,179.0,46276.0
2025-09-25,179.0,181.0,176.0,178.0,27844.0
2025-09-26,177.0,178.9,172.0,172.4,47446.0
2025-09-29,172.55,180.0,172.55,174.2,51946.0
2025-09-30,172.3,177.0,160.0,177.0,158499.0
2025-10-01,170.0,174.0,165.0,165.0,126021.0
2025-10-02,155.5,165.0,148.9,160.0,209949.0
2025-10-03,166.7,174.6,166.0,173.8,80403.0
2025-10-06,178.9,188.7,178.9,185.0,66407.0
2025-10-07,190.0,190.5,185.0,185.9,82950.0
2025-10-08,181.0,185.0,179.1,184.0,36070.0
2025-10-09,183.0,184.9,179.5,179.7,28522.0
2025-10-10,179.7,182.0,176.0,178.0,62563.0
2025-10-13,181.0,181.0,173.0,173.0,34087.0
2025-10-14,174.0,177.0,163.5,166.9,106155.0
2025-10-15,163.0,169.0,160.8,165.0,98832.0
2025-10-16,168.0,170.0,165.0,169.1,56651.0
2025-10-17,169.45,170.9,168.0,168.1,44374.0
2025-10-20,170.9,175.3,170.9,173.9,27929.0
2025-10-21,175.5,180.0,175.0,180.0,46560.0
2025-10-22,181.0,186.5,180.0,184.9,58679.0
2025-10-23,184.45,186.65,181.0,184.3,75724.0
2025-10-24,183.9,186.25,183.9,186.0,39995.0
2025-10-27,186.1,192.0,185.0,192.0,107298.0
2025-10-28,194.0,200.0,194.0,195.4,284601.0
2025-10-29,195.45,197.0,190.0,190.0,137859.0
2025-10-30,190.05,192.5,186.0,190.0,56957.0
2025-10-31,190.0,194.95,188.55,190.0,104911.0
2025-11-03,193.0,197.0,187.0,187.85,87926.0
2025-11-04,188.5,190.8,185.15,188.0,30368.0
2025-11-05,187.1,189.5,178.0,180.0,298006.0
2025-11-07,180.0,182.0,172.5,174.0,72292.0
2025-11-10,179.0,179.0,174.1,175.65,12294.0
2025-11-11,175.65,192.3,170.6,180.0,273997.0
2025-11-12,180.0,183.5,178.0,179.0,113025.0
2025-11-13,180.95,181.4,179.3,180.1,28072.0
2025-11-14,182.0,183.0,180.0,181.0,31879.0
2025-11-17,180.0,182.0,176.5,176.5,16885.0
2025-11-19,170.0,174.0,167.7,170.15,36816.0
2025-11-20,171.1,173.0,170.0,172.3,6998.0
2025-11-21,171.9,173.9,165.3,173.9,22113.0
2025-11-24,173.9,176.5,172.0,174.0,8744.0
2025-11-25,174.4,175.95,171.6,172.5,7807.0
2025-11-26,172.2,178.6,172.2,178.6,20012.0
2025-11-27,178.8,186.5,178.0,180.4,83859.0
2025-11-28,185.2,185.95,177.05,177.05,33410.0
2025-12-01,178.0,179.0,175.0,175.7,13958.0
2025-12-02,175.6,177.3,173.0,174.5,13319.0
2025-12-03,177.7,177.7,174.0,175.45,9697.0
2025-12-04,174.2,176.5,173.05,173.05,12009.0
2025-12-05,173.0,179.4,171.5,179.4,27430.0
2025-12-08,177.2,179.9,176.1,177.0,7553.0
2025-12-09,179.0,179.0,174.0,177.0,6088.0
2025-12-10,178.4,178.4,175.0,178.0,1706.0
2025-12-11,178.5,179.9,175.1,175.1,15962.0
2025-12-12,176.0,178.3,175.5,178.0,40176.0
2025-12-15,176.2,177.5,175.0,175.0,50682.0
2025-12-16,176.0,176.0,173.0,173.5,15578.0
2025-12-17,175.0,175.5,173.0,173.0,51263.0
2025-12-18,175.0,176.7,173.0,175.0,30753.0
2025-12-19,176.0,176.0,173.0,173.0,32190.0
2025-12-22,175.0,175.85,171.1,173.0,9360.0
2025-12-23,174.95,174.95,168.05,170.0,23671.0
2025-12-24,170.0,172.95,167.0,167.0,37049.0
2025-12-25,167.0,168.95,165.0,165.0,32509.0
2025-12-26,165.0,167.5,165.0,165.0,293112.0
2025-12-29,164.0,166.95,158.0,158.5,45568.0
2025-12-30,159.95,166.95,158.5,158.9,73709.0
2025-12-31,160.0,164.8,158.7,161.0,82237.0
2026-01-02,164.9,173.6,162.1,172.95,76348.0
2026-01-05,172.5,180.0,170.8,179.0,82173.0
2026-01-06,180.0,181.95,178.0,178.0,135076.0
2026-01-07,177.9,178.0,173.55,174.0,27068.0
2026-01-08,173.0,175.0,169.0,169.95,41436.0
2026-01-09,169.7,171.0,167.0,167.5,40671.0
2026-01-12,167.5,172.5,166.5,169.0,82546.0
2026-01-13,167.0,168.95,167.0,167.9,11744.0
2026-01-15,166.35,167.8,164.0,165.0,37484.0
2026-01-16,163.0,168.6,162.3,163.0,16279.0
2026-01-19,164.0,167.0,163.0,165.5,8647.0
2026-01-20,166.75,166.75,158.0,159.45,50347.0
2026-01-21,158.0,163.0,156.0,160.05,40568.0
2026-01-22,161.6,166.0,161.2,161.3,37120.0
2026-01-23,161.55,163.95,157.0,160.0,50329.0
2026-01-26,158.0,158.0,151.6,157.7,46778.0
2026-01-27,158.0,158.35,154.0,157.15,12905.0
2026-01-28,160.0,168.9,160.0,167.0,65229.0
2026-01-29,167.0,167.0,160.55,163.8,114527.0
2026-01-30,163.0,163.0,157.0,160.1,28256.0
2026-02-02,160.0,161.95,155.15,157.9,12355.0
2026-02-03,158.8,161.0,156.0,157.0,11398.0
2026-02-04,158.0,159.0,154.0,158.4,3717.0
2026-02-05,155.0,157.8,149.55,151.55,108026.0
2026-02-06,151.5,155.0,146.05,155.0,260927.0
2026-02-09,157.0,157.0,150.3,152.0,11371.0
2026-02-10,152.1,153.0,149.5,152.2,9215.0
2026-02-11,150.1,152.5,148.0,149.0,47679.0
2026-02-12,150.0,154.0,150.0,150.3,16181.0
2026-02-13,151.9,156.85,151.05,151.05,119966.0
2026-02-16,152.3,158.0,152.3,156.45,37640.0
2026-02-17,154.7,157.85,154.0,155.0,40131.0
2026-02-18,156.4,170.45,155.5,170.45,273194.0
2026-02-19,171.5,176.0,165.0,165.0,54218.0
2026-02-20,164.2,166.0,161.25,161.25,80965.0
2026-02-23,162.0,166.5,160.35,164.0,67823.0
2026-02-24,165.0,165.8,161.5,161.5,20481.0
2026-02-25,162.0,163.5,158.35,158.6,37836.0
2026-02-26,158.6,160.6,154.0,156.7,42200.0
2026-02-27,157.05,171.0,157.0,158.8,127346.0
2026-03-02,143.0,150.0,142.95,142.95,262946.0
2026-03-03,140.2,140.2,128.7,128.7,320774.0
2026-03-04,133.0,139.95,133.0,138.85,125949.0
2026-03-05,140.5,146.8,140.5,145.2,56952.0
2026-03-06,145.4,148.0,136.0,138.0,69640.0
2026-03-09,132.0,134.5,129.2,134.0,43194.0
2026-03-10,144.9,144.9,140.0,143.7,57556.0
2026-03-11,143.0,143.0,139.0,140.5,10949.0
2026-03-12,141.9,143.0,140.0,141.4,24815.0
2026-03-13,140.0,142.9,137.05,137.05,84283.0
2026-03-16,136.3,139.0,133.5,139.0,15212.0
2026-03-17,140.15,140.75,139.1,140.1,5209.0
2026-03-18,141.8,143.5,139.5,140.3,24988.0
2026-03-19,139.9,139.9,136.65,138.0,49182.0
2026-03-24,141.0,141.0,138.1,141.0,27380.0
2026-03-25,142.0,149.95,140.15,149.25,696118.0
2026-03-26,149.0,149.0,143.55,144.85,21037.0
2026-03-27,145.45,146.5,141.1,143.5,49197.0
