Time,Open,High,Low,Close,Volume
2012-03-26,201.0,201.05,201.0,201.0,33.0
2012-03-28,201.0,202.0,201.0,201.0,373.0
2012-03-29,211.5,211.5,208.8,211.5,30.0
2012-03-30,201.05,209.89999,201.05,201.05,199.0
2012-04-02,201.05,208.0,201.05,201.05,56.0
2012-04-03,202.05,202.05,202.05,202.05,204.0
2012-04-04,202.0,202.0,202.0,202.0,48.0
2012-04-05,202.05,202.05,202.0,202.05,2.0
2012-04-06,203.0,203.0,203.0,203.0,110.0
2012-04-13,197.3,197.3,197.3,197.3,91.0
2012-04-16,196.0,196.0,196.0,196.0,27.0
2012-04-17,207.5,207.5,197.0,207.5,22.0
2012-04-18,208.0,208.0,208.0,208.0,30.0
2012-04-19,208.85001,208.85001,198.05,208.85001,18.0
2012-04-20,208.89999,208.89999,200.0,208.89999,95.0
2012-04-24,208.3,208.3,208.3,208.3,868.0
2012-04-25,201.0,201.7,201.0,201.0,40.0
2012-04-26,200.5,200.5,200.5,200.5,650.0
2012-04-27,188.5,200.0,188.5,188.5,2806.0
2012-04-30,199.39999,199.39999,199.39999,199.39999,30.0
2012-05-03,188.0,188.0,188.0,188.0,274.0
2012-05-04,187.5,188.10001,187.5,187.5,121.0
2012-05-07,180.0,181.2,180.0,180.0,108.0
2012-05-08,180.0,181.0,180.0,180.0,36.0
2012-05-11,177.5,187.0,177.5,177.5,688.0
2012-05-15,178.0,178.0,167.0,178.0,175.0
2012-05-16,188.64999,188.64999,168.55,188.64999,1340.0
2012-05-18,190.0,190.0,190.0,190.0,1.0
2012-05-22,189.8,189.8,180.0,189.8,110.0
2012-05-25,187.5,187.5,179.0,187.5,1201.0
2012-05-29,187.0,187.0,180.0,187.0,31.0
2012-05-30,186.89999,186.89999,176.60001,186.89999,15001.0
2012-06-04,181.0,181.0,181.0,181.0,92.0
2012-06-05,181.0,181.0,170.14999,181.0,87.0
2012-06-11,180.0,180.0,179.89999,180.0,100.0
2012-06-12,176.0,177.0,176.0,176.0,100.0
2012-06-13,176.0,176.0,176.0,176.0,400.0
2012-06-15,180.0,180.0,170.5,180.0,102.0
2012-06-18,178.89999,178.89999,170.5,178.89999,248.0
2012-06-19,178.89999,178.89999,176.0,178.89999,113.0
2012-06-20,179.0,179.0,178.89999,179.0,50.0
2012-06-22,170.0,175.0,170.0,170.0,499.0
2012-06-25,170.0,177.5,170.0,170.0,101.0
2012-06-26,169.5,170.10001,169.5,169.5,154.0
2012-06-27,170.0,170.0,170.0,170.0,100.0
2012-06-28,169.0,169.89999,168.0,169.0,25078.0
2012-06-29,166.5,170.0,160.25,166.5,305.0
2012-07-02,157.0,160.39999,156.55,157.0,830.0
2012-07-03,157.0,165.0,156.5,157.0,3520.0
2012-07-04,157.0,160.0,157.0,157.0,6561.0
2012-07-05,156.0,159.0,156.0,156.0,401.0
2012-07-06,159.0,159.0,159.0,159.0,150.0
2012-07-10,159.0,159.0,158.0,159.0,1359.0
2012-07-11,159.0,159.0,159.0,159.0,10.0
2012-07-12,164.0,164.0,160.0,164.0,285.0
2012-07-13,162.0,162.0,157.0,162.0,1021.0
2012-07-16,152.3,162.0,152.3,152.3,3004.0
2012-07-17,152.5,159.39999,152.5,152.5,4203.0
2012-07-18,149.95,152.60001,143.35001,149.95,14178.0
2012-07-19,151.85001,153.0,145.0,151.85001,1703.0
2012-07-20,144.0,152.8,143.39999,144.0,11847.0
2012-07-23,148.5,149.39999,144.0,148.5,52691.0
2012-07-24,157.39999,157.39999,149.0,157.39999,17240.0
2012-07-25,163.0,166.8,162.3,163.0,28410.0
2012-07-26,155.0,169.8,155.0,155.0,5293.0
2012-07-27,153.95,154.0,147.0,153.95,1053.0
2012-07-31,147.10001,157.0,147.05,147.10001,9364.0
2012-08-01,152.0,152.0,147.10001,152.0,303.0
2012-08-02,152.89999,153.35001,147.10001,152.89999,819.0
2012-08-03,151.05,158.0,146.0,151.05,1785.0
2012-08-06,152.0,152.5,146.5,152.0,196.0
2012-08-07,154.0,154.0,150.25,154.0,20.0
2012-08-08,152.0,152.0,148.0,152.0,248.0
2012-08-09,154.0,154.0,148.5,154.0,9.0
2012-08-10,154.0,155.0,152.0,154.0,552.0
2012-08-13,153.85001,153.95,149.14999,153.85001,16.0
2012-08-15,153.89999,154.95,149.14999,153.89999,14.0
2012-08-16,153.0,153.0,149.0,153.0,181.0
2012-08-17,152.0,152.0,147.0,152.0,384.0
2012-08-22,151.85001,151.85001,147.0,151.85001,9.0
2012-08-23,144.0,148.0,144.0,144.0,2535.0
2012-08-24,144.0,145.0,144.0,144.0,609.0
2012-08-27,144.0,144.0,144.0,144.0,577.0
2012-08-28,144.0,144.0,144.0,144.0,200.0
2012-08-29,143.0,144.0,143.0,143.0,30.0
2012-08-30,144.0,144.0,140.0,144.0,712.0
2012-08-31,144.0,144.0,136.0,144.0,9448.0
2012-09-03,143.0,144.0,143.0,143.0,276.0
2012-09-04,145.95,145.95,145.95,145.95,2.0
2012-09-05,147.0,147.0,145.0,147.0,242.0
2012-09-07,147.0,147.0,140.0,147.0,102.0
2012-09-10,146.89999,146.89999,140.0,146.89999,27.0
2012-09-11,146.7,146.7,144.05,146.7,7.0
2012-09-12,144.0,144.05,144.0,144.0,106.0
2012-09-13,135.39999,137.0,135.39999,135.39999,20526.0
2012-09-14,133.0,138.95,130.0,133.0,523.0
2012-09-17,132.95,133.8,128.2,132.95,312.0
2012-09-18,130.0,130.0,130.0,130.0,170.0
2012-09-19,128.95,128.95,126.8,128.95,299.0
2012-09-20,128.95,128.95,128.95,128.95,2.0
2012-09-21,128.0,128.0,128.0,128.0,3.0
2012-09-24,125.0,125.0,120.95,125.0,475.0
2012-09-25,126.0,126.0,120.5,126.0,14.0
2012-09-26,126.0,126.0,121.0,126.0,1186.0
2012-09-27,127.0,127.0,121.3,127.0,42.0
2012-09-28,119.4,122.05,119.4,119.4,7121.0
2012-10-01,116.0,119.0,113.05,116.0,573.0
2012-10-02,120.0,120.0,116.0,120.0,3784.0
2012-10-03,116.0,116.0,116.0,116.0,3.0
2012-10-04,122.95,122.95,120.0,122.95,13154.0
2012-10-05,127.9,127.9,123.0,127.9,20.0
2012-10-08,132.0,135.5,126.1,132.0,1209.0
2012-10-09,136.5,136.5,135.0,136.5,998.0
2012-10-10,128.35001,128.35001,128.35001,128.35001,147.0
2012-10-11,136.0,136.0,135.5,136.0,20.0
2012-10-12,127.85,134.5,127.85,127.85,161.0
2012-10-15,133.8,134.0,120.2,133.8,93.0
2012-10-18,126.0,130.0,126.0,126.0,973.0
2012-10-19,119.0,119.0,119.0,119.0,533.0
2012-10-22,115.0,126.1,115.0,115.0,5.0
2012-10-23,117.0,121.5,115.1,117.0,628.0
2012-10-24,120.15,124.0,120.15,120.15,169.0
2012-10-25,120.0,127.35,120.0,120.0,547.0
2012-10-29,120.0,126.4,120.0,120.0,46.0
2012-10-30,126.45,126.45,126.45,126.45,1.0
2012-10-31,121.1,130.0,121.1,121.1,203.0
2012-11-02,127.9,128.0,127.9,127.9,10.0
2012-11-07,123.25,123.25,123.0,123.25,86.0
2012-11-08,123.3,123.3,123.3,123.3,1.0
2012-11-09,125.0,125.0,124.0,125.0,1372.0
2012-11-12,130.0,130.0,125.0,130.0,2347.0
2012-11-13,130.0,132.0,130.0,130.0,805.0
2012-11-14,127.0,127.0,127.0,127.0,55.0
2012-11-15,127.1,127.1,127.1,127.1,50.0
2012-11-19,127.5,127.5,127.5,127.5,31.0
2012-11-20,125.0,127.5,125.0,125.0,690.0
2012-11-21,121.0,129.89999,121.0,121.0,2588.0
2012-11-22,121.2,128.2,121.2,121.2,2884.0
2012-11-23,127.9,127.9,127.9,127.9,2.0
2012-11-26,132.0,132.0,127.8,132.0,300.0
2012-11-27,132.0,134.5,125.0,132.0,2907.0
2012-11-28,131.0,134.39999,131.0,131.0,741.0
2012-11-29,131.0,134.2,125.5,131.0,674.0
2012-11-30,131.0,131.0,126.1,131.0,78.0
2012-12-03,126.5,126.5,126.5,126.5,4.0
2012-12-04,126.6,126.6,126.6,126.6,16.0
2012-12-06,126.7,126.7,126.7,126.7,1.0
2012-12-07,126.25,126.75,126.25,126.25,93.0
2012-12-10,125.0,125.75,125.0,125.0,50.0
2012-12-11,125.0,125.0,125.0,125.0,234.0
2012-12-14,132.0,132.0,130.45,132.0,100.0
2012-12-17,131.8,131.8,131.8,131.8,10.0
2012-12-20,130.0,130.0,130.0,130.0,96.0
2012-12-21,124.0,127.0,124.0,124.0,503.0
2012-12-24,120.0,129.0,120.0,120.0,336.0
2012-12-25,120.0,120.0,120.0,120.0,85.0
2012-12-26,120.0,120.0,118.25,120.0,6600.0
2012-12-27,118.25,120.0,118.25,118.25,475021.0
2012-12-28,118.0,118.25,114.3,118.0,1048.0
2012-12-31,117.9,117.9,117.9,117.9,15.0
2013-01-02,115.0,115.0,115.0,115.0,15.0
2013-01-03,118.0,118.0,114.05,118.0,779.0
2013-01-08,115.0,115.05,115.0,115.0,150.0
2013-01-10,115.0,115.0,115.0,115.0,700.0
2013-01-14,120.0,120.0,120.0,120.0,100.0
2013-01-16,113.15,115.0,113.0,113.15,12839.0
2013-01-17,115.0,115.0,114.95,115.0,465.0
2013-01-18,113.0,113.05,113.0,113.0,3351.0
2013-01-22,118.4,118.4,118.4,118.4,1.0
2013-01-23,118.0,118.0,111.3,118.0,390.0
2013-01-30,111.0,115.0,111.0,111.0,5000.0
2013-01-31,111.05,111.25,111.05,111.05,130.0
2013-02-05,110.05,110.05,110.0,110.05,703.0
2013-02-06,112.0,112.0,112.0,112.0,1.0
2013-02-07,112.0,112.05,112.0,112.0,100.0
2013-02-08,117.45,117.45,112.0,117.45,527.0
2013-02-11,113.0,118.0,113.0,113.0,130.0
2013-02-13,119.75,119.75,111.0,119.75,582.0
2013-02-14,123.0,123.0,120.0,123.0,242.0
2013-02-15,121.0,121.0,112.5,121.0,532.0
2013-02-18,121.0,121.0,116.0,121.0,101.0
2013-02-19,116.0,121.0,116.0,116.0,103.0
2013-02-20,120.9,120.9,112.1,120.9,41.0
2013-02-21,120.75,120.75,113.65,120.75,2.0
2013-02-22,113.6,120.7,113.55,113.55,261.0
2013-02-25,113.55,119.85,113.55,115.0,2203.0
2013-02-26,119.85,119.85,113.7,119.85,3.0
2013-03-01,113.05,120.45,113.05,120.45,31.0
2013-03-07,114.0,119.75,114.0,119.75,90.0
2013-03-08,113.0,119.7,113.0,113.1,30684.0
2013-03-12,111.5,111.5,111.5,111.5,1150.0
2013-03-13,111.25,117.85,105.0,110.05,479.0
2013-03-14,116.65,116.65,110.2,116.65,54.0
2013-03-15,114.95,116.65,110.25,115.0,1261.0
2013-03-18,111.55,117.5,111.55,111.6,5.0
2013-03-19,111.5,117.45,111.5,117.45,4.0
2013-03-20,117.0,120.0,117.0,120.0,3376.0
2013-03-21,120.0,120.0,120.0,120.0,229.0
2013-03-22,117.0,120.0,117.0,120.0,651.0
2013-03-25,117.0,120.0,117.0,120.0,8.0
2013-03-27,117.0,120.0,117.0,117.0,373.0
2013-03-28,120.0,120.3,117.0,120.3,166.0
2013-03-29,117.0,127.0,117.0,127.0,11310.0
2013-04-02,130.0,130.0,130.0,130.0,81.0
2013-04-03,127.0,130.0,127.0,130.0,40.0
2013-04-04,130.0,130.0,127.0,130.0,3478.0
2013-04-05,128.5,132.0,128.5,130.10001,3928.0
2013-04-08,132.89999,137.89999,131.0,135.0,1152.0
2013-04-09,139.95,148.5,134.0,148.5,3829.0
2013-04-10,149.5,150.0,143.10001,150.0,293.0
2013-04-11,149.5,156.5,145.0,155.8,4525.0
2013-04-12,156.45,163.5,150.10001,153.0,46466.0
2013-04-15,154.89999,161.0,150.0,157.0,9420.0
2013-04-16,151.0,158.0,150.0,158.0,2841.0
2013-04-17,159.0,162.0,152.5,161.0,3556.0
2013-04-18,161.0,161.0,161.0,161.0,421.0
2013-04-19,163.0,165.0,162.0,163.0,3471.0
2013-04-22,163.0,164.0,160.0,160.0,4879.0
2013-04-23,160.0,162.3,160.0,161.0,2685.0
2013-04-24,161.0,162.89999,153.10001,162.89999,2080.0
2013-04-25,162.89999,170.0,162.89999,168.95,17626.0
2013-04-26,168.95,185.8,168.95,185.8,49474.0
2013-04-29,189.0,195.60001,189.0,190.0,17568.0
2013-04-30,190.0,190.0,180.0,187.0,111.0
2013-05-02,178.14999,190.10001,178.14999,185.95,140.0
2013-05-03,180.0,182.95,180.0,180.55,797.0
2013-05-06,185.0,185.0,185.0,185.0,10.0
2013-05-07,176.05,183.0,176.05,183.0,11.0
2013-05-08,175.05,182.0,175.05,182.0,21.0
2013-05-09,175.05,182.0,175.0,182.0,376.0
2013-05-10,175.0,180.0,175.0,180.0,50.0
2013-05-14,172.3,180.0,169.2,169.25,682.0
2013-05-15,179.25,179.25,179.25,179.25,1.0
2013-05-17,174.89999,177.0,174.89999,177.0,122.0
2013-05-20,184.95,184.95,184.95,184.95,1.0
2013-05-24,166.5,183.95,166.5,183.95,126.0
2013-05-28,175.0,177.45,175.0,177.45,11009.0
2013-05-30,175.0,175.0,175.0,175.0,2340.0
2013-05-31,170.0,170.0,170.0,170.0,6.0
2013-06-03,180.0,180.0,180.0,180.0,1.0
2013-06-04,170.0,189.0,170.0,185.0,5117.0
2013-06-05,189.0,195.0,187.0,187.0,12180.0
2013-06-06,192.5,192.5,187.0,187.0,643.0
2013-06-07,185.10001,193.0,185.0,187.0,1361.0
2013-06-10,187.0,190.0,178.10001,190.0,664.0
2013-06-11,181.0,189.95,181.0,189.95,3030.0
2013-06-12,189.75,189.75,181.64999,186.0,2308.0
2013-06-13,188.45,200.0,184.10001,194.89999,114564.0
2013-06-14,190.0,199.89999,189.0,190.5,2217.0
2013-06-17,192.45,192.5,192.45,192.5,10.0
2013-06-18,190.0,204.05,186.0,204.05,4864.0
2013-06-19,200.0,214.0,200.0,208.0,10323.0
2013-06-20,212.95,215.89999,208.0,213.0,2256.0
2013-06-21,209.10001,210.0,207.0,207.0,1468.0
2013-06-24,207.0,211.95,204.0,211.64999,211.0
2013-06-25,211.75,213.0,202.0,202.0,3038.0
2013-06-26,211.0,211.0,190.5,197.2,353.0
2013-06-27,198.0,205.0,190.0,195.0,515824.0
2013-06-28,190.25,190.25,188.0,188.0,105.0
2013-07-01,188.0,199.0,188.0,199.0,213.0
2013-07-02,199.0,207.0,199.0,207.0,200.0
2013-07-05,197.0,200.0,197.0,200.0,201.0
2013-07-08,188.10001,199.0,188.10001,199.0,7.0
2013-07-09,199.0,199.0,199.0,199.0,7.0
2013-07-12,195.0,195.0,195.0,195.0,3.0
2013-07-15,195.0,195.0,195.0,195.0,10.0
2013-07-16,187.55,197.0,187.55,197.0,109542.0
2013-07-19,198.5,198.5,198.5,198.5,5.0
2013-07-22,198.85001,207.95,198.85001,207.89999,1517.0
2013-07-23,208.0,212.5,202.0,208.89999,6217.0
2013-07-24,209.8,209.8,209.8,209.8,13.0
2013-07-26,205.60001,207.0,203.0,207.0,569.0
2013-07-29,200.45,208.5,200.45,200.60001,3452.0
2013-07-31,200.60001,205.0,200.60001,205.0,3.0
2013-08-01,200.5,200.5,200.14999,200.14999,58.0
2013-08-02,200.14999,200.14999,196.0,196.0,29.0
2013-08-05,194.05,194.05,194.0,194.0,231.0
2013-08-07,194.05,195.5,194.05,195.5,3.0
2013-08-08,197.0,197.0,197.0,197.0,3.0
2013-08-12,196.75,208.0,196.75,206.10001,1018.0
2013-08-13,206.0,207.85001,203.05,207.45,30.0
2013-08-15,207.5,210.0,207.5,207.5,790.0
2013-08-19,207.45,207.45,206.2,206.2,51.0
2013-08-22,207.0,213.95,207.0,213.75,490.0
2013-08-23,209.3,213.55,206.3,213.55,17.0
2013-08-26,207.0,207.2,206.5,206.8,423.0
2013-08-27,206.95,206.95,203.5,203.5,19.0
2013-08-28,206.0,215.64999,206.0,210.0,4.0
2013-08-29,210.0,225.0,210.0,224.5,6336.0
2013-08-30,229.0,234.89999,218.25,228.0,386.0
2013-09-02,227.89999,235.0,225.0,235.0,15347.0
2013-09-03,235.0,244.85001,228.0,234.0,1498.0
2013-09-04,243.5,244.89999,243.5,244.89999,3528.0
2013-09-05,249.0,255.0,241.0,241.0,17979.0
2013-09-06,240.0,249.0,240.0,241.0,3385.0
2013-09-09,253.89999,260.0,247.0,250.7,11750.0
2013-09-10,253.95,257.70001,253.95,254.0,1808.0
2013-09-11,246.0,253.60001,246.0,253.5,1973.0
2013-09-13,253.60001,259.89999,246.5,246.5,4251.0
2013-09-16,241.0,246.2,241.0,246.2,36.0
2013-09-17,246.3,246.3,238.0,239.0,16670.0
2013-09-18,240.0,249.8,239.10001,249.5,86.0
2013-09-19,239.10001,240.0,239.10001,240.0,341.0
2013-09-20,237.5,244.0,237.0,240.0,371.0
2013-09-23,235.55,235.55,235.55,235.55,140.0
2013-09-24,234.5,234.55,234.5,234.5,112.0
2013-09-25,233.10001,233.10001,233.10001,233.10001,877.0
2013-09-26,232.10001,232.10001,232.10001,232.10001,200.0
2013-09-27,235.0,243.89999,233.05,234.85001,242.0
2013-09-30,234.95,234.95,226.0,232.85001,401.0
2013-10-01,225.10001,237.95,225.0,237.95,582.0
2013-10-02,230.0,230.0,224.25,225.0,443.0
2013-10-03,234.5,234.5,234.5,234.5,1.0
2013-10-04,237.7,244.8,227.05,227.05,4264.0
2013-10-07,228.05,228.05,228.0,228.0,20.0
2013-10-08,236.0,237.5,224.0,230.0,2069.0
2013-10-09,234.85001,234.85001,234.85001,234.85001,5.0
2013-10-10,225.0,225.10001,225.0,225.10001,659.0
2013-10-15,234.89999,238.60001,226.0,230.0,506.0
2013-10-21,225.64999,225.64999,225.64999,225.64999,600.0
2013-10-22,230.0,230.0,222.10001,222.10001,1503.0
2013-10-23,229.0,235.39999,229.0,235.39999,1223.0
2013-10-24,237.0,247.0,236.0,237.2,10224.0
2013-10-25,240.05,240.05,237.0,237.0,1074.0
2013-10-28,238.0,240.0,226.05,239.0,522.0
2013-10-29,231.0,241.8,231.0,241.8,166.0
2013-10-31,232.2,239.95,232.2,239.95,101.0
2013-11-01,230.5,231.0,230.0,231.0,135.0
2013-11-04,239.5,239.5,231.0,231.0,109.0
2013-11-07,230.10001,230.10001,230.10001,230.10001,61.0
2013-11-08,235.0,235.0,230.0,230.0,356.0
2013-11-11,227.3,233.89999,227.3,233.89999,19.0
2013-11-12,228.0,228.05,228.0,228.05,41.0
2013-11-13,227.25,231.45,226.5,231.45,809.0
2013-11-15,227.0,227.05,227.0,227.0,725.0
2013-11-20,227.0,227.0,227.0,227.0,1204.0
2013-11-21,227.10001,231.45,227.10001,231.45,125.0
2013-11-22,229.0,229.05,228.0,228.0,597.0
2013-11-25,228.0,228.0,218.05,228.0,945.0
2013-11-26,220.0,225.0,220.0,220.0,280.0
2013-11-27,218.05,225.0,218.05,225.0,404.0
2013-11-28,217.0,220.0,216.35001,220.0,102.0
2013-11-29,215.0,217.5,206.8,210.0,5084.0
2013-12-02,210.0,218.95,210.0,218.95,300.0
2013-12-03,207.10001,217.5,207.10001,217.5,54874.0
2013-12-04,217.8,222.0,211.10001,211.10001,3332.0
2013-12-05,211.5,211.5,211.5,211.5,25.0
2013-12-06,214.5,220.0,214.5,220.0,600.0
2013-12-09,224.8,224.8,211.5,219.95,662.0
2013-12-10,212.3,212.3,211.55,211.55,24.0
2013-12-11,211.5,215.0,211.5,215.0,68.0
2013-12-13,215.0,215.0,215.0,215.0,11.0
2013-12-16,209.5,209.5,209.5,209.5,20.0
2013-12-17,215.0,215.0,215.0,215.0,40.0
2013-12-18,215.0,215.0,212.0,212.0,4401.0
2013-12-19,213.10001,219.75,213.0,219.75,23.0
2013-12-20,213.0,219.45,213.0,219.45,105.0
2013-12-23,211.0,211.0,206.3,206.3,2323.0
2013-12-24,200.0,209.0,200.0,209.0,4645.0
2013-12-25,205.0,209.0,205.0,209.0,180.0
2013-12-26,211.0,211.0,203.0,210.0,151.0
2013-12-27,211.0,215.0,203.10001,215.0,2114.0
2013-12-30,213.0,213.0,204.10001,205.0,2477.0
2013-12-31,205.0,205.0,200.0,200.0,2606.0
2014-01-02,202.0,202.0,202.0,202.0,3.0
2014-01-03,201.10001,208.5,201.10001,208.5,37.0
2014-01-06,202.5,208.3,200.0,208.3,255.0
2014-01-09,201.0,205.0,201.0,205.0,33.0
2014-01-10,201.05,201.05,197.0,197.0,375.0
2014-01-13,204.0,204.0,204.0,204.0,3.0
2014-01-16,195.0,201.95,195.0,196.14999,179.0
2014-01-21,201.95,201.95,201.95,201.95,1.0
2014-01-22,195.05,201.95,191.05,200.0,2148.0
2014-01-23,192.35001,201.95,192.35001,195.10001,283.0
2014-01-24,196.0,206.75,196.0,204.5,1283.0
2014-01-27,205.0,216.7,205.0,210.0,6137.0
2014-01-28,212.0,219.0,212.0,219.0,3590.0
2014-01-29,213.0,224.0,213.0,215.3,826.0
2014-01-30,215.35001,215.35001,210.0,212.55,1525.0
2014-01-31,219.89999,219.89999,206.14999,206.14999,1948.0
2014-02-03,205.14999,205.14999,205.0,205.0,400.0
2014-02-04,205.0,205.0,202.14999,202.14999,378.0
2014-02-05,202.3,210.0,202.14999,209.0,695.0
2014-02-06,213.35001,213.35001,203.0,203.0,211.0
2014-02-07,209.0,215.14999,209.0,215.0,2474.0
2014-02-10,224.0,229.95,220.10001,220.10001,3814.0
2014-02-11,220.0,225.0,215.0,217.05,761.0
2014-02-12,217.14999,227.89999,217.05,227.0,1337.0
2014-02-13,229.0,229.89999,227.0,227.85001,750.0
2014-02-14,223.0,226.75,223.0,226.75,45.0
2014-02-17,225.95,230.0,220.0,222.55,6914.0
2014-02-18,223.5,223.5,223.5,223.5,32.0
2014-02-19,227.0,227.0,227.0,227.0,200.0
2014-02-20,227.0,227.0,224.0,227.0,9595.0
2014-02-21,230.89999,234.89999,228.60001,228.7,2712.0
2014-02-24,232.25,232.39999,228.64999,232.0,308.0
2014-02-25,228.60001,228.60001,222.5,225.55,2907.0
2014-02-26,228.0,231.5,228.0,231.5,519.0
2014-02-27,235.5,244.5,235.5,240.0,6679.0
2014-02-28,240.0,243.0,237.0,240.0,1111.0
2014-03-03,239.95,239.95,229.2,229.2,1560.0
2014-03-04,237.0,240.0,230.10001,240.0,805.0
2014-03-05,240.0,251.0,239.0,251.0,7638.0
2014-03-06,246.05,246.05,246.05,246.05,14.0
2014-03-07,251.0,260.0,248.0,260.0,12884.0
2014-03-10,260.0,269.89999,260.0,262.0,1829.0
2014-03-11,270.0,286.5,265.0,277.70001,24168.0
2014-03-12,284.75,286.0,274.0,275.0,8353.0
2014-03-13,271.04999,275.0,271.04999,275.0,813.0
2014-03-14,268.0,283.0,260.0,275.0,14357.0
2014-03-17,271.0,284.75,271.0,275.10001,1602.0
2014-03-18,279.04999,293.95001,279.04999,286.0,17748.0
2014-03-19,293.0,293.0,281.14999,281.14999,2727.0
2014-03-20,282.20001,292.10001,272.0,272.0,4901.0
2014-03-21,276.0,285.0,276.0,285.0,76.0
2014-03-25,272.0,280.0,272.0,280.0,1255.0
2014-03-26,275.0,284.89999,275.0,276.0,40.0
2014-03-27,284.0,288.0,280.0,282.10001,4687.0
2014-03-31,267.0,283.0,267.0,283.0,331.0
2014-04-01,269.10001,275.0,268.0,275.0,1130.0
2014-04-02,280.0,284.0,280.0,284.0,5363.0
2014-04-03,283.95001,286.39999,278.25,278.25,898.0
2014-04-04,278.5,278.5,278.5,278.5,516.0
2014-04-08,276.0,278.0,276.0,277.89999,427.0
2014-04-09,271.0,271.0,271.0,271.0,21.0
2014-04-10,277.75,277.75,270.0,270.0,201.0
2014-04-11,270.0,270.0,270.0,270.0,830.0
2014-04-14,271.0,276.0,271.0,276.0,48030.0
2014-04-15,276.0,276.0,270.0,270.0,630.0
2014-04-16,270.0,270.0,265.0,268.0,1415.0
2014-04-17,270.0,270.0,270.0,270.0,144.0
2014-04-21,275.0,275.0,275.0,275.0,10.0
2014-04-22,270.0,270.0,268.14999,268.14999,37.0
2014-04-23,268.10001,274.70001,268.0,268.10001,2529.0
2014-04-25,268.0,268.10001,268.0,268.10001,77.0
2014-04-28,268.0,268.0,268.0,268.0,64.0
2014-04-29,273.5,274.75,273.5,274.75,115.0
2014-04-30,274.79999,279.75,270.29999,270.45001,62.0
2014-05-02,270.0,270.10001,270.0,270.0,55.0
2014-05-05,270.0,270.0,270.0,270.0,465.0
2014-05-06,268.0,268.0,268.0,268.0,150.0
2014-05-07,268.0,268.0,268.0,268.0,513.0
2014-05-08,276.0,276.0,276.0,276.0,1.0
2014-05-09,271.89999,275.0,268.10001,275.0,7995.0
2014-05-12,275.5,275.5,271.10001,271.10001,4.0
2014-05-13,271.0,279.70001,271.0,279.70001,45.0
2014-05-14,270.20001,276.0,270.0,276.0,251.0
2014-05-15,271.0,271.0,270.0,270.0,353.0
2014-05-16,270.0,270.0,268.0,268.0,2081.0
2014-05-19,268.0,268.0,268.0,268.0,277.0
2014-05-20,268.0,268.0,268.0,268.0,23.0
2014-05-21,268.0,268.04999,268.0,268.0,1585.0
2014-05-22,268.04999,268.04999,268.0,268.0,400.0
2014-05-23,268.0,274.0,268.0,274.0,596.0
2014-05-26,268.10001,268.10001,268.0,268.0,630.0
2014-05-27,270.0,270.0,268.0,268.0,4600.0
2014-05-28,268.10001,268.10001,263.0,263.0,1444.0
2014-05-29,267.0,267.0,267.0,267.0,2.0
2014-05-30,261.0,271.0,261.0,271.0,5041.0
2014-06-02,266.0,266.0,266.0,266.0,8.0
2014-06-03,263.0,270.0,263.0,270.0,1422.0
2014-06-04,270.0,270.0,270.0,270.0,10.0
2014-06-05,271.0,272.0,271.0,272.0,256.0
2014-06-06,271.0,274.0,271.0,274.0,809.0
2014-06-09,268.0,273.89999,268.0,273.89999,462.0
2014-06-10,273.85001,275.0,273.79999,275.0,5927.0
2014-06-11,275.0,275.0,274.89999,274.89999,1579.0
2014-06-12,278.0,291.35001,278.0,291.35001,22783.0
2014-06-13,291.35001,300.0,291.35001,299.5,2971.0
2014-06-16,291.04999,291.04999,281.54999,290.0,226.0
2014-06-17,282.04999,282.04999,275.0,275.14999,1128.0
2014-06-18,276.04999,288.89999,276.04999,288.89999,200.0
2014-06-19,277.10001,280.0,275.0,275.0,3513.0
2014-06-20,275.0,275.0,275.0,275.0,103.0
2014-06-23,276.0,283.89999,276.0,283.89999,5.0
2014-06-24,280.0,285.0,280.0,285.0,7080.0
2014-06-25,276.10001,283.89999,275.10001,283.89999,1662.0
2014-07-01,284.0,285.0,280.0,280.0,86.0
2014-07-02,280.0,288.0,280.0,288.0,8736.0
2014-07-03,290.0,290.0,290.0,290.0,331.0
2014-07-07,294.0,294.0,294.0,294.0,1350.0
2014-07-09,276.79999,289.89999,276.79999,289.89999,17.0
2014-07-11,289.0,289.0,289.0,289.0,1.0
2014-07-14,289.0,289.89999,289.0,289.0,114.0
2014-07-15,289.45001,289.45001,289.25,289.29999,338.0
2014-07-17,288.5,299.0,288.5,297.0,38631.0
2014-07-18,297.5,297.5,292.0,292.0,966.0
2014-07-21,280.0,291.89999,280.0,291.89999,32.0
2014-07-23,281.10001,291.0,281.10001,291.0,13.0
2014-07-31,281.14999,291.75,281.10001,291.75,403.0
2014-08-01,280.70001,291.0,278.0,291.0,110.0
2014-08-04,285.0,285.0,285.0,285.0,3.0
2014-08-05,282.10001,282.10001,282.10001,282.10001,213.0
2014-08-07,281.0,289.89999,281.0,289.89999,103.0
2014-08-08,280.0,280.0,260.0,279.95001,541.0
2014-08-11,275.0,276.0,275.0,276.0,1127.0
2014-08-12,274.95001,274.95001,274.95001,274.95001,1000.0
2014-08-13,268.0,274.95001,268.0,271.0,1740.0
2014-08-15,271.0,271.0,268.0,268.0,561.0
2014-08-18,265.0,265.0,265.0,265.0,100.0
2014-08-19,274.0,274.0,274.0,274.0,2.0
2014-08-22,270.0,270.0,266.0,266.0,134.0
2014-08-25,266.0,266.0,266.0,266.0,6.0
2014-08-26,266.0,266.0,266.0,266.0,15.0
2014-08-28,274.0,274.0,274.0,274.0,2.0
2014-08-29,268.10001,275.0,268.10001,275.0,1214.0
2014-09-02,270.0,270.0,265.0,270.0,363.0
2014-09-03,265.0,268.0,265.0,268.0,164.0
2014-09-04,271.75,271.75,265.0,270.0,25.0
2014-09-05,255.45,270.0,255.45,270.0,1246.0
2014-09-08,260.5,270.0,260.39999,270.0,101.0
2014-09-09,262.0,264.0,260.0,264.0,3185.0
2014-09-10,260.0,265.0,260.0,261.0,774.0
2014-09-11,264.89999,265.0,261.29999,265.0,11172.0
2014-09-12,267.0,270.5,265.04999,265.04999,1917.0
2014-09-15,270.0,270.5,264.0,265.10001,1872.0
2014-09-16,265.10001,265.10001,265.10001,265.10001,271.0
2014-09-17,265.0,269.0,263.64999,263.64999,695.0
2014-09-18,263.70001,265.0,256.29999,260.0,5685.0
2014-09-19,260.0,265.0,260.0,265.0,491.0
2014-09-23,266.0,268.5,260.5,260.5,563.0
2014-09-24,261.0,261.0,258.0,258.0,210.0
2014-09-25,256.20001,263.95001,256.0,263.95001,597.0
2014-09-26,260.0,261.0,260.0,261.0,615.0
2014-09-29,262.0,272.89999,261.5,262.20001,3858.0
2014-09-30,266.89999,270.0,263.0,263.0,916.0
2014-10-02,268.0,268.0,260.29999,260.29999,19.0
2014-10-03,269.0,275.89999,269.0,275.89999,14839.0
2014-10-07,276.0,280.0,272.0,272.0,991.0
2014-10-08,272.0,272.0,272.0,272.0,223.0
2014-10-09,278.70001,280.0,278.70001,279.0,370.0
2014-10-10,272.39999,275.0,267.10001,275.0,2410.0
2014-10-13,267.60001,274.79999,267.39999,274.79999,311.0
2014-10-14,274.5,281.0,274.5,281.0,12930.0
2014-10-15,281.0,285.0,280.0,280.0,1092.0
2014-10-22,270.25,279.79999,270.04999,279.79999,378.0
2014-10-23,279.0,290.0,279.0,285.0,13278.0
2014-10-24,280.29999,290.0,277.0,290.0,427.0
2014-10-27,285.0,285.0,285.0,285.0,10.0
2014-10-28,289.89999,292.5,276.0,282.0,10124.0
2014-10-29,282.0,282.04999,280.5,282.04999,4459.0
2014-10-30,283.0,289.0,283.0,289.0,11932.0
2014-10-31,290.0,290.0,290.0,290.0,300.0
2014-11-03,284.04999,290.0,280.0,280.0,500.0
2014-11-04,277.5,285.89999,277.39999,285.89999,274.0
2014-11-05,276.20001,288.70001,276.20001,288.70001,282.0
2014-11-07,278.0,278.10001,278.0,278.0,1701.0
2014-11-10,278.70001,278.70001,278.70001,278.70001,4.0
2014-11-11,280.0,280.0,280.0,280.0,2.0
2014-11-12,280.25,280.25,280.20001,280.20001,1004.0
2014-11-13,280.0,280.0,280.0,280.0,4.0
2014-11-14,276.10001,280.0,276.10001,280.0,152.0
2014-11-17,276.14999,276.14999,275.0,275.0,238.0
2014-11-19,269.10001,275.0,269.0,275.0,38.0
2014-11-20,266.5,275.0,266.5,268.0,81.0
2014-11-21,275.0,280.0,275.0,280.0,462.0
2014-11-26,270.0,270.0,268.25,270.0,69.0
2014-11-27,269.64999,269.64999,265.54999,265.54999,17.0
2014-11-28,279.60001,279.60001,279.60001,279.60001,200.0
2014-12-01,268.0,279.60001,268.0,279.60001,100627.0
2014-12-02,279.54999,279.64999,279.54999,279.64999,400.0
2014-12-03,279.0,279.0,279.0,279.0,611.0
2014-12-05,279.0,279.0,279.0,279.0,1100.0
2014-12-09,278.70001,279.0,270.0,270.0,27356.0
2014-12-10,278.79999,278.79999,253.8,269.75,670.0
2014-12-11,259.04999,259.04999,259.0,259.0,85.0
2014-12-12,259.0,267.0,259.0,267.0,350.0
2014-12-16,256.0,257.0,256.0,257.0,252.0
2014-12-17,265.95001,265.95001,253.0,265.95001,6011.0
2014-12-18,265.0,274.95001,265.0,274.95001,80000.0
2014-12-19,258.5,258.5,258.5,258.5,225.0
2014-12-22,259.0,259.0,253.5,253.64999,124924.0
2014-12-23,255.0,255.10001,255.0,255.0,3211.0
2014-12-24,253.55,268.75,253.55,268.5,43.0
2014-12-25,266.89999,269.95001,266.89999,269.95001,15.0
2014-12-26,253.8,253.8,253.8,253.8,1835.0
2014-12-29,265.0,265.0,265.0,265.0,250.0
2014-12-30,254.0,264.95001,254.0,264.95001,8826.0
2014-12-31,269.0,269.0,269.0,269.0,5000.0
2015-01-02,273.75,273.75,273.75,273.75,5.0
2015-01-06,257.5,272.89999,257.35001,272.89999,15.0
2015-01-08,258.20001,258.20001,258.20001,258.20001,50.0
2015-01-09,271.79999,271.79999,271.79999,271.79999,100.0
2015-01-16,260.04999,267.0,260.04999,267.0,14.0
2015-01-20,260.0,260.0,260.0,260.0,1.0
2015-01-21,260.0,260.0,254.2,254.2,1043.0
2015-01-23,254.05,260.0,240.10001,260.0,1917.0
2015-01-26,258.0,258.0,258.0,258.0,3500.0
2015-01-27,243.5,243.55,243.5,243.55,230.0
2015-01-28,244.5,252.8,243.39999,252.8,360.0
2015-01-29,242.0,252.5,240.10001,251.85001,866.0
2015-01-30,240.45,242.0,240.35001,240.39999,1507.0
2015-02-02,249.5,249.89999,249.5,249.89999,5.0
2015-02-03,236.0,236.0,235.3,235.3,200.0
2015-02-04,248.75,248.8,248.75,248.8,5.0
2015-02-05,240.0,240.0,240.0,240.0,75.0
2015-02-06,240.0,240.0,237.2,238.0,235.0
2015-02-09,237.0,240.0,237.0,240.0,75.0
2015-02-10,232.05,233.0,232.05,233.0,125.0
2015-02-11,233.0,233.0,233.0,233.0,35.0
2015-02-12,233.0,233.0,232.0,232.0,39.0
2015-02-13,233.0,233.0,230.3,230.3,192.0
2015-02-16,230.3,237.0,230.2,237.0,372.0
2015-02-17,230.0,235.0,230.0,235.0,775.0
2015-02-18,229.0,229.0,222.8,226.0,1013.0
2015-02-19,223.0,225.0,222.0,225.0,9.0
2015-02-20,221.0,221.0,221.0,221.0,6.0
2015-02-23,220.10001,221.0,208.0,213.0,742.0
2015-02-24,210.5,220.0,206.0,220.0,448.0
2015-02-25,219.0,220.0,216.0,216.0,247.0
2015-02-26,216.0,220.0,215.0,220.0,181.0
2015-02-27,220.0,220.0,217.0,217.0,1117.0
2015-03-02,227.0,227.0,227.0,227.0,7.0
2015-03-03,225.0,227.0,225.0,227.0,256.0
2015-03-04,227.0,227.0,220.0,220.0,53.0
2015-03-05,220.0,220.0,220.0,220.0,1.0
2015-03-06,218.0,218.0,215.10001,215.25,464.0
2015-03-09,231.89999,231.89999,231.89999,231.89999,10.0
2015-03-13,220.0,238.0,220.0,238.0,154.0
2015-03-17,225.0,225.0,225.0,225.0,353.0
2015-03-19,225.05,225.05,225.0,225.0,100.0
2015-03-20,225.10001,236.0,225.0,236.0,119.0
2015-03-24,230.0,230.0,230.0,230.0,100.0
2015-03-25,230.0,232.0,223.0,232.0,508.0
2015-03-26,223.0,230.0,220.0,230.0,291.0
2015-03-31,220.2,222.0,220.2,222.0,177.0
2015-04-01,222.0,222.0,220.0,220.0,1262.0
2015-04-02,209.0,220.0,208.10001,213.5,340.0
2015-04-03,209.05,225.0,209.0,225.0,212.0
2015-04-09,215.0,224.3,215.0,224.3,1012.0
2015-04-10,224.0,224.0,224.0,224.0,40.0
2015-04-15,217.0,217.0,213.10001,213.10001,238.0
2015-04-16,214.5,220.0,214.5,220.0,25.0
2015-04-22,214.5,220.0,214.5,220.0,15.0
2015-04-23,214.5,214.5,214.5,214.5,114.0
2015-04-28,214.0,214.0,210.0,210.0,1259.0
2015-04-29,211.0,211.0,211.0,211.0,176.0
2015-05-04,219.8,220.0,219.8,220.0,10.0
2015-05-06,211.0,211.0,211.0,211.0,59.0
2015-05-07,211.10001,211.10001,211.10001,211.10001,152.0
2015-05-08,219.89999,219.89999,219.89999,219.89999,10.0
2015-05-11,211.0,222.95,211.0,222.95,6.0
2015-05-12,211.2,211.2,211.2,211.2,50.0
2015-05-13,211.2,211.2,211.2,211.2,6.0
2015-05-14,211.2,211.2,211.2,211.2,1.0
2015-05-15,214.10001,221.35001,214.0,221.35001,5604.0
2015-05-18,221.35001,221.35001,221.35001,221.35001,24.0
2015-05-19,219.95,219.95,219.95,219.95,100.0
2015-05-20,219.0,219.0,214.10001,214.10001,10010.0
2015-05-21,215.10001,215.10001,214.10001,214.10001,1396.0
2015-05-26,211.2,211.2,211.2,211.2,148.0
2015-05-27,211.2,211.2,209.0,209.0,1138.0
2015-05-28,214.10001,214.10001,214.10001,214.10001,5562.0
2015-06-02,209.0,218.5,209.0,218.5,14.0
2015-06-03,209.10001,209.10001,209.10001,209.10001,159.0
2015-06-04,214.25,214.25,214.25,214.25,154.0
2015-06-05,214.0,214.0,214.0,214.0,145.0
2015-06-08,209.25,215.0,202.0,215.0,307.0
2015-06-09,202.5,214.39999,202.5,214.39999,115.0
2015-06-15,207.0,207.0,207.0,207.0,50.0
2015-06-22,207.0,207.0,205.0,205.0,30.0
2015-06-23,205.0,205.0,205.0,205.0,37.0
2015-06-25,208.0,208.0,208.0,208.0,50.0
2015-06-26,202.0,213.64999,202.0,213.64999,474.0
2015-06-29,202.5,202.5,201.0,201.0,332.0
2015-06-30,201.0,212.5,201.0,212.5,147.0
2015-07-01,202.55,202.55,202.5,202.55,48.0
2015-07-03,200.25,211.35001,200.25,211.35001,259.0
2015-07-07,200.2,200.2,200.14999,200.14999,30.0
2015-07-09,211.45,211.45,211.45,211.45,10.0
2015-07-10,201.0,201.0,201.0,201.0,125.0
2015-07-14,200.10001,205.0,200.10001,205.0,380741.0
2015-07-16,200.2,204.95,200.2,204.95,561.0
2015-07-20,200.14999,200.14999,200.14999,200.14999,138.0
2015-07-21,200.10001,201.0,200.10001,200.10001,1022.0
2015-07-22,201.0,201.0,193.05,193.05,830.0
2015-07-23,198.95,199.0,198.95,199.0,240.0
2015-07-24,195.0,199.95,195.0,199.95,25.0
2015-07-27,195.2,195.2,195.2,195.2,2.0
2015-07-28,197.0,197.0,189.95,189.95,20598.0
2015-07-29,185.64999,185.89999,185.64999,185.89999,9.0
2015-07-31,194.95,194.95,190.0,190.0,80170.0
2015-08-03,190.05,194.75,190.0,194.75,1710.0
2015-08-04,188.0,194.35001,183.10001,194.35001,463.0
2015-08-06,187.0,194.45,183.14999,194.45,102.0
2015-08-07,185.2,185.2,185.14999,185.14999,7014.0
2015-08-10,185.14999,185.14999,185.0,185.0,154.0
2015-08-11,185.0,185.0,185.0,185.0,1.0
2015-08-12,185.0,185.0,183.2,183.2,626.0
2015-08-13,184.0,184.0,183.14999,184.0,846.0
2015-08-18,185.0,185.0,185.0,185.0,111.0
2015-08-19,185.0,185.0,183.0,183.0,100.0
2015-08-25,175.0,175.0,172.05,172.05,423.0
2015-08-26,172.05,174.0,172.05,174.0,15.0
2015-08-27,173.95,175.0,173.95,175.0,213.0
2015-09-01,175.0,175.0,175.0,175.0,455.0
2015-09-02,175.0,175.0,175.0,175.0,216.0
2015-09-03,172.0,172.0,172.0,172.0,35.0
2015-09-04,170.0,170.0,166.0,166.0,359.0
2015-09-07,167.0,167.0,165.0,165.0,1328.0
2015-09-08,163.2,163.2,155.10001,155.10001,959.0
2015-09-09,155.10001,155.10001,155.10001,155.10001,80.0
2015-09-10,158.0,162.0,158.0,162.0,230.0
2015-09-11,162.0,162.45,162.0,162.0,210.0
2015-09-14,162.0,162.0,162.0,162.0,365.0
2015-09-15,162.0,162.0,160.0,160.0,190.0
2015-09-16,160.0,160.0,159.8,160.0,121.0
2015-09-17,160.0,160.0,160.0,160.0,244.0
2015-09-18,160.0,160.0,155.10001,155.10001,682.0
2015-09-21,156.0,159.95,153.5,159.95,303.0
2015-09-22,166.0,166.0,166.0,166.0,1.0
2015-09-23,162.0,162.0,160.0,160.0,500.0
2015-09-29,155.0,160.0,154.0,160.0,433.0
2015-09-30,154.5,154.5,154.0,154.0,89.0
2015-10-01,145.0,159.89999,145.0,159.89999,117.0
2015-10-02,155.0,155.0,155.0,155.0,173.0
2015-10-05,154.89999,154.89999,150.0,154.89999,129.0
2015-10-06,150.0,154.0,150.0,154.0,10.0
2015-10-09,154.0,154.0,154.0,154.0,1.0
2015-10-16,150.0,154.0,150.0,154.0,176.0
2015-10-19,150.0,151.0,145.0,151.0,525.0
2015-10-20,145.0,154.0,145.0,154.0,52.0
2015-10-21,150.0,150.0,150.0,150.0,320.0
2015-10-23,153.89999,153.89999,153.89999,153.89999,2.0
2015-10-27,144.7,144.7,144.7,144.7,57.0
2015-10-28,137.0,137.0,137.0,137.0,6.0
2015-10-29,138.0,144.64999,137.0,144.64999,71.0
2015-10-30,137.0,150.0,137.0,150.0,402.0
2015-11-02,145.0,150.0,145.0,150.0,68.0
2015-11-04,145.0,150.0,145.0,150.0,185.0
2015-11-05,141.10001,149.95,141.10001,149.95,75.0
2015-11-09,149.95,149.95,149.95,149.95,7.0
2015-11-10,150.0,155.0,150.0,155.0,417.0
2015-11-11,155.0,155.0,155.0,155.0,588.0
2015-11-13,145.8,145.8,145.7,145.7,113.0
2015-11-16,142.0,154.39999,141.0,154.39999,98.0
2015-11-23,155.0,155.0,150.0,150.0,40.0
2015-11-24,145.0,145.0,143.0,143.0,80.0
2015-11-25,143.0,145.0,141.0,141.0,222.0
2015-11-26,142.95,143.0,142.95,143.0,174.0
2015-11-27,143.0,143.0,136.14999,142.95,288.0
2015-11-30,136.2,136.2,136.2,136.2,2.0
2015-12-01,136.2,136.2,136.0,136.2,34.0
2015-12-02,140.0,140.0,140.0,140.0,2.0
2015-12-03,140.0,140.0,140.0,140.0,228.0
2015-12-04,136.0,136.0,136.0,136.0,630.0
2015-12-07,136.0,136.0,136.0,136.0,51.0
2015-12-08,134.5,137.0,134.5,137.0,214.0
2015-12-09,134.5,134.5,128.8,134.0,278.0
2015-12-10,136.85001,136.85001,126.0,126.0,232140.0
2015-12-11,126.0,126.0,126.0,126.0,270.0
2015-12-14,126.0,126.0,120.0,120.0,324.0
2015-12-15,120.0,120.0,113.0,113.0,6579.0
2015-12-16,112.0,112.0,106.25,106.25,11381.0
2015-12-17,106.0,106.0,106.0,106.0,2256.0
2015-12-18,106.1,111.95,106.1,111.95,785.0
2015-12-21,107.0,107.0,105.25,105.25,465.0
2015-12-22,101.0,105.25,100.0,101.0,5901.0
2015-12-23,105.2,105.2,96.0,105.2,84108.0
2015-12-28,109.9,109.9,109.9,109.9,79.0
2015-12-29,111.5,111.5,111.5,111.5,46.0
2015-12-30,111.5,117.9,111.5,117.9,30.0
2015-12-31,117.0,117.0,115.0,115.0,214080.0
2016-01-04,115.0,120.0,114.9,120.0,42.0
2016-01-05,120.0,120.5,120.0,120.5,123.0
2016-01-06,120.5,127.7,120.5,127.7,103.0
2016-01-07,128.0,135.0,128.0,135.0,102.0
2016-01-08,136.95,136.95,126.9,126.9,168.0
2016-01-13,124.0,124.0,119.3,119.3,227.0
2016-01-14,116.0,123.9,112.15,123.9,49.0
2016-01-18,112.05,112.05,112.05,112.05,40.0
2016-01-19,113.0,113.0,112.0,112.0,380.0
2016-01-20,112.5,112.5,112.5,112.5,9.0
2016-01-21,112.5,112.5,112.0,112.5,440.0
2016-01-22,112.5,115.0,112.5,115.0,228.0
2016-01-26,109.1,109.1,109.0,109.0,202.0
2016-01-27,105.6,113.85,102.5,113.85,10013.0
2016-01-28,105.0,105.0,105.0,105.0,80.0
2016-01-29,111.25,111.25,111.25,111.25,5.0
2016-02-02,105.0,113.75,105.0,113.75,39.0
2016-02-03,110.0,115.0,110.0,115.0,10189.0
2016-02-05,108.1,114.5,108.1,114.5,7.0
2016-02-08,111.0,111.0,109.0,109.0,433.0
2016-02-09,109.0,109.0,109.0,109.0,806.0
2016-02-10,109.0,111.0,109.0,111.0,84.0
2016-02-11,109.0,114.0,104.35,107.0,3272.0
2016-02-12,107.1,107.1,104.55,104.55,1191.0
2016-02-15,105.1,105.5,104.55,105.0,1102.0
2016-02-16,111.3,111.3,111.3,111.3,223.0
2016-02-17,111.3,117.95,111.3,117.95,311.0
2016-02-18,117.0,121.8,117.0,117.1,968.0
2016-02-22,117.65,124.1,117.65,117.65,16.0
2016-02-26,110.6,110.6,110.6,110.6,1534.0
2016-02-29,110.65,110.65,110.6,110.6,80.0
2016-03-02,110.0,114.95,110.0,114.95,85.0
2016-03-07,114.95,120.0,114.95,120.0,129.0
2016-03-09,120.0,124.0,120.0,124.0,137.0
2016-03-11,124.0,124.0,124.0,124.0,75.0
2016-03-16,117.0,117.0,117.0,117.0,1.0
2016-03-17,124.0,124.0,124.0,124.0,5.0
2016-03-23,118.0,118.0,117.25,117.25,145.0
2016-03-24,117.25,120.0,117.25,120.0,62.0
2016-03-28,120.0,120.0,120.0,120.0,20.0
2016-03-29,116.0,122.0,115.0,122.0,394.0
2016-03-30,118.0,118.0,117.0,117.0,177.0
2016-03-31,117.0,117.0,117.0,117.0,400.0
2016-04-04,117.0,117.0,117.0,117.0,420.0
2016-04-05,117.9,123.9,117.9,123.9,326.0
2016-04-06,118.0,120.0,118.0,120.0,234.0
2016-04-07,115.0,115.0,114.0,114.0,6.0
2016-04-08,120.0,120.0,112.0,112.0,446.0
2016-04-11,119.5,119.5,106.0,106.0,40107.0
2016-04-12,110.0,112.35,106.0,106.0,2277.0
2016-04-13,106.25,110.0,104.0,110.0,32955.0
2016-04-14,107.0,108.0,107.0,107.0,1096.0
2016-04-15,106.5,107.0,106.0,107.0,305.0
2016-04-18,107.0,110.0,107.0,110.0,569.0
2016-04-19,115.0,115.0,115.0,115.0,8.0
2016-04-20,112.5,112.5,112.5,112.5,10.0
2016-04-21,110.0,110.0,110.0,110.0,50.0
2016-04-22,112.0,112.0,110.0,110.0,333.0
2016-04-25,110.0,110.0,108.0,108.0,389.0
2016-04-26,108.0,108.0,107.05,107.05,207.0
2016-04-27,107.0,110.0,107.0,110.0,325.0
2016-04-28,107.0,107.0,106.2,106.2,200.0
2016-04-29,106.0,106.0,105.0,106.0,340.0
2016-05-04,106.1,109.0,106.1,109.0,201.0
2016-05-05,109.0,110.1,109.0,110.0,2528.0
2016-05-06,110.0,110.0,108.0,108.0,30780.0
2016-05-09,108.0,110.0,106.0,110.0,250.0
2016-05-10,109.0,109.0,107.5,107.5,61.0
2016-05-11,107.2,109.0,107.2,109.0,73.0
2016-05-12,109.0,115.0,108.0,115.0,2634.0
2016-05-13,115.0,115.0,112.0,112.0,615.0
2016-05-16,112.25,118.7,112.25,118.7,5792.0
2016-05-17,113.5,124.0,113.5,116.0,18434.0
2016-05-18,114.1,115.9,114.0,115.9,314.0
2016-05-19,114.0,116.0,111.65,115.0,292.0
2016-05-20,113.0,114.9,112.2,112.2,245.0
2016-05-23,112.25,112.25,110.1,110.1,3575.0
2016-05-24,111.0,114.5,110.0,114.0,10151.0
2016-05-25,113.9,114.0,113.9,114.0,200.0
2016-05-26,110.8,113.0,110.8,113.0,52.0
2016-05-27,110.8,114.0,110.5,114.0,179.0
2016-05-30,110.0,113.8,110.0,110.15,3615.0
2016-05-31,110.0,112.5,109.2,112.5,382.0
2016-06-03,112.95,112.95,108.0,108.0,11060.0
2016-06-07,111.0,113.4,111.0,113.4,14.0
2016-06-13,108.5,108.7,108.5,108.7,75.0
2016-06-14,113.0,113.4,109.0,109.0,487.0
2016-06-16,113.8,113.8,113.8,113.8,546.0
2016-06-17,111.8,114.2,110.5,114.2,902.0
2016-06-21,113.9,115.0,110.2,110.2,789.0
2016-06-22,110.2,110.2,110.2,110.2,160.0
2016-06-23,110.5,113.95,110.5,111.2,144.0
2016-06-24,113.5,113.5,113.1,113.1,360.0
2016-06-27,113.0,115.7,113.0,113.2,1143.0
2016-06-28,113.2,113.5,113.0,113.0,1896.0
2016-06-29,112.0,112.0,112.0,112.0,1191.0
2016-06-30,112.0,112.0,112.0,112.0,401.0
2016-07-01,112.0,114.95,110.3,110.3,373.0
2016-07-04,110.3,110.3,109.25,109.25,404.0
2016-07-05,114.0,114.0,107.1,107.1,1868.0
2016-07-11,106.0,111.9,106.0,111.9,2023.0
2016-07-12,111.9,111.9,111.9,111.9,4.0
2016-07-13,108.0,108.0,108.0,108.0,130.0
2016-07-14,108.0,111.5,108.0,111.5,11.0
2016-07-15,108.2,108.2,108.0,108.0,1771.0
2016-07-18,108.0,108.0,108.0,108.0,1807.0
2016-07-19,111.9,112.0,108.1,111.9,754.0
2016-07-20,109.0,111.5,109.0,109.0,300.0
2016-07-21,108.7,110.5,107.4,110.5,2640.0
2016-07-22,111.7,111.7,107.2,107.2,510.0
2016-07-25,108.0,108.0,107.0,107.0,122.0
2016-07-26,107.0,107.0,105.5,105.5,667.0
2016-07-27,105.5,108.0,105.0,105.05,1521.0
2016-07-28,105.1,105.1,105.0,105.1,672.0
2016-07-29,109.85,109.85,109.85,109.85,5.0
2016-08-01,106.6,110.9,106.6,110.9,6.0
2016-08-02,110.85,110.85,110.85,110.85,2.0
2016-08-03,110.75,110.75,110.75,110.75,4.0
2016-08-04,110.75,110.75,110.75,110.75,2.0
2016-08-05,105.7,105.7,105.7,105.7,59.0
2016-08-08,106.0,106.35,105.55,106.3,1445.0
2016-08-09,106.0,106.0,105.0,105.5,310.0
2016-08-10,106.0,106.0,105.05,105.05,150.0
2016-08-11,105.0,105.0,103.55,103.55,151.0
2016-08-12,103.6,106.0,103.5,104.0,452.0
2016-08-15,104.0,104.0,103.0,103.0,132.0
2016-08-16,103.05,106.0,103.05,106.0,522.0
2016-08-17,106.0,106.0,106.0,106.0,14.0
2016-08-19,105.9,105.9,105.9,105.9,1.0
2016-08-22,103.1,104.0,103.05,104.0,243.0
2016-08-23,103.5,105.9,103.5,105.9,45.0
2016-08-25,104.0,105.9,103.05,105.9,326.0
2016-08-29,103.05,105.9,103.05,105.9,56.0
2016-08-30,103.05,105.9,103.0,105.9,421.0
2016-08-31,103.0,105.9,102.1,105.9,219.0
2016-09-05,102.1,105.9,102.1,105.9,122.0
2016-09-07,103.0,105.8,102.2,105.8,72.0
2016-09-08,102.3,105.0,102.3,105.0,409.0
2016-09-09,102.4,102.4,102.35,102.35,96.0
2016-09-15,105.75,105.75,105.75,105.75,2.0
2016-09-16,106.0,106.0,106.0,106.0,20.0
2016-09-20,106.0,108.0,106.0,108.0,2143.0
2016-09-21,107.5,107.5,102.35,102.35,507.0
2016-09-22,103.0,107.5,103.0,107.5,64.0
2016-09-23,107.5,107.5,107.5,107.5,12.0
2016-09-26,102.1,107.4,102.1,107.4,381.0
2016-09-27,107.5,112.5,106.0,106.0,3352.0
2016-09-28,107.5,107.5,107.5,107.5,2.0
2016-09-29,104.5,107.0,104.0,107.0,225.0
2016-09-30,107.0,107.0,103.1,103.1,526.0
2016-10-04,103.55,103.65,103.5,103.6,793.0
2016-10-05,106.0,106.0,106.0,106.0,5.0
2016-10-06,105.0,105.0,105.0,105.0,215.0
2016-10-07,103.65,105.0,103.45,105.0,897.0
2016-10-10,105.0,107.0,104.0,107.0,1090.0
2016-10-11,103.35,105.95,103.35,105.95,6.0
2016-10-12,103.5,105.5,103.5,105.5,202.0
2016-10-13,106.45,106.45,103.3,103.3,1273.0
2016-10-14,103.7,103.7,103.05,103.5,2253.0
2016-10-17,106.45,106.45,106.45,106.45,2.0
2016-10-18,102.5,103.0,102.3,103.0,603.0
2016-10-19,103.0,103.0,103.0,103.0,2.0
2016-10-20,101.55,103.0,101.0,103.0,556.0
2016-10-21,103.0,103.0,101.0,102.85,1217.0
2016-10-24,102.8,102.8,101.0,102.5,432.0
2016-10-25,100.35,102.8,100.35,102.8,54.0
2016-10-27,99.75,102.6,99.75,102.6,127.0
2016-10-28,100.05,102.45,100.0,100.0,220.0
2016-10-31,102.6,102.6,102.6,102.6,5.0
2016-11-01,102.6,105.0,102.6,105.0,176.0
2016-11-02,104.0,104.0,103.9,103.9,650.0
2016-11-04,102.15,102.15,101.5,101.5,1030.0
2016-11-07,103.9,103.9,100.0,100.0,2123.0
2016-11-08,100.0,102.95,100.0,102.0,496.0
2016-11-09,102.0,102.0,98.300003,98.300003,1072.0
2016-11-10,100.0,104.5,100.0,104.5,16769.0
2016-11-14,102.0,106.45,101.2,106.45,10481.0
2016-11-15,103.3,106.0,103.3,106.0,4326.0
2016-11-16,102.05,102.05,102.05,102.05,200.0
2016-11-17,106.2,106.2,102.0,106.2,258.0
2016-11-21,105.0,106.2,101.05,105.65,241.0
2016-11-22,101.2,102.95,100.0,100.5,1375.0
2016-11-23,100.5,103.95,100.0,100.0,320.0
2016-11-24,103.95,105.45,100.0,100.0,409.0
2016-11-25,100.0,104.4,100.0,104.4,10453.0
2016-11-28,101.5,101.5,101.5,101.5,300.0
2016-11-29,104.55,109.95,104.55,108.0,1595.0
2016-11-30,110.0,112.0,108.0,110.0,7197.0
2016-12-01,106.75,120.0,106.75,120.0,7677.0
2016-12-02,125.0,128.8,114.0,117.0,5991.0
2016-12-05,114.9,116.0,110.0,116.0,11572.0
2016-12-06,113.55,114.0,110.1,114.0,1828.0
2016-12-07,111.1,114.8,111.1,114.75,308.0
2016-12-08,113.0,114.0,112.0,114.0,1368.0
2016-12-09,114.35,114.95,111.0,111.85,1986.0
2016-12-14,111.2,117.9,111.2,117.55,2222.0
2016-12-15,117.5,119.95,116.5,119.95,2010.0
2016-12-16,119.6,120.0,119.2,120.0,1610.0
2016-12-19,120.0,120.0,115.65,115.65,1603.0
2016-12-20,118.0,118.0,114.0,117.45,21683.0
2016-12-21,113.0,115.0,113.0,115.0,1583.0
2016-12-22,114.75,115.0,114.75,115.0,636.0
2016-12-23,115.0,119.95,115.0,119.95,3304.0
2016-12-26,119.55,119.55,115.2,115.2,107.0
2016-12-27,115.25,118.0,113.1,118.0,130.0
2016-12-28,114.0,116.0,114.0,116.0,511.0
2016-12-29,114.0,114.0,114.0,114.0,1246.0
2016-12-30,112.2,118.9,108.7,117.8,11034.0
2017-01-02,110.05,110.05,110.05,110.05,25.0
2017-01-04,111.4,116.9,111.0,116.9,2486.0
2017-01-05,116.35,116.4,114.0,115.0,1760.0
2017-01-06,114.5,118.95,114.5,115.0,8942.0
2017-01-09,116.0,118.0,115.0,115.05,19758.0
2017-01-10,114.5,114.95,114.1,114.15,15990.0
2017-01-12,117.4,117.8,114.15,116.0,13777.0
2017-01-13,115.0,117.8,114.8,117.0,5181.0
2017-01-16,117.0,117.0,117.0,117.0,760.0
2017-01-17,116.0,116.0,114.1,114.1,1787.0
2017-01-18,111.5,114.0,111.5,114.0,10.0
2017-01-19,114.5,114.5,114.4,114.5,406.0
2017-01-20,114.5,115.0,114.5,114.9,227.0
2017-01-23,115.0,115.0,114.9,115.0,803.0
2017-01-24,112.1,114.5,112.1,114.5,94.0
2017-01-25,112.15,113.0,112.0,112.0,1506.0
2017-01-26,110.0,114.45,110.0,114.45,516.0
2017-01-27,114.4,114.5,114.4,114.5,112.0
2017-01-30,111.1,112.0,111.0,111.0,3868.0
2017-01-31,110.1,110.1,108.65,108.65,422.0
2017-02-02,109.1,109.45,105.1,107.05,1075.0
2017-02-03,109.45,109.95,109.45,109.95,70.0
2017-02-06,109.95,111.0,109.95,111.0,663.0
2017-02-07,111.0,112.0,110.0,111.0,1129.0
2017-02-08,111.0,112.0,107.1,111.85,176.0
2017-02-09,111.0,111.85,111.0,111.85,101.0
2017-02-10,107.85,108.0,107.0,108.0,1439.0
2017-02-13,110.9,111.0,107.15,107.15,1643.0
2017-02-14,110.0,110.95,107.25,107.75,459.0
2017-02-15,110.0,110.0,110.0,110.0,5.0
2017-02-16,108.1,110.0,108.05,110.0,697.0
2017-02-17,108.4,112.0,108.15,112.0,2606.0
2017-02-20,108.1,114.0,108.1,113.95,2955.0
2017-02-21,114.0,125.3,114.0,125.3,23962.0
2017-02-22,134.0,135.89999,125.3,134.95,20769.0
2017-02-23,134.89999,134.89999,121.5,122.0,4128.0
2017-02-24,115.1,119.0,112.1,115.5,633.0
2017-02-27,115.1,123.95,111.0,123.0,1740.0
2017-02-28,116.4,123.0,116.4,123.0,777.0
2017-03-01,120.0,123.8,120.0,123.8,1274.0
2017-03-02,120.5,120.5,117.15,120.0,60.0
2017-03-03,119.2,119.2,118.0,118.0,151.0
2017-03-06,122.0,122.0,117.05,117.05,493.0
2017-03-07,117.15,117.5,117.1,117.5,219.0
2017-03-08,117.3,118.0,115.0,118.0,1842.0
2017-03-09,115.5,123.45,112.5,115.0,3059.0
2017-03-10,115.25,119.0,115.2,119.0,359.0
2017-03-13,116.95,117.0,116.95,117.0,192.0
2017-03-14,115.0,116.0,112.4,113.15,2059.0
2017-03-15,116.0,116.0,116.0,116.0,9.0
2017-03-16,113.15,117.0,113.15,117.0,300.0
2017-03-17,116.95,117.0,116.95,117.0,1103.0
2017-03-20,119.0,119.0,115.0,115.0,172.0
2017-03-21,114.1,117.95,114.1,117.95,5.0
2017-03-22,113.1,115.0,112.5,112.5,951.0
2017-03-23,115.0,115.0,110.65,113.95,792.0
2017-03-28,112.0,115.9,112.0,115.9,107.0
2017-03-29,122.8,125.9,115.0,115.0,10051.0
2017-03-30,116.0,116.0,112.0,112.0,328.0
2017-03-31,112.55,112.55,108.0,108.0,786.0
2017-04-03,109.0,112.4,108.2,108.2,400.0
2017-04-04,111.0,111.0,108.0,109.0,3274.0
2017-04-05,109.5,109.5,109.5,109.5,2.0
2017-04-06,109.5,109.5,109.5,109.5,30.0
2017-04-07,108.0,108.0,103.3,103.3,143.0
2017-04-10,105.0,108.45,105.0,108.45,55.0
2017-04-11,108.45,108.45,108.45,108.45,2.0
2017-04-12,108.45,108.45,108.45,108.45,11.0
2017-04-13,107.0,107.0,104.6,105.05,240.0
2017-04-14,106.05,108.5,106.05,108.5,200.0
2017-04-17,106.1,107.0,106.05,107.0,187.0
2017-04-18,107.6,109.0,107.5,109.0,153.0
2017-04-19,107.5,110.0,107.5,107.5,2496.0
2017-04-20,107.55,107.55,107.1,107.1,915.0
2017-04-21,107.0,108.0,107.0,108.0,161.0
2017-04-24,108.0,110.0,108.0,108.5,188.0
2017-04-25,110.0,118.0,110.0,113.95,2421.0
2017-04-26,114.0,114.0,114.0,114.0,20.0
2017-04-27,110.6,113.9,108.4,109.05,1400.0
2017-04-28,110.15,112.3,110.1,110.6,257.0
2017-05-02,112.0,112.15,112.0,112.0,435.0
2017-05-03,110.7,115.15,110.7,112.15,402.0
2017-05-04,112.15,114.8,112.15,114.8,546.0
2017-05-05,112.5,112.5,112.3,112.3,60.0
2017-05-08,114.8,114.8,114.8,114.8,51.0
2017-05-09,114.8,119.0,112.15,112.15,3082.0
2017-05-10,118.35,118.35,118.35,118.35,1.0
2017-05-11,117.0,117.0,117.0,117.0,68.0
2017-05-12,113.0,113.0,113.0,113.0,200.0
2017-05-15,115.9,115.9,115.9,115.9,200.0
2017-05-16,113.0,113.0,112.3,112.3,700.0
2017-05-17,115.5,115.5,115.35,115.4,225.0
2017-05-18,112.7,112.75,111.0,111.0,569.0
2017-05-19,115.5,115.5,112.15,112.15,43.0
2017-05-23,111.0,115.2,110.0,110.0,1260.0
2017-05-24,111.0,111.0,111.0,111.0,50.0
2017-05-25,111.0,112.5,111.0,112.5,247.0
2017-05-26,110.3,110.3,109.4,109.45,293.0
2017-05-29,112.5,112.5,112.5,112.5,50.0
2017-05-31,112.5,112.5,112.5,112.5,26.0
2017-06-01,113.0,113.0,110.0,110.0,203.0
2017-06-02,110.05,112.0,110.05,112.0,121.0
2017-06-05,112.0,112.0,112.0,112.0,19.0
2017-06-06,112.0,112.0,112.0,112.0,211.0
2017-06-07,113.0,113.0,113.0,113.0,100.0
2017-06-09,113.0,113.0,113.0,113.0,190.0
2017-06-12,111.0,111.6,111.0,111.55,267.0
2017-06-13,112.0,112.0,112.0,112.0,182.0
2017-06-14,111.0,113.0,111.0,113.0,13.0
2017-06-16,111.6,111.6,111.5,111.5,296.0
2017-06-19,111.6,111.6,111.0,111.0,607.0
2017-06-20,111.0,111.0,110.25,110.25,757.0
2017-06-22,112.0,116.95,111.7,111.7,8673.0
2017-06-23,114.3,116.9,114.3,116.9,7368.0
2017-06-28,111.1,116.6,111.1,116.0,25.0
2017-06-30,112.3,115.95,112.3,112.3,433.0
2017-07-03,112.35,112.35,111.2,111.2,1138.0
2017-07-04,111.2,111.2,110.35,110.55,145.0
2017-07-05,111.0,111.0,111.0,111.0,13.0
2017-07-06,111.0,111.0,111.0,111.0,4.0
2017-07-07,111.5,115.0,111.5,115.0,106.0
2017-07-10,111.8,112.0,111.8,112.0,1490.0
2017-07-11,113.0,114.0,113.0,114.0,57.0
2017-07-12,113.0,114.0,113.0,114.0,21.0
2017-07-13,115.0,116.0,113.0,113.0,8407.0
2017-07-14,113.1,123.4,111.85,118.0,5309.0
2017-07-17,118.0,125.0,118.0,124.8,5113.0
2017-07-18,121.0,121.5,115.0,120.0,1700.0
2017-07-19,120.0,120.0,115.7,115.7,79.0
2017-07-20,119.0,119.0,115.7,115.85,1240.0
2017-07-21,118.0,125.0,118.0,125.0,11315.0
2017-07-24,134.0,137.45,133.89999,137.45,5656.0
2017-07-25,148.0,148.0,130.5,137.45,11969.0
2017-07-26,134.05,136.0,125.15,133.0,6282.0
2017-07-27,135.0,143.89999,134.5,137.8,3611.0
2017-07-28,138.0,141.7,137.0,139.8,3244.0
2017-07-31,135.25,141.5,131.0,131.0,2081.0
2017-08-01,139.89999,139.89999,131.0,135.0,1287.0
2017-08-02,129.3,134.0,129.3,129.35001,158.0
2017-08-03,132.89999,132.89999,117.6,117.6,612.0
2017-08-04,127.95,127.95,122.0,123.3,765.0
2017-08-07,127.8,134.0,127.45,134.0,3413.0
2017-08-08,136.7,136.7,134.0,135.0,860.0
2017-08-09,137.0,146.0,137.0,139.05,10519.0
2017-08-10,139.0,152.0,139.0,148.0,10473.0
2017-08-11,152.3,162.75,152.3,162.0,14078.0
2017-08-15,163.0,177.0,163.0,166.3,11218.0
2017-08-16,170.0,176.64999,170.0,170.0,13584.0
2017-08-17,168.3,179.89999,168.3,171.0,5549.0
2017-08-18,174.0,177.89999,165.05,172.5,1544.0
2017-08-22,166.05,169.0,165.0,169.0,1051.0
2017-08-23,168.89999,172.7,165.0,167.35001,1124.0
2017-08-24,170.8,171.0,165.0,165.0,497.0
2017-08-25,170.0,172.75,169.0,172.0,8013.0
2017-08-28,172.0,172.0,167.5,167.5,659.0
2017-08-29,170.0,170.0,165.7,169.5,642.0
2017-08-30,166.0,169.7,164.0,164.0,3405.0
2017-08-31,164.0,165.8,163.3,164.5,1487.0
2017-09-04,163.5,164.75,157.39999,157.39999,947.0
2017-09-05,165.60001,165.60001,161.05,163.0,955.0
2017-09-06,165.64999,171.0,165.0,171.0,9743.0
2017-09-07,173.0,173.0,167.0,169.95,2065.0
2017-09-08,166.0,167.0,164.0,166.8,953.0
2017-09-11,161.10001,167.0,161.10001,167.0,2605.0
2017-09-12,167.0,171.85001,166.0,170.0,15796.0
2017-09-13,171.89999,182.89999,171.89999,181.0,42199.0
2017-09-14,182.0,186.89999,177.0,182.0,4726.0
2017-09-15,180.0,182.0,180.0,182.0,80.0
2017-09-18,177.0,181.0,177.0,180.0,10352.0
2017-09-19,175.0,176.0,173.2,174.0,1754.0
2017-09-20,168.0,168.0,165.0,165.0,3629.0
2017-09-21,165.0,170.0,165.0,169.95,1106.0
2017-09-25,165.55,165.55,160.0,163.0,3813.0
2017-09-26,146.75,146.75,146.75,146.75,7057.0
2017-09-27,132.10001,132.10001,132.10001,132.10001,21844.0
2017-09-28,122.0,131.5,121.0,130.0,15142.0
2017-09-29,135.0,135.0,128.35001,130.0,17243.0
2017-10-02,136.8,136.8,131.7,134.95,766.0
2017-10-03,134.0,145.0,131.85001,138.5,6711.0
2017-10-04,148.0,148.0,138.64999,138.64999,381.0
2017-10-05,144.0,144.0,136.2,136.2,1114.0
2017-10-06,136.0,139.0,135.14999,138.8,4384.0
2017-10-09,135.0,139.8,135.0,139.8,93.0
2017-10-10,136.10001,142.95,136.0,142.95,1400.0
2017-10-11,142.0,152.0,142.0,150.2,10615.0
2017-10-12,152.39999,158.5,152.39999,154.05,4580.0
2017-10-13,154.0,154.0,150.3,152.0,1138.0
2017-10-16,147.5,147.5,145.0,145.0,823.0
2017-10-17,143.0,149.0,141.2,141.2,763.0
2017-10-18,140.60001,144.60001,140.0,144.5,5777.0
2017-10-19,144.0,146.0,144.0,146.0,552.0
2017-10-20,144.0,145.0,143.0,145.0,2124.0
2017-10-24,140.35001,140.35001,135.05,136.0,8755.0
2017-10-25,136.55,139.5,136.0,136.0,1530.0
2017-10-26,136.10001,138.5,136.0,138.5,485.0
2017-10-27,138.5,138.5,138.45,138.45,349.0
2017-10-30,138.0,138.0,135.0,137.85001,939.0
2017-10-31,137.89999,137.89999,135.0,135.0,14.0
2017-11-01,137.5,137.5,137.5,137.5,2.0
2017-11-02,137.0,137.5,136.0,137.0,805.0
2017-11-03,137.0,137.0,137.0,137.0,3.0
2017-11-07,136.0,137.0,136.0,136.0,612.0
2017-11-08,136.0,137.0,136.0,137.0,196.0
2017-11-10,139.5,139.5,139.5,139.5,537.0
2017-11-13,139.5,142.0,139.5,140.0,2311.0
2017-11-14,143.0,143.89999,143.0,143.89999,606.0
2017-11-15,144.25,146.0,140.2,146.0,4435.0
2017-11-16,148.0,153.2,145.0,149.0,3572.0
2017-11-17,147.0,149.85001,147.0,149.85001,153.0
2017-11-21,149.85001,149.89999,149.85001,149.89999,13.0
2017-11-23,137.3,137.3,137.3,137.3,900.0
2017-11-24,141.0,146.8,141.0,142.0,1491.0
2017-11-27,146.7,146.7,146.5,146.60001,65.0
2017-11-29,144.0,148.5,143.5,148.0,51514.0
2017-11-30,148.0,148.0,144.0,145.0,261.0
2017-12-04,147.5,147.95,142.0,142.2,1800.0
2017-12-05,146.0,147.0,146.0,147.0,295.0
2017-12-06,142.2,146.89999,142.0,146.0,1491.0
2017-12-07,143.0,143.0,140.10001,140.2,8480.0
2017-12-08,140.10001,147.8,140.10001,142.10001,853.0
2017-12-11,142.10001,147.7,142.10001,147.7,29.0
2017-12-13,143.5,143.5,142.0,143.0,5093.0
2017-12-15,146.95,146.95,142.14999,142.14999,864.0
2017-12-18,142.10001,142.10001,142.0,142.0,838.0
2017-12-19,142.0,142.0,142.0,142.0,902.0
2017-12-20,140.0,140.0,140.0,140.0,193.0
2017-12-21,142.0,142.0,142.0,142.0,3440.0
2017-12-22,137.0,142.0,137.0,137.0,4590.0
2017-12-25,137.10001,142.0,137.0,142.0,176.0
2017-12-26,142.0,142.0,142.0,142.0,11903.0
2017-12-27,144.85001,144.85001,144.85001,144.85001,73.0
2017-12-29,142.0,144.0,142.0,144.0,1877.0
2018-01-02,143.95,144.0,143.95,144.0,228.0
2018-01-03,144.0,152.0,140.10001,150.0,2735.0
2018-01-04,145.55,145.55,145.55,145.55,150.0
2018-01-05,142.60001,149.89999,142.0,149.89999,1361.0
2018-01-09,146.0,146.0,146.0,146.0,30.0
2018-01-10,143.0,146.0,143.0,146.0,101.0
2018-01-12,146.0,146.0,146.0,146.0,20.0
2018-01-15,147.95,149.0,147.95,149.0,921.0
2018-01-16,148.05,156.0,148.05,150.0,3575.0
2018-01-17,150.0,150.0,148.0,148.0,1266.0
2018-01-18,148.0,149.8,144.10001,149.8,84.0
2018-01-19,149.8,150.0,146.25,150.0,2225.0
2018-01-22,153.0,155.0,153.0,155.0,1023.0
2018-01-23,155.0,155.5,150.0,151.0,1152.0
2018-01-24,155.5,155.5,153.0,153.0,503.0
2018-01-25,149.75,164.0,149.75,164.0,14241.0
2018-01-26,164.0,170.0,158.05,168.7,1831.0
2018-01-29,169.95,178.0,165.0,165.5,10325.0
2018-01-30,170.0,173.0,168.0,168.0,3738.0
2018-01-31,169.89999,169.89999,165.5,165.7,1411.0
2018-02-01,165.55,166.95,160.10001,166.95,2077.0
2018-02-02,165.0,170.0,164.0,170.0,2193.0
2018-02-05,160.35001,162.60001,160.35001,162.60001,426.0
2018-02-06,161.5,165.0,160.5,165.0,449.0
2018-02-08,161.5,167.0,161.3,167.0,265.0
2018-02-09,161.60001,174.60001,161.60001,172.5,3096.0
2018-02-12,174.0,174.0,167.55,169.89999,540.0
2018-02-13,167.0,167.0,167.0,167.0,70.0
2018-02-14,165.2,169.0,165.0,165.0,657.0
2018-02-15,165.2,165.2,162.0,162.0,2758.0
2018-02-16,165.0,166.0,163.0,163.0,126.0
2018-02-19,163.0,167.0,163.0,167.0,9.0
2018-02-20,164.0,166.5,163.5,166.5,229.0
2018-02-21,163.5,166.5,163.0,163.0,340.0
2018-02-23,162.2,166.0,160.0,166.0,1887.0
2018-02-26,160.0,160.0,160.0,160.0,309.0
2018-02-27,160.0,164.7,160.0,164.7,353.0
2018-02-28,160.0,164.8,160.0,160.0,385.0
2018-03-01,157.0,161.7,157.0,160.0,1410.0
2018-03-02,164.0,164.0,164.0,164.0,100.0
2018-03-05,161.0,161.0,161.0,161.0,1.0
2018-03-06,157.25,163.8,156.0,163.8,46261.0
2018-03-07,156.2,156.2,156.2,156.2,23.0
2018-03-08,160.0,163.0,160.0,163.0,603.0
2018-03-09,162.89999,164.0,162.89999,164.0,152.0
2018-03-12,157.0,161.10001,157.0,161.10001,295.0
2018-03-14,163.0,164.8,160.0,164.8,170.0
2018-03-16,163.8,163.8,163.8,163.8,40.0
2018-03-19,157.0,157.10001,157.0,157.0,236.0
2018-03-20,161.0,161.0,161.0,161.0,13.0
2018-03-21,155.60001,155.60001,155.60001,155.60001,191.0
2018-03-22,155.5,159.95,153.2,159.95,310.0
2018-03-23,157.5,157.5,157.5,157.5,63.0
2018-03-27,141.8,159.45,141.8,150.0,3258.0
2018-03-28,142.0,149.89999,137.55,144.2,2132.0
2018-03-29,142.0,147.0,142.0,147.0,3344.0
2018-03-30,149.8,149.8,149.8,149.8,370.0
2018-04-02,149.89999,153.45,149.89999,153.45,798.0
2018-04-03,150.05,150.05,145.05,145.05,340.0
2018-04-04,145.05,145.10001,145.05,145.05,1622.0
2018-04-05,150.0,159.55,150.0,159.0,14700.0
2018-04-06,157.05,170.95,157.05,169.0,8347.0
2018-04-09,165.2,169.0,163.5,168.0,117.0
2018-04-10,168.0,168.0,164.8,167.5,568.0
2018-04-11,164.10001,164.3,164.10001,164.3,580.0
2018-04-12,164.3,170.0,164.3,170.0,3147.0
2018-04-13,172.0,177.89999,172.0,175.05,10133.0
2018-04-16,175.25,179.39999,175.25,178.0,1404.0
2018-04-17,176.14999,180.0,176.0,176.25,1404.0
2018-04-18,176.25,179.0,176.25,176.55,84.0
2018-04-19,176.25,178.39999,170.0,178.39999,2565.0
2018-04-20,175.0,177.95,175.0,177.95,367.0
2018-04-23,173.0,173.0,172.0,172.0,349.0
2018-04-24,178.39999,182.0,177.10001,177.10001,3506.0
2018-04-25,179.95,182.0,177.05,178.5,40623.0
2018-04-26,181.0,181.0,178.0,180.75,360.0
2018-04-27,180.89999,182.0,180.89999,182.0,155.0
2018-04-30,182.39999,190.0,180.0,180.10001,59184.0
2018-05-02,188.95,194.95,188.95,190.0,4362.0
2018-05-03,190.0,192.0,186.10001,190.0,6360.0
2018-05-04,187.0,192.0,187.0,192.0,454.0
2018-05-07,192.0,193.89999,192.0,193.45,469.0
2018-05-08,190.0,191.0,188.0,188.0,8873.0
2018-05-09,188.0,190.0,188.0,189.95,58.0
2018-05-10,189.0,189.95,189.0,189.95,30.0
2018-05-11,189.95,189.95,189.95,189.95,200.0
2018-05-14,185.3,187.0,185.0,187.0,195.0
2018-05-15,185.0,185.5,180.0,180.5,66335.0
2018-05-16,180.55,180.60001,180.55,180.55,1529.0
2018-05-17,181.0,181.0,178.05,178.05,470.0
2018-05-18,182.0,182.0,178.0,178.0,2141.0
2018-05-22,178.0,178.0,178.0,178.0,100.0
2018-05-23,178.0,178.0,178.0,178.0,43.0
2018-05-24,178.0,179.5,176.05,179.5,115.0
2018-05-28,175.0,175.05,175.0,175.0,4942.0
2018-05-29,175.0,178.0,175.0,178.0,3819.0
2018-05-30,175.0,183.85001,175.0,183.85001,1923.0
2018-06-01,180.60001,187.89999,177.10001,177.10001,542.0
2018-06-04,177.14999,177.14999,177.14999,177.14999,19.0
2018-06-05,177.10001,178.89999,177.10001,178.89999,413.0
2018-06-06,175.0,182.55,175.0,175.0,9833.0
2018-06-07,175.0,180.89999,175.0,175.0,556.0
2018-06-08,175.0,182.0,175.0,181.0,83068.0
2018-06-11,182.0,182.0,182.0,182.0,1.0
2018-06-12,176.60001,183.0,175.60001,183.0,2008.0
2018-06-13,175.5,176.0,175.5,176.0,770.0
2018-06-14,176.0,176.0,176.0,176.0,25.0
2018-06-18,182.8,182.95,182.8,182.95,349.0
2018-06-19,182.0,182.0,182.0,182.0,100.0
2018-06-20,180.0,182.0,176.5,182.0,50026.0
2018-06-21,182.35001,183.95,182.35001,183.95,183.0
2018-06-22,183.95,183.95,183.95,183.95,284.0
2018-06-25,184.0,184.0,175.0,183.64999,388.0
2018-06-27,175.2,179.95,175.0,179.95,213.0
2018-06-28,175.10001,175.10001,175.0,175.0,654.0
2018-06-29,174.5,179.0,174.5,179.0,581.0
2018-07-03,175.0,175.0,175.0,175.0,250.0
2018-07-05,178.89999,178.89999,173.64999,173.64999,320.0
2018-07-06,175.0,175.0,173.64999,173.64999,332.0
2018-07-09,173.64999,174.95,173.64999,173.64999,22.0
2018-07-10,175.0,175.0,175.0,175.0,10.0
2018-07-11,174.95,174.95,174.95,174.95,18.0
2018-07-12,175.0,175.0,175.0,175.0,18.0
2018-07-13,173.64999,173.64999,173.0,173.0,117.0
2018-07-16,173.0,173.0,168.5,168.5,52.0
2018-07-19,169.0,170.0,168.0,169.0,4480.0
2018-07-20,169.0,169.0,166.0,166.0,465.0
2018-07-23,173.0,173.0,173.0,173.0,4.0
2018-07-27,163.0,172.75,163.0,172.75,15.0
2018-07-31,163.5,165.0,161.0,165.0,2757.0
2018-08-01,162.0,165.0,162.0,165.0,2700.0
2018-08-02,169.89999,171.8,165.0,171.8,1474.0
2018-08-06,171.89999,175.0,171.89999,175.0,689.0
2018-08-07,167.10001,175.0,167.10001,175.0,1214.0
2018-08-08,179.95,179.95,170.0,170.0,546.0
2018-08-09,179.3,179.3,170.0,170.0,353.0
2018-08-10,170.0,170.0,170.0,170.0,2324.0
2018-08-15,170.0,170.0,170.0,170.0,35.0
2018-08-16,170.0,170.0,170.0,170.0,98.0
2018-08-17,174.8,174.8,172.0,172.0,62.0
2018-08-28,179.10001,179.10001,170.0,170.0,1707.0
2018-08-29,170.0,170.0,170.0,170.0,756.0
2018-08-30,170.0,170.0,170.0,170.0,339.0
2018-08-31,170.0,175.0,170.0,175.0,412.0
2018-09-04,170.5,174.89999,170.0,174.89999,452.0
2018-09-06,170.05,170.10001,170.0,170.0,907.0
2018-09-07,170.0,170.0,170.0,170.0,7010.0
2018-09-10,170.10001,170.10001,170.10001,170.10001,50.0
2018-09-12,170.0,170.10001,170.0,170.0,21006.0
2018-09-13,170.0,170.0,170.0,170.0,3590.0
2018-09-14,170.0,174.45,170.0,174.45,400.0
2018-09-17,174.0,174.0,174.0,174.0,5.0
2018-09-18,175.2,175.2,170.3,170.3,2931.0
2018-09-19,170.3,170.3,170.3,170.3,5.0
2018-09-21,172.0,172.0,171.10001,171.2,50135.0
2018-09-24,171.2,171.2,170.5,170.5,132.0
2018-09-25,177.0,177.0,177.0,177.0,23.0
2018-09-26,171.5,172.10001,171.5,172.10001,189.0
2018-09-27,171.0,177.0,170.0,177.0,3019.0
2018-09-28,172.2,173.10001,171.0,171.0,904.0
2018-10-01,175.0,175.0,170.5,170.5,178.0
2018-10-02,171.0,175.0,171.0,175.0,120.0
2018-10-04,173.0,173.0,170.0,171.0,521.0
2018-10-05,174.0,174.0,170.10001,174.0,154.0
2018-10-08,174.0,174.0,174.0,174.0,36.0
2018-10-09,175.0,176.0,175.0,175.0,785.0
2018-10-10,172.0,172.10001,172.0,172.0,413.0
2018-10-12,171.10001,176.0,170.0,176.0,550.0
2018-10-15,171.5,172.0,171.5,172.0,17.0
2018-10-16,171.10001,172.0,171.05,172.0,98.0
2018-10-17,171.05,171.05,170.0,170.0,8785.0
2018-10-18,170.0,170.0,170.0,170.0,2317.0
2018-10-19,173.0,173.0,170.0,170.0,972.0
2018-10-23,170.2,170.2,170.05,170.10001,236.0
2018-10-24,175.0,175.0,175.0,175.0,125.0
2018-10-25,175.0,175.0,175.0,175.0,100.0
2018-10-26,174.89999,176.95,174.89999,176.95,121.0
2018-10-31,176.0,176.0,176.0,176.0,14.0
2018-11-02,170.14999,170.3,170.14999,170.3,269.0
2018-11-05,170.35001,170.35001,170.0,170.0,710.0
2018-11-07,170.0,170.0,170.0,170.0,43.0
2018-11-08,172.95,172.95,172.95,172.95,46.0
2018-11-09,170.10001,170.10001,170.0,170.05,437.0
2018-11-12,170.05,170.05,170.0,170.05,1550.0
2018-11-13,170.05,170.05,170.05,170.05,1.0
2018-11-14,174.95,174.95,170.05,170.10001,222.0
2018-11-15,174.0,174.0,170.05,170.05,422.0
2018-11-16,170.10001,174.0,170.0,170.05,769.0
2018-11-19,170.0,170.0,170.0,170.0,400.0
2018-11-22,170.0,170.0,170.0,170.0,3135.0
2018-11-23,173.89999,173.89999,173.89999,173.89999,300.0
2018-11-29,173.0,173.0,173.0,173.0,600.0
2018-11-30,172.95,173.0,172.95,172.95,1141.0
2018-12-03,172.95,173.0,172.95,173.0,1700.0
2018-12-05,170.10001,172.95,170.0,172.95,5537.0
2018-12-06,170.10001,170.10001,170.0,170.0,1000.0
2018-12-07,174.0,174.95,170.0,170.0,1455.0
2018-12-10,179.0,179.0,179.0,179.0,30.0
2018-12-13,175.0,175.0,175.0,175.0,50.0
2018-12-14,177.0,177.0,177.0,177.0,1000.0
2018-12-17,171.25,171.25,171.25,171.25,35.0
2018-12-18,172.25,172.35001,172.25,172.35001,60.0
2018-12-20,173.0,173.0,172.85001,172.85001,229.0
2018-12-21,173.10001,173.10001,170.0,170.0,4168.0
2018-12-24,170.0,170.0,170.0,170.0,80.0
2018-12-25,165.10001,165.55,165.10001,165.55,57.0
2018-12-26,166.0,166.0,166.0,166.0,13.0
2018-12-27,174.89999,174.89999,174.89999,174.89999,20.0
2018-12-28,174.0,174.0,167.5,167.5,6527.0
2018-12-31,167.5,172.89999,167.5,172.89999,34106.0
2019-01-02,174.5,174.5,174.5,174.5,3.0
2019-01-04,168.0,168.0,168.0,168.0,382.0
2019-01-10,168.0,168.0,166.2,168.0,1018.0
2019-01-17,166.2,166.2,166.2,166.2,18.0
2019-01-18,166.2,166.2,165.0,165.0,310.0
2019-01-21,162.0,162.0,160.10001,160.10001,100.0
2019-01-22,163.0,163.0,163.0,163.0,15.0
2019-01-24,168.0,168.0,160.0,160.0,801.0
2019-01-25,150.0,150.0,150.0,150.0,1630.0
2019-01-28,164.89999,164.89999,164.89999,164.89999,5.0
2019-01-29,160.0,160.0,160.0,160.0,10.0
2019-01-30,160.0,160.0,160.0,160.0,3800.0
2019-01-31,160.0,160.0,158.0,158.0,340.0
2019-02-01,158.0,158.0,153.0,153.0,15175.0
2019-02-04,152.0,155.0,152.0,155.0,571.0
2019-02-06,152.0,152.0,152.0,152.0,49.0
2019-02-07,154.89999,155.0,154.89999,155.0,165.0
2019-02-08,155.0,156.89999,155.0,156.89999,4937.0
2019-02-12,152.0,155.0,152.0,153.05,10299.0
2019-02-13,153.2,154.0,153.2,154.0,3694.0
2019-02-14,156.0,156.0,154.0,154.0,14.0
2019-02-15,154.0,164.05,154.0,164.05,96.0
2019-02-19,168.0,168.0,168.0,168.0,2.0
2019-02-22,155.60001,155.60001,155.60001,155.60001,1138.0
2019-02-25,166.8,166.8,166.8,166.8,1.0
2019-02-26,162.0,162.0,162.0,162.0,16167.0
2019-03-07,163.89999,163.89999,163.89999,163.89999,30.0
2019-03-08,161.05,165.89999,161.0,165.89999,94.0
2019-03-11,161.0,161.0,161.0,161.0,24.0
2019-03-12,161.5,161.5,161.0,161.0,261.0
2019-03-18,157.0,157.0,157.0,157.0,6.0
2019-03-22,155.0,156.0,155.0,155.0,4476.0
2019-03-25,155.10001,155.10001,155.0,155.0,57.0
2019-03-26,156.0,164.64999,156.0,164.64999,105.0
2019-03-28,156.25,163.5,156.25,163.5,266.0
2019-04-01,156.0,163.89999,155.0,163.89999,55.0
2019-04-03,155.0,155.0,155.0,155.0,40.0
2019-04-04,155.0,158.0,155.0,158.0,2.0
2019-04-08,158.0,158.0,155.05,155.05,5.0
2019-04-10,160.0,160.0,157.0,157.0,76.0
2019-04-11,157.05,157.05,157.0,157.0,116.0
2019-04-12,157.05,159.85001,157.0,159.85001,10186.0
2019-04-16,157.05,159.0,157.0,159.0,5180.0
2019-04-17,155.0,155.0,155.0,155.0,65.0
2019-04-18,159.0,160.0,159.0,160.0,6010.0
2019-04-19,160.89999,168.0,160.89999,167.85001,165.0
2019-04-24,160.0,160.0,160.0,160.0,155.0
2019-04-25,160.0,160.0,160.0,160.0,26.0
2019-04-26,167.0,167.0,167.0,167.0,80.0
2019-05-03,160.0,167.0,160.0,167.0,151.0
2019-05-06,167.0,167.0,167.0,167.0,20.0
2019-05-10,161.14999,167.89999,161.14999,167.89999,110.0
2019-05-15,167.39999,167.45,167.39999,167.45,20.0
2019-06-11,164.95,164.95,164.95,164.95,600.0
2019-06-19,158.05,163.8,158.05,163.8,931.0
2019-06-21,163.5,163.5,163.5,163.5,500.0
2019-06-27,159.10001,163.5,159.05,163.5,249.0
2019-06-28,159.05,168.0,159.05,168.0,589.0
2019-07-02,160.5,160.5,160.5,160.5,26.0
2019-07-05,167.8,167.8,167.8,167.8,200.0
2019-07-08,160.10001,160.10001,160.10001,160.10001,40.0
2019-07-11,168.0,168.0,168.0,168.0,39.0
2019-07-12,168.0,168.0,168.0,168.0,60.0
2019-07-15,173.0,173.0,162.25,169.0,9.0
2019-07-19,168.0,171.5,168.0,171.5,110.0
2019-07-22,178.0,178.0,178.0,178.0,2.0
2019-08-06,164.0,164.0,164.0,164.0,37.0
2019-08-07,164.0,164.0,164.0,164.0,13.0
2019-08-16,165.0,165.0,161.0,161.0,35.0
2019-08-19,160.05,161.0,160.0,161.0,43.0
2019-08-22,161.0,161.0,161.0,161.0,3.0
2019-08-23,166.0,166.0,166.0,166.0,20.0
2019-08-26,159.0,159.0,159.0,159.0,4.0
2019-08-27,157.0,157.0,157.0,157.0,10000.0
2019-08-29,157.10001,157.10001,157.0,157.0,30.0
2019-08-30,157.10001,158.0,157.0,158.0,676.0
2019-09-02,157.60001,157.60001,157.60001,157.60001,24.0
2019-09-05,157.60001,157.60001,157.60001,157.60001,3.0
2019-09-06,165.0,165.0,165.0,165.0,50.0
2019-09-10,156.55,156.55,156.55,156.55,30.0
2019-09-13,157.0,165.0,157.0,165.0,103.0
2019-09-16,157.2,157.2,157.2,157.2,8.0
2019-09-18,157.64999,157.64999,157.64999,157.64999,1.0
2019-09-20,142.0,142.0,142.0,142.0,203.0
2019-09-23,156.0,156.0,156.0,156.0,20.0
2019-09-24,145.05,145.05,145.05,145.05,9.0
2019-09-27,155.0,159.55,155.0,159.55,5083.0
2019-09-30,160.0,163.0,155.55,155.55,2126.0
2019-10-01,155.05,155.05,155.05,155.05,100.0
2019-10-03,155.0,155.0,153.5,153.5,20.0
2019-10-04,160.0,160.0,160.0,160.0,1830.0
2019-10-07,155.3,155.3,155.3,155.3,74.0
2019-10-09,159.85001,160.0,159.85001,160.0,530.0
2019-10-11,160.0,160.0,160.0,160.0,200.0
2019-10-14,160.0,160.0,159.0,159.0,99.0
2019-10-15,155.25,155.25,155.25,155.25,4.0
2019-10-17,155.45,155.45,155.0,155.0,6600.0
2019-10-18,160.0,160.0,160.0,160.0,1100.0
2019-10-24,155.64999,155.64999,155.60001,155.60001,25.0
2019-10-25,159.0,159.0,159.0,159.0,300.0
2019-10-30,155.8,155.8,155.8,155.8,60.0
2019-10-31,155.8,155.8,155.8,155.8,104.0
2019-11-01,160.0,160.0,160.0,160.0,500.0
2019-11-07,156.0,156.0,155.7,155.7,252.0
2019-11-08,155.0,155.0,155.0,155.0,4413.0
2019-11-13,155.0,155.0,155.0,155.0,4728.0
2019-11-14,160.0,160.0,160.0,160.0,100.0
2019-11-20,155.05,155.60001,155.05,155.60001,280.0
2019-11-21,156.0,156.0,156.0,156.0,26.0
2019-11-22,159.8,159.8,159.8,159.8,200.0
2019-11-25,159.85001,160.0,159.85001,160.0,754.0
2019-11-26,158.0,158.0,158.0,158.0,100.0
2019-11-28,162.5,164.95,162.5,164.95,177.0
2019-11-29,160.05,164.89999,160.0,164.89999,600.0
2019-12-05,160.0,160.0,159.0,159.0,225.0
2019-12-06,157.0,160.0,155.0,160.0,1024.0
2019-12-09,156.0,156.0,155.05,155.05,255.0
2019-12-11,159.89999,169.89999,159.89999,169.89999,1365.0
2019-12-12,169.60001,169.89999,169.60001,169.7,480.0
2019-12-13,165.0,169.5,165.0,169.5,1810.0
2019-12-16,169.0,171.0,167.0,171.0,1125.0
2019-12-17,170.89999,171.85001,169.0,169.0,753.0
2019-12-18,169.0,172.45,169.0,172.45,537.0
2019-12-20,168.0,168.0,164.05,164.05,7019.0
2019-12-23,165.0,172.0,165.0,168.0,2520.0
2019-12-24,168.0,168.0,168.0,168.0,1401.0
2019-12-25,167.0,167.0,167.0,167.0,1232.0
2019-12-26,167.0,167.0,167.0,167.0,50.0
2019-12-27,165.0,169.89999,165.0,169.89999,408.0
2019-12-30,170.0,170.0,170.0,170.0,3312.0
2019-12-31,169.0,170.0,169.0,170.0,23160.0
2020-01-03,165.0,165.0,165.0,165.0,50.0
2020-01-10,165.0,165.0,165.0,165.0,1072.0
2020-01-14,163.05,163.05,163.05,163.05,2018.0
2020-01-15,163.0,163.2,163.0,163.2,174.0
2020-01-17,170.0,170.0,170.0,170.0,500.0
2020-01-22,169.0,171.0,169.0,170.0,22650.0
2020-01-23,170.95,171.0,168.0,168.0,232.0
2020-01-24,165.0,170.5,163.5,170.5,1640.0
2020-01-28,170.5,170.5,170.5,170.5,10.0
2020-02-05,170.0,170.0,170.0,170.0,679.0
2020-02-12,165.2,165.3,165.2,165.3,70.0
2020-02-13,165.2,165.2,165.2,165.2,150.0
2020-02-14,170.0,170.0,170.0,170.0,500.0
2020-02-18,165.25,165.25,165.2,165.2,8.0
2020-02-20,170.0,170.0,170.0,170.0,1608.0
2020-02-21,170.0,170.0,169.5,169.5,1114.0
2020-02-24,169.5,169.5,169.5,169.5,1.0
2020-02-25,170.0,170.0,165.75,165.75,313.0
2020-02-26,166.0,166.0,166.0,166.0,453.0
2020-02-27,165.75,165.75,165.75,165.75,25.0
2020-03-02,165.05,165.05,165.0,165.0,550.0
2020-03-03,163.05,163.05,153.0,153.0,11358.0
2020-03-04,153.0,153.0,150.0,150.0,16000.0
2020-03-06,151.0,158.0,150.0,158.0,1152.0
2020-03-09,150.0,150.0,150.0,150.0,200.0
2020-03-10,145.5,145.5,145.5,145.5,90.0
2020-03-11,145.5,145.5,145.0,145.0,739.0
2020-03-12,142.0,142.0,130.55,130.55,174.0
2020-03-13,117.8,125.0,117.8,119.0,3473.0
2020-03-16,107.5,107.5,107.5,107.5,53.0
2020-03-17,105.0,105.0,105.0,105.0,10.0
2020-03-19,101.0,101.0,101.0,101.0,694.0
2020-03-24,103.5,103.5,103.5,103.5,51.0
2020-03-25,105.0,105.0,105.0,105.0,83.0
2020-03-26,103.1,103.1,101.5,101.5,650.0
2020-03-27,103.0,105.05,103.0,103.0,144.0
2020-03-30,101.0,101.0,100.05,100.05,307.0
2020-03-31,98.050003,98.050003,98.050003,98.050003,140.0
2020-04-01,98.0,98.0,95.0,95.0,390.0
2020-04-02,95.0,95.0,95.0,95.0,2.0
2020-04-03,92.0,92.0,92.0,92.0,2.0
2020-04-06,90.0,90.0,89.0,90.0,1594.0
2020-04-08,87.059998,87.059998,87.050003,87.050003,150.0
2020-04-09,87.050003,87.050003,86.0,86.0,214.0
2020-04-10,85.0,85.0,84.5,85.0,70.0
2020-04-13,85.0,85.0,82.0,82.0,158.0
2020-04-14,82.0,82.0,79.0,79.0,1576.0
2020-04-17,79.099998,79.099998,77.43,77.43,462.0
2020-04-21,79.0,79.0,79.0,79.0,566.0
2020-04-22,78.980003,79.0,78.980003,79.0,1183.0
2020-04-23,79.0,79.0,79.0,79.0,80.0
2020-04-24,79.0,79.0,79.0,79.0,25.0
2020-04-27,76.099998,76.099998,76.099998,76.099998,250.0
2020-04-29,79.0,79.0,79.0,79.0,572.0
2020-04-30,79.0,79.0,79.0,79.0,460.0
2020-05-04,82.099998,82.099998,82.099998,82.099998,10.0
2020-05-05,82.099998,82.099998,82.099998,82.099998,2.0
2020-05-06,82.099998,82.099998,82.0,82.0,1703.0
2020-05-07,82.0,82.0,82.0,82.0,2597.0
2020-05-08,82.0,82.0,81.0,81.900002,1290.0
2020-05-11,81.900002,81.900002,81.900002,81.900002,60.0
2020-05-12,79.0,79.0,79.0,79.0,550.0
2020-05-13,79.0,79.0,79.0,79.0,189.0
2020-05-14,79.0,79.0,79.0,79.0,32.0
2020-05-15,79.0,79.0,79.0,79.0,538.0
2020-05-18,79.0,79.0,79.0,79.0,1509.0
2020-05-19,79.0,79.0,78.5,79.0,1454.0
2020-05-20,79.0,79.0,79.0,79.0,7.0
2020-05-21,78.510002,79.0,77.099998,79.0,1175.0
2020-05-22,77.150002,79.0,76.519997,79.0,2372.0
2020-05-26,79.0,79.0,79.0,79.0,1810.0
2020-05-27,79.0,80.57,79.0,80.57,2867.0
2020-05-28,80.57,83.5,80.57,83.5,4730.0
2020-05-29,84.989998,86.830002,84.989998,86.830002,2053.0
2020-06-01,90.290001,90.300003,90.0,90.300003,905.0
2020-06-02,93.910004,93.910004,93.910004,93.910004,26.0
2020-06-03,97.660004,97.660004,97.660004,97.660004,10.0
2020-06-04,101.55,101.55,101.55,101.55,85.0
2020-06-05,105.6,105.6,105.0,105.0,9634.0
2020-06-08,102.0,109.15,102.0,109.15,979.0
2020-06-09,112.9,112.9,109.0,109.0,1503.0
2020-06-10,112.95,112.95,110.0,110.0,458.0
2020-06-11,110.0,111.9,109.0,109.0,116.0
2020-06-12,108.9,108.9,108.9,108.9,134.0
2020-06-15,107.95,107.95,107.95,107.95,55.0
2020-06-16,111.5,111.5,111.5,111.5,1100.0
2020-06-17,108.9,111.0,107.05,108.0,1234.0
2020-06-18,110.95,110.95,108.0,108.0,570.0
2020-06-19,107.95,107.95,107.95,107.95,390.0
2020-06-22,110.0,111.0,109.0,109.0,630.0
2020-06-23,111.0,111.0,109.0,109.0,3120.0
2020-06-24,110.0,110.0,109.0,109.0,62.0
2020-06-25,110.0,110.0,108.0,108.0,23.0
2020-06-26,108.0,108.0,106.25,106.25,34.0
2020-06-29,106.0,106.0,104.0,104.0,103.0
2020-06-30,102.0,103.0,102.0,103.0,5077.0
2020-07-01,103.0,103.0,102.0,102.0,145.0
2020-07-02,103.0,103.0,103.0,103.0,418.0
2020-07-03,103.0,107.1,102.0,107.1,514.0
2020-07-10,103.5,107.0,102.85,107.0,404.0
2020-07-13,103.1,103.1,103.1,103.1,15.0
2020-07-14,103.0,103.0,101.0,101.0,2.0
2020-07-15,103.0,103.0,102.0,102.0,204.0
2020-07-16,102.0,102.0,100.2,100.2,247.0
2020-07-17,100.2,104.15,100.0,104.15,816.0
2020-07-20,104.15,104.15,104.15,104.15,5.0
2020-07-22,104.0,104.0,101.0,101.0,36.0
2020-07-23,101.4,101.4,101.0,101.05,480.0
2020-07-24,101.05,101.05,101.0,101.05,250.0
2020-07-27,100.0,101.0,100.0,101.0,233.0
2020-07-28,101.0,101.0,99.0,99.0,220.0
2020-07-29,100.0,100.0,99.949997,99.949997,9.0
2020-08-03,99.949997,99.949997,99.0,99.0,204.0
2020-08-05,97.0,97.0,97.0,97.0,21.0
2020-08-06,95.07,95.07,93.169998,93.199997,53.0
2020-08-07,89.480003,89.480003,89.480003,89.480003,308.0
2020-08-10,85.949997,85.949997,85.910004,85.910004,883.0
2020-08-11,82.5,83.0,82.480003,82.480003,1120.0
2020-08-12,80.099998,83.949997,79.199997,80.0,1054.0
2020-08-13,83.190002,83.190002,83.190002,83.190002,100.0
2020-08-17,86.510002,86.510002,86.510002,86.510002,2.0
2020-08-18,89.940002,89.970001,89.480003,89.970001,1397.0
2020-08-19,93.559998,93.559998,86.379997,86.379997,5114.0
2020-08-24,89.800003,89.830002,85.0,85.0,3301.0
2020-08-25,85.0,85.0,84.0,84.0,390.0
2020-08-26,84.0,85.0,84.0,85.0,533.0
2020-08-27,85.0,85.0,85.0,85.0,1311.0
2020-08-28,84.5,84.5,84.5,84.5,67.0
2020-08-31,85.0,86.0,84.0,84.0,5005.0
2020-09-01,83.0,84.0,83.0,84.0,873.0
2020-09-02,85.0,87.349998,85.0,87.0,320.0
2020-09-03,85.0,86.75,84.0,86.75,1834.0
2020-09-04,86.760002,86.760002,86.760002,86.760002,12.0
2020-09-07,90.0,90.0,89.0,89.0,1646.0
2020-09-09,90.0,90.0,90.0,90.0,20.0
2020-09-10,87.0,87.0,87.0,87.0,10.0
2020-09-11,90.459999,90.459999,90.459999,90.459999,1458.0
2020-09-14,90.459999,94.07,90.459999,94.07,117.0
2020-09-15,95.0,97.0,95.0,97.0,362.0
2020-09-16,98.0,100.8,95.0,95.0,2661.0
2020-09-18,93.0,93.0,91.220001,91.220001,223.0
2020-09-21,88.550003,88.550003,88.550003,88.550003,110.0
2020-09-22,90.0,90.0,90.0,90.0,2.0
2020-09-23,88.0,88.0,88.0,88.0,10.0
2020-09-24,88.050003,91.5,88.0,91.5,372.0
2020-09-28,88.120003,91.150002,88.120003,91.150002,102.0
2020-09-29,91.099998,91.099998,91.099998,91.099998,3.0
2020-09-30,90.0,92.5,88.099998,92.480003,810.0
2020-10-01,92.480003,92.5,92.480003,92.5,42.0
2020-10-02,92.0,92.0,92.0,92.0,10.0
2020-10-05,88.400002,90.900002,88.330002,90.900002,148.0
2020-10-06,90.889999,90.889999,88.400002,90.0,155.0
2020-10-08,90.0,90.0,87.0,87.400002,554.0
2020-10-09,87.5,90.0,86.900002,90.0,86.0
2020-10-12,87.0,90.0,87.0,90.0,245.0
2020-10-13,88.099998,88.099998,88.099998,88.099998,10.0
2020-10-14,89.980003,89.980003,89.980003,89.980003,3.0
2020-10-15,88.0,88.25,88.0,88.099998,420.0
2020-10-16,88.139999,88.139999,88.139999,88.139999,1.0
2020-10-19,88.019997,88.019997,88.019997,88.019997,5.0
2020-10-20,88.110001,90.0,88.110001,90.0,1133.0
2020-10-22,88.5,88.5,88.5,88.5,100.0
2020-10-23,88.5,90.0,88.300003,90.0,572.0
2020-10-26,90.0,90.0,90.0,90.0,137.0
2020-10-27,91.0,91.0,90.0,90.099998,436.0
2020-10-28,90.199997,90.199997,90.0,90.0,538.0
2020-11-02,90.0,90.040001,90.0,90.040001,120.0
2020-11-03,90.5,90.5,90.0,90.040001,1215.0
2020-11-04,90.5,91.0,90.0,90.0,535.0
2020-11-05,90.0,90.75,89.0,89.0,1607.0
2020-11-09,91.0,91.0,91.0,91.0,5.0
2020-11-10,94.629997,94.629997,94.599998,94.599998,152.0
2020-11-11,98.379997,98.379997,98.379997,98.379997,133.0
2020-11-12,100.85,100.85,98.5,99.5,1832.0
2020-11-13,98.0,98.900002,98.0,98.900002,20.0
2020-11-16,98.050003,99.800003,98.0,98.5,11539.0
2020-11-17,98.5,102.4,98.5,102.4,1107.0
2020-11-19,105.0,106.45,105.0,106.45,8895.0
2020-11-20,109.0,110.7,109.0,110.7,1716.0
2020-11-23,114.0,115.1,108.0,108.0,2226.0
2020-11-24,108.5,110.15,106.0,110.15,14291.0
2020-11-25,111.0,111.0,109.0,109.0,439.0
2020-11-26,111.95,111.95,109.75,109.75,66.0
2020-11-27,114.0,114.0,108.25,108.25,1680.0
2020-11-30,108.25,108.25,108.25,108.25,100.0
2020-12-01,110.0,110.0,110.0,110.0,1.0
2020-12-02,108.5,108.5,108.0,108.0,238.0
2020-12-03,108.05,108.05,105.0,105.0,525.0
2020-12-07,105.9,105.9,105.0,105.9,215.0
2020-12-08,103.0,106.0,103.0,106.0,165.0
2020-12-09,103.25,110.0,103.0,109.9,474.0
2020-12-11,109.9,114.25,109.9,114.25,197231.0
2020-12-14,115.4,118.8,115.4,118.8,2793.0
2020-12-15,123.55,123.55,123.0,123.0,1234.0
2020-12-16,123.0,123.0,118.55,118.55,1149.0
2020-12-17,116.55,117.0,115.45,117.0,121347.0
2020-12-18,117.35,118.0,115.7,115.7,707.0
2020-12-21,117.5,117.5,111.1,111.1,4715.0
2020-12-22,106.7,113.0,106.7,113.0,5323.0
2020-12-23,114.95,114.95,110.1,112.0,982.0
2020-12-24,112.5,112.5,110.65,110.65,278.0
2020-12-25,115.0,115.05,112.05,114.95,636.0
2020-12-28,112.15,112.15,110.7,110.7,719.0
2020-12-29,113.2,113.2,110.75,110.85,534.0
2020-12-30,115.25,115.25,110.05,110.05,1396.0
2020-12-31,114.45,114.45,110.4,114.0,1759.0
2021-01-04,112.0,115.5,111.05,111.45,1403.0
2021-01-05,112.0,114.95,109.5,112.55,1882.0
2021-01-06,110.5,111.5,110.5,111.5,327.0
2021-01-07,111.5,115.0,109.15,110.5,919.0
2021-01-08,114.0,114.0,110.7,111.0,87.0
2021-01-12,111.0,111.0,111.0,111.0,100.0
2021-01-13,112.9,113.0,112.9,112.95,491.0
2021-01-14,111.0,111.0,111.0,111.0,20.0
2021-01-15,112.95,112.95,111.0,112.95,360.0
2021-01-18,110.75,112.5,110.75,112.5,95.0
2021-01-19,112.0,113.6,110.8,113.6,995.0
2021-01-20,113.95,113.95,111.4,111.5,563.0
2021-01-21,110.9,111.05,110.85,111.0,250.0
2021-01-22,110.85,111.0,110.0,111.0,1538.0
2021-01-25,110.0,110.0,110.0,110.0,500.0
2021-01-26,112.5,112.5,112.5,112.5,10.0
2021-01-27,112.4,112.5,110.0,112.5,1460.0
2021-01-28,110.0,111.95,109.65,111.95,1104.0
2021-01-29,111.1,113.5,111.1,113.5,1100.0
2021-02-01,109.8,109.8,109.8,109.8,35.0
2021-02-02,112.95,113.0,112.95,113.0,14.0
2021-02-04,109.85,109.85,109.85,109.85,10.0
2021-02-05,110.0,110.0,108.0,109.0,1175.0
2021-02-08,108.05,113.3,105.0,113.3,2068.0
2021-02-09,113.3,113.3,113.3,113.3,40.0
2021-02-11,110.0,110.0,110.0,110.0,23.0
2021-02-15,112.45,112.45,112.45,112.45,24.0
2021-02-16,110.25,110.25,108.0,108.0,203.0
2021-02-17,111.65,111.65,110.8,110.8,22.0
2021-02-18,110.8,111.5,110.8,111.5,710.0
2021-02-19,108.15,111.85,108.15,111.85,15.0
2021-02-23,108.25,109.0,108.25,109.0,113.0
2021-02-24,109.0,109.0,108.0,108.0,751.0
2021-02-25,108.1,108.1,108.05,108.05,95.0
2021-02-26,112.35,112.35,112.35,112.35,60.0
2021-03-01,108.0,108.0,108.0,108.0,11909.0
2021-03-02,108.0,108.0,108.0,108.0,8932.0
2021-03-04,108.0,108.0,107.1,107.1,47.0
2021-03-08,109.2,109.2,109.0,109.1,53.0
2021-03-09,109.9,110.0,105.0,105.0,317.0
2021-03-11,108.0,108.0,107.1,107.1,330.0
2021-03-12,107.5,107.5,107.5,107.5,1187.0
2021-03-15,107.05,107.05,105.0,107.0,2588.0
2021-03-16,108.5,108.5,108.5,108.5,60.0
2021-03-17,105.15,105.2,104.95,105.0,1479.0
2021-03-18,105.0,105.0,104.75,104.75,255.0
2021-03-19,104.75,104.75,101.0,101.5,1388.0
2021-03-22,101.6,102.5,100.0,100.0,9746.0
2021-03-23,103.95,103.95,103.95,103.95,1000.0
2021-03-24,104.7,104.75,104.7,104.75,50.0
2021-03-26,104.7,104.7,104.7,104.7,5.0
2021-03-29,104.0,104.0,101.2,103.0,269.0
2021-03-31,101.0,103.0,99.0,103.0,2188.0
2021-04-01,102.9,102.9,99.0,101.0,681.0
2021-04-02,99.199997,102.9,99.0,102.9,2191.0
2021-04-05,98.800003,102.8,98.800003,102.8,46.0
2021-04-06,100.75,102.75,98.699997,102.75,512.0
2021-04-08,98.68,99.0,98.650002,98.650002,1232.0
2021-04-12,100.0,100.0,100.0,100.0,5.0
2021-04-13,102.9,102.9,102.9,102.9,840.0
2021-04-14,101.0,101.0,101.0,101.0,55.0
2021-04-15,103.0,103.0,103.0,103.0,9.0
2021-04-16,104.4,104.4,104.4,104.4,306.0
2021-04-20,100.3,100.5,100.25,100.25,777.0
2021-04-21,102.25,103.9,102.25,103.9,2.0
2021-04-22,100.0,101.0,100.0,101.0,40.0
2021-04-23,101.0,101.0,100.0,100.0,59.0
2021-04-26,100.0,100.0,100.0,100.0,2314.0
2021-04-27,101.0,103.7,101.0,101.0,306.0
2021-04-30,101.15,103.95,101.15,102.0,915.0
2021-05-03,101.85,103.95,101.8,102.0,566.0
2021-05-04,102.0,102.0,102.0,102.0,7.0
2021-05-05,102.2,103.0,101.5,101.5,452.0
2021-05-06,101.5,103.95,101.5,103.95,600.0
2021-05-07,102.05,104.0,102.05,103.95,21892.0
2021-05-10,103.95,104.8,103.05,104.0,628.0
2021-05-11,104.0,104.0,104.0,104.0,710.0
2021-05-12,103.5,103.5,103.5,103.5,300.0
2021-05-17,104.8,106.0,103.5,106.0,87.0
2021-05-18,106.0,108.0,106.0,108.0,1606.0
2021-05-19,108.95,112.3,108.15,109.0,6549.0
2021-05-20,111.95,113.35,110.0,113.35,1757.0
2021-05-21,114.95,117.85,114.95,117.85,3209.0
2021-05-24,121.95,122.0,117.1,122.0,3577.0
2021-05-25,121.0,121.0,117.15,117.15,421.0
2021-05-26,115.0,115.0,115.0,115.0,316.0
2021-05-27,113.0,116.9,112.8,112.8,1022.0
2021-05-28,110.1,116.0,110.1,116.0,1498.0
2021-05-31,120.0,120.0,118.0,118.0,292.0
2021-06-01,119.95,119.95,118.0,119.5,1673.0
2021-06-02,119.5,122.0,117.1,120.0,3370.0
2021-06-03,120.9,122.0,120.0,122.0,17043.0
2021-06-04,122.0,122.0,119.1,121.5,496.0
2021-06-07,120.5,120.5,118.0,118.0,9939.0
2021-06-08,118.0,119.9,115.0,119.9,1743.0
2021-06-09,119.9,119.9,116.8,116.8,26163.0
2021-06-10,117.05,119.0,117.05,117.25,166.0
2021-06-11,117.25,119.0,116.5,116.5,1720.0
2021-06-14,121.15,121.15,121.15,121.15,96.0
2021-06-15,125.95,125.95,125.95,125.95,3679.0
2021-06-16,130.89999,130.95,130.89999,130.95,3112.0
2021-06-17,134.8,134.95,125.75,126.1,8535.0
2021-06-18,121.55,131.0,121.55,131.0,2901.0
2021-06-21,130.0,132.89999,129.0,131.95,1155.0
2021-06-22,132.0,132.95,127.6,128.25,1903.0
2021-06-23,129.5,129.5,128.0,129.0,504.0
2021-06-24,130.89999,130.89999,123.85,129.0,1782.0
2021-06-25,124.2,125.9,123.85,123.9,10293.0
2021-06-28,124.1,124.1,121.0,121.0,754.0
2021-06-29,119.0,123.0,118.75,123.0,19399.0
2021-06-30,125.8,125.8,123.3,123.3,109.0
2021-07-01,119.3,120.0,119.2,120.0,442.0
2021-07-02,123.9,123.9,116.0,116.0,2869.0
2021-07-05,116.0,116.0,112.1,112.15,1483.0
2021-07-06,112.05,116.0,112.0,115.0,506.0
2021-07-07,119.45,119.55,116.0,116.5,2000.0
2021-07-08,119.9,119.95,116.55,119.0,1166.0
2021-07-09,118.5,119.0,116.05,116.65,793.0
2021-07-12,116.6,116.85,116.5,116.85,941.0
2021-07-13,115.3,118.85,115.1,118.85,30.0
2021-07-15,116.0,116.2,116.0,116.0,366.0
2021-07-16,115.3,118.9,115.3,118.0,4549.0
2021-07-19,118.85,118.9,115.65,115.65,57.0
2021-07-23,115.3,115.7,115.3,115.4,1125.0
2021-07-26,115.3,117.95,115.3,115.35,2504.0
2021-07-27,115.3,115.3,115.3,115.3,712.0
2021-07-28,115.3,115.3,115.3,115.3,79.0
2021-07-29,115.3,117.0,115.3,117.0,35.0
2021-08-02,116.8,117.9,115.3,117.7,21293.0
2021-08-03,115.45,117.0,115.35,117.0,67623.0
2021-08-04,117.0,117.0,115.55,115.55,506.0
2021-08-05,115.55,115.8,115.55,115.8,131.0
2021-08-06,115.55,116.0,115.5,116.0,113.0
2021-08-09,115.05,115.8,113.7,115.8,252.0
2021-08-11,115.75,115.75,115.75,115.75,15.0
2021-08-16,115.7,115.7,113.15,113.15,98.0
2021-08-17,115.45,115.45,115.0,115.0,453.0
2021-08-18,115.3,115.3,114.2,114.3,145.0
2021-08-19,115.8,115.8,114.5,114.5,245.0
2021-08-23,115.0,115.0,114.0,114.0,8411.0
2021-08-24,114.0,114.0,114.0,114.0,22.0
2021-08-25,114.0,115.5,113.7,115.5,93.0
2021-08-26,113.7,113.7,113.7,113.7,10.0
2021-08-27,115.0,115.0,115.0,115.0,10.0
2021-08-30,115.0,115.0,114.0,115.0,83.0
2021-08-31,114.0,115.0,113.5,114.0,28402.0
2021-09-01,114.0,115.8,113.7,113.7,872.0
2021-09-02,115.8,115.8,113.2,113.5,188.0
2021-09-03,115.0,118.0,115.0,118.0,1750.0
2021-09-06,113.35,117.95,113.35,117.95,78.0
2021-09-07,113.25,117.9,113.25,117.9,412.0
2021-09-08,113.5,115.85,113.5,115.8,9.0
2021-09-09,115.0,117.0,113.25,117.0,924.0
2021-09-10,117.0,117.0,115.0,115.0,12.0
2021-09-13,117.0,117.0,115.0,116.9,144.0
2021-09-16,116.05,116.05,116.0,116.0,327.0
2021-09-17,116.0,116.0,115.0,116.0,105.0
2021-09-20,116.05,116.05,116.0,116.0,2205.0
2021-09-21,113.5,118.0,113.5,118.0,376.0
2021-09-23,115.0,117.85,115.0,117.85,31.0
2021-09-24,117.0,117.0,115.0,117.0,113.0
2021-09-28,116.95,116.95,115.0,115.0,326.0
2021-09-29,115.0,115.0,112.0,112.0,1559.0
2021-09-30,111.0,115.5,108.0,109.2,3915.0
2021-10-01,113.4,113.4,113.4,113.4,1.0
2021-10-04,110.6,113.3,110.55,113.3,47.0
2021-10-05,113.0,115.45,113.0,115.45,6.0
2021-10-06,115.45,115.95,113.0,113.5,2570.0
2021-10-07,116.45,118.0,115.7,117.0,17394.0
2021-10-08,117.0,118.0,115.1,115.1,3783.0
2021-10-11,118.0,118.0,114.65,114.65,216.0
2021-10-12,114.6,116.95,114.5,114.5,1023.0
2021-10-13,114.6,116.75,114.5,116.75,122.0
2021-10-14,116.5,117.2,116.5,116.5,571.0
2021-10-15,115.0,116.5,115.0,116.5,435.0
2021-10-18,116.5,116.9,115.0,116.8,688.0
2021-10-21,115.5,115.95,114.0,114.0,199.0
2021-10-22,116.9,116.9,115.0,115.0,43.0
2021-10-25,115.0,115.9,113.5,115.9,1501.0
2021-10-26,115.9,115.9,113.8,115.65,222.0
2021-10-27,115.35,115.35,115.35,115.35,2.0
2021-10-28,113.85,113.85,110.0,111.0,23094.0
2021-10-29,112.0,112.0,109.9,110.0,2735.0
2021-11-01,114.7,114.7,110.0,113.0,177.0
2021-11-02,111.0,111.0,111.0,111.0,6381.0
2021-11-03,111.0,114.8,111.0,114.8,30.0
2021-11-04,111.4,114.9,110.5,114.9,6199.0
2021-11-05,110.6,112.95,110.6,112.95,176.0
2021-11-08,112.95,112.95,110.5,110.5,795.0
2021-11-09,110.0,113.0,110.0,110.1,906.0
2021-11-10,112.95,112.95,110.7,110.7,50.0
2021-11-11,112.9,112.9,112.9,112.9,1.0
2021-11-12,112.0,112.0,112.0,112.0,300.0
2021-11-15,112.0,112.0,111.0,112.0,36.0
2021-11-16,110.8,112.0,110.8,112.0,3376.0
2021-11-17,110.8,110.8,110.4,110.4,223.0
2021-11-19,112.0,112.0,111.0,111.0,1285.0
2021-11-22,111.95,111.95,111.0,111.0,237.0
2021-11-23,110.0,110.0,110.0,110.0,400.0
2021-11-24,111.0,111.0,111.0,111.0,2.0
2021-11-25,110.95,110.95,110.95,110.95,67.0
2021-11-26,110.1,110.1,109.0,109.0,497.0
2021-11-29,107.0,107.0,104.0,104.0,1684.0
2021-11-30,104.9,104.9,104.0,104.0,661.0
2021-12-01,103.3,103.3,103.0,103.0,200.0
2021-12-02,103.05,105.0,103.05,104.95,6679.0
2021-12-03,104.9,104.9,104.9,104.9,50.0
2021-12-06,104.9,105.0,102.0,105.0,440.0
2021-12-08,105.15,108.95,105.15,108.95,326.0
2021-12-09,108.95,110.0,108.95,110.0,190.0
2021-12-10,108.0,110.0,107.0,107.0,1765.0
2021-12-15,107.0,107.0,107.0,107.0,19780.0
2021-12-17,107.75,107.8,107.75,107.8,25.0
2021-12-20,106.55,106.55,105.5,105.5,1153.0
2021-12-21,109.0,109.0,109.0,109.0,45.0
2021-12-24,105.0,105.0,105.0,105.0,100.0
2021-12-27,106.0,106.0,105.0,105.0,112.0
2021-12-28,103.2,105.95,103.0,105.95,465.0
2021-12-29,105.1,105.1,105.1,105.1,2800.0
2021-12-30,105.0,105.0,103.55,103.55,1020.0
2021-12-31,103.55,109.75,103.55,109.75,8343.0
2022-01-07,104.05,109.7,104.05,109.7,111.0
2022-01-10,109.0,109.0,108.7,108.7,640.0
2022-01-13,107.0,107.0,105.1,107.0,111.0
2022-01-14,109.0,109.0,107.0,108.5,526.0
2022-01-17,109.65,109.7,109.6,109.6,52.0
2022-01-18,109.7,111.0,107.0,109.0,4255.0
2022-01-19,108.0,109.9,107.0,109.9,764.0
2022-01-20,109.0,116.45,109.0,116.0,8187.0
2022-01-21,116.1,116.1,112.7,115.95,246.0
2022-01-24,115.95,115.95,114.0,114.0,1425.0
2022-01-25,115.95,117.9,115.9,117.9,1055.0
2022-01-26,117.0,117.5,117.0,117.5,1276.0
2022-01-28,116.9,117.0,116.8,116.8,815.0
2022-01-31,115.6,116.8,113.0,116.0,1542.0
2022-02-01,116.5,116.5,116.0,116.0,25.0
2022-02-03,113.25,116.0,113.25,116.0,356.0
2022-02-08,115.0,115.0,113.5,114.0,522.0
2022-02-09,114.0,114.0,110.5,113.95,679.0
2022-02-10,113.0,113.0,111.0,111.0,534.0
2022-02-11,112.0,113.95,110.75,113.95,2419.0
2022-02-14,111.55,111.65,111.55,111.65,110.0
2022-02-15,111.7,111.7,111.65,111.65,330.0
2022-02-16,111.75,111.75,111.0,111.0,278.0
2022-02-17,110.8,116.0,110.8,115.0,33.0
2022-02-18,114.0,114.0,114.0,114.0,2.0
2022-02-21,111.3,111.3,110.0,110.0,2278.0
2022-02-22,113.0,113.0,110.1,111.0,562.0
2022-02-23,111.0,111.0,111.0,111.0,2230.0
2022-02-24,109.0,109.0,106.0,108.75,2163.0
2022-02-25,106.0,107.0,106.0,107.0,1007.0
2022-02-28,105.0,107.0,105.0,107.0,1930.0
2022-03-01,106.95,107.0,105.0,107.0,365.0
2022-03-02,107.0,107.0,107.0,107.0,50.0
2022-03-03,108.0,108.0,104.15,104.15,12002.0
2022-03-04,104.1,106.0,101.0,101.0,4229.0
2022-03-07,100.0,101.0,97.0,97.0,3251.0
2022-03-08,97.0,102.75,96.010002,102.75,1678.0
2022-03-09,103.95,108.9,103.95,105.0,416.0
2022-03-10,108.0,108.0,102.2,102.2,521.0
2022-03-14,102.35,102.35,102.35,102.35,3.0
2022-03-15,107.85,107.85,107.85,107.85,15.0
2022-03-16,107.45,107.45,107.45,107.45,1.0
2022-03-18,107.0,107.0,102.0,102.0,1277.0
2022-03-21,102.0,104.0,102.0,102.0,686.0
2022-03-22,101.1,102.0,101.1,102.0,854.0
2022-03-25,99.599998,99.599998,98.970001,98.970001,27.0
2022-03-28,104.9,104.9,102.0,102.0,37.0
2022-04-01,99.599998,102.95,99.599998,102.95,1134.0
2022-04-04,108.0,108.0,107.0,107.0,1852.0
2022-04-05,108.95,110.0,108.95,110.0,500.0
2022-04-06,105.0,110.95,105.0,110.95,6.0
2022-04-07,105.55,110.0,105.55,105.65,15.0
2022-04-11,108.95,108.95,108.95,108.95,1.0
2022-04-12,109.65,111.95,109.65,111.75,14462.0
2022-04-15,105.2,110.45,105.2,110.45,20.0
2022-04-18,110.0,110.0,110.0,110.0,17.0
2022-04-19,108.0,109.5,108.0,109.5,1550.0
2022-04-20,109.35,109.85,109.35,109.85,40.0
2022-04-22,109.45,110.7,109.45,110.7,509.0
2022-04-25,110.0,110.0,110.0,110.0,16.0
2022-04-26,107.0,108.0,107.0,108.0,406.0
2022-04-27,108.0,114.45,108.0,113.95,76463.0
2022-04-28,115.5,120.75,115.5,120.75,35004.0
2022-04-29,120.0,123.1,120.0,120.0,6649.0
2022-05-04,119.65,121.8,119.65,120.5,2503.0
2022-05-05,120.1,120.1,119.5,120.0,742.0
2022-05-06,120.5,120.5,120.5,120.5,1.0
2022-05-09,121.0,127.7,121.0,127.7,56913.0
2022-05-10,132.0,132.89999,127.0,127.0,36148.0
2022-05-11,125.0,125.0,124.0,124.1,1489.0
2022-05-12,124.5,126.0,120.0,120.0,5093.0
2022-05-13,120.05,124.0,120.0,123.0,15956.0
2022-05-16,126.0,130.35001,126.0,126.95,4670.0
2022-05-17,125.05,128.0,125.05,125.35,334.0
2022-05-18,126.1,128.8,126.0,126.0,1607.0
2022-05-19,125.25,126.7,124.0,124.0,420.0
2022-05-20,124.05,124.05,123.0,123.05,773.0
2022-05-23,123.0,124.0,123.0,124.0,793.0
2022-05-24,120.0,123.95,118.1,118.1,947.0
2022-05-25,118.5,123.2,118.25,123.2,108.0
2022-05-26,118.1,122.75,118.0,122.75,642.0
2022-05-27,118.0,122.25,118.0,122.25,679.0
2022-05-30,120.0,122.6,119.1,122.6,324.0
2022-05-31,123.0,125.0,123.0,123.0,642.0
2022-06-01,122.95,124.0,120.2,120.2,810.0
2022-06-02,119.25,123.15,119.2,123.15,145.0
2022-06-03,123.35,124.0,120.5,123.95,1012.0
2022-06-06,123.95,125.0,121.85,121.85,1652.0
2022-06-07,121.0,121.1,120.5,120.75,816.0
2022-06-08,119.05,123.0,118.1,123.0,506.0
2022-06-09,119.55,119.55,119.4,119.4,64.0
2022-06-10,119.45,120.0,115.0,119.9,1479.0
2022-06-13,115.0,121.95,113.1,114.1,2118.0
2022-06-14,114.4,116.0,107.3,107.3,8055.0
2022-06-15,108.0,113.7,108.0,113.7,5.0
2022-06-17,113.0,114.5,109.1,110.0,614.0
2022-06-20,112.0,114.75,112.0,114.5,180.0
2022-06-21,115.0,119.5,114.0,119.5,1176.0
2022-06-22,119.45,119.45,119.45,119.45,7.0
2022-06-23,119.0,119.0,119.0,119.0,3.0
2022-06-24,117.0,118.0,117.0,118.0,206.0
2022-06-28,111.05,111.05,111.05,111.05,12.0
2022-06-29,111.15,111.15,111.0,111.0,110.0
2022-06-30,114.3,116.95,114.3,116.95,25.0
2022-07-04,110.0,110.15,110.0,110.0,454.0
2022-07-05,111.0,114.25,109.2,109.2,459.0
2022-07-06,109.25,109.25,107.25,107.3,550.0
2022-07-07,112.95,113.0,110.15,112.95,10373.0
2022-07-08,113.0,116.85,113.0,115.0,9749.0
2022-07-12,116.0,116.0,115.85,115.85,30.0
2022-07-13,115.0,115.0,115.0,115.0,122.0
2022-07-15,114.0,114.85,112.0,112.0,490.0
2022-07-18,110.6,116.0,110.6,116.0,292.0
2022-07-19,115.85,115.85,115.85,115.85,20.0
2022-07-20,111.05,115.5,111.05,111.85,477.0
2022-07-21,115.5,115.5,112.0,112.0,630.0
2022-07-22,112.0,113.9,110.0,113.9,1262.0
2022-07-25,111.15,113.9,111.1,113.9,34.0
2022-07-26,112.7,112.8,111.2,111.2,390.0
2022-07-27,113.5,115.0,112.0,115.0,1739.0
2022-07-28,112.25,113.95,112.25,113.95,85.0
2022-07-29,112.35,112.35,111.6,112.0,421.0
2022-08-01,113.45,114.0,110.0,114.0,877.0
2022-08-02,114.0,114.0,110.5,110.5,1332.0
2022-08-03,113.0,114.5,113.0,114.5,1235.0
2022-08-04,112.1,115.4,112.1,113.0,268.0
2022-08-05,112.05,112.05,112.0,112.0,2027.0
2022-08-08,115.1,116.0,115.0,115.0,535.0
2022-08-09,116.5,118.8,116.45,118.8,1310.0
2022-08-10,118.8,118.9,118.0,118.7,54.0
2022-08-11,118.9,118.9,115.3,117.8,351.0
2022-08-12,115.45,118.7,115.0,118.2,232.0
2022-08-15,118.2,118.2,117.0,117.9,171.0
2022-08-16,119.7,120.0,118.0,118.0,1829.0
2022-08-17,118.0,118.9,117.55,118.0,106.0
2022-08-18,118.45,119.0,117.55,118.95,588.0
2022-08-19,118.75,118.75,118.75,118.75,120.0
2022-08-22,118.15,119.0,117.0,118.95,948.0
2022-08-23,118.5,118.5,117.0,117.0,804.0
2022-08-24,117.0,119.0,116.3,118.95,133.0
2022-08-25,116.3,117.0,116.25,117.0,406.0
2022-08-26,116.5,117.2,116.5,117.0,414.0
2022-08-29,117.0,118.9,115.05,118.9,538.0
2022-08-30,118.0,118.9,117.55,118.9,862.0
2022-08-31,119.95,119.95,116.0,116.1,3045.0
2022-09-01,118.8,118.8,118.8,118.8,10.0
2022-09-02,117.5,117.5,116.1,116.1,940.0
2022-09-05,118.9,118.9,115.9,117.9,787.0
2022-09-06,115.5,117.3,115.5,117.3,1282.0
2022-09-07,117.0,117.0,117.0,117.0,10.0
2022-09-09,116.0,117.0,116.0,117.0,136.0
2022-09-12,115.1,117.0,115.1,117.0,17.0
2022-09-14,115.0,115.0,114.0,114.05,164.0
2022-09-15,114.9,116.95,114.0,116.0,156.0
2022-09-16,115.0,115.0,115.0,115.0,88.0
2022-09-19,117.5,117.5,114.2,115.95,573.0
2022-09-20,114.2,116.7,114.0,116.7,131.0
2022-09-21,116.4,116.4,113.0,116.4,94.0
2022-09-22,114.0,114.0,113.0,113.1,485.0
2022-09-23,116.85,116.85,113.3,114.0,25.0
2022-09-26,113.05,114.75,110.0,114.75,319.0
2022-09-27,113.8,114.6,113.8,114.6,98.0
2022-09-28,110.1,112.0,107.75,112.0,11340.0
2022-09-29,112.9,113.3,110.0,113.3,456.0
2022-09-30,112.9,116.8,112.0,116.0,66712.0
2022-10-03,116.95,117.0,116.95,117.0,470.0
2022-10-04,116.45,116.5,114.0,114.0,400.0
2022-10-05,112.05,115.35,112.05,115.35,44.0
2022-10-06,114.0,114.0,114.0,114.0,25.0
2022-10-07,112.35,116.0,112.35,112.55,516.0
2022-10-11,115.9,115.95,115.9,115.95,540.0
2022-10-12,116.0,122.0,116.0,120.05,22399.0
2022-10-13,120.9,126.0,120.1,121.0,10166.0
2022-10-14,121.0,121.0,121.0,121.0,530.0
2022-10-17,120.95,121.0,120.95,121.0,90.0
2022-10-18,116.0,119.0,116.0,119.0,33.0
2022-10-19,118.0,120.3,118.0,120.3,359.0
2022-10-20,115.0,115.0,113.1,113.1,5722.0
2022-10-21,113.1,113.1,110.0,112.0,630.0
2022-10-24,112.0,112.0,110.85,110.85,560.0
2022-10-25,111.9,112.0,110.0,110.0,981.0
2022-10-26,109.3,111.95,109.3,111.95,166.0
2022-10-27,110.1,112.0,110.1,112.0,8.0
2022-10-28,112.0,112.0,111.95,112.0,1622.0
2022-10-31,112.0,113.1,110.05,110.05,604.0
2022-11-01,110.05,110.25,110.05,110.1,185.0
2022-11-02,110.2,113.05,110.15,110.15,30.0
2022-11-03,109.65,113.0,109.65,113.0,23.0
2022-11-09,109.5,111.95,109.5,111.95,82.0
2022-11-10,113.0,113.1,109.5,109.5,3347.0
2022-11-11,109.5,112.0,109.0,111.95,541.0
2022-11-14,108.6,111.85,108.6,111.85,114.0
2022-11-15,111.0,111.0,111.0,111.0,254.0
2022-11-16,104.7,107.55,104.7,107.55,2165.0
2022-11-17,110.7,111.0,110.7,111.0,178.0
2022-11-21,110.0,113.1,110.0,111.3,4234.0
2022-11-22,111.0,114.9,108.0,114.9,19033.0
2022-11-23,114.75,117.0,112.0,112.0,562.0
2022-11-24,114.95,115.0,114.95,115.0,130.0
2022-11-25,114.9,121.0,114.9,116.0,3200.0
2022-11-28,119.8,122.0,117.5,120.5,592.0
2022-11-29,117.0,117.0,115.3,115.3,109.0
2022-11-30,120.0,120.0,120.0,120.0,5.0
2022-12-02,115.2,115.2,115.2,115.2,9.0
2022-12-05,115.0,118.0,115.0,117.95,13.0
2022-12-06,118.0,119.85,115.1,119.45,367.0
2022-12-07,120.0,123.0,120.0,122.5,2132.0
2022-12-08,122.9,122.9,122.5,122.5,137.0
2022-12-09,121.6,121.6,121.6,121.6,100.0
2022-12-12,119.0,119.0,117.0,117.0,507.0
2022-12-13,119.35,119.35,114.5,115.2,96.0
2022-12-14,119.2,119.25,119.2,119.25,6.0
2022-12-15,119.15,119.15,119.15,119.15,1.0
2022-12-16,116.1,119.2,116.0,116.0,777.0
2022-12-19,119.1,120.0,119.1,120.0,24.0
2022-12-20,119.0,119.1,119.0,119.1,50.0
2022-12-22,115.0,118.4,115.0,118.4,510.0
2022-12-23,115.35,118.9,115.25,118.9,339.0
2022-12-27,118.95,118.95,118.95,118.95,1.0
2022-12-28,118.95,118.95,118.95,118.95,275.0
2022-12-29,115.0,115.0,115.0,115.0,181.0
2022-12-30,113.1,114.0,113.0,114.0,367.0
2023-01-03,118.95,118.95,118.95,118.95,2.0
2023-01-04,119.0,119.0,119.0,119.0,20.0
2023-01-05,113.0,116.0,112.5,115.85,120.0
2023-01-06,118.9,118.9,118.9,118.9,1.0
2023-01-09,112.05,114.95,112.05,114.95,29.0
2023-01-10,112.55,114.9,111.0,114.9,365.0
2023-01-12,114.9,114.9,114.9,114.9,10298.0
2023-01-13,114.95,118.0,114.95,118.0,101.0
2023-01-16,118.75,118.95,118.75,118.95,109.0
2023-01-24,113.1,117.95,113.1,113.5,585.0
2023-01-25,112.3,115.95,112.0,112.0,474.0
2023-01-26,111.5,111.5,107.0,107.05,6067.0
2023-01-27,102.0,111.9,102.0,111.9,428.0
2023-01-31,111.85,113.0,109.0,113.0,236.0
2023-02-01,114.0,114.0,114.0,114.0,10.0
2023-02-02,109.75,114.0,109.75,110.15,10172.0
2023-02-03,110.2,111.0,110.15,110.25,130.0
2023-02-06,110.5,113.9,110.5,113.9,24.0
2023-02-07,113.0,113.0,113.0,113.0,2220.0
2023-02-08,110.4,114.45,110.4,114.45,64.0
2023-02-09,113.0,116.35,113.0,116.35,786.0
2023-02-10,116.15,118.9,112.0,112.0,471.0
2023-02-13,111.05,113.2,111.05,113.2,253.0
2023-02-14,114.0,116.0,114.0,116.0,81.0
2023-02-16,115.85,118.8,113.2,115.0,152.0
2023-02-17,117.85,117.85,113.1,117.0,83.0
2023-02-20,113.5,117.0,113.1,117.0,191.0
2023-02-21,113.0,116.9,113.0,116.9,891.0
2023-02-23,113.55,118.0,113.55,118.0,42.0
2023-02-24,114.05,117.75,114.05,117.75,74.0
2023-02-27,119.0,119.0,116.0,116.0,497.0
2023-02-28,115.1,117.7,114.0,117.7,137.0
2023-03-01,115.0,117.0,114.0,117.0,315.0
2023-03-02,113.7,116.5,113.7,116.5,37.0
2023-03-03,113.65,116.95,112.0,116.95,817.0
2023-03-06,117.85,117.85,117.85,117.85,10.0
2023-03-08,115.0,116.5,112.0,116.5,147.0
2023-03-10,113.5,115.3,112.0,112.25,149.0
2023-03-13,112.25,115.45,112.1,115.45,18.0
2023-03-14,112.0,115.25,112.0,115.25,40.0
2023-03-15,115.25,115.25,115.25,115.25,1.0
2023-03-16,112.05,114.75,112.0,114.75,16.0
2023-03-17,111.0,114.75,111.0,114.75,14.0
2023-03-21,113.95,117.0,112.1,116.4,1751.0
2023-03-22,116.35,116.35,112.55,112.55,15.0
2023-03-23,115.0,115.2,112.1,115.2,335.0
2023-03-24,122.1,122.1,121.0,122.0,12176.0
2023-03-27,117.0,123.0,116.0,123.0,7869.0
2023-03-28,120.0,120.0,120.0,120.0,110.0
2023-03-29,120.9,122.0,120.9,122.0,18410.0
2023-03-31,118.55,122.0,118.5,122.0,460.0
2023-04-03,119.0,119.0,119.0,119.0,500.0
2023-04-04,120.0,120.0,117.0,117.0,7.0
2023-04-05,116.55,120.0,116.55,117.0,243.0
2023-04-06,118.0,120.45,118.0,120.45,667.0
2023-04-07,120.0,120.0,120.0,120.0,2144.0
2023-04-10,120.8,126.0,120.8,123.0,13430.0
2023-04-11,123.0,129.0,123.0,129.0,1098.0
2023-04-12,129.0,129.0,123.0,123.0,1178.0
2023-04-13,120.0,127.9,120.0,121.3,5210.0
2023-04-14,122.95,128.0,121.5,125.5,6349.0
2023-04-17,127.5,129.25,125.0,125.0,3622.0
2023-04-18,126.0,127.0,124.1,125.0,1498.0
2023-04-19,125.0,131.95,125.0,127.1,10236.0
2023-04-20,130.89999,131.0,127.6,127.6,6933.0
2023-04-21,131.95,133.95,131.89999,132.5,1663.0
2023-04-25,131.0,132.35001,130.95,130.95,66.0
2023-04-26,128.05,130.0,128.05,130.0,1855.0
2023-04-27,128.95,128.95,122.6,128.95,4578.0
2023-04-28,126.0,129.89999,126.0,126.0,2611.0
2023-05-02,126.4,130.0,126.4,130.0,1578.0
2023-05-03,130.0,132.0,127.0,128.10001,4903.0
2023-05-04,128.10001,132.0,128.10001,128.10001,874.0
2023-05-05,130.0,135.0,125.7,125.7,8207.0
2023-05-08,133.0,133.0,130.0,130.0,171.0
2023-05-09,133.0,133.0,132.5,132.5,35.0
2023-05-10,128.60001,140.39999,128.60001,140.39999,22001.0
2023-05-11,145.0,148.0,142.5,145.45,16023.0
2023-05-12,147.0,149.89999,147.0,149.0,9049.0
2023-05-15,149.85001,149.85001,146.5,148.5,1168.0
2023-05-16,148.3,149.0,144.10001,149.0,3261.0
2023-05-17,149.0,153.0,148.0,150.05,21213.0
2023-05-18,150.05,154.0,150.0,153.89999,4289.0
2023-05-19,150.0,153.0,150.0,150.0,12676.0
2023-05-22,150.0,152.60001,150.0,152.60001,1015.0
2023-05-23,150.0,151.60001,146.0,150.0,430.0
2023-05-24,150.0,150.0,150.0,150.0,8.0
2023-05-25,146.10001,146.5,146.10001,146.5,294.0
2023-05-26,146.5,149.3,146.5,149.3,363.0
2023-05-29,149.3,154.0,149.3,153.95,3737.0
2023-05-30,153.95,159.0,153.89999,155.0,3591.0
2023-05-31,157.0,164.25,155.0,160.0,13961.0
2023-06-01,160.0,160.0,155.39999,158.0,7070.0
2023-06-02,160.0,160.0,153.0,153.10001,924.0
2023-06-05,155.89999,157.0,153.0,153.0,1080.0
2023-06-06,153.10001,156.85001,153.10001,156.85001,85.0
2023-06-07,152.5,156.0,152.2,156.0,110.0
2023-06-08,151.64999,159.45,151.60001,159.45,2262.0
2023-06-09,159.45,159.45,153.0,159.45,135.0
2023-06-12,154.0,160.0,154.0,160.0,4260.0
2023-06-13,156.0,160.0,156.0,158.0,1008.0
2023-06-14,156.7,160.0,156.7,159.5,182.0
2023-06-15,160.0,160.0,156.0,159.0,2241.0
2023-06-16,155.5,158.0,153.0,157.0,4102.0
2023-06-19,151.10001,155.85001,151.10001,151.60001,1937.0
2023-06-20,155.35001,155.39999,154.89999,155.0,2178.0
2023-06-21,155.85001,155.89999,151.89999,152.10001,153.0
2023-06-22,154.0,154.0,151.95,151.95,545.0
2023-06-23,152.0,160.0,148.5,160.0,7512.0
2023-06-26,155.0,163.0,155.0,160.89999,412.0
2023-06-27,163.8,169.0,159.60001,165.0,12517.0
2023-06-28,165.0,166.85001,165.0,166.85001,2732.0
2023-07-03,162.14999,166.5,161.0,165.75,2845.0
2023-07-04,163.0,165.95,161.5,165.95,880.0
2023-07-05,162.10001,162.10001,162.0,162.0,580.0
2023-07-06,162.0,170.0,162.0,170.0,11125.0
2023-07-07,175.0,180.0,175.0,175.95,6874.0
2023-07-10,176.0,177.8,172.0,176.0,655.0
2023-07-11,173.5,178.0,173.0,177.75,4235.0
2023-07-12,177.7,177.75,173.5,177.5,2611.0
2023-07-13,177.0,177.0,175.0,176.85001,3940.0
2023-07-14,176.45,177.0,175.0,177.0,4318.0
2023-07-17,175.0,175.0,172.0,175.0,7260.0
2023-07-18,175.0,177.0,175.0,176.0,7994.0
2023-07-20,176.0,182.0,175.0,180.0,8216.0
2023-07-21,180.0,186.5,180.0,183.0,4883.0
2023-07-24,182.0,183.0,180.0,180.0,23236.0
2023-07-25,180.05,184.0,179.0,184.0,284.0
2023-07-26,183.5,184.0,180.0,184.0,42.0
2023-07-27,182.0,182.0,180.5,182.0,59.0
2023-07-28,182.0,185.0,182.0,185.0,6868.0
2023-07-31,186.0,194.0,185.0,193.5,3745.0
2023-08-01,194.95,194.95,190.0,193.7,895.0
2023-08-02,195.0,204.0,192.0,203.89999,26485.0
2023-08-03,208.3,210.89999,200.0,202.60001,15937.0
2023-08-04,214.75,214.75,214.75,214.75,4374.0
2023-08-07,227.60001,227.60001,227.60001,227.60001,25347.0
2023-08-08,225.0,229.0,216.0,225.0,14991.0
2023-08-09,227.0,233.0,225.0,228.0,10100.0
2023-08-10,229.0,229.0,227.5,228.75,425.0
2023-08-11,228.39999,228.39999,222.0,224.0,1761.0
2023-08-15,226.8,226.8,224.0,224.10001,87.0
2023-08-16,223.14999,223.14999,222.10001,222.10001,150.0
2023-08-17,222.10001,222.10001,216.5,219.75,3144.0
2023-08-18,217.0,218.0,215.39999,217.39999,1382.0
2023-08-22,216.2,220.0,216.2,218.0,2900.0
2023-08-23,220.0,221.0,220.0,220.0,3029.0
2023-08-24,220.0,222.0,219.0,222.0,10240.0
2023-08-25,224.0,227.55,221.0,221.0,4262.0
2023-08-28,220.0,224.0,217.25,220.0,15416.0
2023-08-29,217.0,222.95,217.0,220.0,73.0
2023-08-30,220.0,225.95,220.0,225.0,27614.0
2023-08-31,223.0,223.0,212.0,216.0,32086.0
2023-09-01,212.14999,218.95,212.0,212.0,6235.0
2023-09-04,212.5,212.5,199.3,199.3,14221.0
2023-09-05,200.0,204.89999,195.0,202.95,5198.0
2023-09-06,201.0,205.0,197.0,197.0,3400.0
2023-09-07,200.0,205.0,200.0,200.0,9547.0
2023-09-08,204.0,204.0,198.5,199.89999,3446.0
2023-09-11,188.05,194.0,187.95,187.95,26080.0
2023-09-12,187.0,187.0,177.14999,180.10001,14951.0
2023-09-13,181.0,190.89999,181.0,190.89999,14083.0
2023-09-14,196.89999,196.89999,188.0,188.0,9577.0
2023-09-15,193.5,193.5,190.0,192.0,3588.0
2023-09-18,192.95,194.0,187.5,192.0,2390.0
2023-09-19,194.0,197.0,190.0,191.0,11435.0
2023-09-20,191.0,198.0,190.0,198.0,18037.0
2023-09-21,200.5,209.85001,200.5,209.10001,53449.0
2023-09-22,214.95,216.5,208.60001,215.05,35057.0
2023-09-25,220.0,224.0,215.0,215.0,21405.0
2023-09-26,214.0,217.0,207.05,210.0,20558.0
2023-09-27,212.0,213.89999,208.14999,210.0,7774.0
2023-10-02,212.0,212.0,209.0,210.0,6119.0
2023-10-03,213.0,219.0,213.0,214.89999,11093.0
2023-10-04,214.89999,215.0,209.0,210.0,4762.0
2023-10-05,222.55,222.55,222.55,222.55,998.0
2023-10-06,234.89999,234.89999,215.0,221.0,58932.0
2023-10-09,223.0,223.0,214.0,216.0,7951.0
2023-10-10,217.0,226.0,215.0,226.0,8120.0
2023-10-11,226.5,234.89999,226.5,232.0,15974.0
2023-10-12,232.0,235.0,228.0,235.0,19280.0
2023-10-13,239.0,250.0,239.0,242.05,17428.0
2023-10-16,244.10001,246.0,239.0,239.0,10830.0
2023-10-17,242.95,243.8,236.10001,236.10001,14169.0
2023-10-18,237.89999,240.0,235.0,236.0,3390.0
2023-10-19,236.0,240.0,232.0,237.5,4714.0
2023-10-20,232.8,234.5,227.0,234.5,4033.0
2023-10-23,235.0,235.0,228.0,228.0,1252.0
2023-10-24,228.10001,230.0,225.0,230.0,2733.0
2023-10-25,229.7,230.0,226.75,227.10001,1480.0
2023-10-26,225.5,225.5,220.0,224.0,3068.0
2023-10-27,220.0,222.95,217.25,220.0,6911.0
2023-10-30,219.0,223.0,216.2,220.0,4035.0
2023-10-31,217.8,224.0,217.8,220.8,1275.0
2023-11-01,220.5,224.0,220.0,223.95,1681.0
2023-11-02,221.0,224.0,221.0,224.0,678.0
2023-11-03,221.0,224.0,221.0,221.0,33.0
2023-11-07,224.0,229.0,221.2,224.0,16310.0
2023-11-08,228.0,228.45,222.0,225.0,1007.0
2023-11-09,224.95,226.95,219.0,220.0,2860.0
2023-11-10,224.7,224.7,218.25,220.0,612.0
2023-11-13,219.0,219.89999,218.55,219.89999,423.0
2023-11-14,220.0,226.0,220.0,221.05,4260.0
2023-11-15,222.0,233.0,222.0,230.8,10760.0
2023-11-16,228.0,234.0,228.0,232.0,627.0
2023-11-17,232.0,232.0,221.0,225.0,2966.0
2023-11-20,225.10001,228.0,223.0,223.0,336.0
2023-11-21,229.89999,229.89999,223.55,225.0,180.0
2023-11-22,225.0,227.0,224.0,227.0,1613.0
2023-11-23,227.0,227.0,224.05,225.0,5095.0
2023-11-24,227.0,229.89999,225.0,229.0,1912.0
2023-11-27,225.05,225.05,224.05,224.10001,1113.0
2023-11-28,225.0,225.0,221.55,221.55,4540.0
2023-11-29,227.64999,227.64999,226.5,226.5,20.0
2023-11-30,219.7,219.7,207.10001,207.10001,43629.0
2023-12-01,208.0,214.0,207.0,210.0,1628.0
2023-12-04,205.0,209.45,202.0,209.45,611.0
2023-12-05,203.5,207.85001,197.05,200.0,5082.0
2023-12-06,202.0,208.85001,202.0,206.8,64.0
2023-12-07,205.0,211.0,204.0,211.0,1592.0
2023-12-08,207.0,211.0,207.0,210.0,6538.0
2023-12-11,205.55,210.0,205.5,207.0,749.0
2023-12-12,208.0,210.0,208.0,210.0,212.0
2023-12-13,209.0,210.0,207.0,209.7,616.0
2023-12-14,210.0,210.0,206.55,209.95,754.0
2023-12-15,208.0,210.0,208.0,210.0,16200.0
2023-12-18,210.0,214.95,210.0,214.95,2111.0
2023-12-19,215.0,217.0,214.0,216.85001,1852.0
2023-12-20,217.0,217.0,214.0,216.5,2721.0
2023-12-21,215.95,215.95,210.05,214.85001,2190.0
2023-12-22,214.8,214.8,211.10001,211.10001,1833.0
2023-12-25,214.95,214.95,211.2,214.10001,655.0
2023-12-26,211.10001,211.10001,204.0,208.75,844931.0
2023-12-27,213.8,213.8,203.05,203.5,8385.0
2023-12-28,205.0,210.0,204.0,204.95,2302.0
2023-12-29,204.95,207.0,202.0,207.0,8133.0
2024-01-02,212.85001,212.85001,206.95,206.95,560.0
2024-01-03,206.95,207.0,195.0,204.0,14038.0
2024-01-04,205.89999,205.89999,195.0,200.0,19551.0
2024-01-05,200.0,200.0,192.0,195.05,15294.0
2024-01-08,196.5,203.0,194.05,194.95,10795.0
2024-01-09,195.0,195.0,188.0,192.2,13989.0
2024-01-10,193.95,194.0,188.0,190.0,3880.0
2024-01-12,192.05,192.10001,188.75,190.0,4019.0
2024-01-15,190.0,197.7,190.0,197.39999,5034.0
2024-01-16,197.35001,199.89999,197.0,197.0,3495.0
2024-01-17,197.0,205.0,197.0,202.0,9204.0
2024-01-18,203.10001,205.5,203.0,204.0,5665.0
2024-01-19,205.7,214.0,204.10001,211.10001,22120.0
2024-01-22,213.95,217.0,209.0,212.95,2689.0
2024-01-23,213.0,213.0,205.0,206.5,2860.0
2024-01-24,209.89999,209.89999,203.60001,203.60001,1855.0
2024-01-25,206.0,206.0,202.0,204.0,1140.0
2024-01-26,204.0,205.0,201.0,201.0,2776.0
2024-01-29,203.0,204.8,200.39999,204.0,294.0
2024-01-30,206.0,206.0,202.0,202.0,4938.0
2024-01-31,205.89999,205.89999,200.7,201.05,779.0
2024-02-01,204.85001,204.85001,201.10001,201.39999,2713.0
2024-02-02,202.0,209.0,201.64999,209.0,3145.0
2024-02-05,209.0,213.89999,209.0,210.7,5166.0
2024-02-06,211.5,217.05,210.8,217.05,10086.0
2024-02-07,220.0,224.0,219.3,223.0,22197.0
2024-02-08,226.0,226.89999,223.0,223.0,10256.0
2024-02-09,225.89999,225.89999,220.0,225.0,12504.0
2024-02-12,225.0,226.0,225.0,225.0,2742.0
2024-02-13,223.05,228.0,223.05,225.0,14902.0
2024-02-14,225.0,227.0,225.0,226.0,27183.0
2024-02-15,226.0,227.5,226.0,226.0,3910.0
2024-02-16,225.10001,225.10001,223.0,225.0,3227.0
2024-02-19,223.0,226.0,223.0,225.0,3052.0
2024-02-20,222.10001,225.0,222.10001,225.0,175.0
2024-02-21,222.10001,224.89999,222.10001,224.85001,336.0
2024-02-22,224.85001,227.0,224.60001,225.0,16994.0
2024-02-23,224.10001,227.0,222.0,226.5,2099.0
2024-02-26,225.0,227.0,224.0,227.0,433.0
2024-02-27,223.5,228.0,223.5,227.0,2890.0
2024-02-28,224.10001,225.10001,224.0,225.10001,1903.0
2024-02-29,227.0,227.0,213.5,220.0,16343.0
2024-03-01,220.0,220.0,215.0,215.0,4319.0
2024-03-04,216.0,217.0,208.0,210.10001,7794.0
2024-03-05,210.0,214.89999,207.0,211.2,3386.0
2024-03-06,211.8,211.8,206.3,210.0,1177.0
2024-03-07,206.45,209.95,206.0,209.5,2085.0
2024-03-08,209.0,211.0,207.10001,210.0,4527.0
2024-03-11,208.05,210.0,208.05,210.0,699.0
2024-03-12,211.0,216.0,211.0,215.10001,4164.0
2024-03-13,218.0,218.0,212.10001,215.10001,831.0
2024-03-14,218.0,220.05,217.10001,220.05,3161.0
2024-03-15,230.0,232.0,226.05,229.89999,116713.0
2024-03-18,230.0,230.0,226.10001,229.5,28025.0
2024-03-19,229.0,230.0,226.0,229.39999,27000.0
2024-03-20,226.10001,228.95,226.10001,228.0,401.0
2024-03-21,228.95,228.95,226.0,227.95,10477.0
2024-03-22,226.55,228.89999,226.0,228.0,7587.0
2024-03-25,228.0,228.7,225.0,225.0,19799.0
2024-03-26,225.0,226.5,225.0,226.5,24292.0
2024-03-27,227.8,228.0,222.10001,225.0,8766.0
2024-03-28,225.0,226.0,225.0,226.0,5920.0
2024-03-29,227.0,241.10001,226.0,241.10001,53362.0
2024-04-01,244.0,251.0,243.0,251.0,28617.0
2024-04-02,255.0,259.0,251.0,251.7,30678.0
2024-04-03,258.5,258.75,251.8,253.0,12216.0
2024-04-04,250.2,254.89999,249.0,251.8,653.0
2024-04-05,251.8,251.8,246.0,250.0,340.0
2024-04-08,250.0,252.0,242.0,250.0,20643.0
2024-04-09,250.0,257.0,245.10001,255.7,22654.0
2024-04-15,253.0,255.64999,243.0,250.0,6785.0
2024-04-16,245.0,252.0,245.0,250.0,12381.0
2024-04-17,249.0,251.0,245.0,251.0,7527.0
2024-04-18,252.0,252.0,250.0,252.0,882.0
2024-04-19,252.0,253.0,250.0,252.0,11818.0
2024-04-22,250.0,250.10001,250.0,250.0,19734.0
2024-04-23,247.39999,248.0,244.0,247.0,1213.0
2024-04-24,247.0,258.75,244.95,250.0,408488.0
2024-04-25,253.0,253.0,247.05,248.0,670.0
2024-04-26,250.0,258.5,250.0,258.5,10531.0
2024-04-29,258.0,264.89999,258.0,264.10001,4753.0
2024-04-30,264.0,265.10001,259.0,260.10001,3564.0
2024-05-02,260.04999,267.0,260.0,260.0,4084.0
2024-05-03,264.95001,265.0,260.0,264.0,428.0
2024-05-06,260.5,260.5,251.10001,259.95001,267.0
2024-05-07,256.70001,260.0,256.70001,258.0,443.0
2024-05-08,260.0,260.0,258.0,258.5,2419.0
2024-05-09,260.0,260.0,250.0,250.0,2966.0
2024-05-10,250.0,257.0,249.0,253.0,903.0
2024-05-13,250.0,252.89999,250.0,251.0,953.0
2024-05-14,250.0,253.0,248.0,251.0,1235.0
2024-05-15,250.0,250.0,247.0,247.0,351.0
2024-05-16,247.0,249.89999,240.0,248.89999,2070.0
2024-05-17,249.0,249.0,242.3,248.0,66.0
2024-05-20,249.95,250.0,245.0,250.0,122.0
2024-05-21,248.0,248.0,242.60001,243.0,289.0
2024-05-22,243.0,243.0,231.2,231.2,1775.0
2024-05-23,236.0,241.95,236.0,241.95,124.0
2024-05-24,236.0,239.5,232.05,233.0,1690.0
2024-05-27,240.0,240.0,240.0,240.0,46.0
2024-05-28,241.95,242.5,235.0,242.5,3499.0
2024-05-29,236.60001,242.39999,236.5,240.0,573.0
2024-05-30,240.0,240.0,239.89999,239.89999,104.0
2024-05-31,235.0,240.0,230.0,239.89999,2156.0
2024-06-03,238.89999,239.7,235.0,239.7,327.0
2024-06-04,233.0,239.8,233.0,239.64999,100.0
2024-06-05,239.7,245.0,221.0,245.0,4006.0
2024-06-06,230.0,242.45,230.0,232.0,261.0
2024-06-07,243.0,243.0,235.0,239.8,157.0
2024-06-10,236.05,236.10001,236.05,236.10001,18.0
2024-06-11,237.0,240.0,237.0,240.0,33.0
2024-06-12,240.0,243.0,236.05,243.0,119.0
2024-06-13,242.89999,243.0,242.89999,243.0,112.0
2024-06-14,243.0,243.89999,243.0,243.89999,851.0
2024-06-19,240.10001,243.89999,240.10001,243.89999,22.0
2024-06-20,242.0,242.0,241.95,241.95,2708.0
2024-06-21,240.0,245.0,240.0,245.0,2090.0
2024-06-24,238.0,243.0,238.0,243.0,46.0
2024-06-25,238.55,242.0,238.55,242.0,540.0
2024-06-26,240.0,240.0,238.55,238.55,96.0
2024-06-27,238.55,239.0,238.0,238.0,252.0
2024-06-28,240.0,240.0,234.5,240.0,9242.0
2024-07-01,236.0,239.5,235.8,239.5,213.0
2024-07-02,234.0,239.5,234.0,239.5,222.0
2024-07-03,234.0,237.5,234.0,237.5,152.0
2024-07-04,237.5,240.75,234.05,239.0,53.0
2024-07-05,238.95,239.0,234.10001,238.0,126.0
2024-07-08,239.0,239.0,234.05,239.0,112.0
2024-07-09,234.0,238.0,234.0,238.0,283.0
2024-07-10,239.0,239.5,235.0,239.5,46.0
2024-07-11,239.5,239.5,239.5,239.5,51.0
2024-07-12,239.5,245.0,239.0,245.0,6134.0
2024-07-15,238.05,250.0,238.0,241.0,1053.0
2024-07-16,249.39999,249.39999,242.0,249.0,29.0
2024-07-17,243.0,248.0,243.0,243.0,3968.0
2024-07-18,249.0,249.0,240.64999,243.0,294.0
2024-07-19,242.0,248.0,241.2,241.2,1612.0
2024-07-22,241.5,244.0,241.5,243.5,363.0
2024-07-23,241.8,247.95,240.0,240.0,1270.0
2024-07-24,245.0,250.0,238.05,250.0,5237.0
2024-07-25,249.95,250.0,249.95,250.0,1744.0
2024-07-26,243.05,250.0,240.0,250.0,7485.0
2024-07-29,250.0,252.39999,243.2,250.0,1730.0
2024-07-31,252.0,252.0,240.0,247.0,5824.0
2024-08-01,241.0,245.95,240.0,245.95,1620.0
2024-08-02,246.39999,246.5,240.0,240.0,3384.0
2024-08-05,240.10001,240.10001,230.05,238.5,3984.0
2024-08-06,232.10001,238.0,232.10001,238.0,156.0
2024-08-07,241.95,241.95,230.0,238.0,1011.0
2024-08-08,233.05,237.89999,230.05,237.89999,153.0
2024-08-09,231.10001,237.45,231.10001,236.5,445.0
2024-08-12,237.95,237.95,236.5,236.5,48.0
2024-08-13,234.0,237.89999,233.0,237.89999,166.0
2024-08-15,235.0,237.8,234.0,237.8,15.0
2024-08-16,237.85001,237.85001,233.0,237.7,791.0
2024-08-19,231.0,238.5,231.0,238.5,499.0
2024-08-22,231.10001,239.85001,231.10001,239.0,240.0
2024-08-23,234.05,238.95,234.05,237.0,39.0
2024-08-26,237.0,237.0,237.0,237.0,96.0
2024-08-27,237.0,238.35001,229.60001,238.35001,1085.0
2024-08-28,237.45,237.5,232.10001,237.5,302.0
2024-08-29,237.0,237.0,233.5,234.35001,341.0
2024-08-30,234.39999,236.0,232.60001,235.0,887.0
2024-09-02,237.5,237.5,232.5,235.0,42.0
2024-09-03,231.05,237.0,230.0,237.0,3807.0
2024-09-04,230.2,236.85,230.0,231.0,1359.0
2024-09-05,234.95,234.95,226.0,230.0,1389.0
2024-09-06,230.0,230.0,229.0,230.0,363.0
2024-09-09,230.0,230.0,226.0,229.95,2586.0
2024-09-10,226.35,229.95,226.0,226.55,1231.0
2024-09-11,229.85,229.85,224.0,224.0,5253.0
2024-09-12,224.05,229.9,223.0,229.7,587.0
2024-09-13,229.7,229.7,229.0,229.0,158.0
2024-09-18,226.0,229.2,226.0,229.2,32.0
2024-09-19,226.0,229.2,225.0,229.2,495.0
2024-09-20,225.0,229.2,224.0,225.0,1461.0
2024-09-23,221.0,229.15,221.0,226.0,17644.0
2024-09-24,229.0,229.0,222.1,228.0,50.0
2024-09-25,224.0,227.5,221.0,227.0,546.0
2024-09-26,227.5,227.5,223.2,226.4,108.0
2024-09-27,223.25,226.0,220.0,220.0,2759.0
2024-09-30,217.0,223.9,217.0,219.8,1405.0
2024-10-01,219.6,219.6,216.0,216.0,859.0
2024-10-02,215.05,216.0,211.05,215.8,983.0
2024-10-03,216.5,222.5,216.5,222.35,92.0
2024-10-04,222.2,222.2,222.0,222.0,93.0
2024-10-07,214.15,221.75,214.15,216.0,189.0
2024-10-08,215.0,218.9,215.0,215.0,115.0
2024-10-09,215.0,215.0,214.0,215.0,968.0
2024-10-10,215.0,221.0,215.0,216.0,187.0
2024-10-11,217.0,220.75,217.0,220.75,1335.0
2024-10-14,218.0,224.0,216.15,219.95,593.0
2024-10-15,217.0,219.95,216.0,219.95,318.0
2024-10-16,219.95,219.95,215.5,218.85,343.0
2024-10-17,215.5,218.0,213.0,218.0,753.0
2024-10-18,217.9,217.9,215.0,215.05,1558.0
2024-10-21,220.0,220.0,215.0,215.0,5498.0
2024-10-22,215.0,219.95,215.0,219.45,62.0
2024-10-23,214.1,219.85,214.1,215.0,49.0
2024-10-24,218.95,218.95,215.0,215.0,361.0
2024-10-25,219.0,219.0,212.6,215.0,648.0
2024-10-28,212.8,216.5,212.6,214.1,358.0
2024-10-29,214.1,217.5,214.0,217.5,868.0
2024-10-30,217.85,217.85,217.85,217.85,4.0
2024-10-31,214.15,217.5,208.0,208.0,5326.0
2024-11-01,208.0,216.25,208.0,216.25,498.0
2024-11-04,214.95,215.0,214.95,215.0,15.0
2024-11-05,209.15,215.0,209.15,215.0,9.0
2024-11-07,216.25,219.85,216.25,218.95,44.0
2024-11-08,215.1,217.0,210.0,214.0,4449.0
2024-11-11,211.0,214.0,211.0,212.05,4368.0
2024-11-12,215.0,217.95,210.0,210.0,2307.0
2024-11-13,210.0,210.15,209.0,209.55,1079.0
2024-11-14,209.1,213.9,208.0,208.0,4029.0
2024-11-15,210.0,210.0,208.0,208.0,1014.0
2024-11-19,210.0,213.95,208.0,208.0,7393.0
2024-11-20,208.35,211.95,208.0,208.0,1063.0
2024-11-21,210.0,214.9,208.0,208.0,36774.0
2024-11-22,210.0,214.5,210.0,214.0,204.0
2024-11-25,214.9,215.0,208.65,208.65,559.0
2024-11-26,211.0,216.0,211.0,215.0,865.0
2024-11-27,214.85,216.0,214.0,215.0,193.0
2024-11-28,215.0,215.0,211.6,214.0,4939.0
2024-11-29,215.0,215.0,209.55,213.95,1329.0
2024-12-02,215.0,215.0,209.0,209.0,1199.0
2024-12-03,213.85,213.85,210.0,210.0,37.0
2024-12-04,213.7,213.7,210.0,213.0,109.0
2024-12-05,211.0,213.0,209.0,209.0,772.0
2024-12-06,210.0,212.0,209.05,209.05,442.0
2024-12-09,210.0,228.5,210.0,228.0,15064.0
2024-12-10,238.0,243.0,217.0,225.1,34358.0
2024-12-11,236.0,236.0,226.05,226.05,17535.0
2024-12-12,226.05,234.0,225.0,230.0,41132.0
2024-12-13,232.0,232.0,227.0,227.0,28593.0
2024-12-16,234.9,238.8,230.0,232.0,2560.0
2024-12-17,235.8,235.8,228.0,230.0,1772.0
2024-12-18,233.0,233.0,226.5,232.9,2475.0
2024-12-19,232.5,232.5,225.0,229.5,9779.0
2024-12-20,227.0,228.0,220.1,225.05,6265.0
2024-12-23,225.0,225.0,220.15,222.5,516.0
2024-12-24,228.9,228.9,222.1,223.0,40.0
2024-12-25,222.1,225.85,222.1,225.85,85.0
2024-12-26,228.8,228.8,222.4,228.5,168.0
2024-12-27,225.0,227.0,223.6,227.0,422.0
2024-12-30,226.0,228.0,225.0,227.0,501.0
2024-12-31,228.0,228.0,222.1,224.05,1994.0
2025-01-02,226.0,230.0,224.0,224.5,3303.0
2025-01-03,229.0,230.0,225.45,225.45,5414.0
2025-01-06,225.45,229.5,224.7,229.5,2383.0
2025-01-07,230.0,230.0,225.1,225.1,1529.0
2025-01-08,229.85,237.0,225.5,235.0,14091.0
2025-01-09,239.7,244.0,237.0,238.2,21945.0
2025-01-10,243.0,247.9,237.0,237.0,17160.0
2025-01-13,240.0,240.0,235.0,235.0,529.0
2025-01-15,239.0,239.0,233.2,233.2,11365.0
2025-01-16,235.0,236.9,232.0,236.0,1400.0
2025-01-17,236.0,247.0,236.0,247.0,25555.0
2025-01-20,248.8,261.0,248.8,256.45,76703.0
2025-01-21,259.9,259.9,250.0,250.0,3542.0
2025-01-22,250.3,256.0,246.0,256.0,2890.0
2025-01-23,255.0,273.95,255.0,273.0,38511.0
2025-01-24,276.0,285.0,274.0,277.0,63033.0
2025-01-27,283.75,283.75,275.0,280.0,4621.0
2025-01-28,283.7,283.7,277.0,277.0,1240.0
2025-01-29,280.0,283.0,272.0,274.0,11198.0
2025-01-30,278.95,280.0,272.5,280.0,13821.0
2025-01-31,280.0,294.8,271.0,276.0,25712.0
2025-02-03,289.0,289.0,276.0,283.0,617.0
2025-02-04,277.0,280.0,276.0,280.0,508.0
2025-02-05,281.0,285.0,276.5,280.1,6132.0
2025-02-06,284.9,296.0,284.85,292.9,2794.0
2025-02-07,299.0,305.9,290.1,305.0,53166.0
2025-02-10,314.0,317.8,310.0,310.0,24899.0
2025-02-11,318.95,318.95,294.0,294.0,8472.0
2025-02-12,295.0,306.0,295.0,300.0,18946.0
2025-02-13,300.0,304.95,300.0,300.1,8132.0
2025-02-14,303.0,303.0,296.3,300.0,11066.0
2025-02-17,300.0,306.75,293.4,297.5,1641.0
2025-02-18,300.0,303.5,295.0,303.5,10416.0
2025-02-19,305.0,305.0,296.1,302.0,1630.0
2025-02-20,304.75,304.75,298.1,298.5,5307.0
2025-02-21,298.0,304.75,295.0,300.0,24535.0
2025-02-24,304.75,304.75,299.9,299.9,1367.0
2025-02-25,303.0,316.0,302.0,310.0,16709.0
2025-02-26,305.55,310.0,305.0,309.9,6065.0
2025-02-27,309.4,309.4,295.0,295.0,5936.0
2025-02-28,304.0,304.0,280.0,280.0,4651.0
2025-03-03,297.45,297.45,296.95,297.0,166.0
2025-03-04,299.9,299.9,285.0,285.0,462.0
2025-03-05,295.95,295.95,290.0,290.0,168.0
2025-03-06,290.5,290.5,283.0,285.0,827.0
2025-03-07,285.0,304.8,284.0,304.8,1355.0
2025-03-10,304.0,304.0,304.0,304.0,63.0
2025-03-11,300.0,300.0,295.0,296.0,160.0
2025-03-12,295.35,296.5,290.0,296.0,2725.0
2025-03-13,286.0,296.0,286.0,296.0,316.0
2025-03-14,296.0,300.0,290.0,300.0,3988.0
2025-03-17,305.0,306.0,290.0,298.0,88.0
2025-03-18,299.95,300.0,290.0,300.0,739.0
2025-03-19,300.0,313.0,300.0,310.0,32917.0
2025-03-20,309.95,310.0,302.0,310.0,14378.0
2025-03-21,310.0,311.0,308.0,310.0,8118.0
2025-03-24,312.0,312.0,310.0,310.0,20742.0
2025-03-25,326.05,329.0,320.0,320.05,33485.0
2025-03-26,320.0,324.95,310.0,317.0,3971.0
2025-03-27,312.0,319.8,312.0,312.0,3250.0
2025-03-28,311.0,315.0,300.0,300.0,13607.0
2025-04-02,300.5,310.0,300.0,301.0,1812.0
2025-04-03,300.0,302.95,295.0,296.1,1089.0
2025-04-04,296.05,300.0,292.05,292.05,6096.0
2025-04-07,290.25,290.25,272.0,276.0,11742.0
2025-04-08,277.0,289.0,277.0,280.15,2981.0
2025-04-09,280.0,284.0,270.0,271.0,41608.0
2025-04-10,290.0,298.05,275.0,275.0,4845.0
2025-04-11,289.0,289.0,270.0,275.0,4522.0
2025-04-14,271.0,289.0,271.0,280.0,1818.0
2025-04-15,285.0,297.95,280.0,297.95,262.0
2025-04-16,298.0,299.0,285.0,298.0,19204.0
2025-04-17,297.0,297.0,290.0,295.0,5721.0
2025-04-18,295.2,296.9,290.0,290.1,3197.0
2025-04-21,298.0,298.0,290.0,296.9,36.0
2025-04-22,295.0,298.95,295.0,298.95,6156.0
2025-04-23,298.95,299.0,291.0,298.95,4365.0
2025-04-24,296.0,304.95,296.0,304.95,11345.0
2025-04-25,304.95,305.0,304.95,305.0,523.0
2025-04-28,305.0,306.9,296.0,306.0,2727.0
2025-04-29,300.0,305.9,300.0,304.0,374.0
2025-04-30,302.0,304.0,302.0,302.0,635.0
2025-05-02,303.9,304.0,300.0,304.0,1024.0
2025-05-05,302.0,305.0,302.0,305.0,57.0
2025-05-06,305.0,305.0,301.0,303.0,131.0
2025-05-07,304.85,305.0,300.1,303.5,1751.0
2025-05-08,300.2,302.8,300.2,302.1,202.0
2025-05-09,301.0,310.0,300.3,300.3,8969.0
2025-05-12,300.35,309.0,300.35,302.0,638.0
2025-05-13,302.0,316.0,300.5,310.0,23901.0
2025-05-14,310.0,319.8,310.0,316.0,4207.0
2025-05-15,317.9,319.5,317.0,317.0,1959.0
2025-05-16,319.5,319.5,317.0,318.0,5289.0
2025-05-19,318.95,319.0,310.0,318.0,1284.0
2025-05-20,318.0,318.0,311.0,315.0,174.0
2025-05-21,317.9,317.9,311.0,316.0,1710.0
2025-05-22,313.0,316.0,310.6,316.0,893.0
2025-05-23,312.05,329.9,312.05,329.9,16893.0
2025-05-26,320.1,359.0,320.1,345.0,11030.0
2025-05-27,353.9,354.0,340.0,340.0,2006.0
2025-05-28,348.75,348.9,336.25,346.9,198.0
2025-05-29,348.0,348.0,344.0,345.5,550.0
2025-05-30,347.0,347.0,336.9,337.0,647.0
2025-06-02,344.0,344.0,338.0,338.0,705.0
2025-06-03,344.9,344.9,338.0,340.0,4414.0
2025-06-04,340.0,360.0,335.0,360.0,11216.0
2025-06-05,359.95,359.95,350.0,359.0,2218.0
2025-06-06,359.0,359.0,336.0,336.0,10917.0
2025-06-10,337.0,350.0,337.0,349.0,1967.0
2025-06-11,350.0,350.0,345.0,349.95,499.0
2025-06-12,340.0,350.0,336.0,336.0,945.0
2025-06-13,330.0,335.0,329.0,330.0,10722.0
2025-06-16,323.0,325.0,322.0,325.0,929.0
2025-06-17,325.0,328.9,325.0,328.0,1785.0
2025-06-18,328.0,328.0,317.0,327.6,944.0
2025-06-19,327.5,327.5,307.0,311.0,1947.0
2025-06-20,310.0,329.0,310.0,329.0,5214.0
2025-06-23,311.0,328.0,311.0,328.0,229.0
2025-06-24,317.0,337.75,317.0,325.0,2429.0
2025-06-25,333.9,333.9,325.0,325.0,240.0
2025-06-26,336.85,336.85,329.0,332.5,112.0
2025-06-30,339.0,340.0,320.0,340.0,2824.0
2025-07-01,341.0,341.0,339.9,339.9,11.0
2025-07-02,330.0,339.5,321.55,338.8,1487.0
2025-07-03,340.0,340.0,326.0,338.0,563.0
2025-07-04,331.0,350.0,330.0,350.0,3971.0
2025-07-07,350.0,350.0,340.0,349.0,2401.0
2025-07-08,330.2,358.0,330.2,355.0,10575.0
2025-07-09,355.0,357.5,350.0,354.0,5347.0
2025-07-10,350.0,357.0,350.0,355.5,2684.0
2025-07-11,356.9,360.0,355.0,359.0,2938.0
2025-07-14,357.05,358.9,350.65,358.9,390.0
2025-07-15,346.2,358.0,346.2,355.0,317.0
2025-07-16,356.0,356.0,348.0,350.0,2470.0
2025-07-17,341.2,350.0,341.2,350.0,338.0
2025-07-18,352.0,367.0,352.0,367.0,6773.0
2025-07-21,374.9,386.0,372.0,382.0,2647.0
2025-07-22,387.9,394.9,385.0,385.0,3926.0
2025-07-23,388.0,388.0,374.95,374.95,1817.0
2025-07-24,375.0,375.0,365.0,365.0,709.0
2025-07-25,373.0,375.0,368.0,374.9,10252.0
2025-07-28,375.0,380.0,374.9,377.0,2122.0
2025-07-29,384.8,384.8,374.0,374.0,4917.0
2025-07-31,372.0,380.0,372.0,374.0,3115.0
2025-08-01,375.0,380.0,374.0,375.0,1587.0
2025-08-04,374.0,374.5,370.0,374.5,1152.0
2025-08-05,371.05,373.0,370.0,373.0,3043.0
2025-08-06,373.0,373.0,370.5,372.0,413.0
2025-08-07,372.0,372.0,361.0,365.0,1930.0
2025-08-08,370.0,372.9,365.1,370.0,2134.0
2025-08-11,370.0,373.0,369.5,373.0,4322.0
2025-08-12,374.0,399.0,374.0,395.0,2239.0
2025-08-13,393.0,395.0,378.0,392.0,1762.0
2025-08-15,381.0,393.9,381.0,391.95,360.0
2025-08-18,391.0,399.0,380.0,388.05,3857.0
2025-08-19,397.0,398.9,380.05,385.0,1107.0
2025-08-22,386.0,395.3,380.15,395.15,95.0
2025-08-25,385.0,415.0,385.0,415.0,5188.0
2025-08-26,415.0,418.0,403.5,415.0,4395.0
2025-08-27,418.0,418.0,405.0,410.0,323.0
2025-08-28,409.0,415.0,405.0,405.0,174.0
2025-08-29,415.0,415.0,401.25,405.0,335.0
2025-09-01,410.0,410.0,395.1,398.0,2096.0
2025-09-02,400.0,410.05,400.0,410.05,3533.0
2025-09-03,410.0,422.0,410.0,420.0,3355.0
2025-09-04,421.75,428.0,421.7,427.9,1547.0
2025-09-08,421.0,425.95,417.4,425.0,11834.0
2025-09-09,425.0,426.95,419.0,419.0,443.0
2025-09-10,421.0,428.0,419.0,428.0,785.0
2025-09-11,428.0,428.0,424.1,428.0,91.0
2025-09-12,420.0,430.0,420.0,428.0,1633.0
2025-09-15,430.0,434.95,422.0,425.0,650.0
2025-09-16,427.0,427.0,415.0,415.0,462.0
2025-09-17,407.0,425.0,407.0,425.0,176.0
2025-09-18,427.0,427.0,412.0,424.0,4943.0
2025-09-19,424.0,434.0,420.0,434.0,3815.0
2025-09-22,424.05,434.0,424.05,429.0,16857.0
2025-09-23,424.1,431.0,424.1,429.95,6593.0
2025-09-24,429.0,429.0,427.9,428.0,161.0
2025-09-25,427.9,427.95,415.2,415.2,158.0
2025-09-26,412.05,422.0,390.0,390.0,3162.0
2025-09-29,399.0,409.0,395.1,400.0,10448.0
2025-09-30,399.0,410.0,385.0,409.95,4429.0
2025-10-01,409.95,409.95,382.5,385.0,1607.0
2025-10-02,370.0,396.0,351.2,390.0,2314.0
2025-10-03,395.0,410.0,395.0,410.0,2588.0
2025-10-06,413.0,413.0,409.8,410.0,369.0
2025-10-07,413.0,413.0,410.0,410.0,14.0
2025-10-08,415.0,415.0,400.0,405.2,45462.0
2025-10-09,410.0,414.95,410.0,413.9,232.0
2025-10-10,413.95,415.0,400.15,415.0,1054.0
2025-10-13,415.0,415.0,407.05,407.05,22.0
2025-10-14,413.0,414.95,390.0,408.9,289.0
2025-10-15,398.0,407.85,387.0,402.0,740.0
2025-10-16,400.0,407.95,400.0,405.0,522.0
2025-10-17,400.0,420.0,400.0,420.0,2357.0
2025-10-20,411.0,419.9,411.0,419.9,543.0
2025-10-21,418.0,418.05,415.0,415.85,637.0
2025-10-22,415.85,420.1,406.0,420.1,3213.0
2025-10-23,421.0,423.0,410.0,423.0,11086.0
2025-10-24,419.9,419.9,415.0,415.0,57.0
2025-10-27,415.0,415.05,415.0,415.0,1617.0
2025-10-28,412.0,415.0,412.0,415.0,61.0
2025-10-29,412.0,415.0,406.0,414.0,66.0
2025-10-30,409.0,414.0,409.0,414.0,75.0
2025-10-31,414.0,419.0,409.0,419.0,2335.0
2025-11-03,419.5,419.5,405.2,419.0,368.0
2025-11-04,401.0,412.95,389.8,394.0,11161.0
2025-11-05,394.0,395.0,390.0,390.05,2430.0
2025-11-07,390.5,419.9,390.2,419.9,4232.0
2025-11-10,418.0,418.0,399.0,410.9,479.0
2025-11-11,401.0,405.0,396.0,396.0,716.0
2025-11-12,399.0,400.0,390.0,399.0,603.0
2025-11-13,390.1,398.9,390.0,390.0,659.0
2025-11-14,387.0,395.0,387.0,388.0,2176.0
2025-11-17,397.9,397.9,386.0,386.0,773.0
2025-11-19,386.0,386.0,372.0,372.1,760.0
2025-11-20,394.0,394.0,361.6,378.0,200.0
2025-11-21,378.5,385.0,375.0,385.0,1053.0
2025-11-24,384.0,384.0,370.0,383.35,29.0
2025-11-25,385.0,390.0,385.0,389.9,596.0
2025-11-26,385.05,390.0,385.0,390.0,505.0
2025-11-27,398.0,398.0,385.0,385.2,134.0
2025-11-28,385.0,396.0,385.0,396.0,1698.0
2025-12-01,385.1,385.1,380.1,380.1,37.0
2025-12-02,390.0,390.0,389.8,389.8,20.0
2025-12-03,389.9,392.0,381.0,383.05,399.0
2025-12-04,391.95,392.0,383.0,383.0,327.0
2025-12-05,390.0,391.95,383.0,383.0,160.0
2025-12-08,375.1,394.9,375.1,383.1,187.0
2025-12-09,376.1,387.0,376.1,386.0,117.0
2025-12-10,385.0,392.85,385.0,391.9,14.0
2025-12-11,391.85,391.85,385.15,385.25,142.0
2025-12-12,391.0,394.0,386.0,391.0,267.0
2025-12-15,390.0,395.0,385.1,390.0,512.0
2025-12-16,389.0,394.9,389.0,394.9,128.0
2025-12-17,392.0,392.0,390.0,390.0,674.0
2025-12-18,393.5,394.8,392.0,394.8,593.0
2025-12-19,392.0,395.0,385.0,385.0,2227.0
2025-12-22,386.0,395.0,386.0,395.0,896.0
2025-12-23,395.0,400.0,390.0,390.0,817.0
2025-12-24,395.0,395.0,382.0,393.0,340.0
2025-12-25,393.0,393.0,383.0,390.0,332.0
2025-12-26,393.0,393.0,360.0,360.0,117785.0
2025-12-29,393.0,393.0,360.0,360.0,2969.0
2025-12-30,377.95,385.0,368.0,370.0,3793.0
2025-12-31,384.0,384.0,370.0,370.0,2048.0
2026-01-02,381.75,390.0,371.0,389.95,1382.0
2026-01-05,390.0,390.0,380.0,390.0,1160.0
2026-01-06,392.0,402.0,392.0,400.0,3112.0
2026-01-07,397.0,400.0,396.0,399.0,216.0
2026-01-08,400.0,420.0,400.0,414.9,5686.0
2026-01-09,414.0,414.0,400.0,400.0,4458.0
2026-01-12,406.0,409.85,401.0,402.0,1699.0
2026-01-13,408.0,408.0,390.0,400.0,886.0
2026-01-15,410.0,415.0,407.05,408.0,6885.0
2026-01-16,402.0,414.0,400.0,405.0,3437.0
2026-01-19,411.0,413.0,405.0,405.1,17403.0
2026-01-20,411.0,412.0,406.0,406.1,1186.0
2026-01-21,410.0,411.0,405.0,405.0,2081.0
2026-01-22,408.95,410.7,407.0,409.0,2151.0
2026-01-23,410.0,410.0,402.0,402.0,16414.0
2026-01-26,409.0,409.0,390.0,391.0,2959.0
2026-01-27,400.0,402.0,380.0,380.0,5278.0
2026-01-28,390.0,390.0,381.0,381.0,1762.0
2026-01-29,380.0,385.0,360.0,378.95,22824.0
2026-01-30,378.7,379.0,365.0,375.0,7447.0
2026-02-02,389.0,389.0,374.0,374.05,21673.0
2026-02-03,375.0,375.0,374.2,375.0,550.0
2026-02-04,375.0,375.0,366.0,370.0,1336.0
2026-02-05,385.0,396.5,375.0,375.0,19601.0
2026-02-06,388.5,388.5,370.0,370.0,6764.0
2026-02-09,380.0,395.0,376.0,390.0,3819.0
2026-02-10,351.05,351.05,351.05,351.05,54476.0
2026-02-11,340.05,349.9,330.1,348.7,199661.0
2026-02-12,350.05,360.0,350.05,360.0,75123.0
2026-02-13,360.0,362.0,355.0,359.95,46312.0
2026-02-16,350.0,357.0,350.0,350.2,63644.0
2026-02-17,346.0,350.1,341.0,345.0,23397.0
2026-02-18,342.0,349.5,340.0,340.0,19766.0
2026-02-19,335.1,345.0,335.1,336.55,8336.0
2026-02-20,336.0,345.0,335.0,345.0,9522.0
2026-02-23,336.55,340.0,336.15,336.5,8429.0
2026-02-24,333.0,337.5,332.0,334.0,8156.0
2026-02-25,332.5,334.0,330.0,330.0,12324.0
2026-02-26,330.1,332.0,330.0,330.0,15725.0
2026-02-27,329.0,336.0,329.0,336.0,12876.0
2026-03-02,305.0,314.4,305.0,306.0,21842.0
2026-03-03,306.1,313.0,290.0,290.1,34163.0
2026-03-04,291.0,309.8,291.0,300.0,11075.0
2026-03-05,301.0,309.7,300.0,305.0,8348.0
2026-03-06,310.0,310.0,301.05,303.0,8231.0
2026-03-09,302.5,303.0,297.1,298.1,8558.0
2026-03-10,304.0,311.0,304.0,305.0,11901.0
2026-03-11,301.05,305.0,300.0,304.9,6341.0
2026-03-12,305.0,306.0,302.0,304.9,2483.0
2026-03-13,303.1,305.0,296.0,296.0,13765.0
2026-03-16,303.0,303.0,296.0,301.0,7265.0
2026-03-17,300.0,302.85,296.15,300.0,13871.0
2026-03-18,300.0,310.0,300.0,310.0,3798.0
2026-03-19,303.0,310.0,303.0,306.2,1717.0
2026-03-24,304.0,310.0,303.0,306.0,3524.0
2026-03-25,302.0,310.0,302.0,310.0,4338.0
2026-03-26,315.0,318.0,308.0,309.0,13245.0
2026-03-27,305.0,315.0,303.0,315.0,4117.0
