Time,Open,High,Low,Close,Volume
2012-03-26,266.0,266.0,266.0,266.0,143.0
2012-03-27,273.0,276.0,267.0,273.0,26.0
2012-03-28,273.0,273.0,266.04999,273.0,116.0
2012-03-29,272.85001,272.85001,266.10001,272.85001,6.0
2012-03-30,258.0,268.0,257.20001,258.0,679.0
2012-04-02,256.5,264.0,256.5,256.5,334.0
2012-04-03,250.0,261.0,250.0,250.0,461.0
2012-04-04,244.0,250.0,235.0,244.0,391.0
2012-04-05,240.0,240.0,229.5,240.0,415.0
2012-04-06,228.0,235.0,227.3,228.0,460.0
2012-04-09,235.0,235.0,234.45,235.0,538.0
2012-04-13,220.0,230.0,220.0,220.0,1238.0
2012-04-16,220.0,220.0,217.5,220.0,486.0
2012-04-17,224.0,224.0,224.0,224.0,585.0
2012-04-18,225.0,225.0,214.5,225.0,454.0
2012-04-19,220.0,220.0,217.0,220.0,674.0
2012-04-20,222.0,222.0,220.0,222.0,1935.0
2012-04-23,222.0,222.0,219.85001,222.0,576.0
2012-04-24,220.0,220.0,220.0,220.0,349.0
2012-04-25,220.0,220.0,220.0,220.0,583.0
2012-04-26,218.0,218.0,216.0,218.0,476.0
2012-04-27,215.0,219.89999,215.0,215.0,395.0
2012-04-30,215.0,215.0,202.2,215.0,892.0
2012-05-02,207.25,210.0,207.2,207.25,882.0
2012-05-03,205.60001,208.0,205.0,205.60001,1151.0
2012-05-04,210.0,210.0,208.0,210.0,216.0
2012-05-07,215.0,215.0,207.10001,215.0,822.0
2012-05-08,226.39999,226.39999,213.0,226.39999,1105.0
2012-05-09,226.5,227.0,218.0,226.5,390.0
2012-05-10,223.8,223.8,221.0,223.8,345.0
2012-05-11,219.8,220.05,216.5,219.8,3608.0
2012-05-14,209.0,217.0,209.0,209.0,413.0
2012-05-15,210.10001,211.5,210.0,210.10001,568.0
2012-05-16,207.0,210.0,207.0,207.0,938.0
2012-05-17,210.0,210.0,207.10001,210.0,1402.0
2012-05-18,208.05,209.0,208.05,208.05,391.0
2012-05-21,209.5,209.5,208.0,209.5,649.0
2012-05-22,209.0,209.0,207.55,209.0,182.0
2012-05-23,209.5,209.5,207.55,209.5,103.0
2012-05-24,210.0,210.0,208.0,210.0,433.0
2012-05-25,213.39999,213.39999,211.0,213.39999,389.0
2012-05-28,218.0,218.0,208.5,218.0,1252.0
2012-05-29,216.0,216.0,216.0,216.0,40.0
2012-05-30,228.0,228.0,216.0,228.0,668.0
2012-05-31,220.3,228.0,220.3,220.3,390.0
2012-06-01,226.89999,226.89999,220.0,226.89999,538.0
2012-06-04,226.0,228.5,226.0,226.0,361.0
2012-06-05,224.0,224.0,221.0,224.0,358.0
2012-06-06,218.3,219.89999,218.05,218.3,196.0
2012-06-07,218.0,218.0,218.0,218.0,493.0
2012-06-08,219.0,220.8,219.0,219.0,134.0
2012-06-11,224.0,224.0,218.05,224.0,379.0
2012-06-12,223.89999,223.89999,218.5,223.89999,542.0
2012-06-13,220.89999,220.89999,219.0,220.89999,80.0
2012-06-14,219.89999,219.89999,219.0,219.89999,225.0
2012-06-15,218.60001,221.5,218.60001,218.60001,475.0
2012-06-18,220.0,220.0,220.0,220.0,422.0
2012-06-19,220.0,221.8,220.0,220.0,382.0
2012-06-20,220.0,220.0,220.0,220.0,485.0
2012-06-21,220.0,222.0,220.0,220.0,386.0
2012-06-22,221.0,221.0,220.0,221.0,513.0
2012-06-25,226.0,226.0,222.0,226.0,1258.0
2012-06-26,223.0,223.0,222.0,223.0,317.0
2012-06-27,223.0,223.0,222.0,223.0,129.0
2012-06-28,228.60001,228.60001,222.0,228.60001,410.0
2012-06-29,229.0,229.0,229.0,229.0,427.0
2012-07-02,229.0,229.0,229.0,229.0,336.0
2012-07-03,228.5,229.0,223.0,228.5,481.0
2012-07-04,229.0,229.0,228.5,229.0,1009.0
2012-07-05,230.0,235.0,230.0,230.0,602.0
2012-07-06,229.0,229.0,224.2,229.0,484.0
2012-07-09,224.0,230.95,224.0,224.0,401.0
2012-07-10,222.0,222.0,221.0,222.0,777.0
2012-07-11,220.5,220.5,220.5,220.5,363.0
2012-07-12,220.5,220.5,220.05,220.5,471.0
2012-07-13,227.0,227.0,223.0,227.0,517.0
2012-07-16,225.0,225.0,225.0,225.0,1.0
2012-07-17,223.05,225.05,223.05,223.05,403.0
2012-07-18,225.10001,230.0,225.0,225.10001,1030.0
2012-07-19,225.25,225.25,225.0,225.25,352.0
2012-07-20,225.2,227.0,225.2,225.2,525.0
2012-07-23,225.2,225.2,225.0,225.2,205.0
2012-07-24,225.0,225.0,223.0,225.0,371.0
2012-07-25,225.0,225.0,223.0,225.0,87.0
2012-07-26,223.0,223.0,223.0,223.0,101.0
2012-07-27,225.0,225.0,223.0,225.0,596.0
2012-07-31,223.05,225.0,223.05,223.05,92.0
2012-08-01,223.0,225.0,220.0,223.0,1010.0
2012-08-02,220.0,222.0,220.0,220.0,825.0
2012-08-03,222.0,222.0,220.0,222.0,124.0
2012-08-06,223.0,223.0,223.0,223.0,258.0
2012-08-07,229.85001,229.85001,222.0,229.85001,481.0
2012-08-08,225.0,227.0,225.0,225.0,52.0
2012-08-09,225.0,225.0,225.0,225.0,354.0
2012-08-10,225.0,225.0,225.0,225.0,15.0
2012-08-13,225.0,225.0,223.0,225.0,351.0
2012-08-15,223.0,225.0,223.0,223.0,61.0
2012-08-16,221.0,222.0,220.05,221.0,68.0
2012-08-17,222.0,222.0,222.0,222.0,71.0
2012-08-22,220.05,221.0,220.0,220.05,569.0
2012-08-23,223.5,223.5,215.0,223.5,492.0
2012-08-24,220.05,220.05,220.05,220.05,82.0
2012-08-27,221.0,221.0,221.0,221.0,1.0
2012-08-28,221.0,221.0,220.10001,221.0,379.0
2012-08-29,221.0,221.0,221.0,221.0,440.0
2012-08-30,220.14999,220.25,220.14999,220.14999,170.0
2012-08-31,219.55,220.0,219.0,219.55,101.0
2012-09-03,219.5,220.0,212.0,219.5,415.0
2012-09-04,219.5,219.5,219.5,219.5,333.0
2012-09-05,219.0,219.0,219.0,219.0,50.0
2012-09-06,218.0,219.3,218.0,218.0,578.0
2012-09-07,216.0,218.0,216.0,216.0,18.0
2012-09-10,218.0,220.0,218.0,218.0,374.0
2012-09-11,231.0,231.0,218.0,231.0,364.0
2012-09-12,220.0,223.0,220.0,220.0,89.0
2012-09-13,231.95,231.95,220.0,231.95,395.0
2012-09-14,220.35001,231.0,220.2,220.35001,430.0
2012-09-17,220.05,222.0,220.05,220.05,986.0
2012-09-18,208.0,210.0,191.05,208.0,421.0
2012-09-19,208.0,210.0,208.0,208.0,385.0
2012-09-20,209.95,209.95,198.0,209.95,384.0
2012-09-21,198.10001,210.0,198.05,198.10001,3597.0
2012-09-24,204.5,204.5,204.5,204.5,389.0
2012-09-25,198.0,198.0,198.0,198.0,416.0
2012-09-26,196.95,196.95,195.0,196.95,429.0
2012-09-27,195.0,195.05,195.0,195.0,481.0
2012-09-28,194.0,194.0,192.0,194.0,486.0
2012-10-01,203.89999,203.89999,185.0,203.89999,556.0
2012-10-02,194.0,194.0,192.0,194.0,821.0
2012-10-03,189.0,194.0,189.0,189.0,527.0
2012-10-04,184.0,184.0,184.0,184.0,467.0
2012-10-05,182.0,183.0,181.0,182.0,629.0
2012-10-08,191.0,191.0,172.0,191.0,606.0
2012-10-09,179.55,180.0,179.55,179.55,576.0
2012-10-10,180.0,182.0,180.0,180.0,235.0
2012-10-11,174.2,174.2,174.2,174.2,428.0
2012-10-12,174.45,180.0,174.45,174.45,507.0
2012-10-15,179.0,179.0,179.0,179.0,441.0
2012-10-16,177.0,177.0,175.0,177.0,26.0
2012-10-17,176.0,176.0,174.0,176.0,1242.0
2012-10-18,174.0,174.0,174.0,174.0,82.0
2012-10-19,167.0,176.0,167.0,167.0,3578.0
2012-10-22,165.10001,170.0,165.10001,165.10001,536.0
2012-10-23,170.0,174.95,165.0,170.0,5331.0
2012-10-24,165.0,165.0,165.0,165.0,453.0
2012-10-25,166.10001,166.10001,165.2,166.10001,582.0
2012-10-29,166.0,166.0,166.0,166.0,464.0
2012-10-30,167.0,170.0,167.0,167.0,485.0
2012-10-31,172.0,172.0,172.0,172.0,9927.0
2012-11-01,174.95,174.95,170.0,174.95,3172.0
2012-11-02,174.0,174.0,174.0,174.0,281.0
2012-11-05,176.2,176.2,176.2,176.2,2.0
2012-11-07,176.2,176.2,174.0,176.2,522.0
2012-11-08,177.0,179.89999,176.2,177.0,626.0
2012-11-09,177.0,179.0,177.0,177.0,6137.0
2012-11-12,176.0,176.0,175.0,176.0,100.0
2012-11-13,178.0,178.0,176.0,178.0,71.0
2012-11-14,176.0,176.0,176.0,176.0,188.0
2012-11-15,177.0,177.0,177.0,177.0,82.0
2012-11-19,175.10001,177.0,175.10001,175.10001,161.0
2012-11-20,176.0,176.0,176.0,176.0,20.0
2012-11-21,175.89999,175.89999,171.05,175.89999,836.0
2012-11-22,178.0,178.0,176.0,178.0,186.0
2012-11-23,177.0,177.0,176.0,177.0,631.0
2012-11-26,180.0,180.0,180.0,180.0,2.0
2012-11-27,180.0,180.0,180.0,180.0,2.0
2012-11-28,178.0,178.0,178.0,178.0,97.0
2012-11-29,181.5,181.5,180.0,181.5,61241.0
2012-11-30,180.0,180.0,180.0,180.0,10.0
2012-12-03,180.0,180.0,180.0,180.0,2.0
2012-12-04,178.0,178.0,178.0,178.0,72.0
2012-12-05,180.0,180.0,180.0,180.0,17.0
2012-12-06,182.0,182.0,182.0,182.0,17.0
2012-12-07,185.0,185.0,185.0,185.0,212.0
2012-12-10,189.0,189.0,187.0,189.0,172.0
2012-12-11,192.0,192.0,191.0,192.0,442.0
2012-12-12,190.0,192.0,190.0,190.0,464.0
2012-12-13,190.0,190.0,190.0,190.0,114.0
2012-12-14,188.0,188.0,188.0,188.0,408.0
2012-12-17,190.0,190.0,190.0,190.0,410.0
2012-12-18,180.10001,182.0,180.10001,180.10001,630.0
2012-12-19,181.95,181.95,181.95,181.95,1.0
2012-12-20,179.0,179.0,179.0,179.0,328.0
2012-12-21,172.64999,184.95,172.10001,172.64999,536.0
2012-12-24,178.0,178.0,178.0,178.0,446.0
2012-12-25,170.0,172.0,170.0,170.0,1093.0
2012-12-26,170.0,170.05,167.5,170.0,590.0
2012-12-27,170.0,170.0,168.0,170.0,947.0
2012-12-28,168.05,168.05,168.0,168.05,286.0
2012-12-31,168.05,176.95,168.0,168.05,7443.0
2013-01-02,178.10001,178.10001,170.0,178.10001,6053.0
2013-01-03,188.0,188.0,178.0,188.0,41.0
2013-01-04,180.0,180.0,180.0,180.0,100.0
2013-01-07,185.89999,185.89999,185.89999,185.89999,2.0
2013-01-08,180.0,180.0,180.0,180.0,9.0
2013-01-09,169.2,171.05,169.2,169.2,264.0
2013-01-10,168.0,170.0,168.0,168.0,7844.0
2013-01-14,168.0,168.0,168.0,168.0,171.0
2013-01-15,168.0,169.0,168.0,168.0,6631.0
2013-01-16,168.0,168.0,168.0,168.0,1496.0
2013-01-17,165.05,165.05,165.05,165.05,10.0
2013-01-18,165.05,165.05,165.05,165.05,5.0
2013-01-22,165.5,165.5,165.5,165.5,55.0
2013-01-28,165.0,165.0,165.0,165.0,225.0
2013-01-29,166.0,173.5,166.0,166.0,331.0
2013-01-31,165.10001,166.0,165.10001,165.10001,166.0
2013-02-01,165.5,165.5,165.5,165.5,20.0
2013-02-04,170.0,170.0,170.0,170.0,102.0
2013-02-05,169.0,173.0,169.0,169.0,6028.0
2013-02-06,169.0,169.0,169.0,169.0,60.0
2013-02-07,166.5,166.5,166.5,166.5,30.0
2013-02-08,165.10001,165.10001,165.10001,165.10001,37.0
2013-02-11,165.14999,165.14999,165.14999,165.14999,10.0
2013-02-12,165.0,165.05,165.0,165.0,153.0
2013-02-13,165.0,165.0,165.0,165.0,30.0
2013-02-14,172.0,172.0,172.0,172.0,3.0
2013-02-15,165.0,165.10001,165.0,165.0,290.0
2013-02-19,170.89999,170.89999,165.05,170.89999,30.0
2013-02-20,165.05,169.95,165.05,165.05,121.0
2013-02-21,174.95,174.95,165.0,174.95,30.0
2013-02-22,165.0,177.95,165.0,165.05,132.0
2013-02-25,156.0,171.0,156.0,170.0,1203.0
2013-02-26,160.0,169.75,160.0,169.75,73.0
2013-02-28,166.0,169.25,166.0,169.25,2.0
2013-03-01,159.60001,168.7,159.10001,159.10001,59.0
2013-03-04,167.5,167.5,167.5,167.5,2.0
2013-03-05,166.7,168.2,160.0,167.0,51.0
2013-03-08,166.0,166.0,166.0,166.0,10.0
2013-03-11,166.3,166.95,166.3,166.95,34.0
2013-03-12,167.0,167.0,167.0,167.0,50.0
2013-03-14,160.05,168.5,160.05,168.5,32.0
2013-03-15,158.39999,174.95,158.39999,160.0,162.0
2013-03-18,161.0,168.75,161.0,168.75,2.0
2013-03-19,167.0,168.0,162.0,168.0,45.0
2013-03-20,161.0,170.0,161.0,170.0,2.0
2013-03-21,163.0,169.95,163.0,169.95,31.0
2013-03-22,168.95,169.0,168.95,169.0,14.0
2013-03-25,164.0,170.0,164.0,170.0,28.0
2013-03-26,162.7,162.8,162.7,162.8,52.0
2013-03-28,163.0,163.0,160.0,160.0,50.0
2013-03-29,160.0,166.0,150.39999,150.39999,549.0
2013-04-01,150.0,159.39999,150.0,159.39999,171.0
2013-04-02,151.10001,152.05,151.10001,152.05,18.0
2013-04-03,167.95,176.95,167.95,176.95,276.0
2013-04-04,178.0,187.0,178.0,180.5,756.0
2013-04-05,185.0,185.0,180.0,180.0,213.0
2013-04-08,180.0,189.95,180.0,185.0,315.0
2013-04-09,185.0,190.0,182.0,190.0,376.0
2013-04-10,190.0,198.5,188.0,197.7,56.0
2013-04-11,195.0,195.0,192.0,192.0,83.0
2013-04-12,192.0,192.0,190.5,190.5,30.0
2013-04-15,188.2,188.2,188.2,188.2,30.0
2013-04-16,190.0,190.10001,190.0,190.10001,31.0
2013-04-17,189.10001,189.10001,189.10001,189.10001,41.0
2013-04-18,189.2,189.2,189.0,189.0,105.0
2013-04-19,188.2,188.2,188.2,188.2,10.0
2013-04-22,187.2,198.0,187.2,187.5,519.0
2013-04-23,195.0,195.0,187.5,187.5,18.0
2013-04-25,188.0,188.05,187.60001,187.60001,102.0
2013-04-26,187.60001,187.60001,187.5,187.5,511.0
2013-04-29,187.60001,187.60001,187.2,187.2,57.0
2013-04-30,184.0,190.0,184.0,189.0,460.0
2013-05-02,184.0,187.5,184.0,187.5,67.0
2013-05-03,193.0,193.0,193.0,193.0,2.0
2013-05-07,187.5,187.5,187.5,187.5,122.0
2013-05-08,187.5,187.5,187.5,187.5,30.0
2013-05-09,188.10001,188.10001,188.10001,188.10001,20.0
2013-05-10,188.0,193.0,187.5,193.0,22.0
2013-05-13,194.0,194.0,194.0,194.0,2.0
2013-05-16,188.0,188.0,187.5,187.55,65.0
2013-05-17,188.05,188.05,188.05,188.05,72.0
2013-05-20,188.14999,188.14999,188.14999,188.14999,4.0
2013-05-21,193.0,193.0,189.0,189.0,91.0
2013-05-22,188.2,190.0,188.2,189.0,72.0
2013-05-23,189.10001,189.25,189.10001,189.25,102.0
2013-05-24,189.45,189.45,189.25,189.25,448.0
2013-05-27,189.25,189.25,189.25,189.25,193.0
2013-05-28,189.25,189.5,189.2,189.5,108.0
2013-05-29,192.39999,192.45,192.39999,192.45,40.0
2013-05-30,189.7,192.75,189.60001,192.75,80.0
2013-05-31,189.64999,192.0,189.64999,192.0,524.0
2013-06-03,192.5,192.5,192.5,192.5,2.0
2013-06-04,190.0,190.0,190.0,190.0,60.0
2013-06-05,193.0,194.0,193.0,194.0,107.0
2013-06-06,194.89999,195.0,194.89999,195.0,48.0
2013-06-07,194.0,194.0,190.05,190.05,95.0
2013-06-10,194.89999,195.0,194.89999,195.0,34.0
2013-06-11,193.0,194.0,193.0,194.0,45.0
2013-06-12,192.0,194.0,192.0,194.0,2055.0
2013-06-13,190.0,194.0,190.0,194.0,140.0
2013-06-14,190.10001,190.10001,190.10001,190.10001,220.0
2013-06-18,190.0,190.0,190.0,190.0,70.0
2013-06-19,188.0,188.0,188.0,188.0,3.0
2013-06-20,188.10001,190.0,188.10001,190.0,2422.0
2013-06-21,186.05,190.0,186.05,190.0,32.0
2013-06-24,187.10001,190.0,187.10001,190.0,729.0
2013-06-25,190.0,190.0,190.0,190.0,41.0
2013-06-26,190.0,190.0,190.0,190.0,30.0
2013-06-28,191.0,191.0,191.0,191.0,149.0
2013-07-01,195.0,195.0,191.14999,191.14999,35.0
2013-07-02,191.0,200.0,191.0,200.0,295.0
2013-07-03,200.0,212.0,200.0,200.10001,756.0
2013-07-04,210.0,212.0,202.0,210.0,301.0
2013-07-05,204.39999,205.0,204.39999,205.0,186.0
2013-07-09,195.05,209.0,192.8,192.8,628.0
2013-07-10,194.05,203.5,194.05,203.5,67.0
2013-07-11,196.0,196.0,196.0,196.0,150.0
2013-07-12,195.0,195.0,195.0,195.0,24.0
2013-07-17,197.0,197.0,195.2,195.2,3127.0
2013-07-18,196.0,196.0,196.0,196.0,42.0
2013-07-22,203.5,203.5,197.0,197.0,1004.0
2013-07-23,203.5,203.5,203.5,203.5,11.0
2013-07-25,203.0,203.0,203.0,203.0,38.0
2013-07-26,203.0,203.0,203.0,203.0,124.0
2013-07-29,196.55,196.55,196.55,196.55,72.0
2013-07-31,197.0,197.0,197.0,197.0,100.0
2013-08-01,197.0,197.10001,197.0,197.0,3788.0
2013-08-02,196.7,197.0,196.7,197.0,1634.0
2013-08-05,197.0,197.0,197.0,197.0,50.0
2013-08-12,197.0,197.0,197.0,197.0,23.0
2013-08-13,203.0,206.0,203.0,206.0,255.0
2013-08-15,205.0,206.0,205.0,206.0,30.0
2013-08-16,202.0,207.0,202.0,207.0,24.0
2013-08-19,204.0,204.0,204.0,204.0,60.0
2013-08-22,208.0,208.0,207.0,207.0,100.0
2013-08-23,204.5,218.0,204.5,218.0,275.0
2013-08-26,209.0,212.0,209.0,212.0,71.0
2013-08-27,205.0,211.89999,205.0,211.89999,209.0
2013-08-30,210.0,211.85001,206.5,211.45,1841.0
2013-09-02,207.5,207.5,207.5,207.5,109.0
2013-09-03,207.89999,211.0,203.0,203.0,39.0
2013-09-05,210.0,210.0,203.0,209.8,46.0
2013-09-06,206.0,208.0,206.0,208.0,152.0
2013-09-09,208.85001,208.85001,207.0,207.0,54.0
2013-09-10,206.5,206.5,206.5,206.5,98.0
2013-09-11,205.05,209.95,205.05,205.05,120.0
2013-09-12,205.2,206.5,203.0,203.10001,576.0
2013-09-13,203.05,203.05,203.05,203.05,551.0
2013-09-16,170.0,176.0,170.0,175.5,1842.0
2013-09-17,176.0,186.0,176.0,186.0,40.0
2013-09-20,193.85001,193.85001,193.85001,193.85001,2.0
2013-09-23,183.0,183.0,183.0,183.0,270.0
2013-09-24,185.0,186.0,183.0,183.0,560.0
2013-09-25,182.0,182.0,177.0,177.0,979.0
2013-09-26,178.0,179.0,177.10001,179.0,71.0
2013-09-27,178.0,187.95,178.0,187.95,410.0
2013-09-30,178.0,178.0,178.0,178.0,100.0
2013-10-01,179.05,182.0,179.05,180.0,386.0
2013-10-02,179.10001,179.10001,178.0,178.0,138.0
2013-10-03,168.60001,178.25,168.60001,178.25,15.0
2013-10-04,179.10001,179.10001,179.10001,179.10001,73.0
2013-10-07,174.05,174.05,174.05,174.05,30.0
2013-10-08,178.0,178.0,178.0,178.0,203.0
2013-10-09,178.0,179.10001,175.0,175.0,324.0
2013-10-10,175.0,175.0,172.0,175.0,288.0
2013-10-11,175.0,175.0,175.0,175.0,22.0
2013-10-14,177.95,177.95,175.0,175.0,145.0
2013-10-15,171.10001,171.10001,171.10001,171.10001,304.0
2013-10-21,171.10001,180.0,171.10001,180.0,43.0
2013-10-23,175.0,178.95,171.10001,178.95,52.0
2013-10-25,172.55,172.55,172.0,172.5,730.0
2013-10-28,179.0,180.0,179.0,180.0,24.0
2013-10-29,184.0,184.0,184.0,184.0,10.0
2013-10-30,179.95,179.95,173.0,173.0,517.0
2013-10-31,176.0,176.0,176.0,176.0,1.0
2013-11-01,174.0,178.7,173.0,173.5,1207.0
2013-11-04,177.5,178.7,175.05,177.0,140.0
2013-11-07,179.0,179.0,179.0,179.0,1.0
2013-11-08,177.95,179.0,177.95,179.0,323.0
2013-11-11,171.0,177.95,171.0,175.0,209.0
2013-11-12,176.0,176.0,176.0,176.0,50.0
2013-11-13,175.0,175.0,172.0,172.0,647.0
2013-11-15,173.05,173.05,173.05,173.05,20.0
2013-11-20,173.14999,173.14999,173.14999,173.14999,2.0
2013-11-22,173.64999,173.64999,173.10001,173.10001,349.0
2013-11-25,173.0,173.10001,173.0,173.10001,356.0
2013-11-26,173.0,175.0,173.0,175.0,201.0
2013-11-28,171.3,171.3,171.3,171.3,30.0
2013-11-29,176.0,176.0,176.0,176.0,20.0
2013-12-02,177.95,177.95,177.95,177.95,7.0
2013-12-03,174.05,177.0,174.0,177.0,110.0
2013-12-04,177.0,177.0,174.0,174.0,221.0
2013-12-05,174.0,174.0,174.0,174.0,186.0
2013-12-06,174.0,174.0,172.0,174.0,1653.0
2013-12-09,171.25,175.0,167.0,167.0,99.0
2013-12-10,170.0,174.0,170.0,174.0,650.0
2013-12-11,184.0,184.0,172.0,172.10001,356.0
2013-12-12,172.10001,172.55,172.10001,172.5,247.0
2013-12-16,172.60001,179.5,172.5,179.5,78.0
2013-12-19,172.8,172.8,172.8,172.8,42.0
2013-12-20,177.0,177.0,177.0,177.0,18.0
2013-12-24,177.0,178.0,177.0,178.0,10.0
2013-12-25,178.0,178.0,178.0,178.0,285.0
2013-12-27,178.0,178.0,176.0,176.0,3083.0
2013-12-30,175.60001,175.60001,175.0,175.0,131.0
2013-12-31,175.0,175.0,172.0,172.0,250.0
2014-01-03,172.5,172.5,170.5,171.0,172.0
2014-01-06,171.05,171.05,171.05,171.05,168.0
2014-01-08,175.0,175.0,175.0,175.0,5.0
2014-01-09,172.10001,172.10001,172.10001,172.10001,90.0
2014-01-10,172.25,172.25,168.05,168.05,454.0
2014-01-13,168.2,174.95,168.2,174.95,91.0
2014-01-17,167.0,172.0,167.0,172.0,12.0
2014-01-20,165.3,165.64999,165.3,165.64999,64.0
2014-01-21,166.7,166.7,166.7,166.7,30.0
2014-01-22,174.2,174.2,165.7,165.7,141.0
2014-01-23,173.8,173.8,173.8,173.8,10.0
2014-01-24,167.0,167.0,167.0,167.0,593.0
2014-01-27,170.0,170.0,170.0,170.0,15.0
2014-01-28,168.10001,173.45,168.10001,173.45,46.0
2014-01-29,170.10001,173.5,170.10001,173.5,5.0
2014-01-30,170.3,170.3,170.3,170.3,5.0
2014-01-31,170.25,177.0,170.25,177.0,420.0
2014-02-03,167.3,170.0,167.3,170.0,157.0
2014-02-04,170.14999,173.35001,170.14999,173.35001,961.0
2014-02-05,178.0,182.0,178.0,182.0,104.0
2014-02-06,174.45,174.45,174.45,174.45,385.0
2014-02-07,172.3,173.10001,172.3,173.10001,50.0
2014-02-10,174.60001,174.60001,173.5,173.5,149.0
2014-02-11,171.35001,171.60001,171.35001,171.60001,251.0
2014-02-12,171.0,178.39999,171.0,178.39999,285.0
2014-02-13,175.0,178.39999,175.0,178.39999,305.0
2014-02-14,180.0,180.0,179.0,179.0,104.0
2014-02-17,181.0,189.45,176.0,189.45,263.0
2014-02-18,188.0,190.0,178.10001,178.10001,213.0
2014-02-19,178.0,182.0,174.0,182.0,58.0
2014-02-20,173.10001,173.10001,173.0,173.0,179.0
2014-02-24,173.39999,173.39999,173.39999,173.39999,5.0
2014-02-25,179.0,179.0,179.0,179.0,7.0
2014-02-27,179.0,179.0,179.0,179.0,7.0
2014-02-28,179.89999,180.0,179.0,179.0,139.0
2014-03-03,180.0,180.0,179.0,179.0,182.0
2014-03-04,180.0,180.0,180.0,180.0,80.0
2014-03-05,176.0,179.95,176.0,176.10001,141.0
2014-03-06,176.2,179.95,176.10001,179.95,42.0
2014-03-07,176.5,176.5,176.5,176.5,35.0
2014-03-10,179.95,180.0,179.95,180.0,105.0
2014-03-11,180.0,180.0,180.0,180.0,70.0
2014-03-12,180.0,185.0,180.0,184.0,1286.0
2014-03-13,184.0,188.0,184.0,186.5,35.0
2014-03-14,183.0,186.75,180.35001,180.35001,349.0
2014-03-17,186.2,186.2,185.0,185.0,9.0
2014-03-18,181.05,185.0,181.05,183.14999,74.0
2014-03-19,182.0,186.0,182.0,182.0,779.0
2014-03-20,182.60001,192.0,182.60001,192.0,531.0
2014-03-21,189.0,192.0,189.0,191.0,73.0
2014-03-24,186.0,187.0,183.0,183.0,372.0
2014-03-25,183.14999,184.5,183.14999,184.5,101.0
2014-03-27,183.14999,188.8,183.14999,187.0,166.0
2014-03-28,183.3,183.3,183.3,183.3,10.0
2014-03-31,183.10001,188.0,181.35001,188.0,328.0
2014-04-01,180.2,188.0,177.3,180.10001,936.0
2014-04-02,180.14999,180.14999,180.0,180.0,133.0
2014-04-03,180.10001,184.89999,180.10001,184.89999,52.0
2014-04-04,180.3,180.3,180.25,180.25,14.0
2014-04-07,180.3,180.3,178.0,178.0,257.0
2014-04-10,180.0,180.0,180.0,180.0,204.0
2014-04-11,184.8,184.8,184.8,184.8,16.0
2014-04-15,180.10001,180.10001,180.0,180.0,159.0
2014-04-17,182.0,182.0,182.0,182.0,27.0
2014-04-18,182.0,184.0,182.0,184.0,75.0
2014-04-22,183.0,183.0,183.0,183.0,15.0
2014-04-25,183.95,183.95,180.0,180.0,142.0
2014-04-28,183.0,183.0,183.0,183.0,3.0
2014-04-29,178.14999,178.14999,178.14999,178.14999,3.0
2014-04-30,179.0,182.0,178.5,182.0,392.0
2014-05-02,182.0,182.0,182.0,182.0,21.0
2014-05-06,182.0,182.0,182.0,182.0,10.0
2014-05-07,178.7,178.7,178.7,178.7,55.0
2014-05-08,178.7,178.7,178.7,178.7,41.0
2014-05-09,180.0,180.0,180.0,180.0,272.0
2014-05-13,179.0,183.95,179.0,183.95,205.0
2014-05-15,179.0,179.0,179.0,179.0,100.0
2014-05-16,180.0,183.95,180.0,183.0,234.0
2014-05-19,180.0,180.0,179.0,180.0,113.0
2014-05-22,179.0,179.0,179.0,179.0,42.0
2014-05-26,179.10001,179.10001,179.10001,179.10001,7.0
2014-05-27,183.89999,183.89999,183.89999,183.89999,5.0
2014-05-28,179.14999,179.14999,179.14999,179.14999,45.0
2014-05-29,179.10001,179.10001,179.10001,179.10001,15.0
2014-06-02,179.10001,183.0,179.10001,183.0,200.0
2014-06-04,183.85001,183.85001,183.85001,183.85001,3.0
2014-06-05,183.0,183.0,183.0,183.0,150.0
2014-06-06,183.0,183.0,179.14999,179.14999,85.0
2014-06-11,183.0,183.0,183.0,183.0,2.0
2014-06-12,184.0,184.0,184.0,184.0,3.0
2014-06-13,184.5,184.5,180.0,180.0,80.0
2014-06-16,184.0,184.0,184.0,184.0,94.0
2014-06-17,184.5,184.5,184.5,184.5,3.0
2014-06-19,178.0,184.5,178.0,184.5,58.0
2014-06-20,178.5,178.5,178.5,178.5,7.0
2014-06-24,183.89999,183.89999,183.89999,183.89999,3.0
2014-06-25,175.60001,180.0,175.60001,180.0,501.0
2014-06-27,176.2,176.2,176.2,176.2,2000.0
2014-06-30,178.7,178.7,178.7,178.7,2.0
2014-07-01,176.10001,178.7,176.10001,178.7,35.0
2014-07-03,178.7,178.7,178.7,178.7,50.0
2014-07-11,175.60001,178.7,175.60001,178.7,13.0
2014-07-14,175.60001,178.7,175.60001,178.7,21.0
2014-07-15,178.7,178.7,178.7,178.7,295.0
2014-07-16,177.05,177.05,177.05,177.05,20.0
2014-07-17,178.0,178.0,178.0,178.0,156.0
2014-07-21,178.10001,178.10001,178.10001,178.10001,40.0
2014-07-22,179.5,179.5,179.5,179.5,11.0
2014-07-23,179.5,179.5,179.5,179.5,33.0
2014-07-24,178.14999,178.14999,178.14999,178.14999,25.0
2014-07-25,178.25,179.5,175.0,175.0,214.0
2014-07-31,175.0,175.0,175.0,175.0,78.0
2014-08-01,170.0,175.0,170.0,175.0,1005.0
2014-08-05,175.0,175.0,175.0,175.0,253.0
2014-08-06,175.0,175.0,175.0,175.0,1.0
2014-08-07,175.0,180.0,175.0,180.0,414.0
2014-08-11,175.0,175.0,175.0,175.0,12.0
2014-08-12,178.0,178.0,175.0,175.0,20.0
2014-08-15,175.0,175.0,171.5,175.0,32.0
2014-08-19,175.0,175.0,175.0,175.0,39.0
2014-08-22,185.39999,185.39999,185.39999,185.39999,5.0
2014-08-25,175.0,175.0,175.0,175.0,4.0
2014-08-28,175.0,175.0,175.0,175.0,15.0
2014-08-29,183.89999,183.89999,183.89999,183.89999,4.0
2014-09-02,176.0,183.89999,176.0,183.89999,15.0
2014-09-10,178.39999,178.39999,178.0,178.0,945.0
2014-09-11,180.0,182.0,180.0,180.0,444.0
2014-09-12,183.39999,184.8,182.05,182.05,824.0
2014-09-15,178.0,178.0,173.0,173.0,292.0
2014-09-16,173.0,174.5,170.0,174.5,135.0
2014-09-17,173.0,173.5,173.0,173.5,30.0
2014-09-18,173.0,173.60001,173.0,173.60001,29.0
2014-09-19,173.0,174.0,173.0,174.0,138.0
2014-09-22,173.0,173.0,170.25,170.25,230.0
2014-09-23,174.0,174.95,174.0,174.95,153.0
2014-09-25,174.95,174.95,174.89999,174.89999,28.0
2014-09-26,170.2,174.89999,170.0,171.0,443.0
2014-09-29,172.0,172.0,171.0,171.0,100.0
2014-09-30,173.0,174.45,170.0,174.39999,563.0
2014-10-02,172.0,172.0,172.0,172.0,60.0
2014-10-03,174.0,174.0,173.95,173.95,115.0
2014-10-07,172.10001,172.10001,172.0,172.0,14.0
2014-10-08,172.0,172.0,172.0,172.0,6.0
2014-10-09,172.0,172.0,172.0,172.0,92.0
2014-10-10,170.0,170.0,170.0,170.0,2726.0
2014-10-13,173.7,173.7,173.5,173.5,51.0
2014-10-14,173.3,173.45,170.0,170.0,68.0
2014-10-15,170.14999,173.45,170.0,173.45,58.0
2014-10-17,170.10001,174.0,170.10001,174.0,201.0
2014-10-20,174.0,175.0,174.0,175.0,108.0
2014-10-21,170.05,170.05,170.05,170.05,20.0
2014-10-24,174.75,174.75,174.75,174.75,2.0
2014-10-28,174.0,174.0,174.0,174.0,10.0
2014-10-29,170.10001,170.10001,170.10001,170.10001,69.0
2014-11-03,170.05,170.05,170.05,170.05,135.0
2014-11-04,174.0,174.0,173.0,173.0,111.0
2014-11-05,171.55,171.55,170.05,170.05,80.0
2014-11-07,172.0,173.0,170.10001,170.10001,119.0
2014-11-10,170.10001,170.10001,170.10001,170.10001,40.0
2014-11-11,171.0,171.0,170.0,170.0,300.0
2014-11-13,168.5,170.0,167.0,170.0,420.0
2014-11-14,170.0,170.0,170.0,170.0,10.0
2014-11-17,165.45,170.0,165.45,170.0,87.0
2014-11-19,167.0,167.0,166.10001,166.10001,171.0
2014-11-20,166.10001,166.10001,166.10001,166.10001,3.0
2014-11-24,169.0,169.0,166.5,169.0,102.0
2014-11-25,168.0,168.0,168.0,168.0,4.0
2014-11-26,168.0,170.0,168.0,168.0,174.0
2014-11-27,168.0,170.0,168.0,168.0,184.0
2014-11-28,166.05,168.0,166.05,168.0,87.0
2014-12-01,168.8,168.8,166.0,166.0,100.0
2014-12-02,168.0,168.0,168.0,168.0,5.0
2014-12-03,167.0,167.0,167.0,167.0,200.0
2014-12-05,166.0,166.0,165.0,165.0,450.0
2014-12-08,165.0,170.0,157.5,170.0,2989.0
2014-12-11,169.0,169.0,169.0,169.0,15.0
2014-12-15,160.39999,160.39999,160.39999,160.39999,42.0
2014-12-16,159.55,167.45,159.55,167.45,56.0
2014-12-17,160.05,166.95,160.0,166.95,80.0
2014-12-18,161.0,161.0,161.0,161.0,24.0
2014-12-19,167.45,167.45,159.3,159.3,448.0
2014-12-23,155.0,164.89999,155.0,155.14999,266.0
2014-12-24,163.95,163.95,163.95,163.95,1.0
2014-12-25,167.25,167.25,167.25,167.25,200.0
2014-12-26,158.0,158.0,157.35001,158.0,131.0
2014-12-29,160.0,160.0,160.0,160.0,11.0
2014-12-30,160.0,160.0,155.05,155.05,100.0
2014-12-31,159.0,159.0,159.0,159.0,250.0
2015-01-02,164.0,164.0,163.95,163.95,23.0
2015-01-06,159.10001,159.10001,158.0,158.0,240.0
2015-01-08,163.0,164.0,161.0,161.0,151.0
2015-01-19,160.5,160.5,158.05,158.05,60.0
2015-01-20,167.0,167.0,158.0,158.0,104.0
2015-01-21,158.10001,158.10001,158.0,158.0,486.0
2015-01-22,160.0,160.0,160.0,160.0,50.0
2015-01-23,158.0,158.0,158.0,158.0,114.0
2015-01-26,158.0,158.0,158.0,158.0,93.0
2015-01-28,164.95,164.95,164.95,164.95,2.0
2015-01-29,155.25,163.0,155.25,163.0,55.0
2015-01-30,151.5,151.5,151.5,151.5,292.0
2015-02-02,153.0,153.0,153.0,153.0,16.0
2015-02-03,162.14999,162.14999,154.0,154.0,192.0
2015-02-04,156.0,156.0,156.0,156.0,23.0
2015-02-05,161.0,161.85001,160.95,161.85001,293.0
2015-02-06,161.85001,161.89999,161.85001,161.89999,36.0
2015-02-09,156.0,156.0,156.0,156.0,10.0
2015-02-10,161.89999,164.8,161.89999,164.8,382.0
2015-02-11,156.5,156.5,156.5,156.5,30.0
2015-02-12,164.8,164.8,164.8,164.8,20.0
2015-02-13,159.0,159.0,156.10001,156.10001,129.0
2015-02-17,156.14999,156.14999,146.8,146.8,350.0
2015-02-18,148.0,148.10001,148.0,148.05,45.0
2015-02-19,147.35001,156.85001,147.35001,156.85001,91.0
2015-02-20,147.7,147.7,147.45,147.45,234.0
2015-02-23,155.89999,155.89999,155.89999,155.89999,2.0
2015-02-24,155.85001,155.89999,155.85001,155.89999,9.0
2015-02-25,155.0,155.0,151.0,155.0,1829.0
2015-02-26,150.0,150.0,150.0,150.0,52.0
2015-02-27,155.95,155.95,155.95,155.95,35.0
2015-03-02,156.0,158.0,148.0,158.0,116.0
2015-03-03,150.0,151.0,150.0,151.0,105.0
2015-03-04,157.89999,157.89999,157.89999,157.89999,2.0
2015-03-06,151.0,151.0,151.0,151.0,24.0
2015-03-09,153.0,153.0,153.0,153.0,6.0
2015-03-10,153.0,153.0,153.0,153.0,961.0
2015-03-11,153.0,153.0,153.0,153.0,5.0
2015-03-13,150.0,150.0,150.0,150.0,6.0
2015-03-17,150.10001,150.10001,150.0,150.0,76.0
2015-03-18,150.0,152.5,150.0,150.0,59.0
2015-03-23,179.05,179.05,179.05,179.05,1838.0
2015-03-24,179.0,179.2,179.0,179.0,1045.0
2015-03-25,180.0,180.0,180.0,180.0,634.0
2015-03-27,175.0,176.39999,175.0,176.39999,27.0
2015-03-30,175.05,176.39999,175.0,175.0,480.0
2015-03-31,175.10001,175.10001,175.10001,175.10001,4.0
2015-04-01,175.0,180.0,175.0,180.0,324.0
2015-04-03,175.0,175.0,175.0,175.0,183.0
2015-04-06,166.0,166.0,166.0,166.0,50.0
2015-04-07,175.0,175.0,175.0,175.0,76.0
2015-04-08,170.0,175.0,170.0,175.0,1351.0
2015-04-09,175.0,176.95,175.0,176.95,94.0
2015-04-10,170.3,170.3,170.3,170.3,59.0
2015-04-14,175.0,175.0,175.0,175.0,30.0
2015-04-17,175.0,175.0,175.0,175.0,2991.0
2015-04-20,173.05,173.05,173.0,173.0,147.0
2015-04-21,175.95,178.0,175.95,178.0,340.0
2015-04-23,175.0,175.0,175.0,175.0,15.0
2015-04-24,175.10001,177.0,175.10001,177.0,1009.0
2015-04-27,175.0,175.10001,175.0,175.10001,272.0
2015-04-29,178.7,178.7,176.0,176.0,155.0
2015-04-30,175.05,178.7,175.05,178.7,92.0
2015-05-05,176.0,179.8,176.0,179.8,637.0
2015-05-06,184.0,184.0,184.0,184.0,1.0
2015-05-07,180.0,180.0,180.0,180.0,141.0
2015-05-08,180.0,180.0,180.0,180.0,348.0
2015-05-11,180.05,180.05,180.0,180.0,120.0
2015-05-12,180.0,180.0,180.0,180.0,342.0
2015-05-13,180.0,180.89999,180.0,180.0,113.0
2015-05-14,180.0,180.0,180.0,180.0,200.0
2015-05-15,180.0,180.0,180.0,180.0,126.0
2015-05-18,181.0,184.95,181.0,184.95,680.0
2015-05-19,187.95,187.95,187.95,187.95,100.0
2015-05-20,183.0,187.89999,183.0,187.89999,32.0
2015-05-21,183.0,183.0,180.0,180.0,316.0
2015-05-22,178.2,178.2,177.0,177.0,74.0
2015-05-25,177.10001,177.10001,177.0,177.0,20.0
2015-05-26,170.89999,175.5,170.89999,175.5,734.0
2015-05-27,172.0,172.0,172.0,172.0,90.0
2015-06-02,174.3,174.3,174.3,174.3,5.0
2015-06-04,175.0,175.0,175.0,175.0,7.0
2015-06-05,179.89999,185.5,179.89999,185.5,486.0
2015-06-08,185.45,190.0,185.45,190.0,671.0
2015-06-09,189.95,190.0,189.95,190.0,100.0
2015-06-10,181.5,181.5,181.5,181.5,400.0
2015-06-16,182.75,182.75,182.75,182.75,30.0
2015-06-18,183.10001,183.5,183.10001,183.5,131.0
2015-06-19,183.7,187.0,183.7,187.0,161.0
2015-06-22,183.5,187.0,183.5,187.0,198.0
2015-06-23,189.0,189.0,189.0,189.0,14.0
2015-06-29,190.05,190.8,190.0,190.0,1743.0
2015-06-30,190.0,190.0,190.0,190.0,1.0
2015-07-08,186.0,186.0,186.0,186.0,132.0
2015-07-09,193.0,193.0,193.0,193.0,134.0
2015-07-10,189.0,189.0,189.0,189.0,1.0
2015-07-13,190.0,191.0,190.0,191.0,235.0
2015-07-14,194.85001,194.85001,191.0,191.0,327.0
2015-07-15,192.75,192.75,192.75,192.75,1.0
2015-07-16,192.0,193.7,192.0,193.7,44.0
2015-07-20,192.0,192.0,192.0,192.0,10.0
2015-07-21,191.55,192.0,191.55,192.0,51.0
2015-07-22,193.0,195.0,193.0,195.0,589.0
2015-07-23,195.0,195.0,195.0,195.0,129.0
2015-07-24,195.95,201.89999,195.95,201.89999,22680.0
2015-07-27,200.05,209.95,200.05,209.95,510.0
2015-07-28,213.95,213.95,206.0,206.0,131.0
2015-07-29,210.05,212.0,210.0,212.0,393.0
2015-07-31,212.0,215.0,206.10001,214.0,300.0
2015-08-03,216.0,216.0,216.0,216.0,117.0
2015-08-04,215.0,215.0,206.0,212.95,352.0
2015-08-05,208.0,209.0,206.0,209.0,5128.0
2015-08-06,212.0,212.0,206.3,206.3,130.0
2015-08-07,206.3,209.0,206.3,209.0,1271.0
2015-08-10,205.05,205.05,205.05,205.05,210.0
2015-08-11,206.0,206.0,203.0,203.0,183.0
2015-08-12,200.0,202.0,200.0,202.0,139.0
2015-08-13,202.0,202.8,202.0,202.8,2.0
2015-08-17,202.05,205.0,202.05,202.5,362.0
2015-08-18,204.0,204.0,204.0,204.0,124.0
2015-08-19,210.0,210.0,205.0,210.0,197.0
2015-08-24,207.0,209.0,207.0,209.0,3844.0
2015-08-25,210.0,210.0,200.0,209.89999,809.0
2015-08-26,208.0,208.0,208.0,208.0,120.0
2015-08-27,208.0,208.0,207.0,207.0,444.0
2015-08-28,208.0,208.0,208.0,208.0,121.0
2015-08-31,205.0,205.05,205.0,205.0,147.0
2015-09-01,204.0,204.0,200.0,200.0,4004.0
2015-09-02,201.8,201.8,201.8,201.8,125.0
2015-09-03,200.0,200.0,200.0,200.0,124.0
2015-09-04,195.0,197.10001,195.0,197.10001,145.0
2015-09-07,199.0,201.0,199.0,201.0,173.0
2015-09-08,197.0,197.0,197.0,197.0,193.0
2015-09-09,198.95,199.0,198.95,199.0,144.0
2015-09-10,200.0,200.0,200.0,200.0,126.0
2015-09-11,202.0,202.0,200.0,202.0,126.0
2015-09-14,200.0,207.0,200.0,205.0,835.0
2015-09-15,194.0,195.0,194.0,195.0,356.0
2015-09-16,186.0,188.0,183.5,186.0,291.0
2015-09-17,184.89999,184.89999,178.0,178.0,280.0
2015-09-18,179.0,188.64999,179.0,181.0,1701.0
2015-09-21,180.0,191.85001,180.0,191.85001,200.0
2015-09-22,195.0,195.0,195.0,195.0,131.0
2015-09-23,190.0,191.95,185.0,189.0,829.0
2015-09-28,189.0,190.0,189.0,190.0,149.0
2015-09-29,187.0,187.0,183.05,183.05,168.0
2015-09-30,182.0,194.0,182.0,194.0,190.0
2015-10-01,184.0,205.0,184.0,205.0,1542.0
2015-10-02,197.0,197.0,192.7,192.7,145.0
2015-10-05,190.0,190.0,190.0,190.0,145.0
2015-10-06,186.0,198.5,184.0,198.5,351.0
2015-10-07,190.0,198.0,186.60001,198.0,504.0
2015-10-08,188.0,198.0,188.0,198.0,259.0
2015-10-09,187.0,194.0,186.14999,186.14999,1447.0
2015-10-12,190.0,193.85001,186.10001,192.8,677.0
2015-10-13,189.95,189.95,189.95,189.95,130.0
2015-10-14,184.0,184.0,180.2,184.0,1181.0
2015-10-16,180.10001,185.0,180.10001,185.0,227.0
2015-10-19,184.0,184.0,184.0,184.0,6.0
2015-10-20,177.0,184.89999,177.0,180.0,185.0
2015-10-21,177.0,183.5,177.0,183.5,141.0
2015-10-22,181.8,181.8,181.8,181.8,137.0
2015-10-23,181.0,189.0,180.0,180.0,2560.0
2015-10-26,180.0,189.0,178.0,189.0,3442.0
2015-10-27,188.0,188.0,188.0,188.0,139.0
2015-10-28,185.0,186.75,183.0,186.75,574.0
2015-10-29,184.89999,197.0,184.89999,196.5,2452.0
2015-10-30,190.5,190.5,190.5,190.5,128.0
2015-11-02,187.0,196.10001,187.0,196.10001,402.0
2015-11-03,185.0,194.7,185.0,194.7,1579.0
2015-11-04,184.0,184.0,183.5,183.5,879.0
2015-11-05,182.0,182.0,182.0,182.0,479.0
2015-11-09,181.60001,181.60001,181.60001,181.60001,138.0
2015-11-10,183.8,183.8,182.0,182.0,100.0
2015-11-11,182.0,182.0,180.2,180.2,237.0
2015-11-12,181.8,181.8,180.2,180.2,219.0
2015-11-13,184.8,184.8,180.0,180.0,303.0
2015-11-16,180.0,180.10001,180.0,180.0,172.0
2015-11-17,182.0,182.0,182.0,182.0,105.0
2015-11-19,183.0,184.8,183.0,184.8,183.0
2015-11-20,182.05,183.89999,182.05,183.89999,194.0
2015-11-23,183.0,183.0,183.0,183.0,104.0
2015-11-24,180.0,183.0,180.0,183.0,363.0
2015-11-25,182.0,182.0,182.0,182.0,30.0
2015-11-26,180.5,180.5,180.5,180.5,100.0
2015-11-27,179.0,180.7,171.10001,180.7,374.0
2015-11-30,177.0,177.0,177.0,177.0,8.0
2015-12-01,177.2,178.0,177.2,178.0,213.0
2015-12-02,178.0,178.0,177.0,178.0,4720.0
2015-12-03,176.5,176.5,176.5,176.5,42.0
2015-12-04,175.8,181.95,175.8,181.95,220.0
2015-12-07,178.0,178.0,178.0,178.0,138.0
2015-12-08,175.10001,181.5,174.10001,181.5,335.0
2015-12-09,180.8,180.8,175.0,175.0,149.0
2015-12-10,175.0,175.0,172.0,172.0,750.0
2015-12-11,172.0,181.0,172.0,181.0,310.0
2015-12-14,180.0,180.0,180.0,180.0,139.0
2015-12-15,177.3,177.3,177.0,177.0,149.0
2015-12-16,171.0,180.0,171.0,171.0,20585.0
2015-12-17,171.7,181.0,171.7,181.0,350.0
2015-12-18,180.0,181.8,180.0,181.8,359.0
2015-12-21,181.0,181.0,171.10001,179.89999,158.0
2015-12-22,180.0,180.0,171.2,171.2,265.0
2015-12-23,175.10001,181.0,175.10001,181.0,300.0
2015-12-28,178.0,180.0,178.0,180.0,490.0
2015-12-29,175.3,175.3,175.0,175.0,164.0
2015-12-30,175.0,175.0,175.0,175.0,293.0
2015-12-31,180.0,180.0,180.0,180.0,143.0
2016-01-04,180.0,180.0,180.0,180.0,139.0
2016-01-05,180.0,180.0,180.0,180.0,137.0
2016-01-06,179.89999,179.89999,179.89999,179.89999,1.0
2016-01-07,180.0,180.0,180.0,180.0,45.0
2016-01-08,180.0,180.0,180.0,180.0,139.0
2016-01-12,176.8,176.8,176.8,176.8,139.0
2016-01-13,176.8,176.8,176.8,176.8,150.0
2016-01-14,177.0,187.39999,177.0,187.39999,265.0
2016-01-15,182.0,183.75,177.0,177.0,240.0
2016-01-18,181.8,181.8,180.5,180.5,420.0
2016-01-19,183.5,183.8,183.5,183.8,492.0
2016-01-20,184.0,184.0,184.0,184.0,142.0
2016-01-21,184.0,184.0,182.10001,182.10001,270.0
2016-01-22,182.10001,182.10001,182.0,182.0,48.0
2016-01-25,182.89999,182.89999,182.89999,182.89999,1.0
2016-01-26,183.0,183.0,183.0,183.0,15.0
2016-01-27,184.75,185.0,184.75,185.0,481.0
2016-01-28,185.0,185.0,185.0,185.0,3.0
2016-01-29,185.95,186.89999,185.95,186.89999,49.0
2016-02-01,186.0,187.0,186.0,187.0,133.0
2016-02-02,187.0,188.75,187.0,188.75,102.0
2016-02-03,188.0,200.0,188.0,200.0,230.0
2016-02-04,200.0,200.0,200.0,200.0,126.0
2016-02-05,197.5,197.5,195.0,195.0,241.0
2016-02-08,195.0,195.0,195.0,195.0,129.0
2016-02-09,194.0,194.0,190.0,190.0,169.0
2016-02-10,190.0,190.0,190.0,190.0,250.0
2016-02-11,191.8,191.8,191.8,191.8,140.0
2016-02-12,192.8,192.8,191.0,191.0,234.0
2016-02-15,192.0,192.0,188.10001,188.10001,242.0
2016-02-16,188.14999,198.95,188.14999,198.95,343.0
2016-02-17,190.0,199.8,190.0,199.8,146.0
2016-02-18,195.0,210.0,195.0,210.0,260355.0
2016-02-19,209.0,209.0,199.10001,199.10001,141.0
2016-02-22,200.0,200.0,200.0,200.0,14.0
2016-02-23,201.0,201.0,201.0,201.0,500.0
2016-02-24,200.0,200.0,199.0,199.0,202.0
2016-02-25,201.0,201.0,201.0,201.0,43.0
2016-02-26,202.0,207.0,191.10001,191.10001,1037.0
2016-02-29,198.0,200.0,198.0,200.0,207.0
2016-03-01,203.0,205.0,203.0,204.0,191.0
2016-03-02,208.0,208.0,208.0,208.0,5315.0
2016-03-03,208.0,208.0,208.0,208.0,143.0
2016-03-04,209.0,209.0,209.0,209.0,5.0
2016-03-07,210.0,210.0,210.0,210.0,170.0
2016-03-08,211.0,212.0,210.0,210.0,203.0
2016-03-09,214.0,214.0,213.0,213.0,72.0
2016-03-10,212.0,212.0,210.0,210.0,77.0
2016-03-11,213.0,213.0,211.0,212.0,345.0
2016-03-14,213.0,213.0,210.0,210.0,3408.0
2016-03-15,215.0,215.0,214.0,214.5,445.0
2016-03-16,213.89999,213.89999,210.0,210.0,209.0
2016-03-17,212.0,212.0,212.0,212.0,120.0
2016-03-18,211.0,211.0,211.0,211.0,1.0
2016-03-21,211.0,212.0,211.0,211.0,139.0
2016-03-22,211.0,219.0,211.0,219.0,545.0
2016-03-23,212.0,224.5,212.0,224.5,370.0
2016-03-24,222.5,230.0,222.5,230.0,1119.0
2016-03-25,226.0,230.0,224.0,224.0,1318.0
2016-03-28,224.0,226.0,224.0,226.0,503.0
2016-03-29,226.0,226.0,224.0,224.0,260.0
2016-03-30,230.0,237.39999,230.0,237.39999,813.0
2016-03-31,224.60001,225.0,224.60001,224.60001,151.0
2016-04-01,234.0,234.0,224.60001,224.60001,162.0
2016-04-04,224.0,224.0,224.0,224.0,112.0
2016-04-05,222.0,222.0,220.0,220.0,284.0
2016-04-06,220.0,221.0,220.0,221.0,184.0
2016-04-07,221.0,222.0,221.0,221.0,146.0
2016-04-08,221.10001,232.60001,220.0,232.0,398.0
2016-04-11,226.0,226.0,220.10001,220.10001,200.0
2016-04-12,221.0,221.0,221.0,221.0,115.0
2016-04-13,223.0,229.5,223.0,229.5,160.0
2016-04-14,225.0,227.0,225.0,227.0,209.0
2016-04-15,225.0,230.0,225.0,230.0,231.0
2016-04-18,226.0,226.0,221.0,221.10001,150.0
2016-04-19,223.0,223.0,223.0,223.0,115.0
2016-04-20,223.0,223.0,219.2,219.2,289.0
2016-04-21,219.5,220.8,214.0,220.8,652.0
2016-04-22,219.0,229.0,219.0,229.0,577.0
2016-04-25,225.0,225.0,217.0,217.0,353.0
2016-04-26,220.0,220.0,218.0,218.0,151.0
2016-04-27,219.0,221.0,219.0,221.0,247.0
2016-04-28,219.10001,229.0,219.0,229.0,798.0
2016-04-29,224.0,230.0,224.0,230.0,630.0
2016-05-02,226.0,227.0,226.0,227.0,9.0
2016-05-03,225.0,225.0,225.0,225.0,112.0
2016-05-04,224.0,224.0,222.0,222.0,122.0
2016-05-05,221.0,223.0,221.0,223.0,263.0
2016-05-06,224.0,224.0,224.0,224.0,113.0
2016-05-09,222.0,222.0,217.2,217.2,429.0
2016-05-10,222.0,228.0,220.0,227.89999,856.0
2016-05-11,222.0,227.0,222.0,227.0,461.0
2016-05-12,222.0,222.0,222.0,222.0,42.0
2016-05-13,223.0,226.85001,223.0,226.85001,237.0
2016-05-16,224.0,224.0,224.0,224.0,110.0
2016-05-17,222.0,222.0,222.0,222.0,24.0
2016-05-18,221.0,221.0,221.0,221.0,42.0
2016-05-19,222.0,222.0,222.0,222.0,1.0
2016-05-20,222.95,222.95,222.0,222.0,23.0
2016-05-23,221.0,221.0,220.0,221.0,149.0
2016-05-24,220.10001,220.10001,220.10001,220.10001,1.0
2016-05-25,220.0,220.0,219.0,219.0,135.0
2016-05-26,219.0,223.0,219.0,223.0,116.0
2016-05-27,220.0,221.0,220.0,220.0,61421.0
2016-05-30,220.95,221.0,220.95,221.0,172.0
2016-05-31,220.0,220.05,220.0,220.0,178.0
2016-06-01,219.0,219.0,219.0,219.0,114.0
2016-06-02,220.0,220.0,220.0,220.0,115.0
2016-06-03,220.0,225.0,220.0,225.0,235.0
2016-06-06,216.0,217.0,216.0,217.0,593.0
2016-06-07,219.0,219.0,219.0,219.0,1.0
2016-06-08,220.0,220.0,220.0,220.0,25.0
2016-06-09,219.95,219.95,219.95,219.95,114.0
2016-06-10,220.0,224.0,220.0,224.0,211.0
2016-06-13,221.5,221.5,221.0,221.0,132.0
2016-06-14,221.0,221.0,221.0,221.0,7836.0
2016-06-15,221.0,221.0,221.0,221.0,169.0
2016-06-16,224.0,224.0,224.0,224.0,290.0
2016-06-17,224.0,230.0,224.0,228.0,325.0
2016-06-20,224.0,226.0,224.0,226.0,148.0
2016-06-21,224.0,224.0,224.0,224.0,112.0
2016-06-22,224.0,225.0,223.0,225.0,1041.0
2016-06-23,222.0,224.0,222.0,224.0,135.0
2016-06-24,221.0,228.0,221.0,228.0,151.0
2016-06-27,224.0,226.0,224.0,226.0,30.0
2016-06-28,226.0,227.0,226.0,227.0,175.0
2016-06-29,227.0,227.0,227.0,227.0,112.0
2016-06-30,225.0,225.0,225.0,225.0,35.0
2016-07-01,225.0,225.0,223.0,223.0,119.0
2016-07-04,225.0,225.0,225.0,225.0,145.0
2016-07-05,225.0,227.0,225.0,225.0,100.0
2016-07-11,227.0,229.95,227.0,229.95,127.0
2016-07-12,215.0,215.0,215.0,215.0,5.0
2016-07-13,215.0,215.0,212.0,212.0,51.0
2016-07-26,207.0,207.0,201.0,201.0,50.0
2016-07-27,201.0,201.0,199.0,199.0,205.0
2016-07-28,210.0,210.0,201.0,210.0,148.0
2016-08-03,200.0,214.39999,200.0,214.39999,156.0
2016-08-04,200.0,210.0,200.0,210.0,533.0
2016-08-05,205.0,205.0,205.0,205.0,88.0
2016-08-09,204.0,207.0,196.0,207.0,629.0
2016-08-10,206.0,206.0,205.0,205.0,88.0
2016-08-11,207.0,207.0,207.0,207.0,100.0
2016-08-12,209.0,209.0,209.0,209.0,100.0
2016-08-25,202.0,208.0,202.0,208.0,81.0
2016-08-26,203.0,208.89999,203.0,208.89999,135.0
2016-08-31,202.05,202.05,202.05,202.05,268.0
2016-09-01,208.8,208.8,208.8,208.8,20.0
2016-09-09,202.0,207.95,202.0,207.95,45.0
2016-09-15,207.75,208.0,207.75,208.0,440.0
2016-09-21,208.89999,209.0,208.89999,209.0,214.0
2016-09-22,205.3,205.3,205.2,205.2,18.0
2016-09-23,210.0,210.0,210.0,210.0,40.0
2016-09-27,208.5,208.55,208.5,208.55,56.0
2016-09-28,208.10001,208.10001,208.10001,208.10001,71.0
2016-09-29,207.10001,207.10001,207.10001,207.10001,32.0
2016-09-30,205.0,205.0,201.0,201.0,285.0
2016-10-04,205.0,205.0,204.0,204.0,17.0
2016-10-05,200.0,200.0,199.0,199.0,16.0
2016-10-06,194.0,199.0,188.0,199.0,82.0
2016-10-10,195.5,201.0,195.0,201.0,112.0
2016-10-11,197.0,197.0,197.0,197.0,1056.0
2016-10-13,194.7,195.0,194.5,195.0,239.0
2016-10-14,195.0,195.0,195.0,195.0,31.0
2016-10-17,195.0,195.0,195.0,195.0,6.0
2016-10-18,195.0,195.0,193.5,193.5,80.0
2016-10-19,192.60001,194.0,192.60001,194.0,103.0
2016-10-20,192.60001,192.60001,190.0,190.0,304.0
2016-10-21,190.0,190.10001,190.0,190.0,318.0
2016-10-25,188.0,190.0,188.0,190.0,3.0
2016-10-26,190.0,193.5,190.0,193.5,1884.0
2016-10-28,188.05,188.05,188.05,188.05,41.0
2016-10-31,193.60001,193.60001,193.60001,193.60001,1.0
2016-11-01,190.0,199.89999,190.0,199.89999,4125.0
2016-11-02,195.0,199.89999,195.0,195.0,30.0
2016-11-04,195.0,197.7,195.0,197.7,41.0
2016-11-08,195.0,195.0,195.0,195.0,36.0
2016-11-11,188.14999,199.5,188.14999,199.5,43.0
2016-11-15,188.2,193.8,188.2,193.8,43.0
2016-11-16,199.2,199.2,199.2,199.2,1.0
2016-11-17,193.0,193.2,193.0,193.2,508.0
2016-11-21,199.3,199.35001,199.3,199.35001,155.0
2016-11-22,199.64999,199.64999,199.64999,199.64999,1.0
2016-11-23,198.0,198.0,198.0,198.0,12.0
2016-11-24,198.0,209.89999,198.0,203.5,7368.0
2016-11-25,202.10001,202.10001,202.10001,202.10001,50.0
2016-11-28,202.10001,203.0,202.05,202.05,113.0
2016-11-29,201.60001,201.60001,201.60001,201.60001,57.0
2016-12-01,209.89999,216.89999,209.8,216.89999,675.0
2016-12-02,217.0,219.5,213.0,219.5,75.0
2016-12-06,213.0,217.0,208.0,217.0,280.0
2016-12-07,206.55,206.55,206.55,206.55,87.0
2016-12-14,206.25,206.25,206.25,206.25,123.0
2016-12-16,207.0,212.39999,207.0,212.39999,37.0
2016-12-19,208.10001,214.7,201.0,214.7,703.0
2016-12-20,203.05,212.25,203.0,212.0,625.0
2016-12-22,207.14999,207.14999,207.0,207.0,700.0
2016-12-23,207.10001,212.39999,207.10001,212.39999,623.0
2016-12-26,212.39999,212.39999,212.39999,212.39999,12.0
2016-12-27,208.14999,212.39999,208.0,208.0,201.0
2016-12-28,208.05,208.05,206.2,207.0,2215.0
2016-12-29,210.0,212.0,210.0,212.0,3595.0
2016-12-30,212.39999,217.0,210.10001,213.0,1856.0
2017-01-04,208.60001,210.0,208.60001,210.0,20.0
2017-01-05,216.2,216.2,216.2,216.2,1.0
2017-01-06,210.0,210.05,208.7,208.7,1258.0
2017-01-09,210.05,216.3,209.2,209.2,8625.0
2017-01-10,209.10001,209.3,209.10001,209.3,40.0
2017-01-12,209.14999,214.5,209.14999,214.5,49.0
2017-01-13,209.10001,209.10001,209.10001,209.10001,113.0
2017-01-16,214.0,214.0,214.0,214.0,22.0
2017-01-17,213.89999,215.0,211.0,211.0,144.0
2017-01-18,210.0,210.0,210.0,210.0,5.0
2017-01-19,215.8,215.8,215.7,215.8,155.0
2017-01-20,215.0,215.75,210.39999,210.39999,231.0
2017-01-23,209.75,214.0,209.60001,210.10001,83.0
2017-01-26,209.5,213.95,209.5,213.95,114.0
2017-01-30,211.0,215.8,210.0,215.8,494.0
2017-01-31,215.8,217.8,211.0,211.0,122.0
2017-02-01,211.0,211.0,211.0,211.0,7.0
2017-02-02,211.0,211.2,211.0,211.2,133.0
2017-02-03,211.2,215.0,211.2,215.0,142.0
2017-02-07,214.85001,217.5,214.85001,217.5,120.0
2017-02-08,217.5,217.5,217.5,217.5,10.0
2017-02-13,217.5,239.0,217.5,229.95,276.0
2017-02-14,212.5,212.60001,212.5,212.60001,16.0
2017-02-15,212.64999,212.64999,212.64999,212.64999,37.0
2017-02-16,217.5,233.0,217.5,220.8,182.0
2017-02-17,222.0,222.0,221.0,221.0,184.0
2017-02-21,220.0,221.0,220.0,221.0,30.0
2017-02-22,217.5,217.5,217.5,217.5,135.0
2017-02-23,218.0,218.0,216.0,216.0,419.0
2017-02-24,216.0,216.0,216.0,216.0,118.0
2017-02-27,216.0,217.0,216.0,217.0,120.0
2017-02-28,223.0,223.0,223.0,223.0,25.0
2017-03-02,228.0,228.0,228.0,228.0,38.0
2017-03-06,225.0,225.0,225.0,225.0,300.0
2017-03-09,226.2,240.0,214.60001,236.0,721.0
2017-03-10,219.0,235.0,219.0,235.0,112.0
2017-03-13,239.0,239.0,239.0,239.0,10.0
2017-03-14,239.0,239.0,238.0,238.0,20.0
2017-03-15,228.0,238.0,228.0,238.0,266.0
2017-03-16,231.60001,237.45,228.0,237.45,786.0
2017-03-17,237.0,237.0,237.0,237.0,5.0
2017-03-20,222.0,222.0,222.0,222.0,41.0
2017-03-21,234.60001,234.60001,234.60001,234.60001,20.0
2017-03-27,229.8,229.8,225.0,225.0,35.0
2017-03-28,229.0,229.0,229.0,229.0,5.0
2017-03-30,217.0,223.0,217.0,223.0,173.0
2017-04-04,225.0,232.45,225.0,232.45,5356.0
2017-04-06,217.2,229.95,217.2,229.95,52.0
2017-04-07,227.5,227.5,220.0,220.0,131.0
2017-04-10,220.0,220.0,220.0,220.0,1.0
2017-04-11,218.25,218.25,218.25,218.25,9.0
2017-04-14,230.45,230.45,230.45,230.45,5.0
2017-04-18,221.10001,221.10001,221.10001,221.10001,127.0
2017-04-19,227.0,233.0,227.0,227.10001,378.0
2017-04-21,232.0,232.0,232.0,232.0,50.0
2017-04-27,235.0,235.0,235.0,235.0,849.0
2017-04-28,224.0,238.0,224.0,238.0,1040.0
2017-05-02,250.89999,250.89999,238.5,245.0,16.0
2017-05-03,248.89999,248.89999,248.89999,248.89999,111.0
2017-05-04,249.89999,250.0,249.89999,250.0,312.0
2017-05-05,250.0,252.0,250.0,250.0,920.0
2017-05-08,240.0,259.0,240.0,259.0,715.0
2017-05-12,243.0,248.0,243.0,248.0,99.0
2017-05-16,250.0,250.0,250.0,250.0,1.0
2017-05-18,250.0,250.0,250.0,250.0,801.0
2017-05-19,244.10001,253.0,244.10001,253.0,11.0
2017-05-26,237.60001,253.0,237.60001,253.0,69.0
2017-05-29,250.0,250.0,250.0,250.0,8633.0
2017-05-30,252.0,252.0,252.0,252.0,10.0
2017-06-09,251.95,253.0,251.95,253.0,1000.0
2017-06-12,258.0,258.0,258.0,258.0,1.0
2017-06-16,250.0,250.0,250.0,250.0,3.0
2017-06-19,237.0,250.0,237.0,250.0,59.0
2017-06-20,238.0,249.89999,238.0,249.89999,97.0
2017-06-21,249.89999,249.89999,249.89999,249.89999,92.0
2017-06-22,249.89999,249.89999,249.89999,249.89999,15.0
2017-06-23,255.0,255.0,255.0,255.0,85.0
2017-06-28,239.3,257.0,239.3,257.0,171.0
2017-06-30,258.0,274.89999,250.0,258.0,315.0
2017-07-04,245.0,250.0,242.7,244.0,112.0
2017-07-06,255.0,262.45001,255.0,260.0,77.0
2017-07-07,264.0,264.0,260.0,264.0,98.0
2017-07-10,265.39999,265.45001,265.39999,265.45001,16.0
2017-07-11,263.0,268.95001,263.0,268.95001,190.0
2017-07-12,268.95001,268.95001,268.95001,268.95001,10.0
2017-07-13,263.10001,279.95001,263.10001,279.95001,113.0
2017-07-14,283.95001,283.95001,270.0,270.0,252.0
2017-07-17,280.0,290.0,280.0,290.0,75.0
2017-07-18,271.60001,289.5,271.60001,289.5,87.0
2017-07-19,277.0,278.0,277.0,277.0,80.0
2017-07-20,277.0,277.0,277.0,277.0,2.0
2017-07-21,281.0,289.95001,279.0,279.0,137.0
2017-07-24,285.0,289.0,280.0,280.0,269.0
2017-07-25,278.75,289.0,278.75,289.0,114.0
2017-07-26,288.89999,290.0,280.0,281.0,636.0
2017-07-27,288.54999,288.54999,288.54999,288.54999,9.0
2017-07-28,278.0,288.20001,278.0,278.35001,76.0
2017-07-31,278.45001,280.10001,278.45001,280.10001,26.0
2017-08-01,288.0,288.0,288.0,288.0,6.0
2017-08-02,283.0,284.89999,283.0,284.89999,6.0
2017-08-03,285.0,285.0,279.0,280.0,187.0
2017-08-04,275.0,283.70001,271.70001,281.0,33.0
2017-08-07,281.0,284.85001,281.0,284.85001,86.0
2017-08-08,271.29999,284.89999,271.29999,284.89999,79.0
2017-08-09,276.10001,276.35001,276.10001,276.14999,15.0
2017-08-10,277.0,280.0,277.0,280.0,42.0
2017-08-11,280.0,280.0,280.0,280.0,11.0
2017-08-15,281.0,281.0,281.0,281.0,251.0
2017-08-17,284.5,284.5,284.39999,284.5,16.0
2017-08-18,290.0,290.0,284.64999,290.0,115.0
2017-08-22,293.0,293.0,285.0,285.0,54.0
2017-08-23,260.0,282.0,260.0,266.0,190.0
2017-08-24,270.0,270.0,270.0,270.0,62.0
2017-08-25,287.0,287.0,286.5,286.5,2.0
2017-08-28,285.0,285.5,285.0,285.5,28.0
2017-08-29,280.04999,280.04999,280.04999,280.04999,10.0
2017-08-30,260.04999,280.0,260.04999,280.0,684.0
2017-08-31,279.0,279.0,279.0,279.0,1.0
2017-09-04,279.0,279.0,279.0,279.0,7.0
2017-09-06,279.0,279.0,279.0,279.0,1.0
2017-09-07,266.60001,278.89999,266.60001,278.89999,3.0
2017-09-08,279.0,279.0,279.0,279.0,1.0
2017-09-11,270.10001,270.10001,270.10001,270.10001,2.0
2017-09-12,271.20001,278.89999,271.20001,278.89999,9.0
2017-09-13,283.0,283.0,283.0,283.0,200.0
2017-09-14,283.45001,283.89999,275.29999,283.89999,140.0
2017-09-15,280.0,280.0,280.0,280.0,219.0
2017-09-18,250.0,255.5,250.0,255.5,31.0
2017-09-19,250.0,250.0,250.0,250.0,130.0
2017-09-21,250.0,251.10001,250.0,250.0,335.0
2017-09-26,252.0,252.0,252.0,252.0,15.0
2017-09-28,251.89999,251.89999,251.89999,251.89999,6.0
2017-09-29,252.0,264.0,252.0,264.0,427.0
2017-10-02,254.0,254.0,251.2,251.2,14.0
2017-10-03,252.0,255.10001,252.0,255.10001,21.0
2017-10-05,256.0,264.0,256.0,264.0,47.0
2017-10-06,257.10001,275.0,257.10001,275.0,241.0
2017-10-09,258.0,258.0,258.0,258.0,50.0
2017-10-10,258.5,258.70001,256.0,256.10001,210.0
2017-10-12,257.39999,257.39999,257.10001,257.10001,109.0
2017-10-13,255.25,262.0,255.2,262.0,146.0
2017-10-17,255.25,255.25,255.25,255.25,60.0
2017-10-19,255.55,260.0,255.55,260.0,935.0
2017-10-20,260.0,265.0,250.0,250.0,1244.0
2017-10-25,255.0,255.05,255.0,255.0,25.0
2017-10-26,263.0,263.0,263.0,263.0,1.0
2017-10-27,256.0,264.89999,256.0,264.70001,306.0
2017-10-30,263.0,263.0,260.10001,260.10001,112.0
2017-10-31,265.0,265.0,265.0,265.0,110.0
2017-11-01,261.5,261.5,261.5,261.5,202.0
2017-11-02,264.95001,266.0,260.10001,260.10001,400.0
2017-11-03,261.04999,270.0,261.04999,269.0,12920.0
2017-11-07,269.0,269.0,269.0,269.0,490.0
2017-11-08,263.0,285.0,263.0,285.0,3255.0
2017-11-10,279.95001,279.95001,279.95001,279.95001,34.0
2017-11-13,273.60001,285.0,273.0,275.0,82.0
2017-11-16,267.25,283.89999,267.0,272.0,8166.0
2017-11-20,265.0,265.0,265.0,265.0,50.0
2017-11-22,272.0,272.0,272.0,272.0,50.0
2017-11-23,264.0,264.0,263.89999,263.89999,41.0
2017-11-24,269.0,269.95001,269.0,269.95001,100.0
2017-11-28,270.0,270.0,269.0,269.0,1051.0
2017-11-30,266.0,266.0,266.0,266.0,30.0
2017-12-04,270.0,270.0,270.0,270.0,18.0
2017-12-05,270.0,270.0,266.0,269.0,7284.0
2017-12-06,267.0,267.0,266.0,266.0,170.0
2017-12-13,266.0,266.0,266.0,266.0,14.0
2017-12-14,268.79999,269.0,268.79999,269.0,51.0
2017-12-15,243.05,243.05,243.05,243.05,481.0
2017-12-18,264.79999,264.89999,255.0,263.0,56.0
2017-12-20,268.39999,268.39999,268.39999,268.39999,1.0
2017-12-21,255.60001,264.0,252.0,263.60001,206.0
2017-12-22,252.55,263.5,252.55,263.5,70.0
2017-12-26,260.0,260.0,260.0,260.0,29.0
2017-12-29,256.20001,265.0,256.20001,265.0,2008.0
2018-01-02,260.10001,262.5,256.5,262.5,110.0
2018-01-03,262.5,262.5,262.5,262.5,34.0
2018-01-04,270.0,270.0,270.0,270.0,21.0
2018-01-05,270.0,270.0,270.0,270.0,30.0
2018-01-08,271.79999,272.79999,271.79999,272.79999,84.0
2018-01-10,266.0,266.0,263.10001,263.10001,25.0
2018-01-12,275.0,275.0,275.0,275.0,194.0
2018-01-15,278.0,278.0,278.0,278.0,1.0
2018-01-16,270.0,294.0,270.0,294.0,595.0
2018-01-18,284.20001,302.5,280.04999,280.04999,1104.0
2018-01-19,285.0,285.89999,285.0,285.89999,230.0
2018-01-22,285.0,285.89999,280.0,284.20001,256.0
2018-01-23,284.20001,299.89999,284.20001,299.89999,283.0
2018-01-24,299.85001,322.0,299.85001,318.0,2470.0
2018-01-25,320.0,336.0,320.0,332.95001,2305.0
2018-01-26,327.5,333.0,325.25,333.0,155.0
2018-01-29,311.5,334.95001,311.5,332.39999,2182.0
2018-01-30,321.0,330.0,321.0,330.0,168.0
2018-01-31,316.60001,328.89999,313.04999,328.89999,81.0
2018-02-01,318.0,318.0,318.0,318.0,2.0
2018-02-02,320.0,328.35001,318.10001,318.10001,198.0
2018-02-05,318.04999,326.60001,318.04999,326.60001,131.0
2018-02-07,318.10001,323.95001,318.0,323.95001,136.0
2018-02-08,322.0,322.0,320.0,320.0,182.0
2018-02-09,323.5,323.5,320.0,320.0,136.0
2018-02-13,318.0,321.75,313.14999,313.60001,206.0
2018-02-14,313.60001,315.0,305.0,315.0,773.0
2018-02-15,306.0,306.0,306.0,306.0,70.0
2018-02-16,316.0,320.0,316.0,319.89999,55.0
2018-02-19,311.10001,318.95001,310.0,318.95001,512.0
2018-02-20,320.0,320.5,320.0,320.5,35.0
2018-02-22,312.5,320.0,311.0,320.0,514.0
2018-02-23,322.0,322.0,320.0,320.0,210.0
2018-02-27,312.14999,319.95001,311.0,319.85001,242.0
2018-02-28,317.5,317.5,310.0,317.39999,121.0
2018-03-02,310.14999,310.14999,296.0,296.0,1200.0
2018-03-05,319.0,319.0,319.0,319.0,5.0
2018-03-06,301.25,305.0,301.25,303.0,92.0
2018-03-07,301.5,301.5,300.0,300.0,115.0
2018-03-09,308.95001,308.95001,308.95001,308.95001,2.0
2018-03-12,308.89999,308.89999,308.89999,308.89999,3.0
2018-03-13,308.89999,313.5,308.79999,313.5,32.0
2018-03-21,308.0,318.39999,300.0,318.39999,307.0
2018-03-23,300.0,310.0,300.0,310.0,9.0
2018-03-26,310.0,310.0,300.0,308.79999,689.0
2018-03-27,305.0,311.0,305.0,311.0,255.0
2018-03-28,311.0,311.0,311.0,311.0,47.0
2018-03-29,311.0,311.0,311.0,311.0,338.0
2018-03-30,312.75,312.79999,306.0,306.0,45.0
2018-04-02,306.0,306.0,306.0,306.0,699.0
2018-04-03,309.5,309.5,309.5,309.5,4.0
2018-04-05,309.5,309.5,309.5,309.5,2.0
2018-04-06,291.0,291.0,291.0,291.0,2.0
2018-04-09,291.25,291.25,290.0,290.0,200.0
2018-04-11,293.0,300.0,293.0,300.0,360.0
2018-04-12,291.0,300.0,291.0,300.0,107.0
2018-04-13,290.0,298.5,290.0,298.5,245.0
2018-04-16,298.39999,298.39999,298.39999,298.39999,1.0
2018-04-17,286.04999,296.0,286.0,296.0,92.0
2018-04-18,288.0,288.0,283.0,285.0,442.0
2018-04-19,284.0,292.0,284.0,292.0,506.0
2018-04-23,292.79999,292.79999,284.10001,284.10001,2.0
2018-04-24,284.0,284.0,283.0,283.0,12.0
2018-04-26,280.04999,280.04999,280.04999,280.04999,91.0
2018-04-27,290.0,290.0,290.0,290.0,98.0
2018-04-30,290.0,290.0,290.0,290.0,1.0
2018-05-02,290.0,290.0,281.04999,288.95001,38.0
2018-05-04,289.79999,289.79999,281.54999,289.79999,36.0
2018-05-07,289.95001,289.95001,289.95001,289.95001,1.0
2018-05-09,282.0,282.0,282.0,282.0,40.0
2018-05-11,287.0,287.0,287.0,287.0,6.0
2018-05-16,280.04999,280.04999,278.54999,278.60001,108.0
2018-05-18,265.04999,265.04999,255.0,255.0,489.0
2018-05-22,277.79999,277.79999,277.79999,277.79999,100.0
2018-05-23,277.70001,277.70001,277.70001,277.70001,81.0
2018-05-29,284.95001,284.95001,284.95001,284.95001,1.0
2018-06-01,289.95001,289.95001,289.95001,289.95001,200.0
2018-06-07,263.10001,289.75,263.10001,289.75,104.0
2018-06-08,285.0,285.0,285.0,285.0,100.0
2018-06-14,271.29999,285.0,271.29999,285.0,138.0
2018-06-19,293.5,293.5,293.5,293.5,1.0
2018-06-20,293.5,293.5,293.5,293.5,10932.0
2018-06-25,294.70001,294.70001,294.5,294.70001,29.0
2018-07-06,290.0,290.0,290.0,290.0,40.0
2018-07-11,270.0,291.95001,270.0,280.0,239.0
2018-07-13,271.0,271.0,271.0,271.0,9.0
2018-07-16,271.5,271.5,265.0,265.0,157.0
2018-07-17,287.95001,287.95001,282.0,282.0,101.0
2018-07-20,275.5,285.0,275.5,285.0,27.0
2018-07-24,285.0,285.0,285.0,285.0,95.0
2018-07-26,275.0,275.0,275.0,275.0,16.0
2018-08-08,268.5,268.5,268.5,268.5,1.0
2018-08-09,268.5,268.5,261.5,261.5,102.0
2018-08-10,261.70001,270.0,261.5,270.0,389.0
2018-08-13,256.04999,256.04999,256.04999,256.04999,42.0
2018-08-17,265.0,265.0,265.0,265.0,25.0
2018-08-24,285.0,285.0,285.0,285.0,200.0
2018-08-27,270.0,270.0,270.0,270.0,166.0
2018-08-29,270.0,270.0,270.0,270.0,25.0
2018-09-04,275.0,275.0,275.0,275.0,2.0
2018-09-06,268.0,268.0,268.0,268.0,50.0
2018-09-07,252.10001,252.10001,252.10001,252.10001,227.0
2018-09-10,260.0,260.0,260.0,260.0,4.0
2018-09-13,257.10001,259.0,252.0,255.0,755.0
2018-09-14,255.0,255.0,250.0,251.0,1766.0
2018-09-17,255.0,255.0,255.0,255.0,32.0
2018-09-20,252.0,259.95001,252.0,259.95001,44.0
2018-09-21,252.05,259.95001,252.05,259.95001,21.0
2018-09-24,259.89999,259.89999,259.89999,259.89999,2.0
2018-09-26,259.79999,259.79999,259.79999,259.79999,5.0
2018-09-28,259.79999,259.79999,255.0,255.0,9.0
2018-10-01,255.0,255.0,252.0,252.0,45.0
2018-10-05,255.0,259.79999,255.0,259.79999,385.0
2018-10-08,255.0,255.0,255.0,255.0,3.0
2018-10-09,255.0,255.0,255.0,255.0,39.0
2018-10-12,255.0,255.0,255.0,255.0,44.0
2018-10-15,259.0,259.0,259.0,259.0,2.0
2018-10-24,258.89999,258.89999,258.89999,258.89999,3.0
2018-10-25,255.0,255.0,255.0,255.0,14.0
2018-10-29,250.0,250.0,250.0,250.0,30.0
2018-10-31,258.0,258.0,258.0,258.0,4.0
2018-11-01,245.05,253.0,245.05,253.0,52.0
2018-11-02,243.05,253.0,243.05,253.0,128.0
2018-11-13,253.0,253.0,253.0,253.0,52.0
2018-11-14,250.10001,250.10001,250.0,250.0,107.0
2018-11-28,256.89999,256.95001,256.89999,256.95001,15.0
2018-11-30,250.0,250.0,250.0,250.0,143.0
2018-12-04,251.0,251.0,251.0,251.0,20.0
2018-12-07,251.0,258.0,250.0,258.0,243.0
2018-12-12,265.0,265.0,265.0,265.0,14.0
2018-12-13,252.0,252.0,252.0,252.0,15.0
2018-12-19,252.89999,252.89999,252.89999,252.89999,2.0
2018-12-20,250.0,250.0,250.0,250.0,42.0
2018-12-25,255.0,255.0,255.0,255.0,4.0
2018-12-26,251.10001,251.10001,251.10001,251.10001,42.0
2018-12-27,252.0,252.0,250.0,250.0,19950.0
2018-12-28,257.0,257.0,257.0,257.0,4.0
2019-01-02,263.29999,263.29999,263.29999,263.29999,2.0
2019-01-04,264.0,267.45001,264.0,267.45001,100.0
2019-01-07,272.29999,273.0,272.29999,273.0,36.0
2019-01-08,277.0,298.0,277.0,298.0,78.0
2019-01-15,269.5,296.0,269.5,270.0,109.0
2019-01-18,255.05,255.05,255.05,255.05,164.0
2019-01-21,279.0,279.0,279.0,279.0,2.0
2019-01-22,270.0,270.0,270.0,270.0,206.0
2019-01-23,290.0,290.0,274.0,274.0,78.0
2019-01-24,279.95001,279.95001,279.5,279.5,73.0
2019-01-25,293.95001,293.95001,293.95001,293.95001,2.0
2019-01-28,293.95001,293.95001,293.95001,293.95001,15.0
2019-01-29,281.89999,281.89999,281.89999,281.89999,41.0
2019-02-01,280.0,280.0,275.0,275.0,1424.0
2019-02-07,275.0,275.0,275.0,275.0,1509.0
2019-02-12,278.60001,278.60001,278.60001,278.60001,215.0
2019-02-14,278.60001,278.60001,278.60001,278.60001,30.0
2019-02-22,279.5,279.5,279.5,279.5,316.0
2019-02-25,286.60001,286.60001,278.60001,278.60001,755.0
2019-02-27,279.5,279.5,275.35001,275.35001,100.0
2019-03-01,280.0,280.0,277.04999,277.04999,1051.0
2019-03-04,279.79999,280.0,277.25,277.25,71.0
2019-03-06,281.95001,286.5,281.95001,286.5,18.0
2019-03-07,285.0,289.95001,275.0,275.0,66.0
2019-03-08,283.0,283.0,283.0,283.0,119.0
2019-03-12,286.0,286.0,285.0,285.0,136.0
2019-03-13,285.0,285.0,285.0,285.0,188.0
2019-03-20,260.0,260.0,260.0,260.0,1.0
2019-03-22,280.0,285.0,280.0,285.0,56.0
2019-03-25,285.0,305.0,285.0,305.0,163.0
2019-03-26,305.0,305.0,304.0,304.0,8.0
2019-03-27,280.04999,294.39999,280.04999,294.39999,101.0
2019-04-05,285.60001,285.60001,268.60001,268.60001,5.0
2019-04-11,264.0,264.0,264.0,264.0,84.0
2019-04-12,265.0,265.0,265.0,265.0,201.0
2019-04-17,275.04999,275.04999,275.04999,275.04999,5.0
2019-04-18,265.04999,272.5,265.04999,272.5,109.0
2019-04-23,279.0,279.95001,279.0,279.95001,14.0
2019-04-25,268.0,279.95001,268.0,279.95001,55.0
2019-04-26,272.20001,272.20001,272.20001,272.20001,6.0
2019-04-29,272.0,272.0,272.0,272.0,100.0
2019-04-30,279.0,279.95001,279.0,279.95001,10.0
2019-05-06,276.25,276.25,276.25,276.25,113.0
2019-05-10,280.5,280.5,280.5,280.5,50.0
2019-05-16,270.04999,270.04999,270.04999,270.04999,10.0
2019-05-17,272.0,272.0,272.0,272.0,20.0
2019-05-20,287.0,287.0,287.0,287.0,28.0
2019-05-22,271.5,271.5,271.5,271.5,142.0
2019-05-28,270.0,270.0,270.0,270.0,67.0
2019-06-12,285.45001,285.45001,285.45001,285.45001,4.0
2019-06-14,296.95001,296.95001,296.95001,296.95001,250.0
2019-06-19,293.89999,293.89999,293.89999,293.89999,2.0
2019-06-28,272.5,273.20001,270.0,271.25,332.0
2019-07-01,252.0,252.0,252.0,252.0,100.0
2019-07-02,255.3,262.5,255.3,262.5,52.0
2019-07-03,269.0,274.5,269.0,274.5,12.0
2019-07-09,260.25,273.64999,260.25,261.0,1270.0
2019-07-10,260.0,260.0,260.0,260.0,120.0
2019-07-15,259.0,259.0,255.0,255.0,100.0
2019-07-16,252.0,252.0,250.0,250.0,223.0
2019-07-18,265.0,265.0,265.0,265.0,100.0
2019-07-19,265.0,265.0,265.0,265.0,103.0
2019-07-22,265.0,265.0,265.0,265.0,5.0
2019-07-24,252.0,253.05,250.0,250.0,3730.0
2019-07-25,255.0,255.0,248.0,250.0,473.0
2019-07-26,253.0,255.0,248.0,250.0,181.0
2019-07-29,250.0,250.0,250.0,250.0,10.0
2019-07-31,250.0,250.0,247.0,247.0,211.0
2019-08-01,248.0,248.0,247.0,247.0,66.0
2019-08-07,245.0,245.0,240.0,240.0,613.0
2019-08-08,240.0,240.0,235.0,238.0,465.0
2019-08-16,240.0,240.0,235.0,235.0,360.0
2019-08-19,230.0,232.2,221.0,223.10001,2657.0
2019-08-22,226.0,226.0,226.0,226.0,34.0
2019-08-23,232.60001,239.3,232.60001,239.3,2.0
2019-08-26,238.8,239.0,238.8,239.0,150.0
2019-08-27,239.0,246.5,239.0,246.5,152.0
2019-08-28,238.0,239.0,230.0,230.0,232.0
2019-08-29,231.0,239.45,226.0,238.7,322.0
2019-08-30,230.0,230.0,230.0,230.0,82.0
2019-09-04,235.0,239.0,235.0,239.0,176.0
2019-09-09,239.0,242.0,239.0,242.0,60.0
2019-09-10,235.0,235.0,235.0,235.0,1.0
2019-09-11,246.5,246.5,240.0,240.0,16.0
2019-09-18,216.10001,228.0,216.10001,228.0,1355.0
2019-09-19,225.0,225.0,225.0,225.0,12.0
2019-09-20,225.0,228.89999,216.05,228.89999,357.0
2019-09-25,224.95,224.95,224.95,224.95,6.0
2019-09-27,223.95,240.0,223.95,240.0,144.0
2019-10-02,239.0,239.0,239.0,239.0,2.0
2019-10-04,237.95,237.95,225.0,225.0,10653.0
2019-10-10,236.35001,236.35001,211.0,211.0,11.0
2019-10-14,223.60001,223.60001,223.60001,223.60001,1.0
2019-10-16,227.0,228.0,227.0,228.0,20.0
2019-10-28,227.95,228.0,227.95,228.0,15.0
2019-10-30,228.0,228.0,228.0,228.0,60.0
2019-11-04,229.0,229.0,229.0,229.0,10.0
2019-11-05,227.0,227.0,227.0,227.0,20.0
2019-11-07,229.0,236.0,228.0,230.0,7756.0
2019-11-08,226.10001,226.10001,226.10001,226.10001,62.0
2019-11-12,210.05,230.0,210.05,230.0,52.0
2019-11-14,228.5,228.5,228.5,228.5,9.0
2019-11-19,229.8,229.8,229.8,229.8,6.0
2019-11-21,230.0,242.0,230.0,242.0,310.0
2019-11-22,244.0,245.0,244.0,245.0,149.0
2019-11-25,249.2,249.2,249.2,249.2,1.0
2019-11-27,239.0,245.8,235.0,245.8,172.0
2019-12-05,228.39999,235.0,228.0,235.0,330.0
2019-12-06,230.0,239.89999,230.0,239.89999,149.0
2019-12-09,232.0,232.0,232.0,232.0,70.0
2019-12-10,228.3,228.3,228.3,228.3,42.0
2019-12-11,230.0,230.0,230.0,230.0,5.0
2019-12-12,230.0,230.0,230.0,230.0,10.0
2019-12-13,235.85001,239.5,235.85001,239.0,764.0
2019-12-17,230.10001,248.89999,230.10001,248.89999,9.0
2019-12-18,244.8,245.0,244.8,245.0,172.0
2019-12-19,238.0,238.0,235.0,235.0,199.0
2019-12-20,235.10001,241.0,235.10001,240.0,1410.0
2019-12-23,239.0,239.0,239.0,239.0,800.0
2019-12-24,235.25,235.25,226.55,228.2,2229.0
2019-12-25,225.05,225.2,225.0,225.0,1955.0
2019-12-26,235.0,235.0,214.0,226.39999,1226.0
2019-12-27,220.0,220.0,208.0,210.0,4208.0
2019-12-30,216.10001,217.45,216.0,217.0,8.0
2019-12-31,215.0,215.0,215.0,215.0,60.0
2020-01-02,215.0,215.0,215.0,215.0,140.0
2020-01-03,217.0,217.8,217.0,217.8,910.0
2020-01-06,217.89999,217.89999,217.89999,217.89999,60.0
2020-01-09,215.0,219.89999,211.64999,215.0,102.0
2020-01-10,216.05,216.05,216.05,216.05,41.0
2020-01-13,213.05,215.0,210.0,215.0,95.0
2020-01-14,224.55,224.55,224.55,224.55,1.0
2020-01-16,210.2,220.89999,210.2,220.89999,1952.0
2020-01-17,219.0,219.0,219.0,219.0,17.0
2020-01-22,215.0,215.0,210.0,210.0,1528.0
2020-01-23,215.5,215.5,212.0,212.0,216.0
2020-01-24,215.0,215.0,208.0,208.0,2000.0
2020-01-28,214.10001,214.10001,213.0,213.0,55.0
2020-01-29,213.0,213.0,213.0,213.0,126.0
2020-01-30,215.0,215.5,215.0,215.5,105.0
2020-02-04,211.10001,211.10001,211.10001,211.10001,10.0
2020-02-06,211.60001,211.60001,211.25,211.25,23.0
2020-02-07,211.25,211.3,211.25,211.25,18.0
2020-02-10,211.25,215.0,210.0,215.0,1793.0
2020-02-11,208.0,208.0,208.0,208.0,42.0
2020-02-14,211.5,211.5,208.0,208.0,522.0
2020-02-20,208.10001,208.10001,208.0,208.0,42.0
2020-02-21,214.10001,214.10001,214.10001,214.10001,1.0
2020-02-26,212.10001,212.10001,212.10001,212.10001,3.0
2020-02-28,213.0,213.10001,207.0,208.10001,1037.0
2020-03-02,207.0,207.0,204.14999,204.14999,276.0
2020-03-03,204.14999,204.14999,204.14999,204.14999,198.0
2020-03-05,205.0,205.0,205.0,205.0,250.0
2020-03-06,205.0,205.0,205.0,205.0,75.0
2020-03-09,205.0,205.0,190.0,190.0,202.0
2020-03-10,199.0,199.0,199.0,199.0,10.0
2020-03-12,182.0,182.0,182.0,182.0,61.0
2020-03-13,182.0,182.10001,180.0,182.10001,422.0
2020-03-16,175.0,175.0,175.0,175.0,20.0
2020-03-18,173.0,173.0,173.0,173.0,100.0
2020-03-19,166.10001,166.10001,166.10001,166.10001,25.0
2020-03-20,159.64999,172.0,159.64999,172.0,184.0
2020-03-25,178.85001,178.85001,168.0,168.0,8.0
2020-03-26,168.0,168.0,164.0,164.0,121.0
2020-03-27,162.0,165.14999,162.0,165.14999,254.0
2020-04-01,170.75,170.75,170.75,170.75,1.0
2020-04-03,169.95,169.95,169.95,169.95,100.0
2020-04-06,163.25,163.25,163.25,163.25,18.0
2020-04-08,156.75,156.75,156.75,156.75,27.0
2020-04-09,150.5,150.5,150.5,150.5,214.0
2020-04-10,150.5,150.5,150.5,150.5,59.0
2020-04-13,153.39999,153.39999,153.35001,153.35001,13.0
2020-04-14,151.0,151.0,150.0,150.0,52.0
2020-04-16,153.39999,155.89999,153.39999,155.89999,259.0
2020-04-17,155.89999,155.89999,155.89999,155.89999,7.0
2020-04-22,149.75,149.75,149.75,149.75,59.0
2020-04-23,154.89999,154.89999,154.89999,154.89999,1.0
2020-04-24,154.5,154.5,154.5,154.5,10.0
2020-04-27,151.0,151.0,151.0,151.0,1.0
2020-04-28,145.0,147.0,145.0,147.0,1241.0
2020-04-30,152.0,152.0,150.0,152.0,114.0
2020-05-04,152.0,152.0,152.0,152.0,88.0
2020-05-05,152.0,152.0,145.95,145.95,1166.0
2020-05-06,145.0,145.0,140.14999,140.14999,274.0
2020-05-07,145.75,145.75,145.75,145.75,12.0
2020-05-08,143.2,150.5,143.2,150.5,29.0
2020-05-11,152.5,156.5,152.5,156.45,399.0
2020-05-12,155.0,160.0,150.2,156.45,69150.0
2020-05-13,162.0,162.0,155.0,155.0,170.0
2020-05-14,161.14999,161.14999,161.14999,161.14999,1.0
2020-05-15,161.89999,166.5,161.89999,166.5,19.0
2020-05-18,167.95,173.14999,167.95,173.14999,224.0
2020-05-19,173.14999,179.0,173.14999,179.0,291.0
2020-05-20,181.0,181.0,174.0,174.0,76.0
2020-05-22,180.95,180.95,180.95,180.95,7.0
2020-05-26,187.89999,188.14999,187.89999,188.14999,96.0
2020-05-28,191.89999,191.89999,191.89999,191.89999,10.0
2020-07-20,154.0,166.0,154.0,166.0,337.0
2020-07-21,166.0,169.0,166.0,169.0,324.0
2020-07-22,175.0,175.0,174.89999,175.0,258.0
2020-07-23,170.0,179.89999,170.0,179.89999,126.0
2020-07-24,173.0,176.5,172.75,176.5,940.0
2020-07-27,172.0,174.35001,170.0,171.0,865.0
2020-07-28,170.7,172.0,170.7,172.0,17.0
2020-07-29,171.5,176.0,171.5,176.0,464.0
2020-08-03,172.5,172.5,172.5,172.5,4.0
2020-08-06,173.0,173.0,170.0,170.0,50.0
2020-08-07,170.0,170.0,170.0,170.0,134.0
2020-08-11,174.0,174.0,170.0,170.0,75.0
2020-08-12,170.0,170.0,170.0,170.0,17.0
2020-08-19,170.0,170.0,170.0,170.0,755.0
2020-08-24,170.0,170.0,170.0,170.0,5.0
2020-08-25,176.0,176.0,174.0,174.0,8.0
2020-08-26,175.0,175.0,170.10001,170.10001,21.0
2020-08-27,176.0,176.0,176.0,176.0,1.0
2020-08-28,176.5,176.5,176.5,176.5,3.0
2020-09-01,170.14999,175.89999,170.05,175.89999,113.0
2020-09-03,175.0,175.0,171.55,171.55,47.0
2020-09-11,171.60001,171.60001,170.05,170.05,18.0
2020-09-16,171.5,174.95,171.5,174.95,114.0
2020-09-18,171.5,171.5,171.5,171.5,62.0
2020-09-21,170.0,170.10001,170.0,170.0,239.0
2020-09-22,173.0,173.0,170.0,170.0,170.0
2020-09-24,170.05,170.05,170.05,170.05,31.0
2020-09-25,170.05,173.0,170.0,170.0,324.0
2020-09-28,175.0,175.0,170.0,170.0,75.0
2020-09-29,170.05,170.05,170.05,170.05,20.0
2020-09-30,170.0,170.0,163.25,163.25,1513.0
2020-10-01,163.0,163.0,163.0,163.0,32.0
2020-10-07,164.0,164.0,163.5,163.5,60.0
2020-10-08,163.5,165.0,163.5,165.0,763.0
2020-10-09,161.55,171.0,161.55,171.0,2.0
2020-10-13,164.2,164.2,164.2,164.2,11.0
2020-10-14,161.0,161.0,161.0,161.0,135.0
2020-10-15,161.10001,161.10001,161.0,161.0,42.0
2020-10-16,161.10001,161.10001,161.0,161.10001,322.0
2020-10-19,161.0,161.0,161.0,161.0,175.0
2020-10-20,161.10001,161.10001,161.0,161.0,296.0
2020-10-21,164.0,164.0,161.0,161.0,24.0
2020-10-22,160.05,160.05,160.05,160.05,6.0
2020-10-27,160.2,160.2,160.2,160.2,41.0
2020-11-03,161.0,161.0,160.0,160.0,300.0
2020-11-05,160.05,160.05,160.05,160.05,7.0
2020-11-09,161.0,161.0,160.0,160.0,102.0
2020-11-10,160.10001,160.10001,160.10001,160.10001,1.0
2020-11-11,160.0,160.0,160.0,160.0,10.0
2020-11-12,160.0,160.0,160.0,160.0,31.0
2020-11-13,160.0,160.0,160.0,160.0,39.0
2020-11-16,160.0,160.0,160.0,160.0,69.0
2020-11-20,163.0,163.0,163.0,163.0,18.0
2020-11-23,167.0,167.0,167.0,167.0,22.0
2020-11-24,161.0,172.89999,161.0,172.89999,100.0
2020-11-30,166.0,166.0,166.0,166.0,1.0
2020-12-02,160.10001,160.10001,160.05,160.05,12.0
2020-12-03,166.39999,166.45,160.10001,160.10001,48.0
2020-12-04,160.14999,166.0,160.0,166.0,17554.0
2020-12-08,160.10001,160.10001,160.10001,160.10001,5.0
2020-12-18,166.0,166.0,166.0,166.0,1.0
2020-12-21,167.95,167.95,160.0,160.0,230.0
2020-12-22,166.3,166.3,166.0,166.0,18.0
2020-12-25,163.0,163.0,162.95,162.95,120928.0
2020-12-30,160.05,160.05,160.05,160.05,1.0
2020-12-31,160.05,160.05,160.0,160.0,11.0
2021-01-05,162.0,162.0,162.0,162.0,5995.0
2021-01-06,166.0,166.0,166.0,166.0,1.0
2021-01-08,166.0,166.0,166.0,166.0,20.0
2021-01-12,162.0,162.0,162.0,162.0,15.0
2021-01-15,163.0,163.0,162.0,162.5,260.0
2021-01-18,163.0,166.0,163.0,166.0,606.0
2021-01-19,166.0,166.0,163.0,166.0,61.0
2021-01-20,166.0,166.0,164.05,164.14999,47.0
2021-01-21,165.0,169.0,165.0,169.0,31.0
2021-01-22,169.0,175.0,169.0,175.0,80.0
2021-01-26,174.95,174.95,174.95,174.95,2.0
2021-01-27,169.35001,173.0,169.35001,173.0,44.0
2021-02-02,173.0,173.0,173.0,173.0,10.0
2021-02-03,170.0,170.0,170.0,170.0,2.0
2021-02-04,172.0,172.0,172.0,172.0,2.0
2021-02-08,170.0,170.0,168.0,168.0,54.0
2021-02-09,168.0,168.0,168.0,168.0,7.0
2021-02-15,172.0,172.0,171.5,172.0,55.0
2021-02-19,172.0,173.0,172.0,173.0,100.0
2021-02-24,172.0,172.0,172.0,172.0,550.0
2021-03-01,172.95,172.95,172.95,172.95,40.0
2021-03-10,170.0,170.0,170.0,170.0,5.0
2021-03-12,172.0,172.0,163.25,171.89999,161.0
2021-03-16,170.0,170.0,170.0,170.0,105.0
2021-03-22,170.0,170.0,170.0,170.0,30.0
2021-03-24,169.0,169.0,169.0,169.0,6.0
2021-03-25,165.0,165.10001,162.25,163.0,631.0
2021-03-26,163.0,163.0,163.0,163.0,330.0
2021-04-07,165.0,169.25,164.0,169.25,3070.0
2021-04-08,166.0,166.0,166.0,166.0,3010.0
2021-04-09,172.5,172.5,172.5,172.5,2.0
2021-04-12,172.0,172.0,169.0,170.0,21.0
2021-04-13,167.55,167.55,167.55,167.55,1.0
2021-04-23,166.0,166.0,161.0,164.2,3005.0
2021-04-26,164.25,164.25,161.0,161.0,17000.0
2021-04-29,162.0,162.0,162.0,162.0,153.0
2021-05-06,167.39999,168.45,167.39999,168.45,6703.0
2021-05-10,175.0,175.0,171.55,171.55,13.0
2021-05-11,175.0,176.0,175.0,176.0,50.0
2021-05-12,178.95,182.0,178.95,182.0,210.0
2021-05-17,187.7,189.25,182.60001,189.25,158.0
2021-05-18,183.14999,196.8,183.14999,196.8,2888.0
2021-05-19,200.0,204.64999,200.0,204.64999,727.0
2021-05-20,208.0,212.8,208.0,212.8,514.0
2021-05-21,221.3,221.3,221.3,221.3,125.0
2021-05-24,230.14999,230.14999,230.14999,230.14999,467.0
2021-05-25,221.05,232.0,221.05,222.0,1134.0
2021-05-26,230.85001,230.85001,215.0,224.7,905.0
2021-05-28,220.0,220.0,220.0,220.0,10.0
2021-05-31,218.0,218.95,214.0,218.95,80.0
2021-06-01,214.60001,214.60001,214.0,214.05,319.0
2021-06-02,214.0,215.0,214.0,215.0,240.0
2021-06-03,214.0,214.10001,214.0,214.0,246.0
2021-06-04,214.0,214.5,214.0,214.5,30.0
2021-06-07,214.0,214.5,210.0,211.5,403.0
2021-06-08,213.0,215.0,213.0,215.0,222.0
2021-06-09,211.2,217.0,211.2,217.0,411.0
2021-06-10,213.0,214.0,213.0,214.0,25.0
2021-06-11,215.55,216.0,215.55,216.0,580.0
2021-06-14,216.0,217.85001,216.0,217.85001,521.0
2021-06-15,217.95,220.0,217.95,220.0,769.0
2021-06-16,217.60001,217.60001,215.60001,215.60001,104.0
2021-06-17,215.60001,215.60001,214.0,214.0,133.0
2021-06-18,214.0,218.0,214.0,218.0,12.0
2021-06-21,215.10001,215.10001,214.0,214.0,66.0
2021-06-22,214.0,214.0,213.05,213.05,68.0
2021-06-23,213.0,213.0,213.0,213.0,20.0
2021-06-24,213.0,213.0,210.0,210.0,641.0
2021-06-28,210.0,210.0,210.0,210.0,72.0
2021-06-29,207.0,207.0,207.0,207.0,20.0
2021-07-02,210.0,210.0,210.0,210.0,500.0
2021-07-05,206.0,210.0,206.0,207.0,233.0
2021-07-06,207.0,207.0,207.0,207.0,2.0
2021-07-08,207.0,207.0,207.0,207.0,15.0
2021-07-09,210.0,211.0,210.0,211.0,15.0
2021-07-12,215.0,215.0,215.0,215.0,1.0
2021-07-14,218.0,218.0,207.25,207.25,2.0
2021-07-28,207.5,207.5,207.5,207.5,4.0
2021-08-02,206.2,214.95,206.0,214.95,6040.0
2021-08-06,206.39999,206.60001,206.39999,206.39999,3800.0
2021-08-12,198.2,198.2,198.2,198.2,41.0
2021-08-18,198.2,198.2,198.2,198.2,229.0
2021-08-23,199.0,199.0,199.0,199.0,18.0
2021-08-24,206.95,206.95,206.95,206.95,5.0
2021-08-25,207.0,215.2,207.0,215.2,72.0
2021-08-26,220.0,223.7,220.0,223.5,73.0
2021-08-27,219.05,219.05,219.05,219.05,15.0
2021-08-30,216.0,216.0,216.0,216.0,4.0
2021-08-31,216.0,224.35001,216.0,224.0,394.0
2021-09-01,224.0,232.0,224.0,232.0,664.0
2021-09-02,222.75,224.0,222.75,222.75,689.0
2021-09-03,223.0,229.0,223.0,229.0,47.0
2021-09-06,229.0,230.89999,229.0,230.89999,39.0
2021-09-08,230.0,234.0,230.0,234.0,337.0
2021-09-09,233.0,237.0,233.0,237.0,211.0
2021-09-10,237.0,239.0,230.0,238.5,153.0
2021-09-13,229.0,239.0,229.0,239.0,430.0
2021-09-16,229.45,229.45,229.45,229.45,41.0
2021-09-17,220.3,220.5,220.3,220.3,593.0
2021-09-21,220.89999,220.89999,220.89999,220.89999,15.0
2021-09-23,212.2,212.2,212.2,212.2,250.0
2021-09-27,204.05,217.0,204.05,217.0,381.0
2021-09-28,221.89999,225.60001,221.89999,225.60001,9.0
2021-09-30,225.60001,230.0,225.60001,230.0,5.0
2021-10-01,220.85001,228.89999,220.85001,228.89999,26.0
2021-10-06,220.0,220.0,220.0,220.0,3.0
2021-10-07,211.3,219.89999,211.3,219.89999,74.0
2021-10-11,211.35001,211.35001,211.35001,211.35001,6.0
2021-10-12,211.39999,211.39999,211.35001,211.35001,15.0
2021-10-15,211.35001,211.35001,211.35001,211.35001,5.0
2021-10-18,215.0,215.0,215.0,215.0,13.0
2021-10-21,215.0,217.0,215.0,217.0,26.0
2021-10-25,212.0,212.0,212.0,212.0,60.0
2021-10-26,216.0,216.0,216.0,216.0,6.0
2021-10-27,211.35001,220.0,210.0,220.0,480.0
2021-10-28,210.0,219.7,210.0,219.7,47.0
2021-10-29,213.14999,213.14999,213.14999,213.14999,50.0
2021-11-01,215.0,220.0,209.0,220.0,364.0
2021-11-02,217.95,218.5,217.95,218.5,105.0
2021-11-03,220.0,220.0,208.14999,208.14999,6.0
2021-11-04,209.0,210.0,197.0,210.0,14005.0
2021-11-08,204.0,204.0,204.0,204.0,50.0
2021-11-26,200.0,200.0,200.0,200.0,200.0
2021-11-29,200.0,200.0,200.0,200.0,130.0
2021-12-02,201.05,201.05,198.0,198.0,65.0
2021-12-07,200.0,200.0,200.0,200.0,50.0
2021-12-16,200.05,200.05,200.05,200.05,110.0
2021-12-17,200.05,200.95,200.05,200.95,400.0
2021-12-20,197.0,197.0,197.0,197.0,11.0
2021-12-21,197.10001,197.10001,196.0,196.0,80.0
2021-12-22,196.10001,196.10001,196.10001,196.10001,2.0
2021-12-23,195.0,195.0,195.0,195.0,46.0
2021-12-24,205.0,205.0,204.89999,205.0,32555.0
2021-12-27,209.0,209.0,209.0,209.0,10.0
2021-12-28,205.0,205.0,205.0,205.0,33447.0
2021-12-29,198.10001,208.7,198.10001,208.7,40.0
2022-01-06,200.0,200.0,200.0,200.0,41.0
2022-01-19,206.89999,206.89999,206.89999,206.89999,11.0
2022-01-25,200.0,200.0,200.0,200.0,57.0
2022-01-27,201.0,201.0,201.0,201.0,100.0
2022-01-28,201.0,201.0,201.0,201.0,10.0
2022-01-31,200.10001,200.10001,200.10001,200.10001,157.0
2022-02-02,205.0,205.0,205.0,205.0,77.0
2022-02-08,205.0,205.0,205.0,205.0,1.0
2022-02-09,200.3,200.3,200.3,200.3,15.0
2022-02-11,200.35001,200.35001,200.35001,200.35001,10.0
2022-02-15,205.0,205.0,205.0,205.0,1.0
2022-02-16,204.89999,204.89999,204.89999,204.89999,5.0
2022-02-18,198.2,198.2,198.2,198.2,100.0
2022-02-21,200.0,200.0,200.0,200.0,100.0
2022-02-22,201.0,201.0,201.0,201.0,184.0
2022-02-24,198.25,198.25,198.25,198.25,100.0
2022-02-25,200.0,200.0,200.0,200.0,149.0
2022-03-02,207.75,207.75,207.75,207.75,515.0
2022-03-03,199.45,199.45,199.45,199.45,154.0
2022-03-04,195.5,195.5,195.5,195.5,20.0
2022-03-07,188.2,188.2,188.2,188.2,75.0
2022-03-08,195.7,195.7,195.7,195.7,9.0
2022-03-09,203.0,203.0,203.0,203.0,40.0
2022-03-10,197.05,197.05,197.05,197.05,5.0
2022-03-11,203.0,203.0,203.0,203.0,6.0
2022-03-14,194.89999,194.89999,194.89999,194.89999,40.0
2022-03-17,194.89999,194.89999,194.89999,194.89999,40.0
2022-03-21,192.0,192.0,192.0,192.0,20.0
2022-03-23,190.0,190.0,190.0,190.0,50.0
2022-03-24,190.0,190.0,190.0,190.0,39.0
2022-03-25,190.0,190.0,190.0,190.0,70.0
2022-03-28,197.2,197.2,197.2,197.2,6.0
2022-03-29,199.95,199.95,199.95,199.95,19.0
2022-03-31,197.10001,197.10001,197.10001,197.10001,12.0
2022-04-01,197.39999,197.39999,197.39999,197.39999,24.0
2022-04-15,197.0,197.0,197.0,197.0,4.0
2022-04-19,189.14999,189.14999,189.14999,189.14999,40.0
2022-04-20,189.2,189.2,189.2,189.2,3.0
2022-05-04,190.0,190.0,190.0,190.0,12.0
2022-05-11,189.0,189.0,189.0,189.0,42.0
2022-05-16,181.60001,181.60001,181.60001,181.60001,800.0
2022-05-27,181.60001,181.60001,181.60001,181.60001,41.0
2022-05-30,180.85001,180.85001,180.85001,180.85001,20.0
2022-06-02,175.0,175.0,175.0,175.0,82.0
2022-06-07,181.95,181.95,181.95,181.95,50.0
2022-06-08,189.2,189.2,189.2,189.2,10.0
2022-06-09,184.3,184.3,184.3,184.3,11.0
2022-06-16,176.95,176.95,176.95,176.95,25.0
2022-06-17,176.95,176.95,176.95,176.95,1.0
2022-06-21,176.95,176.95,176.95,176.95,62.0
2022-06-24,176.95,176.95,176.95,176.95,5.0
2022-06-29,184.0,184.0,184.0,184.0,10.0
2022-07-05,185.0,185.0,185.0,185.0,100.0
2022-07-06,185.0,185.0,185.0,185.0,25.0
2022-07-08,192.35001,192.35001,192.35001,192.35001,152.0
2022-07-20,192.35001,192.35001,192.35001,192.35001,10.0
2022-07-26,192.35001,192.35001,192.35001,192.35001,199.0
2022-07-28,192.0,192.0,192.0,192.0,500.0
2022-07-29,192.0,192.0,192.0,192.0,500.0
2022-08-01,192.0,192.0,192.0,192.0,282.0
2022-08-02,192.0,192.0,192.0,192.0,25.0
2022-08-11,190.0,190.0,190.0,190.0,4.0
2022-08-12,192.0,192.0,192.0,192.0,49.0
2022-08-15,192.10001,192.10001,192.10001,192.10001,4.0
2022-08-16,192.05,192.05,192.05,192.05,27.0
2022-08-17,199.7,199.7,199.7,199.7,5.0
2022-08-18,200.0,200.0,200.0,200.0,200.0
2022-08-19,200.0,200.0,200.0,200.0,225.0
2022-08-22,207.0,207.0,207.0,207.0,1.0
2022-08-23,211.0,211.0,211.0,211.0,2.0
2022-08-30,205.0,205.0,205.0,205.0,9.0
2022-08-31,211.0,211.0,211.0,211.0,1.0
2022-09-06,205.0,205.0,205.0,205.0,16.0
2022-09-07,205.0,205.0,205.0,205.0,30.0
2022-09-13,198.0,198.0,198.0,198.0,10.0
2022-09-14,198.0,198.0,198.0,198.0,52.0
2022-09-16,205.0,205.0,205.0,205.0,100.0
2022-10-12,205.0,205.0,205.0,205.0,3.0
2022-10-13,205.0,205.0,205.0,205.0,9.0
2022-11-10,202.0,202.0,202.0,202.0,2.0
2022-11-29,193.95,193.95,193.95,193.95,2.0
2022-11-30,190.0,190.0,190.0,190.0,10.0
2022-12-02,197.55,197.55,197.55,197.55,3.0
2022-12-05,201.0,201.0,201.0,201.0,5.0
2022-12-07,203.95,203.95,203.95,203.95,5.0
2022-12-08,203.89999,203.89999,203.89999,203.89999,2.0
2022-12-14,196.0,196.0,196.0,196.0,21.0
2022-12-15,200.0,200.0,200.0,200.0,3.0
2022-12-16,202.95,202.95,202.95,202.95,2.0
2023-01-10,200.0,200.0,200.0,200.0,1.0
2023-02-10,192.05,192.05,192.05,192.05,6.0
2023-02-14,188.10001,188.10001,188.10001,188.10001,5.0
2023-02-16,181.0,181.0,181.0,181.0,89.0
2023-02-17,188.2,188.2,188.2,188.2,11.0
2023-02-20,195.7,195.7,195.7,195.7,2.0
2023-02-22,195.0,195.0,195.0,195.0,33.0
2023-03-27,194.0,194.0,194.0,194.0,5.0
2023-04-12,186.5,186.5,186.5,186.5,10.0
2023-04-17,179.05,179.05,179.05,179.05,1.0
2023-04-18,171.89999,171.89999,171.89999,171.89999,15.0
2023-04-19,172.0,172.0,172.0,172.0,1.0
2023-04-25,166.0,166.0,166.0,166.0,30.0
2023-05-02,172.5,172.5,172.5,172.5,2.0
2023-05-03,165.64999,165.64999,165.64999,165.64999,20.0
2023-05-05,172.25,172.25,172.25,172.25,1.0
2023-05-08,170.0,170.0,170.0,170.0,25.0
2023-05-09,166.10001,166.10001,166.10001,166.10001,22.0
2023-05-11,170.0,170.0,170.0,170.0,40.0
2023-05-15,170.0,170.0,170.0,170.0,42.0
2023-05-17,176.7,176.7,176.7,176.7,2.0
2023-05-23,177.0,177.0,177.0,177.0,2.0
2023-05-25,178.0,178.0,178.0,178.0,10.0
2023-05-26,178.0,178.0,178.0,178.0,20.0
2023-05-29,178.0,178.0,178.0,178.0,30.0
2023-06-05,171.0,171.0,171.0,171.0,45.0
2023-06-06,169.5,169.5,169.5,169.5,25.0
2023-06-09,169.5,169.5,169.5,169.5,28.0
2023-06-19,176.0,176.0,176.0,176.0,2.0
2023-06-21,170.0,170.0,170.0,170.0,131.0
2023-06-22,168.0,168.0,168.0,168.0,57.0
2023-06-23,167.0,167.0,167.0,167.0,43.0
2023-07-05,166.0,166.0,166.0,166.0,1.0
2023-07-13,172.60001,172.60001,172.60001,172.60001,6.0
2023-07-17,173.0,173.0,173.0,173.0,145.0
2023-07-21,173.0,173.0,173.0,173.0,45.0
2023-07-25,173.0,173.0,173.0,173.0,10.0
2023-07-26,166.10001,166.10001,166.10001,166.10001,24.0
2023-07-27,163.0,163.0,163.0,163.0,129.0
2023-07-28,169.5,169.5,169.5,169.5,255.0
2023-08-03,170.0,170.0,170.0,170.0,10.0
2023-08-08,166.10001,166.10001,166.10001,166.10001,1.0
2023-08-09,170.0,170.0,170.0,170.0,10.0
2023-08-10,165.0,165.0,165.0,165.0,112.0
2023-08-15,167.8,167.8,167.8,167.8,3.0
2023-08-17,174.0,174.0,174.0,174.0,5.0
2023-08-23,167.05,167.05,167.05,167.05,42.0
2023-08-28,166.10001,166.10001,166.10001,166.10001,5.0
2023-08-30,172.7,172.7,172.7,172.7,5.0
2023-08-31,166.10001,166.10001,166.10001,166.10001,53.0
2023-09-05,163.3,163.3,163.3,163.3,30.0
2023-09-06,163.39999,163.39999,163.39999,163.39999,5.0
2023-09-07,164.0,164.0,164.0,164.0,76.0
2023-09-25,170.5,170.5,170.5,170.5,6.0
2023-09-26,170.5,170.5,170.5,170.5,45.0
2023-09-27,175.5,175.5,175.5,175.5,2.0
2023-10-10,166.0,166.0,166.0,166.0,5.0
2023-10-11,175.95,175.95,175.95,175.95,111.0
2023-10-13,179.0,179.0,179.0,179.0,1.0
2023-10-17,180.0,180.0,180.0,180.0,115.0
2023-10-20,181.5,181.5,181.5,181.5,4.0
2023-11-20,171.5,171.5,171.5,171.5,423.0
2023-11-21,178.5,178.5,178.5,178.5,3.0
2023-12-01,168.0,168.0,168.0,168.0,20.0
2023-12-04,160.0,160.0,160.0,160.0,80.0
2023-12-05,168.0,168.0,168.0,168.0,100.0
2023-12-06,178.05,178.05,178.05,178.05,28144.0
2023-12-11,178.0,178.0,178.0,178.0,2267.0
2023-12-18,180.0,180.0,180.0,180.0,5.0
2023-12-29,180.0,180.0,180.0,180.0,4839.0
2024-01-04,180.0,180.0,180.0,180.0,245.0
2024-01-05,181.0,181.0,181.0,181.0,21.0
2024-01-08,190.0,190.0,190.0,190.0,3.0
2024-01-09,190.0,190.0,190.0,190.0,154.0
2024-01-10,199.0,199.0,199.0,199.0,3.0
2024-01-17,190.0,190.0,190.0,190.0,15.0
2024-01-18,190.0,190.0,190.0,190.0,168.0
2024-01-23,180.0,180.0,180.0,180.0,89.0
2024-01-25,180.14999,180.14999,180.14999,180.14999,9.0
2024-01-26,180.05,180.05,180.05,180.05,102.0
2024-01-29,180.05,180.05,180.05,180.05,100.0
2024-01-30,180.05,180.05,180.05,180.05,10.0
2024-01-31,190.85001,190.85001,190.85001,190.85001,2.0
2024-02-02,179.85001,179.85001,179.85001,179.85001,135.0
2024-02-05,171.05,171.05,171.05,171.05,117.0
2024-02-07,173.10001,173.10001,173.10001,173.10001,49.0
2024-02-08,180.05,180.05,180.05,180.05,95.0
2024-02-09,190.0,190.0,190.0,190.0,2.0
2024-02-13,180.0,180.0,180.0,180.0,102.0
2024-02-14,180.0,180.0,180.0,180.0,16.0
2024-02-19,174.14999,174.14999,174.14999,174.14999,20.0
2024-02-20,179.0,179.0,179.0,179.0,7.0
2024-02-26,173.5,173.5,173.5,173.5,50.0
2024-02-28,172.0,172.0,172.0,172.0,100.0
2024-03-01,172.7,172.7,172.7,172.7,96.0
2024-03-05,169.0,169.0,169.0,169.0,90.0
2024-03-08,169.05,169.05,169.05,169.05,50.0
2024-03-11,165.0,165.0,165.0,165.0,32.0
2024-03-13,161.0,161.0,161.0,161.0,2.0
2024-03-14,161.0,161.0,161.0,161.0,42.0
2024-03-15,161.0,161.0,161.0,161.0,37.0
2024-03-18,155.55,155.55,155.55,155.55,5.0
2024-03-19,161.0,161.0,161.0,161.0,10.0
2024-03-20,170.64999,170.64999,170.64999,170.64999,100.0
2024-04-01,170.39999,170.39999,170.39999,170.39999,10.0
2024-04-03,170.5,170.5,170.5,170.5,500.0
2024-04-04,170.45,170.45,170.45,170.45,10.0
2024-04-05,170.5,170.5,170.5,170.5,241.0
2024-04-08,170.5,170.5,170.5,170.5,12.0
2024-04-15,164.0,164.0,164.0,164.0,2.0
2024-04-16,166.0,166.0,166.0,166.0,47.0
2024-04-18,162.7,162.7,162.7,162.7,216.0
2024-04-19,160.0,160.0,160.0,160.0,600.0
2024-04-22,161.0,161.0,161.0,161.0,15.0
2024-04-24,161.5,161.5,161.5,161.5,275.0
2024-04-26,161.5,161.5,161.5,161.5,550.0
2024-04-29,157.5,157.5,157.5,157.5,135.0
2024-04-30,158.60001,158.60001,158.60001,158.60001,30.0
2024-05-02,166.89999,166.89999,166.89999,166.89999,170.0
2024-05-03,168.10001,168.10001,168.10001,168.10001,157.0
2024-05-06,169.8,169.8,169.8,169.8,221.0
2024-05-07,169.5,169.5,169.5,169.5,16.0
2024-05-08,169.0,169.0,169.0,169.0,5.0
2024-05-09,170.05,170.05,170.05,170.05,714.0
2024-05-10,180.25,180.25,180.25,180.25,82.0
2024-05-13,185.0,185.0,185.0,185.0,137.0
2024-05-14,192.89999,192.89999,192.89999,192.89999,156.0
2024-05-15,190.5,190.5,190.5,190.5,50.0
2024-05-16,187.0,187.0,187.0,187.0,50.0
2024-05-17,195.0,195.0,195.0,195.0,400.0
2024-05-20,192.39999,192.39999,192.39999,192.39999,200.0
2024-05-21,192.39999,192.39999,192.39999,192.39999,321.0
2024-05-22,192.39999,192.39999,192.39999,192.39999,1.0
2024-05-28,180.89999,180.89999,180.89999,180.89999,23.0
2024-05-29,170.05,170.05,170.05,170.05,525.0
2024-05-30,160.10001,160.10001,160.10001,160.10001,1152.0
2024-05-31,168.95,168.95,168.95,168.95,10.0
2024-06-03,164.10001,164.10001,164.10001,164.10001,250.0
2024-06-04,171.5,171.5,171.5,171.5,69.0
2024-06-10,166.10001,166.10001,166.10001,166.10001,724.0
2024-06-12,166.2,166.2,166.2,166.2,3.0
2024-06-13,167.05,167.05,167.05,167.05,4.0
2024-06-19,176.95,176.95,176.95,176.95,58.0
2024-06-20,176.89999,176.89999,176.89999,176.89999,1.0
2024-06-21,179.0,179.0,179.0,179.0,2.0
2024-06-24,170.0,170.0,170.0,170.0,488.0
2024-06-25,167.0,167.0,167.0,167.0,2401.0
2024-06-26,177.0,177.0,177.0,177.0,300.0
2024-06-27,168.0,168.0,168.0,168.0,231.0
2024-06-28,176.95,176.95,176.95,176.95,4.0
2024-07-04,168.0,168.0,168.0,168.0,49.0
2024-07-05,177.0,177.0,177.0,177.0,6.0
2024-07-08,170.0,170.0,170.0,170.0,700.0
2024-07-10,177.10001,177.10001,177.10001,177.10001,214.0
2024-07-12,177.89999,177.89999,177.89999,177.89999,50.0
2024-07-16,176.0,176.0,176.0,176.0,100.0
2024-07-17,176.0,176.0,176.0,176.0,190.0
2024-07-18,176.0,178.0,176.0,178.0,495.0
2024-07-22,174.39999,175.0,174.39999,175.0,1351.0
2024-07-23,175.0,175.0,175.0,175.0,49.0
2024-07-26,176.0,185.0,175.0,185.0,964.0
2024-07-29,198.8,198.8,196.0,196.0,185.0
2024-07-31,196.0,199.95,185.0,199.95,75.0
2024-08-01,195.0,195.0,185.0,185.0,54.0
2024-08-02,186.05,195.0,185.0,195.0,340.0
2024-08-05,196.0,196.0,180.05,180.05,140.0
2024-08-06,195.0,195.0,195.0,195.0,200.0
2024-08-07,190.0,190.0,190.0,190.0,20.0
2024-08-08,190.05,190.05,190.0,190.0,235.0
2024-08-09,190.0,194.0,190.0,190.0,1015.0
2024-08-13,190.0,190.0,190.0,190.0,1.0
2024-08-15,190.0,191.0,190.0,190.0,467.0
2024-08-16,195.0,195.0,195.0,195.0,100.0
2024-08-19,195.0,214.45,192.0,214.45,1705.0
2024-08-22,230.0,235.85001,230.0,235.85001,3463.0
2024-08-23,259.0,259.0,229.0,231.25,2920.0
2024-08-26,231.25,242.0,231.25,241.25,1325.0
2024-08-27,239.95,239.95,231.3,237.85001,942.0
2024-08-28,228.05,261.60001,228.0,260.0,2202.0
2024-08-29,279.45001,279.45001,274.0,274.0,529.0
2024-08-30,275.0,275.0,246.64999,248.5,933.0
2024-09-02,255.3,255.3,255.3,255.3,1.0
2024-09-03,247.9,247.9,247.9,247.9,4.0
2024-09-05,241.0,241.0,234.10001,240.0,385.0
2024-09-06,234.14999,246.5,234.14999,246.5,315.0
2024-09-12,243.0,249.95,240.0,249.95,366.0
2024-09-13,250.0,255.9,236.05,255.9,178.0
2024-09-20,240.0,248.0,234.5,240.0,726.0
2024-09-23,240.5,240.5,238.0,238.0,403.0
2024-09-24,235.0,240.0,235.0,235.0,105.0
2024-09-25,239.0,239.0,235.0,238.0,27.0
2024-09-26,231.0,231.0,231.0,231.0,300.0
2024-09-27,231.0,240.0,230.0,240.0,625.0
2024-09-30,240.0,240.0,230.35,230.35,247.0
2024-10-01,245.0,245.0,230.0,230.0,613.0
2024-10-02,233.0,233.0,220.0,233.0,317.0
2024-10-03,209.75,232.95,209.75,232.95,89.0
2024-10-04,231.0,231.0,231.0,231.0,5.0
2024-10-07,215.0,223.8,215.0,220.0,26.0
2024-10-08,215.1,215.1,210.0,210.0,38.0
2024-10-09,214.0,214.0,214.0,214.0,9.0
2024-10-11,211.0,211.0,211.0,211.0,5.0
2024-10-14,213.0,213.0,213.0,213.0,2.0
2024-10-16,192.0,200.0,192.0,200.0,128.0
2024-10-17,207.0,207.0,207.0,207.0,70.0
2024-10-18,205.5,215.0,205.5,215.0,177.0
2024-10-21,215.0,215.0,215.0,215.0,388.0
2024-10-24,203.2,214.95,203.2,214.95,15.0
2024-10-25,205.05,210.0,205.05,210.0,73.0
2024-10-28,214.0,229.95,214.0,227.0,659.0
2024-10-29,229.9,242.0,227.0,239.9,785.0
2024-10-30,245.95,245.95,230.0,230.0,360.0
2024-10-31,230.0,230.0,230.0,230.0,1316.0
2024-11-01,229.0,229.0,229.0,229.0,4.0
2024-11-07,220.55,220.55,220.55,220.55,5.0
2024-11-08,221.0,238.85,220.5,231.0,319.0
2024-11-11,231.0,231.0,225.0,230.9,476.0
2024-11-12,230.0,234.9,230.0,234.9,57.0
2024-11-13,230.0,234.0,229.95,234.0,492.0
2024-11-20,225.0,235.0,225.0,235.0,252.0
2024-11-21,234.0,258.0,234.0,256.9,12712.0
2024-11-22,257.1,277.0,245.6,270.0,8334.0
2024-11-25,270.0,296.95,270.0,283.0,12878.0
2024-11-26,284.0,290.0,276.0,276.0,2544.0
2024-11-27,275.0,275.1,271.0,271.0,1517.0
2024-11-28,283.0,284.0,279.0,280.0,2284.0
2024-11-29,275.2,275.2,273.1,273.1,445.0
2024-12-02,273.5,280.0,272.0,272.0,1958.0
2024-12-03,271.25,280.0,270.0,280.0,290.0
2024-12-05,280.0,280.0,260.0,280.0,177.0
2024-12-06,263.0,277.9,257.0,273.0,121.0
2024-12-09,271.0,271.0,265.0,265.0,358.0
2024-12-10,265.2,274.0,265.0,274.0,940.0
2024-12-11,266.1,274.0,250.2,269.95,146.0
2024-12-12,273.95,273.95,253.0,253.0,158.0
2024-12-13,253.0,271.15,232.0,249.9,2818.0
2024-12-16,249.0,253.95,239.5,242.0,212.0
2024-12-17,252.8,252.8,243.0,249.35,503.0
2024-12-18,249.95,250.0,249.95,250.0,190.0
2024-12-19,245.0,250.0,245.0,249.5,86.0
2024-12-20,243.15,243.15,239.1,240.0,1194.0
2024-12-23,237.4,242.95,237.4,242.95,63.0
2024-12-24,240.0,240.0,235.0,238.0,2170.0
2024-12-25,236.0,243.0,236.0,243.0,84.0
2024-12-26,242.95,242.95,235.0,242.9,345.0
2024-12-27,243.0,249.8,241.0,241.0,92.0
2024-12-30,235.5,240.0,235.0,239.9,269.0
2024-12-31,237.0,237.0,232.3,235.0,890.0
2025-01-02,240.9,248.5,240.9,248.5,311.0
2025-01-03,241.15,254.9,241.0,250.95,513.0
2025-01-06,250.0,264.0,250.0,264.0,628.0
2025-01-07,264.7,265.0,264.0,264.0,143.0
2025-01-08,264.0,275.0,260.0,275.0,1657.0
2025-01-09,285.0,285.0,279.95,279.95,25.0
2025-01-10,279.0,289.0,276.45,289.0,2149.0
2025-01-15,305.0,315.0,293.05,313.5,1103.0
2025-01-16,317.0,320.0,310.0,310.0,2770.0
2025-01-17,315.0,320.0,310.0,310.0,3937.0
2025-01-20,319.25,328.8,319.0,328.8,3519.0
2025-01-21,350.0,360.0,344.5,345.0,3769.0
2025-01-22,358.0,360.0,333.5,333.5,332.0
2025-01-23,333.2,365.0,333.2,350.0,4180.0
2025-01-24,350.0,360.0,350.0,360.0,177.0
2025-01-27,365.0,385.0,360.0,380.0,12368.0
2025-01-28,374.1,394.0,370.1,393.9,1607.0
2025-01-29,398.5,398.5,380.0,390.0,1612.0
2025-01-30,399.8,399.8,385.1,385.1,208.0
2025-01-31,388.0,389.0,380.0,380.0,609.0
2025-02-03,379.0,385.0,379.0,385.0,461.0
2025-02-04,360.6,370.0,360.6,370.0,664.0
2025-02-05,370.0,381.05,360.0,380.0,5609.0
2025-02-06,380.0,385.0,370.1,376.1,1751.0
2025-02-07,384.0,400.0,384.0,399.9,8830.0
2025-02-10,410.0,438.5,409.9,415.05,6726.0
2025-02-11,425.0,435.0,410.0,420.15,3274.0
2025-02-12,420.0,442.0,413.1,420.0,4965.0
2025-02-13,420.0,432.0,420.0,420.0,590.0
2025-02-14,414.0,414.0,408.0,410.1,214.0
2025-02-17,411.0,423.0,400.5,410.0,11772.0
2025-02-18,404.0,419.7,395.0,408.0,3430.0
2025-02-19,410.0,415.0,402.2,415.0,5540.0
2025-02-20,403.1,405.0,391.1,405.0,1519.0
2025-02-21,391.1,400.0,380.0,380.0,3168.0
2025-02-24,400.0,400.0,398.0,398.0,139.0
2025-02-25,400.0,414.0,382.0,414.0,5602.0
2025-02-26,419.9,435.0,410.0,429.0,14465.0
2025-02-27,405.05,429.25,405.05,411.5,95.0
2025-02-28,410.15,426.8,410.0,423.0,1829.0
2025-03-03,412.0,424.3,412.0,424.3,25.0
2025-03-04,424.0,433.85,424.0,430.0,23.0
2025-03-05,427.9,429.9,427.9,429.45,604.0
2025-03-06,429.5,429.5,429.5,429.5,8.0
2025-03-07,433.0,435.0,432.0,435.0,1565.0
2025-03-10,436.45,440.0,430.0,430.0,999.0
2025-03-11,418.0,429.95,418.0,429.95,10.0
2025-03-12,425.1,430.0,418.0,430.0,112.0
2025-03-14,418.0,430.0,418.0,430.0,111.0
2025-03-18,428.0,440.0,428.0,440.0,1001.0
2025-03-19,440.0,440.0,417.0,438.0,1637.0
2025-03-20,430.0,430.0,429.9,430.0,312.0
2025-03-21,430.15,449.0,430.0,430.0,4530.0
2025-03-24,430.0,430.0,430.0,430.0,562.0
2025-03-25,425.0,425.0,420.0,420.0,457.0
2025-03-26,429.0,430.0,419.9,419.9,3361.0
2025-03-27,420.0,428.0,420.0,428.0,147.0
2025-04-02,450.0,470.75,450.0,470.75,4978.0
2025-04-03,480.0,514.8,480.0,498.9,2946.0
2025-04-04,489.0,507.0,451.0,488.9,2324.0
2025-04-07,495.0,495.0,441.0,450.0,1144.0
2025-04-08,451.1,451.2,412.0,420.0,4248.0
2025-04-09,430.0,430.0,400.0,410.0,471.0
2025-04-10,439.9,445.0,427.2,430.0,624.0
2025-04-11,420.0,420.0,420.0,420.0,40.0
2025-04-14,415.0,444.8,415.0,444.8,129.0
2025-04-15,425.25,450.0,425.25,450.0,1430.0
2025-04-16,448.0,455.0,440.0,440.0,2867.0
2025-04-17,430.05,448.0,430.0,448.0,610.0
2025-04-18,449.9,492.75,449.9,492.75,3772.0
2025-04-21,503.0,542.0,495.0,539.8,6033.0
2025-04-22,580.0,580.0,536.1,536.1,3056.0
2025-04-23,537.0,570.0,530.0,565.8,41608.0
2025-04-24,568.0,622.3,561.1,622.3,33587.0
2025-04-25,640.0,668.9,630.0,630.0,6739.0
2025-04-28,638.0,639.0,616.0,639.0,850.0
2025-04-29,640.0,649.0,630.1,639.0,1485.0
2025-04-30,636.0,643.0,621.0,639.9,1472.0
2025-05-02,635.0,645.0,627.0,631.0,1797.0
2025-05-05,625.5,644.2,625.5,626.0,3517.0
2025-05-06,626.0,630.0,626.0,627.0,391.0
2025-05-07,625.0,635.0,620.1,630.0,1407.0
2025-05-08,622.0,626.0,617.0,617.0,931.0
2025-05-09,624.0,624.0,615.0,621.0,271.0
2025-05-12,625.0,640.0,615.0,625.0,5565.0
2025-05-13,620.0,630.0,620.0,630.0,1316.0
2025-05-14,635.0,640.0,620.0,620.0,1738.0
2025-05-15,630.0,638.4,630.0,638.4,61.0
2025-05-16,635.0,636.0,621.0,621.0,63.0
2025-05-19,633.9,633.9,616.0,625.0,445.0
2025-05-20,625.0,625.0,617.0,617.0,519.0
2025-05-21,629.5,629.5,595.0,610.0,898.0
2025-05-22,621.9,621.9,600.0,600.0,1825.0
2025-05-23,624.8,624.8,590.0,620.0,2187.0
2025-05-26,601.6,601.6,595.0,595.0,401.0
2025-05-27,590.1,600.0,590.0,600.0,71.0
2025-05-28,605.0,605.4,599.0,599.0,80.0
2025-05-29,599.5,600.0,590.0,591.0,128.0
2025-05-30,600.0,600.0,585.0,598.5,247.0
2025-06-02,599.9,619.0,599.5,609.0,2763.0
2025-06-03,615.0,615.0,595.0,595.0,4654.0
2025-06-04,595.0,600.0,594.0,600.0,938.0
2025-06-05,599.9,599.9,590.0,599.0,1040.0
2025-06-06,590.2,599.9,590.0,593.0,55.0
2025-06-10,591.0,600.0,590.0,599.0,484.0
2025-06-11,599.0,599.9,580.0,580.0,2497.0
2025-06-12,580.0,581.0,575.1,581.0,238.0
2025-06-13,570.0,570.0,550.0,570.0,599.0
2025-06-16,570.0,570.0,560.0,570.0,858.0
2025-06-17,565.0,577.9,560.0,576.8,2029.0
2025-06-18,560.1,560.1,558.0,559.0,11721.0
2025-06-19,551.0,551.0,523.0,540.0,1035.0
2025-06-20,550.0,553.0,550.0,553.0,79.0
2025-06-23,532.3,570.9,532.3,570.9,69.0
2025-06-24,570.9,580.0,561.0,573.0,1059.0
2025-06-25,560.5,578.9,560.0,578.9,194.0
2025-06-26,579.9,613.0,579.9,602.0,5531.0
2025-06-30,608.0,660.0,604.0,633.0,2491.0
2025-07-01,645.0,645.0,630.0,638.0,530.0
2025-07-02,640.0,701.7,637.0,701.7,3491.0
2025-07-03,724.0,724.0,653.0,658.0,4260.0
2025-07-04,669.9,669.9,612.0,640.0,607.0
2025-07-07,623.0,635.0,623.0,635.0,630.0
2025-07-08,627.0,627.0,620.0,626.0,350.0
2025-07-09,620.0,636.0,617.0,636.0,368.0
2025-07-10,632.1,632.1,620.0,629.9,359.0
2025-07-11,620.2,625.0,601.0,601.0,502.0
2025-07-14,601.0,628.0,591.0,615.8,1163.0
2025-07-15,615.0,615.0,592.0,596.0,727.0
2025-07-16,610.0,610.0,590.0,590.0,267.0
2025-07-17,588.0,602.0,580.0,580.0,845.0
2025-07-18,598.8,600.0,585.3,600.0,326.0
2025-07-21,646.9,646.9,608.0,608.0,125.0
2025-07-22,638.0,638.0,625.0,625.0,570.0
2025-07-23,620.0,620.0,594.0,598.0,1363.0
2025-07-24,620.0,629.0,615.0,629.0,282.0
2025-07-25,629.0,630.0,615.0,630.0,219.0
2025-07-28,630.0,630.0,616.0,616.0,60.0
2025-07-29,615.0,625.0,609.0,624.0,69.0
2025-07-31,625.0,627.9,620.0,620.0,108.0
2025-08-01,629.0,630.0,600.2,610.0,1545.0
2025-08-04,605.0,620.0,600.0,617.0,1218.0
2025-08-05,606.1,616.0,606.0,610.0,286.0
2025-08-06,610.0,615.0,607.0,614.9,323.0
2025-08-07,627.9,665.0,613.0,654.0,2213.0
2025-08-08,665.0,665.0,645.1,645.1,1283.0
2025-08-11,627.0,645.0,627.0,645.0,553.0
2025-08-12,625.2,649.0,625.2,643.3,667.0
2025-08-13,627.1,660.0,627.1,650.0,323.0
2025-08-15,655.5,655.5,635.0,635.0,1170.0
2025-08-18,635.0,664.0,635.0,664.0,3054.0
2025-08-19,660.0,719.0,633.1,704.0,7344.0
2025-08-22,699.0,717.0,680.0,714.0,1908.0
2025-08-25,719.0,785.3,719.0,785.3,6236.0
2025-08-26,806.0,825.0,740.0,780.0,9594.0
2025-08-27,770.0,778.0,753.0,761.0,876.0
2025-08-28,770.0,778.0,761.0,770.0,748.0
2025-08-29,771.0,776.9,750.0,765.0,1798.0
2025-09-01,688.6,705.0,688.6,688.6,5832.0
2025-09-02,689.0,689.0,671.0,682.0,1275.0
2025-09-03,699.0,711.0,681.0,701.0,508.0
2025-09-04,710.0,710.0,690.0,693.0,39.0
2025-09-08,685.0,692.5,675.0,675.3,693.0
2025-09-09,685.0,685.0,666.0,666.0,891.0
2025-09-10,665.0,685.0,665.0,680.0,163.0
2025-09-11,680.0,686.0,670.2,680.0,520.0
2025-09-12,680.0,680.0,670.0,670.0,626.0
2025-09-15,670.0,680.0,667.7,670.0,195.0
2025-09-16,670.0,670.0,660.0,660.0,377.0
2025-09-17,657.0,660.1,655.0,655.0,387.0
2025-09-18,655.0,655.0,631.0,645.0,376.0
2025-09-19,640.0,640.0,632.0,632.0,233.0
2025-09-22,659.0,659.0,640.0,650.0,66.0
2025-09-23,647.0,647.0,624.0,630.0,1095.0
2025-09-24,630.0,630.0,600.0,615.9,821.0
2025-09-25,601.0,635.0,601.0,635.0,995.0
2025-09-26,630.0,630.0,630.0,630.0,40.0
2025-09-29,625.0,625.0,599.0,599.0,397.0
2025-09-30,603.0,627.8,581.0,627.3,741.0
2025-10-01,629.0,629.0,602.0,602.0,135.0
2025-10-02,590.0,599.0,565.0,596.0,480.0
2025-10-03,610.0,629.5,610.0,624.0,210.0
2025-10-06,624.0,628.5,624.0,628.5,128.0
2025-10-07,600.0,628.4,600.0,626.0,212.0
2025-10-10,622.5,623.0,602.0,620.0,80.0
2025-10-13,602.0,603.0,602.0,602.0,226.0
2025-10-14,601.0,601.0,588.0,589.0,66.0
2025-10-15,589.5,589.5,588.0,588.0,47.0
2025-10-16,600.0,600.0,590.0,590.0,46.0
2025-10-17,600.0,600.0,593.0,593.0,10.0
2025-10-20,600.0,600.0,600.0,600.0,12.0
2025-10-22,615.0,615.0,612.0,615.0,117.0
2025-10-23,615.0,615.0,605.1,614.0,58.0
2025-10-24,615.0,618.0,615.0,618.0,485.0
2025-10-27,618.0,618.0,609.0,609.0,301.0
2025-10-28,614.9,614.9,605.0,610.0,340.0
2025-10-29,601.1,614.0,575.0,613.0,1457.0
2025-10-30,614.9,614.9,591.0,613.9,445.0
2025-10-31,596.1,620.0,596.1,618.0,246.0
2025-11-03,620.0,629.0,618.0,618.0,574.0
2025-11-04,628.9,628.9,626.0,626.8,183.0
2025-11-05,635.0,635.0,611.1,625.0,192.0
2025-11-07,628.9,629.0,610.0,610.0,521.0
2025-11-10,600.8,600.8,590.0,591.1,709.0
2025-11-11,592.0,624.0,592.0,624.0,64.0
2025-11-12,619.8,619.8,592.0,592.0,14.0
2025-11-13,593.0,593.0,592.0,592.0,36.0
2025-11-14,594.0,594.0,593.1,593.1,36.0
2025-11-17,592.5,592.5,591.1,591.1,100.0
2025-11-19,591.1,600.0,581.2,581.3,727.0
2025-11-20,582.0,582.0,580.0,580.0,726.0
2025-11-21,577.0,585.0,577.0,578.0,7.0
2025-11-24,578.0,580.0,577.5,580.0,228.0
2025-11-26,572.0,580.0,572.0,580.0,100.0
2025-11-27,562.1,597.7,562.1,597.7,27.0
2025-11-28,577.6,596.0,577.6,596.0,5.0
2025-12-02,596.0,597.5,596.0,597.5,70.0
2025-12-03,595.9,595.9,585.0,586.9,27.0
2025-12-04,590.0,595.9,580.0,595.9,100.0
2025-12-05,572.0,572.0,572.0,572.0,2.0
2025-12-09,576.1,576.1,576.1,576.1,1.0
2025-12-10,580.0,598.0,580.0,598.0,62.0
2025-12-11,598.0,600.0,598.0,600.0,58.0
2025-12-12,620.0,620.0,617.8,617.8,60.0
2025-12-15,600.0,617.8,590.0,599.0,525.0
2025-12-16,613.9,613.9,613.9,613.9,1.0
2025-12-17,600.0,600.0,592.0,592.0,60.0
2025-12-18,590.5,600.0,590.5,600.0,18.0
2025-12-19,592.0,594.0,592.0,594.0,19.0
2025-12-22,580.0,582.0,580.0,581.5,45.0
2025-12-23,580.1,580.1,580.0,580.0,35.0
2025-12-24,590.0,590.0,570.0,573.0,641.0
2025-12-25,572.0,600.0,572.0,580.0,238.0
2025-12-26,580.0,598.0,560.0,598.0,5705.0
2025-12-29,596.8,596.8,575.2,585.0,30.0
2025-12-30,585.0,585.0,580.0,582.0,65.0
2025-12-31,593.6,593.6,585.0,585.0,28.0
2026-01-02,585.0,592.7,580.0,582.0,350.0
2026-01-05,580.0,590.0,580.0,585.0,240.0
2026-01-06,582.0,582.0,578.0,578.0,1680.0
2026-01-07,578.5,590.0,578.5,590.0,85.0
2026-01-08,590.0,590.0,580.0,583.0,914.0
2026-01-09,589.0,590.0,583.3,583.3,346.0
2026-01-12,582.0,590.0,580.0,580.0,752.0
2026-01-13,597.0,597.0,575.0,575.0,235.0
2026-01-15,575.6,590.0,575.1,585.0,140.0
2026-01-16,580.0,580.0,580.0,580.0,33.0
2026-01-19,590.0,590.0,573.0,573.0,159.0
2026-01-20,575.1,575.1,560.0,560.0,1472.0
2026-01-21,560.0,560.0,559.1,559.1,109.0
2026-01-22,560.0,598.0,560.0,588.0,65.0
2026-01-23,565.0,580.0,565.0,580.0,119.0
2026-01-26,565.0,565.0,550.0,551.1,82.0
2026-01-27,551.2,565.0,551.1,565.0,191.0
2026-01-28,579.0,580.0,579.0,580.0,5.0
2026-01-29,588.0,588.0,552.2,579.9,94.0
2026-01-30,562.6,562.6,562.6,562.6,2.0
2026-02-02,560.0,570.0,556.0,570.0,98.0
2026-02-04,570.0,579.0,570.0,579.0,20.0
2026-02-05,557.0,560.0,556.0,556.0,377.0
2026-02-06,556.0,557.0,550.5,556.0,232.0
2026-02-09,579.8,579.8,579.8,579.8,20.0
2026-02-10,551.0,551.0,545.0,550.0,121.0
2026-02-11,560.0,579.0,550.0,579.0,65.0
2026-02-12,575.0,575.0,575.0,575.0,5.0
2026-02-13,580.0,580.0,580.0,580.0,60.0
2026-02-16,570.0,570.0,565.0,570.0,785.0
2026-02-17,560.0,560.0,540.0,540.0,919.0
2026-02-18,569.0,569.0,560.0,560.0,94.0
2026-02-19,560.0,560.0,550.0,550.0,250.0
2026-02-20,550.0,550.0,545.4,545.4,22.0
2026-02-23,549.0,549.0,548.0,548.0,185.0
2026-02-25,540.0,540.0,540.0,540.0,1.0
2026-02-27,567.9,567.9,567.9,567.9,4.0
2026-03-02,511.2,530.0,511.2,530.0,501.0
2026-03-03,527.0,535.0,512.0,535.0,127.0
2026-03-04,503.0,545.0,500.0,545.0,192.0
2026-03-05,544.0,558.0,544.0,558.0,44.0
2026-03-06,559.0,559.0,512.1,558.9,5527.0
2026-03-09,550.0,550.0,540.0,540.0,48.0
2026-03-12,530.0,530.0,520.0,520.0,9.0
2026-03-13,523.0,523.0,520.0,521.0,1143.0
2026-03-16,513.1,513.1,513.1,513.1,1.0
2026-03-17,550.0,550.0,549.0,550.0,219.0
2026-03-18,535.0,550.0,535.0,550.0,200.0
2026-03-19,530.0,530.0,530.0,530.0,8.0
2026-03-24,531.0,550.0,531.0,548.8,151.0
2026-03-25,548.1,548.1,540.0,540.0,276.0
2026-03-26,540.0,550.0,540.0,540.0,593.0
2026-03-27,554.0,555.0,554.0,555.0,913.0
