Time,Open,High,Low,Close,Volume
2012-03-26,1686.0,1686.0,1685.0,1686.0,15.0
2012-03-27,1686.0,1745.0,1686.0,1686.0,15.0
2012-03-28,1720.0,1720.0,1720.0,1720.0,2.0
2012-03-29,1655.0,1686.0,1655.0,1655.0,104.0
2012-03-30,1698.0,1699.0,1655.0,1698.0,2303.0
2012-04-02,1700.0,1739.0,1700.0,1700.0,39.0
2012-04-03,1655.0,1662.0,1655.0,1655.0,49.0
2012-04-04,1640.0,1651.0,1632.0,1640.0,1081.0
2012-04-05,1660.0,1660.0,1630.0,1660.0,1110.0
2012-04-06,1580.0,1684.0,1580.0,1580.0,194.0
2012-04-09,1668.0,1668.0,1668.0,1668.0,3.0
2012-04-13,1501.0,1615.0,1501.0,1501.0,866.0
2012-04-16,1578.0,1578.0,1578.0,1578.0,2.0
2012-04-17,1667.0,1667.0,1515.0,1667.0,187.0
2012-04-18,1567.0,1568.0,1567.0,1567.0,53.0
2012-04-19,1535.0,1535.0,1530.0,1535.0,11.0
2012-04-20,1505.0,1580.0,1489.0,1505.0,612.0
2012-04-25,1500.0,1505.0,1500.0,1500.0,2800.0
2012-04-26,1500.0,1505.0,1500.0,1500.0,2686.0
2012-04-27,1480.0,1491.0,1480.0,1480.0,200.0
2012-05-02,1459.0,1459.0,1459.0,1459.0,7.0
2012-05-07,1463.0,1510.0,1463.0,1463.0,1314.0
2012-05-09,1463.0,1463.0,1463.0,1463.0,20.0
2012-05-11,1423.0,1480.0,1423.0,1423.0,116.0
2012-05-15,1400.0,1489.0,1394.0,1400.0,206.0
2012-05-16,1393.0,1395.0,1393.0,1393.0,86.0
2012-05-18,1326.0,1396.0,1326.0,1326.0,120.0
2012-05-21,1327.0,1350.0,1326.0,1327.0,157.0
2012-05-22,1350.0,1350.0,1326.0,1350.0,87.0
2012-05-23,1380.0,1380.0,1370.0,1380.0,11.0
2012-05-24,1400.0,1400.0,1400.0,1400.0,168.0
2012-05-25,1450.0,1484.0,1410.0,1450.0,911.0
2012-05-28,1449.0,1479.0,1449.0,1449.0,6.0
2012-05-29,1480.0,1480.0,1400.0,1480.0,229.0
2012-05-30,1508.0,1508.0,1420.0,1508.0,18.0
2012-05-31,1450.0,1549.0,1450.0,1450.0,310.0
2012-06-01,1500.0,1500.0,1450.0,1500.0,67.0
2012-06-06,1500.0,1588.0,1432.0,1500.0,439.0
2012-06-07,1550.0,1550.0,1550.0,1550.0,20.0
2012-06-08,1500.0,1550.0,1500.0,1500.0,138.0
2012-06-11,1530.0,1530.0,1530.0,1530.0,5.0
2012-06-12,1486.0,1486.0,1486.0,1486.0,162.0
2012-06-13,1500.0,1500.0,1499.0,1500.0,564.0
2012-06-14,1536.0,1536.0,1483.0,1536.0,3.0
2012-06-15,1550.0,1550.0,1484.0,1550.0,195.0
2012-06-18,1550.0,1550.0,1490.0,1550.0,1022.0
2012-06-19,1550.0,1550.0,1550.0,1550.0,573.0
2012-06-20,1500.0,1503.0,1500.0,1500.0,2187.0
2012-06-27,1580.0,1580.0,1580.0,1580.0,52.0
2012-06-28,1500.0,1500.0,1500.0,1500.0,660.0
2012-06-29,1501.0,1501.0,1501.0,1501.0,20.0
2012-07-02,1440.0,1472.0,1436.0,1440.0,29.0
2012-07-05,1431.0,1431.0,1431.0,1431.0,3.0
2012-07-06,1516.0,1516.0,1350.0,1516.0,222.0
2012-07-09,1430.0,1514.0,1430.0,1430.0,269.0
2012-07-10,1351.0,1498.0,1351.0,1351.0,2122.0
2012-07-11,1355.0,1355.0,1353.0,1355.0,460.0
2012-07-12,1399.0,1399.0,1350.0,1399.0,721.0
2012-07-13,1350.0,1350.0,1350.0,1350.0,370.0
2012-07-16,1351.0,1351.0,1351.0,1351.0,61.0
2012-07-17,1385.0,1385.0,1350.0,1385.0,9.0
2012-07-18,1365.0,1365.0,1365.0,1365.0,4.0
2012-07-20,1355.0,1370.0,1355.0,1355.0,98.0
2012-07-23,1350.0,1354.0,1350.0,1350.0,5.0
2012-07-24,1399.0,1399.0,1380.0,1399.0,163.0
2012-07-25,1454.0,1454.0,1435.0,1454.0,42.0
2012-07-27,1367.0,1450.0,1367.0,1367.0,224.0
2012-07-31,1446.0,1446.0,1400.0,1446.0,25.0
2012-08-02,1449.0,1449.0,1370.0,1449.0,103.0
2012-08-03,1440.0,1440.0,1400.0,1440.0,321.0
2012-08-07,1448.0,1448.0,1400.0,1448.0,29.0
2012-08-08,1473.0,1473.0,1383.0,1473.0,316.0
2012-08-09,1473.0,1473.0,1401.0,1473.0,229.0
2012-08-15,1470.0,1470.0,1470.0,1470.0,1056.0
2012-08-16,1382.0,1412.0,1382.0,1382.0,1856.0
2012-08-17,1380.0,1380.0,1380.0,1380.0,13.0
2012-08-22,1448.0,1448.0,1379.0,1448.0,12.0
2012-08-23,1477.0,1477.0,1448.0,1477.0,10.0
2012-08-29,1439.0,1439.0,1390.0,1439.0,323.0
2012-08-31,1429.0,1429.0,1429.0,1429.0,60.0
2012-09-03,1440.0,1440.0,1440.0,1440.0,2.0
2012-09-04,1366.0,1366.0,1366.0,1366.0,2.0
2012-09-05,1366.0,1375.0,1366.0,1366.0,187.0
2012-09-07,1375.0,1418.0,1375.0,1375.0,1490.0
2012-09-12,1400.0,1400.0,1400.0,1400.0,45.0
2012-09-14,1400.0,1400.0,1400.0,1400.0,100.0
2012-09-17,1384.0,1384.0,1316.0,1384.0,81.0
2012-09-20,1350.0,1350.0,1310.0,1350.0,77.0
2012-09-21,1310.0,1311.0,1310.0,1310.0,308.0
2012-09-24,1350.0,1350.0,1349.0,1350.0,3251.0
2012-09-25,1372.0,1372.0,1372.0,1372.0,14.0
2012-09-26,1350.0,1350.0,1305.0,1350.0,210.0
2012-09-27,1325.0,1325.0,1312.0,1325.0,377.0
2012-09-28,1250.0,1340.0,1250.0,1250.0,1210.0
2012-10-01,1280.0,1280.0,1200.0,1280.0,3212.0
2012-10-04,1280.0,1280.0,1210.0,1280.0,804.0
2012-10-05,1270.0,1277.0,1210.0,1270.0,1053.0
2012-10-08,1267.0,1267.0,1267.0,1267.0,1.0
2012-10-11,1258.0,1267.0,1205.0,1258.0,272.0
2012-10-12,1258.0,1258.0,1258.0,1258.0,78.0
2012-10-17,1249.0,1249.0,1205.0,1249.0,61.0
2012-10-19,1181.0,1238.0,1181.0,1181.0,17685.0
2012-10-22,1200.0,1200.0,1181.0,1200.0,210.0
2012-10-25,1140.0,1176.0,1140.0,1140.0,156.0
2012-10-29,1199.0,1199.0,1199.0,1199.0,1.0
2012-10-30,1199.0,1199.0,1133.0,1199.0,47.0
2012-11-01,1197.0,1197.0,1138.0,1197.0,12.0
2012-11-02,1195.0,1195.0,1195.0,1195.0,5.0
2012-11-07,1265.0,1265.0,1190.0,1265.0,1033.0
2012-11-13,1263.0,1263.0,1249.0,1263.0,226.0
2012-11-14,1193.0,1263.0,1193.0,1193.0,11.0
2012-11-15,1152.0,1190.0,1142.0,1152.0,35.0
2012-11-19,1163.0,1200.0,1163.0,1163.0,315.0
2012-11-22,1160.0,1160.0,1160.0,1160.0,298.0
2012-11-23,1198.0,1198.0,1198.0,1198.0,8.0
2012-11-26,1219.0,1219.0,1180.0,1219.0,1556.0
2012-11-30,1292.0,1292.0,1292.0,1292.0,81.0
2012-12-03,1350.0,1350.0,1350.0,1350.0,1.0
2012-12-05,1350.0,1350.0,1338.0,1350.0,21.0
2012-12-06,1368.0,1368.0,1273.0,1368.0,13.0
2012-12-07,1341.0,1370.0,1341.0,1341.0,840.0
2012-12-11,1280.0,1364.0,1280.0,1280.0,503.0
2012-12-13,1354.0,1354.0,1354.0,1354.0,2.0
2012-12-14,1338.0,1344.0,1273.0,1338.0,401.0
2012-12-21,1258.0,1258.0,1258.0,1258.0,439.0
2012-12-24,1320.0,1320.0,1320.0,1320.0,2.0
2012-12-25,1292.0,1292.0,1241.0,1292.0,1198.0
2012-12-26,1225.0,1225.0,1225.0,1225.0,9.0
2012-12-27,1152.0,1152.0,1152.0,1152.0,33.0
2012-12-28,1083.0,1196.0,1083.0,1083.0,121.0
2012-12-31,1019.0,1083.0,1019.0,1019.0,17897.0
2013-01-02,1019.0,1076.0,1019.0,1019.0,17875.0
2013-01-03,976.0,1010.0,970.0,976.0,79.0
2013-01-04,974.0,1029.0,974.0,974.0,11.0
2013-01-07,1023.0,1023.0,1023.0,1023.0,1.0
2013-01-08,962.0,964.0,962.0,962.0,251.0
2013-01-09,905.0,960.0,905.0,905.0,1865.0
2013-01-10,880.0,900.0,880.0,880.0,184.0
2013-01-14,862.0,920.0,861.0,862.0,39.0
2013-01-15,865.0,909.0,862.0,865.0,17730.0
2013-01-16,814.0,861.0,814.0,814.0,1660.0
2013-01-17,809.0,809.0,781.0,809.0,52.0
2013-01-18,780.0,826.0,768.0,780.0,35.0
2013-01-21,734.0,825.0,734.0,734.0,105.0
2013-01-22,769.0,769.0,769.0,769.0,1.0
2013-01-23,723.0,725.0,723.0,723.0,622.0
2013-01-28,720.0,724.0,720.0,720.0,91.0
2013-01-29,720.0,720.0,720.0,720.0,20.0
2013-01-30,695.0,719.0,691.0,695.0,1351.0
2013-01-31,700.0,700.0,695.0,700.0,1322.0
2013-02-01,666.0,719.0,666.0,666.0,287.0
2013-02-04,700.0,700.0,700.0,700.0,21.0
2013-02-05,661.0,695.0,661.0,661.0,290.0
2013-02-06,686.0,695.0,660.0,686.0,114.0
2013-02-08,617.40002,647.0,617.40002,617.40002,4617.0
2013-02-11,586.0,639.0,585.0,586.0,440.0
2013-02-12,550.90002,565.0,550.90002,550.90002,1591.0
2013-02-13,517.90002,548.90002,517.90002,517.90002,881.0
2013-02-14,500.10001,537.0,486.85001,500.10001,4691.0
2013-02-15,530.0,530.0,494.14999,530.0,473.0
2013-02-18,561.79999,561.79999,533.0,561.79999,37.0
2013-02-19,568.0,595.5,530.0,568.0,5807.0
2013-02-20,586.90002,594.90002,546.20001,586.90002,52.0
2013-02-21,610.0,610.0,554.0,610.0,54.0
2013-02-22,585.0,609.0,575.0,575.0,258.0
2013-02-25,594.0,594.0,573.0,573.0,93.0
2013-02-26,575.5,605.0,575.0,605.0,405.0
2013-02-27,613.0,614.0,609.0,614.0,319.0
2013-02-28,619.79999,647.90002,619.79999,647.90002,268.0
2013-03-01,650.0,660.0,610.0,610.0,2298.0
2013-03-04,610.0,615.0,580.0,599.90002,259.0
2013-03-05,585.0,614.0,585.0,614.0,103.0
2013-03-06,586.09998,605.0,577.20001,605.0,145.0
2013-03-07,599.0,599.0,568.70001,594.0,1367.0
2013-03-08,580.0,590.0,580.0,590.0,1523.0
2013-03-11,595.0,595.0,572.0,573.09998,45.0
2013-03-12,570.0,570.0,560.0,570.0,1436.0
2013-03-13,570.0,570.0,544.0,544.0,3.0
2013-03-14,557.0,557.0,550.0,550.0,95.0
2013-03-15,550.0,550.0,517.0,518.0,934.0
2013-03-18,512.0,533.0,512.0,533.0,28.0
2013-03-19,549.79999,564.90002,515.20001,515.20001,296.0
2013-03-20,516.09998,545.0,512.0,512.0,1947.0
2013-03-22,530.0,537.59998,515.0,537.59998,8.0
2013-03-25,544.0,544.0,517.09998,530.0,83.0
2013-03-27,521.0,560.0,521.0,560.0,975.0
2013-03-28,561.0,616.0,561.0,616.0,1232.0
2013-03-29,635.0,670.90002,629.0,652.90002,2363.0
2013-04-01,669.90002,675.0,659.90002,675.0,1632.0
2013-04-02,643.0,715.5,643.0,715.5,2534.0
2013-04-03,716.0,716.0,700.0,700.0,292.0
2013-04-04,700.0,720.0,700.0,720.0,214.0
2013-04-05,710.0,720.0,700.0,720.0,331.0
2013-04-08,690.0,725.0,681.0,719.0,1940.0
2013-04-09,707.0,724.0,707.0,721.0,206.0
2013-04-10,692.0,730.0,692.0,725.0,491.0
2013-04-11,733.0,740.0,724.0,731.0,83.0
2013-04-12,739.90002,739.90002,721.0,721.0,41.0
2013-04-15,738.0,738.0,738.0,738.0,1.0
2013-04-16,713.0,713.0,705.0,705.0,574.0
2013-04-17,700.0,705.0,663.0,700.0,908.0
2013-04-18,700.0,700.0,699.79999,699.79999,1308.0
2013-04-19,700.0,700.0,670.5,670.5,663.0
2013-04-22,698.70001,698.70001,698.70001,698.70001,2.0
2013-04-24,670.0,695.0,670.0,695.0,521.0
2013-04-25,691.79999,691.79999,680.0,680.0,40.0
2013-04-26,680.0,688.0,658.5,687.0,1955.0
2013-04-29,686.0,686.0,670.0,670.0,15168.0
2013-04-30,666.0,667.0,650.0,650.0,181.0
2013-05-03,639.0,639.0,630.0,635.0,2587.0
2013-05-07,630.0,630.0,630.0,630.0,20.0
2013-05-08,601.09998,611.0,601.09998,603.09998,1851.0
2013-05-09,638.5,638.5,603.0,611.0,13.0
2013-05-10,611.0,672.0,611.0,672.0,2072.0
2013-05-13,672.0,690.0,672.0,690.0,1039.0
2013-05-15,625.0,632.0,625.0,632.0,300.0
2013-05-16,660.0,663.0,620.0,625.0,1064.0
2013-05-17,601.29999,601.5,562.5,562.5,12094.0
2013-05-20,570.0,570.0,570.0,570.0,39.0
2013-05-21,587.0,587.0,570.0,570.0,138.0
2013-05-22,597.0,597.0,597.0,597.0,50.0
2013-05-23,565.0,595.0,565.0,584.90002,10.0
2013-05-27,584.90002,589.0,570.0,570.0,10.0
2013-05-28,584.0,584.0,580.0,580.0,11.0
2013-05-29,588.79999,594.0,551.0,588.0,1101.0
2013-05-30,553.0,586.0,553.0,586.0,653.0
2013-05-31,582.0,582.0,573.0,573.0,953.0
2013-06-04,577.5,577.5,575.0,575.0,1455.0
2013-06-05,553.0,553.0,553.0,553.0,273.0
2013-06-06,554.0,554.0,553.5,553.5,806.0
2013-06-07,550.0,550.0,550.0,550.0,69.0
2013-06-10,568.90002,576.0,568.90002,569.0,863.0
2013-06-12,568.0,569.0,555.0,569.0,4.0
2013-06-13,570.0,590.0,570.0,590.0,108.0
2013-06-14,590.0,590.0,590.0,590.0,30.0
2013-06-17,562.0,619.0,555.0,619.0,24.0
2013-06-19,610.0,645.0,610.0,645.0,1167.0
2013-06-20,650.0,683.70001,650.0,683.70001,1663.0
2013-06-21,700.0,700.0,615.40002,615.40002,4585.0
2013-06-24,640.29999,640.29999,640.29999,640.29999,20.0
2013-06-25,640.0,640.0,615.0,615.0,251.0
2013-06-26,590.0,615.0,580.0,580.0,888.0
2013-06-27,608.79999,608.79999,570.0,599.0,50396.0
2013-06-28,599.0,599.0,570.0,570.0,1983.0
2013-07-01,565.0,565.0,565.0,565.0,45.0
2013-07-02,590.0,590.0,590.0,590.0,1.0
2013-07-03,580.0,580.0,554.59998,554.59998,616.0
2013-07-04,525.0,574.59998,525.0,549.90002,526.0
2013-07-05,535.0,535.0,528.0,529.0,739.0
2013-07-08,550.0,550.0,528.0,547.40002,94.0
2013-07-09,546.90002,550.0,546.90002,550.0,102.0
2013-07-11,537.0,568.0,537.0,568.0,2.0
2013-07-15,538.5,570.0,538.5,541.0,86.0
2013-07-17,569.79999,570.0,569.79999,570.0,16.0
2013-07-22,550.0,550.0,545.29999,545.29999,31.0
2013-07-23,569.0,569.0,544.5,544.5,40.0
2013-07-24,563.0,566.0,541.09998,541.09998,110.0
2013-07-25,564.0,565.0,542.09998,542.09998,49.0
2013-07-26,540.0,550.0,531.09998,550.0,482.0
2013-07-29,555.0,555.0,532.5,537.09998,57.0
2013-07-31,545.0,545.09998,540.59998,545.09998,20.0
2013-08-02,556.70001,557.90002,532.79999,532.79999,159.0
2013-08-05,534.0,556.90002,533.09998,545.0,1055.0
2013-08-06,546.0,546.0,546.0,546.0,15.0
2013-08-07,575.0,575.0,525.0,535.0,86.0
2013-08-08,540.0,540.0,540.0,540.0,8.0
2013-08-12,555.90002,555.90002,555.90002,555.90002,3.0
2013-08-13,540.5,556.0,540.0,556.0,197.0
2013-08-15,579.0,579.0,579.0,579.0,28.0
2013-08-19,560.0,560.0,560.0,560.0,56.0
2013-08-27,573.0,573.0,560.0,560.0,17.0
2013-08-30,552.5,552.5,552.0,552.0,100.0
2013-09-02,552.0,552.20001,552.0,552.20001,32.0
2013-09-04,562.0,578.0,553.09998,560.0,3058.0
2013-09-06,562.0,562.0,560.29999,560.29999,52.0
2013-09-09,560.0,575.0,560.0,560.09998,60.0
2013-09-10,577.0,578.0,577.0,578.0,91.0
2013-09-13,575.0,600.0,575.0,600.0,483.0
2013-09-16,600.0,620.0,600.0,615.0,132.0
2013-09-17,578.09998,595.0,578.09998,595.0,16628.0
2013-09-18,600.0,615.0,560.0,599.0,437.0
2013-09-19,600.0,600.0,563.5,563.5,4.0
2013-09-20,566.0,576.0,565.0,576.0,56.0
2013-09-23,580.0,610.0,580.0,609.90002,113.0
2013-09-24,609.0,615.0,609.0,615.0,603.0
2013-09-25,617.0,650.0,617.0,650.0,4946.0
2013-09-26,660.0,689.0,655.0,689.0,2061.0
2013-09-27,700.0,730.0,700.0,725.0,4285.0
2013-09-30,690.0,714.90002,682.0,714.90002,226.0
2013-10-01,695.0,713.0,695.0,713.0,1892.0
2013-10-02,730.0,755.0,730.0,755.0,1499.0
2013-10-03,761.0,827.0,761.0,805.0,3314.0
2013-10-04,835.0,845.0,816.40002,829.0,1549.0
2013-10-07,840.0,840.0,815.0,830.0,1255.0
2013-10-08,830.0,859.0,810.0,850.0,2797.0
2013-10-09,843.0,870.0,843.0,860.0,998.0
2013-10-10,860.0,865.0,846.0,846.0,273.0
2013-10-11,842.0,849.0,825.0,825.0,2029.0
2013-10-14,837.0,837.0,837.0,837.0,1.0
2013-10-15,835.0,870.0,835.0,870.0,4344.0
2013-10-21,871.0,900.0,870.0,870.0,311.0
2013-10-22,856.0,870.0,856.0,870.0,587.0
2013-10-23,880.0,899.0,879.0,890.0,556.0
2013-10-24,895.0,939.0,895.0,920.0,2444.0
2013-10-25,930.09998,930.09998,902.0,902.0,168.0
2013-10-28,920.0,949.0,920.0,945.0,3235.0
2013-10-29,952.0,980.0,952.0,952.5,2835.0
2013-10-30,970.0,970.0,960.0,960.0,2126.0
2013-10-31,979.0,979.0,966.0,966.0,61.0
2013-11-01,980.0,1000.0,980.0,999.0,1772.0
2013-11-04,1020.0,1038.0,987.0,995.0,6205.0
2013-11-07,999.0,1000.0,999.0,1000.0,1260.0
2013-11-08,1005.0,1010.0,991.0,1000.0,974.0
2013-11-11,1019.0,1033.0,1000.0,1024.0,235.0
2013-11-12,1000.0,1000.0,972.0,972.0,745.0
2013-11-13,970.0,997.0,970.0,995.0,669.0
2013-11-14,990.0,992.0,981.0,992.0,111.0
2013-11-15,984.0,984.0,980.0,980.0,301.0
2013-11-19,980.0,989.0,951.0,989.0,143.0
2013-11-20,965.0,965.0,934.0,960.0,140.0
2013-11-21,960.0,970.0,960.0,960.0,60.0
2013-11-22,920.0,970.0,920.0,970.0,346.0
2013-11-25,950.0,950.0,922.0,925.0,22.0
2013-11-26,970.0,970.0,930.0,968.0,51.0
2013-11-27,950.0,950.0,934.0,934.0,21.0
2013-11-28,940.09998,940.09998,940.09998,940.09998,8.0
2013-11-29,967.0,967.0,940.09998,940.09998,9.0
2013-12-02,967.0,967.0,967.0,967.0,1.0
2013-12-03,980.0,990.0,960.09998,990.0,994.0
2013-12-04,963.09998,995.0,963.09998,968.20001,501.0
2013-12-05,993.90002,993.90002,993.90002,993.90002,1.0
2013-12-06,960.0,960.0,960.0,960.0,900.0
2013-12-10,961.0,975.0,946.0,970.0,691.0
2013-12-11,960.0,960.0,960.0,960.0,75.0
2013-12-12,955.0,970.0,955.0,970.0,250.0
2013-12-16,967.0,968.0,960.0,968.0,222.0
2013-12-17,961.0,968.0,960.0,960.0,268.0
2013-12-18,960.0,960.0,960.0,960.0,41.0
2013-12-20,950.40002,950.5,925.5,925.5,1487.0
2013-12-23,925.5,925.5,920.0,920.0,15.0
2013-12-25,920.0,944.0,920.0,944.0,20.0
2013-12-26,930.0,940.0,930.0,940.0,931.0
2013-12-27,926.0,926.0,900.0,900.0,2330.0
2013-12-30,880.0,883.0,880.0,883.0,15.0
2013-12-31,910.0,910.0,861.0,861.0,2239.0
2014-01-02,907.0,907.0,907.0,907.0,50.0
2014-01-03,870.0,870.0,870.0,870.0,155.0
2014-01-06,862.0,919.0,862.0,919.0,3.0
2014-01-10,920.0,920.0,863.90002,863.90002,1532.0
2014-01-13,900.0,900.0,900.0,900.0,160.0
2014-01-17,889.0,889.0,889.0,889.0,322.0
2014-01-20,900.0,900.0,900.0,900.0,1.0
2014-01-22,916.0,916.0,851.0,890.0,77.0
2014-01-23,908.0,940.0,908.0,940.0,250.0
2014-01-29,909.90002,909.90002,890.29999,890.29999,225.0
2014-01-30,929.0,929.0,929.0,929.0,1.0
2014-01-31,939.0,939.0,939.0,939.0,200.0
2014-02-05,895.0,950.0,895.0,950.0,4871.0
2014-02-06,945.0,995.0,945.0,961.0,569.0
2014-02-07,985.0,985.0,985.0,985.0,30.0
2014-02-12,980.0,980.0,980.0,980.0,1.0
2014-02-13,978.0,980.0,978.0,980.0,491.0
2014-02-14,979.0,1070.0,979.0,1070.0,5520.0
2014-02-17,1098.0,1130.0,1063.0,1110.0,1592.0
2014-02-18,1120.0,1120.0,1044.0,1044.0,1949.0
2014-02-19,1041.0,1075.0,1038.0,1075.0,6622.0
2014-02-20,1050.0,1050.0,1050.0,1050.0,205.0
2014-02-21,1045.0,1064.0,1045.0,1045.0,357.0
2014-02-24,1045.0,1045.0,1045.0,1045.0,48.0
2014-02-25,1045.0,1045.0,1031.0,1031.0,155.0
2014-02-26,1015.0,1015.0,1013.0,1013.0,13.0
2014-02-27,1014.0,1040.0,1012.0,1040.0,293.0
2014-02-28,1043.0,1089.0,1043.0,1087.0,2397.0
2014-03-03,1098.0,1120.0,1071.0,1120.0,5247.0
2014-03-04,1100.0,1119.0,1100.0,1119.0,17.0
2014-03-05,1100.0,1100.0,1100.0,1100.0,38.0
2014-03-06,1102.0,1120.0,1101.0,1120.0,1400.0
2014-03-07,1080.0,1100.0,1078.0,1100.0,595.0
2014-03-10,1125.0,1158.0,1115.0,1115.0,4483.0
2014-03-11,1127.0,1127.0,1080.0,1085.0,418.0
2014-03-12,1085.0,1116.0,1080.0,1090.0,171.0
2014-03-13,1070.0,1098.0,1070.0,1098.0,51.0
2014-03-14,1098.0,1098.0,1098.0,1098.0,1.0
2014-03-17,1093.0,1097.0,1071.0,1093.0,216.0
2014-03-18,1090.0,1090.0,1090.0,1090.0,500.0
2014-03-19,1080.0,1100.0,1080.0,1080.0,1252.0
2014-03-20,1070.0,1092.0,1070.0,1092.0,155.0
2014-03-21,1072.0,1084.0,1041.0,1084.0,303.0
2014-03-25,1083.0,1083.0,1083.0,1083.0,50.0
2014-03-26,1080.0,1083.0,1080.0,1080.0,22.0
2014-03-27,1090.0,1090.0,1075.0,1075.0,42.0
2014-03-28,1071.0,1080.0,1052.0,1080.0,581.0
2014-03-31,1050.0,1087.0,1043.0,1079.0,222.0
2014-04-02,1065.0,1065.0,1065.0,1065.0,556.0
2014-04-03,1060.0,1060.0,1060.0,1060.0,710.0
2014-04-04,1050.0,1060.0,1050.0,1060.0,482.0
2014-04-07,1058.0,1058.0,1058.0,1058.0,65.0
2014-04-09,1020.0,1035.0,1000.0,1010.0,814.0
2014-04-10,1010.0,1035.0,1010.0,1035.0,21.0
2014-04-11,1015.0,1015.0,1010.0,1010.0,905.0
2014-04-15,1008.0,1008.0,1008.0,1008.0,111.0
2014-04-16,1008.0,1010.0,1008.0,1010.0,1542.0
2014-04-17,1028.0,1040.0,1028.0,1040.0,61.0
2014-04-18,1011.0,1055.0,1011.0,1055.0,90.0
2014-04-24,1052.0,1052.0,1050.0,1050.0,205.0
2014-05-02,1017.0,1040.0,1017.0,1040.0,135.0
2014-05-05,1017.0,1047.0,1000.0,1047.0,519.0
2014-05-07,1011.0,1046.0,1011.0,1046.0,14.0
2014-05-08,1021.0,1039.0,1021.0,1039.0,11.0
2014-05-09,1030.0,1030.0,1004.0,1004.0,83.0
2014-05-12,1003.0,1003.0,1000.0,1000.0,300.0
2014-05-13,1003.0,1003.0,1000.0,1000.0,881.0
2014-05-15,1003.0,1003.0,1000.0,1002.0,553.0
2014-05-16,1004.0,1004.0,1004.0,1004.0,5.0
2014-05-19,1000.0,1034.0,1000.0,1034.0,255.0
2014-05-22,1002.0,1031.0,1002.0,1031.0,11.0
2014-05-23,1003.0,1031.0,1002.0,1029.0,92.0
2014-05-26,1002.0,1032.0,1000.0,1032.0,81.0
2014-05-28,1000.0,1028.0,1000.0,1028.0,528.0
2014-05-29,1025.0,1025.0,1025.0,1025.0,580.0
2014-06-02,1027.0,1027.0,1001.0,1001.0,357.0
2014-06-03,1026.0,1026.0,1026.0,1026.0,4.0
2014-06-05,1003.0,1034.0,1003.0,1034.0,105.0
2014-06-06,1002.0,1029.0,1000.0,1029.0,73.0
2014-06-09,1010.0,1010.0,1010.0,1010.0,15.0
2014-06-10,1005.0,1005.0,1005.0,1005.0,310.0
2014-06-11,1003.0,1005.0,1003.0,1005.0,207.0
2014-06-12,1005.0,1005.0,1005.0,1005.0,450.0
2014-06-13,1027.0,1027.0,1027.0,1027.0,10.0
2014-06-17,1005.0,1005.0,1005.0,1005.0,1000.0
2014-06-18,1028.0,1028.0,1028.0,1028.0,1.0
2014-06-20,1030.0,1030.0,1030.0,1030.0,25.0
2014-06-23,1005.0,1005.0,1000.0,1000.0,502.0
2014-06-24,1002.0,1002.0,1002.0,1002.0,14.0
2014-06-27,1010.0,1029.0,1010.0,1029.0,32.0
2014-07-01,1010.0,1010.0,1010.0,1010.0,12.0
2014-07-03,1020.0,1020.0,1020.0,1020.0,51.0
2014-07-04,1020.0,1020.0,1020.0,1020.0,3.0
2014-07-15,1003.0,1003.0,1003.0,1003.0,40.0
2014-07-16,1020.0,1028.0,1020.0,1028.0,1245.0
2014-07-17,1008.0,1025.0,1005.0,1025.0,1656.0
2014-07-18,980.0,980.0,925.0,978.0,65.0
2014-07-21,978.0,978.0,978.0,978.0,7.0
2014-07-22,951.0,951.0,951.0,951.0,16.0
2014-07-24,948.0,950.0,948.0,950.0,83.0
2014-07-25,970.0,970.0,970.0,970.0,10.0
2014-08-01,970.0,970.0,970.0,970.0,70.0
2014-08-04,955.0,955.0,941.0,941.0,1935.0
2014-08-05,945.0,945.0,945.0,945.0,3.0
2014-08-06,982.0,982.0,982.0,982.0,5.0
2014-08-07,981.70001,987.0,941.09998,987.0,454.0
2014-08-08,998.0,1046.0,975.0,1046.0,1926.0
2014-08-11,1095.0,1095.0,1050.0,1065.0,196.0
2014-08-12,1036.0,1065.0,1036.0,1041.0,68.0
2014-08-13,1065.0,1065.0,1041.0,1041.0,276313.0
2014-08-15,1040.0,1042.0,1040.0,1042.0,266.0
2014-08-18,1042.0,1050.0,1034.0,1042.0,361.0
2014-08-19,1042.0,1050.0,1042.0,1050.0,1502.0
2014-08-22,1050.0,1071.0,1050.0,1071.0,181.0
2014-08-25,1072.0,1083.0,1071.0,1083.0,51.0
2014-08-26,1084.0,1090.0,1084.0,1090.0,260.0
2014-08-27,1099.0,1117.0,1095.0,1097.0,654.0
2014-08-28,1091.0,1162.0,1091.0,1120.0,819.0
2014-08-29,1150.0,1180.0,1120.0,1176.0,39.0
2014-09-01,1118.0,1166.0,1118.0,1166.0,2.0
2014-09-02,1124.0,1124.0,1120.0,1120.0,302.0
2014-09-03,1136.0,1136.0,1135.0,1135.0,230.0
2014-09-04,1150.0,1150.0,1150.0,1150.0,8.0
2014-09-05,1150.0,1155.0,1149.0,1155.0,984.0
2014-09-08,1159.0,1159.0,1150.0,1151.0,1063.0
2014-09-09,1160.0,1176.0,1160.0,1176.0,1420.0
2014-09-10,1180.0,1245.0,1150.0,1230.0,1110.0
2014-09-11,1230.0,1240.0,1195.0,1195.0,7634.0
2014-09-12,1226.0,1226.0,1163.0,1199.0,520.0
2014-09-15,1182.0,1218.0,1161.0,1218.0,175.0
2014-09-16,1168.0,1210.0,1160.0,1210.0,72.0
2014-09-17,1170.0,1170.0,1168.0,1168.0,4.0
2014-09-18,1230.0,1238.0,1230.0,1230.0,2214.0
2014-09-19,1215.0,1229.0,1210.0,1210.0,625.0
2014-09-22,1209.0,1210.0,1208.0,1210.0,622.0
2014-09-23,1210.0,1210.0,1210.0,1210.0,61.0
2014-09-24,1204.0,1204.0,1179.0,1179.0,290.0
2014-09-26,1131.0,1200.0,1131.0,1200.0,1002.0
2014-09-29,1190.0,1190.0,1190.0,1190.0,10.0
2014-09-30,1190.0,1223.0,1190.0,1223.0,1479.0
2014-10-01,1200.0,1200.0,1200.0,1200.0,190.0
2014-10-02,1182.0,1182.0,1182.0,1182.0,8.0
2014-10-03,1199.0,1200.0,1195.0,1195.0,128.0
2014-10-07,1166.0,1170.0,1141.0,1141.0,226.0
2014-10-08,1192.0,1192.0,1125.0,1170.0,803.0
2014-10-10,1124.0,1124.0,1100.0,1100.0,920.0
2014-10-13,1140.0,1140.0,1060.0,1094.0,86.0
2014-10-14,1067.0,1080.0,1061.0,1080.0,3218.0
2014-10-15,1056.0,1060.0,1055.0,1055.0,312.0
2014-10-16,1080.0,1080.0,1080.0,1080.0,1500.0
2014-10-17,1079.0,1090.0,1079.0,1090.0,1608.0
2014-10-20,1059.0,1097.0,1058.0,1061.0,65.0
2014-10-21,1061.0,1090.0,1050.0,1090.0,444.0
2014-10-24,1089.0,1128.0,1060.0,1060.0,303.0
2014-10-27,1065.0,1065.0,1065.0,1065.0,32.0
2014-10-28,1061.0,1062.0,1061.0,1061.0,62.0
2014-10-29,1063.0,1098.0,1063.0,1090.0,64.0
2014-10-30,1090.0,1100.0,1090.0,1100.0,699.0
2014-10-31,1082.0,1114.0,1082.0,1114.0,448.0
2014-11-03,1100.0,1100.0,1100.0,1100.0,3.0
2014-11-04,1100.0,1100.0,1100.0,1100.0,20.0
2014-11-05,1100.0,1100.0,1090.0,1090.0,19.0
2014-11-07,1090.0,1090.0,1090.0,1090.0,111.0
2014-11-10,1090.0,1098.0,1070.0,1098.0,6.0
2014-11-11,1051.0,1093.0,1046.0,1093.0,546.0
2014-11-12,1045.0,1088.0,1045.0,1088.0,16.0
2014-11-14,1060.0,1060.0,1050.0,1050.0,51.0
2014-11-17,1078.0,1078.0,1078.0,1078.0,1.0
2014-11-19,1035.0,1035.0,1035.0,1035.0,1.0
2014-11-21,1073.0,1073.0,1073.0,1073.0,4.0
2014-11-25,1011.0,1061.0,1011.0,1061.0,26.0
2014-11-26,1060.0,1060.0,1060.0,1060.0,2.0
2014-11-27,1013.0,1045.0,1013.0,1045.0,62.0
2014-11-28,1057.0,1057.0,1057.0,1057.0,30.0
2014-12-03,1015.0,1015.0,1010.0,1010.0,63.0
2014-12-05,1011.0,1039.0,1000.0,1035.0,602.0
2014-12-09,1034.0,1034.0,1034.0,1034.0,20.0
2014-12-12,1013.0,1013.0,1013.0,1013.0,100.0
2014-12-15,1010.0,1010.0,1010.0,1010.0,5.0
2014-12-16,1009.0,1010.0,1009.0,1010.0,119.0
2014-12-17,980.0,1009.0,980.0,990.0,4.0
2014-12-18,976.0,976.0,973.0,973.0,195.0
2014-12-19,1006.0,1006.0,914.70001,914.70001,890.0
2014-12-22,965.0,965.0,920.0,920.0,12.0
2014-12-23,920.0,920.0,920.0,920.0,1005.0
2014-12-25,920.0,920.0,920.0,920.0,980.0
2014-12-26,935.0,935.0,920.0,920.0,861.0
2014-12-29,948.0,948.0,916.0,916.0,41.0
2014-12-30,939.90002,939.90002,920.0,920.0,1444.0
2014-12-31,930.0,930.0,930.0,930.0,7.0
2015-01-02,950.0,950.0,950.0,950.0,1.0
2015-01-06,995.0,995.0,995.0,995.0,1.0
2015-01-08,936.0,936.0,935.29999,935.29999,447.0
2015-01-09,949.0,949.0,949.0,949.0,251.0
2015-01-12,977.0,977.0,950.0,950.0,47.0
2015-01-13,940.0,995.0,940.0,995.0,17.0
2015-01-14,942.0,1030.0,936.0,1030.0,138.0
2015-01-15,1030.0,1085.0,1010.0,1010.0,707.0
2015-01-16,1069.0,1069.0,1064.0,1064.0,457.0
2015-01-19,1070.0,1100.0,1060.0,1060.0,1542.0
2015-01-20,1060.0,1061.0,1060.0,1061.0,4008.0
2015-01-21,1061.0,1098.0,1061.0,1098.0,57.0
2015-01-22,1097.0,1099.0,1050.0,1097.0,1015.0
2015-01-23,1100.0,1100.0,1100.0,1100.0,1350.0
2015-01-26,1052.0,1052.0,1052.0,1052.0,15.0
2015-01-27,1055.0,1060.0,1055.0,1057.0,8692.0
2015-01-28,1051.0,1051.0,1051.0,1051.0,43.0
2015-01-29,1059.0,1059.0,1050.0,1050.0,1135.0
2015-01-30,1060.0,1060.0,1060.0,1060.0,160.0
2015-02-04,1050.0,1050.0,1050.0,1050.0,1500.0
2015-02-05,1057.0,1057.0,1050.0,1050.0,820.0
2015-02-06,1040.0,1068.0,1040.0,1068.0,448.0
2015-02-10,1065.0,1075.0,1065.0,1075.0,1728.0
2015-02-11,1070.0,1070.0,1070.0,1070.0,1499.0
2015-02-12,1031.0,1031.0,1031.0,1031.0,50.0
2015-02-13,1065.0,1065.0,1065.0,1065.0,584.0
2015-02-16,1065.0,1065.0,1050.0,1065.0,99.0
2015-02-18,1020.0,1020.0,1020.0,1020.0,11.0
2015-02-19,1063.0,1065.0,1060.0,1065.0,3334.0
2015-02-20,1068.0,1069.0,1068.0,1069.0,54.0
2015-02-26,1050.0,1050.0,1050.0,1050.0,101.0
2015-02-27,1069.0,1069.0,1069.0,1069.0,384.0
2015-03-03,1070.0,1070.0,1070.0,1070.0,70.0
2015-03-06,1060.0,1060.0,1011.0,1011.0,197.0
2015-03-09,990.0,1036.0,990.0,1036.0,17.0
2015-03-10,1025.0,1025.0,1025.0,1025.0,518.0
2015-03-11,1025.0,1059.0,1025.0,1059.0,2.0
2015-03-12,1030.0,1030.0,1030.0,1030.0,3500.0
2015-03-13,1059.0,1068.0,995.0,995.0,128.0
2015-03-16,1047.0,1047.0,991.0,991.0,24.0
2015-03-17,991.0,1018.0,972.0,1018.0,284.0
2015-03-19,977.0,1003.0,972.0,1003.0,109.0
2015-03-24,942.90002,1000.0,942.90002,1000.0,331.0
2015-03-25,960.0,998.0,960.0,990.0,102.0
2015-03-26,960.0,960.0,960.0,960.0,196.0
2015-03-27,956.0,956.0,940.0,940.0,453.0
2015-03-30,960.0,960.0,940.0,940.0,17.0
2015-04-01,906.09998,906.09998,900.0,900.0,531.0
2015-04-02,875.0,875.0,875.0,875.0,1.0
2015-04-03,898.0,900.0,823.0,900.0,903.0
2015-04-06,900.0,900.0,900.0,900.0,5.0
2015-04-08,899.0,899.0,870.0,870.0,233.0
2015-04-09,869.0,870.0,869.0,870.0,33.0
2015-04-10,867.0,867.0,825.0,825.0,688.0
2015-04-13,825.0,825.0,825.0,825.0,10.0
2015-04-21,859.0,859.0,825.0,825.0,11.0
2015-04-22,812.0,857.0,811.0,857.0,63.0
2015-04-24,855.0,855.0,855.0,855.0,10.0
2015-04-27,887.0,887.0,850.0,850.0,12.0
2015-04-29,849.0,849.0,849.0,849.0,129.0
2015-04-30,849.0,849.0,849.0,849.0,2.0
2015-05-04,849.0,849.0,800.0,800.0,1166.0
2015-05-05,799.90002,799.90002,752.0,752.0,1259.0
2015-05-06,785.0,785.0,785.0,785.0,26.0
2015-05-07,787.0,787.0,787.0,787.0,1.0
2015-05-08,791.5,820.0,791.5,820.0,11.0
2015-05-12,819.0,819.0,819.0,819.0,135.0
2015-05-13,786.0,867.0,785.0,867.0,9.0
2015-05-14,849.0,850.0,840.0,840.0,20.0
2015-05-18,800.09998,859.0,800.0,849.0,5.0
2015-05-19,805.09998,838.0,805.0,838.0,49.0
2015-05-21,806.0,839.59998,788.0,838.0,80.0
2015-05-22,755.0,795.0,755.0,790.0,798.0
2015-05-25,790.0,800.0,790.0,800.0,4.0
2015-05-26,767.0,767.0,767.0,767.0,2.0
2015-05-27,768.0,768.0,760.0,766.0,156.0
2015-05-28,767.0,780.0,767.0,780.0,67.0
2015-05-29,817.0,817.0,750.0,750.0,602.0
2015-06-02,760.0,760.0,760.0,760.0,12.0
2015-06-03,779.0,779.0,779.0,779.0,1.0
2015-06-04,774.0,799.90002,741.5,799.90002,729.0
2015-06-05,799.90002,799.90002,752.0,753.0,1079.0
2015-06-08,755.0,755.0,753.29999,754.0,90.0
2015-06-09,731.09998,753.0,731.09998,750.0,253.0
2015-06-10,730.0,730.0,725.0,725.09998,78.0
2015-06-11,750.0,750.0,727.09998,750.0,26.0
2015-06-12,769.0,769.0,769.0,769.0,4.0
2015-06-17,740.0,740.0,740.0,740.0,17.0
2015-06-19,740.40002,780.0,740.0,780.0,176.0
2015-06-24,780.0,780.0,780.0,780.0,50.0
2015-06-26,790.0,790.0,790.0,790.0,385.0
2015-06-30,790.0,799.70001,780.0,799.70001,35.0
2015-07-01,799.79999,799.79999,770.0,770.0,4.0
2015-07-02,770.29999,770.29999,770.0,770.0,6.0
2015-07-03,770.20001,785.0,750.0,785.0,712.0
2015-07-07,742.59998,780.0,742.0,780.0,151.0
2015-07-08,780.0,780.0,780.0,780.0,2658.0
2015-07-09,754.0,780.0,754.0,780.0,702.0
2015-07-10,780.0,790.0,757.0,790.0,2359.0
2015-07-14,790.0,790.0,790.0,790.0,1.0
2015-07-16,760.5,789.0,753.09998,789.0,31.0
2015-07-20,790.0,819.0,790.0,819.0,512.0
2015-07-21,814.0,814.0,814.0,814.0,12.0
2015-07-22,790.0,797.79999,768.0,768.0,553.0
2015-07-24,790.0,790.0,790.0,790.0,100.0
2015-07-31,768.5,800.0,768.5,800.0,126.0
2015-08-05,800.0,800.0,800.0,800.0,10.0
2015-08-06,800.5,820.0,800.0,820.0,60.0
2015-08-07,840.0,840.0,840.0,840.0,40.0
2015-08-10,799.0,799.0,789.59998,789.59998,52.0
2015-08-11,764.0,779.5,742.29999,750.0,1250.0
2015-08-12,740.0,740.0,675.0,675.0,1232.0
2015-08-13,675.0,700.0,635.0,700.0,731.0
2015-08-17,659.09998,659.09998,659.09998,659.09998,21.0
2015-08-18,698.0,698.0,698.0,698.0,50.0
2015-08-19,720.0,720.0,720.0,720.0,100.0
2015-08-24,690.0,720.79999,690.0,720.79999,414.0
2015-08-25,678.0,678.0,678.0,678.0,257.0
2015-08-27,660.09998,660.09998,650.0,651.0,241.0
2015-08-28,613.0,613.0,613.0,613.0,195.0
2015-09-02,649.5,649.5,649.5,649.5,2.0
2015-09-03,660.0,660.0,660.0,660.0,2.0
2015-09-04,659.79999,659.79999,620.40002,620.40002,101.0
2015-09-07,620.0,620.0,613.0,613.0,115.0
2015-09-09,615.0,615.0,607.0,607.0,1260.0
2015-09-11,611.0,612.0,607.0,607.0,492.0
2015-09-14,600.0,607.0,600.0,607.0,55.0
2015-09-16,607.0,620.0,600.09998,620.0,21.0
2015-09-18,600.0,600.0,600.0,600.0,273.0
2015-09-28,600.0,600.0,581.0,581.0,213.0
2015-09-29,580.0,615.70001,546.20001,546.20001,307.0
2015-09-30,547.0,547.0,545.0,545.0,191.0
2015-10-01,560.0,560.0,560.0,560.0,4.0
2015-10-02,575.90002,575.90002,528.0,569.90002,53.0
2015-10-05,566.0,566.0,566.0,566.0,1.0
2015-10-08,559.59998,559.59998,532.09998,532.09998,201.0
2015-10-09,515.0,528.0,510.0,510.0,409.0
2015-10-12,510.0,510.0,510.0,510.0,1.0
2015-10-13,510.0,510.0,510.0,510.0,1.0
2015-10-14,530.0,532.0,510.0,530.0,141.0
2015-10-16,501.10001,501.10001,501.10001,501.10001,100.0
2015-10-19,510.0,531.09998,510.0,531.09998,394.0
2015-10-20,532.0,532.0,530.0,530.0,31.0
2015-10-21,540.0,559.90002,540.0,559.90002,112.0
2015-10-22,560.0,593.29999,545.0,555.0,269.0
2015-10-23,551.0,551.0,551.0,551.0,60.0
2015-10-26,583.90002,583.90002,583.90002,583.90002,1.0
2015-10-27,550.09998,550.09998,550.0,550.0,17.0
2015-10-30,555.0,573.0,555.0,573.0,212.0
2015-11-03,575.0,575.0,575.0,575.0,68.0
2015-11-05,570.0,578.90002,570.0,578.90002,21.0
2015-11-09,579.0,600.0,560.0,561.09998,63.0
2015-11-11,570.0,570.0,570.0,570.0,1500.0
2015-11-12,570.0,570.0,566.0,570.0,222.0
2015-11-13,570.0,589.79999,570.0,589.79999,101.0
2015-11-17,556.09998,588.70001,556.0,588.70001,314.0
2015-11-20,580.0,580.0,575.0,579.90002,1610.0
2015-11-23,563.0,588.0,563.0,587.0,90.0
2015-11-24,565.09998,585.0,560.0,585.0,612.0
2015-11-27,579.0,579.0,579.0,579.0,2.0
2015-12-01,578.0,578.0,578.0,578.0,15.0
2015-12-02,571.0,571.0,571.0,571.0,5.0
2015-12-04,553.0,569.90002,553.0,569.90002,101.0
2015-12-10,544.5,544.5,515.0,515.0,167.0
2015-12-11,515.09998,535.0,515.09998,516.0,277627.0
2015-12-14,533.79999,533.79999,520.0,520.0,17.0
2015-12-15,530.0,544.0,530.0,530.0,5226.0
2015-12-16,556.90002,561.0,520.5,520.5,23.0
2015-12-17,530.0,536.0,515.0,515.0,438.0
2015-12-18,516.0,516.0,516.0,516.0,13.0
2015-12-21,516.0,516.0,516.0,516.0,2.0
2015-12-22,520.0,520.0,501.0,501.0,784.0
2015-12-23,502.0,520.0,500.0,500.0,18458.0
2015-12-28,500.0,500.0,470.0,470.0,633.0
2015-12-29,470.0,470.0,441.79999,441.79999,1192.0
2015-12-30,441.79999,441.79999,421.0,422.0,1386.0
2015-12-31,401.0,420.0,400.0,420.0,6647.0
2016-01-04,444.95001,444.95001,444.95001,444.95001,1.0
2016-01-05,444.95001,464.0,430.20001,430.20001,389.0
2016-01-06,456.0,456.0,456.0,456.0,60.0
2016-01-07,454.0,469.0,454.0,469.0,25.0
2016-01-08,468.95001,468.95001,450.0,459.0,79.0
2016-01-12,460.0,467.89999,460.0,467.89999,4.0
2016-01-13,450.0,464.0,450.0,464.0,4.0
2016-01-14,467.79999,469.79999,452.79999,452.79999,144.0
2016-01-15,435.85001,435.85001,430.0,430.0,1025.0
2016-01-18,430.0,440.0,430.0,440.0,2640.0
2016-01-19,445.0,445.0,445.0,445.0,25.0
2016-01-20,435.0,435.0,435.0,435.0,2155.0
2016-01-22,435.0,435.0,413.0,413.0,1200.0
2016-01-26,415.5,415.5,413.5,413.5,73.0
2016-01-27,413.5,413.5,413.5,413.5,17.0
2016-01-28,402.5,403.0,402.5,403.0,253.0
2016-01-29,404.0,404.0,400.0,400.0,803.0
2016-02-01,381.14999,400.0,380.0,380.0,2480.0
2016-02-02,378.0,395.0,378.0,395.0,278.0
2016-02-03,394.95001,418.0,382.5,400.0,76.0
2016-02-04,382.5,398.0,382.5,398.0,118.0
2016-02-05,385.0,396.95001,374.14999,379.0,508.0
2016-02-08,371.0,397.45001,371.0,397.45001,2.0
2016-02-10,388.0,399.89999,386.0,399.89999,285.0
2016-02-12,380.0,390.0,375.95001,380.0,631.0
2016-02-15,400.0,402.0,390.0,390.0,371.0
2016-02-16,390.0,410.0,390.0,410.0,346.0
2016-02-17,419.60001,433.0,400.0,433.0,245.0
2016-02-18,430.0,444.89999,407.04999,408.04999,1965.0
2016-02-19,408.0,410.0,406.0,406.0,587.0
2016-02-22,370.0,375.0,365.39999,374.79999,2453.0
2016-02-23,374.79999,389.70001,374.70001,389.70001,786.0
2016-02-24,397.75,397.79999,389.0,389.0,855.0
2016-02-25,387.0,389.0,376.0,376.0,989.0
2016-02-26,375.0,376.0,354.10001,354.10001,1390.0
2016-02-29,351.0,369.85001,340.0,340.0,1528.0
2016-03-01,349.89999,349.89999,340.0,340.0,394.0
2016-03-02,345.0,350.0,345.0,350.0,541.0
2016-03-04,350.0,350.0,341.5,341.5,35.0
2016-03-07,342.0,349.89999,330.5,330.5,604.0
2016-03-08,340.0,350.25,340.0,350.25,32.0
2016-03-09,349.95001,349.95001,348.95001,348.95001,94.0
2016-03-10,345.0,345.0,345.0,345.0,19.0
2016-03-11,345.14999,350.0,345.14999,350.0,2680.0
2016-03-15,367.89999,369.89999,351.0,351.10001,3862.0
2016-03-16,364.0,371.0,351.14999,371.0,2935.0
2016-03-17,369.95001,377.0,365.0,377.0,413.0
2016-03-18,375.0,375.0,363.10001,366.0,151.0
2016-03-21,378.89999,387.0,351.20001,383.95001,275791.0
2016-03-22,379.89999,394.0,375.0,390.0,2027.0
2016-03-23,386.0,396.0,377.0,395.0,2677.0
2016-03-24,395.0,418.0,387.0,418.0,606.0
2016-03-25,442.0,442.0,410.0,430.0,3586.0
2016-03-28,437.95001,437.95001,423.04999,423.04999,75.0
2016-03-29,412.0,424.0,406.20001,424.0,499.0
2016-03-30,400.0,420.0,400.0,420.0,339.0
2016-03-31,395.0,415.0,395.0,415.0,1075.0
2016-04-01,420.0,420.0,395.0,395.0,1006.0
2016-04-06,397.0,413.5,397.0,413.5,161.0
2016-04-07,397.10001,420.0,397.10001,420.0,2745.0
2016-04-08,425.0,445.0,410.0,415.0,4948.0
2016-04-11,435.0,437.89999,435.0,437.0,908.0
2016-04-12,418.70001,423.0,418.0,423.0,8551.0
2016-04-13,425.0,428.0,418.0,418.0,1331.0
2016-04-14,411.0,414.0,395.0,414.0,1150.0
2016-04-15,398.5,404.0,397.0,400.0,1758.0
2016-04-18,413.0,413.0,410.0,413.0,677.0
2016-04-19,405.0,415.0,400.0,415.0,1057.0
2016-04-20,410.0,428.0,410.0,412.10001,7201.0
2016-04-21,420.0,420.0,400.04999,400.04999,2370.0
2016-04-22,401.0,402.10001,400.0,402.10001,430.0
2016-04-25,415.95001,415.95001,415.95001,415.95001,1.0
2016-04-26,417.0,417.0,417.0,417.0,250.0
2016-04-27,400.5,416.95001,400.5,415.0,55.0
2016-04-28,414.0,414.0,414.0,414.0,106.0
2016-04-29,410.0,414.89999,410.0,414.89999,68.0
2016-05-02,402.14999,414.79999,402.14999,410.89999,4.0
2016-05-03,419.0,435.5,419.0,433.0,2516.0
2016-05-04,426.20001,476.29999,426.20001,476.29999,3048.0
2016-05-05,504.79999,512.0,483.0,484.0,1434.0
2016-05-06,483.0,490.0,470.0,470.0,5763.0
2016-05-09,469.0,475.0,469.0,470.0,9402.0
2016-05-10,470.0,494.5,470.0,475.04999,10773.0
2016-05-11,492.0,492.0,492.0,492.0,11.0
2016-05-12,491.89999,492.0,472.0,472.0,542.0
2016-05-13,471.29999,479.5,449.0,472.0,947.0
2016-05-16,460.0,472.0,455.0,455.0,737.0
2016-05-17,461.0,461.0,455.0,455.0,2556.0
2016-05-19,450.0,460.0,450.0,460.0,6679.0
2016-05-20,455.0,460.0,433.0,452.0,2168.0
2016-05-23,433.0,450.0,433.0,450.0,56.0
2016-05-24,437.10001,437.10001,437.10001,437.10001,132.0
2016-05-25,449.0,449.0,437.10001,437.10001,3.0
2016-05-26,437.10001,437.10001,437.10001,437.10001,4.0
2016-05-27,437.10001,437.10001,437.10001,437.10001,112.0
2016-05-30,448.0,448.0,440.0,440.0,490.0
2016-05-31,440.0,456.0,440.0,456.0,1457.0
2016-06-01,450.0,462.45001,450.0,462.45001,31.0
2016-06-02,450.0,450.0,442.70001,442.70001,102.0
2016-06-03,440.29999,440.29999,440.29999,440.29999,130.0
2016-06-07,442.0,442.0,438.10001,440.0,1445.0
2016-06-08,450.0,450.0,442.0,442.0,15.0
2016-06-09,438.0,438.0,438.0,438.0,415.0
2016-06-10,437.35001,437.39999,437.35001,437.39999,117.0
2016-06-13,437.5,437.5,437.5,437.5,81.0
2016-06-14,437.5,437.5,437.10001,437.10001,403.0
2016-06-15,437.10001,437.10001,437.0,437.0,170.0
2016-06-16,437.0,444.0,437.0,444.0,137.0
2016-06-17,444.0,447.89999,425.60001,426.10001,238.0
2016-06-21,430.0,430.0,422.0,422.0,529.0
2016-06-23,422.5,438.0,418.25,418.25,349.0
2016-06-24,418.25,418.39999,418.25,418.39999,12130.0
2016-06-27,436.95001,436.95001,436.95001,436.95001,15.0
2016-06-29,420.0,420.0,416.0,420.0,419.0
2016-06-30,416.5,433.95001,416.20001,433.95001,272.0
2016-07-01,416.60001,416.60001,416.60001,416.60001,5.0
2016-07-04,429.0,429.0,425.0,425.0,40.0
2016-07-05,416.60001,416.60001,416.60001,416.60001,1.0
2016-07-11,417.0,417.0,416.20001,416.20001,410.0
2016-07-12,429.89999,429.89999,416.39999,416.39999,106.0
2016-07-14,417.20001,426.0,417.20001,418.39999,55.0
2016-07-15,418.39999,433.70001,418.39999,418.39999,36.0
2016-07-18,429.0,429.0,416.39999,417.0,69.0
2016-07-20,417.0,417.0,417.0,417.0,60.0
2016-07-21,417.0,417.54999,411.39999,411.39999,633.0
2016-07-22,412.0,417.0,406.0,417.0,370.0
2016-07-25,417.0,417.0,417.0,417.0,1.0
2016-07-26,407.0,430.0,407.0,430.0,2515.0
2016-07-27,414.0,420.0,414.0,420.0,377.0
2016-07-28,413.0,415.10001,413.0,415.0,172.0
2016-07-29,415.0,415.0,415.0,415.0,27.0
2016-08-02,420.0,420.0,410.0,420.0,261.0
2016-08-03,411.04999,411.04999,400.0,400.0,1573.0
2016-08-04,360.10001,360.25,360.04999,360.04999,1894.0
2016-08-05,331.0,332.0,324.04999,324.39999,3419.0
2016-08-08,330.0,349.95001,330.0,336.0,1748.0
2016-08-09,349.70001,349.70001,333.10001,340.0,1583.0
2016-08-10,343.0,350.0,340.0,350.0,1896.0
2016-08-11,342.0,369.0,342.0,369.0,599.0
2016-08-12,369.0,379.0,358.0,358.0,1303.0
2016-08-15,358.0,358.0,357.95001,358.0,207.0
2016-08-16,356.0,356.0,343.10001,343.10001,55.0
2016-08-17,355.0,355.0,355.0,355.0,20.0
2016-08-19,358.75,358.79999,358.75,358.79999,44.0
2016-08-22,359.0,359.89999,359.0,359.89999,77.0
2016-08-23,360.0,360.0,360.0,360.0,63.0
2016-08-25,351.0,351.0,350.0,350.10001,257.0
2016-08-26,350.14999,350.14999,348.0,348.0,256.0
2016-09-02,350.10001,350.10001,350.10001,350.10001,15.0
2016-09-05,350.04999,350.04999,348.04999,348.04999,185.0
2016-09-06,348.04999,348.04999,348.04999,348.04999,10.0
2016-09-07,348.5,350.04999,348.0,350.04999,103.0
2016-09-08,348.04999,348.04999,348.04999,348.04999,15.0
2016-09-09,350.0,350.0,350.0,350.0,80.0
2016-09-14,348.10001,348.10001,338.0,338.0,750.0
2016-09-15,339.0,339.0,339.0,339.0,2.0
2016-09-16,349.95001,349.95001,349.95001,349.95001,5.0
2016-09-19,336.54999,336.54999,336.54999,336.54999,520.0
2016-09-20,341.5,341.5,336.54999,337.0,99.0
2016-09-21,335.0,340.0,335.0,340.0,2500.0
2016-09-26,340.0,341.0,340.0,341.0,75.0
2016-09-27,340.0,341.0,333.25,333.25,934.0
2016-09-29,331.10001,331.10001,320.0,320.0,3120.0
2016-09-30,333.25,333.25,319.10001,320.0,2301.0
2016-10-04,320.0,320.10001,313.60001,313.60001,1230.0
2016-10-05,309.0,309.0,299.5,300.0,2029.0
2016-10-06,299.5,305.0,296.10001,296.25,332.0
2016-10-07,301.0,301.0,290.0,290.0,764.0
2016-10-10,295.0,298.0,290.0,295.0,136.0
2016-10-11,292.0,299.5,290.0,299.5,523.0
2016-10-12,299.0,310.0,299.0,300.0,181.0
2016-10-13,300.0,319.89999,299.0,319.89999,607.0
2016-10-14,302.0,302.0,299.0,300.0,566.0
2016-10-17,300.0,300.0,290.20001,299.95001,100.0
2016-10-18,292.5,298.89999,292.04999,298.89999,110.0
2016-10-19,296.0,297.89999,290.0,291.14999,1363.0
2016-10-20,290.10001,299.70001,290.0,299.70001,280.0
2016-10-21,291.04999,297.0,290.0,297.0,2291.0
2016-10-24,291.0,299.29999,287.29999,287.29999,2882.0
2016-10-25,290.0,290.0,285.0,289.95001,306.0
2016-10-26,289.89999,291.0,289.85001,290.0,4319.0
2016-10-27,291.0,298.0,290.0,292.0,2390.0
2016-10-28,292.0,292.0,290.0,291.0,2090.0
2016-10-31,290.0,290.04999,289.0,290.0,3784.0
2016-11-01,290.0,291.0,290.0,291.0,550.0
2016-11-02,290.0,291.0,290.0,291.0,1665.0
2016-11-03,290.0,290.0,289.0,290.0,1446.0
2016-11-04,290.0,290.0,288.10001,288.10001,243.0
2016-11-07,289.95001,289.95001,289.0,289.0,12.0
2016-11-08,294.95001,294.95001,294.95001,294.95001,37.0
2016-11-09,294.95001,294.95001,294.89999,294.89999,6542.0
2016-11-10,294.95001,324.35001,294.95001,324.35001,17838.0
2016-11-11,333.29999,349.85001,329.0,339.35001,8348.0
2016-11-14,347.85001,347.85001,320.10001,328.0,3814.0
2016-11-15,328.0,328.0,311.20001,320.0,1570.0
2016-11-16,324.79999,324.79999,300.0,319.39999,4848.0
2016-11-17,300.0,314.0,300.0,314.0,2749.0
2016-11-21,310.0,310.0,300.0,300.20001,3595.0
2016-11-22,300.14999,300.5,299.04999,300.0,3213.0
2016-11-23,300.0,300.0,296.04999,296.04999,510.0
2016-11-24,297.0,297.0,290.0,297.0,2459.0
2016-11-25,297.95001,308.0,296.0,308.0,7754.0
2016-11-28,312.0,320.0,307.10001,319.5,7345.0
2016-11-29,321.95001,324.95001,320.0,324.95001,1743.0
2016-11-30,326.95001,327.95001,322.0,325.0,13903.0
2016-12-01,327.0,357.45001,326.89999,357.45001,12232.0
2016-12-02,373.0,373.0,360.0,363.0,5821.0
2016-12-05,363.0,363.0,361.0,361.0,2342.0
2016-12-06,361.10001,368.95001,361.10001,367.0,4157.0
2016-12-07,369.0,400.0,369.0,382.0,14023.0
2016-12-08,385.10001,410.0,385.0,409.0,12991.0
2016-12-09,411.0,434.0,407.0,423.10001,5679.0
2016-12-14,426.0,440.0,419.0,419.0,4474.0
2016-12-15,425.0,425.0,390.0,405.0,5544.0
2016-12-16,410.0,414.0,401.35001,401.35001,9410.0
2016-12-19,400.10001,418.0,400.0,405.0,7302.0
2016-12-20,408.95001,408.95001,389.5,389.5,13956.0
2016-12-21,389.0,390.0,361.0,390.0,3704.0
2016-12-22,390.0,394.95001,389.0,389.0,12301.0
2016-12-23,400.0,400.0,393.0,398.0,4569.0
2016-12-26,392.20001,399.95001,392.20001,396.5,5325.0
2016-12-27,392.29999,396.85001,389.0,389.0,29276.0
2016-12-28,389.0,390.10001,386.0,386.5,7815.0
2016-12-29,386.0,395.0,381.0,395.0,1977.0
2016-12-30,390.0,391.0,385.0,386.04999,9070.0
2017-01-02,391.95001,393.0,391.95001,393.0,700.0
2017-01-03,390.0,391.0,387.10001,387.20001,1511.0
2017-01-04,390.0,400.0,383.0,383.10001,8101.0
2017-01-05,388.04999,400.10001,387.04999,398.5,16423.0
2017-01-06,399.0,409.0,394.0,399.0,16256.0
2017-01-09,398.89999,429.95001,396.20001,418.0,37186.0
2017-01-10,418.5,428.0,416.0,416.0,2484.0
2017-01-12,411.0,423.95001,405.0,419.89999,16611.0
2017-01-13,417.0,424.0,400.0,408.89999,9155.0
2017-01-16,413.95001,413.95001,397.0,397.0,8899.0
2017-01-17,409.0,409.0,397.0,399.0,3050.0
2017-01-18,400.0,400.0,394.0,400.0,641.0
2017-01-19,400.0,400.0,390.0,399.79999,1169.0
2017-01-20,390.0,399.75,389.0,399.75,2265.0
2017-01-23,400.0,400.0,398.0,398.0,580.0
2017-01-24,386.20001,397.0,386.20001,397.0,563.0
2017-01-25,387.04999,394.89999,387.0,394.89999,6810.0
2017-01-26,397.0,397.89999,387.10001,393.0,4405.0
2017-01-27,388.0,394.79999,387.5,394.79999,4256.0
2017-01-30,390.0,395.0,390.0,395.0,441.0
2017-01-31,390.0,394.0,390.0,394.0,2539.0
2017-02-01,389.0,393.95001,388.0,388.0,662.0
2017-02-02,387.54999,390.0,387.0,390.0,283.0
2017-02-03,390.0,393.0,390.0,393.0,145.0
2017-02-06,392.95001,393.0,392.95001,393.0,15.0
2017-02-07,392.95001,392.95001,392.95001,392.95001,128.0
2017-02-08,392.75,392.89999,387.0,388.0,358.0
2017-02-09,387.04999,387.89999,386.25,387.89999,95.0
2017-02-10,382.20001,384.0,375.0,379.85001,2414.0
2017-02-13,378.85001,378.85001,355.0,361.0,9325.0
2017-02-14,360.04999,364.89999,345.04999,346.04999,7549.0
2017-02-15,355.0,355.0,325.0,331.0,2721.0
2017-02-16,337.0,354.0,337.0,340.25,1133.0
2017-02-17,345.0,354.0,345.0,350.0,2242.0
2017-02-20,355.20001,368.89999,355.20001,366.0,452.0
2017-02-21,374.79999,374.79999,350.45001,355.0,3999.0
2017-02-22,365.60001,365.60001,345.0,347.10001,892.0
2017-02-23,353.0,359.95001,348.0,348.25,1633.0
2017-02-24,340.04999,349.95001,335.0,335.0,497.0
2017-02-27,345.0,355.29999,345.0,355.20001,125.0
2017-02-28,355.20001,355.45001,345.10001,350.0,26326.0
2017-03-01,351.0,351.0,350.0,350.0,10000.0
2017-03-02,351.0,355.0,351.0,355.0,177.0
2017-03-03,355.0,356.85001,355.0,356.85001,28.0
2017-03-07,347.0,364.0,346.04999,364.0,2441.0
2017-03-08,365.0,400.35001,360.0,400.35001,16053.0
2017-03-09,428.0,435.0,395.0,400.0,26178.0
2017-03-10,405.0,413.5,405.0,410.95001,5915.0
2017-03-13,412.0,419.0,406.0,415.0,8650.0
2017-03-14,416.0,446.0,416.0,425.0,38655.0
2017-03-15,428.0,439.85001,426.0,426.10001,5912.0
2017-03-16,430.0,430.0,416.10001,424.5,3471.0
2017-03-17,424.0,424.0,413.0,423.45001,2314.0
2017-03-20,416.0,420.0,416.0,416.0,1081.0
2017-03-21,416.0,416.95001,416.0,416.0,156.0
2017-03-22,414.5,414.5,392.0,400.0,8470.0
2017-03-23,390.0,390.0,378.0,380.0,4867.0
2017-03-24,376.0,384.95001,357.04999,369.0,1103.0
2017-03-27,383.0,397.95001,380.0,397.95001,993.0
2017-03-28,387.0,420.0,387.0,402.60001,2607.0
2017-03-29,402.60001,403.0,401.0,403.0,17298.0
2017-03-30,403.10001,409.95001,390.0,390.0,1178.0
2017-03-31,390.10001,408.0,375.0,408.0,3290.0
2017-04-03,380.0,390.0,380.0,389.0,511.0
2017-04-04,380.0,380.0,380.0,380.0,165.0
2017-04-05,380.5,380.5,380.0,380.0,1352.0
2017-04-07,403.70001,403.70001,380.0,380.0,596.0
2017-04-10,375.0,390.0,375.0,390.0,365.0
2017-04-12,380.0,380.0,380.0,380.0,27.0
2017-04-14,385.0,385.0,385.0,385.0,35.0
2017-04-17,396.0,396.0,396.0,396.0,5.0
2017-04-18,390.0,392.0,390.0,392.0,300.0
2017-04-19,391.95001,392.0,381.0,381.0,3621.0
2017-04-20,394.79999,394.79999,385.0,394.20001,107.0
2017-04-21,394.0,400.0,391.0,391.0,17752.0
2017-04-24,391.0,391.0,390.0,390.0,120.0
2017-04-25,395.0,395.0,395.0,395.0,1344.0
2017-04-26,395.0,395.0,395.0,395.0,200.0
2017-04-27,390.0,390.0,390.0,390.0,105.0
2017-04-28,390.0,395.0,387.04999,390.0,2080.0
2017-05-02,395.0,405.0,395.0,400.0,1066.0
2017-05-03,400.0,405.0,396.0,396.0,1577.0
2017-05-04,407.0,409.0,395.10001,395.10001,670.0
2017-05-05,403.95001,415.0,403.95001,404.0,1572.0
2017-05-08,413.95001,424.0,402.89999,402.89999,3685.0
2017-05-09,400.04999,400.04999,400.0,400.0,960.0
2017-05-10,409.0,409.0,393.5,393.79999,315.0
2017-05-11,393.79999,400.0,393.70001,395.10001,256.0
2017-05-12,400.0,409.0,400.0,400.95001,1132.0
2017-05-15,400.89999,400.89999,395.0,395.0,5.0
2017-05-16,394.60001,394.60001,391.39999,391.39999,250.0
2017-05-17,398.39999,398.39999,390.0,390.0,2310.0
2017-05-18,390.0,390.0,381.0,386.0,1860.0
2017-05-19,386.0,386.0,384.04999,384.04999,120.0
2017-05-22,386.0,386.0,386.0,386.0,60.0
2017-05-23,386.0,393.45001,385.0,393.45001,477.0
2017-05-24,385.04999,386.0,385.04999,386.0,340.0
2017-05-25,394.95001,394.95001,385.04999,393.0,907.0
2017-05-26,385.04999,390.0,382.0,382.0,1135.0
2017-05-29,381.0,382.0,381.0,382.0,24150.0
2017-05-30,380.0,380.0,372.0,372.0,465.0
2017-05-31,383.0,383.0,372.29999,376.0,2906.0
2017-06-01,372.25,382.0,372.0,382.0,6001.0
2017-06-02,383.0,385.0,383.0,385.0,502.0
2017-06-06,387.0,387.0,387.0,387.0,10.0
2017-06-07,379.0,379.0,379.0,379.0,172.0
2017-06-08,381.0,387.95001,380.0,387.95001,511.0
2017-06-09,386.95001,395.0,385.0,385.0,1640.0
2017-06-12,385.0,385.5,377.14999,377.14999,2992.0
2017-06-14,381.0,381.0,380.10001,380.10001,127.0
2017-06-15,380.0,380.0,377.79999,378.10001,601.0
2017-06-16,378.10001,380.0,378.10001,380.0,1181.0
2017-06-19,388.0,388.0,378.20001,378.20001,252.0
2017-06-20,378.25,380.0,378.20001,380.0,1024.0
2017-06-21,382.0,382.0,379.0,379.0,386.0
2017-06-22,379.0,380.0,375.10001,380.0,1601.0
2017-06-28,380.0,388.0,378.54999,388.0,476.0
2017-06-30,381.60001,383.0,381.60001,383.0,777.0
2017-07-03,383.0,383.0,383.0,383.0,20.0
2017-07-04,388.89999,388.89999,381.0,387.75,2281.0
2017-07-05,383.0,390.0,383.0,387.0,366.0
2017-07-06,390.0,408.85001,389.70001,406.0,2472.0
2017-07-07,407.45001,407.45001,394.0,400.0,769.0
2017-07-10,403.95001,413.0,396.70001,409.95001,3501.0
2017-07-11,400.5,408.89999,397.0,400.0,1006.0
2017-07-12,402.0,420.0,402.0,410.45001,4980.0
2017-07-13,415.0,425.0,410.45001,418.0,19969.0
2017-07-14,428.95001,447.89999,417.20001,432.25,21421.0
2017-07-17,431.5,447.0,425.5,446.20001,3701.0
2017-07-18,445.0,462.0,438.14999,445.0,8912.0
2017-07-19,434.10001,449.0,433.0,441.0,978.0
2017-07-20,445.0,460.0,441.60001,460.0,8810.0
2017-07-21,463.89999,505.89999,463.89999,505.89999,14494.0
2017-07-24,540.0,556.40002,538.0,556.40002,5940.0
2017-07-25,570.0,604.0,565.0,565.0,19834.0
2017-07-26,565.0,621.40002,565.0,615.09998,22026.0
2017-07-27,634.0,643.0,616.0,621.20001,11374.0
2017-07-28,622.5,634.0,585.09998,591.0,7741.0
2017-07-31,592.0,620.0,592.0,605.0,1214.0
2017-08-01,600.0,600.0,551.0,574.0,9163.0
2017-08-02,580.0,605.0,580.0,597.79999,2532.0
2017-08-03,576.0,594.5,572.09998,575.0,3886.0
2017-08-04,586.0,604.59998,586.0,592.20001,4024.0
2017-08-07,603.90002,630.0,598.09998,630.0,6949.0
2017-08-08,649.0,679.90002,649.0,660.0,14796.0
2017-08-09,664.0,675.0,640.29999,670.0,8358.0
2017-08-10,736.90002,736.90002,736.90002,736.90002,2414.0
2017-08-11,810.5,810.5,800.0,810.5,13006.0
2017-08-15,839.0,845.0,785.0,805.09998,16082.0
2017-08-16,825.0,829.0,800.29999,811.70001,3431.0
2017-08-17,820.0,827.90002,800.09998,800.29999,9189.0
2017-08-18,793.59998,820.0,790.0,799.70001,1498.0
2017-08-22,795.0,817.0,747.09998,780.0,8847.0
2017-08-23,777.0,798.0,775.0,787.0,2229.0
2017-08-24,800.0,827.0,790.0,813.0,4139.0
2017-08-25,812.0,840.0,812.0,830.0,4603.0
2017-08-28,832.0,859.0,830.0,858.70001,2907.0
2017-08-29,859.90002,865.0,841.20001,860.0,2591.0
2017-08-30,860.0,865.0,836.0,837.0,6512.0
2017-08-31,831.0,848.0,813.0,848.0,9300.0
2017-09-04,838.09998,850.0,821.0,840.0,6951.0
2017-09-05,840.0,845.0,825.0,825.0,3354.0
2017-09-06,832.90002,832.90002,820.0,822.0,5253.0
2017-09-07,824.0,849.5,822.0,830.0,9290.0
2017-09-08,830.09998,840.0,828.0,830.20001,1982.0
2017-09-11,837.0,848.79999,830.0,841.0,1784.0
2017-09-12,846.0,846.0,827.0,840.0,6893.0
2017-09-13,839.0,840.0,833.5,833.5,947.0
2017-09-14,835.0,838.0,830.0,831.0,1915.0
2017-09-15,838.0,838.0,832.0,833.0,674.0
2017-09-18,838.0,838.0,830.0,834.0,2551.0
2017-09-19,831.0,831.0,815.0,824.0,3675.0
2017-09-20,815.09998,820.0,785.0,785.0,3141.0
2017-09-21,791.0,805.0,783.29999,789.90002,3714.0
2017-09-25,750.0,765.0,731.0,748.0,13559.0
2017-09-26,749.0,768.0,701.0,701.0,11392.0
2017-09-27,701.0,710.0,642.20001,660.0,13851.0
2017-09-28,645.0,725.0,645.0,692.0,11783.0
2017-09-29,690.20001,718.0,682.0,710.0,9435.0
2017-10-02,690.0,774.90002,685.29999,767.0,2845.0
2017-10-03,771.0,799.0,750.0,790.0,5826.0
2017-10-04,802.90002,838.0,800.0,832.09998,6540.0
2017-10-05,831.0,838.0,800.0,814.90002,1951.0
2017-10-06,801.0,813.59998,780.0,785.0,5681.0
2017-10-09,790.0,803.79999,773.0,789.0,1636.0
2017-10-10,790.0,790.0,790.0,790.0,220.0
2017-10-11,780.09998,785.0,780.0,780.0,236.0
2017-10-12,788.0,788.0,772.09998,784.90002,145.0
2017-10-13,786.0,789.0,770.0,784.0,2687.0
2017-10-16,761.09998,770.0,761.09998,770.0,501.0
2017-10-17,763.0,770.0,755.0,765.0,194.0
2017-10-18,755.0,787.90002,750.0,787.90002,10504.0
2017-10-19,795.0,795.0,766.0,766.0,244.0
2017-10-20,773.0,784.0,761.09998,761.09998,1825.0
2017-10-23,762.0,768.0,750.0,768.0,515.0
2017-10-24,751.29999,753.0,751.0,753.0,40.0
2017-10-25,756.0,765.0,755.0,765.0,3435.0
2017-10-26,765.0,765.0,750.0,750.0,1701.0
2017-10-27,750.0,756.0,730.0,751.0,4106.0
2017-10-30,728.5,744.0,728.5,743.0,645.0
2017-10-31,735.09998,745.0,735.09998,736.0,2022.0
2017-11-01,744.0,750.0,736.5,750.0,375.0
2017-11-02,738.20001,759.40002,737.0,758.0,630.0
2017-11-03,750.0,779.0,748.0,779.0,4994.0
2017-11-07,765.0,765.0,765.0,765.0,4.0
2017-11-08,776.90002,776.90002,776.90002,776.90002,1.0
2017-11-09,769.0,775.0,765.0,774.0,1492.0
2017-11-10,760.0,769.0,760.0,769.0,2741.0
2017-11-13,768.0,780.0,768.0,779.40002,791.0
2017-11-14,780.0,800.0,779.90002,790.0,5764.0
2017-11-15,781.0,788.59998,780.0,780.0,342.0
2017-11-16,784.0,784.0,770.5,782.0,34.0
2017-11-17,770.5,774.0,770.5,774.0,538.0
2017-11-20,771.0,774.0,770.0,770.0,1067.0
2017-11-22,755.09998,775.0,755.09998,756.40002,482.0
2017-11-23,760.0,772.0,759.0,759.0,38.0
2017-11-24,774.40002,774.79999,756.29999,772.90002,1200.0
2017-11-27,772.79999,772.79999,760.0,760.0,460.0
2017-11-28,769.0,769.0,768.5,768.5,2559.0
2017-11-29,757.0,774.90002,755.0,773.5,715.0
2017-11-30,756.0,770.0,750.20001,769.0,206.0
2017-12-04,756.0,759.0,735.0,749.90002,1468.0
2017-12-05,748.90002,749.0,748.5,748.5,244.0
2017-12-06,735.0,735.0,689.5,689.5,2246.0
2017-12-07,690.0,715.90002,689.5,693.0,2888.0
2017-12-08,700.20001,728.59998,700.0,728.59998,304.0
2017-12-11,724.90002,725.0,724.90002,725.0,30.0
2017-12-12,704.0,724.90002,704.0,720.0,14814.0
2017-12-13,700.59998,720.5,700.0,720.5,572.0
2017-12-14,706.0,712.0,706.0,706.0,38.0
2017-12-15,710.0,710.0,700.0,709.90002,387.0
2017-12-18,682.0,684.0,682.0,684.0,56.0
2017-12-19,686.0,686.0,680.0,680.0,289.0
2017-12-20,680.0,680.0,679.90002,679.90002,54.0
2017-12-21,679.59998,680.0,679.59998,680.0,163.0
2017-12-22,665.0,666.90002,640.0,666.0,3726.0
2017-12-25,666.0,702.5,666.0,690.0,3091.0
2017-12-26,700.0,710.0,692.0,708.0,4755.0
2017-12-27,703.0,706.90002,696.0,706.90002,2015.0
2017-12-28,700.0,733.0,700.0,733.0,8989.0
2017-12-29,743.90002,743.90002,701.0,701.0,17962.0
2018-01-02,710.0,740.0,710.0,740.0,1289.0
2018-01-03,726.09998,798.0,726.09998,796.0,10657.0
2018-01-04,785.0,785.0,746.0,746.0,7346.0
2018-01-05,746.0,755.0,741.20001,755.0,2695.0
2018-01-08,766.79999,770.0,753.0,753.0,392.0
2018-01-09,751.0,751.0,750.0,750.0,4522.0
2018-01-10,779.0,779.0,753.0,760.0,2512.0
2018-01-12,760.09998,784.0,760.09998,781.0,5900.0
2018-01-15,793.0,815.0,791.09998,800.0,6746.0
2018-01-16,791.5,799.5,776.0,788.0,1696.0
2018-01-17,778.0,784.0,766.0,784.0,426.0
2018-01-18,775.0,783.0,770.0,783.0,1650.0
2018-01-19,780.0,796.0,780.0,794.0,12279.0
2018-01-22,800.0,829.0,794.0,824.0,12649.0
2018-01-23,827.90002,834.79999,818.0,819.5,2941.0
2018-01-24,819.5,834.0,819.5,829.0,5189.0
2018-01-25,830.0,830.0,810.0,826.0,1539.0
2018-01-26,810.09998,829.0,810.0,829.0,1215.0
2018-01-29,829.0,829.0,811.0,813.0,420.0
2018-01-30,820.0,850.0,820.0,840.09998,5105.0
2018-01-31,848.90002,859.0,839.90002,839.90002,4234.0
2018-02-01,840.0,840.0,825.0,838.0,1480.0
2018-02-02,840.0,840.0,813.09998,815.0,2019.0
2018-02-05,815.0,815.0,791.0,809.0,945.0
2018-02-06,809.0,815.0,804.0,810.0,15307.0
2018-02-07,813.0,813.0,813.0,813.0,1.0
2018-02-08,800.0,810.0,798.0,810.0,495.0
2018-02-09,800.09998,800.09998,795.0,795.0,187.0
2018-02-12,809.0,809.0,809.0,809.0,10.0
2018-02-13,796.0,800.0,795.0,796.0,2338.0
2018-02-14,800.0,800.0,800.0,800.0,45.0
2018-02-15,793.5,804.0,792.0,804.0,302.0
2018-02-16,805.0,810.0,805.0,810.0,5660.0
2018-02-19,810.0,817.79999,810.0,817.79999,270.0
2018-02-20,810.0,815.0,810.0,815.0,716.0
2018-02-22,815.0,838.5,815.0,830.0,16419.0
2018-02-23,818.5,838.90002,818.09998,833.0,1400.0
2018-02-26,820.09998,835.0,818.0,835.0,703.0
2018-02-27,810.0,830.0,810.0,830.0,19.0
2018-02-28,829.0,829.0,816.0,816.0,47.0
2018-03-01,828.5,828.5,828.5,828.5,1.0
2018-03-05,805.0,825.0,805.0,825.0,3.0
2018-03-06,805.0,805.0,797.0,797.0,2696.0
2018-03-07,792.0,799.90002,785.0,799.90002,4237.0
2018-03-08,787.0,796.0,777.0,796.0,371.0
2018-03-09,794.0,799.0,794.0,798.0,217.0
2018-03-12,785.0,795.0,760.0,795.0,1031.0
2018-03-14,786.90002,786.90002,785.0,785.0,2115.0
2018-03-15,785.0,785.70001,770.29999,785.5,195.0
2018-03-16,707.0,707.0,707.0,707.0,256.0
2018-03-19,656.0,680.0,656.0,671.0,27187.0
2018-03-20,671.0,690.0,670.0,676.0,6704.0
2018-03-21,676.0,676.09998,668.0,670.0,10738.0
2018-03-22,678.5,678.5,668.0,670.0,1402.0
2018-03-23,670.0,680.0,666.0,679.0,1703.0
2018-03-26,697.90002,699.0,680.09998,695.90002,607.0
2018-03-27,690.0,690.0,680.0,688.90002,1489.0
2018-03-28,681.0,681.0,680.0,680.0,120.0
2018-03-29,680.0,685.0,672.20001,675.0,1799.0
2018-03-30,675.0,675.0,658.0,670.0,5660.0
2018-04-02,651.59998,669.90002,651.59998,669.90002,144.0
2018-04-03,654.0,660.0,647.0,660.0,324.0
2018-04-04,658.0,658.0,658.0,658.0,5.0
2018-04-05,657.5,660.0,657.5,660.0,52.0
2018-04-06,669.0,679.79999,669.0,679.0,660.0
2018-04-09,679.5,689.90002,679.5,689.79999,455.0
2018-04-11,688.0,688.0,674.0,674.0,13.0
2018-04-12,670.09998,677.90002,670.0,677.90002,122.0
2018-04-13,665.0,675.0,664.09998,675.0,140.0
2018-04-16,672.5,672.5,657.0,657.0,134.0
2018-04-17,669.90002,669.90002,669.90002,669.90002,1.0
2018-04-18,657.0,660.0,653.0,653.0,469.0
2018-04-19,654.0,654.09998,621.09998,623.0,741.0
2018-04-20,624.5,624.5,617.0,623.0,584.0
2018-04-23,615.0,621.90002,606.29999,621.90002,272.0
2018-04-24,610.0,622.0,610.0,613.0,38.0
2018-04-25,622.90002,634.5,615.0,631.90002,8823.0
2018-04-26,615.0,631.70001,615.0,631.70001,63.0
2018-04-27,616.29999,616.29999,616.29999,616.29999,180.0
2018-04-30,629.0,649.0,620.0,649.0,4430.0
2018-05-02,649.0,664.0,649.0,664.0,65.0
2018-05-03,675.0,675.0,668.0,668.0,1037.0
2018-05-04,675.0,688.0,652.0,680.0,388.0
2018-05-07,664.0,664.0,664.0,664.0,20.0
2018-05-08,622.59998,650.0,622.59998,650.0,4794.0
2018-05-09,625.59998,650.0,625.59998,650.0,57.0
2018-05-10,632.0,640.0,630.0,632.0,205.0
2018-05-11,650.0,650.0,628.0,628.0,1312.0
2018-05-14,628.0,631.0,628.0,631.0,141.0
2018-05-15,630.0,645.5,628.0,645.5,153.0
2018-05-16,628.0,645.40002,628.0,635.0,62.0
2018-05-17,658.0,658.0,658.0,658.0,6.0
2018-05-18,645.0,662.0,645.0,662.0,2004.0
2018-05-23,645.0,645.0,645.0,645.0,18.0
2018-05-24,645.0,657.79999,640.0,640.0,222.0
2018-05-30,633.5,652.5,633.5,652.5,5028.0
2018-06-01,621.0,650.79999,600.20001,600.20001,71.0
2018-06-04,650.0,650.0,602.0,620.0,663.0
2018-06-05,602.0,618.0,600.0,618.0,87.0
2018-06-06,600.0,600.0,600.0,600.0,73.0
2018-06-07,599.90002,599.90002,593.0,593.0,2249.0
2018-06-08,617.0,617.0,600.0,600.0,137.0
2018-06-11,602.0,602.0,598.0,598.0,500.0
2018-06-12,600.0,605.0,600.0,605.0,15930.0
2018-06-13,605.0,605.0,595.0,604.0,42.0
2018-06-14,616.90002,617.0,616.90002,617.0,18.0
2018-06-18,618.0,618.0,618.0,618.0,159.0
2018-06-19,617.79999,617.79999,617.79999,617.79999,1.0
2018-06-20,617.0,618.0,617.0,618.0,18928.0
2018-06-22,600.5,616.90002,600.5,616.90002,12.0
2018-06-25,600.70001,605.0,600.70001,605.0,6.0
2018-06-26,600.70001,609.40002,585.0,609.40002,113.0
2018-06-28,599.0,599.0,599.0,599.0,25.0
2018-06-29,573.0,603.79999,573.0,573.5,200.0
2018-07-02,520.0,585.0,520.0,585.0,239.0
2018-07-03,540.0,574.70001,530.29999,569.0,206.0
2018-07-05,565.0,570.0,526.0,544.0,596.0
2018-07-06,549.59998,549.59998,530.0,530.0,454.0
2018-07-09,530.0,555.90002,513.0,555.90002,510.0
2018-07-10,516.0,547.90002,516.0,530.0,219.0
2018-07-11,522.5,522.5,522.5,522.5,4.0
2018-07-12,522.0,539.90002,522.0,539.90002,4.0
2018-07-13,513.0,513.0,513.0,513.0,158.0
2018-07-16,513.0,536.40002,512.0,536.40002,60.0
2018-07-20,513.0,534.29999,510.0,510.0,1454.0
2018-07-23,529.5,529.5,529.5,529.5,3.0
2018-07-24,521.0,521.0,520.0,520.0,439.0
2018-07-25,511.5,520.0,500.0,519.40002,417.0
2018-07-26,529.0,529.0,491.0,519.0,223.0
2018-07-27,523.90002,523.90002,523.90002,523.90002,27.0
2018-07-31,525.40002,534.5,525.40002,528.0,110.0
2018-08-01,525.0,528.0,525.0,525.0,113.0
2018-08-02,525.0,525.0,525.0,525.0,22.0
2018-08-03,525.0,528.0,507.10001,520.0,143.0
2018-08-06,527.0,527.0,527.0,527.0,2.0
2018-08-07,528.0,528.0,528.0,528.0,2.0
2018-08-08,528.0,528.0,528.0,528.0,2.0
2018-08-09,522.0,528.0,520.0,520.0,103.0
2018-08-10,520.0,534.5,520.0,534.5,195.0
2018-08-13,533.90002,533.90002,533.90002,533.90002,6.0
2018-08-15,513.5,535.90002,513.5,535.90002,6.0
2018-08-17,506.0,540.0,506.0,538.0,13.0
2018-08-24,538.0,538.90002,538.0,538.90002,67.0
2018-08-28,535.0,536.0,520.0,535.5,164.0
2018-08-30,508.10001,508.10001,508.10001,508.10001,103.0
2018-08-31,539.0,539.0,510.10001,510.10001,82.0
2018-09-03,510.0,527.79999,500.0,527.79999,62.0
2018-09-04,526.0,526.0,526.0,526.0,7.0
2018-09-05,524.0,524.0,500.0,510.0,254.0
2018-09-06,493.0,519.0,493.0,519.0,18.0
2018-09-07,515.0,515.0,495.0,495.0,258.0
2018-09-10,499.20001,499.20001,499.20001,499.20001,25.0
2018-09-12,495.0,499.20001,495.0,495.0,22244.0
2018-09-13,495.5,495.5,495.0,495.0,2502.0
2018-09-14,497.0,499.20001,495.0,499.20001,214.0
2018-09-17,496.0,544.70001,496.0,540.0,6291.0
2018-09-18,540.5,559.0,540.5,545.90002,1098.0
2018-09-19,540.09998,540.09998,501.0,509.0,3883.0
2018-09-20,519.79999,519.90002,517.0,517.0,21.0
2018-09-21,520.0,520.0,510.0,510.0,269.0
2018-09-24,511.0,511.0,501.10001,501.20001,500.0
2018-09-25,512.0,518.0,501.10001,518.0,832.0
2018-09-26,520.0,550.0,520.0,531.0,4143.0
2018-09-27,544.5,553.5,534.0,552.90002,15867.0
2018-09-28,550.0,569.5,546.29999,561.0,6257.0
2018-10-01,561.0,566.0,552.0,552.0,212.0
2018-10-02,550.0,560.0,550.0,560.0,353.0
2018-10-03,550.0,557.5,533.0,533.0,16.0
2018-10-04,533.0,533.0,531.0,531.0,15.0
2018-10-05,530.5,555.0,518.09998,523.5,317.0
2018-10-08,548.0,548.0,548.0,548.0,2.0
2018-10-10,520.09998,541.0,520.0,525.09998,325.0
2018-10-11,525.0,525.0,525.0,525.0,50.0
2018-10-12,537.0,537.0,518.40002,518.40002,95.0
2018-10-16,523.0,533.0,519.0,533.0,263.0
2018-10-18,520.0,547.0,508.0,547.0,4224.0
2018-10-19,535.0,542.0,535.0,542.0,7.0
2018-10-22,526.0,537.0,521.0,523.0,44.0
2018-10-23,536.79999,536.79999,536.79999,536.79999,3.0
2018-10-25,524.0,534.90002,510.70001,525.0,1391.0
2018-10-29,515.0,515.0,515.0,515.0,46.0
2018-10-30,515.0,519.79999,503.0,519.0,3607.0
2018-10-31,504.5,505.10001,503.0,503.0,5808.0
2018-11-01,503.0,504.0,490.0,498.0,3423.0
2018-11-02,496.0,496.0,485.0,485.0,62.0
2018-11-05,496.0,496.0,490.0,490.0,120.0
2018-11-07,482.14999,494.0,482.10001,488.95001,253.0
2018-11-08,493.0,508.0,488.0,500.0,5983.0
2018-11-09,499.70001,499.70001,499.39999,499.5,1039.0
2018-11-13,498.5,498.5,495.20001,498.5,21.0
2018-11-14,498.0,498.0,493.85001,496.85001,39.0
2018-11-15,496.85001,496.95001,496.0,496.0,140.0
2018-11-16,494.5,494.5,489.5,489.5,218.0
2018-11-19,489.5,489.5,460.0,477.95001,2009.0
2018-11-22,478.39999,478.39999,462.0,477.0,659.0
2018-11-23,477.75,477.75,476.95001,476.95001,6.0
2018-11-27,463.0,474.95001,462.0,472.79999,149.0
2018-11-28,460.0,471.89999,460.0,471.89999,415.0
2018-11-29,476.0,476.0,466.0,466.0,506.0
2018-11-30,462.0,473.0,460.0,470.0,1643.0
2018-12-03,473.0,474.89999,466.0,472.95001,716.0
2018-12-04,460.0,470.0,460.0,470.0,43.0
2018-12-05,474.0,474.0,461.0,462.0,587.0
2018-12-06,452.39999,470.0,452.39999,470.0,43.0
2018-12-07,469.89999,480.0,469.89999,470.10001,4784.0
2018-12-10,484.89999,484.89999,484.89999,484.89999,2.0
2018-12-11,484.0,484.0,478.5,478.5,190.0
2018-12-12,479.79999,479.79999,470.0,470.0,598.0
2018-12-13,479.0,479.0,470.0,470.0,7.0
2018-12-14,475.0,475.0,463.10001,463.10001,490.0
2018-12-17,463.04999,473.0,460.0,460.0,274.0
2018-12-18,460.0,468.89999,459.0,459.0,8097.0
2018-12-19,460.0,460.0,450.0,458.45001,280.0
2018-12-20,458.45001,458.45001,440.04999,451.89999,290.0
2018-12-21,451.75,484.89999,448.0,464.95001,6934.0
2018-12-24,464.95001,478.0,464.95001,478.0,1325.0
2018-12-25,467.0,477.0,465.0,477.0,1012.0
2018-12-26,470.0,470.0,470.0,470.0,11.0
2018-12-27,470.0,470.0,470.0,470.0,41.0
2018-12-28,469.89999,469.89999,455.0,464.0,10196.0
2018-12-31,464.0,464.0,463.79999,464.0,1025.0
2019-01-02,455.0,457.0,450.0,457.0,258.0
2019-01-03,459.95001,459.95001,440.0,440.0,7798.0
2019-01-04,435.0,435.0,406.0,422.95001,592.0
2019-01-08,423.0,423.0,422.0,422.5,237.0
2019-01-09,417.0,420.0,406.0,406.0,1223.0
2019-01-10,401.60001,413.0,390.0,399.85001,704.0
2019-01-14,395.0,397.95001,387.5,387.5,487.0
2019-01-15,387.10001,403.0,387.10001,401.0,21.0
2019-01-16,390.14999,402.89999,390.14999,402.89999,20.0
2019-01-17,390.10001,402.89999,390.10001,395.5,167.0
2019-01-18,390.0,390.0,390.0,390.0,734.0
2019-01-21,390.0,402.64999,390.0,402.64999,23.0
2019-01-22,390.0,402.0,385.0,386.10001,462.0
2019-01-23,385.20001,395.0,385.20001,395.0,205.0
2019-01-24,386.45001,392.5,386.45001,392.5,115.0
2019-01-25,391.0,411.95001,390.0,411.95001,1516.0
2019-01-28,410.0,411.0,410.0,410.0,20.0
2019-01-29,399.0,412.0,399.0,412.0,1157.0
2019-01-30,408.0,414.0,408.0,408.20001,96.0
2019-01-31,410.0,410.0,401.10001,401.10001,972.0
2019-02-01,400.0,400.0,400.0,400.0,460.0
2019-02-04,399.04999,409.79999,399.04999,409.79999,210.0
2019-02-07,386.0,390.0,386.0,390.0,226.0
2019-02-08,405.0,405.0,405.0,405.0,9.0
2019-02-11,395.0,395.0,395.0,395.0,13.0
2019-02-12,404.0,404.0,388.0,388.0,586.0
2019-02-13,386.20001,386.25,386.10001,386.10001,49.0
2019-02-14,403.0,403.0,385.0,386.0,1990.0
2019-02-15,383.0,385.0,365.5,365.5,620.0
2019-02-18,379.0,379.0,379.0,379.0,29.0
2019-02-19,380.0,381.95001,380.0,381.95001,21.0
2019-02-20,381.0,381.0,379.0,379.0,239.0
2019-02-21,386.0,387.95001,386.0,387.95001,9.0
2019-02-22,380.04999,380.04999,360.10001,360.10001,1532.0
2019-02-25,379.0,379.0,362.20001,362.20001,41.0
2019-02-26,362.20001,371.5,361.0,371.5,11.0
2019-02-27,360.0,378.95001,360.0,373.0,79.0
2019-02-28,370.0,370.0,369.89999,370.0,7816.0
2019-03-01,360.04999,360.04999,360.04999,360.04999,927.0
2019-03-04,362.0,362.0,362.0,362.0,2.0
2019-03-05,362.0,369.0,362.0,369.0,154.0
2019-03-06,367.0,369.89999,364.0,369.89999,212.0
2019-03-07,360.0,360.0,360.0,360.0,807.0
2019-03-08,347.0,347.0,324.10001,324.10001,3430.0
2019-03-11,330.0,330.0,330.0,330.0,830.0
2019-03-12,326.0,326.0,325.0,325.0,67.0
2019-03-13,340.0,340.0,325.04999,337.0,106.0
2019-03-14,330.0,330.0,330.0,330.0,34.0
2019-03-15,348.0,348.0,332.04999,343.0,5.0
2019-03-18,332.10001,342.89999,332.0,332.35001,8216.0
2019-03-19,341.89999,341.89999,341.89999,341.89999,2.0
2019-03-20,335.04999,335.04999,335.04999,335.04999,53.0
2019-03-21,335.0,335.0,320.0,325.0,1353.0
2019-03-22,325.0,325.0,300.0,300.0,3850.0
2019-03-25,329.0,329.95001,320.0,329.95001,4748.0
2019-03-26,344.0,359.89999,340.89999,345.5,700.0
2019-03-27,357.0,357.0,330.0,352.0,1629.0
2019-03-28,345.54999,352.0,341.60001,345.10001,576.0
2019-03-29,340.0,344.0,330.0,336.0,975.0
2019-04-01,334.0,342.0,334.0,342.0,28.0
2019-04-02,348.89999,348.89999,348.89999,348.89999,2.0
2019-04-05,344.0,344.0,339.0,339.0,37.0
2019-04-08,333.0,338.0,330.0,331.04999,95.0
2019-04-09,330.0,339.0,330.0,335.0,1280.0
2019-04-10,335.10001,345.0,335.10001,345.0,422.0
2019-04-11,336.0,347.0,336.0,345.0,750.0
2019-04-12,345.0,348.60001,340.10001,340.10001,111.0
2019-04-15,348.70001,348.89999,340.0,348.0,85.0
2019-04-16,342.0,344.95001,337.60001,337.60001,295.0
2019-04-17,343.0,349.0,343.0,349.0,538.0
2019-04-18,344.89999,344.89999,340.0,340.0,19.0
2019-04-19,340.0,341.95001,330.0,330.0,556.0
2019-04-22,323.0,339.0,323.0,335.0,73.0
2019-04-23,335.0,339.45001,335.0,339.0,232.0
2019-04-24,343.0,343.95001,330.14999,342.95001,17.0
2019-04-25,335.0,335.0,335.0,335.0,54.0
2019-04-26,331.10001,335.0,331.10001,335.0,70.0
2019-04-29,335.0,340.0,335.0,340.0,8.0
2019-04-30,340.0,340.0,340.0,340.0,160.0
2019-05-03,327.0,339.0,325.20001,330.0,148.0
2019-05-06,339.0,339.0,339.0,339.0,1.0
2019-05-08,339.0,343.0,339.0,342.89999,588.0
2019-05-09,338.0,340.0,338.0,340.0,8.0
2019-05-10,340.0,343.0,340.0,343.0,132.0
2019-05-14,342.89999,342.95001,342.89999,342.95001,670.0
2019-05-16,342.0,377.10001,336.10001,348.0,14604.0
2019-05-17,345.0,345.04999,340.20001,344.0,1471.0
2019-05-20,340.0,340.0,325.04999,330.0,1569.0
2019-05-21,325.10001,343.79999,319.0,319.0,3331.0
2019-05-22,315.0,316.0,302.0,316.0,2077.0
2019-05-23,320.0,334.0,317.0,317.0,1626.0
2019-05-24,331.0,331.0,317.0,317.0,1107.0
2019-05-27,317.0,332.0,317.0,327.20001,766.0
2019-05-28,317.5,319.95001,311.0,319.95001,1646.0
2019-05-29,315.0,319.0,312.04999,313.0,449.0
2019-05-30,310.0,310.0,300.0,301.20001,4395.0
2019-05-31,305.0,306.0,298.20001,306.0,746.0
2019-06-03,315.0,315.0,305.0,305.0,387.0
2019-06-04,300.0,307.5,298.39999,307.5,2371.0
2019-06-10,308.0,319.95001,302.0,307.0,415.0
2019-06-11,308.0,312.0,304.0,312.0,187.0
2019-06-12,312.79999,323.85001,312.5,320.0,687.0
2019-06-13,322.89999,323.89999,312.0,312.10001,1108.0
2019-06-14,313.5,320.0,313.5,313.5,357.0
2019-06-17,313.5,315.04999,313.5,315.04999,182.0
2019-06-18,315.04999,315.04999,312.04999,312.04999,292.0
2019-06-19,312.10001,316.0,312.10001,314.0,159.0
2019-06-20,301.0,313.60001,301.0,313.60001,2.0
2019-06-21,311.29999,311.29999,304.5,304.5,35.0
2019-06-24,300.0,308.95001,300.0,300.10001,1517.0
2019-06-25,309.0,309.0,300.0,305.95001,146.0
2019-06-26,308.95001,308.95001,305.95001,305.95001,52.0
2019-06-27,300.0,311.95001,290.0,290.0,6678.0
2019-06-28,291.04999,294.0,279.0,279.0,4093.0
2019-07-01,287.0,288.95001,282.0,282.04999,3621.0
2019-07-02,288.85001,298.0,285.0,295.89999,82.0
2019-07-03,287.10001,294.60001,285.0,293.39999,406.0
2019-07-04,298.0,298.75,297.0,297.0,119.0
2019-07-05,296.95001,297.79999,286.0,287.5,216.0
2019-07-08,288.10001,309.0,288.10001,307.29999,261.0
2019-07-10,306.89999,306.89999,298.0,300.0,649.0
2019-07-11,296.10001,296.10001,295.0,295.0,414.0
2019-07-12,292.04999,300.0,292.04999,295.0,41.0
2019-07-15,295.0,295.0,295.0,295.0,40.0
2019-07-16,299.95001,304.95001,299.95001,304.95001,505.0
2019-07-17,300.0,304.45001,297.0,304.45001,424.0
2019-07-18,304.0,304.0,282.0,295.0,3275.0
2019-07-19,293.0,295.0,293.0,295.0,17.0
2019-07-22,287.25,303.20001,287.25,295.0,220.0
2019-07-23,290.10001,292.0,286.14999,292.0,1479.0
2019-07-24,293.95001,294.0,287.0,294.0,215.0
2019-07-25,290.0,299.79999,290.0,295.0,2891.0
2019-07-26,291.04999,299.79999,290.0,290.10001,2404.0
2019-07-29,294.0,298.0,294.0,295.0,278.0
2019-07-31,300.0,300.0,294.0,295.0,585.0
2019-08-01,265.54999,278.85001,265.54999,265.54999,10690.0
2019-08-02,266.0,268.0,255.0,265.60001,2926.0
2019-08-05,270.0,278.54999,270.0,276.5,432.0
2019-08-06,270.5,275.0,268.5,268.5,256.0
2019-08-07,269.0,270.0,265.5,270.0,212.0
2019-08-08,265.10001,269.95001,265.0,269.85001,456.0
2019-08-09,269.85001,269.85001,269.85001,269.85001,5.0
2019-08-15,269.85001,269.89999,269.85001,269.89999,5.0
2019-08-16,269.95001,274.79999,269.95001,274.79999,646.0
2019-08-19,274.89999,275.0,269.20001,271.04999,1125.0
2019-08-22,269.10001,274.89999,269.10001,274.89999,65.0
2019-08-23,271.0,272.85001,269.0,269.0,1662.0
2019-08-26,269.0,269.0,265.0,265.10001,524.0
2019-08-27,268.0,270.89999,266.10001,266.10001,71.0
2019-08-28,266.10001,269.95001,262.0,269.95001,1661.0
2019-08-29,263.14999,271.60001,263.10001,271.60001,59.0
2019-08-30,264.0,266.10001,259.95001,260.0,1217.0
2019-09-02,260.0,260.0,260.0,260.0,27.0
2019-09-03,260.0,264.0,260.0,260.0,163.0
2019-09-04,265.0,265.0,255.14999,257.0,3302.0
2019-09-05,261.0,261.0,261.0,261.0,20.0
2019-09-06,271.95001,271.95001,269.95001,269.95001,13.0
2019-09-09,269.89999,272.0,269.0,269.0,122.0
2019-09-11,266.0,266.0,266.0,266.0,22.0
2019-09-12,266.0,266.0,266.0,266.0,25.0
2019-09-13,266.0,266.0,264.5,264.5,28.0
2019-09-17,264.5,264.5,260.0,260.0,673.0
2019-09-18,260.0,260.0,260.0,260.0,976.0
2019-09-19,260.25,260.29999,260.25,260.29999,22.0
2019-09-20,260.0,263.89999,257.04999,263.89999,558.0
2019-09-23,257.04999,262.0,257.04999,262.0,77.0
2019-09-24,258.0,262.0,258.0,262.0,397.0
2019-09-25,257.04999,257.14999,256.0,256.0,390.0
2019-09-26,259.89999,259.89999,255.7,255.7,74.0
2019-09-27,255.0,256.0,240.0,240.0,2508.0
2019-09-30,240.0,248.0,240.0,247.95,2412.0
2019-10-01,247.85001,247.85001,234.0,240.0,1014.0
2019-10-02,239.0,240.0,235.0,240.0,242.0
2019-10-03,240.0,246.0,240.0,246.0,130.0
2019-10-04,248.0,248.0,230.0,230.0,1092.0
2019-10-07,232.0,232.0,228.0,230.0,482.0
2019-10-08,235.0,235.0,235.0,235.0,361.0
2019-10-09,225.39999,234.95,225.39999,234.95,35.0
2019-10-10,230.0,230.0,230.0,230.0,21.0
2019-10-11,230.14999,230.14999,230.10001,230.10001,90.0
2019-10-14,232.0,232.0,231.0,231.0,241.0
2019-10-15,230.10001,230.10001,230.0,230.0,614.0
2019-10-16,230.0,230.0,230.0,230.0,132.0
2019-10-17,230.0,230.0,230.0,230.0,151.0
2019-10-18,230.0,231.0,210.0,210.0,1972.0
2019-10-21,215.0,221.0,215.0,220.0,754.0
2019-10-22,220.0,220.0,216.0,216.0,8544.0
2019-10-23,222.0,222.0,222.0,222.0,10.0
2019-10-24,228.0,230.0,225.0,230.0,412.0
2019-10-25,240.0,245.0,236.0,236.0,1708.0
2019-10-28,236.5,244.5,236.5,240.0,191.0
2019-10-29,244.0,244.0,238.25,238.25,39.0
2019-10-30,238.3,238.3,238.3,238.3,20.0
2019-10-31,244.0,244.0,239.2,239.2,147.0
2019-11-01,244.0,260.0,244.0,250.0,2675.0
2019-11-04,250.0,254.0,245.5,254.0,336.0
2019-11-07,250.0,250.0,246.5,246.5,88.0
2019-11-12,256.0,265.0,256.0,264.89999,992.0
2019-11-13,265.04999,288.95001,265.04999,288.95001,3966.0
2019-11-14,285.60001,292.0,277.20001,286.0,1489.0
2019-11-15,282.79999,290.0,275.0,282.10001,1253.0
2019-11-19,282.0,300.0,282.0,296.10001,3033.0
2019-11-20,297.20001,299.0,271.0,280.0,5295.0
2019-11-21,284.95001,285.0,275.0,282.85001,120.0
2019-11-22,286.0,286.0,275.0,280.0,527.0
2019-11-25,287.95001,287.95001,280.0,280.0,21.0
2019-11-27,275.0,278.0,269.0,270.0,859.0
2019-11-28,269.04999,270.0,268.70001,270.0,527.0
2019-11-29,269.0,273.95001,260.0,260.0,1322.0
2019-12-02,257.10001,260.0,250.0,251.05,780.0
2019-12-03,250.10001,250.3,250.10001,250.3,107.0
2019-12-04,259.0,266.85001,259.0,266.85001,168.0
2019-12-05,255.25,265.0,255.25,265.0,22.0
2019-12-06,255.5,263.14999,250.10001,250.10001,772.0
2019-12-09,250.14999,259.0,250.0,259.0,2475.0
2019-12-10,258.79999,259.0,258.79999,259.0,27.0
2019-12-11,251.0,270.0,250.0,270.0,14366.0
2019-12-12,271.0,284.79999,271.0,271.0,5527.0
2019-12-13,265.0,265.0,265.0,265.0,6.0
2019-12-16,266.04999,275.95001,265.35001,275.95001,53.0
2019-12-17,266.70001,274.0,263.04999,269.95001,689.0
2019-12-18,275.0,276.95001,266.0,266.0,596.0
2019-12-19,266.0,271.45001,266.0,271.0,90.0
2019-12-20,269.0,270.5,269.0,270.5,593.0
2019-12-23,265.5,276.95001,265.0,276.95001,925.0
2019-12-24,274.95001,274.95001,270.14999,273.95001,2462.0
2019-12-25,271.20001,271.20001,271.0,271.10001,122.0
2019-12-26,271.10001,271.10001,268.0,268.0,828.0
2019-12-27,266.0,266.20001,265.0,265.0,1153.0
2019-12-30,264.10001,264.89999,255.0,264.89999,3254.0
2019-12-31,265.0,265.0,250.0,250.0,6330.0
2020-01-02,264.0,264.0,250.0,250.0,12151.0
2020-01-03,250.0,250.0,250.0,250.0,50.0
2020-01-06,262.0,262.0,262.0,262.0,11.0
2020-01-07,261.0,265.0,260.0,265.0,156.0
2020-01-08,264.5,264.5,260.0,264.5,527.0
2020-01-09,264.5,268.0,260.0,266.5,1388.0
2020-01-10,260.0,264.0,260.0,264.0,251.0
2020-01-13,257.5,261.0,257.5,261.0,32.0
2020-01-14,257.10001,257.10001,256.0,257.0,2145.0
2020-01-15,261.0,261.0,261.0,261.0,10.0
2020-01-16,259.0,260.89999,258.0,260.89999,36.0
2020-01-17,257.10001,261.0,256.0,256.04999,162.0
2020-01-20,256.29999,260.70001,256.29999,260.0,81.0
2020-01-21,260.0,268.5,260.0,268.5,301.0
2020-01-22,262.29999,262.29999,262.25,262.25,108.0
2020-01-23,262.25,267.95001,258.10001,267.95001,217.0
2020-01-24,264.89999,264.89999,259.0,259.0,406.0
2020-01-27,264.0,264.0,264.0,264.0,50.0
2020-01-28,262.5,262.75,256.10001,256.10001,516.0
2020-01-29,256.10001,259.0,252.0,252.0,13988.0
2020-01-30,252.0,252.5,250.0,250.2,1872.0
2020-01-31,262.0,262.0,250.0,257.85001,1085.0
2020-02-03,250.0,250.0,246.0,250.0,571.0
2020-02-04,250.0,250.0,245.0,245.0,397.0
2020-02-06,249.89999,249.89999,245.0,245.0,193.0
2020-02-07,250.0,250.0,245.05,245.05,22.0
2020-02-10,246.0,249.0,246.0,249.0,317.0
2020-02-11,247.0,247.0,247.0,247.0,10.0
2020-02-12,248.0,250.0,245.05,245.05,165.0
2020-02-13,245.05,245.05,245.05,245.05,2.0
2020-02-14,245.10001,245.10001,244.0,244.0,647.0
2020-02-17,249.0,249.0,244.10001,244.25,1528.0
2020-02-18,244.3,250.0,244.14999,250.0,5655.0
2020-02-19,250.0,250.0,246.0,246.0,21.0
2020-02-20,246.0,246.0,246.0,246.0,18.0
2020-02-21,246.0,254.8,245.0,245.14999,743.0
2020-02-24,254.0,262.0,246.5,253.0,985.0
2020-02-25,258.0,260.0,254.0,254.0,768.0
2020-02-26,261.95001,261.95001,261.95001,261.95001,2.0
2020-02-27,258.0,260.0,258.0,259.0,1623.0
2020-02-28,251.0,258.0,250.0,250.0,291.0
2020-03-02,250.05,250.05,250.05,250.05,2.0
2020-03-03,250.0,250.0,247.0,247.0,623.0
2020-03-04,245.5,245.5,242.10001,244.0,908.0
2020-03-05,240.10001,250.0,240.10001,245.0,3529.0
2020-03-06,243.0,245.10001,243.0,244.0,1262.0
2020-03-09,244.0,244.0,219.64999,219.64999,1798.0
2020-03-10,219.0,239.95,218.95,225.14999,394.0
2020-03-11,225.10001,230.0,225.10001,225.5,107.0
2020-03-12,226.0,226.0,213.5,213.5,3220.0
2020-03-13,214.0,214.5,203.0,210.0,1955.0
2020-03-16,210.0,210.0,189.05,189.05,554.0
2020-03-17,194.0,194.0,181.5,181.5,75.0
2020-03-18,180.0,180.0,174.25,174.25,663.0
2020-03-19,181.2,181.2,181.2,181.2,164.0
2020-03-20,181.2,181.2,181.2,181.2,1.0
2020-03-23,180.0,188.39999,180.0,188.39999,666.0
2020-03-24,195.8,195.8,195.8,195.8,962.0
2020-03-25,203.60001,203.60001,195.89999,195.89999,813.0
2020-03-26,195.8,203.0,195.8,202.89999,832.0
2020-03-27,203.45,203.45,197.05,203.45,50.0
2020-03-30,205.0,205.0,205.0,205.0,50.0
2020-03-31,205.0,205.0,197.0,197.0,253.0
2020-04-01,196.0,196.0,189.14999,189.14999,332.0
2020-04-02,189.14999,189.14999,188.10001,189.0,59.0
2020-04-06,188.8,188.8,182.0,185.0,20.0
2020-04-07,185.0,185.0,183.0,183.0,210.0
2020-04-08,181.89999,181.89999,175.75,175.75,251.0
2020-04-09,175.0,176.10001,175.0,175.14999,1058.0
2020-04-10,176.0,181.55,176.0,181.55,305.0
2020-04-13,176.0,176.0,175.05,175.05,450.0
2020-04-14,181.0,181.0,181.0,181.0,2.0
2020-04-15,177.39999,177.39999,173.95,173.95,2427.0
2020-04-16,171.0,173.85001,170.0,173.3,1287.0
2020-04-17,171.95,172.0,171.95,171.95,708.0
2020-04-20,170.0,178.0,170.0,177.85001,646.0
2020-04-21,179.0,179.0,179.0,179.0,214.0
2020-04-22,181.95,182.0,181.0,181.0,144.0
2020-04-23,181.95,182.0,180.0,180.0,326.0
2020-04-24,180.0,183.0,180.0,183.0,38.0
2020-04-27,183.10001,189.0,183.0,189.0,86.0
2020-04-28,195.0,196.5,195.0,195.0,1431.0
2020-04-29,199.0,202.5,199.0,202.5,336688.0
2020-04-30,202.5,210.55,202.5,205.64999,800.0
2020-05-04,208.0,208.0,202.3,202.3,614.0
2020-05-05,208.0,208.0,200.0,200.0,1859.0
2020-05-06,200.0,204.0,198.0,199.89999,1784.0
2020-05-07,198.0,200.0,195.0,195.0,436.0
2020-05-08,196.0,196.0,192.0,195.0,221.0
2020-05-11,190.0,190.5,187.5,190.0,1964.0
2020-05-12,189.0,191.0,187.5,187.7,196.0
2020-05-13,188.0,188.0,187.0,187.0,449.0
2020-05-14,185.0,189.0,185.0,189.0,4.0
2020-05-15,188.0,188.0,188.0,188.0,115.0
2020-05-18,192.89999,192.89999,186.0,189.95,199.0
2020-05-19,189.0,192.0,188.0,189.89999,5427.0
2020-05-20,190.0,197.45,190.0,197.45,3247.0
2020-05-21,205.3,205.3,205.3,205.3,1520.0
2020-05-22,208.0,208.0,200.0,203.10001,8511.0
2020-05-26,199.0,209.0,199.0,207.10001,2419.0
2020-05-27,210.0,211.10001,207.0,211.10001,782.0
2020-05-28,212.0,212.0,202.7,203.0,5889.0
2020-05-29,205.0,205.0,200.0,204.95,3662.0
2020-06-01,208.89999,213.10001,204.89999,213.10001,2294.0
2020-06-02,221.60001,221.60001,219.0,221.60001,5720.0
2020-06-03,230.45,230.45,230.39999,230.45,2022.0
2020-06-04,239.64999,239.64999,238.0,239.64999,3574.0
2020-06-05,235.0,236.0,230.10001,230.10001,5049.0
2020-06-08,230.0,230.0,226.0,230.0,681.0
2020-06-09,230.0,235.0,230.0,234.89999,362.0
2020-06-10,230.0,230.0,225.55,225.55,918.0
2020-06-11,229.2,229.2,223.0,223.0,770.0
2020-06-12,222.0,225.0,218.10001,223.0,1170.0
2020-06-15,217.0,221.0,217.0,221.0,581.0
2020-06-16,222.0,223.0,222.0,222.0,472.0
2020-06-17,230.0,230.85001,230.0,230.85001,1060.0
2020-06-18,236.0,236.0,231.0,232.0,423.0
2020-06-19,226.05,226.05,223.0,225.5,972.0
2020-06-22,232.0,232.0,224.0,224.0,7.0
2020-06-23,220.0,224.0,219.10001,220.05,935.0
2020-06-24,221.5,222.0,219.14999,222.0,499.0
2020-06-25,219.2,219.2,215.5,217.0,302.0
2020-06-26,215.5,215.5,212.7,215.0,60.0
2020-06-29,221.0,221.0,215.05,215.05,480.0
2020-06-30,216.0,218.0,212.8,218.0,1584.0
2020-07-01,218.0,218.0,218.0,218.0,4.0
2020-07-02,215.0,218.0,215.0,218.0,200.0
2020-07-06,213.05,213.5,213.05,213.5,38.0
2020-07-07,213.0,218.0,213.0,218.0,29.0
2020-07-09,213.05,217.0,211.0,217.0,312.0
2020-07-10,219.0,219.0,218.0,218.0,48.0
2020-07-13,218.0,225.0,218.0,223.0,308.0
2020-07-14,222.0,222.0,216.3,216.3,144.0
2020-07-15,219.0,219.0,219.0,219.0,35.0
2020-07-16,212.55,212.64999,212.0,212.0,278.0
2020-07-17,212.5,212.55,212.0,212.0,282.0
2020-07-20,211.0,211.0,211.0,211.0,126.0
2020-07-21,202.60001,203.0,202.60001,202.60001,6057.0
2020-07-22,200.10001,202.60001,200.10001,202.5,352.0
2020-07-23,202.0,208.89999,196.05,208.89999,577.0
2020-07-24,208.89999,208.89999,208.89999,208.89999,19.0
2020-07-27,210.0,213.0,208.89999,208.89999,1987.0
2020-07-28,213.95,213.95,210.0,210.0,74.0
2020-07-29,214.0,214.0,210.0,210.0,265.0
2020-08-03,215.0,215.0,214.89999,214.89999,25.0
2020-08-04,206.60001,206.60001,206.60001,206.60001,20.0
2020-08-06,213.89999,213.89999,206.0,206.0,188.0
2020-08-07,206.5,206.5,203.60001,204.10001,91.0
2020-08-10,204.2,204.2,202.0,202.05,305.0
2020-08-11,202.0,202.0,198.0,200.0,419.0
2020-08-12,196.5,196.5,195.0,195.0,20.0
2020-08-13,196.60001,200.0,196.60001,200.0,18218.0
2020-08-17,202.0,202.0,200.0,202.0,222.0
2020-08-18,198.2,201.0,198.10001,200.0,650.0
2020-08-19,202.0,202.0,202.0,202.0,15.0
2020-08-24,206.0,206.0,200.0,200.0,245.0
2020-08-25,200.0,201.0,200.0,200.0,328.0
2020-08-26,200.0,200.0,196.0,196.0,311.0
2020-08-27,197.0,198.0,196.10001,198.0,155.0
2020-08-31,200.0,201.0,198.10001,201.0,1445.0
2020-09-01,202.0,202.0,202.0,202.0,3.0
2020-09-02,200.0,200.0,196.14999,196.14999,203.0
2020-09-03,197.2,200.0,197.2,200.0,36.0
2020-09-04,200.0,202.0,200.0,201.95,360.0
2020-09-07,200.0,200.0,200.0,200.0,200.0
2020-09-08,198.10001,198.10001,198.10001,198.10001,9.0
2020-09-10,196.14999,200.0,196.10001,200.0,819.0
2020-09-11,201.95,201.95,198.0,201.0,506.0
2020-09-14,197.5,197.60001,197.5,197.60001,25.0
2020-09-15,197.14999,197.14999,197.14999,197.14999,25.0
2020-09-16,200.95,200.95,200.0,200.0,46.0
2020-09-17,196.0,196.0,196.0,196.0,50.0
2020-09-18,196.10001,196.10001,195.0,195.0,2268.0
2020-09-22,195.10001,195.10001,195.10001,195.10001,151.0
2020-09-23,195.0,195.0,195.0,195.0,9.0
2020-09-24,192.7,192.7,192.5,192.5,414.0
2020-09-29,193.0,193.89999,192.5,192.5,5446.0
2020-09-30,192.5,192.5,192.5,192.5,20.0
2020-10-02,193.0,193.0,190.3,190.3,438.0
2020-10-05,192.95,192.95,192.95,192.95,1.0
2020-10-06,192.8,192.95,190.10001,192.95,57.0
2020-10-07,195.0,195.0,190.64999,190.64999,195.0
2020-10-08,190.89999,197.0,190.8,197.0,31.0
2020-10-09,197.0,197.0,193.0,193.0,8.0
2020-10-12,194.0,194.0,191.5,191.55,52.0
2020-10-13,192.60001,192.60001,192.0,192.0,487.0
2020-10-14,196.45,196.45,192.55,192.55,254.0
2020-10-15,192.05,195.8,192.0,192.0,245.0
2020-10-19,192.10001,192.39999,191.0,191.0,106.0
2020-10-20,193.0,197.0,193.0,197.0,300.0
2020-10-21,197.0,198.75,191.10001,197.0,1392.0
2020-10-22,199.5,204.85001,199.5,204.85001,898.0
2020-10-23,209.0,213.0,203.0,213.0,3574.0
2020-10-26,218.95,221.5,218.95,221.5,3290.0
2020-10-27,228.0,228.0,220.0,222.0,37719.0
2020-10-28,220.10001,224.0,214.05,215.75,534.0
2020-11-02,215.0,215.0,207.2,208.2,1427.0
2020-11-03,208.0,208.05,208.0,208.0,409.0
2020-11-04,208.10001,214.89999,204.0,212.0,172.0
2020-11-05,214.75,214.75,204.0,204.0,521.0
2020-11-09,211.95,212.14999,209.0,212.14999,1022.0
2020-11-10,219.5,220.60001,216.64999,220.60001,2087.0
2020-11-11,219.0,219.95,212.25,219.95,352.0
2020-11-12,219.89999,227.0,219.89999,226.89999,3895.0
2020-11-13,222.10001,235.0,222.10001,235.0,12226.0
2020-11-16,237.0,244.35001,233.0,244.35001,4546.0
2020-11-17,250.0,254.10001,250.0,254.10001,1995.0
2020-11-19,255.0,260.0,245.0,255.0,11274.0
2020-11-20,255.10001,263.5,249.0,250.0,6689.0
2020-11-23,250.0,250.0,242.0,247.8,1307.0
2020-11-24,246.89999,246.89999,238.10001,240.5,3208.0
2020-11-25,243.0,247.0,240.0,244.0,1030.0
2020-11-26,238.0,244.0,238.0,244.0,578.0
2020-11-27,240.0,243.89999,240.0,243.89999,1738.0
2020-11-30,247.0,247.0,240.2,241.0,71.0
2020-12-01,241.2,246.75,241.2,244.0,309.0
2020-12-02,240.0,253.75,240.0,253.75,2273.0
2020-12-03,256.0,262.89999,255.0,260.0,6968.0
2020-12-04,261.0,270.35001,261.0,270.35001,3995.0
2020-12-07,273.0,278.70001,270.0,273.0,872.0
2020-12-08,278.0,283.89999,273.0,283.89999,3424.0
2020-12-09,286.95001,290.0,278.0,279.0,8464.0
2020-12-10,278.20001,283.0,278.0,282.0,1034.0
2020-12-11,289.5,290.0,283.5,290.0,42742.0
2020-12-14,295.0,301.54999,295.0,301.5,15934.0
2020-12-15,307.10001,310.0,300.0,302.04999,8216.0
2020-12-16,304.89999,305.0,298.04999,304.14999,1083.0
2020-12-17,304.85001,305.0,297.0,297.0,1116.0
2020-12-18,298.0,298.0,288.29999,290.5,9001.0
2020-12-21,288.70001,288.70001,278.89999,278.89999,12082.0
2020-12-22,272.10001,290.04999,272.10001,290.04999,8841.0
2020-12-23,300.0,301.64999,299.45001,301.64999,23136.0
2020-12-24,306.95001,313.70001,304.0,313.39999,9621.0
2020-12-25,317.10001,325.89999,309.10001,311.0,13721.0
2020-12-28,311.0,311.0,306.20001,309.0,1982.0
2020-12-29,308.0,309.0,300.0,301.5,7600.0
2020-12-30,303.0,308.0,291.0,305.89999,4347.0
2020-12-31,300.5,305.79999,300.0,300.0,8164.0
2021-01-04,300.0,301.5,298.0,300.0,1606.0
2021-01-05,297.0,311.95001,297.0,311.95001,9332.0
2021-01-06,319.0,324.39999,315.0,324.39999,3602.0
2021-01-07,337.29999,337.35001,326.39999,331.04999,6562.0
2021-01-08,335.0,340.0,327.0,335.0,10033.0
2021-01-12,335.0,339.0,335.0,338.79999,1907.0
2021-01-13,339.0,344.75,337.5,340.0,15432.0
2021-01-14,341.10001,344.89999,339.04999,343.39999,6304.0
2021-01-15,343.79999,343.79999,337.0,341.0,6756.0
2021-01-18,343.95001,354.60001,341.35001,354.60001,8622.0
2021-01-19,359.5,368.75,348.0,368.75,38108.0
2021-01-20,374.0,383.45001,374.0,383.45001,19353.0
2021-01-21,398.75,398.75,389.0,390.0,40804.0
2021-01-22,391.0,398.0,374.45001,374.45001,17344.0
2021-01-25,374.70001,387.0,374.70001,379.89999,2717.0
2021-01-26,379.89999,385.0,379.89999,380.0,3103.0
2021-01-27,382.0,383.0,370.0,370.0,10945.0
2021-01-28,372.0,374.5,355.35001,374.0,22012.0
2021-01-29,372.0,373.0,364.0,365.0,6112.0
2021-02-01,364.0,379.54999,358.0,379.54999,20165.0
2021-02-02,384.04999,392.60001,380.0,384.0,8410.0
2021-02-03,389.0,389.0,376.0,384.89999,5138.0
2021-02-04,387.0,387.0,378.20001,383.0,5543.0
2021-02-05,384.0,384.0,375.60001,375.79999,3310.0
2021-02-08,380.0,384.79999,375.0,381.79999,2077.0
2021-02-09,388.0,397.04999,388.0,389.0,22305.0
2021-02-10,395.0,395.0,385.0,390.29999,2337.0
2021-02-11,389.89999,394.0,389.0,390.0,6127.0
2021-02-12,385.0,391.0,383.0,385.0,3350.0
2021-02-15,386.70001,386.70001,380.0,380.0,2239.0
2021-02-16,378.0,382.0,376.0,378.0,1023.0
2021-02-17,376.04999,376.04999,367.0,367.0,1794.0
2021-02-18,367.5,374.0,367.0,370.0,1710.0
2021-02-19,369.0,369.0,364.0,365.5,1193.0
2021-02-22,364.0,364.0,350.89999,356.0,6791.0
2021-02-23,356.0,356.0,345.10001,346.20001,4383.0
2021-02-24,348.79999,353.64999,346.20001,349.45001,2905.0
2021-02-25,346.20001,346.25,336.20001,342.0,4612.0
2021-02-26,353.0,355.64999,350.0,355.64999,11435.0
2021-03-01,364.0,369.85001,364.0,369.85001,12734.0
2021-03-02,374.89999,384.5,369.85001,380.0,15564.0
2021-03-03,383.89999,384.0,378.0,378.0,3695.0
2021-03-04,376.04999,377.0,366.10001,376.0,2977.0
2021-03-05,370.04999,375.0,370.0,370.10001,3727.0
2021-03-08,369.95001,377.0,369.95001,377.0,202.0
2021-03-09,375.89999,379.70001,370.0,379.70001,3113.0
2021-03-10,379.95001,383.0,377.0,383.0,6201.0
2021-03-11,383.75,383.75,370.20001,375.0,1988.0
2021-03-12,378.0,378.0,370.0,377.0,1236.0
2021-03-15,377.79999,383.89999,377.79999,379.0,1513.0
2021-03-16,375.0,379.0,374.0,377.89999,936.0
2021-03-17,374.10001,376.0,370.5,376.0,1157.0
2021-03-18,379.0,385.0,378.0,381.0,5501.0
2021-03-19,381.0,385.0,365.79999,365.79999,8636.0
2021-03-22,357.0,369.0,357.0,367.04999,9378.0
2021-03-23,367.10001,368.0,362.0,364.0,675.0
2021-03-24,360.0,362.0,355.0,357.0,585.0
2021-03-25,357.0,360.0,356.0,360.0,211.0
2021-03-26,357.0,358.0,350.0,358.0,4949.0
2021-03-29,358.0,364.0,350.14999,360.0,27743.0
2021-03-30,360.0,360.0,357.0,359.0,3047.0
2021-03-31,367.79999,368.0,359.0,359.0,2419.0
2021-04-01,357.10001,364.0,357.10001,358.0,1231.0
2021-04-02,364.0,364.0,357.5,359.0,938.0
2021-04-05,359.0,359.0,357.0,357.0,589.0
2021-04-06,353.20001,355.0,352.0,354.0,5541.0
2021-04-07,359.95001,359.95001,348.0,354.0,867.0
2021-04-08,360.0,364.0,359.5,359.5,86.0
2021-04-09,363.45001,363.45001,352.20001,352.20001,13.0
2021-04-12,354.0,354.0,353.0,353.04999,206.0
2021-04-13,355.0,355.0,353.0,355.0,3150.0
2021-04-15,351.29999,360.0,351.29999,355.0,1322.0
2021-04-19,352.20001,355.0,352.20001,355.0,98.0
2021-04-20,355.0,355.0,353.0,355.0,4808.0
2021-04-21,355.04999,360.0,355.0,360.0,6340.0
2021-04-22,369.0,369.0,362.0,364.0,1167.0
2021-04-23,365.0,366.0,360.0,360.0,2893.0
2021-04-26,360.0,374.0,360.0,374.0,19343.0
2021-04-27,373.79999,382.89999,373.79999,379.29999,7197.0
2021-04-28,376.5,382.89999,373.0,378.0,2784.0
2021-04-29,380.0,382.89999,379.0,380.0,11523.0
2021-04-30,383.10001,385.0,380.0,382.79999,15062.0
2021-05-03,384.70001,392.0,384.70001,391.0,7688.0
2021-05-04,391.04999,402.85001,390.0,399.89999,19537.0
2021-05-05,400.04999,413.5,400.04999,413.0,25882.0
2021-05-06,420.85001,428.95001,420.0,425.0,18531.0
2021-05-07,430.0,430.0,417.0,420.0,6394.0
2021-05-10,420.54999,430.0,420.54999,425.0,7638.0
2021-05-11,423.0,428.89999,420.0,424.0,3437.0
2021-05-12,425.0,425.0,420.0,422.0,1792.0
2021-05-17,427.0,434.89999,427.0,428.0,10273.0
2021-05-18,430.0,433.5,427.0,430.0,6798.0
2021-05-19,431.0,442.0,428.0,436.0,17837.0
2021-05-20,443.0,448.0,439.5,440.54999,22732.0
2021-05-21,445.0,458.14999,444.0,458.14999,17265.0
2021-05-24,473.0,476.45001,465.0,465.10001,20908.0
2021-05-25,464.95001,468.0,454.0,461.0,11220.0
2021-05-26,468.0,470.0,460.0,461.5,17919.0
2021-05-27,461.10001,461.10001,451.25,454.60001,23200.0
2021-05-28,458.0,461.0,443.0,459.75,19240.0
2021-05-31,478.10001,478.10001,478.10001,478.10001,643.0
2021-06-01,497.20001,497.20001,497.20001,497.20001,20.0
2021-06-02,513.0,513.0,498.0,499.89999,38805.0
2021-06-03,504.0,515.0,500.0,512.70001,13005.0
2021-06-04,515.0,515.0,492.20001,493.0,19203.0
2021-06-07,495.0,504.0,486.0,498.0,14113.0
2021-06-08,498.5,510.0,491.0,492.04999,13531.0
2021-06-09,490.0,498.95001,481.0,492.25,17864.0
2021-06-10,493.0,511.89999,493.0,511.89999,24159.0
2021-06-11,520.0,532.29999,519.0,532.29999,9847.0
2021-06-14,553.5,553.5,549.90002,553.5,7678.0
2021-06-15,575.59998,575.59998,555.0,575.59998,41916.0
2021-06-16,577.0,594.29999,558.0,558.0,27157.0
2021-06-17,552.70001,578.0,552.70001,574.0,27371.0
2021-06-18,574.0,580.09998,569.0,580.09998,14707.0
2021-06-21,590.0,603.29999,580.29999,603.29999,18120.0
2021-06-22,611.0,620.09998,610.0,620.09998,17908.0
2021-06-23,627.0,640.0,612.5,625.0,26562.0
2021-06-24,625.0,625.0,607.0,609.09998,16097.0
2021-06-25,608.0,619.0,601.0,619.0,9184.0
2021-06-28,619.0,633.5,615.0,619.0,34921.0
2021-06-29,613.09998,624.5,608.0,608.70001,8513.0
2021-06-30,609.0,610.0,600.29999,603.5,6382.0
2021-07-01,602.0,602.0,585.5,600.0,13556.0
2021-07-02,593.09998,607.0,593.09998,604.0,10660.0
2021-07-05,602.0,602.0,579.90002,579.90002,15121.0
2021-07-06,560.59998,590.0,556.79999,556.79999,32067.0
2021-07-07,567.5,579.0,567.5,579.0,9647.0
2021-07-08,586.09998,597.0,575.0,575.0,13898.0
2021-07-09,576.0,578.90002,563.0,567.0,10662.0
2021-07-12,568.0,574.5,563.0,574.5,974.0
2021-07-13,574.90002,580.0,570.5,576.0,2286.0
2021-07-14,579.5,582.0,576.09998,577.09998,704.0
2021-07-15,580.0,594.90002,576.0,585.0,11469.0
2021-07-16,592.0,592.0,581.0,582.0,906.0
2021-07-19,583.0,588.0,582.0,582.0,842.0
2021-07-20,579.0,585.0,579.0,584.90002,351.0
2021-07-23,582.0,582.0,577.0,577.59998,1126.0
2021-07-26,577.5,579.0,570.0,570.0,1268.0
2021-07-27,573.0,576.0,561.0,566.5,737.0
2021-07-28,568.0,575.0,565.0,575.0,524.0
2021-07-29,580.0,589.20001,579.0,580.0,1520.0
2021-08-02,590.0,595.0,588.09998,593.0,2234.0
2021-08-03,595.0,616.70001,595.0,616.70001,10872.0
2021-08-04,630.0,641.0,620.0,620.0,8092.0
2021-08-05,620.0,635.0,620.0,626.90002,6940.0
2021-08-06,625.0,625.0,618.0,625.0,6531.0
2021-08-09,622.5,641.0,622.5,641.0,10504.0
2021-08-11,653.0,658.0,649.90002,650.0,5235.0
2021-08-12,658.0,658.0,650.0,650.0,3246.0
2021-08-13,650.0,652.0,641.0,646.79999,3200.0
2021-08-16,645.0,655.0,645.0,645.0,6359.0
2021-08-17,645.0,649.0,635.0,639.09998,6576.0
2021-08-18,640.0,648.79999,639.0,644.0,9887.0
2021-08-19,648.90002,649.90002,635.0,638.0,6365.0
2021-08-23,635.20001,640.0,630.5,630.5,1976.0
2021-08-24,639.0,642.0,627.5,630.0,5706.0
2021-08-25,635.09998,637.5,622.09998,637.0,1094.0
2021-08-26,637.5,644.0,637.5,642.0,3180.0
2021-08-27,640.0,644.90002,637.29999,637.29999,2574.0
2021-08-30,644.0,647.0,644.0,647.0,3839.0
2021-08-31,647.0,660.0,629.0,629.0,15728.0
2021-09-01,628.0,629.0,603.90002,603.90002,25870.0
2021-09-02,604.0,607.0,579.79999,604.0,14919.0
2021-09-03,610.0,614.0,590.0,605.0,13248.0
2021-09-06,602.0,609.90002,595.0,595.0,2137.0
2021-09-07,604.0,604.0,585.0,592.0,8238.0
2021-09-08,588.0,588.0,569.0,575.0,6555.0
2021-09-09,579.0,593.0,570.0,585.0,20986.0
2021-09-10,588.0,589.0,579.0,582.0,3049.0
2021-09-13,585.0,595.0,583.0,592.0,1760.0
2021-09-14,592.90002,597.90002,584.0,589.0,2603.0
2021-09-15,592.0,595.0,592.0,594.5,3518.0
2021-09-16,595.0,614.90002,591.20001,611.0,24772.0
2021-09-17,608.0,611.0,586.59998,586.59998,35859.0
2021-09-20,563.20001,578.0,563.20001,563.20001,12204.0
2021-09-21,540.70001,540.70001,540.70001,540.70001,1722.0
2021-09-22,526.09998,550.0,523.0,541.0,45361.0
2021-09-23,544.0,555.0,542.5,544.0,23223.0
2021-09-24,553.0,553.0,532.0,532.0,13788.0
2021-09-27,545.0,545.0,518.0,529.0,4766.0
2021-09-28,530.0,535.0,523.0,524.0,3503.0
2021-09-29,525.0,539.0,515.0,534.0,7062.0
2021-09-30,534.0,534.0,519.0,526.0,13563.0
2021-10-01,524.0,532.0,515.0,532.0,3359.0
2021-10-04,529.0,530.0,518.0,518.0,1256.0
2021-10-05,535.0,538.0,530.0,538.0,2416.0
2021-10-06,545.0,559.5,541.0,559.5,4672.0
2021-10-07,576.0,581.79999,570.0,581.79999,9361.0
2021-10-08,591.0,600.5,583.09998,600.5,18443.0
2021-10-11,605.90002,615.0,595.0,600.5,10956.0
2021-10-12,601.0,603.0,595.0,595.09998,1962.0
2021-10-13,601.0,608.5,595.0,600.0,6152.0
2021-10-14,604.5,604.5,600.0,601.0,3434.0
2021-10-15,607.5,612.0,600.0,609.5,12024.0
2021-10-18,609.0,611.0,600.0,601.29999,6122.0
2021-10-21,600.0,607.90002,591.0,600.0,12367.0
2021-10-22,598.0,615.0,598.0,612.09998,5139.0
2021-10-25,614.90002,614.90002,607.0,607.0,512.0
2021-10-26,607.09998,638.0,607.09998,625.0,11944.0
2021-10-27,633.0,636.0,626.5,630.0,1513.0
2021-10-28,627.5,635.29999,627.5,632.90002,1362.0
2021-10-29,613.0,630.0,605.0,621.0,20565.0
2021-11-01,621.0,629.0,615.0,623.0,5517.0
2021-11-02,616.0,634.0,616.0,626.90002,5815.0
2021-11-03,626.09998,628.5,620.0,625.40002,1334.0
2021-11-04,621.0,624.0,602.09998,610.0,8172.0
2021-11-05,600.0,606.0,590.0,591.20001,5264.0
2021-11-08,590.20001,600.0,590.0,592.0,1570.0
2021-11-09,596.0,600.0,596.0,600.0,697.0
2021-11-10,595.20001,600.0,595.0,595.0,2632.0
2021-11-11,593.0,595.0,590.0,592.0,562.0
2021-11-12,595.0,598.5,593.0,595.0,3032.0
2021-11-15,599.0,603.0,595.0,601.0,2351.0
2021-11-16,637.0,637.0,637.0,637.0,2132.0
2021-11-17,647.90002,648.0,635.0,640.59998,14506.0
2021-11-19,637.0,641.0,637.0,640.0,4580.0
2021-11-22,643.90002,643.90002,627.09998,635.0,2126.0
2021-11-23,630.0,638.90002,630.0,630.0,1003.0
2021-11-24,630.0,640.0,627.0,630.0,5256.0
2021-11-25,627.09998,627.09998,618.0,626.0,5039.0
2021-11-26,617.0,624.0,610.0,620.0,4353.0
2021-11-29,609.0,618.0,592.0,614.0,5008.0
2021-11-30,615.0,620.0,610.0,614.0,17303.0
2021-12-01,617.0,617.0,610.0,611.0,15023.0
2021-12-02,611.0,611.0,600.0,610.0,712.0
2021-12-03,601.09998,610.0,600.0,601.0,761.0
2021-12-06,602.0,610.0,602.0,602.0,126.0
2021-12-07,605.0,606.0,605.0,606.0,33.0
2021-12-08,609.0,613.0,606.09998,610.0,1336.0
2021-12-09,610.0,623.0,610.0,620.0,4469.0
2021-12-10,620.0,628.0,620.0,628.0,10166.0
2021-12-13,629.90002,630.0,623.0,628.0,301.0
2021-12-14,623.0,628.0,621.20001,626.0,140.0
2021-12-15,621.20001,624.0,611.0,624.0,610.0
2021-12-16,611.0,618.0,611.0,615.09998,267.0
2021-12-17,615.0,623.0,610.0,610.0,1692.0
2021-12-20,611.0,620.0,610.0,619.70001,13855.0
2021-12-21,618.0,619.0,615.0,615.0,1101.0
2021-12-22,615.0,616.0,600.0,613.0,7788.0
2021-12-23,609.0,610.0,600.0,600.0,4693.0
2021-12-24,600.0,610.0,595.0,610.0,2412.0
2021-12-27,600.20001,609.0,600.20001,609.0,688.0
2021-12-28,602.0,603.0,600.0,602.0,3647.0
2021-12-29,610.0,610.0,601.5,601.5,889.0
2021-12-30,608.0,610.0,602.0,610.0,5504.0
2021-12-31,602.0,615.0,601.70001,615.0,21701.0
2022-01-03,615.0,619.90002,615.0,619.90002,368.0
2022-01-04,615.0,619.0,610.0,610.0,575.0
2022-01-05,617.0,617.0,608.0,608.0,391.0
2022-01-06,609.0,620.0,608.0,611.0,1382.0
2022-01-07,619.90002,647.59998,615.0,639.0,16727.0
2022-01-10,639.0,639.0,626.09998,634.0,1765.0
2022-01-12,635.0,672.0,634.0,672.0,47735.0
2022-01-13,689.5,692.0,669.09998,680.0,14512.0
2022-01-14,680.0,690.0,679.0,689.0,2219.0
2022-01-17,685.0,695.0,681.09998,695.0,3272.0
2022-01-18,698.0,724.79999,698.0,720.0,21665.0
2022-01-19,727.0,729.0,715.0,720.0,16355.0
2022-01-20,719.0,719.0,705.0,706.20001,7551.0
2022-01-21,700.0,704.0,695.0,701.0,8618.0
2022-01-24,704.0,704.0,691.0,691.0,9639.0
2022-01-25,690.0,695.0,661.0,692.5,6412.0
2022-01-26,691.0,698.0,691.0,698.0,1704.0
2022-01-27,700.0,717.90002,700.0,715.0,10184.0
2022-01-28,720.0,723.90002,715.0,715.0,5548.0
2022-01-31,710.20001,723.0,710.09998,719.0,3744.0
2022-02-01,719.0,735.0,719.0,730.0,9104.0
2022-02-02,732.0,740.0,725.20001,727.0,6165.0
2022-02-03,730.0,730.0,716.20001,730.0,7155.0
2022-02-04,730.0,735.0,725.0,730.0,4623.0
2022-02-07,728.09998,737.0,727.0,733.90002,1166.0
2022-02-08,730.09998,759.0,730.09998,759.0,17646.0
2022-02-09,760.0,764.0,750.0,752.0,2633.0
2022-02-10,750.09998,758.0,744.0,750.20001,4738.0
2022-02-11,745.09998,750.0,745.09998,750.0,271.0
2022-02-14,741.20001,741.20001,710.09998,720.0,9357.0
2022-02-15,721.0,723.0,719.0,720.0,3804.0
2022-02-16,717.0,717.0,710.0,715.0,3053.0
2022-02-17,715.0,725.0,710.0,715.0,3438.0
2022-02-18,720.0,744.90002,720.0,738.0,7368.0
2022-02-21,730.0,745.0,723.0,723.0,4627.0
2022-02-22,721.59998,728.0,710.0,720.0,4771.0
2022-02-23,711.0,726.0,711.0,720.0,1305.0
2022-02-24,699.0,709.0,676.90002,676.90002,12955.0
2022-02-25,676.90002,717.5,675.0,717.5,8489.0
2022-02-28,739.0,744.0,720.20001,730.0,8691.0
2022-03-01,732.90002,735.0,717.0,717.29999,3369.0
2022-03-02,715.09998,715.09998,702.09998,710.0,1080.0
2022-03-03,709.0,710.0,690.0,705.0,2085.0
2022-03-04,700.0,700.0,671.0,685.0,6333.0
2022-03-07,671.09998,671.09998,644.0,644.0,3671.0
2022-03-08,620.0,682.59998,620.0,682.59998,20671.0
2022-03-09,715.0,715.0,685.0,685.0,3077.0
2022-03-10,709.0,709.0,675.0,675.0,2239.0
2022-03-11,675.0,690.0,670.0,675.0,1225.0
2022-03-14,671.0,680.0,652.09998,668.0,1746.0
2022-03-15,679.90002,708.0,679.90002,708.0,4924.0
2022-03-16,729.90002,729.90002,715.0,722.0,4441.0
2022-03-17,726.90002,726.90002,718.0,721.0,2173.0
2022-03-18,718.0,721.0,708.0,720.0,2306.0
2022-03-21,763.09998,763.09998,763.09998,763.09998,3730.0
2022-03-22,770.0,779.0,749.0,750.0,36496.0
2022-03-23,743.09998,759.0,721.0,728.0,3477.0
2022-03-24,728.0,728.0,710.0,720.0,4049.0
2022-03-25,732.0,750.0,720.0,750.0,15678.0
2022-03-28,755.0,772.0,746.0,760.0,5770.0
2022-03-29,755.0,760.0,740.0,760.0,11005.0
2022-03-30,766.40002,766.40002,741.0,742.5,4286.0
2022-03-31,755.0,755.0,740.20001,742.0,1724.0
2022-04-01,741.0,752.0,741.0,749.0,5824.0
2022-04-04,749.0,749.0,745.0,745.0,273.0
2022-04-05,743.5,749.90002,740.0,740.20001,1120.0
2022-04-06,741.20001,749.5,735.0,741.29999,781.0
2022-04-07,740.0,750.09998,737.29999,750.09998,3375.0
2022-04-08,756.79999,764.0,750.0,764.0,2982.0
2022-04-11,765.0,779.0,765.0,778.0,6239.0
2022-04-12,778.0,795.0,778.0,788.0,21459.0
2022-04-13,791.0,794.90002,785.0,788.0,8531.0
2022-04-14,787.0,789.0,775.0,775.79999,1880.0
2022-04-15,789.0,789.0,773.0,773.0,2616.0
2022-04-18,775.09998,788.0,775.09998,788.0,192.0
2022-04-19,785.0,785.0,781.20001,782.0,825.0
2022-04-20,786.0,786.0,778.0,780.59998,3279.0
2022-04-21,782.0,827.40002,782.0,827.40002,25076.0
2022-04-22,840.0,858.0,835.09998,840.0,21367.0
2022-04-25,829.90002,840.0,805.0,835.0,3023.0
2022-04-26,830.0,835.0,811.0,813.0,8190.0
2022-04-27,815.09998,833.0,815.0,833.0,4439.0
2022-04-28,833.0,850.0,815.09998,838.0,4127.0
2022-04-29,840.0,855.0,840.0,850.0,7519.0
2022-05-04,851.0,869.90002,851.0,860.0,4301.0
2022-05-05,869.0,879.0,850.0,850.0,18359.0
2022-05-06,851.09998,867.90002,818.0,840.0,32928.0
2022-05-09,840.09998,858.0,840.0,852.0,6708.0
2022-05-10,857.0,857.0,831.0,831.0,988.0
2022-05-11,848.90002,848.90002,825.0,839.0,400.0
2022-05-12,830.0,830.0,815.0,825.0,2067.0
2022-05-13,834.0,839.0,826.20001,839.0,10599.0
2022-05-16,840.0,860.0,840.0,859.90002,3373.0
2022-05-17,858.0,873.0,858.0,873.0,11445.0
2022-05-18,873.0,889.0,870.0,884.0,6986.0
2022-05-19,888.90002,888.90002,857.5,872.0,5102.0
2022-05-20,869.0,869.0,855.0,855.09998,3838.0
2022-05-23,855.0,855.0,845.0,846.0,1113.0
2022-05-24,841.0,859.5,821.0,834.0,3933.0
2022-05-25,848.0,848.0,820.0,839.5,759.0
2022-05-26,823.0,847.0,823.0,847.0,411.0
2022-05-27,847.0,864.90002,825.29999,850.0,8010.0
2022-05-30,855.0,855.0,825.0,825.0,4512.0
2022-05-31,839.90002,839.90002,809.90002,826.0,16810.0
2022-06-01,826.0,838.90002,816.0,838.90002,64.0
2022-06-02,838.0,843.0,838.0,840.0,2111.0
2022-06-03,840.0,845.0,832.0,832.0,4124.0
2022-06-06,829.20001,829.29999,816.0,816.09998,2300.0
2022-06-07,818.0,830.0,818.0,830.0,227.0
2022-06-08,821.0,830.0,820.0,829.0,1201.0
2022-06-09,830.0,830.0,830.0,830.0,391.0
2022-06-10,830.0,835.0,830.0,835.0,10.0
2022-06-13,835.79999,836.0,791.0,791.0,3331.0
2022-06-14,790.0,790.0,750.0,750.0,12218.0
2022-06-15,750.0,772.29999,748.0,750.0,2834.0
2022-06-16,750.0,782.90002,749.90002,749.90002,557.0
2022-06-17,750.0,750.0,730.0,736.0,2736.0
2022-06-20,766.90002,770.0,739.0,759.0,629.0
2022-06-21,775.0,777.0,760.0,760.0,3695.0
2022-06-22,756.09998,773.0,755.0,755.0,152.0
2022-06-23,750.0,750.0,735.09998,735.09998,319.0
2022-06-24,735.0,752.90002,715.0,715.0,7345.0
2022-06-27,716.0,717.0,715.0,717.0,606.0
2022-06-28,724.90002,728.0,711.0,726.0,350.0
2022-06-29,714.5,729.0,711.0,729.0,255.0
2022-06-30,729.0,730.0,729.0,729.5,287.0
2022-07-01,720.0,720.0,685.79999,685.79999,18301.0
2022-07-04,683.09998,693.90002,650.0,650.0,15864.0
2022-07-05,651.0,668.09998,651.0,654.0,4711.0
2022-07-06,653.09998,664.0,645.29999,660.0,4414.0
2022-07-07,660.0,685.0,652.0,670.0,2877.0
2022-07-08,682.90002,682.90002,670.0,670.20001,2228.0
2022-07-12,694.0,710.40002,692.0,710.40002,3375.0
2022-07-13,730.0,750.0,725.0,743.0,1997.0
2022-07-14,752.0,764.0,740.0,740.0,4373.0
2022-07-15,749.0,749.0,730.0,730.0,809.0
2022-07-18,730.0,739.0,730.0,735.0,526.0
2022-07-19,731.0,764.90002,731.0,750.0,9621.0
2022-07-20,740.0,740.0,730.0,737.0,14.0
2022-07-21,736.90002,740.0,736.90002,739.59998,311.0
2022-07-22,733.0,768.0,733.0,737.59998,604.0
2022-07-25,740.0,751.79999,725.0,725.0,448.0
2022-07-26,721.0,725.0,711.0,711.0,115.0
2022-07-27,710.5,730.0,710.0,730.0,162.0
2022-07-28,739.40002,739.40002,715.0,715.0,221.0
2022-07-29,731.0,731.0,710.0,710.0,367.0
2022-08-01,706.09998,734.90002,706.09998,732.5,176.0
2022-08-02,721.0,739.40002,721.0,730.0,1907.0
2022-08-03,727.0,738.0,712.0,729.0,10339.0
2022-08-04,729.0,745.0,729.0,736.0,2269.0
2022-08-05,736.0,745.0,736.0,737.0,2152.0
2022-08-08,749.90002,749.90002,732.09998,743.0,28.0
2022-08-09,731.5,739.0,731.20001,732.0,1289.0
2022-08-10,733.0,749.0,733.0,738.0,924.0
2022-08-11,749.0,764.0,733.29999,764.0,3719.0
2022-08-12,762.0,780.0,762.0,765.0,8931.0
2022-08-15,776.0,776.0,765.0,770.0,718.0
2022-08-16,764.09998,765.09998,762.0,762.0,249.0
2022-08-17,761.0,761.09998,760.0,760.0,1038.0
2022-08-18,753.0,762.0,741.0,746.0,674.0
2022-08-19,759.59998,759.59998,748.09998,757.5,120.0
2022-08-22,761.79999,776.0,755.0,763.0,415.0
2022-08-23,764.0,764.0,758.0,758.0,148.0
2022-08-24,753.5,753.5,733.0,745.0,5503.0
2022-08-25,735.09998,755.0,735.0,737.20001,144.0
2022-08-26,740.0,755.0,735.0,750.0,3065.0
2022-08-29,751.0,769.0,750.0,769.0,460.0
2022-08-30,753.09998,755.5,737.5,750.0,1796.0
2022-08-31,750.0,750.0,740.0,741.09998,242.0
2022-09-01,749.0,750.0,735.0,750.0,1681.0
2022-09-02,759.90002,760.0,746.29999,746.29999,194.0
2022-09-05,753.0,775.0,750.0,765.0,4498.0
2022-09-06,775.0,776.0,750.0,770.0,1838.0
2022-09-07,769.5,769.5,760.20001,766.0,357.0
2022-09-08,760.09998,766.0,758.20001,758.20001,372.0
2022-09-09,760.0,768.0,740.0,746.09998,1125.0
2022-09-12,747.0,759.0,745.0,750.0,1230.0
2022-09-13,750.0,757.90002,746.20001,746.20001,153.0
2022-09-14,750.0,750.0,744.0,750.0,42.0
2022-09-15,749.5,767.0,748.0,764.0,1683.0
2022-09-16,760.0,775.0,729.0,729.0,5128.0
2022-09-19,711.0,730.0,686.09998,700.0,3855.0
2022-09-20,700.0,719.5,693.09998,719.5,1050.0
2022-09-21,719.0,719.40002,695.0,700.0,2824.0
2022-09-22,700.0,708.0,700.0,707.0,143.0
2022-09-23,703.0,709.0,691.0,691.0,5524.0
2022-09-26,692.0,692.0,678.0,685.0,1758.0
2022-09-27,690.0,690.0,660.0,675.0,850.0
2022-09-28,660.0,669.79999,656.0,656.0,3431.0
2022-09-29,656.0,656.0,633.0,637.0,2559.0
2022-09-30,621.09998,650.0,621.09998,650.0,13971.0
2022-10-03,645.0,650.0,645.0,650.0,29.0
2022-10-04,650.0,667.0,631.5,667.0,2249.0
2022-10-05,669.0,669.0,647.20001,647.20001,155.0
2022-10-06,666.0,668.0,650.0,668.0,3022.0
2022-10-07,665.0,665.0,655.0,655.0,69.0
2022-10-11,656.0,666.90002,650.0,655.0,189.0
2022-10-12,651.0,651.0,651.0,651.0,1.0
2022-10-13,645.0,659.0,640.0,640.0,274.0
2022-10-14,640.0,640.0,635.0,640.0,110.0
2022-10-17,632.0,640.0,615.0,615.29999,3199.0
2022-10-18,615.09998,616.0,595.0,600.0,727.0
2022-10-19,595.5,600.0,595.0,595.0,172.0
2022-10-20,590.0,594.0,560.0,560.0,2560.0
2022-10-21,549.0,562.0,535.0,540.0,18714.0
2022-10-24,525.0,550.0,525.0,527.0,3791.0
2022-10-25,539.0,558.29999,527.0,550.0,1189.0
2022-10-26,566.0,575.0,555.0,570.0,1460.0
2022-10-27,574.79999,600.0,574.79999,580.0,6500.0
2022-10-28,598.0,599.79999,570.0,570.0,4416.0
2022-10-31,569.0,583.0,569.0,583.0,213.0
2022-11-01,598.79999,603.0,579.09998,595.0,452.0
2022-11-02,591.0,595.59998,585.59998,590.0,330.0
2022-11-03,585.70001,590.0,577.0,577.0,129.0
2022-11-04,577.09998,580.0,555.0,555.0,10226.0
2022-11-07,570.0,570.0,549.0,560.0,9583.0
2022-11-08,560.0,566.79999,545.0,555.0,168.0
2022-11-09,557.0,557.0,549.29999,549.29999,505.0
2022-11-10,550.0,550.0,525.0,530.0,2158.0
2022-11-11,530.0,530.0,513.0,526.0,6595.0
2022-11-14,539.90002,543.0,530.0,535.0,1126.0
2022-11-15,539.0,539.0,530.0,538.0,763.0
2022-11-16,540.09998,550.0,538.0,539.0,199.0
2022-11-17,535.0,562.0,535.0,562.0,146.0
2022-11-21,560.90002,562.0,550.0,550.0,1326.0
2022-11-22,555.0,581.0,550.09998,553.0,526.0
2022-11-23,574.0,574.0,555.0,569.0,272.0
2022-11-24,553.0,570.70001,548.0,548.0,299.0
2022-11-25,548.0,560.0,548.0,560.0,115.0
2022-11-28,563.0,563.0,563.0,563.0,1.0
2022-11-29,545.0,575.0,543.0,565.0,2328.0
2022-11-30,565.0,565.0,562.0,562.0,215.0
2022-12-01,570.0,580.0,570.0,570.0,476.0
2022-12-02,570.0,585.0,570.0,570.0,2438.0
2022-12-05,595.0,595.0,575.0,588.0,22.0
2022-12-06,588.0,600.0,588.0,600.0,2172.0
2022-12-07,605.0,619.0,600.0,600.0,1067.0
2022-12-08,605.0,605.0,598.0,598.0,5249.0
2022-12-09,600.0,610.0,600.0,600.0,2450.0
2022-12-12,600.0,600.0,600.0,600.0,6.0
2022-12-13,600.0,600.09998,580.0,580.0,1185.0
2022-12-14,580.0,580.0,566.0,566.0,239.0
2022-12-15,566.0,580.0,564.0,566.0,437.0
2022-12-16,566.0,575.0,560.0,560.0,2139.0
2022-12-19,565.0,565.0,560.0,560.0,383.0
2022-12-20,560.0,560.0,530.0,530.0,3451.0
2022-12-21,543.29999,559.0,535.0,535.0,305.0
2022-12-22,559.90002,560.0,536.0,536.0,257.0
2022-12-23,558.0,558.0,540.0,540.0,252.0
2022-12-26,551.0,551.0,541.0,541.0,911.0
2022-12-27,551.0,565.0,542.0,543.0,1111.0
2022-12-28,543.09998,546.0,540.0,540.0,876.0
2022-12-29,555.0,555.0,520.0,520.0,2729.0
2022-12-30,529.90002,539.0,515.0,520.0,3850.0
2023-01-02,535.0,551.09998,505.0,505.0,1557.0
2023-01-03,507.0,519.5,501.5,519.5,234.0
2023-01-04,519.70001,525.0,500.10001,500.10001,10769.0
2023-01-05,500.0,500.0,478.0,489.0,3126.0
2023-01-06,480.0,499.89999,480.0,480.10001,2102.0
2023-01-09,480.5,480.54999,466.10001,468.10001,872.0
2023-01-10,468.0,488.0,450.0,480.0,1970.0
2023-01-12,470.0,500.0,470.0,487.0,2298.0
2023-01-13,499.85001,516.20001,499.85001,516.20001,3094.0
2023-01-16,525.0,544.0,525.0,544.0,552.0
2023-01-17,542.0,547.0,530.0,543.0,1182.0
2023-01-18,544.0,546.5,533.0,542.0,455.0
2023-01-19,540.0,540.0,525.0,525.0,864.0
2023-01-20,521.0,536.90002,510.0,523.0,570.0
2023-01-23,523.0,529.5,505.0,524.79999,541.0
2023-01-24,524.0,545.0,512.0,540.0,276.0
2023-01-25,539.0,545.0,526.0,543.90002,113.0
2023-01-26,544.90002,545.0,530.0,531.29999,280.0
2023-01-27,540.0,544.0,530.0,543.0,377.0
2023-01-30,532.0,550.0,532.0,550.0,4205.0
2023-01-31,551.0,575.0,542.0,565.0,1416.0
2023-02-01,554.5,590.0,554.0,590.0,11213.0
2023-02-02,590.0,602.0,590.0,595.0,6466.0
2023-02-03,595.0,608.0,590.0,595.0,8779.0
2023-02-06,590.0,590.0,567.0,589.0,3254.0
2023-02-07,589.0,590.0,588.0,590.0,675.0
2023-02-08,590.0,594.0,589.0,589.0,3112.0
2023-02-09,585.0,603.90002,585.0,602.0,554.0
2023-02-10,613.0,613.0,596.0,600.0,5451.0
2023-02-13,603.0,603.0,595.0,595.0,1215.0
2023-02-14,590.0,597.0,585.0,585.0,1562.0
2023-02-15,590.0,590.0,582.0,582.0,292.0
2023-02-16,582.5,589.0,580.0,585.0,4536.0
2023-02-17,588.0,600.0,585.59998,597.0,343.0
2023-02-20,589.5,599.0,589.5,598.90002,3560.0
2023-02-21,597.0,597.0,589.0,595.90002,687.0
2023-02-22,595.90002,598.0,594.0,598.0,30.0
2023-02-23,595.0,598.0,590.0,598.0,20.0
2023-02-24,585.09998,610.0,585.09998,609.0,2655.0
2023-02-27,617.0,617.0,608.0,610.0,172.0
2023-02-28,606.0,615.0,590.0,605.0,397.0
2023-03-01,605.0,605.0,595.0,604.5,165.0
2023-03-02,604.40002,616.0,600.0,600.09998,517.0
2023-03-03,564.09998,564.09998,564.09998,564.09998,237.0
2023-03-06,535.0,555.0,533.0,533.0,7433.0
2023-03-07,542.0,543.0,535.09998,535.09998,585.0
2023-03-08,567.0,567.0,525.0,525.0,4339.0
2023-03-09,526.0,531.0,525.0,531.0,1649.0
2023-03-10,533.0,534.0,530.0,532.0,639.0
2023-03-13,534.0,535.0,521.0,525.0,4292.0
2023-03-14,525.0,533.0,513.0,530.90002,950.0
2023-03-15,526.0,530.0,522.0,530.0,22.0
2023-03-16,530.0,535.0,530.0,535.0,43.0
2023-03-17,534.0,534.0,528.0,528.0,624.0
2023-03-20,547.0,559.59998,545.5,559.59998,2331.0
2023-03-21,562.0,593.09998,562.0,593.09998,8076.0
2023-03-22,600.0,603.0,577.0,590.0,1118.0
2023-03-23,583.0,590.0,583.0,587.5,5425.0
2023-03-24,587.0,595.0,585.0,585.0,2220.0
2023-03-27,594.0,600.0,594.0,600.0,400.0
2023-03-28,590.0,590.0,580.0,590.0,3781.0
2023-03-30,566.0,566.0,566.0,566.0,854.0
2023-03-31,570.0,570.0,555.0,560.0,4257.0
2023-04-03,565.0,573.0,565.0,565.0,25.0
2023-04-04,566.0,577.0,566.0,577.0,51.0
2023-04-05,566.0,566.0,560.0,560.0,1033.0
2023-04-06,560.0,579.90002,560.0,560.0,405.0
2023-04-07,560.09998,560.09998,553.0,553.0,147.0
2023-04-10,553.09998,553.09998,550.0,552.0,779.0
2023-04-11,550.0,550.0,550.0,550.0,1214.0
2023-04-12,550.0,565.90002,550.0,550.0,6219.0
2023-04-13,547.0,550.0,547.0,547.20001,167.0
2023-04-14,547.20001,547.20001,547.20001,547.20001,2.0
2023-04-17,547.0,547.0,545.0,545.0,5175.0
2023-04-18,550.0,550.0,545.0,550.0,511.0
2023-04-19,546.09998,550.0,545.0,545.0,1818.0
2023-04-20,545.0,546.0,545.0,546.0,1478.0
2023-04-21,559.0,559.0,546.0,552.0,453.0
2023-04-25,552.0,560.0,545.5,545.5,492.0
2023-04-26,552.0,560.0,548.0,560.0,422.0
2023-04-27,555.0,580.0,553.0,577.90002,401.0
2023-04-28,570.0,579.29999,545.0,545.0,475.0
2023-05-02,568.0,568.0,551.0,560.0,1105.0
2023-05-03,562.0,562.0,552.20001,552.20001,11.0
2023-05-04,564.90002,570.0,560.0,560.0,2149.0
2023-05-05,569.0,569.0,560.0,562.0,468.0
2023-05-08,572.90002,575.0,563.5,563.5,436.0
2023-05-09,565.0,570.0,563.20001,570.0,532.0
2023-05-10,570.0,577.0,570.0,573.0,651.0
2023-05-11,576.70001,589.0,576.70001,580.0,1005.0
2023-05-12,580.0,580.0,570.0,570.0,568.0
2023-05-15,580.0,580.0,570.0,577.5,394.0
2023-05-16,578.0,579.0,570.5,577.0,6596.0
2023-05-17,572.70001,578.0,572.59998,577.79999,54.0
2023-05-18,579.0,580.0,575.0,575.0,521.0
2023-05-19,575.0,581.0,575.0,580.0,1120.0
2023-05-22,579.90002,579.90002,570.0,575.0,2304.0
2023-05-23,575.0,578.0,562.0,577.0,382.0
2023-05-24,578.40002,582.5,566.0,579.0,971.0
2023-05-25,582.0,583.0,575.0,580.0,1610.0
2023-05-26,587.0,587.5,575.09998,585.09998,970.0
2023-05-29,589.0,591.0,583.20001,590.90002,125.0
2023-05-30,592.0,595.0,590.0,595.0,1306.0
2023-05-31,597.5,609.0,587.0,587.0,5132.0
2023-06-01,551.79999,568.0,551.79999,561.0,6167.0
2023-06-02,569.0,569.0,560.0,560.0,529.0
2023-06-05,557.0,561.0,555.0,555.0,1179.0
2023-06-06,559.90002,560.0,555.0,560.0,1227.0
2023-06-07,560.0,560.0,555.0,556.20001,719.0
2023-06-08,555.09998,560.0,555.09998,560.0,34.0
2023-06-09,565.0,565.0,560.0,563.0,269.0
2023-06-12,560.0,560.0,557.0,557.0,81.0
2023-06-13,557.0,561.0,556.0,561.0,292.0
2023-06-14,563.0,568.0,560.0,563.59998,886.0
2023-06-15,567.0,590.0,567.0,584.0,938.0
2023-06-16,587.0,587.0,575.0,575.0,1334.0
2023-06-19,575.0,585.0,575.0,575.0,413.0
2023-06-20,582.0,599.90002,566.0,599.90002,2389.0
2023-06-21,584.0,597.0,577.20001,577.20001,688.0
2023-06-22,580.09998,586.5,570.0,577.5,5983.0
2023-06-23,577.09998,585.0,577.0,585.0,5917.0
2023-06-26,587.0,587.0,580.0,580.0,90.0
2023-06-27,581.0,582.0,580.0,580.0,526.0
2023-06-28,580.0,583.0,578.0,580.0,703.0
2023-07-03,577.0,582.0,576.0,576.40002,139.0
2023-07-04,584.0,584.0,578.40002,584.0,384.0
2023-07-05,585.0,595.0,584.0,589.0,3729.0
2023-07-06,594.0,594.0,581.5,590.0,663.0
2023-07-07,592.0,592.0,587.0,589.0,2779.0
2023-07-10,587.0,588.0,584.0,588.0,4816.0
2023-07-11,586.0,589.79999,583.0,584.0,828.0
2023-07-12,585.0,587.0,576.0,580.0,4155.0
2023-07-13,580.0,583.0,577.0,580.0,449.0
2023-07-14,582.0,586.0,580.0,586.0,27227.0
2023-07-17,590.09998,595.90002,587.0,594.40002,788.0
2023-07-18,596.0,598.0,591.5,593.0,1581.0
2023-07-20,596.0,599.0,593.5,599.0,979.0
2023-07-21,570.0,578.0,570.0,575.0,3266.0
2023-07-24,576.0,576.0,568.0,570.29999,10522.0
2023-07-25,570.79999,570.79999,570.0,570.0,1582.0
2023-07-26,570.0,573.0,560.0,572.0,2156.0
2023-07-27,562.20001,572.0,562.20001,570.0,869.0
2023-07-28,570.0,575.0,570.0,575.0,973.0
2023-07-31,575.0,584.0,575.0,583.79999,678.0
2023-08-01,576.0,585.0,576.0,580.0,141.0
2023-08-02,583.79999,584.0,580.0,580.0,1431.0
2023-08-03,580.09998,580.09998,577.0,578.20001,2862.0
2023-08-04,578.90002,583.5,578.90002,583.5,1116.0
2023-08-07,583.0,583.0,578.0,578.0,57.0
2023-08-08,578.0,584.0,571.20001,583.90002,2498.0
2023-08-09,584.90002,584.90002,571.0,573.0,82.0
2023-08-10,579.90002,579.90002,570.0,578.0,2066.0
2023-08-11,572.0,578.0,570.0,576.0,284.0
2023-08-15,565.20001,577.0,565.20001,570.0,253.0
2023-08-16,578.0,578.0,577.90002,577.90002,226.0
2023-08-17,572.0,572.5,572.0,572.5,47.0
2023-08-18,570.0,572.5,570.0,572.0,60.0
2023-08-22,566.20001,574.0,566.0,570.0,225.0
2023-08-23,566.0,569.0,563.29999,567.90002,11868.0
2023-08-24,564.0,565.0,562.0,565.0,1322.0
2023-08-25,562.29999,562.29999,555.20001,561.0,5263.0
2023-08-28,560.0,560.0,560.0,560.0,91.0
2023-08-29,560.0,560.0,557.0,559.90002,33.0
2023-08-30,560.0,563.0,556.20001,561.0,11123.0
2023-08-31,561.90002,561.90002,545.0,550.0,1483.0
2023-09-01,555.0,557.0,551.0,557.0,795.0
2023-09-04,551.0,563.90002,546.0,550.0,1219.0
2023-09-05,546.40002,550.0,540.0,550.0,723.0
2023-09-06,545.59998,550.0,530.0,534.0,1448.0
2023-09-07,534.59998,543.90002,533.59998,538.0,387.0
2023-09-08,549.0,549.0,525.0,526.09998,14812.0
2023-09-11,544.90002,557.59998,540.0,557.59998,6164.0
2023-09-12,587.0,591.0,580.0,591.0,7329.0
2023-09-13,618.79999,618.79999,580.0,582.0,13052.0
2023-09-14,582.20001,587.0,580.0,583.40002,1062.0
2023-09-15,589.0,589.0,580.0,580.09998,1333.0
2023-09-18,556.09998,564.0,545.29999,558.0,15208.0
2023-09-19,558.0,569.90002,557.0,568.0,2079.0
2023-09-20,571.0,573.0,568.0,568.0,558.0
2023-09-21,572.0,572.5,560.0,565.0,13553.0
2023-09-22,571.70001,571.70001,560.0,569.0,313.0
2023-09-25,565.20001,568.0,550.0,563.0,3059.0
2023-09-26,566.0,566.0,550.20001,556.0,494.0
2023-09-27,550.0,559.0,550.0,550.0,1137.0
2023-10-02,550.0,551.0,547.0,549.0,484.0
2023-10-03,558.0,564.0,540.0,550.0,1694.0
2023-10-04,550.0,559.70001,545.0,559.70001,117.0
2023-10-05,593.20001,593.20001,593.20001,593.20001,1052.0
2023-10-06,628.70001,628.70001,628.70001,628.70001,15135.0
2023-10-09,620.0,630.0,617.0,623.0,16585.0
2023-10-10,628.0,665.0,625.5,662.90002,11155.0
2023-10-11,663.0,664.40002,645.0,663.90002,4088.0
2023-10-12,653.0,664.40002,653.0,664.0,1368.0
2023-10-13,661.09998,683.0,661.09998,680.0,9338.0
2023-10-16,684.0,688.0,680.0,688.0,16648.0
2023-10-17,690.0,700.0,683.29999,685.0,1209.0
2023-10-18,700.09998,753.40002,700.09998,753.40002,31470.0
2023-10-19,754.0,770.0,730.0,730.0,7743.0
2023-10-20,747.79999,747.79999,720.0,720.0,2580.0
2023-10-23,720.0,720.0,680.0,700.0,2389.0
2023-10-24,720.0,720.0,707.0,718.0,834.0
2023-10-25,717.40002,717.40002,705.0,710.5,165.0
2023-10-26,713.0,713.0,695.0,699.0,245.0
2023-10-27,690.5,691.0,680.5,690.0,1661.0
2023-10-30,680.70001,690.0,680.70001,684.0,434.0
2023-10-31,687.0,694.0,684.20001,689.0,467.0
2023-11-01,694.0,697.90002,694.0,697.0,136.0
2023-11-02,696.0,697.0,686.0,697.0,1225.0
2023-11-03,687.0,697.0,687.0,697.0,340.0
2023-11-08,677.0,695.0,677.0,695.0,925.0
2023-11-09,695.0,695.0,684.0,695.0,227.0
2023-11-10,684.0,695.90002,684.0,695.90002,6003.0
2023-11-13,686.09998,694.90002,686.0,687.09998,367.0
2023-11-14,686.0,695.0,676.0,680.0,1645.0
2023-11-15,689.90002,689.90002,689.90002,689.90002,1.0
2023-11-16,681.0,681.0,680.0,680.0,87.0
2023-11-17,685.0,685.0,685.0,685.0,302.0
2023-11-20,684.90002,684.90002,680.0,680.0,617.0
2023-11-21,681.0,681.0,675.0,680.0,2267.0
2023-11-22,680.0,680.0,677.0,680.0,450.0
2023-11-23,680.0,681.0,678.0,681.0,235.0
2023-11-24,681.0,683.0,678.0,678.0,1536.0
2023-11-27,670.29999,680.0,670.29999,680.0,3.0
2023-11-28,670.29999,675.0,670.0,674.0,95.0
2023-11-29,673.0,673.0,660.0,662.0,391.0
2023-11-30,630.0,660.90002,630.0,640.5,98.0
2023-12-01,631.0,633.0,615.0,615.0,3257.0
2023-12-04,649.0,649.0,615.0,620.0,193.0
2023-12-05,660.0,660.0,652.0,652.0,536.0
2023-12-06,640.0,649.0,621.0,640.79999,1524.0
2023-12-07,623.09998,644.90002,623.09998,644.90002,3.0
2023-12-08,645.0,659.0,644.90002,659.0,1843.0
2023-12-11,659.0,659.0,645.0,645.09998,31.0
2023-12-12,645.09998,650.0,640.0,650.0,1002.0
2023-12-13,657.70001,670.0,657.70001,669.90002,1807.0
2023-12-14,660.0,673.0,655.09998,670.0,998.0
2023-12-15,675.0,680.0,666.0,679.0,383.0
2023-12-18,680.0,680.0,680.0,680.0,12.0
2023-12-19,655.09998,678.70001,655.09998,678.70001,1092.0
2023-12-20,677.0,678.79999,677.0,678.79999,210.0
2023-12-22,676.90002,676.90002,676.90002,676.90002,400.0
2023-12-26,665.0,671.0,652.0,657.59998,6228.0
2023-12-27,660.0,661.20001,660.0,661.20001,325.0
2023-12-28,673.0,677.0,665.0,666.5,35619.0
2023-12-29,671.90002,671.90002,655.0,660.0,2111.0
2024-01-02,677.5,677.5,660.0,668.0,1129.0
2024-01-03,674.79999,674.79999,655.0,672.0,755.0
2024-01-04,672.0,672.0,670.0,670.0,661.0
2024-01-05,670.0,677.0,660.09998,669.0,1800.0
2024-01-08,675.0,677.79999,663.0,665.0,1802.0
2024-01-09,664.0,667.0,663.09998,664.09998,1006.0
2024-01-10,675.0,675.0,666.0,671.0,953.0
2024-01-12,674.0,674.0,668.0,674.0,2683.0
2024-01-15,674.0,686.0,674.0,686.0,5241.0
2024-01-16,685.0,696.90002,685.0,686.0,968.0
2024-01-17,694.90002,694.90002,686.0,689.90002,336.0
2024-01-18,684.20001,735.0,680.0,717.0,7223.0
2024-01-19,724.0,724.0,701.0,706.0,1546.0
2024-01-22,715.0,715.0,704.0,714.0,1281.0
2024-01-23,707.09998,745.0,707.0,732.0,18328.0
2024-01-24,739.90002,739.90002,717.0,726.90002,13101.0
2024-01-25,730.0,730.0,726.90002,727.0,1721.0
2024-01-26,726.90002,726.90002,720.0,721.0,2680.0
2024-01-29,721.0,725.0,710.0,724.5,1462.0
2024-01-30,720.0,720.0,715.0,719.79999,4089.0
2024-01-31,713.0,713.0,700.0,700.0,871.0
2024-02-01,715.0,715.0,714.90002,714.90002,68.0
2024-02-02,715.0,715.0,714.0,714.0,6.0
2024-02-05,705.0,714.0,703.0,714.0,111.0
2024-02-06,714.0,715.0,706.0,714.79999,2115.0
2024-02-07,714.90002,714.90002,700.0,711.0,452.0
2024-02-08,706.0,710.0,706.0,710.0,2893.0
2024-02-09,706.0,725.0,706.0,712.0,1147.0
2024-02-12,712.0,719.0,702.0,719.0,688.0
2024-02-13,719.0,719.0,710.0,717.0,233.0
2024-02-14,713.0,717.0,700.0,715.0,3110.0
2024-02-15,710.0,715.0,700.0,712.0,122.0
2024-02-16,710.0,720.0,701.09998,710.0,12644.0
2024-02-19,710.0,725.0,710.0,712.20001,218.0
2024-02-20,715.0,724.0,714.0,723.0,208.0
2024-02-21,724.5,724.5,717.0,720.0,8830.0
2024-02-22,720.0,749.0,718.09998,747.0,16798.0
2024-02-23,744.0,760.0,744.0,750.0,3378.0
2024-02-26,760.0,760.0,746.29999,755.40002,404.0
2024-02-27,754.0,770.0,750.0,755.0,3881.0
2024-02-28,732.09998,754.0,732.09998,752.5,1999.0
2024-02-29,749.90002,750.0,732.0,732.0,1605.0
2024-03-01,730.0,734.90002,726.0,730.40002,3937.0
2024-03-04,731.0,735.0,726.09998,735.0,2283.0
2024-03-05,735.0,735.0,729.0,733.0,625.0
2024-03-06,730.09998,730.09998,725.0,725.0,3274.0
2024-03-07,725.29999,729.0,723.0,729.0,491.0
2024-03-08,730.0,730.0,722.0,722.0,68.0
2024-03-11,729.0,729.0,720.0,727.5,289.0
2024-03-12,720.5,726.0,716.0,726.0,1479.0
2024-03-13,725.0,725.0,723.0,723.0,151.0
2024-03-14,715.0,721.0,715.0,721.0,57.0
2024-03-15,700.0,701.0,680.0,700.0,19186.0
2024-03-18,699.5,708.70001,699.0,705.0,2419.0
2024-03-19,699.09998,719.0,695.0,719.0,9995.0
2024-03-20,719.0,722.0,709.0,709.0,3733.0
2024-03-21,725.0,725.0,710.0,723.0,2492.0
2024-03-22,722.79999,728.0,722.0,728.0,786.0
2024-03-25,714.0,730.0,714.0,730.0,149.0
2024-03-26,729.0,732.0,720.0,732.0,713.0
2024-03-27,735.0,761.0,725.09998,750.0,7818.0
2024-03-28,760.0,764.0,742.0,750.0,1791.0
2024-03-29,750.0,750.0,740.0,740.0,2824.0
2024-04-01,740.0,760.0,740.0,750.0,3676.0
2024-04-02,757.0,769.0,754.0,760.09998,1519.0
2024-04-03,764.0,800.0,761.59998,800.0,12068.0
2024-04-04,850.0,850.0,820.0,820.0,4014.0
2024-04-05,800.0,818.0,800.0,800.0,19173.0
2024-04-08,810.0,841.0,810.0,832.0,1498.0
2024-04-09,840.0,860.0,834.0,860.0,15238.0
2024-04-15,870.0,872.0,842.29999,870.0,5757.0
2024-04-16,878.0,904.0,875.09998,900.0,24462.0
2024-04-17,896.0,900.0,856.0,866.0,4402.0
2024-04-18,871.5,940.0,871.5,921.09998,9130.0
2024-04-19,920.0,942.0,915.0,915.0,12168.0
2024-04-22,938.0,938.0,834.0,835.0,11568.0
2024-04-23,830.0,849.90002,800.0,836.0,4199.0
2024-04-24,888.0,888.0,850.0,873.0,1338.0
2024-04-25,873.0,873.0,831.09998,831.09998,8965.0
2024-04-26,839.0,849.90002,830.0,831.09998,11369.0
2024-04-29,831.0,857.0,830.0,835.0,3672.0
2024-04-30,835.0,844.0,820.0,844.0,336.0
2024-05-02,858.0,858.0,835.0,840.0,121.0
2024-05-03,850.0,850.0,835.0,835.0,1038.0
2024-05-06,835.0,836.0,825.0,832.0,1371.0
2024-05-07,832.09998,844.0,832.0,844.0,181.0
2024-05-08,849.0,849.0,833.0,833.0,1838.0
2024-05-09,833.09998,833.09998,830.0,830.0,9993.0
2024-05-10,830.0,845.0,830.0,832.09998,543.0
2024-05-13,840.0,843.0,830.0,840.0,565.0
2024-05-14,831.0,842.0,828.0,842.0,10506.0
2024-05-15,844.0,855.0,844.0,854.0,1847.0
2024-05-16,850.0,851.0,842.0,851.0,7363.0
2024-05-17,850.0,865.0,842.59998,865.0,3148.0
2024-05-20,852.09998,863.0,852.09998,863.0,1783.0
2024-05-21,860.0,872.0,855.09998,860.0,1615.0
2024-05-22,854.09998,863.0,841.0,860.0,1840.0
2024-05-23,860.0,860.0,860.0,860.0,849.0
2024-05-24,851.0,865.0,851.0,860.0,345.0
2024-05-27,860.0,860.0,850.0,850.0,5162.0
2024-05-28,860.0,860.0,845.0,856.0,138.0
2024-05-29,850.0,855.0,830.0,839.0,7442.0
2024-05-30,838.0,840.0,838.0,840.0,540.0
2024-05-31,848.0,848.0,833.0,833.0,421.0
2024-06-03,804.0,820.0,781.0,818.0,2533.0
2024-06-04,820.0,820.0,805.09998,814.0,187.0
2024-06-05,803.5,803.59998,791.0,795.0,5367.0
2024-06-06,792.0,800.0,792.0,800.0,1118.0
2024-06-07,804.90002,815.0,760.0,801.0,1115.0
2024-06-10,786.20001,800.0,786.20001,800.0,103.0
2024-06-11,800.0,812.0,800.0,812.0,1943.0
2024-06-12,805.0,812.0,800.0,811.5,16265.0
2024-06-13,805.0,811.0,805.0,811.0,3646.0
2024-06-19,801.09998,812.5,800.0,812.5,879.0
2024-06-20,800.09998,809.79999,800.0,809.79999,373.0
2024-06-21,810.0,820.0,792.09998,820.0,1824.0
2024-06-24,800.0,819.0,800.0,818.79999,17.0
2024-06-25,802.0,830.0,802.0,830.0,2706.0
2024-06-26,830.0,830.0,830.0,830.0,2685.0
2024-06-27,830.0,845.0,830.0,845.0,1762.0
2024-06-28,852.0,852.0,833.0,833.0,3698.0
2024-07-01,812.0,815.59998,812.0,815.20001,16.0
2024-07-02,815.5,825.0,810.0,825.0,56.0
2024-07-03,825.0,850.0,825.0,850.0,8673.0
2024-07-04,840.0,875.0,837.5,875.0,2085.0
2024-07-05,880.0,895.0,870.0,887.0,1333.0
2024-07-08,870.0,888.0,865.0,888.0,564.0
2024-07-09,888.0,888.0,868.0,885.0,1092.0
2024-07-10,888.0,910.0,888.0,900.0,22481.0
2024-07-11,905.0,905.0,890.0,903.0,13481.0
2024-07-12,880.0,880.0,875.0,875.0,104.0
2024-07-15,875.0,894.5,875.0,875.0,140.0
2024-07-16,875.0,889.90002,862.09998,875.0,5714.0
2024-07-17,874.0,890.0,874.0,890.0,1343.0
2024-07-18,880.0,890.0,875.0,875.0,635.0
2024-07-19,875.0,890.0,875.0,890.0,1667.0
2024-07-22,880.0,885.0,860.29999,860.29999,3214.0
2024-07-23,860.40002,868.0,855.0,867.90002,433.0
2024-07-24,867.0,870.0,860.0,868.0,14806.0
2024-07-25,879.90002,879.90002,862.0,868.0,5466.0
2024-07-26,865.0,880.0,860.0,880.0,2589.0
2024-07-29,899.0,905.0,870.0,900.0,2514.0
2024-07-31,910.0,917.0,900.0,914.90002,6240.0
2024-08-01,912.0,914.79999,883.0,899.79999,200.0
2024-08-02,887.09998,908.90002,883.0,886.0,71.0
2024-08-05,886.0,886.0,841.0,842.0,6227.0
2024-08-06,885.0,885.0,870.0,870.0,126.0
2024-08-07,865.0,880.0,850.0,880.0,114.0
2024-08-08,870.0,870.0,854.0,855.0,642.0
2024-08-09,874.5,874.5,865.0,865.0,988.0
2024-08-12,854.09998,862.0,854.09998,856.0,126.0
2024-08-13,856.09998,861.0,840.0,860.0,5040.0
2024-08-15,860.0,860.0,860.0,860.0,25.0
2024-08-16,859.0,875.0,849.0,875.0,795.0
2024-08-19,875.0,875.0,850.0,873.90002,124.0
2024-08-22,865.0,865.0,844.0,846.20001,3050.0
2024-08-23,846.0,855.0,846.0,846.09998,403.0
2024-08-26,847.0,850.0,844.09998,850.0,452.0
2024-08-27,850.0,855.0,845.0,855.0,189.0
2024-08-28,845.09998,850.0,845.09998,850.0,797.0
2024-08-29,846.0,854.0,845.0,847.0,21828.0
2024-08-30,856.0,856.0,840.0,840.0,2702.0
2024-09-02,830.09998,845.0,830.09998,831.59998,844.0
2024-09-03,830.0,830.0,811.0,815.0,577.0
2024-09-04,830.0,830.0,811.1,811.1,567.0
2024-09-05,812.0,825.0,812.0,820.0,93.0
2024-09-06,820.0,820.0,812.0,815.0,473.0
2024-09-09,814.0,815.0,801.0,807.0,607.0
2024-09-10,810.0,811.0,805.0,805.0,1585.0
2024-09-11,806.0,813.0,802.0,813.0,332.0
2024-09-12,809.0,820.0,801.1,820.0,701.0
2024-09-13,816.0,830.0,816.0,820.0,1260.0
2024-09-18,820.0,830.0,806.1,820.0,2488.0
2024-09-19,825.0,835.0,807.0,835.0,5701.0
2024-09-20,845.0,876.0,830.0,830.0,20751.0
2024-09-23,830.0,857.9,830.0,830.0,4422.0
2024-09-24,850.0,850.0,831.5,832.0,3891.0
2024-09-25,840.0,840.0,832.0,840.0,2895.0
2024-09-26,840.0,850.0,840.0,840.0,1010.0
2024-09-27,849.0,855.0,840.0,850.0,10866.0
2024-09-30,850.0,850.0,835.0,850.0,3958.0
2024-10-01,830.0,844.9,830.0,830.0,1433.0
2024-10-02,820.0,830.0,819.0,820.0,1268.0
2024-10-03,839.9,839.9,812.0,825.0,43.0
2024-10-04,838.0,840.0,820.0,821.1,482.0
2024-10-07,830.0,830.0,820.0,830.0,28.0
2024-10-08,817.0,817.1,817.0,817.0,197.0
2024-10-09,829.0,835.0,820.0,835.0,7582.0
2024-10-10,839.5,840.0,820.0,839.9,2130.0
2024-10-11,812.1,848.8,812.1,842.0,619.0
2024-10-14,834.9,835.0,834.9,835.0,1190.0
2024-10-15,813.0,830.0,812.0,816.1,316.0
2024-10-16,807.0,814.0,807.0,810.0,2990.0
2024-10-17,808.0,848.0,806.5,848.0,885.0
2024-10-18,844.0,844.0,844.0,844.0,500.0
2024-10-21,812.2,835.0,812.0,825.0,409.0
2024-10-22,846.5,846.5,820.5,820.5,53.0
2024-10-23,839.9,845.0,839.9,845.0,120.0
2024-10-24,821.3,839.8,821.1,822.0,2217.0
2024-10-25,822.1,842.0,822.1,842.0,8223.0
2024-10-28,840.0,840.0,839.0,839.0,75.0
2024-10-29,839.0,839.0,824.1,839.0,163.0
2024-10-30,824.4,830.0,824.4,825.0,661.0
2024-10-31,839.0,897.0,825.0,890.0,25774.0
2024-11-01,871.0,910.0,871.0,898.0,4123.0
2024-11-04,899.0,987.7,888.0,987.7,21375.0
2024-11-05,1038.0,1060.0,974.0,990.0,21133.0
2024-11-07,990.0,990.0,961.1,966.0,725.0
2024-11-08,990.0,990.0,963.0,985.0,2688.0
2024-11-11,964.0,970.0,933.0,933.0,1257.0
2024-11-12,951.0,979.0,950.0,950.0,994.0
2024-11-13,960.0,969.0,935.0,969.0,2322.0
2024-11-14,969.0,969.0,969.0,969.0,297.0
2024-11-15,946.2,970.0,946.2,970.0,874.0
2024-11-19,970.0,979.0,960.0,960.5,91.0
2024-11-20,960.0,967.0,960.0,967.0,547.0
2024-11-21,960.1,961.0,940.5,940.6,2679.0
2024-11-22,935.0,950.0,921.0,921.0,1758.0
2024-11-25,922.0,949.6,910.0,910.0,226.0
2024-11-26,920.0,940.0,910.0,910.0,10357.0
2024-11-27,954.0,954.0,930.0,935.0,11.0
2024-11-28,932.0,935.0,916.1,916.1,327.0
2024-11-29,919.0,920.0,899.0,901.0,3245.0
2024-12-02,900.0,950.0,881.0,915.0,2184.0
2024-12-03,920.0,929.0,910.1,910.1,1220.0
2024-12-04,912.0,923.0,912.0,920.0,2473.0
2024-12-05,923.0,950.0,923.0,930.0,2594.0
2024-12-06,940.0,950.0,930.0,949.7,50.0
2024-12-09,930.0,950.0,930.0,943.0,2648.0
2024-12-10,950.0,950.0,945.0,945.0,100.0
2024-12-11,950.0,960.0,937.2,937.2,555.0
2024-12-12,954.0,954.0,931.0,940.0,974.0
2024-12-13,933.0,970.0,932.7,941.0,11770.0
2024-12-16,964.9,964.9,936.0,936.0,14.0
2024-12-17,938.0,970.0,938.0,960.0,2204.0
2024-12-18,960.0,969.9,960.0,968.0,106.0
2024-12-19,946.0,964.0,933.1,964.0,176.0
2024-12-20,960.0,975.0,940.0,974.0,11574.0
2024-12-23,981.0,990.0,980.0,982.0,4148.0
2024-12-24,982.0,982.0,950.2,950.2,567.0
2024-12-25,940.2,969.0,940.2,965.0,138.0
2024-12-26,967.8,988.0,961.0,980.2,4239.0
2024-12-27,980.0,980.0,970.0,980.0,3081.0
2024-12-30,980.0,990.0,980.0,985.0,209.0
2024-12-31,985.0,985.0,976.0,983.9,976.0
2025-01-02,990.0,1064.0,990.0,1050.0,3408.0
2025-01-03,1080.0,1129.0,1080.0,1120.0,18161.0
2025-01-06,1150.0,1231.0,1150.0,1178.0,14706.0
2025-01-07,1180.0,1190.0,1155.0,1180.0,7777.0
2025-01-08,1200.0,1220.0,1174.0,1195.0,2033.0
2025-01-09,1219.0,1219.0,1126.0,1128.0,5910.0
2025-01-10,1140.0,1169.0,1130.0,1130.0,2541.0
2025-01-13,1160.0,1165.0,1130.0,1145.0,1547.0
2025-01-15,1145.0,1145.0,1120.0,1140.0,1970.0
2025-01-16,1142.0,1142.0,1082.0,1089.0,8859.0
2025-01-17,1107.0,1110.0,1072.0,1072.0,9809.0
2025-01-20,1075.0,1130.0,1075.0,1100.0,1140.0
2025-01-21,1100.0,1100.0,1070.0,1070.0,2335.0
2025-01-22,1066.0,1067.0,1020.0,1053.0,14838.0
2025-01-23,1070.0,1115.0,1068.0,1100.0,4821.0
2025-01-24,1110.0,1115.0,1095.0,1100.0,1166.0
2025-01-27,1106.0,1130.0,1103.0,1105.0,1985.0
2025-01-28,1101.0,1118.0,1090.0,1100.0,3282.0
2025-01-29,1110.0,1130.0,1100.0,1120.0,10567.0
2025-01-30,1131.0,1163.0,1131.0,1150.0,7136.0
2025-01-31,1170.0,1198.0,1155.0,1156.0,10124.0
2025-02-03,1175.0,1228.0,1150.0,1211.0,7306.0
2025-02-04,1225.0,1332.0,1224.0,1289.0,25729.0
2025-02-05,1295.0,1295.0,1252.0,1270.0,2948.0
2025-02-06,1313.0,1355.0,1313.0,1329.0,3697.0
2025-02-07,1333.0,1369.0,1322.0,1325.0,7866.0
2025-02-10,1325.0,1350.0,1300.0,1325.0,1809.0
2025-02-11,1325.0,1334.0,1303.0,1303.0,4074.0
2025-02-12,1303.0,1321.0,1280.0,1300.0,5315.0
2025-02-13,1319.0,1320.0,1300.0,1300.0,3893.0
2025-02-14,1290.0,1350.0,1290.0,1310.0,1373.0
2025-02-17,1311.0,1369.0,1311.0,1369.0,2827.0
2025-02-18,1372.0,1448.0,1372.0,1436.0,10575.0
2025-02-19,1480.0,1550.0,1480.0,1540.0,22513.0
2025-02-20,1542.0,1594.0,1540.0,1576.0,11174.0
2025-02-21,1585.0,1594.0,1503.0,1503.0,4551.0
2025-02-24,1499.0,1530.0,1477.0,1480.0,3691.0
2025-02-25,1500.0,1510.0,1490.0,1510.0,556.0
2025-02-26,1511.0,1545.0,1500.0,1529.0,2703.0
2025-02-27,1528.0,1540.0,1468.0,1468.0,873.0
2025-02-28,1480.0,1511.0,1400.0,1410.0,6850.0
2025-03-03,1472.0,1472.0,1410.0,1410.0,401.0
2025-03-04,1413.0,1440.0,1390.0,1390.0,650.0
2025-03-05,1437.0,1440.0,1401.0,1405.0,1222.0
2025-03-06,1449.0,1449.0,1420.0,1440.0,1164.0
2025-03-07,1439.0,1497.0,1425.0,1497.0,1023.0
2025-03-10,1460.0,1500.0,1460.0,1470.0,307.0
2025-03-11,1496.0,1496.0,1455.0,1466.0,1380.0
2025-03-12,1490.0,1490.0,1405.0,1405.0,759.0
2025-03-13,1449.0,1487.0,1421.0,1421.0,443.0
2025-03-14,1418.0,1450.0,1409.0,1450.0,6066.0
2025-03-17,1550.0,1594.0,1550.0,1594.0,5537.0
2025-03-18,1670.0,1670.0,1620.0,1650.0,22439.0
2025-03-19,1689.0,1726.0,1671.0,1711.0,9389.0
2025-03-20,1744.0,1845.0,1744.0,1844.0,5739.0
2025-03-21,1948.0,2019.0,1948.0,1991.0,51845.0
2025-03-24,1993.0,1993.0,1952.0,1960.0,2970.0
2025-03-25,1975.0,1988.0,1970.0,1977.0,17618.0
2025-03-26,1980.0,1989.0,1900.0,1932.0,502.0
2025-03-27,1950.0,1980.0,1850.0,1893.0,5285.0
2025-03-28,1871.0,1945.0,1871.0,1900.0,10304.0
2025-04-02,1920.0,1930.0,1906.0,1921.0,1372.0
2025-04-03,1911.0,1920.0,1882.0,1906.0,5707.0
2025-04-04,1885.0,1930.0,1851.0,1930.0,2791.0
2025-04-07,1880.0,1890.0,1738.0,1770.0,17118.0
2025-04-08,1800.0,1849.0,1800.0,1807.0,27418.0
2025-04-09,1775.0,1800.0,1701.0,1760.0,4540.0
2025-04-10,1901.0,1930.0,1827.0,1838.0,3546.0
2025-04-11,1888.0,1888.0,1750.0,1800.0,7078.0
2025-04-14,1878.0,1920.0,1831.0,1920.0,3195.0
2025-04-15,1950.0,2098.0,1950.0,2093.0,9871.0
2025-04-16,2111.0,2190.0,2111.0,2145.0,8056.0
2025-04-17,2145.0,2170.0,2101.0,2170.0,4727.0
2025-04-18,2169.0,2220.0,2169.0,2185.0,23550.0
2025-04-21,2193.0,2198.0,2176.0,2185.0,3334.0
2025-04-22,2199.0,2199.0,2145.0,2150.0,7910.0
2025-04-23,2132.0,2170.0,2132.0,2170.0,11235.0
2025-04-24,2180.0,2190.0,2157.0,2160.0,2366.0
2025-04-25,2160.0,2177.0,2140.0,2150.0,574.0
2025-04-28,2160.0,2160.0,2146.0,2159.0,108.0
2025-04-29,2179.0,2190.0,2140.0,2140.0,2477.0
2025-04-30,2170.0,2190.0,2100.0,2100.0,316.0
2025-05-02,2148.0,2150.0,2100.0,2100.0,5377.0
2025-05-05,2138.0,2140.0,2050.0,2100.0,950.0
2025-05-06,2100.0,2142.0,2100.0,2110.0,1934.0
2025-05-07,2100.0,2169.0,2100.0,2120.0,959.0
2025-05-08,2168.0,2168.0,2100.0,2161.0,6368.0
2025-05-09,2160.0,2200.0,2150.0,2198.0,511.0
2025-05-12,2198.0,2248.0,2198.0,2248.0,1953.0
2025-05-13,2250.0,2322.0,2250.0,2320.0,1354.0
2025-05-14,2324.0,2470.0,2324.0,2430.0,4368.0
2025-05-15,2400.0,2450.0,2400.0,2400.0,978.0
2025-05-16,2447.0,2447.0,2410.0,2410.0,3794.0
2025-05-19,2410.0,2418.0,2373.0,2418.0,1208.0
2025-05-20,2440.0,2550.0,2420.0,2481.0,3129.0
2025-05-21,2500.0,2500.0,2470.0,2482.0,8225.0
2025-05-22,2482.0,2609.0,2482.0,2609.0,6582.0
2025-05-23,2650.0,2669.0,2571.0,2571.0,13043.0
2025-05-26,2571.0,2594.0,2500.0,2569.0,655.0
2025-05-27,2568.0,2589.0,2506.0,2538.0,2057.0
2025-05-28,2545.0,2570.0,2508.0,2540.0,2660.0
2025-05-29,2580.0,2580.0,2480.0,2520.0,1262.0
2025-05-30,2525.0,2539.0,2495.0,2495.0,3479.0
2025-06-02,2570.0,2570.0,2483.0,2495.0,71.0
2025-06-03,2496.0,2570.0,2495.0,2568.0,778.0
2025-06-04,2526.0,2580.0,2526.0,2580.0,2785.0
2025-06-05,2620.0,2620.0,2585.0,2585.0,676.0
2025-06-06,2619.0,2620.0,2565.0,2601.0,3885.0
2025-06-10,2600.0,2614.0,2560.0,2600.0,1373.0
2025-06-11,2560.0,2609.0,2560.0,2609.0,174.0
2025-06-12,2610.0,2610.0,2580.0,2597.0,1482.0
2025-06-13,2560.0,2580.0,2470.0,2561.0,5870.0
2025-06-16,2559.0,2559.0,2480.0,2542.0,8698.0
2025-06-17,2511.0,2560.0,2482.0,2503.0,848.0
2025-06-18,2501.0,2530.0,2441.0,2441.0,1091.0
2025-06-19,2420.0,2420.0,2300.0,2352.0,3737.0
2025-06-20,2394.0,2530.0,2380.0,2530.0,3420.0
2025-06-23,2520.0,2520.0,2420.0,2450.0,2533.0
2025-06-24,2529.0,2573.0,2500.0,2558.0,1121.0
2025-06-25,2560.0,2598.0,2540.0,2581.0,845.0
2025-06-26,2588.0,2608.0,2579.0,2580.0,1546.0
2025-06-30,2600.0,2600.0,2523.0,2550.0,733.0
2025-07-01,2593.0,2594.0,2560.0,2560.0,1278.0
2025-07-02,2530.0,2560.0,2530.0,2560.0,323.0
2025-07-03,2521.0,2560.0,2481.0,2535.0,75.0
2025-07-04,2440.0,2549.0,2440.0,2510.0,2691.0
2025-07-07,2500.0,2500.0,2440.0,2499.0,434.0
2025-07-08,2453.0,2481.0,2433.0,2481.0,1069.0
2025-07-09,2450.0,2470.0,2450.0,2468.0,9119.0
2025-07-10,2470.0,2470.0,2420.0,2469.0,919.0
2025-07-11,2460.0,2470.0,2426.0,2470.0,4366.0
2025-07-14,2441.0,2450.0,2440.0,2440.0,2461.0
2025-07-15,2460.0,2470.0,2436.0,2436.0,297.0
2025-07-16,2460.0,2460.0,2380.0,2380.0,389.0
2025-07-17,2401.0,2420.0,2386.0,2420.0,2180.0
2025-07-18,2400.0,2439.0,2381.0,2400.0,1628.0
2025-07-21,2420.0,2420.0,2400.0,2420.0,191.0
2025-07-22,2450.0,2500.0,2420.0,2500.0,1350.0
2025-07-23,2500.0,2570.0,2450.0,2450.0,216.0
2025-07-24,2523.0,2523.0,2416.0,2450.0,1008.0
2025-07-25,2490.0,2510.0,2440.0,2500.0,1665.0
2025-07-28,2500.0,2549.0,2400.0,2400.0,523.0
2025-07-29,2490.0,2500.0,2450.0,2450.0,2371.0
2025-07-31,2437.0,2498.0,2420.0,2450.0,1833.0
2025-08-01,2456.0,2480.0,2430.0,2480.0,1711.0
2025-08-04,2430.0,2480.0,2410.0,2410.0,993.0
2025-08-05,2430.0,2440.0,2400.0,2435.0,1101.0
2025-08-06,2430.0,2439.0,2400.0,2400.0,8094.0
2025-08-07,2405.0,2458.0,2401.0,2446.0,1043.0
2025-08-08,2455.0,2455.0,2402.0,2450.0,391.0
2025-08-11,2449.0,2458.0,2409.0,2455.0,683.0
2025-08-12,2441.0,2455.0,2430.0,2455.0,161.0
2025-08-13,2455.0,2490.0,2450.0,2471.0,649.0
2025-08-15,2425.0,2489.0,2425.0,2452.0,608.0
2025-08-18,2450.0,2455.0,2445.0,2445.0,49.0
2025-08-19,2450.0,2455.0,2442.0,2442.0,97.0
2025-08-22,2442.0,2499.0,2441.0,2499.0,2019.0
2025-08-25,2450.0,2466.0,2450.0,2465.0,350.0
2025-08-26,2466.0,2600.0,2466.0,2600.0,3594.0
2025-08-27,2598.0,2680.0,2598.0,2650.0,6823.0
2025-08-28,2680.0,2748.0,2649.0,2649.0,2669.0
2025-08-29,2688.0,2688.0,2600.0,2600.0,1737.0
2025-09-01,2600.0,2600.0,2540.0,2590.0,855.0
2025-09-02,2600.0,2624.0,2550.0,2618.0,479.0
2025-09-03,2618.0,2624.0,2616.0,2619.0,576.0
2025-09-04,2619.0,2621.0,2579.0,2579.0,13.0
2025-09-08,2561.0,2625.0,2550.0,2600.0,1358.0
2025-09-09,2610.0,2630.0,2550.0,2550.0,967.0
2025-09-10,2550.0,2618.0,2534.0,2551.0,212.0
2025-09-11,2551.0,2595.0,2532.0,2592.0,780.0
2025-09-12,2595.0,2610.0,2554.0,2554.0,275.0
2025-09-15,2552.0,2605.0,2526.0,2526.0,620.0
2025-09-16,2530.0,2589.0,2510.0,2522.0,5998.0
2025-09-17,2505.0,2550.0,2505.0,2550.0,580.0
2025-09-18,2550.0,2640.0,2550.0,2635.0,3550.0
2025-09-19,2705.0,2744.0,2600.0,2600.0,4892.0
2025-09-22,2679.0,2679.0,2550.0,2570.0,1085.0
2025-09-23,2589.0,2589.0,2523.0,2541.0,191.0
2025-09-24,2599.0,2599.0,2520.0,2520.0,207.0
2025-09-25,2505.0,2505.0,2426.0,2450.0,3350.0
2025-09-26,2446.0,2447.0,2405.0,2405.0,5592.0
2025-09-29,2400.0,2450.0,2300.0,2300.0,6315.0
2025-09-30,2300.0,2400.0,2175.0,2340.0,7413.0
2025-10-01,2340.0,2400.0,2320.0,2320.0,3497.0
2025-10-02,2320.0,2350.0,2205.0,2320.0,2415.0
2025-10-03,2350.0,2446.0,2350.0,2400.0,4825.0
2025-10-06,2439.0,2450.0,2382.0,2382.0,675.0
2025-10-07,2401.0,2439.0,2401.0,2411.0,434.0
2025-10-08,2455.0,2455.0,2400.0,2400.0,438.0
2025-10-09,2420.0,2440.0,2385.0,2390.0,1706.0
2025-10-10,2340.0,2459.0,2340.0,2425.0,2056.0
2025-10-13,2425.0,2425.0,2357.0,2425.0,3213.0
2025-10-14,2362.0,2400.0,2357.0,2380.0,3063.0
2025-10-15,2357.0,2380.0,2314.0,2350.0,198.0
2025-10-16,2365.0,2380.0,2365.0,2380.0,35.0
2025-10-17,2350.0,2415.0,2350.0,2415.0,818.0
2025-10-20,2439.0,2450.0,2439.0,2449.0,625.0
2025-10-21,2440.0,2500.0,2440.0,2500.0,741.0
2025-10-22,2440.0,2500.0,2440.0,2470.0,775.0
2025-10-23,2499.0,2499.0,2410.0,2450.0,525.0
2025-10-24,2475.0,2475.0,2475.0,2475.0,1942.0
2025-10-27,2445.0,2470.0,2445.0,2469.0,1391.0
2025-10-28,2427.0,2469.0,2395.0,2425.0,4751.0
2025-10-29,2426.0,2460.0,2415.0,2460.0,250.0
2025-10-30,2460.0,2469.0,2460.0,2460.0,742.0
2025-10-31,2460.0,2500.0,2420.0,2500.0,3532.0
2025-11-03,2600.0,2600.0,2503.0,2550.0,930.0
2025-11-04,2505.0,2505.0,2505.0,2505.0,39.0
2025-11-05,2500.0,2502.0,2500.0,2500.0,16.0
2025-11-07,2437.0,2500.0,2437.0,2438.0,117.0
2025-11-10,2421.0,2450.0,2421.0,2450.0,75.0
2025-11-11,2423.0,2460.0,2400.0,2460.0,83.0
2025-11-12,2434.0,2434.0,2325.0,2400.0,831.0
2025-11-13,2400.0,2400.0,2400.0,2400.0,1048.0
2025-11-14,2400.0,2400.0,2333.0,2333.0,2305.0
2025-11-17,2333.0,2333.0,2325.0,2325.0,65.0
2025-11-19,2301.0,2360.0,2252.0,2260.0,1501.0
2025-11-20,2290.0,2358.0,2250.0,2300.0,91.0
2025-11-21,2347.0,2347.0,2270.0,2270.0,4824.0
2025-11-24,2270.0,2338.0,2270.0,2338.0,18.0
2025-11-25,2270.0,2300.0,2270.0,2288.0,4791.0
2025-11-26,2300.0,2300.0,2300.0,2300.0,4011.0
2025-11-27,2300.0,2340.0,2300.0,2330.0,4430.0
2025-11-28,2330.0,2330.0,2302.0,2303.0,1974.0
2025-12-01,2430.0,2430.0,2304.0,2304.0,75.0
2025-12-02,2306.0,2310.0,2283.0,2300.0,187.0
2025-12-03,2300.0,2300.0,2278.0,2290.0,88.0
2025-12-04,2340.0,2340.0,2300.0,2300.0,302.0
2025-12-05,2287.0,2339.0,2287.0,2300.0,1553.0
2025-12-08,2287.0,2338.0,2286.0,2300.0,49.0
2025-12-09,2300.0,2300.0,2300.0,2300.0,14.0
2025-12-10,2359.0,2359.0,2359.0,2359.0,2.0
2025-12-11,2320.0,2360.0,2291.0,2359.0,479.0
2025-12-12,2358.0,2358.0,2300.0,2300.0,922.0
2025-12-15,2290.0,2300.0,2290.0,2290.0,130.0
2025-12-16,2290.0,2320.0,2280.0,2280.0,743.0
2025-12-17,2278.0,2340.0,2278.0,2301.0,983.0
2025-12-18,2340.0,2340.0,2335.0,2340.0,63.0
2025-12-19,2358.0,2375.0,2305.0,2321.0,3325.0
2025-12-22,2397.0,2397.0,2300.0,2300.0,1442.0
2025-12-23,2368.0,2368.0,2290.0,2310.0,1895.0
2025-12-24,2355.0,2355.0,2288.0,2300.0,1212.0
2025-12-25,2302.0,2302.0,2280.0,2280.0,4806.0
2025-12-26,2335.0,2335.0,2200.0,2200.0,3853.0
2025-12-29,2299.0,2299.0,2200.0,2200.0,1505.0
2025-12-30,2203.0,2280.0,2203.0,2279.0,3356.0
2025-12-31,2295.0,2295.0,2221.0,2227.0,2885.0
2026-01-02,2250.0,2289.0,2240.0,2288.0,4984.0
2026-01-05,2280.0,2350.0,2280.0,2350.0,204.0
2026-01-06,2365.0,2370.0,2350.0,2355.0,236.0
2026-01-07,2368.0,2368.0,2349.0,2350.0,48.0
2026-01-08,2329.0,2330.0,2300.0,2320.0,272.0
2026-01-09,2319.0,2320.0,2300.0,2320.0,25.0
2026-01-12,2339.0,2339.0,2270.0,2319.0,712.0
2026-01-13,2335.0,2335.0,2319.0,2319.0,25.0
2026-01-15,2286.0,2300.0,2250.0,2250.0,424.0
2026-01-16,2238.0,2270.0,2230.0,2249.0,1091.0
2026-01-19,2202.0,2293.0,2171.0,2270.0,1032.0
2026-01-21,2191.0,2249.0,2191.0,2192.0,29.0
2026-01-22,2224.0,2224.0,2200.0,2200.0,46.0
2026-01-23,2225.0,2225.0,2150.0,2150.0,2635.0
2026-01-26,2103.0,2110.0,2052.0,2061.0,1096.0
2026-01-27,2100.0,2110.0,2060.0,2070.0,280.0
2026-01-28,2098.0,2149.0,2080.0,2140.0,2252.0
2026-01-29,2175.0,2175.0,2067.0,2169.0,69.0
2026-01-30,2165.0,2165.0,2030.0,2030.0,717.0
2026-02-02,2041.0,2100.0,2040.0,2064.0,174.0
2026-02-03,2085.0,2099.0,2050.0,2050.0,1527.0
2026-02-04,2098.0,2098.0,2050.0,2060.0,79.0
2026-02-05,2097.0,2097.0,2019.0,2019.0,357.0
2026-02-06,2000.0,2000.0,1985.0,1985.0,1586.0
2026-02-09,2029.0,2029.0,1991.0,1991.0,120.0
2026-02-10,1999.0,2030.0,1991.0,2020.0,963.0
2026-02-11,1996.0,2020.0,1990.0,1990.0,251.0
2026-02-12,2020.0,2096.0,1992.0,2020.0,137.0
2026-02-13,2076.0,2076.0,2069.0,2070.0,1080.0
2026-02-16,2099.0,2099.0,2050.0,2070.0,2222.0
2026-02-17,2000.0,2070.0,1995.0,2050.0,742.0
2026-02-18,2003.0,2099.0,2000.0,2099.0,368.0
2026-02-19,2119.0,2128.0,2070.0,2095.0,1091.0
2026-02-20,2120.0,2120.0,2051.0,2100.0,2612.0
2026-02-23,2120.0,2120.0,2070.0,2070.0,1526.0
2026-02-24,2100.0,2100.0,2070.0,2070.0,2006.0
2026-02-25,2055.0,2098.0,2050.0,2098.0,140.0
2026-02-26,2070.0,2089.0,2070.0,2070.0,4504.0
2026-02-27,2026.0,2070.0,2026.0,2050.0,3552.0
2026-03-02,1900.0,1950.0,1851.0,1856.0,5981.0
2026-03-03,1720.0,1799.0,1680.0,1684.0,3278.0
2026-03-04,1719.0,1838.0,1719.0,1801.0,546.0
2026-03-05,1964.0,1964.0,1805.0,1899.0,1555.0
2026-03-06,1944.0,1945.0,1860.0,1897.0,1542.0
2026-03-09,1804.0,1825.0,1804.0,1815.0,91.0
2026-03-10,1876.0,1895.0,1800.0,1800.0,1821.0
2026-03-11,1890.0,1890.0,1810.0,1810.0,1844.0
2026-03-12,1875.0,1875.0,1810.0,1825.0,3539.0
2026-03-13,1838.0,1838.0,1800.0,1800.0,6284.0
2026-03-16,1851.0,1899.0,1850.0,1850.0,500.0
2026-03-17,1880.0,1880.0,1840.0,1860.0,1293.0
2026-03-18,1873.0,1910.0,1873.0,1880.0,908.0
2026-03-19,1869.0,1870.0,1840.0,1870.0,4116.0
2026-03-24,1907.0,1907.0,1831.0,1831.0,235.0
2026-03-25,1831.0,1895.0,1831.0,1895.0,240.0
2026-03-26,1907.0,1907.0,1865.0,1865.0,2207.0
2026-03-27,1865.0,1866.0,1806.0,1806.0,1010.0
