Time,Open,High,Low,Close,Volume
2012-03-26,37.900002,38.400002,37.900002,37.900002,366.0
2012-03-27,37.900002,37.900002,37.900002,37.900002,400.0
2012-03-28,35.639999,38.0,35.639999,35.639999,3588.0
2012-03-29,35.119999,37.400002,35.0,35.119999,779.0
2012-03-30,36.279999,36.279999,35.18,36.279999,41.0
2012-04-03,37.0,38.0,36.0,37.0,7612.0
2012-04-04,37.0,37.0,37.0,37.0,100.0
2012-04-05,37.0,37.0,37.0,37.0,200.0
2012-04-06,36.5,37.0,36.5,36.5,282.0
2012-04-09,37.0,37.16,35.220001,37.0,5520.0
2012-04-13,36.0,36.0,35.099998,36.0,175.0
2012-04-16,35.0,35.0,35.0,35.0,980.0
2012-04-17,34.540001,35.919998,34.32,34.540001,733.0
2012-04-18,34.52,35.0,34.52,34.52,104.0
2012-04-19,35.939999,36.0,34.5,35.939999,154.0
2012-04-20,34.599998,34.599998,34.599998,34.599998,360.0
2012-04-24,35.02,36.0,34.400002,35.02,1645.0
2012-04-25,35.0,35.0,35.0,35.0,40.0
2012-04-26,34.740002,34.740002,34.619999,34.740002,90.0
2012-04-27,35.5,35.5,34.459999,35.5,270.0
2012-04-30,34.599998,34.599998,34.599998,34.599998,25.0
2012-05-02,35.0,35.0,35.0,35.0,50.0
2012-05-03,34.599998,35.0,34.599998,34.599998,188.0
2012-05-04,35.0,35.0,34.18,35.0,92.0
2012-05-07,34.220001,35.0,34.200001,34.220001,710.0
2012-05-08,34.0,34.0,34.0,34.0,20.0
2012-05-09,34.5,34.5,34.5,34.5,204.0
2012-05-10,34.5,34.5,34.5,34.5,100.0
2012-05-11,33.439999,35.68,33.439999,33.439999,270.0
2012-05-14,34.84,34.84,33.599998,34.84,48.0
2012-05-15,33.080002,33.080002,33.040001,33.080002,946.0
2012-05-16,32.0,33.080002,32.0,32.0,626.0
2012-05-17,32.0,32.200001,32.0,32.0,46.0
2012-05-18,32.599998,32.599998,30.1,32.599998,1170.0
2012-05-21,32.599998,32.599998,32.599998,32.599998,70.0
2012-05-22,32.619999,34.540001,32.599998,32.619999,13827.0
2012-05-23,33.5,33.5,33.5,33.5,10.0
2012-05-24,34.5,35.0,33.5,34.5,2725.0
2012-05-25,34.0,34.48,34.0,34.0,805.0
2012-05-28,33.959999,34.0,33.959999,33.959999,225.0
2012-05-29,35.98,35.98,32.400002,35.98,13114.0
2012-05-30,37.5,37.900002,36.900002,37.5,26336.0
2012-05-31,36.919998,39.0,36.799999,36.919998,7522.0
2012-06-01,36.0,37.959999,36.0,36.0,1839.0
2012-06-04,35.0,37.740002,35.0,35.0,830.0
2012-06-05,35.52,37.099998,35.0,35.52,3377.0
2012-06-06,36.939999,36.959999,35.540001,36.939999,265.0
2012-06-07,36.900002,36.939999,35.0,36.900002,1646.0
2012-06-08,36.959999,37.200001,36.0,36.959999,280.0
2012-06-11,35.599998,36.779999,35.599998,35.599998,904.0
2012-06-12,36.759998,36.759998,35.599998,36.759998,139.0
2012-06-13,36.5,36.5,36.0,36.5,556.0
2012-06-14,37.0,37.0,36.0,37.0,220.0
2012-06-15,36.5,36.5,36.5,36.5,544.0
2012-06-18,36.5,36.5,36.0,36.5,472.0
2012-06-19,37.0,37.0,36.200001,37.0,37.0
2012-06-20,36.5,36.5,36.0,36.5,880.0
2012-06-21,36.5,36.5,36.099998,36.5,395.0
2012-06-22,36.5,36.5,36.5,36.5,152.0
2012-06-25,36.5,36.5,36.0,36.5,54.0
2012-06-26,36.0,36.0,35.540001,36.0,227.0
2012-06-27,35.540001,35.560001,35.540001,35.540001,120.0
2012-06-28,35.0,35.439999,35.0,35.0,1669.0
2012-06-29,35.540001,35.540001,35.439999,35.540001,63.0
2012-07-04,35.0,36.0,35.0,35.0,1605.0
2012-07-05,34.5,35.0,34.5,34.5,987.0
2012-07-06,34.0,35.0,34.0,34.0,1885.0
2012-07-09,33.5,35.0,33.5,33.5,1670.0
2012-07-10,32.900002,33.5,32.900002,32.900002,1824.0
2012-07-11,32.900002,34.32,32.18,32.900002,2065.0
2012-07-12,33.82,33.82,32.900002,33.82,237.0
2012-07-13,33.82,33.82,33.82,33.82,200.0
2012-07-16,33.720001,33.740002,32.34,33.720001,162.0
2012-07-17,34.259998,34.259998,32.5,34.259998,101.0
2012-07-18,33.459999,33.48,32.68,33.459999,240.0
2012-07-19,33.939999,34.16,33.0,33.939999,718.0
2012-07-20,34.139999,34.139999,33.0,34.139999,267.0
2012-07-23,34.139999,34.139999,34.139999,34.139999,220.0
2012-07-24,33.18,34.18,33.18,33.18,331.0
2012-07-25,34.099998,34.119999,33.18,34.099998,337.0
2012-07-26,34.080002,34.080002,34.080002,34.080002,240.0
2012-07-27,35.0,35.400002,34.080002,35.0,17445.0
2012-07-31,35.900002,36.0,35.0,35.900002,324.0
2012-08-01,34.0,35.900002,34.0,34.0,4336.0
2012-08-02,35.0,35.799999,34.0,35.0,1277.0
2012-08-03,35.0,35.700001,35.0,35.0,1160.0
2012-08-06,35.0,35.68,35.0,35.0,287.0
2012-08-07,34.599998,35.0,34.599998,34.599998,290.0
2012-08-08,35.0,35.0,34.599998,35.0,620.0
2012-08-09,34.0,35.0,34.0,34.0,956.0
2012-08-10,34.0,34.0,34.0,34.0,308.0
2012-08-13,34.799999,34.799999,34.0,34.799999,32.0
2012-08-15,34.0,34.900002,34.0,34.0,555.0
2012-08-16,34.0,34.040001,33.0,34.0,835.0
2012-08-17,33.5,34.0,33.5,33.5,98.0
2012-08-22,33.400002,34.0,33.400002,33.400002,557.0
2012-08-23,33.419998,33.419998,33.419998,33.419998,15.0
2012-08-27,33.419998,33.419998,33.419998,33.419998,91.0
2012-08-28,34.0,34.0,33.419998,34.0,41.0
2012-08-29,34.0,34.0,33.799999,34.0,360.0
2012-08-30,34.0,34.0,34.0,34.0,300.0
2012-08-31,33.799999,34.0,33.799999,33.799999,347.0
2012-09-03,33.720001,34.0,33.720001,33.720001,460.0
2012-09-04,33.720001,33.720001,33.720001,33.720001,95.0
2012-09-05,33.720001,34.0,33.720001,33.720001,52.0
2012-09-06,34.0,34.040001,33.700001,34.0,8295.0
2012-09-07,34.82,34.82,34.0,34.82,1213.0
2012-09-10,34.099998,34.82,34.0,34.099998,221.0
2012-09-11,34.700001,35.0,34.099998,34.700001,8007.0
2012-09-12,35.0,35.0,35.0,35.0,278.0
2012-09-13,35.0,35.779999,35.0,35.0,304.0
2012-09-14,35.0,35.0,35.0,35.0,203.0
2012-09-17,35.0,35.0,35.0,35.0,35.0
2012-09-18,34.900002,34.900002,33.5,34.900002,1542.0
2012-09-19,33.0,33.52,33.0,33.0,1158.0
2012-09-20,33.02,33.02,33.0,33.02,90.0
2012-09-21,34.48,34.48,33.200001,34.48,31.0
2012-09-24,34.220001,34.48,32.419998,34.220001,316.0
2012-09-25,32.240002,34.34,32.220001,32.240002,280.0
2012-09-26,32.279999,34.139999,32.279999,32.279999,46.0
2012-09-27,32.560001,32.560001,32.560001,32.560001,20.0
2012-09-28,32.599998,34.080002,32.580002,32.599998,156.0
2012-10-01,32.639999,32.639999,32.639999,32.639999,30.0
2012-10-02,34.5,34.5,34.5,34.5,4.0
2012-10-03,32.700001,34.0,32.700001,32.700001,227.0
2012-10-04,32.82,32.82,32.779999,32.82,75.0
2012-10-08,32.82,33.099998,32.82,32.82,326.0
2012-10-09,32.82,32.82,32.82,32.82,100.0
2012-10-10,33.0,33.82,33.0,33.0,183.0
2012-10-11,33.0,33.0,33.0,33.0,110.0
2012-10-12,31.02,33.0,31.02,31.02,1205.0
2012-10-15,31.040001,31.040001,31.040001,31.040001,20.0
2012-10-16,31.120001,31.120001,31.040001,31.120001,145.0
2012-10-17,32.5,32.5,31.120001,32.5,21.0
2012-10-18,32.900002,33.5,31.059999,32.900002,1108.0
2012-10-19,33.0,33.0,32.900002,33.0,1066.0
2012-10-22,33.0,33.0,31.219999,33.0,244.0
2012-10-23,32.599998,33.0,31.68,32.599998,339.0
2012-10-24,32.599998,33.0,32.599998,32.599998,261.0
2012-10-25,32.599998,33.0,32.599998,32.599998,247.0
2012-10-29,33.0,33.0,33.0,33.0,1.0
2012-10-30,32.900002,33.0,31.4,32.900002,299.0
2012-10-31,32.900002,32.900002,32.900002,32.900002,200.0
2012-11-01,32.0,32.900002,31.6,32.0,306.0
2012-11-02,31.799999,32.0,31.799999,31.799999,248.0
2012-11-05,31.98,32.0,31.879999,31.98,135.0
2012-11-07,31.98,31.98,31.98,31.98,41.0
2012-11-08,32.0,32.02,32.0,32.0,281.0
2012-11-09,32.860001,32.860001,32.299999,32.860001,4405.0
2012-11-12,32.860001,32.860001,32.860001,32.860001,200.0
2012-11-13,32.860001,32.860001,32.0,32.860001,515.0
2012-11-14,32.84,32.84,32.040001,32.84,544.0
2012-11-15,32.84,32.84,32.84,32.84,200.0
2012-11-19,32.5,32.84,32.5,32.5,713.0
2012-11-20,32.900002,32.900002,32.5,32.900002,105563.0
2012-11-21,32.900002,32.900002,32.900002,32.900002,200.0
2012-11-22,32.900002,33.0,32.900002,32.900002,290.0
2012-11-23,32.599998,32.959999,32.599998,32.599998,210.0
2012-11-26,33.0,33.0,33.0,33.0,600.0
2012-11-27,32.099998,33.34,32.0,32.099998,877.0
2012-11-28,32.0,32.099998,32.0,32.0,341.0
2012-11-30,32.0,33.240002,32.0,32.0,1202.0
2012-12-04,32.0,32.02,31.82,32.0,169.0
2012-12-05,31.0,32.0,31.0,31.0,1700.0
2012-12-06,31.0,31.0,31.0,31.0,446.0
2012-12-07,31.959999,31.959999,31.959999,31.959999,10.0
2012-12-10,31.1,31.959999,31.1,31.1,42.0
2012-12-11,31.219999,31.219999,31.219999,31.219999,18.0
2012-12-13,31.940001,31.940001,31.219999,31.940001,94.0
2012-12-14,32.0,32.5,31.940001,32.0,3542082.0
2012-12-17,32.0,32.0,32.0,32.0,10.0
2012-12-18,31.200001,31.200001,31.200001,31.200001,230.0
2012-12-19,32.740002,32.740002,31.200001,32.740002,542.0
2012-12-20,32.720001,32.720001,32.720001,32.720001,200.0
2012-12-21,31.26,31.26,31.26,31.26,5.0
2012-12-24,31.200001,31.280001,31.200001,31.200001,863.0
2012-12-25,31.200001,31.200001,31.200001,31.200001,30.0
2012-12-26,30.02,31.0,30.02,30.02,1613.0
2012-12-27,28.219999,30.0,28.219999,28.219999,5090.0
2012-12-28,28.360001,28.379999,28.0,28.360001,658.0
2012-12-31,28.0,29.0,28.0,28.0,16863.0
2013-01-02,28.98,28.98,28.98,28.98,282.0
2013-01-03,27.26,28.98,27.26,27.26,14559.0
2013-01-04,27.200001,27.5,27.200001,27.200001,4907.0
2013-01-07,27.959999,27.98,27.200001,27.959999,3665.0
2013-01-08,26.799999,28.799999,26.799999,26.799999,40921.0
2013-01-09,27.799999,28.0,26.799999,27.799999,2652.0
2013-01-10,27.700001,27.799999,27.02,27.700001,22580.0
2013-01-15,28.6,28.6,28.6,28.6,9000.0
2013-01-16,29.0,29.5,28.6,29.0,18954.0
2013-01-17,28.799999,29.0,28.700001,28.799999,13498.0
2013-01-18,28.98,28.98,28.4,28.98,19617.0
2013-01-21,28.98,28.98,28.98,28.98,812.0
2013-01-22,29.1,29.440001,29.1,29.1,10010.0
2013-01-23,29.1,29.1,29.1,29.1,257.0
2013-01-28,29.1,29.1,29.1,29.1,40.0
2013-01-29,29.1,29.1,29.0,29.1,6045.0
2013-01-31,29.1,29.1,29.1,29.1,316.0
2013-02-01,29.1,29.1,29.1,29.1,1000.0
2013-02-04,29.1,29.1,29.0,29.1,611.0
2013-02-05,29.1,29.1,29.1,29.1,7403.0
2013-02-06,30.799999,30.799999,29.1,30.799999,2983.0
2013-02-07,31.5,31.5,30.5,31.5,38922.0
2013-02-08,31.4,32.200001,31.4,31.4,2721.0
2013-02-11,31.4,32.700001,31.4,31.4,781.0
2013-02-12,32.5,32.5,31.4,32.5,62.0
2013-02-13,32.290001,34.400002,30.58,32.290001,6773.0
2013-02-14,31.98,32.240002,30.799999,31.98,2261.0
2013-02-15,31.98,31.98,31.98,31.98,2100.0
2013-02-18,32.290001,32.290001,30.65,32.290001,2220.0
2013-02-19,32.18,32.18,32.18,32.18,2200.0
2013-02-20,32.0,32.18,32.0,32.0,2215.0
2013-02-21,32.18,32.290001,30.76,32.18,15584.0
2013-02-22,32.18,32.290001,32.18,32.18,6027.0
2013-02-25,32.290001,32.290001,32.18,32.18,65112.0
2013-02-26,32.18,32.299999,32.18,32.299999,7128.0
2013-02-27,32.0,32.02,32.0,32.02,324.0
2013-02-28,32.02,32.02,32.02,32.02,80.0
2013-03-01,32.02,32.02,32.02,32.02,400.0
2013-03-04,30.1,33.0,30.1,33.0,373.0
2013-03-05,33.0,34.98,33.0,34.98,5390.0
2013-03-06,35.0,36.98,34.98,36.970001,11837.0
2013-03-07,36.900002,38.900002,35.080002,36.889999,2916.0
2013-03-08,36.799999,37.5,36.0,36.0,1255.0
2013-03-11,36.0,36.0,35.599998,35.599998,1001.0
2013-03-12,35.09,36.490002,35.080002,36.490002,5135.0
2013-03-14,36.0,36.009998,36.0,36.0,979.0
2013-03-15,37.0,37.0,37.0,37.0,10.0
2013-03-18,37.0,37.0,36.5,36.5,550.0
2013-03-19,36.5,36.5,36.5,36.5,106.0
2013-03-20,36.5,36.5,36.0,36.0,2000.0
2013-03-21,36.5,36.5,36.0,36.0,1453.0
2013-03-22,36.0,36.040001,36.0,36.040001,6299.0
2013-03-25,36.0,36.450001,36.0,36.0,62.0
2013-03-26,36.0,36.5,36.0,36.5,1529.0
2013-03-27,36.099998,36.5,36.099998,36.099998,2528.0
2013-03-28,36.099998,36.5,36.099998,36.5,816.0
2013-03-29,36.5,36.5,36.5,36.5,1420.0
2013-04-01,36.5,36.5,36.5,36.5,3708.0
2013-04-02,36.5,36.5,36.040001,36.040001,43521.0
2013-04-03,36.099998,36.150002,36.0,36.0,4001.0
2013-04-04,36.0,36.0,36.0,36.0,66.0
2013-04-05,36.029999,36.029999,36.029999,36.029999,1300.0
2013-04-08,37.48,37.48,37.48,37.48,40.0
2013-04-10,36.040001,37.0,36.040001,37.0,90.0
2013-04-12,37.0,37.0,36.200001,36.200001,62.0
2013-04-15,37.48,37.48,37.48,37.48,10.0
2013-04-16,37.48,37.48,37.48,37.48,140.0
2013-04-17,38.48,38.48,37.48,37.48,750.0
2013-04-18,37.48,37.48,37.400002,37.400002,165.0
2013-04-19,37.400002,37.400002,37.0,37.0,170.0
2013-04-22,37.0,37.0,37.0,37.0,180.0
2013-04-23,36.240002,37.720001,36.029999,36.099998,944.0
2013-04-24,37.720001,37.720001,37.720001,37.720001,2.0
2013-04-25,37.0,37.0,37.0,37.0,90.0
2013-04-26,36.099998,36.5,36.099998,36.5,74609.0
2013-04-29,36.099998,37.599998,36.099998,36.139999,360.0
2013-04-30,36.16,36.200001,36.16,36.200001,67.0
2013-05-02,36.200001,36.220001,36.200001,36.220001,422.0
2013-05-06,36.299999,36.299999,36.299999,36.299999,130.0
2013-05-07,36.299999,36.299999,36.299999,36.299999,125.0
2013-05-08,36.299999,37.299999,36.240002,37.299999,1847.0
2013-05-09,37.299999,37.299999,37.299999,37.299999,1481.0
2013-05-10,37.299999,37.580002,37.299999,37.580002,722.0
2013-05-13,37.580002,37.580002,37.580002,37.580002,1481.0
2013-05-14,37.580002,37.580002,37.580002,37.580002,1481.0
2013-05-15,37.580002,37.580002,37.580002,37.580002,1010.0
2013-05-16,36.599998,36.599998,36.599998,36.599998,2404.0
2013-05-17,37.580002,37.580002,37.5,37.5,1511.0
2013-05-20,37.5,37.52,37.5,37.5,3803.0
2013-05-21,37.5,37.5,37.5,37.5,1481.0
2013-05-22,37.5,37.5,37.5,37.5,1481.0
2013-05-23,37.5,37.5,37.5,37.5,425.0
2013-05-24,37.799999,38.0,37.799999,38.0,662.0
2013-05-27,38.0,38.02,38.0,38.02,550.0
2013-05-28,38.040001,38.040001,38.040001,38.040001,60.0
2013-05-29,38.040001,38.040001,38.040001,38.040001,10.0
2013-05-30,38.200001,38.299999,38.200001,38.299999,572.0
2013-05-31,38.5,38.5,38.48,38.48,35.0
2013-06-03,38.48,38.48,38.48,38.48,9.0
2013-06-04,38.48,38.48,38.48,38.48,500.0
2013-06-05,38.48,38.48,38.48,38.48,500.0
2013-06-06,38.5,38.5,37.700001,37.700001,774.0
2013-06-07,37.599998,37.599998,37.5,37.5,20.0
2013-06-10,37.5,37.5,37.5,37.5,114.0
2013-06-11,37.5,37.5,37.5,37.5,166.0
2013-06-12,37.5,37.5,37.5,37.5,500.0
2013-06-13,37.5,37.5,37.5,37.5,57.0
2013-06-14,38.0,38.0,38.0,38.0,52.0
2013-06-19,38.0,38.0,38.0,38.0,510.0
2013-06-20,38.0,38.0,38.0,38.0,500.0
2013-06-21,38.0,38.0,38.0,38.0,500.0
2013-06-24,38.0,38.0,37.5,37.5,540.0
2013-06-25,37.5,37.98,37.5,37.5,727.0
2013-06-26,37.5,37.5,37.5,37.5,500.0
2013-06-27,37.5,37.5,37.5,37.5,210.0
2013-06-28,37.5,37.5,37.5,37.5,600.0
2013-07-01,37.5,37.5,37.400002,37.400002,510.0
2013-07-02,37.400002,37.400002,37.400002,37.400002,31.0
2013-07-03,37.400002,37.400002,37.400002,37.400002,2.0
2013-07-04,37.400002,37.400002,37.400002,37.400002,1906.0
2013-07-05,37.400002,37.400002,37.400002,37.400002,5542.0
2013-07-09,37.400002,37.400002,37.380001,37.400002,2819.0
2013-07-10,37.400002,37.400002,37.400002,37.400002,60.0
2013-07-11,37.400002,37.400002,37.400002,37.400002,500.0
2013-07-12,37.400002,37.400002,37.400002,37.400002,500.0
2013-07-16,37.0,37.0,36.009998,36.119999,2270.0
2013-07-17,36.119999,36.119999,36.119999,36.119999,20.0
2013-07-18,36.119999,36.119999,36.119999,36.119999,100.0
2013-07-19,36.299999,37.400002,36.299999,37.400002,28060.0
2013-07-22,37.0,37.98,37.0,37.98,2411.0
2013-07-23,37.990002,38.5,37.990002,38.0,2330.0
2013-07-24,37.799999,37.799999,37.799999,37.799999,1080.0
2013-07-25,37.799999,37.799999,37.799999,37.799999,1000.0
2013-07-26,37.799999,37.799999,37.700001,37.700001,252.0
2013-07-29,38.5,38.5,38.5,38.5,6050.0
2013-07-31,38.5,38.5,38.5,38.5,500.0
2013-08-02,38.5,38.5,38.5,38.5,1300.0
2013-08-05,38.5,38.5,38.5,38.5,60.0
2013-08-07,38.900002,38.900002,38.900002,38.900002,6.0
2013-08-12,38.98,38.98,38.98,38.98,50.0
2013-08-15,38.5,38.5,38.5,38.5,20.0
2013-08-16,38.5,38.5,38.5,38.5,1010.0
2013-08-19,38.5,38.5,38.5,38.5,20.0
2013-08-22,38.5,38.5,38.5,38.5,22.0
2013-08-23,38.5,38.5,38.5,38.5,20.0
2013-08-26,38.5,38.5,38.5,38.5,15.0
2013-08-28,38.5,38.5,38.5,38.5,1059.0
2013-08-29,38.5,38.5,38.5,38.5,1906.0
2013-09-02,38.5,38.5,38.5,38.5,300.0
2013-09-04,38.5,38.5,38.5,38.5,260.0
2013-09-06,39.0,39.0,39.0,39.0,320.0
2013-09-09,38.52,38.52,38.52,38.52,10.0
2013-09-11,38.5,38.5,38.5,38.5,116.0
2013-09-16,38.5,38.5,38.5,38.5,50.0
2013-09-17,38.5,38.5,38.5,38.5,20.0
2013-09-18,38.5,38.5,38.5,38.5,40.0
2013-09-19,38.5,38.5,38.5,38.5,40.0
2013-09-23,38.5,38.5,38.5,38.5,50.0
2013-09-24,38.5,38.599998,38.5,38.5,4058.0
2013-09-25,39.0,39.0,39.0,39.0,330.0
2013-09-26,39.0,39.0,38.900002,39.0,1502.0
2013-09-27,38.900002,38.900002,38.900002,38.900002,240.0
2013-09-30,38.900002,38.900002,38.900002,38.900002,250.0
2013-10-01,38.900002,38.900002,38.900002,38.900002,50.0
2013-10-02,39.0,39.0,38.900002,38.900002,260.0
2013-10-03,38.900002,39.0,38.900002,39.0,130.0
2013-10-04,39.0,39.0,38.900002,38.900002,155.0
2013-10-08,38.900002,38.91,38.900002,38.91,170.0
2013-10-10,38.91,39.0,38.91,39.0,45.0
2013-10-11,38.900002,38.900002,38.860001,38.860001,750.0
2013-10-15,38.860001,38.860001,38.860001,38.860001,500.0
2013-10-21,38.860001,38.860001,36.599998,38.799999,630.0
2013-10-22,38.799999,38.98,38.799999,38.799999,377.0
2013-10-24,39.0,39.0,38.900002,38.900002,123.0
2013-10-28,39.0,39.5,38.900002,39.5,185.0
2013-10-29,39.5,39.5,39.5,39.5,70.0
2013-10-30,39.5,40.0,39.450001,40.0,151.0
2013-10-31,40.0,40.0,39.900002,40.0,140.0
2013-11-01,40.0,40.5,39.959999,40.5,264.0
2013-11-07,40.5,40.5,40.48,40.48,149.0
2013-11-08,41.400002,41.400002,41.400002,41.400002,203.0
2013-11-12,39.900002,39.900002,39.900002,39.900002,45.0
2013-11-13,40.0,40.0,39.900002,39.900002,200.0
2013-11-14,40.0,40.0,39.959999,39.959999,70.0
2013-11-15,40.0,40.0,40.0,40.0,20.0
2013-11-19,40.0,40.0,40.0,40.0,520.0
2013-11-21,40.0,40.0,40.0,40.0,50.0
2013-11-22,40.5,40.5,40.5,40.5,20.0
2013-11-25,38.119999,38.119999,38.119999,38.119999,99.0
2013-11-26,40.400002,40.400002,40.299999,40.299999,350.0
2013-11-27,40.299999,40.450001,40.259998,40.450001,425.0
2013-11-28,40.450001,40.450001,40.450001,40.450001,25.0
2013-11-29,40.5,40.5,40.400002,40.400002,354.0
2013-12-03,40.400002,40.400002,40.400002,40.400002,60.0
2013-12-04,40.5,40.5,40.380001,40.380001,320.0
2013-12-05,40.380001,40.380001,40.380001,40.380001,190.0
2013-12-06,40.380001,40.380001,40.380001,40.380001,200.0
2013-12-09,40.380001,40.380001,40.380001,40.380001,320.0
2013-12-10,40.380001,40.48,40.380001,40.48,160.0
2013-12-11,40.48,40.48,40.48,40.48,140.0
2013-12-12,40.48,40.48,40.48,40.48,100.0
2013-12-13,40.490002,40.490002,40.48,40.48,120.0
2013-12-16,40.48,40.48,40.48,40.48,240.0
2013-12-17,40.48,40.48,40.48,40.48,100.0
2013-12-18,40.48,40.48,40.48,40.48,59.0
2013-12-19,40.5,40.5,40.48,40.48,300.0
2013-12-20,40.0,40.0,40.0,40.0,195.0
2013-12-23,40.0,40.0,40.0,40.0,20.0
2013-12-26,40.0,40.0,40.0,40.0,200.0
2013-12-27,40.0,40.0,39.98,39.98,400.0
2013-12-30,40.0,40.0,39.98,39.98,100.0
2013-12-31,40.0,40.0,39.98,39.98,120.0
2014-01-02,39.98,39.98,39.98,39.98,264.0
2014-01-03,39.98,39.98,39.98,39.98,200.0
2014-01-06,39.98,39.98,39.98,39.98,400.0
2014-01-07,39.98,39.98,39.98,39.98,200.0
2014-01-08,39.900002,39.900002,39.900002,39.900002,20.0
2014-01-09,39.900002,39.900002,39.900002,39.900002,40.0
2014-01-10,39.98,39.98,37.700001,37.700001,227.0
2014-01-13,39.959999,39.959999,39.939999,39.939999,110.0
2014-01-16,40.0,40.0,39.959999,39.98,430.0
2014-01-17,40.0,40.0,39.98,39.98,221.0
2014-01-20,40.799999,40.799999,40.0,40.0,70.0
2014-01-21,39.98,39.98,39.98,39.98,50.0
2014-01-22,39.98,39.98,39.98,39.98,100.0
2014-01-23,39.98,39.98,39.98,39.98,20.0
2014-01-24,39.98,39.98,39.98,39.98,100.0
2014-01-28,39.98,39.98,39.98,39.98,30.0
2014-01-29,39.98,39.98,37.700001,39.5,61.0
2014-01-30,39.48,39.5,37.740002,39.5,531.0
2014-01-31,39.5,39.5,39.48,39.48,100.0
2014-02-03,39.48,39.48,39.48,39.48,20.0
2014-02-05,39.900002,39.98,39.900002,39.900002,410.0
2014-02-06,39.98,39.98,39.98,39.98,5.0
2014-02-07,39.98,39.98,38.049999,39.959999,3105.0
2014-02-10,39.98,39.98,39.959999,39.959999,140.0
2014-02-11,39.959999,39.959999,39.959999,39.959999,10.0
2014-02-12,39.98,39.98,39.98,39.98,20.0
2014-02-13,39.98,39.98,37.740002,37.740002,200.0
2014-02-14,39.959999,39.959999,39.900002,39.900002,480.0
2014-02-17,39.900002,39.900002,39.799999,39.799999,400.0
2014-02-18,39.799999,39.799999,39.799999,39.799999,100.0
2014-02-19,39.799999,39.799999,39.799999,39.799999,50.0
2014-02-20,39.799999,39.799999,39.700001,39.700001,200.0
2014-02-21,39.700001,39.700001,39.650002,39.650002,165.0
2014-02-24,39.650002,39.650002,39.650002,39.650002,20.0
2014-02-25,39.650002,39.650002,39.599998,39.599998,220.0
2014-02-26,39.599998,39.599998,39.549999,39.549999,310.0
2014-03-04,38.950001,38.950001,38.900002,38.900002,146.0
2014-03-05,38.900002,38.900002,38.900002,38.900002,30.0
2014-03-06,38.900002,38.900002,38.060001,38.060001,250.0
2014-03-07,38.759998,38.759998,38.75,38.75,140.0
2014-03-11,38.75,38.98,38.700001,38.799999,380.0
2014-03-12,38.5,38.5,38.200001,38.450001,983.0
2014-03-13,38.400002,38.5,38.029999,38.450001,1657.0
2014-03-14,38.5,38.5,38.200001,38.200001,905.0
2014-03-17,38.5,38.5,38.0,38.0,791.0
2014-03-19,38.48,38.48,38.48,38.48,20.0
2014-03-20,38.459999,38.470001,38.439999,38.450001,648.0
2014-03-21,38.5,38.5,37.700001,37.700001,270.0
2014-03-25,38.099998,38.099998,37.799999,37.799999,583.0
2014-03-26,38.400002,38.5,37.799999,37.799999,209.0
2014-03-27,37.799999,37.799999,37.700001,37.700001,290.0
2014-03-28,37.740002,37.740002,37.740002,37.740002,100.0
2014-04-02,38.0,38.0,37.740002,37.740002,80.0
2014-04-03,37.740002,37.740002,37.740002,37.740002,112.0
2014-04-04,37.810001,38.5,37.810001,38.5,31.0
2014-04-07,38.5,38.5,38.5,38.5,200.0
2014-04-08,38.5,38.5,38.0,38.0,90.0
2014-04-09,36.5,38.380001,36.0,38.0,21670.0
2014-04-10,37.990002,37.990002,37.799999,37.799999,250.0
2014-04-11,37.990002,37.990002,37.5,37.5,330.0
2014-04-14,37.889999,37.889999,37.009998,37.009998,240.0
2014-04-15,38.0,38.0,37.5,37.5,200.0
2014-04-16,38.0,38.380001,37.5,38.380001,450.0
2014-04-17,38.380001,38.400002,38.380001,38.400002,67.0
2014-04-18,38.299999,38.48,38.0,38.48,113.0
2014-04-21,38.48,38.48,38.400002,38.400002,100.0
2014-04-22,38.299999,38.299999,38.299999,38.299999,50.0
2014-04-23,38.0,38.0,38.0,38.0,50.0
2014-04-24,38.0,38.0,38.0,38.0,50.0
2014-04-25,38.0,38.0,38.0,38.0,360.0
2014-04-28,38.0,38.0,38.0,38.0,50.0
2014-04-29,38.470001,38.470001,37.599998,37.599998,60.0
2014-04-30,38.0,38.0,37.900002,37.900002,200.0
2014-05-02,38.470001,38.470001,38.0,38.0,100.0
2014-05-05,38.0,38.0,37.599998,37.599998,70.0
2014-05-06,38.299999,38.299999,38.0,38.0,60.0
2014-05-07,38.299999,38.299999,37.200001,37.200001,170.0
2014-05-08,37.5,37.5,37.400002,37.400002,375.0
2014-05-09,37.400002,37.5,37.400002,37.5,35.0
2014-05-13,38.279999,38.279999,38.279999,38.279999,25.0
2014-05-14,38.290001,38.290001,37.400002,37.400002,125.0
2014-05-15,38.0,38.0,38.0,38.0,50.0
2014-05-16,38.0,38.0,38.0,38.0,5.0
2014-05-19,38.0,38.0,38.0,38.0,50.0
2014-05-20,38.200001,38.200001,38.0,38.0,70.0
2014-05-21,38.200001,38.200001,37.700001,37.700001,177.0
2014-05-23,38.200001,38.200001,38.0,38.0,170.0
2014-05-26,38.0,38.0,37.400002,37.400002,220.0
2014-05-27,37.900002,37.900002,37.0,37.900002,522.0
2014-05-28,38.0,38.0,37.0,37.0,285.0
2014-05-29,38.0,38.0,37.700001,37.700001,300.0
2014-05-30,35.439999,37.98,35.439999,37.98,25576.0
2014-06-02,37.650002,37.700001,37.0,37.0,320.0
2014-06-03,37.48,37.48,36.029999,36.040001,799.0
2014-06-04,37.380001,37.380001,36.0,36.0,5182.0
2014-06-05,37.360001,37.360001,35.990002,36.0,1846.0
2014-06-06,36.990002,36.990002,36.0,36.0,341.0
2014-06-09,36.970001,36.970001,35.799999,35.799999,175.0
2014-06-10,36.0,36.0,35.900002,35.900002,218.0
2014-06-11,36.990002,36.990002,36.0,36.0,155.0
2014-06-12,35.900002,36.0,35.900002,36.0,60.0
2014-06-13,36.0,36.759998,35.700001,35.700001,190.0
2014-06-16,36.650002,36.650002,35.700001,35.700001,115.0
2014-06-17,36.610001,36.610001,35.75,36.0,151.0
2014-06-18,35.529999,35.529999,35.529999,35.529999,100.0
2014-06-19,36.0,36.0,36.0,36.0,170.0
2014-06-24,36.0,36.0,36.0,36.0,30.0
2014-06-25,35.0,36.0,35.0,35.0,960.0
2014-06-26,35.709999,36.0,35.700001,36.0,110.0
2014-06-30,34.799999,34.799999,34.799999,34.799999,70.0
2014-07-01,36.0,36.0,35.0,35.0,120.0
2014-07-02,35.5,35.5,35.0,35.0,82.0
2014-07-03,34.200001,34.200001,34.02,34.02,750.0
2014-07-07,35.0,35.0,34.799999,34.799999,285.0
2014-07-08,34.5,34.5,34.099998,34.110001,155.0
2014-07-09,34.349998,34.349998,34.349998,34.349998,150.0
2014-07-10,34.5,34.5,34.5,34.5,275.0
2014-07-11,34.02,34.02,34.02,34.02,40.0
2014-07-14,35.5,36.0,35.5,36.0,42.0
2014-07-15,35.0,35.990002,34.110001,34.110001,120.0
2014-07-16,35.990002,35.990002,35.990002,35.990002,50.0
2014-07-17,36.0,36.0,34.200001,34.200001,270.0
2014-07-18,35.98,35.98,34.299999,34.299999,100.0
2014-07-21,35.0,35.0,35.0,35.0,20.0
2014-07-22,34.200001,34.200001,34.200001,34.200001,20.0
2014-07-23,35.0,35.0,34.369999,34.369999,50.0
2014-07-24,35.849998,35.849998,35.0,35.0,30.0
2014-07-25,34.299999,34.299999,34.299999,34.299999,20.0
2014-07-31,35.900002,35.900002,34.349998,34.349998,106.0
2014-08-01,34.349998,34.349998,34.349998,34.349998,150.0
2014-08-04,34.349998,34.349998,34.349998,34.349998,60.0
2014-08-05,34.349998,35.0,34.349998,34.349998,110.0
2014-08-06,34.209999,34.599998,34.209999,34.509998,130.0
2014-08-08,35.0,35.0,35.0,35.0,60.0
2014-08-12,34.049999,34.049999,34.049999,34.049999,100.0
2014-08-13,35.0,35.0,35.0,35.0,62.0
2014-08-15,35.0,35.869999,33.0,33.02,6128.0
2014-08-18,35.0,35.0,35.0,35.0,30.0
2014-08-19,35.77,35.77,35.0,35.0,53.0
2014-08-22,35.0,35.0,35.0,35.0,51.0
2014-08-25,35.0,35.0,34.0,34.0,419.0
2014-08-26,35.0,35.0,33.75,33.75,240.0
2014-08-27,35.0,35.0,34.990002,35.0,78.0
2014-08-29,35.0,35.0,34.700001,34.700001,55.0
2014-09-02,35.0,35.0,34.0,34.0,590.0
2014-09-03,34.700001,35.0,34.700001,35.0,70.0
2014-09-05,34.799999,34.799999,34.0,34.0,45.0
2014-09-09,34.700001,34.700001,34.700001,34.700001,40.0
2014-09-10,34.119999,34.119999,34.119999,34.119999,145.0
2014-09-11,35.0,35.0,34.119999,34.119999,90.0
2014-09-12,34.119999,34.119999,34.119999,34.119999,20.0
2014-09-16,34.75,34.75,34.0,34.0,3325.0
2014-09-17,34.75,34.75,34.75,34.75,5.0
2014-09-18,33.880001,33.880001,32.799999,33.0,24040.0
2014-09-19,34.57,34.57,33.099998,33.099998,15.0
2014-09-22,34.0,34.0,33.200001,33.200001,35.0
2014-09-23,34.0,34.0,33.200001,33.200001,325.0
2014-09-24,33.990002,33.990002,33.990002,33.990002,100.0
2014-09-25,34.0,34.0,33.150002,33.5,330.0
2014-09-26,33.990002,33.990002,33.0,33.0,7291.0
2014-09-29,33.5,33.5,33.5,33.5,5.0
2014-09-30,33.25,33.299999,33.25,33.25,400.0
2014-10-01,33.25,33.25,33.25,33.25,24.0
2014-10-02,33.0,33.200001,33.0,33.0,140.0
2014-10-03,33.5,33.5,33.5,33.5,12.0
2014-10-07,33.5,33.5,33.5,33.5,1.0
2014-10-08,33.970001,33.970001,33.970001,33.970001,352.0
2014-10-09,33.959999,33.959999,33.959999,33.959999,20.0
2014-10-13,33.0,33.0,33.0,33.0,387.0
2014-10-14,33.0,33.0,33.0,33.0,1000.0
2014-10-15,33.5,33.5,32.849998,32.849998,35.0
2014-10-16,33.869999,33.869999,32.849998,32.849998,186.0
2014-10-17,33.5,33.5,32.849998,32.849998,40.0
2014-10-20,33.799999,33.799999,33.5,33.5,52.0
2014-10-22,33.5,33.5,33.5,33.5,60.0
2014-10-23,33.5,33.5,33.5,33.5,70.0
2014-10-24,33.599998,33.790001,33.400002,33.400002,200.0
2014-10-27,33.5,33.77,32.5,33.77,995.0
2014-10-28,33.689999,33.689999,32.509998,32.509998,170.0
2014-10-29,33.669998,33.669998,33.669998,33.669998,20.0
2014-10-30,33.650002,33.650002,33.0,33.0,130.0
2014-10-31,33.599998,33.599998,32.57,32.619999,496.0
2014-11-03,32.639999,33.650002,32.639999,33.540001,150.0
2014-11-04,33.529999,33.529999,33.529999,33.529999,110.0
2014-11-05,33.57,33.57,33.099998,33.099998,75.0
2014-11-07,33.580002,33.580002,33.580002,33.580002,11.0
2014-11-10,33.119999,33.119999,33.119999,33.119999,20.0
2014-11-11,33.16,33.16,33.119999,33.119999,240.0
2014-11-12,33.200001,33.389999,33.0,33.0,838.0
2014-11-13,33.0,33.0,33.0,33.0,10.0
2014-11-14,33.0,33.0,32.650002,32.650002,151.0
2014-11-17,33.0,33.0,32.650002,33.0,47.0
2014-11-19,33.0,33.0,32.66,32.66,30.0
2014-11-20,33.0,33.0,33.0,33.0,100.0
2014-11-21,33.0,33.0,32.900002,32.900002,39.0
2014-11-24,32.790001,32.790001,32.619999,32.619999,289.0
2014-11-25,33.0,33.0,32.619999,32.619999,323.0
2014-11-26,33.0,33.0,32.599998,32.599998,1177.0
2014-11-27,32.880001,32.880001,32.599998,32.599998,160.0
2014-11-28,33.0,33.0,32.099998,32.099998,176.0
2014-12-01,33.0,33.0,32.900002,32.950001,138.0
2014-12-02,32.990002,32.990002,31.030001,31.030001,170.0
2014-12-03,32.5,32.5,30.959999,30.959999,1437.0
2014-12-04,32.5,32.5,30.700001,30.700001,180.0
2014-12-08,30.700001,30.700001,30.0,30.0,280.0
2014-12-09,30.0,31.5,30.0,31.49,486.0
2014-12-10,31.49,31.5,31.49,31.5,305.0
2014-12-11,32.400002,32.400002,31.0,31.0,116.0
2014-12-12,31.0,31.0,31.0,31.0,20.0
2014-12-15,31.0,31.5,31.0,31.5,30.0
2014-12-16,31.4,31.4,31.0,31.0,42.0
2014-12-17,31.0,31.0,31.0,31.0,70.0
2014-12-18,30.110001,30.120001,30.059999,30.059999,250.0
2014-12-19,30.99,30.99,30.200001,30.200001,60.0
2014-12-22,30.200001,30.200001,30.0,30.0,3188.0
2014-12-23,30.01,30.99,30.0,30.0,506.0
2014-12-24,30.0,30.01,30.0,30.0,440.0
2014-12-25,29.5,30.0,28.5,30.0,350.0
2014-12-26,28.610001,30.0,28.35,30.0,224.0
2014-12-29,28.540001,30.0,28.540001,29.950001,90.0
2014-12-30,30.0,30.0,28.59,28.59,200.0
2014-12-31,29.950001,30.299999,29.950001,30.299999,800.0
2015-01-02,30.25,30.25,28.690001,28.690001,45.0
2015-01-06,29.0,29.0,28.5,28.5,629.0
2015-01-07,29.0,29.0,29.0,29.0,40.0
2015-01-08,30.049999,30.049999,28.709999,29.950001,3.0
2015-01-12,30.0,30.18,30.0,30.18,110.0
2015-01-13,30.0,30.0,30.0,30.0,20.0
2015-01-14,28.950001,29.99,28.719999,29.99,113.0
2015-01-16,28.52,29.969999,28.52,29.969999,10.0
2015-01-19,29.0,29.0,28.52,29.0,108.0
2015-01-20,29.99,29.99,29.99,29.99,50.0
2015-01-21,28.700001,29.799999,28.549999,29.799999,50.0
2015-01-27,28.110001,29.780001,28.110001,29.780001,367.0
2015-01-28,29.99,29.99,29.99,29.99,24.0
2015-01-29,29.9,29.9,29.9,29.9,160.0
2015-02-03,29.9,30.0,29.9,30.0,1524.0
2015-02-04,30.0,30.0,30.0,30.0,484.0
2015-02-05,30.299999,30.6,30.0,30.0,224.0
2015-02-06,30.98,30.98,30.799999,30.799999,71.0
2015-02-09,30.0,30.0,30.0,30.0,20.0
2015-02-10,30.9,31.0,30.799999,30.799999,340.0
2015-02-11,31.0,31.0,30.85,30.85,120.0
2015-02-16,30.799999,30.85,30.5,30.5,275.0
2015-02-17,31.0,31.0,30.0,30.0,220.0
2015-02-18,28.73,28.73,28.73,28.73,30.0
2015-02-19,30.0,30.0,28.700001,28.700001,270.0
2015-02-20,31.57,31.57,30.5,30.5,130.0
2015-02-23,30.5,30.5,30.450001,30.450001,45.0
2015-02-24,31.4,31.4,28.709999,30.0,625.0
2015-02-25,29.040001,30.0,29.0,30.0,690.0
2015-02-26,30.190001,30.190001,30.0,30.0,40.0
2015-02-27,30.0,30.0,29.5,29.5,566.0
2015-03-02,31.190001,31.190001,31.0,31.0,60.0
2015-03-03,30.99,30.99,30.5,30.5,40.0
2015-03-04,31.0,31.0,30.5,30.5,40.0
2015-03-06,30.0,30.0,30.0,30.0,4.0
2015-03-10,29.6,29.6,29.6,29.6,51.0
2015-03-11,30.0,30.0,29.719999,29.719999,90.0
2015-03-16,29.76,29.76,29.76,29.76,77.0
2015-03-17,29.76,29.76,29.0,29.0,1963.0
2015-03-18,29.0,29.4,28.74,29.4,330.0
2015-03-19,28.74,28.74,28.74,28.74,20.0
2015-03-23,28.709999,28.709999,28.6,28.6,1235.0
2015-03-24,28.5,28.6,28.5,28.6,140.0
2015-03-25,27.73,29.9,27.73,29.9,1020.0
2015-03-27,28.5,29.870001,28.5,28.5,244.0
2015-03-30,29.809999,29.809999,28.15,28.15,80.0
2015-03-31,28.4,28.4,28.4,28.4,40.0
2015-04-01,28.4,28.4,28.4,28.4,10.0
2015-04-02,26.82,27.0,26.700001,26.700001,1506.0
2015-04-08,28.299999,28.299999,28.299999,28.299999,30.0
2015-04-10,26.129999,26.200001,26.129999,26.17,105.0
2015-04-13,26.15,26.15,26.120001,26.120001,40.0
2015-04-14,26.120001,26.120001,26.1,26.1,176.0
2015-04-15,27.0,27.66,27.0,27.66,25.0
2015-04-16,30.42,30.42,30.42,30.42,1975.0
2015-04-17,28.6,28.6,28.6,28.6,43.0
2015-04-20,27.700001,30.0,27.200001,30.0,83.0
2015-04-21,27.219999,27.32,27.219999,27.32,62.0
2015-04-24,27.4,27.9,27.4,27.9,27.0
2015-04-28,29.0,29.0,29.0,29.0,1.0
2015-04-29,29.360001,29.360001,29.360001,29.360001,20.0
2015-04-30,27.33,29.290001,27.33,29.290001,21.0
2015-05-06,27.540001,28.0,27.540001,28.0,2.0
2015-05-08,27.309999,28.0,27.309999,28.0,23.0
2015-05-11,28.0,28.0,28.0,28.0,1.0
2015-05-12,28.0,28.0,27.309999,27.309999,22.0
2015-05-13,27.99,27.99,27.99,27.99,1.0
2015-05-14,27.309999,27.309999,27.309999,27.309999,20.0
2015-05-15,27.299999,27.299999,27.299999,27.299999,231.0
2015-05-18,27.299999,27.299999,27.299999,27.299999,20.0
2015-05-19,27.98,27.98,27.98,27.98,2.0
2015-05-20,27.299999,27.299999,27.299999,27.299999,20.0
2015-05-21,27.1,27.1,27.1,27.1,98.0
2015-05-22,27.1,27.1,27.1,27.1,20.0
2015-05-25,27.1,27.1,27.01,27.01,51.0
2015-05-26,27.01,27.01,25.5,27.01,98.0
2015-05-29,25.4,26.1,25.4,26.1,25.0
2015-06-01,24.540001,27.01,24.540001,27.01,451.0
2015-06-02,27.01,27.1,25.41,27.1,370.0
2015-06-05,27.1,27.1,27.1,27.1,26.0
2015-06-08,26.209999,27.0,26.209999,27.0,290.0
2015-06-09,26.5,27.74,26.0,26.0,2814.0
2015-06-10,26.0,27.559999,26.0,27.559999,170.0
2015-06-11,27.700001,27.75,27.700001,27.75,300.0
2015-06-12,26.299999,28.799999,26.299999,28.799999,62.0
2015-06-18,26.629999,28.799999,26.620001,28.799999,1119.0
2015-06-19,27.08,27.08,27.08,27.08,91.0
2015-06-22,27.08,27.08,27.08,27.08,200.0
2015-06-23,27.08,27.08,26.200001,26.200001,280.0
2015-06-25,26.110001,27.08,24.629999,27.08,1285.0
2015-06-26,26.0,27.040001,25.459999,27.040001,1650.0
2015-06-29,26.0,26.99,26.0,26.99,1607.0
2015-06-30,25.379999,26.99,25.379999,26.870001,520.0
2015-07-01,25.4,26.870001,25.4,26.870001,166.0
2015-07-02,26.84,26.84,25.4,26.469999,821.0
2015-07-03,26.4,26.4,24.9,24.9,897.0
2015-07-06,25.950001,25.950001,25.0,25.0,160.0
2015-07-07,25.950001,26.0,23.5,25.5,1571.0
2015-07-08,25.42,25.99,23.969999,25.690001,2907.0
2015-07-09,25.5,25.5,24.15,25.25,228.0
2015-07-10,25.0,25.0,23.74,25.0,607.0
2015-07-13,24.9,24.9,23.700001,24.889999,1916.0
2015-07-14,24.889999,24.889999,24.5,24.879999,65.0
2015-07-15,24.870001,24.870001,23.5,23.5,1263.0
2015-07-16,23.5,24.49,23.5,24.49,267.0
2015-07-20,24.790001,24.790001,23.299999,24.790001,187.0
2015-07-21,24.790001,24.790001,24.5,24.77,120.0
2015-07-22,24.77,24.77,24.77,24.77,12.0
2015-07-23,24.77,24.77,24.77,24.77,20.0
2015-07-24,24.76,24.76,24.74,24.74,411.0
2015-07-27,24.719999,25.360001,24.719999,25.360001,290.0
2015-07-28,25.34,25.34,24.0,25.0,105.0
2015-07-29,24.99,25.370001,24.0,25.370001,215.0
2015-07-31,25.35,25.35,24.0,25.35,485.0
2015-08-03,25.34,25.34,25.34,25.34,45.0
2015-08-04,24.040001,25.35,23.870001,25.33,226.0
2015-08-05,25.33,25.33,25.33,25.33,2.0
2015-08-06,25.0,26.4,25.0,26.4,450.0
2015-08-07,26.0,26.0,25.6,26.0,267.0
2015-08-10,26.0,26.0,25.6,25.6,483.0
2015-08-11,24.07,25.98,24.07,25.6,251.0
2015-08-12,25.9,25.99,25.5,25.5,177.0
2015-08-13,25.01,25.91,24.219999,25.91,115.0
2015-08-17,24.440001,24.440001,24.379999,24.379999,60.0
2015-08-18,25.799999,25.799999,24.43,24.43,110.0
2015-08-19,24.52,24.52,24.51,24.51,40.0
2015-08-25,25.0,25.0,25.0,25.0,20.0
2015-08-26,24.52,25.98,24.52,25.98,32.0
2015-08-27,26.4,26.4,25.99,25.99,21.0
2015-09-01,24.51,24.52,24.51,24.52,253.0
2015-09-02,25.51,25.51,23.049999,24.950001,2250.0
2015-09-03,24.5,24.5,24.5,24.5,90.0
2015-09-04,23.059999,24.440001,23.030001,23.030001,394.0
2015-09-07,24.299999,24.299999,24.299999,24.299999,20.0
2015-09-08,23.01,24.24,23.0,24.24,23.0
2015-09-11,21.83,24.18,21.83,24.0,1400.0
2015-09-16,23.959999,23.99,23.959999,23.99,200.0
2015-09-17,24.0,24.25,22.620001,24.25,830.0
2015-09-18,24.219999,24.5,24.219999,24.48,3310.0
2015-09-21,25.0,25.0,24.5,24.5,200.0
2015-09-29,25.0,25.0,23.1,24.0,1512.0
2015-09-30,24.450001,24.450001,24.0,24.0,120.0
2015-10-01,24.5,24.5,24.0,24.0,110.0
2015-10-02,24.0,24.0,24.0,24.0,150.0
2015-10-05,23.01,23.98,23.01,23.98,55.0
2015-10-06,23.02,23.98,22.549999,23.799999,597.0
2015-10-07,24.0,24.0,23.799999,23.799999,30.0
2015-10-08,23.98,23.98,23.9,23.9,50.0
2015-10-09,24.0,24.0,24.0,24.0,5.0
2015-10-13,22.799999,22.799999,22.559999,22.559999,110.0
2015-10-14,23.0,23.0,21.209999,22.99,1271.0
2015-10-16,23.0,23.0,23.0,23.0,90.0
2015-10-21,23.950001,23.950001,23.950001,23.950001,20.0
2015-10-23,23.9,23.9,22.52,23.49,510.0
2015-10-27,21.15,23.0,21.15,23.0,200.0
2015-10-29,23.0,23.0,21.639999,23.0,55.0
2015-10-30,23.0,23.0,22.75,22.75,200.0
2015-11-02,22.9,22.9,21.77,21.77,12.0
2015-11-03,21.780001,22.9,21.0,22.0,1786.0
2015-11-04,22.99,23.059999,21.799999,23.059999,447.0
2015-11-05,22.1,22.1,22.1,22.1,10.0
2015-11-09,23.42,23.42,23.42,23.42,52.0
2015-11-10,23.35,23.35,23.35,23.35,100.0
2015-11-11,23.450001,23.450001,22.5,22.5,130.0
2015-11-12,23.49,23.49,23.0,23.0,150.0
2015-11-13,23.48,23.48,22.5,23.469999,130.0
2015-11-16,23.469999,23.469999,22.5,22.5,68.0
2015-11-17,23.5,23.5,22.5,22.5,170.0
2015-11-19,23.1,23.1,23.0,23.0,88.0
2015-11-20,23.799999,23.799999,23.5,23.5,91.0
2015-11-23,23.9,23.9,23.5,23.5,100.0
2015-11-24,23.92,23.92,23.6,23.6,90.0
2015-11-25,23.92,23.92,23.92,23.92,20.0
2015-11-26,24.0,24.0,22.51,23.950001,760.0
2015-11-27,23.959999,23.959999,23.9,23.9,203.0
2015-11-30,24.0,24.0,23.9,23.9,140.0
2015-12-01,24.440001,24.440001,22.540001,23.9,132.0
2015-12-02,24.0,24.0,22.719999,23.889999,355.0
2015-12-03,23.99,23.99,23.85,23.85,438.0
2015-12-04,23.9,23.9,23.9,23.9,60.0
2015-12-07,24.0,24.0,23.9,23.9,160.0
2015-12-08,24.4,24.4,24.0,24.0,200.0
2015-12-09,24.0,24.0,24.0,24.0,37.0
2015-12-10,24.290001,24.290001,22.559999,22.559999,370.0
2015-12-11,23.84,23.84,21.209999,21.219999,1750.0
2015-12-14,22.469999,22.469999,22.299999,22.299999,117.0
2015-12-15,22.4,22.4,22.09,22.09,121.0
2015-12-16,20.799999,22.049999,20.799999,22.049999,685.0
2015-12-17,22.040001,22.049999,20.74,22.049999,1352.0
2015-12-18,22.299999,22.299999,20.73,20.73,871.0
2015-12-21,21.860001,21.860001,19.49,20.780001,3242.0
2015-12-22,21.299999,22.0,19.540001,22.0,2825.0
2015-12-23,21.200001,21.200001,21.200001,21.200001,80.0
2015-12-28,21.85,22.469999,21.85,22.469999,1799.0
2015-12-29,22.5,23.809999,21.950001,23.809999,2264.0
2015-12-30,24.299999,24.99,22.389999,24.99,235000.0
2015-12-31,25.0,25.0,24.99,24.99,412.0
2016-01-04,26.0,26.0,25.799999,25.799999,100.0
2016-01-05,26.0,26.040001,26.0,26.0,788.0
2016-01-06,27.0,27.299999,27.0,27.280001,2689.0
2016-01-07,28.5,28.91,28.5,28.91,470.0
2016-01-08,30.0,30.0,29.0,29.0,1200.0
2016-01-12,29.0,29.0,29.0,29.0,37.0
2016-01-13,29.0,29.0,28.6,28.6,226.0
2016-01-14,29.9,29.9,29.0,29.879999,71.0
2016-01-15,29.879999,29.879999,29.0,29.0,450.0
2016-01-18,29.290001,29.290001,29.290001,29.290001,20.0
2016-01-19,29.799999,29.799999,29.799999,29.799999,100.0
2016-01-20,29.5,29.5,29.5,29.5,30.0
2016-01-21,29.700001,29.700001,29.700001,29.700001,110.0
2016-01-25,29.700001,29.700001,29.299999,29.299999,415.0
2016-01-26,29.4,29.4,27.6,29.290001,694.0
2016-01-28,29.290001,29.290001,29.290001,29.290001,85.0
2016-02-01,29.25,29.25,29.25,29.25,55.0
2016-02-02,29.0,29.0,29.0,29.0,155.0
2016-02-04,29.200001,29.200001,29.0,29.0,240.0
2016-02-05,28.98,28.98,28.98,28.98,109.0
2016-02-08,29.26,29.26,27.25,27.25,530.0
2016-02-09,27.26,28.799999,27.26,28.799999,107.0
2016-02-10,28.99,28.99,28.799999,28.799999,150.0
2016-02-11,29.0,29.0,27.08,27.1,2032.0
2016-02-12,28.01,28.5,27.5,28.5,550.0
2016-02-15,28.690001,28.690001,28.690001,28.690001,10.0
2016-02-16,28.299999,28.299999,26.99,28.0,732.0
2016-02-17,28.25,28.25,27.799999,27.799999,2525.0
2016-02-18,27.799999,27.799999,27.0,27.02,376.0
2016-02-19,27.690001,27.690001,27.200001,27.200001,173.0
2016-02-22,27.790001,27.790001,26.700001,26.700001,657.0
2016-02-23,26.690001,26.700001,26.690001,26.700001,32.0
2016-02-25,27.0,27.549999,25.15,27.49,1713.0
2016-02-26,27.5,27.67,27.0,27.67,264.0
2016-02-29,26.030001,27.450001,26.030001,27.450001,21.0
2016-03-01,26.4,26.4,26.1,26.4,62.0
2016-03-02,27.68,27.68,26.15,26.15,201.0
2016-03-03,26.059999,26.059999,26.059999,26.059999,50.0
2016-03-04,27.35,27.35,25.1,25.1,3045.0
2016-03-07,26.6,26.6,24.0,26.26,378.0
2016-03-08,26.48,26.48,25.5,25.5,396.0
2016-03-09,26.0,26.26,24.610001,26.26,432.0
2016-03-10,24.719999,26.190001,24.690001,26.190001,261.0
2016-03-11,26.49,26.49,25.0,26.219999,453.0
2016-03-14,26.799999,26.99,25.9,25.9,343.0
2016-03-15,25.25,25.25,25.0,25.0,789.0
2016-03-16,25.889999,25.9,24.860001,25.9,271.0
2016-03-18,25.879999,25.879999,25.5,25.879999,490.0
2016-03-21,25.879999,25.879999,25.879999,25.879999,100.0
2016-03-22,26.219999,26.219999,25.0,26.0,232.0
2016-03-23,25.99,25.99,24.92,25.0,415.0
2016-03-24,25.879999,25.889999,25.879999,25.889999,23.0
2016-03-28,25.9,25.950001,25.85,25.950001,401.0
2016-03-29,25.85,25.950001,25.85,25.950001,49.0
2016-03-30,26.0,26.0,26.0,26.0,20.0
2016-03-31,25.950001,25.950001,25.6,25.6,80.0
2016-04-01,26.0,26.0,26.0,26.0,20.0
2016-04-04,24.83,25.93,24.83,25.93,61.0
2016-04-05,25.0,25.25,24.379999,25.25,68.0
2016-04-06,25.25,25.25,24.51,24.51,264.0
2016-04-07,25.5,25.9,24.0,25.9,269.0
2016-04-08,25.9,25.9,24.35,24.389999,563.0
2016-04-11,25.4,25.4,25.0,25.0,226.0
2016-04-12,25.540001,25.540001,24.389999,25.48,124.0
2016-04-13,25.549999,25.549999,25.549999,25.549999,10.0
2016-04-14,25.4,25.4,25.4,25.4,20.0
2016-04-15,24.4,24.4,24.190001,24.309999,87.0
2016-04-18,25.190001,25.190001,24.5,24.5,40.0
2016-04-19,25.190001,25.200001,25.190001,25.190001,173.0
2016-04-20,25.190001,25.190001,25.190001,25.190001,110.0
2016-04-21,25.190001,25.190001,25.190001,25.190001,30.0
2016-04-22,25.4,25.4,25.200001,25.200001,40.0
2016-04-25,25.5,25.5,25.200001,25.200001,134.0
2016-04-26,25.4,25.4,25.200001,25.200001,71.0
2016-04-28,25.549999,25.93,25.299999,25.299999,400.0
2016-04-29,25.84,26.690001,25.690001,26.690001,31481.0
2016-05-02,26.690001,26.690001,26.0,26.0,60.0
2016-05-03,26.700001,26.700001,25.0,26.690001,121.0
2016-05-04,25.110001,26.48,25.110001,26.48,210.0
2016-05-06,26.389999,26.389999,25.4,26.15,1211.0
2016-05-09,25.5,25.5,25.43,25.43,81.0
2016-05-10,26.15,26.15,25.25,25.25,100.0
2016-05-11,26.389999,26.389999,25.299999,25.299999,100.0
2016-05-12,26.0,26.0,26.0,26.0,10.0
2016-05-16,25.360001,25.360001,25.360001,25.360001,10.0
2016-05-17,25.98,25.98,25.360001,25.360001,451.0
2016-05-18,25.360001,25.360001,25.35,25.35,196.0
2016-05-19,25.98,25.98,25.98,25.98,70.0
2016-05-20,25.969999,26.0,25.120001,25.120001,520.0
2016-05-23,25.9,25.9,25.9,25.9,1.0
2016-05-25,25.120001,25.120001,25.120001,25.120001,90.0
2016-05-26,25.9,25.9,25.9,25.9,100.0
2016-05-30,25.98,25.98,25.120001,25.120001,510.0
2016-05-31,25.9,25.969999,25.9,25.969999,117.0
2016-06-01,25.9,25.9,25.9,25.9,30.0
2016-06-02,24.379999,25.9,24.360001,24.360001,866.0
2016-06-03,24.889999,24.889999,24.889999,24.889999,251.0
2016-06-06,25.5,25.5,24.0,25.49,41.0
2016-06-07,25.49,25.49,25.49,25.49,4.0
2016-06-08,25.469999,25.469999,25.469999,25.469999,11.0
2016-06-09,25.799999,25.799999,24.059999,24.059999,125.0
2016-06-10,25.200001,25.459999,23.049999,23.049999,198.0
2016-06-13,24.0,24.0,24.0,24.0,27.0
2016-06-14,25.4,25.4,25.0,25.0,120.0
2016-06-16,24.120001,24.120001,24.120001,24.120001,20.0
2016-06-17,22.68,24.99,22.68,23.0,1029.0
2016-06-20,24.0,24.0,23.99,23.99,125.0
2016-06-21,24.0,24.0,22.559999,23.0,805.0
2016-06-22,23.0,23.0,23.0,23.0,120.0
2016-06-23,23.959999,23.959999,22.0,22.0,2054.0
2016-06-24,23.0,23.0,23.0,23.0,20.0
2016-06-27,22.9,23.0,22.9,23.0,1020.0
2016-06-28,23.879999,23.879999,23.0,23.0,52.0
2016-06-29,23.700001,24.379999,22.209999,24.379999,1323.0
2016-06-30,24.379999,25.84,24.379999,25.780001,41609.0
2016-07-04,25.549999,25.549999,24.4,24.42,138.0
2016-07-05,24.42,25.530001,23.0,25.530001,2039.0
2016-07-13,24.01,25.110001,24.0,25.110001,41.0
2016-07-15,25.27,25.27,23.709999,23.709999,255.0
2016-07-18,25.0,25.0,24.799999,24.799999,54.0
2016-07-19,25.01,25.01,25.01,25.01,217.0
2016-07-20,25.01,25.01,23.51,23.51,203.0
2016-07-21,24.92,24.92,24.92,24.92,1.0
2016-07-22,24.889999,24.889999,24.889999,24.889999,40.0
2016-07-25,24.92,24.92,24.92,24.92,19.0
2016-07-26,24.799999,24.799999,24.0,24.0,227.0
2016-07-27,24.799999,24.799999,24.799999,24.799999,100.0
2016-07-28,24.92,24.92,23.370001,23.42,236.0
2016-07-29,24.76,24.76,23.6,23.6,648.0
2016-08-01,25.950001,25.950001,25.950001,25.950001,10.0
2016-08-03,24.99,24.99,24.99,24.99,40.0
2016-08-04,24.98,24.98,24.98,24.98,10.0
2016-08-05,24.0,24.0,23.1,23.1,3.0
2016-08-08,24.969999,24.969999,22.02,22.02,637.0
2016-08-09,23.9,23.9,23.9,23.9,49.0
2016-08-10,23.889999,24.49,23.18,24.49,206.0
2016-08-12,22.059999,23.0,22.059999,23.0,2077.0
2016-08-15,24.0,24.0,23.0,23.0,25.0
2016-08-16,22.6,23.0,22.52,22.52,3933.0
2016-08-17,23.959999,23.959999,23.959999,23.959999,10.0
2016-08-19,23.809999,23.809999,23.690001,23.690001,31.0
2016-08-22,23.690001,23.690001,22.0,22.0,3015.0
2016-08-23,23.5,23.5,23.0,23.15,47.0
2016-08-24,22.120001,23.110001,22.120001,23.110001,71.0
2016-08-25,22.5,23.049999,22.5,22.5,825.0
2016-08-26,23.049999,23.049999,23.049999,23.049999,1.0
2016-08-30,22.129999,22.950001,22.129999,22.9,149.0
2016-08-31,22.219999,22.85,22.219999,22.25,417.0
2016-09-01,23.0,23.0,22.99,22.99,60.0
2016-09-02,22.9,22.9,22.9,22.9,20.0
2016-09-05,22.299999,22.299999,22.299999,22.299999,5.0
2016-09-07,22.299999,22.299999,22.299999,22.299999,10.0
2016-09-08,22.9,22.9,22.299999,22.299999,47.0
2016-09-09,22.85,22.85,22.85,22.85,33.0
2016-09-14,22.85,22.85,22.85,22.85,5.0
2016-09-15,22.299999,22.299999,22.299999,22.299999,40.0
2016-09-16,22.75,22.75,22.75,22.75,20.0
2016-09-19,22.219999,22.700001,22.0,22.700001,129.0
2016-09-20,22.700001,22.700001,22.690001,22.690001,79.0
2016-09-21,22.690001,22.690001,22.67,22.67,122.0
2016-09-22,22.67,22.67,22.67,22.67,42.0
2016-09-23,22.799999,22.799999,20.5,22.700001,654.0
2016-09-26,22.700001,23.0,22.700001,22.700001,230.0
2016-09-27,22.700001,22.99,22.700001,22.700001,420.0
2016-09-28,23.0,23.0,21.76,23.0,116.0
2016-09-29,22.9,22.9,22.9,22.9,35.0
2016-09-30,22.879999,22.879999,22.879999,22.879999,40.0
2016-10-04,23.0,23.0,21.84,21.84,342.0
2016-10-05,22.98,22.98,22.0,22.0,1015.0
2016-10-06,22.0,22.0,22.0,22.0,1218.0
2016-10-07,22.0,22.0,21.52,21.52,607.0
2016-10-10,22.0,22.0,22.0,22.0,743.0
2016-10-11,22.0,22.0,22.0,22.0,730.0
2016-10-12,22.0,22.0,21.610001,21.610001,58.0
2016-10-13,22.0,22.0,22.0,22.0,302.0
2016-10-14,22.0,22.0,21.620001,22.0,270.0
2016-10-17,22.0,22.0,22.0,22.0,207.0
2016-10-18,22.0,22.0,22.0,22.0,12.0
2016-10-19,21.99,21.99,21.799999,21.799999,135.0
2016-10-20,21.99,21.99,21.99,21.99,75.0
2016-10-21,21.99,21.99,21.99,21.99,120.0
2016-10-24,21.99,21.99,21.99,21.99,176.0
2016-10-25,22.0,22.0,22.0,22.0,130.0
2016-10-26,22.0,22.0,22.0,22.0,920.0
2016-10-27,22.0,22.0,21.9,21.9,477.0
2016-10-28,22.0,22.0,21.709999,21.719999,86.0
2016-10-31,22.0,22.0,19.559999,20.299999,99924.0
2016-11-01,21.49,21.49,20.5,20.5,5147.0
2016-11-02,21.440001,21.440001,20.5,20.5,11080.0
2016-11-03,21.440001,21.440001,21.0,21.0,580.0
2016-11-04,21.389999,21.389999,20.84,20.84,428.0
2016-11-07,21.34,21.34,21.0,21.0,232.0
2016-11-08,21.0,21.0,20.5,20.540001,4195.0
2016-11-09,21.0,21.0,20.26,20.26,4650.0
2016-11-10,21.27,21.27,20.0,20.0,20328.0
2016-11-11,21.1,21.1,20.0,20.0,6226.0
2016-11-14,20.969999,20.969999,20.969999,20.969999,280.0
2016-11-15,20.99,20.99,20.5,20.5,340.0
2016-11-16,20.969999,20.969999,20.200001,20.889999,275.0
2016-11-17,20.5,20.5,20.440001,20.440001,694.0
2016-11-21,20.959999,20.959999,20.049999,20.43,393.0
2016-11-22,20.76,20.76,20.059999,20.299999,870.0
2016-11-23,20.299999,20.5,20.1,20.49,1503.0
2016-11-24,20.780001,20.780001,20.49,20.49,310.0
2016-11-25,20.68,20.68,20.49,20.5,15510.0
2016-11-28,20.4,20.75,20.4,20.700001,3199.0
2016-11-29,20.700001,20.85,20.6,20.85,636.0
2016-11-30,20.969999,20.969999,20.51,20.51,1715.0
2016-12-01,20.969999,20.969999,20.969999,20.969999,122.0
2016-12-02,20.959999,20.959999,20.530001,20.959999,530.0
2016-12-05,20.99,21.48,20.719999,21.48,2300.0
2016-12-06,21.65,21.799999,21.5,21.65,476.0
2016-12-07,21.709999,21.709999,21.1,21.709999,380.0
2016-12-08,21.709999,21.709999,20.35,20.360001,1500.0
2016-12-09,21.65,21.65,21.0,21.049999,861.0
2016-12-14,21.5,21.5,21.4,21.4,1711.0
2016-12-15,21.5,21.65,21.4,21.639999,271.0
2016-12-16,21.639999,21.9,21.5,21.5,4616.0
2016-12-19,21.99,22.4,21.6,22.4,2007.0
2016-12-20,22.790001,22.790001,22.5,22.5,321.0
2016-12-21,22.700001,22.700001,22.32,22.32,1400.0
2016-12-22,22.4,22.4,22.02,22.02,1070.0
2016-12-23,22.700001,22.790001,22.200001,22.790001,3762.0
2016-12-26,22.799999,23.0,22.5,22.879999,2733.0
2016-12-27,22.98,22.98,22.5,22.5,979.0
2016-12-28,22.879999,22.879999,22.24,22.24,489.0
2016-12-29,22.35,22.360001,22.35,22.360001,168.0
2016-12-30,22.299999,22.700001,22.01,22.299999,2670411.0
2017-01-02,23.0,23.49,23.0,23.49,950.0
2017-01-03,22.639999,23.469999,22.6,23.469999,1524.0
2017-01-04,22.6,23.200001,22.6,22.68,2450.0
2017-01-05,23.450001,24.0,22.799999,24.0,4327.0
2017-01-06,24.0,24.0,23.99,24.0,1266.0
2017-01-09,24.059999,24.059999,23.41,23.49,388.0
2017-01-10,24.0,24.0,22.610001,23.0,9817.0
2017-01-12,23.0,23.0,22.67,23.0,5980.0
2017-01-13,22.860001,23.0,22.700001,22.700001,2530.0
2017-01-16,22.700001,23.35,22.690001,23.35,1970.0
2017-01-17,23.4,23.51,23.030001,23.51,806.0
2017-01-18,24.0,24.0,23.200001,23.200001,397.0
2017-01-19,23.99,23.99,23.27,23.280001,305.0
2017-01-20,23.5,24.98,23.5,24.02,6695.0
2017-01-23,24.93,24.93,24.5,24.5,600.0
2017-01-24,24.5,24.6,23.0,23.0,26345.0
2017-01-25,23.6,24.1,23.0,23.0,4760.0
2017-01-26,23.5,24.25,23.0,23.0,2176.0
2017-01-27,23.68,24.18,23.68,24.18,135.0
2017-01-30,23.950001,23.950001,22.5,22.5,7427.0
2017-01-31,22.700001,23.5,22.700001,22.9,94.0
2017-02-01,22.809999,23.0,22.799999,22.99,2794.0
2017-02-02,22.799999,22.99,22.709999,22.99,729.0
2017-02-03,22.99,22.99,22.99,22.99,100.0
2017-02-06,22.709999,22.99,22.709999,22.99,11.0
2017-02-07,22.700001,22.99,22.5,22.549999,2489.0
2017-02-08,22.559999,22.6,22.549999,22.559999,732.0
2017-02-09,22.57,22.57,21.9,21.9,19248.0
2017-02-10,22.0,22.0,21.0,21.0,51092.0
2017-02-13,21.059999,22.0,20.700001,22.0,23600.0
2017-02-14,21.5,23.0,21.5,22.309999,8466.0
2017-02-15,23.299999,23.299999,22.32,22.32,4146.0
2017-02-16,22.32,22.99,21.719999,21.93,1806.0
2017-02-17,22.0,22.790001,21.82,22.790001,642.0
2017-02-20,23.280001,23.35,22.5,22.5,1252.0
2017-02-21,22.969999,22.969999,22.9,22.969999,874.0
2017-02-22,23.0,23.48,22.9,22.9,5027.0
2017-02-23,22.0,22.889999,21.1,21.83,18781.0
2017-02-24,22.52,22.52,21.23,21.23,303.0
2017-02-27,21.26,23.35,21.26,23.35,9100.0
2017-02-28,23.34,23.5,23.34,23.35,6006.0
2017-03-01,23.32,23.32,21.719999,22.1,1243.0
2017-03-02,22.200001,22.25,22.200001,22.25,67.0
2017-03-03,21.9,21.959999,21.0,21.0,33167.0
2017-03-06,20.84,20.98,20.219999,20.98,2261.0
2017-03-07,20.99,21.4,20.25,21.4,486.0
2017-03-08,21.35,21.35,21.0,21.0,552.0
2017-03-09,21.0,21.440001,20.549999,21.440001,480.0
2017-03-10,21.0,21.0,21.0,21.0,72.0
2017-03-13,20.52,21.0,20.52,21.0,971.0
2017-03-14,21.0,21.0,20.52,20.98,392.0
2017-03-15,20.58,20.99,20.0,20.0,6812.0
2017-03-16,20.950001,20.950001,20.01,20.01,4365.0
2017-03-17,20.1,20.889999,19.799999,20.0,6526.0
2017-03-20,20.059999,20.379999,19.799999,20.0,2211.0
2017-03-21,20.200001,20.209999,20.200001,20.209999,262.0
2017-03-22,20.379999,20.379999,20.0,20.0,705.0
2017-03-23,20.379999,20.68,20.0,20.0,1204.0
2017-03-24,20.700001,20.700001,20.700001,20.700001,2.0
2017-03-28,20.5,20.5,20.5,20.5,102.0
2017-03-29,20.01,20.6,20.01,20.6,23.0
2017-03-30,20.6,20.6,20.549999,20.549999,165.0
2017-03-31,20.549999,20.549999,20.0,20.48,18142.0
2017-04-03,20.52,20.52,20.0,20.0,76.0
2017-04-04,20.49,20.5,20.0,20.469999,4506.0
2017-04-05,20.1,20.52,20.1,20.5,932.0
2017-04-06,20.5,20.540001,20.02,20.450001,1244.0
2017-04-07,20.49,20.49,20.01,20.030001,38.0
2017-04-10,20.450001,20.450001,20.030001,20.450001,153.0
2017-04-11,20.110001,20.5,20.1,20.43,404.0
2017-04-13,20.5,20.5,20.48,20.48,1144.0
2017-04-14,20.5,20.870001,20.209999,20.799999,1631.0
2017-04-17,20.98,20.98,20.25,20.25,262.0
2017-04-18,20.25,20.25,20.200001,20.200001,162.0
2017-04-19,20.219999,20.799999,20.219999,20.799999,211.0
2017-04-20,20.75,20.799999,20.209999,20.209999,351.0
2017-04-21,20.77,20.799999,20.77,20.799999,1091.0
2017-04-24,20.1,20.1,20.1,20.1,10.0
2017-04-25,20.700001,20.889999,20.5,20.5,343.0
2017-04-26,20.879999,20.879999,20.879999,20.879999,2.0
2017-04-27,20.299999,20.299999,20.059999,20.059999,17.0
2017-04-28,20.219999,20.99,20.219999,20.950001,392.0
2017-05-02,21.299999,22.5,21.200001,22.379999,7035.0
2017-05-03,22.290001,23.0,22.290001,22.5,3384.0
2017-05-04,21.200001,22.49,21.09,22.299999,192.0
2017-05-05,22.290001,22.290001,22.200001,22.200001,250.0
2017-05-08,22.18,22.18,22.0,22.0,597.0
2017-05-09,21.99,22.290001,21.9,21.99,913.0
2017-05-10,21.99,21.99,21.700001,21.700001,565.0
2017-05-11,22.17,22.17,21.98,21.98,168.0
2017-05-12,21.98,22.23,21.98,22.23,475.0
2017-05-15,21.799999,21.799999,21.790001,21.790001,62.0
2017-05-16,22.24,22.24,21.25,21.25,319.0
2017-05-17,22.23,22.23,21.1,22.120001,34.0
2017-05-19,20.91,21.780001,20.91,21.780001,94.0
2017-05-22,21.82,21.84,21.790001,21.790001,289.0
2017-05-23,21.209999,21.790001,21.1,21.76,997.0
2017-05-24,21.969999,21.969999,21.91,21.91,126.0
2017-05-25,21.91,21.91,21.799999,21.799999,70.0
2017-05-26,21.5,21.719999,21.15,21.719999,352.0
2017-05-29,21.66,21.66,21.200001,21.200001,137.0
2017-05-30,21.65,21.65,21.5,21.5,135.0
2017-05-31,21.549999,21.549999,21.450001,21.450001,183.0
2017-06-01,21.5,21.5,21.5,21.5,60.0
2017-06-02,21.5,21.5,21.450001,21.49,70.0
2017-06-05,21.49,21.49,21.0,21.0,200.0
2017-06-06,21.49,21.49,21.299999,21.299999,144.0
2017-06-07,21.49,21.49,21.4,21.49,115.0
2017-06-08,21.4,21.49,21.0,21.4,387.0
2017-06-09,21.4,21.74,21.299999,21.74,3131.0
2017-06-12,21.790001,21.790001,21.6,21.6,152.0
2017-06-13,21.77,21.77,21.549999,21.549999,132.0
2017-06-14,21.77,21.77,21.5,21.700001,70.0
2017-06-15,21.75,21.790001,21.01,21.780001,3091.0
2017-06-16,21.790001,21.790001,21.549999,21.549999,115.0
2017-06-19,21.98,21.98,21.549999,21.549999,171.0
2017-06-20,21.530001,21.530001,21.02,21.5,188.0
2017-06-21,21.5,21.5,21.5,21.5,180.0
2017-06-22,21.5,21.5,21.5,21.5,302.0
2017-06-23,21.530001,21.549999,21.530001,21.549999,108.0
2017-06-28,21.950001,21.950001,21.01,21.01,90.0
2017-06-29,21.889999,21.889999,21.110001,21.110001,61.0
2017-06-30,21.120001,21.139999,21.120001,21.139999,42.0
2017-07-03,21.16,21.84,21.16,21.17,1180.0
2017-07-04,21.74,21.74,21.110001,21.110001,445.0
2017-07-05,21.139999,21.74,21.139999,21.450001,1598.0
2017-07-06,21.690001,21.690001,21.0,21.110001,595.0
2017-07-07,21.450001,21.73,21.139999,21.73,599.0
2017-07-10,21.74,21.74,21.6,21.6,607.0
2017-07-11,21.870001,21.870001,21.6,21.6,311.0
2017-07-12,21.6,21.6,21.5,21.5,306.0
2017-07-14,21.799999,22.0,21.700001,21.700001,3238.0
2017-07-17,21.799999,22.290001,21.6,22.290001,1204.0
2017-07-18,22.25,22.27,22.0,22.0,211.0
2017-07-19,22.280001,22.280001,22.0,22.26,572.0
2017-07-20,22.1,22.25,22.1,22.25,134.0
2017-07-21,22.25,22.25,22.0,22.24,2752.0
2017-07-24,22.24,22.25,22.219999,22.219999,513.0
2017-07-25,22.219999,22.700001,22.0,22.700001,888.0
2017-07-26,22.700001,23.459999,22.700001,23.0,2081.0
2017-07-27,23.4,23.4,22.5,22.5,3032.0
2017-07-28,22.9,22.9,22.209999,22.209999,5253.0
2017-07-31,22.700001,23.200001,22.5,23.040001,1964.0
2017-08-01,22.370001,22.85,22.16,22.85,1309.0
2017-08-02,23.129999,23.129999,22.440001,23.0,558.0
2017-08-03,23.0,23.0,22.4,22.4,2691.0
2017-08-04,23.0,23.0,22.450001,22.9,262.0
2017-08-07,22.9,22.9,22.35,22.35,514.0
2017-08-08,22.459999,22.459999,22.4,22.4,285.0
2017-08-09,22.950001,22.950001,22.0,22.860001,7083.0
2017-08-10,22.84,22.870001,21.5,22.0,6464.0
2017-08-11,22.5,22.5,21.540001,21.540001,1622.0
2017-08-15,22.5,22.5,21.700001,21.75,2886.0
2017-08-16,22.389999,22.389999,21.76,21.76,2368.0
2017-08-17,21.620001,22.27,21.57,21.57,8131.0
2017-08-18,22.0,22.49,22.0,22.0,1214.0
2017-08-22,22.4,22.4,22.0,22.389999,103.0
2017-08-23,22.48,22.48,22.0,22.0,1381.0
2017-08-24,22.4,22.4,21.610001,21.799999,2937.0
2017-08-25,22.190001,22.190001,21.5,22.0,1654.0
2017-08-28,21.379999,22.0,21.379999,21.99,1061.0
2017-08-29,21.5,21.950001,21.379999,21.950001,11326.0
2017-08-30,22.0,22.4,21.5,22.1,5136.0
2017-08-31,22.1,22.1,21.4,22.0,384.0
2017-09-04,22.0,22.27,22.0,22.190001,957.0
2017-09-05,22.190001,22.48,22.0,22.469999,1688.0
2017-09-06,22.190001,22.440001,22.0,22.440001,571.0
2017-09-07,22.290001,22.290001,22.0,22.0,40.0
2017-09-08,22.0,22.299999,21.610001,21.950001,406.0
2017-09-11,22.0,22.0,21.5,21.9,6249.0
2017-09-12,22.0,22.0,21.5,21.99,1710.0
2017-09-13,22.290001,22.290001,22.0,22.0,155.0
2017-09-14,22.0,22.23,21.65,21.700001,703.0
2017-09-15,22.0,22.0,21.639999,21.700001,588.0
2017-09-18,22.09,22.09,21.700001,21.709999,464.0
2017-09-19,22.09,22.09,21.75,22.049999,316.0
2017-09-20,21.700001,22.0,21.639999,21.9,798.0
2017-09-21,21.950001,21.950001,21.639999,21.65,161.0
2017-09-25,21.889999,22.07,21.65,22.07,235.0
2017-09-26,21.5,21.98,21.5,21.98,4812.0
2017-09-27,21.5,21.799999,21.25,21.25,863.0
2017-09-28,21.25,21.6,21.01,21.01,399.0
2017-09-29,21.200001,21.9,21.0,21.9,1200.0
2017-10-02,21.9,21.9,21.0,21.85,415.0
2017-10-03,21.85,21.85,21.85,21.85,20.0
2017-10-04,21.85,21.879999,21.01,21.5,403.0
2017-10-05,21.879999,21.879999,21.1,21.1,1034.0
2017-10-06,21.5,21.5,21.049999,21.049999,164.0
2017-10-09,21.049999,21.5,21.0,21.02,864.0
2017-10-10,21.790001,21.879999,21.5,21.879999,161.0
2017-10-11,21.879999,21.879999,21.040001,21.4,2936.0
2017-10-12,21.9,21.9,21.9,21.9,10.0
2017-10-13,21.9,21.9,21.110001,21.879999,559.0
2017-10-16,21.9,21.9,21.700001,21.700001,120.0
2017-10-17,21.9,21.9,21.0,21.0,836.0
2017-10-18,21.780001,21.780001,21.0,21.0,2035.0
2017-10-19,20.51,20.59,20.51,20.59,640.0
2017-10-20,21.25,21.790001,20.57,20.57,1503.0
2017-10-23,21.700001,21.700001,21.0,21.6,120.0
2017-10-24,21.6,21.6,21.35,21.35,50.0
2017-10-25,21.75,21.75,21.200001,21.200001,20.0
2017-10-26,21.65,21.65,21.0,21.0,280.0
2017-10-27,21.700001,21.700001,21.0,21.67,75.0
2017-10-30,21.700001,21.700001,21.700001,21.700001,30.0
2017-10-31,21.889999,21.889999,21.5,21.5,1290.0
2017-11-01,21.85,21.85,21.1,21.75,179.0
2017-11-02,21.75,21.75,21.15,21.690001,107.0
2017-11-03,21.75,21.75,21.450001,21.450001,45.0
2017-11-07,21.74,21.74,21.0,21.0,330.0
2017-11-08,21.74,21.74,21.15,21.15,110.0
2017-11-09,21.5,21.5,21.5,21.5,20.0
2017-11-10,21.59,21.59,21.59,21.59,47.0
2017-11-13,21.59,21.74,21.02,21.299999,386.0
2017-11-14,21.299999,21.299999,21.299999,21.299999,156.0
2017-11-15,21.5,21.5,20.59,21.200001,1307.0
2017-11-16,21.200001,21.200001,21.200001,21.200001,298.0
2017-11-17,21.200001,21.200001,20.809999,21.200001,533.0
2017-11-20,21.25,21.42,21.1,21.42,331.0
2017-11-21,21.35,21.379999,20.52,21.299999,2152.0
2017-11-22,21.299999,21.299999,20.799999,21.200001,464.0
2017-11-23,21.200001,21.35,21.0,21.0,355.0
2017-11-24,21.299999,21.42,21.0,21.4,485.0
2017-11-27,20.620001,21.389999,20.620001,21.389999,1014.0
2017-11-28,21.370001,21.4,21.0,21.299999,205.0
2017-11-29,21.4,21.41,21.0,21.0,550.0
2017-11-30,21.389999,21.389999,21.0,21.0,150.0
2017-12-04,21.43,21.43,20.879999,20.879999,79.0
2017-12-05,21.0,21.0,21.0,21.0,520.0
2017-12-06,21.35,21.35,20.799999,20.799999,2042.0
2017-12-07,21.24,21.24,21.0,21.0,70.0
2017-12-08,20.530001,21.190001,20.530001,21.190001,2021.0
2017-12-11,21.190001,21.190001,20.799999,20.799999,133.0
2017-12-12,21.0,21.280001,21.0,21.280001,84.0
2017-12-13,21.290001,21.290001,21.0,21.0,370.0
2017-12-14,21.190001,21.190001,21.0,21.0,249.0
2017-12-15,21.27,21.27,21.0,21.0,16.0
2017-12-18,21.280001,21.280001,21.0,21.0,60.0
2017-12-19,20.549999,20.98,20.01,20.01,5302.0
2017-12-20,20.99,20.99,19.52,20.0,2631.0
2017-12-21,20.5,20.5,20.0,20.1,335.0
2017-12-22,20.1,20.280001,19.139999,20.0,1653.0
2017-12-25,20.0,20.5,20.0,20.48,285112.0
2017-12-26,20.01,20.440001,20.01,20.01,29.0
2017-12-27,20.42,20.42,20.02,20.02,1217.0
2017-12-28,20.469999,20.469999,20.0,20.4,200.0
2017-12-29,20.389999,20.389999,19.73,20.35,1224.0
2018-01-02,20.389999,20.389999,20.0,20.0,56.0
2018-01-03,20.299999,20.35,20.16,20.25,1316.0
2018-01-04,20.4,20.4,20.0,20.0,280.0
2018-01-05,20.4,20.4,20.049999,20.370001,194.0
2018-01-08,20.389999,20.389999,20.01,20.379999,242.0
2018-01-09,20.379999,20.379999,20.299999,20.360001,65.0
2018-01-10,20.389999,20.4,20.35,20.4,165.0
2018-01-12,20.0,20.4,20.0,20.4,1361.0
2018-01-15,20.4,20.4,20.15,20.4,61.0
2018-01-16,20.01,20.4,20.01,20.4,21.0
2018-01-17,20.389999,20.389999,20.0,20.0,670.0
2018-01-18,20.389999,20.389999,20.0,20.0,733.0
2018-01-19,20.35,20.35,20.01,20.01,133.0
2018-01-22,20.01,20.299999,19.719999,20.0,2135.0
2018-01-23,20.0,20.389999,19.98,20.0,3219.0
2018-01-24,20.0,20.379999,20.0,20.0,2178.0
2018-01-25,20.0,20.0,19.9,20.0,973.0
2018-01-26,20.0,20.4,19.9,19.9,430.0
2018-01-29,20.4,20.4,20.0,20.0,539.0
2018-01-30,20.4,20.4,20.0,20.0,25.0
2018-01-31,20.0,20.34,19.709999,20.34,299.0
2018-02-01,20.379999,20.379999,20.0,20.35,444.0
2018-02-02,20.34,20.5,19.799999,19.85,2514.0
2018-02-05,20.5,20.5,20.5,20.5,48.0
2018-02-06,20.0,20.469999,20.0,20.469999,133.0
2018-02-07,20.459999,20.459999,20.0,20.0,50.0
2018-02-08,20.469999,20.469999,20.440001,20.440001,200.0
2018-02-09,20.469999,20.469999,20.0,20.0,357.0
2018-02-12,20.450001,20.450001,20.0,20.0,1734.0
2018-02-13,20.450001,20.450001,20.450001,20.450001,20.0
2018-02-14,20.4,20.450001,20.4,20.450001,294.0
2018-02-15,20.450001,20.450001,20.0,20.0,30.0
2018-02-16,20.440001,20.440001,20.0,20.0,123.0
2018-02-19,20.0,20.43,20.0,20.0,143.0
2018-02-20,20.41,20.41,20.0,20.0,30.0
2018-02-21,20.360001,20.370001,19.91,20.370001,115.0
2018-02-23,20.360001,20.360001,19.030001,19.030001,5303.0
2018-02-26,20.0,20.27,19.15,19.5,523.0
2018-02-27,20.0,20.0,19.99,19.99,23.0
2018-02-28,20.129999,20.129999,19.9,20.1,290.0
2018-03-01,20.1,20.1,20.09,20.09,36.0
2018-03-02,20.09,20.16,18.5,18.5,2932.0
2018-03-05,19.99,19.99,19.0,19.0,883.0
2018-03-06,19.92,19.92,19.92,19.92,10.0
2018-03-07,19.9,19.9,18.75,19.0,74.0
2018-03-08,18.75,19.5,18.75,19.5,206.0
2018-03-09,19.790001,19.84,19.790001,19.790001,18.0
2018-03-12,19.9,19.9,18.51,18.51,379.0
2018-03-13,19.83,19.83,18.5,18.540001,1836.0
2018-03-15,19.700001,19.700001,19.5,19.5,60.0
2018-03-16,19.48,19.48,19.450001,19.450001,22.0
2018-03-19,19.450001,19.450001,18.620001,19.440001,60.0
2018-03-20,18.6,18.639999,18.6,18.629999,290.0
2018-03-21,19.4,19.5,19.4,19.5,1110.0
2018-03-22,18.799999,18.799999,18.799999,18.799999,10.0
2018-03-23,19.440001,19.440001,19.440001,19.440001,12.0
2018-03-26,19.440001,19.440001,19.0,19.0,180.0
2018-03-27,19.0,19.0,18.719999,18.719999,1008.0
2018-03-28,18.73,19.42,18.719999,19.42,30.0
2018-03-29,19.43,19.43,18.6,18.6,240.0
2018-03-30,18.700001,18.700001,18.5,18.6,1512.0
2018-04-02,19.299999,19.299999,18.700001,18.700001,185.0
2018-04-03,18.9,18.9,18.9,18.9,32.0
2018-04-04,18.99,18.99,18.049999,18.08,700.0
2018-04-05,19.1,19.1,19.1,19.1,10.0
2018-04-06,18.139999,18.16,18.139999,18.16,237.0
2018-04-09,18.1,18.99,18.1,18.120001,1124.0
2018-04-10,18.129999,18.129999,17.959999,18.0,2927.0
2018-04-11,18.799999,18.799999,17.0,17.02,1511.0
2018-04-12,18.0,18.549999,18.0,18.549999,410.0
2018-04-13,18.549999,18.549999,18.299999,18.299999,155.0
2018-04-16,18.0,18.450001,17.030001,18.450001,400.0
2018-04-18,18.299999,18.299999,18.299999,18.299999,50.0
2018-04-19,17.32,17.32,17.32,17.32,40.0
2018-04-20,18.200001,18.200001,17.52,17.52,120.0
2018-04-23,18.200001,18.200001,17.35,17.35,1244.0
2018-04-24,18.200001,18.200001,17.41,17.41,35.0
2018-04-25,18.200001,18.200001,17.5,17.5,57.0
2018-04-26,18.0,18.389999,18.0,18.389999,340.0
2018-04-27,18.35,18.35,17.459999,18.34,215.0
2018-04-30,18.34,18.379999,18.34,18.379999,110.0
2018-05-02,18.379999,18.379999,17.5,18.379999,384.0
2018-05-03,18.370001,18.370001,17.6,17.6,4011.0
2018-05-04,18.309999,18.309999,17.5,17.5,1306.0
2018-05-07,17.549999,17.549999,17.549999,17.549999,100.0
2018-05-08,18.26,18.26,17.5,17.5,2014.0
2018-05-09,17.5,17.5,17.5,17.5,5.0
2018-05-10,18.09,18.09,18.09,18.09,5.0
2018-05-11,17.4,17.4,17.4,17.4,90.0
2018-05-14,18.09,18.09,17.110001,17.110001,80.0
2018-05-15,17.51,17.65,17.4,17.65,255.0
2018-05-16,17.16,17.16,17.16,17.16,20.0
2018-05-17,17.6,17.6,17.6,17.6,5.0
2018-05-18,17.200001,17.209999,17.200001,17.209999,26.0
2018-05-21,17.16,17.16,17.1,17.15,1049.0
2018-05-22,17.59,17.59,17.59,17.59,19.0
2018-05-23,17.1,17.1,17.1,17.1,5.0
2018-05-24,17.639999,17.639999,17.0,17.0,133.0
2018-05-28,17.65,17.65,17.01,17.01,12.0
2018-05-29,17.02,17.02,17.0,17.0,529.0
2018-05-30,17.629999,17.629999,16.52,16.52,45.0
2018-05-31,17.58,17.58,17.280001,17.280001,310.0
2018-06-01,17.6,17.6,16.51,16.85,328.0
2018-06-04,17.5,17.5,17.5,17.5,5.0
2018-06-05,15.76,17.040001,15.76,17.040001,1002.0
2018-06-06,16.0,16.0,16.0,16.0,321.0
2018-06-07,16.93,16.93,16.1,16.1,90.0
2018-06-08,16.98,17.299999,16.98,17.299999,2063.0
2018-06-11,17.49,17.49,17.49,17.49,3.0
2018-06-12,17.0,17.0,16.99,17.0,4222.0
2018-06-13,17.49,17.49,16.0,17.48,814.0
2018-06-18,17.389999,17.389999,16.299999,17.389999,81.0
2018-06-19,17.0,17.4,17.0,17.4,126.0
2018-06-20,17.4,17.4,17.35,17.35,120.0
2018-06-21,17.360001,17.4,17.360001,17.389999,2051.0
2018-06-22,17.389999,17.389999,17.389999,17.389999,40.0
2018-06-25,17.0,17.4,17.0,17.389999,1630.0
2018-06-26,17.299999,17.4,16.799999,17.4,2767.0
2018-06-27,17.5,17.639999,17.0,17.49,1241.0
2018-06-28,17.49,17.950001,17.299999,17.950001,690705.0
2018-06-29,17.49,17.49,16.799999,17.49,541.0
2018-07-02,17.49,17.49,17.4,17.49,190.0
2018-07-03,17.450001,17.450001,17.450001,17.450001,20.0
2018-07-04,17.450001,17.450001,17.299999,17.299999,70.0
2018-07-05,17.43,17.43,17.43,17.43,50.0
2018-07-06,17.440001,17.440001,16.02,17.42,211.0
2018-07-09,17.440001,17.440001,17.299999,17.299999,467.0
2018-07-10,17.440001,17.450001,17.440001,17.450001,150.0
2018-07-11,17.440001,17.440001,17.440001,17.440001,30.0
2018-07-12,17.41,17.41,17.41,17.41,63.0
2018-07-13,17.440001,17.450001,17.0,17.0,81.0
2018-07-16,17.440001,17.440001,17.440001,17.440001,53.0
2018-07-17,17.440001,17.969999,17.440001,17.969999,95.0
2018-07-18,17.959999,17.969999,17.450001,17.969999,230.0
2018-07-19,17.889999,17.889999,17.889999,17.889999,22.0
2018-07-20,17.84,17.84,17.84,17.84,57.0
2018-07-23,17.860001,17.9,17.5,17.5,78.0
2018-07-24,17.799999,17.799999,17.5,17.5,50.0
2018-07-25,17.5,17.5,17.5,17.5,10.0
2018-07-26,17.889999,17.889999,17.879999,17.879999,37.0
2018-07-27,17.5,17.5,17.0,17.0,139.0
2018-07-31,17.5,17.879999,17.5,17.879999,93.0
2018-08-01,17.870001,17.870001,17.700001,17.700001,145.0
2018-08-02,17.889999,17.889999,17.75,17.75,262.0
2018-08-03,17.799999,17.799999,17.110001,17.110001,225.0
2018-08-06,17.5,17.5,17.049999,17.049999,397.0
2018-08-07,17.5,17.5,17.299999,17.299999,379.0
2018-08-08,17.5,17.5,17.4,17.5,255.0
2018-08-09,17.5,17.5,17.049999,17.049999,390.0
2018-08-10,17.41,17.41,17.049999,17.049999,294.0
2018-08-13,17.049999,17.379999,17.049999,17.379999,755.0
2018-08-15,17.299999,17.49,16.5,17.49,318.0
2018-08-16,17.440001,17.440001,17.440001,17.440001,10.0
2018-08-17,16.1,17.299999,16.1,16.51,579.0
2018-08-24,17.0,17.0,17.0,17.0,50.0
2018-08-27,17.280001,17.280001,17.280001,17.280001,30.0
2018-08-28,17.389999,17.389999,17.0,17.0,37.0
2018-08-29,17.440001,17.440001,17.35,17.35,220.0
2018-08-30,17.48,17.48,17.35,17.35,30.0
2018-08-31,17.43,17.43,17.35,17.35,30.0
2018-09-03,17.5,17.5,17.0,17.48,32.0
2018-09-04,17.48,17.48,17.48,17.48,10.0
2018-09-06,17.389999,17.389999,17.0,17.0,30.0
2018-09-07,17.360001,17.360001,15.54,15.55,4723.0
2018-09-10,16.190001,16.190001,15.0,15.49,623.0
2018-09-12,15.49,15.49,14.1,14.1,2428.0
2018-09-13,15.38,15.38,14.0,14.4,1533.0
2018-09-14,14.0,14.04,14.0,14.0,3167.0
2018-09-17,14.35,14.35,13.26,13.64,2433.0
2018-09-18,13.99,13.99,13.5,13.5,207.0
2018-09-19,13.75,13.75,13.47,13.47,210.0
2018-09-20,13.42,13.42,12.95,12.95,662.0
2018-09-21,13.0,13.0,12.0,12.35,4512.0
2018-09-24,12.5,12.5,12.0,12.0,701.0
2018-09-25,12.35,12.35,11.99,12.3,472.0
2018-09-26,12.3,12.3,11.99,12.0,291.0
2018-09-27,12.0,12.1,11.9,12.0,1614.0
2018-09-28,12.0,12.25,11.9,12.2,592.0
2018-10-01,12.15,12.48,11.85,12.0,859.0
2018-10-02,12.0,12.5,11.91,12.0,2378.0
2018-10-03,12.0,12.1,12.0,12.0,4620.0
2018-10-04,12.01,12.01,12.0,12.0,2062.0
2018-10-05,12.0,12.0,12.0,12.0,11.0
2018-10-08,12.0,12.0,11.9,11.9,50.0
2018-10-09,12.0,12.0,12.0,12.0,1829.0
2018-10-10,12.09,12.09,11.8,11.8,1663.0
2018-10-11,11.99,11.99,11.82,11.82,70.0
2018-10-12,11.99,11.99,11.9,11.99,168.0
2018-10-15,12.0,12.0,11.95,11.95,30.0
2018-10-16,12.0,12.0,12.0,12.0,210.0
2018-10-17,12.0,12.0,12.0,12.0,2681.0
2018-10-18,12.3,12.3,12.0,12.0,228.0
2018-10-19,12.3,12.3,12.0,12.0,933.0
2018-10-22,12.0,12.15,11.82,11.83,5604.0
2018-10-23,12.0,12.0,11.79,11.79,451.0
2018-10-24,11.79,11.8,11.5,11.5,868.0
2018-10-25,11.97,11.97,11.5,11.5,1607.0
2018-10-26,11.7,11.7,11.7,11.7,123.0
2018-10-29,11.7,11.99,11.5,11.5,1042.0
2018-10-30,11.9,11.9,11.5,11.79,192.0
2018-10-31,11.9,11.9,11.8,11.8,403.0
2018-11-01,11.8,11.8,11.5,11.8,130.0
2018-11-02,11.52,11.52,11.5,11.5,61.0
2018-11-05,11.5,11.5,11.5,11.5,664.0
2018-11-07,11.7,11.8,11.5,11.5,352.0
2018-11-08,11.89,11.89,11.5,11.7,237.0
2018-11-09,11.8,11.9,11.43,11.43,617.0
2018-11-12,11.9,11.9,11.5,11.5,275.0
2018-11-13,11.5,11.8,11.5,11.8,290.0
2018-11-14,11.8,11.8,11.4,11.5,1017.0
2018-11-15,11.5,11.5,11.5,11.5,135.0
2018-11-16,11.5,11.5,11.5,11.5,185.0
2018-11-19,11.49,11.49,11.45,11.49,211.0
2018-11-22,11.5,11.5,11.35,11.35,320.0
2018-11-23,11.36,11.36,11.36,11.36,800.0
2018-11-26,10.4,11.3,10.4,11.3,96.0
2018-11-27,11.0,11.3,10.5,10.5,4818.0
2018-11-28,10.7,10.7,10.4,10.5,732.0
2018-11-29,10.5,10.8,10.4,10.8,3857.0
2018-11-30,10.8,10.88,10.46,10.88,753.0
2018-12-03,10.6,10.6,10.5,10.5,1664.0
2018-12-04,10.5,10.89,10.5,10.5,2667.0
2018-12-05,10.5,11.2,10.5,11.2,2133.0
2018-12-06,11.2,11.69,11.2,11.69,4850.0
2018-12-07,11.78,11.99,11.69,11.99,5431.0
2018-12-10,11.98,12.5,11.94,12.5,3438.0
2018-12-11,12.98,13.5,12.98,13.5,3956.0
2018-12-12,13.5,14.0,13.0,13.0,590.0
2018-12-13,12.42,14.0,12.42,14.0,7127.0
2018-12-14,14.0,15.25,14.0,15.25,3418.0
2018-12-17,15.25,16.25,15.0,16.25,5647.0
2018-12-18,15.31,17.200001,15.31,17.200001,7367.0
2018-12-19,17.0,17.5,16.99,17.5,5717.0
2018-12-20,17.5,18.549999,17.5,17.5,660315.0
2018-12-21,17.549999,17.549999,16.0,16.5,91.0
2018-12-24,15.02,15.02,14.86,14.86,90.0
2018-12-25,14.86,14.86,14.5,14.5,1001.0
2018-12-26,14.86,14.86,14.51,14.86,1094.0
2018-12-27,14.86,14.86,14.5,14.85,44.0
2018-12-28,14.4,14.4,14.06,14.11,105.0
2018-12-31,14.3,14.3,13.5,13.5,5623.0
2019-01-02,14.2,14.2,13.56,13.56,462.0
2019-01-03,14.12,14.12,13.6,13.99,445.0
2019-01-04,13.99,14.29,13.8,13.8,634.0
2019-01-07,14.2,14.2,14.2,14.2,2.0
2019-01-08,14.27,14.27,13.6,14.27,60.0
2019-01-09,13.8,14.0,13.8,14.0,55.0
2019-01-10,13.98,13.98,13.98,13.98,8.0
2019-01-14,14.08,14.08,14.08,14.08,1.0
2019-01-15,14.0,14.0,13.6,13.99,5.0
2019-01-16,13.6,14.0,12.74,12.74,488.0
2019-01-17,12.76,13.8,12.76,13.8,268.0
2019-01-18,13.0,13.79,13.0,13.79,586.0
2019-01-21,13.8,13.8,12.91,13.8,51.0
2019-01-22,13.99,13.99,13.99,13.99,1.0
2019-01-23,13.8,13.8,13.8,13.8,3.0
2019-01-25,12.9,13.7,12.9,13.7,21.0
2019-01-28,13.69,13.69,13.69,13.69,2.0
2019-01-29,13.66,13.66,12.9,13.64,34.0
2019-01-30,12.77,13.63,12.77,13.53,86.0
2019-01-31,13.47,13.47,13.44,13.44,155.0
2019-02-01,13.6,13.6,13.6,13.6,50.0
2019-02-04,12.81,13.6,12.81,13.6,160.0
2019-02-05,13.5,13.5,13.0,13.49,61.0
2019-02-06,13.3,13.3,13.3,13.3,50.0
2019-02-07,13.3,13.5,13.3,13.5,1019.0
2019-02-08,13.9,13.9,13.5,13.82,72.0
2019-02-11,13.89,13.89,13.5,13.89,64.0
2019-02-12,13.03,13.9,13.03,13.89,138.0
2019-02-13,13.98,13.98,13.15,13.98,51.0
2019-02-14,13.3,13.96,13.3,13.96,22.0
2019-02-15,13.98,13.98,13.98,13.98,100.0
2019-02-18,13.49,13.98,13.49,13.98,151.0
2019-02-21,13.03,13.96,13.03,13.96,178.0
2019-02-22,13.04,13.88,13.04,13.88,25.0
2019-02-25,13.02,13.9,13.02,13.9,82.0
2019-02-26,13.02,13.89,13.02,13.89,401.0
2019-02-27,13.89,13.89,13.89,13.89,2.0
2019-02-28,13.02,13.02,13.02,13.02,40.0
2019-03-01,13.03,13.79,13.02,13.79,112.0
2019-03-05,13.0,13.78,13.0,13.78,26.0
2019-03-06,13.02,13.78,13.02,13.78,95.0
2019-03-07,13.89,13.89,13.88,13.88,180.0
2019-03-13,13.5,13.5,13.5,13.5,20.0
2019-03-14,13.5,13.5,13.5,13.5,5.0
2019-03-15,13.81,13.81,13.81,13.81,2.0
2019-03-18,13.0,13.75,13.0,13.75,255.0
2019-03-19,13.01,13.2,13.01,13.2,31.0
2019-03-20,13.75,13.75,13.75,13.75,2.0
2019-03-21,13.8,15.12,13.63,13.63,13856.0
2019-03-22,13.9,13.9,13.52,13.7,707.0
2019-03-25,12.35,13.65,12.35,13.65,201.0
2019-03-27,12.91,13.63,12.9,13.63,1411.0
2019-03-28,13.0,13.0,13.0,13.0,20.0
2019-03-29,13.55,13.55,13.54,13.54,4.0
2019-04-01,12.5,12.5,12.19,12.19,452.0
2019-04-02,12.21,12.21,12.21,12.21,3.0
2019-04-03,13.4,13.4,12.15,12.15,11.0
2019-04-04,13.2,13.2,12.12,13.19,345.0
2019-04-08,13.14,13.15,13.14,13.14,8.0
2019-04-09,13.15,13.15,13.14,13.14,5.0
2019-04-10,13.14,13.14,13.14,13.14,2.0
2019-04-12,13.0,13.14,13.0,13.14,14.0
2019-04-15,13.14,13.14,13.14,13.14,33.0
2019-04-16,13.14,13.14,12.15,13.0,35.0
2019-04-19,12.99,13.0,12.2,13.0,24.0
2019-04-22,12.15,12.49,12.0,12.0,1217.0
2019-04-23,12.0,12.79,12.0,12.79,502.0
2019-04-25,12.0,12.74,12.0,12.74,12.0
2019-04-26,11.77,12.73,11.77,12.73,11.0
2019-04-29,12.75,12.75,12.75,12.75,1.0
2019-04-30,11.94,12.7,11.94,12.7,207.0
2019-05-02,12.6,12.6,12.6,12.6,40.0
2019-05-03,12.6,13.39,12.6,13.39,222.0
2019-05-06,12.06,12.98,12.06,12.98,22.0
2019-05-08,12.98,13.24,12.98,13.24,236.0
2019-05-10,12.12,12.12,12.12,12.12,20.0
2019-05-13,13.15,13.15,13.15,13.15,1.0
2019-05-17,12.06,12.98,12.06,12.98,421.0
2019-05-20,12.08,12.08,11.72,11.72,8720.0
2019-05-21,12.89,12.89,11.72,11.72,121.0
2019-05-22,11.63,11.95,11.6,11.6,831.0
2019-05-23,11.26,12.0,11.26,12.0,65.0
2019-05-24,11.21,11.21,11.21,11.21,40.0
2019-05-27,12.0,12.0,12.0,12.0,2.0
2019-05-28,12.0,12.0,12.0,12.0,1.0
2019-06-04,11.95,11.95,11.06,11.06,110.0
2019-06-10,11.8,11.99,11.8,11.99,810.0
2019-06-14,11.5,11.5,11.5,11.5,10.0
2019-06-17,11.5,11.99,11.5,11.99,201.0
2019-06-18,11.09,12.99,11.09,12.99,9021.0
2019-06-19,12.8,13.15,12.8,13.15,7510.0
2019-06-21,13.0,13.5,13.0,13.5,1404.0
2019-06-24,13.65,14.0,13.4,13.4,1913443.0
2019-06-25,13.0,13.0,13.0,13.0,34.0
2019-06-26,12.0,13.0,11.99,13.0,644.0
2019-07-01,13.28,13.28,13.28,13.28,2.0
2019-07-02,11.97,13.25,11.96,13.22,892.0
2019-07-04,11.91,12.0,11.91,11.91,573.0
2019-07-05,12.0,12.9,11.5,12.9,723.0
2019-07-09,12.9,12.9,12.9,12.9,1.0
2019-07-11,11.66,11.66,11.62,11.64,2569.0
2019-07-12,12.39,12.39,12.38,12.38,3.0
2019-07-15,12.5,12.5,12.5,12.5,4.0
2019-07-17,11.71,12.69,11.71,12.69,137.0
2019-07-18,11.85,12.69,11.85,12.69,9.0
2019-07-19,12.01,12.01,12.0,12.0,770.0
2019-07-22,11.7,12.67,11.7,12.67,4.0
2019-07-24,12.66,12.68,11.73,12.68,41.0
2019-07-25,11.75,12.56,11.42,11.42,9310.0
2019-07-26,12.55,12.56,11.42,12.55,3.0
2019-07-29,11.35,12.47,11.31,12.47,2125.0
2019-08-01,12.39,12.39,12.39,12.39,500.0
2019-08-08,12.32,12.32,12.32,12.32,2.0
2019-08-09,12.0,12.0,12.0,12.0,100.0
2019-08-15,12.0,12.37,12.0,12.37,622.0
2019-08-16,12.33,12.34,11.42,12.33,1309.0
2019-08-19,12.3,12.3,11.48,12.29,108.0
2019-08-22,12.25,12.28,12.0,12.25,200.0
2019-08-23,11.72,11.72,11.7,11.7,220.0
2019-08-26,12.09,12.09,12.09,12.09,3.0
2019-08-27,12.07,12.07,11.47,12.07,725.0
2019-08-28,12.11,12.11,11.6,12.11,31.0
2019-08-29,12.0,12.0,11.99,12.0,1492.0
2019-08-30,12.09,12.09,12.09,12.09,3.0
2019-09-02,12.29,13.29,12.29,13.29,228.0
2019-09-03,12.0,12.99,12.0,12.99,11.0
2019-09-04,12.01,12.95,11.98,12.86,375.0
2019-09-05,12.5,12.5,12.5,12.5,2.0
2019-09-06,12.95,12.95,12.0,12.0,573.0
2019-09-09,12.5,12.5,11.8,11.8,60.0
2019-09-10,12.84,12.84,11.61,12.7,45.0
2019-09-11,11.44,11.44,11.44,11.44,1710.0
2019-09-12,10.5,11.5,10.5,11.5,10786.0
2019-09-13,11.25,11.5,11.25,11.5,1014.0
2019-09-16,12.45,12.45,12.39,12.39,2782.0
2019-09-17,12.28,12.28,11.2,11.2,404.0
2019-09-18,12.3,12.3,11.11,11.11,2238.0
2019-09-19,11.17,12.17,11.17,12.17,152.0
2019-09-20,11.08,11.4,11.0,11.0,3692.0
2019-09-23,11.08,11.11,11.08,11.09,2811.0
2019-09-24,11.08,11.09,11.08,11.09,510.0
2019-09-25,11.67,11.67,11.08,11.5,2625.0
2019-09-26,11.5,11.5,10.36,11.49,2006.0
2019-09-30,11.47,11.47,11.01,11.01,152.0
2019-10-01,11.44,11.44,11.44,11.44,2.0
2019-10-03,11.32,11.32,11.0,11.0,1436.0
2019-10-04,10.31,11.29,10.31,11.29,2124.0
2019-10-07,10.52,10.7,10.52,10.7,640.0
2019-10-08,10.99,10.99,10.99,10.99,4.0
2019-10-10,10.85,10.85,10.56,10.85,215.0
2019-10-11,10.85,10.85,10.55,10.6,480.0
2019-10-14,10.85,10.85,10.85,10.85,25.0
2019-10-15,10.78,10.78,10.6,10.78,308.0
2019-10-16,10.85,10.85,10.31,10.85,224.0
2019-10-17,10.35,10.35,10.35,10.35,450.0
2019-10-21,10.85,10.85,10.4,10.4,95.0
2019-10-22,10.84,10.84,10.84,10.84,3.0
2019-10-23,10.8,10.8,10.7,10.8,1215.0
2019-10-25,10.8,10.8,10.8,10.8,15.0
2019-10-28,10.39,10.83,10.39,10.83,27.0
2019-11-01,10.42,10.42,10.42,10.42,100.0
2019-11-04,10.42,10.5,10.42,10.5,47.0
2019-11-05,10.8,10.85,10.5,10.85,584.0
2019-11-07,10.88,10.88,10.56,10.88,205.0
2019-11-08,10.6,10.65,10.6,10.65,96.0
2019-11-12,10.94,10.94,10.94,10.94,2.0
2019-11-20,10.5,10.55,10.5,10.55,110.0
2019-11-21,10.51,10.51,10.5,10.5,1210.0
2019-11-22,10.56,10.84,10.5,10.84,2083.0
2019-11-26,10.6,10.6,10.42,10.42,50.0
2019-11-27,10.3,10.58,10.3,10.58,35.0
2019-11-28,10.82,10.82,10.5,10.5,201.0
2019-11-29,10.46,10.57,10.11,10.55,143261.0
2019-12-02,10.25,10.58,10.11,10.58,403.0
2019-12-04,10.5,10.5,10.5,10.5,2.0
2019-12-05,10.11,10.49,10.11,10.49,698.0
2019-12-06,10.49,10.55,10.49,10.5,1731.0
2019-12-09,10.5,10.5,10.5,10.5,200.0
2019-12-10,10.15,10.8,10.15,10.8,871.0
2019-12-11,10.24,11.0,10.24,10.95,453.0
2019-12-12,10.92,10.92,10.31,10.31,166.0
2019-12-13,10.92,10.94,10.61,10.94,1401116.0
2019-12-16,10.95,11.0,10.8,11.0,207.0
2019-12-17,11.0,11.5,11.0,11.5,1668.0
2019-12-18,11.59,12.0,11.02,12.0,1374.0
2019-12-19,11.01,12.3,11.01,11.95,267.0
2019-12-20,12.0,12.0,11.99,11.99,4405.0
2019-12-23,12.0,12.0,11.65,11.65,1263.0
2019-12-24,11.96,11.96,11.4,11.79,1513.0
2019-12-25,11.36,11.74,11.3,11.74,934.0
2019-12-26,11.7,11.98,11.4,11.97,475.0
2019-12-27,11.75,11.75,11.7,11.7,1454.0
2019-12-30,11.45,11.45,10.54,11.3,2294.0
2019-12-31,10.67,11.28,10.65,10.65,8190.0
2020-01-02,10.6,11.45,10.6,11.4,311.0
2020-01-03,11.25,11.25,11.25,11.25,10.0
2020-01-06,11.24,11.25,11.24,11.25,80.0
2020-01-08,10.6,11.15,10.13,10.99,2439.0
2020-01-09,11.09,11.09,9.9,11.0,557.0
2020-01-10,10.5,10.5,10.35,10.49,1124.0
2020-01-13,10.08,10.5,10.08,10.5,148.0
2020-01-14,10.0,10.02,10.0,10.02,107.0
2020-01-15,10.02,10.78,10.01,10.78,395.0
2020-01-16,10.39,10.4,10.1,10.1,495.0
2020-01-17,10.58,10.58,10.0,10.49,73.0
2020-01-20,10.02,10.53,10.02,10.53,43.0
2020-01-21,10.05,10.55,10.05,10.55,706.0
2020-01-23,10.4,10.4,10.01,10.01,438.0
2020-01-24,10.31,10.31,10.01,10.01,101.0
2020-01-27,10.01,10.38,9.65,10.38,237.0
2020-01-28,10.06,10.36,10.0,10.0,727.0
2020-01-29,10.0,10.0,10.0,10.0,10.0
2020-01-31,10.28,10.28,10.0,10.0,882.0
2020-02-03,10.35,10.36,10.35,10.36,21.0
2020-02-05,10.0,10.29,9.9,10.29,2311.0
2020-02-06,9.92,10.35,9.92,10.0,120.0
2020-02-07,10.3,10.3,10.28,10.28,550.0
2020-02-10,10.35,10.35,10.35,10.35,3.0
2020-02-11,11.36,11.36,11.0,11.0,3677.0
2020-02-12,10.8,10.8,10.8,10.8,90.0
2020-02-13,10.17,10.17,9.9,9.9,10020.0
2020-02-14,10.75,10.75,10.75,10.75,420.0
2020-02-17,10.0,10.0,10.0,10.0,100.0
2020-02-18,10.01,10.01,9.71,9.99,1217.0
2020-02-19,10.29,10.29,10.29,10.29,10.0
2020-02-20,9.85,9.85,9.85,9.85,400.0
2020-02-21,9.91,10.25,9.91,10.25,94533.0
2020-02-24,10.27,10.27,10.1,10.1,25.0
2020-02-25,10.1,10.24,10.0,10.0,320.0
2020-02-26,9.91,10.23,9.85,9.85,32.0
2020-02-27,10.19,10.19,9.87,9.87,30.0
2020-02-28,10.19,10.19,10.19,10.19,10.0
2020-03-02,10.18,10.18,10.0,10.17,7.0
2020-03-03,9.5,9.51,9.41,9.41,469.0
2020-03-04,9.5,9.5,9.0,9.06,379.0
2020-03-05,9.95,9.95,9.95,9.95,13.0
2020-03-09,9.0,9.9,9.0,9.85,838.0
2020-03-10,9.88,9.88,9.88,9.88,27.0
2020-03-11,9.0,9.85,9.0,9.6,1093.0
2020-03-12,9.6,9.6,9.1,9.1,25.0
2020-03-13,9.05,9.1,9.05,9.1,1201.0
2020-03-16,9.0,9.0,9.0,9.0,6785.0
2020-03-18,9.0,9.0,9.0,9.0,45.0
2020-03-19,8.65,8.8,8.65,8.8,1385.0
2020-03-20,8.8,8.8,8.45,8.45,451.0
2020-03-23,8.770001,8.770001,8.770001,8.770001,51.0
2020-03-24,8.79,8.79,8.79,8.79,18.0
2020-03-25,9.14,9.14,9.14,9.14,1.0
2020-03-26,9.5,9.5,9.5,9.5,5.0
2020-03-27,9.7,9.7,9.7,9.7,105.0
2020-03-31,9.98,9.98,9.5,9.5,135.0
2020-04-01,9.87,9.87,9.87,9.87,15.0
2020-04-02,9.98,9.98,9.98,9.98,5.0
2020-04-03,9.98,9.98,9.6,9.6,55.0
2020-04-06,9.24,9.4,9.22,9.4,327.0
2020-04-07,9.4,9.4,9.4,9.4,10.0
2020-04-08,9.4,9.4,9.4,9.4,10.0
2020-04-09,9.7,9.7,9.45,9.45,50.0
2020-04-10,9.69,9.69,9.35,9.35,95.0
2020-04-13,9.6,9.6,9.4,9.4,27.0
2020-04-14,9.59,9.59,9.4,9.4,45.0
2020-04-15,9.6,9.6,9.6,9.6,10.0
2020-04-17,9.45,9.45,9.4,9.4,110.0
2020-04-20,9.6,9.6,9.6,9.6,10.0
2020-04-21,9.6,9.6,9.6,9.6,10.0
2020-04-22,9.59,9.59,9.22,9.22,170.0
2020-04-23,9.58,9.58,9.4,9.4,23.0
2020-04-24,9.59,9.6,9.59,9.6,20.0
2020-04-27,9.3,9.3,9.3,9.3,407.0
2020-04-28,9.6,9.6,9.5,9.5,20.0
2020-04-29,9.4,9.4,9.4,9.4,12.0
2020-04-30,9.3,9.3,9.3,9.3,70.0
2020-05-04,9.6,9.6,9.6,9.6,108.0
2020-05-05,9.97,9.97,9.96,9.96,9.0
2020-05-06,9.98,9.98,9.98,9.98,444.0
2020-05-07,9.98,9.98,9.98,9.98,5.0
2020-05-08,9.98,9.98,9.98,9.98,5.0
2020-05-11,9.98,9.99,9.61,9.61,580.0
2020-05-12,9.98,9.98,9.6,9.6,869.0
2020-05-13,9.97,9.97,9.97,9.97,5.0
2020-05-14,9.96,9.96,9.96,9.96,25.0
2020-05-15,9.96,9.96,9.96,9.96,5.0
2020-05-18,9.89,9.89,9.89,9.89,5.0
2020-05-19,9.89,9.99,9.89,9.99,18.0
2020-05-20,9.97,9.97,9.7,9.97,20.0
2020-05-21,9.98,9.98,9.98,9.98,80.0
2020-05-22,9.99,9.99,9.99,9.99,5.0
2020-05-26,9.98,9.99,9.98,9.99,1234.0
2020-05-27,9.99,9.99,9.99,9.99,5.0
2020-05-28,9.98,9.98,9.98,9.98,79.0
2020-05-29,9.99,9.99,9.8,9.8,65.0
2020-06-01,9.8,9.8,9.8,9.8,10.0
2020-06-02,9.8,9.9,9.66,9.66,225.0
2020-06-03,9.8,9.8,9.7,9.71,467.0
2020-06-04,9.99,9.99,9.35,9.97,3902.0
2020-06-05,9.89,9.89,9.7,9.8,54.0
2020-06-08,9.8,9.8,9.8,9.8,25.0
2020-06-09,9.89,9.89,9.81,9.81,21.0
2020-06-10,9.9,9.9,9.8,9.8,35.0
2020-06-11,9.9,9.9,9.89,9.89,105.0
2020-06-12,9.5,9.99,9.5,9.99,309.0
2020-06-15,9.96,9.96,9.96,9.96,5.0
2020-06-16,9.9,9.9,9.9,9.9,53.0
2020-06-17,9.9,9.9,9.9,9.9,147.0
2020-06-18,9.99,9.99,9.9,9.9,310.0
2020-06-19,9.96,9.96,9.9,9.9,35.0
2020-06-22,9.51,9.51,9.51,9.51,13.0
2020-06-23,9.13,9.87,9.13,9.87,1690.0
2020-06-24,9.6,9.6,9.6,9.6,45.0
2020-06-25,9.95,9.95,9.8,9.8,114.0
2020-06-26,9.93,9.93,9.41,9.41,830.0
2020-07-01,9.75,9.75,9.75,9.75,10.0
2020-07-02,9.6,9.7,9.6,9.7,24.0
2020-07-03,9.7,9.7,9.69,9.69,191.0
2020-07-06,9.7,9.7,9.7,9.7,81.0
2020-07-07,9.7,9.7,9.65,9.65,15.0
2020-07-08,9.95,9.95,9.9,9.9,530.0
2020-07-09,9.95,9.95,9.7,9.7,101.0
2020-07-10,9.89,9.89,9.7,9.88,40.0
2020-07-13,9.88,9.88,9.88,9.88,25.0
2020-07-15,9.87,9.87,9.65,9.65,240.0
2020-07-16,9.87,9.87,9.75,9.75,32.0
2020-07-17,9.75,9.75,9.75,9.75,30.0
2020-07-20,9.79,9.79,9.7,9.7,30.0
2020-07-21,9.7,9.7,9.7,9.7,15.0
2020-07-22,9.69,9.69,9.69,9.69,55.0
2020-07-23,9.65,9.65,9.62,9.62,49.0
2020-07-24,9.68,9.68,9.55,9.68,43.0
2020-07-27,9.69,9.69,9.69,9.69,5.0
2020-07-28,9.69,9.69,9.69,9.69,5.0
2020-07-29,9.68,9.68,9.68,9.68,69.0
2020-08-03,10.06,10.06,10.06,10.06,3036.0
2020-08-04,10.46,10.46,10.46,10.46,320.0
2020-08-05,10.87,10.87,10.87,10.87,437.0
2020-08-06,11.3,11.3,11.3,11.3,485.0
2020-08-07,11.75,11.75,11.75,11.75,801.0
2020-08-10,12.15,12.15,11.29,11.29,3423.0
2020-08-11,11.1,11.1,11.1,11.1,219.0
2020-08-12,11.09,11.09,11.09,11.09,215.0
2020-08-13,10.88,10.88,10.88,10.88,509.0
2020-08-17,11.09,11.09,10.47,11.08,514.0
2020-08-18,11.08,11.09,11.08,11.09,285.0
2020-08-19,11.08,11.08,10.65,10.65,501.0
2020-08-24,10.23,10.94,10.23,10.94,1612.0
2020-08-25,11.0,11.0,10.8,10.8,30.0
2020-08-26,11.07,11.07,10.7,10.7,40.0
2020-08-27,11.12,11.12,10.32,10.32,2640.0
2020-08-28,10.7,10.7,10.35,10.4,1009.0
2020-08-31,10.4,10.4,10.4,10.4,5.0
2020-09-01,10.41,10.41,10.41,10.41,100.0
2020-09-02,10.5,10.5,10.5,10.5,1.0
2020-09-03,10.5,10.5,10.5,10.5,15.0
2020-09-04,10.89,10.89,10.45,10.5,228.0
2020-09-07,10.91,10.91,10.91,10.91,5.0
2020-09-08,10.9,10.9,10.8,10.8,15.0
2020-09-09,10.88,10.88,10.88,10.88,5.0
2020-09-10,10.89,10.89,10.88,10.88,60.0
2020-09-11,10.97,10.97,10.55,10.55,95.0
2020-09-14,10.65,10.65,10.22,10.22,180.0
2020-09-15,10.55,10.55,10.17,10.17,410.0
2020-09-16,10.35,10.35,10.2,10.2,51.0
2020-09-17,10.6,10.6,10.6,10.6,5.0
2020-09-18,10.6,10.75,10.6,10.75,25.0
2020-09-21,10.96,10.96,10.6,10.65,65.0
2020-09-22,10.96,10.96,10.23,10.3,73.0
2020-09-23,10.6,10.6,10.35,10.35,30.0
2020-09-24,10.2,10.2,10.1,10.1,60.0
2020-09-25,10.2,10.2,10.2,10.2,45.0
2020-09-28,10.1,10.1,9.9,9.91,737.0
2020-09-29,10.2,10.3,10.2,10.3,75.0
2020-09-30,10.71,10.71,10.2,10.7,192.0
2020-10-01,10.28,10.28,10.28,10.28,100.0
2020-10-02,10.2,10.2,10.2,10.2,102.0
2020-10-05,10.0,10.0,10.0,10.0,210.0
2020-10-06,10.0,10.38,9.9,10.38,1181.0
2020-10-07,10.6,10.6,10.01,10.01,47.0
2020-10-08,10.4,10.4,10.2,10.39,220.0
2020-10-09,10.01,10.01,10.01,10.01,200.0
2020-10-12,10.38,10.38,10.38,10.38,11.0
2020-10-13,10.37,10.37,10.37,10.37,16.0
2020-10-14,10.38,10.4,10.3,10.4,241.0
2020-10-15,10.49,10.49,10.3,10.3,25.0
2020-10-16,10.32,10.32,10.2,10.2,3417.0
2020-10-19,10.21,10.46,10.2,10.2,550.0
2020-10-20,10.45,10.45,10.21,10.21,60.0
2020-10-21,10.45,10.45,10.45,10.45,71.0
2020-10-22,10.48,10.48,10.48,10.48,15.0
2020-10-23,10.48,10.48,10.48,10.48,90.0
2020-10-26,10.48,10.48,10.2,10.2,423.0
2020-10-27,10.4,10.4,10.3,10.3,130.0
2020-10-28,10.4,10.4,10.2,10.4,110.0
2020-11-02,10.4,10.4,10.4,10.4,70.0
2020-11-03,10.4,10.4,10.4,10.4,70.0
2020-11-04,10.4,10.4,10.35,10.35,72.0
2020-11-05,10.4,10.4,10.4,10.4,70.0
2020-11-09,10.4,10.49,10.3,10.49,310.0
2020-11-10,10.49,10.5,10.49,10.5,370.0
2020-11-12,10.75,10.91,10.75,10.91,200.0
2020-11-13,11.24,11.24,11.24,11.24,100.0
2020-11-19,11.38,11.38,11.38,11.38,5.0
2020-11-20,10.95,11.23,10.93,11.23,2743.0
2020-11-23,11.24,11.24,10.95,10.95,2635.0
2020-11-24,11.0,11.3,10.8,11.3,91.0
2020-11-25,11.3,11.3,10.9,10.91,578.0
2020-11-26,11.29,11.29,10.75,10.75,190.0
2020-11-27,10.99,10.99,10.8,10.8,89.0
2020-11-30,11.0,11.0,10.96,10.98,25913.0
2020-12-01,10.98,10.98,10.98,10.98,71.0
2020-12-02,10.67,11.23,10.67,11.23,870.0
2020-12-03,11.23,11.24,11.23,11.24,289.0
2020-12-04,10.89,10.89,10.89,10.89,100.0
2020-12-07,10.9,10.9,10.85,10.85,670.0
2020-12-08,10.9,11.2,10.8,11.2,290.0
2020-12-09,10.85,11.2,10.76,11.2,2701.0
2020-12-10,11.2,11.2,11.17,11.17,350.0
2020-12-11,11.14,11.14,11.12,11.12,470.0
2020-12-14,11.14,11.14,11.14,11.14,70.0
2020-12-16,10.83,10.83,10.8,10.8,1144.0
2020-12-17,11.12,11.12,10.9,10.9,300.0
2020-12-18,11.08,11.08,10.83,10.83,310.0
2020-12-21,10.5,10.6,10.5,10.6,330.0
2020-12-22,10.9,10.9,10.9,10.9,70.0
2020-12-23,10.84,10.85,10.84,10.85,90.0
2020-12-24,10.46,10.76,10.46,10.76,100.0
2020-12-25,10.47,10.5,10.47,10.5,25.0
2020-12-28,10.69,10.69,10.3,10.3,201.0
2020-12-29,10.65,10.65,10.41,10.41,160072.0
2020-12-30,10.63,10.63,10.42,10.42,227.0
2020-12-31,10.63,10.63,10.34,10.34,100.0
2021-01-04,10.62,10.62,10.31,10.31,350.0
2021-01-05,9.9,10.62,9.9,10.62,7640.0
2021-01-06,11.04,11.04,10.26,10.26,7529.0
2021-01-07,10.65,10.65,10.65,10.65,20.0
2021-01-08,11.0,11.0,11.0,11.0,120.0
2021-01-12,11.0,11.0,11.0,11.0,540.0
2021-01-13,10.95,10.99,10.57,10.99,260.0
2021-01-14,10.99,10.99,10.61,10.61,590.0
2021-01-15,10.95,10.95,10.58,10.94,335.0
2021-01-18,10.92,10.92,10.92,10.92,70.0
2021-01-19,11.03,11.03,11.03,11.03,250.0
2021-01-21,11.0,11.0,10.6,10.97,550.0
2021-01-22,11.02,11.02,10.61,11.02,347.0
2021-01-25,11.19,11.19,11.19,11.19,82.0
2021-01-26,11.29,11.3,11.02,11.3,1992.0
2021-01-27,11.7,11.7,11.2,11.4,986.0
2021-01-28,11.83,11.83,11.79,11.79,103.0
2021-01-29,11.82,11.82,11.78,11.78,129.0
2021-02-01,11.82,11.82,11.31,11.33,486.0
2021-02-02,11.33,11.33,11.33,11.33,300.0
2021-02-03,11.33,11.33,10.9,10.9,681.0
2021-02-04,11.33,11.33,11.33,11.33,620.0
2021-02-05,11.5,11.5,11.5,11.5,70.0
2021-02-08,11.81,11.81,11.69,11.69,82.0
2021-02-09,11.76,11.76,11.53,11.54,130.0
2021-02-10,11.72,11.72,11.15,11.71,135.0
2021-02-11,11.71,11.71,11.65,11.65,387.0
2021-02-12,11.71,11.71,11.71,11.71,70.0
2021-02-15,11.68,11.68,11.68,11.68,70.0
2021-02-16,11.31,11.5,11.31,11.5,968.0
2021-02-17,11.64,11.64,11.64,11.64,70.0
2021-02-19,11.64,11.65,11.64,11.65,432.0
2021-02-22,11.69,11.69,11.62,11.69,954.0
2021-02-23,11.8,11.86,11.63,11.86,252.0
2021-02-24,11.86,11.86,11.86,11.86,70.0
2021-02-25,11.85,11.85,11.5,11.5,3028.0
2021-02-26,11.75,11.81,11.75,11.81,276.0
2021-03-01,11.82,11.82,11.82,11.82,200.0
2021-03-04,11.52,11.8,11.52,11.8,58.0
2021-03-05,11.5,11.55,11.5,11.5,1923.0
2021-03-08,11.81,11.81,11.81,11.81,354.0
2021-03-10,11.79,11.79,11.56,11.56,19.0
2021-03-11,11.73,11.73,11.5,11.52,585.0
2021-03-12,11.7,11.7,11.5,11.5,269.0
2021-03-15,11.81,11.91,11.81,11.91,740.0
2021-03-17,11.99,11.99,11.62,11.62,589.0
2021-03-18,11.75,11.75,11.75,11.75,74.0
2021-03-19,11.79,11.79,11.75,11.79,122.0
2021-03-22,11.9,11.9,11.9,11.9,70.0
2021-03-23,11.99,11.99,11.51,11.51,141.0
2021-03-24,11.75,11.75,11.75,11.75,10.0
2021-03-25,11.75,11.75,11.55,11.55,50.0
2021-03-26,11.55,11.55,11.55,11.55,20.0
2021-03-29,11.76,11.76,11.54,11.54,80.0
2021-03-30,11.6,11.6,11.6,11.6,10.0
2021-03-31,11.6,11.66,11.5,11.5,1083.0
2021-04-02,11.76,11.76,11.76,11.76,416.0
2021-04-05,11.97,11.97,11.97,11.97,70.0
2021-04-07,11.95,11.95,11.95,11.95,500.0
2021-04-08,11.93,11.93,11.51,11.53,220.0
2021-04-09,11.94,11.95,11.94,11.95,77.0
2021-04-12,11.94,11.94,11.94,11.94,3.0
2021-04-13,11.94,11.94,11.94,11.94,102.0
2021-04-15,11.94,11.94,11.94,11.94,70.0
2021-04-16,11.96,12.2,11.96,12.2,105.0
2021-04-23,12.06,12.57,11.72,11.72,641.0
2021-04-26,11.74,11.74,11.6,11.6,2427.0
2021-04-27,11.8,11.8,11.8,11.8,240.0
2021-04-28,11.97,11.97,11.8,11.8,60.0
2021-04-30,11.98,11.98,11.98,11.98,87.0
2021-05-03,11.97,11.97,11.97,11.97,270.0
2021-05-04,12.04,12.1,12.04,12.1,80.0
2021-05-05,11.7,12.15,11.7,12.15,21.0
2021-05-06,12.14,12.2,11.85,12.18,2171.0
2021-05-07,12.17,12.2,12.17,12.2,5377.0
2021-05-10,12.2,12.2,12.2,12.2,8228.0
2021-05-11,12.2,12.2,12.2,12.2,1214.0
2021-05-12,12.2,12.2,12.2,12.2,1632.0
2021-05-17,12.2,12.2,11.96,12.2,1625.0
2021-05-18,12.2,12.2,11.82,12.2,1986.0
2021-05-19,12.2,12.2,12.18,12.19,2095.0
2021-05-20,11.81,12.19,11.81,11.81,7.0
2021-05-21,12.19,12.19,12.19,12.19,390.0
2021-05-24,11.85,11.85,11.85,11.85,1.0
2021-05-25,12.2,12.2,11.67,11.67,572.0
2021-05-26,12.09,12.09,11.9,12.05,182.0
2021-05-27,12.02,12.2,12.02,12.2,820.0
2021-05-31,12.14,12.14,11.9,11.9,202.0
2021-06-01,11.78,12.16,11.65,12.16,2870.0
2021-06-02,11.69,12.15,11.69,12.15,129.0
2021-06-03,12.14,12.59,12.14,12.59,590.0
2021-06-04,12.74,12.74,12.71,12.71,1087.0
2021-06-07,12.71,13.14,12.5,13.14,2804.0
2021-06-08,12.62,13.0,12.62,12.99,665.0
2021-06-09,12.99,13.2,12.99,13.18,1279.0
2021-06-10,13.18,13.18,13.18,13.18,100.0
2021-06-11,13.1,13.48,12.88,13.47,8659.0
2021-06-14,13.98,14.0,13.95,14.0,45754.0
2021-06-15,14.4,14.4,13.45,14.0,19206.0
2021-06-16,13.95,13.95,13.45,13.45,5740.0
2021-06-17,13.25,13.4,13.25,13.3,109.0
2021-06-18,13.0,13.25,12.77,12.77,6704.0
2021-06-21,13.24,13.28,13.22,13.28,1100.0
2021-06-22,13.5,13.69,13.0,13.0,9332.0
2021-06-23,12.81,13.0,12.8,13.0,95.0
2021-06-24,13.0,13.3,12.6,13.3,518.0
2021-06-25,12.78,12.78,12.78,12.78,100.0
2021-06-28,12.7,13.0,12.7,13.0,610.0
2021-06-29,12.75,12.99,12.7,12.71,1712.0
2021-06-30,12.72,12.72,12.5,12.5,10575.0
2021-07-01,12.98,12.98,12.1,12.9,411.0
2021-07-02,12.88,12.88,12.39,12.39,298.0
2021-07-05,12.39,12.87,12.1,12.87,4802.0
2021-07-07,12.8,12.8,12.37,12.37,172.0
2021-07-08,12.83,12.83,12.83,12.83,1.0
2021-07-09,12.83,12.83,12.57,12.82,129.0
2021-07-12,12.41,12.87,12.41,12.86,206.0
2021-07-13,12.88,12.89,12.87,12.89,2061.0
2021-07-14,12.9,13.3,12.9,13.3,2599.0
2021-07-15,13.75,13.75,13.01,13.73,2435.0
2021-07-16,13.19,13.71,13.19,13.71,311.0
2021-07-19,13.66,13.66,13.66,13.66,5.0
2021-07-20,13.12,13.12,13.12,13.12,16.0
2021-07-23,13.05,13.05,13.0,13.05,815.0
2021-07-26,13.3,13.3,13.3,13.3,263.0
2021-07-27,13.71,13.71,12.77,13.29,580.0
2021-07-28,12.76,12.76,12.76,12.76,138.0
2021-07-29,12.5,13.27,12.5,13.25,5058.0
2021-08-02,13.0,13.0,13.0,13.0,300.0
2021-08-03,12.51,13.26,12.51,13.26,443.0
2021-08-05,12.8,13.23,12.8,13.23,218.0
2021-08-06,13.22,13.22,13.22,13.22,1.0
2021-08-09,12.75,12.75,12.75,12.75,1000.0
2021-08-11,12.99,12.99,12.62,12.99,61.0
2021-08-13,12.52,13.09,12.52,13.09,119.0
2021-08-16,12.83,12.83,12.83,12.83,10.0
2021-08-17,12.62,13.09,12.61,13.09,100.0
2021-08-18,12.83,12.97,12.67,12.7,1902.0
2021-08-19,13.2,13.2,13.1,13.2,2545.0
2021-08-23,13.59,13.6,13.59,13.6,2015.0
2021-08-25,13.06,13.06,13.06,13.06,2000.0
2021-08-26,12.85,12.85,12.85,12.85,2.0
2021-08-27,13.25,13.25,13.0,13.0,1310.0
2021-08-30,13.2,13.3,13.2,13.27,402.0
2021-08-31,13.58,13.58,13.31,13.54,3695.0
2021-09-01,13.51,13.51,13.27,13.51,1654.0
2021-09-02,13.5,13.5,13.48,13.48,228.0
2021-09-03,13.48,13.7,13.48,13.7,7044.0
2021-09-06,14.24,14.24,14.24,14.24,4370.0
2021-09-07,14.8,14.8,14.8,14.8,5880.0
2021-09-08,15.3,15.39,15.0,15.39,14225.0
2021-09-09,15.75,16.0,15.75,16.0,6435.0
2021-09-10,16.6,16.629999,16.6,16.629999,3992.0
2021-09-13,17.290001,17.290001,16.0,17.290001,9712.0
2021-09-14,17.969999,17.98,17.799999,17.98,7131.0
2021-09-15,18.690001,18.690001,17.299999,17.299999,27428.0
2021-09-16,16.610001,17.0,16.610001,16.610001,13516.0
2021-09-17,15.95,15.95,15.95,15.95,3072.0
2021-09-20,15.32,15.32,15.32,15.32,378.0
2021-09-21,15.8,15.93,15.8,15.93,4366.0
2021-09-22,16.48,16.559999,15.3,15.3,17955.0
2021-09-23,14.69,14.98,14.69,14.69,20806.0
2021-09-24,14.94,15.27,14.8,15.26,1788.0
2021-09-27,15.26,15.26,14.96,15.0,1304.0
2021-09-28,14.45,15.49,14.41,15.49,5679.0
2021-09-29,16.0,16.0,15.3,15.9,2431.0
2021-09-30,15.5,15.5,15.5,15.5,1000.0
2021-10-01,15.79,15.79,14.9,14.9,217.0
2021-10-04,15.4,15.4,14.7,14.7,1330.0
2021-10-05,15.0,15.0,14.9,14.9,50.0
2021-10-06,15.0,15.0,14.6,14.6,214.0
2021-10-07,14.02,14.02,14.02,14.02,164.0
2021-10-08,14.58,14.58,14.01,14.45,232.0
2021-10-11,14.45,14.45,13.88,13.88,2125.0
2021-10-12,14.44,14.44,14.11,14.43,140.0
2021-10-13,14.39,14.45,14.39,14.39,193.0
2021-10-14,13.88,14.0,13.75,14.0,18541.0
2021-10-15,13.79,14.83,13.75,14.83,3320.0
2021-10-18,15.7,15.71,15.24,15.71,14269.0
2021-10-21,16.0,16.65,16.0,16.65,35730.0
2021-10-22,17.629999,17.639999,16.99,17.639999,20949.0
2021-10-25,18.0,18.5,16.700001,16.91,40864.0
2021-10-26,17.6,17.9,16.66,17.15,36359.0
2021-10-27,17.870001,17.870001,16.51,17.4,6748.0
2021-10-28,17.469999,17.75,16.76,17.34,8039.0
2021-10-29,16.950001,17.4,16.51,16.93,10969.0
2021-11-01,16.65,17.5,16.65,17.01,2173.0
2021-11-02,17.4,18.030001,17.4,18.030001,34129.0
2021-11-03,18.690001,19.110001,18.5,19.110001,114142.0
2021-11-04,19.700001,20.25,19.110001,20.25,58342.0
2021-11-05,21.290001,21.459999,19.200001,20.5,68021.0
2021-11-08,20.01,21.0,19.68,19.700001,27462.0
2021-11-09,19.889999,20.790001,18.700001,18.700001,15012.0
2021-11-10,18.6,19.82,18.6,19.82,24581.0
2021-11-11,20.370001,20.73,19.809999,20.0,26181.0
2021-11-12,19.66,20.389999,19.66,20.17,9994.0
2021-11-15,20.07,21.379999,20.07,21.379999,51908.0
2021-11-16,21.4,22.4,21.379999,22.290001,31127.0
2021-11-17,22.25,22.35,20.959999,20.959999,29825.0
2021-11-19,20.799999,21.5,20.549999,21.200001,4808.0
2021-11-22,21.200001,22.25,21.16,21.16,32233.0
2021-11-23,21.700001,21.700001,20.450001,20.450001,21893.0
2021-11-24,20.0,20.700001,19.700001,20.1,16711.0
2021-11-25,20.690001,21.200001,19.799999,20.0,27581.0
2021-11-26,19.9,20.4,19.23,20.35,3559.0
2021-11-29,20.34,20.34,19.129999,19.200001,15907.0
2021-11-30,18.67,19.200001,18.049999,18.049999,40548.0
2021-12-01,18.0,18.48,16.969999,18.200001,26274.0
2021-12-02,18.200001,19.0,18.200001,18.700001,3646.0
2021-12-03,19.379999,19.379999,18.27,18.27,14101.0
2021-12-06,18.950001,18.950001,17.950001,17.950001,8968.0
2021-12-07,17.9,18.379999,17.82,18.35,7207.0
2021-12-08,18.25,18.299999,18.0,18.299999,14516.0
2021-12-09,18.0,18.870001,18.0,18.799999,12404.0
2021-12-10,18.9,18.9,18.0,18.5,5897.0
2021-12-13,18.780001,18.780001,18.0,18.0,5826.0
2021-12-14,17.65,18.290001,16.950001,17.5,16692.0
2021-12-15,17.5,17.5,16.799999,16.99,6067.0
2021-12-16,17.49,17.49,16.75,17.389999,310.0
2021-12-17,17.299999,17.299999,16.549999,17.290001,3646.0
2021-12-20,16.6,17.690001,16.5,16.959999,6326.0
2021-12-21,16.959999,17.0,16.07,16.77,1546.0
2021-12-22,16.700001,16.700001,15.98,16.5,11180.0
2021-12-23,16.049999,16.5,15.55,15.56,5536.0
2021-12-24,15.0,16.0,15.0,15.98,18196.0
2021-12-27,15.9,16.450001,15.9,16.0,1165.0
2021-12-28,16.299999,16.299999,16.15,16.16,2625.0
2021-12-29,16.299999,16.299999,16.110001,16.280001,786.0
2021-12-30,16.280001,16.450001,16.200001,16.25,2031.0
2021-12-31,16.450001,16.450001,16.0,16.440001,761.0
2022-01-03,16.4,16.4,16.0,16.4,561.0
2022-01-04,16.389999,17.290001,16.35,17.290001,11407.0
2022-01-05,16.709999,17.5,16.709999,17.48,6295.0
2022-01-06,17.6,17.969999,16.5,17.6,9044.0
2022-01-07,17.9,18.200001,17.51,17.969999,4445.0
2022-01-10,18.16,18.16,17.700001,17.889999,3707.0
2022-01-12,17.75,18.1,17.219999,18.1,4640.0
2022-01-13,18.379999,18.389999,17.9,18.290001,6666.0
2022-01-14,18.27,19.290001,18.27,18.969999,23743.0
2022-01-17,18.73,19.49,18.73,19.190001,5428.0
2022-01-18,19.200001,19.389999,18.74,19.16,2257.0
2022-01-19,19.16,19.5,18.75,19.49,16925.0
2022-01-20,19.49,19.969999,19.110001,19.48,31134.0
2022-01-21,19.190001,19.629999,18.799999,19.299999,10402.0
2022-01-24,19.389999,19.950001,19.18,19.18,25551.0
2022-01-25,19.18,19.43,19.1,19.200001,8544.0
2022-01-26,19.200001,19.200001,18.709999,19.190001,2994.0
2022-01-27,19.299999,19.299999,18.4,18.969999,11734.0
2022-01-28,18.32,18.82,18.299999,18.719999,6682.0
2022-01-31,18.889999,18.889999,18.33,18.85,1330.0
2022-02-01,18.370001,18.700001,18.1,18.700001,4518.0
2022-02-02,18.209999,18.700001,18.190001,18.57,2155.0
2022-02-03,18.59,18.59,18.120001,18.49,4169.0
2022-02-04,18.120001,18.4,17.82,18.07,6477.0
2022-02-07,18.450001,18.450001,17.700001,18.24,1457.0
2022-02-08,18.0,18.43,18.0,18.299999,1392.0
2022-02-09,18.0,18.389999,17.75,18.0,6460.0
2022-02-10,17.950001,17.98,17.620001,17.98,10288.0
2022-02-11,17.99,17.99,17.85,17.85,3799.0
2022-02-14,17.99,17.99,17.4,17.969999,23161.0
2022-02-15,17.99,17.99,17.42,17.889999,2760.0
2022-02-16,17.5,17.889999,17.49,17.879999,3774.0
2022-02-17,17.51,17.879999,17.5,17.879999,1437.0
2022-02-18,17.75,17.799999,17.0,17.780001,12727.0
2022-02-21,17.139999,17.700001,17.0,17.450001,15654.0
2022-02-22,17.77,17.77,17.0,17.49,5534.0
2022-02-23,17.01,17.49,16.709999,17.49,6498.0
2022-02-24,17.42,17.42,16.450001,16.450001,5753.0
2022-02-25,15.47,17.0,15.47,16.02,3625.0
2022-02-28,16.870001,16.870001,16.01,16.67,2541.0
2022-03-01,16.67,16.68,16.0,16.0,1429.0
2022-03-02,16.65,16.65,15.75,15.78,1385.0
2022-03-03,15.75,15.76,14.85,15.7,15159.0
2022-03-04,15.1,15.3,14.81,14.9,4048.0
2022-03-07,14.77,15.19,14.01,14.01,6305.0
2022-03-08,14.0,14.85,13.22,14.8,4044.0
2022-03-09,15.68,15.68,14.85,15.14,3852.0
2022-03-10,15.99,15.99,15.5,15.98,1362.0
2022-03-11,15.03,15.03,15.03,15.03,1421.0
2022-03-14,14.13,14.13,14.13,14.13,2008.0
2022-03-15,14.14,14.7,14.14,14.69,825.0
2022-03-16,14.65,15.2,14.64,15.19,713.0
2022-03-17,15.0,15.19,14.99,15.12,130.0
2022-03-18,15.2,15.25,15.2,15.24,3555.0
2022-03-21,15.25,15.3,14.82,15.27,601.0
2022-03-22,15.27,15.27,15.15,15.19,598.0
2022-03-23,14.8,15.16,14.53,14.53,135.0
2022-03-24,15.0,15.0,14.53,14.96,372.0
2022-03-25,14.31,14.89,14.31,14.89,151.0
2022-03-28,14.9,15.3,14.4,15.19,851.0
2022-03-29,14.28,14.28,14.28,14.28,514.0
2022-03-30,14.21,15.09,14.21,14.99,11406.0
2022-03-31,14.99,14.99,14.97,14.97,9.0
2022-04-01,14.95,14.95,14.29,14.75,271.0
2022-04-04,14.9,14.9,14.3,14.85,609.0
2022-04-05,14.33,14.96,14.02,14.02,972.0
2022-04-06,14.86,14.86,14.85,14.85,1324.0
2022-04-07,14.85,15.0,14.11,14.83,1270.0
2022-04-08,14.78,14.78,14.78,14.78,10.0
2022-04-11,14.78,14.78,14.45,14.45,2044.0
2022-04-12,14.65,14.84,14.4,14.84,1175.0
2022-04-13,14.32,14.74,14.3,14.74,642.0
2022-04-14,14.4,14.75,14.4,14.75,506.0
2022-04-15,14.4,14.84,14.4,14.84,388.0
2022-04-18,14.4,14.82,14.4,14.82,102.0
2022-04-20,14.5,14.81,14.4,14.81,236.0
2022-04-21,14.81,14.82,14.81,14.82,55.0
2022-04-22,14.8,14.8,14.2,14.2,585.0
2022-04-25,14.5,14.5,14.15,14.2,1391.0
2022-04-26,14.5,14.5,14.4,14.4,1235.0
2022-04-27,14.02,14.48,14.02,14.48,105.0
2022-04-28,14.02,14.36,14.02,14.36,2817.0
2022-04-29,14.39,14.39,14.02,14.35,1025.0
2022-05-04,14.04,14.6,14.02,14.2,927.0
2022-05-05,14.2,14.45,14.2,14.25,3104.0
2022-05-06,14.39,14.39,14.06,14.2,582.0
2022-05-09,14.39,14.39,14.06,14.2,293.0
2022-05-10,14.38,14.38,14.0,14.0,443.0
2022-05-11,14.3,14.3,14.0,14.2,1556.0
2022-05-12,14.2,14.3,13.52,14.3,3151.0
2022-05-13,14.29,14.29,14.29,14.29,3.0
2022-05-16,13.44,13.44,13.44,13.44,565.0
2022-05-17,14.24,14.24,13.35,14.06,2745.0
2022-05-18,14.06,14.08,13.31,14.05,932.0
2022-05-19,14.05,14.05,14.05,14.05,10.0
2022-05-20,14.06,14.06,13.34,14.03,227.0
2022-05-23,13.99,13.99,13.98,13.98,5.0
2022-05-24,13.98,13.98,13.94,13.94,178.0
2022-05-25,13.37,13.87,13.36,13.87,886.0
2022-05-26,13.11,13.85,13.11,13.68,36.0
2022-05-27,13.6,13.66,13.1,13.64,5241.0
2022-05-30,13.64,13.64,13.64,13.64,30.0
2022-05-31,13.85,13.85,13.0,13.76,58.0
2022-06-01,13.5,13.85,13.5,13.8,691.0
2022-06-02,13.5,14.15,13.5,14.15,54.0
2022-06-03,14.15,14.48,13.5,14.04,1698.0
2022-06-06,14.39,14.4,13.62,14.4,6695.0
2022-06-07,13.95,14.3,13.95,13.95,529.0
2022-06-08,14.35,14.35,14.35,14.35,21.0
2022-06-09,14.0,14.4,14.0,14.4,49.0
2022-06-10,13.96,14.29,13.96,14.29,95.0
2022-06-13,13.9,14.3,13.9,13.92,276.0
2022-06-14,14.0,14.19,13.79,14.19,1248.0
2022-06-15,13.61,14.13,13.5,14.13,145.0
2022-06-17,13.34,14.15,13.34,14.15,62.0
2022-06-20,14.15,14.15,14.15,14.15,85.0
2022-06-21,14.0,14.0,13.36,13.39,150.0
2022-06-22,14.09,14.09,13.97,13.97,270.0
2022-06-27,13.4,13.4,13.4,13.4,100.0
2022-06-29,13.38,13.38,13.01,13.01,147.0
2022-06-30,13.0,13.02,13.0,13.0,560.0
2022-07-01,13.0,13.0,12.8,12.8,195.0
2022-07-04,12.8,12.8,12.76,12.76,278.0
2022-07-05,12.02,12.86,12.0,12.1,6096.0
2022-07-06,12.8,12.8,12.07,12.07,390.0
2022-07-07,12.64,12.64,12.35,12.63,210.0
2022-07-08,12.63,12.63,12.61,12.62,1338.0
2022-07-12,12.66,12.66,12.62,12.62,17.0
2022-07-13,12.62,12.62,12.4,12.4,30.0
2022-07-14,12.66,12.66,12.66,12.66,9.0
2022-07-15,12.3,12.66,12.3,12.66,538.0
2022-07-18,12.66,12.66,12.66,12.66,23.0
2022-07-19,12.66,12.79,12.66,12.79,239.0
2022-07-20,12.9,13.19,12.9,13.19,176.0
2022-07-21,13.55,13.55,12.92,13.53,139.0
2022-07-22,13.56,13.56,13.56,13.56,5.0
2022-07-25,13.5,13.5,12.92,12.92,111.0
2022-07-27,12.92,13.35,12.45,13.2,590.0
2022-07-29,12.9,12.9,12.9,12.9,112.0
2022-08-01,13.24,13.24,12.8,12.8,443.0
2022-08-02,12.8,12.8,12.66,12.66,33.0
2022-08-03,13.22,13.22,13.19,13.19,55.0
2022-08-04,12.4,12.45,12.4,12.45,620.0
2022-08-05,12.47,13.14,12.46,13.14,124.0
2022-08-08,12.47,13.06,12.46,13.06,601.0
2022-08-09,13.0,13.0,13.0,13.0,5.0
2022-08-10,13.07,13.45,12.54,13.34,1604.0
2022-08-11,13.5,13.7,12.85,13.7,1398.0
2022-08-12,12.93,13.95,12.93,13.91,1147.0
2022-08-15,13.91,13.91,13.91,13.91,7.0
2022-08-16,13.12,13.74,13.12,13.71,79.0
2022-08-17,13.7,13.7,13.68,13.68,3.0
2022-08-18,13.23,13.27,13.23,13.24,1280.0
2022-08-19,13.66,13.67,13.2,13.2,507.0
2022-08-22,13.66,13.66,13.21,13.59,475.0
2022-08-23,13.67,13.67,12.91,13.03,918.0
2022-08-24,13.64,13.64,13.64,13.64,5.0
2022-08-25,13.62,13.62,13.61,13.61,4.0
2022-08-26,13.15,13.5,13.1,13.5,452.0
2022-08-29,13.49,13.63,13.49,13.59,401.0
2022-08-30,13.08,13.47,13.08,13.11,149.0
2022-08-31,13.11,13.47,13.11,13.38,277.0
2022-09-01,12.76,13.37,12.76,13.36,3552.0
2022-09-02,13.35,13.35,13.0,13.0,482.0
2022-09-05,13.25,13.25,13.0,13.01,501.0
2022-09-06,13.25,13.25,13.15,13.15,201.0
2022-09-07,13.25,13.25,13.11,13.11,13.0
2022-09-08,13.4,13.5,13.0,13.48,1795.0
2022-09-09,13.36,13.6,13.36,13.6,157.0
2022-09-12,13.63,13.63,12.8,12.8,5933.0
2022-09-13,12.84,13.48,12.84,13.29,1115.0
2022-09-14,13.6,14.08,13.5,14.08,34722.0
2022-09-15,14.92,14.92,14.5,14.92,25115.0
2022-09-16,14.5,14.95,14.3,14.75,7475.0
2022-09-19,14.0,14.65,14.0,14.0,11308.0
2022-09-20,14.3,14.3,14.02,14.02,130.0
2022-09-21,13.91,14.3,13.9,13.91,1778.0
2022-09-22,14.17,14.17,13.11,14.13,255.0
2022-09-23,13.33,13.97,13.33,13.42,591.0
2022-09-26,13.02,13.4,12.9,13.37,718.0
2022-09-27,13.37,13.37,12.96,12.96,1247.0
2022-09-28,12.94,13.0,12.9,13.0,1137.0
2022-09-29,12.9,12.9,12.56,12.8,2621.0
2022-09-30,12.55,12.7,12.05,12.05,12892.0
2022-10-03,12.67,12.67,12.49,12.49,88.0
2022-10-04,12.77,13.23,12.01,12.01,1660.0
2022-10-05,12.06,12.5,12.05,12.5,70.0
2022-10-06,13.17,13.17,13.17,13.17,10.0
2022-10-07,12.38,13.17,12.38,13.0,1175.0
2022-10-11,13.0,13.15,13.0,13.15,40.0
2022-10-12,12.8,13.15,12.8,13.15,60.0
2022-10-13,12.42,13.15,12.42,13.15,30.0
2022-10-14,13.1,13.1,12.4,13.08,240.0
2022-10-17,13.0,13.0,12.99,12.99,61.0
2022-10-18,12.99,12.99,12.9,12.9,235.0
2022-10-19,12.5,12.9,12.5,12.9,106.0
2022-10-20,13.03,13.03,13.03,13.03,10.0
2022-10-21,12.26,12.58,12.26,12.58,111.0
2022-10-24,13.0,13.0,12.2,12.2,504.0
2022-10-25,12.93,12.93,12.04,12.04,23.0
2022-10-26,12.7,12.7,12.69,12.69,23.0
2022-11-01,12.06,12.58,12.01,12.58,3310.0
2022-11-02,12.03,12.56,12.03,12.55,240.0
2022-11-03,12.3,12.52,12.3,12.52,308.0
2022-11-04,12.07,12.49,12.07,12.49,85.0
2022-11-07,12.4,12.4,12.4,12.4,19.0
2022-11-08,12.15,12.39,12.1,12.39,1187.0
2022-11-10,12.28,12.28,12.0,12.0,327.0
2022-11-11,11.3,12.0,11.3,11.32,299.0
2022-11-14,11.99,11.99,11.99,11.99,10.0
2022-11-16,11.28,11.28,11.28,11.28,100.0
2022-11-17,11.95,11.95,11.95,11.95,5.0
2022-11-21,11.95,11.95,11.95,11.95,50.0
2022-11-22,11.95,11.95,11.95,11.95,50.0
2022-11-23,11.5,11.5,11.5,11.5,5.0
2022-11-24,12.0,12.0,11.25,11.25,607.0
2022-11-25,11.3,11.3,11.3,11.3,1.0
2022-11-28,11.5,11.97,11.5,11.75,56.0
2022-11-29,11.5,11.95,11.5,11.95,452.0
2022-11-30,11.5,11.92,11.5,11.92,450.0
2022-12-02,11.92,11.92,11.92,11.92,50.0
2022-12-06,11.51,11.51,11.51,11.51,20.0
2022-12-07,11.9,11.9,11.9,11.9,2.0
2022-12-08,11.9,11.9,11.9,11.9,702.0
2022-12-09,11.99,12.6,11.99,12.6,1012.0
2022-12-13,12.5,12.58,12.5,12.58,171.0
2022-12-14,12.5,12.5,12.01,12.44,1265.0
2022-12-15,11.95,12.49,11.95,12.49,248.0
2022-12-16,12.11,12.59,12.11,12.59,114.0
2022-12-19,12.49,12.6,12.49,12.6,1966.0
2022-12-20,12.96,12.99,12.96,12.99,465.0
2022-12-21,12.6,13.0,12.6,13.0,1504.0
2022-12-22,13.19,13.5,13.19,13.5,4249.0
2022-12-23,13.5,13.9,13.5,13.9,3381.0
2022-12-26,13.94,13.95,13.94,13.95,9.0
2022-12-27,13.94,14.0,13.94,14.0,20010.0
2022-12-28,14.0,14.83,14.0,14.83,15866.0
2022-12-29,14.83,15.71,14.82,15.71,14128.0
2022-12-30,15.71,15.87,15.71,15.71,12753.0
2023-01-02,15.84,15.84,15.84,15.84,111.0
2023-01-03,14.9,14.9,14.9,14.9,172.0
2023-01-05,14.01,14.01,14.01,14.01,3.0
2023-01-06,13.17,13.17,13.17,13.17,2.0
2023-01-09,12.38,12.38,12.38,12.38,12.0
2023-01-10,11.78,12.94,11.78,12.81,769.0
2023-01-12,13.51,13.51,12.15,12.5,708.0
2023-01-13,12.98,12.98,12.98,12.98,6.0
2023-01-16,12.95,12.95,12.21,12.21,27.0
2023-01-17,12.93,12.93,11.93,12.39,102.0
2023-01-18,12.4,12.81,12.4,12.81,12.0
2023-01-19,12.11,12.21,12.11,12.2,41.0
2023-01-20,12.05,12.78,12.05,12.78,102.0
2023-01-23,12.05,12.78,12.05,12.5,1054.0
2023-01-24,12.77,12.77,12.77,12.77,3.0
2023-01-25,12.06,12.78,12.06,12.78,21.0
2023-01-26,12.78,12.8,12.78,12.8,30.0
2023-01-27,12.8,12.8,12.8,12.8,5.0
2023-01-30,12.06,12.81,12.06,12.81,113.0
2023-02-01,12.7,12.7,12.05,12.05,4984.0
2023-02-02,11.8,12.2,11.5,12.2,16110.0
2023-02-03,12.28,12.3,11.9,11.9,253.0
2023-02-06,11.56,11.98,11.34,11.95,1610.0
2023-02-07,12.28,12.28,12.28,12.28,10.0
2023-02-09,12.0,12.0,12.0,12.0,5.0
2023-02-10,12.0,12.29,12.0,12.0,1252.0
2023-02-13,11.8,12.4,11.8,12.4,130.0
2023-02-14,12.0,12.3,12.0,12.3,1622.0
2023-02-15,11.71,12.27,11.71,12.27,260.0
2023-02-16,12.24,12.24,11.99,11.99,30.0
2023-02-17,12.19,12.19,11.81,11.99,232.0
2023-02-20,11.91,11.98,11.9,11.9,1971.0
2023-02-21,11.89,12.27,11.79,11.8,1233.0
2023-02-22,11.3,11.99,11.3,11.72,1205.0
2023-02-23,11.27,11.89,11.15,11.87,2477.0
2023-02-24,11.22,11.91,11.22,11.84,976.0
2023-02-27,11.3,11.9,11.3,11.86,50.0
2023-02-28,11.92,12.0,11.65,11.65,1300.0
2023-03-01,12.34,12.34,11.53,11.53,224.0
2023-03-02,11.52,11.99,11.52,11.99,185.0
2023-03-03,11.99,11.99,11.98,11.98,15.0
2023-03-06,11.98,11.98,11.98,11.98,1.0
2023-03-07,11.98,12.0,11.98,12.0,15.0
2023-03-08,11.36,11.9,11.36,11.7,454.0
2023-03-09,11.88,12.0,11.7,12.0,488.0
2023-03-10,12.0,12.28,11.98,12.27,2245.0
2023-03-13,12.26,12.28,12.26,12.28,150.0
2023-03-14,12.26,12.26,12.26,12.26,1.0
2023-03-15,11.56,12.24,11.56,12.24,33.0
2023-03-17,11.62,12.0,11.6,11.98,623.0
2023-03-20,11.98,12.14,11.98,12.14,23.0
2023-03-22,11.26,11.42,11.02,11.42,659.0
2023-03-23,11.1,11.42,11.1,11.42,230.0
2023-03-24,11.42,11.42,11.42,11.42,3.0
2023-03-27,10.74,11.38,10.74,10.76,1236.0
2023-03-28,10.74,11.29,10.74,11.19,981.0
2023-03-29,11.39,11.39,11.29,11.38,177.0
2023-03-30,11.37,11.37,11.37,11.37,1.0
2023-04-03,10.71,11.37,10.71,10.74,735.0
2023-04-04,11.37,11.37,11.37,11.37,20.0
2023-04-05,10.69,11.0,10.69,11.0,510.0
2023-04-06,11.36,11.36,11.36,11.36,10.0
2023-04-07,11.33,11.33,11.33,11.33,290.0
2023-04-10,10.77,11.31,10.77,11.31,510.0
2023-04-11,11.19,11.19,11.19,11.19,10.0
2023-04-12,10.81,11.14,10.81,11.14,17.0
2023-04-13,11.18,11.18,11.18,11.18,9.0
2023-04-14,11.18,11.18,11.0,11.0,201.0
2023-04-17,11.2,11.2,11.2,11.2,3.0
2023-04-19,11.0,11.2,11.0,11.2,6.0
2023-04-20,11.2,11.2,11.0,11.2,168.0
2023-04-25,11.2,11.2,11.2,11.2,10.0
2023-04-26,10.55,11.19,10.55,11.19,35.0
2023-04-27,11.19,11.19,11.19,11.19,10.0
2023-04-28,11.19,11.2,10.67,10.67,92.0
2023-05-02,11.18,11.2,11.0,11.2,91.0
2023-05-03,11.19,11.19,11.01,11.01,271.0
2023-05-04,11.01,11.19,10.41,11.19,1536.0
2023-05-05,10.56,11.17,10.56,10.79,441.0
2023-05-08,10.75,11.2,10.74,11.19,250.0
2023-05-09,11.25,11.76,11.22,11.24,3464.0
2023-05-10,11.24,11.72,11.24,11.72,15.0
2023-05-11,11.28,11.79,11.28,11.79,721.0
2023-05-12,11.79,11.79,11.79,11.79,10.0
2023-05-15,11.35,11.79,11.35,11.79,35.0
2023-05-16,11.46,11.8,11.46,11.46,75.0
2023-05-17,10.79,11.86,10.79,11.53,16273.0
2023-05-18,11.19,11.49,11.15,11.15,1795.0
2023-05-19,11.46,11.46,11.39,11.39,111.0
2023-05-22,10.96,11.34,10.86,10.86,4096.0
2023-05-23,11.3,11.3,11.03,11.29,33.0
2023-05-24,11.26,11.26,11.26,11.26,9.0
2023-05-26,11.23,11.23,11.0,11.18,2191.0
2023-05-29,11.19,11.43,11.19,11.43,70.0
2023-05-30,11.01,11.4,11.01,11.09,1467.0
2023-05-31,10.82,11.34,10.82,11.25,2320.0
2023-06-01,11.25,11.25,11.1,11.24,2751.0
2023-06-02,11.0,11.23,11.0,11.23,71.0
2023-06-05,11.21,11.27,11.02,11.02,612.0
2023-06-06,11.26,11.26,11.26,11.26,13.0
2023-06-07,10.91,11.27,10.91,11.27,61.0
2023-06-08,11.25,11.25,11.1,11.1,3088.0
2023-06-09,11.25,11.43,11.25,11.38,2685.0
2023-06-12,11.43,11.43,11.4,11.4,1600.0
2023-06-13,11.69,11.69,11.65,11.69,1651.0
2023-06-14,11.68,11.68,11.25,11.66,100.0
2023-06-15,11.13,11.79,11.13,11.79,5532.0
2023-06-16,11.79,11.79,11.34,11.34,968.0
2023-06-19,11.78,11.78,11.36,11.77,252.0
2023-06-20,11.87,11.87,11.79,11.79,161.0
2023-06-21,11.41,11.79,11.41,11.41,176.0
2023-06-22,11.9,11.9,10.8,10.88,2533.0
2023-06-23,11.53,11.53,11.53,11.53,165.0
2023-06-26,11.7,11.7,11.69,11.69,1189.0
2023-06-27,11.01,11.69,11.01,11.06,291.0
2023-06-28,11.5,11.64,11.5,11.5,1159.0
2023-07-03,11.64,11.64,11.5,11.5,770.0
2023-07-04,11.6,11.64,11.09,11.6,329.0
2023-07-05,11.63,11.64,11.07,11.21,1801.0
2023-07-06,11.21,11.59,11.21,11.57,873.0
2023-07-07,11.57,11.64,11.57,11.63,1927.0
2023-07-10,11.64,11.64,11.2,11.2,501.0
2023-07-11,11.64,11.64,11.64,11.64,100.0
2023-07-12,11.62,11.62,11.24,11.24,1155.0
2023-07-13,11.24,11.6,11.24,11.6,720.0
2023-07-14,11.49,11.55,11.14,11.14,3398.0
2023-07-17,11.55,11.8,11.54,11.8,10502.0
2023-07-18,11.61,12.5,11.61,12.5,12121.0
2023-07-20,13.17,13.2,12.8,13.2,23638.0
2023-07-21,12.8,13.2,12.8,12.88,4955.0
2023-07-24,13.0,13.1,12.7,12.7,4702.0
2023-07-25,13.33,13.33,12.5,12.5,4269.0
2023-07-26,12.51,12.7,12.5,12.7,6040.0
2023-07-27,13.25,13.25,12.7,12.98,66.0
2023-07-28,13.14,13.14,12.56,12.56,73.0
2023-07-31,12.58,12.87,12.5,12.85,945.0
2023-08-01,12.93,12.93,12.45,12.75,1055.0
2023-08-02,12.5,12.8,12.5,12.8,1096.0
2023-08-03,12.51,12.7,12.5,12.7,537.0
2023-08-04,12.7,12.7,12.7,12.7,10.0
2023-08-07,12.7,12.79,12.5,12.5,1448.0
2023-08-08,12.5,12.85,12.5,12.84,5313.0
2023-08-09,12.85,12.85,12.84,12.84,175.0
2023-08-11,12.83,12.83,12.5,12.8,698.0
2023-08-15,12.8,12.8,12.78,12.79,24.0
2023-08-16,12.5,12.76,12.5,12.76,327.0
2023-08-17,12.75,12.75,12.75,12.75,20.0
2023-08-18,12.02,12.71,12.02,12.71,1066.0
2023-08-22,12.08,12.68,12.08,12.68,88.0
2023-08-23,12.11,12.6,12.11,12.6,43.0
2023-08-25,12.08,12.58,12.0,12.06,532.0
2023-08-28,12.48,12.48,12.0,12.0,1579.0
2023-08-29,12.0,12.48,12.0,12.39,178.0
2023-08-30,12.3,12.3,11.71,12.15,2280.0
2023-08-31,11.9,12.2,11.8,12.2,567.0
2023-09-01,12.19,12.19,12.0,12.18,802.0
2023-09-04,12.18,12.48,11.8,12.4,493.0
2023-09-05,12.71,12.71,12.59,12.6,1220.0
2023-09-06,11.88,12.6,11.88,12.48,870.0
2023-09-08,12.0,12.45,11.75,12.29,2368.0
2023-09-11,12.44,12.45,12.36,12.36,130.0
2023-09-12,11.8,12.29,11.8,12.29,271.0
2023-09-13,11.91,12.38,11.91,12.36,78.0
2023-09-14,12.2,12.2,12.2,12.2,1.0
2023-09-18,12.14,12.2,11.7,11.7,840.0
2023-09-19,12.28,12.28,11.7,12.05,1155.0
2023-09-20,12.27,12.33,12.0,12.0,3005.0
2023-09-21,12.2,12.25,12.1,12.1,835.0
2023-09-22,12.33,12.33,12.33,12.33,10.0
2023-09-25,12.1,12.1,11.75,12.0,1250.0
2023-09-26,11.8,12.19,11.52,11.55,2579.0
2023-09-27,11.55,12.18,11.55,12.12,2451.0
2023-10-02,12.1,12.1,12.0,12.08,120.0
2023-10-03,12.08,12.08,11.55,11.55,162.0
2023-10-04,12.02,12.03,12.0,12.0,12.0
2023-10-05,11.98,11.98,11.56,11.56,2416.0
2023-10-06,11.89,11.9,11.57,11.57,150.0
2023-10-09,11.57,11.86,11.5,11.86,1030.0
2023-10-10,10.7,11.86,10.7,11.79,5065.0
2023-10-11,11.66,11.66,11.0,11.54,2673.0
2023-10-12,11.05,11.52,11.05,11.52,67.0
2023-10-13,11.52,11.52,11.52,11.52,17.0
2023-10-16,11.66,11.66,11.0,11.54,1898.0
2023-10-17,11.64,11.65,11.11,11.2,624.0
2023-10-18,11.5,11.5,10.65,10.65,5534.0
2023-10-19,11.39,11.45,10.96,11.39,3125.0
2023-10-20,11.66,11.66,11.39,11.5,3495.0
2023-10-23,11.05,11.5,11.0,11.0,11139.0
2023-10-24,11.63,11.63,10.63,11.2,7825.0
2023-10-25,11.45,11.45,10.5,11.33,12194.0
2023-10-26,10.6,11.46,10.6,10.96,533.0
2023-10-27,10.8,11.09,10.8,10.9,2565.0
2023-10-30,10.86,11.06,10.86,11.06,53.0
2023-10-31,10.7,11.2,10.7,11.2,3404.0
2023-11-01,11.2,11.3,11.2,11.3,107.0
2023-11-02,11.3,11.3,10.82,11.3,4772.0
2023-11-03,10.86,11.29,10.86,11.29,62.0
2023-11-08,10.77,11.2,10.77,11.2,11.0
2023-11-09,11.3,11.4,10.97,10.97,4735.0
2023-11-10,11.36,11.36,11.36,11.36,20.0
2023-11-13,11.3,11.3,10.9,10.9,311.0
2023-11-14,10.91,10.91,10.91,10.91,4.0
2023-11-15,11.29,11.29,10.9,10.91,372.0
2023-11-16,11.28,11.28,11.28,11.28,12.0
2023-11-17,11.2,11.2,11.2,11.2,291.0
2023-11-20,11.4,11.4,10.91,10.91,628.0
2023-11-21,11.0,11.0,10.92,10.92,216.0
2023-11-22,11.1,11.1,10.9,11.1,833.0
2023-11-23,11.36,11.36,11.28,11.28,15.0
2023-11-24,11.37,11.37,11.0,11.19,547.0
2023-11-27,11.37,11.37,11.0,11.24,165.0
2023-11-28,11.27,11.27,11.2,11.2,229.0
2023-11-29,11.2,11.29,10.91,10.91,212.0
2023-11-30,10.86,11.1,10.86,11.1,706.0
2023-12-01,10.9,10.9,10.9,10.9,3815.0
2023-12-04,11.17,11.17,11.0,11.0,156.0
2023-12-05,11.0,11.1,11.0,11.1,708.0
2023-12-06,11.15,11.15,10.93,10.93,22.0
2023-12-07,11.09,11.1,11.09,11.1,27.0
2023-12-08,11.2,11.2,10.87,10.9,529.0
2023-12-11,11.1,11.1,10.9,11.0,208.0
2023-12-12,11.2,11.2,10.85,10.85,1517.0
2023-12-13,11.1,11.1,10.6,10.6,740.0
2023-12-14,11.05,11.05,10.99,10.99,3.0
2023-12-15,11.07,11.07,11.07,11.07,1.0
2023-12-18,11.04,11.08,11.04,11.08,113.0
2023-12-19,10.65,11.05,10.65,11.01,60.0
2023-12-20,11.01,11.04,11.0,11.04,665.0
2023-12-21,10.54,11.04,10.54,11.0,1259.0
2023-12-22,11.0,11.0,10.71,10.71,265.0
2023-12-25,11.0,11.0,10.98,10.98,967.0
2023-12-26,10.95,10.95,10.68,10.94,3750.0
2023-12-27,10.95,10.95,10.95,10.95,128.0
2023-12-28,10.95,10.95,10.95,10.95,64.0
2023-12-29,10.9,10.9,10.61,10.9,222.0
2024-01-02,10.66,11.14,10.66,10.96,1054.0
2024-01-03,11.09,11.1,10.67,11.08,22.0
2024-01-04,10.68,10.69,10.67,10.67,1169.0
2024-01-05,10.99,11.0,10.69,11.0,3540.0
2024-01-08,11.09,11.09,10.7,10.99,685.0
2024-01-09,10.8,10.97,10.8,10.9,1269.0
2024-01-10,10.8,10.95,10.8,10.95,90.0
2024-01-12,10.69,10.97,10.69,10.95,800.0
2024-01-15,11.0,11.0,10.72,10.73,111.0
2024-01-16,10.8,10.98,10.8,10.8,112.0
2024-01-17,10.8,10.95,10.8,10.95,57.0
2024-01-18,10.98,10.98,10.5,10.94,5051.0
2024-01-19,10.57,10.92,10.57,10.9,341.0
2024-01-22,10.61,10.88,10.61,10.7,365.0
2024-01-23,10.87,10.87,10.87,10.87,222.0
2024-01-24,10.86,10.9,10.61,10.8,4914.0
2024-01-25,10.63,10.85,10.63,10.85,12.0
2024-01-26,10.84,10.84,10.65,10.84,233.0
2024-01-29,10.9,10.9,10.55,10.55,209.0
2024-01-30,10.57,10.85,10.31,10.31,3530.0
2024-01-31,10.84,10.84,10.34,10.79,40860.0
2024-02-01,10.8,10.8,10.8,10.8,2261.0
2024-02-02,10.82,11.0,10.8,10.99,5560.0
2024-02-05,10.52,11.0,10.52,11.0,1252.0
2024-02-06,10.8,11.0,10.55,11.0,1644.0
2024-02-07,10.99,10.99,10.58,10.87,438.0
2024-02-08,10.87,10.99,10.55,10.65,5418.0
2024-02-09,10.95,10.95,10.55,10.89,4851.0
2024-02-12,10.61,10.9,10.61,10.63,1165.0
2024-02-13,10.64,10.9,10.64,10.85,1622.0
2024-02-14,10.8,11.0,10.66,10.66,289.0
2024-02-15,10.8,10.99,10.71,10.71,1366.0
2024-02-16,10.71,10.95,10.61,10.61,1120.0
2024-02-19,10.64,10.96,10.56,10.9,4073.0
2024-02-20,10.9,10.9,10.64,10.88,789.0
2024-02-21,10.94,10.94,10.64,10.71,197.0
2024-02-22,10.94,10.94,10.66,10.75,192.0
2024-02-23,10.93,10.93,10.67,10.67,3474.0
2024-02-26,10.93,10.93,10.65,10.65,1728.0
2024-02-27,10.78,10.78,10.6,10.72,2899.0
2024-02-28,10.75,10.75,10.65,10.65,115.0
2024-02-29,10.66,10.66,10.57,10.59,1502.0
2024-03-01,10.65,10.74,10.61,10.61,918.0
2024-03-04,10.78,10.78,10.6,10.6,2562.0
2024-03-05,10.78,10.78,10.56,10.57,1081.0
2024-03-06,10.78,10.78,10.78,10.78,150.0
2024-03-07,10.78,10.78,10.7,10.7,71.0
2024-03-08,10.78,10.78,10.51,10.51,1406.0
2024-03-11,10.78,10.78,10.5,10.51,1126.0
2024-03-12,10.52,10.78,10.52,10.52,1033.0
2024-03-13,10.51,10.51,10.5,10.5,521.0
2024-03-14,10.78,10.78,10.78,10.78,1.0
2024-03-15,10.78,10.78,10.51,10.51,119.0
2024-03-18,10.6,10.75,10.55,10.55,770.0
2024-03-19,10.5,10.5,10.2,10.23,2570.0
2024-03-20,10.65,10.82,10.65,10.8,10435.0
2024-03-21,10.75,10.75,10.49,10.49,506.0
2024-03-22,10.5,10.52,10.48,10.48,2325.0
2024-03-25,10.31,10.52,10.25,10.25,434.0
2024-03-26,10.5,10.87,10.5,10.71,3143.0
2024-03-27,10.69,10.7,10.68,10.7,61.0
2024-03-28,10.7,10.7,10.25,10.28,3502.0
2024-03-29,10.31,10.32,10.3,10.31,1304.0
2024-04-01,10.31,10.31,10.3,10.3,3500.0
2024-04-02,10.7,10.7,10.31,10.31,309.0
2024-04-03,10.64,10.64,10.32,10.32,2625.0
2024-04-04,10.32,10.5,10.32,10.5,1106.0
2024-04-05,10.64,10.64,10.34,10.62,383.0
2024-04-08,10.6,10.6,10.32,10.6,744.0
2024-04-09,10.3,10.5,10.07,10.49,3949.0
2024-04-15,10.7,10.7,10.25,10.5,2711.0
2024-04-16,10.31,11.4,10.31,11.38,32524.0
2024-04-17,11.38,11.4,10.9,11.0,18753.0
2024-04-18,11.2,11.98,10.9,11.69,19994.0
2024-04-19,11.69,11.69,11.17,11.68,7453.0
2024-04-22,11.69,11.69,11.11,11.12,8584.0
2024-04-23,11.0,11.39,10.8,11.0,4813.0
2024-04-24,11.4,11.4,10.89,11.29,936.0
2024-04-25,11.0,11.2,11.0,11.16,1950.0
2024-04-26,11.16,11.19,11.0,11.0,2782.0
2024-04-29,11.38,11.38,11.16,11.16,5819.0
2024-04-30,11.16,11.34,11.16,11.16,10679.0
2024-05-02,10.81,11.16,10.81,11.15,543.0
2024-05-03,11.13,11.39,11.13,11.13,1026.0
2024-05-06,11.0,11.0,11.0,11.0,274.0
2024-05-07,10.75,10.75,10.73,10.74,1064.0
2024-05-08,11.39,11.39,10.76,11.27,824.0
2024-05-09,10.86,11.32,10.86,11.2,161.0
2024-05-10,10.71,11.0,10.71,11.0,5191.0
2024-05-13,10.75,11.0,10.74,11.0,2246.0
2024-05-14,10.99,11.0,10.81,10.99,4389.0
2024-05-15,11.0,11.0,10.99,10.99,260.0
2024-05-16,11.0,11.0,10.98,11.0,4540.0
2024-05-17,10.76,11.0,10.76,10.82,1002.0
2024-05-20,10.99,11.0,10.99,11.0,7049.0
2024-05-21,11.0,11.0,10.85,10.85,2202.0
2024-05-22,10.99,10.99,10.85,10.99,102.0
2024-05-23,10.99,10.99,10.95,10.97,688.0
2024-05-24,10.98,11.0,10.85,11.0,1123.0
2024-05-27,11.29,11.29,10.68,11.22,1050.0
2024-05-28,11.18,11.19,11.18,11.19,31.0
2024-05-29,10.74,11.18,10.73,11.0,232.0
2024-05-30,11.0,11.2,11.0,11.17,70.0
2024-05-31,11.0,11.0,11.0,11.0,1002.0
2024-06-03,11.09,11.09,10.76,10.78,420.0
2024-06-04,11.09,11.09,10.8,10.8,63.0
2024-06-05,11.07,11.1,10.85,10.95,1375.0
2024-06-06,11.06,11.06,10.77,11.02,3441.0
2024-06-07,10.77,11.0,10.72,10.99,542.0
2024-06-10,11.0,11.0,10.7,10.99,854.0
2024-06-11,10.99,11.1,10.99,11.1,4090.0
2024-06-12,11.14,11.14,10.71,11.1,460.0
2024-06-13,11.09,11.09,10.72,10.72,203.0
2024-06-14,10.99,11.12,10.98,11.12,3516.0
2024-06-19,11.0,11.0,10.73,11.0,35.0
2024-06-20,10.99,10.99,10.99,10.99,4.0
2024-06-21,10.66,10.97,10.66,10.97,2018.0
2024-06-24,11.0,11.08,11.0,11.08,2513.0
2024-06-25,11.08,11.08,10.67,10.72,130.0
2024-06-26,10.99,11.0,10.99,11.0,151.0
2024-06-27,11.0,11.0,11.0,11.0,29.0
2024-06-28,11.0,11.0,10.75,10.99,195.0
2024-07-01,9.9,11.0,9.9,10.8,8123.0
2024-07-02,10.75,10.75,10.75,10.75,9933.0
2024-07-03,11.09,11.09,10.66,10.96,2385.0
2024-07-04,10.5,11.08,10.5,10.97,1181.0
2024-07-05,10.5,10.97,10.5,10.97,2083.0
2024-07-08,10.56,10.97,10.56,10.58,139.0
2024-07-09,10.58,10.92,10.58,10.91,336.0
2024-07-10,10.71,10.91,10.71,10.9,18.0
2024-07-11,10.9,10.91,10.9,10.91,57.0
2024-07-12,10.91,10.91,10.7,10.9,2501.0
2024-07-15,10.7,10.89,10.7,10.7,803.0
2024-07-16,10.89,10.9,10.6,10.9,3291.0
2024-07-17,10.9,11.0,10.9,11.0,4265.0
2024-07-18,10.7,11.0,10.69,10.99,184.0
2024-07-19,10.97,10.97,10.71,10.97,181.0
2024-07-22,10.96,11.04,10.96,11.0,1765.0
2024-07-23,11.0,11.0,10.7,10.9,521.0
2024-07-24,10.9,11.0,10.9,11.0,7667.0
2024-07-25,10.7,11.0,10.7,11.0,2156.0
2024-07-26,11.05,11.2,10.9,11.19,10889.0
2024-07-29,11.43,11.43,11.0,11.28,1677.0
2024-07-31,10.79,11.3,10.79,10.86,1591.0
2024-08-01,11.27,11.27,10.84,10.87,3530.0
2024-08-02,10.87,11.28,10.87,11.19,44.0
2024-08-05,11.2,11.2,10.9,11.0,448.0
2024-08-06,11.17,11.17,11.0,11.16,2049.0
2024-08-07,11.18,11.19,11.0,11.16,246.0
2024-08-08,10.91,11.14,10.91,11.01,2011.0
2024-08-09,11.15,11.26,11.01,11.21,1224.0
2024-08-12,11.2,11.21,10.9,11.19,2214.0
2024-08-13,11.2,11.2,10.91,11.2,755.0
2024-08-15,11.3,12.31,11.01,12.31,14377.0
2024-08-16,13.54,13.54,13.54,13.54,3599.0
2024-08-19,14.89,14.89,14.89,14.89,1754.0
2024-08-22,16.370001,16.370001,16.370001,16.370001,26949.0
2024-08-23,18.0,18.0,18.0,18.0,26728.0
2024-08-26,19.700001,19.700001,16.6,17.01,57745.0
2024-08-27,16.66,17.49,16.620001,16.950001,11244.0
2024-08-28,16.940001,16.99,15.5,15.99,12876.0
2024-08-29,14.5,15.64,14.5,14.85,34683.0
2024-08-30,14.85,15.21,14.13,14.2,1974.0
2024-09-02,14.75,15.6,14.7,15.6,11233.0
2024-09-03,16.39,16.97,15.6,16.7,32249.0
2024-09-04,16.01,16.49,15.9,16.34,10725.0
2024-09-05,16.290001,16.290001,15.8,16.18,1971.0
2024-09-06,16.1,16.91,15.51,16.200001,9693.0
2024-09-09,16.18,16.18,15.81,16.15,1029.0
2024-09-10,15.99,16.45,15.8,16.15,16118.0
2024-09-11,16.28,16.28,16.0,16.15,1616.0
2024-09-12,16.2,16.2,15.75,15.8,2554.0
2024-09-13,15.99,15.99,15.75,15.94,1683.0
2024-09-18,15.99,15.99,15.72,15.72,3771.0
2024-09-19,15.7,15.7,15.0,15.0,10996.0
2024-09-20,15.2,15.91,15.0,15.5,5070.0
2024-09-23,15.27,16.15,15.27,16.07,4671.0
2024-09-24,16.15,16.15,15.6,15.62,2447.0
2024-09-25,14.78,16.0,14.78,16.0,4023.0
2024-09-26,15.96,15.96,15.01,15.58,6201.0
2024-09-27,15.3,15.91,14.9,15.85,10236.0
2024-09-30,15.86,16.0,15.5,15.84,6402.0
2024-10-01,15.01,15.9,14.9,15.0,18970.0
2024-10-02,15.79,15.79,15.0,15.27,1059.0
2024-10-03,15.0,15.78,15.0,15.66,2353.0
2024-10-04,15.42,15.8,15.42,15.66,15053.0
2024-10-07,15.43,16.0,15.43,15.99,1926.0
2024-10-08,15.45,15.9,15.42,15.8,7595.0
2024-10-09,15.5,15.77,15.5,15.77,17.0
2024-10-10,15.42,15.42,15.0,15.42,6618.0
2024-10-11,14.61,15.46,14.52,15.09,2370.0
2024-10-14,15.39,15.39,15.01,15.24,466.0
2024-10-15,15.0,15.22,15.0,15.16,1453.0
2024-10-16,15.0,15.0,14.06,14.06,970.0
2024-10-17,14.06,14.94,14.0,14.94,5671.0
2024-10-18,14.07,15.33,14.07,15.18,807.0
2024-10-21,15.1,15.2,15.07,15.2,3686.0
2024-10-22,14.3,15.0,14.25,15.0,1172.0
2024-10-23,14.99,15.0,14.7,14.99,668.0
2024-10-24,15.0,15.18,14.75,15.14,644.0
2024-10-25,15.0,15.12,15.0,15.0,2864.0
2024-10-28,14.51,15.15,14.51,15.1,19.0
2024-10-29,15.15,15.15,14.9,15.0,3752.0
2024-10-30,14.6,15.05,14.6,15.05,441.0
2024-10-31,15.05,15.05,15.0,15.0,734.0
2024-11-01,14.54,15.14,14.54,14.66,2782.0
2024-11-04,15.0,15.09,15.0,15.09,437.0
2024-11-05,14.73,15.09,14.72,14.73,410.0
2024-11-07,14.99,14.99,14.65,14.82,1888.0
2024-11-08,15.03,15.03,14.75,15.0,7860.0
2024-11-11,15.0,15.09,14.72,15.0,3403.0
2024-11-12,14.76,15.0,14.76,14.98,675.0
2024-11-13,15.04,15.04,14.9,15.04,3569.0
2024-11-14,15.15,15.15,14.61,14.65,990.0
2024-11-15,14.62,15.0,14.62,14.99,1064.0
2024-11-19,15.1,15.4,14.66,14.72,10409.0
2024-11-20,15.99,15.99,15.3,15.75,16462.0
2024-11-21,15.6,16.0,15.41,15.8,16303.0
2024-11-22,15.7,16.9,15.4,16.2,20085.0
2024-11-25,16.29,16.5,16.0,16.0,454.0
2024-11-26,16.5,16.78,15.3,15.52,4101.0
2024-11-27,16.47,16.7,16.32,16.47,7173.0
2024-11-28,16.45,16.45,15.53,15.56,623.0
2024-11-29,16.98,16.98,15.65,16.0,7639.0
2024-12-02,16.0,16.0,16.0,16.0,519.0
2024-12-03,16.15,16.98,15.61,16.98,10570.0
2024-12-04,16.98,16.98,15.63,16.78,1600.0
2024-12-05,16.68,16.68,15.88,16.49,4914.0
2024-12-06,15.87,16.85,15.87,16.85,147.0
2024-12-09,15.96,15.96,15.6,15.6,560.0
2024-12-10,15.62,16.59,15.4,16.59,360.0
2024-12-11,16.51,16.51,16.51,16.51,10.0
2024-12-12,15.41,16.7,15.41,16.54,1211.0
2024-12-13,16.5,16.5,16.48,16.49,448.0
2024-12-16,15.42,15.6,15.42,15.5,3204.0
2024-12-17,15.5,16.37,15.5,16.3,2306.0
2024-12-18,16.33,16.9,15.68,16.69,3344.0
2024-12-19,16.6,16.72,16.6,16.7,2401.0
2024-12-20,15.76,15.76,15.76,15.76,480.0
2024-12-23,16.7,16.9,15.9,16.7,8557.0
2024-12-24,15.99,16.0,15.91,16.0,5650.0
2024-12-25,16.52,16.52,15.92,15.92,71.0
2024-12-26,15.91,15.94,15.91,15.94,51.0
2024-12-27,15.96,16.48,15.96,15.96,112.0
2024-12-30,16.36,16.51,15.92,16.36,3855.0
2024-12-31,16.37,16.82,16.3,16.37,471.0
2025-01-02,16.37,16.37,15.91,15.92,1828.0
2025-01-03,16.3,16.3,15.81,16.29,2421.0
2025-01-06,16.29,16.55,15.87,16.54,3053.0
2025-01-07,16.5,16.5,15.93,16.45,799.0
2025-01-08,16.39,16.39,15.9,16.36,2145.0
2025-01-09,16.45,16.85,16.3,16.85,3581.0
2025-01-10,16.85,17.85,16.6,17.19,20223.0
2025-01-13,17.19,17.19,16.8,17.19,1477.0
2025-01-15,16.41,17.15,16.41,17.0,4281.0
2025-01-16,17.0,17.0,16.62,16.7,2285.0
2025-01-17,16.67,17.5,16.67,17.02,13766.0
2025-01-20,17.9,18.5,17.0,18.4,14217.0
2025-01-21,18.92,18.92,18.11,18.49,15205.0
2025-01-22,18.59,18.59,17.21,18.44,11172.0
2025-01-23,18.48,18.49,18.47,18.49,1247.0
2025-01-24,18.4,18.4,17.12,18.0,6015.0
2025-01-27,18.39,18.39,17.85,17.85,296.0
2025-01-28,17.31,18.0,17.31,18.0,7838.0
2025-01-29,17.98,18.0,17.42,17.42,3837.0
2025-01-30,17.98,18.0,17.53,18.0,4970.0
2025-01-31,18.2,18.99,18.0,18.0,24254.0
2025-02-03,18.3,18.6,18.2,18.2,2721.0
2025-02-04,18.5,18.5,18.25,18.44,4014.0
2025-02-05,18.25,18.6,18.11,18.11,8869.0
2025-02-06,18.49,18.49,17.67,18.0,5313.0
2025-02-07,18.44,18.5,18.0,18.39,3105.0
2025-02-10,18.59,18.59,18.4,18.5,864.0
2025-02-11,18.58,18.58,18.25,18.3,4454.0
2025-02-12,18.48,18.48,18.47,18.48,327.0
2025-02-13,18.47,18.48,18.0,18.03,5146.0
2025-02-14,18.2,18.2,18.03,18.03,5.0
2025-02-17,18.46,18.46,18.0,18.4,14843.0
2025-02-18,18.5,18.5,18.04,18.4,187.0
2025-02-19,18.48,18.48,17.9,17.9,2336.0
2025-02-20,18.2,18.6,17.93,18.4,14097.0
2025-02-21,18.0,18.39,17.91,18.39,1243.0
2025-02-24,18.39,18.4,18.05,18.3,12590.0
2025-02-25,18.05,18.4,18.05,18.1,3475.0
2025-02-26,18.4,18.4,18.1,18.11,1930.0
2025-02-27,18.11,19.0,18.1,19.0,19587.0
2025-02-28,19.0,20.89,19.0,20.89,29646.0
2025-03-03,22.97,22.97,22.97,22.97,6917.0
2025-03-04,25.19,25.26,25.17,25.26,56383.0
2025-03-05,27.78,27.78,27.78,27.78,9335.0
2025-03-06,29.99,29.99,28.0,28.21,64944.0
2025-03-07,28.24,28.95,28.21,28.21,9101.0
2025-03-10,28.8,28.8,26.9,26.91,10175.0
2025-03-11,27.0,27.0,25.5,26.0,5836.0
2025-03-12,25.5,26.5,25.08,25.1,4146.0
2025-03-13,24.95,25.85,24.01,25.85,7269.0
2025-03-14,26.53,28.43,26.53,28.43,20667.0
2025-03-17,31.27,31.27,31.27,31.27,15272.0
2025-03-18,34.39,34.39,34.39,34.39,22242.0
2025-03-19,37.49,37.82,36.5,37.82,53982.0
2025-03-20,41.59,41.6,38.8,41.6,101344.0
2025-03-21,43.0,43.79,41.6,41.86,38679.0
2025-03-24,41.86,41.86,40.61,41.0,7867.0
2025-03-25,41.98,45.07,41.9,45.07,71793.0
2025-03-26,48.5,49.57,48.5,49.57,186726.0
2025-03-27,52.0,54.2,49.57,50.1,56238.0
2025-03-28,52.99,52.99,50.33,51.3,84408.0
2025-04-02,53.98,56.42,53.05,56.42,186255.0
2025-04-03,62.0,62.0,57.0,57.05,163701.0
2025-04-04,58.5,61.0,52.0,59.0,80710.0
2025-04-07,57.02,57.89,53.5,53.8,41950.0
2025-04-08,54.0,57.29,52.6,54.68,58557.0
2025-04-09,52.8,53.5,50.1,50.6,29110.0
2025-04-10,54.5,55.6,53.56,54.99,57037.0
2025-04-11,54.69,55.55,53.0,53.0,12927.0
2025-04-14,53.0,55.48,51.0,54.0,27919.0
2025-04-15,53.5,54.9,52.71,53.05,18251.0
2025-04-16,54.1,57.5,53.2,54.8,67376.0
2025-04-17,54.8,54.8,53.41,54.3,9957.0
2025-04-18,54.4,58.5,54.4,56.4,63599.0
2025-04-21,57.0,58.0,56.8,57.0,55979.0
2025-04-22,57.0,57.0,55.21,56.0,4087.0
2025-04-23,55.6,57.48,55.6,57.0,36769.0
2025-04-24,57.1,61.0,57.0,59.0,218043.0
2025-04-25,59.8,59.8,57.52,58.0,58479.0
2025-04-28,58.3,60.99,58.0,58.0,124417.0
2025-04-29,58.0,59.0,56.06,57.7,123415.0
2025-04-30,57.5,57.5,56.07,56.3,30621.0
2025-05-02,57.0,57.0,55.5,55.51,11209.0
2025-05-05,55.8,57.2,55.8,56.7,11509.0
2025-05-06,56.11,57.0,55.11,55.6,33423.0
2025-05-07,55.0,55.0,53.4,55.0,15428.0
2025-05-08,56.0,56.0,53.65,54.5,46383.0
2025-05-09,54.98,56.0,53.8,56.0,25062.0
2025-05-12,56.0,56.98,55.1,56.6,14157.0
2025-05-13,56.6,56.6,55.3,55.6,11903.0
2025-05-14,56.0,56.0,54.12,54.9,41433.0
2025-05-15,54.4,55.0,54.01,54.5,5151.0
2025-05-16,53.1,54.95,53.1,54.1,15641.0
2025-05-19,54.1,55.9,54.0,55.0,68049.0
2025-05-20,54.05,55.8,54.05,55.0,43061.0
2025-05-21,54.9,54.9,54.0,54.6,11193.0
2025-05-22,54.87,57.9,54.87,57.9,184248.0
2025-05-23,58.9,62.48,57.1,58.0,469238.0
2025-05-26,61.5,61.5,58.0,59.3,43867.0
2025-05-27,59.74,62.0,58.7,62.0,86945.0
2025-05-28,65.2,66.5,63.8,66.0,238762.0
2025-05-29,66.45,66.9,65.0,66.9,134497.0
2025-05-30,66.6,68.99,60.22,60.22,244605.0
2025-06-02,58.41,63.48,56.11,61.34,215996.0
2025-06-03,62.0,63.25,61.53,61.81,79280.0
2025-06-04,62.8,62.8,61.03,62.25,21201.0
2025-06-05,62.3,64.3,62.15,62.98,44770.0
2025-06-06,62.99,64.0,62.5,63.27,34719.0
2025-06-10,63.99,63.99,62.2,63.43,7893.0
2025-06-11,63.3,63.3,61.0,62.19,37294.0
2025-06-12,61.0,61.99,60.65,60.95,28778.0
2025-06-13,57.0,59.99,55.01,57.0,87195.0
2025-06-16,57.0,59.8,57.0,59.46,19843.0
2025-06-17,59.9,62.49,59.9,62.48,66571.0
2025-06-18,62.21,64.5,59.01,59.6,88764.0
2025-06-19,59.6,59.6,57.0,57.21,40326.0
2025-06-20,59.46,60.99,58.11,58.16,39986.0
2025-06-23,59.5,59.5,55.6,58.97,23889.0
2025-06-24,61.44,61.44,60.0,60.89,37953.0
2025-06-25,60.61,61.49,59.3,60.36,73357.0
2025-06-26,61.0,61.96,60.3,61.0,44598.0
2025-06-30,60.99,61.9,60.01,60.18,50916.0
2025-07-01,61.0,61.93,60.0,60.89,43820.0
2025-07-02,60.72,66.97,59.6,66.97,154555.0
2025-07-03,72.0,73.64,64.1,67.2,535623.0
2025-07-04,67.0,68.19,64.11,65.0,57005.0
2025-07-07,65.0,67.9,65.0,66.39,32950.0
2025-07-08,66.34,69.89,66.0,68.0,69148.0
2025-07-09,70.8,71.5,68.95,69.2,63299.0
2025-07-10,69.89,70.25,67.1,67.1,53252.0
2025-07-11,68.0,68.98,67.0,67.0,30977.0
2025-07-14,66.2,66.5,65.0,65.0,25107.0
2025-07-15,66.0,66.0,64.2,64.2,20036.0
2025-07-16,64.1,64.1,63.1,63.13,10221.0
2025-07-17,64.0,64.0,61.01,61.01,20210.0
2025-07-18,63.1,63.95,62.1,63.1,12652.0
2025-07-21,63.4,68.0,63.22,67.28,26908.0
2025-07-22,67.28,68.65,67.28,67.85,35332.0
2025-07-23,68.0,68.6,64.6,66.49,18869.0
2025-07-24,66.99,67.88,64.96,66.46,12853.0
2025-07-25,66.95,66.95,65.3,66.5,16330.0
2025-07-28,67.1,72.4,66.6,69.35,78389.0
2025-07-29,70.0,71.0,69.0,69.02,42346.0
2025-07-31,69.13,75.84,69.11,75.5,250652.0
2025-08-01,79.0,83.04,77.0,83.04,236227.0
2025-08-04,88.48,91.34,87.25,91.34,102385.0
2025-08-05,98.84,99.0,91.7,92.91,283774.0
2025-08-06,92.91,102.2,92.55,102.2,171129.0
2025-08-07,112.0,112.4,107.55,109.0,236576.0
2025-08-08,108.05,114.7,104.1,108.5,207403.0
2025-08-11,109.7,109.7,103.1,104.65,100068.0
2025-08-12,104.35,107.0,102.6,103.9,33160.0
2025-08-13,104.15,105.5,103.6,104.75,38270.0
2025-08-15,105.0,107.85,103.5,104.1,80097.0
2025-08-18,105.0,105.0,99.0,102.0,47065.0
2025-08-19,100.2,101.0,98.4,98.58,30654.0
2025-08-22,98.61,106.5,97.0,100.5,141476.0
2025-08-25,103.2,103.9,99.7,101.0,41847.0
2025-08-26,100.95,106.0,99.2,104.0,84702.0
2025-08-27,104.0,114.35,103.9,114.35,260826.0
2025-08-28,114.35,118.0,110.6,113.95,160760.0
2025-08-29,112.9,112.9,107.5,109.0,91860.0
2025-09-01,112.45,119.85,104.0,119.85,297118.0
2025-09-02,120.0,129.5,120.0,128.45,251447.0
2025-09-03,130.0,132.0,125.5,131.0,216399.0
2025-09-04,132.0,134.5,129.5,130.45,134761.0
2025-09-08,133.0,133.9,130.0,131.5,84087.0
2025-09-09,133.0,133.8,123.2,124.0,160965.0
2025-09-10,129.0,132.0,128.1,130.4,38152.0
2025-09-11,132.8,140.0,132.8,134.1,215632.0
2025-09-12,136.1,136.85,134.15,134.15,73083.0
2025-09-15,135.5,136.3,130.65,130.65,57011.0
2025-09-16,134.9,134.9,130.7,131.35,29371.0
2025-09-17,131.15,132.9,127.1,130.0,49787.0
2025-09-18,131.3,132.9,126.4,130.1,37362.0
2025-09-19,130.0,130.0,127.4,128.8,39676.0
2025-09-22,128.55,129.0,121.6,125.5,99730.0
2025-09-23,126.45,129.0,125.0,127.0,36400.0
2025-09-24,128.0,128.0,125.1,126.75,6328.0
2025-09-25,125.0,126.75,124.6,125.25,4744.0
2025-09-26,125.0,125.0,120.4,122.0,21911.0
2025-09-29,122.0,126.25,121.0,123.5,29319.0
2025-09-30,122.05,124.6,114.2,124.0,101023.0
2025-10-01,120.05,121.1,118.5,118.6,19745.0
2025-10-02,114.0,119.9,107.0,113.0,88851.0
2025-10-03,117.0,124.0,117.0,124.0,45318.0
2025-10-06,125.3,131.5,125.3,131.0,146031.0
2025-10-07,133.6,138.0,133.6,135.0,120405.0
2025-10-08,133.2,134.8,126.5,128.6,57908.0
2025-10-09,130.5,130.5,128.5,129.5,6671.0
2025-10-10,130.5,130.95,127.0,130.95,27189.0
2025-10-13,130.0,130.0,128.0,128.15,9849.0
2025-10-14,128.2,129.8,121.0,122.0,33291.0
2025-10-15,118.5,124.0,118.2,123.95,33456.0
2025-10-16,124.0,128.9,122.15,127.95,24842.0
2025-10-17,127.75,129.0,127.0,127.25,21737.0
2025-10-20,129.0,131.5,127.15,130.0,50131.0
2025-10-21,131.0,133.5,129.1,133.5,57500.0
2025-10-22,134.0,137.0,132.6,132.6,43333.0
2025-10-23,132.8,132.8,130.0,130.0,27044.0
2025-10-24,129.35,132.0,129.25,130.0,12729.0
2025-10-27,131.0,131.4,128.5,129.0,69402.0
2025-10-28,129.9,130.0,126.75,126.75,137022.0
2025-10-29,126.2,127.9,125.0,125.0,69479.0
2025-10-30,126.0,127.5,125.0,125.95,17765.0
2025-10-31,125.0,129.0,123.0,123.0,81499.0
2025-11-03,130.0,130.0,125.9,125.9,54518.0
2025-11-04,126.0,127.95,125.5,126.0,22323.0
2025-11-05,125.0,126.0,123.55,123.55,18390.0
2025-11-07,125.9,125.95,123.0,123.6,10552.0
2025-11-10,123.0,124.9,123.0,123.5,6861.0
2025-11-11,123.0,123.9,119.0,121.0,47772.0
2025-11-12,121.0,121.0,118.55,118.55,18091.0
2025-11-13,119.8,119.8,116.5,118.85,6542.0
2025-11-14,118.0,119.8,117.2,118.0,6692.0
2025-11-17,118.0,118.0,115.0,116.0,10496.0
2025-11-19,113.9,114.0,108.3,110.3,29072.0
2025-11-20,112.9,115.0,112.0,113.85,5834.0
2025-11-21,113.0,116.9,113.0,114.5,9092.0
2025-11-24,115.0,116.85,113.3,114.0,5410.0
2025-11-25,114.0,114.5,111.5,111.85,5785.0
2025-11-26,111.85,114.75,111.85,113.95,6712.0
2025-11-27,115.8,119.0,113.0,118.15,11069.0
2025-11-28,117.15,119.9,114.0,115.0,24881.0
2025-12-01,118.0,119.0,113.0,113.8,20571.0
2025-12-02,114.8,116.5,112.3,113.0,10104.0
2025-12-03,115.5,115.5,113.0,113.0,9450.0
2025-12-04,114.0,114.0,111.0,111.15,11213.0
2025-12-05,111.15,114.8,111.05,112.0,7923.0
2025-12-08,112.1,114.75,112.0,114.0,5148.0
2025-12-09,114.8,114.8,113.0,113.0,941.0
2025-12-10,113.0,114.2,112.1,112.15,1992.0
2025-12-11,112.0,113.9,111.5,111.55,4469.0
2025-12-12,112.3,116.8,112.0,114.0,47964.0
2025-12-15,115.0,116.0,111.7,115.0,38105.0
2025-12-16,116.0,118.9,114.2,114.2,20024.0
2025-12-17,114.0,115.0,112.9,113.0,4025.0
2025-12-18,114.0,116.0,111.5,114.8,20257.0
2025-12-19,112.0,114.6,111.4,111.4,18415.0
2025-12-22,113.0,113.0,109.0,110.0,16851.0
2025-12-23,110.9,110.9,109.5,110.75,4200.0
2025-12-24,110.0,110.5,107.5,107.5,14517.0
2025-12-25,107.5,110.5,105.0,106.0,34649.0
2025-12-26,105.95,106.5,103.0,104.0,97384.0
2025-12-29,102.5,103.0,96.3,96.3,61452.0
2025-12-30,97.0,98.97,90.0,90.3,148484.0
2025-12-31,91.1,96.0,91.1,94.0,62159.0
2026-01-02,95.9,102.1,95.0,102.1,36360.0
2026-01-05,105.0,109.95,104.0,108.45,30813.0
2026-01-06,112.0,113.0,105.1,105.1,51924.0
2026-01-07,106.0,108.85,102.0,102.0,31284.0
2026-01-08,102.6,103.5,99.7,99.99,23210.0
2026-01-09,101.75,102.0,99.0,102.0,33397.0
2026-01-12,102.95,104.5,100.1,102.5,16343.0
2026-01-13,101.0,101.5,98.01,98.01,39440.0
2026-01-15,99.49,99.5,96.3,96.5,15281.0
2026-01-16,96.0,97.5,94.0,96.62,19571.0
2026-01-19,95.0,96.0,92.15,95.1,16647.0
2026-01-20,92.5,94.9,91.0,93.3,27380.0
2026-01-21,93.45,94.98,92.25,93.0,8960.0
2026-01-22,93.1,98.0,91.8,91.8,17860.0
2026-01-23,94.5,94.5,89.5,90.17,24889.0
2026-01-26,90.17,91.99,84.0,85.0,45447.0
2026-01-27,85.0,89.0,85.0,85.73,25247.0
2026-01-28,88.5,94.3,85.7,94.3,25114.0
2026-01-29,99.05,102.9,95.01,96.0,58153.0
2026-01-30,96.0,96.0,91.0,93.45,17358.0
2026-02-02,93.5,94.0,90.5,91.9,16389.0
2026-02-03,92.5,94.0,91.65,92.84,4395.0
2026-02-04,92.0,93.5,90.56,92.0,3048.0
2026-02-05,92.49,92.49,84.0,89.65,28641.0
2026-02-06,90.0,93.0,85.5,92.6,27307.0
2026-02-09,94.5,94.5,90.0,91.59,7923.0
2026-02-10,93.0,93.0,90.03,90.88,3576.0
2026-02-11,90.01,90.8,88.2,89.49,6852.0
2026-02-12,87.5,92.5,87.01,91.9,11899.0
2026-02-13,93.0,93.0,90.0,90.15,10822.0
2026-02-16,91.0,93.3,90.0,92.5,13541.0
2026-02-17,92.9,93.0,91.6,92.0,1640.0
2026-02-18,90.16,98.0,90.16,92.7,27042.0
2026-02-19,93.0,94.0,89.01,89.33,16549.0
2026-02-20,90.0,91.5,89.0,89.02,18667.0
2026-02-23,90.48,90.48,84.1,85.33,42202.0
2026-02-24,86.51,88.8,86.0,86.1,14837.0
2026-02-25,87.9,87.9,85.0,86.51,11754.0
2026-02-26,85.48,86.8,85.48,86.0,3839.0
2026-02-27,85.6,87.5,77.77,78.5,124727.0
2026-03-02,70.66,70.66,70.66,70.66,7327.0
2026-03-03,63.6,63.6,63.6,63.6,8346.0
2026-03-04,59.0,69.95,59.0,69.95,116697.0
2026-03-05,73.0,76.94,71.1,76.94,40273.0
2026-03-06,80.1,82.0,74.0,74.0,37751.0
2026-03-09,72.5,72.5,67.41,70.0,16780.0
2026-03-10,76.98,76.98,74.5,75.0,35288.0
2026-03-11,76.0,76.0,73.0,73.5,3337.0
2026-03-12,73.2,75.0,73.2,74.8,3910.0
2026-03-13,75.0,75.0,73.0,73.0,6389.0
2026-03-16,70.0,72.5,69.81,69.81,22550.0
2026-03-17,70.0,73.0,70.0,70.0,14320.0
2026-03-18,72.0,73.0,72.0,72.79,5525.0
2026-03-19,72.99,72.99,71.0,71.95,4879.0
2026-03-24,72.5,72.95,70.0,71.9,9695.0
2026-03-25,72.2,73.0,70.64,73.0,6903.0
2026-03-26,73.0,73.0,68.1,70.99,14806.0
2026-03-27,70.0,70.99,69.0,70.0,25154.0
