Time,Open,High,Low,Close,Volume
2012-03-26,252.10001,259.64999,252.0,252.10001,44.0
2012-03-27,254.0,254.0,250.10001,254.0,132.0
2012-03-28,253.0,253.0,250.05,253.0,104.0
2012-03-29,251.0,251.0,250.0,251.0,174.0
2012-03-30,248.0,250.0,248.0,248.0,436.0
2012-04-02,242.0,247.0,233.14999,242.0,171.0
2012-04-03,234.0,239.5,231.0,234.0,439.0
2012-04-04,230.0,230.0,228.0,230.0,212.0
2012-04-05,235.89999,235.89999,228.0,235.89999,111.0
2012-04-06,234.0,234.0,221.75,234.0,251.0
2012-04-13,185.0,189.95,185.0,185.0,644.0
2012-04-16,189.5,189.5,180.0,189.5,160.0
2012-04-17,198.0,198.5,189.45,198.0,100.0
2012-04-18,196.89999,197.0,186.14999,196.89999,227.0
2012-04-19,187.0,195.0,185.5,187.0,330.0
2012-04-20,198.2,198.2,198.2,198.2,150.0
2012-04-23,196.0,198.2,186.35001,196.0,361.0
2012-04-24,185.55,185.60001,185.5,185.55,164.0
2012-04-25,185.0,187.0,185.0,185.0,573.0
2012-04-26,183.3,196.0,183.0,183.3,234.0
2012-04-27,180.10001,193.8,180.0,180.10001,1408.0
2012-04-30,182.0,185.0,180.14999,182.0,769.0
2012-05-02,180.10001,180.10001,180.0,180.10001,241.0
2012-05-03,187.75,187.75,180.0,187.75,390.0
2012-05-04,181.14999,184.5,180.0,181.14999,131.0
2012-05-07,180.0,183.7,180.0,180.0,405.0
2012-05-08,181.0,187.0,181.0,181.0,405.0
2012-05-09,185.0,185.0,181.25,185.0,51.0
2012-05-10,183.0,186.85001,181.14999,183.0,212.0
2012-05-11,180.25,186.7,180.0,180.25,707.0
2012-05-14,181.2,181.2,181.10001,181.2,49.0
2012-05-15,181.0,181.05,181.0,181.0,198.0
2012-05-16,180.0,180.25,180.0,180.0,435.0
2012-05-17,180.0,180.0,180.0,180.0,382.0
2012-05-18,180.0,180.0,180.0,180.0,257.0
2012-05-21,172.0,177.0,171.0,172.0,174.0
2012-05-22,182.2,182.2,172.0,182.2,249.0
2012-05-23,186.95,186.95,173.0,186.95,106.0
2012-05-24,178.05,186.95,177.5,178.05,169.0
2012-05-25,184.8,184.8,178.05,184.8,95.0
2012-05-28,184.85001,184.85001,178.25,184.85001,69.0
2012-05-29,180.0,184.0,178.5,180.0,92.0
2012-05-30,180.0,182.0,178.5,180.0,142.0
2012-05-31,183.95,183.95,178.5,183.95,74.0
2012-06-01,185.0,194.95,180.45,185.0,581.0
2012-06-04,183.05,194.0,183.05,183.05,195.0
2012-06-05,182.3,183.14999,182.3,182.3,64.0
2012-06-06,175.05,182.5,175.05,175.05,293.0
2012-06-07,180.0,180.0,180.0,180.0,99.0
2012-06-08,184.95,185.0,177.0,184.95,165.0
2012-06-11,180.0,180.0,180.0,180.0,2.0
2012-06-12,180.5,184.95,180.5,180.5,92.0
2012-06-13,182.0,184.95,182.0,182.0,28.0
2012-06-14,182.2,182.2,182.0,182.2,18.0
2012-06-15,182.0,182.0,182.0,182.0,70.0
2012-06-18,183.2,183.2,183.0,183.2,22.0
2012-06-19,183.0,183.2,183.0,183.0,91.0
2012-06-20,183.0,183.0,183.0,183.0,32.0
2012-06-21,172.05,183.0,172.05,172.05,481.0
2012-06-25,157.05,162.0,153.0,157.05,3668.0
2012-06-26,158.3,160.89999,158.2,158.3,273.0
2012-06-27,159.05,161.75,158.2,159.05,272.0
2012-06-28,163.35001,163.35001,159.10001,163.35001,471.0
2012-06-29,166.0,166.0,161.0,166.0,121.0
2012-07-02,162.14999,164.0,162.05,162.14999,28.0
2012-07-03,164.85001,164.95,162.0,164.85001,137.0
2012-07-04,168.25,168.25,164.0,168.25,127.0
2012-07-05,163.10001,168.39999,162.14999,163.10001,70.0
2012-07-06,162.0,163.0,162.0,162.0,235.0
2012-07-09,162.0,167.95,162.0,162.0,572.0
2012-07-10,159.0,160.2,158.0,159.0,300.0
2012-07-11,161.0,161.0,157.0,161.0,117.0
2012-07-12,161.0,161.10001,155.0,161.0,433.0
2012-07-13,153.0,160.0,153.0,153.0,195.0
2012-07-16,153.5,159.95,153.14999,153.5,443.0
2012-07-17,161.0,161.0,153.2,161.0,685.0
2012-07-18,169.39999,170.0,155.55,169.39999,2561.0
2012-07-19,169.0,170.0,165.0,169.0,8223.0
2012-07-20,178.5,178.89999,170.0,178.5,8110.0
2012-07-23,189.2,189.2,180.0,189.2,3694.0
2012-07-24,200.55,200.55,192.0,200.55,937.0
2012-07-25,212.55,212.55,206.0,212.55,9556.0
2012-07-26,225.0,225.3,220.0,225.0,782.0
2012-07-31,252.8,252.8,238.0,252.8,3085.0
2012-08-02,284.0,284.0,276.79999,284.0,1343.0
2012-08-06,282.95001,319.04999,282.95001,282.95001,5246.0
2012-08-08,250.05,250.05,250.05,250.05,94.0
2012-08-13,207.7,207.7,207.7,207.7,139.0
2012-08-15,220.14999,220.14999,208.2,220.14999,3877.0
2012-08-17,230.0,247.0,225.0,230.0,1957.0
2012-08-23,203.25,210.0,203.25,203.25,3063.0
2012-08-24,191.10001,198.0,191.10001,191.10001,1160.0
2012-08-27,197.0,197.0,181.0,197.0,284.0
2012-08-28,190.0,197.0,185.2,190.0,494.0
2012-08-29,180.0,189.95,178.60001,180.0,1628.0
2012-08-30,188.45,189.85001,178.0,188.45,153.0
2012-08-31,199.75,199.75,183.0,199.75,2250.0
2012-09-03,211.7,211.7,204.0,211.7,2675.0
2012-09-04,224.39999,224.39999,200.0,224.39999,3860.0
2012-09-05,237.85001,237.85001,236.5,237.85001,2183.0
2012-09-06,247.0,249.0,223.60001,247.0,10588.0
2012-09-07,236.89999,249.89999,234.0,236.89999,1929.0
2012-09-10,222.7,237.0,222.7,222.7,3353.0
2012-09-11,231.0,235.0,211.10001,231.0,2240.0
2012-09-12,225.0,243.0,225.0,225.0,6814.0
2012-09-13,233.5,235.89999,220.14999,233.5,220.0
2012-09-14,232.8,236.85001,226.10001,232.8,122.0
2012-09-17,227.95,230.0,219.0,227.95,1038.0
2012-09-18,219.0,220.14999,215.0,219.0,2260.0
2012-09-19,212.0,212.0,205.89999,212.0,2374.0
2012-09-20,216.89999,218.0,206.2,216.89999,751.0
2012-09-21,206.10001,216.0,206.10001,206.10001,288.0
2012-09-24,195.2,207.0,195.2,195.2,332.0
2012-09-25,206.89999,206.89999,190.89999,206.89999,2310.0
2012-09-26,217.0,219.3,211.0,217.0,2674.0
2012-09-27,205.2,220.0,205.2,205.2,2352.0
2012-09-28,212.39999,215.0,201.0,212.39999,465.0
2012-10-01,208.95,212.0,200.0,208.95,748.0
2012-10-02,207.0,207.0,197.0,207.0,273.0
2012-10-03,198.89999,205.89999,197.0,198.89999,247.0
2012-10-04,188.0,207.85001,187.0,188.0,1853.0
2012-10-05,194.0,195.64999,180.10001,194.0,273.0
2012-10-08,190.0,197.0,184.0,190.0,358.0
2012-10-09,190.0,194.5,184.14999,190.0,155.0
2012-10-10,193.39999,193.60001,187.10001,193.39999,95.0
2012-10-11,193.39999,193.45,187.5,193.39999,266.0
2012-10-12,190.0,193.2,188.05,190.0,514.0
2012-10-15,192.8,192.8,186.0,192.8,35.0
2012-10-16,204.35001,204.35001,190.0,204.35001,2602.0
2012-10-17,216.60001,216.60001,208.0,216.60001,1522.0
2012-10-18,229.55,229.55,224.0,229.55,6997.0
2012-10-19,215.8,241.0,215.8,215.8,13973.0
2012-10-22,219.95,226.0,206.0,219.95,2309.0
2012-10-23,215.0,225.39999,211.0,215.0,400.0
2012-10-24,214.95,215.0,207.10001,214.95,21.0
2012-10-25,208.60001,221.0,207.7,208.60001,370.0
2012-10-29,216.5,216.5,208.55,216.5,23.0
2012-10-30,203.55,210.0,203.55,203.55,285.0
2012-10-31,209.7,209.75,193.35001,209.7,656.0
2012-11-01,209.39999,209.39999,200.0,209.39999,32.0
2012-11-02,200.7,207.45,197.05,200.7,610.0
2012-11-05,204.95,204.95,200.05,204.95,428.0
2012-11-07,208.95,209.3,201.0,208.95,198.0
2012-11-08,207.89999,207.89999,202.45,207.89999,1923.0
2012-11-09,207.7,207.7,201.0,207.7,137.0
2012-11-12,197.5,207.7,197.5,197.5,468.0
2012-11-13,203.0,203.0,197.14999,203.0,178.0
2012-11-14,200.0,200.0,197.2,200.0,139.0
2012-11-15,201.0,206.0,197.5,201.0,402.0
2012-11-19,208.89999,209.3,202.39999,208.89999,573.0
2012-11-20,212.5,213.0,204.0,212.5,1693.0
2012-11-21,208.10001,208.10001,208.10001,208.10001,155.0
2012-11-22,210.39999,210.39999,202.10001,210.39999,579.0
2012-11-23,216.0,219.60001,203.05,216.0,651.0
2012-11-26,207.05,217.0,207.05,207.05,356.0
2012-11-27,219.0,219.0,206.0,219.0,381.0
2012-11-28,224.0,225.0,208.05,224.0,3036.0
2012-11-29,224.89999,227.0,216.64999,224.89999,6635.0
2012-11-30,230.0,234.89999,222.0,230.0,9742.0
2012-12-03,225.0,230.0,220.0,225.0,336.0
2012-12-04,217.55,229.0,216.5,217.55,431.0
2012-12-05,216.7,217.55,208.0,216.7,582.0
2012-12-06,223.95,223.95,208.55,223.95,307.0
2012-12-07,213.14999,213.14999,213.10001,213.14999,32.0
2012-12-10,220.05,221.89999,210.05,220.05,285.0
2012-12-11,219.0,219.0,212.0,219.0,390.0
2012-12-12,220.0,220.0,212.60001,220.0,232.0
2012-12-13,219.7,219.7,214.2,219.7,123.0
2012-12-14,211.0,219.0,211.0,211.0,83.0
2012-12-17,210.10001,210.10001,210.05,210.10001,40.0
2012-12-18,210.0,213.0,210.0,210.0,74.0
2012-12-19,210.10001,210.10001,210.0,210.10001,95.0
2012-12-20,209.5,218.45,209.0,209.5,112.0
2012-12-21,214.0,217.45,208.0,214.0,487.0
2012-12-24,207.39999,214.39999,206.2,207.39999,132.0
2012-12-25,207.0,213.0,201.2,207.0,574.0
2012-12-26,207.0,207.0,203.0,207.0,160.0
2012-12-27,200.0,208.0,200.0,200.0,409.0
2012-12-28,188.0,202.0,188.0,188.0,870.0
2012-12-31,176.75,198.39999,176.75,176.75,3487.0
2013-01-02,187.35001,187.35001,177.0,187.35001,303.0
2013-01-03,198.55,198.55,190.0,198.55,337.0
2013-01-04,202.0,208.0,198.7,202.0,438.0
2013-01-07,205.0,205.0,198.8,205.0,284.0
2013-01-08,201.5,201.5,192.7,201.5,211.0
2013-01-09,204.0,204.0,192.55,204.0,38.0
2013-01-10,199.95,199.95,193.0,199.95,20.0
2013-01-14,198.89999,198.95,188.14999,198.89999,141.0
2013-01-15,198.89999,198.89999,188.3,198.89999,32.0
2013-01-16,188.0,195.0,188.0,188.0,246.0
2013-01-17,190.0,190.0,185.0,190.0,79.0
2013-01-18,197.0,199.0,185.0,197.0,365.0
2013-01-21,194.0,194.0,186.10001,194.0,30.0
2013-01-22,195.95,200.0,188.0,195.95,288.0
2013-01-23,196.89999,196.89999,188.0,196.89999,114.0
2013-01-28,196.5,196.5,188.5,196.5,36.0
2013-01-29,194.5,194.5,189.0,194.5,66.0
2013-01-30,206.14999,206.14999,191.05,206.14999,2273.0
2013-01-31,218.5,218.5,206.14999,218.5,4950.0
2013-02-01,218.0,229.0,211.05,218.0,1122.0
2013-02-04,213.95,217.5,204.95,213.95,230.0
2013-02-05,200.0,205.0,192.60001,200.0,1683.0
2013-02-06,200.0,200.0,196.10001,200.0,75.0
2013-02-07,204.0,209.7,190.0,204.0,146.0
2013-02-08,204.0,204.0,192.0,204.0,965.0
2013-02-11,200.89999,204.0,195.0,200.89999,132.0
2013-02-12,199.89999,199.89999,193.2,199.89999,116.0
2013-02-13,199.60001,200.0,193.10001,199.60001,275.0
2013-02-14,200.0,203.95,195.0,200.0,225.0
2013-02-15,201.89999,203.60001,195.05,201.89999,197.0
2013-02-18,189.8,195.0,189.8,189.8,715.0
2013-02-19,189.5,198.75,188.0,189.5,1717.0
2013-02-20,195.0,196.64999,189.85001,195.0,471.0
2013-02-21,196.95,197.0,190.14999,196.95,53.0
2013-02-22,193.0,196.95,193.0,196.95,90.0
2013-02-25,196.95,196.95,195.0,195.0,54.0
2013-02-26,194.5,195.0,190.05,195.0,162.0
2013-02-27,190.05,192.95,184.25,192.95,332.0
2013-02-28,184.05,197.39999,184.05,187.5,406.0
2013-03-01,186.64999,198.75,186.64999,198.75,967.0
2013-03-04,191.0,200.0,191.0,198.0,25.0
2013-03-05,191.2,193.10001,191.2,191.2,210.0
2013-03-06,191.2,197.89999,190.0,195.55,395.0
2013-03-07,191.10001,194.95,191.05,194.95,114.0
2013-03-08,190.0,194.8,190.0,194.14999,58.0
2013-03-11,190.0,193.45,189.10001,193.10001,141.0
2013-03-12,193.0,193.39999,193.0,193.39999,52.0
2013-03-13,189.2,193.75,189.2,192.95,26.0
2013-03-14,189.3,194.8,189.3,194.0,249.0
2013-03-15,193.95,193.95,189.10001,189.10001,139.0
2013-03-18,185.2,189.89999,178.10001,189.89999,561.0
2013-03-19,181.2,186.95,181.2,182.10001,122.0
2013-03-20,182.14999,188.5,182.14999,188.5,175.0
2013-03-21,188.0,188.75,181.35001,188.39999,398.0
2013-03-22,182.60001,188.14999,182.60001,187.45,308.0
2013-03-25,182.0,187.95,181.2,186.0,260.0
2013-03-26,181.05,185.95,181.05,185.95,50.0
2013-03-27,181.0,183.0,181.0,183.0,123.0
2013-03-28,181.0,184.75,181.0,184.75,55.0
2013-03-29,181.0,183.8,181.0,183.0,207.0
2013-04-01,183.8,183.8,180.0,180.0,422.0
2013-04-02,174.0,180.0,174.0,180.0,777.0
2013-04-03,176.05,183.39999,176.05,180.0,122.0
2013-04-04,177.25,180.0,177.0,180.0,258.0
2013-04-05,175.0,179.95,175.0,179.95,266.0
2013-04-08,179.0,180.0,175.5,178.0,475.0
2013-04-09,175.05,176.5,175.0,175.60001,447.0
2013-04-10,180.0,193.14999,180.0,193.14999,4020.0
2013-04-11,194.0,205.0,191.39999,191.55,2295.0
2013-04-12,191.55,196.85001,191.55,195.95,305.0
2013-04-15,192.0,195.85001,192.0,192.10001,94.0
2013-04-16,192.10001,194.0,186.0,194.0,667.0
2013-04-17,186.10001,191.75,185.10001,191.75,229.0
2013-04-18,185.10001,185.5,184.2,185.5,266.0
2013-04-19,185.5,188.8,181.3,188.8,31.0
2013-04-22,181.5,187.0,181.5,186.95,71.0
2013-04-23,185.0,187.0,185.0,186.95,105.0
2013-04-24,185.0,185.0,185.0,185.0,25.0
2013-04-25,185.0,185.05,175.14999,181.0,3451.0
2013-04-26,182.5,187.45,182.5,187.0,211.0
2013-04-29,182.64999,182.64999,177.0,178.0,682.0
2013-04-30,180.0,180.0,176.0,176.0,386.0
2013-05-02,177.05,184.95,175.5,184.95,151.0
2013-05-03,177.0,178.0,177.0,178.0,19.0
2013-05-06,178.0,184.75,178.0,184.75,124.0
2013-05-07,178.3,183.95,177.0,183.95,82.0
2013-05-08,177.0,178.0,177.0,178.0,90.0
2013-05-09,177.0,177.0,177.0,177.0,12.0
2013-05-10,176.10001,181.95,176.10001,177.0,166.0
2013-05-13,176.2,184.55,176.2,177.2,330.0
2013-05-14,177.2,183.39999,176.0,183.39999,68.0
2013-05-15,176.0,180.0,175.7,180.0,84.0
2013-05-16,175.8,180.0,175.7,180.0,222.0
2013-05-17,176.0,182.85001,176.0,182.0,389.0
2013-05-20,176.0,177.0,176.0,176.0,98.0
2013-05-21,175.64999,179.89999,175.64999,179.89999,113.0
2013-05-22,175.64999,175.7,175.64999,175.7,15.0
2013-05-23,175.64999,179.0,175.14999,175.25,293.0
2013-05-24,176.0,176.0,176.0,176.0,49.0
2013-05-27,175.25,175.25,170.0,175.2,259.0
2013-05-28,170.14999,177.89999,170.14999,172.0,50.0
2013-05-29,170.2,173.0,170.2,173.0,142.0
2013-05-30,166.0,172.89999,166.0,172.89999,107.0
2013-05-31,166.45,171.5,166.45,171.2,144.0
2013-06-03,167.05,167.05,166.64999,166.75,7.0
2013-06-04,166.8,170.0,166.8,170.0,126.0
2013-06-05,167.10001,170.0,167.05,167.05,68.0
2013-06-06,167.14999,169.0,167.14999,169.0,128.0
2013-06-07,167.25,168.0,167.25,168.0,20.0
2013-06-10,167.25,169.0,167.25,169.0,22.0
2013-06-11,167.35001,169.0,167.35001,169.0,32.0
2013-06-12,167.5,168.89999,165.14999,165.14999,117.0
2013-06-13,165.35001,165.35001,165.0,165.0,155.0
2013-06-14,164.0,167.0,164.0,167.0,101.0
2013-06-17,168.85001,168.85001,161.0,166.89999,703.0
2013-06-18,161.25,161.45,161.25,161.45,32.0
2013-06-19,161.75,164.95,161.10001,164.95,140.0
2013-06-20,162.0,164.0,162.0,164.0,12.0
2013-06-21,161.35001,169.0,161.35001,165.0,772.0
2013-06-24,164.05,166.0,161.0,163.0,144.0
2013-06-25,161.05,161.60001,161.0,161.60001,15.0
2013-06-26,162.10001,162.10001,161.25,161.25,106.0
2013-06-27,161.05,161.25,160.0,160.14999,910.0
2013-06-28,165.95,165.95,160.05,160.05,160.0
2013-07-01,160.14999,161.2,160.10001,161.2,67.0
2013-07-02,163.0,164.0,161.2,164.0,48.0
2013-07-03,165.45,165.45,163.5,164.0,96.0
2013-07-04,162.0,162.0,161.0,162.0,93.0
2013-07-05,162.0,162.0,160.5,160.5,217.0
2013-07-08,163.95,163.95,160.0,160.0,59.0
2013-07-09,160.0,160.0,160.0,160.0,150.0
2013-07-10,160.0,160.05,159.0,160.05,94.0
2013-07-11,160.0,160.0,160.0,160.0,25.0
2013-07-12,160.0,160.0,160.0,160.0,5.0
2013-07-15,160.05,165.8,160.05,165.8,11.0
2013-07-16,160.2,161.0,160.2,160.2,59.0
2013-07-17,162.89999,169.8,162.89999,165.25,204.0
2013-07-18,163.10001,163.55,163.10001,163.55,16.0
2013-07-19,163.14999,163.14999,163.0,163.0,58.0
2013-07-22,159.0,166.3,158.10001,166.3,393.0
2013-07-23,158.2,165.89999,157.0,157.0,202.0
2013-07-24,157.10001,165.0,157.05,164.95,175.0
2013-07-25,157.2,157.7,157.2,157.60001,28.0
2013-07-26,158.0,164.95,158.0,158.0,48.0
2013-07-29,158.0,158.0,157.0,157.0,41.0
2013-07-31,157.0,157.05,157.0,157.05,10.0
2013-08-01,160.0,160.0,157.0,157.0,27.0
2013-08-02,157.05,157.05,157.0,157.0,33.0
2013-08-05,157.0,160.0,147.60001,159.0,538.0
2013-08-06,148.0,158.89999,148.0,158.89999,8.0
2013-08-07,149.5,150.10001,149.5,150.10001,36.0
2013-08-08,150.0,151.10001,150.0,151.10001,53.0
2013-08-12,151.0,156.0,151.0,152.0,141.0
2013-08-13,152.05,158.0,152.05,158.0,16.0
2013-08-15,153.0,157.8,153.0,157.8,11.0
2013-08-16,153.55,154.95,148.35001,154.95,102.0
2013-08-19,158.0,158.0,151.0,151.25,104.0
2013-08-22,151.5,152.10001,151.5,152.0,206.0
2013-08-23,152.0,157.55,152.0,157.55,5.0
2013-08-26,152.0,152.0,152.0,152.0,50.0
2013-08-27,152.0,152.0,152.0,152.0,3.0
2013-08-28,152.0,152.0,150.0,150.0,23.0
2013-08-29,148.39999,149.05,145.0,145.0,291.0
2013-08-30,149.8,153.7,149.8,153.7,103.0
2013-09-03,185.0,185.95,165.55,185.85001,3778.0
2013-09-04,185.95,185.95,178.0,179.0,150.0
2013-09-05,182.0,182.0,180.0,180.0,192.0
2013-09-06,178.0,184.45,178.0,184.45,84.0
2013-09-09,178.39999,181.95,173.39999,181.95,269.0
2013-09-10,174.8,181.89999,174.25,181.89999,249.0
2013-09-11,171.35001,172.14999,171.0,171.0,626.0
2013-09-12,167.0,176.0,167.0,176.0,332.0
2013-09-13,170.0,175.0,169.0,169.0,316.0
2013-09-16,167.55,170.0,166.05,170.0,127.0
2013-09-17,162.0,170.0,162.0,170.0,180.0
2013-09-18,162.14999,173.0,162.14999,173.0,22.0
2013-09-19,162.64999,173.0,162.64999,173.0,30.0
2013-09-20,163.05,163.05,162.7,162.7,110.0
2013-09-23,162.64999,172.35001,155.25,172.35001,770.0
2013-09-24,157.10001,168.95,157.10001,168.95,171.0
2013-09-25,160.0,168.89999,158.85001,168.0,347.0
2013-09-26,159.3,165.0,158.85001,159.3,336.0
2013-09-27,167.0,175.2,167.0,175.2,1815.0
2013-09-30,167.05,177.0,167.05,177.0,190.0
2013-10-01,167.2,176.95,167.14999,176.95,640.0
2013-10-02,168.14999,176.45,167.5,168.05,15.0
2013-10-03,169.0,178.10001,167.5,178.10001,382.0
2013-10-04,171.0,188.75,171.0,188.75,1987.0
2013-10-07,188.75,195.0,183.3,194.95,374.0
2013-10-08,185.0,206.60001,185.0,202.89999,2702.0
2013-10-09,197.0,209.0,197.0,200.0,289.0
2013-10-10,193.5,204.0,193.5,203.5,210.0
2013-10-11,197.2,203.0,196.5,197.55,1579.0
2013-10-14,197.55,206.0,196.5,206.0,138.0
2013-10-15,197.60001,204.95,197.60001,204.95,6.0
2013-10-21,197.5,206.0,197.5,206.0,44.0
2013-10-22,198.60001,206.0,198.60001,198.60001,270.0
2013-10-23,198.0,207.85001,198.0,207.85001,711.0
2013-10-24,206.0,209.0,201.05,202.0,225.0
2013-10-25,202.0,205.3,201.5,205.3,137.0
2013-10-28,201.5,206.95,201.5,201.5,50.0
2013-10-29,198.7,198.75,198.5,198.5,296.0
2013-10-30,203.89999,203.89999,200.0,203.5,327.0
2013-10-31,198.60001,204.0,198.0,203.0,77.0
2013-11-01,198.2,203.39999,195.2,202.89999,136.0
2013-11-04,202.95,202.95,201.89999,201.89999,105.0
2013-11-07,195.2,202.0,195.0,201.8,1136.0
2013-11-08,195.25,196.05,195.0,196.0,612.0
2013-11-11,194.0,194.0,191.10001,191.10001,77.0
2013-11-12,191.0,195.0,190.10001,195.0,236.0
2013-11-13,185.2,196.0,185.2,196.0,146.0
2013-11-14,190.2,196.0,186.3,188.10001,117.0
2013-11-15,188.05,196.95,187.0,195.0,157.0
2013-11-19,188.0,189.05,188.0,189.05,2151.0
2013-11-20,190.0,190.0,190.0,190.0,100.0
2013-11-21,188.2,194.0,188.05,189.25,285.0
2013-11-22,189.3,190.0,189.0,189.0,193.0
2013-11-25,188.10001,190.10001,187.5,187.60001,57.0
2013-11-26,187.60001,189.95,185.0,185.0,1156.0
2013-11-27,188.0,188.0,181.0,184.5,265.0
2013-11-28,181.25,181.25,181.25,181.25,14.0
2013-11-29,181.25,181.25,175.0,178.5,1486.0
2013-12-02,177.2,183.5,171.2,177.0,84.0
2013-12-03,174.0,176.5,170.5,176.5,627.0
2013-12-04,173.0,177.0,173.0,173.25,71.0
2013-12-05,173.5,178.0,173.5,173.55,194.0
2013-12-06,173.60001,179.0,171.0,171.0,525.0
2013-12-09,170.7,171.2,170.7,171.2,24.0
2013-12-10,171.2,171.2,170.5,170.5,70.0
2013-12-11,171.10001,175.5,171.0,171.2,58.0
2013-12-12,171.35001,177.39999,171.35001,172.2,200.0
2013-12-13,172.2,173.0,171.5,171.5,330.0
2013-12-16,171.0,173.0,171.0,171.5,1337.0
2013-12-17,170.5,174.25,168.10001,171.0,135.0
2013-12-18,168.2,171.0,168.2,171.0,15.0
2013-12-19,174.95,178.0,169.10001,169.10001,65.0
2013-12-20,170.0,170.05,169.10001,169.10001,357.0
2013-12-23,169.0,170.5,168.0,168.0,340.0
2013-12-24,167.0,170.0,165.0,166.0,562.0
2013-12-25,165.0,166.05,164.55,165.0,479.0
2013-12-26,168.0,168.0,165.10001,168.0,72.0
2013-12-27,165.2,169.0,165.2,169.0,158.0
2013-12-30,165.89999,165.89999,165.2,165.2,36.0
2013-12-31,165.2,173.5,165.2,166.0,378.0
2014-01-02,173.5,173.5,166.0,166.0,39.0
2014-01-03,166.0,172.95,166.0,172.95,55.0
2014-01-06,166.60001,172.89999,166.60001,172.89999,14.0
2014-01-07,166.7,168.05,166.7,167.14999,69.0
2014-01-08,167.2,167.3,167.2,167.3,49.0
2014-01-09,168.10001,168.2,168.0,168.0,254.0
2014-01-10,168.0,168.0,166.0,166.0,147.0
2014-01-13,166.05,171.5,162.3,171.5,89.0
2014-01-16,163.14999,171.0,163.14999,170.7,105.0
2014-01-17,163.25,169.75,163.25,169.75,40.0
2014-01-20,163.5,168.75,163.5,167.0,136.0
2014-01-21,165.5,171.89999,165.5,171.89999,198.0
2014-01-22,172.0,182.2,172.0,182.2,7235.0
2014-01-23,197.0,207.85001,197.0,203.2,9617.0
2014-01-24,196.10001,197.0,191.10001,195.75,2675.0
2014-01-27,185.0,192.2,185.0,191.5,259.0
2014-01-28,185.10001,193.95,185.10001,193.95,1296.0
2014-01-29,187.0,213.3,187.0,212.0,7003.0
2014-01-30,213.0,219.0,209.3,209.3,1202.0
2014-01-31,204.05,219.89999,204.05,216.25,3001.0
2014-02-03,215.0,217.0,209.0,210.10001,1128.0
2014-02-04,210.10001,214.89999,204.0,205.5,520.0
2014-02-05,205.25,206.2,203.25,203.55,1164.0
2014-02-06,203.45,203.8,199.0,199.14999,825.0
2014-02-07,203.8,208.95,196.3,207.39999,631.0
2014-02-10,200.0,208.0,200.0,208.0,267.0
2014-02-11,201.25,207.95,200.60001,200.60001,1056.0
2014-02-12,200.10001,204.95,197.5,204.75,892.0
2014-02-13,202.0,206.95,202.0,202.10001,101.0
2014-02-14,202.10001,209.0,202.10001,205.0,2183.0
2014-02-17,202.05,210.0,202.05,210.0,951.0
2014-02-18,207.0,213.5,207.0,211.0,3203.0
2014-02-19,208.14999,209.0,208.0,208.0,403.0
2014-02-20,208.0,210.0,201.60001,210.0,9248.0
2014-02-21,208.0,212.0,205.0,210.0,2099.0
2014-02-24,208.0,220.0,200.0,220.0,8764.0
2014-02-25,215.0,228.95,215.0,224.89999,15525.0
2014-02-26,224.05,238.0,223.0,235.0,3830.0
2014-02-27,237.64999,244.0,237.64999,240.0,3894.0
2014-02-28,238.14999,248.0,225.60001,225.60001,8412.0
2014-03-03,225.60001,234.0,220.0,225.0,2915.0
2014-03-04,222.5,230.8,222.5,224.14999,1067.0
2014-03-05,230.0,237.55,227.10001,237.55,2586.0
2014-03-06,239.89999,243.0,235.05,240.0,991.0
2014-03-07,235.55,248.0,235.25,248.0,6824.0
2014-03-10,250.0,260.0,250.0,256.5,2137.0
2014-03-11,250.0,265.0,250.0,263.79999,694.0
2014-03-12,264.10001,273.5,253.10001,253.10001,6870.0
2014-03-13,253.2,264.70001,250.0,250.0,6036.0
2014-03-14,241.0,258.79999,241.0,248.0,3691.0
2014-03-17,249.14999,256.79999,249.0,255.0,844.0
2014-03-18,250.05,265.0,250.05,256.29999,3379.0
2014-03-19,256.29999,260.0,256.29999,260.0,739.0
2014-03-20,253.2,263.0,251.0,252.14999,1138.0
2014-03-21,252.3,254.0,251.10001,251.10001,572.0
2014-03-24,251.2,256.0,248.5,250.0,2885.0
2014-03-25,250.0,253.0,240.0,253.0,1482.0
2014-03-26,241.05,253.0,241.05,245.0,428.0
2014-03-27,250.0,252.0,250.0,251.95,141.0
2014-03-28,254.5,267.04999,254.5,267.04999,12417.0
2014-03-31,270.0,290.0,270.0,280.0,13972.0
2014-04-01,275.0,284.0,273.0,280.0,1418.0
2014-04-02,280.0,293.10001,280.0,293.10001,8705.0
2014-04-03,299.79999,308.95001,292.0,300.0,16043.0
2014-04-04,300.0,312.0,300.0,305.25,6951.0
2014-04-07,310.0,316.0,300.0,300.0,2419.0
2014-04-08,297.0,304.0,287.0,296.0,1553.0
2014-04-09,295.0,295.14999,295.0,295.14999,5.0
2014-04-10,295.0,300.0,295.0,300.0,57.0
2014-04-11,295.0,300.0,295.0,300.0,11.0
2014-04-14,295.0,295.04999,291.0,291.0,272.0
2014-04-15,291.04999,294.95001,283.04999,292.95001,217.0
2014-04-16,285.0,295.64999,285.0,290.04999,350.0
2014-04-17,290.0,295.0,285.10001,295.0,968.0
2014-04-18,294.85001,312.70001,285.0,312.60001,7123.0
2014-04-21,319.89999,329.5,319.89999,322.5,7264.0
2014-04-22,323.0,326.89999,303.14999,303.14999,10857.0
2014-04-23,318.0,318.0,307.0,309.0,1280.0
2014-04-24,311.0,319.0,311.0,319.0,1800.0
2014-04-25,311.04999,327.0,309.04999,323.0,2476.0
2014-04-28,318.75,320.0,312.25,314.04999,280.0
2014-04-29,313.29999,320.0,308.0,310.0,708.0
2014-04-30,313.60001,324.89999,311.29999,319.0,2967.0
2014-05-02,314.79999,314.79999,314.20001,314.20001,26.0
2014-05-05,314.20001,323.89999,314.20001,320.0,1494.0
2014-05-06,317.29999,323.0,317.29999,323.0,387.0
2014-05-07,318.04999,320.0,315.0,320.0,338.0
2014-05-08,315.0,323.0,315.0,320.0,464.0
2014-05-09,314.89999,322.70001,314.89999,321.89999,174.0
2014-05-12,315.10001,315.10001,312.0,312.0,301.0
2014-05-13,312.10001,318.29999,300.0,306.20001,384.0
2014-05-14,307.64999,307.75,304.70001,304.70001,516.0
2014-05-15,304.10001,312.95001,300.0,312.95001,337.0
2014-05-16,303.04999,317.95001,301.60001,317.95001,2619.0
2014-05-19,319.89999,327.10001,319.89999,322.0,22098.0
2014-05-20,314.0,324.0,313.10001,324.0,2203.0
2014-05-21,317.20001,324.70001,313.10001,318.0,2305.0
2014-05-22,318.0,318.54999,314.04999,314.04999,784.0
2014-05-23,314.0,318.89999,314.0,318.89999,23.0
2014-05-26,314.0,319.0,308.29999,314.0,999.0
2014-05-27,314.0,321.39999,306.85001,318.95001,769.0
2014-05-28,311.95001,319.5,311.95001,319.0,767.0
2014-05-29,313.0,314.10001,313.0,314.10001,436.0
2014-05-30,310.89999,319.29999,309.04999,314.0,952.0
2014-06-02,309.20001,320.0,309.20001,320.0,3785.0
2014-06-03,315.10001,325.0,315.10001,315.35001,6236.0
2014-06-04,315.5,322.89999,315.25,319.95001,965.0
2014-06-05,315.10001,320.0,314.25,315.10001,146.0
2014-06-06,316.0,319.89999,314.10001,314.14999,1449.0
2014-06-09,314.10001,318.95001,314.10001,318.95001,55.0
2014-06-10,314.10001,314.10001,314.10001,314.10001,56.0
2014-06-11,314.20001,314.20001,314.0,314.0,677.0
2014-06-12,314.0,318.95001,314.0,318.95001,189.0
2014-06-13,315.04999,315.04999,314.0,314.0,42.0
2014-06-16,314.0,314.0,314.0,314.0,170.0
2014-06-17,310.04999,318.25,304.0,308.10001,150.0
2014-06-18,305.10001,314.60001,304.0,307.0,41.0
2014-06-19,318.0,318.0,307.35001,307.35001,753.0
2014-06-20,317.0,318.0,308.35001,318.0,212.0
2014-06-23,317.89999,317.89999,308.45001,317.0,10.0
2014-06-24,308.29999,312.0,308.29999,312.0,259.0
2014-06-25,305.79999,311.89999,305.79999,306.0,363.0
2014-06-26,305.89999,305.89999,305.10001,305.10001,15.0
2014-06-27,311.95001,311.95001,299.0,299.0,3069.0
2014-06-30,291.60001,301.89999,291.60001,301.85001,14.0
2014-07-01,300.0,300.0,300.0,300.0,5.0
2014-07-02,298.0,298.0,293.20001,293.20001,416.0
2014-07-03,292.10001,301.0,290.0,298.0,630.0
2014-07-04,296.20001,296.20001,290.10001,290.10001,237.0
2014-07-07,290.10001,296.0,280.14999,295.89999,604.0
2014-07-08,283.04999,295.0,283.04999,293.0,116.0
2014-07-09,285.0,294.95001,285.0,294.95001,102.0
2014-07-10,294.95001,300.0,294.95001,300.0,150.0
2014-07-11,287.39999,298.85001,287.39999,298.85001,41.0
2014-07-14,290.10001,295.0,290.10001,295.0,50.0
2014-07-15,290.64999,294.0,290.60001,293.0,196.0
2014-07-16,294.0,298.10001,294.0,298.10001,48.0
2014-07-17,294.0,300.0,294.0,295.0,254.0
2014-07-18,294.20001,294.20001,294.0,294.10001,95.0
2014-07-21,294.5,307.0,294.5,298.0,6729.0
2014-07-22,300.0,306.0,292.20001,292.20001,1875.0
2014-07-23,292.5,300.0,292.5,300.0,97.0
2014-07-24,298.0,300.0,294.0,297.04999,3325.0
2014-07-25,295.0,305.0,295.0,305.0,56.0
2014-07-31,293.5,294.10001,293.25,294.04999,421.0
2014-08-01,295.0,305.89999,295.0,305.0,260.0
2014-08-04,301.89999,302.95001,295.29999,302.95001,18.0
2014-08-05,296.0,305.0,296.0,300.5,4844.0
2014-08-06,305.0,305.0,300.5,302.0,3051.0
2014-08-07,301.0,304.89999,301.0,301.0,386.0
2014-08-08,297.10001,309.70001,297.10001,309.0,15822.0
2014-08-11,310.20001,319.0,310.20001,319.0,3364.0
2014-08-12,313.0,314.0,311.0,311.0,150.0
2014-08-13,306.0,320.0,306.0,320.0,4167.0
2014-08-15,322.0,325.0,314.5,320.04999,1613.0
2014-08-18,315.0,320.0,315.0,319.0,2281.0
2014-08-19,316.04999,316.04999,315.0,315.0,1383.0
2014-08-22,314.64999,314.64999,314.0,314.5,115.0
2014-08-25,310.0,310.0,310.0,310.0,138.0
2014-08-26,308.5,319.0,308.5,319.0,375.0
2014-08-27,320.0,320.0,317.0,317.0,3232.0
2014-08-28,317.0,320.0,317.0,317.0,2401.0
2014-08-29,314.0,323.0,313.5,321.0,3609.0
2014-09-01,315.25,319.95001,310.0,319.95001,98.0
2014-09-02,314.0,314.0,313.0,313.0,166.0
2014-09-03,312.0,312.10001,310.0,310.0,1385.0
2014-09-04,310.0,315.0,310.0,315.0,55.0
2014-09-05,311.0,311.0,311.0,311.0,15.0
2014-09-08,311.0,315.0,311.0,312.0,255.0
2014-09-09,311.0,315.0,309.0,314.0,931.0
2014-09-10,309.0,322.0,309.0,320.0,4661.0
2014-09-11,319.0,323.0,317.0,317.04999,7316.0
2014-09-12,317.04999,320.0,312.0,320.0,1279.0
2014-09-15,320.0,335.0,318.20001,325.10001,5132.0
2014-09-16,333.0,333.0,326.0,326.0,746.0
2014-09-17,325.04999,325.04999,323.04999,323.04999,31.0
2014-09-18,322.0,329.89999,322.0,329.70001,406.0
2014-09-19,322.5,329.89999,322.5,325.0,409.0
2014-09-22,328.0,330.0,326.0,327.0,3255.0
2014-09-23,325.20001,329.95001,322.5,323.89999,284.0
2014-09-24,321.20001,321.5,321.20001,321.25,191.0
2014-09-25,321.20001,322.95001,315.5,322.0,488.0
2014-09-26,312.29999,332.0,312.29999,327.0,1116.0
2014-09-29,313.10001,325.0,313.10001,325.0,544.0
2014-09-30,320.0,320.0,292.5,292.5,15928.0
2014-10-01,268.0,278.89999,263.25,263.25,57426.0
2014-10-02,263.0,269.0,247.5,267.0,12081.0
2014-10-03,265.0,282.5,265.0,273.29999,10028.0
2014-10-07,277.0,282.0,268.0,282.0,2451.0
2014-10-08,280.0,290.0,280.0,288.0,12421.0
2014-10-09,284.0,293.0,280.0,287.0,2447.0
2014-10-10,280.10001,286.89999,269.79999,269.79999,15528.0
2014-10-13,268.0,277.39999,268.0,277.39999,714.0
2014-10-14,270.0,270.04999,268.0,268.10001,573.0
2014-10-15,267.10001,273.0,267.0,270.0,433.0
2014-10-16,273.0,273.5,266.0,270.0,1053.0
2014-10-17,269.0,270.0,266.0,270.0,34.0
2014-10-20,266.10001,267.0,264.0,264.0,233.0
2014-10-21,264.10001,265.0,263.25,263.5,173.0
2014-10-22,263.45001,265.0,260.0,260.0,1133.0
2014-10-23,259.10001,267.5,259.10001,260.5,872.0
2014-10-24,260.20001,264.0,253.0,264.0,2641.0
2014-10-27,257.04999,263.0,252.0,255.5,3260.0
2014-10-28,251.05,256.0,246.10001,251.0,1885.0
2014-10-29,248.0,255.0,248.0,254.0,388.0
2014-10-30,249.0,257.70001,249.0,257.70001,176.0
2014-10-31,253.05,262.0,253.05,261.70001,553.0
2014-11-03,251.2,263.25,251.2,256.20001,196.0
2014-11-04,256.20001,268.0,256.20001,264.0,2122.0
2014-11-05,264.0,266.0,260.0,262.45001,261.0
2014-11-07,257.39999,261.0,255.3,261.0,192.0
2014-11-10,260.0,260.0,253.10001,259.70001,121.0
2014-11-11,253.35001,257.0,253.35001,257.0,115.0
2014-11-12,253.10001,256.0,251.39999,252.0,204.0
2014-11-13,251.60001,254.0,236.89999,253.60001,1555.0
2014-11-14,238.45,249.39999,238.45,248.39999,860.0
2014-11-17,240.0,252.95,238.0,241.05,173.0
2014-11-19,241.14999,241.2,241.14999,241.2,22.0
2014-11-20,243.0,245.0,240.0,242.3,53.0
2014-11-21,244.0,244.0,232.0,232.0,1162.0
2014-11-24,232.25,245.10001,232.10001,234.2,204.0
2014-11-25,234.0,240.0,231.5,240.0,831.0
2014-11-26,239.95,239.95,229.3,235.0,500.0
2014-11-27,233.89999,233.89999,221.0,227.8,1378.0
2014-11-28,222.10001,222.10001,216.25,222.0,1885.0
2014-12-01,215.10001,231.95,215.10001,231.64999,8445.0
2014-12-02,222.0,227.89999,220.05,224.0,161.0
2014-12-03,222.5,222.5,222.0,222.0,264.0
2014-12-04,222.05,223.10001,222.05,222.05,102.0
2014-12-05,222.10001,228.0,222.10001,228.0,28.0
2014-12-08,228.0,229.5,222.0,222.0,119.0
2014-12-09,222.0,229.95,222.0,229.95,133.0
2014-12-10,230.0,240.0,230.0,237.95,178.0
2014-12-11,223.7,231.95,223.7,223.75,282.0
2014-12-12,224.0,229.0,216.05,216.05,274.0
2014-12-15,225.0,225.0,216.05,225.0,81.0
2014-12-16,217.10001,217.10001,216.05,216.10001,205.0
2014-12-17,216.64999,217.3,216.64999,217.3,13.0
2014-12-18,217.7,220.0,216.0,216.0,88.0
2014-12-19,216.0,216.0,210.0,210.0,241.0
2014-12-22,216.0,216.0,210.0,210.0,127.0
2014-12-23,210.0,214.5,206.0,214.0,61.0
2014-12-24,201.2,213.5,201.2,213.5,63.0
2014-12-25,207.0,213.0,206.0,212.95,82.0
2014-12-26,207.05,212.95,200.2,200.2,1090.0
2014-12-29,201.5,207.0,200.0,205.0,286.0
2014-12-30,202.0,207.0,202.0,202.10001,5802.0
2014-12-31,208.0,208.0,203.0,206.89999,874.0
2015-01-02,206.0,206.0,199.0,202.0,123.0
2015-01-06,202.05,206.0,198.0,206.0,73.0
2015-01-07,200.0,202.95,198.05,202.95,178.0
2015-01-08,205.95,205.95,200.0,205.95,81.0
2015-01-09,205.95,207.0,205.95,207.0,100.0
2015-01-12,210.0,210.0,203.05,207.0,216.0
2015-01-13,210.0,219.0,210.0,219.0,420.0
2015-01-14,219.0,232.10001,219.0,232.10001,437.0
2015-01-15,240.0,255.3,235.10001,243.0,3105.0
2015-01-16,229.5,239.8,228.45,228.45,1264.0
2015-01-19,220.5,239.0,219.0,237.0,136.0
2015-01-20,230.0,234.0,223.0,223.0,603.0
2015-01-21,233.0,235.0,223.10001,234.0,133.0
2015-01-22,225.0,236.0,223.5,224.0,756.0
2015-01-23,217.0,225.0,210.60001,215.0,781.0
2015-01-26,212.60001,224.0,212.60001,213.25,88.0
2015-01-27,213.0,215.0,211.10001,215.0,277.0
2015-01-28,210.14999,215.0,210.14999,215.0,42.0
2015-01-29,212.0,223.0,212.0,223.0,170.0
2015-01-30,222.95,222.95,213.5,220.0,12351.0
2015-02-02,220.0,224.85001,216.0,219.0,44.0
2015-02-03,215.60001,224.25,212.0,215.0,28.0
2015-02-04,215.10001,219.5,215.10001,219.5,114.0
2015-02-05,215.2,223.0,215.2,219.5,383.0
2015-02-06,216.10001,220.0,216.10001,220.0,52.0
2015-02-09,217.0,220.0,217.0,220.0,333.0
2015-02-10,217.0,220.0,216.5,219.89999,186.0
2015-02-11,216.0,219.89999,216.0,219.89999,310.0
2015-02-12,216.10001,219.0,214.64999,219.0,68.0
2015-02-13,214.60001,214.60001,213.0,213.10001,16.0
2015-03-10,172.64999,180.0,172.64999,172.64999,1403.0
2015-03-11,160.10001,165.0,155.39999,155.39999,2178.0
2015-03-12,154.0,155.39999,142.5,151.95,593.0
2015-03-13,144.2,161.05,144.2,151.64999,7321.0
2015-03-16,151.64999,158.95,150.85001,152.0,771.0
2015-03-17,153.0,155.5,151.0,151.0,1754.0
2015-03-18,151.0,151.0,145.0,146.0,5054.0
2015-03-19,145.0,152.0,145.0,152.0,590.0
2015-03-20,151.85001,153.95,145.0,146.0,1783.0
2015-03-23,146.05,147.0,141.0,142.0,4612.0
2015-03-24,142.05,148.0,142.0,148.0,207.0
2015-03-25,142.60001,148.5,142.60001,144.2,225.0
2015-03-26,149.95,151.8,148.05,148.05,231.0
2015-03-27,145.3,148.0,145.0,148.0,184.0
2015-03-30,145.05,149.95,145.05,149.95,203.0
2015-03-31,145.0,145.10001,135.0,135.0,2972.0
2015-04-01,138.95,138.95,133.0,136.95,201.0
2015-04-02,133.45,138.95,133.45,137.0,413.0
2015-04-03,138.95,143.0,138.0,139.0,328.0
2015-04-06,140.2,141.35001,137.0,141.35001,380.0
2015-04-07,137.0,140.0,136.0,136.0,184.0
2015-04-08,135.25,135.25,135.0,135.0,156.0
2015-04-09,136.0,136.0,133.2,133.2,194.0
2015-04-10,134.10001,134.10001,133.3,133.3,60.0
2015-04-13,133.8,139.7,133.2,133.2,681.0
2015-04-14,131.25,133.7,131.25,132.0,266.0
2015-04-15,132.8,132.85001,132.8,132.85001,23.0
2015-04-17,133.25,133.25,133.0,133.0,64.0
2015-04-20,133.10001,134.10001,132.14999,134.10001,133.0
2015-04-21,137.95,137.95,133.2,133.2,199.0
2015-04-22,133.25,136.0,133.25,136.0,35.0
2015-04-23,133.3,138.0,133.3,134.05,204.0
2015-04-24,137.5,137.5,133.2,133.55,285.0
2015-04-27,132.25,136.95,132.25,136.95,122.0
2015-04-28,134.0,137.95,134.0,137.95,52.0
2015-04-29,135.05,138.0,135.05,135.14999,321.0
2015-04-30,134.05,140.0,134.05,140.0,355.0
2015-05-04,134.10001,134.10001,134.10001,134.10001,2.0
2015-05-05,135.0,136.0,133.2,133.2,408.0
2015-05-06,133.2,137.89999,133.14999,133.14999,17.0
2015-05-07,133.3,138.0,133.0,133.0,1357.0
2015-05-08,132.55,133.0,132.55,132.55,151.0
2015-05-11,132.10001,134.95,127.05,134.95,80.0
2015-05-12,127.2,134.39999,127.15,127.15,17.0
2015-05-13,127.4,130.0,127.4,128.0,408.0
2015-05-14,129.0,134.5,129.0,130.10001,360.0
2015-05-15,130.5,133.45,129.14999,133.45,1078.0
2015-05-18,130.10001,133.35001,130.0,133.35001,47.0
2015-05-19,130.05,131.0,130.05,131.0,17.0
2015-05-20,131.64999,135.0,131.2,131.2,210.0
2015-05-21,129.0,131.0,128.0,128.0,1314.0
2015-05-22,127.5,135.45,127.5,135.45,67.0
2015-05-25,128.14999,134.7,128.05,134.7,154.0
2015-05-26,128.2,129.0,128.2,128.2,10.0
2015-05-27,128.10001,128.10001,128.05,128.05,74.0
2015-05-28,128.0,130.5,128.0,128.0,677.0
2015-05-29,128.05,132.45,128.0,128.0,77.0
2015-06-01,128.0,128.0,128.0,128.0,26.0
2015-06-02,128.0,129.95,125.5,129.95,67.0
2015-06-03,125.55,130.0,122.3,130.0,369.0
2015-06-04,126.1,129.95,126.1,126.15,7.0
2015-06-05,126.15,128.0,126.15,128.0,37.0
2015-06-08,126.1,126.2,120.6,120.65,928.0
2015-06-09,120.05,127.2,120.05,127.2,446.0
2015-06-10,120.1,126.0,120.05,126.0,358.0
2015-06-11,125.95,126.7,120.7,125.0,121.0
2015-06-12,120.05,124.0,117.6,124.0,194.0
2015-06-15,118.5,118.5,118.0,118.0,40.0
2015-06-16,123.0,123.7,118.6,119.0,205.0
2015-06-17,119.5,123.0,119.05,119.1,513.0
2015-06-18,119.0,120.2,119.0,120.0,291.0
2015-06-19,120.1,121.0,120.1,120.55,82.0
2015-06-22,120.6,120.6,120.6,120.6,11.0
2015-06-23,120.65,123.95,120.1,120.1,42.0
2015-06-24,120.1,123.95,120.1,123.95,76.0
2015-06-25,120.2,131.35001,120.0,131.35001,884.0
2015-06-26,131.35001,135.0,123.75,129.0,1313.0
2015-06-29,121.4,121.6,121.35,121.6,256.0
2015-06-30,121.55,128.0,121.5,121.55,308.0
2015-07-01,121.5,121.55,121.5,121.5,926.0
2015-07-02,121.5,121.5,121.5,121.5,353.0
2015-07-03,121.5,125.95,121.1,125.95,254.0
2015-07-06,120.0,120.0,117.0,117.0,306.0
2015-07-07,117.25,120.0,110.05,120.0,823.0
2015-07-08,113.5,119.85,113.5,119.85,9.0
2015-07-09,112.7,119.8,112.7,119.8,177.0
2015-07-10,113.55,119.7,113.5,113.5,150.0
2015-07-13,113.5,115.7,113.5,115.0,193.0
2015-07-14,112.7,113.5,112.7,113.5,7.0
2015-07-15,115.95,115.95,115.0,115.0,91.0
2015-07-16,108.1,110.0,108.1,110.0,1232.0
2015-07-20,109.0,115.45,109.0,115.45,61.0
2015-07-21,115.45,115.45,115.45,115.45,140.0
2015-07-22,110.1,115.25,109.5,109.6,166.0
2015-07-23,110.0,114.95,110.0,110.1,118.0
2015-07-24,110.0,112.05,110.0,110.05,72.0
2015-07-27,114.8,115.0,108.55,108.55,801.0
2015-07-28,114.75,114.75,113.0,113.0,114.0
2015-07-29,110.0,119.7,110.0,119.7,1501.0
2015-07-31,116.0,125.7,116.0,125.7,151.0
2015-08-03,120.05,124.0,118.3,124.0,76.0
2015-08-04,113.25,125.5,113.25,124.95,269.0
2015-08-05,118.0,124.0,117.8,117.95,121.0
2015-08-06,117.95,123.6,117.6,117.6,45.0
2015-08-07,116.0,117.95,115.9,117.95,2173.0
2015-08-10,115.05,115.05,115.0,115.0,104.0
2015-08-11,115.5,119.0,115.5,118.0,110.0
2015-08-12,116.0,116.0,111.1,111.1,3056.0
2015-08-13,109.3,117.75,109.3,111.0,171.0
2015-08-17,116.9,116.9,112.05,112.05,185.0
2015-08-18,113.0,115.85,113.0,115.85,30.0
2015-08-19,115.85,117.5,111.6,117.5,8.0
2015-08-24,112.0,116.85,111.7,111.85,458.0
2015-08-25,116.95,116.95,111.9,112.0,183.0
2015-08-26,112.1,112.1,111.95,111.95,55.0
2015-08-27,116.0,116.0,116.0,116.0,51.0
2015-08-28,112.1,116.6,112.1,113.0,72.0
2015-08-31,112.1,116.5,112.1,112.35,49.0
2015-09-01,111.95,111.95,111.9,111.9,75.0
2015-09-02,110.05,111.05,110.05,111.05,25.0
2015-09-03,110.05,110.7,104.4,110.7,321.0
2015-09-04,104.5,105.0,104.5,105.0,16.0
2015-09-07,104.1,104.1,104.1,104.1,2.0
2015-09-08,105.0,110.25,104.1,104.15,192.0
2015-09-09,104.5,104.6,104.5,104.6,324.0
2015-09-10,110.5,110.8,110.5,110.8,145.0
2015-09-11,108.0,108.0,105.0,105.0,161.0
2015-09-14,105.6,106.0,105.6,106.0,24.0
2015-09-15,106.0,106.0,106.0,106.0,3.0
2015-09-16,105.05,112.35,105.0,106.5,254.0
2015-09-17,111.85,111.85,105.0,105.55,95.0
2015-09-18,110.85,111.85,105.05,111.0,224.0
2015-09-21,105.55,105.55,105.55,105.55,11.0
2015-09-22,105.6,111.85,105.5,111.8,246.0
2015-09-23,106.65,111.85,106.65,111.85,138.0
2015-09-28,107.15,112.0,107.15,112.0,103.0
2015-09-29,114.45,115.9,107.6,108.0,349.0
2015-09-30,107.2,114.35,104.5,104.5,458.0
2015-10-01,100.05,108.0,100.05,108.0,205.0
2015-10-02,108.0,108.0,102.05,102.05,146.0
2015-10-05,102.05,102.05,102.05,102.05,2.0
2015-10-06,102.0,105.95,102.0,105.95,136.0
2015-10-07,101.55,101.55,101.0,101.5,143.0
2015-10-08,101.0,101.0,100.0,100.9,433.0
2015-10-09,96.5,99.699997,95.0,95.0,487.0
2015-10-12,95.0,98.900002,90.0,98.900002,395.0
2015-10-13,92.970001,96.0,92.970001,96.0,95.0
2015-10-14,90.599998,92.099998,90.260002,92.099998,96.0
2015-10-16,92.0,92.0,90.099998,90.150002,121.0
2015-10-19,86.050003,86.160004,86.050003,86.160004,32.0
2015-10-21,87.199997,91.32,87.199997,91.32,116.0
2015-10-22,94.0,96.790001,88.550003,96.790001,68.0
2015-10-23,93.010002,97.800003,93.010002,97.800003,25.0
2015-10-26,93.010002,102.2,93.010002,101.65,52.0
2015-10-27,96.5,97.0,96.5,97.0,44.0
2015-10-28,97.019997,102.25,97.019997,100.0,377.0
2015-10-29,100.4,106.0,98.0,105.95,455.0
2015-10-30,105.95,112.0,100.0,108.85,528.0
2015-11-02,108.8,108.8,107.85,107.85,12.0
2015-11-03,101.4,104.85,101.4,104.85,210.0
2015-11-04,100.15,108.85,100.15,101.3,146.0
2015-11-05,101.0,102.0,101.0,102.0,73.0
2015-11-09,102.05,108.1,102.05,102.8,197.0
2015-11-10,103.0,105.0,102.05,105.0,91.0
2015-11-11,103.0,103.0,102.05,103.0,80.0
2015-11-12,103.0,103.05,103.0,103.0,11.0
2015-11-13,103.0,106.8,101.5,106.8,419.0
2015-11-16,101.5,101.6,101.5,101.6,70.0
2015-11-17,101.55,105.55,100.0,104.95,290.0
2015-11-19,100.3,100.3,98.660004,98.82,100.0
2015-11-20,99.5,103.9,99.5,103.9,150.0
2015-11-23,101.0,105.0,101.0,105.0,202.0
2015-11-24,101.0,106.45,101.0,106.45,49.0
2015-11-25,106.95,107.0,101.25,106.25,78.0
2015-11-26,101.25,101.25,100.4,100.4,196.0
2015-11-27,100.6,105.45,100.0,105.45,157.0
2015-11-30,100.4,102.0,100.0,100.0,49.0
2015-12-01,100.0,102.0,100.0,102.0,17.0
2015-12-02,100.3,101.95,95.879997,101.95,89.0
2015-12-03,96.0,96.059998,96.0,96.059998,5.0
2015-12-04,96.050003,96.050003,90.510002,90.510002,616.0
2015-12-07,92.0,93.0,92.0,93.0,61.0
2015-12-08,96.0,96.0,90.0,90.0,1385.0
2015-12-09,85.300003,94.800003,85.300003,94.800003,92.0
2015-12-10,89.120003,89.120003,89.120003,89.120003,166.0
2015-12-11,88.050003,89.099998,85.400002,85.5,1251.0
2015-12-14,85.5,86.0,85.5,85.5,646.0
2015-12-15,85.400002,85.5,85.400002,85.5,33.0
2015-12-16,85.349998,89.599998,85.199997,86.099998,29.0
2015-12-17,86.900002,86.900002,86.099998,86.900002,64.0
2015-12-18,86.050003,86.050003,81.690002,81.690002,293.0
2015-12-21,81.599998,81.599998,80.0,80.0,113.0
2015-12-22,80.0,80.0,76.099998,76.25,25.0
2015-12-23,76.25,80.0,76.099998,76.099998,777.0
2015-12-28,76.0,80.0,76.0,76.0,85.0
2015-12-29,72.5,79.800003,71.449997,79.800003,142.0
2015-12-30,76.0,81.0,75.019997,80.989998,184.0
2015-12-31,77.099998,85.839996,77.099998,80.0,469.0
2016-01-04,86.849998,86.849998,82.050003,82.099998,115.0
2016-01-05,83.0,86.900002,83.0,85.099998,627.0
2016-01-06,86.900002,90.199997,86.900002,90.199997,476.0
2016-01-07,95.099998,95.610001,92.0,95.610001,702.0
2016-01-08,96.5,96.5,96.5,96.5,7.0
2016-01-12,93.0,93.0,91.0,91.0,100.0
2016-01-13,91.5,91.5,91.5,91.5,28.0
2016-01-14,91.0,91.0,86.5,91.0,210.0
2016-01-15,87.0,91.0,87.0,91.0,102.0
2016-01-18,87.209999,91.0,87.129997,87.510002,415.0
2016-01-19,86.510002,86.519997,86.5,86.5,38.0
2016-01-20,85.0,85.0,81.309998,81.309998,316.0
2016-01-21,80.0,86.18,76.440002,86.18,251.0
2016-01-22,89.989998,89.989998,81.099998,82.0,272.0
2016-01-25,80.650002,80.650002,80.650002,80.650002,11.0
2016-01-26,78.139999,78.139999,78.139999,78.139999,4.0
2016-01-27,79.010002,79.010002,78.139999,78.139999,55.0
2016-01-28,78.139999,78.199997,78.099998,78.199997,91.0
2016-01-29,78.199997,80.0,78.199997,80.0,1062.0
2016-02-01,80.0,80.0,78.300003,80.0,659.0
2016-02-02,79.0,80.0,79.0,80.0,41.0
2016-02-03,83.879997,83.900002,79.059998,81.0,3309.0
2016-02-04,79.050003,80.599998,79.050003,80.099998,402.0
2016-02-05,80.150002,80.150002,76.5,76.5,1572.0
2016-02-08,76.209999,79.5,75.300003,75.300003,505.0
2016-02-09,75.199997,79.809998,74.0,79.809998,103.0
2016-02-10,80.0,80.0,77.0,79.699997,60.0
2016-02-11,77.0,79.989998,76.150002,79.989998,193.0
2016-02-12,77.050003,82.5,77.050003,77.599998,780.0
2016-02-15,77.0,81.849998,77.0,77.059998,342.0
2016-02-16,77.0,81.5,76.0,81.5,1693.0
2016-02-17,80.889999,80.900002,78.400002,78.599998,2333.0
2016-02-18,79.099998,86.459999,78.800003,86.459999,14441.0
2016-02-19,89.900002,93.0,87.199997,87.199997,2523.0
2016-02-22,87.0,87.0,82.059998,87.0,550.0
2016-02-23,82.050003,86.989998,82.0,86.0,173.0
2016-02-24,86.480003,86.480003,81.0,85.900002,955.0
2016-02-25,85.790001,85.800003,80.849998,81.0,215.0
2016-02-26,79.0,79.900002,75.050003,77.050003,1410.0
2016-02-29,77.0,80.980003,75.010002,80.980003,4142.0
2016-03-01,76.129997,80.400002,76.129997,80.400002,207.0
2016-03-02,76.199997,79.5,76.199997,79.5,434.0
2016-03-03,77.5,81.900002,77.5,81.0,124.0
2016-03-04,77.599998,80.5,77.5,77.5,297.0
2016-03-07,77.0,80.0,75.0,80.0,214.0
2016-03-08,75.209999,76.199997,75.209999,75.400002,1811.0
2016-03-09,76.0,78.199997,75.300003,75.599998,71.0
2016-03-10,75.660004,77.989998,75.660004,75.68,58.0
2016-03-11,75.620003,77.0,75.5,75.5,1133.0
2016-03-14,75.5,75.5,75.300003,75.300003,351.0
2016-03-15,76.989998,77.0,75.550003,76.989998,245.0
2016-03-16,75.5,80.0,75.5,79.779999,1032.0
2016-03-17,79.790001,79.790001,76.0,79.489998,195.0
2016-03-18,77.0,82.0,75.739998,77.0,4621.0
2016-03-21,77.0,79.739998,76.5,79.739998,382.0
2016-03-22,76.5,76.550003,76.5,76.540001,129.0
2016-03-23,76.660004,77.0,76.5,76.5,1774.0
2016-03-24,76.5,77.0,76.5,77.0,522.0
2016-03-25,76.0,77.0,75.5,76.0,1556.0
2016-03-28,76.099998,76.5,76.029999,76.029999,313.0
2016-03-29,76.040001,76.099998,72.0,72.0,4147.0
2016-03-30,75.989998,76.300003,72.040001,72.080002,1193.0
2016-03-31,72.0,72.010002,70.0,71.050003,810.0
2016-04-01,73.989998,73.989998,71.209999,71.510002,26.0
2016-04-04,72.010002,75.5,72.010002,75.5,343.0
2016-04-05,75.75,75.949997,73.82,73.830002,764.0
2016-04-06,73.82,75.889999,72.0,75.889999,20.0
2016-04-07,73.0,73.0,72.330002,72.5,149.0
2016-04-08,73.5,75.900002,71.099998,71.099998,1425.0
2016-04-11,71.5,71.510002,71.5,71.5,251.0
2016-04-12,72.0,73.5,72.0,73.489998,694.0
2016-04-13,71.5,71.5,71.5,71.5,8.0
2016-04-14,71.510002,72.099998,71.5,72.010002,140.0
2016-04-15,73.199997,73.199997,71.699997,73.160004,614.0
2016-04-18,71.5,74.849998,71.0,71.050003,587.0
2016-04-19,71.089996,73.949997,71.089996,73.0,2189.0
2016-04-20,71.5,73.0,71.300003,71.400002,2348.0
2016-04-21,71.400002,71.400002,71.400002,71.400002,205.0
2016-04-22,71.410004,72.919998,71.400002,72.919998,261.0
2016-04-25,71.400002,72.949997,71.400002,72.309998,714.0
2016-04-26,71.550003,73.0,71.550003,73.0,629.0
2016-04-27,73.0,73.0,72.0,73.0,1538.0
2016-04-28,72.099998,73.0,71.5,73.0,428.0
2016-04-29,71.620003,72.900002,71.620003,72.07,313.0
2016-05-02,71.650002,76.389999,71.650002,72.529999,268.0
2016-05-03,73.0,76.0,73.0,74.0,676.0
2016-05-04,73.029999,78.440002,73.029999,77.5,828.0
2016-05-05,80.0,82.150002,78.0,79.0,734.0
2016-05-06,79.040001,81.5,75.0,75.190002,1330.0
2016-05-09,77.989998,78.0,75.010002,76.0,968.0
2016-05-10,75.5,83.599998,75.5,83.599998,10121.0
2016-05-11,91.949997,91.959999,86.199997,91.959999,53515.0
2016-05-12,95.0,97.470001,93.0,95.489998,6993.0
2016-05-13,91.199997,102.95,91.199997,100.1,8878.0
2016-05-16,100.0,101.3,96.300003,96.760002,1143.0
2016-05-17,96.769997,96.769997,90.980003,91.989998,4749.0
2016-05-18,91.059998,92.0,86.480003,86.510002,3538.0
2016-05-19,87.0,89.5,86.5,87.199997,350.0
2016-05-20,86.699997,90.0,86.0,88.5,1187.0
2016-05-23,88.0,88.0,86.5,86.5,2400.0
2016-05-24,86.5,87.0,86.5,87.0,475.0
2016-05-25,88.5,88.5,88.5,88.5,9.0
2016-05-26,86.0,88.0,86.0,88.0,848.0
2016-05-27,86.0,89.989998,86.0,89.989998,105.0
2016-05-30,86.099998,86.5,86.099998,86.5,12.0
2016-05-31,84.099998,87.099998,84.099998,87.099998,426.0
2016-06-01,86.5,86.5,86.5,86.5,99.0
2016-06-02,86.5,88.099998,85.050003,88.099998,287.0
2016-06-03,85.099998,87.949997,85.099998,87.949997,21.0
2016-06-07,86.0,87.5,85.099998,87.5,80.0
2016-06-08,85.050003,85.050003,85.050003,85.050003,201.0
2016-06-09,85.150002,85.150002,85.050003,85.050003,188.0
2016-06-10,84.029999,84.5,84.029999,84.300003,369.0
2016-06-13,85.0,85.0,82.300003,83.5,492.0
2016-06-14,83.0,83.199997,83.0,83.199997,183.0
2016-06-15,83.120003,83.129997,83.120003,83.129997,20.0
2016-06-16,83.129997,83.129997,83.129997,83.129997,3.0
2016-06-17,83.07,85.0,83.0,83.0,481.0
2016-06-20,81.0,84.0,81.0,84.0,14.0
2016-06-21,84.0,84.0,81.209999,81.209999,107.0
2016-06-22,81.220001,81.220001,81.199997,81.199997,1330.0
2016-06-23,81.209999,81.220001,81.0,81.0,634.0
2016-06-24,82.0,82.0,81.260002,82.0,18.0
2016-06-27,81.260002,82.0,81.260002,81.260002,73.0
2016-06-28,81.269997,82.0,81.0,81.0,444.0
2016-06-29,81.099998,81.199997,81.099998,81.199997,17.0
2016-06-30,81.150002,83.0,81.150002,83.0,160.0
2016-07-01,81.0,83.5,81.0,83.5,135.0
2016-07-04,82.010002,82.019997,81.5,81.5,1036.0
2016-07-05,81.150002,81.510002,81.150002,81.169998,440.0
2016-07-11,81.169998,81.169998,81.169998,81.169998,7.0
2016-07-12,78.5,85.949997,78.5,85.949997,272.0
2016-07-13,85.949997,88.0,81.050003,87.800003,169.0
2016-07-14,88.0,88.0,82.540001,82.540001,254.0
2016-07-15,81.110001,87.25,81.110001,87.25,29.0
2016-07-18,82.559998,83.0,82.559998,83.0,303.0
2016-07-19,82.550003,85.0,81.599998,82.0,259.0
2016-07-20,81.0,84.849998,80.07,81.0,184.0
2016-07-21,81.050003,84.0,80.0,83.0,1348.0
2016-07-22,80.199997,82.099998,80.199997,82.0,88.0
2016-07-25,80.150002,84.480003,80.150002,82.099998,4305.0
2016-07-26,81.5,85.0,81.5,81.510002,420.0
2016-07-27,81.550003,84.980003,80.599998,81.199997,1350.0
2016-07-28,81.25,84.0,78.510002,84.0,2279.0
2016-07-29,80.050003,83.699997,80.050003,83.690002,1706.0
2016-08-01,85.989998,85.989998,85.989998,85.989998,5.0
2016-08-02,81.0,82.0,81.0,82.0,115.0
2016-08-03,85.0,85.0,82.0,84.0,54.0
2016-08-04,81.099998,81.099998,81.0,81.0,880.0
2016-08-05,80.5,82.0,80.5,80.5,14.0
2016-08-08,80.5,80.699997,80.5,80.550003,8.0
2016-08-09,81.0,83.839996,81.0,83.839996,24.0
2016-08-10,81.0,83.830002,80.400002,80.400002,639.0
2016-08-11,80.300003,83.449997,80.300003,83.449997,104.0
2016-08-12,83.949997,83.949997,80.309998,80.800003,67.0
2016-08-15,80.32,80.32,80.309998,80.309998,20.0
2016-08-16,80.309998,83.0,80.010002,83.0,50.0
2016-08-17,80.410004,80.5,80.0,80.029999,691.0
2016-08-18,80.019997,81.0,80.019997,81.0,220.0
2016-08-19,80.300003,80.300003,78.699997,80.0,1351.0
2016-08-22,80.0,80.0,79.5,79.5,453.0
2016-08-24,79.5,79.5,79.0,79.0,213.0
2016-08-25,79.349998,79.5,79.0,79.029999,175.0
2016-08-26,80.0,81.5,80.0,81.5,268.0
2016-08-29,83.75,83.75,79.300003,79.400002,21.0
2016-08-30,79.5,83.0,79.449997,83.0,159.0
2016-08-31,81.800003,82.989998,81.800003,82.989998,60.0
2016-09-01,80.010002,82.989998,80.010002,82.980003,352.0
2016-09-02,82.900002,83.0,79.75,83.0,3745.0
2016-09-05,80.0,80.0,80.0,80.0,122.0
2016-09-06,80.019997,80.019997,80.019997,80.019997,2.0
2016-09-07,80.010002,83.0,80.010002,83.0,766.0
2016-09-08,80.059998,83.0,80.059998,83.0,685.0
2016-09-09,83.0,84.0,83.0,84.0,320.0
2016-09-14,80.610001,80.809998,80.610001,80.809998,210.0
2016-09-15,81.0,81.0,81.0,81.0,263.0
2016-09-16,81.0,82.5,80.699997,80.699997,845.0
2016-09-19,80.800003,80.800003,80.699997,80.699997,123.0
2016-09-20,80.43,80.5,80.43,80.5,71.0
2016-09-21,80.440002,80.440002,78.0,78.0,959.0
2016-09-22,80.0,80.0,78.059998,78.5,313.0
2016-09-23,78.099998,81.800003,78.099998,81.800003,102.0
2016-09-26,78.519997,81.900002,78.519997,79.5,188.0
2016-09-27,79.0,79.099998,79.0,79.0,3097.0
2016-09-28,79.0,81.900002,79.0,80.0,485.0
2016-09-29,79.599998,81.580002,79.599998,81.580002,49.0
2016-09-30,81.5,84.989998,80.0,84.989998,3407.0
2016-10-04,85.0,91.900002,84.5,87.0,4577.0
2016-10-05,86.050003,94.900002,86.0,94.900002,5584.0
2016-10-06,98.0,102.95,93.010002,93.010002,6262.0
2016-10-07,93.010002,96.989998,90.220001,92.099998,151.0
2016-10-10,92.199997,96.839996,90.0,91.0,2928.0
2016-10-11,91.800003,91.800003,87.0,87.0,4513.0
2016-10-12,86.010002,92.0,86.010002,88.0,452.0
2016-10-13,87.059998,87.059998,86.0,87.0,1632.0
2016-10-14,89.0,90.0,86.629997,88.0,189.0
2016-10-17,86.699997,88.0,86.699997,88.0,671.0
2016-10-18,87.199997,90.0,87.0,89.199997,1338.0
2016-10-19,90.0,95.889999,90.0,95.699997,1392.0
2016-10-20,91.029999,95.980003,91.029999,92.5,1890.0
2016-10-21,93.0,93.0,91.209999,91.209999,216.0
2016-10-24,91.199997,94.449997,91.199997,92.0,478.0
2016-10-25,91.5,92.0,91.309998,92.0,121.0
2016-10-26,91.300003,91.5,90.139999,91.5,252.0
2016-10-27,90.379997,91.5,89.220001,89.220001,1225.0
2016-10-28,91.5,91.5,90.010002,91.0,125.0
2016-10-31,94.0,94.0,91.099998,91.099998,419.0
2016-11-01,92.0,92.0,91.0,91.0,400.0
2016-11-02,91.099998,93.800003,91.099998,93.800003,153.0
2016-11-03,91.309998,93.900002,91.309998,93.900002,16.0
2016-11-04,91.400002,93.900002,90.050003,93.900002,1262.0
2016-11-07,90.5,94.0,90.5,94.0,3.0
2016-11-08,90.620003,94.0,90.620003,94.0,576.0
2016-11-09,90.620003,93.989998,90.529999,91.0,238.0
2016-11-10,90.919998,93.0,90.900002,92.0,868.0
2016-11-11,91.120003,93.0,91.099998,93.0,602.0
2016-11-14,92.0,93.0,92.0,93.0,106.0
2016-11-15,93.0,94.0,91.099998,91.199997,1874.0
2016-11-16,95.0,100.3,95.0,100.3,12675.0
2016-11-17,108.0,110.3,107.0,110.3,10959.0
2016-11-21,119.0,121.3,117.0,121.3,4859.0
2016-11-22,129.0,133.39999,128.0,133.39999,10517.0
2016-11-23,146.0,146.0,122.1,125.2,17045.0
2016-11-24,121.15,132.8,112.7,112.7,16435.0
2016-11-25,101.45,101.45,101.45,101.45,11172.0
2016-11-28,105.0,111.55,105.0,111.5,5665.0
2016-11-29,120.0,122.6,116.0,122.6,4795.0
2016-11-30,130.0,134.0,123.1,130.8,13607.0
2016-12-01,133.0,133.0,126.25,129.0,6556.0
2016-12-02,128.3,130.5,127.0,129.0,2501.0
2016-12-05,129.05,129.10001,123.55,127.5,5013.0
2016-12-06,125.55,127.0,124.0,124.05,2805.0
2016-12-07,123.7,125.5,120.0,124.95,1365.0
2016-12-08,123.0,124.9,122.2,124.85,365.0
2016-12-09,124.85,125.0,120.0,120.7,5591.0
2016-12-14,122.0,125.0,120.0,124.5,3494.0
2016-12-15,123.0,124.0,122.0,122.1,827.0
2016-12-16,122.0,131.0,120.0,124.9,15650.0
2016-12-19,126.0,126.0,121.55,124.95,2814.0
2016-12-20,122.6,123.5,119.0,123.35,5422.0
2016-12-21,119.0,120.2,119.0,120.0,2260.0
2016-12-22,127.6,131.95,127.6,131.95,15839.0
2016-12-23,142.0,145.10001,141.0,145.10001,18267.0
2016-12-26,159.60001,159.60001,159.0,159.60001,13954.0
2016-12-27,166.0,175.55,158.14999,158.14999,44886.0
2016-12-28,157.0,173.0,155.0,170.10001,61943.0
2016-12-29,175.0,182.0,172.0,172.0,94815.0
2016-12-30,172.60001,173.64999,162.14999,163.5,9289.0
2017-01-02,161.2,176.0,158.14999,172.3,12961.0
2017-01-03,176.89999,181.8,174.0,178.8,12184.0
2017-01-04,177.0,187.5,176.55,186.60001,31615.0
2017-01-05,192.0,205.25,192.0,205.25,24738.0
2017-01-06,219.0,225.75,211.0,214.0,33130.0
2017-01-09,217.0,235.3,215.0,230.0,25451.0
2017-01-10,234.5,250.0,234.5,250.0,29497.0
2017-01-12,262.0,274.95001,262.0,274.95001,7374.0
2017-01-13,299.0,302.39999,266.75,280.0,52227.0
2017-01-16,297.0,307.95001,290.0,300.0,40682.0
2017-01-17,307.0,319.79999,300.0,313.85001,25692.0
2017-01-18,316.10001,320.0,293.0,293.0,23802.0
2017-01-19,290.0,295.0,263.75,263.75,39791.0
2017-01-20,237.39999,262.0,237.39999,237.39999,31616.0
2017-01-23,227.0,249.0,227.0,241.10001,39523.0
2017-01-24,250.0,265.20001,246.14999,265.20001,34488.0
2017-01-25,280.0,291.5,278.0,280.0,36996.0
2017-01-26,286.0,294.0,260.0,282.0,36980.0
2017-01-27,277.0,283.0,270.0,276.35001,6960.0
2017-01-30,272.0,276.35001,262.5,262.5,6816.0
2017-01-31,252.0,276.0,250.0,250.0,23139.0
2017-02-01,257.10001,263.0,232.10001,232.10001,17208.0
2017-02-02,237.0,255.3,216.0,255.3,19048.0
2017-02-03,261.0,264.79999,252.10001,252.10001,12406.0
2017-02-06,245.25,255.0,245.25,254.0,799.0
2017-02-07,279.35001,279.35001,279.35001,279.35001,1532.0
2017-02-08,307.25,307.25,307.25,307.25,29530.0
2017-02-09,305.0,327.5,288.04999,317.89999,53108.0
2017-02-10,320.0,349.64999,320.0,349.64999,44045.0
2017-02-13,372.0,383.85001,367.89999,375.0,61614.0
2017-02-14,380.0,395.0,350.04999,355.0,76012.0
2017-02-15,361.0,390.45001,335.0,390.45001,50868.0
2017-02-16,405.5,415.89999,396.0,398.0,40115.0
2017-02-17,393.0,398.0,375.10001,376.0,36493.0
2017-02-20,377.0,395.0,376.04999,390.0,11733.0
2017-02-21,390.0,408.89999,378.0,405.0,31919.0
2017-02-22,410.0,417.89999,385.0,385.0,53737.0
2017-02-23,386.60001,390.0,346.89999,346.89999,31499.0
2017-02-24,340.5,371.0,340.0,360.10001,10194.0
2017-02-27,369.0,393.79999,365.0,390.0,34259.0
2017-02-28,395.0,404.0,380.0,380.0,29161.0
2017-03-01,383.0,385.0,369.0,379.0,4440.0
2017-03-02,384.75,384.75,363.79999,372.0,2562.0
2017-03-03,366.20001,370.0,358.04999,366.0,6701.0
2017-03-06,366.0,374.0,360.0,365.0,8490.0
2017-03-07,365.29999,368.0,352.0,353.0,3092.0
2017-03-08,356.0,377.0,354.10001,360.0,32894.0
2017-03-09,358.0,367.79999,351.04999,364.89999,2365.0
2017-03-10,354.0,364.0,354.0,362.45001,1404.0
2017-03-13,362.45001,363.0,356.0,357.0,481.0
2017-03-14,361.0,367.0,353.0,365.89999,4300.0
2017-03-15,369.0,369.0,360.0,366.79999,2180.0
2017-03-16,360.20001,366.29999,360.20001,361.5,1367.0
2017-03-17,361.54999,365.0,357.10001,358.10001,1783.0
2017-03-20,363.20001,365.0,352.0,360.0,4284.0
2017-03-21,353.20001,364.79999,352.04999,352.04999,982.0
2017-03-22,352.14999,352.14999,340.20001,342.60001,3360.0
2017-03-23,340.0,345.0,315.0,325.0,8741.0
2017-03-24,324.0,329.5,321.0,329.5,2036.0
2017-03-27,333.0,354.0,329.5,353.0,4059.0
2017-03-28,360.0,360.0,346.0,347.0,1819.0
2017-03-29,348.0,354.0,345.0,351.0,1783.0
2017-03-30,353.0,353.0,338.0,338.0,2551.0
2017-03-31,307.0,340.0,305.0,315.0,19995.0
2017-04-03,319.0,320.0,305.20001,307.0,2407.0
2017-04-04,307.0,310.89999,303.0,307.0,2770.0
2017-04-05,307.0,316.89999,307.0,307.04999,1969.0
2017-04-06,307.04999,320.0,307.0,311.0,1890.0
2017-04-07,311.0,317.0,311.0,315.89999,2525.0
2017-04-10,320.39999,338.0,320.0,325.0,6877.0
2017-04-11,331.0,331.0,322.0,324.10001,1080.0
2017-04-12,325.0,326.04999,320.0,324.79999,2224.0
2017-04-13,324.0,324.85001,318.10001,320.0,438.0
2017-04-14,316.14999,323.5,316.14999,318.0,92.0
2017-04-17,316.5,329.0,316.5,329.0,904.0
2017-04-18,322.0,355.0,322.0,349.0,23329.0
2017-04-19,351.10001,362.0,351.10001,356.0,15293.0
2017-04-20,352.0,361.89999,351.5,351.5,9617.0
2017-04-21,351.5,356.95001,333.10001,340.0,3118.0
2017-04-24,337.0,347.5,337.0,341.0,2396.0
2017-04-25,340.0,355.89999,340.0,347.5,2647.0
2017-04-26,349.89999,353.39999,343.10001,350.0,4238.0
2017-04-27,359.0,384.95001,355.0,384.95001,44402.0
2017-04-28,392.0,397.0,382.0,382.95001,15028.0
2017-05-02,382.0,402.25,382.0,400.0,27346.0
2017-05-03,403.10001,409.0,393.75,400.0,9850.0
2017-05-04,400.0,403.0,393.0,393.0,2168.0
2017-05-05,393.0,396.79999,382.0,389.0,3674.0
2017-05-08,394.79999,394.79999,383.0,393.29999,320.0
2017-05-09,389.0,404.0,389.0,395.0,10523.0
2017-05-10,395.0,401.0,392.70001,395.0,1311.0
2017-05-11,393.0,394.89999,388.04999,394.5,365.0
2017-05-12,389.25,395.0,385.0,385.0,2281.0
2017-05-15,386.0,394.0,380.0,389.89999,1151.0
2017-05-16,381.04999,388.70001,380.20001,384.79999,430.0
2017-05-17,382.0,388.0,375.0,388.0,3601.0
2017-05-18,382.04999,390.0,382.0,388.0,5032.0
2017-05-19,384.0,385.0,377.0,380.0,7414.0
2017-05-22,378.10001,387.0,378.10001,380.0,617.0
2017-05-23,380.0,387.0,378.0,387.0,773.0
2017-05-24,380.5,387.5,379.10001,379.39999,172.0
2017-05-25,379.45001,380.10001,370.0,379.60001,3406.0
2017-05-26,371.0,379.79999,370.0,378.0,318.0
2017-05-29,371.0,376.0,355.0,359.0,5982.0
2017-05-30,359.0,370.0,351.10001,370.0,818.0
2017-05-31,361.0,368.79999,360.20001,368.79999,255.0
2017-06-01,362.10001,367.0,362.10001,367.0,14.0
2017-06-02,362.20001,373.0,360.25,371.79999,154.0
2017-06-05,370.0,372.0,363.39999,371.79999,99.0
2017-06-06,363.0,371.85001,363.0,371.85001,9.0
2017-06-07,364.10001,380.0,364.10001,380.0,2914.0
2017-06-08,375.0,384.0,375.0,379.79999,680.0
2017-06-09,376.0,383.5,368.0,370.0,6152.0
2017-06-12,365.0,376.0,365.0,369.0,628.0
2017-06-13,365.20001,370.0,365.20001,365.35001,10.0
2017-06-14,365.54999,378.0,363.0,373.0,1054.0
2017-06-15,370.10001,375.5,370.10001,370.10001,575.0
2017-06-16,369.04999,375.0,365.20001,375.0,241.0
2017-06-19,367.64999,375.85001,367.64999,374.95001,72.0
2017-06-20,368.0,375.89999,368.0,369.25,493.0
2017-06-21,368.70001,368.75,368.0,368.20001,142.0
2017-06-22,368.35001,381.79999,368.35001,381.79999,2072.0
2017-06-23,384.70001,392.79999,376.5,389.89999,6430.0
2017-06-28,389.89999,394.89999,387.0,387.0,2205.0
2017-06-29,382.54999,395.0,382.54999,391.0,3670.0
2017-06-30,388.20001,410.0,388.20001,401.0,27453.0
2017-07-03,406.0,407.95001,402.0,405.39999,1648.0
2017-07-04,439.0,445.89999,430.5,445.89999,74201.0
2017-07-05,458.89999,464.0,436.10001,443.20001,19490.0
2017-07-06,443.29999,450.0,436.60001,436.60001,4721.0
2017-07-07,430.45001,442.0,430.0,435.0,8789.0
2017-07-10,439.85001,441.95001,428.0,434.70001,7350.0
2017-07-11,434.95001,442.95001,433.0,435.0,4905.0
2017-07-12,441.39999,458.89999,432.10001,452.0,17731.0
2017-07-13,453.10001,474.75,453.10001,467.5,30568.0
2017-07-14,514.20001,514.20001,514.20001,514.20001,3489.0
2017-07-17,520.0,550.0,520.0,541.5,61713.0
2017-07-18,536.0,558.0,535.0,537.29999,32406.0
2017-07-19,529.0,540.0,518.0,530.0,10121.0
2017-07-20,525.20001,530.0,520.0,525.0,2388.0
2017-07-21,530.0,534.0,520.70001,526.0,4398.0
2017-07-24,526.0,559.90002,523.29999,548.0,20869.0
2017-07-25,557.0,567.79999,554.0,560.0,15521.0
2017-07-26,566.0,590.0,565.0,570.09998,22862.0
2017-07-27,579.0,580.0,560.09998,560.09998,10611.0
2017-07-28,576.5,576.5,557.0,560.0,3665.0
2017-07-31,559.0,560.0,550.0,555.0,498.0
2017-08-01,559.90002,559.90002,531.20001,546.0,2147.0
2017-08-02,541.0,558.0,541.0,555.90002,1497.0
2017-08-03,548.0,585.0,548.0,569.0,12900.0
2017-08-04,575.0,587.0,565.0,579.90002,5461.0
2017-08-07,579.90002,585.0,575.0,584.79999,6157.0
2017-08-08,587.0,614.0,581.20001,600.0,34738.0
2017-08-09,610.0,615.0,608.0,610.20001,5667.0
2017-08-10,619.0,650.0,619.0,630.0,18969.0
2017-08-11,620.0,640.0,620.0,620.0,8318.0
2017-08-15,618.0,630.0,602.0,605.09998,6397.0
2017-08-16,613.90002,622.0,603.59998,605.0,11505.0
2017-08-17,605.29999,618.40002,581.0,581.0,8556.0
2017-08-18,575.09998,595.0,561.09998,561.09998,8545.0
2017-08-22,571.09998,575.0,558.0,564.5,5288.0
2017-08-23,570.0,595.0,570.0,577.0,3612.0
2017-08-24,587.0,615.0,578.09998,615.0,16817.0
2017-08-25,619.5,645.0,608.29999,616.0,23596.0
2017-08-28,610.09998,639.0,610.0,637.0,6244.0
2017-08-29,639.0,670.0,639.0,660.20001,15488.0
2017-08-30,670.0,690.0,662.0,690.0,22982.0
2017-08-31,703.5,704.0,690.0,690.0,6540.0
2017-09-04,690.09998,690.09998,672.0,675.0,4165.0
2017-09-05,684.90002,684.90002,675.0,682.0,1928.0
2017-09-06,675.0,718.79999,675.0,714.5,14684.0
2017-09-07,716.0,734.5,695.0,714.0,20266.0
2017-09-08,719.0,719.0,695.0,701.0,11939.0
2017-09-11,700.90002,712.0,690.0,690.0,4320.0
2017-09-12,690.0,698.0,675.0,676.0,7445.0
2017-09-13,676.0,685.0,640.0,678.0,9946.0
2017-09-14,682.0,709.0,682.0,690.0,6465.0
2017-09-15,698.79999,698.79999,682.0,689.0,523.0
2017-09-18,697.90002,697.90002,678.0,684.0,1982.0
2017-09-19,681.20001,681.20001,667.0,673.0,4587.0
2017-09-20,679.0,679.0,646.0,655.0,2695.0
2017-09-21,640.0,658.0,600.0,640.0,12787.0
2017-09-25,614.0,633.0,589.0,618.0,15265.0
2017-09-26,601.0,612.0,579.0,590.09998,18701.0
2017-09-27,595.0,607.79999,590.09998,599.70001,13590.0
2017-09-28,600.0,640.0,600.0,608.09998,14144.0
2017-09-29,605.0,625.0,600.40002,605.0,8711.0
2017-10-02,624.5,640.0,606.0,620.0,2302.0
2017-10-03,623.0,680.0,623.0,673.0,17345.0
2017-10-04,679.0,717.0,679.0,712.0,57578.0
2017-10-05,740.0,748.0,707.0,710.0,27562.0
2017-10-06,710.0,710.0,680.0,702.90002,17009.0
2017-10-09,708.0,729.90002,702.59998,713.59998,8625.0
2017-10-10,715.0,715.0,700.0,700.0,4808.0
2017-10-11,700.0,713.79999,686.0,695.0,3969.0
2017-10-12,686.09998,697.79999,681.0,685.0,3018.0
2017-10-13,686.0,700.0,652.09998,670.0,14636.0
2017-10-16,670.0,670.0,642.09998,660.0,2578.0
2017-10-17,652.09998,660.0,630.0,636.0,8254.0
2017-10-18,630.0,650.0,622.0,649.0,1901.0
2017-10-19,641.0,678.0,641.0,660.0,9877.0
2017-10-20,650.0,674.0,650.0,669.0,5089.0
2017-10-23,660.09998,685.0,660.09998,670.0,538.0
2017-10-24,661.20001,676.0,657.0,663.0,671.0
2017-10-25,667.0,668.0,646.09998,650.0,3383.0
2017-10-26,647.29999,664.90002,647.29999,650.0,651.0
2017-10-27,651.0,664.90002,648.0,650.0,5302.0
2017-10-30,647.5,654.5,640.0,644.20001,1800.0
2017-10-31,646.0,646.0,642.09998,642.09998,532.0
2017-11-01,643.0,660.0,638.0,660.0,918.0
2017-11-02,641.29999,660.0,641.29999,660.0,130.0
2017-11-03,643.0,658.0,643.0,650.0,545.0
2017-11-07,645.09998,658.0,645.09998,658.0,47.0
2017-11-08,645.09998,650.0,645.09998,650.0,706.0
2017-11-09,648.0,648.0,640.0,640.0,1585.0
2017-11-10,647.90002,657.0,645.0,655.0,553.0
2017-11-13,651.0,666.0,651.0,661.0,576.0
2017-11-14,665.70001,680.0,659.0,677.90002,2018.0
2017-11-15,676.0,676.0,660.0,661.0,3846.0
2017-11-16,661.0,669.0,660.0,668.90002,545.0
2017-11-17,656.0,662.0,653.0,660.0,384.0
2017-11-20,651.5,668.0,650.0,666.0,1095.0
2017-11-21,652.0,664.90002,650.0,664.90002,800.0
2017-11-22,650.0,659.79999,650.0,659.5,79.0
2017-11-23,650.0,657.90002,632.5,656.0,3137.0
2017-11-24,640.59998,654.79999,640.29999,653.0,32.0
2017-11-27,642.0,652.70001,642.0,652.70001,37.0
2017-11-28,652.90002,652.90002,638.0,638.0,1093.0
2017-11-29,640.0,649.5,639.0,645.0,9870.0
2017-11-30,639.0,639.0,600.0,600.0,17892.0
2017-12-04,600.0,600.0,561.0,563.09998,8868.0
2017-12-05,556.0,583.0,556.0,578.0,3855.0
2017-12-06,564.20001,564.20001,543.0,545.0,3007.0
2017-12-07,539.90002,569.0,539.90002,567.90002,3694.0
2017-12-08,572.0,604.0,572.0,599.90002,1405.0
2017-12-11,589.0,609.79999,582.79999,585.20001,381.0
2017-12-12,588.0,600.0,588.0,599.0,804.0
2017-12-13,600.0,616.0,596.0,605.0,1348.0
2017-12-14,595.5,603.79999,591.0,603.79999,69.0
2017-12-15,600.0,613.90002,590.0,590.0,2039.0
2017-12-18,584.0,589.79999,574.5,589.79999,73.0
2017-12-19,597.0,597.0,575.09998,593.0,500.0
2017-12-20,579.0,590.0,576.0,580.0,123.0
2017-12-21,576.20001,586.5,561.0,565.0,1002.0
2017-12-22,565.0,580.0,546.0,565.0,1155.0
2017-12-25,552.0,568.0,548.09998,567.0,572.0
2017-12-26,557.5,569.70001,557.5,560.0,1304.0
2017-12-27,569.90002,570.0,559.0,568.0,2786.0
2017-12-28,568.90002,569.0,553.09998,560.0,1388.0
2017-12-29,560.09998,568.0,555.09998,568.0,4332.0
2018-01-02,568.0,579.0,557.29999,579.0,3857.0
2018-01-03,568.0,636.79999,568.0,636.79999,11095.0
2018-01-04,669.0,678.70001,635.09998,637.5,5031.0
2018-01-05,641.0,641.0,620.09998,635.0,2255.0
2018-01-08,623.0,649.79999,623.0,635.0,1089.0
2018-01-09,642.0,642.0,630.0,639.0,182.0
2018-01-10,628.0,648.79999,628.0,646.0,2067.0
2018-01-12,650.0,678.0,650.0,670.0,12790.0
2018-01-15,677.0,699.0,677.0,678.0,14182.0
2018-01-16,689.0,689.0,670.0,670.0,8129.0
2018-01-17,661.5,667.0,655.0,667.0,2465.0
2018-01-18,662.0,668.79999,655.59998,661.0,2636.0
2018-01-19,659.0,703.90002,657.79999,697.79999,28965.0
2018-01-22,708.70001,725.0,708.70001,722.70001,13028.0
2018-01-23,720.0,733.40002,716.0,724.0,5392.0
2018-01-24,713.0,729.0,713.0,727.0,6686.0
2018-01-25,729.0,729.0,710.0,713.0,3070.0
2018-01-26,711.0,714.0,705.0,710.0,1163.0
2018-01-29,711.0,719.90002,706.0,715.0,4442.0
2018-01-30,717.0,786.40002,717.0,778.0,136111.0
2018-01-31,779.0,810.0,779.0,796.5,27509.0
2018-02-01,829.0,870.0,818.09998,830.0,15085.0
2018-02-02,825.0,826.0,780.0,780.0,24055.0
2018-02-05,797.0,810.0,780.0,800.0,12597.0
2018-02-06,785.0,810.0,785.0,800.0,2013.0
2018-02-07,796.0,819.40002,796.0,797.0,4605.0
2018-02-08,790.5,808.70001,790.5,808.0,246.0
2018-02-09,795.0,809.40002,793.0,795.20001,843.0
2018-02-12,795.20001,808.0,795.20001,800.0,1352.0
2018-02-13,793.40002,806.0,793.40002,800.0,1581.0
2018-02-14,794.0,806.0,794.0,800.0,1310.0
2018-02-15,794.09998,800.0,794.09998,799.0,109.0
2018-02-16,795.0,809.0,795.0,800.0,3844.0
2018-02-19,788.0,800.0,788.0,800.0,706.0
2018-02-20,797.0,800.0,790.0,798.0,1917.0
2018-02-21,786.0,798.0,765.0,795.0,3426.0
2018-02-22,790.0,792.0,774.09998,792.0,919.0
2018-02-23,791.90002,795.0,776.0,778.0,5793.0
2018-02-26,790.0,794.0,770.0,770.0,2443.0
2018-02-27,765.09998,778.0,750.09998,770.0,7907.0
2018-02-28,769.0,795.0,762.0,780.0,7726.0
2018-03-01,774.0,794.0,774.0,785.0,438.0
2018-03-02,778.0,788.90002,777.5,788.90002,2104.0
2018-03-05,777.59998,779.09998,777.0,778.0,618.0
2018-03-06,772.0,794.0,772.0,775.0,3782.0
2018-03-07,775.5,776.0,760.40002,769.79999,20748.0
2018-03-08,762.0,780.0,756.09998,770.0,2119.0
2018-03-09,761.0,774.90002,758.5,770.0,1664.0
2018-03-12,770.0,770.0,759.0,770.0,1476.0
2018-03-13,760.09998,769.40002,759.0,769.40002,1306.0
2018-03-14,769.90002,770.0,755.40002,759.0,2700.0
2018-03-15,756.0,760.0,752.0,760.0,688.0
2018-03-16,755.0,760.0,730.0,744.0,7945.0
2018-03-19,748.0,748.0,725.0,744.90002,2094.0
2018-03-20,735.0,749.79999,721.0,735.0,4934.0
2018-03-21,725.0,737.0,718.0,734.0,2047.0
2018-03-22,730.0,730.0,710.09998,727.0,607.0
2018-03-23,726.0,749.90002,720.0,749.90002,5408.0
2018-03-26,728.0,770.0,728.0,755.0,1610.0
2018-03-27,736.0,750.0,736.0,738.29999,476.0
2018-03-28,739.09998,759.0,729.0,759.0,1161.0
2018-03-29,725.0,739.79999,700.09998,717.0,12013.0
2018-03-30,717.0,736.5,703.09998,736.0,4134.0
2018-04-02,736.5,736.5,708.0,708.0,321.0
2018-04-03,704.0,710.0,676.0,680.0,3508.0
2018-04-04,677.5,677.5,660.0,674.0,2407.0
2018-04-05,679.0,700.0,679.0,690.0,1690.0
2018-04-06,674.0,700.0,674.0,700.0,1231.0
2018-04-09,719.79999,728.90002,687.29999,700.0,402.0
2018-04-10,695.0,700.0,683.09998,700.0,83.0
2018-04-11,705.0,705.0,705.0,705.0,1.0
2018-04-12,681.0,706.90002,681.0,706.90002,838.0
2018-04-13,686.0,719.0,686.0,710.0,2615.0
2018-04-16,718.79999,723.90002,703.0,719.0,53.0
2018-04-17,704.20001,719.0,690.59998,714.79999,182.0
2018-04-18,714.09998,714.09998,700.29999,710.0,31.0
2018-04-19,710.0,710.0,695.09998,710.0,202.0
2018-04-20,696.0,705.0,696.0,705.0,57.0
2018-04-23,695.29999,708.0,695.29999,700.0,34.0
2018-04-24,695.5,702.0,691.0,691.0,3369.0
2018-04-25,702.5,702.5,678.0,699.0,178.0
2018-04-26,680.0,690.0,680.0,690.0,134.0
2018-04-27,681.0,709.5,681.0,709.5,1759.0
2018-04-30,693.5,719.40002,689.0,717.0,94.0
2018-05-02,697.20001,707.0,687.0,707.0,216.0
2018-05-03,688.20001,688.20001,688.20001,688.20001,13.0
2018-05-04,684.5,697.90002,670.0,685.0,2517.0
2018-05-07,672.0,680.0,662.09998,662.09998,933.0
2018-05-08,691.0,691.0,650.0,660.0,2080.0
2018-05-09,636.0,667.0,623.0,664.90002,1826.0
2018-05-10,645.20001,659.90002,645.20001,659.90002,525.0
2018-05-11,646.0,654.0,594.0,609.0,15734.0
2018-05-14,582.0,630.0,569.0,610.0,1121.0
2018-05-15,611.0,627.0,590.0,624.0,2581.0
2018-05-16,629.0,629.0,607.0,612.0,804.0
2018-05-17,629.0,629.0,603.0,622.0,69.0
2018-05-18,621.0,638.79999,611.59998,633.0,2347.0
2018-05-22,612.0,630.0,612.0,629.0,411.0
2018-05-23,630.0,680.0,630.0,679.0,2073.0
2018-05-24,650.20001,699.0,650.20001,690.0,2894.0
2018-05-28,650.09998,693.90002,650.09998,681.90002,118.0
2018-05-29,661.0,680.0,660.0,679.70001,189.0
2018-05-30,650.0,680.0,650.0,680.0,42.0
2018-05-31,654.0,678.0,654.0,678.0,16.0
2018-06-01,679.0,679.0,679.0,679.0,750.0
2018-06-04,660.0,678.70001,660.0,678.70001,22.0
2018-06-05,660.20001,679.0,660.09998,679.0,153.0
2018-06-06,661.70001,677.40002,655.59998,677.40002,27.0
2018-06-07,685.0,698.79999,675.0,693.0,4716.0
2018-06-08,699.0,719.90002,699.0,705.0,2047.0
2018-06-11,706.0,725.0,686.0,686.0,9519.0
2018-06-12,687.0,698.0,687.0,696.0,50.0
2018-06-13,690.0,695.0,670.0,695.0,1996.0
2018-06-14,693.90002,693.90002,670.09998,686.0,653.0
2018-06-18,670.0,693.0,670.0,693.0,523.0
2018-06-19,695.0,695.0,675.0,688.90002,505.0
2018-06-21,673.0,673.0,672.29999,672.29999,3.0
2018-06-22,672.70001,680.0,672.70001,680.0,1028.0
2018-06-25,675.09998,687.59998,655.09998,687.59998,40.0
2018-06-26,658.0,688.40002,658.0,688.40002,7.0
2018-06-27,660.0,677.79999,660.0,677.79999,176.0
2018-06-28,651.0,660.0,636.0,654.0,1857.0
2018-06-29,635.0,659.0,635.0,650.0,2753.0
2018-07-02,659.0,683.0,659.0,683.0,30.0
2018-07-03,674.0,674.0,636.09998,674.0,250.0
2018-07-04,659.0,673.0,640.0,640.0,402.0
2018-07-05,667.0,667.0,640.0,645.0,549.0
2018-07-06,642.0,660.0,642.0,659.0,1061.0
2018-07-09,638.0,665.0,638.0,651.0,19.0
2018-07-10,650.0,661.59998,645.0,661.59998,98.0
2018-07-11,645.20001,658.0,642.09998,658.0,74.0
2018-07-12,642.5,643.0,638.0,638.0,209.0
2018-07-13,638.0,656.0,633.0,656.0,393.0
2018-07-16,623.09998,661.0,623.09998,661.0,156.0
2018-07-17,659.0,659.90002,634.0,659.5,112.0
2018-07-18,630.0,655.0,611.0,655.0,1059.0
2018-07-19,630.0,653.90002,630.0,652.0,48.0
2018-07-20,624.59998,650.0,624.59998,649.90002,35.0
2018-07-23,653.90002,661.0,653.90002,659.90002,335.0
2018-07-24,634.09998,658.90002,630.0,658.90002,162.0
2018-07-25,630.0,653.0,630.0,653.0,19.0
2018-07-26,654.70001,654.70001,634.0,653.70001,18.0
2018-07-27,626.0,655.0,626.0,648.0,417.0
2018-07-31,631.09998,645.0,631.09998,645.0,746.0
2018-08-01,631.5,645.0,631.5,645.0,14.0
2018-08-02,632.09998,645.0,629.90002,629.90002,440.0
2018-08-03,643.90002,643.90002,629.20001,642.5,203.0
2018-08-06,627.0,627.70001,627.0,627.70001,161.0
2018-08-07,631.0,638.90002,627.70001,638.90002,45.0
2018-08-08,628.0,640.0,610.09998,620.5,264.0
2018-08-09,621.0,621.0,610.0,620.0,183.0
2018-08-10,610.09998,624.90002,610.09998,624.79999,466.0
2018-08-13,615.0,624.90002,608.09998,624.90002,765.0
2018-08-15,608.0,623.59998,608.0,623.59998,39.0
2018-08-16,622.79999,622.79999,605.0,605.0,510.0
2018-08-17,607.0,619.0,591.09998,618.0,1153.0
2018-08-24,617.90002,639.0,617.90002,636.90002,77.0
2018-08-27,620.0,633.70001,595.0,633.70001,234.0
2018-08-28,606.0,626.90002,596.0,600.0,1176.0
2018-08-29,540.09998,540.09998,540.09998,540.09998,148.0
2018-08-30,538.0,538.0,486.10001,486.10001,4381.0
2018-08-31,441.10001,470.0,438.0,470.0,11746.0
2018-09-03,470.0,516.90002,456.0,514.0,1053.0
2018-09-04,514.90002,514.90002,462.64999,470.0,2852.0
2018-09-05,485.0,494.25,464.04999,492.5,2526.0
2018-09-06,475.0,489.39999,470.0,489.39999,221.0
2018-09-07,465.10001,488.89999,465.10001,485.0,312.0
2018-09-10,462.29999,473.95001,455.0,470.0,574.0
2018-09-12,474.70001,516.0,474.70001,500.0,4914.0
2018-09-13,535.0,535.0,500.0,500.0,962.0
2018-09-14,524.0,540.0,520.0,529.0,215.0
2018-09-17,545.0,569.90002,540.0,566.5,427.0
2018-09-18,568.0,597.0,545.40002,574.90002,420.0
2018-09-19,556.20001,559.0,556.09998,556.09998,15.0
2018-09-20,545.20001,545.20001,511.39999,538.0,284.0
2018-09-21,516.0,545.0,516.0,545.0,24.0
2018-09-24,511.0,540.0,511.0,540.0,28.0
2018-09-25,519.0,539.90002,519.0,519.40002,62.0
2018-09-26,519.40002,546.40002,519.40002,545.0,77.0
2018-09-27,535.0,540.0,525.0,540.0,1260.0
2018-09-28,539.90002,539.90002,524.0,524.0,1918.0
2018-10-01,523.0,523.0,523.0,523.0,120.0
2018-10-02,511.0,530.0,511.0,530.0,166.0
2018-10-03,530.0,530.0,520.0,520.0,38.0
2018-10-04,521.0,530.0,521.0,530.0,504.0
2018-10-05,530.0,535.0,515.0,520.5,3480.0
2018-10-08,516.0,537.0,510.10001,537.0,64.0
2018-10-09,510.70001,533.90002,510.70001,533.90002,29.0
2018-10-10,520.0,541.70001,520.0,535.0,270.0
2018-10-11,525.09998,539.0,525.09998,539.0,17.0
2018-10-12,525.0,525.0,520.0,520.0,501.0
2018-10-15,511.0,530.0,511.0,520.0,192.0
2018-10-16,511.0,511.20001,502.0,505.0,301.0
2018-10-17,505.10001,517.0,503.0,517.0,238.0
2018-10-18,503.29999,505.0,497.10001,505.0,694.0
2018-10-19,496.29999,501.0,496.29999,497.0,782.0
2018-10-22,499.0,499.10001,499.0,499.10001,1624.0
2018-10-23,496.0,496.0,465.5,474.20001,304.0
2018-10-24,495.89999,495.89999,490.0,490.0,21.0
2018-10-25,480.0,510.0,480.0,510.0,455.0
2018-10-26,519.0,519.0,502.5,517.0,222.0
2018-10-29,500.0,535.0,500.0,535.0,84.0
2018-10-30,507.0,510.0,486.0,509.89999,644.0
2018-10-31,529.0,529.0,500.10001,500.10001,34.0
2018-11-01,487.70001,490.0,469.0,489.0,720.0
2018-11-02,457.0,510.0,457.0,510.0,879.0
2018-11-05,490.60001,509.79999,490.60001,509.79999,3.0
2018-11-07,491.0,510.10001,491.0,508.0,172.0
2018-11-08,483.10001,502.0,482.0,502.0,287.0
2018-11-09,490.39999,500.0,485.60001,485.60001,212.0
2018-11-12,484.39999,484.60001,484.39999,484.60001,405.0
2018-11-13,485.20001,485.20001,484.45001,484.45001,438.0
2018-11-14,484.5,485.0,480.0,480.0,447.0
2018-11-15,491.0,497.0,485.0,485.0,615.0
2018-11-16,485.0,495.75,481.0,481.0,979.0
2018-11-19,482.0,485.0,481.20001,485.0,666.0
2018-11-22,482.10001,489.45001,472.0,489.45001,543.0
2018-11-23,485.0,485.0,485.0,485.0,515.0
2018-11-26,485.0,485.0,460.0,480.0,507.0
2018-11-27,460.20001,460.20001,460.20001,460.20001,3.0
2018-11-28,462.5,462.5,455.04999,455.04999,135.0
2018-11-29,455.14999,455.14999,442.60001,455.0,982.0
2018-11-30,440.75,477.0,430.10001,477.0,1259.0
2018-12-03,462.79999,462.79999,460.5,460.5,20.0
2018-12-04,452.0,452.0,440.0,442.0,136.0
2018-12-05,442.0,442.0,441.0,441.0,63.0
2018-12-06,435.04999,460.0,435.04999,460.0,157.0
2018-12-07,440.60001,450.0,435.0,450.0,1490.0
2018-12-10,444.0,444.0,431.0,433.10001,161.0
2018-12-11,434.0,448.85001,431.0,448.85001,3475.0
2018-12-12,433.5,433.5,432.64999,432.64999,350.0
2018-12-13,432.10001,440.0,419.10001,435.0,1438.0
2018-12-14,423.0,435.0,423.0,435.0,5.0
2018-12-17,435.0,448.0,432.0,439.79999,593.0
2018-12-19,435.0,435.0,425.0,429.0,259.0
2018-12-20,425.0,425.0,423.14999,423.14999,117.0
2018-12-21,434.70001,435.0,423.64999,435.0,639.0
2018-12-24,435.0,435.0,435.0,435.0,700.0
2018-12-25,426.14999,434.5,423.0,434.5,826.0
2018-12-26,424.04999,434.85001,423.0,434.64999,118.0
2018-12-27,427.0,435.0,420.10001,431.70001,4688.0
2018-12-28,425.04999,425.04999,410.0,410.0,2872.0
2018-12-31,411.04999,424.0,411.04999,424.0,1057.0
2019-01-02,424.0,433.85001,424.0,429.95001,115.0
2019-01-03,429.0,430.0,415.10001,429.64999,435.0
2019-01-04,420.04999,435.0,420.0,430.0,668.0
2019-01-07,420.20001,420.20001,420.0,420.0,78.0
2019-01-08,428.5,428.5,428.5,428.5,37.0
2019-01-09,416.0,416.10001,416.0,416.10001,8.0
2019-01-10,420.0,427.0,418.04999,419.0,174.0
2019-01-14,415.10001,422.35001,410.04999,422.35001,328.0
2019-01-15,411.20001,411.20001,411.14999,411.14999,3.0
2019-01-16,415.0,420.0,415.0,420.0,602.0
2019-01-17,412.20001,449.89999,412.20001,449.89999,2004.0
2019-01-18,445.0,449.5,430.0,430.0,2576.0
2019-01-21,421.5,439.89999,421.5,439.89999,10.0
2019-01-22,428.04999,430.0,428.0,430.0,20.0
2019-01-23,421.14999,434.75,421.14999,434.75,200.0
2019-01-25,422.64999,462.0,422.64999,460.0,3135.0
2019-01-28,460.0,488.0,460.0,475.0,1011.0
2019-01-29,479.75,496.0,466.04999,486.89999,157.0
2019-01-30,484.89999,484.89999,484.89999,484.89999,2.0
2019-01-31,485.0,487.0,485.0,487.0,51.0
2019-02-01,471.0,485.0,469.0,485.0,476.0
2019-02-04,486.89999,486.89999,461.25,470.0,784.0
2019-02-05,437.29999,468.0,437.29999,455.20001,148.0
2019-02-06,452.10001,463.95001,440.60001,463.95001,263.0
2019-02-07,441.5,463.14999,441.5,445.0,191.0
2019-02-08,462.0,462.0,444.10001,458.29999,273.0
2019-02-11,442.20001,463.14999,442.20001,445.0,29.0
2019-02-12,447.0,458.29999,447.0,451.0,371.0
2019-02-13,448.10001,461.5,448.10001,460.0,24.0
2019-02-14,459.0,471.89999,447.0,447.0,270.0
2019-02-15,447.10001,468.0,447.10001,468.0,303.0
2019-02-19,455.20001,455.20001,455.20001,455.20001,210.0
2019-02-20,460.0,479.79999,460.0,466.0,1721.0
2019-02-21,479.89999,480.0,467.10001,479.0,1106.0
2019-02-22,467.10001,470.0,458.0,458.0,176.0
2019-02-25,450.20001,450.20001,450.04999,450.10001,43.0
2019-02-26,450.20001,450.20001,450.20001,450.20001,5.0
2019-02-27,450.79999,472.85001,450.25,472.85001,59.0
2019-02-28,451.0,460.0,450.60001,460.0,261.0
2019-03-01,447.20001,460.0,447.20001,460.0,1418.0
2019-03-05,448.0,465.95001,442.20001,465.95001,85.0
2019-03-06,444.10001,467.95001,444.10001,466.95001,9.0
2019-03-07,444.5,463.89999,444.5,463.89999,34.0
2019-03-08,445.35001,445.39999,445.35001,445.39999,9.0
2019-03-11,444.60001,459.85001,444.60001,459.85001,11.0
2019-03-12,445.85001,459.0,445.85001,459.0,6.0
2019-03-14,450.0,451.5,444.10001,451.5,39.0
2019-03-15,445.0,450.0,435.0,448.95001,147.0
2019-03-18,411.0,453.0,411.0,444.95001,16.0
2019-03-19,427.60001,444.89999,427.60001,444.89999,48.0
2019-03-20,436.25,436.25,436.10001,436.10001,84.0
2019-03-21,436.0,447.0,435.0,447.0,109.0
2019-03-22,435.0,438.85001,422.0,422.0,431.0
2019-03-25,422.0,422.0,381.14999,403.0,429.0
2019-03-26,416.0,419.64999,404.10001,419.64999,111.0
2019-03-27,405.0,434.89999,405.0,429.89999,597.0
2019-03-28,418.14999,431.79999,418.14999,431.79999,27.0
2019-03-29,430.0,449.0,415.0,415.0,1209.0
2019-04-01,441.95001,441.95001,406.0,409.04999,200.0
2019-04-02,404.0,413.0,401.0,412.85001,2020.0
2019-04-03,419.5,419.75,419.5,419.75,12.0
2019-04-04,410.0,417.95001,409.0,417.79999,167.0
2019-04-05,410.0,415.45001,401.14999,413.0,53.0
2019-04-08,409.60001,409.60001,393.0,393.0,145.0
2019-04-09,404.0,411.89999,404.0,411.89999,679.0
2019-04-10,407.0,407.0,399.95001,400.0,130.0
2019-04-11,395.04999,399.0,361.04999,398.0,977.0
2019-04-12,381.0,392.0,359.0,385.0,5453.0
2019-04-15,395.0,395.0,395.0,395.0,1.0
2019-04-16,368.10001,379.04999,368.10001,379.0,109.0
2019-04-17,372.0,392.79999,372.0,389.89999,40.0
2019-04-18,395.5,396.0,370.0,389.89999,7419.0
2019-04-19,391.95001,393.0,360.0,360.0,1449.0
2019-04-22,360.0,375.95001,360.0,375.95001,14.0
2019-04-23,361.0,375.79999,338.39999,338.39999,2378.0
2019-04-24,307.10001,334.5,304.60001,304.60001,12982.0
2019-04-25,301.60001,310.45001,301.60001,309.95001,295.0
2019-04-26,318.0,324.0,306.10001,318.0,23086.0
2019-04-29,333.0,335.0,322.20001,326.79999,831.0
2019-04-30,320.0,323.79999,311.0,311.0,945.0
2019-05-02,311.0,318.0,305.0,308.10001,290.0
2019-05-03,314.89999,328.0,314.89999,322.10001,4102.0
2019-05-06,320.0,329.89999,320.0,320.0,417.0
2019-05-07,321.0,321.0,311.64999,320.0,398.0
2019-05-08,320.0,320.5,312.10001,320.5,614.0
2019-05-09,320.0,320.0,309.0,313.0,665.0
2019-05-10,309.14999,313.0,305.35001,313.0,984.0
2019-05-13,315.0,321.89999,310.04999,321.0,1280.0
2019-05-14,329.0,339.0,327.5,338.95001,5834.0
2019-05-15,371.89999,372.79999,355.0,372.79999,4101.0
2019-05-16,375.0,410.0,375.0,410.0,6133.0
2019-05-17,429.0,429.0,372.75,377.20001,3516.0
2019-05-20,370.0,399.95001,370.0,399.95001,148.0
2019-05-21,372.0,378.0,360.0,360.14999,2611.0
2019-05-22,357.04999,368.79999,340.14999,360.0,1988.0
2019-05-23,370.0,395.95001,358.10001,393.0,2769.0
2019-05-24,400.0,415.0,393.79999,400.0,1953.0
2019-05-27,400.0,400.0,382.20001,383.0,346.0
2019-05-28,385.10001,399.0,385.10001,399.0,3032.0
2019-05-29,408.95001,408.95001,400.0,400.0,19.0
2019-05-30,400.0,400.0,380.0,380.0,1773.0
2019-05-31,380.0,380.0,370.0,371.04999,515.0
2019-06-03,370.0,375.0,360.0,375.0,148.0
2019-06-04,380.0,380.0,375.0,379.95001,248.0
2019-06-10,361.04999,387.0,361.04999,382.95001,78.0
2019-06-11,362.14999,380.0,362.14999,378.0,216.0
2019-06-12,378.0,387.0,372.0,379.0,199.0
2019-06-13,375.0,375.0,373.54999,373.54999,106.0
2019-06-14,373.29999,379.95001,373.14999,379.95001,241.0
2019-06-17,384.0,384.0,370.14999,370.14999,57.0
2019-06-18,370.20001,380.0,368.0,380.0,887.0
2019-06-19,366.0,383.89999,366.0,383.89999,399.0
2019-06-20,371.0,405.0,371.0,404.0,632.0
2019-06-21,385.0,407.0,385.0,407.0,1041.0
2019-06-24,400.0,420.0,400.0,419.0,507.0
2019-06-25,401.0,420.0,400.0,402.0,97.0
2019-06-26,402.0,414.0,381.0,409.0,222.0
2019-06-27,400.0,412.0,400.0,412.0,323.0
2019-06-28,380.10001,410.0,380.10001,410.0,1270.0
2019-07-01,400.0,409.0,400.0,409.0,20.0
2019-07-02,400.10001,400.10001,390.0,400.0,297.0
2019-07-03,387.0,399.89999,387.0,399.89999,4.0
2019-07-04,399.89999,403.0,399.89999,403.0,6.0
2019-07-05,381.0,401.0,381.0,401.0,19.0
2019-07-08,400.0,409.0,400.0,409.0,179.0
2019-07-09,400.0,409.0,400.0,409.0,42.0
2019-07-10,400.0,407.89999,392.0,407.89999,48.0
2019-07-11,400.0,405.0,396.0,405.0,1597.0
2019-07-12,396.0,404.5,396.0,404.5,5.0
2019-07-15,407.95001,416.79999,396.0,397.10001,214.0
2019-07-16,397.04999,411.0,397.04999,411.0,2306.0
2019-07-17,413.95001,429.0,408.04999,408.04999,1527.0
2019-07-18,408.10001,408.10001,395.20001,404.95001,387.0
2019-07-19,395.10001,401.95001,390.0,392.04999,1711.0
2019-07-22,403.0,403.0,391.0,391.0,51.0
2019-07-23,388.0,390.0,385.0,390.0,428.0
2019-07-24,394.95001,394.95001,386.0,393.95001,103.0
2019-07-25,386.64999,391.95001,386.0,391.89999,1603.0
2019-07-26,388.04999,394.0,386.0,394.0,104.0
2019-07-29,394.79999,395.0,388.20001,392.0,240.0
2019-07-31,392.85001,404.0,392.0,404.0,421.0
2019-08-01,393.5,404.75,393.5,403.95001,65.0
2019-08-02,400.0,405.0,392.70001,405.0,1016.0
2019-08-05,392.75,392.75,387.04999,390.5,142.0
2019-08-06,390.54999,390.70001,390.54999,390.70001,16.0
2019-08-07,390.79999,392.04999,390.79999,392.0,10.0
2019-08-08,391.25,402.95001,391.25,402.95001,14.0
2019-08-09,404.95001,405.0,404.95001,405.0,2.0
2019-08-15,403.95001,405.0,403.95001,405.0,1500.0
2019-08-16,393.04999,404.0,393.0,404.0,5.0
2019-08-19,400.0,403.95001,395.0,403.95001,16.0
2019-08-22,400.0,405.0,400.0,405.0,370.0
2019-08-23,404.0,409.0,400.0,408.85001,312.0
2019-08-26,416.95001,425.0,405.0,418.95001,1869.0
2019-08-27,420.0,424.0,420.0,424.0,111.0
2019-08-28,411.0,411.5,408.10001,408.10001,174.0
2019-08-29,408.04999,419.89999,408.04999,419.89999,144.0
2019-08-30,408.10001,418.0,405.0,406.0,2564.0
2019-09-02,401.20001,412.0,400.10001,412.0,79.0
2019-09-03,400.29999,401.0,400.0,401.0,349.0
2019-09-04,402.10001,412.95001,402.04999,412.95001,2344.0
2019-09-05,408.0,415.5,408.0,415.5,1012.0
2019-09-06,408.0,415.0,408.0,415.0,49.0
2019-09-09,406.54999,417.0,406.54999,417.0,4.0
2019-09-10,406.60001,416.89999,406.60001,416.89999,18.0
2019-09-11,408.0,416.70001,407.0,416.70001,776.0
2019-09-13,407.10001,416.0,407.0,415.0,145.0
2019-09-16,406.0,406.0,405.0,405.0,39.0
2019-09-17,400.0,404.95001,378.14999,404.0,37.0
2019-09-18,386.20001,386.20001,386.20001,386.20001,10.0
2019-09-19,386.29999,386.29999,386.29999,386.29999,2.0
2019-09-20,388.0,403.0,353.29999,385.0,416.0
2019-09-23,385.0,385.0,385.0,385.0,3.0
2019-09-24,385.0,397.95001,385.0,397.95001,4.0
2019-09-25,383.0,398.64999,370.0,376.0,132.0
2019-09-26,376.04999,395.89999,376.0,395.89999,31.0
2019-09-27,385.0,398.85001,370.04999,385.0,3326.0
2019-09-30,375.95001,400.95001,375.95001,400.95001,3.0
2019-10-01,376.5,376.5,376.5,376.5,108.0
2019-10-02,377.04999,394.89999,375.0,394.89999,2270.0
2019-10-03,376.0,376.0,376.0,376.0,3.0
2019-10-04,390.95001,390.95001,390.95001,390.95001,2.0
2019-10-07,375.25,396.45001,375.25,396.45001,25.0
2019-10-08,378.04999,378.04999,378.04999,378.04999,8.0
2019-10-09,378.45001,378.45001,378.39999,378.39999,6.0
2019-10-10,378.04999,378.5,377.79999,377.79999,55.0
2019-10-11,378.0,378.0,375.29999,378.0,141.0
2019-10-15,376.0,386.0,373.10001,386.0,144.0
2019-10-16,365.0,365.0,365.0,365.0,10.0
2019-10-17,366.0,366.04999,365.39999,365.89999,88.0
2019-10-18,379.0,390.0,370.0,390.0,1641.0
2019-10-21,371.0,393.0,371.0,393.0,19.0
2019-10-22,371.0,389.89999,371.0,389.89999,10.0
2019-10-23,373.0,388.0,373.0,388.0,33.0
2019-10-25,380.0,380.0,376.14999,380.0,1303.0
2019-10-28,371.64999,373.10001,371.60001,373.0,26.0
2019-10-29,375.0,390.0,375.0,390.0,42.0
2019-10-30,378.5,388.45001,378.0,388.45001,39.0
2019-10-31,378.04999,378.04999,375.0,375.0,96.0
2019-11-01,375.14999,390.0,375.10001,390.0,2460.0
2019-11-04,395.0,409.0,389.0,409.0,1034.0
2019-11-05,406.0,409.95001,398.0,404.89999,167.0
2019-11-07,392.0,392.0,392.0,392.0,62.0
2019-11-08,390.20001,403.0,389.0,403.0,84.0
2019-11-12,390.0,398.0,390.0,390.0,54.0
2019-11-13,387.0,401.35001,387.0,393.0,7492.0
2019-11-14,393.0,400.0,393.0,393.10001,474.0
2019-11-15,399.95001,410.0,399.95001,410.0,157.0
2019-11-19,394.04999,418.64999,394.04999,418.0,197.0
2019-11-20,411.10001,411.10001,398.60001,398.60001,715.0
2019-11-21,409.95001,435.0,396.10001,430.0,3929.0
2019-11-22,417.5,430.0,417.5,430.0,804.0
2019-11-25,429.95001,429.95001,420.0,429.95001,7.0
2019-11-26,420.0,443.79999,411.04999,431.0,740.0
2019-11-27,421.10001,470.0,421.10001,459.5,4298.0
2019-11-28,440.0,464.0,440.0,464.0,1484.0
2019-11-29,460.0,499.95001,460.0,480.0,3130.0
2019-12-02,497.0,497.0,496.0,496.0,471.0
2019-12-03,492.0,493.0,475.10001,491.0,29.0
2019-12-04,477.0,489.79999,476.0,489.79999,645.0
2019-12-05,475.0,485.0,475.0,479.0,671.0
2019-12-06,480.0,480.0,470.0,470.0,483.0
2019-12-09,466.0,466.0,452.0,455.0,1330.0
2019-12-10,455.04999,474.95001,455.0,472.0,210.0
2019-12-11,480.0,515.0,480.0,498.70001,6658.0
2019-12-12,485.0,496.5,483.5,496.5,682.0
2019-12-13,485.0,495.0,484.0,495.0,314.0
2019-12-16,487.0,514.90002,481.0,484.0,1078.0
2019-12-17,483.0,496.0,482.29999,494.5,246.0
2019-12-18,485.0,494.95001,485.0,494.95001,30.0
2019-12-19,484.10001,495.0,484.10001,494.89999,1418.0
2019-12-20,485.10001,494.0,485.10001,494.0,480.0
2019-12-23,485.10001,485.20001,476.0,485.0,3890.0
2019-12-24,481.0,481.0,470.10001,480.95001,1642.0
2019-12-25,482.39999,489.89999,465.0,489.89999,898.0
2019-12-26,475.5,475.5,456.0,456.0,1168.0
2019-12-27,469.0,480.0,460.04999,470.0,6539.0
2019-12-30,459.10001,478.0,459.10001,478.0,38.0
2019-12-31,477.0,477.0,477.0,477.0,300.0
2020-01-06,470.0,470.0,469.0,469.0,6.0
2020-01-07,461.04999,468.85001,450.0,468.85001,220.0
2020-01-08,450.04999,467.75,450.04999,467.75,18.0
2020-01-09,455.10001,484.79999,448.0,470.0,1049.0
2020-01-10,460.04999,482.0,458.25,482.0,381.0
2020-01-13,471.0,471.0,465.0,465.5,141.0
2020-01-14,465.5,478.89999,451.5,478.89999,1531.0
2020-01-15,455.10001,474.89999,455.10001,474.89999,21.0
2020-01-16,456.39999,473.95001,456.39999,473.95001,5.0
2020-01-17,460.0,494.0,460.0,494.0,1802.0
2020-01-20,472.10001,487.0,472.10001,487.0,34.0
2020-01-21,477.04999,489.89999,465.25,489.89999,70.0
2020-01-22,478.0,491.75,478.0,491.75,11.0
2020-01-23,481.0,481.0,481.0,481.0,166.0
2020-01-24,472.04999,490.0,472.04999,490.0,1232.0
2020-01-27,490.0,490.0,490.0,490.0,23.0
2020-01-28,477.5,488.95001,477.5,488.95001,4.0
2020-01-30,475.20001,490.0,475.20001,490.0,138.0
2020-01-31,475.39999,485.0,475.39999,485.0,287.0
2020-02-03,485.0,490.0,485.0,490.0,60.0
2020-02-04,476.54999,490.0,476.5,490.0,154.0
2020-02-05,480.0,489.95001,478.29999,489.95001,29.0
2020-02-06,478.54999,489.5,477.29999,489.5,110.0
2020-02-07,489.5,489.5,489.5,489.5,405.0
2020-02-10,477.54999,477.54999,477.54999,477.54999,3.0
2020-02-11,478.25,478.25,478.04999,478.04999,4.0
2020-02-12,476.0,486.95001,471.0,486.95001,401.0
2020-02-13,470.25,475.04999,470.25,475.04999,36.0
2020-02-14,470.39999,495.0,470.39999,493.5,1677.0
2020-02-17,515.0,539.0,510.0,539.0,671.0
2020-02-18,531.0,580.0,510.5,510.5,1612.0
2020-02-19,540.0,542.0,528.0,540.0,580.0
2020-02-20,528.0,554.90002,527.09998,549.0,161.0
2020-02-21,557.90002,559.0,520.0,520.0,640.0
2020-02-24,545.0,545.0,520.0,541.0,145.0
2020-02-26,523.5,537.0,521.0,537.0,1525.0
2020-02-27,537.79999,545.0,525.0,541.0,467.0
2020-02-28,527.09998,541.0,525.0,539.0,888.0
2020-03-02,526.09998,538.0,526.0,538.0,66.0
2020-03-03,525.0,528.0,497.0,501.10001,516.0
2020-03-04,527.0,527.0,491.04999,509.0,1337.0
2020-03-06,491.20001,509.0,491.20001,492.5,2250.0
2020-03-09,444.0,508.0,443.39999,478.0,1377.0
2020-03-10,444.5,485.0,444.5,482.0,1606.0
2020-03-11,485.0,509.0,460.10001,482.0,787.0
2020-03-12,461.0,489.70001,433.85001,433.85001,3576.0
2020-03-13,430.0,443.89999,390.5,400.0,4095.0
2020-03-16,375.04999,402.95001,360.04999,360.04999,557.0
2020-03-17,345.64999,360.0,345.64999,345.64999,5127.0
2020-03-18,331.85001,331.85001,331.85001,331.85001,15.0
2020-03-19,345.0,345.10001,345.0,345.10001,3549.0
2020-03-20,358.89999,358.89999,358.89999,358.89999,1.0
2020-03-23,373.25,373.25,373.25,373.25,2003.0
2020-03-24,388.14999,388.14999,388.14999,388.14999,2648.0
2020-03-25,400.0,403.0,388.14999,398.0,2250.0
2020-03-26,398.0,413.0,398.0,413.0,465.0
2020-03-27,425.0,428.0,402.0,427.79999,95.0
2020-03-30,428.5,428.5,428.5,428.5,138.0
2020-03-31,411.5,427.5,411.5,427.5,29.0
2020-04-02,425.0,443.75,425.0,440.0,280.0
2020-04-06,422.45001,454.0,422.45001,454.0,86.0
2020-04-07,436.0,469.0,436.0,464.95001,173.0
2020-04-08,464.95001,465.0,464.95001,465.0,10.0
2020-04-09,459.0,481.79999,459.0,476.0,181.0
2020-04-10,488.79999,488.79999,457.0,457.0,63.0
2020-04-13,470.0,470.0,463.0,463.0,28.0
2020-04-15,459.0,473.60001,445.14999,453.79999,261.0
2020-04-16,466.0,466.0,449.89999,458.0,328.0
2020-04-17,470.0,470.0,470.0,470.0,1000.0
2020-04-20,473.0,473.0,452.0,452.0,17.0
2020-04-22,449.10001,459.95001,449.10001,459.95001,3.0
2020-04-23,448.0,448.0,448.0,448.0,4.0
2020-04-24,448.0,465.0,430.10001,465.0,311.0
2020-04-27,454.0,454.0,454.0,454.0,400.0
2020-04-28,464.89999,464.89999,464.89999,464.89999,12.0
2020-04-29,464.89999,474.0,446.35001,448.0,601.0
2020-04-30,450.0,450.0,450.0,450.0,1767.0
2020-05-04,457.0,457.0,455.95001,457.0,837.0
2020-05-05,442.10001,472.89999,442.10001,472.89999,860.0
2020-05-06,474.95001,490.0,474.95001,490.0,460.0
2020-05-07,494.79999,495.0,494.60001,494.60001,245.0
2020-05-08,494.85001,494.89999,485.0,485.0,62.0
2020-05-11,482.0,482.0,482.0,482.0,105.0
2020-05-12,469.20001,478.0,465.0,465.0,651.0
2020-05-13,477.25,477.25,477.25,477.25,10.0
2020-05-14,486.75,486.75,486.75,486.75,1.0
2020-05-15,475.0,479.0,475.0,478.0,857.0
2020-05-18,487.5,490.0,459.0,459.0,2235.0
2020-05-19,474.89999,474.89999,459.75,473.95001,12.0
2020-05-20,469.0,470.0,460.04999,470.0,99.0
2020-05-21,487.70001,487.70001,470.0,480.0,205.0
2020-05-22,460.85001,460.85001,460.85001,460.85001,378.0
2020-05-26,460.0,460.0,442.45001,442.45001,4505.0
2020-05-27,432.0,445.0,432.0,445.0,26.0
2020-05-28,445.0,454.95001,440.0,440.0,831.0
2020-05-29,435.04999,440.0,432.0,433.0,1752.0
2020-06-01,431.0,442.89999,425.0,425.0,842.0
2020-06-02,426.0,434.5,420.04999,430.0,5940.0
2020-06-03,430.0,430.0,425.0,425.0,1071.0
2020-06-04,441.0,441.0,420.0,437.0,190.0
2020-06-05,430.0,436.79999,427.54999,436.79999,114.0
2020-06-08,439.39999,439.39999,439.39999,439.39999,1.0
2020-06-09,437.89999,445.0,437.89999,445.0,431.0
2020-06-10,440.0,455.0,440.0,455.0,41.0
2020-06-11,450.0,455.0,450.0,455.0,210.0
2020-06-12,446.0,455.0,440.0,455.0,555.0
2020-06-15,454.95001,455.0,445.0,455.0,646.0
2020-06-16,445.0,455.0,445.0,455.0,206.0
2020-06-17,473.14999,473.14999,459.95001,459.95001,9308.0
2020-06-18,477.0,478.29999,460.0,460.0,510.0
2020-06-19,464.95001,465.0,464.95001,465.0,29.0
2020-06-22,464.95001,464.95001,464.95001,464.95001,3.0
2020-06-24,455.70001,455.70001,446.60001,446.60001,169.0
2020-06-25,439.89999,439.89999,428.75,428.75,2323.0
2020-06-26,429.0,445.0,428.75,445.0,2233.0
2020-06-29,462.75,462.75,429.10001,450.0,58.0
2020-06-30,432.04999,433.0,432.04999,432.04999,6652.0
2020-07-01,430.0,430.0,419.10001,425.0,552.0
2020-07-02,425.0,435.0,425.0,435.0,503.0
2020-07-03,435.0,445.0,419.04999,425.0,6902.0
2020-07-06,433.0,433.0,427.0,430.0,5.0
2020-07-07,428.95001,429.0,412.85001,412.85001,2371.0
2020-07-08,399.04999,420.0,397.0,416.75,1542.0
2020-07-09,420.0,420.0,400.10001,400.10001,3268.0
2020-07-10,414.95001,414.95001,409.0,410.0,637.0
2020-07-13,401.0,402.0,400.0,400.0,2620.0
2020-07-14,401.0,407.89999,400.0,400.0,158.0
2020-07-15,396.0,410.0,396.0,410.0,1063.0
2020-07-16,402.04999,402.04999,402.04999,402.04999,420.0
2020-07-17,403.0,415.0,400.0,415.0,4229.0
2020-07-20,414.95001,423.0,414.95001,420.0,647.0
2020-07-21,427.95001,427.95001,416.0,420.0,161.0
2020-07-22,426.70001,426.70001,426.0,426.0,453.0
2020-07-23,427.5,434.0,427.5,434.0,112.0
2020-07-24,420.29999,449.0,420.29999,449.0,277.0
2020-07-27,434.14999,460.0,434.14999,457.79999,196.0
2020-07-28,439.5,439.5,439.5,439.5,768.0
2020-07-29,421.95001,421.95001,421.95001,421.95001,878.0
2020-08-03,408.0,437.89999,405.10001,405.10001,752.0
2020-08-04,418.89999,418.89999,400.0,400.0,2375.0
2020-08-05,405.10001,408.95001,400.0,400.0,274.0
2020-08-06,400.04999,403.0,390.0,390.0,1098.0
2020-08-07,390.0,400.0,380.5,400.0,1099.0
2020-08-10,391.10001,396.95001,387.5,395.95001,212.0
2020-08-11,388.04999,397.0,382.0,382.0,3923.0
2020-08-12,397.0,397.0,382.10001,395.0,407.0
2020-08-13,383.0,407.0,383.0,395.0,1405.0
2020-08-17,403.95001,403.95001,401.0,401.0,322.0
2020-08-18,408.0,408.0,404.0,404.0,14.0
2020-08-19,396.0,403.0,395.0,395.0,439.0
2020-08-24,395.0,395.0,390.0,390.0,74.0
2020-08-25,387.89999,387.89999,374.45001,374.45001,664.0
2020-08-26,375.0,376.0,365.0,365.0,1182.0
2020-08-27,365.0,373.0,356.0,373.0,226.0
2020-08-28,358.10001,387.89999,358.10001,387.89999,95.0
2020-08-31,395.0,402.85001,393.0,398.20001,220.0
2020-09-01,383.10001,398.95001,382.5,398.95001,1068.0
2020-09-02,409.70001,409.70001,399.89999,400.0,87.0
2020-09-03,400.0,407.95001,384.10001,407.95001,117.0
2020-09-04,392.04999,406.0,392.04999,395.0,48.0
2020-09-07,409.0,409.0,409.0,409.0,33.0
2020-09-08,396.0,413.89999,396.0,410.5,114.0
2020-09-09,408.89999,425.0,397.0,397.0,924.0
2020-09-10,400.0,404.70001,395.20001,404.70001,53.0
2020-09-11,400.0,400.0,400.0,400.0,203.0
2020-09-14,390.0,390.0,384.04999,390.0,806.0
2020-09-15,404.0,404.0,379.0,397.5,35.0
2020-09-17,390.0,397.64999,390.0,390.0,283.0
2020-09-18,390.0,397.75,390.0,395.0,260.0
2020-09-21,390.0,390.0,390.0,390.0,54.0
2020-09-22,379.0,391.0,375.0,391.0,1348.0
2020-09-23,400.0,406.60001,400.0,406.60001,5473.0
2020-09-24,414.0,414.0,405.5,405.5,252.0
2020-09-25,398.0,405.0,398.0,405.0,4175.0
2020-09-28,398.14999,403.89999,390.0,390.0,1381.0
2020-09-29,391.10001,402.5,385.0,390.0,3964.0
2020-09-30,400.0,400.0,400.0,400.0,3.0
2020-10-01,400.0,410.29999,399.89999,409.35001,409.0
2020-10-02,410.0,410.0,401.0,407.5,57.0
2020-10-05,407.39999,407.39999,407.39999,407.39999,7.0
2020-10-06,403.0,407.0,403.0,407.0,111.0
2020-10-07,407.0,408.0,400.0,400.0,1537.0
2020-10-08,401.04999,408.0,401.0,408.0,47.0
2020-10-09,405.0,405.0,402.04999,405.0,131.0
2020-10-12,402.5,405.0,391.5,405.0,154.0
2020-10-13,395.0,404.64999,395.0,404.64999,48.0
2020-10-14,405.0,405.0,393.0,404.0,290.0
2020-10-15,400.0,400.0,395.10001,400.0,14.0
2020-10-16,395.20001,407.89999,395.20001,407.89999,353.0
2020-10-19,407.85001,407.95001,391.60001,399.95001,675.0
2020-10-20,393.25,403.0,393.25,400.0,121.0
2020-10-21,395.04999,400.0,395.04999,400.0,95.0
2020-10-22,403.0,403.0,393.0,400.0,2574.0
2020-10-23,393.10001,407.0,393.10001,407.0,668.0
2020-10-26,406.5,406.79999,400.0,406.79999,307.0
2020-10-27,400.04999,405.0,398.10001,405.0,281.0
2020-10-28,398.14999,403.95001,398.10001,398.29999,273.0
2020-11-02,398.29999,405.0,390.0,405.0,810.0
2020-11-03,408.79999,409.0,393.85001,400.0,168.0
2020-11-04,408.89999,408.89999,408.89999,408.89999,6.0
2020-11-05,407.85001,407.89999,392.54999,392.54999,934.0
2020-11-09,393.0,404.0,393.0,404.0,692.0
2020-11-10,409.95001,409.95001,400.0,405.0,981.0
2020-11-11,400.04999,400.04999,400.0,400.0,33.0
2020-11-12,400.0,404.0,400.0,404.0,675.0
2020-11-13,400.0,400.0,400.0,400.0,302.0
2020-11-16,396.0,397.5,396.0,397.5,500.0
2020-11-17,400.0,408.85001,400.0,408.0,463.0
2020-11-19,410.0,424.29999,410.0,424.29999,5185.0
2020-11-20,434.95001,434.95001,421.5,425.0,680.0
2020-11-23,430.0,431.0,418.0,424.0,409.0
2020-11-24,439.89999,439.89999,418.0,418.10001,504.0
2020-11-25,429.89999,429.89999,429.89999,429.89999,1.0
2020-11-26,418.0,425.0,415.10001,425.0,48.0
2020-11-27,428.0,435.0,427.70001,434.79999,446.0
2020-11-30,430.0,433.0,418.14999,425.0,306.0
2020-12-01,420.0,428.25,415.0,424.0,224.0
2020-12-02,417.0,423.95001,416.04999,423.95001,69.0
2020-12-03,418.0,430.0,417.0,430.0,1625.0
2020-12-04,429.5,429.95001,421.0,429.95001,700.0
2020-12-07,427.95001,434.5,427.95001,434.0,891.0
2020-12-08,430.0,451.0,425.0,445.0,9441.0
2020-12-09,455.0,460.0,445.5,449.89999,8225.0
2020-12-10,455.0,456.0,449.5,452.0,18857.0
2020-12-11,453.0,465.0,453.0,457.0,3287.0
2020-12-14,456.0,460.0,445.0,453.0,392.0
2020-12-15,447.0,450.0,437.10001,437.10001,3317.0
2020-12-16,454.20001,454.54999,453.0,454.54999,2812.0
2020-12-17,456.0,472.70001,456.0,465.5,5752.0
2020-12-18,469.0,473.0,462.0,462.0,2203.0
2020-12-21,458.10001,458.10001,443.54999,443.60001,4591.0
2020-12-22,435.60001,461.20001,435.60001,461.20001,2454.0
2020-12-23,471.95001,479.60001,471.5,479.60001,1511.0
2020-12-24,488.0,488.0,479.60001,482.04999,4909.0
2020-12-25,475.0,485.0,465.0,473.0,6668.0
2020-12-28,470.0,471.95001,465.0,467.04999,1188.0
2020-12-29,474.0,476.5,465.0,473.95001,928.0
2020-12-30,465.5,473.39999,462.20001,462.20001,1016.0
2020-12-31,462.20001,468.14999,459.0,465.0,1155.0
2021-01-04,462.10001,475.0,462.10001,466.0,1077.0
2021-01-05,468.95001,475.0,460.0,463.95001,1241.0
2021-01-06,460.14999,479.0,460.0,475.0,6504.0
2021-01-07,478.95001,478.95001,470.0,478.89999,311.0
2021-01-08,476.95001,476.95001,468.0,473.0,1272.0
2021-01-12,475.0,478.79999,474.95001,478.64999,542.0
2021-01-13,478.79999,478.79999,470.20001,472.39999,330.0
2021-01-14,471.04999,491.25,471.04999,487.95001,2339.0
2021-01-15,488.0,488.95001,482.20001,484.35001,1189.0
2021-01-18,488.95001,497.5,481.20001,497.0,3284.0
2021-01-19,496.89999,515.0,486.04999,504.0,19729.0
2021-01-20,515.0,520.0,510.0,514.09998,8026.0
2021-01-21,519.0,528.0,517.0,521.09998,13913.0
2021-01-22,522.0,522.09998,505.0,511.0,2818.0
2021-01-25,518.0,531.40002,518.0,531.40002,11061.0
2021-01-26,548.5,548.5,540.0,544.0,11256.0
2021-01-27,549.0,552.0,535.0,545.0,5653.0
2021-01-28,552.79999,552.79999,536.09998,540.0,5027.0
2021-01-29,540.0,548.0,540.0,545.0,1581.0
2021-02-01,542.09998,545.0,538.0,544.0,1365.0
2021-02-02,541.5,550.0,540.0,547.0,5550.0
2021-02-03,550.0,564.5,549.90002,560.0,4740.0
2021-02-04,567.0,567.0,561.0,561.0,685.0
2021-02-05,561.0,565.0,555.0,555.0,2487.0
2021-02-08,561.0,561.0,555.0,559.0,1777.0
2021-02-09,559.0,559.0,550.0,552.0,4825.0
2021-02-10,551.0,551.0,548.0,548.90002,10809.0
2021-02-11,543.0,548.90002,543.0,548.0,337.0
2021-02-12,546.0,548.79999,544.09998,548.79999,995.0
2021-02-15,549.0,560.0,545.09998,559.0,987.0
2021-02-16,552.09998,554.0,552.0,554.0,180.0
2021-02-17,553.20001,558.0,553.0,558.0,866.0
2021-02-18,558.0,560.0,555.0,557.90002,921.0
2021-02-19,557.90002,557.90002,555.0,555.0,354.0
2021-02-22,548.5,556.0,547.0,550.5,1762.0
2021-02-23,550.0,570.0,550.0,557.0,1023.0
2021-02-24,557.0,561.0,549.0,549.0,1724.0
2021-02-25,547.09998,554.90002,547.09998,548.0,1071.0
2021-02-26,550.0,553.90002,545.0,553.90002,142.0
2021-03-01,555.0,555.0,555.0,555.0,4.0
2021-03-02,550.0,551.0,544.5,550.0,546.0
2021-03-03,547.0,550.0,540.0,540.0,1374.0
2021-03-04,536.5,550.0,536.5,550.0,101.0
2021-03-05,540.09998,550.0,540.0,545.0,505.0
2021-03-08,541.0,550.0,540.0,550.0,72.0
2021-03-09,541.0,556.0,541.0,556.0,1579.0
2021-03-10,558.0,564.79999,557.09998,563.0,4346.0
2021-03-11,565.0,565.0,553.0,553.0,635.0
2021-03-12,558.90002,558.90002,548.0,558.0,880.0
2021-03-15,545.0,556.0,545.0,556.0,34.0
2021-03-16,554.90002,555.0,554.90002,555.0,10.0
2021-03-17,550.0,555.0,545.0,555.0,335.0
2021-03-18,546.0,554.90002,545.0,554.90002,859.0
2021-03-19,542.5,563.79999,542.5,550.0,3891.0
2021-03-22,547.0,550.0,547.0,548.0,112.0
2021-03-23,546.0,550.0,539.0,550.0,1850.0
2021-03-24,549.0,563.59998,548.0,563.59998,12054.0
2021-03-25,550.0,560.0,547.0,560.0,1114.0
2021-03-26,560.0,582.29999,560.0,577.0,18359.0
2021-03-29,574.0,582.0,565.0,579.79999,10113.0
2021-03-30,581.0,581.90002,578.0,578.5,1867.0
2021-03-31,579.0,579.79999,572.0,575.0,6791.0
2021-04-01,576.79999,576.79999,565.0,566.0,479.0
2021-04-02,566.0,569.70001,556.0,556.0,2353.0
2021-04-05,555.0,564.0,552.0,561.0,1652.0
2021-04-06,553.0,564.0,553.0,561.90002,32.0
2021-04-07,554.0,555.0,550.0,553.0,518.0
2021-04-08,546.29999,561.0,546.29999,553.20001,713.0
2021-04-09,552.20001,557.0,552.0,553.0,358.0
2021-04-12,556.0,556.0,546.0,550.0,1861.0
2021-04-13,559.90002,560.0,542.29999,549.5,2657.0
2021-04-14,550.0,558.0,550.0,558.0,48.0
2021-04-15,557.90002,557.90002,548.20001,555.0,69.0
2021-04-16,557.0,557.0,549.79999,554.0,78.0
2021-04-19,554.0,569.0,550.0,560.0,790.0
2021-04-20,565.0,575.0,565.0,574.0,4115.0
2021-04-21,570.0,579.0,570.0,578.0,520.0
2021-04-22,570.0,578.90002,570.0,572.0,354.0
2021-04-23,563.09998,574.90002,563.0,568.0,859.0
2021-04-26,563.09998,572.0,563.0,569.0,3250.0
2021-04-27,563.0,568.0,563.0,568.0,1082.0
2021-04-28,564.0,575.0,564.0,575.0,3431.0
2021-04-29,572.0,597.0,572.0,597.0,7045.0
2021-04-30,600.0,609.0,600.0,605.0,1464.0
2021-05-03,601.0,608.5,601.0,605.0,1340.0
2021-05-04,601.0,612.0,601.0,601.0,965.0
2021-05-05,601.0,607.0,595.0,600.0,4736.0
2021-05-06,601.0,610.0,598.0,601.0,7841.0
2021-05-07,600.0,604.0,595.0,604.0,4134.0
2021-05-10,605.0,605.0,594.5,599.0,1887.0
2021-05-11,595.0,599.0,585.0,599.0,2786.0
2021-05-12,600.0,621.5,600.0,619.29999,7684.0
2021-05-17,619.90002,630.0,618.09998,619.0,4418.0
2021-05-18,619.09998,628.0,619.0,621.0,6510.0
2021-05-19,627.0,644.0,626.0,641.09998,16514.0
2021-05-20,650.0,660.0,640.0,655.0,11843.0
2021-05-21,659.0,675.0,650.09998,665.0,5822.0
2021-05-24,670.59998,679.0,652.0,652.0,1747.0
2021-05-25,671.0,671.0,657.0,667.0,861.0
2021-05-26,677.90002,680.0,665.0,679.0,24287.0
2021-05-27,680.0,685.5,672.09998,683.79999,1552.0
2021-05-28,672.20001,672.20001,665.0,670.0,2887.0
2021-05-31,670.0,670.0,660.0,670.0,2506.0
2021-06-01,655.0,665.0,655.0,664.29999,3387.0
2021-06-02,670.0,685.0,664.29999,679.0,1231.0
2021-06-03,667.0,678.90002,667.0,672.0,496.0
2021-06-04,679.70001,679.70001,670.0,674.0,15628.0
2021-06-07,670.0,676.0,670.0,676.0,747.0
2021-06-08,677.0,694.0,670.0,693.0,5365.0
2021-06-09,693.0,710.0,693.0,710.0,20546.0
2021-06-10,718.0,728.0,707.0,725.0,528.0
2021-06-11,729.90002,730.0,700.0,727.90002,13874.0
2021-06-14,733.0,735.0,725.0,734.0,1904.0
2021-06-15,732.0,732.0,718.0,725.0,3289.0
2021-06-16,720.0,725.0,701.20001,706.0,7671.0
2021-06-17,705.0,710.0,700.0,710.0,870.0
2021-06-18,709.0,728.0,709.0,725.0,2499.0
2021-06-21,716.0,726.90002,716.0,726.90002,415.0
2021-06-22,725.0,733.0,725.0,733.0,5537.0
2021-06-23,735.0,755.0,735.0,743.90002,9528.0
2021-06-24,749.0,755.0,744.0,755.0,11691.0
2021-06-25,758.0,759.0,745.0,757.0,1683.0
2021-06-28,773.0,774.0,753.0,757.0,1395.0
2021-06-29,754.5,767.0,750.0,759.0,1901.0
2021-06-30,769.0,769.0,745.0,750.0,1095.0
2021-07-01,751.0,752.0,750.0,750.0,536.0
2021-07-02,750.0,750.0,740.0,750.0,3019.0
2021-07-05,757.90002,757.90002,720.09998,720.09998,3145.0
2021-07-06,702.0,734.0,700.0,730.0,1433.0
2021-07-07,730.0,745.0,730.0,743.0,200.0
2021-07-08,743.90002,744.0,743.90002,744.0,93.0
2021-07-09,744.0,744.0,735.09998,740.0,677.0
2021-07-12,740.0,744.0,732.0,744.0,161.0
2021-07-13,733.0,740.0,733.0,739.0,54.0
2021-07-14,735.0,745.0,717.59998,735.0,534.0
2021-07-15,721.0,732.90002,715.29999,732.90002,1574.0
2021-07-16,730.0,730.0,720.0,730.0,631.0
2021-07-19,732.90002,743.0,723.0,723.0,75.0
2021-07-20,740.0,740.0,720.5,720.5,145.0
2021-07-23,723.0,732.90002,723.0,732.90002,87.0
2021-07-26,721.20001,735.0,721.0,732.0,163.0
2021-07-27,722.0,730.90002,722.0,727.90002,92.0
2021-07-28,721.09998,730.79999,720.0,726.0,3253.0
2021-07-29,721.0,725.59998,721.0,725.59998,303.0
2021-08-02,721.09998,733.90002,720.0,733.90002,104.0
2021-08-03,720.0,750.0,720.0,750.0,2110.0
2021-08-04,778.90002,779.90002,773.79999,773.79999,5392.0
2021-08-05,790.0,790.0,760.0,775.0,230.0
2021-08-06,774.0,774.0,760.0,769.90002,202.0
2021-08-09,745.0,774.79999,745.0,774.79999,564.0
2021-08-11,755.0,773.90002,755.0,756.20001,429.0
2021-08-12,769.0,769.0,730.0,743.90002,8704.0
2021-08-13,750.0,750.0,714.20001,714.20001,7487.0
2021-08-16,690.0,734.79999,690.0,711.0,5584.0
2021-08-17,718.79999,739.0,718.79999,734.0,1436.0
2021-08-18,739.0,749.0,734.0,740.0,1780.0
2021-08-19,730.0,742.90002,730.0,742.90002,216.0
2021-08-23,739.0,743.0,730.0,730.0,371.0
2021-08-24,747.90002,747.90002,747.90002,747.90002,140.0
2021-08-25,718.0,718.0,718.0,718.0,122.0
2021-08-26,689.29999,689.29999,689.29999,689.29999,863.0
2021-08-27,682.0,709.0,682.0,688.0,13954.0
2021-08-30,691.0,714.0,691.0,714.0,5774.0
2021-08-31,716.0,738.79999,705.09998,707.0,2295.0
2021-09-01,729.90002,729.90002,701.0,718.90002,1942.0
2021-09-02,700.09998,722.0,690.20001,700.0,6524.0
2021-09-03,719.0,727.90002,703.0,718.90002,1411.0
2021-09-06,720.0,720.0,720.0,720.0,40.0
2021-09-07,716.0,730.0,696.0,700.0,3179.0
2021-09-08,699.0,700.0,695.0,698.0,1126.0
2021-09-09,710.0,710.0,700.0,708.0,653.0
2021-09-10,712.0,712.0,690.0,690.0,1788.0
2021-09-13,710.0,710.0,667.0,706.90002,415.0
2021-09-14,706.90002,706.90002,695.0,705.0,196.0
2021-09-15,706.90002,706.90002,700.0,705.0,420.0
2021-09-16,700.0,705.0,700.0,700.0,8451.0
2021-09-17,699.0,700.0,690.0,690.0,1365.0
2021-09-20,700.0,717.5,700.0,708.0,1686.0
2021-09-21,705.0,720.0,705.0,715.0,10077.0
2021-09-22,718.5,718.5,705.0,715.0,1201.0
2021-09-23,710.79999,719.0,710.79999,719.0,4748.0
2021-09-24,720.0,746.0,720.0,745.0,10371.0
2021-09-27,750.0,755.0,746.0,754.0,2941.0
2021-09-28,780.0,780.0,750.0,758.0,16857.0
2021-09-29,757.0,757.0,735.0,740.0,862.0
2021-09-30,740.0,740.0,721.0,730.0,9466.0
2021-10-01,720.0,733.90002,716.0,716.0,1398.0
2021-10-04,740.0,743.0,713.0,740.0,323.0
2021-10-05,722.09998,752.0,722.09998,750.0,4282.0
2021-10-06,770.0,777.0,742.0,754.90002,2225.0
2021-10-07,767.0,767.0,738.70001,759.59998,3470.0
2021-10-08,761.0,761.0,753.29999,757.90002,1573.0
2021-10-11,769.5,788.0,760.20001,768.90002,1649.0
2021-10-12,769.0,774.0,766.0,773.0,441.0
2021-10-13,775.0,776.5,765.0,774.0,1665.0
2021-10-14,776.0,784.0,770.20001,778.0,2853.0
2021-10-15,780.0,799.40002,778.0,793.0,16429.0
2021-10-18,794.0,807.90002,781.0,790.5,3040.0
2021-10-21,787.5,787.5,780.0,780.0,274.0
2021-10-22,777.0,778.0,770.0,778.0,1136.0
2021-10-25,770.0,789.90002,770.0,780.0,69.0
2021-10-26,774.0,785.0,774.0,785.0,1644.0
2021-10-27,773.0,788.90002,773.0,784.0,5701.0
2021-10-28,771.5,775.0,765.0,765.0,2506.0
2021-10-29,764.0,774.5,752.0,767.0,7813.0
2021-11-01,761.0,773.79999,752.0,770.0,557.0
2021-11-02,758.0,760.0,758.0,759.09998,269.0
2021-11-03,761.0,766.79999,752.29999,766.79999,1519.0
2021-11-04,752.09998,758.0,740.0,747.09998,4259.0
2021-11-05,742.0,742.0,730.0,742.0,3685.0
2021-11-08,725.0,739.90002,725.0,739.90002,757.0
2021-11-09,739.90002,747.0,730.0,746.0,766.0
2021-11-10,747.0,768.0,745.0,746.0,648.0
2021-11-11,759.0,759.0,734.0,736.0,677.0
2021-11-12,736.09998,750.0,736.0,750.0,81.0
2021-11-15,788.90002,790.0,770.0,781.0,2457.0
2021-11-16,771.0,777.0,771.0,777.0,1900.0
2021-11-17,779.0,780.90002,770.0,775.0,11203.0
2021-11-19,780.0,783.0,775.0,775.0,2379.0
2021-11-22,780.79999,780.79999,770.0,770.0,981.0
2021-11-23,760.0,773.90002,750.0,769.79999,4217.0
2021-11-24,753.09998,755.0,750.0,750.0,6310.0
2021-11-25,748.09998,765.90002,733.20001,754.90002,1475.0
2021-11-26,745.0,750.0,737.79999,750.0,710.0
2021-11-29,722.0,731.90002,707.09998,731.0,2486.0
2021-11-30,727.0,748.90002,727.0,748.0,474.0
2021-12-01,741.0,758.0,741.0,748.0,478.0
2021-12-02,743.0,749.70001,731.5,740.0,745.0
2021-12-03,734.0,749.90002,725.0,739.0,3103.0
2021-12-06,725.0,740.0,722.29999,739.90002,341.0
2021-12-07,745.0,745.0,731.0,740.0,2037.0
2021-12-08,734.0,740.0,734.0,735.0,299.0
2021-12-09,732.09998,735.0,731.09998,735.0,348.0
2021-12-10,732.20001,739.90002,730.0,730.0,1556.0
2021-12-13,730.0,737.90002,726.29999,737.0,92.0
2021-12-14,728.09998,736.59998,727.0,736.59998,808.0
2021-12-15,734.90002,750.0,734.90002,744.0,193.0
2021-12-16,725.09998,744.59998,725.09998,737.0,945.0
2021-12-17,727.59998,742.0,727.59998,742.0,16.0
2021-12-20,732.0,740.0,728.20001,740.0,515.0
2021-12-21,728.59998,737.0,722.0,730.0,2113.0
2021-12-22,723.09998,731.70001,720.0,730.0,513.0
2021-12-23,724.0,730.0,723.0,730.0,580.0
2021-12-24,732.0,759.0,732.0,759.0,1030.0
2021-12-27,743.79999,752.90002,725.0,752.90002,48.0
2021-12-28,727.0,749.0,727.0,749.0,888.0
2021-12-29,735.0,749.0,735.0,749.0,827.0
2021-12-30,735.09998,749.0,735.09998,749.0,1561.0
2021-12-31,748.90002,748.90002,720.0,720.0,10940.0
2022-01-03,725.0,744.70001,725.0,744.70001,43.0
2022-01-04,744.0,744.0,735.0,735.0,153.0
2022-01-05,732.20001,743.5,728.0,743.5,59.0
2022-01-06,735.20001,740.0,735.09998,740.0,129.0
2022-01-07,730.20001,750.0,730.20001,745.0,817.0
2022-01-10,745.0,756.0,745.0,754.0,1832.0
2022-01-12,754.0,755.0,745.0,750.0,2258.0
2022-01-13,741.09998,773.0,741.09998,772.90002,11339.0
2022-01-14,779.0,789.0,770.0,784.90002,2972.0
2022-01-17,780.0,799.5,780.0,796.0,8978.0
2022-01-18,791.0,807.0,789.0,802.0,15838.0
2022-01-19,807.0,814.90002,800.0,810.0,5452.0
2022-01-20,801.0,818.79999,800.0,800.0,11858.0
2022-01-21,796.0,809.0,790.0,797.90002,3204.0
2022-01-24,797.0,800.0,780.20001,785.09998,1055.0
2022-01-25,780.09998,795.29999,770.0,779.0,1952.0
2022-01-26,782.0,790.0,773.0,790.0,13874.0
2022-01-27,782.0,809.0,782.0,803.0,3476.0
2022-01-28,801.0,809.0,797.0,800.0,1915.0
2022-01-31,796.0,799.0,795.09998,798.5,731.0
2022-02-01,794.20001,807.90002,794.20001,804.29999,958.0
2022-02-02,801.0,815.0,800.0,815.0,4652.0
2022-02-03,820.0,838.0,819.90002,823.0,6477.0
2022-02-04,816.5,829.5,816.5,826.0,3524.0
2022-02-07,809.0,830.0,809.0,830.0,3039.0
2022-02-08,824.0,870.0,824.0,869.0,19786.0
2022-02-09,869.0,890.0,869.0,871.0,3499.0
2022-02-10,870.0,870.0,850.0,870.0,20906.0
2022-02-11,857.0,869.90002,857.0,861.09998,3850.0
2022-02-14,861.20001,868.0,833.0,840.0,685.0
2022-02-15,835.0,849.79999,832.09998,849.79999,128.0
2022-02-16,833.0,840.0,833.0,840.0,526.0
2022-02-17,836.0,859.0,836.0,845.0,2635.0
2022-02-18,844.0,855.0,843.0,855.0,148.0
2022-02-21,841.20001,864.0,841.09998,863.0,2253.0
2022-02-22,850.0,865.0,835.09998,845.0,5351.0
2022-02-23,841.5,860.0,836.0,860.0,523.0
2022-02-24,835.29999,854.0,808.5,808.5,5140.0
2022-02-25,808.5,853.0,808.5,832.0,3164.0
2022-02-28,825.0,831.0,811.5,830.0,2426.0
2022-03-01,844.0,844.0,811.0,819.0,477.0
2022-03-02,812.0,812.0,769.90002,788.0,1984.0
2022-03-03,810.0,810.0,785.0,796.5,3083.0
2022-03-04,785.09998,785.09998,770.0,778.0,7615.0
2022-03-07,791.0,791.0,731.40002,731.40002,3728.0
2022-03-08,750.0,775.20001,750.0,775.0,1907.0
2022-03-09,800.0,800.0,770.0,770.0,1219.0
2022-03-10,770.0,794.0,765.0,794.0,36.0
2022-03-11,765.40002,790.0,765.40002,785.0,2467.0
2022-03-14,783.0,794.0,772.0,794.0,16.0
2022-03-15,771.0,819.90002,771.0,799.90002,3000.0
2022-03-16,800.0,800.0,794.0,800.0,1143.0
2022-03-17,792.0,835.0,792.0,815.0,832.0
2022-03-18,815.0,835.0,807.0,810.0,2198.0
2022-03-21,810.0,825.0,810.0,825.0,2288.0
2022-03-22,820.09998,834.0,820.09998,821.0,1950.0
2022-03-23,817.0,817.0,805.0,815.0,2535.0
2022-03-24,802.5,808.0,795.0,808.0,493.0
2022-03-25,803.0,814.5,792.0,814.5,845.0
2022-03-28,792.0,825.0,790.09998,825.0,847.0
2022-03-29,816.0,850.0,806.0,845.0,4355.0
2022-03-30,845.0,845.0,825.0,842.90002,1437.0
2022-03-31,834.0,840.0,830.0,840.0,135.0
2022-04-01,825.09998,835.0,818.0,820.0,4041.0
2022-04-04,810.0,830.0,810.0,820.0,549.0
2022-04-05,820.0,822.0,809.0,822.0,401.0
2022-04-06,810.0,827.0,810.0,827.0,38.0
2022-04-07,813.0,838.40002,812.5,838.0,2626.0
2022-04-08,821.0,836.0,821.0,834.0,2049.0
2022-04-11,833.5,833.5,822.0,830.0,115.0
2022-04-12,830.0,830.0,821.09998,830.0,373.0
2022-04-13,820.20001,830.0,820.20001,830.0,625.0
2022-04-14,825.0,828.79999,818.0,820.0,5179.0
2022-04-15,811.0,825.0,810.0,820.0,2247.0
2022-04-18,809.0,822.0,809.0,820.0,608.0
2022-04-19,816.29999,828.59998,815.0,815.0,2265.0
2022-04-20,830.0,830.0,809.29999,811.20001,446.0
2022-04-21,809.29999,827.0,808.0,827.0,6.0
2022-04-22,816.0,836.0,810.0,830.0,4708.0
2022-04-25,816.0,825.0,816.0,820.0,1383.0
2022-04-26,816.0,820.0,810.09998,819.0,3219.0
2022-04-27,812.0,819.0,812.0,819.0,355.0
2022-04-28,815.0,868.0,815.0,863.0,7038.0
2022-04-29,856.40002,863.0,856.40002,862.90002,3502.0
2022-05-04,884.90002,898.0,880.0,887.0,1076.0
2022-05-05,895.0,909.0,883.0,883.0,3494.0
2022-05-06,885.0,895.0,865.0,865.0,908.0
2022-05-09,874.0,899.5,865.0,870.0,812.0
2022-05-10,865.0,869.0,818.0,818.0,1385.0
2022-05-11,858.70001,858.70001,827.09998,850.0,61.0
2022-05-12,830.0,852.0,830.0,844.0,183.0
2022-05-13,825.5,854.0,825.5,854.0,207.0
2022-05-16,855.0,860.0,840.0,860.0,46.0
2022-05-17,865.0,867.0,844.0,859.0,120.0
2022-05-18,841.20001,859.79999,816.0,835.09998,268.0
2022-05-19,823.20001,851.70001,820.0,849.79999,239.0
2022-05-20,825.5,847.59998,825.0,847.59998,591.0
2022-05-23,826.0,846.59998,823.0,846.59998,129.0
2022-05-24,822.09998,846.0,800.0,846.0,252.0
2022-05-25,805.0,837.90002,805.0,835.0,33.0
2022-05-26,838.79999,838.79999,814.20001,836.90002,7.0
2022-05-27,813.0,837.59998,813.0,813.5,514.0
2022-05-30,836.0,836.0,820.0,834.0,57.0
2022-05-31,808.0,837.70001,808.0,834.79999,66.0
2022-06-01,834.79999,844.0,810.0,838.40002,6138.0
2022-06-02,834.0,841.79999,820.09998,841.79999,1738.0
2022-06-03,841.79999,860.0,841.79999,860.0,2535.0
2022-06-06,860.0,869.0,860.0,860.0,27.0
2022-06-07,857.0,860.0,840.0,860.0,3028.0
2022-06-08,843.0,859.90002,843.0,859.90002,311.0
2022-06-09,844.0,867.0,844.0,859.90002,34.0
2022-06-10,843.20001,849.90002,840.0,840.0,2068.0
2022-06-13,849.90002,859.0,849.0,859.0,88.0
2022-06-14,830.0,845.0,809.0,820.0,1594.0
2022-06-15,824.0,824.0,813.0,819.90002,1136.0
2022-06-16,804.09998,820.0,800.0,820.0,736.0
2022-06-17,801.09998,825.0,796.0,819.79999,626.0
2022-06-20,804.0,825.0,804.0,810.0,102.0
2022-06-21,810.0,815.0,810.0,810.0,1823.0
2022-06-22,810.0,810.0,795.0,795.0,2143.0
2022-06-23,790.0,793.0,780.0,785.0,117.0
2022-06-24,789.0,804.79999,775.0,785.0,2365.0
2022-06-27,773.09998,775.20001,773.0,775.0,444.0
2022-06-28,773.0,779.0,773.0,779.0,38.0
2022-06-29,789.90002,803.29999,780.0,791.0,1485.0
2022-06-30,774.09998,798.0,774.09998,798.0,16997.0
2022-07-01,786.29999,786.29999,770.0,770.0,1592.0
2022-07-04,769.0,810.0,769.0,810.0,79.0
2022-07-05,790.0,790.0,790.0,790.0,51.0
2022-07-06,745.0,782.0,745.0,750.0,1636.0
2022-07-07,750.09998,750.09998,745.0,750.0,287.0
2022-07-08,750.0,750.0,720.0,730.0,1864.0
2022-07-12,763.90002,773.70001,763.90002,773.70001,24.0
2022-07-13,799.90002,799.90002,753.0,780.0,169.0
2022-07-14,741.20001,783.0,741.20001,783.0,82.0
2022-07-15,745.59998,786.90002,745.59998,786.0,121.0
2022-07-18,762.5,780.0,745.0,775.0,2225.0
2022-07-19,753.0,807.0,745.29999,798.0,5638.0
2022-07-20,780.0,780.0,780.0,780.0,1192.0
2022-07-21,760.0,800.0,760.0,800.0,1148.0
2022-07-22,800.0,800.0,800.0,800.0,200.0
2022-07-25,805.0,847.90002,805.0,847.90002,543.0
2022-07-27,800.0,820.0,800.0,819.0,126.0
2022-07-28,797.09998,818.90002,797.09998,818.90002,3.0
2022-07-29,798.09998,818.5,771.0,771.0,529.0
2022-08-01,809.40002,817.0,808.90002,817.0,196.0
2022-08-02,800.0,820.0,800.0,820.0,26.0
2022-08-03,780.09998,800.0,777.0,800.0,4016.0
2022-08-04,819.0,819.0,770.0,800.0,175.0
2022-08-05,783.0,818.90002,783.0,785.0,3416.0
2022-08-08,800.0,818.0,800.0,818.0,4.0
2022-08-09,794.0,816.0,794.0,816.0,19.0
2022-08-10,790.20001,815.79999,790.20001,815.79999,717.0
2022-08-11,800.0,830.0,793.09998,830.0,1599.0
2022-08-12,835.0,879.0,820.0,820.0,5155.0
2022-08-15,845.0,845.0,810.0,843.90002,39.0
2022-08-16,810.09998,838.0,810.09998,838.0,17.0
2022-08-17,815.0,835.90002,815.0,835.90002,85.0
2022-08-18,834.0,842.79999,834.0,842.79999,28.0
2022-08-19,818.09998,829.0,818.0,829.0,1003.0
2022-08-22,820.09998,825.0,820.09998,825.0,29.0
2022-08-23,820.0,838.70001,820.0,838.70001,52.0
2022-08-24,820.09998,830.0,820.0,830.0,149.0
2022-08-25,820.09998,839.90002,820.09998,839.90002,192.0
2022-08-26,820.09998,837.5,820.0,829.0,263.0
2022-08-30,812.0,812.0,812.0,812.0,14.0
2022-08-31,812.0,830.0,812.0,830.0,15.0
2022-09-01,803.0,830.0,803.0,830.0,67.0
2022-09-02,808.0,829.0,808.0,829.0,9.0
2022-09-05,838.0,844.90002,816.0,844.90002,616.0
2022-09-06,815.0,833.90002,814.0,833.90002,49.0
2022-09-07,815.09998,830.0,810.0,830.0,20.0
2022-09-08,829.90002,870.0,821.09998,840.0,3580.0
2022-09-09,830.0,848.70001,826.0,847.5,5146.0
2022-09-12,840.0,840.0,820.0,839.90002,82.0
2022-09-13,830.0,837.90002,800.0,837.90002,1752.0
2022-09-15,835.0,835.0,805.59998,829.5,5900.0
2022-09-16,807.09998,839.0,790.0,839.0,6138.0
2022-09-19,817.0,829.90002,817.0,829.90002,1162.0
2022-09-20,835.0,835.0,820.0,820.0,176.0
2022-09-21,820.0,848.0,820.0,840.0,4146.0
2022-09-22,812.09998,841.0,812.09998,839.0,760.0
2022-09-23,840.0,846.0,821.0,839.0,7919.0
2022-09-26,838.90002,838.90002,816.0,825.0,154.0
2022-09-27,829.90002,829.90002,810.0,810.0,238.0
2022-09-28,802.0,823.90002,771.0,771.0,308.0
2022-09-29,773.0,809.90002,770.0,798.0,2453.0
2022-09-30,775.09998,798.90002,755.0,760.0,2411.0
2022-10-03,790.0,790.0,790.0,790.0,50.0
2022-10-04,759.0,789.79999,758.09998,788.0,54.0
2022-10-05,788.0,790.0,765.0,790.0,55.0
2022-10-06,761.5,794.70001,761.5,784.90002,1648.0
2022-10-07,762.59998,762.70001,760.0,760.0,3301.0
2022-10-11,760.0,778.0,760.0,778.0,91.0
2022-10-12,760.0,784.59998,760.0,780.0,17.0
2022-10-13,760.0,778.0,760.0,778.0,70.0
2022-10-14,755.0,768.90002,750.0,768.90002,1510.0
2022-10-17,728.20001,760.0,725.0,748.0,1490.0
2022-10-18,738.90002,740.0,725.0,725.0,1458.0
2022-10-19,700.0,720.0,700.0,714.0,760.0
2022-10-20,691.0,712.90002,671.5,705.0,2397.0
2022-10-21,700.0,716.79999,699.0,699.0,2043.0
2022-10-24,699.0,716.79999,661.0,661.0,290.0
2022-10-25,698.79999,700.0,663.0,700.0,19.0
2022-10-26,709.5,739.0,709.5,735.0,276.0
2022-10-27,734.90002,734.90002,710.0,710.0,829.0
2022-10-28,706.0,732.0,691.0,691.0,2466.0
2022-10-31,719.90002,719.90002,683.0,709.90002,24.0
2022-11-01,690.0,719.90002,688.59998,698.0,178.0
2022-11-02,699.0,699.0,675.20001,675.90002,841.0
2022-11-03,680.0,695.0,680.0,695.0,13.0
2022-11-04,677.29999,690.79999,677.0,690.79999,37.0
2022-11-07,680.0,690.0,677.0,690.0,51.0
2022-11-08,677.0,689.0,675.0,689.0,197.0
2022-11-09,685.0,685.0,685.0,685.0,1520.0
2022-11-10,680.0,684.90002,656.09998,680.0,755.0
2022-11-11,675.0,675.0,660.0,675.0,156.0
2022-11-14,658.0,683.0,650.0,679.0,58.0
2022-11-15,676.90002,677.0,676.90002,677.0,73.0
2022-11-16,677.0,677.0,641.09998,677.0,218.0
2022-11-21,665.0,689.0,665.0,689.0,100.0
2022-11-22,660.0,665.0,660.0,665.0,202.0
2022-11-23,680.90002,681.0,680.90002,681.0,2.0
2022-11-24,661.0,671.0,661.0,671.0,216.0
2022-11-25,656.0,660.0,655.0,660.0,13.0
2022-11-28,655.0,655.0,641.0,655.0,136.0
2022-11-29,629.0,654.79999,625.0,643.90002,429.0
2022-11-30,616.0,644.0,616.0,643.0,236.0
2022-12-01,644.0,660.0,644.0,660.0,28.0
2022-12-02,644.29999,660.0,644.29999,659.0,21.0
2022-12-05,674.0,677.5,674.0,677.5,52.0
2022-12-06,660.0,667.79999,639.0,639.0,713.0
2022-12-08,640.09998,650.0,640.0,650.0,497.0
2022-12-09,630.5,650.0,630.5,650.0,216.0
2022-12-12,660.0,660.0,660.0,660.0,50.0
2022-12-13,632.20001,665.0,620.5,620.5,413.0
2022-12-14,624.0,639.59998,615.0,621.20001,190.0
2022-12-15,621.0,649.0,603.0,649.0,147.0
2022-12-16,646.90002,648.70001,643.0,643.0,143.0
2022-12-19,655.0,655.0,620.09998,640.0,41.0
2022-12-20,622.0,650.0,614.0,650.0,27.0
2022-12-21,617.09998,660.0,617.09998,660.0,248.0
2022-12-22,659.90002,659.90002,659.90002,659.90002,8.0
2022-12-23,650.0,657.0,650.0,657.0,26.0
2022-12-26,628.0,648.0,618.0,648.0,306.0
2022-12-27,617.0,644.79999,617.0,644.79999,21.0
2022-12-28,639.90002,642.90002,639.90002,642.90002,11.0
2022-12-29,620.20001,640.0,620.0,620.0,441.0
2022-12-30,614.09998,630.0,590.0,620.0,4492.0
2023-01-02,600.29999,627.70001,600.29999,627.70001,3.0
2023-01-03,625.0,625.0,615.0,623.90002,20.0
2023-01-04,603.0,636.40002,586.5,586.5,429.0
2023-01-05,580.0,610.0,551.40002,551.5,1431.0
2023-01-06,551.5,578.70001,540.0,540.0,2852.0
2023-01-09,526.0,534.0,507.70001,507.70001,3897.0
2023-01-10,520.0,523.90002,477.25,523.90002,838.0
2023-01-12,545.0,550.0,545.0,550.0,14.0
2023-01-13,525.09998,579.90002,525.09998,540.0,947.0
2023-01-16,572.29999,572.29999,540.0,572.29999,6176.0
2023-01-17,571.0,605.0,540.0,541.09998,1313.0
2023-01-18,550.0,570.0,540.0,570.0,668.0
2023-01-19,570.0,570.0,570.0,570.0,5.0
2023-01-20,540.0,568.5,536.0,536.0,782.0
2023-01-23,555.0,555.0,510.0,537.5,1898.0
2023-01-24,538.40002,548.40002,536.0,547.79999,23.0
2023-01-25,546.5,546.5,537.0,545.0,31.0
2023-01-26,512.59998,542.59998,512.59998,538.59998,491.0
2023-01-27,538.0,538.0,510.0,533.0,5176.0
2023-01-30,532.70001,533.0,532.0,532.0,41.0
2023-01-31,511.0,545.0,511.0,540.0,144.0
2023-02-01,540.0,545.0,526.0,526.0,220.0
2023-02-02,544.90002,556.90002,531.09998,556.59998,4270.0
2023-02-03,564.90002,588.0,564.90002,586.0,191.0
2023-02-06,566.0,580.0,565.20001,565.20001,71.0
2023-02-07,579.0,598.0,578.0,598.0,343.0
2023-02-08,574.40002,615.0,574.40002,615.0,215.0
2023-02-09,615.0,634.09998,600.0,600.0,194.0
2023-02-10,600.0,619.90002,595.0,616.0,630.0
2023-02-13,600.70001,620.0,600.70001,620.0,102.0
2023-02-14,620.0,620.0,583.09998,592.0,3524.0
2023-02-15,592.0,604.70001,592.0,604.70001,14.0
2023-02-16,590.0,616.0,590.0,616.0,84.0
2023-02-17,585.20001,615.0,585.20001,595.0,328.0
2023-02-20,613.90002,613.90002,570.0,570.0,1009.0
2023-02-21,583.90002,583.90002,558.0,570.0,108.0
2023-02-22,556.0,584.90002,556.0,583.0,49.0
2023-02-23,580.0,580.0,580.0,580.0,5.0
2023-02-24,570.0,588.0,553.0,588.0,1438.0
2023-02-27,589.20001,589.20001,580.0,580.0,117.0
2023-02-28,575.0,578.09998,555.29999,576.0,579.0
2023-03-01,561.0,575.90002,561.0,563.0,110.0
2023-03-02,563.09998,575.0,555.29999,573.70001,263.0
2023-03-03,550.0,573.90002,539.29999,555.0,3608.0
2023-03-06,559.5,559.5,545.0,545.0,38.0
2023-03-07,541.09998,544.0,540.0,540.0,139.0
2023-03-08,521.0,536.90002,508.0,534.5,7155.0
2023-03-09,521.0,521.0,521.0,521.0,44.0
2023-03-10,520.0,520.0,515.0,515.0,2194.0
2023-03-13,511.0,520.0,511.0,520.0,71.0
2023-03-14,512.0,525.0,511.0,520.0,49.0
2023-03-15,513.0,520.0,511.0,520.0,104.0
2023-03-16,520.0,520.0,520.0,520.0,1.0
2023-03-17,520.0,520.0,520.0,520.0,1.0
2023-03-20,536.0,536.0,536.0,536.0,8.0
2023-03-21,535.79999,560.0,535.79999,560.0,80.0
2023-03-22,532.0,549.0,530.0,549.0,220.0
2023-03-23,528.09998,570.0,528.09998,560.0,289.0
2023-03-24,532.0,546.0,526.5,526.5,1290.0
2023-03-27,551.0,551.0,495.0,495.0,1717.0
2023-03-28,500.0,500.0,470.0,490.0,404.0
2023-03-29,485.0,490.0,485.0,489.0,24.0
2023-03-30,485.0,485.0,470.0,479.5,396.0
2023-03-31,471.20001,483.89999,470.0,483.89999,267.0
2023-04-03,471.0,475.0,471.0,475.0,9.0
2023-04-04,479.89999,479.89999,479.89999,479.89999,20.0
2023-04-06,480.0,480.0,475.0,475.14999,309.0
2023-04-07,480.0,480.0,480.0,480.0,1.0
2023-04-10,472.0,484.89999,471.0,471.20001,14.0
2023-04-11,471.25,471.25,471.25,471.25,4.0
2023-04-12,484.85001,484.85001,470.0,470.0,62.0
2023-04-13,470.0,480.0,469.0,479.95001,53.0
2023-04-14,470.0,484.5,470.0,484.5,10.0
2023-04-17,484.0,484.79999,484.0,484.79999,30.0
2023-04-18,478.0,513.79999,478.0,513.79999,88.0
2023-04-19,485.5,512.70001,483.0,483.0,171.0
2023-04-20,471.5,499.95001,471.39999,499.75,13.0
2023-04-21,497.89999,497.89999,483.10001,497.60001,4.0
2023-04-26,495.0,495.0,481.20001,495.0,48.0
2023-04-27,495.0,495.0,481.25,495.0,24.0
2023-04-28,498.75,509.0,498.75,500.0,65.0
2023-05-02,500.0,507.0,493.0,505.89999,15.0
2023-05-04,492.14999,506.89999,492.14999,494.10001,41.0
2023-05-05,492.54999,505.60001,487.0,503.60001,5118.0
2023-05-08,490.04999,502.89999,490.04999,502.89999,5.0
2023-05-09,490.64999,503.79999,490.60001,503.79999,5024.0
2023-05-10,491.04999,499.95001,491.0,499.95001,424.0
2023-05-11,492.5,503.0,491.0,503.0,1075.0
2023-05-12,504.89999,524.90002,503.89999,524.90002,5116.0
2023-05-15,524.70001,537.90002,520.0,537.90002,94.0
2023-05-16,512.0,537.70001,512.0,537.70001,23.0
2023-05-17,537.70001,537.70001,537.70001,537.70001,1.0
2023-05-18,522.20001,535.0,515.0,535.0,27.0
2023-05-19,520.0,534.90002,520.0,533.90002,5110.0
2023-05-22,520.0,520.0,520.0,520.0,2634.0
2023-05-23,517.0,520.0,505.0,505.0,10208.0
2023-05-24,515.59998,529.79999,515.59998,529.79999,16.0
2023-05-29,500.0,521.90002,500.0,505.0,502.0
2023-05-30,511.0,518.79999,507.0,518.79999,24.0
2023-05-31,510.0,515.0,505.10001,505.10001,90.0
2023-06-01,506.10001,506.5,506.0,506.10001,31.0
2023-06-02,506.10001,507.0,506.10001,507.0,42.0
2023-06-05,506.10001,512.0,497.0,509.89999,3289.0
2023-06-06,502.10001,517.90002,502.10001,512.0,2811.0
2023-06-07,503.10001,514.90002,502.10001,512.0,48.0
2023-06-08,507.0,510.0,507.0,510.0,1061.0
2023-06-09,511.0,515.0,511.0,515.0,1658.0
2023-06-13,507.5,516.79999,502.0,516.0,103.0
2023-06-14,504.0,515.0,503.0,515.0,231.0
2023-06-15,504.29999,530.0,504.29999,530.0,323.0
2023-06-16,510.0,510.0,510.0,510.0,1.0
2023-06-19,528.5,528.5,513.0,527.0,102.0
2023-06-20,524.0,540.0,521.0,530.0,1676.0
2023-06-21,516.09998,529.79999,516.0,529.79999,3.0
2023-06-22,518.0,527.79999,516.0,527.0,5082.0
2023-06-23,516.09998,528.90002,516.09998,520.0,4004.0
2023-06-26,539.5,539.5,516.0,516.0,135.0
2023-06-27,526.59998,526.59998,512.0,512.0,419.0
2023-06-28,515.5,526.79999,515.0,515.0,73.0
2023-07-03,510.0,528.0,509.10001,528.0,467.0
2023-07-04,527.0,527.0,512.0,512.0,4.0
2023-07-05,524.90002,524.90002,510.0,523.90002,13.0
2023-07-06,510.0,520.0,510.0,520.0,412.0
2023-07-07,515.0,520.0,515.0,520.0,26.0
2023-07-10,515.0,523.0,515.0,523.0,70.0
2023-07-11,523.0,523.0,522.0,522.0,304.0
2023-07-12,520.0,520.0,510.0,519.90002,116.0
2023-07-13,511.0,522.29999,510.20001,522.29999,21.0
2023-07-14,525.0,525.0,525.0,525.0,2811.0
2023-07-17,528.70001,528.70001,511.0,526.0,4966.0
2023-07-20,520.0,549.0,520.0,545.0,8727.0
2023-07-21,553.0,574.20001,547.0,547.0,1345.0
2023-07-24,569.0,569.0,555.0,565.0,3209.0
2023-07-25,568.5,568.5,555.90002,567.79999,246.0
2023-07-26,567.0,575.0,567.0,574.0,2721.0
2023-07-27,575.0,575.0,571.0,575.0,41.0
2023-07-28,571.0,575.0,571.0,574.0,191.0
2023-07-31,590.0,590.0,571.29999,589.0,795.0
2023-08-01,590.0,597.0,590.0,596.70001,4792.0
2023-08-02,599.0,628.20001,599.0,624.90002,4528.0
2023-08-03,602.0,640.0,602.0,630.0,570.0
2023-08-04,629.79999,630.0,610.0,624.90002,1812.0
2023-08-07,606.0,624.0,606.0,623.90002,23.0
2023-08-08,608.59998,622.90002,603.09998,622.90002,142.0
2023-08-09,608.0,608.0,594.0,607.29999,670.0
2023-08-10,597.0,609.90002,590.0,609.90002,176.0
2023-08-11,606.0,619.40002,595.20001,618.0,937.0
2023-08-15,610.0,619.79999,605.0,618.0,248.0
2023-08-16,605.0,615.0,605.0,615.0,71.0
2023-08-17,610.0,617.70001,610.0,617.70001,15.0
2023-08-18,605.0,616.0,605.0,616.0,28.0
2023-08-22,605.29999,618.0,602.0,614.90002,209.0
2023-08-23,600.0,613.0,595.0,597.0,2914.0
2023-08-24,593.0,606.0,592.0,593.0,244.0
2023-08-25,596.0,603.90002,594.0,599.90002,188.0
2023-08-28,583.0,583.0,566.5,569.0,1039.0
2023-08-29,568.90002,569.0,550.0,558.0,1195.0
2023-08-30,550.0,564.0,550.0,562.90002,2158.0
2023-08-31,555.09998,560.5,552.0,552.0,178.0
2023-09-01,552.0,559.0,552.0,558.0,87.0
2023-09-04,556.90002,556.90002,546.0,556.90002,74.0
2023-09-05,555.59998,555.59998,550.0,555.5,77.0
2023-09-06,554.90002,555.0,550.09998,555.0,43.0
2023-09-07,551.0,551.0,551.0,551.0,55.0
2023-09-08,549.90002,550.0,545.0,549.90002,253.0
2023-09-11,542.5,550.0,533.20001,545.0,544.0
2023-09-12,532.20001,544.0,530.0,544.0,159.0
2023-09-13,544.5,548.5,538.0,548.5,54.0
2023-09-14,548.0,560.0,535.40002,560.0,754.0
2023-09-15,560.0,560.0,543.5,543.5,197.0
2023-09-18,543.20001,546.79999,536.20001,538.09998,442.0
2023-09-19,538.29999,544.5,530.09998,533.0,1549.0
2023-09-20,533.0,533.0,501.10001,501.10001,3273.0
2023-09-21,475.0,520.0,471.20001,471.20001,5263.0
2023-09-22,475.04999,489.0,443.0,443.0,7507.0
2023-09-25,440.10001,440.10001,416.5,433.89999,10942.0
2023-09-26,439.0,459.0,431.04999,445.10001,2480.0
2023-09-27,465.0,471.79999,463.0,471.0,2973.0
2023-10-02,474.0,480.0,470.0,470.10001,407.0
2023-10-03,471.0,483.0,471.0,478.95001,154.0
2023-10-04,472.0,472.0,457.0,470.0,68.0
2023-10-05,475.0,495.0,475.0,493.95001,3434.0
2023-10-06,494.75,494.75,487.0,490.0,142.0
2023-10-09,497.0,514.0,490.0,499.0,165.0
2023-10-10,490.0,490.0,485.10001,489.0,387.0
2023-10-11,481.0,489.89999,480.5,486.0,200.0
2023-10-12,485.0,485.0,480.0,480.0,426.0
2023-10-13,480.0,487.0,476.29999,486.0,556.0
2023-10-16,493.0,493.0,477.04999,489.39999,243.0
2023-10-17,489.5,489.5,477.0,477.0,226.0
2023-10-18,476.0,507.0,476.0,499.89999,3151.0
2023-10-19,485.0,496.79999,482.10001,496.35001,110.0
2023-10-20,482.10001,490.0,482.10001,490.0,240.0
2023-10-23,490.0,490.0,480.0,489.89999,415.0
2023-10-24,476.04999,489.5,476.0,489.29999,110.0
2023-10-26,481.04999,488.79999,476.10001,488.79999,106.0
2023-10-27,480.0,487.85001,480.0,487.85001,2.0
2023-10-30,485.0,494.45001,482.0,494.45001,272.0
2023-10-31,480.0,493.5,480.0,493.5,5098.0
2023-11-02,485.0,489.79999,485.0,489.79999,23.0
2023-11-03,489.0,489.0,489.0,489.0,58.0
2023-11-07,487.0,487.0,482.0,482.0,87.0
2023-11-08,482.5,488.89999,482.5,488.89999,21.0
2023-11-09,488.0,488.0,482.0,483.0,37.0
2023-11-10,483.0,488.0,483.0,488.0,14.0
2023-11-13,482.0,490.0,482.0,490.0,3.0
2023-11-14,482.0,487.95001,480.0,487.95001,151.0
2023-11-15,486.20001,486.20001,478.25,485.95001,130.0
2023-11-16,478.5,480.0,475.10001,475.10001,52.0
2023-11-17,477.0,489.0,476.0,476.0,190.0
2023-11-20,475.0,479.95001,475.0,479.95001,462.0
2023-11-21,476.10001,480.0,475.0,475.5,491.0
2023-11-22,479.0,480.0,468.10001,480.0,152.0
2023-11-23,470.0,480.0,470.0,480.0,509.0
2023-11-24,475.0,489.0,470.04999,485.89999,1534.0
2023-11-27,471.04999,490.0,471.04999,490.0,92.0
2023-11-28,497.0,504.0,485.0,497.0,278.0
2023-11-29,476.04999,499.0,476.04999,497.0,227.0
2023-11-30,480.04999,493.95001,465.0,483.0,303.0
2023-12-01,483.0,483.0,483.0,483.0,20.0
2023-12-04,479.0,479.0,479.0,479.0,1.0
2023-12-05,478.0,492.95001,478.0,492.95001,55.0
2023-12-06,473.25,499.0,464.0,464.0,526.0
2023-12-07,491.95001,491.95001,475.0,475.0,115.0
2023-12-08,488.45001,489.70001,475.0,489.70001,3110.0
2023-12-11,485.0,489.45001,476.0,489.35001,2151.0
2023-12-12,488.89999,489.0,478.0,489.0,119.0
2023-12-13,479.04999,487.89999,479.0,482.0,737.0
2023-12-14,483.0,487.85001,482.0,487.85001,92.0
2023-12-15,487.0,488.0,485.0,488.0,65.0
2023-12-18,482.0,488.0,482.0,488.0,141.0
2023-12-19,482.0,487.95001,481.0,487.95001,135.0
2023-12-20,480.04999,487.39999,480.0,487.39999,9.0
2023-12-21,486.5,486.5,480.0,480.14999,313.0
2023-12-22,480.0,485.0,476.5,476.5,268.0
2023-12-25,475.0,486.85001,475.0,486.85001,75.0
2023-12-26,475.25,480.0,472.10001,480.0,87.0
2023-12-27,472.0,480.0,472.0,479.70001,2026.0
2023-12-28,474.0,479.0,473.0,479.0,4117.0
2023-12-29,476.0,490.0,475.10001,490.0,3701.0
2024-01-02,499.45001,499.45001,489.5,489.5,17.0
2024-01-03,477.60001,490.0,477.20001,487.0,31.0
2024-01-04,480.04999,489.0,478.20001,489.0,168.0
2024-01-05,480.0,487.5,476.5,487.5,314.0
2024-01-08,480.0,487.0,480.0,486.89999,182.0
2024-01-09,486.89999,486.89999,477.0,477.0,198.0
2024-01-10,477.0,485.0,477.0,484.0,5066.0
2024-01-12,485.0,485.0,477.0,485.0,1122.0
2024-01-15,485.0,485.0,480.0,485.0,158.0
2024-01-16,480.0,485.0,480.0,484.0,136.0
2024-01-17,480.0,485.0,478.70001,485.0,2988.0
2024-01-18,485.0,493.0,481.5,488.0,9631.0
2024-01-19,490.0,497.95001,485.0,487.0,2292.0
2024-01-22,498.0,498.0,485.29999,497.0,59.0
2024-01-23,496.95001,496.95001,490.0,495.0,8423.0
2024-01-24,490.29999,496.0,490.0,496.0,187.0
2024-01-25,495.0,497.0,490.0,490.04999,587.0
2024-01-26,491.0,496.89999,489.0,489.0,337.0
2024-01-29,499.0,499.0,485.0,485.0,301.0
2024-01-30,482.0,495.95001,480.0,493.85001,3118.0
2024-01-31,490.0,491.95001,481.5,491.95001,826.0
2024-02-01,482.04999,541.0,482.0,535.0,3886.0
2024-02-02,533.90002,547.79999,515.0,528.90002,26198.0
2024-02-05,540.0,540.0,527.0,529.0,1381.0
2024-02-06,518.0,545.0,515.09998,543.0,12327.0
2024-02-07,544.90002,544.90002,530.40002,537.0,742.0
2024-02-08,535.09998,535.20001,520.0,525.0,3513.0
2024-02-09,522.0,528.0,520.0,520.0,641.0
2024-02-12,528.0,539.0,525.09998,534.40002,1879.0
2024-02-13,538.0,538.0,519.0,523.0,1704.0
2024-02-14,523.09998,523.09998,501.10001,511.0,1908.0
2024-02-15,512.0,523.0,512.0,518.0,21.0
2024-02-16,505.10001,528.0,505.10001,528.0,803.0
2024-02-19,508.0,518.0,508.0,509.0,582.0
2024-02-20,516.90002,516.90002,510.0,513.90002,42.0
2024-02-21,513.09998,521.79999,510.0,510.10001,194.0
2024-02-22,519.90002,520.0,512.09998,512.09998,205.0
2024-02-23,512.0,519.70001,510.20001,511.0,259.0
2024-02-26,511.0,524.0,510.0,521.0,605.0
2024-02-27,512.0,519.0,511.10001,511.10001,226.0
2024-02-28,518.0,522.90002,510.60001,520.0,17929.0
2024-02-29,520.0,520.0,476.0,485.0,7643.0
2024-03-01,495.0,495.0,485.0,485.0,763.0
2024-03-04,485.0,485.0,481.0,484.95001,409.0
2024-03-05,481.0,493.0,478.20001,478.20001,452.0
2024-03-06,478.20001,482.04999,476.0,482.04999,2494.0
2024-03-07,494.70001,494.70001,478.0,489.95001,816.0
2024-03-08,489.95001,500.0,480.14999,496.5,168.0
2024-03-11,482.04999,495.0,482.0,495.0,14.0
2024-03-12,483.0,494.0,482.0,494.0,260.0
2024-03-13,493.5,493.5,482.0,482.0,147.0
2024-03-14,479.0,492.95001,479.0,492.95001,122.0
2024-03-15,480.04999,489.95001,479.0,488.95001,155.0
2024-03-18,479.0,490.0,478.0,478.0,263.0
2024-03-19,478.14999,483.0,478.0,483.0,267.0
2024-03-20,484.89999,484.89999,478.10001,484.79999,2648.0
2024-03-21,479.60001,483.95001,479.0,479.0,214.0
2024-03-22,480.20001,498.0,472.0,498.0,39771.0
2024-03-25,476.54999,500.10001,476.54999,500.10001,2123.0
2024-03-26,500.5,525.0,494.10001,525.0,6065.0
2024-03-27,526.0,550.0,526.0,550.0,5420.0
2024-03-28,550.0,570.0,550.0,558.90002,10264.0
2024-03-29,549.90002,558.0,537.5,555.0,7780.0
2024-04-01,555.0,569.79999,555.0,567.0,2031.0
2024-04-02,560.0,566.90002,545.0,564.0,1433.0
2024-04-03,564.0,605.0,564.0,599.0,3273.0
2024-04-04,598.5,606.0,596.0,599.0,2104.0
2024-04-05,582.0,630.0,580.09998,630.0,3632.0
2024-04-08,605.59998,639.0,605.59998,638.0,7517.0
2024-04-09,639.90002,655.0,630.0,650.0,2979.0
2024-04-15,617.0,639.0,617.0,630.0,820.0
2024-04-16,630.0,630.0,595.0,614.0,6398.0
2024-04-17,618.0,618.90002,578.0,585.0,1936.0
2024-04-18,585.0,617.0,585.0,615.0,1010.0
2024-04-19,600.0,649.0,600.0,600.0,3989.0
2024-04-22,600.20001,601.0,580.0,580.0,1702.0
2024-04-23,580.0,595.20001,580.0,595.20001,22.0
2024-04-24,595.0,600.0,580.0,580.0,577.0
2024-04-25,597.90002,597.90002,597.90002,597.90002,1.0
2024-04-26,581.0,581.0,577.09998,580.0,7271.0
2024-04-29,578.29999,589.0,578.20001,580.0,280.0
2024-04-30,580.0,584.0,578.0,578.09998,253.0
2024-05-02,578.09998,578.09998,578.0,578.0,551.0
2024-05-03,593.0,593.0,576.20001,576.20001,134.0
2024-05-06,564.5,589.0,564.5,588.5,224.0
2024-05-07,590.0,593.0,590.0,590.0,146.0
2024-05-08,589.90002,590.0,587.0,587.0,140.0
2024-05-09,588.0,607.5,587.0,587.0,199.0
2024-05-10,577.09998,602.0,577.09998,600.0,608.0
2024-05-13,580.09998,604.79999,580.09998,604.0,37.0
2024-05-14,600.0,600.0,583.5,600.0,59.0
2024-05-15,588.0,599.90002,585.0,589.90002,1000.0
2024-05-16,583.0,592.0,580.0,592.0,977.0
2024-05-17,592.0,592.0,572.20001,572.20001,201.0
2024-05-20,597.90002,597.90002,562.0,588.0,2386.0
2024-05-21,567.0,594.90002,567.0,582.0,105.0
2024-05-22,570.0,581.0,567.0,581.0,573.0
2024-05-24,566.09998,580.0,563.0,564.0,576.0
2024-05-27,564.0,574.79999,560.0,574.79999,57.0
2024-05-28,570.0,574.90002,562.0,574.90002,54.0
2024-05-29,565.0,578.90002,565.0,578.90002,1949.0
2024-05-30,566.09998,579.0,566.09998,579.0,7.0
2024-05-31,563.5,588.40002,521.20001,523.0,3649.0
2024-06-03,545.79999,545.79999,510.0,520.0,616.0
2024-06-04,520.0,520.0,520.0,520.0,2.0
2024-06-05,517.0,517.0,500.0,500.0,793.0
2024-06-06,500.0,518.90002,489.0,518.90002,120.0
2024-06-07,498.14999,518.90002,498.14999,512.0,32.0
2024-06-10,520.0,520.0,505.0,505.0,141.0
2024-06-11,502.0,518.90002,502.0,518.90002,10.0
2024-06-12,519.0,519.0,500.0,500.0,1108.0
2024-06-13,500.0,519.79999,498.0,519.79999,984.0
2024-06-14,505.0,519.90002,505.0,519.90002,192.0
2024-06-19,520.0,525.0,501.60001,505.10001,27.0
2024-06-20,505.29999,520.0,505.29999,519.79999,792.0
2024-06-21,519.79999,519.79999,519.79999,519.79999,2.0
2024-06-24,519.0,519.0,519.0,519.0,2.0
2024-06-25,510.0,529.5,506.0,514.90002,251.0
2024-06-26,510.10001,516.0,510.10001,516.0,45.0
2024-06-27,516.0,516.0,514.0,514.0,210.0
2024-06-28,516.0,516.0,508.20001,509.89999,560.0
2024-07-01,544.59998,544.59998,528.5,528.5,2.0
2024-07-02,510.10001,519.70001,500.0,518.90002,49.0
2024-07-03,500.0,516.90002,500.0,516.90002,840.0
2024-07-04,500.20001,515.79999,500.20001,511.79999,70.0
2024-07-05,500.5,512.0,500.5,512.0,11.0
2024-07-08,516.90002,516.90002,510.0,515.90002,57.0
2024-07-09,510.0,519.90002,510.0,519.90002,136.0
2024-07-10,510.0,517.79999,502.10001,517.59998,108.0
2024-07-11,519.5,519.5,506.0,516.90002,19.0
2024-07-12,510.0,510.10001,506.0,510.0,255.0
2024-07-15,506.5,532.40002,503.10001,532.40002,217.0
2024-07-16,516.5,525.0,512.0,525.0,27.0
2024-07-17,528.90002,529.0,510.0,510.0,755.0
2024-07-18,528.0,528.20001,512.29999,528.20001,183.0
2024-07-19,524.90002,524.90002,511.0,511.0,115.0
2024-07-22,510.0,511.0,510.0,510.0,599.0
2024-07-23,510.10001,520.0,508.0,508.60001,814.0
2024-07-24,509.0,520.0,509.0,517.0,2076.0
2024-07-25,512.0,530.0,512.0,530.0,1252.0
2024-07-26,520.0,528.09998,510.0,510.0,1126.0
2024-07-29,511.5,524.90002,509.5,523.90002,2679.0
2024-07-31,523.5,527.90002,510.0,510.0,3085.0
2024-08-01,523.90002,523.90002,510.0,510.0,615.0
2024-08-02,519.90002,519.90002,509.5,510.0,524.0
2024-08-05,510.0,510.0,491.0,499.89999,2010.0
2024-08-06,500.0,500.0,491.0,500.0,816.0
2024-08-07,500.0,501.10001,500.0,500.0,1375.0
2024-08-08,500.10001,500.10001,500.0,500.0,367.0
2024-08-09,500.0,500.0,490.0,500.0,236.0
2024-08-12,500.0,507.79999,492.04999,507.79999,106.0
2024-08-13,501.0,507.89999,500.0,507.89999,737.0
2024-08-15,500.0,502.0,500.0,500.0,785.0
2024-08-16,498.0,508.0,498.0,503.0,409.0
2024-08-19,503.0,510.0,498.0,509.5,1026.0
2024-08-22,500.0,513.40002,498.0,512.0,3608.0
2024-08-23,501.20001,512.0,501.20001,507.0,909.0
2024-08-26,507.0,513.0,507.0,512.5,346.0
2024-08-27,512.90002,513.0,510.0,510.0,115.0
2024-08-28,502.10001,509.89999,502.0,502.0,1614.0
2024-08-29,509.0,509.0,490.0,490.0,4694.0
2024-08-30,507.79999,507.79999,480.0,488.89999,3407.0
2024-09-02,489.0,500.0,483.0,496.89999,3983.0
2024-09-03,508.0,508.0,493.0,493.0,116.0
2024-09-04,504.9,504.9,493.0,493.0,640.0
2024-09-05,490.0,503.89999,490.0,501.70001,63.0
2024-09-06,500.0,500.0,490.10001,497.89999,301.0
2024-09-09,499.0,499.0,493.0,493.0,735.0
2024-09-10,496.0,498.0,489.0,498.0,896.0
2024-09-11,496.0,497.1,496.0,496.0,184.0
2024-09-12,496.0,496.0,492.05,492.05,89.0
2024-09-13,493.2,495.7,490.0,495.0,485.0
2024-09-18,495.0,495.8,494.8,494.8,1134.0
2024-09-19,490.0,495.0,482.1,490.0,724.0
2024-09-20,490.1,493.0,481.2,481.2,562.0
2024-09-23,481.2,490.0,480.0,480.0,1022.0
2024-09-24,480.0,481.1,480.0,480.0,1794.0
2024-09-25,480.2,482.05,480.1,482.05,2300.0
2024-09-26,482.0,484.9,478.0,479.0,2047.0
2024-09-27,482.0,482.0,475.0,479.9,1426.0
2024-09-30,475.0,489.9,475.0,476.0,11815.0
2024-10-01,489.55,489.55,472.15,472.15,516.0
2024-10-02,475.0,475.0,461.05,473.95,2537.0
2024-10-03,474.0,475.0,474.0,475.0,41.0
2024-10-04,475.0,475.0,463.0,470.0,110.0
2024-10-07,463.0,470.0,463.0,470.0,359.0
2024-10-08,466.0,470.0,466.0,470.0,562.0
2024-10-09,462.5,468.85,460.0,468.85,2520.0
2024-10-10,460.0,465.0,458.0,460.0,1504.0
2024-10-11,461.0,482.15,461.0,482.15,10.0
2024-10-14,463.5,469.95,461.5,469.95,268.0
2024-10-15,469.95,470.0,460.0,463.0,572.0
2024-10-16,464.95,464.95,461.1,463.0,43.0
2024-10-17,463.0,490.0,463.0,490.0,6163.0
2024-10-18,488.0,500.0,488.0,500.0,508.0
2024-10-21,472.05,498.75,472.05,472.2,98.0
2024-10-22,464.05,477.95,464.05,477.95,213.0
2024-10-23,466.25,489.85,466.25,489.85,150.0
2024-10-24,470.1,480.0,470.1,480.0,26.0
2024-10-25,470.55,488.8,470.55,488.7,22.0
2024-10-28,488.7,488.7,468.0,468.0,480.0
2024-10-29,469.0,479.95,468.0,479.95,215.0
2024-10-30,470.05,483.95,470.05,483.95,8008.0
2024-10-31,483.7,483.7,470.0,479.9,6307.0
2024-11-01,480.0,483.4,468.0,482.85,91.0
2024-11-04,480.95,480.95,470.0,480.85,71.0
2024-11-05,471.2,514.0,471.2,514.0,12805.0
2024-11-07,516.0,549.8,516.0,530.0,11725.0
2024-11-08,535.0,550.0,521.0,545.0,5553.0
2024-11-11,549.4,549.4,522.1,522.1,3853.0
2024-11-12,521.5,529.0,520.0,526.5,3284.0
2024-11-13,518.0,524.0,503.1,511.0,950.0
2024-11-14,512.0,520.0,510.0,515.0,14991.0
2024-11-15,519.0,540.0,514.0,540.0,6181.0
2024-11-19,524.0,534.9,521.1,530.0,290.0
2024-11-20,530.0,537.9,518.2,518.2,834.0
2024-11-21,516.5,528.0,516.5,528.0,687.0
2024-11-22,528.0,528.0,516.0,527.0,1770.0
2024-11-25,516.3,523.0,515.0,523.0,368.0
2024-11-26,521.9,521.9,502.0,521.0,3020.0
2024-11-27,515.0,520.0,505.0,515.0,1414.0
2024-11-28,510.0,518.0,508.0,515.0,4236.0
2024-11-29,521.0,535.0,521.0,531.1,19037.0
2024-12-02,534.9,534.9,501.1,528.9,1133.0
2024-12-03,528.9,528.9,508.9,527.6,115.0
2024-12-04,516.0,545.0,516.0,537.0,5350.0
2024-12-05,532.9,565.0,532.0,560.0,11389.0
2024-12-06,567.0,580.1,561.0,580.1,6615.0
2024-12-09,585.0,596.9,579.9,596.9,4519.0
2024-12-10,596.9,597.0,580.0,597.0,9430.0
2024-12-11,595.0,597.0,592.0,596.5,393.0
2024-12-12,594.0,608.9,582.1,606.0,12764.0
2024-12-13,606.0,607.0,594.0,605.0,5480.0
2024-12-16,605.0,605.0,590.0,600.0,4205.0
2024-12-17,599.0,600.0,580.2,590.0,6503.0
2024-12-18,581.1,610.0,581.1,600.0,5108.0
2024-12-19,583.0,586.0,563.1,580.0,5406.0
2024-12-20,589.9,600.0,580.0,594.0,6631.0
2024-12-24,572.0,593.9,572.0,590.0,815.0
2024-12-25,573.0,590.3,570.0,590.3,1998.0
2024-12-26,589.5,598.9,589.5,598.9,2437.0
2024-12-27,598.9,599.0,582.3,599.0,7019.0
2024-12-30,599.0,600.0,597.0,599.0,1484.0
2024-12-31,595.0,595.0,583.6,595.0,3679.0
2025-01-02,595.0,650.0,595.0,640.0,7185.0
2025-01-03,640.0,646.5,630.0,634.0,9173.0
2025-01-06,630.0,668.0,627.0,665.0,6375.0
2025-01-07,684.0,684.0,655.0,660.0,1357.0
2025-01-08,660.0,674.0,650.0,660.0,946.0
2025-01-09,651.0,666.9,631.0,660.0,2495.0
2025-01-10,659.0,659.0,642.0,658.0,602.0
2025-01-13,641.1,645.0,628.2,644.0,6439.0
2025-01-15,623.0,654.0,623.0,640.0,258.0
2025-01-16,648.0,648.0,630.0,634.9,113.0
2025-01-17,637.0,648.8,637.0,637.0,53.0
2025-01-20,637.0,649.0,634.0,642.0,10537.0
2025-01-21,641.9,641.9,631.0,633.0,323.0
2025-01-22,631.0,631.0,623.3,629.0,894.0
2025-01-23,630.0,641.0,629.0,640.0,4275.0
2025-01-24,626.2,640.0,626.2,638.5,279.0
2025-01-27,639.9,639.9,626.0,627.2,122.0
2025-01-28,628.0,630.0,626.0,626.0,512.0
2025-01-29,630.0,639.0,612.0,617.5,752.0
2025-01-30,618.0,660.0,618.0,650.0,17781.0
2025-01-31,659.4,660.0,642.0,645.0,6722.0
2025-02-03,655.0,660.0,645.0,645.0,28.0
2025-02-04,642.5,675.0,642.5,650.0,23525.0
2025-02-05,661.0,661.0,660.0,660.0,139.0
2025-02-06,663.0,664.9,652.0,658.0,418.0
2025-02-07,654.0,658.0,646.0,657.0,1392.0
2025-02-10,650.0,664.9,645.3,660.0,386.0
2025-02-11,645.0,650.0,640.0,649.0,10651.0
2025-02-12,632.0,649.0,632.0,649.0,736.0
2025-02-13,649.0,649.5,635.0,649.0,1032.0
2025-02-14,644.9,650.0,635.0,650.0,7056.0
2025-02-17,650.0,663.8,645.0,660.0,4220.0
2025-02-18,655.0,667.8,642.1,650.0,1547.0
2025-02-19,645.0,646.0,640.1,640.1,609.0
2025-02-20,638.6,639.5,620.0,638.0,1081.0
2025-02-21,636.0,650.0,630.0,630.0,821.0
2025-02-24,630.0,630.0,614.0,616.0,909.0
2025-02-25,621.0,629.8,621.0,628.9,498.0
2025-02-26,628.8,641.0,621.5,622.0,1632.0
2025-02-27,622.0,622.0,600.0,600.0,3337.0
2025-02-28,600.0,630.0,600.0,605.0,3688.0
2025-03-03,605.0,605.0,604.0,605.0,230.0
2025-03-04,605.0,614.0,605.0,607.9,2576.0
2025-03-05,607.9,607.9,607.9,607.9,69.0
2025-03-06,623.0,624.0,607.0,607.0,112.0
2025-03-07,620.0,620.0,607.1,620.0,617.0
2025-03-10,601.6,619.9,601.6,619.9,5.0
2025-03-11,602.1,605.0,590.0,590.0,990.0
2025-03-12,616.9,616.9,590.0,590.0,82.0
2025-03-13,590.0,600.0,590.0,600.0,1194.0
2025-03-14,595.0,603.0,595.0,603.0,5002.0
2025-03-17,600.0,623.9,600.0,610.0,15291.0
2025-03-18,611.1,634.0,611.1,631.0,519.0
2025-03-19,633.0,650.0,630.0,647.0,6998.0
2025-03-20,650.0,679.0,650.0,661.0,9179.0
2025-03-21,666.0,690.0,661.0,670.0,10332.0
2025-03-24,674.0,674.0,650.0,653.0,817.0
2025-03-25,653.0,655.0,641.0,650.0,1571.0
2025-03-26,645.0,651.0,645.0,651.0,743.0
2025-03-27,641.0,641.0,590.0,638.9,10664.0
2025-03-28,650.0,650.0,616.1,616.1,8464.0
2025-04-02,646.0,646.0,644.0,644.0,399.0
2025-04-03,644.7,661.0,620.0,639.8,2694.0
2025-04-04,630.0,647.9,620.0,645.9,853.0
2025-04-07,626.0,626.0,582.0,596.0,947.0
2025-04-08,619.0,619.0,595.0,615.0,376.0
2025-04-09,582.1,595.0,574.0,574.0,739.0
2025-04-10,626.8,629.9,606.0,606.0,5958.0
2025-04-11,615.0,615.0,603.5,613.9,7.0
2025-04-14,614.0,628.0,614.0,628.0,346.0
2025-04-15,628.0,660.0,628.0,653.0,1950.0
2025-04-16,650.0,655.0,635.0,655.0,7145.0
2025-04-17,655.0,690.0,655.0,689.0,6148.0
2025-04-18,682.0,720.0,671.0,719.1,4216.0
2025-04-21,719.1,729.0,701.3,729.0,629.0
2025-04-22,728.0,729.0,705.0,718.5,1328.0
2025-04-23,710.0,714.0,703.0,714.0,192.0
2025-04-24,700.0,720.0,693.1,700.1,15934.0
2025-04-25,700.2,727.8,695.3,727.8,1868.0
2025-04-28,727.8,727.8,710.0,710.0,186.0
2025-04-29,710.0,710.0,700.0,700.0,350.0
2025-04-30,700.0,700.0,695.0,699.9,1693.0
2025-05-02,686.5,705.0,685.0,698.8,1803.0
2025-05-05,698.8,698.8,678.0,698.0,81.0
2025-05-06,700.0,700.0,680.6,682.1,48.0
2025-05-07,680.1,700.0,680.1,690.0,1155.0
2025-05-08,680.1,690.0,675.0,687.0,552.0
2025-05-09,675.0,690.0,675.0,690.0,263.0
2025-05-12,678.0,690.0,678.0,685.0,723.0
2025-05-13,680.0,690.0,679.0,688.0,413.0
2025-05-14,675.0,676.1,675.0,676.1,134.0
2025-05-15,685.0,685.0,671.1,685.0,105.0
2025-05-16,671.3,671.3,665.0,665.0,6043.0
2025-05-19,665.0,665.0,649.9,660.0,514.0
2025-05-20,651.1,680.0,650.1,680.0,116.0
2025-05-21,670.0,680.0,655.0,680.0,245.0
2025-05-22,660.0,680.0,659.0,680.0,601.0
2025-05-23,670.1,700.0,660.0,700.0,5333.0
2025-05-26,699.8,700.0,681.0,699.0,558.0
2025-05-27,680.0,700.0,680.0,690.0,920.0
2025-05-28,682.0,690.0,680.0,690.0,190.0
2025-05-29,680.0,698.0,680.0,698.0,367.0
2025-05-30,698.0,749.0,698.0,724.3,47938.0
2025-06-02,730.0,746.7,716.0,744.0,2655.0
2025-06-03,750.0,750.0,735.0,735.0,1064.0
2025-06-04,740.0,745.0,721.5,733.0,837.0
2025-06-05,739.0,739.0,710.0,720.0,2645.0
2025-06-06,742.0,747.7,720.0,721.1,1796.0
2025-06-10,739.9,739.9,720.0,735.5,52.0
2025-06-11,722.0,732.8,722.0,732.8,201.0
2025-06-12,733.9,740.0,710.0,731.0,1358.0
2025-06-13,727.5,749.9,680.0,749.9,14065.0
2025-06-16,738.0,738.0,694.1,725.0,840.0
2025-06-17,724.9,724.9,709.1,724.8,398.0
2025-06-18,705.0,714.9,703.1,714.9,2307.0
2025-06-19,696.0,699.0,680.2,699.0,316.0
2025-06-20,699.0,714.0,684.0,714.0,4015.0
2025-06-23,710.0,710.0,681.0,700.0,1533.0
2025-06-24,709.9,710.0,694.2,710.0,2154.0
2025-06-25,697.2,714.9,690.0,713.5,6907.0
2025-06-26,695.5,713.5,695.5,713.5,264.0
2025-06-30,712.0,735.0,690.1,690.1,1610.0
2025-07-01,692.0,700.0,690.6,691.1,38.0
2025-07-02,691.0,708.0,691.0,708.0,611.0
2025-07-03,700.0,706.9,685.1,706.9,241.0
2025-07-04,707.0,707.0,685.1,705.0,220.0
2025-07-07,705.0,718.0,684.0,699.0,1234.0
2025-07-08,684.2,695.0,680.0,695.0,614.0
2025-07-09,688.0,690.0,668.5,676.0,854.0
2025-07-10,680.0,690.0,659.8,680.0,2135.0
2025-07-11,680.0,680.0,661.1,680.0,664.0
2025-07-14,670.0,679.9,660.0,679.9,740.0
2025-07-15,662.1,663.4,662.1,663.3,71.0
2025-07-16,663.2,666.6,663.2,666.6,505.0
2025-07-17,667.0,670.0,664.0,670.0,188.0
2025-07-18,663.2,690.0,661.0,690.0,1746.0
2025-07-22,699.9,700.0,680.0,700.0,340.0
2025-07-23,705.0,705.0,699.8,699.8,201.0
2025-07-24,681.1,699.0,681.1,699.0,356.0
2025-07-25,699.0,699.0,699.0,699.0,5.0
2025-07-28,698.8,699.0,690.0,699.0,443.0
2025-07-29,690.0,695.0,690.0,690.1,244.0
2025-07-31,681.0,699.0,675.0,699.0,10895.0
2025-08-01,685.0,699.0,683.0,696.9,898.0
2025-08-04,681.2,698.0,680.0,698.0,594.0
2025-08-05,690.0,698.0,688.5,698.0,90.0
2025-08-06,685.1,698.0,684.0,698.0,598.0
2025-08-07,686.1,700.0,686.0,700.0,6766.0
2025-08-08,695.0,710.0,690.0,700.0,4816.0
2025-08-11,707.0,708.0,696.0,696.0,778.0
2025-08-12,695.0,695.0,680.0,692.0,852.0
2025-08-13,698.0,698.0,680.0,680.2,211.0
2025-08-15,682.5,695.0,682.2,695.0,273.0
2025-08-18,695.0,699.0,683.2,683.2,101.0
2025-08-19,699.7,699.7,675.0,675.0,2877.0
2025-08-22,675.1,695.0,675.1,689.0,60.0
2025-08-25,680.0,694.4,680.0,694.4,599.0
2025-08-26,683.1,693.9,683.1,693.9,462.0
2025-08-27,688.0,688.0,683.2,683.2,281.0
2025-08-28,699.0,699.0,683.0,695.9,358.0
2025-08-29,705.1,718.0,656.0,656.0,7907.0
2025-09-01,665.0,670.0,656.0,664.0,1426.0
2025-09-02,664.0,670.0,651.0,666.0,737.0
2025-09-03,666.0,670.0,650.0,670.0,1010.0
2025-09-04,656.1,673.9,650.0,660.0,1565.0
2025-09-08,677.0,677.0,651.0,651.0,579.0
2025-09-09,660.0,660.0,601.0,601.0,2584.0
2025-09-10,613.0,645.2,613.0,626.0,975.0
2025-09-11,638.0,641.4,626.0,640.0,478.0
2025-09-12,650.0,650.0,630.9,648.0,6402.0
2025-09-15,630.2,657.0,630.0,633.0,1424.0
2025-09-16,633.0,645.0,630.0,630.0,141.0
2025-09-17,638.5,638.5,619.0,620.0,428.0
2025-09-18,612.0,630.0,610.0,610.0,880.0
2025-09-19,610.0,630.0,603.0,630.0,598.0
2025-09-22,612.1,629.0,610.2,627.0,142.0
2025-09-23,616.0,628.0,616.0,620.0,88.0
2025-09-24,620.0,623.0,610.0,623.0,451.0
2025-09-25,610.0,627.0,610.0,627.0,301.0
2025-09-26,625.0,627.0,610.0,627.0,689.0
2025-09-29,564.4,564.4,564.4,564.4,911.0
2025-09-30,566.0,566.0,540.0,550.0,1259.0
2025-10-01,558.0,558.0,540.0,540.0,1430.0
2025-10-02,525.0,526.9,500.0,520.0,567.0
2025-10-03,520.1,571.9,520.1,533.0,904.0
2025-10-06,577.0,577.0,540.0,543.0,1181.0
2025-10-07,554.5,554.5,545.0,550.0,180.0
2025-10-08,545.1,554.4,545.0,546.0,740.0
2025-10-09,546.0,554.4,530.0,530.0,733.0
2025-10-10,530.0,554.0,530.0,550.0,86.0
2025-10-13,535.1,547.9,535.0,547.9,107.0
2025-10-14,535.0,546.9,531.0,535.0,71.0
2025-10-15,531.0,540.0,523.0,538.0,232.0
2025-10-16,538.1,538.1,520.0,520.0,418.0
2025-10-17,542.4,542.4,520.0,520.0,296.0
2025-10-20,520.0,537.6,520.0,530.0,184.0
2025-10-21,540.0,543.8,535.0,535.0,72.0
2025-10-22,542.5,569.0,540.0,540.0,10377.0
2025-10-23,543.0,554.9,543.0,552.7,89.0
2025-10-24,550.0,559.0,549.0,550.0,364.0
2025-10-27,551.1,562.0,546.0,546.4,1737.0
2025-10-28,550.0,550.0,546.2,549.9,1160.0
2025-10-29,559.9,559.9,547.0,550.0,1390.0
2025-10-30,550.0,550.0,547.0,548.9,677.0
2025-10-31,561.9,561.9,550.0,550.0,670.0
2025-11-03,551.0,559.0,550.0,550.0,837.0
2025-11-04,550.0,550.0,545.0,545.0,858.0
2025-11-05,540.0,540.0,536.1,540.0,343.0
2025-11-07,538.0,540.0,530.0,540.0,202.0
2025-11-10,535.0,535.0,530.3,530.3,24.0
2025-11-11,534.0,545.0,530.5,545.0,56.0
2025-11-12,531.0,545.9,531.0,531.0,78.0
2025-11-13,545.0,545.0,544.8,544.8,36.0
2025-11-14,543.9,543.9,517.0,517.0,317.0
2025-11-17,518.0,518.0,515.0,515.2,289.0
2025-11-19,527.0,530.0,496.0,496.0,2283.0
2025-11-20,517.8,517.8,480.0,480.0,1535.0
2025-11-21,496.0,496.0,483.0,490.0,182.0
2025-11-24,488.0,490.0,485.0,486.0,50.0
2025-11-25,489.0,500.0,484.0,500.0,123.0
2025-11-26,500.0,504.9,500.0,501.0,108.0
2025-11-27,504.0,505.0,480.05,480.05,542.0
2025-11-28,499.0,501.0,485.0,501.0,702.0
2025-12-01,501.0,501.0,488.0,488.0,19.0
2025-12-02,488.1,488.1,487.0,487.0,53.0
2025-12-03,486.0,495.0,486.0,495.0,321.0
2025-12-04,487.0,490.0,486.0,487.0,215.0
2025-12-05,500.0,500.0,485.05,485.05,285.0
2025-12-08,481.6,485.0,480.0,480.0,1209.0
2025-12-09,482.0,497.6,480.0,480.0,950.0
2025-12-10,485.05,495.15,480.1,495.15,425.0
2025-12-11,492.95,492.95,483.0,485.5,122.0
2025-12-12,491.6,493.0,488.0,493.0,153.0
2025-12-15,487.0,493.0,470.3,487.95,10015.0
2025-12-16,483.0,490.0,480.0,490.0,162.0
2025-12-17,480.0,482.0,479.05,482.0,492.0
2025-12-18,489.95,493.0,489.5,490.05,172.0
2025-12-19,493.0,500.0,493.0,500.0,41.0
2025-12-22,518.0,518.0,500.0,510.0,199.0
2025-12-23,504.0,519.0,504.0,504.0,475.0
2025-12-24,510.0,510.0,510.0,510.0,117.0
2025-12-25,510.0,511.1,502.3,502.3,1265.0
2025-12-26,505.0,510.0,500.0,500.0,153.0
2025-12-29,497.0,500.0,490.05,491.0,481.0
2025-12-30,499.95,499.95,481.0,494.5,480.0
2025-12-31,490.0,493.9,480.0,480.0,1578.0
2026-01-02,493.4,495.0,493.0,495.0,119.0
2026-01-05,495.0,495.0,481.0,495.0,866.0
2026-01-06,485.4,500.0,485.4,500.0,442.0
2026-01-07,504.0,504.0,495.0,495.0,1213.0
2026-01-08,494.0,499.0,490.0,499.0,293.0
2026-01-09,499.0,505.9,499.0,505.0,589.0
2026-01-12,510.0,510.0,498.0,504.0,388.0
2026-01-13,498.1,500.0,492.0,492.0,919.0
2026-01-15,505.0,505.0,490.0,490.0,760.0
2026-01-16,489.0,500.0,489.0,499.9,495.0
2026-01-19,504.0,504.0,490.0,501.0,54.0
2026-01-20,495.0,499.9,490.0,491.0,148.0
2026-01-21,499.0,499.0,485.0,494.9,107.0
2026-01-22,485.1,490.05,485.1,489.0,619.0
2026-01-23,489.9,489.9,485.0,489.9,200.0
2026-01-26,490.0,490.0,456.0,456.0,1030.0
2026-01-27,479.0,479.0,460.1,470.0,334.0
2026-01-28,480.0,480.0,466.0,467.0,841.0
2026-01-29,468.05,484.9,468.05,470.0,183.0
2026-01-30,484.0,484.0,475.0,482.9,168.0
2026-02-02,471.0,477.0,470.0,477.0,668.0
2026-02-03,479.0,479.0,470.0,470.0,46.0
2026-02-04,470.0,470.0,466.0,469.0,67.0
2026-02-05,466.0,470.0,456.0,456.0,688.0
2026-02-06,469.0,469.0,451.0,458.0,307.0
2026-02-09,458.0,472.0,451.0,472.0,655.0
2026-02-10,472.0,477.85,469.0,477.85,22.0
2026-02-11,475.5,479.55,469.1,478.0,79.0
2026-02-12,470.0,483.7,469.1,483.7,161.0
2026-02-13,482.9,483.9,470.0,482.0,13373.0
2026-02-16,483.85,495.0,481.1,495.0,436.0
2026-02-17,495.0,495.0,490.0,490.0,382.0
2026-02-18,490.0,490.0,482.0,485.0,163.0
2026-02-19,485.0,485.0,485.0,485.0,70.0
2026-02-20,485.0,485.0,460.1,460.1,282.0
2026-02-23,484.0,484.0,475.0,475.0,139.0
2026-02-24,467.0,483.9,467.0,475.0,65.0
2026-02-25,475.0,475.0,468.0,474.0,29.0
2026-02-26,474.0,474.0,465.0,465.0,27.0
2026-02-27,473.0,473.0,450.25,450.25,622.0
2026-03-02,450.05,450.05,406.0,406.0,1000.0
2026-03-03,380.5,404.0,380.0,395.0,1241.0
2026-03-04,399.0,434.45,390.0,425.0,716.0
2026-03-05,425.0,425.0,424.0,425.0,101.0
2026-03-06,458.0,458.0,441.0,453.0,146.0
2026-03-09,445.0,449.0,425.0,425.0,231.0
2026-03-10,425.0,425.0,420.0,425.0,291.0
2026-03-11,425.0,437.0,425.0,437.0,187.0
2026-03-12,438.0,440.0,438.0,439.3,697.0
2026-03-13,440.0,440.0,426.0,426.0,369.0
2026-03-16,430.0,430.0,426.0,430.0,865.0
2026-03-17,420.2,426.0,420.1,426.0,60.0
2026-03-18,430.0,440.0,422.55,440.0,104.0
2026-03-19,450.0,450.0,436.0,436.0,181.0
2026-03-24,450.0,450.0,435.0,435.0,50.0
2026-03-25,439.0,440.0,439.0,440.0,70.0
2026-03-26,431.0,440.0,430.0,430.0,137.0
2026-03-27,427.0,440.0,410.0,410.0,1781.0
