Time,Open,High,Low,Close,Volume
2012-03-26,217.0,217.0,215.0,217.0,460.0
2012-03-27,216.89999,216.89999,210.0,216.89999,242.0
2012-03-28,211.0,215.0,210.10001,211.0,210.0
2012-03-29,215.0,215.0,212.0,215.0,1501.0
2012-03-30,212.0,213.05,212.0,212.0,1137.0
2012-04-02,210.0,211.0,210.0,210.0,152.0
2012-04-03,214.5,214.5,208.0,214.5,352.0
2012-04-04,208.0,211.8,208.0,208.0,173.0
2012-04-05,209.45,209.45,206.0,209.45,5709.0
2012-04-06,196.89999,204.0,196.89999,196.89999,1210.0
2012-04-09,192.0,200.0,190.0,192.0,5236.0
2012-04-13,187.0,191.10001,187.0,187.0,172.0
2012-04-16,186.0,187.0,186.0,186.0,96.0
2012-04-17,186.0,189.39999,186.0,186.0,150.0
2012-04-18,186.0,186.0,186.0,186.0,46.0
2012-04-19,176.05,189.3,176.05,176.05,214.0
2012-04-20,176.2,181.0,176.2,176.2,174.0
2012-04-23,176.0,176.75,176.0,176.0,228.0
2012-04-24,173.5,173.5,173.5,173.5,147.0
2012-04-25,169.55,170.05,169.5,169.55,231.0
2012-04-26,167.0,172.60001,166.0,167.0,2496.0
2012-04-27,168.05,170.05,167.0,168.05,247.0
2012-04-30,170.0,170.0,166.5,170.0,494.0
2012-05-02,169.5,169.55,169.5,169.5,509.0
2012-05-03,169.5,169.5,166.64999,169.5,82.0
2012-05-04,166.45,167.0,166.45,166.45,303.0
2012-05-07,162.0,167.0,160.0,162.0,236.0
2012-05-08,166.0,166.0,157.0,166.0,394.0
2012-05-09,162.0,162.0,162.0,162.0,41.0
2012-05-10,160.0,160.0,160.0,160.0,118.0
2012-05-11,160.0,160.0,160.0,160.0,103.0
2012-05-14,160.14999,160.14999,160.0,160.14999,19.0
2012-05-15,162.0,162.0,160.10001,162.0,133.0
2012-05-16,160.0,162.89999,160.0,160.0,154.0
2012-05-17,160.10001,160.14999,160.0,160.10001,1875.0
2012-05-18,161.5,161.5,161.0,161.5,732.0
2012-05-21,151.85001,161.0,151.85001,151.85001,3762.0
2012-05-22,150.0,156.0,150.0,150.0,426.0
2012-05-23,152.0,152.0,148.0,152.0,561.0
2012-05-24,154.0,154.0,146.3,154.0,681.0
2012-05-25,152.5,152.5,150.0,152.5,452.0
2012-05-28,161.64999,161.64999,150.0,161.64999,348.0
2012-05-29,171.3,171.3,159.85001,171.3,727.0
2012-05-30,181.55,181.55,175.05,181.55,482.0
2012-05-31,192.39999,192.39999,185.0,192.39999,544.0
2012-06-01,203.0,203.0,198.0,203.0,631.0
2012-06-04,199.0,201.60001,190.85001,199.0,354.0
2012-06-05,187.10001,192.89999,187.10001,187.10001,236.0
2012-06-06,196.14999,196.14999,176.10001,196.14999,530.0
2012-06-07,192.0,192.0,192.0,192.0,128.0
2012-06-08,189.39999,189.39999,189.39999,189.39999,1.0
2012-06-11,188.0,191.45,188.0,188.0,193.0
2012-06-12,191.0,196.89999,188.5,191.0,255.0
2012-06-13,196.0,196.5,190.39999,196.0,231.0
2012-06-14,192.0,192.05,192.0,192.0,107.0
2012-06-15,190.10001,193.0,190.10001,190.10001,157.0
2012-06-18,188.0,188.0,188.0,188.0,129.0
2012-06-19,189.3,189.3,186.0,189.3,120.0
2012-06-20,186.0,186.0,186.0,186.0,63.0
2012-06-21,190.0,190.0,181.0,190.0,257.0
2012-06-22,180.0,183.3,180.0,180.0,139.0
2012-06-25,182.2,182.2,170.05,182.2,276.0
2012-06-26,177.95,178.0,171.3,177.95,222.0
2012-06-27,170.0,171.0,170.0,170.0,184.0
2012-06-28,168.05,168.14999,168.05,168.05,32.0
2012-06-29,168.0,168.05,168.0,168.0,67.0
2012-07-02,169.85001,169.95,159.05,169.85001,134.0
2012-07-03,169.75,169.75,161.0,169.75,15.0
2012-07-06,169.3,169.3,161.0,169.3,17.0
2012-07-09,161.2,161.2,161.0,161.2,308.0
2012-07-10,160.0,161.2,160.0,160.0,249.0
2012-07-11,159.0,159.0,159.0,159.0,38.0
2012-07-12,159.0,159.0,159.0,159.0,12.0
2012-07-16,149.8,149.8,149.8,149.8,16.0
2012-07-17,153.0,153.0,151.0,153.0,33.0
2012-07-18,153.14999,153.14999,153.14999,153.14999,51.0
2012-07-19,160.0,160.0,153.0,160.0,331.0
2012-07-20,157.25,167.89999,157.2,157.25,329.0
2012-07-23,153.0,157.2,153.0,153.0,14.0
2012-07-24,155.0,162.14999,155.0,155.0,246.0
2012-07-25,164.3,164.3,155.0,164.3,1765.0
2012-07-26,173.85001,174.0,166.0,173.85001,110.0
2012-07-27,175.0,179.45,175.0,175.0,15108.0
2012-07-31,164.5,165.0,164.5,164.5,1346.0
2012-08-01,167.8,167.85001,156.5,167.8,234.0
2012-08-02,166.0,166.0,166.0,166.0,100.0
2012-08-03,167.95,167.95,161.0,167.95,99.0
2012-08-07,167.0,167.2,167.0,167.0,27.0
2012-08-08,166.75,166.75,160.0,166.75,109.0
2012-08-09,159.2,159.2,159.0,159.2,305.0
2012-08-10,160.0,160.14999,160.0,160.0,374.0
2012-08-13,166.0,166.0,159.10001,166.0,318.0
2012-08-15,165.95,166.8,165.89999,165.95,23.0
2012-08-16,169.75,169.75,166.7,169.75,40.0
2012-08-17,160.0,168.8,160.0,160.0,68.0
2012-08-22,165.95,165.95,160.0,165.95,15.0
2012-08-23,156.0,156.0,156.0,156.0,295.0
2012-08-24,150.0,151.0,149.64999,150.0,259.0
2012-08-27,158.0,158.75,147.0,158.0,57.0
2012-08-28,158.0,158.0,158.0,158.0,10.0
2012-08-31,157.0,157.85001,157.0,157.0,2.0
2012-09-03,156.95,158.95,148.60001,156.95,21.0
2012-09-05,155.75,155.75,149.0,155.75,70.0
2012-09-06,162.55,163.2,150.2,162.55,319.0
2012-09-07,152.8,152.89999,152.8,152.8,38.0
2012-09-10,147.05,147.05,147.05,147.05,50.0
2012-09-11,147.2,147.2,147.10001,147.2,300.0
2012-09-12,147.2,147.2,147.2,147.2,32.0
2012-09-13,147.2,155.75,147.2,147.2,122.0
2012-09-14,147.2,147.2,147.2,147.2,48.0
2012-09-17,147.0,147.05,147.0,147.0,145.0
2012-09-18,147.0,147.0,147.0,147.0,34.0
2012-09-24,146.95,146.95,146.95,146.95,10.0
2012-09-25,145.0,145.0,142.25,145.0,3466.0
2012-09-26,145.0,145.0,145.0,145.0,7.0
2012-09-27,138.25,143.05,138.25,138.25,227.0
2012-09-28,130.0,135.0,130.0,130.0,551.0
2012-10-01,125.05,130.0,125.05,125.05,105.0
2012-10-02,120.0,126.05,118.0,120.0,535.0
2012-10-03,126.95,126.95,113.0,126.95,60.0
2012-10-04,119.35,119.35,119.35,119.35,51.0
2012-10-08,124.8,124.8,124.8,124.8,1.0
2012-10-09,132.25,132.25,124.8,132.25,99.0
2012-10-10,125.0,133.95,125.0,125.0,265.0
2012-10-11,118.5,120.05,118.5,118.5,190.0
2012-10-12,113.3,113.3,113.2,113.3,114.0
2012-10-15,118.7,118.7,118.7,118.7,45.0
2012-10-16,116.85,116.85,111.65,116.85,100.0
2012-10-17,122.0,122.95,111.6,122.0,60.0
2012-10-22,120.85,120.85,108.0,120.85,105.0
2012-10-23,119.95,119.95,114.0,119.95,20.0
2012-10-24,119.7,119.7,115.05,119.7,115.0
2012-10-25,114.0,119.35,114.0,114.0,205.0
2012-10-29,117.3,117.9,110.2,117.3,45.0
2012-10-30,110.3,115.75,110.3,110.3,320.0
2012-10-31,114.0,114.0,110.0,114.0,315.0
2012-11-01,114.3,114.3,110.0,114.3,319.0
2012-11-02,110.0,114.0,110.0,110.0,42.0
2012-11-05,110.0,113.7,110.0,110.0,36.0
2012-11-07,112.5,112.9,112.5,112.5,100.0
2012-11-08,113.4,113.4,112.9,113.4,2.0
2012-11-09,117.0,117.0,112.5,117.0,86.0
2012-11-12,116.9,116.9,112.5,116.9,48.0
2012-11-13,119.7,119.7,112.6,119.7,325.0
2012-11-14,125.0,126.85,113.2,125.0,522.0
2012-11-15,128.0,128.0,122.0,128.0,45.0
2012-11-19,132.89999,133.0,125.0,132.89999,74.0
2012-11-20,131.0,131.0,126.0,131.0,49.0
2012-11-21,129.64999,130.0,123.15,129.64999,216.0
2012-11-22,129.45,129.45,128.95,129.45,60.0
2012-11-23,128.85001,128.85001,122.05,128.85001,17.0
2012-11-26,126.45,126.75,121.15,126.45,64.0
2012-11-27,124.9,124.9,119.0,124.9,51.0
2012-11-28,124.2,124.2,117.5,124.2,18.0
2012-11-29,127.0,127.0,117.6,127.0,69.0
2012-11-30,129.85001,131.45,121.0,129.85001,721.0
2012-12-03,133.89999,133.89999,123.05,133.89999,486.0
2012-12-04,136.95,136.95,136.95,136.95,114.0
2012-12-05,135.45,135.45,128.75,135.45,55.0
2012-12-06,127.5,134.95,127.5,127.5,68.0
2012-12-07,131.75,131.75,119.85,131.75,12.0
2012-12-10,127.45,127.45,123.85,127.45,57.0
2012-12-11,120.2,127.4,120.2,120.2,109.0
2012-12-12,127.15,127.4,116.2,127.15,188.0
2012-12-13,127.2,127.2,120.0,127.2,82.0
2012-12-14,127.1,127.1,120.15,127.1,67.0
2012-12-17,127.15,127.15,120.15,127.15,17.0
2012-12-18,127.0,127.0,120.3,127.0,108.0
2012-12-19,125.0,125.0,120.0,125.0,140.0
2012-12-20,126.85,126.85,117.5,126.85,63.0
2012-12-24,123.9,125.85,119.3,123.9,19.0
2012-12-25,117.05,123.0,117.05,117.05,2842.0
2012-12-26,119.95,119.95,114.1,119.95,52.0
2012-12-28,119.75,119.85,114.05,119.75,185.0
2012-12-31,118.0,118.5,113.0,118.0,960.0
2013-01-02,121.8,121.8,118.0,121.8,118.0
2013-01-03,124.0,124.0,124.0,124.0,1.0
2013-01-04,122.0,122.0,116.6,122.0,17.0
2013-01-07,122.95,122.95,115.0,122.95,23.0
2013-01-08,119.95,120.0,115.6,119.95,85.0
2013-01-10,119.0,119.0,116.0,119.0,27.0
2013-01-14,116.0,116.0,116.0,116.0,7.0
2013-01-15,115.8,115.8,110.1,115.8,333.0
2013-01-16,108.9,110.0,108.9,108.9,136.0
2013-01-18,97.0,97.800003,97.0,97.0,2339.0
2013-01-21,98.0,102.0,98.0,98.0,26.0
2013-01-22,92.120003,100.1,92.120003,92.120003,1531.0
2013-01-23,92.120003,96.0,92.120003,92.120003,62.0
2013-01-28,96.0,97.0,96.0,96.0,16.0
2013-01-29,101.45,101.75,90.239998,101.45,190.0
2013-01-30,95.400002,95.419998,95.400002,95.400002,84.0
2013-01-31,90.5,90.5,90.5,90.5,34.0
2013-02-04,91.5,91.5,91.5,91.5,19.0
2013-02-05,90.019997,91.0,90.019997,90.019997,73.0
2013-02-06,87.099998,95.400002,85.0,87.099998,530.0
2013-02-07,83.07,92.32,83.07,83.07,56.0
2013-02-08,86.849998,86.849998,78.199997,86.849998,644.0
2013-02-11,81.699997,83.07,81.699997,81.699997,35.0
2013-02-12,74.220001,75.540001,74.199997,74.220001,340.0
2013-02-13,76.980003,76.980003,71.199997,76.980003,948.0
2013-02-14,69.800003,77.0,69.800003,69.800003,1951.0
2013-02-15,69.449997,73.0,65.620003,69.449997,202.0
2013-02-18,68.989998,68.989998,62.509998,68.989998,1065.0
2013-02-19,69.800003,69.949997,64.860001,69.800003,112.0
2013-02-20,62.82,70.0,62.82,62.82,3821.0
2013-02-21,63.990002,65.690002,61.009998,63.990002,630.0
2013-02-22,65.480003,65.480003,61.0,61.0,4233.0
2013-02-25,60.0,62.400002,57.34,57.34,3482.0
2013-02-26,57.509998,60.0,57.509998,58.0,944.0
2013-02-27,60.0,61.48,59.98,61.48,844.0
2013-02-28,65.160004,65.160004,64.5,65.160004,1224.0
2013-03-01,71.669998,71.669998,70.0,70.0,5902.0
2013-03-04,74.199997,74.199997,67.220001,68.599998,5957.0
2013-03-05,70.0,72.650002,67.0,69.980003,1143.0
2013-03-06,66.050003,66.099998,65.790001,66.0,856.0
2013-03-07,67.949997,67.949997,62.040001,62.040001,2978.0
2013-03-08,62.0,64.980003,62.0,62.0,178.0
2013-03-11,64.970001,64.970001,62.5,62.5,13.0
2013-03-12,62.0,64.0,62.0,64.0,74.0
2013-03-13,63.990002,63.990002,62.5,63.950001,180.0
2013-03-14,63.0,63.0,60.119999,60.119999,5059.0
2013-03-15,60.0,61.98,59.0,59.0,1409.0
2013-03-18,55.490002,58.990002,55.459999,55.75,4429.0
2013-03-19,58.5,58.5,55.5,55.529999,882.0
2013-03-20,56.0,58.5,56.0,57.009998,553.0
2013-03-21,57.5,58.5,56.25,56.25,1155.0
2013-03-22,59.5,59.5,56.259998,56.259998,1429.0
2013-03-25,57.5,57.5,54.0,54.330002,1347.0
2013-03-26,57.400002,57.400002,54.470001,54.470001,45.0
2013-03-27,57.0,57.0,57.0,57.0,1.0
2013-03-28,55.099998,56.900002,55.0,55.150002,1645.0
2013-03-29,55.509998,58.0,55.029999,57.889999,776.0
2013-04-01,55.310001,57.5,55.310001,57.5,49.0
2013-04-02,55.639999,57.599998,55.599998,57.599998,726.0
2013-04-03,57.98,57.98,55.68,56.009998,13.0
2013-04-04,55.0,57.970001,55.0,57.970001,996.0
2013-04-05,55.549999,57.959999,55.549999,57.950001,252.0
2013-04-08,57.490002,57.5,55.740002,57.5,1536.0
2013-04-09,57.5,58.0,56.0,58.0,72.0
2013-04-10,56.0,57.950001,56.0,57.950001,1259.0
2013-04-11,56.110001,58.389999,56.110001,56.150002,290.0
2013-04-12,58.200001,58.200001,57.099998,57.099998,38.0
2013-04-15,58.200001,59.299999,58.200001,58.990002,230.0
2013-04-16,59.25,61.0,59.25,59.900002,1870.0
2013-04-17,59.32,63.349998,59.32,60.0,1794.0
2013-04-18,60.0,63.389999,60.0,63.389999,24.0
2013-04-19,60.099998,62.490002,59.59,62.490002,1082.0
2013-04-22,62.400002,62.400002,62.299999,62.299999,302.0
2013-04-23,61.990002,61.990002,59.610001,60.0,1499.0
2013-04-24,60.0,60.0,60.0,60.0,626.0
2013-04-25,61.389999,61.849998,61.389999,61.849998,4.0
2013-04-26,59.619999,61.48,59.610001,61.48,19.0
2013-04-29,59.610001,59.610001,57.799999,57.799999,640.0
2013-04-30,58.0,58.02,57.880001,57.880001,235.0
2013-05-07,59.0,59.0,59.0,59.0,34.0
2013-05-08,58.099998,61.169998,58.099998,61.169998,52.0
2013-05-09,59.5,61.310001,58.509998,61.310001,724.0
2013-05-13,59.02,59.02,59.0,59.0,530.0
2013-05-14,59.0,59.0,59.0,59.0,1099.0
2013-05-15,60.0,60.0,58.5,58.5,1305.0
2013-05-16,61.0,61.0,58.099998,58.619999,1758.0
2013-05-17,60.990002,61.0,59.009998,59.009998,221.0
2013-05-20,60.400002,60.400002,60.400002,60.400002,150.0
2013-05-22,59.009998,59.009998,59.009998,59.009998,14.0
2013-05-24,58.5,58.52,58.5,58.5,378.0
2013-05-27,61.5,61.5,58.119999,58.119999,51.0
2013-05-28,58.119999,58.119999,57.009998,57.02,416.0
2013-05-29,57.049999,57.200001,57.049999,57.200001,1300.0
2013-05-30,57.5,58.0,57.5,58.0,147.0
2013-05-31,58.0,58.0,57.099998,57.099998,109.0
2013-06-03,58.0,58.0,58.0,58.0,82.0
2013-06-04,59.0,59.0,59.0,59.0,1370.0
2013-06-05,58.0,58.0,58.0,58.0,3.0
2013-06-06,59.700001,59.700001,59.700001,59.700001,20.0
2013-06-07,58.0,59.779999,56.130001,56.130001,253.0
2013-06-10,56.200001,58.48,56.02,56.400002,414.0
2013-06-11,56.02,58.900002,55.0,57.009998,432.0
2013-06-12,58.0,58.0,58.0,58.0,500.0
2013-06-13,57.200001,58.900002,57.0,57.0,256.0
2013-06-14,55.099998,55.099998,55.099998,55.099998,15.0
2013-06-17,55.52,55.52,55.52,55.52,50.0
2013-06-18,57.990002,58.0,57.990002,58.0,140.0
2013-06-19,58.009998,58.009998,58.0,58.0,509.0
2013-06-20,58.0,58.049999,58.0,58.049999,96.0
2013-06-21,58.0,58.880001,58.0,58.880001,179.0
2013-06-24,58.880001,58.880001,58.0,58.0,548.0
2013-06-25,58.0,58.0,58.0,58.0,229.0
2013-06-26,58.880001,61.48,58.880001,61.48,2336.0
2013-06-27,61.799999,65.160004,61.799999,65.160004,3846.0
2013-07-01,73.980003,75.970001,73.980003,75.970001,1706.0
2013-07-02,75.0,80.519997,75.0,80.519997,3792.0
2013-07-03,85.010002,85.349998,80.0,85.349998,1189.0
2013-07-04,87.0,88.0,76.82,79.900002,8002.0
2013-07-05,75.300003,75.300003,75.110001,75.110001,364.0
2013-07-08,71.919998,78.0,70.620003,77.5,308.0
2013-07-09,75.110001,75.110001,75.110001,75.110001,53.0
2013-07-10,67.599998,75.0,67.599998,75.0,213.0
2013-07-11,74.800003,78.800003,74.800003,78.800003,230.0
2013-07-12,72.150002,78.0,72.150002,78.0,47.0
2013-07-15,78.0,78.779999,78.0,78.779999,100.0
2013-07-16,75.0,75.0,75.0,75.0,10.0
2013-07-18,75.010002,75.010002,70.5,70.5,314.0
2013-07-19,74.599998,74.599998,74.599998,74.599998,80.0
2013-07-22,71.5,76.0,71.5,76.0,19.0
2013-07-25,72.099998,72.099998,72.099998,72.099998,100.0
2013-07-26,76.419998,76.419998,68.0,74.5,7614.0
2013-07-31,70.029999,74.0,70.029999,74.0,19.0
2013-08-01,70.0,70.0,70.0,70.0,200.0
2013-08-02,66.199997,72.5,66.199997,66.199997,20.0
2013-08-05,69.989998,69.989998,66.150002,66.150002,118.0
2013-08-07,70.110001,70.110001,70.110001,70.110001,4.0
2013-08-08,70.989998,70.989998,70.989998,70.989998,5.0
2013-08-12,73.699997,73.699997,66.82,73.0,113.0
2013-08-13,73.0,73.699997,73.0,73.699997,31.0
2013-08-15,73.0,73.0,73.0,73.0,17.0
2013-08-16,74.0,74.0,74.0,74.0,1.0
2013-08-26,70.0,73.800003,70.0,73.800003,103.0
2013-08-27,69.5,69.5,69.5,69.5,2.0
2013-08-28,68.010002,73.599998,68.010002,68.099998,17.0
2013-08-29,68.150002,68.199997,68.0,68.0,202.0
2013-08-30,68.0,68.0,66.739998,66.739998,84.0
2013-09-02,68.0,70.739998,68.0,70.739998,4044.0
2013-09-03,72.0,74.980003,71.0,74.980003,3291.0
2013-09-04,79.459999,79.459999,79.349998,79.379997,2213.0
2013-09-05,79.400002,82.5,79.400002,81.900002,240.0
2013-09-06,81.900002,81.900002,77.0,80.5,207.0
2013-09-09,80.0,80.0,80.0,80.0,201.0
2013-09-10,75.209999,79.379997,75.199997,79.379997,192.0
2013-09-11,75.199997,78.0,74.620003,76.0,188.0
2013-09-12,76.0,76.5,72.0,76.5,372.0
2013-09-13,75.989998,75.989998,75.699997,75.699997,345.0
2013-09-17,73.0,76.0,72.0,76.0,57.0
2013-09-23,74.0,74.0,73.0,74.0,341.0
2013-09-24,70.0,74.0,70.0,74.0,2.0
2013-09-25,75.900002,81.400002,75.0,81.400002,3705.0
2013-09-26,82.0,82.0,78.449997,79.349998,615.0
2013-09-27,76.620003,81.449997,75.0,81.0,3956.0
2013-09-30,81.0,81.0,79.970001,79.970001,53.0
2013-10-01,78.199997,78.199997,75.18,75.629997,1226.0
2013-10-02,75.550003,75.550003,75.0,75.0,1000.0
2013-10-03,78.400002,78.400002,74.0,77.699997,120.0
2013-10-04,77.400002,77.400002,77.400002,77.400002,32.0
2013-10-07,78.0,78.0,76.0,78.0,387.0
2013-10-08,78.0,79.989998,76.0,78.5,2678.0
2013-10-09,77.900002,77.900002,76.150002,76.150002,197.0
2013-10-10,76.199997,76.199997,75.0,75.0,2016.0
2013-10-14,75.160004,78.0,75.160004,78.0,27.0
2013-10-15,75.599998,78.269997,75.550003,78.269997,80.0
2013-10-21,75.510002,75.510002,75.510002,75.510002,10.0
2013-10-22,75.519997,75.519997,75.519997,75.519997,3.0
2013-10-23,75.650002,75.650002,75.0,75.0,846.0
2013-10-24,77.0,77.800003,75.699997,77.800003,635.0
2013-10-25,78.379997,79.360001,76.019997,77.970001,2116.0
2013-10-28,76.5,80.0,76.32,77.220001,839.0
2013-10-29,79.0,80.0,76.400002,80.0,2110.0
2013-10-30,78.5,79.5,77.010002,77.010002,127.0
2013-10-31,79.800003,81.5,78.5,81.5,2200.0
2013-11-01,83.099998,84.900002,82.0,84.300003,296.0
2013-11-04,84.0,84.900002,82.029999,82.029999,344.0
2013-11-07,85.0,85.0,81.0,81.050003,1704.0
2013-11-11,83.0,83.0,81.050003,81.050003,561.0
2013-11-12,83.0,83.0,83.0,83.0,34.0
2013-11-13,83.0,83.0,83.0,83.0,8.0
2013-11-14,82.0,82.0,82.0,82.0,800.0
2013-11-15,79.599998,80.870003,77.120003,80.870003,1201.0
2013-11-19,81.0,81.0,81.0,81.0,370.0
2013-11-20,79.099998,83.0,76.199997,76.199997,1621.0
2013-11-22,77.110001,79.980003,76.300003,76.349998,669.0
2013-11-25,76.370003,79.0,76.300003,79.0,220.0
2013-11-26,74.260002,74.260002,74.260002,74.260002,499.0
2013-11-28,75.010002,77.0,74.510002,77.0,886.0
2013-11-29,74.400002,74.400002,74.400002,74.400002,17.0
2013-12-02,75.510002,75.510002,75.220001,75.220001,42.0
2013-12-04,76.0,76.0,76.0,76.0,300.0
2013-12-06,75.050003,75.050003,75.050003,75.050003,25.0
2013-12-09,75.010002,76.940002,75.010002,76.900002,350.0
2013-12-10,76.0,76.959999,76.0,76.959999,330.0
2013-12-11,76.75,79.800003,76.75,79.800003,110.0
2013-12-12,75.300003,79.25,75.300003,79.25,20.0
2013-12-13,75.699997,79.099998,75.699997,79.099998,8.0
2013-12-17,75.800003,78.300003,75.800003,78.300003,317.0
2013-12-19,76.220001,76.550003,76.07,76.07,1517.0
2013-12-20,76.07,77.5,76.059998,77.5,1555.0
2013-12-23,77.0,77.0,75.800003,76.0,328.0
2013-12-24,74.300003,77.0,74.300003,75.0,622.0
2013-12-25,75.099998,75.199997,75.0,75.0,554.0
2013-12-26,76.489998,76.489998,75.0,75.0,630.0
2013-12-27,75.0,75.0,74.510002,74.510002,2796.0
2013-12-31,76.0,76.0,75.0,75.0,55.0
2014-01-02,75.900002,75.900002,75.900002,75.900002,1.0
2014-01-06,74.010002,74.010002,74.0,74.0,249.0
2014-01-07,74.0,74.0,74.0,74.0,312.0
2014-01-09,74.0,74.0,74.0,74.0,32.0
2014-01-10,74.0,74.0,74.0,74.0,33.0
2014-01-13,72.0,75.300003,72.0,75.199997,224.0
2014-01-20,72.050003,74.0,72.050003,74.0,25.0
2014-01-21,75.0,75.0,75.0,75.0,1.0
2014-01-22,72.300003,74.290001,72.300003,74.290001,18.0
2014-01-23,73.5,78.0,73.5,78.0,1144.0
2014-01-24,76.0,78.300003,76.0,78.300003,12.0
2014-01-28,74.599998,78.25,74.599998,78.199997,74.0
2014-01-29,75.010002,77.400002,73.669998,77.400002,220.0
2014-01-30,74.699997,75.0,74.650002,75.0,45.0
2014-01-31,75.0,75.0,74.5,74.5,91.0
2014-02-03,73.800003,76.989998,73.800003,76.989998,12.0
2014-02-04,75.0,76.0,75.0,76.0,1196.0
2014-02-05,74.5,77.400002,74.5,77.400002,20.0
2014-02-06,74.510002,74.529999,74.510002,74.529999,29.0
2014-02-10,76.0,76.0,76.0,76.0,8300.0
2014-02-11,74.5,74.5,74.5,74.5,43.0
2014-02-12,74.510002,76.0,74.510002,76.0,750.0
2014-02-13,76.0,76.0,75.120003,76.0,1037.0
2014-02-14,76.0,76.0,76.0,76.0,79.0
2014-02-17,76.0,76.0,76.0,76.0,20.0
2014-02-18,76.0,76.0,76.0,76.0,7601.0
2014-02-19,75.360001,79.0,75.360001,79.0,468.0
2014-02-20,75.400002,78.900002,75.400002,76.0,66.0
2014-02-21,76.410004,76.410004,76.410004,76.410004,25.0
2014-02-24,76.059998,80.989998,76.059998,80.949997,1034.0
2014-02-25,80.0,81.0,80.0,80.900002,67.0
2014-02-26,77.010002,80.879997,76.699997,80.879997,83.0
2014-02-27,80.860001,85.730003,80.860001,83.32,10101.0
2014-02-28,83.349998,88.309998,83.349998,88.309998,135.0
2014-03-03,87.790001,89.900002,83.5,83.519997,1562.0
2014-03-04,86.980003,86.980003,86.980003,86.980003,1.0
2014-03-05,83.599998,87.699997,83.510002,86.889999,40.0
2014-03-06,86.5,86.989998,83.599998,86.0,52.0
2014-03-07,83.75,86.150002,83.110001,84.0,89.0
2014-03-10,86.980003,86.980003,80.0,80.0,2412.0
2014-03-11,81.0,82.0,81.0,82.0,21.0
2014-03-12,81.099998,85.0,81.099998,83.0,1402.0
2014-03-13,86.5,87.980003,84.099998,87.980003,1379.0
2014-03-14,90.0,96.769997,90.0,96.769997,6904.0
2014-03-17,102.55,105.9,99.0,101.2,7420.0
2014-03-18,101.25,106.4,101.25,106.0,3930.0
2014-03-19,102.5,115.9,102.5,113.9,8159.0
2014-03-20,120.7,125.25,116.5,125.25,12141.0
2014-03-21,124.95,125.0,116.3,118.05,9424.0
2014-03-24,121.0,122.5,113.0,119.0,1438.0
2014-03-25,120.0,123.95,116.5,116.5,2206.0
2014-03-26,122.0,122.0,117.1,117.1,336.0
2014-03-27,121.0,121.4,117.2,121.1,879.0
2014-03-28,124.9,128.35001,113.85,113.85,10991.0
2014-03-31,107.05,113.4,107.05,107.05,5829.0
2014-04-01,107.0,112.0,100.65,101.2,6189.0
2014-04-02,100.0,107.25,98.0,107.25,9594.0
2014-04-03,108.1,117.95,108.1,117.95,7679.0
2014-04-04,123.4,129.5,119.0,129.5,26027.0
2014-04-07,135.89999,138.0,129.0,130.0,21101.0
2014-04-08,130.14999,136.39999,123.5,131.89999,3743.0
2014-04-09,128.5,134.75,125.15,131.39999,5235.0
2014-04-10,128.85001,128.85001,123.6,123.6,2588.0
2014-04-11,120.0,127.0,120.0,125.9,234.0
2014-04-15,119.7,125.0,119.7,119.9,1073.0
2014-04-16,119.9,127.9,118.0,127.0,6499.0
2014-04-17,126.0,131.0,126.0,130.85001,1101.0
2014-04-18,129.95,130.0,127.0,129.0,357.0
2014-04-21,128.89999,133.0,128.89999,130.3,3200.0
2014-04-22,132.0,132.89999,124.0,127.5,1491.0
2014-04-23,124.15,128.89999,122.05,124.5,1032.0
2014-04-24,127.0,127.0,123.5,123.5,1193.0
2014-04-25,125.0,127.0,125.0,127.0,8.0
2014-04-28,126.45,126.45,123.05,125.0,1704.0
2014-04-29,124.0,133.39999,124.0,132.64999,12128.0
2014-04-30,132.3,134.5,130.7,134.5,2042.0
2014-05-02,130.7,134.39999,130.0,134.39999,315.0
2014-05-05,130.0,133.7,129.10001,132.89999,598.0
2014-05-06,130.0,132.0,129.10001,131.0,275.0
2014-05-07,125.55,131.0,125.55,131.0,28.0
2014-05-08,130.0,132.89999,130.0,131.0,132.0
2014-05-09,130.8,130.8,125.6,125.6,856.0
2014-05-12,125.75,130.5,125.7,129.64999,54.0
2014-05-13,129.10001,136.0,129.10001,135.0,4858.0
2014-05-14,135.5,139.95,132.0,139.0,10130.0
2014-05-15,134.5,139.0,130.7,138.0,1627.0
2014-05-16,135.0,136.89999,131.0,135.0,1161.0
2014-05-19,133.0,136.5,130.5,130.5,801.0
2014-05-20,130.5,134.8,128.0,134.0,1590.0
2014-05-21,132.0,136.25,132.0,135.0,4991.0
2014-05-22,132.60001,132.60001,132.60001,132.60001,170.0
2014-05-23,135.0,139.5,135.0,139.5,6490.0
2014-05-26,140.60001,143.95,139.3,139.3,4949.0
2014-05-27,135.5,141.0,135.5,138.0,883.0
2014-05-28,138.10001,141.0,137.14999,141.0,715.0
2014-05-29,139.5,142.5,138.0,142.0,4113.0
2014-05-30,138.05,141.0,137.2,138.14999,1221.0
2014-06-02,143.0,143.0,138.10001,138.10001,714.0
2014-06-03,138.05,144.0,137.7,141.95,1978.0
2014-06-05,137.64999,139.95,134.5,138.0,677.0
2014-06-06,139.5,139.5,130.55,130.55,809.0
2014-06-09,133.0,134.0,130.0,134.0,92.0
2014-06-10,131.0,138.39999,131.0,134.0,1341.0
2014-06-11,136.0,136.0,136.0,136.0,1.0
2014-06-12,133.0,137.0,133.0,137.0,49.0
2014-06-13,137.0,137.0,133.25,136.0,32.0
2014-06-16,133.25,133.25,132.89999,132.89999,291.0
2014-06-17,133.0,133.0,133.0,133.0,15.0
2014-06-18,136.8,136.85001,136.8,136.85001,11.0
2014-06-20,133.3,136.0,133.3,136.0,49.0
2014-06-23,133.0,133.0,132.89999,132.95,199.0
2014-06-24,135.75,135.75,135.7,135.75,30.0
2014-06-25,133.05,136.0,133.05,135.0,122.0
2014-06-26,135.5,135.5,135.5,135.5,18.0
2014-06-27,135.5,135.5,132.89999,132.89999,61.0
2014-06-30,135.95,135.95,133.0,133.0,21.0
2014-07-01,135.85001,135.85001,135.85001,135.85001,10.0
2014-07-02,133.0,133.0,132.0,133.0,132.0
2014-07-03,130.05,133.0,128.0,133.0,152.0
2014-07-07,128.0,132.95,128.0,132.95,511.0
2014-07-08,129.0,129.0,129.0,129.0,64.0
2014-07-09,130.0,130.0,130.0,130.0,50.0
2014-07-10,132.0,132.0,132.0,132.0,2.0
2014-07-11,133.0,133.0,129.0,129.0,50.0
2014-07-14,129.0,132.0,129.0,132.0,296.0
2014-07-15,129.0,130.60001,129.0,130.55,241.0
2014-07-16,129.0,135.0,129.0,135.0,1278.0
2014-07-17,129.5,135.75,129.5,135.75,771.0
2014-07-18,131.14999,135.5,130.7,131.0,1261.0
2014-07-21,131.0,133.0,131.0,133.0,64.0
2014-07-22,132.0,135.0,132.0,135.0,9.0
2014-07-23,132.0,136.0,132.0,136.0,927.0
2014-07-24,132.14999,136.0,132.14999,136.0,182.0
2014-07-25,132.5,135.95,132.5,135.95,18.0
2014-07-31,136.0,136.0,136.0,136.0,1.0
2014-08-01,132.60001,132.64999,132.60001,132.64999,200.0
2014-08-04,132.64999,134.0,132.64999,134.0,101.0
2014-08-05,132.39999,139.0,132.39999,139.0,361.0
2014-08-06,133.05,133.05,133.05,133.05,349.0
2014-08-07,134.60001,138.35001,134.60001,138.35001,253.0
2014-08-08,133.25,138.3,133.25,134.2,668.0
2014-08-11,133.2,133.60001,133.10001,133.10001,642.0
2014-08-12,136.0,136.0,136.0,136.0,19.0
2014-08-15,133.0,137.89999,133.0,137.35001,1042.0
2014-08-18,139.5,139.5,135.0,135.0,194.0
2014-08-19,138.25,138.25,138.25,138.25,2.0
2014-08-22,135.0,137.95,132.60001,137.95,820.0
2014-08-25,133.05,138.10001,133.05,137.8,117.0
2014-08-26,134.5,141.0,134.5,139.95,2356.0
2014-08-27,140.0,141.89999,137.2,140.0,719.0
2014-08-28,138.5,147.5,138.5,147.45,1440.0
2014-08-29,147.95,160.0,147.95,160.0,13831.0
2014-09-01,165.0,169.0,152.5,160.5,717.0
2014-09-02,160.5,165.89999,160.0,161.0,833.0
2014-09-03,160.10001,165.0,160.0,164.0,130.0
2014-09-04,158.60001,160.0,154.2,160.0,825.0
2014-09-05,155.10001,155.2,152.3,155.2,853.0
2014-09-08,158.0,159.95,158.0,158.0,137.0
2014-09-09,159.0,162.8,158.0,162.8,130.0
2014-09-10,155.0,162.95,154.5,162.0,2014.0
2014-09-11,160.0,171.7,160.0,168.95,14962.0
2014-09-12,169.0,173.0,169.0,173.0,216.0
2014-09-15,173.0,177.0,166.0,170.0,1870.0
2014-09-16,170.0,170.0,170.0,170.0,74.0
2014-09-17,165.2,165.2,165.2,165.2,17.0
2014-09-18,166.05,174.95,165.0,169.5,734.0
2014-09-19,166.2,170.0,166.2,170.0,174.0
2014-09-22,169.0,173.10001,167.64999,170.0,467.0
2014-09-23,170.0,170.0,166.0,170.0,109.0
2014-09-24,172.0,177.5,167.0,173.0,16785.0
2014-09-25,174.0,174.0,164.0,164.05,2465.0
2014-09-26,164.0,164.0,154.25,154.25,7038.0
2014-09-29,160.0,163.25,156.5,162.0,142.0
2014-09-30,160.0,160.0,156.0,156.0,1048.0
2014-10-01,156.0,160.7,150.0,150.0,2478.0
2014-10-02,150.0,154.5,148.0,154.0,810.0
2014-10-03,158.89999,158.89999,152.0,157.0,1884.0
2014-10-07,159.5,166.39999,159.5,162.05,2627.0
2014-10-08,168.0,178.25,168.0,178.25,8882.0
2014-10-09,183.0,194.0,171.3,191.89999,11269.0
2014-10-10,186.0,188.3,181.0,181.0,4301.0
2014-10-13,186.0,191.0,178.0,183.10001,4168.0
2014-10-14,186.0,193.0,183.10001,189.0,4708.0
2014-10-15,192.0,196.0,190.0,194.0,2755.0
2014-10-16,196.0,197.0,185.0,190.0,3437.0
2014-10-17,190.0,190.0,190.0,190.0,33.0
2014-10-20,185.0,190.0,180.0,183.0,2260.0
2014-10-21,182.05,188.8,182.05,187.89999,955.0
2014-10-22,183.60001,193.0,183.0,183.2,4473.0
2014-10-23,184.0,188.0,183.25,187.95,662.0
2014-10-24,184.0,187.89999,183.0,187.5,986.0
2014-10-27,183.0,183.0,181.14999,181.14999,445.0
2014-10-28,180.0,184.0,178.0,182.0,3658.0
2014-10-29,176.0,182.0,175.2,182.0,717.0
2014-10-30,175.0,181.95,174.0,181.95,415.0
2014-10-31,176.60001,183.89999,176.60001,182.0,232.0
2014-11-03,178.5,183.39999,178.5,183.39999,33.0
2014-11-04,180.0,182.5,180.0,182.5,1440.0
2014-11-05,178.3,183.3,178.0,182.0,549.0
2014-11-07,177.2,178.25,177.14999,178.0,608.0
2014-11-10,178.0,178.0,171.25,174.2,222.0
2014-11-11,171.55,174.0,171.5,174.0,162.0
2014-11-12,171.3,172.10001,171.3,172.0,27.0
2014-11-13,172.0,173.0,170.0,173.0,1354.0
2014-11-14,171.2,174.0,166.55,173.89999,184.0
2014-11-17,173.89999,173.89999,164.10001,173.89999,802.0
2014-11-19,168.0,172.85001,164.5,172.85001,250.0
2014-11-21,165.0,170.0,162.5,162.55,786.0
2014-11-24,164.8,167.0,164.8,167.0,11.0
2014-11-25,162.55,165.0,157.0,158.0,55.0
2014-11-26,161.95,161.95,155.0,160.95,572.0
2014-11-27,155.2,155.2,153.0,155.0,171.0
2014-11-28,155.0,164.3,155.0,164.3,361.0
2014-12-02,156.10001,163.89999,156.10001,163.89999,41.0
2014-12-03,156.5,164.0,156.5,163.0,36.0
2014-12-04,163.0,170.0,158.0,170.0,389.0
2014-12-05,160.60001,169.0,160.10001,165.0,850.0
2014-12-08,159.10001,168.0,159.10001,167.0,138.0
2014-12-09,159.10001,167.0,159.10001,167.0,2.0
2014-12-10,167.0,169.85001,158.05,169.85001,790.0
2014-12-11,160.0,162.5,160.0,162.5,1195.0
2014-12-12,158.14999,164.89999,156.7,164.89999,157.0
2014-12-17,156.7,162.95,156.7,162.95,35.0
2014-12-18,156.64999,162.55,156.64999,162.55,104.0
2014-12-19,156.64999,163.0,156.0,161.0,8440.0
2014-12-22,160.0,160.0,153.0,153.0,126.0
2014-12-23,159.89999,159.89999,150.0,150.0,787.0
2014-12-24,144.05,152.95,141.0,149.95,504.0
2014-12-25,141.64999,147.10001,141.0,146.8,556.0
2014-12-26,141.0,144.0,141.0,144.0,331.0
2014-12-29,144.0,147.95,141.0,142.0,212.0
2014-12-30,147.0,150.5,142.0,150.0,473.0
2014-12-31,159.0,159.0,154.89999,155.0,627.0
2015-01-02,150.0,158.5,150.0,158.5,335.0
2015-01-06,151.0,159.35001,150.0,159.0,404.0
2015-01-07,153.89999,153.89999,153.89999,153.89999,20.0
2015-01-08,150.14999,155.45,150.14999,153.0,136.0
2015-01-09,155.0,158.0,151.14999,158.0,20.0
2015-01-12,158.0,167.0,157.0,167.0,2652.0
2015-01-13,168.14999,174.0,167.5,172.39999,2362.0
2015-01-14,168.60001,177.0,168.60001,174.5,2635.0
2015-01-15,166.0,173.89999,164.05,169.89999,369.0
2015-01-16,164.89999,169.45,160.0,160.0,838.0
2015-01-19,154.10001,162.0,153.25,160.0,578.0
2015-01-20,158.0,159.0,152.0,158.0,220.0
2015-01-21,159.0,164.0,150.0,161.95,720.0
2015-01-22,154.10001,159.95,152.25,154.89999,457.0
2015-01-23,158.89999,158.89999,152.0,152.0,379.0
2015-01-26,159.0,159.0,151.05,151.05,190.0
2015-01-27,152.10001,157.89999,152.10001,152.10001,98.0
2015-01-28,152.10001,155.0,151.05,155.0,60.0
2015-01-30,158.0,158.0,152.5,152.5,1900.0
2015-02-03,152.05,152.5,151.0,151.0,534.0
2015-02-04,151.0,151.0,146.2,151.0,58.0
2015-02-05,146.2,151.0,142.10001,149.75,1412.0
2015-02-06,149.75,149.75,143.0,149.39999,100.0
2015-02-09,142.55,142.7,142.55,142.7,78.0
2015-02-10,142.60001,142.64999,138.25,140.0,2608.0
2015-02-11,139.95,147.0,139.95,140.10001,142.0
2015-02-12,138.3,143.0,138.2,143.0,115.0
2015-02-13,141.0,148.89999,134.45,134.45,308.0
2015-02-16,143.0,143.0,130.05,138.0,117.0
2015-02-17,129.95,136.85001,129.85001,135.0,96.0
2015-02-18,128.45,130.0,126.9,130.0,2271.0
2015-02-19,125.0,134.8,122.2,129.95,538.0
2015-02-20,128.0,128.89999,122.35,128.89999,134.0
2015-02-23,127.5,136.60001,123.0,136.60001,659.0
2015-02-24,139.0,144.75,135.0,144.75,313.0
2015-02-25,138.0,139.0,138.0,138.2,197.0
2015-02-26,137.5,137.5,137.5,137.5,276.0
2015-02-27,143.0,143.0,137.10001,137.10001,560.0
2015-03-04,133.10001,140.0,130.0,140.0,46.0
2015-03-05,135.0,139.0,135.0,137.5,175.0
2015-03-06,133.0,139.0,129.25,130.0,429.0
2015-03-09,130.0,136.0,123.0,136.0,1024.0
2015-03-10,128.0,129.89999,127.85,129.89999,554.0
2015-03-11,123.55,126.9,122.15,122.15,1266.0
2015-03-12,115.0,124.0,114.85,124.0,516.0
2015-03-13,116.6,126.85,116.6,126.5,110.0
2015-03-16,129.8,129.8,120.0,125.0,36.0
2015-03-18,118.55,132.0,117.5,132.0,1068.0
2015-03-19,126.5,127.0,120.0,124.0,1693.0
2015-03-20,120.05,127.0,120.0,120.0,271.0
2015-03-23,120.0,120.0,113.0,119.9,2096.0
2015-03-24,120.5,125.0,120.0,120.0,13946.0
2015-03-25,120.0,120.0,116.1,120.0,2976.0
2015-03-26,120.0,120.1,120.0,120.0,572.0
2015-03-27,119.9,119.9,115.3,118.0,829.0
2015-03-31,114.0,117.0,113.1,117.0,37.0
2015-04-01,120.85,122.95,119.0,122.7,5892.0
2015-04-02,118.0,121.2,115.35,115.35,415.0
2015-04-03,115.35,119.95,110.3,115.0,44.0
2015-04-06,115.95,117.8,110.55,116.95,69.0
2015-04-08,112.0,115.0,110.6,110.6,521.0
2015-04-09,111.0,114.95,104.0,104.0,364.0
2015-04-10,101.0,109.0,97.760002,105.45,781.0
2015-04-13,100.0,103.9,100.0,103.9,2.0
2015-04-14,97.699997,104.8,97.669998,97.690002,132.0
2015-04-15,97.900002,99.849998,92.5,98.0,213.0
2015-04-16,98.0,98.0,98.0,98.0,72.0
2015-04-17,99.849998,102.7,98.0,98.0,23.0
2015-04-20,101.0,103.85,101.0,102.05,187.0
2015-04-21,102.1,108.15,102.1,108.15,398.0
2015-04-22,114.5,118.9,112.4,117.0,2047.0
2015-04-23,115.9,115.9,112.35,114.0,370.0
2015-04-24,113.0,113.0,108.0,109.9,265.0
2015-04-27,110.0,112.9,104.3,106.1,133.0
2015-04-28,112.45,112.9,107.55,110.0,435.0
2015-04-29,110.0,115.9,110.0,115.0,1515.0
2015-04-30,112.5,115.0,108.1,115.0,635.0
2015-05-04,116.0,116.0,116.0,116.0,2.0
2015-05-05,116.0,119.0,110.1,115.0,279.0
2015-05-06,111.0,116.0,110.0,110.0,145.0
2015-05-07,108.65,108.65,105.0,108.65,416.0
2015-05-08,113.4,113.4,113.4,113.4,2.0
2015-05-11,107.0,111.95,107.0,108.0,151.0
2015-05-12,107.0,107.0,101.55,101.55,909.0
2015-05-13,102.0,102.0,100.0,100.0,84.0
2015-05-14,102.0,105.95,99.0,102.0,274.0
2015-05-15,102.0,105.5,102.0,105.5,31.0
2015-05-19,109.8,109.8,109.8,109.8,1.0
2015-05-20,109.75,110.0,107.0,107.0,208.0
2015-05-21,108.0,108.0,106.0,106.0,20.0
2015-05-22,106.0,106.0,103.25,103.25,95.0
2015-05-25,99.349998,100.3,99.349998,100.2,47.0
2015-05-26,99.400002,99.400002,97.5,97.5,719.0
2015-05-27,97.5,101.0,95.0,95.0,259.0
2015-05-28,93.599998,100.7,93.599998,95.0,190.0
2015-05-29,95.0,95.0,95.0,95.0,48.0
2015-06-01,95.0,100.7,92.199997,92.199997,362.0
2015-06-02,90.0,92.050003,90.0,92.0,293.0
2015-06-03,92.0,95.0,90.0,95.0,91.0
2015-06-04,95.0,98.900002,95.0,98.900002,2.0
2015-06-05,98.900002,98.900002,93.0,95.989998,17.0
2015-06-08,90.300003,90.300003,90.239998,90.239998,322.0
2015-06-09,90.5,90.5,86.550003,86.550003,557.0
2015-06-10,88.0,91.739998,88.0,90.0,135.0
2015-06-11,87.599998,87.699997,87.0,87.0,229.0
2015-06-12,89.400002,90.980003,86.0,86.5,240.0
2015-06-16,91.0,91.0,83.599998,83.599998,18.0
2015-06-17,88.599998,88.599998,82.099998,83.599998,846.0
2015-06-18,86.0,87.949997,86.0,87.949997,20.0
2015-06-19,86.739998,86.75,85.0,85.0,49.0
2015-06-22,82.099998,82.099998,82.099998,82.099998,80.0
2015-06-24,86.0,86.0,86.0,86.0,6.0
2015-06-25,88.0,89.889999,87.989998,89.889999,6.0
2015-06-26,88.0,88.0,88.0,88.0,10.0
2015-06-29,84.599998,87.800003,84.599998,87.800003,29.0
2015-07-01,82.5,87.699997,82.5,87.699997,74.0
2015-07-02,82.5,87.5,82.440002,87.5,61.0
2015-07-03,82.0,82.099998,82.0,82.010002,340.0
2015-07-07,81.650002,86.900002,81.650002,86.900002,102.0
2015-07-08,83.0,83.0,83.0,83.0,75.0
2015-07-09,86.800003,86.800003,82.0,82.0,11.0
2015-07-10,81.599998,86.400002,81.599998,86.400002,101.0
2015-07-13,85.0,85.0,85.0,85.0,100.0
2015-07-15,80.099998,80.150002,80.050003,80.050003,207.0
2015-07-16,79.199997,79.199997,79.199997,79.199997,68.0
2015-07-20,83.900002,83.949997,83.900002,83.949997,15.0
2015-07-21,82.0,82.0,82.0,82.0,115.0
2015-07-22,85.400002,85.400002,85.400002,85.400002,2.0
2015-07-24,85.0,90.519997,84.5,90.519997,392.0
2015-07-27,95.949997,95.949997,92.0,92.0,3381.0
2015-07-28,91.010002,97.5,88.0,95.0,153.0
2015-07-29,95.0,97.0,89.419998,89.459999,556.0
2015-07-31,89.459999,94.0,89.459999,93.900002,596.0
2015-08-03,90.0,90.0,90.0,90.0,92.0
2015-08-04,90.0,93.790001,90.0,92.0,488.0
2015-08-06,89.550003,91.0,89.550003,90.0,62.0
2015-08-07,91.5,91.5,90.0,90.0,47.0
2015-08-10,91.5,95.400002,91.5,95.400002,1334.0
2015-08-11,97.0,101.1,97.0,101.1,1583.0
2015-08-12,102.05,106.0,102.05,106.0,301.0
2015-08-13,109.0,109.0,101.1,106.6,47.0
2015-08-18,103.0,106.0,102.0,106.0,305.0
2015-08-19,103.0,107.7,103.0,103.0,334.0
2015-08-24,104.8,104.85,102.0,102.0,380.0
2015-08-25,99.660004,99.949997,96.199997,97.900002,795.0
2015-08-26,99.989998,103.75,99.970001,103.75,161.0
2015-08-27,100.0,101.95,97.529999,101.95,71.0
2015-08-28,96.5,96.5,95.839996,95.839996,95.0
2015-09-01,95.0,99.889999,94.0,95.0,71.0
2015-09-02,90.120003,94.0,90.120003,93.0,219.0
2015-09-03,93.0,96.900002,91.0,96.900002,80.0
2015-09-07,93.0,93.0,93.0,93.0,120.0
2015-09-08,94.0,95.0,94.0,94.0,36.0
2015-09-09,90.5,95.0,90.5,95.0,101.0
2015-09-14,94.0,94.0,89.599998,94.0,142.0
2015-09-15,90.0,93.989998,89.599998,93.989998,37.0
2015-09-16,94.0,94.0,94.0,94.0,10.0
2015-09-17,90.0,92.0,89.5,92.0,247.0
2015-09-18,88.0,94.0,88.0,92.900002,73.0
2015-09-21,88.5,92.0,88.5,92.0,13.0
2015-09-22,92.0,93.0,92.0,93.0,107.0
2015-09-29,75.339996,89.989998,75.330002,75.330002,1531.0
2015-09-30,74.989998,74.989998,71.0,71.0,364.0
2015-10-01,71.980003,71.980003,67.0,67.0,1126.0
2015-10-02,64.0,68.0,63.0,63.0,1633.0
2015-10-05,61.200001,61.200001,60.0,60.0,1806.0
2015-10-06,57.0,57.0,56.400002,56.400002,340.0
2015-10-07,48.599998,55.0,48.599998,48.599998,4235.0
2015-10-08,51.509998,51.509998,46.0,48.0,3330.0
2015-10-09,50.0,50.869999,45.119999,45.119999,2735.0
2015-10-12,47.5,47.5,42.419998,42.419998,3161.0
2015-10-13,42.0,42.0,39.880001,39.880001,1055.0
2015-10-14,37.52,37.52,37.490002,37.490002,2091.0
2015-10-16,37.490002,39.73,37.490002,38.16,2209.0
2015-10-19,39.799999,40.400002,39.799999,40.400002,152.0
2015-10-20,44.439999,44.439999,44.439999,44.439999,1308.0
2015-10-21,48.880001,48.880001,47.0,47.0,3580.0
2015-10-22,49.0,49.0,44.18,44.200001,1787.0
2015-10-23,46.790001,46.790001,46.0,46.0,7.0
2015-10-26,47.990002,48.0,47.990002,48.0,200.0
2015-10-27,45.889999,45.889999,45.119999,45.119999,247.0
2015-10-28,45.200001,45.200001,43.5,43.5,271.0
2015-10-29,45.990002,45.990002,45.0,45.0,34.0
2015-10-30,45.5,45.5,42.5,44.990002,639.0
2015-11-02,45.5,45.900002,45.0,45.0,432.0
2015-11-03,45.450001,45.5,43.099998,43.52,339.0
2015-11-04,45.200001,46.130001,43.799999,46.130001,1022.0
2015-11-05,47.990002,48.889999,47.02,48.0,11281.0
2015-11-09,51.0,52.799999,51.0,52.790001,4133.0
2015-11-10,52.790001,55.790001,51.0,51.0,4374.0
2015-11-11,53.799999,53.799999,53.799999,53.799999,2.0
2015-11-12,50.580002,51.5,50.580002,50.580002,275.0
2015-11-13,50.200001,50.889999,48.040001,48.419998,995.0
2015-11-16,48.470001,51.32,48.470001,51.32,86.0
2015-11-17,48.5,51.299999,48.25,50.0,108.0
2015-11-19,51.799999,51.799999,51.799999,51.799999,8.0
2015-11-20,49.0,51.900002,49.0,50.0,98.0
2015-11-23,52.0,52.0,47.0,48.0,641.0
2015-11-24,47.09,50.0,45.119999,45.119999,6691.0
2015-11-25,47.0,47.0,42.450001,42.450001,993.0
2015-11-26,44.200001,44.990002,43.0,44.5,1679.0
2015-11-27,44.0,44.5,44.0,44.5,81.0
2015-11-30,46.599998,46.599998,42.5,45.790001,422.0
2015-12-01,43.080002,45.799999,43.07,44.0,571.0
2015-12-02,46.200001,46.200001,42.200001,45.599998,1802.0
2015-12-03,45.580002,45.580002,45.580002,45.580002,10.0
2015-12-07,45.0,45.0,45.0,45.0,6.0
2015-12-08,43.5,45.5,43.0,44.799999,837.0
2015-12-09,43.0,43.0,43.0,43.0,89.0
2015-12-10,42.0,42.98,40.43,40.43,1956.0
2015-12-11,41.0,41.0,38.110001,38.110001,863.0
2015-12-14,38.0,40.389999,36.200001,40.389999,572.0
2015-12-15,40.5,42.0,38.5,42.0,252.0
2015-12-16,40.0,41.0,40.0,40.0,966.0
2015-12-17,42.0,42.0,39.0,40.0,2612.0
2015-12-18,40.0,40.0,37.610001,38.0,1814.0
2015-12-21,37.610001,39.5,35.720001,38.0,5373.0
2015-12-22,39.0,39.0,35.75,37.950001,93.0
2015-12-23,37.0,37.0,37.0,37.0,260.0
2015-12-28,37.0,37.0,34.799999,34.799999,7764.0
2015-12-29,34.5,36.0,34.0,34.5,2712.0
2015-12-30,34.0,35.900002,32.450001,35.0,1809.0
2015-12-31,35.099998,35.099998,35.0,35.0,1528.0
2016-01-04,36.849998,36.849998,35.099998,35.099998,17.0
2016-01-05,35.5,37.200001,35.5,37.200001,453.0
2016-01-06,39.400002,39.43,39.400002,39.43,166.0
2016-01-07,43.369999,43.369999,43.299999,43.299999,1961.0
2016-01-08,43.290001,43.299999,40.709999,40.709999,760.0
2016-01-12,40.0,41.0,39.990002,41.0,649.0
2016-01-13,42.950001,42.950001,42.950001,42.950001,2.0
2016-01-14,41.0,41.0,41.0,41.0,401.0
2016-01-15,39.0,42.299999,39.0,42.299999,932.0
2016-01-18,39.77,42.18,39.77,41.799999,1466.0
2016-01-19,40.0,40.5,39.299999,40.5,312.0
2016-01-20,38.630001,40.799999,38.619999,40.799999,135.0
2016-01-21,41.830002,41.830002,38.360001,40.299999,1001.0
2016-01-22,38.200001,40.0,37.889999,39.799999,1603.0
2016-01-25,38.0,39.0,37.419998,37.419998,894.0
2016-01-26,39.639999,39.639999,36.16,36.16,80.0
2016-01-27,36.16,38.0,36.150002,38.0,244.0
2016-01-28,39.0,39.0,39.0,39.0,11.0
2016-01-29,39.0,39.900002,36.200001,39.799999,108.0
2016-02-01,39.799999,39.799999,36.259998,39.0,156.0
2016-02-02,37.200001,39.0,37.0,39.0,852.0
2016-02-03,39.0,39.400002,37.5,37.5,320.0
2016-02-04,39.0,39.0,39.0,39.0,1.0
2016-02-05,39.0,39.0,37.209999,39.0,113.0
2016-02-08,38.98,38.98,36.860001,36.900002,184.0
2016-02-09,37.0,38.400002,35.5,38.299999,195.0
2016-02-10,37.200001,40.59,37.200001,40.0,6016.0
2016-02-11,40.0,42.400002,40.0,42.400002,9270.0
2016-02-12,44.93,46.639999,44.93,46.639999,15148.0
2016-02-15,50.900002,51.290001,46.650002,50.990002,11258.0
2016-02-16,51.150002,56.080002,51.0,56.080002,7290.0
2016-02-17,61.0,61.68,59.5,61.68,3941.0
2016-02-19,66.949997,66.949997,58.0,59.990002,17282.0
2016-02-22,57.0,57.0,56.400002,56.400002,803.0
2016-02-23,51.5,53.0,50.759998,50.759998,2218.0
2016-02-24,51.889999,53.799999,51.0,52.0,614.0
2016-02-25,51.0,52.0,50.0,50.0,560.0
2016-02-26,50.0,55.0,47.0,55.0,12546.0
2016-02-29,57.0,60.0,54.630001,55.0,3350.0
2016-03-01,55.200001,58.299999,51.700001,51.700001,6303.0
2016-03-02,54.0,54.0,50.509998,53.0,2574.0
2016-03-03,52.0,57.990002,52.0,57.290001,9808.0
2016-03-04,58.900002,60.720001,57.310001,60.720001,5340.0
2016-03-07,62.0,64.360001,59.700001,61.0,5492.0
2016-03-08,58.0,62.889999,54.900002,58.200001,9166.0
2016-03-09,56.400002,61.509998,56.0,56.009998,29198.0
2016-03-10,56.02,58.880001,54.720001,55.150002,3099.0
2016-03-11,55.150002,57.779999,55.0,57.0,2300.0
2016-03-14,57.68,57.68,55.150002,55.150002,195.0
2016-03-15,57.25,57.299999,55.049999,57.27,1734.0
2016-03-16,55.099998,56.91,55.0,56.91,1263.0
2016-03-17,55.200001,55.200001,54.52,55.0,1135.0
2016-03-18,55.0,57.380001,54.0,56.490002,763.0
2016-03-21,55.110001,55.110001,54.0,54.0,603.0
2016-03-22,55.0,55.0,54.0,54.0,536.0
2016-03-23,53.200001,54.5,50.759998,53.0,1299.0
2016-03-24,52.049999,54.0,52.0,54.0,556.0
2016-03-25,54.0,56.0,54.0,54.299999,616.0
2016-03-28,56.0,56.0,53.16,53.16,46.0
2016-03-29,56.169998,56.169998,56.169998,56.169998,10.0
2016-03-30,53.529999,55.990002,52.82,55.990002,481.0
2016-04-01,47.380001,50.0,47.380001,48.220001,3928.0
2016-04-04,48.220001,48.220001,47.009998,47.009998,383.0
2016-04-05,45.560001,48.5,45.5,48.5,813.0
2016-04-07,56.900002,56.900002,48.02,48.040001,14763.0
2016-04-08,45.470001,50.470001,45.470001,50.0,134.0
2016-04-11,52.950001,52.950001,48.220001,48.220001,1007.0
2016-04-12,51.099998,51.099998,49.009998,49.009998,52.0
2016-04-13,49.619999,51.0,49.43,50.84,662.0
2016-04-14,49.5,50.799999,49.5,50.799999,12.0
2016-04-15,50.700001,50.790001,49.43,50.790001,106.0
2016-04-18,50.0,52.0,50.0,52.0,199.0
2016-04-19,49.110001,51.889999,49.110001,51.889999,2.0
2016-04-20,49.099998,51.0,49.099998,51.0,5.0
2016-04-21,49.509998,49.509998,49.5,49.509998,153.0
2016-04-22,50.0,51.5,49.509998,49.509998,74.0
2016-04-25,49.509998,51.799999,49.5,51.799999,188.0
2016-04-26,51.790001,51.790001,49.099998,51.0,1429.0
2016-04-27,50.799999,51.0,50.799999,51.0,28.0
2016-04-28,50.0,50.0,50.0,50.0,7.0
2016-04-29,50.0,50.5,50.0,50.5,309.0
2016-05-02,50.0,53.529999,50.0,53.0,713.0
2016-05-03,53.0,58.299999,53.0,58.150002,4326.0
2016-05-04,60.0,61.0,57.0,60.0,11375.0
2016-05-05,59.099998,61.0,59.099998,60.439999,583.0
2016-05-06,58.099998,60.0,57.150002,60.0,452.0
2016-05-09,57.5,58.900002,57.5,58.900002,211.0
2016-05-10,57.200001,58.900002,56.509998,58.900002,712.0
2016-05-11,57.0,57.0,56.509998,56.509998,618.0
2016-05-12,56.5,56.5,54.509998,55.099998,437.0
2016-05-13,54.509998,57.75,54.5,57.75,1090.0
2016-05-16,54.299999,57.400002,54.299999,57.400002,216.0
2016-05-17,54.5,58.48,53.959999,58.0,3981.0
2016-05-18,54.549999,56.66,54.52,56.66,2628.0
2016-05-19,54.299999,56.400002,53.27,55.990002,5870.0
2016-05-20,54.0,54.0,52.639999,54.0,5692.0
2016-05-23,52.650002,53.950001,51.0,51.029999,1513.0
2016-05-24,53.93,53.93,51.5,52.009998,316.0
2016-05-25,53.0,53.0,50.0,52.799999,1153.0
2016-05-26,52.799999,52.799999,52.799999,52.799999,26.0
2016-05-27,52.509998,52.509998,50.0,52.5,145.0
2016-05-30,52.5,53.400002,52.5,53.400002,13.0
2016-05-31,51.0,51.0,51.0,51.0,332.0
2016-06-01,50.400002,52.5,50.099998,50.119999,638.0
2016-06-02,50.5,51.900002,50.060001,51.490002,251.0
2016-06-03,51.450001,51.450001,50.099998,50.5,264.0
2016-06-06,50.110001,50.110001,50.110001,50.110001,20.0
2016-06-07,51.25,51.25,51.25,51.25,120.0
2016-06-08,51.099998,51.099998,50.099998,50.150002,274.0
2016-06-09,49.720001,50.5,49.5,50.5,666.0
2016-06-10,51.5,51.5,49.599998,50.5,273.0
2016-06-13,50.5,51.400002,49.540001,49.540001,62.0
2016-06-14,50.0,51.099998,50.0,51.099998,25.0
2016-06-15,50.099998,51.099998,50.099998,51.099998,106.0
2016-06-16,51.0,52.98,51.0,52.98,100.0
2016-06-21,51.0,51.0,51.0,51.0,22.0
2016-06-22,50.110001,50.23,50.0,50.0,300.0
2016-06-23,50.0,52.970001,50.0,50.0,456.0
2016-06-24,50.0,50.009998,50.0,50.0,505.0
2016-06-28,51.43,51.439999,49.099998,49.099998,877.0
2016-06-29,51.349998,51.349998,51.0,51.349998,68.0
2016-07-04,48.57,49.02,48.560001,49.009998,62.0
2016-07-05,51.349998,51.400002,49.0,49.200001,180.0
2016-07-11,50.900002,50.900002,49.41,49.41,60.0
2016-07-12,51.0,51.0,49.41,49.41,10.0
2016-07-13,49.419998,51.349998,49.419998,51.349998,67.0
2016-07-14,49.029999,51.349998,49.029999,51.349998,187.0
2016-07-18,49.099998,50.900002,49.099998,50.900002,11.0
2016-07-19,49.040001,49.040001,48.380001,49.0,504.0
2016-07-20,48.220001,50.849998,48.0,48.02,395.0
2016-07-21,49.98,49.98,48.02,48.02,235.0
2016-07-22,48.040001,49.779999,48.040001,49.400002,44.0
2016-07-25,48.400002,48.5,47.91,48.0,692.0
2016-07-26,49.779999,49.779999,49.779999,49.779999,5.0
2016-07-27,48.009998,49.700001,48.009998,49.700001,375.0
2016-07-28,48.02,48.049999,48.009998,48.049999,320.0
2016-07-29,48.049999,49.349998,47.0,49.349998,1371.0
2016-08-01,52.200001,52.200001,46.610001,51.0,47.0
2016-08-02,46.560001,49.959999,46.560001,49.959999,20.0
2016-08-03,49.959999,49.959999,49.959999,49.959999,6.0
2016-08-04,49.900002,49.900002,49.900002,49.900002,5.0
2016-08-08,48.0,48.099998,47.5,47.599998,824.0
2016-08-09,47.509998,47.509998,46.75,46.75,522.0
2016-08-10,48.75,48.75,48.75,48.75,100.0
2016-08-11,46.799999,48.0,46.790001,48.0,139.0
2016-08-15,47.0,48.75,46.560001,48.75,65.0
2016-08-16,48.75,48.75,48.150002,48.700001,321.0
2016-08-17,48.02,49.0,48.02,49.0,111.0
2016-08-18,48.150002,48.700001,48.0,48.700001,98.0
2016-08-19,48.599998,48.700001,48.599998,48.700001,10.0
2016-08-22,48.599998,49.25,46.75,49.25,25.0
2016-08-24,48.700001,48.700001,48.700001,48.700001,12.0
2016-08-25,46.75,47.599998,46.75,47.599998,30.0
2016-08-26,48.68,49.200001,46.639999,49.200001,1093.0
2016-09-02,46.0,49.18,46.0,49.18,110.0
2016-09-05,49.18,49.18,47.0,47.009998,209.0
2016-09-06,47.0,49.099998,47.0,49.099998,246.0
2016-09-07,47.25,49.0,47.25,49.0,135.0
2016-09-16,47.0,48.740002,47.0,48.740002,1027.0
2016-09-19,45.639999,48.5,43.869999,47.5,1166.0
2016-09-20,47.009998,47.009998,47.0,47.0,58.0
2016-09-21,44.400002,46.0,44.209999,44.209999,1500.0
2016-09-22,46.299999,46.84,45.099998,45.099998,38.0
2016-09-23,45.099998,46.700001,44.509998,46.700001,108.0
2016-09-26,46.689999,46.689999,46.0,46.580002,220.0
2016-09-27,45.099998,45.200001,45.0,45.0,778.0
2016-09-28,45.099998,46.0,45.0,46.0,131.0
2016-09-29,46.0,46.0,46.0,46.0,11.0
2016-09-30,46.0,47.0,45.400002,47.0,1290.0
2016-10-04,47.200001,48.0,47.200001,48.0,25.0
2016-10-05,45.529999,47.900002,45.52,47.900002,202.0
2016-10-06,47.0,47.0,45.0,45.0,1237.0
2016-10-07,47.0,47.0,47.0,47.0,202.0
2016-10-10,47.450001,47.450001,47.450001,47.450001,8.0
2016-10-11,48.5,48.5,45.610001,47.400002,977.0
2016-10-12,45.029999,46.099998,45.029999,45.549999,308.0
2016-10-13,45.209999,46.099998,45.0,46.0,430.0
2016-10-14,45.450001,45.450001,45.450001,45.450001,10.0
2016-10-17,45.0,47.330002,44.5,47.330002,2221.0
2016-10-19,45.0,46.959999,45.0,46.959999,677.0
2016-10-20,44.619999,45.900002,44.619999,45.0,562.0
2016-10-21,44.799999,45.790001,44.049999,45.459999,1652.0
2016-10-24,44.439999,44.439999,44.049999,44.049999,1072.0
2016-10-25,44.029999,44.049999,44.0,44.0,2024.0
2016-10-26,44.0,45.799999,44.0,45.799999,191.0
2016-10-31,45.73,45.73,45.709999,45.709999,148.0
2016-11-02,44.049999,44.200001,44.0,44.0,1937.0
2016-11-03,45.0,45.310001,45.0,45.0,165.0
2016-11-07,45.720001,45.720001,45.720001,45.720001,11.0
2016-11-09,44.110001,45.709999,44.0,45.709999,468.0
2016-11-10,44.110001,45.5,44.0,45.5,4918.0
2016-11-11,44.299999,44.299999,44.299999,44.299999,15.0
2016-11-14,44.41,44.41,44.41,44.41,110.0
2016-11-15,44.400002,45.389999,44.400002,45.389999,582.0
2016-11-16,44.5,45.389999,44.5,45.389999,2.0
2016-11-17,45.380001,45.400002,44.599998,44.599998,81.0
2016-11-21,44.650002,44.650002,44.650002,44.650002,49.0
2016-11-22,44.5,49.110001,44.41,49.110001,5213.0
2016-11-23,49.5,49.5,46.5,48.740002,2753.0
2016-11-24,47.0,48.799999,47.0,47.0,781.0
2016-11-25,47.0,48.5,47.0,48.5,22.0
2016-11-28,47.0,47.0,46.549999,46.549999,4016.0
2016-11-29,46.150002,46.200001,46.0,46.0,1050.0
2016-11-30,46.0,48.48,46.0,48.48,567.0
2016-12-02,48.0,48.0,48.0,48.0,52.0
2016-12-06,48.0,48.0,48.0,48.0,14.0
2016-12-07,48.0,48.0,46.0,47.990002,625.0
2016-12-14,47.200001,49.990002,47.200001,49.990002,2448.0
2016-12-15,49.049999,49.490002,47.5,49.48,245.0
2016-12-16,49.459999,51.900002,48.0,50.0,5112.0
2016-12-19,48.099998,51.189999,48.099998,49.0,1589.0
2016-12-20,50.189999,50.189999,48.610001,49.5,43.0
2016-12-21,50.0,50.0,47.82,48.049999,2020.0
2016-12-22,47.950001,49.5,47.900002,49.0,366.0
2016-12-23,49.5,49.990002,48.5,49.900002,808.0
2016-12-26,50.990002,51.889999,50.0,51.759998,23154.0
2016-12-27,51.790001,51.889999,49.5,51.0,1489.0
2016-12-28,46.0,51.439999,46.0,50.860001,1511.0
2016-12-29,48.5,50.290001,48.0,49.869999,5959.0
2016-12-30,50.009998,50.900002,49.0,50.599998,3470.0
2017-01-02,46.509998,50.5,46.509998,50.400002,198.0
2017-01-03,50.389999,50.400002,50.349998,50.400002,125.0
2017-01-04,50.299999,50.400002,48.889999,48.900002,1902.0
2017-01-05,50.0,51.0,48.099998,50.779999,2517.0
2017-01-06,50.959999,51.0,49.5,50.799999,1459.0
2017-01-09,49.5,50.490002,49.049999,50.400002,3404.0
2017-01-10,51.0,52.0,50.0,50.099998,2728.0
2017-01-12,51.990002,53.970001,51.889999,53.0,3939.0
2017-01-13,54.02,56.0,54.02,55.75,7038.0
2017-01-16,56.990002,56.990002,55.950001,56.990002,264.0
2017-01-17,56.990002,59.0,56.0,59.0,8556.0
2017-01-18,61.549999,62.0,56.02,60.5,6398.0
2017-01-19,60.0,60.0,54.459999,54.459999,1355.0
2017-01-20,53.200001,56.389999,53.200001,56.389999,619.0
2017-01-23,58.450001,58.450001,53.299999,53.299999,1604.0
2017-01-24,57.799999,57.799999,54.029999,54.040001,412.0
2017-01-25,57.099998,57.099998,57.099998,57.099998,10.0
2017-01-26,54.029999,54.029999,54.029999,54.029999,250.0
2017-01-27,54.02,55.360001,54.009998,55.360001,202.0
2017-01-30,54.029999,54.310001,54.02,54.299999,130.0
2017-01-31,54.009998,54.049999,54.0,54.0,1702.0
2017-02-01,53.200001,53.25,53.099998,53.099998,1443.0
2017-02-02,53.0,53.0,50.450001,50.5,3682.0
2017-02-03,51.549999,51.549999,48.029999,50.0,1544.0
2017-02-06,50.0,50.0,50.0,50.0,34.0
2017-02-07,50.0,52.84,50.0,52.84,144.0
2017-02-08,51.5,52.700001,49.049999,52.700001,86.0
2017-02-09,52.689999,52.689999,49.0,50.049999,2045.0
2017-02-10,52.099998,52.099998,49.220001,51.990002,331.0
2017-02-13,52.099998,52.490002,50.0,50.240002,1126.0
2017-02-14,50.0,51.0,50.0,50.0,11927.0
2017-02-15,50.0,50.0,49.0,50.0,1660.0
2017-02-16,50.900002,51.5,49.52,51.0,1518.0
2017-02-17,50.900002,51.0,49.630001,51.0,356.0
2017-02-20,51.400002,51.400002,50.0,50.049999,582.0
2017-02-21,51.299999,51.299999,49.669998,49.669998,59.0
2017-02-22,50.0,50.0,49.049999,49.049999,2595.0
2017-02-23,49.07,50.5,49.0,49.0,188.0
2017-02-24,50.0,50.900002,49.200001,49.200001,412.0
2017-02-27,49.860001,49.900002,49.860001,49.900002,57.0
2017-02-28,50.0,50.0,49.799999,49.900002,204.0
2017-03-01,49.799999,49.900002,48.5,49.900002,58.0
2017-03-02,49.009998,49.009998,49.009998,49.009998,38.0
2017-03-03,49.0,49.0,48.259998,48.259998,246.0
2017-03-06,50.490002,50.5,50.490002,50.5,229.0
2017-03-07,50.0,50.0,48.5,48.5,390.0
2017-03-08,48.52,48.52,48.509998,48.509998,57.0
2017-03-09,50.0,50.0,50.0,50.0,401.0
2017-03-10,48.599998,49.0,48.0,49.0,1048.0
2017-03-13,48.0,51.490002,48.0,51.490002,131.0
2017-03-14,48.299999,49.799999,48.299999,49.790001,181.0
2017-03-15,49.099998,49.099998,48.610001,48.610001,12.0
2017-03-16,48.610001,50.0,48.049999,50.0,527.0
2017-03-17,49.959999,49.959999,49.959999,49.959999,5.0
2017-03-20,49.889999,49.889999,47.0,47.5,1250.0
2017-03-21,49.400002,49.400002,49.400002,49.400002,1.0
2017-03-22,49.389999,49.389999,49.389999,49.389999,12.0
2017-03-23,47.349998,48.0,47.0,47.119999,975.0
2017-03-24,47.0,49.5,47.0,49.5,335.0
2017-03-28,46.049999,49.200001,46.049999,49.200001,102.0
2017-03-29,49.0,49.0,49.0,49.0,55.0
2017-03-30,47.549999,47.560001,47.5,47.5,2088.0
2017-03-31,47.049999,47.049999,44.299999,45.0,1536.0
2017-04-03,48.0,48.990002,48.0,48.990002,2.0
2017-04-04,48.990002,48.990002,48.990002,48.990002,14.0
2017-04-06,48.700001,48.700001,48.700001,48.700001,6.0
2017-04-10,48.0,48.0,48.0,48.0,28.0
2017-04-12,46.0,47.700001,45.0,47.700001,4278.0
2017-04-13,47.25,47.599998,47.25,47.599998,12.0
2017-04-14,46.0,47.0,45.0,45.009998,91.0
2017-04-17,46.990002,46.990002,46.98,46.98,24.0
2017-04-18,44.709999,46.939999,44.709999,46.939999,144.0
2017-04-19,47.66,47.66,47.66,47.66,300.0
2017-04-20,47.66,47.66,47.66,47.66,1.0
2017-04-25,45.049999,47.650002,45.049999,47.650002,6.0
2017-04-26,46.0,47.599998,46.0,47.599998,35.0
2017-04-27,47.59,47.59,47.59,47.59,1.0
2017-04-28,46.0,46.049999,45.900002,45.900002,777.0
2017-05-02,47.549999,47.549999,47.549999,47.549999,130.0
2017-05-03,46.0,47.650002,46.0,47.599998,662.0
2017-05-04,47.599998,47.599998,46.599998,47.5,46.0
2017-05-05,46.599998,47.099998,46.5,46.5,229.0
2017-05-08,47.650002,47.650002,47.650002,47.650002,10.0
2017-05-10,46.5,47.5,46.5,47.450001,50.0
2017-05-11,46.099998,47.490002,46.099998,47.490002,106.0
2017-05-12,46.5,46.5,46.5,46.5,150.0
2017-05-15,47.5,47.5,47.5,47.5,19.0
2017-05-16,46.5,47.0,45.549999,45.549999,132.0
2017-05-18,47.0,47.0,47.0,47.0,1.0
2017-05-19,47.0,47.0,47.0,47.0,363.0
2017-05-23,45.240002,46.950001,45.23,46.950001,110.0
2017-05-24,46.900002,46.900002,46.900002,46.900002,20.0
2017-05-25,45.610001,45.610001,45.25,45.299999,369.0
2017-05-26,45.400002,45.400002,44.5,44.560001,3100.0
2017-05-29,45.200001,46.849998,45.200001,46.849998,17375.0
2017-05-30,45.25,46.5,45.0,46.5,100.0
2017-06-01,45.200001,45.200001,41.860001,41.860001,3907.0
2017-06-02,42.049999,43.0,41.130001,41.130001,5784.0
2017-06-06,41.610001,42.200001,41.610001,42.200001,51.0
2017-06-07,44.400002,44.400002,44.0,44.119999,119.0
2017-06-08,43.990002,43.990002,43.0,43.099998,490.0
2017-06-09,43.75,44.490002,43.02,43.02,496.0
2017-06-12,42.349998,42.349998,42.349998,42.349998,17.0
2017-06-13,44.259998,44.259998,43.0,43.119999,191.0
2017-06-14,42.34,43.990002,42.310001,43.990002,807.0
2017-06-15,42.700001,43.98,42.700001,43.98,651.0
2017-06-16,44.48,44.48,44.48,44.48,1.0
2017-06-19,44.48,44.48,43.5,43.5,190.0
2017-06-20,44.450001,44.450001,44.450001,44.450001,42.0
2017-06-21,44.419998,45.799999,44.419998,45.799999,1424.0
2017-06-22,46.0,46.490002,45.799999,46.490002,77.0
2017-06-23,46.900002,46.900002,46.599998,46.599998,6.0
2017-06-28,43.099998,45.0,43.099998,45.0,1223.0
2017-06-29,45.900002,45.900002,43.759998,45.84,160.0
2017-06-30,44.0,45.450001,44.0,45.450001,127.0
2017-07-03,44.099998,45.0,43.5,45.0,193.0
2017-07-04,45.0,45.349998,44.0,45.349998,259.0
2017-07-05,44.099998,45.490002,43.049999,43.049999,1259.0
2017-07-06,44.0,45.240002,44.0,45.200001,771.0
2017-07-07,44.439999,45.099998,43.060001,43.060001,1110.0
2017-07-10,44.98,45.0,43.599998,43.599998,631.0
2017-07-11,43.990002,43.990002,43.599998,43.990002,150.0
2017-07-12,44.0,45.48,44.0,45.099998,2445.0
2017-07-13,45.099998,45.099998,45.099998,45.099998,23.0
2017-07-14,44.200001,45.450001,44.099998,45.450001,461.0
2017-07-17,45.450001,45.5,44.5,45.5,297.0
2017-07-18,45.84,46.0,45.84,46.0,562.0
2017-07-19,45.099998,45.959999,45.0,45.799999,607.0
2017-07-20,43.52,45.700001,43.52,45.700001,242.0
2017-07-21,45.68,45.68,43.900002,45.0,1203.0
2017-07-24,44.400002,44.98,43.82,44.98,63.0
2017-07-25,43.75,49.369999,43.709999,48.619999,10595.0
2017-07-26,47.299999,53.48,47.299999,53.48,10867.0
2017-07-27,58.790001,58.82,58.0,58.82,9796.0
2017-07-28,58.799999,64.0,58.0,60.299999,14416.0
2017-07-31,60.040001,61.490002,60.009998,61.490002,911.0
2017-08-01,56.049999,60.990002,55.349998,55.349998,4311.0
2017-08-02,50.200001,54.900002,49.830002,49.830002,15465.0
2017-08-03,49.799999,50.849998,47.049999,47.049999,1230.0
2017-08-04,47.07,51.389999,47.049999,51.299999,2086.0
2017-08-07,48.099998,51.950001,48.099998,51.900002,1132.0
2017-08-08,51.900002,53.0,51.900002,53.0,1003.0
2017-08-09,50.16,52.32,50.16,50.549999,881.0
2017-08-10,50.549999,52.540001,50.52,52.0,2547.0
2017-08-11,51.299999,52.52,50.610001,52.5,4818.0
2017-08-15,52.549999,57.0,51.5,54.950001,6804.0
2017-08-16,54.599998,54.599998,53.990002,54.0,687.0
2017-08-17,52.0,54.599998,51.5,51.599998,2711.0
2017-08-18,51.82,53.0,50.84,50.84,900.0
2017-08-22,54.5,54.5,54.5,54.5,3.0
2017-08-24,51.009998,53.0,51.009998,51.5,301.0
2017-08-25,52.0,53.959999,51.5,51.5,2345.0
2017-08-28,52.5,52.5,52.5,52.5,5.0
2017-08-30,51.299999,52.950001,51.23,52.950001,565.0
2017-08-31,52.400002,53.0,52.400002,53.0,1400.0
2017-09-04,52.0,53.0,52.0,53.0,607.0
2017-09-05,52.0,52.0,51.599998,51.66,700.0
2017-09-06,52.0,52.0,50.0,51.299999,9526.0
2017-09-07,49.0,51.799999,49.0,51.799999,2323.0
2017-09-08,51.98,51.98,51.98,51.98,18.0
2017-09-11,51.959999,52.0,51.959999,52.0,747.0
2017-09-13,50.75,52.93,50.560001,52.93,584.0
2017-09-14,52.0,52.889999,52.0,52.889999,38.0
2017-09-15,51.0,52.869999,51.0,52.869999,56.0
2017-09-18,52.5,52.5,52.5,52.5,1.0
2017-09-19,51.049999,51.049999,51.049999,51.049999,15.0
2017-09-20,51.099998,51.099998,51.0,51.0,810.0
2017-09-21,51.0,52.0,51.0,51.0,527.0
2017-09-25,51.0,51.5,50.02,50.02,405.0
2017-09-26,50.150002,50.200001,50.0,50.02,807.0
2017-09-27,50.0,50.099998,49.599998,50.0,1247.0
2017-09-28,50.0,50.849998,49.599998,49.599998,304.0
2017-09-29,50.849998,50.849998,49.799999,49.799999,7763.0
2017-10-02,49.599998,51.5,48.0,51.5,424.0
2017-10-03,51.459999,51.48,51.459999,51.48,129.0
2017-10-04,51.439999,56.619999,51.439999,56.619999,20682.0
2017-10-05,59.0,59.5,53.0,53.009998,14498.0
2017-10-06,55.950001,55.950001,52.009998,53.5,1218.0
2017-10-09,52.049999,54.98,52.049999,52.16,390.0
2017-10-10,52.049999,53.98,52.0,53.950001,461.0
2017-10-11,51.299999,51.400002,51.299999,51.400002,193.0
2017-10-12,50.5,51.0,50.5,50.5,929.0
2017-10-13,50.599998,50.599998,50.509998,50.509998,503.0
2017-10-16,50.529999,50.529999,50.529999,50.529999,36.0
2017-10-17,50.25,50.540001,50.25,50.5,1507.0
2017-10-18,52.0,55.540001,52.0,55.400002,13258.0
2017-10-19,53.150002,53.150002,51.299999,52.0,748.0
2017-10-20,54.799999,54.799999,52.0,52.049999,654.0
2017-10-23,51.18,54.599998,51.18,54.599998,18.0
2017-10-24,54.400002,54.400002,54.400002,54.400002,10.0
2017-10-26,51.52,51.75,51.52,51.700001,70.0
2017-10-27,53.5,53.5,52.0,53.0,56.0
2017-10-30,51.700001,53.0,51.700001,53.0,12433.0
2017-10-31,51.700001,53.0,51.700001,53.0,1216.0
2017-11-01,51.849998,53.0,51.849998,53.0,43.0
2017-11-02,53.0,53.0,51.799999,52.0,225.0
2017-11-03,53.0,53.5,53.0,53.5,1420.0
2017-11-07,51.830002,53.490002,51.830002,53.490002,40.0
2017-11-08,51.82,54.0,51.82,53.990002,606.0
2017-11-09,54.189999,54.189999,54.189999,54.189999,2.0
2017-11-10,52.599998,53.889999,50.099998,52.0,6680.0
2017-11-13,52.0,52.0,51.0,51.0,4171.0
2017-11-14,50.599998,51.900002,50.599998,50.599998,121.0
2017-11-15,50.630001,51.5,50.630001,51.5,1773.0
2017-11-16,51.0,51.5,51.0,51.0,1017.0
2017-11-17,51.0,51.0,51.0,51.0,17.0
2017-11-21,50.599998,51.5,50.599998,51.5,181.0
2017-11-22,51.0,51.0,50.419998,51.0,150.0
2017-11-24,50.259998,51.700001,50.259998,51.0,41.0
2017-11-27,50.5,51.490002,50.5,51.490002,12.0
2017-11-28,51.5,52.0,51.459999,52.0,741.0
2017-11-29,50.599998,51.75,50.599998,51.75,120.0
2017-11-30,50.5,51.700001,50.5,51.700001,1111.0
2017-12-04,50.5,50.5,50.5,50.5,8.0
2017-12-05,50.5,51.889999,50.400002,51.889999,59.0
2017-12-06,50.5,50.5,50.5,50.5,30.0
2017-12-07,51.599998,51.599998,50.009998,50.049999,2138.0
2017-12-08,50.060001,51.5,50.060001,51.5,111.0
2017-12-11,50.209999,51.700001,50.209999,50.209999,762.0
2017-12-12,50.0,51.200001,50.0,51.200001,69.0
2017-12-13,50.099998,50.150002,50.0,50.009998,1935.0
2017-12-14,50.0,50.0,49.5,50.0,3675.0
2017-12-15,50.950001,50.950001,50.040001,50.860001,51.0
2017-12-18,49.509998,49.509998,49.0,49.0,1050.0
2017-12-19,49.0,49.98,48.799999,49.98,241.0
2017-12-20,48.91,48.91,48.91,48.91,9.0
2017-12-21,49.990002,49.990002,47.0,49.900002,519.0
2017-12-22,48.82,50.0,48.82,49.970001,88.0
2017-12-26,49.900002,49.900002,49.900002,49.900002,66.0
2017-12-27,49.93,50.0,49.93,50.0,141.0
2017-12-28,50.0,50.400002,50.0,50.400002,1168.0
2017-12-29,50.0,50.400002,50.0,50.400002,370.0
2018-01-02,50.0,50.400002,50.0,50.400002,310.0
2018-01-03,49.5,51.700001,49.0,50.150002,670.0
2018-01-04,49.209999,51.68,49.209999,51.650002,738.0
2018-01-08,49.459999,49.5,49.459999,49.5,593.0
2018-01-09,49.5,49.5,49.450001,49.450001,47.0
2018-01-10,49.200001,49.200001,49.099998,49.099998,155.0
2018-01-15,50.0,50.0,50.0,50.0,422.0
2018-01-16,50.0,50.0,50.0,50.0,66.0
2018-01-17,49.0,49.040001,49.0,49.040001,381.0
2018-01-18,49.990002,49.990002,49.0,49.990002,35.0
2018-01-19,49.900002,49.900002,49.0,49.0,261.0
2018-01-22,51.200001,51.200001,51.200001,51.200001,1000.0
2018-01-23,51.0,51.0,49.209999,49.220001,1217.0
2018-01-24,49.549999,50.0,49.5,50.0,236.0
2018-01-25,49.220001,49.220001,49.220001,49.220001,45.0
2018-01-26,49.299999,49.299999,49.299999,49.299999,27.0
2018-01-29,50.5,51.200001,50.5,51.200001,505.0
2018-01-30,51.200001,51.200001,51.099998,51.099998,2.0
2018-01-31,49.52,49.52,49.5,49.5,87.0
2018-02-01,50.900002,50.900002,49.330002,50.0,80.0
2018-02-02,50.0,50.650002,50.0,50.5,394.0
2018-02-05,50.490002,50.689999,50.490002,50.689999,87.0
2018-02-06,50.700001,50.700001,49.75,49.75,11.0
2018-02-07,49.75,50.700001,49.509998,50.700001,51.0
2018-02-08,50.689999,50.689999,49.299999,49.299999,36.0
2018-02-09,49.349998,50.689999,49.349998,50.689999,23.0
2018-02-12,50.599998,50.599998,50.0,50.0,124.0
2018-02-13,49.369999,50.599998,49.349998,49.450001,388.0
2018-02-14,50.700001,50.73,49.5,50.0,235.0
2018-02-15,50.0,50.0,50.0,50.0,150.0
2018-02-16,50.73,51.0,50.73,51.0,22.0
2018-02-20,49.509998,51.5,49.5,49.549999,1084.0
2018-02-21,49.57,49.580002,49.560001,49.57,78.0
2018-02-22,49.529999,50.0,49.52,50.0,134.0
2018-02-23,49.5,49.5,48.5,48.5,1315.0
2018-02-26,48.5,48.5,47.0,47.5,1148.0
2018-02-27,46.049999,49.43,46.049999,49.34,83.0
2018-02-28,49.490002,49.490002,47.009998,49.310001,93.0
2018-03-01,49.310001,49.310001,49.290001,49.290001,21.0
2018-03-02,49.0,49.0,49.0,49.0,77.0
2018-03-05,47.0,49.09,47.0,49.09,32.0
2018-03-06,49.0,49.150002,49.0,49.150002,13.0
2018-03-07,49.150002,49.150002,44.240002,46.709999,1208.0
2018-03-08,46.700001,48.799999,46.0,48.799999,17.0
2018-03-09,48.439999,48.439999,48.439999,48.439999,1.0
2018-03-12,45.549999,46.200001,45.549999,46.200001,34.0
2018-03-13,48.279999,48.279999,48.279999,48.279999,1.0
2018-03-14,48.25,48.25,48.25,48.25,1.0
2018-03-15,48.189999,48.189999,46.52,46.52,8.0
2018-03-16,46.540001,46.540001,45.650002,45.650002,74.0
2018-03-19,47.0,47.0,45.509998,45.540001,81.0
2018-03-20,45.540001,45.540001,45.540001,45.540001,22.0
2018-03-21,45.560001,45.560001,45.560001,45.560001,50.0
2018-03-22,45.5,45.5,45.5,45.5,48.0
2018-03-23,48.299999,48.299999,45.610001,45.610001,39.0
2018-03-26,45.700001,45.700001,45.619999,45.619999,5.0
2018-03-27,45.610001,47.759998,45.610001,47.759998,4.0
2018-03-28,45.700001,45.709999,45.650002,45.66,89.0
2018-03-29,46.0,47.560001,46.0,47.400002,251.0
2018-03-30,45.599998,47.380001,45.549999,47.380001,318.0
2018-04-02,47.689999,47.790001,46.0,46.790001,54.0
2018-04-03,46.970001,46.970001,44.299999,44.560001,195.0
2018-04-04,45.919998,45.919998,44.299999,44.400002,134.0
2018-04-05,44.299999,45.849998,44.299999,45.849998,625.0
2018-04-09,47.0,47.0,47.0,47.0,1.0
2018-04-10,46.259998,46.259998,43.959999,43.959999,48.0
2018-04-11,46.259998,46.259998,46.25,46.259998,130.0
2018-04-12,46.0,46.0,46.0,46.0,20.0
2018-04-13,44.0,44.0,44.0,44.0,30.0
2018-04-16,42.009998,44.099998,42.009998,42.299999,69.0
2018-04-17,43.0,44.0,43.0,44.0,510.0
2018-04-19,43.5,43.5,42.66,42.66,27.0
2018-04-20,42.610001,44.5,42.610001,44.5,202.0
2018-04-23,42.630001,45.5,42.630001,45.5,61.0
2018-04-24,45.0,45.0,44.990002,44.990002,11.0
2018-04-25,43.009998,44.0,43.009998,44.0,26.0
2018-04-26,43.009998,43.099998,43.009998,43.009998,22.0
2018-05-02,43.200001,44.0,43.130001,44.0,27.0
2018-05-03,44.0,44.0,43.150002,43.150002,68.0
2018-05-04,43.150002,43.150002,42.509998,42.509998,150.0
2018-05-07,42.150002,42.259998,42.150002,42.259998,72.0
2018-05-08,43.0,43.0,42.32,42.32,14.0
2018-05-10,42.299999,43.98,42.200001,43.98,112.0
2018-05-11,42.25,42.5,42.0,42.5,975.0
2018-05-14,44.0,44.0,44.0,44.0,150.0
2018-05-15,43.5,43.5,43.5,43.5,56.0
2018-05-16,42.200001,43.799999,41.52,43.799999,211.0
2018-05-17,41.5,43.299999,39.43,43.299999,173.0
2018-05-21,43.0,43.0,40.0,40.0,30.0
2018-05-22,42.889999,42.889999,42.799999,42.799999,7.0
2018-05-28,40.0,40.0,40.0,40.0,222.0
2018-05-29,38.900002,38.900002,38.720001,38.720001,127.0
2018-05-31,36.07,37.0,34.849998,34.849998,2452.0
2018-06-01,31.370001,31.370001,31.370001,31.370001,268.0
2018-06-04,33.990002,33.990002,33.990002,33.990002,300.0
2018-06-05,30.6,30.6,30.6,30.6,84.0
2018-06-06,29.799999,29.799999,27.549999,27.549999,4366.0
2018-06-07,27.549999,28.0,27.0,27.0,1087.0
2018-06-08,29.440001,29.690001,29.440001,29.67,1291.0
2018-06-11,29.67,32.0,29.67,31.99,1333.0
2018-06-12,31.99,34.5,31.99,34.5,1701.0
2018-06-13,34.0,36.0,34.0,34.5,639.0
2018-06-20,31.1,31.1,31.1,31.1,157.0
2018-06-21,33.98,33.98,33.98,33.98,2.0
2018-06-22,35.779999,35.779999,32.200001,32.200001,122.0
2018-06-25,28.99,33.990002,28.99,30.950001,123.0
2018-06-26,28.0,28.5,27.969999,27.969999,2784.0
2018-06-28,27.969999,27.969999,27.969999,27.969999,39.0
2018-06-29,27.969999,27.969999,27.969999,27.969999,61.0
2018-07-02,27.969999,27.969999,27.700001,27.700001,10.0
2018-07-03,27.75,27.75,27.75,27.75,100.0
2018-07-04,28.99,28.99,28.99,28.99,30.0
2018-07-05,27.5,27.5,27.5,27.5,27.0
2018-07-06,28.0,28.0,28.0,28.0,10.0
2018-07-09,28.0,28.9,28.0,28.9,102.0
2018-07-11,27.51,27.51,27.51,27.51,16.0
2018-07-12,27.549999,28.59,25.0,28.59,640.0
2018-07-13,28.540001,29.0,28.540001,28.99,2208.0
2018-07-16,28.540001,30.0,28.5,28.5,324.0
2018-07-17,29.99,29.99,25.9,29.5,1475.0
2018-07-25,26.559999,26.559999,26.559999,26.559999,300.0
2018-07-26,27.0,28.99,27.0,28.99,4.0
2018-07-27,28.950001,28.950001,28.950001,28.950001,50.0
2018-08-01,26.709999,26.709999,26.700001,26.700001,91.0
2018-08-02,26.75,28.9,26.75,28.9,302.0
2018-08-03,26.75,26.75,26.74,26.74,205.0
2018-08-06,28.459999,28.459999,26.559999,26.559999,77.0
2018-08-07,28.43,28.43,28.42,28.42,19.0
2018-08-08,26.57,28.389999,26.57,28.389999,101.0
2018-08-10,26.559999,26.67,26.559999,26.67,8.0
2018-08-13,27.99,27.99,27.99,27.99,2.0
2018-08-15,28.0,28.0,28.0,28.0,2.0
2018-08-17,26.700001,26.700001,26.700001,26.700001,60.0
2018-08-24,26.799999,26.799999,26.700001,26.700001,20.0
2018-08-27,28.540001,28.540001,28.540001,28.540001,10.0
2018-08-28,26.700001,28.48,26.6,27.200001,1714.0
2018-08-30,27.870001,27.870001,26.700001,26.700001,1027.0
2018-08-31,26.6,26.6,26.6,26.6,20.0
2018-09-03,26.0,27.0,26.0,27.0,29.0
2018-09-04,26.0,26.0,26.0,26.0,3.0
2018-09-05,25.01,27.0,25.01,25.15,75.0
2018-09-06,25.9,26.450001,25.0,25.01,520.0
2018-09-07,25.0,25.0,24.0,24.0,146.0
2018-09-10,26.35,26.35,26.35,26.35,1.0
2018-09-12,26.5,26.5,26.5,26.5,900.0
2018-09-18,25.950001,26.0,25.950001,26.0,431.0
2018-09-24,23.51,26.440001,23.5,26.440001,245.0
2018-09-26,25.65,25.65,25.65,25.65,12600.0
2018-09-27,26.26,26.26,26.26,26.26,2.0
2018-10-01,25.0,25.0,25.0,25.0,150.0
2018-10-02,25.379999,25.379999,25.379999,25.379999,52.0
2018-10-03,23.549999,24.0,23.01,23.5,731.0
2018-10-04,25.0,25.0,25.0,25.0,1.0
2018-10-05,25.379999,25.450001,25.379999,25.450001,500.0
2018-10-08,25.459999,25.459999,25.459999,25.459999,3.0
2018-10-10,24.110001,24.110001,24.1,24.1,27.0
2018-10-11,26.5,26.5,26.0,26.0,205.0
2018-10-12,28.0,28.0,28.0,28.0,1.0
2018-10-17,27.5,27.5,27.5,27.5,11.0
2018-10-18,25.0,25.0,25.0,25.0,100.0
2018-10-19,27.280001,27.280001,27.280001,27.280001,1.0
2018-10-22,26.950001,26.950001,26.950001,26.950001,11.0
2018-10-23,24.27,26.950001,24.27,26.950001,22.0
2018-10-25,24.280001,24.280001,24.280001,24.280001,20.0
2018-10-26,26.700001,26.700001,26.700001,26.700001,1.0
2018-10-29,26.950001,26.950001,26.950001,26.950001,4.0
2018-10-31,24.26,26.940001,24.26,26.940001,19.0
2018-11-08,24.4,24.620001,24.4,24.620001,35.0
2018-11-09,26.84,27.0,24.51,24.51,1406.0
2018-11-12,26.950001,26.950001,26.950001,26.950001,1.0
2018-11-13,26.85,27.0,26.85,27.0,470.0
2018-11-15,25.01,25.01,25.01,25.01,50.0
2018-11-16,26.950001,26.950001,25.07,25.07,12.0
2018-11-19,26.98,26.98,26.98,26.98,1.0
2018-11-29,26.75,26.75,26.75,26.75,1.0
2018-11-30,24.5,24.5,24.5,24.5,9.0
2018-12-03,26.75,26.75,26.75,26.75,1.0
2018-12-05,24.110001,26.65,24.110001,26.65,2.0
2018-12-11,26.629999,26.629999,24.17,24.200001,255.0
2018-12-12,26.6,26.6,26.6,26.6,2.0
2018-12-14,24.299999,24.299999,24.299999,24.299999,10.0
2018-12-17,26.450001,26.450001,26.440001,26.440001,107.0
2018-12-18,26.4,26.4,25.0,25.0,34.0
2018-12-19,26.5,26.5,26.5,26.5,2.0
2018-12-21,26.0,26.4,24.5,24.5,32.0
2018-12-25,26.4,26.4,25.0,25.0,101.0
2018-12-26,26.4,26.4,25.0,25.0,72.0
2018-12-27,25.0,26.0,24.9,26.0,76.0
2018-12-28,24.6,26.0,24.5,24.5,87.0
2018-12-31,26.0,26.0,24.51,24.51,271.0
2019-01-02,26.5,26.65,24.700001,26.65,605.0
2019-01-08,26.6,26.6,26.6,26.6,3.0
2019-01-09,25.0,25.0,25.0,25.0,32.0
2019-01-10,25.0,25.0,25.0,25.0,218.0
2019-01-14,25.0,26.5,25.0,26.5,6.0
2019-01-15,24.0,24.0,24.0,24.0,2.0
2019-01-17,26.0,26.0,26.0,26.0,2.0
2019-01-21,25.01,25.01,24.200001,24.209999,241.0
2019-01-28,25.0,25.0,25.0,25.0,40.0
2019-01-29,25.799999,25.799999,25.799999,25.799999,1.0
2019-01-30,23.77,23.77,23.77,23.77,103.0
2019-02-01,25.75,25.75,25.75,25.75,1.0
2019-02-07,25.700001,25.74,25.700001,25.74,211.0
2019-02-11,25.0,25.0,25.0,25.0,23.0
2019-02-15,24.26,24.26,23.549999,23.549999,311.0
2019-02-18,25.0,25.0,25.0,25.0,2.0
2019-02-20,23.549999,25.0,23.549999,25.0,91.0
2019-02-21,23.629999,24.950001,23.629999,24.950001,42.0
2019-02-22,23.559999,23.559999,23.549999,23.549999,136.0
2019-02-26,24.99,24.99,24.99,24.99,113.0
2019-02-27,23.559999,23.559999,23.559999,23.559999,20.0
2019-02-28,24.98,24.98,24.98,24.98,2.0
2019-03-01,23.549999,23.549999,23.549999,23.549999,2.0
2019-03-04,24.790001,24.790001,24.790001,24.790001,2.0
2019-03-05,23.6,24.799999,23.6,24.799999,53.0
2019-03-06,24.6,24.99,24.6,24.99,82.0
2019-03-07,23.549999,23.549999,23.549999,23.549999,116.0
2019-03-08,24.969999,24.969999,24.969999,24.969999,2.0
2019-03-11,23.620001,24.0,23.620001,24.0,19.0
2019-03-12,22.0,22.0,22.0,22.0,50.0
2019-03-13,24.1,24.1,24.1,24.1,2.0
2019-03-14,24.0,24.0,24.0,24.0,2.0
2019-03-20,21.610001,21.610001,21.610001,21.610001,39.0
2019-03-21,23.75,23.75,20.01,20.01,606.0
2019-03-22,20.049999,20.049999,20.01,20.01,835.0
2019-03-27,22.0,22.0,22.0,22.0,1.0
2019-03-28,23.0,23.290001,23.0,23.290001,8.0
2019-04-02,22.99,22.99,21.0,21.0,3.0
2019-04-03,22.9,22.9,22.9,22.9,1.0
2019-04-11,22.0,22.0,22.0,22.0,3.0
2019-04-12,21.02,21.049999,21.02,21.049999,113.0
2019-04-15,21.059999,21.059999,21.059999,21.059999,1000.0
2019-04-16,21.0,22.0,21.0,21.0,66.0
2019-04-17,21.0,21.0,21.0,21.0,342.0
2019-04-18,22.889999,22.889999,22.889999,22.889999,2.0
2019-04-19,22.0,22.0,21.799999,21.799999,30.0
2019-04-22,21.9,21.9,21.9,21.9,15.0
2019-04-23,21.9,21.9,20.0,21.799999,317.0
2019-04-26,20.0,23.0,19.639999,23.0,1551.0
2019-05-06,20.709999,22.889999,20.709999,22.889999,1183.0
2019-05-09,22.790001,22.879999,22.790001,22.879999,232.0
2019-05-10,23.0,23.0,22.0,22.0,38.0
2019-05-13,23.0,23.0,23.0,23.0,1.0
2019-05-14,23.0,24.99,23.0,24.99,203.0
2019-05-20,23.5,23.5,23.5,23.5,9994.0
2019-05-21,23.690001,23.690001,23.690001,23.690001,2.0
2019-05-23,23.690001,23.690001,23.690001,23.690001,1.0
2019-05-28,21.4,21.4,21.4,21.4,3.0
2019-05-29,21.110001,21.110001,19.27,19.27,693.0
2019-05-30,19.0,19.0,19.0,19.0,2483.0
2019-05-31,19.0,19.0,19.0,19.0,528.0
2019-06-03,19.0,19.0,19.0,19.0,105.0
2019-06-04,17.110001,17.110001,17.110001,17.110001,335.0
2019-06-11,18.82,18.82,15.4,15.4,1001.0
2019-06-12,16.93,16.93,16.93,16.93,5.0
2019-06-13,18.620001,18.620001,15.24,18.4,1066.0
2019-06-14,19.5,19.5,16.700001,16.700001,160.0
2019-06-17,16.700001,16.700001,16.700001,16.700001,42.0
2019-06-18,18.35,18.35,15.04,15.04,72.0
2019-06-19,13.54,16.5,13.54,16.5,2001.0
2019-06-20,17.450001,17.450001,17.450001,17.450001,1.0
2019-06-21,16.93,16.93,16.93,16.93,500.0
2019-06-24,15.32,15.32,15.32,15.32,38.0
2019-06-25,13.79,13.79,13.79,13.79,890.0
2019-06-26,12.52,14.8,12.42,14.68,2255.0
2019-06-27,14.3,14.59,14.3,14.59,5.0
2019-06-28,14.59,14.59,13.14,13.14,2028.0
2019-07-01,12.5,14.45,12.5,14.45,583.0
2019-07-02,14.6,14.6,14.6,14.6,2.0
2019-07-03,15.44,15.44,13.15,13.21,12.0
2019-07-04,14.47,14.47,13.4,13.4,20.0
2019-07-05,13.0,14.4,13.0,14.4,43.0
2019-07-08,13.0,14.38,13.0,13.0,46.0
2019-07-09,14.29,14.29,13.5,13.5,80.0
2019-07-10,14.29,14.29,13.0,13.85,60.0
2019-07-11,13.1,13.85,13.07,13.85,140.0
2019-07-12,13.85,14.29,13.09,14.29,169.0
2019-07-16,13.11,14.2,13.03,14.2,1457.0
2019-07-17,13.51,14.19,13.1,14.19,700.0
2019-07-18,13.08,13.25,13.08,13.25,3.0
2019-07-19,13.2,14.2,13.04,14.2,28.0
2019-07-22,13.11,14.0,13.04,14.0,62.0
2019-07-23,14.35,14.35,13.06,13.06,500.0
2019-07-24,14.34,14.34,13.21,14.28,58.0
2019-07-25,13.05,13.05,13.05,13.05,51.0
2019-07-26,14.0,14.0,13.4,13.4,101.0
2019-07-29,14.34,14.34,14.0,14.0,3.0
2019-07-31,14.0,14.0,13.1,14.0,34.0
2019-08-01,13.1,14.0,13.1,14.0,200.0
2019-08-05,14.34,14.34,14.34,14.34,2.0
2019-08-09,14.28,14.28,14.28,14.28,1.0
2019-08-15,14.29,14.29,14.0,14.28,702.0
2019-08-16,14.28,14.34,13.5,13.5,5804.0
2019-08-19,14.34,14.34,14.34,14.34,2.0
2019-08-26,14.5,14.5,14.5,14.5,300.0
2019-08-27,13.51,13.51,13.51,13.51,1000.0
2019-08-28,14.4,14.4,14.4,14.4,2.0
2019-08-30,13.53,14.35,13.53,14.35,2.0
2019-09-03,14.3,14.3,14.3,14.3,400.0
2019-09-04,13.52,14.3,13.52,14.3,501.0
2019-09-05,13.53,13.53,13.53,13.53,90.0
2019-09-06,14.3,14.3,14.3,14.3,2.0
2019-09-09,13.6,13.6,13.6,13.6,200.0
2019-09-10,14.3,14.3,14.3,14.3,2.0
2019-09-12,13.52,13.54,13.52,13.52,350.0
2019-09-13,14.3,14.3,14.24,14.24,3.0
2019-09-17,13.0,13.0,13.0,13.0,45.0
2019-09-18,14.29,14.29,14.29,14.29,2.0
2019-09-20,13.12,13.12,13.12,13.12,104.0
2019-09-23,13.16,14.2,13.16,14.2,223.0
2019-09-26,13.0,13.0,13.0,13.0,373.0
2019-09-27,11.72,11.72,11.72,11.72,1126.0
2019-09-30,12.0,12.0,12.0,12.0,16.0
2019-10-02,13.19,13.19,13.19,13.19,1.0
2019-10-03,14.1,14.2,14.1,14.2,2.0
2019-10-10,13.95,13.95,13.95,13.95,2.0
2019-10-11,13.94,13.94,13.94,13.94,4.0
2019-10-15,13.94,13.94,13.94,13.94,2.0
2019-10-16,12.56,12.56,12.56,12.56,250.0
2019-10-17,11.32,11.55,11.32,11.5,303.0
2019-10-18,11.2,11.25,11.2,11.25,778.0
2019-10-21,12.37,12.37,12.37,12.37,2.0
2019-10-22,13.6,13.6,13.6,13.6,2.0
2019-10-23,12.79,13.95,12.25,12.25,666.0
2019-10-24,13.24,13.24,12.31,12.31,83.0
2019-10-25,13.29,13.29,12.31,12.31,17.0
2019-10-28,13.27,13.27,13.27,13.27,15.0
2019-10-29,13.2,13.2,13.2,13.2,15.0
2019-10-30,11.89,11.95,11.89,11.91,160.0
2019-10-31,11.96,13.0,11.92,13.0,122.0
2019-11-04,13.28,13.95,11.71,11.71,1667.0
2019-11-05,12.87,12.87,12.87,12.87,102.0
2019-11-08,12.5,12.83,12.5,12.83,51.0
2019-11-12,12.79,12.8,12.79,12.8,51.0
2019-11-13,12.93,12.93,12.75,12.75,51.0
2019-11-14,12.02,12.02,12.02,12.02,16.0
2019-11-15,12.79,12.79,12.79,12.79,2.0
2019-11-21,11.61,12.01,11.61,12.01,320.0
2019-11-25,12.68,12.68,11.0,11.0,42.0
2019-11-26,11.05,11.05,11.05,11.05,15.0
2019-11-27,11.2,11.2,11.2,11.2,17.0
2019-11-28,12.25,12.25,12.25,12.25,1.0
2019-11-29,12.59,12.59,11.5,12.45,276.0
2019-12-03,11.5,12.44,11.5,12.44,86.0
2019-12-09,12.35,12.35,12.35,12.35,11.0
2019-12-12,11.55,12.29,11.55,12.29,18.0
2019-12-17,11.6,12.29,11.6,12.29,351.0
2019-12-18,12.28,12.69,12.28,12.69,144.0
2019-12-19,12.7,13.29,12.7,13.24,177.0
2019-12-23,12.69,12.69,12.69,12.69,4.0
2019-12-24,12.65,12.65,11.81,12.0,210.0
2019-12-25,11.73,11.73,11.7,11.7,163.0
2019-12-26,12.0,12.0,11.6,11.6,198.0
2019-12-27,11.03,11.95,11.0,11.0,2569.0
2019-12-30,11.96,11.96,11.96,11.96,3.0
2019-12-31,11.5,12.0,11.5,11.5,17.0
2020-01-03,11.89,11.89,11.89,11.89,2.0
2020-01-06,11.88,11.88,11.05,11.1,182.0
2020-01-07,11.88,11.88,11.88,11.88,3.0
2020-01-08,11.05,11.86,11.05,11.86,30.0
2020-01-09,11.05,11.85,11.05,11.85,6.0
2020-01-10,11.87,11.87,11.06,11.06,272.0
2020-01-13,11.12,11.82,11.12,11.82,5.0
2020-01-15,11.03,11.84,11.03,11.84,118.0
2020-01-20,11.83,11.83,11.83,11.83,10.0
2020-01-21,11.3,11.3,11.3,11.3,691.0
2020-01-22,11.5,11.5,11.5,11.5,300.0
2020-01-23,11.86,11.86,11.03,11.03,9.0
2020-01-27,11.2,11.5,11.2,11.5,363.0
2020-01-28,11.6,11.6,11.2,11.6,86.0
2020-01-31,11.6,11.6,11.2,11.2,72.0
2020-02-04,11.53,11.53,11.53,11.53,10.0
2020-02-07,10.6,12.61,10.6,12.61,1050.0
2020-02-13,12.0,12.35,11.69,11.69,111.0
2020-02-14,11.1,11.1,11.1,11.1,110.0
2020-02-17,11.43,12.2,11.43,12.2,2.0
2020-02-18,12.15,12.15,11.05,11.05,326.0
2020-02-19,11.3,11.63,11.3,11.63,410.0
2020-02-20,11.97,11.97,11.05,11.05,127.0
2020-02-21,11.89,11.89,11.89,11.89,1.0
2020-02-24,11.3,11.3,11.3,11.3,130.0
2020-02-26,11.05,11.05,11.05,11.05,466.0
2020-02-27,10.7,11.9,10.7,11.9,20.0
2020-03-04,10.8,11.9,10.8,11.9,2.0
2020-03-05,10.8,11.9,10.8,11.9,22.0
2020-03-06,10.76,10.76,10.76,10.76,8.0
2020-03-10,10.76,10.76,10.76,10.76,16.0
2020-03-12,11.76,11.76,11.76,11.76,5.0
2020-03-16,11.0,11.0,11.0,11.0,40.0
2020-03-18,11.25,11.25,11.25,11.25,10.0
2020-03-19,11.24,11.24,11.0,11.0,1450.0
2020-03-20,11.19,11.19,10.6,10.6,175.0
2020-03-24,11.02,11.02,11.02,11.02,10.0
2020-03-25,11.17,11.24,10.58,11.19,4666.0
2020-03-27,11.0,11.0,11.0,11.0,20.0
2020-03-31,11.0,11.0,10.9,10.9,299.0
2020-04-01,10.9,10.9,10.9,10.9,25.0
2020-04-03,10.61,10.61,10.61,10.61,1000.0
2020-04-07,10.75,10.75,10.75,10.75,113.0
2020-04-09,11.02,11.02,11.02,11.02,5.0
2020-04-20,11.0,11.0,11.0,11.0,562.0
2020-04-22,10.57,11.22,10.57,11.22,346.0
2020-04-23,11.2,11.2,11.2,11.2,65.0
2020-04-29,11.42,11.42,11.42,11.42,9.0
2020-04-30,11.4,11.42,11.4,11.42,116.0
2020-05-04,11.6,11.6,11.6,11.6,3.0
2020-05-06,11.59,11.82,11.59,11.82,292.0
2020-05-07,11.82,11.82,11.82,11.82,7.0
2020-05-08,11.4,12.29,11.4,12.29,6.0
2020-05-11,11.82,12.75,11.82,12.75,20.0
2020-05-12,12.96,12.96,12.6,12.95,255.0
2020-05-14,12.94,12.95,12.94,12.95,29.0
2020-05-15,12.95,12.95,12.95,12.95,7.0
2020-05-18,12.45,12.86,12.45,12.86,20.0
2020-05-19,12.65,13.36,12.4,13.36,276.0
2020-05-20,13.89,13.89,13.89,13.89,157.0
2020-05-21,13.97,14.0,13.97,14.0,1605.0
2020-05-28,13.97,13.99,13.74,13.99,150.0
2020-06-02,13.44,13.44,13.44,13.44,25.0
2020-06-03,13.96,13.96,13.96,13.96,10.0
2020-06-04,14.0,14.0,13.98,13.99,1235.0
2020-06-05,13.98,13.98,13.98,13.98,10.0
2020-06-08,13.95,13.95,13.95,13.95,5.0
2020-06-10,13.96,13.96,13.4,13.4,107.0
2020-06-12,13.9,13.9,13.9,13.9,7.0
2020-06-17,13.35,13.89,13.35,13.89,37.0
2020-06-19,13.88,13.88,13.87,13.87,22.0
2020-06-22,13.84,13.84,13.84,13.84,10.0
2020-06-23,13.29,13.29,13.29,13.29,90.0
2020-06-24,13.81,13.81,13.81,13.81,2.0
2020-06-26,13.83,13.83,13.83,13.83,3.0
2020-06-29,13.28,13.79,13.28,13.79,5.0
2020-07-01,13.74,13.74,13.74,13.74,2.0
2020-07-08,13.7,13.7,13.7,13.7,3.0
2020-07-10,13.73,13.73,13.73,13.73,22.0
2020-07-13,13.73,13.73,13.73,13.73,13.0
2020-07-14,13.7,13.85,13.43,13.85,208.0
2020-07-15,13.6,13.79,13.6,13.79,4.0
2020-07-16,13.52,13.52,13.25,13.25,14.0
2020-07-22,13.0,13.0,13.0,13.0,2.0
2020-07-23,13.0,13.0,13.0,13.0,3.0
2020-07-24,12.97,12.97,12.97,12.97,2.0
2020-08-03,12.97,12.97,12.97,12.97,1.0
2020-08-04,12.97,13.25,12.97,13.25,26.0
2020-08-05,13.25,13.5,13.25,13.49,1211.0
2020-08-06,13.5,13.5,13.5,13.5,4.0
2020-08-07,13.45,13.47,13.45,13.47,5.0
2020-08-10,13.45,13.45,13.45,13.45,1.0
2020-08-11,13.44,13.44,13.3,13.3,329.0
2020-08-12,13.45,13.45,13.45,13.45,2.0
2020-08-13,13.45,13.47,13.45,13.47,69.0
2020-08-17,13.45,13.45,13.45,13.45,2.0
2020-08-18,13.45,13.5,13.45,13.5,319.0
2020-08-19,13.5,14.0,13.5,14.0,991.0
2020-08-24,13.98,14.46,13.98,14.46,2635.0
2020-08-25,14.99,15.03,13.89,13.89,339.0
2020-08-26,13.34,14.44,13.34,14.43,1258.0
2020-08-27,14.44,14.7,14.44,14.7,74.0
2020-08-28,14.15,14.65,14.15,14.15,294.0
2020-08-31,13.59,14.27,13.59,14.27,316.0
2020-09-01,13.75,14.16,13.75,14.16,10.0
2020-09-02,13.6,13.6,13.6,13.6,248.0
2020-09-03,13.33,13.33,13.33,13.33,100.0
2020-09-07,13.86,13.86,13.86,13.86,2.0
2020-09-09,13.31,13.31,13.31,13.31,2.0
2020-09-11,13.25,13.25,13.25,13.25,100.0
2020-09-14,12.95,12.95,12.95,12.95,34.0
2020-09-15,12.95,12.95,12.95,12.95,3.0
2020-09-17,12.95,12.95,12.7,12.7,68.0
2020-09-18,12.2,12.2,12.2,12.2,302.0
2020-09-22,12.68,12.68,12.68,12.68,5.0
2020-09-23,12.5,12.5,12.5,12.5,200.0
2020-09-29,12.99,12.99,12.99,12.99,1.0
2020-09-30,13.5,13.5,13.5,13.5,70.0
2020-10-01,13.92,13.92,12.97,12.97,505.0
2020-10-02,13.48,13.48,12.49,12.5,209.0
2020-10-05,12.99,12.99,12.99,12.99,12.0
2020-10-07,13.5,13.5,13.5,13.5,2.0
2020-10-08,13.0,13.0,13.0,13.0,50.0
2020-10-09,12.5,13.0,12.5,13.0,527.0
2020-10-16,13.0,13.51,13.0,13.51,82.0
2020-10-19,13.5,13.5,13.5,13.5,371.0
2020-10-21,13.01,13.01,13.0,13.0,210.0
2020-10-22,12.5,12.5,12.5,12.5,1.0
2020-10-23,12.3,12.3,12.3,12.3,1.0
2020-10-26,12.0,12.0,11.81,11.81,38.0
2020-10-28,11.51,11.51,11.51,11.51,167.0
2020-11-02,11.52,11.97,11.51,11.97,132.0
2020-11-03,12.1,12.1,12.1,12.1,107.0
2020-11-04,12.57,12.57,12.57,12.57,2.0
2020-11-05,12.57,12.57,12.57,12.57,529.0
2020-11-09,12.57,12.57,12.57,12.57,460.0
2020-11-10,12.57,12.8,12.57,12.8,168.0
2020-11-11,13.0,13.0,13.0,13.0,450.0
2020-11-12,13.51,13.51,13.51,13.51,1.0
2020-11-13,13.75,14.05,13.75,14.05,177.0
2020-11-16,14.61,14.61,14.61,14.61,16.0
2020-11-17,14.99,14.99,14.99,14.99,1.0
2020-11-19,14.98,15.58,14.98,15.58,1195.0
2020-11-20,16.200001,16.200001,16.190001,16.200001,392.0
2020-11-23,16.799999,16.84,16.0,16.84,1250.0
2020-11-24,17.48,17.51,17.48,17.51,974.0
2020-11-25,18.190001,18.200001,18.190001,18.200001,355.0
2020-11-26,18.92,18.92,18.92,18.92,648.0
2020-11-27,19.67,19.67,19.67,19.67,875.0
2020-11-30,20.42,20.43,19.99,20.379999,2437.0
2020-12-01,20.5,21.0,19.57,20.469999,891.0
2020-12-02,20.0,21.25,20.0,21.25,2372.0
2020-12-03,21.950001,21.950001,21.950001,21.950001,2.0
2020-12-04,21.08,21.950001,21.08,21.940001,559.0
2020-12-07,21.950001,21.99,21.07,21.07,209.0
2020-12-08,20.99,21.0,20.99,21.0,42.0
2020-12-10,21.0,21.0,21.0,21.0,1.0
2020-12-11,21.0,21.0,21.0,21.0,708.0
2020-12-15,20.41,20.860001,20.41,20.860001,7.0
2020-12-16,20.99,20.99,20.9,20.9,2.0
2020-12-17,20.9,20.9,20.9,20.9,4.0
2020-12-18,20.9,20.9,20.9,20.9,31.0
2020-12-22,20.07,20.85,20.07,20.85,6.0
2020-12-23,20.799999,20.799999,20.799999,20.799999,100.0
2020-12-24,19.969999,20.360001,19.969999,20.360001,3.0
2020-12-25,19.959999,19.959999,19.549999,19.549999,445.0
2020-12-28,20.0,20.299999,20.0,20.299999,3.0
2020-12-29,20.5,20.5,20.5,20.5,305.0
2021-01-05,20.48,20.48,19.690001,19.690001,89.0
2021-01-06,20.299999,20.299999,20.299999,20.299999,20.0
2021-01-08,20.290001,20.290001,20.290001,20.290001,1.0
2021-01-21,20.0,20.1,20.0,20.1,11.0
2021-01-22,19.299999,19.299999,19.299999,19.299999,1.0
2021-01-25,18.530001,19.0,18.530001,19.0,3.0
2021-01-26,18.25,19.75,18.25,19.75,772.0
2021-01-27,18.969999,20.09,18.969999,20.09,461.0
2021-02-01,19.290001,19.99,19.290001,19.99,22.0
2021-02-02,20.049999,20.049999,20.049999,20.049999,1.0
2021-02-03,20.049999,20.049999,20.049999,20.049999,400.0
2021-02-08,19.9,19.9,19.9,19.9,20.0
2021-02-09,19.9,19.9,19.9,19.9,3.0
2021-02-10,19.110001,19.110001,19.110001,19.110001,1.0
2021-02-11,18.5,18.5,18.5,18.5,34.0
2021-02-12,17.77,19.23,17.77,19.23,14.0
2021-02-15,19.0,19.0,19.0,19.0,1.0
2021-02-16,19.200001,19.34,18.25,19.34,296.0
2021-02-18,18.57,18.57,18.57,18.57,1.0
2021-02-19,19.0,19.0,19.0,19.0,1.0
2021-02-22,18.99,18.99,18.99,18.99,3.0
2021-02-23,19.0,19.0,19.0,19.0,1.0
2021-02-26,18.879999,18.879999,18.25,18.25,4.0
2021-03-01,17.530001,17.530001,17.530001,17.530001,2.0
2021-03-02,17.530001,17.530001,17.0,17.5,20.0
2021-03-03,17.530001,17.530001,17.530001,17.530001,1.0
2021-03-04,16.84,16.84,16.84,16.84,423.0
2021-03-05,16.17,16.17,16.17,16.17,170.0
2021-03-08,15.53,16.809999,15.53,16.809999,220.0
2021-03-09,16.139999,17.25,16.139999,17.25,80.0
2021-03-10,17.530001,17.530001,17.530001,17.530001,7.0
2021-03-11,18.23,18.23,18.23,18.23,34.0
2021-03-12,18.25,18.25,18.25,18.25,4.0
2021-03-15,17.530001,17.530001,17.530001,17.530001,12.0
2021-03-16,18.200001,18.200001,18.200001,18.200001,1.0
2021-03-17,18.5,18.5,18.0,18.5,52.0
2021-03-18,18.530001,18.530001,18.530001,18.530001,1.0
2021-03-23,17.790001,17.790001,17.790001,17.790001,2.0
2021-03-25,17.08,17.790001,17.08,17.08,4.0
2021-03-26,16.4,16.4,16.4,16.4,6.0
2021-03-29,16.719999,17.0,15.75,17.0,53.0
2021-03-30,17.0,17.299999,16.33,17.299999,218.0
2021-03-31,17.299999,17.299999,17.299999,17.299999,15.0
2021-04-01,17.299999,17.99,17.299999,17.99,43.0
2021-04-06,17.280001,17.280001,17.280001,17.280001,1.0
2021-04-09,17.280001,17.969999,17.1,17.959999,674.0
2021-04-12,18.0,18.0,17.799999,17.799999,8.0
2021-04-13,17.799999,17.799999,17.450001,17.700001,1030.0
2021-04-14,18.25,18.25,18.25,18.25,1.0
2021-04-15,18.25,18.25,18.0,18.0,33.0
2021-04-16,17.290001,18.0,17.290001,18.0,41.0
2021-04-19,18.24,18.24,18.24,18.24,1.0
2021-04-21,17.6,17.6,17.6,17.6,6.0
2021-04-22,18.200001,18.200001,17.6,17.6,67.0
2021-04-23,17.0,17.0,17.0,17.0,8.0
2021-04-29,16.33,16.98,16.33,16.98,41.0
2021-04-30,16.5,16.5,16.5,16.5,29.0
2021-05-03,16.5,16.5,16.5,16.5,32.0
2021-05-05,16.5,16.5,16.0,16.34,216.0
2021-05-06,16.049999,16.08,16.049999,16.08,23.0
2021-05-10,16.719999,16.719999,16.719999,16.719999,1.0
2021-05-11,16.719999,16.719999,16.719999,16.719999,25.0
2021-05-12,16.719999,16.719999,16.719999,16.719999,43.0
2021-05-17,17.379999,17.379999,17.379999,17.379999,85.0
2021-05-18,18.0,18.0,18.0,18.0,10.0
2021-05-19,17.99,17.99,17.99,17.99,500.0
2021-05-20,17.99,18.0,17.99,18.0,246.0
2021-05-24,17.9,17.9,17.9,17.9,10.0
2021-05-26,17.9,17.9,17.9,17.9,16.0
2021-05-27,17.9,17.9,17.9,17.9,554.0
2021-05-31,17.950001,17.950001,17.950001,17.950001,49.0
2021-06-01,18.66,18.66,18.66,18.66,288.0
2021-06-02,17.950001,17.950001,17.950001,17.950001,1.0
2021-06-03,17.24,17.24,17.24,17.24,7.0
2021-06-04,17.0,17.0,17.0,17.0,950.0
2021-06-07,17.01,17.01,17.0,17.0,446.0
2021-06-08,17.0,17.0,17.0,17.0,48.0
2021-06-09,17.01,17.01,17.01,17.01,4.0
2021-06-14,17.690001,17.690001,17.690001,17.690001,2.0
2021-06-15,18.190001,18.190001,18.190001,18.190001,142.0
2021-06-16,18.190001,18.190001,17.5,18.16,536.0
2021-06-17,17.799999,17.799999,17.5,17.799999,249.0
2021-06-18,18.16,18.16,18.16,18.16,10.0
2021-06-21,17.799999,18.67,17.799999,18.67,60.0
2021-06-22,18.66,18.66,18.639999,18.66,859.0
2021-06-23,18.0,18.0,18.0,18.0,5.0
2021-06-24,18.0,18.709999,18.0,18.709999,119.0
2021-06-25,18.0,18.0,18.0,18.0,5.0
2021-06-28,18.700001,18.700001,18.700001,18.700001,1.0
2021-07-02,18.0,18.0,18.0,18.0,32.0
2021-07-05,17.299999,18.690001,17.299999,18.690001,2.0
2021-07-06,18.690001,18.690001,18.690001,18.690001,17.0
2021-07-08,18.700001,19.370001,18.700001,19.370001,115.0
2021-07-09,20.0,20.0,19.9,19.9,30.0
2021-07-12,19.299999,19.959999,19.120001,19.959999,269.0
2021-07-13,19.940001,19.940001,19.940001,19.940001,4.0
2021-07-14,19.9,19.950001,19.9,19.950001,191.0
2021-07-16,19.889999,19.889999,19.889999,19.889999,36.0
2021-07-20,19.889999,19.889999,19.889999,19.889999,1.0
2021-07-23,19.5,19.5,19.49,19.49,87.0
2021-07-27,19.49,19.49,19.49,19.49,13.0
2021-07-28,19.49,19.790001,19.49,19.790001,50.0
2021-07-29,19.790001,19.790001,19.790001,19.790001,11.0
2021-08-02,19.01,19.01,19.0,19.0,456.0
2021-08-03,19.49,19.49,19.49,19.49,34.0
2021-08-06,19.450001,19.450001,19.110001,19.450001,12.0
2021-08-11,18.690001,18.690001,18.690001,18.690001,76.0
2021-08-13,19.0,19.43,18.32,19.43,307.0
2021-08-16,19.76,19.76,19.76,19.76,10.0
2021-08-17,19.77,19.77,19.77,19.77,160.0
2021-08-18,19.77,20.0,19.77,20.0,100.0
2021-08-19,19.98,20.780001,19.98,20.780001,100.0
2021-08-23,20.49,21.0,20.49,21.0,140.0
2021-08-25,20.77,20.77,20.77,20.77,1062.0
2021-08-26,20.950001,20.950001,20.950001,20.950001,500.0
2021-08-27,20.120001,20.120001,20.120001,20.120001,600.0
2021-08-30,19.32,20.889999,19.32,20.889999,471.0
2021-08-31,20.5,21.0,20.48,21.0,20.0
2021-09-01,21.82,21.82,21.82,21.82,1.0
2021-09-07,20.950001,20.950001,20.950001,20.950001,7.0
2021-09-08,20.5,20.5,20.120001,20.120001,380.0
2021-09-09,20.91,20.91,20.0,20.0,396.0
2021-09-10,20.0,20.0,20.0,20.0,118.0
2021-09-13,20.0,20.0,20.0,20.0,186.0
2021-09-14,20.469999,20.469999,20.0,20.0,1094.0
2021-09-15,20.0,20.0,20.0,20.0,496.0
2021-09-16,19.66,19.66,19.66,19.66,3.0
2021-09-17,19.299999,19.299999,19.139999,19.209999,578.0
2021-09-20,19.969999,19.969999,19.969999,19.969999,57.0
2021-09-21,19.700001,20.0,19.4,20.0,208.0
2021-09-22,20.0,20.790001,20.0,20.790001,982.0
2021-09-23,21.620001,21.620001,21.620001,21.620001,20.0
2021-09-24,22.48,22.48,21.200001,21.200001,560.0
2021-09-27,21.0,22.040001,21.0,22.040001,1801.0
2021-09-28,22.9,22.91,22.4,22.889999,1176.0
2021-09-29,22.92,22.92,22.4,22.879999,1410.0
2021-09-30,22.99,22.99,22.5,22.99,182.0
2021-10-01,22.4,22.99,22.4,22.99,452.0
2021-10-04,23.0,23.9,23.0,23.9,206.0
2021-10-05,24.85,24.85,24.85,24.85,452.0
2021-10-06,25.84,25.84,25.84,25.84,2289.0
2021-10-07,26.870001,26.870001,26.870001,26.870001,16.0
2021-10-08,27.940001,27.940001,27.120001,27.940001,2689.0
2021-10-11,29.0,29.049999,29.0,29.049999,1617.0
2021-10-12,30.0,30.790001,29.0,30.790001,2065.0
2021-10-13,32.59,32.630001,29.01,32.630001,7732.0
2021-10-14,33.0,34.490002,33.0,34.380001,3083.0
2021-10-15,34.900002,36.439999,34.900002,36.439999,8843.0
2021-10-18,38.619999,38.619999,38.619999,38.619999,2910.0
2021-10-21,40.93,40.93,40.0,40.93,13872.0
2021-10-22,43.189999,43.380001,42.0,43.380001,14187.0
2021-10-25,45.98,45.98,45.98,45.98,4276.0
2021-10-26,48.700001,48.73,46.599998,48.73,12701.0
2021-10-27,51.650002,51.650002,51.650002,51.650002,4638.0
2021-10-28,54.740002,54.740002,54.740002,54.740002,1326.0
2021-10-29,58.02,58.02,58.02,58.02,2998.0
2021-11-01,61.5,61.5,61.5,61.5,5325.0
2021-11-02,65.18,65.18,65.18,65.18,95.0
2021-11-03,69.089996,69.089996,69.089996,69.089996,130.0
2021-11-04,72.0,73.230003,72.0,73.230003,18361.0
2021-11-05,77.620003,77.620003,68.839996,68.839996,5373.0
2021-11-08,64.709999,64.709999,64.709999,64.709999,1734.0
2021-11-09,60.830002,60.830002,60.830002,60.830002,1567.0
2021-11-10,57.189999,57.189999,57.189999,57.189999,25.0
2021-11-11,53.759998,53.759998,53.759998,53.759998,285.0
2021-11-12,50.540001,50.540001,50.540001,50.540001,4589.0
2021-11-15,47.509998,47.509998,47.509998,47.509998,758.0
2021-11-16,44.66,44.66,44.66,44.66,315.0
2021-11-17,41.990002,41.990002,41.990002,41.990002,451.0
2021-11-19,44.299999,44.5,44.299999,44.5,10275.0
2021-11-22,47.16,47.16,47.16,47.16,2649.0
2021-11-23,47.16,49.950001,47.16,49.950001,11561.0
2021-11-24,47.0,48.400002,46.959999,46.959999,3753.0
2021-11-25,44.209999,44.5,44.150002,44.150002,3835.0
2021-11-26,43.5,45.0,41.509998,44.0,4046.0
2021-11-29,42.0,42.990002,41.369999,42.990002,1159.0
2021-11-30,40.419998,45.0,40.419998,40.5,1603.0
2021-12-01,42.900002,42.919998,42.900002,42.919998,252.0
2021-12-02,45.48,45.48,45.450001,45.470001,4036.0
2021-12-03,46.0,46.490002,46.0,46.490002,33.0
2021-12-06,45.900002,45.900002,44.029999,44.029999,242.0
2021-12-07,43.0,44.0,42.900002,44.0,159.0
2021-12-08,44.0,46.0,44.0,46.0,66.0
2021-12-09,45.990002,45.990002,45.990002,45.990002,2.0
2021-12-10,43.25,43.25,43.240002,43.240002,204.0
2021-12-13,42.0,42.889999,40.799999,42.860001,1087.0
2021-12-14,40.860001,42.860001,40.290001,42.700001,1667.0
2021-12-16,42.700001,42.700001,42.700001,42.700001,10.0
2021-12-17,42.700001,42.700001,40.290001,41.490002,333.0
2021-12-20,39.009998,39.099998,39.009998,39.009998,1966.0
2021-12-21,39.0,39.799999,36.669998,39.799999,6760.0
2021-12-22,39.700001,39.700001,39.700001,39.700001,1.0
2021-12-23,40.5,40.5,37.32,37.32,1179.0
2021-12-24,39.389999,39.389999,35.549999,35.549999,2301.0
2021-12-27,34.509998,37.669998,34.509998,37.599998,352.0
2021-12-28,37.669998,38.5,37.669998,38.5,350.0
2021-12-31,37.349998,38.0,37.349998,38.0,21.0
2022-01-03,39.299999,39.299999,39.299999,39.299999,1.0
2022-01-04,38.5,39.5,38.5,39.5,246.0
2022-01-05,39.5,41.5,39.5,41.48,2902.0
2022-01-06,41.48,42.900002,40.0,40.0,5904.0
2022-01-07,42.360001,42.360001,40.0,41.34,1726.0
2022-01-10,43.75,43.75,42.439999,42.439999,1557.0
2022-01-12,43.450001,43.450001,42.900002,43.200001,850.0
2022-01-13,42.299999,42.299999,41.0,42.200001,725.0
2022-01-14,42.900002,43.450001,42.0,43.380001,1448.0
2022-01-17,43.360001,43.360001,43.330002,43.330002,431.0
2022-01-18,43.0,43.990002,42.0,43.990002,5457.0
2022-01-19,44.0,46.619999,44.0,46.619999,7047.0
2022-01-20,49.41,49.41,49.41,49.41,6051.0
2022-01-21,52.0,52.369999,52.0,52.369999,7970.0
2022-01-24,55.509998,55.509998,55.509998,55.509998,2565.0
2022-01-25,58.5,58.5,52.18,56.5,24860.0
2022-01-26,56.5,58.0,55.5,56.0,4944.0
2022-01-27,57.299999,57.799999,57.0,57.799999,5021.0
2022-01-28,57.75,60.900002,57.75,59.950001,10865.0
2022-01-31,60.98,62.700001,59.5,61.099998,11018.0
2022-02-01,60.0,61.950001,57.439999,57.5,19706.0
2022-02-02,57.400002,57.400002,54.060001,54.060001,19803.0
2022-02-03,51.099998,55.0,51.099998,54.950001,9574.0
2022-02-04,57.990002,57.990002,55.0,56.5,2856.0
2022-02-07,56.549999,57.860001,56.0,57.290001,2449.0
2022-02-08,57.380001,57.380001,54.330002,56.5,3860.0
2022-02-09,54.060001,56.59,53.119999,53.509998,5554.0
2022-02-10,55.400002,55.400002,50.509998,52.0,7115.0
2022-02-11,52.200001,54.900002,52.200001,54.34,1099.0
2022-02-14,55.099998,55.099998,54.700001,54.700001,24.0
2022-02-15,51.5,53.740002,51.419998,53.740002,3634.0
2022-02-16,52.98,52.98,52.110001,52.700001,546.0
2022-02-17,52.0,53.75,50.0,50.0,8463.0
2022-02-18,47.799999,48.400002,47.009998,47.009998,13166.0
2022-02-21,45.0,46.799999,44.189999,46.799999,8438.0
2022-02-22,45.150002,48.0,45.150002,48.0,985.0
2022-02-23,46.57,47.849998,45.200001,45.400002,1097.0
2022-02-24,45.400002,47.389999,42.68,42.68,4281.0
2022-02-25,42.0,44.700001,42.0,44.360001,3758.0
2022-02-28,41.700001,44.360001,41.700001,44.139999,271.0
2022-03-01,42.0,42.029999,42.0,42.0,1704.0
2022-03-02,41.75,43.889999,41.75,43.119999,1252.0
2022-03-03,40.599998,41.0,40.599998,40.599998,1418.0
2022-03-04,40.599998,43.029999,39.0,40.0,4453.0
2022-03-07,37.610001,38.650002,37.610001,38.650002,1069.0
2022-03-08,36.400002,40.959999,36.400002,40.959999,521.0
2022-03-09,39.0,43.41,39.0,43.41,1117.0
2022-03-10,44.360001,46.009998,44.360001,46.009998,2923.0
2022-03-11,44.900002,46.5,43.25,46.0,612.0
2022-03-14,45.0,46.0,43.25,46.0,156.0
2022-03-15,43.25,45.490002,43.25,43.349998,1316.0
2022-03-16,42.049999,44.0,42.009998,43.990002,289.0
2022-03-17,45.0,45.25,45.0,45.25,7.0
2022-03-18,42.540001,45.0,42.540001,43.48,514.0
2022-03-21,43.450001,44.900002,42.0,42.0,881.0
2022-03-22,43.25,43.970001,42.150002,43.970001,24.0
2022-03-23,42.66,43.0,42.029999,43.0,62.0
2022-03-24,42.0,43.0,42.0,43.0,632.0
2022-03-25,42.0,43.240002,42.0,43.240002,293.0
2022-03-28,44.439999,44.439999,44.439999,44.439999,5.0
2022-03-31,41.779999,44.099998,41.779999,44.099998,852.0
2022-04-01,44.0,44.0,42.689999,44.0,95.0
2022-04-04,43.950001,43.950001,43.950001,43.950001,10.0
2022-04-05,42.0,42.0,42.0,42.0,100.0
2022-04-06,42.0,42.0,42.0,42.0,150.0
2022-04-07,42.150002,43.900002,42.150002,43.900002,141.0
2022-04-08,43.799999,43.84,43.799999,43.84,13.0
2022-04-11,43.84,43.84,42.009998,43.84,756.0
2022-04-12,43.849998,43.849998,42.0,42.0,839.0
2022-04-13,42.099998,43.900002,42.099998,43.900002,32.0
2022-04-14,43.779999,43.779999,42.0,43.68,820.0
2022-04-15,43.599998,43.599998,43.599998,43.599998,5.0
2022-04-20,42.049999,43.5,42.049999,43.5,15.0
2022-04-21,42.0,42.950001,42.0,42.950001,36.0
2022-04-22,42.0,42.0,41.299999,41.299999,254.0
2022-04-25,41.299999,41.299999,41.299999,41.299999,60.0
2022-04-27,40.0,41.299999,40.0,41.299999,85.0
2022-04-28,42.990002,42.990002,42.990002,42.990002,10.0
2022-04-29,42.799999,42.799999,42.799999,42.799999,10.0
2022-05-04,42.950001,42.950001,40.5,42.889999,42.0
2022-05-09,42.5,42.5,42.5,42.5,5.0
2022-05-11,42.0,42.0,42.0,42.0,14.0
2022-05-12,41.990002,41.990002,41.990002,41.990002,50.0
2022-05-16,40.75,41.849998,39.48,39.48,36.0
2022-05-17,39.5,39.5,39.48,39.48,50.0
2022-05-19,38.299999,41.799999,38.299999,41.799999,132.0
2022-05-20,41.599998,41.599998,41.599998,41.599998,100.0
2022-05-23,40.599998,40.610001,40.599998,40.610001,42.0
2022-05-24,40.610001,40.610001,40.610001,40.610001,5.0
2022-05-25,40.599998,40.599998,40.599998,40.599998,2.0
2022-05-26,39.389999,40.0,38.209999,40.0,91.0
2022-05-27,39.900002,39.900002,39.900002,39.900002,2.0
2022-05-30,39.950001,39.950001,39.950001,39.950001,6.0
2022-05-31,39.950001,39.950001,39.939999,39.939999,12.0
2022-06-01,39.950001,39.950001,39.950001,39.950001,7.0
2022-06-02,39.900002,39.950001,39.900002,39.950001,3.0
2022-06-03,39.950001,40.0,38.810001,38.810001,299.0
2022-06-06,39.0,40.0,37.860001,39.990002,195.0
2022-06-07,39.990002,39.990002,37.709999,37.720001,78.0
2022-06-08,39.84,39.849998,37.810001,37.810001,99.0
2022-06-09,38.0,38.009998,38.0,38.0,249.0
2022-06-10,38.0,39.849998,37.0,37.049999,505.0
2022-06-13,37.209999,37.209999,37.200001,37.200001,7.0
2022-06-14,37.0,37.0,36.849998,36.849998,1597.0
2022-06-15,37.0,37.0,37.0,37.0,105.0
2022-06-16,36.849998,36.849998,36.849998,36.849998,81.0
2022-06-20,34.639999,34.639999,34.639999,34.639999,14.0
2022-06-21,34.639999,34.639999,34.639999,34.639999,1.0
2022-06-22,34.75,34.75,34.5,34.5,64.0
2022-06-23,34.599998,34.610001,34.599998,34.610001,49.0
2022-06-28,35.0,35.0,32.540001,32.549999,1033.0
2022-06-30,32.549999,32.549999,32.549999,32.549999,17.0
2022-07-01,34.5,34.5,34.5,34.5,1.0
2022-07-04,35.0,35.0,35.0,35.0,2.0
2022-07-05,32.91,32.91,32.91,32.91,426.0
2022-07-06,32.91,32.91,32.91,32.91,4.0
2022-07-07,34.880001,34.880001,34.880001,34.880001,75.0
2022-07-08,34.880001,34.880001,34.880001,34.880001,111.0
2022-07-13,34.880001,34.880001,34.880001,34.880001,1.0
2022-07-18,34.880001,34.880001,34.880001,34.880001,3.0
2022-07-19,32.790001,34.880001,32.790001,34.880001,43.0
2022-07-20,34.0,35.0,34.0,35.0,50.0
2022-07-21,37.0,37.0,37.0,37.0,1.0
2022-07-22,37.0,37.0,37.0,37.0,3.0
2022-07-26,36.0,36.0,36.0,36.0,10.0
2022-07-27,36.990002,36.990002,36.990002,36.990002,5.0
2022-08-01,36.990002,36.990002,36.990002,36.990002,3.0
2022-08-02,34.799999,34.799999,34.779999,34.779999,205.0
2022-08-03,34.049999,34.049999,34.049999,34.049999,16.0
2022-08-04,34.779999,34.779999,34.779999,34.779999,43.0
2022-08-05,34.150002,34.779999,34.049999,34.779999,152.0
2022-08-08,34.779999,34.779999,34.779999,34.779999,20.0
2022-08-09,34.049999,34.049999,34.049999,34.049999,5.0
2022-08-10,34.779999,34.779999,34.049999,34.779999,18.0
2022-08-11,34.779999,36.860001,34.779999,36.860001,611.0
2022-08-16,36.84,36.84,36.84,36.84,2.0
2022-08-17,36.84,36.84,36.84,36.84,4.0
2022-08-19,34.630001,35.0,34.630001,35.0,1453.0
2022-08-22,35.990002,35.990002,35.0,35.0,491.0
2022-08-24,35.009998,35.009998,35.009998,35.009998,50.0
2022-08-25,35.009998,35.990002,35.009998,35.990002,6.0
2022-08-26,36.0,36.0,36.0,36.0,1.0
2022-08-30,35.970001,35.970001,35.970001,35.970001,3.0
2022-08-31,35.98,35.98,35.98,35.98,4.0
2022-09-01,35.950001,35.950001,35.950001,35.950001,4.0
2022-09-02,34.66,34.66,34.66,34.66,42.0
2022-09-05,35.68,35.889999,35.68,35.889999,9.0
2022-09-07,35.0,35.0,35.0,35.0,162.0
2022-09-08,35.84,36.990002,35.84,36.990002,228.0
2022-09-09,36.0,37.0,36.0,37.0,37.0
2022-09-12,37.0,39.209999,37.0,39.209999,6604.0
2022-09-13,40.0,41.529999,40.0,40.02,793.0
2022-09-14,42.029999,42.419998,40.5,42.419998,850.0
2022-09-15,44.900002,44.959999,43.610001,44.959999,3808.0
2022-09-16,47.599998,47.599998,46.0,46.990002,2701.0
2022-09-19,47.490002,47.490002,44.200001,46.77,1308.0
2022-09-21,46.0,46.0,46.0,46.0,7.0
2022-09-23,43.25,44.0,43.25,43.25,101.0
2022-09-26,42.650002,42.650002,42.650002,42.650002,40.0
2022-09-27,45.0,45.0,44.799999,44.990002,667.0
2022-09-28,44.889999,44.889999,42.299999,42.299999,226.0
2022-09-29,44.490002,44.490002,44.490002,44.490002,50.0
2022-10-03,41.830002,41.830002,41.830002,41.830002,501.0
2022-10-07,40.0,40.0,40.0,40.0,92.0
2022-10-12,41.189999,41.189999,38.900002,38.900002,1001.0
2022-10-13,37.0,37.060001,37.0,37.0,1122.0
2022-10-14,36.0,36.0,35.5,35.5,2000.0
2022-10-17,35.619999,35.619999,35.619999,35.619999,100.0
2022-10-18,35.630001,35.630001,35.5,35.5,457.0
2022-10-19,35.509998,37.619999,35.509998,37.619999,11.0
2022-10-20,35.529999,39.0,35.52,39.0,114.0
2022-10-24,36.669998,36.669998,36.669998,36.669998,93.0
2022-10-26,35.57,35.57,35.57,35.57,63.0
2022-10-27,35.0,35.0,34.009998,34.009998,160.0
2022-10-28,36.049999,36.049999,36.049999,36.049999,102.0
2022-11-04,38.0,38.0,38.0,38.0,30.0
2022-11-07,37.0,37.0,37.0,37.0,8.0
2022-11-10,34.790001,38.0,34.790001,38.0,67.0
2022-11-14,38.0,38.0,36.799999,36.799999,18.0
2022-11-15,36.599998,37.990002,36.599998,37.990002,91.0
2022-11-16,38.0,38.0,38.0,38.0,112.0
2022-11-17,38.0,38.0,38.0,38.0,1.0
2022-11-29,35.740002,38.0,35.740002,38.0,228.0
2022-11-30,38.0,38.0,38.0,38.0,4.0
2022-12-02,37.990002,37.990002,37.990002,37.990002,1.0
2022-12-06,35.75,35.75,35.75,35.75,30.0
2022-12-08,37.0,37.0,37.0,37.0,1.0
2022-12-09,34.790001,37.959999,34.790001,37.959999,22.0
2022-12-13,37.5,37.5,37.5,37.5,327.0
2022-12-15,35.509998,35.509998,35.5,35.5,12081.0
2022-12-16,35.5,35.5,35.5,35.5,2.0
2022-12-19,33.439999,33.52,33.439999,33.52,23.0
2022-12-22,35.5,35.5,35.5,35.5,1.0
2022-12-28,37.5,37.5,37.5,37.5,4.0
2022-12-29,37.48,37.5,37.48,37.5,5.0
2022-12-30,37.450001,39.720001,37.400002,39.720001,52.0
2023-01-02,39.700001,40.0,39.700001,40.0,242.0
2023-01-03,37.610001,40.0,37.610001,40.0,187.0
2023-01-05,37.610001,37.610001,37.610001,37.610001,69.0
2023-01-06,39.860001,39.860001,39.860001,39.860001,1.0
2023-01-09,39.990002,39.990002,37.5,37.5,52.0
2023-01-12,36.380001,39.720001,36.380001,37.5,144.0
2023-01-17,39.720001,39.740002,38.549999,39.0,42.0
2023-01-18,36.669998,41.330002,36.669998,41.330002,134.0
2023-01-23,41.0,41.0,41.0,41.0,3.0
2023-01-24,38.549999,40.5,38.549999,40.5,143.0
2023-01-25,38.080002,38.080002,38.080002,38.080002,152.0
2023-01-26,36.810001,40.330002,35.799999,35.799999,131.0
2023-01-27,35.5,37.939999,35.5,37.939999,16.0
2023-02-01,37.939999,37.939999,37.939999,37.939999,3.0
2023-02-03,37.939999,37.939999,37.939999,37.939999,4.0
2023-02-10,35.669998,37.93,35.669998,37.93,110.0
2023-02-13,37.93,37.93,37.93,37.93,5.0
2023-02-15,35.66,37.939999,35.66,37.939999,103.0
2023-02-17,35.669998,37.799999,35.669998,37.799999,116.0
2023-02-20,37.939999,37.939999,37.939999,37.939999,5.0
2023-02-22,35.669998,35.700001,35.669998,35.700001,479.0
2023-02-23,37.240002,37.240002,37.240002,37.240002,5.0
2023-02-24,35.009998,35.049999,35.009998,35.029999,646.0
2023-02-27,37.130001,37.130001,37.130001,37.130001,8.0
2023-02-28,35.0,35.0,35.0,35.0,1.0
2023-03-01,35.099998,37.09,35.0,35.0,148.0
2023-03-02,36.040001,36.990002,36.040001,36.990002,9.0
2023-03-03,36.93,37.0,36.93,36.990002,19.0
2023-03-06,36.950001,36.950001,36.950001,36.950001,5.0
2023-03-09,34.740002,36.939999,34.740002,36.939999,150.0
2023-03-15,36.93,36.93,36.93,36.93,3.0
2023-03-22,34.720001,34.720001,34.720001,34.720001,3.0
2023-03-23,34.700001,34.720001,34.700001,34.720001,6.0
2023-03-24,34.720001,34.720001,34.720001,34.720001,4.0
2023-03-27,34.720001,34.720001,32.799999,32.799999,20.0
2023-03-28,34.720001,34.720001,32.799999,32.799999,20.0
2023-03-29,34.700001,34.700001,34.700001,34.700001,10.0
2023-04-03,34.650002,34.650002,34.650002,34.650002,2.0
2023-04-11,34.0,34.700001,34.0,34.700001,25.0
2023-04-13,32.619999,32.619999,32.619999,32.619999,17.0
2023-04-14,30.67,30.68,30.67,30.67,151.0
2023-04-19,30.67,32.509998,30.67,32.509998,4.0
2023-04-20,30.559999,32.5,30.559999,32.5,18.0
2023-04-25,32.400002,32.490002,32.400002,32.490002,7.0
2023-04-26,32.349998,32.349998,31.530001,32.349998,27.0
2023-04-27,32.400002,32.400002,30.6,30.6,537.0
2023-04-28,30.6,32.389999,30.59,32.389999,365.0
2023-05-02,32.25,32.25,32.25,32.25,10.0
2023-05-03,32.0,32.0,32.0,32.0,7.0
2023-05-04,32.0,32.290001,30.120001,32.290001,107.0
2023-05-05,32.299999,32.299999,32.299999,32.299999,72.0
2023-05-08,32.25,32.25,32.25,32.25,10.0
2023-05-09,32.349998,32.349998,31.379999,32.299999,70.0
2023-05-10,32.299999,32.349998,31.379999,32.349998,31.0
2023-05-11,31.379999,32.490002,31.379999,32.490002,136.0
2023-05-12,32.5,32.5,32.5,32.5,5.0
2023-05-15,30.58,34.439999,30.57,34.439999,1076.0
2023-05-16,34.439999,36.0,34.439999,36.0,90.0
2023-05-17,33.849998,33.849998,33.849998,33.849998,179.0
2023-05-18,33.849998,33.849998,33.849998,33.849998,3368.0
2023-05-19,33.849998,33.849998,33.849998,33.849998,2.0
2023-05-24,33.799999,34.0,33.799999,33.849998,4176.0
2023-05-26,33.799999,33.799999,33.799999,33.799999,15.0
2023-05-29,35.0,35.0,35.0,35.0,8.0
2023-06-08,34.0,34.0,33.0,33.0,255.0
2023-06-09,32.5,34.0,32.5,34.0,1472.0
2023-06-12,34.0,35.0,34.0,35.0,151.0
2023-06-14,35.0,35.0,35.0,35.0,10.0
2023-06-15,34.0,34.0,33.0,33.0,330.0
2023-06-16,33.0,34.0,33.0,33.5,584.0
2023-06-19,33.900002,34.0,33.900002,34.0,52.0
2023-06-20,33.0,34.490002,33.0,34.490002,2094.0
2023-06-21,34.48,34.48,34.48,34.48,10.0
2023-06-22,34.990002,34.990002,34.990002,34.990002,14.0
2023-06-23,33.0,34.990002,33.0,34.990002,601.0
2023-07-03,32.950001,32.950001,32.950001,32.950001,2.0
2023-07-04,31.02,31.02,31.02,31.02,298.0
2023-07-05,32.0,32.509998,32.0,32.509998,103.0
2023-07-07,32.509998,34.459999,32.509998,34.459999,1019.0
2023-07-10,34.459999,34.5,34.459999,34.5,102.0
2023-07-11,35.0,35.0,35.0,35.0,11.0
2023-07-12,34.799999,34.799999,34.799999,34.799999,15.0
2023-07-13,35.0,35.0,35.0,35.0,1.0
2023-07-14,34.0,34.990002,34.0,34.990002,2.0
2023-07-18,32.91,32.91,32.91,32.91,20.0
2023-07-20,33.009998,34.799999,33.009998,34.799999,6.0
2023-07-21,33.07,33.099998,33.07,33.099998,44.0
2023-07-24,34.950001,34.950001,33.919998,33.919998,103.0
2023-07-25,34.939999,34.939999,33.209999,33.209999,1253.0
2023-07-26,34.939999,34.939999,33.16,33.16,241.0
2023-07-27,33.169998,33.169998,33.169998,33.169998,3.0
2023-07-28,34.93,34.93,34.93,34.93,1.0
2023-07-31,33.029999,34.889999,33.029999,34.889999,26.0
2023-08-01,33.119999,33.119999,33.119999,33.119999,5.0
2023-08-02,34.740002,34.740002,34.720001,34.740002,114.0
2023-08-03,34.0,34.0,34.0,34.0,5.0
2023-08-04,34.099998,34.150002,34.0,34.150002,330.0
2023-08-07,34.689999,34.689999,34.689999,34.689999,1.0
2023-08-08,34.689999,35.0,34.689999,34.849998,720.0
2023-08-11,34.5,34.869999,33.119999,33.119999,125.0
2023-08-15,33.5,33.5,33.5,33.5,100.0
2023-08-17,33.200001,34.779999,33.200001,34.779999,19.0
2023-08-18,34.689999,34.700001,34.689999,34.700001,210.0
2023-08-22,34.799999,34.799999,34.799999,34.799999,883.0
2023-08-23,34.700001,34.799999,34.700001,34.799999,4.0
2023-08-24,34.0,34.799999,34.0,34.799999,304.0
2023-08-25,34.799999,34.799999,34.799999,34.799999,510.0
2023-08-28,33.0,34.950001,33.0,34.900002,26.0
2023-08-30,33.009998,34.0,33.009998,33.049999,55.0
2023-08-31,34.48,34.48,34.48,34.48,2.0
2023-09-01,32.599998,34.580002,32.599998,34.549999,557.0
2023-09-04,34.0,34.529999,34.0,34.490002,813.0
2023-09-05,34.48,34.48,34.48,34.48,7.0
2023-09-06,34.450001,36.040001,34.450001,35.0,852.0
2023-09-07,35.0,35.0,35.0,35.0,8.0
2023-09-08,34.990002,35.0,34.98,34.98,26.0
2023-09-11,32.889999,34.790001,32.889999,34.790001,506.0
2023-09-12,34.77,34.779999,32.93,32.93,176.0
2023-09-13,34.720001,34.720001,34.720001,34.720001,15.0
2023-09-14,34.709999,34.759998,34.709999,34.759998,300.0
2023-09-15,34.5,34.5,34.5,34.5,100.0
2023-09-19,34.5,34.5,34.5,34.5,18.0
2023-09-20,34.0,34.439999,34.0,34.200001,68.0
2023-09-21,34.439999,34.450001,34.439999,34.450001,13.0
2023-09-22,34.43,34.439999,33.75,33.75,33.0
2023-09-25,33.599998,33.599998,33.0,33.0,60.0
2023-09-26,33.990002,34.0,31.030001,31.08,1182.0
2023-09-27,31.059999,31.08,31.059999,31.08,45.0
2023-10-03,32.939999,32.939999,32.939999,32.939999,3.0
2023-10-04,31.959999,31.959999,31.09,31.120001,376.0
2023-10-05,31.15,32.98,30.200001,32.98,1163.0
2023-10-06,32.549999,32.98,32.549999,32.98,18.0
2023-10-09,32.950001,32.950001,32.5,32.939999,129.0
2023-10-10,32.93,32.939999,32.93,32.939999,9.0
2023-10-11,32.939999,32.939999,32.939999,32.939999,7.0
2023-10-12,32.93,32.939999,32.93,32.939999,17.0
2023-10-13,32.93,32.939999,32.93,32.939999,11.0
2023-10-16,32.549999,32.599998,32.5,32.599998,17.0
2023-10-17,33.919998,33.919998,33.919998,33.919998,11.0
2023-10-18,33.900002,33.950001,33.900002,33.950001,210.0
2023-10-19,33.790001,33.790001,33.790001,33.790001,3.0
2023-10-20,33.75,33.75,33.75,33.75,1.0
2023-10-23,33.0,33.0,33.0,33.0,502.0
2023-10-24,32.970001,32.970001,32.970001,32.970001,3.0
2023-10-26,32.889999,33.75,32.5,33.75,41.0
2023-10-30,30.6,30.6,30.6,30.6,62.0
2023-10-31,33.580002,33.580002,33.580002,33.580002,15.0
2023-11-01,33.560001,33.900002,33.560001,33.900002,401.0
2023-11-02,31.110001,33.889999,31.110001,33.889999,16.0
2023-11-08,30.620001,30.75,30.620001,30.74,405.0
2023-11-09,33.700001,33.700001,33.700001,33.700001,60.0
2023-11-10,33.490002,33.490002,31.209999,31.209999,113.0
2023-11-13,31.209999,32.130001,31.0,32.130001,374.0
2023-11-15,30.75,30.809999,30.75,30.809999,30.0
2023-11-17,30.860001,30.860001,30.85,30.85,30.0
2023-11-21,30.700001,30.700001,30.700001,30.700001,500.0
2023-11-22,32.869999,32.869999,32.869999,32.869999,1.0
2023-11-24,30.610001,30.620001,30.610001,30.620001,90.0
2023-11-27,31.870001,31.870001,30.629999,30.629999,218.0
2023-11-29,30.65,30.700001,30.65,30.700001,51.0
2023-11-30,30.620001,30.620001,30.620001,30.620001,10.0
2023-12-01,30.629999,30.65,30.629999,30.629999,36.0
2023-12-05,31.0,31.0,30.67,30.67,35.0
2023-12-06,31.440001,31.450001,31.440001,31.450001,50.0
2023-12-07,30.66,30.66,30.58,30.58,140.0
2023-12-11,30.610001,30.610001,30.610001,30.610001,2.0
2023-12-12,30.620001,31.0,30.6,31.0,148.0
2023-12-13,31.389999,31.49,30.4,30.4,1074.0
2023-12-14,30.4,30.4,30.4,30.4,192.0
2023-12-15,29.51,30.99,29.4,29.43,348.0
2023-12-18,30.790001,30.790001,30.790001,30.790001,3.0
2023-12-19,30.0,30.0,30.0,30.0,80.0
2023-12-20,29.51,30.889999,29.5,30.889999,20.0
2023-12-21,30.9,30.9,30.9,30.9,24.0
2023-12-22,28.51,30.889999,28.51,30.889999,1003.0
2023-12-27,28.57,30.870001,28.57,30.870001,724.0
2023-12-28,30.85,30.85,30.85,30.85,1.0
2023-12-29,28.719999,28.719999,28.719999,28.719999,84.0
2024-01-02,30.860001,30.860001,29.01,29.01,13.0
2024-01-03,29.5,29.5,29.5,29.5,400.0
2024-01-04,30.85,30.85,30.85,30.85,3.0
2024-01-05,30.84,30.84,29.5,29.5,364.0
2024-01-08,29.799999,29.799999,29.0,29.6,3075.0
2024-01-09,28.959999,30.75,28.959999,30.75,25.0
2024-01-10,29.110001,30.700001,29.0,29.209999,1645.0
2024-01-12,29.0,29.0,28.82,28.83,250.0
2024-01-15,30.0,30.0,28.98,28.98,585.0
2024-01-16,29.99,29.99,29.99,29.99,3.0
2024-01-17,28.98,29.99,28.98,29.99,32.0
2024-01-18,29.99,29.99,28.809999,29.99,227.0
2024-01-19,29.799999,29.99,29.799999,29.99,122.0
2024-01-22,29.99,29.99,29.99,29.99,10.0
2024-01-23,29.950001,29.99,29.950001,29.99,580.0
2024-01-24,29.99,29.99,29.99,29.99,100.0
2024-01-26,29.0,29.889999,29.0,29.889999,46.0
2024-01-29,29.879999,29.879999,29.0,29.0,31.0
2024-01-30,29.870001,29.870001,29.0,29.0,1668.0
2024-01-31,29.0,29.0,28.809999,28.809999,367.0
2024-02-01,28.01,29.0,28.0,29.0,572.0
2024-02-02,29.0,29.799999,29.0,29.799999,23.0
2024-02-05,27.629999,29.200001,27.629999,29.0,155.0
2024-02-06,29.190001,29.190001,28.200001,28.200001,74.0
2024-02-07,28.209999,28.209999,28.0,28.0,100.0
2024-02-08,28.5,29.18,28.5,29.18,105.0
2024-02-09,27.610001,28.969999,27.610001,28.969999,33.0
2024-02-12,28.969999,28.969999,28.969999,28.969999,12.0
2024-02-13,28.940001,28.940001,27.92,28.940001,44.0
2024-02-14,27.799999,28.98,27.799999,28.98,51.0
2024-02-15,28.98,28.99,27.860001,27.860001,118.0
2024-02-16,28.0,28.99,28.0,28.969999,1082.0
2024-02-19,28.969999,28.969999,28.969999,28.969999,20.0
2024-02-20,28.969999,28.969999,28.969999,28.969999,2.0
2024-02-21,28.809999,28.809999,28.809999,28.809999,200.0
2024-02-22,28.969999,28.969999,28.969999,28.969999,2.0
2024-02-23,28.799999,28.9,28.799999,28.9,4.0
2024-02-26,28.84,28.84,28.84,28.84,100.0
2024-02-27,28.969999,28.969999,28.9,28.9,208.0
2024-03-04,28.75,28.799999,28.75,28.799999,16.0
2024-03-05,28.9,28.9,28.0,28.790001,1205.0
2024-03-06,28.790001,28.790001,28.790001,28.790001,100.0
2024-03-08,28.0,28.790001,28.0,28.790001,173.0
2024-03-11,27.52,28.780001,27.52,28.780001,50.0
2024-03-14,26.200001,28.75,26.200001,28.75,203.0
2024-03-15,26.35,29.99,26.35,29.99,120.0
2024-03-18,27.0,29.0,27.0,29.0,11.0
2024-03-19,28.99,28.99,28.950001,28.950001,17.0
2024-03-20,29.0,29.0,29.0,29.0,200.0
2024-03-22,27.07,27.07,27.07,27.07,200.0
2024-03-25,27.08,28.889999,27.08,28.889999,83.0
2024-03-26,28.0,28.0,28.0,28.0,5.0
2024-03-27,27.129999,28.73,27.0,28.73,257.0
2024-03-29,28.68,28.68,25.860001,25.870001,867.0
2024-04-01,28.450001,28.450001,26.0,26.0,151.0
2024-04-02,26.0,26.0,25.5,25.5,2090.0
2024-04-05,26.200001,26.200001,26.200001,26.200001,689.0
2024-04-08,26.5,26.5,26.0,26.5,4024.0
2024-04-09,27.68,27.68,26.0,26.5,1229.0
2024-04-15,26.6,26.6,26.5,26.5,970.0
2024-04-16,26.5,29.0,26.5,29.0,2784.0
2024-04-17,28.99,28.99,27.299999,27.4,1452.0
2024-04-18,27.99,30.129999,27.459999,30.129999,4988.0
2024-04-19,30.129999,33.139999,30.129999,33.139999,6419.0
2024-04-22,36.0,36.450001,35.0,36.450001,12180.0
2024-04-23,39.5,39.5,35.0,35.009998,2337.0
2024-04-24,35.009998,37.98,35.009998,36.0,1757.0
2024-04-25,37.990002,38.0,36.5,36.5,126.0
2024-04-26,37.689999,38.0,36.0,36.5,2047.0
2024-04-29,37.98,37.98,37.119999,37.119999,1911.0
2024-04-30,37.970001,37.970001,37.950001,37.950001,101.0
2024-05-02,36.0,37.0,36.0,37.0,315.0
2024-05-07,35.900002,35.900002,33.310001,34.959999,1492.0
2024-05-08,35.0,35.0,34.0,34.200001,1344.0
2024-05-09,32.040001,34.490002,32.040001,34.470001,69.0
2024-05-10,32.07,33.98,32.07,33.98,916.0
2024-05-13,33.970001,34.889999,33.970001,34.689999,1167.0
2024-05-14,34.939999,34.939999,34.0,34.0,401.0
2024-05-15,34.900002,34.900002,34.0,34.5,415.0
2024-05-16,35.150002,35.150002,34.5,35.150002,1627.0
2024-05-17,35.150002,35.880001,35.0,35.650002,109.0
2024-05-20,35.0,35.799999,35.0,35.299999,40.0
2024-05-21,35.0,35.299999,35.0,35.299999,13.0
2024-05-22,35.099998,35.099998,35.099998,35.099998,6.0
2024-05-23,34.700001,34.700001,34.0,34.0,1305.0
2024-05-24,35.099998,35.099998,34.0,34.0,14.0
2024-05-27,34.5,34.5,34.0,34.099998,177.0
2024-05-28,35.049999,35.049999,34.0,34.0,452.0
2024-05-29,34.0,36.0,32.700001,32.700001,1887.0
2024-05-30,34.0,34.0,33.990002,33.990002,36.0
2024-05-31,34.0,34.0,33.099998,33.990002,64.0
2024-06-03,34.25,34.25,33.110001,33.950001,202.0
2024-06-04,34.990002,34.990002,34.5,34.5,85.0
2024-06-05,34.5,35.0,34.5,35.0,35.0
2024-06-06,33.110001,35.0,33.110001,34.970001,110.0
2024-06-07,33.970001,33.970001,33.099998,33.099998,273.0
2024-06-10,33.0,33.0,33.0,33.0,100.0
2024-06-12,33.200001,33.919998,33.200001,33.919998,6.0
2024-06-13,33.799999,34.900002,33.799999,34.900002,216.0
2024-06-14,34.889999,35.0,34.889999,35.0,153.0
2024-06-19,35.0,35.5,35.0,35.5,92.0
2024-06-20,35.5,35.5,35.5,35.5,49.0
2024-06-21,35.25,35.25,35.0,35.0,30.0
2024-06-24,31.530001,34.990002,31.530001,34.990002,22.0
2024-06-26,31.6,33.700001,31.6,33.400002,1972.0
2024-06-27,33.400002,34.0,33.400002,34.0,9.0
2024-06-28,33.990002,34.0,33.990002,34.0,4.0
2024-07-01,34.0,34.900002,34.0,34.900002,2.0
2024-07-02,34.5,34.5,31.450001,32.0,622.0
2024-07-03,31.450001,32.98,31.450001,32.939999,900.0
2024-07-04,32.889999,32.889999,32.700001,32.860001,34.0
2024-07-05,32.700001,32.700001,32.689999,32.689999,125.0
2024-07-08,32.689999,32.689999,32.639999,32.639999,14.0
2024-07-09,32.639999,32.639999,32.639999,32.639999,2.0
2024-07-10,32.639999,32.639999,32.59,32.59,15.0
2024-07-11,32.0,32.0,29.34,29.34,1133.0
2024-07-12,27.0,32.23,27.0,32.23,1005.0
2024-07-15,32.5,32.5,32.189999,32.189999,36.0
2024-07-16,31.99,31.99,28.98,30.99,860.0
2024-07-17,31.799999,31.799999,30.01,31.59,20.0
2024-07-18,31.4,31.9,31.4,31.9,5.0
2024-07-19,31.65,31.940001,30.01,31.940001,401.0
2024-07-22,31.92,31.92,30.0,30.0,34.0
2024-07-23,30.0,30.0,30.0,30.0,1764.0
2024-07-24,30.99,32.0,30.5,32.0,1491.0
2024-07-25,31.0,32.389999,31.0,32.389999,385.0
2024-07-26,32.0,32.389999,32.0,32.389999,797.0
2024-07-29,32.389999,32.389999,31.01,32.369999,18.0
2024-07-31,32.369999,32.369999,32.369999,32.369999,54.0
2024-08-01,32.099998,32.099998,32.099998,32.099998,24.0
2024-08-02,32.09,33.0,31.799999,32.389999,1476.0
2024-08-05,32.5,33.990002,32.5,33.900002,248.0
2024-08-06,33.0,33.98,32.02,33.900002,205.0
2024-08-07,32.5,33.849998,32.049999,33.490002,2512.0
2024-08-08,32.509998,33.849998,32.509998,33.73,301.0
2024-08-09,33.400002,34.990002,33.0,34.990002,1054.0
2024-08-12,34.98,38.470001,34.98,37.990002,6126.0
2024-08-13,37.990002,41.0,37.0,40.599998,12753.0
2024-08-15,42.0,44.650002,42.0,44.650002,10663.0
2024-08-16,49.110001,49.110001,44.650002,49.110001,16692.0
2024-08-19,52.0,54.02,52.0,54.02,8755.0
2024-08-22,59.400002,59.419998,55.099998,56.0,27526.0
2024-08-23,57.5,61.0,57.400002,58.389999,10898.0
2024-08-26,56.0,59.099998,55.0,59.099998,11899.0
2024-08-27,59.599998,63.0,59.599998,62.990002,23751.0
2024-08-28,63.200001,67.800003,63.200001,67.5,15756.0
2024-08-29,67.800003,67.800003,61.200001,62.0,7768.0
2024-08-30,61.299999,63.470001,55.810001,55.810001,2781.0
2024-09-02,55.200001,57.939999,54.900002,56.990002,4268.0
2024-09-03,57.0,58.4,55.81,55.81,1285.0
2024-09-04,50.41,57.0,50.4,54.0,623.0
2024-09-05,51.009998,55.25,51.0,52.0,4483.0
2024-09-06,53.990002,53.990002,53.0,53.200001,344.0
2024-09-09,52.99,53.25,50.51,53.2,880.0
2024-09-10,53.39,53.39,51.5,53.3,192.0
2024-09-11,53.29,53.29,52.0,52.0,39.0
2024-09-12,52.9,52.9,51.0,52.39,1719.0
2024-09-13,52.39,52.39,51.0,52.39,124.0
2024-09-18,52.0,52.0,49.2,49.2,1202.0
2024-09-19,50.0,50.0,49.2,49.5,46.0
2024-09-20,48.5,49.95,48.5,48.99,181.0
2024-09-23,44.12,49.5,44.12,49.5,83.0
2024-09-24,46.0,54.44,46.0,54.44,6908.0
2024-09-25,55.02,59.88,55.02,59.88,7961.0
2024-09-26,62.0,64.7,60.5,64.0,11131.0
2024-09-27,62.05,63.25,60.3,61.4,6614.0
2024-09-30,60.33,60.79,58.01,60.79,3796.0
2024-10-01,57.0,60.48,55.0,57.0,6032.0
2024-10-02,55.11,55.12,54.0,55.0,5298.0
2024-10-03,55.99,55.99,55.99,55.99,9.0
2024-10-04,54.95,56.7,54.95,56.7,1068.0
2024-10-07,57.98,57.98,57.98,57.98,20.0
2024-10-08,56.0,56.0,55.0,55.0,794.0
2024-10-09,55.0,55.0,52.0,54.99,1127.0
2024-10-10,54.89,54.9,54.0,54.0,297.0
2024-10-11,52.0,52.5,52.0,52.0,538.0
2024-10-14,53.78,53.78,53.78,53.78,20.0
2024-10-15,52.0,52.5,51.0,51.0,5565.0
2024-10-16,51.0,52.0,50.0,50.0,1112.0
2024-10-17,53.6,53.6,51.99,51.99,20.0
2024-10-18,47.61,49.51,47.61,49.5,220.0
2024-10-21,48.2,51.0,48.2,51.0,113.0
2024-10-22,51.0,51.0,51.0,51.0,16.0
2024-10-23,49.0,54.0,49.0,53.0,4926.0
2024-10-24,53.0,53.0,52.99,53.0,3703.0
2024-10-25,53.0,53.0,53.0,53.0,225.0
2024-10-28,53.0,53.0,52.0,53.0,1157.0
2024-10-29,51.02,52.0,51.0,52.0,2470.0
2024-10-30,51.01,51.01,51.0,51.0,5455.0
2024-10-31,51.5,51.5,51.0,51.0,1201.0
2024-11-01,51.0,51.0,50.6,50.6,1302.0
2024-11-04,51.0,51.0,51.0,51.0,39.0
2024-11-05,50.5,50.5,49.0,49.0,6531.0
2024-11-07,50.49,50.49,49.0,49.0,5016.0
2024-11-08,49.0,49.0,48.0,48.2,4151.0
2024-11-11,48.5,48.5,48.0,48.0,349.0
2024-11-12,47.0,48.5,47.0,47.0,5259.0
2024-11-13,48.5,48.5,47.2,47.2,279.0
2024-11-14,47.0,47.06,47.0,47.06,174.0
2024-11-15,47.1,47.1,46.0,46.0,1168.0
2024-11-19,48.49,48.49,48.49,48.49,8.0
2024-11-20,45.15,48.49,45.15,46.1,426.0
2024-11-21,48.49,48.5,47.0,47.0,150.0
2024-11-22,47.03,47.03,47.0,47.0,70.0
2024-11-25,46.55,46.55,46.35,46.35,530.0
2024-11-26,46.5,48.49,46.5,48.49,200.0
2024-11-27,48.49,48.5,47.01,48.44,152.0
2024-11-28,48.49,48.49,48.48,48.48,8.0
2024-11-29,48.48,48.48,46.02,46.02,1116.0
2024-12-02,46.94,46.94,46.0,46.0,244.0
2024-12-03,46.95,46.95,44.0,46.5,10201.0
2024-12-04,44.0,46.84,43.0,43.99,596.0
2024-12-05,44.0,46.49,42.12,46.47,397.0
2024-12-06,46.0,46.4,43.0,45.89,534.0
2024-12-09,45.88,45.89,45.0,45.4,387.0
2024-12-10,45.0,45.0,44.01,44.9,557.0
2024-12-11,44.79,44.8,44.79,44.8,238.0
2024-12-12,44.15,44.15,44.0,44.0,2565.0
2024-12-13,43.9,43.9,43.9,43.9,8.0
2024-12-16,43.0,43.0,42.0,42.0,1220.0
2024-12-17,42.01,43.0,42.01,42.98,44.0
2024-12-18,43.0,44.98,42.0,44.98,2456.0
2024-12-19,44.0,44.0,43.0,44.0,307.0
2024-12-20,43.0,43.0,42.05,43.0,731.0
2024-12-23,41.2,44.97,41.2,44.97,265.0
2024-12-24,44.97,44.97,43.0,43.0,393.0
2024-12-25,44.8,44.8,44.8,44.8,2.0
2024-12-26,41.29,41.53,41.29,41.5,49.0
2024-12-27,44.72,44.72,42.0,42.0,843.0
2024-12-30,41.7,44.72,41.7,42.0,113.0
2024-12-31,44.0,44.0,42.02,42.05,904.0
2025-01-02,42.06,43.95,42.06,43.4,851.0
2025-01-03,43.9,43.95,42.15,43.9,2037.0
2025-01-06,44.97,44.97,43.9,43.99,1299.0
2025-01-07,42.2,44.98,42.2,44.0,137.0
2025-01-08,44.0,45.99,43.06,44.0,1070.0
2025-01-09,46.79,47.89,45.0,47.5,3674.0
2025-01-10,49.9,49.9,46.55,46.55,3397.0
2025-01-13,49.89,49.89,45.11,49.39,170.0
2025-01-15,48.87,48.87,47.99,47.99,817.0
2025-01-16,47.99,48.99,46.9,47.0,4154.0
2025-01-17,48.97,48.97,46.55,46.55,3214.0
2025-01-20,49.0,49.0,45.61,47.0,748.0
2025-01-21,48.9,48.9,44.05,44.4,1237.0
2025-01-22,46.9,46.9,43.0,43.99,3482.0
2025-01-23,43.02,47.38,43.0,47.09,1614.0
2025-01-24,45.5,45.5,44.12,44.2,310.0
2025-01-27,45.75,45.75,44.5,44.99,1225.0
2025-01-28,45.01,45.01,44.5,44.5,716.0
2025-01-29,44.5,44.5,44.25,44.49,3306.0
2025-01-30,46.68,46.68,44.3,44.3,6031.0
2025-01-31,44.2,44.3,41.5,42.0,26313.0
2025-02-03,42.0,44.69,42.0,44.0,2224.0
2025-02-04,44.0,44.44,44.0,44.0,1310.0
2025-02-05,43.1,43.95,43.1,43.95,130.0
2025-02-06,44.44,44.5,43.3,44.5,107.0
2025-02-07,44.5,45.2,44.4,44.4,477.0
2025-02-10,42.2,43.96,42.2,43.22,1869.0
2025-02-11,43.55,44.0,43.55,44.0,857.0
2025-02-12,45.9,45.9,43.6,43.6,632.0
2025-02-13,42.32,44.0,42.32,43.89,326.0
2025-02-14,44.0,44.01,43.0,44.0,382.0
2025-02-17,43.0,44.9,43.0,44.7,219.0
2025-02-18,44.75,44.78,43.7,44.49,369.0
2025-02-19,44.0,44.4,43.0,44.0,1307.0
2025-02-20,43.5,44.0,43.05,43.5,1497.0
2025-02-21,44.0,47.8,43.0,46.75,8293.0
2025-02-24,47.0,47.0,44.83,46.0,1576.0
2025-02-25,47.0,47.0,44.6,46.59,760.0
2025-02-26,46.5,46.5,43.13,45.5,1523.0
2025-02-27,43.5,44.5,43.5,44.5,160.0
2025-02-28,44.99,45.97,44.0,45.69,1016.0
2025-03-03,46.0,46.0,46.0,46.0,205.0
2025-03-04,46.04,46.04,46.04,46.04,1.0
2025-03-05,44.05,45.99,44.05,45.8,216.0
2025-03-06,45.99,47.5,45.99,47.0,10244.0
2025-03-07,47.38,47.38,46.99,46.99,197.0
2025-03-10,46.97,46.97,45.03,46.0,344.0
2025-03-11,46.0,46.0,44.3,44.3,370.0
2025-03-12,44.3,46.0,44.3,46.0,1009.0
2025-03-13,44.31,45.0,44.31,45.0,158.0
2025-03-14,45.96,48.0,45.96,47.0,11142.0
2025-03-17,48.0,51.69,48.0,51.69,18879.0
2025-03-18,55.0,56.85,53.5,56.85,16792.0
2025-03-19,61.9,62.53,61.9,62.53,8875.0
2025-03-20,67.5,67.9,57.0,58.8,32510.0
2025-03-21,58.77,58.77,53.5,58.55,16299.0
2025-03-24,57.99,59.0,56.28,59.0,1996.0
2025-03-25,58.98,59.0,57.6,59.0,4436.0
2025-03-26,58.11,64.89,58.11,64.89,24633.0
2025-03-27,65.5,66.29,60.7,61.0,9277.0
2025-03-28,61.01,64.83,61.01,62.0,2724.0
2025-04-02,63.98,65.0,62.0,65.0,9960.0
2025-04-03,64.99,64.99,62.12,62.12,6043.0
2025-04-04,63.95,63.95,56.0,61.95,2798.0
2025-04-07,61.9,61.9,55.76,55.76,2634.0
2025-04-08,50.2,58.0,50.2,53.0,5805.0
2025-04-09,49.62,55.99,49.62,52.58,1616.0
2025-04-10,57.0,57.0,55.0,55.0,1030.0
2025-04-11,58.97,58.97,56.89,56.89,26.0
2025-04-14,51.8,57.0,51.8,56.0,2216.0
2025-04-15,57.55,57.55,56.0,56.0,92.0
2025-04-16,56.0,57.0,54.72,54.72,1987.0
2025-04-17,55.0,56.49,54.7,56.49,1735.0
2025-04-18,56.59,57.5,56.0,57.4,1114.0
2025-04-21,57.49,57.49,56.94,56.95,72.0
2025-04-22,56.1,56.89,56.1,56.89,187.0
2025-04-23,56.8,56.8,56.0,56.8,290.0
2025-04-24,56.89,58.7,56.8,58.7,5411.0
2025-04-25,58.8,61.47,57.5,60.98,4450.0
2025-04-28,58.83,62.0,58.83,61.79,1195.0
2025-04-29,62.46,62.46,59.33,60.0,401.0
2025-04-30,58.03,59.99,58.0,59.69,2167.0
2025-05-02,58.01,59.59,58.0,58.0,714.0
2025-05-05,58.2,58.7,57.5,58.7,527.0
2025-05-06,57.5,57.6,55.0,55.02,6108.0
2025-05-07,55.5,57.0,55.12,56.5,228.0
2025-05-08,56.5,56.55,54.86,54.87,1333.0
2025-05-09,57.9,57.9,57.45,57.45,90.0
2025-05-12,57.0,59.3,57.0,59.2,1160.0
2025-05-13,59.0,59.0,56.55,56.55,4106.0
2025-05-14,58.0,58.0,55.75,57.6,1621.0
2025-05-15,57.5,57.5,54.3,55.0,10068.0
2025-05-16,56.97,56.97,54.0,54.05,1889.0
2025-05-19,54.1,55.9,53.1,55.9,357.0
2025-05-20,53.0,55.99,53.0,55.65,2454.0
2025-05-21,55.87,61.21,55.5,61.21,28018.0
2025-05-22,66.71,67.33,65.9,67.33,20766.0
2025-05-23,74.06,74.06,74.06,74.06,20542.0
2025-05-26,73.9,78.0,68.2,74.0,30850.0
2025-05-27,74.0,74.0,70.05,70.05,6938.0
2025-05-28,72.29,72.29,70.15,71.75,2659.0
2025-05-29,72.8,72.8,70.0,71.45,4592.0
2025-05-30,71.7,71.7,68.24,70.0,4543.0
2025-06-02,70.15,71.2,68.2,71.0,2162.0
2025-06-03,68.36,70.0,66.5,66.8,9470.0
2025-06-04,70.85,73.47,70.0,73.47,14875.0
2025-06-05,75.2,80.81,74.1,80.81,21566.0
2025-06-06,88.5,88.89,86.5,88.89,16206.0
2025-06-10,95.1,97.77,95.1,97.77,17623.0
2025-06-11,107.5,107.5,105.0,107.5,28248.0
2025-06-12,115.0,118.2,115.0,118.2,18875.0
2025-06-13,125.0,130.0,106.4,130.0,69625.0
2025-06-16,133.0,142.95,133.0,142.95,19452.0
2025-06-17,157.2,157.2,157.2,157.2,1228.0
2025-06-18,172.9,172.9,172.9,172.9,8849.0
2025-06-19,160.0,173.0,155.65,155.65,78414.0
2025-06-20,144.1,169.5,144.1,165.9,75677.0
2025-06-23,170.0,177.6,170.0,170.0,22817.0
2025-06-24,180.0,186.95,176.0,186.95,26859.0
2025-06-25,205.0,205.6,204.0,205.6,12458.0
2025-06-26,225.0,226.15,212.0,226.15,34251.0
2025-06-30,231.0,248.75,231.0,248.75,20798.0
2025-07-01,271.0,273.6,268.0,273.6,16274.0
2025-07-02,300.95,300.95,300.95,300.95,5107.0
2025-07-03,331.0,331.0,270.9,270.9,17049.0
2025-07-04,243.85,243.85,243.85,243.85,1685.0
2025-07-07,219.5,219.5,219.5,219.5,1493.0
2025-07-08,197.6,197.6,197.6,197.6,2066.0
2025-07-09,185.0,197.0,181.15,192.0,64402.0
2025-07-10,197.0,211.15,197.0,211.15,29927.0
2025-07-11,217.9,232.25,217.0,232.25,36647.0
2025-07-14,235.0,250.0,223.0,225.65,38066.0
2025-07-15,220.0,229.0,211.1,219.0,12979.0
2025-07-16,212.0,220.0,212.0,215.0,6557.0
2025-07-17,216.0,216.0,204.0,208.0,10222.0
2025-07-18,210.0,218.0,208.1,212.8,7881.0
2025-07-21,215.0,222.0,202.0,220.0,13190.0
2025-07-22,225.0,225.0,220.0,220.0,3271.0
2025-07-23,218.9,222.0,211.3,212.0,2295.0
2025-07-24,219.0,219.0,208.0,210.0,3478.0
2025-07-25,212.0,214.0,209.0,211.0,5778.0
2025-07-28,217.0,217.0,210.1,211.0,2976.0
2025-07-29,214.9,214.9,200.0,204.0,10698.0
2025-07-31,208.9,208.9,190.0,198.1,13737.0
2025-08-01,197.05,217.9,197.05,213.9,18764.0
2025-08-04,214.0,235.25,213.9,235.25,33388.0
2025-08-05,248.0,254.9,225.0,231.0,42645.0
2025-08-06,236.8,253.0,230.0,249.9,31301.0
2025-08-07,253.7,258.0,242.0,247.0,21604.0
2025-08-08,250.0,250.0,240.0,240.0,10536.0
2025-08-11,246.0,246.0,231.1,238.0,8825.0
2025-08-12,235.0,238.0,231.5,233.5,2165.0
2025-08-13,233.0,240.0,233.0,238.0,1794.0
2025-08-15,235.0,238.0,232.0,232.0,2799.0
2025-08-18,230.0,232.9,225.15,232.0,2782.0
2025-08-19,228.2,230.0,224.0,226.0,2773.0
2025-08-22,205.0,223.9,205.0,222.0,11594.0
2025-08-25,213.05,234.5,213.05,233.7,9600.0
2025-08-26,229.2,234.95,226.0,228.05,4890.0
2025-08-27,226.15,245.0,226.15,239.45,12302.0
2025-08-28,240.0,243.0,227.0,235.0,7263.0
2025-08-29,230.0,235.0,224.1,229.8,5432.0
2025-09-01,242.0,242.0,230.1,236.0,4939.0
2025-09-02,236.5,242.0,232.0,240.8,11126.0
2025-09-03,241.9,241.9,235.0,237.0,2136.0
2025-09-04,233.65,238.5,230.0,230.0,3443.0
2025-09-08,235.0,235.0,229.0,234.8,2177.0
2025-09-09,230.5,236.0,228.1,228.2,2166.0
2025-09-10,228.2,234.0,227.0,227.0,128.0
2025-09-11,227.0,237.0,224.1,231.0,7196.0
2025-09-12,226.5,231.45,226.5,231.0,2353.0
2025-09-15,230.85,234.95,226.0,234.0,1728.0
2025-09-16,226.0,231.0,218.0,222.9,7571.0
2025-09-17,222.0,227.0,219.0,224.5,2168.0
2025-09-18,226.5,226.5,215.0,223.5,8679.0
2025-09-19,225.0,225.0,218.1,219.0,1520.0
2025-09-22,221.0,225.0,218.2,223.0,726.0
2025-09-23,219.0,224.9,218.2,223.0,683.0
2025-09-24,224.9,224.9,215.0,221.0,1427.0
2025-09-25,222.9,222.9,215.0,219.0,1544.0
2025-09-26,210.0,218.75,208.0,213.5,2442.0
2025-09-29,213.0,213.0,200.0,206.8,1568.0
2025-09-30,200.1,210.0,187.0,202.8,7145.0
2025-10-01,200.0,223.0,200.0,219.5,37032.0
2025-10-02,212.0,227.0,200.0,200.0,16962.0
2025-10-03,208.0,219.95,208.0,219.95,8740.0
2025-10-06,230.0,241.9,230.0,241.9,14598.0
2025-10-07,266.05,266.05,266.05,266.05,12637.0
2025-10-08,264.0,275.0,253.0,255.0,44268.0
2025-10-09,255.0,280.0,245.0,267.15,28724.0
2025-10-10,267.15,269.0,261.6,265.15,4339.0
2025-10-13,261.0,270.0,260.0,263.0,2408.0
2025-10-14,265.0,268.8,242.0,253.95,10485.0
2025-10-15,255.0,261.0,246.05,258.0,4013.0
2025-10-16,253.2,283.75,253.2,283.75,33239.0
2025-10-17,290.0,308.0,286.0,297.0,26234.0
2025-10-20,300.0,324.95,300.0,318.8,18546.0
2025-10-21,316.0,323.85,303.3,314.9,15995.0
2025-10-22,315.0,316.0,300.0,310.0,27086.0
2025-10-23,312.95,312.95,300.0,303.05,15462.0
2025-10-24,304.15,308.95,300.3,303.1,7244.0
2025-10-27,311.1,322.0,309.95,318.0,17316.0
2025-10-28,322.8,323.0,302.0,313.0,10121.0
2025-10-29,310.0,317.45,308.2,312.0,3328.0
2025-10-30,315.95,315.95,303.5,309.95,3760.0
2025-10-31,307.1,315.0,307.05,307.8,4211.0
2025-11-03,316.5,338.5,314.0,330.0,32945.0
2025-11-04,330.0,344.75,322.2,336.0,11844.0
2025-11-05,343.6,343.6,326.0,330.0,4851.0
2025-11-07,333.0,334.9,323.0,332.9,1337.0
2025-11-10,332.95,334.9,325.0,325.0,3720.0
2025-11-11,324.0,329.9,300.0,308.5,9776.0
2025-11-12,306.0,314.85,300.3,305.0,1825.0
2025-11-13,307.85,316.85,296.9,309.0,2831.0
2025-11-14,309.5,309.9,303.0,307.9,2750.0
2025-11-17,308.75,308.75,302.0,302.0,1976.0
2025-11-19,300.0,300.0,282.0,294.0,5993.0
2025-11-20,291.0,299.0,290.0,293.9,1045.0
2025-11-21,287.15,297.0,287.0,295.0,597.0
2025-11-24,293.0,298.0,279.0,288.0,3118.0
2025-11-25,287.0,288.85,277.25,288.0,2001.0
2025-11-26,288.0,294.95,286.0,288.0,1153.0
2025-11-27,293.0,300.0,290.0,300.0,3253.0
2025-11-28,299.9,299.9,272.0,280.0,24662.0
2025-12-01,280.0,280.0,274.0,278.0,1340.0
2025-12-02,271.0,278.05,270.0,271.0,2144.0
2025-12-03,268.0,274.9,265.0,268.5,943.0
2025-12-04,267.0,269.0,255.0,263.0,2861.0
2025-12-05,258.0,265.0,245.1,265.0,5156.0
2025-12-08,257.0,277.85,257.0,271.0,1089.0
2025-12-09,265.0,271.95,265.0,270.8,801.0
2025-12-10,272.0,277.9,270.0,270.0,448.0
2025-12-11,270.0,282.5,270.0,281.4,3779.0
2025-12-12,284.9,289.0,276.1,280.0,2313.0
2025-12-15,280.0,280.0,271.0,276.0,2831.0
2025-12-16,271.05,277.0,262.0,270.0,2019.0
2025-12-17,276.0,276.0,265.0,272.95,1030.0
2025-12-18,266.0,272.0,262.0,268.0,1197.0
2025-12-19,268.0,271.0,260.0,260.0,2001.0
2025-12-22,268.0,268.0,250.0,259.8,1312.0
2025-12-23,252.0,260.0,250.0,253.2,4692.0
2025-12-24,250.0,251.0,243.0,249.0,3669.0
2025-12-25,242.1,260.0,241.0,260.0,1636.0
2025-12-26,265.0,265.0,250.0,261.0,464.0
2025-12-29,250.05,255.0,250.0,250.0,948.0
2025-12-30,247.0,250.0,236.0,244.85,3170.0
2025-12-31,225.1,245.0,225.1,245.0,4257.0
2026-01-02,249.0,264.75,248.0,255.0,18386.0
2026-01-05,266.9,280.0,265.0,265.0,10413.0
2026-01-06,270.0,279.95,270.0,276.5,9276.0
2026-01-07,278.0,279.45,262.1,270.0,3507.0
2026-01-08,270.0,272.0,263.0,270.75,5171.0
2026-01-09,270.75,277.0,267.0,270.0,23080.0
2026-01-12,275.0,275.0,263.0,273.0,11055.0
2026-01-13,273.0,273.0,260.0,262.0,6692.0
2026-01-15,264.0,265.0,249.0,249.9,5813.0
2026-01-16,248.0,254.0,240.7,246.55,2553.0
2026-01-19,241.3,249.0,238.0,238.0,4034.0
2026-01-20,238.0,243.0,226.2,237.0,3971.0
2026-01-21,235.0,239.7,230.0,238.0,1145.0
2026-01-22,233.65,248.95,233.65,242.0,1089.0
2026-01-23,243.0,243.0,226.0,228.0,5116.0
2026-01-26,228.0,228.0,206.1,221.9,3591.0
2026-01-27,229.0,229.0,220.0,225.0,583.0
2026-01-28,225.0,247.45,225.0,247.45,5389.0
2026-01-29,259.0,259.0,231.3,236.25,2863.0
2026-01-30,237.0,239.5,230.0,238.0,1052.0
2026-02-02,228.2,244.1,226.0,234.95,1563.0
2026-02-03,228.6,233.9,220.0,230.0,1727.0
2026-02-04,229.95,229.95,222.7,224.0,828.0
2026-02-05,224.1,229.0,215.15,215.15,2711.0
2026-02-06,216.05,228.0,216.0,228.0,1894.0
2026-02-09,229.0,229.0,220.0,220.0,3025.0
2026-02-10,220.0,220.5,216.55,219.95,664.0
2026-02-11,220.0,220.0,216.0,220.0,546.0
2026-02-12,220.0,226.0,218.0,226.0,485.0
2026-02-13,220.1,222.0,216.1,217.0,1748.0
2026-02-16,232.2,232.2,220.0,227.5,1481.0
2026-02-17,229.9,232.0,228.0,228.0,2144.0
2026-02-18,225.0,225.0,225.0,225.0,212.0
2026-02-19,218.25,225.0,218.25,219.1,432.0
2026-02-20,227.45,227.45,218.0,219.0,649.0
2026-02-23,224.0,224.0,219.0,219.0,342.0
2026-02-24,215.05,221.4,215.05,215.05,1397.0
2026-02-25,216.0,218.0,212.0,212.0,1016.0
2026-02-26,212.7,216.0,211.1,212.9,536.0
2026-02-27,205.0,206.0,191.65,196.0,13935.0
2026-03-02,176.45,176.45,176.45,176.45,1346.0
2026-03-03,166.5,170.0,158.85,158.85,3306.0
2026-03-04,153.0,171.0,153.0,166.0,15497.0
2026-03-05,168.0,175.9,168.0,174.0,4246.0
2026-03-06,177.1,186.0,166.0,174.9,4160.0
2026-03-09,157.45,166.5,157.45,164.05,3387.0
2026-03-10,178.0,178.0,169.0,170.0,2206.0
2026-03-11,171.0,171.0,159.5,165.0,8309.0
2026-03-12,170.0,170.0,160.4,164.95,1036.0
2026-03-13,167.0,167.0,160.2,163.0,469.0
2026-03-16,161.0,164.0,160.0,162.0,1492.0
2026-03-17,162.0,164.75,160.0,164.7,908.0
2026-03-18,164.7,167.5,163.0,165.0,811.0
2026-03-19,171.0,171.0,160.0,161.0,2335.0
2026-03-24,165.0,165.0,160.0,160.0,581.0
2026-03-25,165.95,165.95,160.5,165.0,1020.0
2026-03-26,165.2,166.0,164.0,164.0,801.0
2026-03-27,174.0,174.0,164.0,164.95,2144.0
