Time,Open,High,Low,Close,Volume
2015-06-01,558.0,566.0,556.5,562.0,5096.0
2015-06-02,565.0,586.0,565.0,586.0,64639.0
2015-06-03,591.09998,614.0,590.0,610.0,65822.0
2015-06-04,605.09998,628.0,605.09998,614.90002,33728.0
2015-06-05,601.0,609.0,596.0,599.0,7347.0
2015-06-08,595.5,600.0,595.5,600.0,12597.0
2015-06-09,600.0,610.0,600.0,605.0,7820.0
2015-06-10,600.0,600.0,595.0,600.0,413.0
2015-06-11,600.0,603.0,595.20001,600.0,13588.0
2015-06-12,595.5,600.0,595.5,595.59998,773.0
2015-06-15,595.79999,598.90002,595.79999,596.09998,3783.0
2015-06-16,596.5,605.79999,596.5,605.0,25573.0
2015-06-17,580.0,580.0,568.20001,570.0,4831.0
2015-06-18,568.90002,569.0,556.40002,559.0,10856.0
2015-06-19,557.0,560.0,557.0,557.09998,3311.0
2015-06-22,556.79999,560.0,545.0,560.0,717.0
2015-06-23,546.0,560.0,546.0,560.0,1862.0
2015-06-24,560.0,570.0,560.0,570.0,1260.0
2015-06-25,560.0,562.5,560.0,562.5,941.0
2015-06-26,555.0,580.0,555.0,580.0,2091.0
2015-06-29,570.0,580.0,570.0,570.0,1320.0
2015-06-30,560.0,570.0,560.0,560.59998,186.0
2015-07-01,560.5,569.0,560.5,560.5,35.0
2015-07-02,557.59998,570.0,557.59998,570.0,7156.0
2015-07-03,560.5,570.0,560.5,561.09998,343.0
2015-07-06,561.0,569.90002,561.0,561.0,293.0
2015-07-07,560.0,570.0,560.0,570.0,3686.0
2015-07-08,561.59998,570.0,561.59998,570.0,293.0
2015-07-09,564.0,570.09998,562.5,562.5,495.0
2015-07-10,563.0,570.0,563.0,570.0,2970.0
2015-07-13,563.0,570.0,563.0,570.0,640.0
2015-07-14,563.09998,563.20001,563.09998,563.09998,112.0
2015-07-15,562.59998,588.0,562.0,580.0,4074.0
2015-07-16,580.20001,600.0,580.20001,600.0,6267.0
2015-07-20,585.0,610.0,585.0,605.0,6195.0
2015-07-21,601.0,605.0,601.0,601.09998,845.0
2015-07-22,604.0,615.0,600.20001,608.0,15098.0
2015-07-23,606.0,619.40002,606.0,615.0,414.0
2015-07-24,606.0,615.0,606.0,608.09998,5299.0
2015-07-27,608.09998,615.0,608.09998,615.0,240.0
2015-07-28,610.0,614.90002,610.0,610.09998,8260.0
2015-07-29,581.0,638.0,581.0,620.0,9883.0
2015-07-31,620.0,624.90002,615.5,620.0,667.0
2015-08-03,620.0,620.0,620.0,620.0,56.0
2015-08-04,620.0,627.79999,620.0,627.29999,753.0
2015-08-05,616.0,627.90002,616.0,627.0,647.0
2015-08-06,626.0,626.90002,620.09998,626.90002,136.0
2015-08-07,627.0,627.0,619.09998,620.0,5257.0
2015-08-10,623.0,626.0,620.20001,620.20001,3063.0
2015-08-11,622.0,630.0,621.29999,630.0,4458.0
2015-08-12,627.0,630.0,625.09998,625.09998,2024.0
2015-08-13,620.70001,621.0,620.0,620.0,297.0
2015-08-17,619.0,626.0,610.09998,626.0,528.0
2015-08-18,611.09998,625.90002,611.0,611.59998,158.0
2015-08-19,612.20001,612.20001,612.20001,612.20001,44.0
2015-08-24,612.70001,612.70001,612.20001,612.20001,3069.0
2015-08-25,611.70001,611.70001,610.0,610.0,205.0
2015-08-26,601.20001,612.0,601.20001,612.0,773.0
2015-08-27,602.0,618.0,601.20001,601.59998,3005.0
2015-08-31,602.0,602.0,601.59998,601.59998,61.0
2015-09-01,605.0,605.0,600.09998,600.09998,12263.0
2015-09-02,600.0,600.09998,600.0,600.0,2518.0
2015-09-03,598.5,598.5,598.5,598.5,5.0
2015-09-04,582.0,597.90002,582.0,597.90002,166.0
2015-09-07,582.5,600.0,582.5,583.20001,847.0
2015-09-08,583.40002,583.40002,583.0,583.0,16.0
2015-09-09,584.0,597.90002,584.0,597.90002,15.0
2015-09-10,585.0,597.90002,585.0,597.90002,68.0
2015-09-11,585.29999,615.0,584.0,615.0,111.0
2015-09-14,600.0,600.0,600.0,600.0,600.0
2015-09-15,586.29999,586.29999,586.29999,586.29999,23.0
2015-09-16,588.0,588.0,586.09998,586.09998,95.0
2015-09-17,590.0,590.0,590.0,590.0,1013.0
2015-09-21,586.20001,586.20001,586.20001,586.20001,60.0
2015-09-22,587.5,587.5,587.0,587.0,35.0
2015-09-23,586.20001,586.20001,586.20001,586.20001,20.0
2015-09-28,581.09998,581.09998,581.09998,581.09998,135.0
2015-09-29,588.0,599.79999,588.0,599.79999,2191.0
2015-09-30,584.20001,584.20001,583.09998,583.20001,94.0
2015-10-01,595.0,595.0,595.0,595.0,2.0
2015-10-02,594.5,595.0,559.29999,559.29999,5623.0
2015-10-05,584.0,584.0,557.0,580.0,125.0
2015-10-06,579.90002,583.79999,560.0,583.79999,769.0
2015-10-07,561.59998,562.09998,561.59998,562.0,10071.0
2015-10-08,579.90002,579.90002,579.90002,579.90002,4.0
2015-10-09,578.0,578.0,563.09998,563.09998,69.0
2015-10-12,563.09998,563.20001,557.09998,557.09998,73.0
2015-10-13,558.29999,558.29999,537.0,550.0,5257.0
2015-10-14,542.29999,555.0,542.29999,545.09998,2815.0
2015-10-16,542.0,547.0,531.20001,547.0,233.0
2015-10-19,545.0,567.0,545.0,545.0,350.0
2015-10-20,545.29999,545.29999,545.29999,545.29999,1.0
2015-10-21,545.20001,559.90002,545.0,545.09998,1317.0
2015-10-22,545.20001,566.79999,545.0,545.90002,86.0
2015-10-23,550.0,550.0,550.0,550.0,45.0
2015-10-26,550.0,550.0,550.0,550.0,2.0
2015-10-27,550.0,550.0,545.0,545.0,137.0
2015-10-29,542.20001,575.0,542.20001,575.0,1106.0
2015-10-30,551.0,589.0,551.0,589.0,11155.0
2015-11-02,590.0,590.0,590.0,590.0,5000.0
2015-11-03,580.0,585.0,570.20001,570.20001,149.0
2015-11-04,580.0,580.0,570.20001,570.20001,32.0
2015-11-05,571.09998,587.90002,571.09998,580.0,7680.0
2015-11-09,579.0,579.0,575.0,578.0,148.0
2015-11-10,578.20001,578.20001,578.09998,578.09998,150.0
2015-11-12,577.09998,577.09998,575.0,576.0,384.0
2015-11-13,578.0,578.0,572.0,572.0,4608.0
2015-11-16,572.5,572.5,572.5,572.5,23.0
2015-11-17,573.0,573.5,573.0,573.5,415.0
2015-11-23,573.5,577.0,573.5,575.20001,153.0
2015-11-24,572.59998,577.0,572.0,575.0,4725.0
2015-11-25,575.0,580.0,574.0,580.0,734.0
2015-11-26,574.5,590.0,574.5,590.0,17225.0
2015-11-27,590.0,590.09998,590.0,590.09998,1469.0
2015-11-30,580.09998,580.09998,580.0,580.0,43.0
2015-12-01,580.09998,590.0,580.0,590.0,1228.0
2015-12-02,582.59998,590.0,582.20001,582.20001,202.0
2015-12-03,584.0,584.0,584.0,584.0,51.0
2015-12-04,584.0,584.0,584.0,584.0,738.0
2015-12-07,582.0,582.0,582.0,582.0,20.0
2015-12-08,583.0,583.0,582.0,582.0,1350.0
2015-12-09,582.0,583.0,582.0,583.0,675.0
2015-12-10,582.0,582.0,582.0,582.0,206.0
2015-12-11,582.09998,582.09998,582.0,582.0,2081.0
2015-12-14,582.09998,582.09998,582.0,582.0,22.0
2015-12-15,583.0,583.0,580.0,580.0,1533.0
2015-12-16,582.0,585.0,580.0,583.0,4464.0
2015-12-17,582.0,582.0,582.0,582.0,100.0
2015-12-18,582.0,590.0,582.0,582.0,5276.0
2015-12-21,573.0,580.0,566.0,580.0,8704.0
2015-12-22,564.70001,568.0,564.70001,568.0,2033.0
2015-12-23,568.0,579.0,568.0,579.0,92.0
2015-12-28,565.0,565.0,565.0,565.0,4721.0
2015-12-29,535.20001,535.20001,535.20001,535.20001,25.0
2015-12-30,540.0,567.29999,540.0,545.70001,8178.0
2015-12-31,554.0,555.20001,554.0,555.20001,1649.0
2016-01-04,567.29999,584.29999,567.0,584.29999,98.0
2016-01-06,560.09998,572.0,554.0,572.0,7296.0
2016-01-14,554.0,554.0,554.0,554.0,20.0
2016-01-18,556.0,563.90002,556.0,563.90002,112.0
2016-01-19,563.79999,570.0,563.79999,570.0,2781.0
2016-01-21,560.09998,572.0,560.09998,572.0,49.0
2016-01-22,560.09998,574.90002,560.09998,570.0,5640.0
2016-01-25,560.0,570.0,556.09998,569.90002,5160.0
2016-01-26,555.29999,555.59998,555.29999,555.59998,34.0
2016-01-28,560.0,569.0,560.0,560.0,4319.0
2016-01-29,556.09998,579.0,556.09998,579.0,2466.0
2016-02-01,579.79999,579.79999,555.20001,555.20001,72.0
2016-02-02,556.70001,556.70001,555.5,555.5,71.0
2016-02-03,557.0,575.0,557.0,575.0,5305.0
2016-02-05,570.09998,580.0,570.09998,580.0,1000.0
2016-02-08,571.09998,580.0,571.09998,571.09998,164.0
2016-02-09,575.0,575.0,571.0,575.0,529.0
2016-02-10,571.5,596.0,571.5,590.0,11243.0
2016-02-11,590.0,595.0,590.0,595.0,186.0
2016-02-12,595.0,598.0,595.0,595.0,870.0
2016-02-15,598.0,609.5,590.70001,590.70001,91.0
2016-02-16,595.0,595.0,595.0,595.0,36.0
2016-02-17,590.0,590.0,590.0,590.0,1120.0
2016-02-19,592.0,595.0,590.0,590.0,7505.0
2016-02-22,587.0,590.0,587.0,590.0,523.0
2016-02-23,586.5,588.0,585.29999,586.0,8457.0
2016-02-24,586.5,586.5,565.09998,565.09998,5459.0
2016-02-25,575.0,575.0,575.0,575.0,3864.0
2016-02-26,570.0,570.0,570.0,570.0,1098.0
2016-02-29,568.09998,568.09998,568.09998,568.09998,493.0
2016-03-02,570.0,570.0,568.09998,568.09998,520.0
2016-03-03,568.0,585.0,568.0,585.0,34.0
2016-03-04,584.70001,620.0,571.5,580.0,2863.0
2016-03-08,590.0,590.0,577.0,577.0,59.0
2016-03-09,579.0,579.0,579.0,579.0,20.0
2016-03-10,579.20001,579.20001,579.0,579.0,500.0
2016-03-14,580.09998,580.09998,575.0,575.0,20.0
2016-03-15,575.20001,589.79999,575.09998,589.79999,52.0
2016-03-16,589.90002,590.0,576.5,576.5,118.0
2016-03-17,599.0,600.20001,580.0,600.0,6327.0
2016-03-18,602.0,609.90002,600.5,609.90002,945.0
2016-03-21,603.0,603.0,602.09998,602.09998,655.0
2016-03-22,602.20001,608.90002,602.09998,605.0,1061.0
2016-03-23,609.90002,628.0,603.20001,624.0,8171.0
2016-03-24,611.09998,611.09998,611.09998,611.09998,1199.0
2016-03-25,611.59998,669.0,611.59998,660.0,25832.0
2016-03-28,650.0,668.90002,643.5,643.5,162.0
2016-03-29,632.0,640.0,632.0,640.0,665.0
2016-03-30,640.0,640.0,640.0,640.0,500.0
2016-03-31,634.0,649.0,634.0,640.0,14481.0
2016-04-01,630.0,635.0,630.0,635.0,1248.0
2016-04-04,624.0,624.0,624.0,624.0,15.0
2016-04-05,633.0,650.0,631.0,631.0,1203.0
2016-04-06,640.0,668.79999,640.0,668.0,9538.0
2016-04-07,651.09998,675.0,651.09998,675.0,2275.0
2016-04-08,675.0,679.0,657.0,657.0,3175.0
2016-04-11,657.0,657.0,656.0,656.0,1306.0
2016-04-12,663.0,674.0,663.0,670.0,4222.0
2016-04-13,675.0,695.0,671.0,695.0,217.0
2016-04-14,690.0,690.0,690.0,690.0,3500.0
2016-04-15,680.0,692.5,680.0,692.5,3931.0
2016-04-18,680.0,680.0,680.0,680.0,7.0
2016-04-19,692.0,692.5,679.0,690.0,1177.0
2016-04-20,685.5,685.5,681.0,681.0,77.0
2016-04-21,689.0,697.0,689.0,697.0,3815.0
2016-04-22,690.0,690.0,685.0,686.0,972.0
2016-04-25,685.09998,699.0,685.09998,699.0,75.0
2016-04-27,698.0,698.0,686.09998,688.09998,54.0
2016-04-28,691.0,691.0,687.0,687.0,556.0
2016-04-29,690.0,695.0,690.0,690.0,7083.0
2016-05-02,694.0,694.0,694.0,694.0,82.0
2016-05-03,699.0,751.0,696.0,751.0,4513.0
2016-05-04,783.0,796.0,780.0,780.0,2006.0
2016-05-05,820.0,820.0,787.09998,791.0,36.0
2016-05-06,771.59998,800.0,763.59998,767.0,134.0
2016-05-09,797.0,797.0,767.09998,775.0,504.0
2016-05-10,790.0,790.0,777.0,781.09998,1246.0
2016-05-11,790.0,800.0,782.29999,795.0,9258.0
2016-05-12,807.0,808.0,795.0,795.09998,13778.0
2016-05-13,796.0,800.0,785.0,785.0,8700.0
2016-05-16,799.0,799.0,785.0,785.0,352.0
2016-05-17,785.0,785.0,765.0,765.0,4430.0
2016-05-20,785.0,785.0,730.0,730.0,1646.0
2016-05-23,759.5,761.0,759.5,760.0,55.0
2016-05-24,760.09998,772.0,760.09998,772.0,133.0
2016-05-26,785.0,791.0,772.0,772.0,154.0
2016-05-27,772.29999,790.0,742.09998,742.09998,8474.0
2016-05-30,785.0,786.5,785.0,786.5,131.0
2016-05-31,790.0,790.0,780.0,780.0,254.0
2016-06-01,789.0,789.0,789.0,789.0,1.0
2016-06-02,789.90002,797.0,775.0,781.0,2716.0
2016-06-03,795.0,795.0,790.0,790.0,13620.0
2016-06-06,795.0,799.0,795.0,795.0,2007.0
2016-06-07,799.90002,799.90002,799.90002,799.90002,17.0
2016-06-08,795.0,810.0,777.0,777.0,5135.0
2016-06-09,807.0,807.0,807.0,807.0,1.0
2016-06-10,784.59998,799.0,781.0,799.0,2764.0
2016-06-14,790.09998,791.0,790.0,790.0,89.0
2016-06-15,790.0,799.90002,745.09998,745.09998,848.0
2016-06-16,745.0,745.20001,730.0,730.0,12788.0
2016-06-17,730.0,764.0,700.09998,740.0,41.0
2016-06-20,765.0,765.0,741.0,741.0,138.0
2016-06-21,759.0,759.0,759.0,759.0,50.0
2016-06-22,742.09998,745.0,730.0,730.0,2097.0
2016-06-23,707.0,730.0,707.0,730.0,55.0
2016-06-24,730.0,744.0,730.0,744.0,101.0
2016-06-28,744.0,744.0,744.0,744.0,10.0
2016-06-29,730.20001,744.0,730.09998,744.0,230.0
2016-06-30,750.0,750.0,750.0,750.0,13.0
2016-07-01,759.0,769.0,759.0,767.0,433.0
2016-07-04,767.0,767.0,760.0,760.0,10019.0
2016-07-05,768.0,768.0,750.0,750.0,25.0
2016-07-11,756.0,770.0,756.0,762.0,858.0
2016-07-13,770.0,775.0,770.0,775.0,9250.0
2016-07-14,751.09998,780.0,751.09998,780.0,11113.0
2016-07-15,780.0,800.5,780.0,800.20001,17631.0
2016-07-18,810.0,848.0,788.0,795.0,362.0
2016-07-19,840.0,842.70001,804.0,830.0,668.0
2016-07-20,830.0,839.90002,813.59998,816.0,9206.0
2016-07-21,819.5,864.70001,819.5,864.70001,24205.0
2016-07-22,877.0,916.5,877.0,903.0,22175.0
2016-07-25,916.0,940.0,900.29999,915.0,31064.0
2016-07-26,910.0,914.0,903.0,903.0,5963.0
2016-07-27,900.09998,908.0,900.0,903.0,2503.0
2016-07-28,908.0,910.0,903.0,910.0,3071.0
2016-07-29,904.20001,914.0,903.0,904.20001,6636.0
2016-08-01,851.0,913.90002,851.0,903.09998,23.0
2016-08-02,903.59998,913.0,903.59998,913.0,3240.0
2016-08-03,914.0,925.0,912.0,915.0,4687.0
2016-08-04,905.0,939.0,905.0,915.0,2128.0
2016-08-05,915.0,935.0,912.0,935.0,9164.0
2016-08-08,943.0,970.0,935.0,940.0,904.0
2016-08-09,940.0,964.90002,925.0,964.90002,586.0
2016-08-10,940.0,965.0,933.09998,935.0,478.0
2016-08-11,936.09998,936.09998,920.0,920.0,410.0
2016-08-12,913.0,929.0,905.0,906.20001,9399.0
2016-08-15,915.0,915.0,906.29999,908.0,4439.0
2016-08-16,920.0,920.0,910.09998,910.09998,52.0
2016-08-17,910.40002,930.0,909.09998,915.0,2464.0
2016-08-18,929.90002,929.90002,915.0,915.0,24.0
2016-08-19,915.20001,915.20001,915.20001,915.20001,600.0
2016-08-22,929.90002,940.0,929.90002,930.0,55.0
2016-08-23,930.0,930.0,930.0,930.0,424.0
2016-08-24,921.09998,929.0,915.0,929.0,5505.0
2016-08-25,929.0,929.0,915.0,929.0,5021.0
2016-08-26,916.0,916.0,910.0,916.0,9413.0
2016-08-29,911.0,916.0,911.0,916.0,2483.0
2016-08-30,929.0,930.0,916.0,916.0,4118.0
2016-09-01,923.0,924.0,923.0,923.0,104.0
2016-09-02,929.90002,947.0,929.90002,947.0,1746.0
2016-09-05,932.0,946.90002,932.0,946.90002,222.0
2016-09-06,932.0,932.0,925.0,925.0,75.0
2016-09-07,922.20001,944.0,922.20001,925.0,328.0
2016-09-08,925.0,930.0,925.0,930.0,2020.0
2016-09-09,925.20001,925.20001,925.0,925.0,347.0
2016-09-14,930.0,937.0,930.0,937.0,1205.0
2016-09-15,936.79999,937.0,936.79999,936.90002,2350.0
2016-09-16,930.0,930.0,927.0,930.0,5349.0
2016-09-19,937.0,979.90002,937.0,960.0,7467.0
2016-09-20,965.0,971.0,943.0,959.0,4546.0
2016-09-21,950.0,950.0,946.09998,950.0,1899.0
2016-09-22,960.0,965.0,944.0,950.0,4092.0
2016-09-23,952.0,952.0,942.0,944.90002,3525.0
2016-09-26,1039.0,1039.0,1035.0,1039.0,19635.0
2016-09-27,1069.0,1093.0,1040.0,1050.0,33816.0
2016-09-28,1039.0,1055.0,1039.0,1055.0,721.0
2016-09-29,1052.0,1052.0,1020.0,1040.0,768.0
2016-09-30,1033.0,1039.0,1010.0,1035.0,2483.0
2016-10-04,1020.0,1020.0,1015.0,1015.0,954.0
2016-10-05,1016.0,1032.0,1005.0,1025.0,2392.0
2016-10-06,1040.0,1080.0,1030.0,1041.0,10318.0
2016-10-07,1041.0,1080.0,1041.0,1052.0,4178.0
2016-10-10,1078.0,1090.0,1066.0,1080.0,2803.0
2016-10-11,1078.0,1088.0,1067.0,1071.0,1259.0
2016-10-12,1085.0,1090.0,1075.0,1088.0,26305.0
2016-10-13,1075.0,1083.0,1065.0,1066.0,1235.0
2016-10-14,1063.0,1074.0,1058.0,1060.0,1251.0
2016-10-17,1078.0,1078.0,1055.0,1055.0,1223.0
2016-10-18,1069.0,1075.0,1069.0,1070.0,2597.0
2016-10-19,1069.0,1070.0,1060.0,1069.0,1822.0
2016-10-20,1060.0,1069.0,1044.0,1044.0,13733.0
2016-10-21,1041.0,1058.0,1041.0,1050.0,311.0
2016-10-24,1059.0,1075.0,1059.0,1059.0,111.0
2016-10-25,1041.0,1045.0,1040.0,1040.0,4560.0
2016-10-26,1040.0,1058.0,1035.0,1035.0,425.0
2016-10-27,1035.0,1035.0,1030.0,1035.0,1551.0
2016-10-28,1059.0,1059.0,1025.0,1040.0,3866.0
2016-10-31,1040.0,1055.0,1004.0,1004.0,6475.0
2016-11-01,1028.0,1028.0,1028.0,1028.0,5.0
2016-11-02,1028.0,1070.0,1028.0,1070.0,272.0
2016-11-03,1040.0,1075.0,1037.0,1037.0,2738.0
2016-11-04,1036.0,1065.0,1035.0,1045.0,435.0
2016-11-08,1064.0,1065.0,1064.0,1065.0,11.0
2016-11-09,1036.0,1064.0,1036.0,1045.0,1291.0
2016-11-10,1037.0,1037.0,1037.0,1037.0,5.0
2016-11-11,1033.0,1033.0,1033.0,1033.0,9.0
2016-11-14,1034.0,1058.0,1034.0,1058.0,2769.0
2016-11-16,1050.0,1054.0,1031.0,1054.0,1157.0
2016-11-17,1040.0,1052.0,1032.0,1052.0,23.0
2016-11-21,1032.0,1042.0,1032.0,1034.0,3161.0
2016-11-22,1031.0,1050.0,1025.0,1050.0,16693.0
2016-11-23,1026.0,1026.0,1020.0,1020.0,2061.0
2016-11-24,1022.0,1022.0,1022.0,1022.0,750.0
2016-11-25,1026.0,1030.0,1026.0,1030.0,4974.0
2016-11-28,1020.0,1049.0,1015.0,1040.0,423.0
2016-11-29,1030.0,1030.0,1020.0,1020.0,3020.0
2016-11-30,1039.0,1039.0,1020.0,1038.0,151.0
2016-12-01,1030.0,1030.0,1030.0,1030.0,1574.0
2016-12-02,1025.0,1025.0,1020.0,1020.0,1929.0
2016-12-05,1034.0,1035.0,1017.0,1017.0,2010.0
2016-12-06,1017.0,1020.0,1017.0,1020.0,505.0
2016-12-07,1020.0,1030.0,1020.0,1030.0,1010.0
2016-12-08,1029.0,1029.0,1015.0,1015.0,4241.0
2016-12-09,1024.0,1045.0,1024.0,1045.0,3205.0
2016-12-14,1045.0,1055.0,1045.0,1055.0,2361.0
2016-12-15,1058.0,1064.0,1053.0,1055.0,207.0
2016-12-16,1063.0,1080.0,1063.0,1079.0,2088.0
2016-12-19,1079.0,1156.0,1079.0,1120.0,11542.0
2016-12-20,1153.0,1186.0,1130.0,1140.0,3002.0
2016-12-21,1122.0,1139.0,1120.0,1139.0,26.0
2016-12-22,1148.0,1154.0,1121.0,1121.0,793.0
2016-12-23,1149.0,1150.0,1128.0,1148.0,9328.0
2016-12-26,1149.0,1155.0,1148.0,1149.0,889.0
2016-12-27,1140.0,1140.0,1140.0,1140.0,53.0
2016-12-28,1140.0,1140.0,1110.0,1135.0,157.0
2016-12-29,1102.0,1213.0,1100.0,1200.0,20067.0
2016-12-30,1202.0,1275.0,1200.0,1245.0,49494.0
2017-01-02,1248.0,1295.0,1240.0,1240.0,1103.0
2017-01-03,1275.0,1363.0,1275.0,1300.0,5726.0
2017-01-04,1340.0,1415.0,1340.0,1399.0,17721.0
2017-01-05,1450.0,1530.0,1450.0,1490.0,6908.0
2017-01-06,1595.0,1638.0,1541.0,1541.0,16705.0
2017-01-09,1620.0,1620.0,1507.0,1540.0,4251.0
2017-01-10,1562.0,1579.0,1530.0,1551.0,10600.0
2017-01-12,1550.0,1579.0,1530.0,1540.0,3477.0
2017-01-13,1545.0,1545.0,1440.0,1440.0,7676.0
2017-01-16,1529.0,1529.0,1450.0,1450.0,80.0
2017-01-17,1474.0,1486.0,1402.0,1402.0,518.0
2017-01-18,1400.0,1449.0,1400.0,1411.0,430.0
2017-01-19,1440.0,1485.0,1412.0,1478.0,8442.0
2017-01-20,1438.0,1527.0,1430.0,1499.0,26071.0
2017-01-23,1514.0,1530.0,1491.0,1500.0,549.0
2017-01-24,1500.0,1525.0,1489.0,1525.0,5336.0
2017-01-25,1568.0,1570.0,1531.0,1569.0,2224.0
2017-01-26,1580.0,1580.0,1530.0,1530.0,453.0
2017-01-27,1502.0,1547.0,1502.0,1530.0,2553.0
2017-01-30,1530.0,1530.0,1500.0,1500.0,1561.0
2017-01-31,1495.0,1526.0,1495.0,1510.0,264.0
2017-02-01,1528.0,1528.0,1500.0,1500.0,226.0
2017-02-02,1500.0,1500.0,1499.0,1499.0,740.0
2017-02-03,1498.0,1505.0,1498.0,1500.0,18934.0
2017-02-06,1500.0,1500.0,1499.0,1500.0,1268.0
2017-02-07,1522.0,1522.0,1510.0,1510.0,293.0
2017-02-08,1522.0,1522.0,1500.0,1522.0,2259.0
2017-02-09,1522.0,1529.0,1500.0,1528.0,2548.0
2017-02-10,1502.0,1526.0,1500.0,1500.0,6060.0
2017-02-13,1525.0,1550.0,1525.0,1550.0,30.0
2017-02-14,1545.0,1555.0,1530.0,1540.0,2785.0
2017-02-15,1521.0,1538.0,1502.0,1502.0,918.0
2017-02-16,1500.0,1531.0,1500.0,1531.0,1001.0
2017-02-17,1540.0,1540.0,1500.0,1500.0,2945.0
2017-02-20,1524.0,1524.0,1480.0,1480.0,1006.0
2017-02-21,1478.0,1498.0,1470.0,1496.0,296.0
2017-02-22,1473.0,1473.0,1460.0,1460.0,3113.0
2017-02-23,1450.0,1485.0,1430.0,1431.0,3757.0
2017-02-24,1403.0,1444.0,1402.0,1413.0,4036.0
2017-02-27,1440.0,1440.0,1426.0,1430.0,4077.0
2017-02-28,1449.0,1449.0,1400.0,1434.0,138.0
2017-03-01,1434.0,1434.0,1434.0,1434.0,3043.0
2017-03-02,1449.0,1450.0,1449.0,1450.0,8.0
2017-03-03,1436.0,1450.0,1436.0,1450.0,156.0
2017-03-06,1450.0,1470.0,1440.0,1470.0,331.0
2017-03-07,1450.0,1450.0,1450.0,1450.0,3284.0
2017-03-08,1451.0,1451.0,1443.0,1443.0,200.0
2017-03-09,1450.0,1459.0,1420.0,1448.0,2552.0
2017-03-10,1448.0,1450.0,1418.0,1445.0,1625.0
2017-03-13,1445.0,1449.0,1445.0,1449.0,1293.0
2017-03-14,1435.0,1488.0,1435.0,1488.0,725.0
2017-03-15,1480.0,1480.0,1480.0,1480.0,200.0
2017-03-16,1487.0,1538.0,1484.0,1500.0,2529.0
2017-03-17,1500.0,1520.0,1500.0,1500.0,797.0
2017-03-21,1480.0,1498.0,1480.0,1480.0,1345.0
2017-03-22,1457.0,1493.0,1441.0,1442.0,258.0
2017-03-23,1411.0,1469.0,1341.0,1399.0,3116.0
2017-03-24,1365.0,1380.0,1365.0,1366.0,1235.0
2017-03-27,1406.0,1434.0,1406.0,1427.0,8.0
2017-03-28,1428.0,1490.0,1428.0,1490.0,10949.0
2017-03-29,1520.0,1520.0,1450.0,1500.0,2159.0
2017-03-30,1490.0,1518.0,1480.0,1500.0,1144.0
2017-03-31,1399.0,1430.0,1351.0,1351.0,2837.0
2017-04-03,1345.0,1350.0,1234.0,1234.0,2493.0
2017-04-04,1234.0,1270.0,1200.0,1270.0,30.0
2017-04-05,1270.0,1270.0,1250.0,1250.0,31.0
2017-04-06,1290.0,1299.0,1230.0,1230.0,131.0
2017-04-07,1235.0,1288.0,1232.0,1240.0,1124.0
2017-04-10,1297.0,1300.0,1290.0,1300.0,129.0
2017-04-11,1263.0,1299.0,1263.0,1299.0,26.0
2017-04-12,1298.0,1300.0,1271.0,1300.0,78.0
2017-04-13,1295.0,1300.0,1295.0,1300.0,72.0
2017-04-14,1300.0,1300.0,1265.0,1278.0,267.0
2017-04-17,1299.0,1324.0,1286.0,1300.0,854.0
2017-04-18,1320.0,1349.0,1303.0,1303.0,130.0
2017-04-19,1305.0,1306.0,1305.0,1306.0,89.0
2017-04-20,1345.0,1345.0,1325.0,1340.0,651.0
2017-04-21,1344.0,1350.0,1331.0,1350.0,1121.0
2017-04-24,1400.0,1400.0,1350.0,1388.0,267.0
2017-04-25,1350.0,1350.0,1350.0,1350.0,250.0
2017-04-26,1341.0,1359.0,1341.0,1359.0,1720.0
2017-04-27,1341.0,1370.0,1320.0,1360.0,8754.0
2017-04-28,1369.0,1396.0,1366.0,1366.0,4304.0
2017-05-02,1366.0,1393.0,1343.0,1343.0,113.0
2017-05-03,1395.0,1430.0,1393.0,1403.0,1809.0
2017-05-04,1403.0,1403.0,1403.0,1403.0,1171.0
2017-05-05,1400.0,1400.0,1385.0,1399.0,704.0
2017-05-08,1444.0,1444.0,1385.0,1385.0,225.0
2017-05-09,1395.0,1400.0,1395.0,1400.0,1257.0
2017-05-10,1400.0,1440.0,1400.0,1440.0,6360.0
2017-05-11,1442.0,1450.0,1425.0,1425.0,223.0
2017-05-12,1447.0,1454.0,1420.0,1420.0,825.0
2017-05-15,1449.0,1475.0,1449.0,1475.0,3552.0
2017-05-16,1474.0,1499.0,1420.0,1420.0,1980.0
2017-05-17,1458.0,1459.0,1458.0,1459.0,42.0
2017-05-18,1472.0,1472.0,1472.0,1472.0,10.0
2017-05-23,1468.0,1468.0,1400.0,1444.0,717.0
2017-05-24,1458.0,1458.0,1430.0,1430.0,15.0
2017-05-25,1444.0,1460.0,1444.0,1460.0,738.0
2017-05-26,1420.0,1470.0,1420.0,1470.0,797.0
2017-05-29,1468.0,1470.0,1468.0,1470.0,527.0
2017-05-30,1451.0,1471.0,1430.0,1430.0,541.0
2017-05-31,1450.0,1460.0,1450.0,1460.0,6592.0
2017-06-01,1465.0,1465.0,1425.0,1426.0,391.0
2017-06-02,1435.0,1455.0,1435.0,1455.0,8763.0
2017-06-06,1450.0,1450.0,1450.0,1450.0,1500.0
2017-06-07,1450.0,1468.0,1450.0,1455.0,19055.0
2017-06-08,1455.0,1497.0,1455.0,1460.0,21021.0
2017-06-09,1500.0,1500.0,1500.0,1500.0,400.0
2017-06-12,1461.0,1500.0,1461.0,1500.0,7965.0
2017-06-13,1507.0,1509.0,1477.0,1483.0,543.0
2017-06-14,1490.0,1500.0,1490.0,1500.0,436.0
2017-06-15,1500.0,1500.0,1500.0,1500.0,47196.0
2017-06-16,1441.0,1488.0,1441.0,1450.0,46862.0
2017-06-19,1459.0,1460.0,1459.0,1460.0,22.0
2017-06-20,1460.0,1461.0,1455.0,1461.0,12922.0
2017-06-21,1440.0,1470.0,1431.0,1432.0,38.0
2017-06-22,1455.0,1467.0,1455.0,1467.0,10012.0
2017-06-23,1467.0,1507.0,1467.0,1500.0,4200.0
2017-06-28,1506.0,1507.0,1506.0,1507.0,15.0
2017-06-29,1500.0,1590.0,1500.0,1578.0,7123.0
2017-06-30,1545.0,1570.0,1544.0,1570.0,1633.0
2017-07-03,1570.0,1580.0,1570.0,1580.0,126.0
2017-07-06,1563.0,1596.0,1563.0,1596.0,9244.0
2017-07-07,1570.0,1650.0,1570.0,1650.0,2757.0
2017-07-11,1649.0,1649.0,1649.0,1649.0,276.0
2017-07-12,1630.0,1647.0,1630.0,1647.0,4946.0
2017-07-13,1627.0,1630.0,1627.0,1628.0,543.0
2017-07-14,1630.0,1640.0,1600.0,1600.0,3232.0
2017-07-17,1593.0,1610.0,1593.0,1600.0,14.0
2017-07-18,1636.0,1636.0,1575.0,1575.0,1246.0
2017-07-19,1620.0,1620.0,1585.0,1606.0,4629.0
2017-07-20,1585.0,1590.0,1585.0,1590.0,4019.0
2017-07-21,1579.0,1585.0,1579.0,1580.0,2009.0
2017-07-25,1580.0,1580.0,1571.0,1571.0,460.0
2017-07-26,1580.0,1590.0,1580.0,1590.0,3771.0
2017-07-27,1585.0,1585.0,1585.0,1585.0,2000.0
2017-07-28,1565.0,1565.0,1565.0,1565.0,2327.0
2017-07-31,1566.0,1590.0,1532.0,1585.0,429.0
2017-08-01,1583.0,1583.0,1540.0,1582.0,1185.0
2017-08-02,1538.0,1541.0,1536.0,1541.0,12.0
2017-08-03,1560.0,1560.0,1560.0,1560.0,1178.0
2017-08-04,1580.0,1580.0,1580.0,1580.0,191.0
2017-08-07,1579.0,1580.0,1579.0,1580.0,8.0
2017-08-08,1550.0,1587.0,1550.0,1587.0,3183.0
2017-08-09,1560.0,1565.0,1560.0,1560.0,13.0
2017-08-10,1550.0,1550.0,1541.0,1543.0,383.0
2017-08-11,1543.0,1599.0,1543.0,1599.0,1432.0
2017-08-15,1595.0,1595.0,1595.0,1595.0,5.0
2017-08-16,1598.0,1606.0,1598.0,1602.0,2886.0
2017-08-17,1615.0,1649.0,1606.0,1649.0,2396.0
2017-08-18,1620.0,1640.0,1620.0,1620.0,1610.0
2017-08-22,1625.0,1638.0,1625.0,1638.0,17.0
2017-08-23,1646.0,1646.0,1612.0,1612.0,48.0
2017-08-25,1633.0,1635.0,1633.0,1635.0,5000.0
2017-08-28,1640.0,1640.0,1640.0,1640.0,1060.0
2017-08-30,1650.0,1650.0,1650.0,1650.0,7.0
2017-08-31,1648.0,1700.0,1645.0,1700.0,9575.0
2017-09-04,1700.0,1700.0,1655.0,1660.0,58.0
2017-09-05,1661.0,1661.0,1661.0,1661.0,10.0
2017-09-07,1699.0,1700.0,1699.0,1700.0,1525.0
2017-09-08,1732.0,1740.0,1715.0,1740.0,1017.0
2017-09-12,1738.0,1750.0,1738.0,1750.0,1439.0
2017-09-13,1765.0,1778.0,1750.0,1750.0,40.0
2017-09-14,1750.0,1750.0,1750.0,1750.0,2611.0
2017-09-15,1727.0,1750.0,1725.0,1748.0,1769.0
2017-09-18,1717.0,1717.0,1700.0,1700.0,2715.0
2017-09-19,1700.0,1700.0,1651.0,1661.0,1291.0
2017-09-20,1694.0,1694.0,1694.0,1694.0,1.0
2017-09-21,1689.0,1727.0,1655.0,1727.0,1023.0
2017-09-25,1689.0,1737.0,1650.0,1650.0,1342.0
2017-09-28,1660.0,1681.0,1660.0,1681.0,1979.0
2017-09-29,1681.0,1681.0,1660.0,1660.0,3860.0
2017-10-02,1657.0,1660.0,1620.0,1660.0,201.0
2017-10-03,1655.0,1660.0,1655.0,1660.0,474.0
2017-10-04,1662.0,1727.0,1661.0,1720.0,865.0
2017-10-05,1705.0,1705.0,1705.0,1705.0,25.0
2017-10-06,1705.0,1715.0,1700.0,1715.0,297.0
2017-10-09,1727.0,1727.0,1709.0,1709.0,29.0
2017-10-10,1710.0,1733.0,1710.0,1733.0,664.0
2017-10-11,1720.0,1743.0,1720.0,1743.0,141.0
2017-10-12,1732.0,1734.0,1732.0,1732.0,453.0
2017-10-13,1720.0,1720.0,1720.0,1720.0,1150.0
2017-10-17,1741.0,1745.0,1730.0,1745.0,127.0
2017-10-18,1729.0,1729.0,1729.0,1729.0,20.0
2017-10-19,1730.0,1730.0,1720.0,1725.0,750.0
2017-10-20,1730.0,1730.0,1715.0,1721.0,3640.0
2017-10-23,1720.0,1720.0,1716.0,1716.0,1752.0
2017-10-24,1712.0,1712.0,1712.0,1712.0,275.0
2017-10-25,1720.0,1726.0,1720.0,1722.0,3505.0
2017-10-26,1722.0,1724.0,1722.0,1723.0,287.0
2017-10-27,1745.0,1745.0,1730.0,1730.0,7623.0
2017-10-30,1723.0,1745.0,1723.0,1745.0,51.0
2017-10-31,1745.0,1750.0,1745.0,1750.0,2555.0
2017-11-01,1750.0,1750.0,1750.0,1750.0,51.0
2017-11-02,1750.0,1760.0,1750.0,1760.0,3910.0
2017-11-03,1750.0,1751.0,1730.0,1730.0,1424.0
2017-11-07,1763.0,1763.0,1732.0,1732.0,51.0
2017-11-08,1751.0,1751.0,1751.0,1751.0,1.0
2017-11-10,1750.0,1810.0,1750.0,1810.0,26357.0
2017-11-13,1850.0,1850.0,1850.0,1850.0,500.0
2017-11-15,1771.0,1899.0,1771.0,1850.0,6607.0
2017-11-16,1836.0,1836.0,1800.0,1800.0,35.0
2017-11-17,1825.0,1825.0,1825.0,1825.0,300.0
2017-11-20,1830.0,1875.0,1825.0,1825.0,731.0
2017-11-21,1878.0,1879.0,1878.0,1879.0,10.0
2017-11-22,1869.0,1890.0,1869.0,1890.0,1510.0
2017-11-24,1825.0,1825.0,1825.0,1825.0,500.0
2017-11-29,1816.0,1864.0,1810.0,1864.0,13950.0
2017-11-30,1850.0,1850.0,1811.0,1811.0,9140.0
2017-12-04,1801.0,1801.0,1801.0,1801.0,500.0
2017-12-05,1802.0,1802.0,1802.0,1802.0,5.0
2017-12-06,1840.0,1840.0,1808.0,1839.0,4064.0
2017-12-07,1786.0,1786.0,1786.0,1786.0,100.0
2017-12-08,1795.0,1847.0,1750.0,1847.0,124.0
2017-12-11,1845.0,1845.0,1845.0,1845.0,8.0
2017-12-12,1800.0,1842.0,1800.0,1800.0,13666.0
2017-12-13,1835.0,1835.0,1835.0,1835.0,497.0
2017-12-14,1834.0,1834.0,1834.0,1834.0,460.0
2017-12-15,1834.0,1850.0,1805.0,1850.0,3273.0
2017-12-18,1808.0,1850.0,1808.0,1850.0,36.0
2017-12-19,1850.0,1850.0,1850.0,1850.0,12.0
2017-12-20,1849.0,1850.0,1849.0,1850.0,50.0
2017-12-21,1819.0,1820.0,1819.0,1820.0,40.0
2017-12-22,1818.0,1820.0,1780.0,1820.0,14128.0
2017-12-25,1828.0,1828.0,1828.0,1828.0,1000.0
2017-12-26,1820.0,1820.0,1820.0,1820.0,1514.0
2017-12-27,1814.0,1814.0,1814.0,1814.0,20.0
2017-12-28,1800.0,1815.0,1800.0,1815.0,15807.0
2017-12-29,1810.0,1810.0,1803.0,1810.0,1365.0
2018-01-02,1800.0,1800.0,1800.0,1800.0,108.0
2018-01-03,1820.0,1847.0,1820.0,1847.0,681.0
2018-01-04,1801.0,1801.0,1800.0,1800.0,3.0
2018-01-05,1805.0,1830.0,1800.0,1830.0,749.0
2018-01-08,1800.0,1800.0,1800.0,1800.0,17.0
2018-01-09,1800.0,1829.0,1800.0,1820.0,4086.0
2018-01-10,1830.0,1850.0,1830.0,1850.0,2318.0
2018-01-12,1850.0,1940.0,1850.0,1940.0,2602.0
2018-01-15,1935.0,1935.0,1900.0,1934.0,6552.0
2018-01-16,1930.0,1930.0,1900.0,1900.0,6570.0
2018-01-17,1860.0,1901.0,1860.0,1901.0,70.0
2018-01-18,1867.0,1870.0,1867.0,1870.0,229.0
2018-01-19,1871.0,1907.0,1870.0,1907.0,1010.0
2018-01-22,1872.0,1925.0,1872.0,1914.0,820.0
2018-01-23,1900.0,1900.0,1883.0,1900.0,71.0
2018-01-24,1887.0,1927.0,1887.0,1900.0,3641.0
2018-01-25,1911.0,1930.0,1900.0,1905.0,4178.0
2018-01-26,1906.0,1932.0,1905.0,1910.0,1480.0
2018-01-29,1901.0,1902.0,1900.0,1902.0,498.0
2018-02-01,1902.0,1923.0,1902.0,1920.0,27002.0
2018-02-02,1912.0,1996.0,1912.0,1940.0,27285.0
2018-02-05,1920.0,1920.0,1920.0,1920.0,4.0
2018-02-06,1958.0,1958.0,1922.0,1940.0,2507.0
2018-02-07,1922.0,1922.0,1922.0,1922.0,142.0
2018-02-08,1921.0,1930.0,1921.0,1930.0,1220.0
2018-02-09,1926.0,1949.0,1922.0,1940.0,4723.0
2018-02-12,1940.0,1940.0,1930.0,1930.0,1148.0
2018-02-13,1925.0,1925.0,1925.0,1925.0,50.0
2018-02-14,1917.0,1917.0,1917.0,1917.0,1.0
2018-02-15,1920.0,1920.0,1916.0,1916.0,151.0
2018-02-16,1925.0,1940.0,1925.0,1940.0,5091.0
2018-02-19,1930.0,1930.0,1926.0,1926.0,6201.0
2018-02-20,1935.0,1938.0,1935.0,1938.0,760.0
2018-02-21,1922.0,1922.0,1922.0,1922.0,100.0
2018-02-22,1925.0,1931.0,1925.0,1931.0,406.0
2018-02-23,1935.0,1935.0,1935.0,1935.0,428.0
2018-02-26,1935.0,1935.0,1935.0,1935.0,10.0
2018-02-27,1935.0,1935.0,1935.0,1935.0,104.0
2018-02-28,1922.0,1922.0,1922.0,1922.0,441.0
2018-03-01,1936.0,1939.0,1930.0,1939.0,2147.0
2018-03-02,1939.0,1943.0,1939.0,1943.0,701.0
2018-03-05,1935.0,1935.0,1930.0,1930.0,3430.0
2018-03-06,1935.0,1935.0,1935.0,1935.0,745.0
2018-03-07,1935.0,1935.0,1934.0,1934.0,51.0
2018-03-09,1934.0,1934.0,1930.0,1930.0,198.0
2018-03-12,1900.0,1900.0,1841.0,1841.0,325.0
2018-03-13,1853.0,1862.0,1853.0,1862.0,78.0
2018-03-14,1898.0,1898.0,1862.0,1862.0,49.0
2018-03-15,1877.0,1877.0,1875.0,1876.0,424.0
2018-03-16,1930.0,1930.0,1930.0,1930.0,150.0
2018-03-20,1900.0,1900.0,1900.0,1900.0,307.0
2018-03-21,1923.0,1923.0,1890.0,1890.0,109.0
2018-03-23,1870.0,1910.0,1827.0,1910.0,787.0
2018-03-27,1918.0,1918.0,1862.0,1880.0,2664.0
2018-03-28,1900.0,1927.0,1900.0,1927.0,1020.0
2018-03-29,1880.0,1880.0,1834.0,1845.0,22760.0
2018-03-30,1845.0,1850.0,1843.0,1843.0,4581.0
2018-04-02,1843.0,1845.0,1843.0,1843.0,6129.0
2018-04-03,1850.0,1850.0,1843.0,1850.0,3433.0
2018-04-04,1850.0,1850.0,1850.0,1850.0,53.0
2018-04-05,1868.0,1870.0,1868.0,1870.0,174.0
2018-04-06,1870.0,1870.0,1870.0,1870.0,1100.0
2018-04-09,1850.0,1850.0,1850.0,1850.0,2904.0
2018-04-10,1870.0,1870.0,1870.0,1870.0,2047.0
2018-04-11,1860.0,1860.0,1860.0,1860.0,1000.0
2018-04-12,1860.0,1898.0,1805.0,1880.0,1686.0
2018-04-13,1850.0,1880.0,1850.0,1880.0,1016.0
2018-04-17,1880.0,1880.0,1880.0,1880.0,41.0
2018-04-18,1860.0,1875.0,1860.0,1865.0,1447.0
2018-04-19,1870.0,1889.0,1870.0,1889.0,521.0
2018-04-20,1855.0,1898.0,1855.0,1898.0,5582.0
2018-04-23,1860.0,1861.0,1860.0,1861.0,81.0
2018-04-24,1880.0,1880.0,1880.0,1880.0,2000.0
2018-04-25,1880.0,1882.0,1880.0,1882.0,997.0
2018-04-26,1880.0,1886.0,1880.0,1886.0,1471.0
2018-04-27,1890.0,1890.0,1882.0,1882.0,2629.0
2018-04-30,1870.0,1900.0,1870.0,1900.0,174.0
2018-05-02,1900.0,1900.0,1899.0,1899.0,174.0
2018-05-03,1885.0,1885.0,1885.0,1885.0,1000.0
2018-05-04,1890.0,1890.0,1890.0,1890.0,12.0
2018-05-08,1869.0,1869.0,1869.0,1869.0,165.0
2018-05-09,1872.0,1875.0,1870.0,1875.0,16279.0
2018-05-10,1875.0,1875.0,1869.0,1869.0,21450.0
2018-05-11,1870.0,1870.0,1702.0,1702.0,571.0
2018-05-14,1703.0,1870.0,1703.0,1838.0,791.0
2018-05-15,1782.0,1847.0,1780.0,1838.0,489.0
2018-05-16,1785.0,1785.0,1750.0,1770.0,5995.0
2018-05-17,1750.0,1750.0,1719.0,1749.0,510.0
2018-05-18,1740.0,1740.0,1703.0,1740.0,552.0
2018-05-21,1691.0,1691.0,1691.0,1691.0,358.0
2018-05-22,1692.0,1700.0,1660.0,1700.0,241.0
2018-05-23,1700.0,1700.0,1700.0,1700.0,110.0
2018-05-24,1700.0,1700.0,1699.0,1699.0,2708.0
2018-05-29,1664.0,1683.0,1664.0,1683.0,300.0
2018-05-30,1670.0,1670.0,1600.0,1600.0,485.0
2018-05-31,1600.0,1634.0,1575.0,1575.0,5206.0
2018-06-01,1575.0,1575.0,1418.0,1418.0,7409.0
2018-06-04,1311.0,1312.0,1277.0,1277.0,901.0
2018-06-05,1180.0,1246.0,1165.0,1181.0,8594.0
2018-06-06,1181.0,1250.0,1125.0,1220.0,10342.0
2018-06-07,1220.0,1236.0,1218.0,1236.0,10154.0
2018-06-08,1301.0,1301.0,1275.0,1299.0,13205.0
2018-06-11,1320.0,1320.0,1319.0,1319.0,5.0
2018-06-12,1357.0,1359.0,1295.0,1295.0,10898.0
2018-06-13,1333.0,1333.0,1249.0,1250.0,4738.0
2018-06-14,1250.0,1250.0,1200.0,1200.0,5412.0
2018-06-18,1240.0,1240.0,1185.0,1240.0,1805.0
2018-06-19,1240.0,1240.0,1211.0,1211.0,49238.0
2018-06-20,1165.0,1167.0,1165.0,1165.0,9106.0
2018-06-21,1151.0,1151.0,1150.0,1150.0,454.0
2018-06-22,1152.0,1152.0,1146.0,1151.0,716.0
2018-06-25,1152.0,1152.0,1140.0,1140.0,136.0
2018-06-26,1140.0,1150.0,1140.0,1150.0,2985.0
2018-06-27,1131.0,1146.0,1125.0,1130.0,24702.0
2018-06-28,1125.0,1125.0,1107.0,1110.0,241.0
2018-06-29,1111.0,1120.0,1100.0,1100.0,4723.0
2018-07-02,1100.0,1110.0,1050.0,1050.0,373.0
2018-07-03,1050.0,1050.0,990.0,990.0,3506.0
2018-07-04,991.0,992.0,990.0,990.0,296.0
2018-07-05,999.0,1048.0,990.0,1017.0,7442.0
2018-07-06,1065.0,1065.0,1065.0,1065.0,1446.0
2018-07-09,1096.0,1100.0,1096.0,1100.0,29.0
2018-07-10,1121.0,1121.0,1120.0,1120.0,21.0
2018-07-11,1135.0,1135.0,1075.0,1075.0,943.0
2018-07-12,1100.0,1100.0,1075.0,1075.0,1668.0
2018-07-13,1076.0,1076.0,1036.0,1041.0,4067.0
2018-07-17,1021.0,1041.0,1020.0,1041.0,1258.0
2018-07-18,1022.0,1030.0,1010.0,1010.0,1205.0
2018-07-19,1040.0,1049.0,1025.0,1032.0,1404.0
2018-07-20,1062.0,1062.0,1059.0,1059.0,44.0
2018-07-23,1032.0,1060.0,1032.0,1060.0,59.0
2018-07-24,1088.0,1088.0,1088.0,1088.0,18.0
2018-07-25,1088.0,1088.0,1088.0,1088.0,626.0
2018-07-26,1091.0,1153.0,1091.0,1153.0,715.0
2018-07-27,1190.0,1244.0,1190.0,1200.0,1252.0
2018-07-31,1250.0,1253.0,1191.0,1192.0,811.0
2018-08-02,1235.0,1240.0,1195.0,1240.0,5661.0
2018-08-03,1249.0,1249.0,1195.0,1216.0,3080.0
2018-08-06,1230.0,1249.0,1230.0,1249.0,33.0
2018-08-07,1250.0,1283.0,1250.0,1261.0,93.0
2018-08-08,1280.0,1292.0,1264.0,1264.0,203.0
2018-08-09,1292.0,1295.0,1292.0,1295.0,28.0
2018-08-10,1266.0,1305.0,1250.0,1250.0,5454.0
2018-08-13,1299.0,1299.0,1272.0,1272.0,11.0
2018-08-15,1295.0,1299.0,1270.0,1280.0,154.0
2018-08-16,1285.0,1300.0,1270.0,1270.0,1197.0
2018-08-17,1298.0,1298.0,1240.0,1240.0,508.0
2018-08-24,1277.0,1277.0,1277.0,1277.0,4.0
2018-08-27,1244.0,1250.0,1244.0,1245.0,123.0
2018-08-28,1270.0,1276.0,1246.0,1246.0,183.0
2018-08-29,1269.0,1338.0,1255.0,1283.0,1624.0
2018-08-30,1290.0,1310.0,1290.0,1310.0,16.0
2018-08-31,1290.0,1330.0,1281.0,1291.0,1146.0
2018-09-03,1282.0,1282.0,1265.0,1270.0,1129.0
2018-09-04,1254.0,1270.0,1240.0,1254.0,287.0
2018-09-06,1261.0,1261.0,1200.0,1220.0,5769.0
2018-09-07,1249.0,1249.0,1150.0,1150.0,6780.0
2018-09-10,1170.0,1170.0,1170.0,1170.0,24.0
2018-09-12,1140.0,1210.0,1140.0,1140.0,1271.0
2018-09-13,1131.0,1150.0,1130.0,1141.0,5923.0
2018-09-14,1155.0,1200.0,1139.0,1200.0,2053.0
2018-09-17,1235.0,1239.0,1155.0,1190.0,1525.0
2018-09-18,1190.0,1199.0,1185.0,1199.0,616.0
2018-09-19,1200.0,1200.0,1170.0,1170.0,1241.0
2018-09-20,1199.0,1200.0,1175.0,1175.0,105.0
2018-09-21,1181.0,1200.0,1170.0,1170.0,1135.0
2018-09-24,1200.0,1200.0,1200.0,1200.0,94.0
2018-09-25,1199.0,1237.0,1198.0,1237.0,1061.0
2018-09-26,1200.0,1200.0,1190.0,1200.0,172.0
2018-09-27,1195.0,1195.0,1149.0,1161.0,2128.0
2018-09-28,1189.0,1189.0,1103.0,1103.0,2111.0
2018-10-01,1123.0,1123.0,1110.0,1110.0,166.0
2018-10-03,1172.0,1172.0,1150.0,1150.0,187.0
2018-10-04,1160.0,1160.0,1130.0,1140.0,49.0
2018-10-05,1141.0,1170.0,1130.0,1130.0,1057.0
2018-10-08,1130.0,1130.0,1130.0,1130.0,7.0
2018-10-09,1130.0,1130.0,1128.0,1128.0,34.0
2018-10-10,1128.0,1128.0,1126.0,1126.0,59.0
2018-10-12,1122.0,1126.0,1117.0,1125.0,508.0
2018-10-15,1145.0,1145.0,1131.0,1131.0,115.0
2018-10-16,1122.0,1125.0,1122.0,1125.0,363.0
2018-10-17,1121.0,1121.0,1105.0,1105.0,126.0
2018-10-18,1150.0,1150.0,1140.0,1140.0,5035.0
2018-10-19,1149.0,1150.0,1100.0,1100.0,684.0
2018-10-22,1110.0,1110.0,1101.0,1105.0,40.0
2018-10-23,1110.0,1110.0,1110.0,1110.0,21.0
2018-10-24,1143.0,1143.0,1106.0,1106.0,10672.0
2018-10-26,1107.0,1107.0,1090.0,1090.0,178.0
2018-10-30,1090.0,1090.0,1051.0,1051.0,60.0
2018-10-31,1030.0,1030.0,1030.0,1030.0,24.0
2018-11-01,1030.0,1031.0,1001.0,1010.0,686.0
2018-11-02,1020.0,1020.0,999.0,999.0,1041.0
2018-11-05,1000.0,1000.0,1000.0,1000.0,151.0
2018-11-07,973.0,973.0,973.0,973.0,11.0
2018-11-08,982.0,999.0,980.0,990.0,1541.0
2018-11-09,1017.0,1048.0,1017.0,1020.0,4507.0
2018-11-12,1020.0,1020.0,1020.0,1020.0,4.0
2018-11-13,1012.0,1012.0,1000.0,1000.0,2147.0
2018-11-14,1028.0,1028.0,1000.0,1000.0,11083.0
2018-11-15,1001.0,1001.0,990.0,990.0,992.0
2018-11-16,990.0,991.0,989.0,989.0,728.0
2018-11-19,990.0,1000.0,989.0,1000.0,347.0
2018-11-22,1000.0,1000.0,962.0,962.0,179.0
2018-11-23,970.0,970.0,968.0,968.0,49.0
2018-11-26,997.0,1005.0,970.0,970.0,172.0
2018-11-27,982.0,1010.0,982.0,1005.0,76.0
2018-11-28,991.0,1006.0,991.0,1006.0,234.0
2018-11-29,1028.0,1030.0,1028.0,1030.0,4.0
2018-11-30,1012.0,1060.0,1012.0,1060.0,2024.0
2018-12-04,1059.0,1091.0,1033.0,1091.0,91.0
2018-12-05,1090.0,1145.0,1090.0,1120.0,1729.0
2018-12-06,1145.0,1145.0,1115.0,1125.0,715.0
2018-12-07,1145.0,1145.0,1120.0,1126.0,6239.0
2018-12-10,1121.0,1121.0,1082.0,1082.0,12687.0
2018-12-11,1100.0,1126.0,1075.0,1075.0,30801.0
2018-12-12,1137.0,1137.0,1075.0,1075.0,154.0
2018-12-13,1061.0,1063.0,1060.0,1063.0,136.0
2018-12-14,1080.0,1081.0,1080.0,1080.0,1055.0
2018-12-17,1081.0,1081.0,1071.0,1080.0,3165.0
2018-12-18,1080.0,1090.0,1071.0,1071.0,4080.0
2018-12-19,1071.0,1071.0,1050.0,1050.0,223.0
2018-12-20,1050.0,1060.0,1030.0,1030.0,59.0
2018-12-21,1050.0,1070.0,1050.0,1070.0,2566.0
2018-12-24,1040.0,1040.0,1040.0,1040.0,644.0
2018-12-25,1041.0,1041.0,1040.0,1040.0,2294.0
2018-12-26,1040.0,1090.0,1040.0,1090.0,11866.0
2018-12-27,1095.0,1095.0,1095.0,1095.0,3003.0
2018-12-28,1046.0,1047.0,990.0,990.0,1575.0
2018-12-31,1019.0,1019.0,920.0,920.0,403.0
2019-01-02,950.0,997.90002,950.0,997.0,69.0
2019-01-03,997.0,1026.0,997.0,1026.0,35.0
2019-01-04,940.0,940.0,940.0,940.0,657.0
2019-01-07,994.0,994.0,948.0,952.0,119.0
2019-01-08,980.0,980.0,980.0,980.0,2.0
2019-01-09,970.0,975.0,960.0,960.0,164.0
2019-01-10,960.0,975.0,960.0,975.0,34.0
2019-01-14,975.0,975.0,974.90002,974.90002,35.0
2019-01-15,974.79999,974.90002,974.79999,974.79999,4.0
2019-01-16,974.90002,984.59998,974.0,984.59998,42.0
2019-01-17,970.0,1002.0,970.0,1002.0,2393.0
2019-01-18,1014.0,1069.0,1014.0,1021.0,4921.0
2019-01-21,1064.0,1064.0,1010.0,1010.0,45.0
2019-01-23,1060.0,1060.0,1045.0,1045.0,415.0
2019-01-24,1060.0,1080.0,1060.0,1080.0,2551.0
2019-01-25,1098.0,1147.0,1098.0,1100.0,9955.0
2019-01-28,1072.0,1140.0,1071.0,1140.0,9.0
2019-01-29,1073.0,1142.0,1073.0,1120.0,5016.0
2019-01-30,1130.0,1130.0,1101.0,1101.0,205.0
2019-01-31,1100.0,1100.0,1100.0,1100.0,2451.0
2019-02-01,1081.0,1120.0,1081.0,1090.0,6808.0
2019-02-04,1090.0,1090.0,1090.0,1090.0,1475.0
2019-02-05,1090.0,1100.0,1090.0,1091.0,7231.0
2019-02-06,1119.0,1119.0,1119.0,1119.0,5.0
2019-02-07,1115.0,1116.0,1115.0,1116.0,40.0
2019-02-08,1118.0,1135.0,1100.0,1100.0,1010.0
2019-02-11,1082.0,1082.0,1082.0,1082.0,21.0
2019-02-12,1100.0,1101.0,1100.0,1101.0,3025.0
2019-02-13,1100.0,1129.0,1100.0,1100.0,3550.0
2019-02-14,1100.0,1100.0,1061.0,1100.0,1164.0
2019-02-15,1100.0,1209.0,1100.0,1169.0,9968.0
2019-02-18,1196.0,1196.0,1160.0,1190.0,8374.0
2019-02-19,1193.0,1194.0,1164.0,1190.0,147.0
2019-02-20,1190.0,1198.0,1170.0,1170.0,211.0
2019-02-21,1185.0,1190.0,1170.0,1188.0,3303.0
2019-02-22,1175.0,1175.0,1150.0,1150.0,3299.0
2019-02-27,1177.0,1177.0,1177.0,1177.0,1.0
2019-02-28,1140.0,1140.0,1140.0,1140.0,1528.0
2019-03-01,1150.0,1153.0,1150.0,1153.0,1386.0
2019-03-04,1126.0,1126.0,1126.0,1126.0,3.0
2019-03-05,1132.0,1155.0,1132.0,1155.0,585.0
2019-03-06,1126.0,1165.0,1123.0,1150.0,826.0
2019-03-07,1158.0,1158.0,1140.0,1150.0,1822.0
2019-03-08,1145.0,1150.0,1145.0,1145.0,236.0
2019-03-11,1155.0,1155.0,1155.0,1155.0,19.0
2019-03-12,1140.0,1140.0,1140.0,1140.0,5.0
2019-03-14,1133.0,1133.0,1120.0,1130.0,3148.0
2019-03-15,1117.0,1130.0,1116.0,1130.0,4438.0
2019-03-18,1149.0,1154.0,1149.0,1153.0,18.0
2019-03-19,1135.0,1150.0,1135.0,1135.0,1496.0
2019-03-21,1121.0,1123.0,1120.0,1123.0,267.0
2019-03-22,1135.0,1135.0,1121.0,1130.0,3173.0
2019-03-26,1130.0,1130.0,1130.0,1130.0,123.0
2019-03-27,1155.0,1160.0,1134.0,1134.0,172.0
2019-03-28,1089.0,1130.0,1070.0,1115.0,5414.0
2019-03-29,1138.0,1138.0,1082.0,1100.0,5058.0
2019-04-01,1100.0,1122.0,1100.0,1122.0,21.0
2019-04-02,1100.0,1100.0,1100.0,1100.0,611.0
2019-04-03,1101.0,1101.0,1101.0,1101.0,40.0
2019-04-05,1125.0,1125.0,1100.0,1100.0,190.0
2019-04-08,1096.0,1124.0,1096.0,1124.0,57.0
2019-04-09,1086.0,1101.0,1086.0,1101.0,304.0
2019-04-10,1100.0,1115.0,1100.0,1115.0,135.0
2019-04-11,1087.0,1100.0,1085.0,1090.0,766.0
2019-04-12,1100.0,1125.0,1100.0,1100.0,11022.0
2019-04-15,1100.0,1101.0,1100.0,1100.0,52.0
2019-04-16,1130.0,1140.0,1125.0,1140.0,993.0
2019-04-17,1137.0,1137.0,1137.0,1137.0,3.0
2019-04-18,1138.0,1138.0,1138.0,1138.0,5.0
2019-04-19,1133.0,1140.0,1133.0,1140.0,8924.0
2019-04-22,1140.0,1150.0,1140.0,1149.0,121.0
2019-04-23,1136.0,1136.0,1135.0,1135.0,95.0
2019-04-24,1147.0,1147.0,1147.0,1147.0,1.0
2019-04-25,1104.0,1145.0,1104.0,1145.0,16.0
2019-04-26,1104.0,1106.0,1104.0,1106.0,302.0
2019-04-30,1140.0,1140.0,1108.0,1108.0,5.0
2019-05-02,1110.0,1150.0,1110.0,1140.0,10696.0
2019-05-03,1122.0,1122.0,1122.0,1122.0,11.0
2019-05-06,1148.0,1148.0,1148.0,1148.0,2.0
2019-05-08,1149.0,1150.0,1130.0,1130.0,175.0
2019-05-09,1145.0,1196.0,1131.0,1196.0,496.0
2019-05-13,1150.0,1150.0,1150.0,1150.0,116.0
2019-05-14,1160.0,1186.0,1160.0,1186.0,3401.0
2019-05-15,1150.0,1179.0,1150.0,1179.0,51.0
2019-05-16,1153.0,1179.0,1150.0,1178.0,287.0
2019-05-17,1169.0,1169.0,1150.0,1154.0,184.0
2019-05-20,1181.0,1181.0,1181.0,1181.0,6.0
2019-05-21,1170.0,1170.0,1112.0,1112.0,87.0
2019-05-22,1120.0,1120.0,1120.0,1120.0,10.0
2019-05-24,1167.0,1167.0,1133.0,1150.0,856.0
2019-05-27,1137.0,1137.0,1137.0,1137.0,10.0
2019-05-28,1140.0,1170.0,1140.0,1170.0,1246.0
2019-05-30,1177.0,1177.0,1177.0,1177.0,26.0
2019-05-31,1152.0,1154.0,1150.0,1154.0,532.0
2019-06-04,1161.0,1161.0,1158.0,1161.0,748.0
2019-06-10,1179.0,1179.0,1179.0,1179.0,18.0
2019-06-13,1194.0,1197.0,1194.0,1196.0,94.0
2019-06-14,1195.0,1213.0,1195.0,1205.0,4788.0
2019-06-17,1210.0,1220.0,1205.0,1210.0,80704.0
2019-06-18,1147.0,1151.0,1147.0,1151.0,80004.0
2019-06-19,1155.0,1169.0,1153.0,1169.0,83.0
2019-06-21,1157.0,1200.0,1121.0,1200.0,662.0
2019-06-25,1159.0,1185.0,1159.0,1185.0,103.0
2019-06-26,1185.0,1186.0,1185.0,1185.0,266.0
2019-06-27,1175.0,1185.0,1175.0,1182.0,7141.0
2019-06-28,1180.0,1181.0,1180.0,1181.0,5099.0
2019-07-01,1180.0,1181.0,1180.0,1180.0,1022.0
2019-07-02,1180.0,1180.0,1127.0,1180.0,568.0
2019-07-03,1144.0,1190.0,1144.0,1190.0,4091.0
2019-07-05,1189.0,1191.0,1189.0,1191.0,170.0
2019-07-09,1180.0,1190.0,1180.0,1190.0,3628.0
2019-07-10,1190.0,1190.0,1190.0,1190.0,5012.0
2019-07-11,1190.0,1200.0,1160.0,1190.0,284.0
2019-07-12,1190.0,1210.0,1190.0,1210.0,5143.0
2019-07-15,1195.0,1195.0,1186.0,1195.0,29.0
2019-07-16,1199.0,1200.0,1198.0,1200.0,312.0
2019-07-17,1210.0,1277.0,1210.0,1260.0,2581.0
2019-07-18,1238.0,1260.0,1238.0,1240.0,1665.0
2019-07-19,1258.0,1265.0,1240.0,1240.0,2028.0
2019-07-22,1242.0,1242.0,1242.0,1242.0,10.0
2019-07-23,1242.0,1242.0,1240.0,1240.0,50.0
2019-07-24,1262.0,1262.0,1262.0,1262.0,80.0
2019-07-25,1249.0,1249.0,1249.0,1249.0,340.0
2019-07-26,1241.0,1300.0,1241.0,1300.0,7900.0
2019-07-29,1262.0,1315.0,1262.0,1315.0,100.0
2019-07-31,1315.0,1348.0,1315.0,1336.0,973.0
2019-08-01,1349.0,1349.0,1340.0,1340.0,192.0
2019-08-02,1339.0,1339.0,1260.0,1260.0,1289.0
2019-08-05,1290.0,1335.0,1290.0,1295.0,601.0
2019-08-06,1300.0,1300.0,1300.0,1300.0,20.0
2019-08-07,1280.0,1310.0,1273.0,1310.0,2021.0
2019-08-08,1281.0,1281.0,1281.0,1281.0,6.0
2019-08-09,1255.0,1260.0,1200.0,1204.0,2358.0
2019-08-15,1204.0,1210.0,1200.0,1200.0,115.0
2019-08-16,1200.0,1200.0,1200.0,1200.0,100.0
2019-08-22,1201.0,1201.0,1200.0,1200.0,47.0
2019-08-23,1200.0,1230.0,1190.0,1201.0,456.0
2019-08-26,1201.0,1246.0,1200.0,1221.0,150.0
2019-08-27,1247.0,1285.0,1247.0,1285.0,3784.0
2019-08-28,1247.0,1247.0,1247.0,1247.0,300.0
2019-08-29,1241.0,1241.0,1239.0,1239.0,60.0
2019-08-30,1239.0,1239.0,1237.0,1237.0,302.0
2019-09-04,1225.0,1225.0,1225.0,1225.0,4.0
2019-09-05,1225.0,1225.0,1225.0,1225.0,35.0
2019-09-06,1215.0,1220.0,1205.0,1208.0,1757.0
2019-09-09,1211.0,1212.0,1208.0,1212.0,20026.0
2019-09-10,1215.0,1230.0,1215.0,1230.0,268.0
2019-09-12,1215.0,1215.0,1215.0,1215.0,42.0
2019-09-13,1215.0,1215.0,1215.0,1215.0,14.0
2019-09-16,1233.0,1250.0,1233.0,1250.0,1800.0
2019-09-17,1240.0,1240.0,1213.0,1213.0,293.0
2019-09-18,1213.0,1213.0,1115.0,1115.0,9699.0
2019-09-19,1124.0,1125.0,1068.0,1100.0,9454.0
2019-09-20,1093.0,1133.0,1080.0,1133.0,1756.0
2019-09-23,1128.0,1128.0,1103.0,1125.0,20.0
2019-09-25,1122.0,1122.0,1100.0,1100.0,127.0
2019-09-26,1092.0,1100.0,1092.0,1100.0,1087.0
2019-09-27,1093.0,1100.0,1092.0,1100.0,2137.0
2019-09-30,1130.0,1130.0,1130.0,1130.0,1.0
2019-10-01,1100.0,1100.0,1090.0,1095.0,500.0
2019-10-02,1092.0,1100.0,1091.0,1100.0,403.0
2019-10-03,1092.0,1100.0,1092.0,1095.0,16.0
2019-10-04,1092.0,1093.0,1050.0,1050.0,994.0
2019-10-07,1075.0,1090.0,1056.0,1056.0,2077.0
2019-10-08,1070.0,1088.0,1070.0,1080.0,180.0
2019-10-09,1070.0,1070.0,1070.0,1070.0,5.0
2019-10-10,1070.0,1070.0,1066.0,1070.0,160.0
2019-10-11,1070.0,1076.0,1067.0,1076.0,1557.0
2019-10-15,1080.0,1080.0,1080.0,1080.0,77.0
2019-10-16,1068.0,1070.0,1060.0,1060.0,86.0
2019-10-17,1099.0,1099.0,1099.0,1099.0,125.0
2019-10-21,1070.0,1070.0,1065.0,1065.0,42.0
2019-10-22,1095.0,1095.0,1065.0,1065.0,517.0
2019-10-24,1065.0,1065.0,1065.0,1065.0,4216.0
2019-10-25,1068.0,1068.0,1065.0,1065.0,1000.0
2019-10-28,1085.0,1085.0,1070.0,1070.0,4204.0
2019-10-29,1070.0,1070.0,1070.0,1070.0,10.0
2019-11-05,1075.0,1085.0,1060.0,1060.0,982.0
2019-11-07,1070.0,1070.0,1070.0,1070.0,1543.0
2019-11-08,1080.0,1080.0,1080.0,1080.0,59.0
2019-11-13,1080.0,1085.0,1080.0,1080.0,8581.0
2019-11-14,1080.0,1082.0,1080.0,1080.0,7315.0
2019-11-15,1080.0,1096.0,1080.0,1096.0,1099.0
2019-11-19,1080.0,1080.0,1080.0,1080.0,1.0
2019-11-20,1085.0,1085.0,1085.0,1085.0,912.0
2019-11-21,1110.0,1110.0,1091.0,1091.0,531.0
2019-11-22,1112.0,1135.0,1112.0,1135.0,2248.0
2019-11-25,1106.0,1118.0,1106.0,1117.0,232.0
2019-11-26,1106.0,1107.0,1095.0,1095.0,816.0
2019-11-27,1094.0,1097.0,1094.0,1095.0,1820.0
2019-11-28,1101.0,1101.0,1089.0,1090.0,150.0
2019-11-29,1091.0,1120.0,1090.0,1090.0,632.0
2019-12-02,1092.0,1092.0,1090.0,1090.0,14.0
2019-12-04,1100.0,1105.0,1100.0,1105.0,372.0
2019-12-05,1108.0,1110.0,1108.0,1110.0,73.0
2019-12-06,1118.0,1143.0,1111.0,1125.0,454.0
2019-12-10,1130.0,1149.0,1130.0,1149.0,429.0
2019-12-12,1130.0,1130.0,1130.0,1130.0,101.0
2019-12-13,1125.0,1125.0,1125.0,1125.0,10.0
2019-12-17,1125.0,1125.0,1108.0,1125.0,507.0
2019-12-18,1120.0,1120.0,1120.0,1120.0,422.0
2019-12-19,1124.0,1124.0,1124.0,1124.0,4.0
2019-12-20,1140.0,1201.0,1140.0,1201.0,6116.0
2019-12-23,1200.0,1210.0,1200.0,1210.0,911.0
2019-12-24,1213.0,1213.0,1204.0,1204.0,1314.0
2019-12-25,1206.0,1220.0,1200.0,1220.0,1447.0
2019-12-26,1203.0,1265.0,1202.0,1265.0,1514.0
2019-12-27,1250.0,1289.0,1250.0,1289.0,12315.0
2019-12-30,1240.0,1240.0,1240.0,1240.0,1172.0
2019-12-31,1215.0,1215.0,1167.0,1167.0,2412.0
2020-01-03,1171.0,1171.0,1171.0,1171.0,605.0
2020-01-08,1175.0,1248.0,1165.0,1248.0,160.0
2020-01-09,1246.0,1350.0,1240.0,1350.0,3860.0
2020-01-10,1380.0,1380.0,1300.0,1300.0,2654.0
2020-01-13,1324.0,1325.0,1300.0,1325.0,88.0
2020-01-14,1300.0,1300.0,1300.0,1300.0,50.0
2020-01-15,1300.0,1345.0,1300.0,1345.0,11919.0
2020-01-16,1342.0,1342.0,1342.0,1342.0,2.0
2020-01-17,1310.0,1349.0,1310.0,1349.0,869.0
2020-01-20,1349.0,1371.0,1349.0,1371.0,5572.0
2020-01-21,1374.0,1375.0,1368.0,1375.0,3325.0
2020-01-22,1375.0,1383.0,1375.0,1383.0,6063.0
2020-01-23,1399.0,1410.0,1399.0,1400.0,1472.0
2020-01-27,1410.0,1439.0,1410.0,1439.0,216.0
2020-01-28,1410.0,1410.0,1410.0,1410.0,367.0
2020-01-29,1356.0,1356.0,1351.0,1351.0,119.0
2020-01-30,1351.0,1351.0,1351.0,1351.0,3.0
2020-01-31,1360.0,1420.0,1360.0,1420.0,1971.0
2020-02-03,1370.0,1370.0,1370.0,1370.0,5.0
2020-02-04,1335.0,1335.0,1300.0,1300.0,384.0
2020-02-05,1300.0,1302.0,1300.0,1302.0,101.0
2020-02-06,1265.0,1265.0,1172.0,1172.0,1965.0
2020-02-07,1244.0,1244.0,1160.0,1160.0,16150.0
2020-02-10,1161.0,1161.0,1161.0,1161.0,101.0
2020-02-11,1160.0,1160.0,1150.0,1150.0,15600.0
2020-02-13,1160.0,1175.0,1160.0,1175.0,5729.0
2020-02-14,1169.0,1200.0,1169.0,1200.0,2255.0
2020-02-17,1180.0,1219.0,1180.0,1200.0,77.0
2020-02-18,1200.0,1220.0,1200.0,1200.0,103.0
2020-02-19,1209.0,1209.0,1200.0,1200.0,10002.0
2020-02-20,1248.0,1248.0,1211.0,1211.0,15.0
2020-02-21,1248.0,1248.0,1214.0,1214.0,31.0
2020-02-24,1214.0,1214.0,1214.0,1214.0,7.0
2020-02-25,1230.0,1230.0,1230.0,1230.0,20.0
2020-02-26,1230.0,1235.0,1220.0,1220.0,258.0
2020-02-27,1220.0,1230.0,1217.0,1217.0,71.0
2020-02-28,1240.0,1240.0,1202.0,1215.0,6675.0
2020-03-02,1216.0,1233.0,1215.0,1216.0,7282.0
2020-03-03,1217.0,1217.0,1173.0,1173.0,5616.0
2020-03-04,1177.0,1177.0,1173.0,1175.0,792.0
2020-03-05,1176.0,1176.0,1170.0,1170.0,752.0
2020-03-06,1200.0,1200.0,1125.0,1125.0,6253.0
2020-03-09,1050.0,1050.0,1013.0,1013.0,2924.0
2020-03-10,1030.0,1114.0,1030.0,1113.0,255.0
2020-03-11,1100.0,1100.0,1050.0,1050.0,5000.0
2020-03-12,1050.0,1050.0,999.0,999.0,7832.0
2020-03-13,982.0,1000.0,945.0,981.0,6062.0
2020-03-16,951.29999,951.29999,883.0,883.0,4657.0
2020-03-17,850.0,850.0,850.0,850.0,13288.0
2020-03-18,816.09998,816.20001,816.09998,816.09998,3319.0
2020-03-19,848.0,848.70001,810.0,848.70001,5328.0
2020-03-20,882.59998,882.59998,882.59998,882.59998,1805.0
2020-03-23,917.90002,917.90002,917.90002,917.90002,500.0
2020-03-24,954.59998,954.59998,953.90002,954.0,2446.0
2020-03-25,950.0,954.0,922.0,922.0,5426.0
2020-03-26,922.0,922.0,890.0,890.0,5875.0
2020-03-27,900.0,900.0,860.0,860.0,355.0
2020-03-30,860.0,877.09998,825.70001,825.70001,843.0
2020-03-31,858.70001,858.70001,841.59998,841.59998,9016.0
2020-04-01,843.0,858.0,843.0,844.20001,64.0
2020-04-02,844.0,873.0,840.0,845.0,6298.0
2020-04-03,830.0,850.0,811.29999,830.0,9353.0
2020-04-06,852.0,854.0,852.0,854.0,5.0
2020-04-07,838.0,838.0,837.09998,838.0,189.0
2020-04-08,827.0,827.0,804.5,804.5,1944.0
2020-04-09,812.90002,824.90002,812.90002,815.0,491.0
2020-04-10,839.0,839.0,820.0,820.0,3008.0
2020-04-13,850.0,850.0,820.0,820.0,704.0
2020-04-14,850.0,850.0,850.0,850.0,8.0
2020-04-15,850.0,880.0,821.0,821.0,792.0
2020-04-16,830.0,836.20001,816.0,816.0,503.0
2020-04-17,835.0,835.0,815.0,816.0,897.0
2020-04-20,830.0,830.0,813.0,813.0,110.0
2020-04-21,812.0,813.0,800.20001,800.20001,13042.0
2020-04-24,801.0,801.0,800.0,800.0,2478.0
2020-04-27,802.0,829.0,790.0,790.0,672.0
2020-04-28,820.0,820.0,800.0,800.20001,5700.0
2020-04-29,810.0,810.0,802.20001,805.0,4035.0
2020-04-30,826.90002,837.09998,825.0,825.0,3009.0
2020-05-04,857.79999,857.90002,833.0,833.0,964.0
2020-05-05,850.0,865.0,850.0,865.0,641.0
2020-05-06,888.0,899.0,870.0,870.0,4078.0
2020-05-07,904.70001,904.70001,885.0,885.0,1690.0
2020-05-08,905.0,905.0,870.0,875.0,3523.0
2020-05-11,872.20001,872.20001,853.20001,853.20001,194.0
2020-05-12,854.0,854.0,845.0,845.0,646.0
2020-05-13,855.0,855.0,833.20001,833.20001,458.0
2020-05-14,858.90002,859.0,833.0,859.0,4067.0
2020-05-15,847.0,876.90002,845.0,850.29999,3399.0
2020-05-18,850.09998,858.0,845.0,845.0,874.0
2020-05-19,841.0,850.0,835.0,835.0,2830.0
2020-05-20,859.5,860.0,859.5,859.90002,93.0
2020-05-21,867.0,892.0,867.0,875.0,194.0
2020-05-22,900.0,900.0,875.0,875.0,861.0
2020-05-26,899.0,909.90002,899.0,909.90002,448.0
2020-05-27,946.0,946.0,945.0,946.0,1696.0
2020-05-28,946.0,979.90002,912.0,920.0,2998.0
2020-05-29,905.0,932.0,905.0,920.0,5212.0
2020-06-01,940.0,940.0,939.0,939.0,342.0
2020-06-02,939.90002,940.0,927.0,939.0,9884.0
2020-06-03,950.0,970.0,945.0,945.0,7864.0
2020-06-04,959.90002,969.0,945.0,945.0,1311.0
2020-06-05,969.0,970.0,943.0,943.0,606.0
2020-06-08,966.0,966.0,945.0,959.90002,4746.0
2020-06-09,965.0,970.0,959.59998,960.0,1972.0
2020-06-10,970.0,970.0,969.90002,970.0,207.0
2020-06-11,974.0,975.0,950.0,950.0,3940.0
2020-06-12,964.5,964.5,949.5,950.0,444.0
2020-06-15,959.0,959.0,950.0,959.0,89.0
2020-06-16,960.0,965.0,950.0,950.0,125.0
2020-06-17,987.90002,987.90002,987.90002,987.90002,5417.0
2020-06-18,1020.0,1020.0,980.0,1000.0,169469.0
2020-06-19,956.0,971.90002,938.0,939.0,159748.0
2020-06-22,939.0,940.09998,939.0,940.0,425.0
2020-06-23,965.0,965.0,939.0,939.0,533.0
2020-06-24,939.0,940.0,916.0,919.0,1203.0
2020-06-25,919.0,936.0,905.0,905.0,1624.0
2020-06-26,918.0,918.0,875.0,880.0,8504.0
2020-06-29,880.0,880.0,850.0,850.0,2432.0
2020-06-30,860.0,870.0,860.0,865.0,124.0
2020-07-01,880.0,880.0,865.0,866.0,244.0
2020-07-02,866.0,880.0,857.0,874.0,2217.0
2020-07-03,880.0,905.0,872.0,890.0,107.0
2020-07-06,890.0,899.0,890.0,890.0,176.0
2020-07-07,900.0,925.0,900.0,918.0,1195.0
2020-07-08,915.0,920.0,905.0,906.0,209.0
2020-07-09,918.0,918.0,915.0,915.0,37.0
2020-07-10,900.0,900.0,878.5,878.5,495.0
2020-07-13,870.0,870.0,843.40002,865.09998,12734.0
2020-07-14,866.0,881.5,866.0,880.0,74.0
2020-07-15,889.0,890.0,880.0,880.0,3217.0
2020-07-16,893.0,909.0,875.0,875.0,194.0
2020-07-17,890.0,890.0,870.0,870.0,690.0
2020-07-20,899.90002,899.90002,870.0,871.09998,285.0
2020-07-21,886.5,887.0,850.0,850.0,7110.0
2020-07-22,852.0,878.0,852.0,860.0,128.0
2020-07-23,860.0,861.0,860.0,860.20001,3791.0
2020-07-24,877.0,890.0,862.0,862.0,437.0
2020-07-27,850.0,860.0,850.0,860.0,295.0
2020-07-29,852.0,868.90002,850.0,868.90002,159.0
2020-08-03,852.59998,853.0,852.59998,852.59998,37.0
2020-08-04,853.0,860.0,853.0,853.0,360.0
2020-08-05,860.0,870.0,853.0,868.0,284.0
2020-08-06,855.0,865.0,853.0,853.0,323.0
2020-08-07,856.0,860.0,850.0,853.0,2805.0
2020-08-10,856.0,858.0,855.0,857.90002,162.0
2020-08-11,857.0,860.0,855.0,860.0,100.0
2020-08-12,855.20001,863.0,855.20001,860.0,412.0
2020-08-13,885.0,885.0,860.0,879.0,84.0
2020-08-17,860.09998,860.20001,860.09998,860.20001,177.0
2020-08-18,860.5,884.0,860.0,865.0,287.0
2020-08-19,870.0,870.0,870.0,870.0,279.0
2020-08-24,870.0,870.0,866.0,866.0,230.0
2020-08-25,879.79999,879.90002,870.0,879.90002,1884.0
2020-08-26,872.0,878.0,872.0,878.0,158.0
2020-08-27,878.0,878.0,865.0,878.0,663.0
2020-08-28,879.0,893.0,878.0,878.0,259.0
2020-08-31,880.0,893.0,880.0,893.0,209.0
2020-09-01,893.0,900.0,882.5,882.5,376.0
2020-09-02,899.90002,917.0,899.90002,907.0,3290.0
2020-09-03,909.0,910.0,891.0,910.0,4388.0
2020-09-04,910.0,912.0,887.0,887.0,720.0
2020-09-07,900.0,900.0,900.0,900.0,35.0
2020-09-08,900.0,905.0,900.0,905.0,2200.0
2020-09-10,900.0,905.0,900.0,900.0,1325.0
2020-09-11,900.0,905.0,900.0,900.0,50.0
2020-09-14,900.0,900.0,900.0,900.0,104.0
2020-09-16,903.0,903.0,903.0,903.0,1.0
2020-09-17,895.0,895.0,895.0,895.0,944.0
2020-09-18,895.0,895.0,887.0,887.0,27.0
2020-09-23,883.0,899.0,883.0,890.0,538.0
2020-09-24,890.0,890.0,890.0,890.0,128.0
2020-09-25,885.09998,910.0,885.0,885.0,1966.0
2020-09-29,899.0,899.0,880.0,880.0,109.0
2020-09-30,885.0,885.0,885.0,885.0,11.0
2020-10-01,900.0,900.0,887.0,887.0,60.0
2020-10-02,890.0,890.0,890.0,890.0,708.0
2020-10-05,891.0,900.0,891.0,896.09998,22.0
2020-10-06,897.09998,899.0,897.09998,899.0,72.0
2020-10-07,899.0,921.0,899.0,920.0,2626.0
2020-10-08,910.0,920.0,900.0,900.0,664.0
2020-10-09,901.5,902.0,901.5,902.0,27.0
2020-10-12,912.0,920.0,910.0,910.0,6601.0
2020-10-13,915.0,915.0,910.0,915.0,307.0
2020-10-14,918.0,935.0,918.0,925.0,191.0
2020-10-15,942.0,942.0,930.0,939.0,352.0
2020-10-16,939.0,947.0,905.09998,905.09998,933.0
2020-10-19,910.09998,937.29999,910.09998,937.29999,4.0
2020-10-20,937.0,937.0,910.20001,935.0,170.0
2020-10-21,910.09998,912.0,910.09998,912.0,137.0
2020-10-22,946.90002,947.0,930.0,940.0,1935.0
2020-10-23,921.29999,939.0,921.29999,939.0,844.0
2020-10-26,942.0,942.0,942.0,942.0,18.0
2020-10-28,927.0,940.0,905.0,912.0,1720.0
2020-11-02,907.0,907.0,903.0,907.0,356.0
2020-11-03,912.0,920.0,912.0,920.0,513.0
2020-11-04,913.0,913.0,913.0,913.0,1.0
2020-11-05,912.09998,929.0,912.09998,920.0,71.0
2020-11-09,912.5,930.0,912.0,930.0,218.0
2020-11-10,935.0,950.0,920.0,935.0,312.0
2020-11-11,935.0,948.0,935.0,948.0,731.0
2020-11-12,947.90002,960.0,947.90002,956.0,529.0
2020-11-13,945.0,969.0,945.0,946.20001,214.0
2020-11-16,960.0,960.0,960.0,960.0,10.0
2020-11-17,960.0,960.0,960.0,960.0,1287.0
2020-11-19,950.0,952.0,946.0,952.0,27.0
2020-11-20,960.0,990.0,960.0,990.0,1629.0
2020-11-23,1005.0,1025.0,1005.0,1017.0,268.0
2020-11-24,1010.0,1015.0,1009.0,1010.0,265.0
2020-11-25,1010.0,1027.0,1010.0,1027.0,1007.0
2020-11-26,1028.0,1048.0,1028.0,1039.0,345.0
2020-11-27,1050.0,1078.0,1035.0,1036.0,3687.0
2020-11-30,1067.0,1067.0,1057.0,1063.0,386.0
2020-12-01,1050.0,1050.0,1031.0,1049.0,62.0
2020-12-02,1032.0,1060.0,1032.0,1060.0,217.0
2020-12-03,1055.0,1059.0,1040.0,1041.0,1217.0
2020-12-04,1058.0,1058.0,1042.0,1050.0,34.0
2020-12-07,1058.0,1060.0,1042.0,1058.0,1209.0
2020-12-08,1060.0,1072.0,1060.0,1069.0,558.0
2020-12-09,1060.0,1095.0,1060.0,1095.0,369.0
2020-12-11,1090.0,1138.0,1090.0,1134.0,577.0
2020-12-14,1108.0,1150.0,1108.0,1150.0,117.0
2020-12-15,1130.0,1195.0,1130.0,1195.0,308.0
2020-12-16,1172.0,1220.0,1172.0,1220.0,705.0
2020-12-17,1186.0,1268.0,1186.0,1268.0,1873.0
2020-12-18,1268.0,1300.0,1218.0,1218.0,4343.0
2020-12-21,1216.0,1216.0,1170.0,1170.0,785.0
2020-12-22,1125.0,1209.0,1125.0,1209.0,3640.0
2020-12-23,1232.0,1257.0,1226.0,1257.0,6016.0
2020-12-24,1280.0,1280.0,1250.0,1250.0,463.0
2020-12-25,1250.0,1273.0,1220.0,1220.0,2377.0
2020-12-28,1199.0,1199.0,1178.0,1178.0,68.0
2020-12-29,1200.0,1200.0,1190.0,1191.0,20.0
2020-12-30,1181.0,1200.0,1181.0,1200.0,41.0
2020-12-31,1190.0,1200.0,1180.0,1200.0,4.0
2021-01-04,1200.0,1239.0,1200.0,1220.0,116.0
2021-01-05,1236.0,1236.0,1220.0,1220.0,4.0
2021-01-06,1220.0,1230.0,1215.0,1230.0,1107.0
2021-01-07,1215.0,1215.0,1215.0,1215.0,1.0
2021-01-08,1230.0,1232.0,1218.0,1218.0,22.0
2021-01-12,1235.0,1235.0,1211.0,1211.0,33.0
2021-01-13,1235.0,1235.0,1234.0,1234.0,25.0
2021-01-14,1233.0,1238.0,1233.0,1235.0,129.0
2021-01-15,1235.0,1237.0,1226.0,1227.0,89.0
2021-01-18,1226.0,1237.0,1205.0,1237.0,24.0
2021-01-19,1213.0,1244.0,1213.0,1242.0,3294.0
2021-01-20,1230.0,1230.0,1230.0,1230.0,10.0
2021-01-21,1217.0,1235.0,1216.0,1235.0,1197.0
2021-01-22,1239.0,1250.0,1223.0,1250.0,10199.0
2021-01-25,1222.0,1230.0,1222.0,1230.0,75.0
2021-01-26,1252.0,1265.0,1231.0,1260.0,153.0
2021-01-27,1260.0,1260.0,1236.0,1236.0,52.0
2021-01-28,1250.0,1259.0,1227.0,1250.0,68.0
2021-01-29,1240.0,1250.0,1240.0,1250.0,315.0
2021-02-02,1250.0,1260.0,1250.0,1250.0,74.0
2021-02-03,1260.0,1260.0,1260.0,1260.0,1039.0
2021-02-04,1260.0,1295.0,1260.0,1295.0,4578.0
2021-02-05,1285.0,1285.0,1270.0,1270.0,91.0
2021-02-08,1295.0,1295.0,1287.0,1295.0,5731.0
2021-02-09,1290.0,1295.0,1290.0,1295.0,2583.0
2021-02-10,1280.0,1280.0,1244.0,1280.0,3698.0
2021-02-11,1279.0,1279.0,1270.0,1274.0,692.0
2021-02-12,1280.0,1280.0,1280.0,1280.0,3335.0
2021-02-15,1280.0,1280.0,1280.0,1280.0,5.0
2021-02-17,1280.0,1280.0,1255.0,1255.0,33.0
2021-02-18,1256.0,1260.0,1256.0,1256.0,30.0
2021-02-19,1282.0,1282.0,1270.0,1270.0,401.0
2021-02-22,1259.0,1280.0,1240.0,1278.0,389.0
2021-02-23,1278.0,1278.0,1254.0,1254.0,5.0
2021-02-24,1270.0,1270.0,1270.0,1270.0,140.0
2021-02-25,1270.0,1290.0,1270.0,1290.0,301.0
2021-02-26,1285.0,1290.0,1285.0,1290.0,2291.0
2021-03-02,1289.0,1289.0,1289.0,1289.0,3.0
2021-03-03,1270.0,1270.0,1270.0,1270.0,2.0
2021-03-04,1270.0,1290.0,1270.0,1290.0,3722.0
2021-03-05,1291.0,1291.0,1291.0,1291.0,10.0
2021-03-08,1290.0,1291.0,1290.0,1291.0,204.0
2021-03-09,1289.0,1294.0,1289.0,1290.0,1273.0
2021-03-10,1290.0,1294.0,1290.0,1294.0,126.0
2021-03-11,1294.0,1294.0,1294.0,1294.0,87.0
2021-03-12,1298.0,1298.0,1295.0,1295.0,680.0
2021-03-15,1285.0,1285.0,1285.0,1285.0,70.0
2021-03-16,1272.0,1273.0,1271.0,1271.0,50.0
2021-03-17,1263.0,1288.0,1263.0,1288.0,6.0
2021-03-18,1288.0,1288.0,1288.0,1288.0,4.0
2021-03-19,1263.0,1263.0,1263.0,1263.0,7.0
2021-03-22,1279.0,1283.0,1262.0,1264.0,1603.0
2021-03-23,1270.0,1272.0,1270.0,1272.0,665.0
2021-03-24,1265.0,1266.0,1262.0,1262.0,1011.0
2021-03-25,1270.0,1270.0,1261.0,1261.0,371.0
2021-03-29,1261.0,1279.0,1261.0,1279.0,1784.0
2021-03-30,1279.0,1279.0,1263.0,1263.0,43.0
2021-03-31,1263.0,1266.0,1263.0,1266.0,826.0
2021-04-01,1238.0,1238.0,1238.0,1238.0,6.0
2021-04-02,1245.0,1245.0,1245.0,1245.0,77.0
2021-04-05,1255.0,1263.0,1255.0,1260.0,114.0
2021-04-06,1258.0,1258.0,1258.0,1258.0,37.0
2021-04-07,1269.0,1269.0,1269.0,1269.0,801.0
2021-04-08,1269.0,1269.0,1244.0,1244.0,507.0
2021-04-12,1244.0,1244.0,1244.0,1244.0,122.0
2021-04-15,1259.0,1265.0,1259.0,1260.0,115.0
2021-04-22,1269.0,1270.0,1253.0,1255.0,172.0
2021-04-23,1274.0,1274.0,1274.0,1274.0,35.0
2021-04-26,1260.0,1280.0,1260.0,1280.0,590.0
2021-04-27,1290.0,1330.0,1290.0,1330.0,2022.0
2021-04-28,1340.0,1375.0,1331.0,1375.0,357.0
2021-04-29,1351.0,1378.0,1351.0,1363.0,141.0
2021-04-30,1400.0,1417.0,1360.0,1360.0,998.0
2021-05-03,1363.0,1410.0,1363.0,1385.0,2447.0
2021-05-04,1386.0,1400.0,1386.0,1400.0,10060.0
2021-05-06,1425.0,1425.0,1400.0,1420.0,61.0
2021-05-07,1421.0,1447.0,1421.0,1430.0,549.0
2021-05-10,1450.0,1473.0,1450.0,1452.0,519.0
2021-05-11,1455.0,1496.0,1455.0,1460.0,313.0
2021-05-12,1480.0,1480.0,1430.0,1430.0,138.0
2021-05-17,1460.0,1480.0,1460.0,1480.0,5987.0
2021-05-18,1453.0,1460.0,1450.0,1450.0,59.0
2021-05-19,1431.0,1444.0,1431.0,1444.0,80.0
2021-05-20,1460.0,1483.0,1450.0,1450.0,1120.0
2021-05-21,1479.0,1479.0,1450.0,1450.0,202.0
2021-05-24,1460.0,1460.0,1460.0,1460.0,279.0
2021-05-25,1460.0,1460.0,1460.0,1460.0,54.0
2021-05-26,1473.0,1473.0,1452.0,1452.0,144.0
2021-05-27,1452.0,1460.0,1452.0,1460.0,2341.0
2021-05-28,1446.0,1446.0,1446.0,1446.0,200.0
2021-05-31,1436.0,1436.0,1435.0,1435.0,152.0
2021-06-01,1445.0,1445.0,1438.0,1438.0,520.0
2021-06-02,1455.0,1455.0,1441.0,1445.0,86.0
2021-06-03,1455.0,1460.0,1455.0,1460.0,126.0
2021-06-04,1450.0,1487.0,1446.0,1470.0,769.0
2021-06-07,1487.0,1487.0,1480.0,1487.0,50.0
2021-06-08,1454.0,1480.0,1454.0,1480.0,3576.0
2021-06-09,1480.0,1481.0,1479.0,1479.0,302.0
2021-06-10,1480.0,1495.0,1480.0,1490.0,4704.0
2021-06-14,1470.0,1475.0,1470.0,1475.0,6.0
2021-06-17,1473.0,1480.0,1472.0,1480.0,2031.0
2021-06-18,1480.0,1499.0,1480.0,1486.0,882.0
2021-06-21,1464.0,1490.0,1464.0,1490.0,120.0
2021-06-22,1493.0,1535.0,1493.0,1515.0,1340.0
2021-06-23,1503.0,1515.0,1502.0,1515.0,389.0
2021-06-24,1504.0,1506.0,1504.0,1505.0,10384.0
2021-06-25,1505.0,1510.0,1500.0,1510.0,1108.0
2021-06-28,1510.0,1515.0,1510.0,1510.0,4034.0
2021-06-29,1500.0,1500.0,1460.0,1460.0,179.0
2021-07-01,1471.0,1471.0,1471.0,1471.0,6.0
2021-07-02,1496.0,1505.0,1496.0,1505.0,2404.0
2021-07-05,1505.0,1510.0,1505.0,1510.0,490.0
2021-07-06,1510.0,1510.0,1505.0,1505.0,2123.0
2021-07-07,1510.0,1515.0,1510.0,1515.0,12.0
2021-07-08,1510.0,1510.0,1505.0,1510.0,52.0
2021-07-09,1515.0,1520.0,1515.0,1520.0,266.0
2021-07-12,1480.0,1490.0,1480.0,1490.0,170.0
2021-07-14,1500.0,1535.0,1500.0,1535.0,160.0
2021-07-15,1480.0,1480.0,1480.0,1480.0,89.0
2021-07-16,1480.0,1480.0,1480.0,1480.0,340.0
2021-07-19,1500.0,1500.0,1500.0,1500.0,4.0
2021-07-23,1490.0,1490.0,1490.0,1490.0,2006.0
2021-07-26,1500.0,1500.0,1500.0,1500.0,6290.0
2021-07-28,1500.0,1529.0,1500.0,1529.0,84.0
2021-08-03,1510.0,1515.0,1510.0,1515.0,2062.0
2021-08-04,1475.0,1530.0,1475.0,1530.0,1922.0
2021-08-05,1510.0,1520.0,1510.0,1520.0,2190.0
2021-08-06,1520.0,1521.0,1490.0,1520.0,459.0
2021-08-09,1528.0,1528.0,1528.0,1528.0,27.0
2021-08-11,1529.0,1530.0,1529.0,1530.0,458.0
2021-08-13,1530.0,1530.0,1530.0,1530.0,250.0
2021-08-16,1500.0,1510.0,1500.0,1510.0,329.0
2021-08-17,1505.0,1525.0,1505.0,1525.0,41.0
2021-08-18,1515.0,1530.0,1515.0,1530.0,183.0
2021-08-19,1530.0,1530.0,1515.0,1515.0,138.0
2021-08-23,1518.0,1520.0,1518.0,1520.0,3.0
2021-08-24,1518.0,1535.0,1518.0,1535.0,95.0
2021-08-25,1516.0,1516.0,1516.0,1516.0,104.0
2021-08-26,1535.0,1540.0,1530.0,1530.0,193.0
2021-08-27,1520.0,1521.0,1516.0,1521.0,131.0
2021-08-30,1530.0,1530.0,1530.0,1530.0,139.0
2021-08-31,1526.0,1535.0,1521.0,1535.0,1078.0
2021-09-02,1521.0,1521.0,1520.0,1520.0,99.0
2021-09-03,1520.0,1525.0,1520.0,1525.0,251.0
2021-09-06,1526.0,1535.0,1526.0,1535.0,27.0
2021-09-07,1534.0,1535.0,1534.0,1535.0,30.0
2021-09-08,1533.0,1540.0,1530.0,1540.0,252.0
2021-09-09,1540.0,1600.0,1540.0,1600.0,1860.0
2021-09-10,1538.0,1598.0,1538.0,1598.0,38.0
2021-09-13,1599.0,1599.0,1599.0,1599.0,18.0
2021-09-14,1555.0,1557.0,1555.0,1555.0,27.0
2021-09-16,1559.0,1559.0,1559.0,1559.0,79.0
2021-09-17,1600.0,1620.0,1600.0,1602.0,5571.0
2021-09-20,1603.0,1603.0,1602.0,1602.0,29.0
2021-09-21,1602.0,1602.0,1602.0,1602.0,400.0
2021-09-23,1633.0,1634.0,1610.0,1634.0,1858.0
2021-09-27,1645.0,1649.0,1645.0,1649.0,19.0
2021-09-28,1669.0,1699.0,1669.0,1699.0,159.0
2021-09-29,1700.0,1700.0,1699.0,1699.0,78.0
2021-09-30,1660.0,1693.0,1660.0,1693.0,88.0
2021-10-01,1695.0,1715.0,1695.0,1715.0,3252.0
2021-10-05,1715.0,1750.0,1715.0,1750.0,804.0
2021-10-06,1755.0,1760.0,1755.0,1760.0,12.0
2021-10-07,1750.0,1789.0,1750.0,1756.0,116.0
2021-10-08,1755.0,1755.0,1731.0,1731.0,2142.0
2021-10-11,1750.0,1750.0,1726.0,1750.0,2464.0
2021-10-12,1730.0,1730.0,1730.0,1730.0,140.0
2021-10-13,1730.0,1750.0,1730.0,1732.0,176.0
2021-10-14,1770.0,1800.0,1770.0,1800.0,1418.0
2021-10-15,1800.0,1803.0,1800.0,1800.0,469.0
2021-10-18,1780.0,1780.0,1780.0,1780.0,103.0
2021-10-21,1777.0,1780.0,1740.0,1780.0,322.0
2021-10-22,1780.0,1780.0,1780.0,1780.0,98.0
2021-10-25,1796.0,1796.0,1711.0,1711.0,1328.0
2021-10-26,1789.0,1790.0,1770.0,1790.0,1776.0
2021-10-27,1797.0,1797.0,1797.0,1797.0,4.0
2021-10-28,1785.0,1796.0,1775.0,1790.0,1306.0
2021-10-29,1750.0,1798.0,1750.0,1754.0,337.0
2021-11-01,1770.0,1770.0,1770.0,1770.0,348.0
2021-11-02,1775.0,1775.0,1775.0,1775.0,198.0
2021-11-04,1751.0,1752.0,1751.0,1751.0,32.0
2021-11-05,1721.0,1721.0,1700.0,1700.0,179.0
2021-11-10,1652.0,1775.0,1652.0,1750.0,9.0
2021-11-11,1700.0,1700.0,1700.0,1700.0,50.0
2021-11-12,1730.0,1730.0,1730.0,1730.0,1521.0
2021-11-15,1730.0,1730.0,1700.0,1700.0,33507.0
2021-11-16,1701.0,1710.0,1700.0,1710.0,2783.0
2021-11-22,1744.0,1744.0,1710.0,1710.0,2744.0
2021-11-23,1700.0,1730.0,1700.0,1710.0,563.0
2021-11-24,1700.0,1710.0,1685.0,1710.0,559.0
2021-11-25,1710.0,1711.0,1705.0,1711.0,814.0
2021-11-26,1705.0,1705.0,1705.0,1705.0,3471.0
2021-11-29,1672.0,1700.0,1652.0,1700.0,55.0
2021-11-30,1656.0,1701.0,1656.0,1701.0,10084.0
2021-12-01,1701.0,1701.0,1700.0,1701.0,3102.0
2021-12-02,1655.0,1700.0,1652.0,1700.0,363.0
2021-12-03,1700.0,1700.0,1700.0,1700.0,187.0
2021-12-07,1700.0,1710.0,1700.0,1710.0,886.0
2021-12-08,1711.0,1711.0,1711.0,1711.0,673.0
2021-12-09,1670.0,1740.0,1670.0,1740.0,1148.0
2021-12-10,1750.0,1750.0,1750.0,1750.0,2036.0
2021-12-13,1720.0,1761.0,1720.0,1720.0,100.0
2021-12-14,1710.0,1710.0,1710.0,1710.0,7.0
2021-12-15,1750.0,1750.0,1750.0,1750.0,400.0
2021-12-17,1710.0,1750.0,1710.0,1750.0,608.0
2021-12-20,1711.0,1760.0,1710.0,1760.0,66.0
2021-12-21,1750.0,1750.0,1710.0,1710.0,171.0
2021-12-22,1710.0,1710.0,1710.0,1710.0,25.0
2021-12-27,1750.0,1750.0,1750.0,1750.0,55.0
2021-12-28,1715.0,1770.0,1713.0,1770.0,82.0
2021-12-29,1760.0,1785.0,1750.0,1785.0,600.0
2021-12-30,1784.0,1795.0,1784.0,1795.0,590.0
2021-12-31,1754.0,1800.0,1720.0,1720.0,10310.0
2022-01-04,1798.0,1798.0,1720.0,1720.0,28.0
2022-01-05,1732.0,1732.0,1731.0,1731.0,29.0
2022-01-06,1734.0,1734.0,1734.0,1734.0,1.0
2022-01-07,1735.0,1735.0,1735.0,1735.0,10.0
2022-01-10,1750.0,1750.0,1750.0,1750.0,1.0
2022-01-13,1780.0,1785.0,1770.0,1770.0,104.0
2022-01-14,1809.0,1809.0,1770.0,1805.0,1913.0
2022-01-17,1795.0,1800.0,1795.0,1800.0,1210.0
2022-01-18,1800.0,1800.0,1748.0,1780.0,174.0
2022-01-19,1798.0,1810.0,1798.0,1810.0,418.0
2022-01-20,1800.0,1800.0,1800.0,1800.0,200.0
2022-01-21,1800.0,1800.0,1800.0,1800.0,1810.0
2022-01-24,1781.0,1781.0,1780.0,1780.0,4.0
2022-01-25,1777.0,1777.0,1775.0,1775.0,23.0
2022-01-27,1804.0,1810.0,1803.0,1810.0,46.0
2022-01-28,1810.0,1810.0,1785.0,1785.0,53.0
2022-01-31,1785.0,1799.0,1775.0,1775.0,43.0
2022-02-01,1781.0,1781.0,1781.0,1781.0,1.0
2022-02-02,1792.0,1810.0,1792.0,1810.0,549.0
2022-02-03,1810.0,1825.0,1810.0,1825.0,152.0
2022-02-04,1828.0,1890.0,1828.0,1845.0,3225.0
2022-02-07,1880.0,1880.0,1825.0,1825.0,19.0
2022-02-08,1830.0,1830.0,1826.0,1830.0,77.0
2022-02-09,1831.0,1831.0,1825.0,1825.0,22.0
2022-02-10,1845.0,1850.0,1845.0,1850.0,1326.0
2022-02-11,1839.0,1845.0,1839.0,1845.0,1164.0
2022-02-14,1837.0,1837.0,1820.0,1820.0,4235.0
2022-02-15,1870.0,1870.0,1776.0,1785.0,11275.0
2022-02-16,1786.0,1795.0,1786.0,1795.0,62.0
2022-02-17,1795.0,1795.0,1790.0,1790.0,80.0
2022-02-18,1791.0,1791.0,1790.0,1790.0,677.0
2022-02-21,1800.0,1800.0,1780.0,1780.0,535.0
2022-02-22,1767.0,1780.0,1750.0,1780.0,314.0
2022-02-23,1776.0,1776.0,1776.0,1776.0,3.0
2022-02-24,1735.0,1736.0,1670.0,1670.0,1991.0
2022-02-25,1670.0,1676.0,1660.0,1675.0,1042.0
2022-02-28,1759.0,1759.0,1580.0,1580.0,370.0
2022-03-01,1670.0,1670.0,1606.0,1607.0,9.0
2022-03-02,1615.0,1615.0,1560.0,1600.0,159.0
2022-03-03,1590.0,1600.0,1590.0,1600.0,2101.0
2022-03-04,1581.0,1583.0,1551.0,1551.0,1722.0
2022-03-07,1543.0,1550.0,1458.0,1550.0,686.0
2022-03-08,1550.0,1600.0,1550.0,1600.0,3051.0
2022-03-09,1603.0,1603.0,1600.0,1603.0,162.0
2022-03-10,1651.0,1651.0,1600.0,1600.0,1434.0
2022-03-11,1600.0,1600.0,1511.0,1511.0,653.0
2022-03-14,1516.0,1599.0,1511.0,1599.0,368.0
2022-03-15,1535.0,1625.0,1535.0,1625.0,149.0
2022-03-16,1600.0,1675.0,1600.0,1675.0,518.0
2022-03-17,1684.0,1720.0,1650.0,1690.0,9442.0
2022-03-18,1700.0,1700.0,1675.0,1675.0,4485.0
2022-03-21,1675.0,1717.0,1675.0,1680.0,326.0
2022-03-23,1679.0,1680.0,1645.0,1680.0,1093.0
2022-03-24,1630.0,1669.0,1630.0,1669.0,1317.0
2022-03-25,1620.0,1675.0,1620.0,1675.0,1505.0
2022-03-30,1675.0,1675.0,1675.0,1675.0,88.0
2022-03-31,1625.0,1690.0,1625.0,1690.0,86.0
2022-04-07,1690.0,1700.0,1642.0,1700.0,52.0
2022-04-08,1700.0,1700.0,1650.0,1650.0,321.0
2022-04-11,1652.0,1652.0,1652.0,1652.0,57.0
2022-04-12,1652.0,1700.0,1652.0,1680.0,16.0
2022-04-13,1653.0,1654.0,1653.0,1654.0,32.0
2022-04-14,1699.0,1699.0,1699.0,1699.0,3.0
2022-04-15,1660.0,1700.0,1660.0,1700.0,52.0
2022-04-20,1700.0,1700.0,1699.0,1699.0,2166.0
2022-04-21,1718.0,1750.0,1700.0,1700.0,293.0
2022-04-22,1750.0,1750.0,1750.0,1750.0,75.0
2022-04-25,1750.0,1750.0,1750.0,1750.0,345.0
2022-04-26,1750.0,1790.0,1750.0,1790.0,25.0
2022-04-27,1750.0,1825.0,1750.0,1825.0,180.0
2022-04-28,1750.0,1750.0,1750.0,1750.0,50.0
2022-04-29,1752.0,1752.0,1750.0,1750.0,343.0
2022-05-04,1750.0,1750.0,1750.0,1750.0,20.0
2022-05-05,1752.0,1752.0,1750.0,1750.0,10034.0
2022-05-06,1731.0,1750.0,1730.0,1750.0,1677.0
2022-05-09,1750.0,1750.0,1750.0,1750.0,180.0
2022-05-10,1750.0,1750.0,1690.0,1690.0,226.0
2022-05-11,1750.0,1750.0,1700.0,1700.0,148.0
2022-05-13,1700.0,1720.0,1669.0,1720.0,2215.0
2022-05-16,1724.0,1748.0,1720.0,1745.0,562.0
2022-05-23,1700.0,1745.0,1700.0,1745.0,12.0
2022-05-25,1700.0,1700.0,1655.0,1700.0,46.0
2022-05-26,1740.0,1740.0,1665.0,1670.0,332.0
2022-05-27,1670.0,1670.0,1669.0,1669.0,679.0
2022-05-30,1670.0,1723.0,1666.0,1723.0,2398.0
2022-05-31,1723.0,1723.0,1700.0,1700.0,6455.0
2022-06-01,1710.0,1710.0,1710.0,1710.0,1700.0
2022-06-02,1720.0,1748.0,1720.0,1735.0,6861.0
2022-06-03,1725.0,1735.0,1723.0,1735.0,763.0
2022-06-06,1720.0,1765.0,1720.0,1765.0,80.0
2022-06-07,1750.0,1764.0,1750.0,1750.0,7004.0
2022-06-08,1760.0,1760.0,1760.0,1760.0,25.0
2022-06-09,1740.0,1740.0,1740.0,1740.0,214.0
2022-06-10,1750.0,1751.0,1750.0,1751.0,5639.0
2022-06-13,1755.0,1755.0,1755.0,1755.0,550.0
2022-06-14,1750.0,1755.0,1750.0,1750.0,3765.0
2022-06-15,1730.0,1730.0,1720.0,1720.0,1096.0
2022-06-17,1702.0,1720.0,1701.0,1720.0,641.0
2022-06-20,1720.0,1720.0,1720.0,1720.0,304.0
2022-06-21,1667.0,1750.0,1667.0,1750.0,4751.0
2022-06-22,1699.0,1750.0,1690.0,1750.0,9122.0
2022-06-23,1733.0,1733.0,1733.0,1733.0,1500.0
2022-06-24,1700.0,1750.0,1700.0,1750.0,15320.0
2022-06-29,1800.0,1800.0,1800.0,1800.0,100.0
2022-06-30,1705.0,1790.0,1705.0,1790.0,260.0
2022-07-01,1690.0,1690.0,1690.0,1690.0,1400.0
2022-07-05,1700.0,1700.0,1660.0,1660.0,3209.0
2022-07-06,1617.0,1617.0,1617.0,1617.0,95.0
2022-07-07,1640.0,1640.0,1640.0,1640.0,1000.0
2022-07-08,1640.0,1640.0,1640.0,1640.0,3000.0
2022-07-12,1640.0,1640.0,1640.0,1640.0,20.0
2022-07-13,1640.0,1640.0,1640.0,1640.0,1.0
2022-07-14,1641.0,1641.0,1641.0,1641.0,19.0
2022-07-15,1660.0,1660.0,1660.0,1660.0,100.0
2022-07-19,1665.0,1665.0,1635.0,1635.0,1019.0
2022-07-20,1601.0,1601.0,1601.0,1601.0,1020.0
2022-07-27,1620.0,1620.0,1601.0,1601.0,58.0
2022-07-28,1600.0,1605.0,1600.0,1605.0,10.0
2022-07-29,1605.0,1605.0,1600.0,1600.0,209.0
2022-08-01,1600.0,1600.0,1600.0,1600.0,20.0
2022-08-02,1600.0,1602.0,1600.0,1602.0,135.0
2022-08-03,1600.0,1600.0,1600.0,1600.0,3.0
2022-08-04,1600.0,1630.0,1570.0,1570.0,1143.0
2022-08-05,1580.0,1580.0,1580.0,1580.0,100.0
2022-08-09,1600.0,1600.0,1600.0,1600.0,30.0
2022-08-10,1578.0,1578.0,1578.0,1578.0,35.0
2022-08-11,1635.0,1635.0,1620.0,1630.0,5005.0
2022-08-12,1630.0,1636.0,1616.0,1616.0,3302.0
2022-08-15,1620.0,1620.0,1620.0,1620.0,30.0
2022-08-18,1627.0,1627.0,1627.0,1627.0,2000.0
2022-08-19,1621.0,1621.0,1620.0,1620.0,12.0
2022-08-22,1640.0,1640.0,1640.0,1640.0,816.0
2022-08-23,1620.0,1640.0,1620.0,1640.0,435.0
2022-08-26,1640.0,1640.0,1640.0,1640.0,149.0
2022-08-31,1640.0,1640.0,1640.0,1640.0,60.0
2022-09-01,1626.0,1640.0,1620.0,1620.0,2097.0
2022-09-02,1645.0,1645.0,1620.0,1625.0,3746.0
2022-09-06,1620.0,1638.0,1600.0,1600.0,1051.0
2022-09-07,1649.0,1649.0,1620.0,1620.0,8124.0
2022-09-08,1600.0,1600.0,1600.0,1600.0,55.0
2022-09-09,1620.0,1665.0,1575.0,1575.0,21151.0
2022-09-12,1620.0,1620.0,1620.0,1620.0,28010.0
2022-09-13,1620.0,1620.0,1565.0,1565.0,54.0
2022-09-14,1571.0,1611.0,1571.0,1611.0,21.0
2022-09-15,1580.0,1580.0,1570.0,1570.0,310.0
2022-09-16,1609.0,1610.0,1550.0,1550.0,454.0
2022-09-19,1580.0,1580.0,1580.0,1580.0,173.0
2022-09-20,1580.0,1580.0,1580.0,1580.0,95.0
2022-09-21,1580.0,1625.0,1580.0,1610.0,276.0
2022-09-22,1552.0,1552.0,1552.0,1552.0,171.0
2022-09-23,1553.0,1610.0,1553.0,1610.0,1218.0
2022-09-26,1634.0,1634.0,1600.0,1600.0,558.0
2022-09-27,1600.0,1600.0,1545.0,1600.0,3204.0
2022-09-28,1600.0,1600.0,1540.0,1540.0,2155.0
2022-09-29,1500.0,1540.0,1490.0,1540.0,7937.0
2022-09-30,1450.0,1460.0,1450.0,1460.0,15834.0
2022-10-05,1450.0,1450.0,1449.0,1449.0,301.0
2022-10-06,1449.0,1450.0,1449.0,1450.0,299.0
2022-10-07,1470.0,1470.0,1470.0,1470.0,5.0
2022-10-11,1470.0,1470.0,1470.0,1470.0,10.0
2022-10-12,1475.0,1475.0,1475.0,1475.0,10.0
2022-10-13,1427.0,1427.0,1426.0,1426.0,5.0
2022-10-14,1427.0,1427.0,1400.0,1400.0,269.0
2022-10-17,1388.0,1390.0,1350.0,1350.0,2439.0
2022-10-18,1360.0,1360.0,1360.0,1360.0,4.0
2022-10-19,1331.0,1370.0,1331.0,1370.0,83.0
2022-10-20,1350.0,1350.0,1290.0,1350.0,620.0
2022-10-21,1350.0,1350.0,1350.0,1350.0,400.0
2022-10-25,1349.0,1360.0,1349.0,1360.0,1259.0
2022-10-26,1350.0,1380.0,1350.0,1350.0,1247.0
2022-10-28,1380.0,1380.0,1380.0,1380.0,339.0
2022-10-31,1380.0,1380.0,1380.0,1380.0,9.0
2022-11-01,1360.0,1390.0,1360.0,1366.0,196.0
2022-11-02,1390.0,1390.0,1390.0,1390.0,2.0
2022-11-03,1390.0,1390.0,1390.0,1390.0,100.0
2022-11-04,1361.0,1361.0,1307.0,1307.0,598.0
2022-11-08,1269.0,1269.0,1269.0,1269.0,55.0
2022-11-09,1270.0,1270.0,1269.0,1269.0,66.0
2022-11-10,1269.0,1269.0,1220.0,1220.0,5232.0
2022-11-11,1240.0,1240.0,1235.0,1240.0,1103.0
2022-11-14,1240.0,1240.0,1239.0,1240.0,11.0
2022-11-15,1240.0,1240.0,1230.0,1239.0,413.0
2022-11-16,1239.0,1239.0,1230.0,1239.0,389.0
2022-11-17,1239.0,1247.0,1220.0,1247.0,843.0
2022-11-21,1250.0,1250.0,1210.0,1210.0,524.0
2022-11-22,1214.0,1214.0,1214.0,1214.0,6.0
2022-11-23,1215.0,1215.0,1215.0,1215.0,200.0
2022-11-25,1211.0,1220.0,1210.0,1220.0,820.0
2022-11-29,1220.0,1230.0,1220.0,1230.0,10.0
2022-11-30,1225.0,1300.0,1225.0,1300.0,26.0
2022-12-01,1225.0,1289.0,1225.0,1245.0,757.0
2022-12-02,1247.0,1247.0,1247.0,1247.0,161.0
2022-12-05,1236.0,1237.0,1226.0,1237.0,612.0
2022-12-06,1294.0,1294.0,1235.0,1235.0,50.0
2022-12-07,1305.0,1305.0,1240.0,1280.0,181.0
2022-12-08,1280.0,1330.0,1261.0,1330.0,1039.0
2022-12-09,1300.0,1377.0,1300.0,1377.0,540.0
2022-12-12,1377.0,1380.0,1377.0,1380.0,101.0
2022-12-13,1351.0,1380.0,1350.0,1380.0,1696.0
2022-12-15,1360.0,1380.0,1360.0,1380.0,601.0
2022-12-16,1380.0,1380.0,1380.0,1380.0,2342.0
2022-12-19,1380.0,1385.0,1380.0,1380.0,928.0
2022-12-20,1380.0,1380.0,1380.0,1380.0,1000.0
2022-12-21,1380.0,1380.0,1380.0,1380.0,386.0
2022-12-22,1385.0,1385.0,1380.0,1380.0,284.0
2022-12-23,1380.0,1380.0,1380.0,1380.0,500.0
2022-12-26,1383.0,1395.0,1383.0,1395.0,1045.0
2022-12-27,1395.0,1395.0,1380.0,1380.0,1007.0
2022-12-28,1345.0,1420.0,1345.0,1420.0,4100.0
2022-12-29,1380.0,1380.0,1380.0,1380.0,4500.0
2022-12-30,1385.0,1385.0,1298.0,1298.0,88.0
2023-01-02,1375.0,1375.0,1298.0,1298.0,77.0
2023-01-03,1280.0,1298.0,1280.0,1280.0,1306.0
2023-01-04,1280.0,1280.0,1250.0,1250.0,1219.0
2023-01-05,1236.0,1236.0,1200.0,1200.0,113.0
2023-01-06,1201.0,1205.0,1130.0,1130.0,194.0
2023-01-09,1120.0,1120.0,1115.0,1115.0,60.0
2023-01-10,1120.0,1120.0,1095.0,1100.0,69.0
2023-01-12,1130.0,1160.0,1130.0,1160.0,141.0
2023-01-13,1150.0,1198.0,1140.0,1198.0,214.0
2023-01-16,1200.0,1200.0,1200.0,1200.0,119.0
2023-01-17,1159.0,1160.0,1129.0,1160.0,175.0
2023-01-18,1160.0,1160.0,1130.0,1130.0,2203.0
2023-01-19,1120.0,1130.0,1120.0,1120.0,36.0
2023-01-20,1110.0,1110.0,1110.0,1110.0,957.0
2023-01-24,1130.0,1130.0,1120.0,1120.0,1001.0
2023-01-25,1102.0,1180.0,1101.0,1180.0,12.0
2023-01-26,1180.0,1180.0,1120.0,1121.0,1007.0
2023-01-27,1131.0,1137.0,1127.0,1137.0,1035.0
2023-01-30,1180.0,1180.0,1180.0,1180.0,1.0
2023-01-31,1177.0,1180.0,1177.0,1180.0,36.0
2023-02-01,1190.0,1190.0,1180.0,1180.0,54.0
2023-02-02,1190.0,1195.0,1190.0,1195.0,5128.0
2023-02-03,1200.0,1201.0,1172.0,1201.0,1059.0
2023-02-06,1200.0,1200.0,1180.0,1180.0,42.0
2023-02-07,1190.0,1200.0,1190.0,1200.0,170.0
2023-02-08,1200.0,1200.0,1200.0,1200.0,1.0
2023-02-09,1200.0,1230.0,1200.0,1217.0,447.0
2023-02-10,1238.0,1238.0,1238.0,1238.0,1519.0
2023-02-13,1238.0,1238.0,1238.0,1238.0,2.0
2023-02-14,1205.0,1242.0,1205.0,1220.0,143.0
2023-02-15,1250.0,1250.0,1250.0,1250.0,1551.0
2023-02-17,1260.0,1280.0,1215.0,1215.0,2117.0
2023-02-20,1220.0,1220.0,1220.0,1220.0,30.0
2023-02-22,1222.0,1222.0,1211.0,1211.0,40.0
2023-02-23,1212.0,1212.0,1210.0,1210.0,30.0
2023-02-24,1210.0,1215.0,1210.0,1215.0,501.0
2023-02-28,1215.0,1215.0,1215.0,1215.0,40.0
2023-03-01,1217.0,1217.0,1217.0,1217.0,6.0
2023-03-02,1217.0,1217.0,1217.0,1217.0,1.0
2023-03-06,1248.0,1249.0,1248.0,1249.0,5.0
2023-03-07,1210.0,1210.0,1210.0,1210.0,36.0
2023-03-09,1240.0,1240.0,1200.0,1200.0,7.0
2023-03-10,1200.0,1212.0,1200.0,1212.0,475.0
2023-03-15,1220.0,1220.0,1220.0,1220.0,300.0
2023-03-16,1220.0,1220.0,1220.0,1220.0,20.0
2023-03-17,1230.0,1260.0,1230.0,1230.0,1965.0
2023-03-20,1202.0,1202.0,1200.0,1200.0,37.0
2023-03-21,1200.0,1200.0,1200.0,1200.0,15.0
2023-03-22,1199.0,1199.0,1199.0,1199.0,1.0
2023-03-23,1249.0,1249.0,1249.0,1249.0,26.0
2023-03-24,1250.0,1251.0,1250.0,1251.0,260.0
2023-03-27,1287.0,1287.0,1251.0,1255.0,45.0
2023-03-28,1285.0,1285.0,1276.0,1276.0,130.0
2023-03-30,1290.0,1290.0,1290.0,1290.0,116.0
2023-03-31,1273.0,1300.0,1273.0,1300.0,1264.0
2023-04-05,1263.0,1300.0,1263.0,1300.0,1216.0
2023-04-06,1262.0,1262.0,1262.0,1262.0,300.0
2023-04-07,1239.0,1325.0,1239.0,1310.0,1978.0
2023-04-10,1301.0,1301.0,1301.0,1301.0,50.0
2023-04-11,1301.0,1301.0,1301.0,1301.0,3.0
2023-04-12,1301.0,1301.0,1300.0,1300.0,9.0
2023-04-14,1238.0,1238.0,1238.0,1238.0,125.0
2023-04-17,1250.0,1250.0,1250.0,1250.0,5.0
2023-04-19,1299.0,1299.0,1299.0,1299.0,1.0
2023-04-20,1310.0,1310.0,1230.0,1230.0,45.0
2023-04-21,1250.0,1260.0,1250.0,1260.0,501.0
2023-04-25,1265.0,1265.0,1265.0,1265.0,1.0
2023-04-27,1245.0,1245.0,1245.0,1245.0,2.0
2023-04-28,1218.0,1218.0,1218.0,1218.0,300.0
2023-05-03,1230.0,1230.0,1218.0,1218.0,581.0
2023-05-04,1287.0,1287.0,1250.0,1251.0,251.0
2023-05-05,1255.0,1287.0,1255.0,1256.0,431.0
2023-05-09,1260.0,1261.0,1257.0,1257.0,5.0
2023-05-10,1263.0,1280.0,1263.0,1280.0,831.0
2023-05-12,1284.0,1284.0,1284.0,1284.0,1.0
2023-05-15,1223.0,1223.0,1223.0,1223.0,17.0
2023-05-16,1249.0,1249.0,1249.0,1249.0,2.0
2023-05-18,1260.0,1260.0,1260.0,1260.0,1678.0
2023-05-19,1250.0,1270.0,1250.0,1270.0,1299.0
2023-05-24,1270.0,1270.0,1270.0,1270.0,1000.0
2023-05-26,1295.0,1320.0,1295.0,1320.0,1220.0
2023-05-29,1320.0,1350.0,1320.0,1350.0,377.0
2023-05-31,1345.0,1345.0,1330.0,1330.0,3039.0
2023-06-01,1350.0,1350.0,1350.0,1350.0,11.0
2023-06-05,1330.0,1338.0,1300.0,1338.0,619.0
2023-06-06,1338.0,1390.0,1325.0,1325.0,21.0
2023-06-07,1246.0,1246.0,1246.0,1246.0,2093.0
2023-06-08,1235.0,1244.0,1221.0,1223.0,113.0
2023-06-09,1223.0,1242.0,1220.0,1220.0,258.0
2023-06-12,1222.0,1222.0,1221.0,1221.0,11.0
2023-06-13,1222.0,1222.0,1220.0,1220.0,238.0
2023-06-14,1211.0,1285.0,1205.0,1285.0,1146.0
2023-06-15,1240.0,1253.0,1228.0,1253.0,157.0
2023-06-16,1289.0,1310.0,1275.0,1310.0,957.0
2023-06-20,1246.0,1250.0,1240.0,1250.0,156.0
2023-06-21,1250.0,1324.0,1250.0,1324.0,1228.0
2023-06-22,1245.0,1252.0,1245.0,1250.0,4121.0
2023-06-23,1247.0,1278.0,1230.0,1230.0,2621.0
2023-06-26,1235.0,1260.0,1235.0,1260.0,24.0
2023-06-27,1273.0,1274.0,1273.0,1274.0,8224.0
2023-06-28,1276.0,1300.0,1270.0,1300.0,854.0
2023-07-03,1280.0,1280.0,1235.0,1235.0,53.0
2023-07-04,1300.0,1300.0,1300.0,1300.0,45.0
2023-07-05,1300.0,1300.0,1300.0,1300.0,4.0
2023-07-06,1270.0,1295.0,1270.0,1295.0,100.0
2023-07-07,1253.0,1265.0,1253.0,1265.0,105.0
2023-07-10,1255.0,1255.0,1230.0,1230.0,21.0
2023-07-11,1231.0,1231.0,1230.0,1230.0,709.0
2023-07-12,1230.0,1240.0,1230.0,1240.0,4200.0
2023-07-13,1299.0,1299.0,1240.0,1240.0,34.0
2023-07-14,1250.0,1250.0,1250.0,1250.0,200.0
2023-07-17,1250.0,1255.0,1250.0,1255.0,4312.0
2023-07-18,1290.0,1290.0,1290.0,1290.0,2.0
2023-07-20,1287.0,1288.0,1287.0,1288.0,3.0
2023-07-21,1284.0,1284.0,1280.0,1280.0,37.0
2023-07-24,1284.0,1297.0,1235.0,1297.0,258.0
2023-07-25,1245.0,1246.0,1245.0,1246.0,7.0
2023-07-26,1298.0,1298.0,1226.0,1226.0,115.0
2023-07-27,1279.0,1279.0,1226.0,1226.0,151.0
2023-07-28,1231.0,1235.0,1231.0,1232.0,8.0
2023-07-31,1232.0,1232.0,1232.0,1232.0,4025.0
2023-08-01,1282.0,1282.0,1281.0,1282.0,20.0
2023-08-02,1260.0,1260.0,1260.0,1260.0,1600.0
2023-08-03,1250.0,1250.0,1236.0,1250.0,47.0
2023-08-04,1276.0,1278.0,1250.0,1251.0,4585.0
2023-08-08,1250.0,1260.0,1241.0,1241.0,1579.0
2023-08-09,1251.0,1251.0,1242.0,1242.0,47.0
2023-08-11,1260.0,1260.0,1260.0,1260.0,7.0
2023-08-18,1250.0,1250.0,1250.0,1250.0,45.0
2023-08-22,1280.0,1280.0,1239.0,1239.0,80.0
2023-08-23,1237.0,1237.0,1235.0,1235.0,11.0
2023-08-24,1237.0,1255.0,1235.0,1255.0,574.0
2023-08-25,1235.0,1270.0,1235.0,1270.0,144.0
2023-08-30,1239.0,1239.0,1238.0,1238.0,2.0
2023-08-31,1200.0,1200.0,1171.0,1200.0,195.0
2023-09-01,1196.0,1198.0,1196.0,1198.0,5.0
2023-09-04,1172.0,1172.0,1172.0,1172.0,8.0
2023-09-06,1172.0,1172.0,1166.0,1166.0,51.0
2023-09-08,1100.0,1100.0,1100.0,1100.0,690.0
2023-09-12,1120.0,1120.0,1096.0,1119.0,231.0
2023-09-13,1095.0,1186.0,1095.0,1186.0,68.0
2023-09-14,1115.0,1115.0,1115.0,1115.0,110.0
2023-09-15,1110.0,1145.0,1090.0,1090.0,1138.0
2023-09-18,1091.0,1139.0,1091.0,1139.0,61.0
2023-09-19,1138.0,1150.0,1100.0,1150.0,282.0
2023-09-20,1116.0,1144.0,1103.0,1144.0,1313.0
2023-09-21,1120.0,1120.0,1104.0,1104.0,200.0
2023-09-22,1106.0,1106.0,1105.0,1105.0,454.0
2023-09-26,1106.0,1150.0,1106.0,1150.0,4481.0
2023-09-27,1107.0,1150.0,1107.0,1150.0,1217.0
2023-10-02,1150.0,1150.0,1100.0,1100.0,1301.0
2023-10-03,1110.0,1135.0,1110.0,1135.0,113.0
2023-10-04,1146.0,1150.0,1105.0,1116.0,89.0
2023-10-05,1148.0,1169.0,1120.0,1150.0,410.0
2023-10-06,1150.0,1150.0,1125.0,1125.0,3463.0
2023-10-09,1149.0,1149.0,1149.0,1149.0,3.0
2023-10-11,1120.0,1120.0,1120.0,1120.0,43.0
2023-10-13,1120.0,1120.0,1120.0,1120.0,45.0
2023-10-17,1120.0,1120.0,1105.0,1106.0,3446.0
2023-10-18,1109.0,1109.0,1109.0,1109.0,10.0
2023-10-19,1110.0,1110.0,1101.0,1105.0,351.0
2023-10-20,1105.0,1105.0,1100.0,1101.0,95.0
2023-10-23,1105.0,1105.0,1100.0,1105.0,56.0
2023-10-24,1105.0,1105.0,1050.0,1050.0,229.0
2023-10-25,1105.0,1120.0,1056.0,1056.0,9.0
2023-10-26,1071.0,1071.0,1060.0,1060.0,1754.0
2023-10-27,1060.0,1060.0,1051.0,1051.0,70.0
2023-10-30,1053.0,1053.0,1053.0,1053.0,2.0
2023-10-31,1056.0,1060.0,1056.0,1060.0,664.0
2023-11-01,1066.0,1066.0,1066.0,1066.0,1000.0
2023-11-02,1066.0,1083.0,1065.0,1083.0,130.0
2023-11-03,1084.0,1085.0,1080.0,1080.0,541.0
2023-11-07,1080.0,1090.0,1080.0,1085.0,392.0
2023-11-08,1090.0,1118.0,1085.0,1118.0,509.0
2023-11-09,1100.0,1120.0,1090.0,1120.0,109.0
2023-11-10,1120.0,1120.0,1080.0,1080.0,208.0
2023-11-13,1070.0,1100.0,1070.0,1100.0,74.0
2023-11-14,1090.0,1090.0,1090.0,1090.0,2892.0
2023-11-15,1090.0,1090.0,1090.0,1090.0,1.0
2023-11-16,1100.0,1100.0,1100.0,1100.0,1.0
2023-11-17,1115.0,1115.0,1095.0,1095.0,11.0
2023-11-20,1100.0,1100.0,1100.0,1100.0,5.0
2023-11-21,1099.0,1120.0,1082.0,1120.0,2151.0
2023-11-22,1119.0,1120.0,1092.0,1120.0,80.0
2023-11-23,1125.0,1125.0,1125.0,1125.0,10.0
2023-11-24,1100.0,1100.0,1100.0,1100.0,706.0
2023-11-27,1100.0,1100.0,1100.0,1100.0,130.0
2023-11-28,1100.0,1100.0,1100.0,1100.0,123.0
2023-11-29,1100.0,1100.0,1099.0,1100.0,838.0
2023-11-30,1100.0,1100.0,1091.0,1091.0,79.0
2023-12-01,1100.0,1100.0,1100.0,1100.0,360.0
2023-12-04,1100.0,1125.0,1100.0,1100.0,1163.0
2023-12-05,1100.0,1100.0,1100.0,1100.0,723.0
2023-12-06,1090.0,1090.0,1090.0,1090.0,54.0
2023-12-07,1101.0,1120.0,1101.0,1101.0,57.0
2023-12-08,1088.0,1100.0,1088.0,1100.0,601.0
2023-12-11,1100.0,1100.0,1071.0,1071.0,63.0
2023-12-13,1071.0,1123.0,1070.0,1121.0,349.0
2023-12-14,1123.0,1123.0,1101.0,1122.0,7.0
2023-12-15,1123.0,1140.0,1105.0,1105.0,1387.0
2023-12-18,1150.0,1150.0,1118.0,1118.0,5049.0
2023-12-19,1150.0,1185.0,1150.0,1180.0,453.0
2023-12-20,1180.0,1180.0,1160.0,1160.0,131.0
2023-12-21,1146.0,1179.0,1145.0,1160.0,15.0
2023-12-22,1154.0,1159.0,1133.0,1135.0,2382.0
2023-12-25,1135.0,1135.0,1135.0,1135.0,20.0
2023-12-26,1139.0,1173.0,1139.0,1140.0,336.0
2023-12-28,1155.0,1175.0,1155.0,1155.0,4133.0
2023-12-29,1157.0,1160.0,1157.0,1160.0,8500.0
2024-01-02,1179.0,1185.0,1170.0,1170.0,441.0
2024-01-03,1170.0,1207.0,1170.0,1175.0,3342.0
2024-01-04,1175.0,1175.0,1175.0,1175.0,50.0
2024-01-05,1166.0,1180.0,1166.0,1180.0,575.0
2024-01-08,1180.0,1180.0,1170.0,1180.0,1006.0
2024-01-09,1180.0,1180.0,1180.0,1180.0,35.0
2024-01-10,1151.0,1192.0,1151.0,1180.0,1016.0
2024-01-12,1180.0,1180.0,1180.0,1180.0,806.0
2024-01-15,1180.0,1180.0,1180.0,1180.0,4.0
2024-01-16,1155.0,1195.0,1150.0,1195.0,3053.0
2024-01-17,1150.0,1186.0,1150.0,1186.0,200.0
2024-01-18,1185.0,1196.0,1180.0,1196.0,660.0
2024-01-19,1198.0,1209.0,1198.0,1209.0,1301.0
2024-01-22,1209.0,1210.0,1209.0,1210.0,33.0
2024-01-23,1200.0,1228.0,1200.0,1210.0,181.0
2024-01-24,1200.0,1228.0,1200.0,1228.0,220.0
2024-01-25,1210.0,1228.0,1210.0,1228.0,370.0
2024-01-26,1227.0,1256.0,1227.0,1256.0,2232.0
2024-01-29,1250.0,1269.0,1249.0,1250.0,881.0
2024-01-30,1250.0,1250.0,1250.0,1250.0,94.0
2024-01-31,1255.0,1369.0,1255.0,1350.0,9966.0
2024-02-01,1370.0,1375.0,1345.0,1350.0,642.0
2024-02-02,1350.0,1369.0,1330.0,1330.0,615.0
2024-02-05,1330.0,1333.0,1330.0,1333.0,181.0
2024-02-06,1311.0,1330.0,1310.0,1330.0,32.0
2024-02-07,1330.0,1355.0,1330.0,1350.0,2637.0
2024-02-08,1350.0,1350.0,1336.0,1350.0,837.0
2024-02-09,1350.0,1350.0,1327.0,1350.0,545.0
2024-02-12,1350.0,1355.0,1350.0,1355.0,406.0
2024-02-13,1357.0,1403.0,1355.0,1403.0,13166.0
2024-02-14,1409.0,1509.0,1409.0,1463.0,8891.0
2024-02-15,1480.0,1481.0,1463.0,1463.0,567.0
2024-02-16,1463.0,1464.0,1400.0,1400.0,1261.0
2024-02-19,1455.0,1455.0,1416.0,1416.0,17.0
2024-02-20,1416.0,1430.0,1406.0,1411.0,6041.0
2024-02-21,1409.0,1440.0,1371.0,1440.0,3495.0
2024-02-22,1430.0,1440.0,1430.0,1440.0,11.0
2024-02-23,1440.0,1469.0,1440.0,1455.0,5371.0
2024-02-26,1441.0,1457.0,1441.0,1457.0,58.0
2024-02-27,1417.0,1440.0,1416.0,1440.0,13.0
2024-02-28,1404.0,1428.0,1404.0,1428.0,31.0
2024-02-29,1438.0,1438.0,1405.0,1428.0,388.0
2024-03-01,1411.0,1411.0,1410.0,1410.0,58.0
2024-03-04,1430.0,1435.0,1405.0,1420.0,152.0
2024-03-05,1430.0,1430.0,1430.0,1430.0,1000.0
2024-03-06,1406.0,1430.0,1400.0,1430.0,5488.0
2024-03-07,1430.0,1430.0,1430.0,1430.0,1000.0
2024-03-08,1400.0,1400.0,1400.0,1400.0,3007.0
2024-03-11,1405.0,1405.0,1392.0,1392.0,101.0
2024-03-12,1393.0,1393.0,1388.0,1388.0,13.0
2024-03-13,1380.0,1380.0,1351.0,1351.0,19.0
2024-03-14,1371.0,1371.0,1345.0,1345.0,34.0
2024-03-15,1335.0,1380.0,1331.0,1380.0,3220.0
2024-03-18,1351.0,1379.0,1351.0,1379.0,28.0
2024-03-19,1332.0,1332.0,1332.0,1332.0,1.0
2024-03-20,1332.0,1332.0,1300.0,1300.0,400.0
2024-03-21,1358.0,1358.0,1358.0,1358.0,10.0
2024-03-25,1290.0,1291.0,1280.0,1291.0,692.0
2024-03-26,1295.0,1300.0,1287.0,1300.0,745.0
2024-03-27,1301.0,1360.0,1301.0,1360.0,2657.0
2024-03-28,1365.0,1400.0,1365.0,1400.0,8022.0
2024-03-29,1360.0,1401.0,1360.0,1401.0,1120.0
2024-04-01,1395.0,1399.0,1395.0,1399.0,575.0
2024-04-02,1398.0,1398.0,1398.0,1398.0,205.0
2024-04-03,1360.0,1400.0,1360.0,1400.0,577.0
2024-04-04,1353.0,1394.0,1335.0,1394.0,192.0
2024-04-05,1395.0,1400.0,1394.0,1400.0,778.0
2024-04-08,1400.0,1400.0,1321.0,1336.0,1137.0
2024-04-09,1336.0,1376.0,1336.0,1350.0,298.0
2024-04-15,1362.0,1390.0,1362.0,1379.0,827.0
2024-04-16,1360.0,1390.0,1352.0,1352.0,257.0
2024-04-17,1338.0,1350.0,1315.0,1350.0,12064.0
2024-04-18,1350.0,1350.0,1350.0,1350.0,1.0
2024-04-19,1330.0,1350.0,1320.0,1350.0,143.0
2024-04-22,1350.0,1350.0,1350.0,1350.0,18.0
2024-04-23,1331.0,1367.0,1331.0,1367.0,3.0
2024-04-24,1333.0,1367.0,1333.0,1367.0,3.0
2024-04-25,1333.0,1375.0,1333.0,1375.0,2.0
2024-04-26,1338.0,1375.0,1338.0,1375.0,2618.0
2024-04-30,1374.0,1410.0,1374.0,1410.0,264.0
2024-05-02,1400.0,1400.0,1400.0,1400.0,4455.0
2024-05-03,1400.0,1415.0,1400.0,1400.0,2101.0
2024-05-07,1395.0,1436.0,1366.0,1366.0,1253.0
2024-05-08,1400.0,1400.0,1400.0,1400.0,1.0
2024-05-10,1400.0,1400.0,1400.0,1400.0,2094.0
2024-05-13,1408.0,1408.0,1408.0,1408.0,28.0
2024-05-14,1408.0,1408.0,1408.0,1408.0,580.0
2024-05-16,1368.0,1407.0,1367.0,1407.0,49.0
2024-05-17,1380.0,1400.0,1380.0,1400.0,3026.0
2024-05-20,1385.0,1385.0,1385.0,1385.0,47.0
2024-05-21,1368.0,1403.0,1366.0,1403.0,5.0
2024-05-22,1417.0,1417.0,1365.0,1365.0,167.0
2024-05-24,1369.0,1369.0,1369.0,1369.0,43.0
2024-05-27,1375.0,1375.0,1370.0,1370.0,1506.0
2024-05-28,1397.0,1399.0,1345.0,1345.0,4043.0
2024-05-29,1370.0,1370.0,1370.0,1370.0,1031.0
2024-05-30,1370.0,1370.0,1370.0,1370.0,2500.0
2024-05-31,1380.0,1380.0,1380.0,1380.0,17.0
2024-06-04,1350.0,1360.0,1350.0,1360.0,345.0
2024-06-05,1350.0,1350.0,1345.0,1349.0,3053.0
2024-06-06,1380.0,1380.0,1350.0,1350.0,2100.0
2024-06-07,1350.0,1350.0,1315.0,1315.0,1000.0
2024-06-10,1317.0,1317.0,1317.0,1317.0,1600.0
2024-06-11,1330.0,1375.0,1330.0,1375.0,4402.0
2024-06-13,1369.0,1370.0,1369.0,1370.0,1100.0
2024-06-14,1375.0,1375.0,1370.0,1370.0,431.0
2024-06-19,1350.0,1350.0,1350.0,1350.0,100.0
2024-06-20,1325.0,1349.0,1322.0,1330.0,340.0
2024-06-24,1360.0,1360.0,1360.0,1360.0,1.0
2024-06-25,1369.0,1400.0,1369.0,1400.0,50.0
2024-06-26,1399.0,1399.0,1380.0,1380.0,20.0
2024-06-28,1321.0,1379.0,1318.0,1379.0,3398.0
2024-07-02,1399.0,1418.0,1399.0,1418.0,21.0
2024-07-03,1389.0,1389.0,1389.0,1389.0,1.0
2024-07-08,1389.0,1389.0,1389.0,1389.0,1.0
2024-07-10,1360.0,1388.0,1349.0,1388.0,12.0
2024-07-12,1324.0,1365.0,1324.0,1365.0,302.0
2024-07-15,1328.0,1360.0,1325.0,1360.0,7.0
2024-07-17,1333.0,1333.0,1333.0,1333.0,1.0
2024-07-18,1334.0,1371.0,1333.0,1371.0,11.0
2024-07-22,1329.0,1329.0,1329.0,1329.0,4.0
2024-07-23,1333.0,1430.0,1332.0,1420.0,3390.0
2024-07-24,1420.0,1430.0,1419.0,1420.0,226.0
2024-07-25,1419.0,1421.0,1419.0,1421.0,2651.0
2024-07-26,1421.0,1421.0,1421.0,1421.0,510.0
2024-07-29,1435.0,1435.0,1420.0,1431.0,92.0
2024-07-31,1434.0,1445.0,1434.0,1445.0,23.0
2024-08-02,1445.0,1450.0,1425.0,1445.0,159.0
2024-08-05,1420.0,1458.0,1370.0,1458.0,19.0
2024-08-07,1453.0,1456.0,1437.0,1437.0,2006.0
2024-08-09,1437.0,1450.0,1437.0,1437.0,5355.0
2024-08-13,1450.0,1450.0,1450.0,1450.0,1375.0
2024-08-16,1455.0,1462.0,1450.0,1450.0,370.0
2024-08-19,1407.0,1450.0,1407.0,1450.0,60.0
2024-08-23,1450.0,1460.0,1450.0,1460.0,1050.0
2024-08-28,1450.0,1450.0,1449.0,1450.0,3384.0
2024-08-29,1450.0,1450.0,1450.0,1450.0,2007.0
2024-08-30,1423.0,1479.0,1423.0,1460.0,1683.0
2024-09-02,1425.0,1465.0,1425.0,1450.0,40.0
2024-09-03,1462.0,1462.0,1450.0,1450.0,149.0
2024-09-04,1417.0,1460.0,1417.0,1460.0,50.0
2024-09-05,1459.0,1459.0,1459.0,1459.0,3.0
2024-09-06,1454.0,1454.0,1449.0,1449.0,2130.0
2024-09-09,1450.0,1450.0,1430.0,1445.0,304.0
2024-09-10,1430.0,1430.0,1430.0,1430.0,2.0
2024-09-11,1430.0,1450.0,1402.0,1450.0,110.0
2024-09-12,1410.0,1460.0,1410.0,1460.0,341.0
2024-09-13,1448.0,1462.0,1403.0,1460.0,1899.0
2024-09-18,1440.0,1464.0,1409.0,1464.0,139.0
2024-09-19,1464.0,1490.0,1464.0,1490.0,1757.0
2024-09-20,1492.0,1520.0,1492.0,1500.0,190.0
2024-09-23,1500.0,1622.0,1500.0,1600.0,2399.0
2024-09-24,1620.0,1620.0,1600.0,1600.0,1043.0
2024-09-25,1600.0,1640.0,1600.0,1640.0,1922.0
2024-09-26,1640.0,1649.0,1640.0,1649.0,330.0
2024-09-27,1650.0,1650.0,1603.0,1650.0,1476.0
2024-09-30,1730.0,1800.0,1730.0,1740.0,982.0
2024-10-01,1794.0,1794.0,1653.0,1700.0,1525.0
2024-10-02,1695.0,1700.0,1595.0,1595.0,10732.0
2024-10-03,1605.0,1605.0,1605.0,1605.0,370.0
2024-10-04,1724.0,1724.0,1595.0,1595.0,2219.0
2024-10-07,1600.0,1642.0,1600.0,1630.0,166.0
2024-10-08,1582.0,1600.0,1575.0,1600.0,1850.0
2024-10-09,1578.0,1600.0,1578.0,1600.0,5.0
2024-10-10,1600.0,1600.0,1580.0,1580.0,1349.0
2024-10-11,1577.0,1580.0,1577.0,1580.0,11.0
2024-10-14,1580.0,1600.0,1560.0,1560.0,559.0
2024-10-15,1551.0,1551.0,1500.0,1500.0,341.0
2024-10-16,1481.0,1540.0,1480.0,1540.0,101.0
2024-10-17,1570.0,1570.0,1570.0,1570.0,20.0
2024-10-18,1570.0,1570.0,1510.0,1510.0,375.0
2024-10-21,1559.0,1559.0,1559.0,1559.0,2.0
2024-10-22,1515.0,1530.0,1515.0,1530.0,965.0
2024-10-23,1510.0,1566.0,1510.0,1530.0,403.0
2024-10-24,1568.0,1568.0,1530.0,1530.0,1006.0
2024-10-25,1509.0,1568.0,1486.0,1568.0,32.0
2024-10-28,1540.0,1550.0,1535.0,1550.0,1850.0
2024-10-29,1566.0,1566.0,1550.0,1550.0,52.0
2024-10-30,1550.0,1550.0,1505.0,1505.0,42.0
2024-10-31,1520.0,1520.0,1517.0,1520.0,801.0
2024-11-01,1525.0,1525.0,1480.0,1480.0,503.0
2024-11-04,1480.0,1480.0,1459.0,1459.0,2841.0
2024-11-05,1480.0,1545.0,1480.0,1545.0,54.0
2024-11-07,1545.0,1550.0,1545.0,1550.0,1200.0
2024-11-08,1502.0,1570.0,1502.0,1570.0,3523.0
2024-11-11,1507.0,1576.0,1507.0,1576.0,3.0
2024-11-12,1600.0,1600.0,1597.0,1597.0,71.0
2024-11-13,1540.0,1598.0,1540.0,1598.0,34.0
2024-11-14,1595.0,1595.0,1595.0,1595.0,2.0
2024-11-15,1550.0,1593.0,1550.0,1580.0,290.0
2024-11-19,1550.0,1550.0,1550.0,1550.0,167.0
2024-11-20,1550.0,1580.0,1550.0,1580.0,670.0
2024-11-21,1595.0,1595.0,1570.0,1570.0,5.0
2024-11-22,1570.0,1570.0,1568.0,1570.0,33.0
2024-11-25,1595.0,1595.0,1550.0,1550.0,41.0
2024-11-26,1528.0,1550.0,1504.0,1550.0,178.0
2024-11-27,1540.0,1540.0,1540.0,1540.0,3.0
2024-11-28,1579.0,1579.0,1579.0,1579.0,5.0
2024-11-29,1540.0,1560.0,1519.0,1519.0,1162.0
2024-12-02,1521.0,1521.0,1520.0,1520.0,4976.0
2024-12-03,1560.0,1560.0,1560.0,1560.0,20.0
2024-12-04,1510.0,1574.0,1510.0,1510.0,67.0
2024-12-05,1530.0,1530.0,1530.0,1530.0,15.0
2024-12-06,1510.0,1520.0,1510.0,1520.0,26.0
2024-12-09,1549.0,1549.0,1549.0,1549.0,20.0
2024-12-11,1510.0,1510.0,1500.0,1500.0,56.0
2024-12-12,1482.0,1499.0,1459.0,1499.0,140.0
2024-12-13,1490.0,1490.0,1490.0,1490.0,2923.0
2024-12-16,1489.0,1489.0,1468.0,1468.0,13.0
2024-12-17,1468.0,1498.0,1459.0,1498.0,168.0
2024-12-19,1499.0,1500.0,1499.0,1500.0,200.0
2024-12-20,1455.0,1500.0,1455.0,1500.0,528.0
2024-12-23,1540.0,1540.0,1470.0,1470.0,80.0
2024-12-24,1500.0,1500.0,1500.0,1500.0,15.0
2024-12-25,1450.0,1519.0,1450.0,1519.0,58.0
2024-12-26,1500.0,1500.0,1500.0,1500.0,10020.0
2024-12-27,1530.0,1530.0,1530.0,1530.0,3001.0
2024-12-30,1499.0,1529.0,1499.0,1529.0,95.0
2024-12-31,1500.0,1500.0,1500.0,1500.0,609.0
2025-01-02,1526.0,1526.0,1526.0,1526.0,2.0
2025-01-03,1529.0,1529.0,1528.0,1529.0,1611.0
2025-01-06,1520.0,1529.0,1520.0,1529.0,96.0
2025-01-07,1528.0,1529.0,1505.0,1505.0,1075.0
2025-01-08,1528.0,1528.0,1528.0,1528.0,353.0
2025-01-09,1477.0,1527.0,1477.0,1518.0,492.0
2025-01-10,1517.0,1530.0,1500.0,1529.0,40794.0
2025-01-13,1534.0,1534.0,1500.0,1500.0,101.0
2025-01-15,1528.0,1600.0,1528.0,1535.0,2504.0
2025-01-16,1600.0,1600.0,1570.0,1570.0,4832.0
2025-01-17,1570.0,1570.0,1570.0,1570.0,3052.0
2025-01-20,1561.0,1561.0,1560.0,1560.0,58.0
2025-01-21,1598.0,1598.0,1589.0,1589.0,2537.0
2025-01-22,1555.0,1556.0,1531.0,1531.0,751.0
2025-01-23,1588.0,1590.0,1586.0,1590.0,9820.0
2025-01-24,1588.0,1614.0,1588.0,1598.0,875.0
2025-01-27,1619.0,1619.0,1610.0,1610.0,51.0
2025-01-28,1570.0,1599.0,1562.0,1590.0,1706.0
2025-01-29,1572.0,1589.0,1543.0,1589.0,92.0
2025-01-30,1592.0,1600.0,1592.0,1600.0,56.0
2025-01-31,1600.0,1600.0,1554.0,1554.0,82.0
2025-02-03,1559.0,1559.0,1559.0,1559.0,81.0
2025-02-04,1559.0,1559.0,1536.0,1536.0,229.0
2025-02-05,1540.0,1540.0,1536.0,1540.0,1225.0
2025-02-06,1537.0,1581.0,1537.0,1581.0,5320.0
2025-02-07,1581.0,1590.0,1549.0,1590.0,976.0
2025-02-11,1585.0,1590.0,1585.0,1590.0,13.0
2025-02-12,1585.0,1590.0,1585.0,1590.0,13.0
2025-02-13,1559.0,1570.0,1559.0,1570.0,6557.0
2025-02-14,1570.0,1570.0,1570.0,1570.0,3100.0
2025-02-17,1580.0,1580.0,1570.0,1580.0,2733.0
2025-02-18,1590.0,1597.0,1560.0,1580.0,3462.0
2025-02-19,1597.0,1610.0,1586.0,1586.0,961.0
2025-02-20,1607.0,1660.0,1600.0,1600.0,416.0
2025-02-21,1620.0,1620.0,1580.0,1580.0,2773.0
2025-02-24,1600.0,1600.0,1600.0,1600.0,100.0
2025-02-25,1600.0,1609.0,1580.0,1609.0,633.0
2025-02-26,1580.0,1639.0,1568.0,1639.0,163.0
2025-02-27,1619.0,1625.0,1619.0,1625.0,3.0
2025-02-28,1600.0,1600.0,1600.0,1600.0,3.0
2025-03-05,1597.0,1597.0,1597.0,1597.0,2.0
2025-03-06,1597.0,1597.0,1597.0,1597.0,39.0
2025-03-07,1593.0,1593.0,1569.0,1569.0,147.0
2025-03-10,1567.0,1567.0,1560.0,1560.0,1705.0
2025-03-12,1530.0,1560.0,1521.0,1560.0,106.0
2025-03-13,1560.0,1560.0,1560.0,1560.0,300.0
2025-03-14,1560.0,1560.0,1550.0,1550.0,1080.0
2025-03-17,1525.0,1560.0,1525.0,1560.0,170.0
2025-03-18,1600.0,1600.0,1600.0,1600.0,812.0
2025-03-19,1599.0,1599.0,1580.0,1580.0,1958.0
2025-03-20,1600.0,1600.0,1590.0,1590.0,1087.0
2025-03-21,1601.0,1690.0,1600.0,1600.0,7935.0
2025-03-24,1665.0,1665.0,1639.0,1640.0,2881.0
2025-03-25,1685.0,1760.0,1685.0,1723.0,27258.0
2025-03-26,1745.0,1812.0,1725.0,1740.0,13686.0
2025-03-27,1750.0,1775.0,1720.0,1720.0,4975.0
2025-03-28,1870.0,1891.0,1849.0,1849.0,23713.0
2025-04-02,1848.0,1849.0,1767.0,1820.0,9914.0
2025-04-03,1857.0,1857.0,1800.0,1821.0,10900.0
2025-04-04,1849.0,1849.0,1780.0,1800.0,4357.0
2025-04-07,1720.0,1795.0,1704.0,1705.0,1440.0
2025-04-08,1710.0,1780.0,1710.0,1710.0,1826.0
2025-04-09,1681.0,1722.0,1600.0,1600.0,7222.0
2025-04-10,1739.0,1740.0,1700.0,1700.0,10326.0
2025-04-11,1690.0,1700.0,1600.0,1600.0,2459.0
2025-04-14,1715.0,1715.0,1700.0,1700.0,25.0
2025-04-15,1699.0,1751.0,1699.0,1751.0,6795.0
2025-04-16,1750.0,1801.0,1750.0,1801.0,7250.0
2025-04-17,1796.0,1866.0,1776.0,1866.0,2781.0
2025-04-18,1851.0,1950.0,1851.0,1910.0,3527.0
2025-04-21,1950.0,1950.0,1881.0,1910.0,878.0
2025-04-22,1882.0,1894.0,1861.0,1879.0,374.0
2025-04-23,1866.0,1905.0,1865.0,1890.0,1137.0
2025-04-24,1899.0,1899.0,1850.0,1880.0,2406.0
2025-04-25,1825.0,1886.0,1811.0,1811.0,8290.0
2025-04-28,1811.0,1849.0,1793.0,1831.0,6034.0
2025-04-29,1800.0,1878.0,1800.0,1878.0,1997.0
2025-04-30,1873.0,1873.0,1821.0,1873.0,3622.0
2025-05-02,1823.0,1875.0,1822.0,1875.0,1892.0
2025-05-05,1875.0,1880.0,1865.0,1874.0,137.0
2025-05-06,1877.0,1877.0,1831.0,1875.0,466.0
2025-05-07,2062.0,2062.0,1950.0,1957.0,17989.0
2025-05-08,1961.0,1977.0,1940.0,1941.0,8812.0
2025-05-09,1969.0,1969.0,1965.0,1969.0,522.0
2025-05-12,1970.0,2000.0,1950.0,2000.0,6124.0
2025-05-13,2000.0,2000.0,1970.0,1990.0,3763.0
2025-05-14,1994.0,1995.0,1951.0,1951.0,992.0
2025-05-15,1969.0,1970.0,1951.0,1963.0,2473.0
2025-05-16,1960.0,1965.0,1910.0,1910.0,14861.0
2025-05-19,1920.0,1977.0,1911.0,1968.0,63.0
2025-05-20,1915.0,1959.0,1915.0,1930.0,412.0
2025-05-21,1940.0,1940.0,1940.0,1940.0,150.0
2025-05-22,1931.0,1970.0,1920.0,1968.0,401.0
2025-05-23,1955.0,1970.0,1940.0,1940.0,2686.0
2025-05-26,1950.0,1979.0,1950.0,1979.0,202.0
2025-05-27,1940.0,1980.0,1940.0,1980.0,43.0
2025-05-28,1980.0,1980.0,1930.0,1935.0,1517.0
2025-05-29,1935.0,1965.0,1930.0,1935.0,9176.0
2025-05-30,1920.0,1947.0,1900.0,1935.0,6204.0
2025-06-02,1936.0,1936.0,1936.0,1936.0,3.0
2025-06-03,1931.0,1935.0,1920.0,1930.0,1718.0
2025-06-04,1921.0,1930.0,1921.0,1930.0,2490.0
2025-06-05,1930.0,1940.0,1925.0,1938.0,140.0
2025-06-06,1925.0,1935.0,1900.0,1911.0,2772.0
2025-06-10,1929.0,1929.0,1907.0,1923.0,2128.0
2025-06-11,1915.0,1925.0,1907.0,1915.0,1498.0
2025-06-12,1920.0,1920.0,1905.0,1920.0,1343.0
2025-06-13,1907.0,1913.0,1871.0,1872.0,4371.0
2025-06-16,1872.0,1930.0,1872.0,1900.0,1718.0
2025-06-17,1924.0,1924.0,1895.0,1895.0,4161.0
2025-06-18,1925.0,1925.0,1880.0,1880.0,7585.0
2025-06-19,1760.0,1796.0,1760.0,1796.0,2234.0
2025-06-20,1770.0,1790.0,1770.0,1790.0,620.0
2025-06-23,1775.0,1790.0,1755.0,1790.0,92.0
2025-06-24,1800.0,1820.0,1781.0,1781.0,1026.0
2025-06-25,1781.0,1809.0,1781.0,1808.0,19.0
2025-06-26,1808.0,1809.0,1789.0,1789.0,850.0
2025-06-30,1783.0,1785.0,1780.0,1785.0,1322.0
2025-07-01,1780.0,1784.0,1760.0,1780.0,5.0
2025-07-02,1775.0,1795.0,1755.0,1790.0,188.0
2025-07-03,1785.0,1795.0,1780.0,1792.0,55.0
2025-07-04,1791.0,1791.0,1730.0,1730.0,118.0
2025-07-07,1760.0,1780.0,1740.0,1761.0,58.0
2025-07-08,1777.0,1778.0,1760.0,1760.0,178.0
2025-07-09,1760.0,1762.0,1752.0,1752.0,126.0
2025-07-10,1750.0,1760.0,1722.0,1760.0,277.0
2025-07-11,1727.0,1731.0,1670.0,1670.0,2820.0
2025-07-14,1705.0,1705.0,1686.0,1700.0,168.0
2025-07-15,1695.0,1699.0,1680.0,1680.0,279.0
2025-07-16,1671.0,1680.0,1670.0,1672.0,201.0
2025-07-17,1671.0,1672.0,1630.0,1630.0,2114.0
2025-07-18,1653.0,1720.0,1610.0,1720.0,5535.0
2025-07-21,1685.0,1735.0,1685.0,1720.0,1207.0
2025-07-22,1689.0,1725.0,1689.0,1700.0,384.0
2025-07-23,1700.0,1725.0,1700.0,1725.0,343.0
2025-07-24,1723.0,1725.0,1700.0,1725.0,947.0
2025-07-25,1702.0,1730.0,1701.0,1730.0,479.0
2025-07-28,1705.0,1725.0,1700.0,1700.0,274.0
2025-07-29,1700.0,1750.0,1700.0,1749.0,2380.0
2025-07-31,1745.0,1793.0,1730.0,1793.0,2617.0
2025-08-01,1800.0,1800.0,1754.0,1788.0,698.0
2025-08-04,1760.0,1786.0,1755.0,1786.0,220.0
2025-08-05,1757.0,1800.0,1740.0,1780.0,1209.0
2025-08-06,1798.0,1798.0,1750.0,1756.0,27.0
2025-08-07,1780.0,1780.0,1750.0,1760.0,1161.0
2025-08-08,1750.0,1759.0,1745.0,1745.0,697.0
2025-08-11,1746.0,1780.0,1741.0,1770.0,86.0
2025-08-12,1774.0,1774.0,1750.0,1770.0,233.0
2025-08-13,1770.0,1770.0,1750.0,1760.0,76.0
2025-08-15,1755.0,1777.0,1742.0,1777.0,200.0
2025-08-18,1780.0,1780.0,1770.0,1770.0,76.0
2025-08-19,1751.0,1770.0,1751.0,1760.0,241.0
2025-08-22,1753.0,1760.0,1713.0,1760.0,2021.0
2025-08-25,1760.0,1800.0,1745.0,1770.0,326.0
2025-08-26,1771.0,1810.0,1760.0,1810.0,3356.0
2025-08-27,1815.0,1815.0,1766.0,1790.0,78.0
2025-08-28,1814.0,1814.0,1785.0,1785.0,450.0
2025-08-29,1756.0,1778.0,1730.0,1750.0,1601.0
2025-09-01,1750.0,1780.0,1735.0,1780.0,779.0
2025-09-02,1750.0,1780.0,1730.0,1780.0,161.0
2025-09-03,1750.0,1772.0,1746.0,1772.0,244.0
2025-09-04,1788.0,1788.0,1750.0,1778.0,2583.0
2025-09-08,1760.0,1776.0,1760.0,1775.0,107.0
2025-09-09,1773.0,1773.0,1738.0,1738.0,652.0
2025-09-10,1741.0,1770.0,1741.0,1760.0,926.0
2025-09-11,1740.0,1767.0,1740.0,1767.0,1054.0
2025-09-12,1767.0,1767.0,1740.0,1764.0,136.0
2025-09-15,1740.0,1740.0,1700.0,1700.0,1059.0
2025-09-16,1727.0,1727.0,1700.0,1710.0,99.0
2025-09-17,1710.0,1710.0,1710.0,1710.0,1301.0
2025-09-18,1727.0,1785.0,1727.0,1785.0,11398.0
2025-09-19,1885.0,1900.0,1831.0,1900.0,6349.0
2025-09-22,1891.0,1905.0,1845.0,1900.0,7518.0
2025-09-23,1897.0,1897.0,1850.0,1850.0,2016.0
2025-09-24,1850.0,1850.0,1845.0,1845.0,2097.0
2025-09-25,1802.0,1850.0,1802.0,1850.0,3193.0
2025-09-26,1811.0,1830.0,1800.0,1800.0,5046.0
2025-09-29,1839.0,1839.0,1780.0,1800.0,1641.0
2025-09-30,1740.0,1785.0,1730.0,1785.0,9585.0
2025-10-01,1750.0,1750.0,1720.0,1735.0,6841.0
2025-10-02,1740.0,1798.0,1670.0,1797.0,570.0
2025-10-03,1798.0,1800.0,1770.0,1796.0,940.0
2025-10-06,1733.0,1818.0,1733.0,1818.0,2597.0
2025-10-07,1819.0,1819.0,1764.0,1816.0,165.0
2025-10-08,1766.0,1813.0,1764.0,1770.0,2210.0
2025-10-09,1770.0,1816.0,1770.0,1770.0,4951.0
2025-10-10,1810.0,1850.0,1755.0,1850.0,4659.0
2025-10-13,1850.0,1850.0,1775.0,1849.0,75.0
2025-10-14,1800.0,1845.0,1770.0,1845.0,1803.0
2025-10-15,1800.0,1800.0,1750.0,1800.0,319.0
2025-10-16,1800.0,1825.0,1800.0,1800.0,39.0
2025-10-17,1824.0,1824.0,1780.0,1780.0,518.0
2025-10-20,1825.0,1827.0,1825.0,1827.0,82.0
2025-10-21,1800.0,1828.0,1800.0,1800.0,2113.0
2025-10-22,1800.0,1825.0,1800.0,1825.0,159.0
2025-10-23,1825.0,1826.0,1825.0,1826.0,1081.0
2025-10-24,1835.0,1838.0,1834.0,1838.0,392.0
2025-10-27,1839.0,1850.0,1800.0,1850.0,415.0
2025-10-28,1822.0,1875.0,1800.0,1870.0,3600.0
2025-10-29,1888.0,1895.0,1888.0,1894.0,101.0
2025-10-30,1860.0,1860.0,1860.0,1860.0,38.0
2025-10-31,1806.0,1870.0,1806.0,1859.0,1187.0
2025-11-03,1893.0,1893.0,1850.0,1850.0,1738.0
2025-11-04,1850.0,1850.0,1820.0,1848.0,199.0
2025-11-05,1889.0,1889.0,1816.0,1850.0,1435.0
2025-11-07,1851.0,1851.0,1850.0,1850.0,1004.0
2025-11-10,1876.0,1876.0,1820.0,1874.0,36.0
2025-11-12,1820.0,1848.0,1810.0,1848.0,3128.0
2025-11-13,1810.0,1849.0,1810.0,1849.0,14.0
2025-11-14,1807.0,1825.0,1801.0,1825.0,526.0
2025-11-17,1835.0,1835.0,1810.0,1810.0,14.0
2025-11-19,1801.0,1801.0,1740.0,1760.0,943.0
2025-11-20,1725.0,1725.0,1725.0,1725.0,247.0
2025-11-21,1818.0,1823.0,1731.0,1823.0,1526.0
2025-11-24,1847.0,1848.0,1818.0,1818.0,61.0
2025-11-25,1825.0,1825.0,1751.0,1751.0,5.0
2025-11-26,1819.0,1820.0,1766.0,1800.0,41.0
2025-11-27,1800.0,1800.0,1755.0,1755.0,7259.0
2025-11-28,1800.0,1800.0,1800.0,1800.0,1006.0
2025-12-01,1814.0,1814.0,1800.0,1810.0,7.0
2025-12-02,1760.0,1760.0,1750.0,1755.0,70.0
2025-12-03,1757.0,1760.0,1757.0,1760.0,11.0
2025-12-04,1789.0,1798.0,1756.0,1789.0,17.0
2025-12-05,1757.0,1760.0,1757.0,1757.0,22.0
2025-12-08,1752.0,1769.0,1750.0,1769.0,33.0
2025-12-09,1757.0,1757.0,1750.0,1750.0,40.0
2025-12-10,1798.0,1798.0,1796.0,1797.0,4.0
2025-12-11,1775.0,1775.0,1775.0,1775.0,300.0
2025-12-12,1795.0,1795.0,1750.0,1750.0,538.0
2025-12-15,1750.0,1750.0,1742.0,1750.0,829.0
2025-12-16,1743.0,1750.0,1730.0,1730.0,1320.0
2025-12-17,1750.0,1761.0,1750.0,1760.0,66.0
2025-12-18,1760.0,1780.0,1730.0,1730.0,472.0
2025-12-19,1750.0,1750.0,1730.0,1730.0,1006.0
2025-12-22,1731.0,1736.0,1731.0,1731.0,42.0
2025-12-23,1750.0,1750.0,1749.0,1750.0,70.0
2025-12-24,1750.0,1780.0,1750.0,1780.0,16.0
2025-12-25,1775.0,1775.0,1750.0,1750.0,585.0
2025-12-26,1770.0,1779.0,1732.0,1732.0,2275.0
2025-12-29,1780.0,1780.0,1700.0,1700.0,933.0
2025-12-30,1750.0,1750.0,1700.0,1700.0,237.0
2025-12-31,1765.0,1765.0,1745.0,1745.0,73.0
2026-01-02,1765.0,1765.0,1750.0,1750.0,179.0
2026-01-05,1740.0,1764.0,1720.0,1764.0,189.0
2026-01-06,1765.0,1775.0,1720.0,1769.0,1285.0
2026-01-07,1750.0,1765.0,1750.0,1764.0,1025.0
2026-01-08,1763.0,1764.0,1735.0,1764.0,27.0
2026-01-09,1764.0,1775.0,1730.0,1730.0,1736.0
2026-01-12,1750.0,1779.0,1700.0,1700.0,709.0
2026-01-13,1750.0,1750.0,1700.0,1730.0,162.0
2026-01-15,1730.0,1765.0,1698.0,1700.0,1092.0
2026-01-16,1720.0,1749.0,1700.0,1700.0,980.0
2026-01-19,1744.0,1744.0,1680.0,1680.0,247.0
2026-01-20,1680.0,1682.0,1640.0,1640.0,414.0
2026-01-21,1670.0,1728.0,1630.0,1630.0,299.0
2026-01-22,1650.0,1650.0,1628.0,1628.0,815.0
2026-01-23,1725.0,1725.0,1550.0,1550.0,3715.0
2026-01-26,1635.0,1650.0,1461.0,1511.0,1070.0
2026-01-27,1615.0,1615.0,1514.0,1520.0,727.0
2026-01-28,1525.0,1600.0,1525.0,1600.0,481.0
2026-01-29,1679.0,1679.0,1602.0,1636.0,139.0
2026-01-30,1645.0,1679.0,1640.0,1650.0,1311.0
2026-02-02,1650.0,1680.0,1601.0,1620.0,160.0
2026-02-03,1679.0,1679.0,1621.0,1650.0,2382.0
2026-02-04,1650.0,1673.0,1650.0,1650.0,797.0
2026-02-05,1670.0,1670.0,1563.0,1563.0,1734.0
2026-02-06,1639.0,1639.0,1568.0,1598.0,2598.0
2026-02-09,1643.0,1643.0,1603.0,1604.0,131.0
2026-02-10,1610.0,1643.0,1604.0,1604.0,61.0
2026-02-11,1575.0,1640.0,1575.0,1640.0,65.0
2026-02-12,1637.0,1637.0,1608.0,1620.0,1858.0
2026-02-13,1636.0,1636.0,1620.0,1634.0,937.0
2026-02-16,1634.0,1655.0,1620.0,1655.0,1020.0
2026-02-17,1620.0,1654.0,1620.0,1630.0,2343.0
2026-02-18,1655.0,1655.0,1630.0,1654.0,48.0
2026-02-19,1654.0,1654.0,1636.0,1636.0,31.0
2026-02-20,1644.0,1669.0,1630.0,1630.0,1427.0
2026-02-23,1654.0,1660.0,1654.0,1656.0,23.0
2026-02-24,1650.0,1677.0,1650.0,1668.0,3631.0
2026-02-25,1667.0,1700.0,1667.0,1680.0,5927.0
2026-02-26,1700.0,1720.0,1700.0,1700.0,262.0
2026-02-27,1700.0,1700.0,1675.0,1675.0,534.0
2026-03-02,1700.0,1700.0,1660.0,1680.0,5214.0
2026-03-03,1693.0,1693.0,1550.0,1580.0,9039.0
2026-03-04,1572.0,1585.0,1560.0,1585.0,5623.0
2026-03-05,1584.0,1640.0,1581.0,1639.0,98.0
2026-03-06,1638.0,1638.0,1585.0,1600.0,596.0
2026-03-09,1650.0,1650.0,1600.0,1604.0,162.0
2026-03-10,1598.0,1640.0,1560.0,1560.0,1854.0
2026-03-11,1600.0,1600.0,1550.0,1550.0,945.0
2026-03-12,1580.0,1580.0,1575.0,1575.0,31.0
2026-03-13,1600.0,1600.0,1540.0,1540.0,2987.0
2026-03-16,1559.0,1559.0,1550.0,1559.0,133.0
2026-03-17,1555.0,1590.0,1555.0,1566.0,554.0
2026-03-18,1580.0,1602.0,1580.0,1600.0,153.0
2026-03-19,1600.0,1620.0,1580.0,1580.0,446.0
2026-03-24,1595.0,1595.0,1540.0,1540.0,163.0
2026-03-25,1600.0,1600.0,1584.0,1584.0,180.0
2026-03-26,1590.0,1590.0,1500.0,1500.0,1899.0
2026-03-27,1527.0,1546.0,1471.0,1471.0,1774.0
