Time,Open,High,Low,Close,Volume
2014-10-27,429.0,430.0,428.10001,428.10001,607.0
2014-10-28,428.10001,428.5,428.10001,428.14999,835.0
2014-10-29,428.14999,429.45001,428.0,428.0,2150.0
2014-10-30,428.14999,429.0,428.14999,429.0,3279.0
2014-10-31,427.5,429.75,427.5,427.64999,2169.0
2014-11-03,428.0,429.04999,428.0,429.0,3757.0
2014-11-04,429.5,429.5,428.04999,428.10001,4964.0
2014-11-05,428.04999,429.5,428.0,429.35001,3798.0
2014-11-07,428.04999,428.95001,428.04999,428.04999,12068.0
2014-11-10,428.0,428.5,428.0,428.10001,15631.0
2014-11-11,430.0,445.0,430.0,443.89999,32653.0
2014-11-12,432.89999,444.0,432.89999,442.0,7039.0
2014-11-13,436.0,440.0,436.0,439.5,5750.0
2014-11-14,439.0,439.04999,434.0,438.0,81374.0
2014-11-17,431.20001,432.20001,431.20001,431.20001,664.0
2014-11-19,440.0,440.0,431.25,440.0,421.0
2014-11-20,431.64999,439.35001,431.64999,439.35001,280.0
2014-11-21,429.0,438.79999,428.39999,438.79999,937.0
2014-11-24,429.0,435.0,429.0,435.0,470.0
2014-11-25,430.0,435.0,429.20001,435.0,14374.0
2014-11-26,431.10001,432.0,429.29999,429.35001,2430.0
2014-11-27,429.5,433.0,429.5,433.0,7364.0
2014-11-28,430.0,432.95001,430.0,430.5,1308.0
2014-12-01,430.0,430.20001,430.0,430.10001,1366.0
2014-12-02,430.10001,432.0,428.0,428.0,9542.0
2014-12-03,420.0,421.39999,420.0,421.10001,1142.0
2014-12-04,421.5,424.0,421.0,422.0,12920.0
2014-12-05,421.0,426.0,421.0,422.0,1570.0
2014-12-08,421.0,424.0,420.0,424.0,9450.0
2014-12-09,420.10001,425.0,420.10001,424.0,1544.0
2014-12-10,422.0,428.0,422.0,423.0,5686.0
2014-12-11,423.0,424.0,420.29999,420.35001,715.0
2014-12-12,420.35001,426.0,420.35001,426.0,8020.0
2014-12-15,420.0,428.0,420.0,420.10001,275.0
2014-12-16,420.0,424.0,420.0,424.0,473.0
2014-12-17,420.10001,430.0,420.10001,421.29999,5871.0
2014-12-18,420.14999,421.0,420.14999,421.0,66.0
2014-12-19,420.5,430.0,420.5,430.0,4694.0
2014-12-22,422.0,430.0,421.0,430.0,4293.0
2014-12-23,424.0,430.0,424.0,425.0,2372.0
2014-12-24,424.14999,428.0,424.14999,425.10001,311.0
2014-12-25,426.0,430.0,422.54999,430.0,3243.0
2014-12-26,425.0,430.0,425.0,430.0,3036.0
2014-12-29,424.0,425.0,424.0,424.04999,368.0
2014-12-30,423.14999,430.0,423.14999,430.0,8831.0
2014-12-31,425.0,431.0,425.0,425.0,2766.0
2015-01-02,423.5,425.0,423.5,424.04999,134.0
2015-01-06,424.10001,430.0,424.10001,430.0,471.0
2015-01-07,425.25,430.0,425.25,430.0,1637.0
2015-01-08,428.14999,432.0,428.14999,430.10001,765.0
2015-01-09,431.0,452.0,431.0,436.64999,4219.0
2015-01-12,450.0,450.0,436.85001,449.95001,4855.0
2015-01-13,446.0,493.95001,446.0,489.95001,21229.0
2015-01-14,490.0,501.0,481.0,501.0,18467.0
2015-01-15,490.0,509.0,490.0,501.0,15991.0
2015-01-16,506.0,520.0,505.0,508.0,34573.0
2015-01-19,500.0,504.0,494.10001,497.0,4844.0
2015-01-20,490.5,500.0,490.5,492.10001,11502.0
2015-01-21,491.04999,493.0,486.0,490.0,4338.0
2015-01-22,487.0,488.0,486.60001,487.0,935.0
2015-01-23,486.79999,493.89999,486.79999,493.89999,4246.0
2015-01-26,488.0,488.10001,481.0,484.0,558.0
2015-01-27,484.0,486.0,481.10001,484.0,2783.0
2015-01-28,483.10001,492.0,483.10001,488.0,694.0
2015-01-29,486.10001,498.0,486.10001,498.0,666.0
2015-01-30,490.20001,498.5,490.0,498.5,8126.0
2015-02-02,490.0,500.0,490.0,495.20001,965.0
2015-02-03,494.25,518.0,494.25,512.20001,17339.0
2015-02-04,512.29999,530.0,512.20001,516.0,6484.0
2015-02-05,516.40002,525.0,516.09998,525.0,8509.0
2015-02-06,525.0,525.0,520.0,524.0,4536.0
2015-02-09,521.09998,522.0,520.0,520.0,433.0
2015-02-10,518.0,518.0,504.0,508.5,1431.0
2015-02-11,510.10001,519.0,510.10001,519.0,440.0
2015-02-12,518.0,518.0,512.0,513.0,1535.0
2015-02-13,513.0,517.90002,512.20001,513.0,372.0
2015-02-16,505.0,520.0,501.20001,520.0,2714.0
2015-02-17,519.0,530.0,517.09998,520.0,37763.0
2015-02-18,520.0,523.0,517.40002,519.0,964.0
2015-02-19,523.0,527.0,520.09998,522.29999,7635.0
2015-02-20,522.09998,526.0,520.09998,525.0,1672.0
2015-02-23,520.09998,520.20001,520.09998,520.09998,705.0
2015-02-24,523.0,523.0,490.14999,496.5,22152.0
2015-02-25,498.0,508.0,497.29999,501.0,2473.0
2015-02-26,501.10001,507.0,501.0,506.0,784.0
2015-02-27,500.0,505.0,499.0,500.0,8836.0
2015-03-02,500.0,505.0,500.0,501.10001,144.0
2015-03-03,500.0,502.0,500.0,500.10001,7944.0
2015-03-04,500.10001,503.0,500.10001,500.10001,6949.0
2015-03-05,496.0,503.0,496.0,503.0,9396.0
2015-03-06,505.0,505.0,500.0,503.0,3422.0
2015-03-09,500.0,503.0,500.0,503.0,1815.0
2015-03-10,500.0,503.0,500.0,500.0,4499.0
2015-03-11,500.10001,503.0,500.10001,503.0,1033.0
2015-03-12,500.10001,503.0,497.0,503.0,3234.0
2015-03-13,497.35001,503.0,497.35001,503.0,1200.0
2015-03-16,496.20001,500.0,496.20001,500.0,7491.0
2015-03-17,500.0,501.5,500.0,500.0,745.0
2015-03-18,501.0,503.0,498.0,503.0,8060.0
2015-03-19,498.0,503.0,498.0,503.0,4664.0
2015-03-20,500.0,501.0,500.0,501.0,595.0
2015-03-23,498.0,504.0,498.0,504.0,1482.0
2015-03-24,498.20001,500.0,498.20001,500.0,234.0
2015-03-25,500.0,500.5,500.0,500.5,3293.0
2015-03-26,500.0,501.0,500.0,500.10001,930.0
2015-03-27,499.0,505.0,499.0,500.0,3028.0
2015-03-30,510.0,510.0,501.0,505.10001,2093.0
2015-03-31,500.10001,501.0,498.0,498.0,274.0
2015-04-01,496.0,500.0,496.0,497.0,924.0
2015-04-02,496.20001,504.89999,496.20001,496.25,19573.0
2015-04-03,497.0,501.89999,496.25,500.0,5671.0
2015-04-06,500.0,500.0,497.0,497.0,1411.0
2015-04-07,497.5,499.89999,497.5,498.0,4838.0
2015-04-08,496.20001,498.0,496.20001,498.0,1883.0
2015-04-09,496.10001,500.0,496.10001,500.0,8733.0
2015-04-10,498.0,499.0,498.0,498.20001,270.0
2015-04-13,496.10001,500.0,496.0,497.10001,1104.0
2015-04-14,496.10001,500.10001,496.10001,500.10001,1514.0
2015-04-15,498.0,498.10001,498.0,498.10001,1639.0
2015-04-16,500.0,500.0,498.10001,500.0,7860.0
2015-04-17,496.39999,500.0,496.39999,497.0,7291.0
2015-04-20,497.0,500.0,497.0,500.0,680.0
2015-04-21,497.0,500.0,497.0,499.0,2911.0
2015-04-22,498.29999,500.0,497.54999,500.0,441.0
2015-04-23,497.54999,500.0,497.54999,500.0,1803.0
2015-04-24,498.60001,500.0,498.5,500.0,203.0
2015-04-27,498.5,500.0,496.5,500.0,180.0
2015-04-28,497.20001,497.5,497.20001,497.20001,197.0
2015-04-29,500.0,500.0,497.29999,497.29999,210.0
2015-04-30,498.0,498.0,498.0,498.0,170.0
2015-05-04,498.10001,498.10001,498.0,498.0,235.0
2015-05-05,498.0,500.0,498.0,499.0,1878.0
2015-05-06,499.0,501.0,499.0,501.0,753.0
2015-05-07,501.0,501.0,501.0,501.0,958.0
2015-05-08,500.0,500.0,500.0,500.0,981.0
2015-05-11,500.0,501.0,500.0,501.0,1151.0
2015-05-12,503.0,503.0,500.0,500.0,467.0
2015-05-13,500.0,501.0,500.0,500.0,819.0
2015-05-14,500.10001,505.0,500.10001,501.0,1028.0
2015-05-15,502.0,503.0,502.0,502.0,981.0
2015-05-18,503.0,503.0,500.5,502.0,111.0
2015-05-19,500.5,502.0,500.5,502.0,2129.0
2015-05-20,501.10001,506.10001,501.10001,506.10001,861.0
2015-05-21,506.0,508.0,506.0,508.0,169.0
2015-05-22,507.0,510.0,504.20001,504.29999,964.0
2015-05-25,502.0,504.0,502.0,503.10001,1794.0
2015-05-26,503.10001,504.0,503.10001,503.20001,2441.0
2015-05-27,503.29999,507.0,503.29999,507.0,4889.0
2015-05-28,503.5,507.0,503.5,503.79999,13.0
2015-05-29,503.0,503.39999,503.0,503.39999,940.0
2015-06-01,503.20001,504.0,503.20001,504.0,859.0
2015-06-02,503.20001,503.20001,503.10001,503.20001,2493.0
2015-06-03,507.0,507.0,503.0,504.0,115.0
2015-06-04,503.20001,503.29999,503.20001,503.20001,657.0
2015-06-05,503.20001,504.0,503.20001,503.20001,150.0
2015-06-08,503.29999,503.29999,503.29999,503.29999,73.0
2015-06-09,503.20001,503.20001,503.20001,503.20001,1375.0
2015-06-10,503.5,504.0,503.39999,504.0,284.0
2015-06-11,504.0,504.20001,504.0,504.10001,89.0
2015-06-12,504.5,510.0,504.5,510.0,415.0
2015-06-15,505.0,510.0,505.0,505.10001,130.0
2015-06-16,505.20001,510.0,505.0,505.0,900.0
2015-06-17,505.0,505.10001,505.0,505.10001,919.0
2015-06-18,505.20001,505.20001,505.20001,505.20001,57.0
2015-06-19,505.20001,509.0,505.20001,509.0,6508.0
2015-06-22,505.0,505.60001,505.0,505.60001,105.0
2015-06-23,506.10001,506.20001,506.10001,506.20001,1506.0
2015-06-24,506.20001,508.0,506.20001,507.0,631.0
2015-06-25,506.10001,510.0,506.10001,510.0,1202.0
2015-06-26,507.0,510.0,505.5,510.0,485.0
2015-06-29,504.70001,509.5,504.70001,505.39999,494.0
2015-06-30,505.0,505.0,505.0,505.0,237.0
2015-07-01,505.0,509.89999,505.0,509.89999,1410.0
2015-07-02,506.5,510.0,506.5,506.79999,790.0
2015-07-03,507.10001,510.0,507.10001,508.10001,154.0
2015-07-06,508.20001,513.90002,508.0,508.0,744.0
2015-07-07,508.0,508.10001,508.0,508.10001,621.0
2015-07-08,510.0,511.0,508.29999,509.10001,625.0
2015-07-09,509.10001,520.0,509.10001,515.20001,4774.0
2015-07-10,515.09998,530.0,515.09998,520.20001,1460.0
2015-07-13,518.09998,539.5,518.09998,537.5,34758.0
2015-07-14,520.0,520.0,501.0,519.5,12399.0
2015-07-15,519.5,524.70001,507.20001,524.70001,1260.0
2015-07-16,526.0,534.0,522.0,534.0,1315.0
2015-07-20,523.0,545.0,523.0,545.0,2357.0
2015-07-21,525.0,545.0,525.0,545.0,2085.0
2015-07-22,533.0,545.0,533.0,537.09998,11021.0
2015-07-23,535.0,537.0,535.0,537.0,447.0
2015-07-24,536.0,540.0,535.5,537.0,1200.0
2015-07-27,536.20001,545.0,535.0,545.0,5407.0
2015-07-28,536.79999,546.0,536.79999,546.0,7696.0
2015-07-29,545.0,570.0,542.0,565.0,18940.0
2015-07-31,558.09998,567.79999,558.09998,558.70001,7247.0
2015-08-03,560.0,560.0,541.0,544.0,1149.0
2015-08-04,544.09998,560.0,541.20001,560.0,16554.0
2015-08-05,546.29999,563.0,546.29999,560.0,1521.0
2015-08-06,550.0,557.0,550.0,550.0,366.0
2015-08-07,550.20001,551.0,548.0,548.0,164.0
2015-08-10,546.0,550.0,546.0,546.20001,169.0
2015-08-11,547.0,550.0,545.0,550.0,646.0
2015-08-12,546.29999,555.0,546.20001,546.29999,395.0
2015-08-13,546.20001,546.29999,546.20001,546.29999,199.0
2015-08-17,546.29999,546.29999,546.29999,546.29999,290.0
2015-08-18,546.5,562.0,546.5,560.0,6035.0
2015-08-19,562.0,568.90002,560.0,560.09998,1987.0
2015-08-24,558.0,560.0,558.0,560.0,13835.0
2015-08-25,560.0,560.20001,559.0,560.0,14676.0
2015-08-26,560.0,560.0,546.5,559.5,2107.0
2015-08-27,547.09998,555.0,545.0,550.0,192762.0
2015-08-28,546.0,548.0,546.0,548.0,159.0
2015-08-31,556.59998,556.59998,545.90002,546.0,1337.0
2015-09-01,546.0,548.0,545.20001,545.5,1594.0
2015-09-02,550.0,550.0,545.0,546.0,1541.0
2015-09-03,545.0,546.09998,545.0,545.0,396.0
2015-09-04,541.0,545.0,541.0,543.5,215.0
2015-09-07,536.20001,537.0,520.20001,520.20001,203.0
2015-09-08,522.0,525.0,521.0,523.0,396.0
2015-09-09,531.0,544.79999,531.0,544.79999,654.0
2015-09-10,533.09998,543.40002,533.09998,534.0,540.0
2015-09-11,534.0,540.0,533.09998,540.0,856.0
2015-09-14,534.40002,534.40002,534.40002,534.40002,58.0
2015-09-15,540.0,543.90002,538.09998,540.0,6033.0
2015-09-16,540.0,544.0,538.5,538.59998,1150.0
2015-09-17,540.0,543.90002,540.0,540.20001,143.0
2015-09-18,540.0,549.90002,540.0,549.90002,473.0
2015-09-21,550.0,550.0,540.70001,550.0,4865.0
2015-09-22,545.0,545.5,543.20001,545.0,197.0
2015-09-23,545.09998,554.70001,545.09998,554.70001,79.0
2015-09-28,547.0,553.0,545.20001,546.5,824.0
2015-09-29,552.90002,552.90002,542.5,545.0,214.0
2015-09-30,546.0,552.0,546.0,552.0,1373.0
2015-10-01,547.20001,552.0,547.20001,548.09998,3401.0
2015-10-02,550.0,558.90002,548.09998,558.90002,2031.0
2015-10-05,550.20001,557.79999,550.0,550.09998,11292.0
2015-10-06,551.0,557.5,550.09998,555.0,1326.0
2015-10-07,552.5,552.5,550.5,550.5,2802.0
2015-10-08,552.09998,555.0,552.09998,555.0,1717.0
2015-10-09,555.0,557.90002,552.59998,557.90002,979.0
2015-10-12,553.20001,558.0,551.0,558.0,604.0
2015-10-13,553.5,555.0,552.0,555.0,4559.0
2015-10-14,552.5,555.0,551.5,555.0,303.0
2015-10-16,551.70001,560.0,550.0,560.0,2646.0
2015-10-19,552.20001,552.29999,552.20001,552.29999,254.0
2015-10-20,550.09998,551.0,550.09998,551.0,110.0
2015-10-21,551.0,560.0,551.0,560.0,17236.0
2015-10-22,554.0,560.0,554.0,560.0,1751.0
2015-10-23,556.0,565.0,554.70001,565.0,5463.0
2015-10-26,565.0,565.0,563.0,563.0,50.0
2015-10-27,563.20001,580.0,563.20001,573.0,2884.0
2015-10-28,575.09998,586.0,575.09998,582.0,6346.0
2015-10-29,582.0,590.0,582.0,590.0,1515.0
2015-10-30,582.0,585.0,561.5,584.79999,465.0
2015-11-02,570.0,574.09998,570.0,573.59998,222.0
2015-11-03,573.59998,573.59998,573.0,573.0,94.0
2015-11-04,573.0,585.0,570.5,585.0,31940.0
2015-11-05,585.0,585.0,577.09998,585.0,9189.0
2015-11-09,585.0,593.0,582.5,592.0,6267.0
2015-11-10,581.5,590.0,581.5,585.0,384.0
2015-11-11,583.0,585.0,583.0,585.0,1080.0
2015-11-12,583.09998,595.0,583.09998,587.0,868.0
2015-11-13,582.0,582.20001,582.0,582.0,283.0
2015-11-16,580.09998,582.0,580.09998,581.0,60.0
2015-11-17,583.0,583.0,580.09998,580.09998,150.0
2015-11-19,580.09998,580.20001,580.09998,580.20001,302.0
2015-11-20,580.20001,585.0,572.5,585.0,4167.0
2015-11-23,575.29999,585.0,575.20001,585.0,11427.0
2015-11-24,577.09998,588.0,577.09998,581.0,2627.0
2015-11-25,580.0,580.0,580.0,580.0,89.0
2015-11-26,570.5,580.0,570.5,580.0,10984.0
2015-11-27,579.0,580.0,574.09998,580.0,2172.0
2015-11-30,580.0,580.0,572.09998,575.0,102.0
2015-12-01,572.09998,584.90002,572.09998,584.90002,1765.0
2015-12-02,576.0,580.0,576.0,580.0,21899.0
2015-12-03,576.0,576.0,576.0,576.0,39.0
2015-12-04,576.09998,576.09998,576.0,576.09998,854.0
2015-12-07,575.0,576.0,575.0,575.0,694.0
2015-12-08,581.0,581.0,575.0,575.0,1708.0
2015-12-09,575.0,576.0,575.0,575.0,2148.0
2015-12-10,575.0,575.09998,575.0,575.0,2714.0
2015-12-11,575.0,576.0,575.0,575.0,3074.0
2015-12-14,575.0,576.0,575.0,576.0,577.0
2015-12-15,575.0,575.0,575.0,575.0,1347.0
2015-12-16,575.0,578.0,575.0,578.0,5797.0
2015-12-17,571.0,571.0,571.0,571.0,15.0
2015-12-18,570.09998,588.5,570.0,588.5,6115.0
2015-12-21,571.29999,575.0,570.09998,570.09998,3096.0
2015-12-22,571.29999,575.0,571.29999,575.0,1039.0
2015-12-23,573.0,585.0,561.40002,585.0,3752.0
2015-12-28,587.0,587.0,568.5,583.0,848.0
2015-12-29,572.5,582.0,572.5,582.0,896681.0
2015-12-30,578.0,582.0,571.09998,572.0,499.0
2015-12-31,571.0,575.0,571.0,571.0,73624.0
2016-01-04,572.0,572.09998,571.09998,572.09998,84.0
2016-01-05,572.09998,575.0,571.0,574.0,1868.0
2016-01-06,570.0,575.70001,562.09998,566.0,133.0
2016-01-07,568.0,568.0,562.5,562.5,92.0
2016-01-08,562.20001,575.0,559.0,570.0,3080.0
2016-01-12,560.59998,565.0,560.59998,560.59998,412.0
2016-01-13,560.09998,571.0,560.09998,571.0,719.0
2016-01-14,567.0,575.0,565.0,565.0,2088.0
2016-01-15,565.0,567.0,565.0,567.0,103.0
2016-01-18,570.0,570.0,565.09998,566.09998,368.0
2016-01-19,562.0,562.20001,562.0,562.20001,44.0
2016-01-20,562.0,575.0,561.29999,565.09998,609.0
2016-01-21,568.0,575.09998,568.0,575.09998,1244.0
2016-01-22,575.0,580.0,575.0,580.0,498.0
2016-01-25,584.0,588.0,576.0,576.0,619.0
2016-01-26,576.29999,587.0,575.79999,587.0,307.0
2016-01-27,589.0,600.0,584.09998,600.0,6050.0
2016-01-28,593.0,600.09998,592.0,600.0,419.0
2016-01-29,592.0,607.0,592.0,607.0,533.0
2016-02-01,596.0,600.0,595.09998,600.0,233.0
2016-02-02,597.0,610.0,597.0,610.0,7869.0
2016-02-03,606.0,620.0,606.0,620.0,220.0
2016-02-04,636.0,636.0,611.0,620.0,308.0
2016-02-05,617.0,630.0,615.0,630.0,4409.0
2016-02-08,616.59998,625.0,616.59998,618.0,204.0
2016-02-09,620.0,620.0,618.20001,618.20001,62.0
2016-02-10,614.20001,620.0,614.20001,620.0,254.0
2016-02-11,615.0,625.90002,610.0,625.90002,26765.0
2016-02-12,615.09998,619.0,615.09998,619.0,78.0
2016-02-15,624.0,625.0,620.0,620.0,1139.0
2016-02-16,619.0,619.0,616.20001,616.20001,65.0
2016-02-17,616.09998,616.09998,610.20001,613.0,9150.0
2016-02-18,610.0,610.0,593.0,605.0,3572.0
2016-02-19,597.09998,610.0,597.09998,610.0,25585.0
2016-02-22,602.5,602.5,601.59998,601.59998,94.0
2016-02-23,601.59998,605.0,601.0,601.0,86.0
2016-02-24,597.0,609.0,597.0,609.0,24.0
2016-02-25,596.20001,601.5,595.20001,601.5,114.0
2016-02-26,601.5,610.0,590.0,610.0,550.0
2016-02-29,593.0,600.0,591.0,600.0,50.0
2016-03-01,590.0,609.0,590.0,609.0,65.0
2016-03-02,600.0,609.0,600.0,601.0,5050.0
2016-03-03,609.0,630.0,609.0,630.0,2126.0
2016-03-04,620.0,627.79999,619.0,619.0,1905.0
2016-03-07,628.5,628.5,619.0,619.0,41.0
2016-03-08,613.09998,625.0,613.0,625.0,234.0
2016-03-09,617.0,625.0,615.0,620.0,209.0
2016-03-10,616.0,617.09998,616.0,617.0,1169.0
2016-03-11,622.0,623.0,606.0,606.0,14633.0
2016-03-14,608.0,620.0,607.0,619.40002,14130.0
2016-03-15,609.0,618.79999,606.0,618.79999,1186.0
2016-03-16,615.0,615.0,609.0,610.0,98.0
2016-03-17,610.0,610.20001,610.0,610.0,555.0
2016-03-18,611.0,611.0,610.0,610.0,44.0
2016-03-21,610.0,610.0,605.0,606.0,13247.0
2016-03-22,606.0,609.0,605.0,607.0,1255.0
2016-03-23,605.0,610.0,605.0,610.0,1805.0
2016-03-24,610.0,610.0,606.0,609.0,116.0
2016-03-25,605.5,610.0,605.0,610.0,265.0
2016-03-28,609.90002,610.0,605.0,605.0,336.0
2016-03-29,605.09998,605.09998,605.0,605.0,793.0
2016-03-30,605.0,605.09998,605.0,605.0,1885.0
2016-03-31,605.09998,610.0,605.0,610.0,2478.0
2016-04-01,606.0,609.0,602.09998,609.0,1296.0
2016-04-04,610.0,620.0,601.59998,617.5,2431.0
2016-04-05,621.0,623.0,618.0,623.0,9595.0
2016-04-06,624.5,624.5,622.0,624.0,750.0
2016-04-07,624.0,624.0,610.0,624.0,2562.0
2016-04-08,620.0,620.0,611.0,611.0,852.0
2016-04-11,620.0,620.0,620.0,620.0,1000.0
2016-04-12,612.5,620.0,612.5,620.0,3119.0
2016-04-13,620.0,622.0,616.0,620.0,364.0
2016-04-14,620.0,622.0,620.0,622.0,71.0
2016-04-15,620.0,625.0,613.0,625.0,2076.0
2016-04-18,628.5,628.5,617.0,620.0,35.0
2016-04-19,620.0,640.0,620.0,630.0,3269.0
2016-04-20,639.90002,647.0,625.0,647.0,1839.0
2016-04-21,635.09998,644.70001,625.0,640.0,1182.0
2016-04-22,629.0,631.0,628.20001,631.0,924.0
2016-04-25,631.20001,631.20001,630.5,631.20001,103.0
2016-04-26,631.29999,642.0,631.20001,631.20001,110.0
2016-04-27,641.0,645.0,632.59998,645.0,1793.0
2016-04-28,650.0,680.0,650.0,680.0,6529.0
2016-04-29,680.0,720.0,680.0,688.0,5031.0
2016-05-02,662.0,675.0,648.09998,656.0,715.0
2016-05-03,653.20001,668.90002,653.20001,668.0,1701.0
2016-05-04,669.70001,679.0,668.09998,672.0,184.0
2016-05-05,687.5,695.0,666.0,685.90002,1485.0
2016-05-06,672.0,680.0,672.0,680.0,1452.0
2016-05-09,674.0,689.0,674.0,679.0,438.0
2016-05-10,664.0,674.0,664.0,674.0,76.0
2016-05-11,670.0,690.0,670.0,690.0,11221.0
2016-05-12,690.0,690.0,676.09998,677.70001,80.0
2016-05-13,676.09998,680.0,676.09998,680.0,978.0
2016-05-16,674.0,679.0,650.0,679.0,2294.0
2016-05-17,656.0,656.0,656.0,656.0,15.0
2016-05-18,654.0,654.0,640.0,650.0,2349.0
2016-05-19,651.0,673.70001,646.09998,673.70001,476.0
2016-05-20,646.5,660.0,635.09998,659.0,2339.0
2016-05-23,651.0,651.0,635.79999,643.0,186.0
2016-05-24,641.09998,659.0,641.09998,657.0,30360.0
2016-05-25,650.0,650.0,645.0,645.0,1372.0
2016-05-26,647.09998,650.0,641.09998,641.09998,106.0
2016-05-27,643.0,643.0,637.0,639.0,812.0
2016-05-30,640.0,649.0,638.0,649.0,123.0
2016-05-31,639.0,640.0,637.0,638.09998,12139.0
2016-06-01,649.0,649.0,637.0,637.0,183.0
2016-06-02,638.0,649.0,638.0,649.0,210.0
2016-06-03,640.0,650.0,637.0,650.0,7381.0
2016-06-07,642.0,642.29999,642.0,642.29999,99.0
2016-06-08,649.0,649.0,642.0,642.0,170.0
2016-06-09,642.0,642.0,640.09998,640.09998,15.0
2016-06-10,640.09998,640.20001,640.09998,640.20001,457.0
2016-06-13,645.0,645.0,641.0,641.0,445.0
2016-06-14,641.0,641.0,641.0,641.0,32.0
2016-06-15,641.0,641.0,641.0,641.0,19.0
2016-06-16,641.0,641.0,641.0,641.0,20.0
2016-06-17,641.0,641.0,641.0,641.0,98.0
2016-06-20,649.0,649.0,641.0,641.0,251.0
2016-06-21,641.0,641.0,640.09998,640.09998,1895.0
2016-06-22,637.0,640.0,637.0,638.0,108.0
2016-06-23,639.0,639.0,637.0,637.0,16.0
2016-06-24,637.0,649.0,637.0,647.0,275.0
2016-06-27,631.0,631.0,608.20001,630.0,120.0
2016-06-28,611.09998,645.0,611.09998,644.90002,4650.0
2016-06-30,630.59998,645.0,630.59998,645.0,514.0
2016-07-01,635.0,648.0,630.5,648.0,59.0
2016-07-04,649.90002,650.0,633.09998,633.20001,88.0
2016-07-05,646.0,646.0,633.5,634.09998,86.0
2016-07-11,636.0,655.0,636.0,637.0,5105.0
2016-07-12,636.90002,636.90002,601.0,604.0,166.0
2016-07-13,605.0,634.59998,604.0,634.59998,96.0
2016-07-14,605.20001,650.0,605.09998,645.0,1637.0
2016-07-15,636.0,649.90002,615.0,649.90002,2935.0
2016-07-18,626.59998,654.0,626.59998,645.0,706.0
2016-07-19,632.09998,632.29999,632.09998,632.20001,63.0
2016-07-20,634.0,653.90002,634.0,634.0,116.0
2016-07-21,630.0,630.0,620.0,620.09998,905.0
2016-07-22,626.0,650.0,626.0,640.09998,2376.0
2016-07-25,635.0,635.0,630.0,630.09998,177.0
2016-07-26,635.0,640.09998,630.29999,640.09998,108.0
2016-07-27,631.0,653.90002,631.0,650.0,3307.0
2016-07-28,650.0,652.0,640.0,650.09998,369.0
2016-07-29,652.5,655.0,650.09998,655.0,196.0
2016-08-01,630.0,655.90002,630.0,655.90002,45.0
2016-08-02,657.0,660.0,655.0,656.09998,6979.0
2016-08-03,660.0,669.79999,651.0,669.79999,579.0
2016-08-04,661.09998,661.5,660.0,660.0,6214.0
2016-08-05,654.0,668.90002,650.0,668.90002,455.0
2016-08-08,653.09998,669.90002,653.0,669.90002,329.0
2016-08-09,660.0,660.0,655.0,655.0,180.0
2016-08-10,656.09998,660.0,656.0,656.0,67.0
2016-08-11,656.70001,660.0,656.70001,660.0,288.0
2016-08-12,660.0,710.09998,660.0,710.0,14553.0
2016-08-15,720.0,746.0,710.0,746.0,621.0
2016-08-16,749.90002,779.0,749.0,750.0,254.0
2016-08-17,745.09998,767.29999,745.09998,746.0,81.0
2016-08-18,740.0,750.0,732.0,750.0,822.0
2016-08-19,736.09998,748.90002,732.0,732.0,581.0
2016-08-22,730.59998,749.79999,720.09998,720.09998,96.0
2016-08-23,720.0,720.0,718.0,720.0,411.0
2016-08-24,720.0,736.0,720.0,736.0,980.0
2016-08-25,722.5,736.0,722.5,735.0,51.0
2016-08-26,725.0,730.0,722.0,722.0,132.0
2016-08-29,722.09998,740.0,722.09998,740.0,930.0
2016-08-30,748.5,753.0,740.0,749.90002,6710.0
2016-08-31,754.0,755.0,731.09998,753.90002,1090.0
2016-09-01,754.0,754.0,750.0,750.0,365.0
2016-09-02,732.0,732.0,732.0,732.0,10.0
2016-09-05,725.5,750.0,725.5,736.09998,7609.0
2016-09-06,736.0,750.0,736.0,738.0,68.0
2016-09-07,741.0,749.0,738.0,749.0,116.0
2016-09-08,736.0,750.0,736.0,750.0,382.0
2016-09-09,738.0,745.0,738.0,738.0,157.0
2016-09-14,734.0,734.0,732.09998,732.09998,30.0
2016-09-15,735.0,745.0,732.29999,745.0,1326.0
2016-09-16,749.0,749.0,738.29999,739.0,1299.0
2016-09-19,737.0,737.0,734.0,734.0,799.0
2016-09-20,736.09998,736.09998,735.0,735.09998,10029.0
2016-09-21,735.0,737.0,732.5,732.5,2672.0
2016-09-22,730.0,748.0,673.0,722.90002,779.0
2016-09-23,719.0,723.0,710.0,723.0,539.0
2016-09-26,718.0,718.0,682.09998,710.0,330.0
2016-09-27,711.0,711.0,704.5,708.5,885.0
2016-09-28,710.0,710.0,691.0,691.0,2321.0
2016-09-29,700.0,708.0,697.0,700.0,2157.0
2016-09-30,705.0,708.5,700.0,700.0,394.0
2016-10-04,700.0,700.0,699.0,699.0,229.0
2016-10-05,699.0,700.0,693.0,700.0,9224.0
2016-10-06,700.0,700.0,692.0,700.0,1774.0
2016-10-07,695.09998,699.90002,695.0,695.0,1498.0
2016-10-10,712.0,713.79999,695.0,713.79999,585.0
2016-10-11,700.0,700.0,695.0,695.0,11612.0
2016-10-12,695.0,695.0,693.0,693.0,7402.0
2016-10-13,694.0,694.0,693.0,693.0,366.0
2016-10-14,691.0,699.90002,690.0,699.90002,228.0
2016-10-17,700.0,700.0,686.0,687.0,243.0
2016-10-18,683.0,688.0,683.0,688.0,3757.0
2016-10-19,698.90002,699.0,685.0,685.59998,1793.0
2016-10-20,686.0,686.0,685.0,685.29999,2934.0
2016-10-21,685.5,689.0,685.0,685.0,2290.0
2016-10-25,686.0,686.0,685.40002,685.5,3167.0
2016-10-26,686.0,690.0,686.0,690.0,2015.0
2016-10-27,685.59998,685.70001,685.59998,685.59998,342.0
2016-10-28,685.5,686.09998,685.5,685.59998,117.0
2016-10-31,686.0,700.0,686.0,700.0,915.0
2016-11-01,700.0,745.0,700.0,715.0,5546.0
2016-11-02,702.59998,720.0,702.59998,720.0,77.0
2016-11-03,720.0,721.0,719.0,721.0,717.0
2016-11-04,720.0,730.0,712.0,713.20001,8207.0
2016-11-07,715.0,715.0,715.0,715.0,15.0
2016-11-08,720.0,725.0,720.0,725.0,1257.0
2016-11-09,718.0,720.0,718.0,720.0,204.0
2016-11-10,718.0,730.0,718.0,730.0,1689.0
2016-11-11,718.5,735.0,718.5,730.0,4279.0
2016-11-14,721.0,744.90002,720.0,740.0,6372.0
2016-11-15,723.0,740.0,723.0,728.0,285.0
2016-11-16,739.90002,739.90002,720.0,721.0,169.0
2016-11-17,722.0,740.0,720.0,740.0,2317.0
2016-11-21,722.5,725.09998,722.5,725.09998,4158.0
2016-11-22,728.0,728.0,725.09998,725.09998,1206.0
2016-11-23,728.0,728.0,725.09998,725.5,183.0
2016-11-24,725.40002,725.5,724.0,724.0,110.0
2016-11-25,724.0,730.0,721.0,725.0,80.0
2016-11-28,725.0,740.0,725.0,740.0,1304.0
2016-11-29,726.0,726.0,723.09998,723.09998,75.0
2016-11-30,721.20001,740.0,721.20001,740.0,33874.0
2016-12-01,740.0,745.0,733.0,740.0,4263.0
2016-12-02,730.0,745.0,730.0,736.09998,879.0
2016-12-05,730.09998,740.0,730.09998,740.0,114911.0
2016-12-06,730.5,740.0,730.0,740.0,685.0
2016-12-07,731.0,731.0,730.0,730.0,764.0
2016-12-08,728.20001,742.29999,725.09998,725.79999,809.0
2016-12-09,730.5,745.0,730.5,745.0,2060.0
2016-12-14,735.0,759.0,735.0,751.0,7438.0
2016-12-15,750.0,758.0,741.09998,741.09998,12170.0
2016-12-16,747.0,778.0,746.0,775.0,8604.0
2016-12-19,770.0,799.5,763.0,780.0,1073.0
2016-12-20,770.0,772.0,763.29999,763.40002,683.0
2016-12-21,763.40002,772.0,746.0,760.0,303.0
2016-12-22,750.0,770.0,750.0,753.0,1418.0
2016-12-23,760.0,789.90002,759.90002,788.0,3297.0
2016-12-26,775.0,778.0,770.5,778.0,52.0
2016-12-27,779.90002,788.0,772.0,788.0,8398.0
2016-12-28,772.09998,773.0,736.0,750.09998,86957.0
2016-12-29,760.0,770.0,760.0,762.0,11924.0
2016-12-30,753.5,780.0,751.0,780.0,9593.0
2017-01-02,780.0,780.0,750.29999,750.29999,108.0
2017-01-03,754.0,770.0,754.0,760.0,3100.0
2017-01-04,765.0,775.0,763.0,772.59998,8263.0
2017-01-05,772.59998,800.0,772.0,800.0,16040.0
2017-01-06,800.0,835.0,800.0,815.5,42649.0
2017-01-09,840.0,840.0,800.0,815.0,5192.0
2017-01-10,802.5,840.0,802.5,838.90002,9122.0
2017-01-12,816.0,840.0,803.0,833.90002,11193.0
2017-01-13,838.90002,838.90002,806.0,810.0,20329.0
2017-01-16,808.0,809.0,800.0,804.0,3514.0
2017-01-17,803.90002,804.0,785.09998,790.0,372.0
2017-01-18,780.0,809.0,780.0,790.0,239.0
2017-01-19,785.0,795.0,780.0,795.0,369.0
2017-01-20,790.0,810.0,790.0,810.0,2360.0
2017-01-23,783.0,805.0,783.0,805.0,2864.0
2017-01-24,792.0,804.79999,792.0,804.79999,117.0
2017-01-25,792.0,804.79999,790.0,804.79999,1032.0
2017-01-26,795.0,805.0,795.0,805.0,2147.0
2017-01-27,799.09998,810.0,799.09998,810.0,213.0
2017-01-30,800.0,800.0,799.20001,799.20001,565.0
2017-01-31,800.09998,801.0,799.0,800.5,257.0
2017-02-01,791.0,801.5,791.0,800.0,654.0
2017-02-02,793.0,800.0,793.0,794.0,1671.0
2017-02-03,795.0,803.90002,795.0,803.90002,3910.0
2017-02-06,800.0,805.0,800.0,805.0,100.0
2017-02-07,801.5,805.0,800.0,805.0,4984.0
2017-02-08,800.0,809.0,800.0,809.0,200.0
2017-02-09,800.09998,800.09998,796.0,800.0,4539.0
2017-02-10,798.0,820.0,796.0,816.0,4501.0
2017-02-13,815.0,815.0,802.0,802.0,1774.0
2017-02-14,802.0,802.0,796.59998,796.59998,550.0
2017-02-15,798.0,798.0,796.0,796.0,184.0
2017-02-16,797.0,800.0,797.0,800.0,2019.0
2017-02-17,797.0,814.90002,797.0,800.0,2669.0
2017-02-20,796.5,800.0,796.0,797.0,273.0
2017-02-21,796.0,797.0,795.09998,795.5,1776.0
2017-02-22,791.0,791.0,790.0,790.0,52.0
2017-02-23,780.0,805.90002,780.0,805.90002,284.0
2017-02-24,783.0,783.0,782.09998,782.20001,233.0
2017-02-27,784.0,784.0,780.0,780.0,2371.0
2017-02-28,770.0,800.0,770.0,800.0,3352.0
2017-03-01,781.0,781.0,780.0,780.0,177.0
2017-03-02,781.0,800.0,780.0,783.0,564.0
2017-03-03,780.09998,780.29999,772.0,780.0,402.0
2017-03-06,780.0,780.09998,780.0,780.0,62.0
2017-03-07,780.0,780.0,770.0,770.0,403.0
2017-03-08,770.09998,780.0,770.09998,780.0,17030.0
2017-03-09,772.09998,780.0,771.0,780.0,4565.0
2017-03-10,773.09998,780.0,773.09998,780.0,404.0
2017-03-13,780.0,780.29999,780.0,780.29999,1632.0
2017-03-14,780.29999,790.0,780.29999,781.5,1550.0
2017-03-15,790.0,800.0,781.0,789.79999,3608.0
2017-03-16,781.09998,796.90002,781.0,796.90002,262.0
2017-03-17,792.90002,793.0,780.0,780.0,2746.0
2017-03-20,800.79999,800.79999,776.0,776.0,2.0
2017-03-21,776.09998,792.90002,756.09998,792.90002,531.0
2017-03-22,789.79999,792.0,780.0,790.0,4936.0
2017-03-23,777.0,778.20001,776.0,776.0,2470.0
2017-03-24,795.0,795.0,770.0,771.0,4121.0
2017-03-27,753.20001,775.0,753.20001,775.0,436.0
2017-03-28,762.09998,802.0,760.0,799.90002,3937.0
2017-03-29,771.70001,779.0,771.70001,779.0,144.0
2017-03-30,779.0,780.0,779.0,780.0,2031.0
2017-03-31,796.0,796.0,773.29999,775.0,708.0
2017-04-03,773.59998,773.59998,770.09998,770.09998,504.0
2017-04-04,770.20001,773.90002,760.0,773.90002,116.0
2017-04-05,775.0,790.0,765.0,790.0,3299.0
2017-04-06,776.0,789.90002,770.0,775.0,37.0
2017-04-07,794.90002,794.90002,789.90002,789.90002,50.0
2017-04-10,798.29999,798.40002,771.0,794.90002,195.0
2017-04-11,794.79999,794.79999,790.0,790.0,16.0
2017-04-12,790.0,800.0,776.5,776.5,603.0
2017-04-13,775.0,775.5,775.0,775.0,613.0
2017-04-14,777.0,778.0,777.0,777.09998,571.0
2017-04-17,776.09998,777.0,776.09998,777.0,29.0
2017-04-18,778.0,780.0,777.0,777.0,29.0
2017-04-19,790.0,796.79999,790.0,796.79999,50.0
2017-04-21,777.70001,780.0,776.0,780.0,1590.0
2017-04-24,777.5,777.70001,777.09998,777.70001,33.0
2017-04-25,778.09998,778.20001,777.09998,777.09998,35.0
2017-04-26,777.09998,778.09998,777.09998,778.09998,1155.0
2017-04-27,777.29999,801.0,777.29999,801.0,2503.0
2017-04-28,815.0,815.0,805.0,806.0,10402.0
2017-05-03,812.90002,815.0,800.0,800.20001,15376.0
2017-05-04,801.0,805.0,800.0,805.0,988.0
2017-05-05,804.0,804.70001,792.0,799.09998,826.0
2017-05-08,792.0,801.0,792.0,801.0,117.0
2017-05-09,795.09998,813.0,795.09998,813.0,17822.0
2017-05-10,801.20001,820.0,801.09998,820.0,3475.0
2017-05-11,807.09998,819.29999,807.09998,808.0,1224.0
2017-05-12,813.0,820.0,810.29999,816.0,5301.0
2017-05-15,807.20001,810.0,807.20001,810.0,88.0
2017-05-16,810.0,810.0,809.0,809.0,73.0
2017-05-18,813.0,813.0,813.0,813.0,318.0
2017-05-19,813.0,813.09998,805.09998,813.0,718.0
2017-05-22,806.0,806.0,805.09998,805.09998,15.0
2017-05-23,806.20001,806.20001,805.20001,805.20001,101.0
2017-05-24,805.70001,819.0,805.70001,819.0,2451.0
2017-05-25,815.0,819.0,815.0,819.0,10634.0
2017-05-26,807.29999,808.09998,807.29999,807.40002,71.0
2017-05-29,810.0,810.0,807.79999,807.79999,115.0
2017-05-30,810.09998,819.0,810.09998,819.0,22.0
2017-05-31,819.0,845.0,815.0,845.0,5629.0
2017-06-01,845.0,845.0,840.0,843.90002,262.0
2017-06-02,827.0,843.0,827.0,843.0,310.0
2017-06-05,842.0,843.0,826.0,826.0,287.0
2017-06-06,831.09998,831.5,831.09998,831.5,45.0
2017-06-07,833.09998,845.0,828.09998,845.0,4694.0
2017-06-08,845.0,870.0,845.0,870.0,10250.0
2017-06-09,853.0,894.0,835.0,835.0,361.0
2017-06-12,838.59998,845.0,838.59998,845.0,87.0
2017-06-13,790.0,790.0,790.0,790.0,16.0
2017-06-14,811.09998,811.09998,811.09998,811.09998,60.0
2017-06-15,815.09998,835.0,811.09998,835.0,710.0
2017-06-16,816.09998,816.09998,814.20001,814.20001,64.0
2017-06-19,818.09998,820.0,818.09998,819.5,156.0
2017-06-20,840.0,840.0,840.0,840.0,90.0
2017-06-21,820.20001,840.0,820.20001,840.0,560.0
2017-06-22,825.09998,852.0,825.09998,852.0,26853.0
2017-06-23,849.0,859.0,849.0,850.0,13291.0
2017-06-28,838.0,838.0,838.0,838.0,2.0
2017-06-29,840.09998,858.0,840.09998,850.0,201.0
2017-06-30,850.0,863.0,828.20001,863.0,5541.0
2017-07-03,850.0,864.5,840.59998,864.5,248.0
2017-07-04,840.5,843.0,840.5,843.0,75.0
2017-07-05,860.0,864.70001,850.0,850.0,524.0
2017-07-06,843.09998,870.0,843.09998,870.0,3984.0
2017-07-07,870.0,870.0,860.0,870.0,1462.0
2017-07-10,870.0,870.0,853.09998,855.0,1979.0
2017-07-11,877.0,877.0,865.0,867.0,1307.0
2017-07-12,860.5,860.5,853.0,853.0,800.0
2017-07-13,860.0,865.0,860.0,862.5,10914.0
2017-07-14,863.0,867.0,861.09998,865.0,2055.0
2017-07-17,862.0,862.0,855.0,855.0,930.0
2017-07-18,856.0,856.0,850.0,850.0,822.0
2017-07-19,845.09998,850.0,845.09998,850.0,105.0
2017-07-20,850.0,858.0,850.0,850.0,102.0
2017-07-21,846.09998,850.0,846.09998,850.0,260.0
2017-07-24,845.09998,856.0,845.09998,856.0,39.0
2017-07-25,856.0,856.0,847.0,847.0,360.0
2017-07-26,848.0,865.0,848.0,863.0,5901.0
2017-07-28,847.40002,847.40002,845.0,845.0,295.0
2017-07-31,847.0,847.0,843.0,845.40002,1252.0
2017-08-01,857.90002,857.90002,845.0,846.0,1258.0
2017-08-02,846.0,846.0,844.09998,844.20001,3101.0
2017-08-03,845.0,845.0,844.20001,845.0,1038.0
2017-08-04,844.29999,845.0,844.29999,844.29999,97.0
2017-08-07,844.29999,844.29999,844.29999,844.29999,30.0
2017-08-08,845.0,864.0,844.29999,864.0,825.0
2017-08-09,846.0,846.0,846.0,846.0,15.0
2017-08-10,846.40002,846.40002,846.09998,846.09998,130.0
2017-08-11,850.0,860.0,850.0,860.0,10773.0
2017-08-15,860.0,860.0,848.5,848.5,571.0
2017-08-16,848.20001,850.20001,848.20001,848.20001,10.0
2017-08-17,850.09998,850.09998,850.0,850.09998,99.0
2017-08-18,859.0,859.0,850.09998,859.0,142.0
2017-08-23,850.09998,850.09998,850.09998,850.09998,28.0
2017-08-25,850.09998,859.0,850.09998,859.0,1126.0
2017-08-29,859.0,859.0,851.0,851.0,427.0
2017-08-30,851.59998,851.70001,851.0,851.0,172.0
2017-08-31,852.0,854.0,852.0,852.0,778.0
2017-09-04,852.0,857.0,850.20001,857.0,1277.0
2017-09-05,855.0,855.0,855.0,855.0,3688.0
2017-09-06,860.0,860.0,860.0,860.0,98.0
2017-09-07,855.0,870.0,855.0,870.0,2523.0
2017-09-08,858.0,879.0,858.0,879.0,24.0
2017-09-12,860.0,900.0,860.0,880.0,4808.0
2017-09-13,882.0,900.0,882.0,900.0,174.0
2017-09-14,909.90002,948.0,909.90002,910.0,3752.0
2017-09-15,910.0,910.0,886.0,886.0,1045.0
2017-09-18,887.0,900.0,887.0,900.0,123.0
2017-09-19,883.0,885.0,879.0,879.0,1745.0
2017-09-20,879.0,879.0,870.0,870.0,805.0
2017-09-21,875.0,875.0,870.0,870.0,731.0
2017-09-25,863.0,875.0,863.0,866.0,84.0
2017-09-26,866.0,866.0,852.0,852.0,1339.0
2017-09-27,865.0,870.0,860.0,860.0,398.0
2017-09-28,852.0,852.0,850.0,850.0,176.0
2017-09-29,840.0,850.0,830.0,830.0,613.0
2017-10-02,830.0,855.0,830.0,836.09998,413.0
2017-10-03,868.0,868.0,850.0,850.0,45.0
2017-10-04,850.0,870.0,850.0,870.0,124.0
2017-10-05,860.0,860.0,851.0,851.0,74.0
2017-10-06,895.0,895.0,851.20001,851.20001,664.0
2017-10-10,854.0,854.0,853.20001,853.20001,8.0
2017-10-11,855.09998,855.20001,855.09998,855.20001,60.0
2017-10-12,855.20001,855.20001,855.20001,855.20001,84.0
2017-10-13,855.29999,877.0,855.20001,877.0,79.0
2017-10-16,856.0,856.0,855.20001,856.0,817.0
2017-10-17,860.0,870.0,860.0,860.0,1030.0
2017-10-18,860.0,860.0,860.0,860.0,1000.0
2017-10-19,855.20001,855.29999,855.20001,855.29999,30.0
2017-10-20,860.0,870.0,856.09998,870.0,4537.0
2017-10-23,856.20001,856.40002,856.20001,856.40002,200.0
2017-10-24,856.59998,856.59998,856.0,856.0,153.0
2017-10-25,856.5,865.0,856.5,856.70001,2085.0
2017-10-26,860.0,860.0,860.0,860.0,141.0
2017-10-27,855.0,870.0,855.0,870.0,236.0
2017-10-30,855.29999,860.0,855.29999,860.0,110.0
2017-10-31,873.0,873.0,870.0,870.0,135.0
2017-11-01,873.0,873.0,861.09998,870.0,85.0
2017-11-02,861.20001,863.0,861.0,861.0,165.0
2017-11-03,863.0,870.0,860.0,870.0,3264.0
2017-11-07,875.0,875.0,862.0,875.0,51.0
2017-11-08,861.0,861.0,860.09998,860.29999,1445.0
2017-11-09,861.20001,861.20001,861.09998,861.09998,30.0
2017-11-10,861.20001,880.0,861.09998,880.0,5991.0
2017-11-13,880.0,880.0,880.0,880.0,535.0
2017-11-14,867.0,885.0,867.0,880.09998,3899.0
2017-11-15,880.0,885.0,878.0,885.0,7789.0
2017-11-16,870.5,873.0,870.5,873.0,35.0
2017-11-17,873.09998,873.09998,873.09998,873.09998,15.0
2017-11-20,879.0,890.0,879.0,890.0,11020.0
2017-11-21,880.0,880.0,880.0,880.0,5.0
2017-11-22,880.0,924.0,880.0,906.09998,2482.0
2017-11-23,930.0,949.0,908.0,949.0,107.0
2017-11-24,948.90002,948.90002,916.0,916.0,239.0
2017-11-27,917.0,917.0,915.0,915.0,45.0
2017-11-28,921.20001,921.20001,909.09998,910.0,1953.0
2017-11-29,915.0,939.79999,915.0,915.5,19422.0
2017-11-30,915.59998,930.0,915.29999,930.0,1316.0
2017-12-04,910.0,911.0,909.0,911.0,48.0
2017-12-05,907.0,910.0,907.0,910.0,14.0
2017-12-06,907.0,910.0,903.0,910.0,19950.0
2017-12-08,900.20001,900.20001,892.0,892.0,151.0
2017-12-11,895.0,895.0,892.0,892.0,18.0
2017-12-12,885.09998,905.0,885.09998,905.0,608.0
2017-12-13,910.0,910.0,910.0,910.0,80.0
2017-12-14,902.09998,919.0,902.09998,919.0,531.0
2017-12-18,902.0,905.0,902.0,902.0,70.0
2017-12-19,910.0,915.0,901.29999,915.0,517.0
2017-12-21,907.0,907.0,906.0,907.0,35322.0
2017-12-22,906.0,906.0,900.0,900.0,1255.0
2017-12-25,900.0,900.0,900.0,900.0,1103.0
2017-12-26,900.0,910.0,900.0,910.0,233436.0
2017-12-27,901.0,905.0,901.0,905.0,6.0
2017-12-28,905.20001,906.0,905.20001,905.20001,1352.0
2017-12-29,905.5,920.0,905.5,920.0,312.0
2018-01-02,911.09998,911.09998,911.09998,911.09998,42.0
2018-01-03,915.0,915.0,915.0,915.0,30.0
2018-01-04,910.0,910.0,907.09998,907.09998,12.0
2018-01-05,945.0,945.0,920.0,939.90002,1303.0
2018-01-08,918.0,945.0,916.59998,945.0,1480.0
2018-01-09,945.0,967.90002,945.0,955.0,5014.0
2018-01-10,967.90002,967.90002,934.29999,934.29999,1056.0
2018-01-12,940.20001,940.20001,940.20001,940.20001,8.0
2018-01-15,938.0,990.0,938.0,987.90002,559.0
2018-01-16,988.0,1029.0,988.0,1010.0,22726.0
2018-01-17,1001.0,1001.0,975.0,985.0,115.0
2018-01-18,1010.0,1010.0,992.0,1000.0,5049.0
2018-01-19,988.0,1009.0,988.0,1005.0,8389.0
2018-01-22,1001.0,1010.0,1001.0,1010.0,936.0
2018-01-23,1005.0,1015.0,1004.0,1010.0,803.0
2018-01-24,1008.0,1015.0,1008.0,1012.0,862.0
2018-01-25,1011.0,1020.0,1011.0,1020.0,913.0
2018-01-26,1012.0,1016.0,1010.0,1016.0,1337.0
2018-01-29,1012.0,1012.0,1012.0,1012.0,3.0
2018-01-30,1013.0,1040.0,1013.0,1040.0,2107.0
2018-01-31,1028.0,1040.0,1028.0,1040.0,1303.0
2018-02-01,1040.0,1050.0,1040.0,1050.0,2060.0
2018-02-02,1050.0,1060.0,1035.0,1035.0,7547.0
2018-02-05,1050.0,1050.0,1030.0,1030.0,155.0
2018-02-06,1025.0,1025.0,1010.0,1010.0,2145.0
2018-02-07,1010.0,1020.0,999.0,1002.0,5348.0
2018-02-08,996.0,1019.0,986.5,1019.0,685.0
2018-02-09,1005.0,1010.0,995.5,1010.0,895.0
2018-02-12,1005.0,1005.0,997.0,997.0,3636.0
2018-02-13,1000.0,1005.0,997.20001,997.20001,3647.0
2018-02-14,998.5,1018.0,998.09998,1018.0,31.0
2018-02-15,1000.0,1000.0,1000.0,1000.0,1000.0
2018-02-16,998.0,1015.0,998.0,1000.0,9617.0
2018-02-19,1017.0,1017.0,1000.0,1000.0,440.0
2018-02-20,997.0,1000.0,997.0,1000.0,1079.0
2018-02-21,997.0,998.0,997.0,998.0,166.0
2018-02-22,998.0,1000.0,998.0,1000.0,4626.0
2018-02-23,992.0,992.0,992.0,992.0,401.0
2018-02-26,1016.0,1017.0,1000.0,1000.0,436.0
2018-02-27,1000.0,1009.0,998.09998,1009.0,1251.0
2018-02-28,1001.0,1010.0,1000.0,1000.0,1968.0
2018-03-01,1010.0,1017.0,1001.0,1001.0,779.0
2018-03-02,1002.0,1002.0,1000.0,1001.0,5769.0
2018-03-05,1010.0,1010.0,1003.0,1005.0,4379.0
2018-03-06,1005.0,1006.0,1005.0,1005.0,3627.0
2018-03-07,1004.0,1010.0,1004.0,1010.0,1624.0
2018-03-08,1002.0,1002.0,998.5,1000.0,1668.0
2018-03-09,1000.0,1004.0,998.0,1004.0,564.0
2018-03-12,1004.0,1004.0,995.70001,995.79999,609.0
2018-03-13,1000.0,1000.0,994.90002,995.0,3009.0
2018-03-14,995.0,995.0,994.0,995.0,1514.0
2018-03-15,994.09998,996.0,994.09998,996.0,515.0
2018-03-16,997.0,997.0,994.09998,994.09998,451.0
2018-03-19,992.0,994.0,992.0,994.0,383.0
2018-03-20,998.0,998.0,994.0,995.0,519.0
2018-03-21,994.0,994.0,961.0,971.0,13375.0
2018-03-22,967.0,967.0,967.0,967.0,1.0
2018-03-23,968.09998,970.0,940.0,970.0,407.0
2018-03-26,942.0,979.0,942.0,979.0,1091.0
2018-03-27,952.0,962.0,952.0,962.0,180.0
2018-03-29,942.0,942.0,942.0,942.0,26.0
2018-03-30,960.0,960.0,960.0,960.0,243.0
2018-04-02,950.0,979.0,950.0,979.0,3934.0
2018-04-03,960.0,977.0,955.0,977.0,3815.0
2018-04-04,952.09998,952.09998,952.0,952.0,15.0
2018-04-05,978.0,978.0,978.0,978.0,534.0
2018-04-06,977.90002,977.90002,961.0,961.0,1205.0
2018-04-09,955.0,978.90002,955.0,960.09998,155.0
2018-04-10,975.0,975.0,975.0,975.0,18.0
2018-04-11,960.40002,977.90002,960.40002,977.90002,1221.0
2018-04-12,963.0,977.90002,963.0,977.90002,287.0
2018-04-13,970.0,996.0,970.0,996.0,618.0
2018-04-16,995.0,995.0,970.0,970.0,4059.0
2018-04-17,970.0,970.5,970.0,970.0,47.0
2018-04-18,972.0,994.5,972.0,975.0,14.0
2018-04-19,975.0,975.0,971.0,972.5,3074.0
2018-04-20,972.59998,975.0,963.20001,975.0,1983.0
2018-04-23,964.5,964.5,963.09998,963.09998,15.0
2018-04-24,980.0,980.0,980.0,980.0,15.0
2018-04-25,966.09998,990.0,966.09998,990.0,320.0
2018-04-26,972.0,985.0,970.0,973.20001,3508.0
2018-04-27,973.20001,990.0,972.20001,990.0,291.0
2018-04-30,975.09998,975.09998,975.0,975.09998,38.0
2018-05-02,993.5,993.5,993.5,993.5,445.0
2018-05-03,976.09998,980.0,976.09998,980.0,25.0
2018-05-04,975.0,985.0,975.0,985.0,445.0
2018-05-07,985.0,985.0,985.0,985.0,4.0
2018-05-08,975.0,980.0,975.0,976.0,2984.0
2018-05-09,975.29999,975.59998,975.29999,975.59998,1566.0
2018-05-10,975.59998,976.09998,975.59998,976.09998,4208.0
2018-05-11,976.0,980.0,975.59998,980.0,728.0
2018-05-14,976.0,976.0,976.0,976.0,14.0
2018-05-15,976.0,976.0,976.0,976.0,17.0
2018-05-16,975.09998,975.29999,940.0,940.0,767.0
2018-05-17,965.0,975.0,965.0,965.0,656.0
2018-05-18,980.0,980.0,974.0,974.0,1133.0
2018-05-21,960.0,960.0,960.0,960.0,351.0
2018-05-23,934.0,960.0,930.0,930.0,452.0
2018-05-24,933.0,933.0,910.0,910.0,1929.0
2018-05-28,900.0,900.0,900.0,900.0,277.0
2018-05-29,897.0,899.70001,880.0,899.0,327.0
2018-05-30,898.90002,900.0,850.0,881.0,14045.0
2018-05-31,870.0,874.0,861.29999,861.29999,7730.0
2018-06-01,861.0,900.0,860.0,900.0,929.0
2018-06-05,899.0,899.0,899.0,899.0,200.0
2018-06-06,900.0,900.0,900.0,900.0,200.0
2018-06-07,900.0,900.0,900.0,900.0,100.0
2018-06-08,929.0,929.0,900.0,900.0,66.0
2018-06-12,880.0,900.0,880.0,900.0,179.0
2018-06-13,900.0,900.0,885.0,885.0,25.0
2018-06-14,900.0,900.0,900.0,900.0,355.0
2018-06-18,915.0,915.0,900.0,915.0,294.0
2018-06-19,891.0,900.0,890.0,891.0,357.0
2018-06-20,910.0,910.0,900.09998,900.09998,600.0
2018-06-21,900.0,940.0,891.0,940.0,243.0
2018-06-22,940.0,940.0,940.0,940.0,2300.0
2018-06-25,905.0,905.0,890.0,890.0,1808.0
2018-06-26,893.0,894.0,890.0,890.0,1296.0
2018-06-27,890.0,930.0,890.0,930.0,261.0
2018-06-28,890.29999,925.0,860.0,925.0,32220.0
2018-06-29,880.0,880.0,880.0,880.0,962.0
2018-07-02,873.0,880.0,873.0,876.09998,2140.0
2018-07-03,872.0,923.0,871.0,923.0,1625.0
2018-07-06,910.0,919.0,900.0,919.0,10041.0
2018-07-09,900.0,900.0,897.0,897.0,10.0
2018-07-10,897.0,897.0,876.0,881.0,91.0
2018-07-11,880.0,880.0,876.0,880.0,30.0
2018-07-12,880.0,898.90002,873.09998,875.0,1187.0
2018-07-13,874.09998,899.0,871.0,899.0,27017.0
2018-07-16,865.09998,865.09998,840.0,840.0,458.0
2018-07-17,840.0,840.0,840.0,840.0,28.0
2018-07-18,820.0,840.0,820.0,840.0,36.0
2018-07-19,820.0,850.0,815.0,850.0,59.0
2018-07-20,820.0,890.0,820.0,890.0,2475.0
2018-07-23,851.0,851.0,851.0,851.0,25.0
2018-07-24,851.0,851.0,851.0,851.0,15.0
2018-07-25,841.0,889.0,840.0,889.0,88.0
2018-07-26,840.0,851.0,840.0,851.0,936.0
2018-07-27,869.90002,870.0,851.0,860.0,1047.0
2018-07-31,860.0,860.0,850.0,850.0,870.0
2018-08-01,845.0,845.09998,840.0,840.0,820.0
2018-08-03,841.0,850.0,820.0,850.0,1097.0
2018-08-06,830.0,830.0,826.59998,827.09998,540.0
2018-08-07,827.5,850.0,827.0,850.0,631.0
2018-08-08,835.20001,865.0,835.20001,865.0,585.0
2018-08-09,850.0,879.5,850.0,879.5,22033.0
2018-08-10,879.70001,886.0,872.09998,886.0,24622.0
2018-08-13,871.0,871.0,858.0,858.0,424.0
2018-08-16,851.0,860.0,850.0,860.0,157.0
2018-08-17,860.0,869.0,860.0,869.0,68.0
2018-08-24,861.5,861.5,861.5,861.5,63.0
2018-08-28,860.0,860.0,845.0,860.0,2333.0
2018-08-29,847.0,847.09998,846.0,846.0,126.0
2018-08-30,846.0,850.0,841.59998,850.0,191.0
2018-08-31,841.79999,860.0,841.79999,860.0,540.0
2018-09-03,842.09998,845.0,842.09998,843.09998,2100.0
2018-09-04,859.90002,859.90002,842.09998,858.0,525.0
2018-09-05,846.0,846.0,846.0,846.0,5.0
2018-09-06,846.0,846.0,842.09998,843.0,370.0
2018-09-07,841.79999,853.0,840.0,840.0,393.0
2018-09-10,820.0,820.0,810.09998,810.5,89.0
2018-09-12,815.0,815.0,815.0,815.0,958.0
2018-09-13,815.0,820.0,811.0,820.0,317.0
2018-09-14,815.0,815.09998,810.5,810.5,731.0
2018-09-17,820.0,820.0,811.0,815.0,134.0
2018-09-18,813.09998,835.0,813.09998,835.0,98.0
2018-09-19,817.0,830.0,817.0,830.0,6146.0
2018-09-20,830.0,844.90002,830.0,844.90002,6029.0
2018-09-21,844.79999,858.0,844.79999,858.0,13469.0
2018-09-25,834.0,871.0,834.0,871.0,8814.0
2018-09-26,874.90002,875.0,870.0,870.0,147.0
2018-09-27,870.0,896.0,870.0,896.0,10836.0
2018-09-28,899.0,900.0,870.0,890.0,11283.0
2018-10-01,872.0,880.0,867.0,867.0,23.0
2018-10-02,860.0,860.0,860.0,860.0,165.0
2018-10-03,862.0,862.0,862.0,862.0,15.0
2018-10-04,865.0,865.0,863.5,863.5,45.0
2018-10-05,858.09998,863.5,858.09998,860.20001,294.0
2018-10-08,860.0,865.0,860.0,860.40002,47.0
2018-10-09,860.20001,860.20001,855.0,860.0,5515.0
2018-10-10,860.0,860.0,851.20001,852.0,16083.0
2018-10-12,852.0,852.0,840.0,845.0,3109.0
2018-10-15,841.09998,841.09998,836.0,840.0,3390.0
2018-10-16,840.0,841.0,840.0,840.0,11370.0
2018-10-17,837.0,837.0,837.0,837.0,3.0
2018-10-18,837.09998,860.0,837.09998,860.0,9400.0
2018-10-19,843.09998,880.0,843.09998,880.0,4463.0
2018-10-22,890.0,895.0,890.0,895.0,1564.0
2018-10-24,863.0,863.0,863.0,863.0,15.0
2018-10-25,888.0,888.0,859.0,859.0,127.0
2018-10-29,858.0,858.0,850.0,850.0,54.0
2018-10-30,850.0,850.0,840.20001,842.0,3875.0
2018-10-31,841.0,842.0,841.0,842.0,97.0
2018-11-01,844.0,844.0,844.0,844.0,550.0
2018-11-02,851.0,860.0,851.0,855.0,1197.0
2018-11-05,855.0,855.0,855.0,855.0,1.0
2018-11-07,855.0,855.0,855.0,855.0,7.0
2018-11-08,848.0,880.0,848.0,880.0,4038.0
2018-11-09,880.0,885.0,880.0,885.0,5151.0
2018-11-12,861.0,861.0,850.0,851.0,53.0
2018-11-13,860.0,889.90002,860.0,889.90002,3520.0
2018-11-14,871.0,892.0,862.0,892.0,1424.0
2018-11-15,895.0,895.0,890.0,895.0,2614.0
2018-11-16,892.0,895.0,892.0,895.0,639.0
2018-11-19,900.0,910.0,866.0,868.0,84.0
2018-11-22,869.0,869.0,869.0,869.0,3.0
2018-11-23,864.0,864.0,855.0,860.0,321.0
2018-11-26,850.09998,850.09998,850.0,850.0,10.0
2018-11-27,859.0,860.0,851.0,860.0,33.0
2018-11-28,848.0,848.0,848.0,848.0,14.0
2018-11-29,852.20001,852.20001,852.20001,852.20001,30.0
2018-11-30,850.29999,875.0,850.20001,875.0,1537.0
2018-12-04,855.0,887.0,855.0,887.0,3029.0
2018-12-05,858.09998,880.0,858.09998,880.0,200.0
2018-12-06,864.09998,885.0,864.0,885.0,1235.0
2018-12-07,870.0,889.90002,865.0,865.0,3868.0
2018-12-10,856.0,860.0,855.09998,860.0,3616.0
2018-12-11,865.0,875.0,863.0,875.0,2570.0
2018-12-12,857.0,866.0,857.0,866.0,30.0
2018-12-13,874.0,878.0,874.0,878.0,3000.0
2018-12-14,871.0,880.0,864.0,880.0,3828.0
2018-12-17,862.0,880.0,862.0,880.0,50.0
2018-12-18,888.0,890.0,888.0,890.0,6965.0
2018-12-19,881.5,881.5,881.5,881.5,1000.0
2018-12-20,883.0,883.0,883.0,883.0,15.0
2018-12-21,883.0,908.0,883.0,890.0,4482.0
2018-12-24,876.0,885.0,876.0,879.0,195.0
2018-12-25,902.90002,902.90002,878.0,883.0,13.0
2018-12-26,876.09998,890.0,876.09998,880.0,5142.0
2018-12-27,879.0,885.0,845.0,845.0,1391.0
2018-12-28,851.0,890.0,851.0,890.0,20204.0
2018-12-31,880.0,890.0,873.0,890.0,17281.0
2019-01-02,874.09998,874.09998,874.09998,874.09998,10.0
2019-01-03,879.0,880.0,879.0,880.0,32.0
2019-01-04,885.0,890.0,885.0,890.0,2066.0
2019-01-07,866.0,870.0,866.0,870.0,32.0
2019-01-09,870.09998,870.5,870.09998,870.5,80.0
2019-01-10,870.0,870.0,868.0,870.0,2056.0
2019-01-18,870.0,870.20001,870.0,870.20001,5190.0
2019-01-21,865.40002,900.0,865.40002,900.0,2022.0
2019-01-23,881.5,892.0,881.5,892.0,41.0
2019-01-24,893.0,920.0,893.0,920.0,5480.0
2019-01-25,930.0,935.0,913.09998,931.0,2905.0
2019-01-28,930.0,930.0,906.0,906.0,35.0
2019-01-29,911.0,920.0,910.0,916.0,59.0
2019-01-30,920.0,931.0,920.0,931.0,71.0
2019-01-31,926.0,931.0,926.0,931.0,3157.0
2019-02-01,931.0,931.0,931.0,931.0,20.0
2019-02-04,930.0,930.0,925.0,925.0,201.0
2019-02-05,911.0,921.0,911.0,921.0,75.0
2019-02-06,930.0,950.0,930.0,950.0,1353.0
2019-02-07,932.09998,940.0,932.09998,939.0,448.0
2019-02-08,930.0,955.0,930.0,955.0,506.0
2019-02-11,957.0,957.0,948.0,950.0,3110.0
2019-02-12,940.0,940.0,938.0,938.0,88.0
2019-02-13,940.0,941.0,940.0,941.0,36.0
2019-02-14,949.0,952.0,943.0,950.0,211.0
2019-02-15,940.0,944.0,940.0,944.0,1637.0
2019-02-18,940.5,940.5,940.0,940.0,48.0
2019-02-19,945.0,950.0,940.0,950.0,3129.0
2019-02-21,940.0,955.0,940.0,942.0,35.0
2019-02-22,950.0,964.0,950.0,964.0,2003.0
2019-02-25,955.0,955.0,955.0,955.0,300.0
2019-02-26,955.0,955.0,940.0,951.0,12753.0
2019-02-27,953.0,953.0,950.0,950.0,42665.0
2019-02-28,943.0,943.0,926.0,926.0,446.0
2019-03-01,922.0,955.0,922.0,940.0,780.0
2019-03-04,940.0,949.0,940.0,949.0,1381.0
2019-03-05,949.0,949.0,940.0,940.0,38.0
2019-03-06,939.0,940.0,939.0,940.0,263.0
2019-03-07,940.0,981.0,940.0,981.0,4542.0
2019-03-08,912.0,935.0,900.0,935.0,751.0
2019-03-12,925.0,925.0,924.0,924.0,17.0
2019-03-13,920.0,928.0,920.0,928.0,16.0
2019-03-14,940.0,945.0,935.0,935.0,1609.0
2019-03-15,936.0,936.0,907.0,907.0,2949.0
2019-03-18,933.0,935.0,901.0,901.0,146.0
2019-03-19,935.0,935.0,901.09998,905.0,134.0
2019-03-20,908.0,910.0,908.0,910.0,88.0
2019-03-21,910.0,910.0,910.0,910.0,36.0
2019-03-22,908.0,908.0,901.0,901.0,1119.0
2019-03-25,910.0,910.0,900.0,900.0,2015.0
2019-03-26,900.0,900.0,900.0,900.0,10.0
2019-03-27,900.0,900.0,900.0,900.0,50.0
2019-03-28,900.0,920.0,900.0,920.0,1319.0
2019-03-29,903.0,920.0,895.0,895.09998,3636.0
2019-04-01,913.0,913.0,913.0,913.0,3.0
2019-04-02,900.0,900.0,900.0,900.0,164.0
2019-04-03,900.0,900.0,900.0,900.0,2853.0
2019-04-04,888.0,888.0,888.0,888.0,4.0
2019-04-05,888.0,895.0,870.0,870.0,2015.0
2019-04-08,870.0,870.0,855.0,855.0,100.0
2019-04-09,856.0,861.0,856.0,861.0,167.0
2019-04-10,875.0,891.0,875.0,875.5,9049.0
2019-04-11,857.0,857.0,857.0,857.0,15.0
2019-04-12,866.0,888.0,866.0,875.0,3136.0
2019-04-16,861.5,865.0,861.5,865.0,29.0
2019-04-18,865.09998,865.09998,865.09998,865.09998,2.0
2019-04-19,870.0,887.0,866.70001,887.0,113.0
2019-04-23,869.0,869.0,868.59998,868.59998,15.0
2019-04-24,868.59998,869.0,868.5,869.0,33.0
2019-04-25,868.5,868.5,868.5,868.5,15.0
2019-04-26,870.0,870.0,868.70001,868.70001,12.0
2019-04-29,870.0,870.0,870.0,870.0,48.0
2019-05-02,871.0,871.0,871.0,871.0,74.0
2019-05-03,872.0,872.0,872.0,872.0,15.0
2019-05-06,872.09998,872.09998,872.0,872.0,45.0
2019-05-07,872.5,872.5,872.5,872.5,120.0
2019-05-08,873.0,873.09998,873.0,873.09998,514.0
2019-05-13,885.0,885.0,885.0,885.0,200.0
2019-05-14,873.09998,873.09998,855.09998,865.0,985.0
2019-05-15,865.0,870.0,857.0,870.0,5022.0
2019-05-16,870.0,888.0,870.0,888.0,15.0
2019-05-17,866.0,870.0,862.0,863.0,4828.0
2019-05-20,886.0,886.0,865.0,865.0,4009.0
2019-05-21,863.29999,870.0,860.0,870.0,22498.0
2019-05-22,870.0,870.0,870.0,870.0,309.0
2019-05-24,856.5,856.5,856.5,856.5,6.0
2019-05-27,857.20001,857.20001,856.79999,856.79999,30.0
2019-05-28,880.0,885.0,859.0,859.0,560.0
2019-05-29,861.0,861.0,861.0,861.0,30.0
2019-05-30,865.0,865.0,865.0,865.0,1000.0
2019-05-31,865.0,865.0,865.0,865.0,59.0
2019-06-04,867.0,867.0,867.0,867.0,15.0
2019-06-10,885.0,885.0,865.5,865.5,30.0
2019-06-11,865.70001,885.0,865.59998,885.0,50.0
2019-06-12,866.09998,866.09998,865.70001,865.70001,18.0
2019-06-13,866.0,866.0,860.0,860.59998,17470.0
2019-06-14,861.20001,862.5,861.20001,862.5,135.0
2019-06-18,862.0,862.0,858.0,858.0,105.0
2019-06-19,859.0,861.0,859.0,860.0,10014.0
2019-06-20,861.0,861.0,860.0,860.0,70.0
2019-06-21,861.0,862.0,861.0,862.0,1414.0
2019-06-24,862.0,862.0,860.0,862.0,1644.0
2019-06-25,862.09998,862.09998,862.09998,862.09998,114.0
2019-06-26,862.09998,872.0,862.09998,872.0,5038.0
2019-06-28,870.0,870.0,870.0,870.0,397.0
2019-07-01,865.0,875.0,865.0,875.0,1188.0
2019-07-02,871.09998,871.09998,871.09998,871.09998,15.0
2019-07-03,866.0,867.0,866.0,866.0,81.0
2019-07-04,882.0,884.70001,866.20001,884.0,112.0
2019-07-05,870.0,890.0,870.0,889.0,9197.0
2019-07-08,900.0,908.0,900.0,908.0,25.0
2019-07-09,872.5,872.5,872.5,872.5,5.0
2019-07-10,892.0,892.0,890.0,892.0,2947.0
2019-07-11,890.0,893.0,878.0,878.0,73.0
2019-07-12,886.0,900.0,886.0,895.0,1737.0
2019-07-16,872.0,880.0,860.0,880.0,3648.0
2019-07-17,898.90002,898.90002,860.0,860.0,2210.0
2019-07-18,868.0,871.0,868.0,870.09998,29.0
2019-07-19,872.0,872.0,870.20001,872.0,4215.0
2019-07-22,873.0,873.0,872.0,872.0,47.0
2019-07-23,872.20001,872.20001,872.0,872.0,71.0
2019-07-24,873.0,873.0,873.0,873.0,18.0
2019-07-25,880.09998,890.0,880.09998,890.0,49.0
2019-07-26,889.79999,898.0,880.09998,898.0,48.0
2019-07-29,898.0,900.0,875.5,875.5,146.0
2019-07-31,890.0,900.0,890.0,900.0,1044.0
2019-08-01,889.0,890.0,889.0,890.0,2016.0
2019-08-02,895.0,895.0,885.0,885.0,2443.0
2019-08-05,883.0,900.0,880.0,900.0,23.0
2019-08-06,881.09998,895.0,881.09998,895.0,1013.0
2019-08-07,882.09998,895.0,882.0,895.0,6015.0
2019-08-08,880.0,880.0,880.0,880.0,45.0
2019-08-09,881.0,881.0,881.0,881.0,6.0
2019-08-16,890.0,895.0,890.0,895.0,1001.0
2019-08-22,890.0,890.0,890.0,890.0,25.0
2019-08-26,890.0,895.0,885.0,885.0,267.0
2019-08-27,899.0,905.0,899.0,905.0,1573.0
2019-08-28,910.0,920.0,906.0,906.0,127.0
2019-08-29,937.0,937.0,910.0,910.0,22.0
2019-08-30,906.09998,910.0,905.0,910.0,1120.0
2019-09-02,928.0,928.0,928.0,928.0,2.0
2019-09-03,910.0,910.0,910.0,910.0,830.0
2019-09-04,910.0,910.0,900.0,900.0,239.0
2019-09-05,910.0,910.0,910.0,910.0,1679.0
2019-09-06,900.0,900.0,900.0,900.0,32.0
2019-09-09,901.0,901.0,900.0,900.0,65.0
2019-09-10,892.0,892.0,891.0,891.0,28.0
2019-09-11,900.0,900.0,900.0,900.0,95.0
2019-09-12,892.0,892.0,891.0,891.0,12.0
2019-09-13,891.09998,905.0,891.09998,905.0,195.0
2019-09-16,900.0,920.0,900.0,900.0,1216.0
2019-09-17,900.0,918.0,880.0,918.0,181.0
2019-09-19,885.0,890.0,885.0,890.0,1020.0
2019-09-20,891.0,891.0,891.0,891.0,251.0
2019-09-23,891.0,891.0,891.0,891.0,32.0
2019-09-24,895.0,895.0,890.0,892.0,8949.0
2019-09-25,892.0,892.0,892.0,892.0,1326.0
2019-09-26,892.0,892.0,888.0,888.0,15.0
2019-09-27,888.0,888.0,888.0,888.0,40.0
2019-09-30,890.0,890.0,890.0,890.0,4.0
2019-10-01,890.0,895.0,883.0,883.0,777.0
2019-10-02,890.0,890.0,884.0,884.0,15.0
2019-10-04,884.0,884.0,880.0,880.0,1113.0
2019-10-07,873.0,873.09998,872.0,873.09998,115.0
2019-10-08,880.0,880.0,873.20001,873.20001,485.0
2019-10-09,873.20001,873.20001,872.0,872.0,430.0
2019-10-10,872.09998,872.09998,872.0,872.0,160.0
2019-10-11,873.0,890.0,872.0,890.0,476.0
2019-10-15,880.0,880.0,880.0,880.0,1000.0
2019-10-16,875.0,875.0,872.0,872.0,86.0
2019-10-17,872.0,872.0,870.0,870.0,1946.0
2019-10-18,880.0,880.0,880.0,880.0,2000.0
2019-10-21,871.0,900.0,867.0,900.0,8308.0
2019-10-22,882.20001,882.20001,880.0,880.09998,473.0
2019-10-23,877.29999,880.40002,877.20001,880.09998,5159.0
2019-10-24,880.09998,880.09998,879.0,880.09998,4394.0
2019-10-25,880.20001,890.0,880.20001,890.0,7530.0
2019-10-28,882.0,900.0,881.0,882.0,5545.0
2019-10-29,882.29999,885.09998,882.29999,884.0,7079.0
2019-10-30,884.0,899.70001,882.09998,884.0,1031.0
2019-10-31,884.0,885.0,884.0,884.0,6815.0
2019-11-04,884.0,884.0,884.0,884.0,12047.0
2019-11-05,884.0,884.0,884.0,884.0,23630.0
2019-11-07,884.09998,884.09998,884.0,884.0,343.0
2019-11-08,880.0,900.0,880.0,900.0,27060.0
2019-11-12,880.0,880.0,879.0,879.0,14.0
2019-11-13,880.09998,899.5,880.09998,881.0,26205.0
2019-11-14,881.09998,881.09998,870.20001,870.20001,29095.0
2019-11-15,873.0,875.09998,873.0,875.0,21066.0
2019-11-20,875.0,875.0,875.0,875.0,12530.0
2019-11-21,876.0,876.0,875.0,875.0,7456.0
2019-11-22,874.0,895.0,874.0,895.0,295.0
2019-11-25,890.0,895.0,870.20001,895.0,44.0
2019-11-26,871.40002,897.0,871.20001,897.0,107.0
2019-11-27,897.0,900.0,875.70001,900.0,344.0
2019-11-28,882.0,900.0,881.0,900.0,215.0
2019-11-29,885.0,920.0,885.0,920.0,1970.0
2019-12-02,891.0,893.0,891.0,893.0,5.0
2019-12-03,894.20001,894.20001,882.20001,894.0,29.0
2019-12-04,892.0,905.0,892.0,905.0,1392.0
2019-12-05,900.0,900.0,900.0,900.0,277.0
2019-12-06,900.0,918.0,890.5,918.0,2245.0
2019-12-09,925.0,925.0,925.0,925.0,350.0
2019-12-10,892.0,897.0,892.0,896.0,6015.0
2019-12-11,900.0,910.0,900.0,910.0,2029.0
2019-12-12,897.20001,910.0,892.09998,910.0,390.0
2019-12-13,910.0,940.0,910.0,940.0,938.0
2019-12-16,905.0,905.0,905.0,905.0,43.0
2019-12-17,906.5,911.0,906.5,911.0,12.0
2019-12-18,920.09998,920.09998,920.0,920.0,261.0
2019-12-19,911.20001,930.0,910.09998,925.0,1061.0
2019-12-20,928.79999,950.0,928.79999,950.0,9256.0
2019-12-23,925.0,950.0,925.0,950.0,5144.0
2019-12-24,927.0,949.0,927.0,949.0,2453.0
2019-12-25,931.0,948.0,931.0,948.0,5238.0
2019-12-26,925.0,925.0,925.0,925.0,1000.0
2019-12-27,920.0,947.0,915.0,947.0,2643.0
2019-12-30,946.0,946.0,946.0,946.0,300.0
2019-12-31,929.0,929.0,929.0,929.0,1000.0
2020-01-03,929.0,929.0,929.0,929.0,230.0
2020-01-07,915.0,915.0,914.0,914.0,698.0
2020-01-08,914.0,914.0,901.09998,901.09998,908.0
2020-01-09,905.0,944.0,900.0,944.0,2395.0
2020-01-10,944.0,944.0,944.0,944.0,106.0
2020-01-13,944.0,944.0,915.0,940.0,3037.0
2020-01-14,916.0,916.0,915.40002,915.5,57.0
2020-01-15,934.90002,935.0,934.90002,935.0,6000.0
2020-01-16,920.70001,921.0,917.09998,918.59998,284.0
2020-01-17,920.0,930.0,920.0,930.0,8368.0
2020-01-20,921.20001,921.5,921.20001,921.40002,80.0
2020-01-21,930.0,930.0,925.0,925.0,6186.0
2020-01-22,937.0,937.0,925.0,937.0,137.0
2020-01-23,935.0,937.0,930.0,937.0,9350.0
2020-01-24,935.0,935.0,930.0,930.0,3632.0
2020-01-27,951.0,976.0,951.0,965.09998,5158.0
2020-01-28,965.0,971.0,965.0,971.0,4929.0
2020-01-29,965.0,971.0,953.29999,971.0,880.0
2020-01-30,971.0,974.0,956.0,956.0,569.0
2020-01-31,974.0,974.0,970.0,970.0,3056.0
2020-02-03,956.09998,956.09998,953.29999,953.29999,30.0
2020-02-04,925.09998,925.09998,925.0,925.0,172.0
2020-02-05,951.5,956.0,951.5,956.0,595.0
2020-02-06,942.0,942.09998,933.0,933.0,820.0
2020-02-07,932.09998,932.09998,932.09998,932.09998,545.0
2020-02-10,932.09998,932.09998,927.0,927.0,74.0
2020-02-11,933.0,933.0,926.0,927.5,59.0
2020-02-12,930.0,930.0,927.5,927.5,10.0
2020-02-13,927.5,927.5,927.0,927.0,15.0
2020-02-14,935.5,964.0,935.5,964.0,5468.0
2020-02-17,935.09998,935.09998,935.09998,935.09998,15.0
2020-02-18,955.0,955.0,945.0,945.29999,11518.0
2020-02-20,936.09998,937.0,936.0,936.0,275.0
2020-02-21,955.0,960.0,948.0,960.0,3860.0
2020-02-24,938.09998,938.09998,938.09998,938.09998,1.0
2020-02-25,940.0,941.0,940.0,941.0,47.0
2020-02-26,940.20001,945.0,940.20001,945.0,2944.0
2020-02-27,942.59998,945.0,942.59998,945.0,315.0
2020-02-28,959.0,959.0,944.0,944.0,4653.0
2020-03-02,935.09998,940.0,925.09998,931.0,1044.0
2020-03-03,926.09998,931.0,920.0,931.0,395.0
2020-03-04,930.0,935.0,930.0,935.0,492.0
2020-03-05,920.0,920.0,882.09998,900.0,2922.0
2020-03-06,897.09998,901.0,897.09998,900.0,3488.0
2020-03-09,890.0,890.0,865.20001,873.0,37673.0
2020-03-10,898.0,900.0,849.0,900.0,114.0
2020-03-11,900.0,900.0,900.0,900.0,3.0
2020-03-12,861.0,861.0,830.0,830.0,10937.0
2020-03-13,830.0,835.0,800.0,810.0,3928.0
2020-03-16,801.09998,801.09998,729.09998,740.0,14029.0
2020-03-17,710.5,760.0,710.5,713.0,6428.0
2020-03-18,684.59998,705.09998,684.59998,705.09998,3169.0
2020-03-19,705.09998,733.29999,705.0,733.29999,5572.0
2020-03-20,761.5,762.59998,761.5,762.59998,1629.0
2020-03-23,793.09998,793.09998,793.09998,793.09998,15.0
2020-03-24,823.0,823.0,822.0,823.0,1006.0
2020-03-25,830.0,835.0,790.5,790.5,4576.0
2020-03-26,810.0,822.0,795.0,795.0,5770.0
2020-03-27,795.0,795.0,795.0,795.0,3600.0
2020-03-31,810.0,810.0,795.0,795.0,1315.0
2020-04-02,786.0,786.0,786.0,786.0,1.0
2020-04-03,800.0,800.0,800.0,800.0,2216.0
2020-04-06,800.0,800.0,789.0,789.0,109.0
2020-04-07,791.0,791.0,790.0,790.0,656.0
2020-04-08,800.0,801.0,800.0,801.0,11.0
2020-04-09,813.0,815.0,813.0,815.0,33.0
2020-04-10,799.0,844.0,795.0,844.0,9333.0
2020-04-13,850.0,850.0,850.0,850.0,8.0
2020-04-14,840.0,840.0,830.0,830.0,118.0
2020-04-15,830.0,840.0,830.0,840.0,1920.0
2020-04-16,818.0,818.0,818.0,818.0,5.0
2020-04-17,840.0,840.0,840.0,840.0,22016.0
2020-04-20,846.0,846.0,846.0,846.0,1.0
2020-04-21,839.0,839.0,839.0,839.0,50.0
2020-04-24,835.0,842.0,835.0,842.0,15.0
2020-04-27,842.0,850.0,842.0,850.0,1269.0
2020-04-28,850.0,850.0,833.0,833.0,1081.0
2020-04-29,833.09998,833.5,833.09998,833.5,202.0
2020-04-30,850.0,850.0,850.0,850.0,5.0
2020-05-04,850.0,850.0,850.0,850.0,51.0
2020-05-06,866.0,868.0,866.0,868.0,1211.0
2020-05-07,870.0,870.0,870.0,870.0,1159.0
2020-05-08,861.0,874.0,860.0,860.0,4303.0
2020-05-11,850.09998,855.0,850.09998,855.0,26.0
2020-05-12,851.0,851.0,851.0,851.0,10.0
2020-05-13,851.5,871.40002,851.0,871.40002,6580.0
2020-05-14,855.0,871.90002,855.0,871.90002,7871.0
2020-05-15,870.90002,870.90002,870.90002,870.90002,200.0
2020-05-18,851.0,869.90002,851.0,862.0,3924.0
2020-05-19,855.0,856.0,855.0,856.0,2770.0
2020-05-22,870.0,870.0,870.0,870.0,11104.0
2020-05-26,857.0,857.0,857.0,857.0,100.0
2020-05-27,858.09998,875.0,857.09998,875.0,684.0
2020-05-28,900.0,900.0,900.0,900.0,200.0
2020-05-29,899.79999,900.0,899.79999,900.0,16043.0
2020-06-01,900.0,900.0,900.0,900.0,50.0
2020-06-02,880.0,890.0,880.0,890.0,3905.0
2020-06-04,885.5,890.0,885.5,890.0,2368.0
2020-06-05,885.59998,906.0,885.59998,906.0,207.0
2020-06-08,882.09998,895.0,882.09998,895.0,536.0
2020-06-09,886.0,886.0,880.0,880.0,150.0
2020-06-11,890.0,890.0,890.0,890.0,1500.0
2020-06-17,925.0,925.0,920.0,920.0,12988.0
2020-06-18,887.09998,920.0,887.09998,890.09998,1516.0
2020-06-19,890.09998,890.09998,890.09998,890.09998,450.0
2020-06-23,892.0,892.09998,890.09998,890.09998,1354.0
2020-06-24,890.0,890.0,890.0,890.0,1.0
2020-06-25,890.0,890.0,890.0,890.0,34468.0
2020-06-26,890.0,890.0,890.0,890.0,15445.0
2020-06-29,907.0,907.0,861.0,863.0,10243.0
2020-07-01,875.0,890.0,875.0,890.0,6007.0
2020-07-06,865.09998,865.09998,865.09998,865.09998,3.0
2020-07-08,880.0,889.0,880.0,889.0,158.0
2020-07-09,890.0,890.0,890.0,890.0,1521.0
2020-07-10,885.0,885.0,885.0,885.0,1576.0
2020-07-14,882.90002,882.90002,882.90002,882.90002,10.0
2020-07-15,880.0,880.0,880.0,880.0,100.0
2020-07-16,850.0,865.0,850.0,865.0,31.0
2020-07-17,865.0,886.0,865.0,870.0,2516.0
2020-07-20,885.0,885.0,870.0,870.0,353.0
2020-07-21,873.0,873.0,873.0,873.0,1.0
2020-07-22,884.90002,884.90002,884.90002,884.90002,1.0
2020-07-24,875.0,875.0,872.0,872.0,112438.0
2020-07-27,872.0,872.0,872.0,872.0,53.0
2020-07-28,872.0,875.0,872.0,875.0,2002.0
2020-07-29,872.0,872.0,870.0,870.0,2000.0
2020-08-03,861.09998,861.09998,861.09998,861.09998,40.0
2020-08-04,861.29999,861.29999,861.0,861.0,50.0
2020-08-05,860.0,860.0,860.0,860.0,814.0
2020-08-07,860.0,884.90002,850.20001,884.90002,160.0
2020-08-11,865.0,865.0,865.0,865.0,15.0
2020-08-12,851.0,851.0,850.20001,850.20001,8.0
2020-08-13,851.0,878.0,850.20001,878.0,73.0
2020-08-17,850.20001,870.0,850.20001,870.0,1001.0
2020-08-18,860.0,860.0,860.0,860.0,287.0
2020-08-19,851.0,860.0,850.20001,860.0,115.0
2020-08-24,860.0,870.0,843.90002,870.0,529.0
2020-08-25,870.0,870.0,870.0,870.0,1125.0
2020-08-26,870.0,870.0,870.0,870.0,4.0
2020-08-27,878.79999,879.0,878.79999,879.0,427.0
2020-08-28,880.0,880.0,870.0,870.0,1037.0
2020-08-31,870.0,878.0,870.0,878.0,3693.0
2020-09-02,885.0,895.0,870.0,870.0,655.0
2020-09-04,875.0,880.0,875.0,875.0,2558.0
2020-09-08,870.0,870.0,870.0,870.0,14.0
2020-09-09,860.0,870.0,855.09998,870.0,7365.0
2020-09-10,889.90002,889.90002,889.90002,889.90002,4.0
2020-09-11,889.90002,890.0,870.0,885.0,2899.0
2020-09-14,870.0,870.0,870.0,870.0,11.0
2020-09-16,870.0,870.0,870.0,870.0,3015.0
2020-09-17,870.0,875.0,870.0,875.0,1263.0
2020-09-18,870.0,880.0,870.0,880.0,385.0
2020-09-21,870.5,890.0,870.0,890.0,216.0
2020-09-23,885.0,889.0,870.29999,889.0,202.0
2020-09-24,880.0,880.0,880.0,880.0,1500.0
2020-09-25,880.0,884.0,880.0,881.0,6587.0
2020-09-28,871.09998,884.0,871.09998,884.0,166.0
2020-09-29,880.0,880.0,880.0,880.0,633.0
2020-09-30,884.0,884.0,884.0,884.0,100.0
2020-10-01,888.90002,888.90002,888.90002,888.90002,200.0
2020-10-02,890.0,890.0,872.09998,885.0,1624.0
2020-10-05,885.0,885.0,873.0,873.0,601.0
2020-10-06,885.0,885.0,885.0,885.0,26.0
2020-10-07,885.0,890.0,885.0,890.0,323.0
2020-10-08,874.0,891.0,874.0,891.0,515.0
2020-10-12,882.0,890.0,874.0,890.0,7728.0
2020-10-13,872.29999,900.0,870.20001,900.0,284.0
2020-10-14,899.90002,903.0,899.90002,900.0,3054.0
2020-10-16,900.0,900.0,900.0,900.0,1903.0
2020-10-19,883.0,902.0,883.0,902.0,1110.0
2020-10-20,903.0,903.0,900.0,900.0,70.0
2020-10-21,900.0,910.59998,900.0,910.0,15873.0
2020-10-22,915.0,920.0,910.0,919.0,2852.0
2020-10-27,923.0,930.0,920.0,930.0,54119.0
2020-10-28,924.0,930.0,912.0,920.0,8814.0
2020-11-02,920.0,920.0,920.0,920.0,314.0
2020-11-03,915.0,920.0,915.0,920.0,685.0
2020-11-04,925.0,930.0,925.0,930.0,1918.0
2020-11-05,928.0,938.79999,928.0,938.79999,57564.0
2020-11-09,938.0,938.0,935.0,938.0,761.0
2020-11-10,938.79999,938.79999,938.79999,938.79999,2.0
2020-11-11,928.0,935.0,928.0,935.0,696.0
2020-11-12,935.0,936.0,928.0,936.0,5883.0
2020-11-13,940.0,944.90002,940.0,944.90002,1370.0
2020-11-16,935.0,940.0,935.0,940.0,1161.0
2020-11-17,938.0,940.0,938.0,940.0,1910.0
2020-11-19,941.0,944.0,940.0,944.0,6639.0
2020-11-20,940.0,950.0,940.0,946.09998,39142.0
2020-11-23,945.0,970.0,945.0,970.0,346.0
2020-11-24,966.0,970.0,966.0,970.0,42.0
2020-11-25,965.0,965.0,964.90002,964.90002,508.0
2020-11-26,945.70001,945.70001,945.70001,945.70001,110.0
2020-11-27,940.09998,940.09998,940.09998,940.09998,15.0
2020-11-30,940.0,959.0,935.0,959.0,8441.0
2020-12-01,940.0,940.0,940.0,940.0,5000.0
2020-12-02,930.0,935.0,930.0,935.0,25.0
2020-12-03,949.0,952.0,949.0,952.0,2.0
2020-12-04,950.0,950.0,935.0,936.0,1224.0
2020-12-07,936.0,936.0,936.0,936.0,30.0
2020-12-08,937.0,937.5,935.0,935.0,1019.0
2020-12-09,939.0,939.0,939.0,939.0,15.0
2020-12-10,935.0,937.0,935.0,937.0,2616.0
2020-12-11,940.0,944.0,936.0,940.0,950.0
2020-12-14,937.0,937.0,916.0,916.0,123.0
2020-12-15,921.0,940.0,921.0,935.0,3729.0
2020-12-16,943.0,943.0,922.0,935.0,26163.0
2020-12-17,921.09998,930.0,920.0,930.0,599.0
2020-12-18,922.5,935.0,922.09998,930.0,3099.0
2020-12-21,925.0,925.0,911.0,911.0,96.0
2020-12-22,928.0,929.20001,928.0,929.20001,205.0
2020-12-23,929.20001,929.20001,911.09998,927.0,3082.0
2020-12-24,927.0,927.0,916.0,916.0,2205.0
2020-12-25,927.0,933.0,916.0,933.0,1594.0
2020-12-28,912.0,930.0,912.0,930.0,187724.0
2020-12-29,915.0,915.0,912.0,912.0,145.0
2020-12-30,919.0,919.0,915.0,915.0,154.0
2021-01-04,902.59998,915.0,897.0,915.0,322.0
2021-01-05,915.0,919.0,915.0,919.0,2002.0
2021-01-06,916.0,916.0,915.0,915.0,249.0
2021-01-07,919.0,919.0,919.0,919.0,10.0
2021-01-08,919.0,919.0,914.0,914.0,789.0
2021-01-12,914.0,914.0,900.0,905.0,180.0
2021-01-13,908.0,910.0,908.0,910.0,1369.0
2021-01-14,910.09998,914.5,910.0,914.5,3852.0
2021-01-15,914.5,935.0,914.5,934.90002,3648.0
2021-01-18,920.0,930.0,920.0,930.0,402.0
2021-01-19,915.0,950.0,915.0,950.0,9419.0
2021-01-21,921.20001,935.0,920.0,935.0,223.0
2021-01-22,935.0,935.0,930.0,930.0,921.0
2021-01-25,922.09998,935.0,922.09998,935.0,816.0
2021-01-26,943.0,945.0,936.0,945.0,2423.0
2021-01-28,940.0,944.0,940.0,944.0,1006.0
2021-01-29,944.0,944.0,935.09998,935.09998,3195.0
2021-02-01,945.0,945.0,945.0,945.0,5.0
2021-02-02,942.0,942.0,942.0,942.0,2516.0
2021-02-03,942.0,942.0,940.0,940.0,120.0
2021-02-04,935.0,936.0,935.0,936.0,156.0
2021-02-05,936.0,940.0,935.0,940.0,1736.0
2021-02-08,940.0,940.0,935.0,935.0,682.0
2021-02-09,935.0,935.5,935.0,935.5,5002.0
2021-02-10,935.5,935.5,935.09998,935.09998,157.0
2021-02-11,935.20001,935.20001,935.20001,935.20001,2300.0
2021-02-12,935.20001,935.20001,935.20001,935.20001,1000.0
2021-02-16,940.0,940.0,940.0,940.0,2.0
2021-02-17,922.0,925.0,922.0,922.0,145.0
2021-02-18,928.0,928.0,928.0,928.0,30.0
2021-02-19,930.0,930.0,920.0,925.0,698.0
2021-02-22,925.0,940.0,920.09998,940.0,74.0
2021-02-24,920.29999,935.0,920.29999,935.0,1447.0
2021-02-25,920.09998,935.0,920.09998,935.0,6626.0
2021-02-26,938.90002,938.90002,938.90002,938.90002,165.0
2021-03-01,940.0,940.0,940.0,940.0,48.0
2021-03-03,920.09998,920.09998,920.09998,920.09998,102.0
2021-03-08,937.0,947.0,937.0,947.0,75.0
2021-03-09,945.0,945.0,926.20001,926.20001,425.0
2021-03-10,942.09998,942.09998,942.09998,942.09998,530.0
2021-03-11,936.0,942.0,936.0,937.0,1710.0
2021-03-12,932.0,940.0,926.0,939.90002,2152.0
2021-03-15,930.0,930.0,930.0,930.0,15.0
2021-03-16,930.09998,945.0,930.09998,945.0,2112.0
2021-03-17,944.0,960.90002,944.0,960.0,7141.0
2021-03-18,961.0,966.5,947.20001,960.09998,2075.0
2021-03-19,948.59998,948.59998,948.59998,948.59998,1.0
2021-03-22,950.0,955.0,950.0,955.0,213.0
2021-03-23,960.0,962.5,960.0,962.5,2023.0
2021-03-24,948.59998,962.0,945.0,961.0,516.0
2021-03-25,946.0,946.0,946.0,946.0,10.0
2021-03-26,962.0,962.5,962.0,962.5,1332.0
2021-03-30,960.0,970.0,960.0,970.0,7650.0
2021-03-31,965.0,965.0,965.0,965.0,35.0
2021-04-01,965.0,968.0,965.0,968.0,25.0
2021-04-02,960.0,965.0,960.0,965.0,1245.0
2021-04-05,965.0,965.0,951.0,951.0,20.0
2021-04-06,955.0,956.0,955.0,955.0,682.0
2021-04-07,937.5,950.0,937.5,950.0,12.0
2021-04-08,950.0,950.0,950.0,950.0,20.0
2021-04-09,946.20001,946.20001,945.20001,945.20001,65.0
2021-04-14,945.5,960.0,945.5,960.0,1040.0
2021-04-15,964.90002,965.0,964.90002,965.0,1598.0
2021-04-16,968.0,980.0,968.0,970.0,6238.0
2021-04-19,965.0,965.0,965.0,965.0,963.0
2021-04-20,965.09998,965.09998,965.09998,965.09998,1000.0
2021-04-22,966.0,966.0,966.0,966.0,172.0
2021-04-23,965.5,975.0,965.5,975.0,193.0
2021-04-26,965.59998,980.0,965.59998,980.0,7235.0
2021-04-27,966.0,980.0,965.59998,980.0,6039.0
2021-04-28,984.90002,999.0,984.90002,999.0,188.0
2021-04-29,999.0,1018.0,993.0,995.0,13383.0
2021-04-30,985.0,993.0,981.0,982.0,12343.0
2021-05-03,983.0,999.0,982.0,999.0,22.0
2021-05-04,999.0,999.0,999.0,999.0,2.0
2021-05-05,1000.0,1000.0,993.0,994.0,551.0
2021-05-06,998.0,1000.0,998.0,999.0,14042.0
2021-05-07,1013.0,1013.0,990.0,1009.0,274.0
2021-05-10,1009.0,1010.0,1009.0,1010.0,347.0
2021-05-11,1020.0,1040.0,1020.0,1023.0,4297.0
2021-05-12,1034.0,1034.0,1021.0,1021.0,34.0
2021-05-17,1020.0,1020.0,1010.0,1010.0,187.0
2021-05-18,1001.0,1003.0,1001.0,1003.0,6.0
2021-05-19,1003.0,1023.0,1000.0,1023.0,25314.0
2021-05-20,1023.0,1042.0,1011.0,1016.0,319.0
2021-05-21,1017.0,1021.0,1015.0,1021.0,190.0
2021-05-24,1021.0,1050.0,1021.0,1050.0,78.0
2021-05-25,1030.0,1030.0,1030.0,1030.0,4176.0
2021-05-26,1015.0,1035.0,1015.0,1035.0,234.0
2021-05-27,1023.0,1044.0,1023.0,1026.0,268.0
2021-05-31,1017.0,1035.0,1014.0,1023.0,11487.0
2021-06-01,1015.0,1015.0,1015.0,1015.0,50.0
2021-06-02,1021.0,1035.0,1021.0,1035.0,1110.0
2021-06-03,1035.0,1035.0,1035.0,1035.0,1125.0
2021-06-04,1035.0,1042.0,1035.0,1042.0,7871.0
2021-06-07,1022.0,1022.0,1020.0,1022.0,99.0
2021-06-08,1026.0,1035.0,1026.0,1035.0,1455.0
2021-06-09,1035.0,1036.0,1035.0,1036.0,4296.0
2021-06-10,1040.0,1041.0,1040.0,1040.0,9928.0
2021-06-11,1040.0,1040.0,1040.0,1040.0,807.0
2021-06-14,1022.0,1035.0,1020.0,1035.0,2071.0
2021-06-15,1022.0,1032.0,1022.0,1030.0,2244.0
2021-06-16,1021.0,1035.0,1020.0,1035.0,8600.0
2021-06-17,1025.0,1025.0,1025.0,1025.0,1000.0
2021-06-21,1025.0,1025.0,1020.0,1020.0,515.0
2021-06-22,1026.0,1035.0,1026.0,1028.0,1206.0
2021-06-23,1044.0,1050.0,1028.0,1028.0,10120.0
2021-06-24,1030.0,1049.0,1025.0,1025.0,1273.0
2021-06-25,1025.0,1040.0,1025.0,1035.0,29631.0
2021-06-28,1026.0,1039.0,1026.0,1039.0,61.0
2021-06-29,1030.0,1039.0,1027.0,1027.0,6814.0
2021-06-30,1027.0,1027.0,1027.0,1027.0,15.0
2021-07-01,1027.0,1029.0,1027.0,1029.0,24.0
2021-07-02,1029.0,1040.0,1029.0,1040.0,1550.0
2021-07-05,1040.0,1040.0,1026.0,1026.0,853.0
2021-07-06,1025.0,1034.0,1025.0,1034.0,280.0
2021-07-07,980.0,1030.0,980.0,1030.0,1749.0
2021-07-08,999.29999,1010.0,988.90002,1010.0,898.0
2021-07-09,999.0,999.0,999.0,999.0,2376.0
2021-07-12,986.0,986.0,982.20001,982.20001,46.0
2021-07-13,981.20001,981.20001,981.20001,981.20001,8.0
2021-07-14,982.0,982.0,980.0,980.0,45.0
2021-07-15,980.0,980.0,973.0,974.0,41.0
2021-07-16,974.0,974.0,970.09998,970.09998,55.0
2021-07-19,970.59998,985.0,970.59998,985.0,105.0
2021-07-20,972.09998,973.0,972.09998,973.0,32.0
2021-07-26,975.0,975.0,975.0,975.0,1.0
2021-07-27,976.09998,976.09998,976.09998,976.09998,3.0
2021-07-28,975.29999,975.29999,975.29999,975.29999,4.0
2021-07-29,998.70001,999.0,998.70001,999.0,1047.0
2021-08-02,980.0,980.0,980.0,980.0,1.0
2021-08-03,980.09998,980.09998,980.0,980.0,6.0
2021-08-04,980.09998,980.09998,976.0,976.0,66.0
2021-08-05,980.0,980.0,980.0,980.0,565.0
2021-08-06,981.0,1000.0,981.0,990.0,1357.0
2021-08-09,990.0,990.0,971.20001,971.40002,259.0
2021-08-11,975.0,997.59998,975.0,997.59998,3.0
2021-08-12,970.0,980.0,970.0,980.0,145.0
2021-08-13,970.0,997.40002,970.0,975.0,71.0
2021-08-16,975.0,975.0,975.0,975.0,15.0
2021-08-19,995.0,995.0,994.90002,995.0,1013.0
2021-08-23,993.0,995.0,993.0,995.0,10.0
2021-08-24,987.0,987.0,987.0,987.0,2.0
2021-08-25,995.0,995.90002,995.0,995.90002,1721.0
2021-08-26,983.09998,983.09998,982.29999,982.5,127.0
2021-08-27,982.5,982.5,970.0,970.09998,511.0
2021-08-30,961.09998,961.09998,961.0,961.0,10.0
2021-08-31,961.29999,980.0,961.0,963.0,1090.0
2021-09-01,962.0,980.0,962.0,980.0,598.0
2021-09-06,980.0,980.0,968.29999,980.0,135.0
2021-09-07,980.0,980.0,980.0,980.0,2.0
2021-09-08,979.0,980.0,979.0,980.0,60.0
2021-09-09,990.0,1000.0,980.0,980.0,1838.0
2021-09-10,985.0,1018.0,985.0,1018.0,1952.0
2021-09-14,1010.0,1016.0,985.29999,1016.0,2200.0
2021-09-15,1005.0,1005.0,990.5,1005.0,1051.0
2021-09-16,990.5,1010.0,990.0,1007.0,2015.0
2021-09-17,1010.0,1014.0,1010.0,1010.0,127.0
2021-09-21,1010.0,1010.0,1000.0,1000.0,39.0
2021-09-22,1000.0,1013.0,1000.0,1010.0,6018.0
2021-09-23,1010.0,1015.0,1010.0,1015.0,2747.0
2021-09-24,1015.0,1026.0,1015.0,1026.0,3848.0
2021-09-27,1001.0,1003.0,1001.0,1002.0,51.0
2021-09-28,1028.0,1028.0,1028.0,1028.0,60.0
2021-10-01,1024.0,1035.0,1024.0,1030.0,3158.0
2021-10-04,1025.0,1025.0,1025.0,1025.0,487.0
2021-10-05,1034.0,1035.0,1020.0,1020.0,62.0
2021-10-06,1008.0,1030.0,1008.0,1030.0,900.0
2021-10-07,1030.0,1030.0,1030.0,1030.0,1210.0
2021-10-08,1012.0,1030.0,1010.0,1030.0,99.0
2021-10-11,1030.0,1032.0,1030.0,1032.0,723.0
2021-10-12,1034.0,1084.0,1034.0,1084.0,8756.0
2021-10-13,1084.0,1084.0,1080.0,1080.0,201.0
2021-10-14,1080.0,1080.0,1080.0,1080.0,789.0
2021-10-15,1084.0,1099.0,1084.0,1094.0,519.0
2021-10-18,1065.0,1093.0,1061.0,1093.0,2095.0
2021-10-21,1066.0,1066.0,1061.0,1061.0,63.0
2021-10-22,1080.0,1085.0,1080.0,1085.0,910.0
2021-10-25,1084.0,1084.0,1075.0,1075.0,912.0
2021-10-26,1071.0,1078.0,1071.0,1078.0,29.0
2021-10-27,1085.0,1098.0,1085.0,1098.0,557.0
2021-10-28,1098.0,1105.0,1098.0,1103.0,6195.0
2021-10-29,1100.0,1100.0,1100.0,1100.0,344.0
2021-11-01,1080.0,1101.0,1080.0,1101.0,644.0
2021-11-02,1114.0,1119.0,1100.0,1100.0,832.0
2021-11-03,1091.0,1140.0,1091.0,1140.0,3072.0
2021-11-04,1150.0,1150.0,1117.0,1117.0,4300.0
2021-11-05,1109.0,1120.0,1100.0,1100.0,20608.0
2021-11-08,1072.0,1072.0,1070.0,1070.0,10.0
2021-11-09,1080.0,1080.0,1070.0,1070.0,888.0
2021-11-10,1055.0,1070.0,1055.0,1070.0,16.0
2021-11-11,1100.0,1100.0,1100.0,1100.0,2.0
2021-11-12,1101.0,1101.0,1080.0,1100.0,5483.0
2021-11-15,1100.0,1100.0,1083.0,1100.0,689.0
2021-11-17,1100.0,1100.0,1090.0,1090.0,1815.0
2021-11-19,1113.0,1115.0,1111.0,1115.0,540.0
2021-11-22,1100.0,1120.0,1100.0,1120.0,1941.0
2021-11-23,1093.0,1120.0,1093.0,1120.0,935.0
2021-11-24,1087.0,1120.0,1087.0,1120.0,604.0
2021-11-25,1088.0,1088.0,1087.0,1087.0,11.0
2021-11-26,1118.0,1130.0,1096.0,1096.0,4945.0
2021-11-29,1096.0,1096.0,1080.0,1080.0,308.0
2021-11-30,1080.0,1081.0,1050.0,1081.0,2577.0
2021-12-02,1079.0,1088.0,1079.0,1088.0,138.0
2021-12-03,1085.0,1095.0,1075.0,1095.0,1270.0
2021-12-06,1100.0,1100.0,1100.0,1100.0,2.0
2021-12-07,1090.0,1090.0,1090.0,1090.0,15.0
2021-12-08,1100.0,1100.0,1090.0,1090.0,2278.0
2021-12-09,1100.0,1100.0,1092.0,1092.0,189.0
2021-12-10,1092.0,1100.0,1092.0,1100.0,1185.0
2021-12-13,1068.0,1100.0,1068.0,1100.0,8015.0
2021-12-14,1100.0,1100.0,1100.0,1100.0,5.0
2021-12-15,1100.0,1100.0,1100.0,1100.0,66.0
2021-12-16,1102.0,1102.0,1100.0,1100.0,55.0
2021-12-20,1100.0,1100.0,1100.0,1100.0,25.0
2021-12-21,1087.0,1100.0,1086.0,1100.0,1071.0
2021-12-23,1100.0,1100.0,1100.0,1100.0,423.0
2021-12-24,1095.0,1100.0,1095.0,1100.0,3458.0
2021-12-27,1100.0,1100.0,1100.0,1100.0,5.0
2021-12-28,1100.0,1100.0,1091.0,1091.0,111.0
2021-12-29,1100.0,1105.0,1100.0,1105.0,1257.0
2021-12-30,1099.0,1150.0,1099.0,1100.0,13246.0
2021-12-31,1149.0,1149.0,1050.0,1050.0,26523.0
2022-01-03,1053.0,1053.0,1053.0,1053.0,2.0
2022-01-05,1100.0,1100.0,1100.0,1100.0,11.0
2022-01-06,1100.0,1100.0,1100.0,1100.0,17.0
2022-01-07,1100.0,1140.0,1100.0,1140.0,570.0
2022-01-10,1153.0,1153.0,1103.0,1103.0,5.0
2022-01-12,1104.0,1104.0,1104.0,1104.0,15.0
2022-01-13,1104.0,1155.0,1104.0,1140.0,1251.0
2022-01-14,1162.0,1162.0,1162.0,1162.0,2824.0
2022-01-17,1162.0,1231.0,1162.0,1215.0,5437.0
2022-01-18,1210.0,1270.0,1210.0,1220.0,233.0
2022-01-19,1250.0,1267.0,1231.0,1245.0,4656.0
2022-01-20,1240.0,1240.0,1231.0,1231.0,484.0
2022-01-21,1220.0,1240.0,1220.0,1221.0,6361.0
2022-01-24,1220.0,1220.0,1220.0,1220.0,55.0
2022-01-25,1200.0,1219.0,1200.0,1200.0,150.0
2022-01-26,1218.0,1218.0,1215.0,1215.0,42.0
2022-01-27,1200.0,1205.0,1200.0,1200.0,19.0
2022-01-28,1201.0,1202.0,1200.0,1200.0,89.0
2022-01-31,1200.0,1200.0,1200.0,1200.0,6.0
2022-02-01,1156.0,1220.0,1156.0,1200.0,797.0
2022-02-02,1177.0,1205.0,1177.0,1205.0,1860.0
2022-02-03,1180.0,1220.0,1180.0,1220.0,1537.0
2022-02-04,1220.0,1250.0,1220.0,1250.0,3001.0
2022-02-07,1240.0,1265.0,1233.0,1233.0,102.0
2022-02-08,1240.0,1240.0,1240.0,1240.0,502.0
2022-02-09,1232.0,1232.0,1220.0,1226.0,179.0
2022-02-10,1250.0,1268.0,1221.0,1249.0,872.0
2022-02-11,1224.0,1249.0,1202.0,1249.0,250.0
2022-02-14,1212.0,1212.0,1212.0,1212.0,51.0
2022-02-15,1209.0,1209.0,1196.0,1196.0,14461.0
2022-02-16,1196.0,1220.0,1196.0,1197.0,179.0
2022-02-17,1200.0,1228.0,1180.0,1228.0,136.0
2022-02-18,1199.0,1199.0,1160.0,1160.0,2732.0
2022-02-21,1170.0,1190.0,1170.0,1190.0,88.0
2022-02-22,1165.0,1165.0,1160.0,1160.0,1142.0
2022-02-23,1178.0,1180.0,1165.0,1165.0,70.0
2022-02-24,1165.0,1165.0,1158.0,1158.0,646.0
2022-02-25,1105.0,1160.0,1105.0,1158.0,5194.0
2022-02-28,1158.0,1170.0,1158.0,1160.0,60.0
2022-03-01,1159.0,1159.0,1159.0,1159.0,4.0
2022-03-02,1159.0,1159.0,1105.0,1107.0,580.0
2022-03-03,1107.0,1107.0,1051.0,1100.0,1815.0
2022-03-04,1100.0,1100.0,1035.0,1050.0,5226.0
2022-03-07,1050.0,1050.0,1000.0,1035.0,1128.0
2022-03-08,1035.0,1039.0,1035.0,1039.0,88.0
2022-03-09,1046.0,1095.0,1046.0,1058.0,4169.0
2022-03-10,1051.0,1051.0,1036.0,1036.0,131.0
2022-03-11,1040.0,1083.0,1040.0,1083.0,428.0
2022-03-14,1083.0,1084.0,1083.0,1083.0,44.0
2022-03-15,1083.0,1083.0,1051.0,1051.0,35.0
2022-03-16,1053.0,1053.0,1053.0,1053.0,40.0
2022-03-17,1060.0,1060.0,1057.0,1057.0,15.0
2022-03-18,1093.0,1100.0,1093.0,1100.0,386.0
2022-03-21,1090.0,1100.0,1090.0,1100.0,3947.0
2022-03-22,1100.0,1100.0,1090.0,1090.0,903.0
2022-03-24,1066.0,1066.0,1066.0,1066.0,2.0
2022-03-25,1068.0,1090.0,1065.0,1065.0,554.0
2022-03-29,1068.0,1069.0,1068.0,1068.0,211.0
2022-03-30,1068.0,1090.0,1067.0,1069.0,53.0
2022-03-31,1069.0,1070.0,1069.0,1070.0,58.0
2022-04-01,1090.0,1090.0,1090.0,1090.0,149.0
2022-04-04,1095.0,1095.0,1095.0,1095.0,5.0
2022-04-06,1080.0,1080.0,1080.0,1080.0,15.0
2022-04-07,1073.0,1073.0,1073.0,1073.0,3.0
2022-04-08,1073.0,1073.0,1066.0,1066.0,125.0
2022-04-11,1067.0,1067.0,1067.0,1067.0,30.0
2022-04-12,1070.0,1070.0,1070.0,1070.0,29.0
2022-04-13,1071.0,1071.0,1070.0,1070.0,10.0
2022-04-14,1070.0,1070.0,1070.0,1070.0,15.0
2022-04-15,1070.0,1070.0,1067.0,1067.0,135.0
2022-04-18,1067.0,1067.0,1051.0,1051.0,15.0
2022-04-19,1065.0,1080.0,1065.0,1065.0,373.0
2022-04-20,1100.0,1128.0,1100.0,1100.0,2912.0
2022-04-21,1165.0,1165.0,1150.0,1150.0,105.0
2022-04-22,1150.0,1150.0,1150.0,1150.0,1142.0
2022-04-25,1150.0,1150.0,1147.0,1150.0,44.0
2022-04-26,1149.0,1149.0,1103.0,1148.0,87.0
2022-04-27,1107.0,1120.0,1107.0,1120.0,739.0
2022-04-29,1133.0,1145.0,1133.0,1145.0,1200.0
2022-05-05,1118.0,1145.0,1118.0,1145.0,146.0
2022-05-06,1144.0,1144.0,1120.0,1120.0,204.0
2022-05-09,1121.0,1121.0,1121.0,1121.0,500.0
2022-05-10,1120.0,1120.0,1054.0,1054.0,423.0
2022-05-11,1057.0,1057.0,1057.0,1057.0,15.0
2022-05-12,1063.0,1069.0,1063.0,1069.0,334.0
2022-05-13,1100.0,1100.0,1070.0,1080.0,1054.0
2022-05-16,1099.0,1100.0,1080.0,1100.0,406.0
2022-05-17,1090.0,1090.0,1090.0,1090.0,1002.0
2022-05-18,1072.0,1072.0,1071.0,1071.0,3.0
2022-05-19,1084.0,1084.0,1084.0,1084.0,10914.0
2022-05-20,1073.0,1140.0,1073.0,1140.0,185.0
2022-05-23,1075.0,1135.0,1075.0,1135.0,110.0
2022-05-24,1080.0,1080.0,1078.0,1078.0,1145.0
2022-05-27,1077.0,1085.0,1077.0,1085.0,1583.0
2022-05-30,1078.0,1078.0,1078.0,1078.0,15.0
2022-05-31,1078.0,1078.0,1078.0,1078.0,22.0
2022-06-01,1079.0,1090.0,1078.0,1090.0,31.0
2022-06-02,1077.0,1077.0,1077.0,1077.0,50.0
2022-06-03,1080.0,1080.0,1079.0,1079.0,303.0
2022-06-07,1079.0,1143.0,1062.0,1143.0,1236.0
2022-06-08,1130.0,1130.0,1100.0,1100.0,663.0
2022-06-09,1110.0,1110.0,1080.0,1110.0,5015.0
2022-06-10,1110.0,1110.0,1050.0,1110.0,7234.0
2022-06-13,1110.0,1119.0,1110.0,1110.0,9552.0
2022-06-14,1066.0,1110.0,1066.0,1110.0,17410.0
2022-06-15,1110.0,1110.0,1110.0,1110.0,15255.0
2022-06-16,1104.0,1104.0,1104.0,1104.0,1.0
2022-06-17,1075.0,1104.0,1070.0,1070.0,445.0
2022-06-20,1050.0,1050.0,1050.0,1050.0,100.0
2022-06-21,1045.0,1050.0,1045.0,1050.0,643.0
2022-06-22,1061.0,1061.0,1050.0,1050.0,3378.0
2022-06-23,1047.0,1050.0,1020.0,1020.0,849.0
2022-06-24,1050.0,1081.0,1050.0,1081.0,5541.0
2022-06-27,1081.0,1081.0,1081.0,1081.0,3800.0
2022-06-29,1060.0,1060.0,1040.0,1040.0,292.0
2022-06-30,1079.0,1080.0,1051.0,1080.0,3236.0
2022-07-01,1080.0,1081.0,1040.0,1040.0,2009.0
2022-07-04,1079.0,1079.0,1021.0,1021.0,40.0
2022-07-05,1025.0,1050.0,1025.0,1050.0,190.0
2022-07-06,1050.0,1057.0,1050.0,1057.0,68.0
2022-07-07,1057.0,1060.0,1057.0,1060.0,108.0
2022-07-08,1050.0,1050.0,1050.0,1050.0,1223.0
2022-07-13,1028.0,1050.0,1028.0,1050.0,7.0
2022-07-14,1038.0,1038.0,1038.0,1038.0,31.0
2022-07-15,1032.0,1077.0,1032.0,1061.0,1906.0
2022-07-18,1078.0,1078.0,1078.0,1078.0,1.0
2022-07-19,1079.0,1100.0,1079.0,1100.0,1278.0
2022-07-20,1060.0,1060.0,1060.0,1060.0,59.0
2022-07-21,1071.0,1100.0,1070.0,1070.0,235.0
2022-07-22,1070.0,1130.0,1070.0,1130.0,178.0
2022-07-25,1070.0,1100.0,1070.0,1100.0,1646.0
2022-07-26,1100.0,1100.0,1100.0,1100.0,45.0
2022-07-27,1100.0,1100.0,1100.0,1100.0,2.0
2022-07-28,1100.0,1100.0,1100.0,1100.0,11.0
2022-07-29,1101.0,1101.0,1100.0,1100.0,564.0
2022-08-01,1119.0,1165.0,1119.0,1159.0,5195.0
2022-08-02,1150.0,1160.0,1110.0,1110.0,87.0
2022-08-03,1110.0,1115.0,1110.0,1115.0,195.0
2022-08-04,1117.0,1144.0,1117.0,1126.0,12.0
2022-08-05,1140.0,1170.0,1140.0,1170.0,64.0
2022-08-09,1117.0,1170.0,1117.0,1170.0,170.0
2022-08-10,1170.0,1170.0,1135.0,1135.0,412.0
2022-08-12,1169.0,1190.0,1169.0,1190.0,366.0
2022-08-15,1171.0,1197.0,1162.0,1162.0,17.0
2022-08-16,1162.0,1162.0,1160.0,1160.0,1000.0
2022-08-17,1160.0,1160.0,1120.0,1120.0,42.0
2022-08-18,1184.0,1184.0,1170.0,1170.0,12.0
2022-08-19,1182.0,1184.0,1182.0,1184.0,261.0
2022-08-25,1189.0,1205.0,1189.0,1200.0,1747.0
2022-08-26,1200.0,1200.0,1174.0,1174.0,680.0
2022-08-29,1171.0,1178.0,1160.0,1160.0,1184.0
2022-08-31,1192.0,1192.0,1192.0,1192.0,3.0
2022-09-01,1161.0,1170.0,1150.0,1160.0,101.0
2022-09-02,1154.0,1157.0,1153.0,1155.0,1547.0
2022-09-05,1180.0,1180.0,1180.0,1180.0,1.0
2022-09-06,1179.0,1179.0,1179.0,1179.0,10.0
2022-09-07,1191.0,1191.0,1175.0,1175.0,2007.0
2022-09-08,1153.0,1200.0,1153.0,1200.0,400.0
2022-09-09,1170.0,1195.0,1170.0,1177.0,1882.0
2022-09-12,1200.0,1200.0,1166.0,1185.0,196.0
2022-09-13,1180.0,1182.0,1180.0,1180.0,9516.0
2022-09-14,1170.0,1170.0,1140.0,1140.0,150.0
2022-09-15,1173.0,1174.0,1130.0,1130.0,77.0
2022-09-16,1179.0,1197.0,1170.0,1197.0,827.0
2022-09-19,1196.0,1196.0,1171.0,1171.0,343.0
2022-09-20,1172.0,1190.0,1172.0,1177.0,1027.0
2022-09-21,1166.0,1192.0,1166.0,1190.0,890.0
2022-09-22,1189.0,1190.0,1189.0,1190.0,10479.0
2022-09-23,1171.0,1200.0,1171.0,1200.0,2412.0
2022-09-26,1163.0,1200.0,1163.0,1200.0,395.0
2022-09-27,1190.0,1240.0,1190.0,1200.0,2732.0
2022-09-28,1180.0,1180.0,1149.0,1149.0,2465.0
2022-09-29,1143.0,1150.0,1140.0,1140.0,5102.0
2022-09-30,1136.0,1140.0,1110.0,1140.0,10099.0
2022-10-04,1187.0,1187.0,1120.0,1121.0,37461.0
2022-10-05,1121.0,1121.0,1121.0,1121.0,78.0
2022-10-07,1125.0,1180.0,1125.0,1180.0,115.0
2022-10-12,1136.0,1136.0,1136.0,1136.0,365.0
2022-10-13,1130.0,1130.0,1130.0,1130.0,15.0
2022-10-14,1164.0,1164.0,1120.0,1120.0,2255.0
2022-10-17,1061.0,1160.0,1061.0,1080.0,891.0
2022-10-18,1073.0,1080.0,1073.0,1080.0,83.0
2022-10-19,1074.0,1080.0,1074.0,1080.0,164.0
2022-10-20,1074.0,1074.0,1040.0,1040.0,516.0
2022-10-21,1073.0,1073.0,1030.0,1070.0,994.0
2022-10-24,1038.0,1038.0,1038.0,1038.0,1.0
2022-10-25,1079.0,1079.0,1038.0,1040.0,1443.0
2022-10-26,1070.0,1070.0,1040.0,1040.0,11.0
2022-10-27,1010.0,1010.0,1010.0,1010.0,100.0
2022-10-28,1070.0,1070.0,1070.0,1070.0,350.0
2022-10-31,1050.0,1070.0,1050.0,1070.0,7.0
2022-11-01,1050.0,1070.0,1050.0,1070.0,61.0
2022-11-02,1051.0,1051.0,1050.0,1050.0,39.0
2022-11-03,1050.0,1051.0,1050.0,1050.0,504.0
2022-11-04,1055.0,1055.0,1055.0,1055.0,300.0
2022-11-09,1010.0,1030.0,1010.0,1030.0,854.0
2022-11-10,1031.0,1031.0,1020.0,1020.0,207.0
2022-11-11,1030.0,1070.0,1025.0,1025.0,1753.0
2022-11-15,1025.0,1025.0,1021.0,1021.0,292.0
2022-11-16,1020.0,1021.0,1011.0,1020.0,571.0
2022-11-17,1020.0,1020.0,1005.0,1005.0,1225.0
2022-11-21,1061.0,1061.0,1061.0,1061.0,62.0
2022-11-25,1021.0,1050.0,1021.0,1030.0,2116.0
2022-11-28,1058.0,1070.0,1058.0,1070.0,144.0
2022-11-29,1030.0,1100.0,1024.0,1100.0,112.0
2022-11-30,1036.0,1100.0,1036.0,1100.0,324.0
2022-12-01,1052.0,1052.0,1050.0,1050.0,538.0
2022-12-02,1050.0,1080.0,1040.0,1080.0,745.0
2022-12-05,1099.0,1099.0,1099.0,1099.0,300.0
2022-12-06,1100.0,1100.0,1100.0,1100.0,30.0
2022-12-08,1070.0,1090.0,1070.0,1090.0,56.0
2022-12-09,1099.0,1099.0,1070.0,1098.0,788.0
2022-12-12,1098.0,1098.0,1098.0,1098.0,40.0
2022-12-13,1090.0,1090.0,1090.0,1090.0,2.0
2022-12-14,1099.0,1099.0,1099.0,1099.0,15.0
2022-12-16,1095.0,1095.0,1095.0,1095.0,310.0
2022-12-20,1100.0,1100.0,1100.0,1100.0,400.0
2022-12-22,1099.0,1099.0,1099.0,1099.0,5.0
2022-12-23,1098.0,1098.0,1098.0,1098.0,3.0
2022-12-26,1099.0,1100.0,1099.0,1100.0,1791.0
2022-12-27,1070.0,1130.0,1069.0,1130.0,1018.0
2022-12-28,1197.0,1197.0,1197.0,1197.0,3000.0
2022-12-29,1150.0,1180.0,1126.0,1126.0,5182.0
2022-12-30,1126.0,1126.0,1098.0,1098.0,14749.0
2023-01-02,1100.0,1101.0,1079.0,1079.0,67.0
2023-01-03,1035.0,1040.0,1030.0,1030.0,1621.0
2023-01-04,1033.0,1033.0,1000.0,1000.0,1954.0
2023-01-05,1006.0,1006.0,940.09998,940.09998,1241.0
2023-01-06,990.0,990.0,884.0,884.0,1813.0
2023-01-09,888.0,888.0,884.0,884.0,435.0
2023-01-10,890.0,890.0,882.0,882.0,3.0
2023-01-12,900.0,934.0,900.0,934.0,208.0
2023-01-13,938.0,989.0,938.0,980.0,1539.0
2023-01-16,956.0,962.0,956.0,962.0,16.0
2023-01-17,1019.0,1019.0,985.0,985.0,2002.0
2023-01-19,984.0,984.0,983.0,984.0,59.0
2023-01-20,984.0,984.0,935.0,935.0,154.0
2023-01-23,983.0,983.0,978.0,978.0,5.0
2023-01-25,950.0,950.0,950.0,950.0,20.0
2023-01-26,950.0,950.0,950.0,950.0,200.0
2023-01-27,950.0,950.0,931.5,931.5,610.0
2023-01-30,930.0,940.0,930.0,940.0,11.0
2023-01-31,933.0,949.0,930.0,949.0,29.0
2023-02-01,949.0,950.0,949.0,950.0,4817.0
2023-02-02,949.0,949.0,949.0,949.0,6.0
2023-02-03,943.0,943.0,930.0,930.0,2112.0
2023-02-06,931.0,931.0,930.0,930.0,158.0
2023-02-07,932.0,932.0,932.0,932.0,20.0
2023-02-08,950.0,950.0,950.0,950.0,10410.0
2023-02-09,1006.0,1006.0,950.0,960.0,3198.0
2023-02-10,985.0,985.0,965.0,965.0,3830.0
2023-02-13,979.0,979.0,979.0,979.0,1.0
2023-02-15,965.0,966.0,957.20001,966.0,67.0
2023-02-16,975.0,981.79999,961.0,975.0,415.0
2023-02-17,970.0,970.0,970.0,970.0,2237.0
2023-02-20,985.0,985.0,956.09998,956.09998,80.0
2023-02-21,997.0,997.0,958.0,990.0,404.0
2023-02-23,960.09998,987.0,960.09998,987.0,50.0
2023-02-24,987.0,1030.0,981.0,999.0,2439.0
2023-02-27,999.0,999.0,993.0,993.0,79.0
2023-02-28,1026.0,1026.0,990.0,990.0,26.0
2023-03-01,999.0,999.0,987.09998,999.0,25.0
2023-03-02,999.0,999.0,998.0,998.0,106.0
2023-03-03,990.0,990.0,980.0,980.0,31.0
2023-03-06,980.0,980.0,980.0,980.0,16.0
2023-03-07,964.0,979.0,950.0,950.0,3424.0
2023-03-08,950.0,950.0,946.0,950.0,83.0
2023-03-09,950.0,950.0,950.0,950.0,362.0
2023-03-10,1000.0,1000.0,1000.0,1000.0,600.0
2023-03-13,949.0,977.90002,949.0,977.90002,364.0
2023-03-14,955.0,969.90002,950.0,950.0,105.0
2023-03-15,950.09998,950.09998,947.0,947.0,11.0
2023-03-16,945.0,945.0,945.0,945.0,7.0
2023-03-17,950.0,950.0,950.0,950.0,135568.0
2023-03-20,946.09998,946.09998,945.0,945.0,15.0
2023-03-21,950.0,950.0,950.0,950.0,30.0
2023-03-22,950.0,950.0,950.0,950.0,4.0
2023-03-23,945.0,950.0,940.0,950.0,511.0
2023-03-24,938.0,975.0,935.0,975.0,876.0
2023-03-27,974.0,974.0,974.0,974.0,30.0
2023-03-28,939.0,970.0,939.0,970.0,535.0
2023-03-29,950.0,972.0,950.0,970.0,563.0
2023-03-30,965.0,965.0,950.0,950.0,1040.0
2023-03-31,960.0,960.0,960.0,960.0,1100.0
2023-04-05,960.0,960.0,960.0,960.0,12.0
2023-04-06,960.0,960.0,955.0,960.0,435.0
2023-04-07,974.90002,980.0,960.0,960.0,4302.0
2023-04-10,960.09998,980.0,960.09998,980.0,107.0
2023-04-11,980.0,980.0,960.0,960.0,153.0
2023-04-12,960.0,960.0,960.0,960.0,4.0
2023-04-13,960.09998,970.09998,960.09998,970.09998,4048.0
2023-04-14,970.0,970.0,970.0,970.0,2.0
2023-04-17,970.0,980.0,960.0,980.0,12032.0
2023-04-19,980.0,980.0,980.0,980.0,10.0
2023-04-20,980.0,980.0,960.0,960.0,19.0
2023-04-21,963.0,963.0,963.0,963.0,1000.0
2023-04-25,962.09998,963.0,960.0,960.0,1236.0
2023-04-26,963.0,965.0,963.0,965.0,1687.0
2023-04-27,960.0,960.0,960.0,960.0,15.0
2023-04-28,960.0,960.0,960.0,960.0,20.0
2023-05-02,951.0,951.0,945.0,945.0,15.0
2023-05-03,940.0,940.0,940.0,940.0,47.0
2023-05-04,941.0,950.0,941.0,950.0,17.0
2023-05-09,950.0,950.0,950.0,950.0,51.0
2023-05-10,965.0,965.0,965.0,965.0,5000.0
2023-05-11,965.0,984.0,965.0,984.0,1482.0
2023-05-12,982.90002,999.0,960.0,999.0,1719.0
2023-05-15,999.0,999.0,967.0,967.0,204.0
2023-05-16,975.0,975.0,969.0,969.0,1400.0
2023-05-17,980.0,980.0,980.0,980.0,2000.0
2023-05-18,980.0,980.0,951.0,970.0,2129.0
2023-05-24,970.0,1000.0,960.0,1000.0,2406.0
2023-05-25,982.0,999.0,982.0,997.0,117.0
2023-05-26,998.0,998.0,965.0,989.0,2317.0
2023-05-29,990.0,1000.0,966.0,999.0,1242.0
2023-05-31,998.0,999.0,998.0,999.0,256.0
2023-06-02,972.5,999.0,972.0,990.0,134.0
2023-06-05,991.0,991.0,990.0,990.0,2642.0
2023-06-06,990.0,990.0,990.0,990.0,5.0
2023-06-07,971.0,971.0,970.09998,970.09998,20.0
2023-06-09,970.09998,990.0,961.0,990.0,1129.0
2023-06-12,963.59998,995.0,962.0,995.0,710.0
2023-06-13,966.0,966.0,965.29999,965.29999,11.0
2023-06-14,966.29999,985.0,966.29999,985.0,87.0
2023-06-15,976.0,1020.0,976.0,1001.0,310.0
2023-06-16,1003.0,1050.0,1003.0,1006.0,2300.0
2023-06-19,1036.0,1036.0,1000.0,1000.0,201.0
2023-06-20,1002.0,1056.0,1002.0,1050.0,1287.0
2023-06-21,1075.0,1100.0,1050.0,1050.0,937.0
2023-06-22,1052.0,1052.0,1050.0,1050.0,115.0
2023-06-23,1087.0,1090.0,990.0,990.0,12139.0
2023-06-26,1047.0,1047.0,1001.0,1001.0,1126.0
2023-06-27,1031.0,1031.0,992.5,992.5,32732.0
2023-06-28,1001.0,1052.0,1001.0,1016.0,1091.0
2023-07-03,1070.0,1070.0,1070.0,1070.0,400.0
2023-07-04,1075.0,1075.0,1030.0,1030.0,306.0
2023-07-05,1074.0,1090.0,1030.0,1090.0,173.0
2023-07-06,1089.0,1100.0,1042.0,1100.0,410.0
2023-07-07,1068.0,1100.0,1068.0,1100.0,160.0
2023-07-10,1070.0,1070.0,1069.0,1069.0,10.0
2023-07-11,1074.0,1075.0,1025.0,1025.0,1015.0
2023-07-12,1030.0,1030.0,1027.0,1027.0,15.0
2023-07-13,1050.0,1055.0,1050.0,1055.0,410.0
2023-07-14,1050.0,1080.0,1050.0,1080.0,2072.0
2023-07-17,1055.0,1099.0,1055.0,1093.0,1203.0
2023-07-18,1095.0,1095.0,1095.0,1095.0,4828.0
2023-07-20,1095.0,1095.0,1064.0,1071.0,78.0
2023-07-21,1094.0,1115.0,1094.0,1115.0,16686.0
2023-07-24,1080.0,1120.0,1080.0,1120.0,4.0
2023-07-25,1100.0,1100.0,1100.0,1100.0,11.0
2023-07-26,1111.0,1111.0,1111.0,1111.0,10.0
2023-07-27,1112.0,1150.0,1112.0,1150.0,9554.0
2023-07-28,1120.0,1150.0,1120.0,1150.0,2846.0
2023-07-31,1149.0,1149.0,1149.0,1149.0,1.0
2023-08-01,1100.0,1120.0,1100.0,1101.0,172.0
2023-08-02,1120.0,1148.0,1102.0,1147.0,5073.0
2023-08-03,1103.0,1147.0,1103.0,1147.0,75.0
2023-08-04,1108.0,1108.0,1100.0,1100.0,515.0
2023-08-07,1128.0,1128.0,1128.0,1128.0,1.0
2023-08-08,1128.0,1139.0,1105.0,1139.0,320.0
2023-08-09,1120.0,1120.0,1120.0,1120.0,140.0
2023-08-10,1106.0,1120.0,1101.0,1120.0,51.0
2023-08-11,1133.0,1133.0,1102.0,1120.0,358.0
2023-08-15,1148.0,1148.0,1148.0,1148.0,140.0
2023-08-16,1147.0,1147.0,1147.0,1147.0,5.0
2023-08-17,1115.0,1145.0,1115.0,1115.0,65.0
2023-08-18,1115.0,1144.0,1100.0,1100.0,270.0
2023-08-23,1101.0,1128.0,1075.0,1075.0,206.0
2023-08-24,1092.0,1092.0,1092.0,1092.0,467.0
2023-08-25,1092.0,1120.0,1092.0,1120.0,773.0
2023-08-28,1119.0,1119.0,1100.0,1100.0,102.0
2023-08-29,1101.0,1101.0,1100.0,1100.0,95.0
2023-08-30,1119.0,1120.0,1119.0,1120.0,168.0
2023-08-31,1120.0,1120.0,1120.0,1120.0,122.0
2023-09-01,1115.0,1115.0,1100.0,1100.0,1500.0
2023-09-04,1090.0,1100.0,1088.0,1100.0,35.0
2023-09-05,1081.0,1100.0,1080.0,1080.0,14041.0
2023-09-06,1099.0,1100.0,1072.0,1072.0,502.0
2023-09-07,1080.0,1099.0,1080.0,1099.0,35.0
2023-09-08,1099.0,1099.0,1050.0,1050.0,1401.0
2023-09-11,1092.0,1092.0,1051.0,1051.0,449.0
2023-09-12,1090.0,1090.0,1061.0,1061.0,258.0
2023-09-13,1031.0,1050.0,1031.0,1050.0,518.0
2023-09-14,1041.0,1050.0,1041.0,1050.0,104.0
2023-09-15,1033.0,1060.0,1033.0,1040.0,1667.0
2023-09-18,1040.0,1040.0,1040.0,1040.0,1004.0
2023-09-19,1040.0,1040.0,1040.0,1040.0,1098.0
2023-09-20,1059.0,1060.0,980.0,980.0,1319.0
2023-09-21,1038.0,1038.0,1037.0,1037.0,1504.0
2023-09-22,1000.0,1000.0,1000.0,1000.0,2133.0
2023-09-25,1002.0,1030.0,1002.0,1030.0,179.0
2023-09-26,1010.0,1037.0,1000.0,1037.0,1407.0
2023-09-27,1030.0,1037.0,1010.0,1037.0,1758.0
2023-10-02,1002.0,1050.0,1002.0,1050.0,1075.0
2023-10-03,1072.0,1084.0,1072.0,1084.0,56.0
2023-10-04,1054.0,1082.0,1050.0,1082.0,139.0
2023-10-05,1129.0,1139.0,1042.0,1139.0,1552.0
2023-10-06,1139.0,1139.0,1071.0,1071.0,1669.0
2023-10-09,1071.0,1095.0,1040.0,1095.0,79.0
2023-10-10,1110.0,1110.0,1110.0,1110.0,200.0
2023-10-11,1090.0,1090.0,1090.0,1090.0,20.0
2023-10-12,1100.0,1100.0,1080.0,1098.0,32.0
2023-10-13,1042.0,1060.0,1042.0,1060.0,925.0
2023-10-16,1095.0,1095.0,1095.0,1095.0,4.0
2023-10-17,1045.0,1050.0,1040.0,1050.0,24427.0
2023-10-18,1042.0,1087.0,1041.0,1087.0,80.0
2023-10-19,1087.0,1087.0,1086.0,1087.0,4040.0
2023-10-20,1055.0,1090.0,1055.0,1090.0,122.0
2023-10-23,1089.0,1090.0,1089.0,1090.0,9.0
2023-10-24,1080.0,1080.0,1080.0,1080.0,2659.0
2023-10-26,1085.0,1085.0,1058.0,1058.0,145.0
2023-10-27,1056.0,1079.0,1055.0,1079.0,233.0
2023-11-01,1075.0,1075.0,1069.0,1069.0,10.0
2023-11-02,1068.0,1070.0,1040.0,1070.0,1282.0
2023-11-03,1070.0,1072.0,1060.0,1060.0,111.0
2023-11-07,1043.0,1043.0,1040.0,1040.0,65.0
2023-11-08,1041.0,1041.0,1040.0,1041.0,89.0
2023-11-10,1044.0,1060.0,1020.0,1060.0,438.0
2023-11-13,1033.0,1069.0,1033.0,1069.0,13.0
2023-11-14,1033.0,1059.0,1020.0,1059.0,52.0
2023-11-16,1030.0,1050.0,1030.0,1050.0,326.0
2023-11-17,1022.0,1045.0,1020.0,1030.0,2000.0
2023-11-20,1047.0,1050.0,1035.0,1049.0,2969.0
2023-11-21,1049.0,1050.0,1018.0,1050.0,1694.0
2023-11-22,1054.0,1054.0,1030.0,1030.0,10738.0
2023-11-24,1040.0,1048.0,1040.0,1048.0,23.0
2023-11-27,1025.0,1040.0,1014.0,1014.0,12149.0
2023-11-28,1010.0,1011.0,990.0,1010.0,698.0
2023-11-29,1010.0,1019.0,1010.0,1010.0,220.0
2023-11-30,1010.0,1027.0,980.0,1010.0,1008.0
2023-12-01,1010.0,1010.0,995.0,995.0,1293.0
2023-12-04,1026.0,1026.0,1026.0,1026.0,1.0
2023-12-05,1010.0,1029.0,1010.0,1029.0,3168.0
2023-12-07,1029.0,1029.0,996.0,1010.0,2425.0
2023-12-08,1010.0,1050.0,1010.0,1050.0,17180.0
2023-12-11,1050.0,1088.0,1050.0,1080.0,2497.0
2023-12-12,1060.0,1100.0,1057.0,1100.0,6353.0
2023-12-13,1100.0,1124.0,1100.0,1100.0,891.0
2023-12-14,1100.0,1120.0,1090.0,1090.0,1239.0
2023-12-15,1092.0,1114.0,1090.0,1098.0,4102.0
2023-12-18,1098.0,1114.0,1080.0,1085.0,2077.0
2023-12-19,1085.0,1100.0,1081.0,1082.0,9473.0
2023-12-20,1082.0,1099.0,1082.0,1082.0,5053.0
2023-12-21,1082.0,1082.0,1062.0,1082.0,1461.0
2023-12-22,1100.0,1114.0,1053.0,1065.0,22247.0
2023-12-25,1070.0,1076.0,1070.0,1070.0,352.0
2023-12-26,1098.0,1100.0,1070.0,1070.0,631.0
2023-12-27,1096.0,1096.0,1080.0,1080.0,202.0
2023-12-28,1088.0,1100.0,1088.0,1100.0,7121.0
2023-12-29,1095.0,1100.0,1091.0,1100.0,11434.0
2024-01-03,1100.0,1135.0,1082.0,1135.0,12677.0
2024-01-04,1134.0,1168.0,1134.0,1168.0,1166.0
2024-01-05,1168.0,1180.0,1168.0,1178.0,598.0
2024-01-08,1188.0,1240.0,1188.0,1200.0,209.0
2024-01-09,1199.0,1199.0,1170.0,1194.0,24071.0
2024-01-10,1199.0,1238.0,1199.0,1227.0,1267.0
2024-01-12,1202.0,1229.0,1200.0,1229.0,1600.0
2024-01-15,1228.0,1228.0,1200.0,1228.0,240.0
2024-01-16,1227.0,1227.0,1227.0,1227.0,120.0
2024-01-17,1192.0,1250.0,1185.0,1250.0,2318.0
2024-01-18,1230.0,1250.0,1201.0,1250.0,3661.0
2024-01-19,1213.0,1250.0,1213.0,1250.0,517.0
2024-01-22,1250.0,1259.0,1250.0,1259.0,400.0
2024-01-23,1241.0,1290.0,1241.0,1265.0,4194.0
2024-01-24,1252.0,1265.0,1250.0,1251.0,2609.0
2024-01-25,1250.0,1250.0,1250.0,1250.0,200.0
2024-01-26,1249.0,1249.0,1228.0,1228.0,1994.0
2024-01-29,1228.0,1228.0,1216.0,1216.0,175.0
2024-01-30,1215.0,1225.0,1180.0,1200.0,2519.0
2024-01-31,1191.0,1210.0,1190.0,1190.0,75.0
2024-02-01,1210.0,1210.0,1165.0,1195.0,2746.0
2024-02-02,1195.0,1200.0,1195.0,1195.0,326.0
2024-02-05,1199.0,1199.0,1167.0,1199.0,234.0
2024-02-06,1178.0,1199.0,1178.0,1190.0,731.0
2024-02-07,1190.0,1200.0,1183.0,1195.0,2851.0
2024-02-08,1187.0,1196.0,1187.0,1195.0,2261.0
2024-02-09,1195.0,1199.0,1195.0,1198.0,2007.0
2024-02-12,1200.0,1240.0,1198.0,1198.0,2372.0
2024-02-13,1198.0,1210.0,1188.0,1188.0,880.0
2024-02-14,1200.0,1250.0,1190.0,1239.0,6568.0
2024-02-15,1248.0,1248.0,1200.0,1200.0,1820.0
2024-02-16,1201.0,1201.0,1189.0,1189.0,1090.0
2024-02-19,1181.0,1234.0,1181.0,1234.0,91.0
2024-02-20,1229.0,1229.0,1200.0,1200.0,1970.0
2024-02-21,1201.0,1227.0,1190.0,1200.0,21916.0
2024-02-22,1202.0,1227.0,1200.0,1227.0,42820.0
2024-02-23,1244.0,1250.0,1234.0,1250.0,13030.0
2024-02-26,1250.0,1284.0,1235.0,1280.0,919.0
2024-02-27,1288.0,1288.0,1241.0,1287.0,11.0
2024-02-28,1287.0,1287.0,1200.0,1247.0,1592.0
2024-02-29,1230.0,1240.0,1200.0,1200.0,1341.0
2024-03-01,1228.0,1228.0,1190.0,1200.0,1772.0
2024-03-04,1220.0,1220.0,1220.0,1220.0,400.0
2024-03-05,1220.0,1220.0,1200.0,1200.0,1369.0
2024-03-06,1219.0,1219.0,1190.0,1200.0,1616.0
2024-03-07,1200.0,1218.0,1200.0,1218.0,6.0
2024-03-08,1200.0,1220.0,1200.0,1220.0,1743.0
2024-03-11,1190.0,1220.0,1185.0,1220.0,370.0
2024-03-12,1190.0,1200.0,1185.0,1200.0,430.0
2024-03-13,1188.0,1200.0,1188.0,1200.0,315.0
2024-03-14,1205.0,1219.0,1200.0,1219.0,2923.0
2024-03-15,1219.0,1219.0,1217.0,1217.0,1145.0
2024-03-18,1190.0,1220.0,1190.0,1220.0,409.0
2024-03-19,1218.0,1220.0,1196.0,1220.0,90.0
2024-03-20,1220.0,1220.0,1220.0,1220.0,400.0
2024-03-21,1220.0,1250.0,1207.0,1207.0,705.0
2024-03-22,1215.0,1215.0,1215.0,1215.0,400.0
2024-03-25,1215.0,1215.0,1200.0,1200.0,417.0
2024-03-26,1200.0,1200.0,1190.0,1190.0,578.0
2024-03-27,1190.0,1190.0,1175.0,1175.0,3805.0
2024-03-28,1180.0,1200.0,1175.0,1200.0,3932.0
2024-03-29,1201.0,1201.0,1200.0,1201.0,28.0
2024-04-01,1218.0,1218.0,1215.0,1215.0,401.0
2024-04-02,1204.0,1250.0,1204.0,1245.0,1853.0
2024-04-03,1215.0,1280.0,1215.0,1250.0,669.0
2024-04-04,1221.0,1250.0,1216.0,1250.0,65.0
2024-04-05,1216.0,1250.0,1204.0,1250.0,565.0
2024-04-08,1249.0,1249.0,1249.0,1249.0,4.0
2024-04-09,1284.0,1284.0,1226.0,1250.0,9519.0
2024-04-15,1269.0,1290.0,1239.0,1290.0,12179.0
2024-04-16,1253.0,1350.0,1253.0,1347.0,1926.0
2024-04-17,1295.0,1350.0,1295.0,1330.0,14605.0
2024-04-18,1340.0,1340.0,1310.0,1330.0,256.0
2024-04-19,1315.0,1320.0,1299.0,1299.0,2212.0
2024-04-22,1350.0,1350.0,1280.0,1280.0,222.0
2024-04-23,1300.0,1334.0,1280.0,1280.0,705.0
2024-04-24,1300.0,1300.0,1300.0,1300.0,502.0
2024-04-26,1310.0,1310.0,1300.0,1300.0,358.0
2024-04-29,1271.0,1330.0,1271.0,1330.0,80.0
2024-04-30,1300.0,1300.0,1300.0,1300.0,1285.0
2024-05-02,1330.0,1429.0,1330.0,1350.0,19278.0
2024-05-03,1357.0,1420.0,1357.0,1381.0,5055.0
2024-05-06,1352.0,1445.0,1350.0,1445.0,349.0
2024-05-07,1450.0,1450.0,1400.0,1401.0,183.0
2024-05-08,1401.0,1448.0,1400.0,1440.0,231.0
2024-05-09,1441.0,1449.0,1408.0,1408.0,19940.0
2024-05-10,1408.0,1500.0,1408.0,1432.0,9880.0
2024-05-13,1495.0,1495.0,1449.0,1450.0,152.0
2024-05-14,1465.0,1492.0,1410.0,1420.0,963.0
2024-05-15,1420.0,1420.0,1350.0,1350.0,4895.0
2024-05-16,1366.0,1402.0,1366.0,1380.0,735.0
2024-05-17,1375.0,1448.0,1370.0,1370.0,232589.0
2024-05-20,1390.0,1390.0,1370.0,1370.0,2001.0
2024-05-21,1380.0,1380.0,1367.0,1367.0,1021.0
2024-05-22,1360.0,1380.0,1360.0,1367.0,1394.0
2024-05-23,1367.0,1367.0,1315.0,1349.0,1432.0
2024-05-24,1330.0,1369.0,1330.0,1369.0,220.0
2024-05-27,1398.0,1398.0,1341.0,1341.0,547.0
2024-05-28,1341.0,1342.0,1340.0,1340.0,4040.0
2024-05-29,1339.0,1340.0,1339.0,1340.0,115.0
2024-05-30,1335.0,1337.0,1335.0,1337.0,1051.0
2024-05-31,1334.0,1334.0,1330.0,1330.0,1606.0
2024-06-03,1329.0,1329.0,1329.0,1329.0,110.0
2024-06-04,1340.0,1340.0,1320.0,1320.0,1665.0
2024-06-05,1315.0,1327.0,1315.0,1316.0,116.0
2024-06-06,1316.0,1359.0,1316.0,1359.0,44.0
2024-06-07,1330.0,1330.0,1330.0,1330.0,3.0
2024-06-10,1349.0,1349.0,1313.0,1320.0,4538.0
2024-06-11,1320.0,1320.0,1320.0,1320.0,29.0
2024-06-12,1349.0,1349.0,1313.0,1320.0,67.0
2024-06-14,1330.0,1330.0,1330.0,1330.0,10.0
2024-06-19,1305.0,1339.0,1304.0,1339.0,83.0
2024-06-20,1307.0,1337.0,1300.0,1337.0,1657.0
2024-06-21,1382.0,1382.0,1336.0,1336.0,1501.0
2024-06-24,1298.0,1336.0,1295.0,1295.0,997.0
2024-06-25,1320.0,1359.0,1276.0,1358.0,738.0
2024-06-26,1320.0,1321.0,1320.0,1320.0,21895.0
2024-06-27,1320.0,1320.0,1320.0,1320.0,57.0
2024-06-28,1319.0,1319.0,1300.0,1300.0,5997.0
2024-07-01,1335.0,1335.0,1335.0,1335.0,7.0
2024-07-02,1300.0,1319.0,1300.0,1319.0,209.0
2024-07-03,1300.0,1300.0,1300.0,1300.0,385.0
2024-07-04,1300.0,1355.0,1300.0,1355.0,251.0
2024-07-05,1353.0,1354.0,1349.0,1349.0,19.0
2024-07-08,1350.0,1350.0,1350.0,1350.0,10.0
2024-07-11,1302.0,1350.0,1302.0,1350.0,119.0
2024-07-12,1307.0,1338.0,1307.0,1320.0,788.0
2024-07-15,1320.0,1320.0,1310.0,1310.0,220.0
2024-07-16,1339.0,1340.0,1310.0,1320.0,4129.0
2024-07-17,1318.0,1318.0,1300.0,1300.0,261.0
2024-07-18,1300.0,1300.0,1299.0,1300.0,1830.0
2024-07-19,1310.0,1320.0,1290.0,1319.0,1285.0
2024-07-22,1320.0,1320.0,1320.0,1320.0,304.0
2024-07-23,1320.0,1320.0,1320.0,1320.0,300.0
2024-07-24,1310.0,1319.0,1300.0,1319.0,305.0
2024-07-25,1311.0,1311.0,1311.0,1311.0,500.0
2024-07-26,1320.0,1320.0,1281.0,1320.0,5823.0
2024-07-29,1290.0,1305.0,1290.0,1300.0,659.0
2024-07-31,1321.0,1370.0,1321.0,1350.0,7367.0
2024-08-01,1340.0,1348.0,1336.0,1336.0,424.0
2024-08-02,1330.0,1348.0,1329.0,1347.0,2510.0
2024-08-05,1347.0,1347.0,1295.0,1295.0,559.0
2024-08-06,1329.0,1330.0,1329.0,1330.0,47.0
2024-08-07,1330.0,1330.0,1280.0,1280.0,728.0
2024-08-08,1280.0,1324.0,1280.0,1284.0,560.0
2024-08-09,1319.0,1320.0,1281.0,1300.0,455.0
2024-08-12,1300.0,1300.0,1290.0,1300.0,352.0
2024-08-13,1300.0,1300.0,1260.0,1290.0,8218.0
2024-08-15,1291.0,1298.0,1281.0,1290.0,3081.0
2024-08-16,1290.0,1290.0,1270.0,1290.0,1515.0
2024-08-19,1280.0,1325.0,1261.0,1325.0,654.0
2024-08-22,1300.0,1300.0,1290.0,1300.0,313.0
2024-08-23,1300.0,1325.0,1300.0,1318.0,1977.0
2024-08-26,1327.0,1327.0,1327.0,1327.0,5.0
2024-08-27,1302.0,1325.0,1302.0,1325.0,15.0
2024-08-28,1300.0,1349.0,1300.0,1310.0,2363.0
2024-08-29,1305.0,1330.0,1290.0,1310.0,102141.0
2024-08-30,1309.0,1310.0,1290.0,1290.0,1965.0
2024-09-02,1300.0,1318.0,1300.0,1318.0,29.0
2024-09-03,1287.0,1310.0,1282.0,1309.0,73.0
2024-09-04,1283.0,1306.0,1272.0,1272.0,130.0
2024-09-05,1290.0,1305.0,1280.0,1280.0,218.0
2024-09-06,1280.0,1309.0,1280.0,1295.0,1623.0
2024-09-09,1304.0,1309.0,1281.0,1307.0,127.0
2024-09-10,1284.0,1320.0,1275.0,1320.0,366.0
2024-09-11,1319.0,1319.0,1280.0,1280.0,8111.0
2024-09-12,1277.0,1309.0,1277.0,1295.0,145.0
2024-09-13,1318.0,1348.0,1310.0,1310.0,2437.0
2024-09-18,1320.0,1320.0,1300.0,1310.0,1480.0
2024-09-19,1310.0,1348.0,1310.0,1312.0,850.0
2024-09-20,1320.0,1320.0,1300.0,1305.0,2009.0
2024-09-23,1324.0,1325.0,1300.0,1300.0,1197.0
2024-09-24,1303.0,1323.0,1300.0,1300.0,18246.0
2024-09-25,1320.0,1370.0,1320.0,1364.0,14465.0
2024-09-26,1375.0,1418.0,1364.0,1415.0,9491.0
2024-09-27,1400.0,1475.0,1400.0,1430.0,22994.0
2024-09-30,1434.0,1490.0,1430.0,1450.0,7803.0
2024-10-01,1500.0,1500.0,1430.0,1430.0,11295.0
2024-10-02,1415.0,1457.0,1415.0,1425.0,1169.0
2024-10-03,1467.0,1467.0,1435.0,1450.0,5407.0
2024-10-04,1450.0,1497.0,1450.0,1490.0,27770.0
2024-10-07,1516.0,1595.0,1516.0,1580.0,23354.0
2024-10-08,1580.0,1580.0,1505.0,1549.0,674.0
2024-10-09,1549.0,1599.0,1510.0,1596.0,23228.0
2024-10-10,1550.0,1593.0,1550.0,1585.0,28822.0
2024-10-11,1551.0,1575.0,1551.0,1575.0,1941.0
2024-10-14,1575.0,1575.0,1555.0,1575.0,398.0
2024-10-15,1534.0,1560.0,1510.0,1510.0,8639.0
2024-10-16,1505.0,1520.0,1456.0,1520.0,1396.0
2024-10-17,1541.0,1549.0,1520.0,1549.0,8627.0
2024-10-18,1559.0,1559.0,1509.0,1550.0,8217.0
2024-10-21,1535.0,1550.0,1535.0,1549.0,1092.0
2024-10-22,1515.0,1549.0,1512.0,1549.0,606.0
2024-10-23,1530.0,1530.0,1530.0,1530.0,6250.0
2024-10-24,1530.0,1533.0,1513.0,1530.0,741.0
2024-10-25,1530.0,1533.0,1520.0,1530.0,10682.0
2024-10-28,1530.0,1581.0,1530.0,1533.0,9188.0
2024-10-29,1524.0,1524.0,1460.0,1500.0,2124.0
2024-10-30,1471.0,1499.0,1460.0,1493.0,183.0
2024-10-31,1488.0,1489.0,1466.0,1466.0,261.0
2024-11-01,1461.0,1499.0,1440.0,1499.0,355.0
2024-11-04,1431.0,1495.0,1431.0,1495.0,103.0
2024-11-05,1495.0,1500.0,1432.0,1500.0,656.0
2024-11-07,1500.0,1529.0,1441.0,1450.0,1293.0
2024-11-08,1470.0,1480.0,1455.0,1455.0,8279.0
2024-11-11,1484.0,1484.0,1457.0,1460.0,146.0
2024-11-12,1488.0,1500.0,1455.0,1455.0,516.0
2024-11-13,1455.0,1475.0,1420.0,1450.0,922.0
2024-11-14,1450.0,1465.0,1400.0,1448.0,1273.0
2024-11-15,1400.0,1450.0,1400.0,1400.0,4045.0
2024-11-19,1399.0,1400.0,1384.0,1397.0,370.0
2024-11-20,1399.0,1419.0,1373.0,1380.0,6896.0
2024-11-21,1399.0,1399.0,1375.0,1375.0,429.0
2024-11-22,1375.0,1398.0,1375.0,1394.0,459.0
2024-11-25,1385.0,1385.0,1375.0,1375.0,1494.0
2024-11-26,1375.0,1390.0,1370.0,1370.0,106.0
2024-11-27,1360.0,1365.0,1344.0,1350.0,2188.0
2024-11-28,1375.0,1375.0,1341.0,1341.0,4664.0
2024-11-29,1340.0,1340.0,1304.0,1316.0,4817.0
2024-12-02,1314.0,1338.0,1305.0,1312.0,1069.0
2024-12-03,1309.0,1311.0,1306.0,1311.0,84.0
2024-12-04,1312.0,1330.0,1310.0,1311.0,15.0
2024-12-05,1311.0,1329.0,1311.0,1312.0,195.0
2024-12-06,1310.0,1341.0,1310.0,1313.0,236.0
2024-12-09,1359.0,1359.0,1315.0,1326.0,583.0
2024-12-10,1321.0,1330.0,1321.0,1330.0,10.0
2024-12-11,1335.0,1340.0,1330.0,1330.0,10116.0
2024-12-12,1359.0,1376.0,1337.0,1337.0,440.0
2024-12-13,1340.0,1379.0,1340.0,1340.0,135.0
2024-12-16,1365.0,1365.0,1350.0,1360.0,205.0
2024-12-17,1360.0,1402.0,1350.0,1391.0,26571.0
2024-12-18,1390.0,1400.0,1380.0,1380.0,5719.0
2024-12-19,1400.0,1421.0,1399.0,1400.0,4522.0
2024-12-20,1405.0,1405.0,1399.0,1400.0,5559.0
2024-12-23,1419.0,1438.0,1340.0,1341.0,15848.0
2024-12-24,1378.0,1378.0,1343.0,1369.0,10019.0
2024-12-25,1343.0,1359.0,1340.0,1359.0,18.0
2024-12-26,1380.0,1380.0,1340.0,1340.0,20302.0
2024-12-27,1342.0,1359.0,1303.0,1320.0,49859.0
2024-12-30,1320.0,1367.0,1320.0,1367.0,17.0
2024-12-31,1366.0,1366.0,1326.0,1340.0,4831.0
2025-01-02,1396.0,1400.0,1345.0,1400.0,840.0
2025-01-03,1400.0,1430.0,1358.0,1405.0,16833.0
2025-01-06,1370.0,1400.0,1370.0,1399.0,571.0
2025-01-07,1397.0,1400.0,1397.0,1400.0,566.0
2025-01-08,1400.0,1400.0,1390.0,1400.0,5430.0
2025-01-09,1381.0,1493.0,1381.0,1440.0,25687.0
2025-01-10,1458.0,1458.0,1407.0,1439.0,6569.0
2025-01-13,1437.0,1439.0,1382.0,1430.0,1557.0
2025-01-15,1430.0,1430.0,1400.0,1406.0,354.0
2025-01-16,1430.0,1445.0,1425.0,1425.0,863.0
2025-01-17,1429.0,1429.0,1406.0,1420.0,2910.0
2025-01-20,1410.0,1424.0,1381.0,1381.0,247.0
2025-01-21,1424.0,1424.0,1372.0,1410.0,1220.0
2025-01-22,1420.0,1420.0,1350.0,1418.0,1124.0
2025-01-23,1417.0,1417.0,1384.0,1415.0,185.0
2025-01-24,1417.0,1423.0,1415.0,1415.0,4861.0
2025-01-27,1422.0,1423.0,1400.0,1400.0,263.0
2025-01-28,1401.0,1410.0,1401.0,1401.0,106.0
2025-01-29,1401.0,1401.0,1370.0,1370.0,3446.0
2025-01-30,1356.0,1400.0,1356.0,1400.0,367.0
2025-01-31,1400.0,1400.0,1385.0,1385.0,1660.0
2025-02-03,1390.0,1400.0,1380.0,1400.0,2267.0
2025-02-04,1400.0,1440.0,1400.0,1420.0,5374.0
2025-02-05,1420.0,1420.0,1420.0,1420.0,3327.0
2025-02-06,1420.0,1450.0,1420.0,1450.0,4091.0
2025-02-07,1432.0,1499.0,1432.0,1491.0,35388.0
2025-02-10,1486.0,1486.0,1470.0,1470.0,33.0
2025-02-11,1470.0,1560.0,1470.0,1552.0,55100.0
2025-02-12,1540.0,1550.0,1500.0,1500.0,13115.0
2025-02-13,1549.0,1549.0,1500.0,1500.0,568.0
2025-02-14,1519.0,1550.0,1500.0,1530.0,19842.0
2025-02-17,1550.0,1582.0,1550.0,1580.0,6649.0
2025-02-18,1584.0,1640.0,1584.0,1620.0,4068.0
2025-02-19,1635.0,1700.0,1627.0,1660.0,11196.0
2025-02-20,1698.0,1698.0,1665.0,1670.0,22186.0
2025-02-21,1697.0,1720.0,1650.0,1650.0,25905.0
2025-02-24,1641.0,1699.0,1640.0,1650.0,3934.0
2025-02-25,1695.0,1695.0,1620.0,1650.0,3256.0
2025-02-26,1680.0,1695.0,1653.0,1653.0,7574.0
2025-02-27,1694.0,1694.0,1640.0,1640.0,10685.0
2025-02-28,1631.0,1640.0,1605.0,1629.0,21955.0
2025-03-03,1622.0,1698.0,1622.0,1675.0,309.0
2025-03-04,1695.0,1695.0,1650.0,1670.0,7314.0
2025-03-05,1641.0,1690.0,1601.0,1603.0,11077.0
2025-03-06,1600.0,1645.0,1571.0,1571.0,1112.0
2025-03-07,1700.0,1728.0,1681.0,1699.0,22171.0
2025-03-10,1698.0,1699.0,1650.0,1698.0,2507.0
2025-03-11,1725.0,1725.0,1625.0,1625.0,798.0
2025-03-12,1719.0,1719.0,1608.0,1698.0,6036.0
2025-03-13,1697.0,1700.0,1633.0,1633.0,6934.0
2025-03-14,1697.0,1697.0,1612.0,1640.0,19840.0
2025-03-17,1682.0,1700.0,1660.0,1695.0,5509.0
2025-03-18,1700.0,1721.0,1700.0,1720.0,6733.0
2025-03-19,1780.0,1798.0,1755.0,1798.0,12878.0
2025-03-20,1798.0,1950.0,1795.0,1898.0,7406.0
2025-03-21,1916.0,2000.0,1900.0,1998.0,22081.0
2025-03-24,1999.0,2197.0,1980.0,2100.0,11059.0
2025-03-25,2195.0,2275.0,2151.0,2200.0,33280.0
2025-03-26,2200.0,2250.0,2150.0,2150.0,5254.0
2025-03-27,2200.0,2300.0,2179.0,2270.0,13902.0
2025-03-28,2320.0,2350.0,2281.0,2310.0,14193.0
2025-04-02,2389.0,2389.0,2090.0,2130.0,19506.0
2025-04-03,2120.0,2121.0,2000.0,2050.0,21519.0
2025-04-04,2035.0,2175.0,2000.0,2101.0,8990.0
2025-04-07,2050.0,2100.0,1900.0,1960.0,5708.0
2025-04-08,1975.0,2155.0,1975.0,1989.0,6799.0
2025-04-09,1968.0,1968.0,1831.0,1850.0,17878.0
2025-04-10,1983.0,1985.0,1930.0,1969.0,7892.0
2025-04-11,1969.0,1969.0,1826.0,1826.0,8826.0
2025-04-14,1950.0,1956.0,1900.0,1954.0,6031.0
2025-04-15,1964.0,2110.0,1964.0,2100.0,19759.0
2025-04-16,2130.0,2250.0,2100.0,2190.0,21218.0
2025-04-17,2250.0,2350.0,2210.0,2288.0,5886.0
2025-04-18,2300.0,2300.0,2223.0,2249.0,1793.0
2025-04-21,2249.0,2290.0,2223.0,2248.0,1748.0
2025-04-22,2248.0,2288.0,2170.0,2250.0,7303.0
2025-04-23,2250.0,2265.0,2205.0,2249.0,2177.0
2025-04-24,2220.0,2269.0,2207.0,2269.0,9103.0
2025-04-25,2280.0,2301.0,2274.0,2274.0,4549.0
2025-04-28,2320.0,2320.0,2285.0,2300.0,5546.0
2025-04-29,2300.0,2350.0,2281.0,2350.0,3621.0
2025-04-30,2350.0,2455.0,2340.0,2399.0,7164.0
2025-05-02,2400.0,2430.0,2400.0,2400.0,1833.0
2025-05-05,2362.0,2410.0,2362.0,2400.0,277.0
2025-05-06,2371.0,2500.0,2329.0,2464.0,2180.0
2025-05-07,2440.0,2474.0,2425.0,2459.0,1929.0
2025-05-08,2460.0,2494.0,2450.0,2488.0,10357.0
2025-05-09,2481.0,2594.0,2481.0,2540.0,7357.0
2025-05-12,2649.0,2780.0,2602.0,2700.0,8605.0
2025-05-13,2745.0,2760.0,2725.0,2750.0,5767.0
2025-05-14,2755.0,2858.0,2751.0,2751.0,9703.0
2025-05-15,2840.0,2840.0,2735.0,2770.0,4726.0
2025-05-16,2780.0,2820.0,2750.0,2756.0,7872.0
2025-05-20,3031.0,3031.0,3031.0,3031.0,5111.0
2025-05-21,3199.0,3240.0,3100.0,3164.0,34095.0
2025-05-22,3120.0,3200.0,3053.0,3053.0,8459.0
2025-05-23,3129.0,3129.0,3031.0,3090.0,6858.0
2025-05-26,3080.0,3080.0,2911.0,2999.0,3679.0
2025-05-27,2999.0,2999.0,2900.0,2977.0,4672.0
2025-05-28,2975.0,2975.0,2800.0,2860.0,9598.0
2025-05-29,2848.0,2950.0,2810.0,2939.0,4843.0
2025-05-30,2938.0,3090.0,2912.0,3090.0,8201.0
2025-06-02,3048.0,3050.0,2950.0,3050.0,1534.0
2025-06-03,3038.0,3038.0,2981.0,2985.0,5369.0
2025-06-04,2985.0,3100.0,2985.0,3079.0,2581.0
2025-06-05,3090.0,3090.0,3030.0,3080.0,2536.0
2025-06-06,3070.0,3080.0,3030.0,3030.0,3176.0
2025-06-10,3030.0,3040.0,3012.0,3040.0,434.0
2025-06-11,3040.0,3040.0,2990.0,3033.0,167.0
2025-06-12,2996.0,3049.0,2965.0,3015.0,769.0
2025-06-13,3012.0,3012.0,2851.0,2950.0,5988.0
2025-06-16,2947.0,2947.0,2855.0,2881.0,13540.0
2025-06-17,2860.0,2898.0,2860.0,2860.0,1109.0
2025-06-18,2855.0,2860.0,2740.0,2798.0,4717.0
2025-06-19,2750.0,2789.0,2602.0,2740.0,4270.0
2025-06-20,2800.0,2899.0,2800.0,2885.0,3167.0
2025-06-23,2854.0,2854.0,2811.0,2843.0,603.0
2025-06-24,2900.0,3029.0,2860.0,2860.0,2352.0
2025-06-25,2900.0,2949.0,2900.0,2900.0,2332.0
2025-06-26,2948.0,2948.0,2882.0,2900.0,2989.0
2025-06-30,2900.0,2919.0,2800.0,2800.0,6814.0
2025-07-01,2930.0,2930.0,2850.0,2850.0,112.0
2025-07-02,2850.0,2925.0,2850.0,2900.0,539.0
2025-07-03,2900.0,2925.0,2870.0,2900.0,390.0
2025-07-04,2870.0,2920.0,2856.0,2920.0,2340.0
2025-07-07,2905.0,2905.0,2851.0,2899.0,1568.0
2025-07-08,2860.0,2899.0,2860.0,2879.0,1141.0
2025-07-09,2863.0,2896.0,2851.0,2887.0,627.0
2025-07-10,2854.0,2880.0,2800.0,2880.0,2958.0
2025-07-11,2860.0,2950.0,2845.0,2889.0,6290.0
2025-07-14,2814.0,2970.0,2814.0,2929.0,46963.0
2025-07-15,2926.0,3000.0,2926.0,2943.0,13402.0
2025-07-16,3000.0,3050.0,2965.0,2978.0,4903.0
2025-07-17,2916.0,2950.0,2910.0,2950.0,263.0
2025-07-18,2911.0,2985.0,2910.0,2985.0,3128.0
2025-07-21,3000.0,3100.0,2944.0,3080.0,2331.0
2025-07-22,3001.0,3010.0,2981.0,3000.0,181.0
2025-07-23,3060.0,3060.0,2921.0,3028.0,671.0
2025-07-24,3020.0,3020.0,2938.0,2999.0,3776.0
2025-07-25,2999.0,3000.0,2990.0,2990.0,1266.0
2025-07-28,2999.0,2999.0,2940.0,2978.0,1145.0
2025-07-29,2990.0,2990.0,2948.0,2965.0,1841.0
2025-07-31,2970.0,2976.0,2940.0,2950.0,1699.0
2025-08-01,2941.0,2968.0,2911.0,2968.0,1251.0
2025-08-04,2977.0,2977.0,2910.0,2915.0,689.0
2025-08-05,2915.0,2929.0,2910.0,2915.0,1406.0
2025-08-06,2910.0,2910.0,2875.0,2876.0,724.0
2025-08-07,2877.0,2920.0,2850.0,2870.0,9131.0
2025-08-08,2939.0,2939.0,2800.0,2800.0,5138.0
2025-08-11,2879.0,2887.0,2801.0,2860.0,474.0
2025-08-12,2810.0,2925.0,2810.0,2925.0,1250.0
2025-08-13,2900.0,2900.0,2832.0,2832.0,202.0
2025-08-15,2840.0,2900.0,2835.0,2900.0,583.0
2025-08-18,2900.0,2900.0,2841.0,2900.0,1388.0
2025-08-19,2899.0,2899.0,2880.0,2899.0,456.0
2025-08-22,2881.0,2950.0,2881.0,2950.0,2013.0
2025-08-25,2883.0,2947.0,2883.0,2900.0,736.0
2025-08-26,2889.0,2900.0,2831.0,2850.0,2268.0
2025-08-27,2860.0,2900.0,2850.0,2868.0,1300.0
2025-08-28,2879.0,2900.0,2850.0,2898.0,39712.0
2025-08-29,2899.0,2899.0,2830.0,2885.0,3093.0
2025-09-01,2899.0,2899.0,2852.0,2890.0,1467.0
2025-09-02,2853.0,2890.0,2851.0,2870.0,803.0
2025-09-03,2852.0,2879.0,2850.0,2850.0,287.0
2025-09-04,2850.0,2879.0,2840.0,2840.0,6920.0
2025-09-08,2839.0,2900.0,2825.0,2900.0,1924.0
2025-09-09,2890.0,2890.0,2802.0,2802.0,673.0
2025-09-10,2877.0,2877.0,2821.0,2824.0,30.0
2025-09-11,2860.0,2860.0,2826.0,2826.0,115.0
2025-09-12,2827.0,2870.0,2805.0,2805.0,5745.0
2025-09-15,2805.0,2849.0,2750.0,2750.0,1617.0
2025-09-16,2700.0,2799.0,2700.0,2799.0,1380.0
2025-09-17,2721.0,2799.0,2720.0,2720.0,219.0
2025-09-18,2702.0,2749.0,2650.0,2700.0,2013.0
2025-09-19,2675.0,2699.0,2652.0,2698.0,2510.0
2025-09-22,2681.0,2689.0,2661.0,2686.0,73.0
2025-09-23,2670.0,2680.0,2661.0,2675.0,378.0
2025-09-24,2641.0,2650.0,2560.0,2650.0,3441.0
2025-09-25,2600.0,2676.0,2580.0,2580.0,1768.0
2025-09-26,2560.0,2568.0,2500.0,2500.0,11343.0
2025-09-29,2520.0,2520.0,2420.0,2420.0,2832.0
2025-09-30,2420.0,2420.0,2321.0,2350.0,9794.0
2025-10-01,2350.0,2350.0,2250.0,2250.0,2676.0
2025-10-02,2251.0,2344.0,2200.0,2250.0,5128.0
2025-10-03,2344.0,2470.0,2343.0,2400.0,15082.0
2025-10-06,2490.0,2498.0,2405.0,2425.0,5187.0
2025-10-07,2430.0,2450.0,2410.0,2450.0,693.0
2025-10-08,2450.0,2451.0,2440.0,2450.0,230.0
2025-10-09,2450.0,2459.0,2430.0,2448.0,731.0
2025-10-10,2450.0,2450.0,2391.0,2400.0,1537.0
2025-10-13,2400.0,2401.0,2355.0,2400.0,217.0
2025-10-14,2410.0,2410.0,2300.0,2300.0,591.0
2025-10-15,2399.0,2399.0,2280.0,2340.0,392.0
2025-10-16,2399.0,2400.0,2340.0,2340.0,62.0
2025-10-17,2389.0,2389.0,2309.0,2309.0,3055.0
2025-10-20,2398.0,2400.0,2390.0,2400.0,115.0
2025-10-21,2400.0,2470.0,2375.0,2470.0,6376.0
2025-10-22,2500.0,2550.0,2499.0,2499.0,1049.0
2025-10-23,2450.0,2479.0,2450.0,2478.0,360.0
2025-10-24,2470.0,2495.0,2451.0,2495.0,892.0
2025-10-27,2498.0,2498.0,2420.0,2420.0,2405.0
2025-10-28,2450.0,2460.0,2421.0,2450.0,2072.0
2025-10-29,2489.0,2490.0,2449.0,2449.0,1607.0
2025-10-30,2495.0,2495.0,2450.0,2450.0,4478.0
2025-10-31,2489.0,2600.0,2449.0,2449.0,5343.0
2025-11-03,2594.0,2594.0,2475.0,2480.0,4454.0
2025-11-04,2480.0,2480.0,2421.0,2421.0,550.0
2025-11-05,2405.0,2420.0,2380.0,2380.0,718.0
2025-11-07,2390.0,2469.0,2350.0,2350.0,2164.0
2025-11-10,2350.0,2398.0,2350.0,2375.0,212.0
2025-11-11,2399.0,2400.0,2300.0,2300.0,3357.0
2025-11-12,2300.0,2350.0,2300.0,2300.0,926.0
2025-11-13,2420.0,2450.0,2300.0,2300.0,922.0
2025-11-14,2300.0,2374.0,2281.0,2281.0,1074.0
2025-11-17,2374.0,2374.0,2290.0,2291.0,66.0
2025-11-19,2329.0,2329.0,2200.0,2205.0,1173.0
2025-11-20,2210.0,2244.0,2210.0,2240.0,420.0
2025-11-21,2255.0,2259.0,2240.0,2259.0,17.0
2025-11-24,2221.0,2265.0,2145.0,2145.0,4020.0
2025-11-25,2150.0,2247.0,2146.0,2150.0,1691.0
2025-11-26,2150.0,2200.0,2150.0,2180.0,83.0
2025-11-27,2200.0,2200.0,2175.0,2199.0,369.0
2025-11-28,2240.0,2277.0,2180.0,2277.0,4273.0
2025-12-01,2277.0,2277.0,2202.0,2240.0,2238.0
2025-12-02,2269.0,2269.0,2190.0,2250.0,238.0
2025-12-03,2296.0,2300.0,2200.0,2300.0,364.0
2025-12-04,2300.0,2300.0,2250.0,2250.0,330.0
2025-12-05,2209.0,2400.0,2209.0,2250.0,917.0
2025-12-08,2359.0,2359.0,2300.0,2350.0,259.0
2025-12-09,2340.0,2340.0,2270.0,2270.0,1279.0
2025-12-10,2300.0,2400.0,2260.0,2400.0,1506.0
2025-12-11,2300.0,2320.0,2299.0,2299.0,2181.0
2025-12-12,2384.0,2384.0,2300.0,2344.0,2333.0
2025-12-15,2350.0,2374.0,2200.0,2200.0,3455.0
2025-12-16,2276.0,2300.0,2232.0,2288.0,40431.0
2025-12-17,2294.0,2294.0,2250.0,2250.0,293.0
2025-12-18,2293.0,2293.0,2250.0,2290.0,453.0
2025-12-19,2295.0,2300.0,2250.0,2250.0,6630.0
2025-12-22,2314.0,2314.0,2250.0,2250.0,4761.0
2025-12-23,2287.0,2287.0,2240.0,2240.0,320.0
2025-12-24,2233.0,2260.0,2200.0,2200.0,1546.0
2025-12-25,2215.0,2259.0,2190.0,2190.0,6830.0
2025-12-26,2246.0,2246.0,2150.0,2200.0,8139.0
2025-12-29,2199.0,2247.0,2131.0,2198.0,2820.0
2025-12-30,2180.0,2200.0,2150.0,2180.0,52144.0
2025-12-31,2195.0,2220.0,2120.0,2120.0,5811.0
2026-01-02,2146.0,2175.0,2140.0,2155.0,8013.0
2026-01-05,2269.0,2269.0,2199.0,2200.0,725.0
2026-01-06,2245.0,2245.0,2195.0,2200.0,586.0
2026-01-07,2200.0,2201.0,2190.0,2190.0,5153.0
2026-01-08,2200.0,2200.0,2180.0,2191.0,3297.0
2026-01-09,2191.0,2199.0,2180.0,2189.0,7820.0
2026-01-12,2190.0,2200.0,2158.0,2200.0,344.0
2026-01-13,2229.0,2229.0,2189.0,2189.0,222.0
2026-01-15,2189.0,2209.0,2170.0,2194.0,882.0
2026-01-16,2216.0,2216.0,2175.0,2179.0,1119.0
2026-01-19,2180.0,2189.0,2150.0,2150.0,258.0
2026-01-20,2178.0,2178.0,2130.0,2130.0,1224.0
2026-01-21,2130.0,2145.0,2100.0,2100.0,579.0
2026-01-22,2087.0,2169.0,2087.0,2100.0,401.0
2026-01-23,2149.0,2149.0,2087.0,2089.0,6833.0
2026-01-26,2100.0,2100.0,2025.0,2026.0,556.0
2026-01-27,2060.0,2089.0,2027.0,2089.0,208.0
2026-01-28,2050.0,2100.0,2050.0,2100.0,36949.0
2026-01-29,2086.0,2150.0,2060.0,2105.0,12066.0
2026-01-30,2129.0,2129.0,2080.0,2089.0,4040.0
2026-02-02,2065.0,2095.0,2050.0,2050.0,10764.0
2026-02-03,2050.0,2080.0,2030.0,2080.0,85.0
2026-02-04,2075.0,2080.0,2034.0,2034.0,117.0
2026-02-05,2015.0,2070.0,1900.0,2000.0,2372.0
2026-02-06,2000.0,2000.0,1920.0,1945.0,2310.0
2026-02-09,1999.0,2009.0,1955.0,2009.0,369.0
2026-02-10,2020.0,2026.0,1960.0,2000.0,683.0
2026-02-11,2015.0,2059.0,1971.0,1971.0,713.0
2026-02-12,2045.0,2045.0,1980.0,1980.0,8209.0
2026-02-13,2020.0,2020.0,1950.0,1950.0,2249.0
2026-02-16,2023.0,2024.0,1955.0,2002.0,1012.0
2026-02-17,2016.0,2020.0,1980.0,1980.0,1799.0
2026-02-18,2000.0,2000.0,1960.0,1980.0,155.0
2026-02-19,1999.0,1999.0,1973.0,1980.0,113.0
2026-02-20,1989.0,1990.0,1890.0,1890.0,1569.0
2026-02-23,1948.0,1948.0,1900.0,1930.0,350.0
2026-02-24,1939.0,1939.0,1901.0,1919.0,154.0
2026-02-25,1919.0,1920.0,1910.0,1919.0,44.0
2026-02-26,1919.0,1919.0,1900.0,1900.0,372.0
2026-02-27,1899.0,1899.0,1800.0,1895.0,9387.0
2026-03-02,1820.0,1860.0,1706.0,1745.0,2754.0
2026-03-03,1744.0,1769.0,1600.0,1631.0,4953.0
2026-03-04,1630.0,1783.0,1630.0,1711.0,2638.0
2026-03-05,1725.0,1819.0,1720.0,1800.0,4516.0
2026-03-06,1920.0,1920.0,1799.0,1800.0,24596.0
2026-03-09,1810.0,1810.0,1750.0,1790.0,686.0
2026-03-10,1898.0,1898.0,1819.0,1819.0,154.0
2026-03-11,1850.0,1873.0,1822.0,1833.0,1070.0
2026-03-12,1885.0,1885.0,1840.0,1859.0,4355.0
2026-03-13,1854.0,1854.0,1751.0,1760.0,4444.0
2026-03-16,1895.0,1895.0,1760.0,1760.0,3499.0
2026-03-17,1760.0,1820.0,1760.0,1820.0,34.0
2026-03-18,1875.0,1875.0,1795.0,1795.0,989.0
2026-03-19,1794.0,1849.0,1771.0,1835.0,70176.0
2026-03-24,1870.0,1885.0,1853.0,1870.0,148.0
2026-03-25,1870.0,1870.0,1810.0,1867.0,1583.0
2026-03-26,1870.0,1870.0,1820.0,1864.0,174.0
2026-03-27,1870.0,1870.0,1770.0,1770.0,7572.0
